beam_id,start,end,cluster,p0,p1,p2,p3,p4,p5,p6,p7,p8,p9,p10,p11,p12,p13,p14,p15,p16,p17,p18,p19,p20
0,0,1,14,1.5865183e-19,4.7040052e-11,1.054519e-16,1.3491151e-17,6.728e-42,4.253708e-32,2.7723266e-09,8.0555304e-19,1.3780305e-16,1.3440618e-15,1.1916246e-19,1.5760874e-36,0.0,3.3113734e-11,1.0,1.8492283e-16,7.924488e-15,3.1304047e-31,2.1722902e-33,3.5224778e-19,1.6063416e-18
1,1,2,14,9.087814e-18,6.958677e-11,3.704945e-17,2.6585535e-17,1.74137e-40,9.345164e-31,1.9916143e-08,8.20299e-17,5.740264e-15,1.4267575e-14,2.5178253e-18,5.036269e-36,0.0,1.5704665e-10,1.0,1.7443619e-15,1.5335579e-13,6.0289254e-32,5.4858165e-33,3.186009e-20,5.7096837e-17
2,2,663,14,8.409155e-17,2.5720316e-12,4.0543956e-18,1.7702809e-19,1e-45,8.690508e-30,1.1842888e-10,8.3626066e-18,3.9644099e-16,1.6193003e-16,1.4077959e-16,2.3999927e-37,0.0,1.4658698e-10,1.0,5.0971204e-18,3.8626891e-16,3.137476e-35,1.9252117e-32,3.3115873e-19,1.3845327e-16
3,3,900,13,2.0984228e-19,9.050659e-10,3.6872494e-10,9.601218e-16,4.1599244e-34,2.8328088e-35,1.1840205e-13,2.1979881e-11,1.3569394e-10,3.942919e-08,1.1763179e-05,2.0911971e-28,0.0,0.9999886,1.4630807e-12,5.9509325e-12,1.9147527e-17,8.891909e-24,2.2670372e-30,3.2024366e-11,1.2226058e-16
4,4,983,2,1.9231e-41,0.00019723088,0.75581354,2.0306513e-12,1.94518e-40,8.787171e-10,4.5419455e-07,1.0879309e-16,4.137964e-08,3.5261857e-13,1.7109458e-19,0.24399064,0.0,1.8324797e-09,4.4204324e-13,1.1795922e-15,1.0184859e-17,1.0829305e-21,1.5870156e-33,5.5304256e-10,2.3654202e-27
5,5,907,13,1.0171126e-15,1.8416753e-08,3.959206e-11,1.8766138e-11,1.2922092e-34,2.4479999e-30,4.6271336e-13,2.297523e-10,5.2980254e-10,7.178021e-07,1.7780486e-06,3.2342323e-27,0.0,0.9999962,3.2218336e-11,1.1171201e-11,2.6514086e-13,1.6854078e-29,3.424757e-28,4.6753595e-13,3.785586e-13
6,6,913,13,8.507325e-20,7.706851e-09,1.0229489e-08,6.740168e-15,4.02068e-40,1.9278828e-36,1.9245033e-13,3.492011e-13,2.7953666e-12,3.7595167e-09,3.7603794e-08,7.152958e-29,0.0,1.0,1.197938e-10,5.899033e-14,7.805731e-17,7.607473e-26,1.5413566e-30,1.44707345e-11,1.0541524e-17
7,7,914,13,4.3942274e-18,1.347711e-09,1.886117e-10,1.4606025e-15,8.321407e-38,1.2010382e-36,1.4258333e-13,2.852861e-12,1.3726773e-11,1.7197957e-08,1.3586559e-07,8.175446e-30,0.0,1.0,3.3100727e-11,9.585309e-14,5.01743e-17,8.061004e-26,3.4055896e-30,4.0992596e-12,1.3696558e-16
8,8,1000,2,4.212733e-35,3.088358e-08,0.99988174,2.276616e-13,1.81453e-40,4.4323247e-26,2.5561814e-08,2.646857e-16,1.22583116e-11,5.9287722e-12,2.2288046e-20,0.00011688307,0.0,6.0617136e-11,3.0516051e-18,1.7428121e-15,6.000923e-20,8.804565e-37,3.003448e-39,1.5177291e-19,1.4729162e-32
9,9,994,11,2.6749058e-36,7.854771e-11,6.8811685e-05,7.9458613e-07,6.2932864e-26,0.052568175,2.2957433e-11,6.365488e-08,4.117629e-11,1.959996e-09,1.2736511e-12,0.9473626,0.0,6.147734e-12,8.442194e-25,3.8314132e-10,5.954369e-17,1.8228886e-29,6.1768796e-28,3.719495e-21,1.4263641e-31
10,10,988,5,3.35e-42,2.5063668e-16,3.9933563e-15,2.3080686e-14,2.6335566e-28,1.0,8.0262374e-19,3.3155143e-14,7.792499e-15,1.074077e-13,2.5736428e-18,9.478473e-08,0.0,5.800566e-19,1.0788599e-30,4.939359e-17,1.9623469e-22,6.9163576e-34,3.7028192e-28,1.1551279e-22,2.8254513e-33
11,11,966,5,1.7513995e-34,1.8901382e-08,1.0942011e-12,8.915482e-16,2.5e-44,1.0,9.9449355e-12,1.956379e-18,4.6933074e-10,7.2274604e-12,4.0072654e-19,1.1732737e-07,0.0,7.9749315e-12,2.1022767e-19,2.7104236e-22,1.0626741e-20,3.3465048e-37,1.0816505e-36,8.495676e-14,7.715785e-26
12,12,963,5,1.7220041e-35,5.76952e-10,3.136979e-09,1.8886225e-10,3.570441e-39,1.0,1.8959972e-13,3.9536867e-16,2.372924e-10,8.176933e-10,7.278184e-17,1.6063812e-07,0.0,2.9749758e-09,1.5584275e-20,2.3813374e-19,3.8749812e-17,5.3025104e-34,1.902266e-33,1.8059306e-15,1.35651155e-30
13,13,949,5,1.15e-43,6.0641618e-12,1.831672e-06,1.4012845e-18,8e-45,0.99935937,6.12839e-13,2.2951813e-20,3.6100547e-13,3.3249957e-17,1.8607598e-19,0.0006376096,0.0,9.095641e-13,9.737971e-20,3.6078924e-21,5.7728032e-24,3.2379413e-31,1.715801e-35,1.7534277e-16,5.097029e-31
14,14,969,5,0.0,6.0341543e-15,2.0678246e-16,1.2132197e-18,1e-45,1.0,2.9884453e-15,1.4366665e-19,2.953767e-13,4.4629326e-18,2.5450846e-19,4.623096e-12,0.0,4.2331543e-15,3.6278646e-20,4.3401925e-22,1.1161013e-20,4.9813184e-36,1.4642e-41,3.808331e-18,1.5212457e-29
15,15,955,2,2.8518e-41,2.4420088e-10,1.0,1.33970636e-14,3e-45,5.31022e-35,2.894209e-11,5.6748205e-21,1.732181e-15,1.1567498e-16,3.6251235e-21,1.0997625e-12,0.0,1.3049957e-10,3.0806482e-17,2.7598685e-14,6.302822e-19,3.739887e-19,3.2521e-41,2.5939029e-14,3.5090563e-32
16,16,975,2,5.168434e-39,2.4373158e-12,1.0,4.2758562e-14,0.0,3.3136e-39,5.864556e-11,1.9323274e-16,1.6883991e-15,1.2581488e-14,6.631562e-18,1.8067798e-13,0.0,4.3947482e-10,9.722053e-19,8.2901405e-14,6.6917235e-22,2.4989454e-26,1.7117124e-38,2.6063653e-18,1.9439711e-32
17,17,979,2,1.0896663e-25,9.389353e-11,0.99996185,7.958529e-10,2.4863e-41,3.1432877e-34,4.7787254e-09,1.976621e-15,3.6596938e-13,4.5072587e-12,8.117439e-12,3.8886356e-16,0.0,3.645427e-05,1.013569e-14,2.826159e-13,3.5700583e-17,2.3297118e-31,9.573895e-39,1.1132351e-13,1.4250494e-29
18,18,951,2,3.9760877e-38,1.1733111e-12,1.0,3.8367752e-13,6.4185e-41,6.1962963e-30,2.4001262e-10,5.9485633e-15,3.3783395e-15,9.925294e-14,5.460774e-21,8.7451497e-07,0.0,3.1412598e-13,5.7878035e-22,1.1343006e-12,5.1832357e-19,1.6347133e-28,6.8350715e-35,2.2978848e-23,3.277313e-36
19,19,919,2,1.427817e-39,7.993903e-13,1.0,1.3467621e-14,0.0,9.247914e-33,6.044304e-11,1.02069184e-16,1.2083027e-15,6.144419e-15,3.4399033e-22,6.251089e-08,0.0,1.8918138e-13,1.8948252e-21,8.538625e-15,2.0292333e-20,4.326822e-28,9.993935e-39,3.5479606e-22,8.2940346e-36
20,20,972,11,0.0,1.0849052e-09,8.960877e-06,8.291278e-07,2.5797037e-21,0.019996213,1.5275006e-09,2.0800583e-06,2.8635545e-06,5.262747e-13,1.0750474e-15,0.9799889,0.0,3.290279e-13,5.9645674e-20,2.9930916e-13,2.939067e-12,7.3480735e-30,3.765523e-28,3.969925e-20,7.235919e-30
21,21,945,5,1e-45,3.7678267e-18,7.5902644e-16,6.975867e-20,1.2862262e-38,1.0,2.6167574e-17,5.621592e-17,8.735179e-15,4.875612e-19,7.282891e-21,1.5057484e-08,0.0,1.0164144e-15,1.7551252e-26,1.576351e-22,2.7193001e-21,3.2976006e-38,5.7259744e-33,3.5507795e-28,2.1553501e-35
22,22,960,5,0.0,1.1457536e-15,1.344733e-16,1.9407079e-20,5.802767e-38,1.0,3.4678607e-15,3.6277004e-19,8.1654497e-13,3.2240088e-19,9.975515e-21,1.3762695e-10,0.0,1.0570967e-16,4.254249e-22,5.2549572e-23,4.9877207e-23,4.0655224e-37,3.2711288e-37,9.0169795e-20,6.682947e-30
23,23,937,11,1.3325209e-35,1.2597129e-09,8.595302e-05,1.8527697e-12,2.341682e-35,1.1295979e-05,8.517528e-11,1.3175733e-14,3.1578155e-13,1.8674153e-12,1.5160598e-15,0.9999047,0.0,6.076641e-13,1.8658026e-23,1.6506935e-12,5.554095e-21,2.026444e-32,7.343657e-27,2.5786634e-19,1.9994152e-32
24,24,1006,5,0.0,2.182459e-16,9.163128e-14,1.2138441e-19,5.58e-42,1.0,6.2021845e-15,1.9925606e-19,3.3709133e-14,8.385949e-20,4.6625725e-20,4.4359874e-07,0.0,1.5076054e-15,2.328283e-22,9.293273e-21,7.045933e-21,8.5123114e-38,1.02005904e-35,1.0868112e-23,1.0245293e-33
25,25,544,2,2.26067e-40,2.9410454e-09,0.94700855,1.9758337e-11,1.4117902e-33,1.98662e-40,0.052991793,2.675848e-11,5.047888e-13,2.1696418e-09,1.3607193e-16,1.82588e-15,0.0,9.637837e-09,8.467427e-15,3.036992e-13,1.1946231e-13,4.4446685e-18,2.6012004e-33,8.417583e-20,2.8493094e-31
26,26,27,11,2.819048e-39,2.3319482e-12,0.03758756,1.549092e-13,1.59708e-39,4.874821e-08,2.202638e-11,3.5216197e-18,7.455682e-14,4.920269e-18,4.474491e-18,0.96241355,0.0,3.7821177e-15,4.517249e-24,6.6751823e-13,2.6541854e-25,5.053523e-32,1.2754753e-33,1.9367468e-17,6.9857607e-31
27,27,28,2,1.3306823e-27,1.0462196e-11,0.99987036,7.8127134e-14,4.1492467e-32,2.181023e-20,1.7629e-06,2.5251819e-12,7.3736763e-09,1.408607e-16,5.3846498e-14,0.0001296223,0.0,3.6558988e-13,1.7099114e-23,1.488115e-08,5.0621567e-21,3.3631749e-25,4.112674e-31,3.503905e-18,3.315078e-25
28,28,32,2,1.7557114e-37,4.0661e-13,0.998182,2.2453104e-11,8.728853e-37,7.83678e-27,0.001225079,1.8018286e-08,1.597455e-05,4.4080852e-15,1.6247065e-18,0.00057498954,0.0,7.059147e-12,1.2966539e-18,9.2463245e-11,7.186431e-15,6.287407e-26,4.6386215e-28,1.196706e-23,1.4056027e-29
29,29,30,2,4.88e-42,2.8639953e-11,0.9999962,2.57403e-15,2.791566e-39,4.832e-42,5.181886e-06,1.1885174e-15,2.2704223e-14,1.5033275e-14,5.8212696e-19,6.850104e-13,0.0,1.1360717e-12,1.1797568e-18,1.900239e-14,5.206858e-19,3.4525913e-21,1.6997674e-29,3.6356977e-17,2.140958e-30
30,30,31,2,7.115644e-37,2.2799305e-10,0.99923354,2.542258e-14,1.3629692e-38,2.1e-43,0.0007646633,6.6913905e-15,8.598014e-15,6.6443444e-12,4.715664e-19,7.336058e-15,0.0,1.5152478e-11,1.1003394e-16,2.7745079e-15,9.864732e-17,3.1929594e-18,1.1138275e-32,1.8294323e-19,4.3692286e-30
31,31,25,2,2.4313e-41,1.8224681e-10,0.9978584,6.267764e-13,5.8687616e-34,9.233e-42,0.002142744,2.2970473e-12,8.9608056e-14,9.580096e-11,9.817951e-18,5.1530427e-15,0.0,1.6383243e-10,1.5578115e-17,1.7973816e-14,4.7616787e-15,6.756118e-18,3.5429554e-30,1.2149373e-19,2.0861108e-31
32,32,33,2,1.0126758e-30,5.8614275e-10,0.9997367,1.2569776e-15,0.0,1.752963e-27,0.00024309095,2.7434844e-13,6.981633e-08,3.8247135e-16,5.0791423e-20,1.8351908e-05,0.0,5.2990334e-11,5.2504498e-15,1.2461604e-13,5.2568067e-21,1.3720617e-23,1.3093822e-35,1.5768766e-19,1.5536296e-22
33,33,34,2,1.82495e-27,1.1332222e-07,0.9713022,2.3672369e-18,0.0,2.790279e-31,0.028695965,7.1255805e-16,2.4526812e-09,8.3732764e-16,4.8965833e-18,1.6155275e-12,0.0,2.3302447e-09,3.8116125e-12,3.0938888e-15,2.3143819e-21,1.8501138e-20,6.202e-42,2.5958005e-16,2.9326447e-23
34,34,29,2,1.64483e-40,1.3421483e-11,0.99998474,9.201228e-16,1.34798e-40,6.5914e-41,1.6222522e-05,1.8334462e-15,1.1528705e-13,3.8714683e-15,9.645212e-20,2.2077936e-12,0.0,9.035157e-13,5.640234e-18,5.138223e-15,8.434527e-19,6.605792e-23,2.2816996e-30,6.483575e-19,6.0187492e-31
35,35,36,20,4.0876575e-08,2.3189922e-12,1.8838793e-19,1.0761233e-21,0.0,1.0019879e-33,1.0358725e-15,2.7575386e-17,3.040522e-13,3.4325795e-20,8.233902e-06,2.2218013e-35,0.0,7.1521405e-10,4.8460125e-10,1.6887336e-23,8.0504764e-23,0.0,3.2569085e-30,1.5780932e-14,0.9999923
36,36,37,10,7.8988967e-07,1.8398887e-11,2.1448223e-17,5.662149e-21,0.0,2.087223e-33,3.1955246e-14,2.4359097e-14,2.3222813e-12,3.2138938e-17,0.9591114,7.7362745e-32,0.0,1.5706549e-07,1.603947e-11,2.35363e-19,4.1832287e-23,5.51e-43,2.098269e-28,3.1471638e-11,0.040889412
37,37,570,10,5.2973258e-11,1.4296765e-12,1.958553e-17,5.0221255e-23,0.0,2.3925075e-36,2.0520938e-15,5.9262537e-15,3.299371e-14,1.6679131e-16,1.0,6.7266536e-31,0.0,1.4561375e-08,1.7748826e-15,1.7308374e-18,1.5846507e-25,1.3689701e-33,2.1869523e-30,2.0077955e-10,6.211784e-08
38,38,39,9,9.733014e-16,1.14497725e-05,3.7890013e-10,2.0239935e-11,4.821059e-31,1.3556607e-26,3.1548055e-13,1.0833714e-08,1.9225964e-12,0.99894005,0.00057569845,6.5954853e-18,0.0,0.000471669,1.278873e-15,1.9766619e-12,2.601376e-13,1.2320998e-25,5.3095905e-28,3.3087881e-09,5.5995045e-17
39,39,40,9,1.6820237e-13,9.111613e-06,7.856801e-13,4.040506e-15,8.370872e-33,5.63528e-28,1.5237097e-12,6.467675e-09,5.614151e-11,0.9998779,9.2778326e-05,3.9653415e-19,0.0,2.0375643e-05,6.9364686e-18,3.240045e-14,3.242691e-14,3.723544e-27,1.4266036e-31,9.140429e-08,3.5184274e-16
40,40,44,9,5.2879906e-10,3.998529e-05,9.4522965e-15,7.294781e-16,2.4298444e-33,1.0982852e-30,1.1201591e-10,6.652829e-08,1.0776251e-09,0.99963766,0.00031673364,3.1780545e-22,0.0,5.7789816e-06,1.8133702e-17,7.145567e-14,1.4124296e-13,1.3568842e-30,1.1167898e-30,1.600327e-06,1.3778336e-12
41,41,42,20,9.515143e-10,8.251224e-14,5.091924e-21,2.0746073e-20,0.0,9.615356e-33,3.6068678e-17,8.453052e-18,2.746602e-15,6.24464e-20,1.1167448e-08,3.778011e-36,0.0,8.935061e-12,3.5627064e-09,3.1320285e-24,9.985031e-21,0.0,1.4303855e-31,3.638764e-17,1.0
42,42,43,20,9.430576e-08,2.7775292e-13,2.014626e-19,1.4665224e-20,0.0,5.914436e-32,9.099097e-16,5.780297e-16,5.2693737e-14,1.353997e-18,0.002455825,1.1396025e-31,0.0,5.681372e-10,9.206342e-11,2.9460579e-21,1.4632973e-21,0.0,8.193082e-31,2.9050337e-14,0.99754447
43,43,35,20,4.8487885e-09,8.355437e-13,3.8506175e-20,4.1994274e-22,0.0,2.455937e-33,4.942981e-16,2.689779e-17,4.58707e-14,1.4330423e-20,1.1274476e-05,9.688763e-35,0.0,5.180499e-11,8.676994e-11,3.1993033e-23,1.4965068e-22,0.0,4.5055353e-29,2.9751596e-15,0.9999886
44,44,45,9,0.0037795736,0.051475164,8.8786384e-13,8.97306e-12,3.1752588e-35,1.5912728e-31,3.965048e-07,1.0274827e-06,4.9521542e-08,0.89104164,0.040304802,7.738697e-24,0.0,0.00072174054,3.0520717e-10,4.7383655e-12,1.5642186e-10,1.0111981e-36,1.27072064e-26,6.723767e-05,0.012607604
45,45,46,20,0.0061773825,5.348539e-06,6.436885e-16,1.6295884e-14,7.0154e-40,4.8066574e-33,1.813521e-11,5.5369703e-10,4.012699e-10,2.4590645e-06,0.08545328,1.7326064e-27,0.0,8.893517e-06,2.0256706e-10,6.2315443e-15,9.0130865e-14,1.356e-42,8.421587e-30,1.2354198e-07,0.90835255
46,46,41,20,2.196935e-08,2.3557144e-11,2.2721916e-20,2.0628737e-19,0.0,2.1047974e-33,2.9953713e-16,2.1185512e-15,3.090293e-14,1.845254e-16,9.703031e-07,9.793595e-34,0.0,1.0810791e-10,1.2250044e-10,2.7056625e-21,1.3908199e-18,0.0,1.2446014e-29,4.7786926e-15,0.99999815
47,47,48,0,0.9416052,2.5249901e-11,2.512615e-18,5.4435433e-17,4e-45,2.4581843e-35,2.153472e-09,2.4565645e-11,7.95266e-13,7.676321e-13,2.2757075e-10,1.0117161e-34,0.0,1.2754192e-07,0.058395132,1.8385788e-16,9.547657e-12,4.822e-41,1.2325022e-28,8.5742177e-19,1.477502e-10
48,48,49,0,0.9996606,3.0160176e-11,2.512039e-19,9.148684e-18,0.0,1.0234769e-36,1.2847692e-09,1.6293912e-12,1.1454927e-13,1.9180328e-12,4.1134712e-10,6.255796e-36,0.0,2.0145299e-08,0.0003382072,1.1302732e-15,1.2455526e-12,1.660087e-38,3.711695e-31,1.0929297e-18,6.001317e-11
49,49,667,0,0.99959195,2.4763642e-08,4.3073292e-18,7.5997384e-16,0.0,1.669686e-35,2.8613147e-07,4.4163583e-11,4.41432e-11,1.7951376e-10,3.669893e-09,7.9889977e-35,0.0,3.9714055e-07,0.0004063126,2.6898254e-13,6.1809405e-11,3.865788e-37,9.601772e-30,7.1019954e-17,1.1187856e-07
50,50,51,2,9.156037e-36,7.172255e-12,1.0,1.0568322e-13,1.118e-42,6.985746e-35,3.734428e-11,4.745836e-20,1.0136188e-15,1.978024e-15,2.8448968e-18,2.622296e-15,0.0,1.2444872e-07,1.0835712e-13,9.7743984e-14,5.4698935e-18,5.439662e-17,2.934673e-36,8.6114106e-14,7.2328034e-29
51,51,52,13,2.1650674e-11,1.1785563e-10,4.6999543e-10,4.4520375e-16,2.6549e-41,6.1492633e-33,4.3837854e-08,1.3078467e-17,2.5298413e-10,1.1012486e-12,9.801232e-09,4.449818e-29,0.0,0.99868864,0.0013120784,4.1285568e-13,2.1437356e-16,1.7558673e-20,3.497899e-31,1.3608086e-07,1.2835892e-08
52,52,56,14,0.0022790257,1.723456e-13,3.2906148e-15,5.2335394e-20,0.0,2.3811e-40,1.4684339e-09,4.839193e-15,2.5187263e-12,6.609275e-14,1.00511734e-07,4.4593393e-34,0.0,0.005815391,0.9919038,2.205043e-18,6.946852e-17,1.5571276e-33,4.927111e-31,7.019965e-13,4.541231e-09
53,53,54,0,0.9993155,1.1034885e-15,4.8445736e-20,1.5768279e-20,0.0,1.03695e-40,1.1209231e-12,1.4158157e-15,8.933824e-18,2.137258e-18,2.863293e-13,2.593345e-39,0.0,4.2531853e-11,0.0006848465,3.0830522e-21,3.9835996e-17,0.0,2.820359e-32,2.0163671e-23,3.3253487e-11
54,54,55,0,0.99999815,1.4106341e-16,2.1846274e-21,5.1256194e-21,0.0,4.197e-42,2.804786e-13,3.687606e-15,1.0950999e-18,4.620367e-18,2.8688284e-11,5.3127e-40,0.0,1.5630905e-11,1.965472e-06,1.6223451e-20,4.9919974e-18,1.65e-43,1.5056856e-30,1.0128383e-22,3.5754511e-12
55,55,47,0,0.9961564,3.7467956e-13,8.016778e-20,3.2179408e-18,0.0,8.2505416e-38,3.8067324e-11,5.2135125e-13,6.3794917e-15,5.031578e-16,5.313142e-11,1.6955842e-36,0.0,1.1835126e-09,0.0038440316,1.6037271e-18,5.573833e-14,3e-45,6.2854858e-27,1.1782625e-20,1.3998804e-09
56,56,57,0,0.9999427,2.5211159e-15,3.64382e-17,3.344811e-20,0.0,3e-45,9.813994e-12,1.0002051e-13,2.3511995e-14,2.0465902e-15,6.18138e-10,1.4957899e-34,0.0,1.395209e-07,5.8022335e-05,1.0518172e-20,3.565713e-19,2.75e-42,6.5166776e-34,8.804741e-20,9.384475e-09
57,57,58,0,1.0,1.0915636e-17,9.074082e-21,2.5681555e-22,0.0,0.0,2.2105346e-14,1.1961033e-16,1.9437923e-18,1.1038782e-18,6.80275e-13,1.129553e-38,0.0,4.5409037e-12,2.3212097e-08,2.6560824e-23,2.2945849e-21,0.0,5.5026977e-37,1.457691e-23,1.3950213e-09
58,58,53,0,0.99900866,2.7942427e-15,1.2257794e-19,1.7835045e-20,0.0,4.5056e-41,5.799156e-13,3.1525386e-16,1.5067126e-17,5.181595e-19,1.8465561e-13,1.2178116e-38,0.0,2.4950259e-11,0.0009907961,2.090749e-22,6.521008e-18,0.0,7.163593e-33,6.305263e-23,9.623968e-09
59,59,60,2,9.853219e-33,5.164734e-07,0.9434604,9.135897e-08,1.7291977e-29,6.4655245e-18,1.2638475e-09,1.2864998e-10,5.5855964e-09,1.5769713e-06,9.702495e-18,0.05653851,0.0,3.376029e-10,4.8102037e-23,6.07011e-12,1.5044891e-18,1.5519711e-22,3.7159646e-28,6.1499085e-14,4.8310362e-24
60,60,61,2,1.4754163e-35,5.2012742e-06,0.9954745,2.609026e-07,3.4111808e-30,2.0547639e-16,1.0434069e-09,1.6204529e-12,4.439942e-10,2.890553e-06,5.2044777e-18,0.0045164702,0.0,1.04094934e-10,3.606888e-21,1.0370008e-12,2.6350872e-18,7.800349e-23,1.4201238e-34,4.2913637e-14,2.3684114e-25
61,61,629,2,2.178e-40,2.6479222e-05,0.9999466,1.417513e-07,1.7670074e-28,4.1742765e-20,2.791524e-09,9.500639e-13,4.3940417e-11,2.3263856e-05,7.760301e-18,3.5688122e-06,0.0,2.9115518e-10,1.6245446e-19,2.918787e-13,1.1626785e-15,8.831927e-19,2.0037589e-33,2.6845959e-14,3.1721983e-26
62,62,63,5,0.0,1.2580826e-20,7.139465e-21,1.741697e-21,0.0,1.0,3.171178e-21,2.6002114e-23,5.702821e-19,3.1992214e-21,5.4366167e-23,9.2310145e-14,0.0,1.4383383e-20,9.644221e-27,3.9412006e-25,8.454469e-26,1.63e-42,9.593e-42,8.829436e-26,1.3335087e-33
63,63,64,5,0.0,3.3057198e-18,2.2498723e-18,5.1790796e-21,0.0,1.0,3.0591093e-19,1.58831e-20,7.522751e-17,2.3046666e-19,1.0288486e-19,1.6831461e-14,0.0,6.5125346e-17,1.2410542e-23,1.7515696e-23,9.703973e-26,1.8790472e-36,5.22011e-39,6.587275e-22,5.1493096e-30
64,64,68,5,0.0,4.4818064e-16,2.4048871e-14,6.869541e-15,1e-45,1.0,1.865796e-15,1.3080568e-16,7.290946e-15,4.7492294e-17,2.4259258e-19,2.180086e-10,0.0,3.357128e-16,6.090613e-20,1.541755e-17,4.4717364e-21,1.0933291e-27,5.9000198e-30,1.9249958e-20,2.8867964e-28
65,65,66,5,4.3863e-41,2.0343971e-11,1.15742536e-08,2.2750255e-07,3.1638307e-29,0.9999962,8.4530733e-13,9.0388597e-10,1.5906535e-09,1.1427633e-08,1.4162932e-12,1.7290597e-06,0.0,1.4274028e-10,5.07223e-20,7.931958e-15,2.9177344e-17,2.790291e-30,1.5744283e-29,2.062162e-15,2.1747876e-24
66,66,67,5,1.910492e-39,2.2044728e-09,2.0769638e-08,4.608895e-08,2.4741237e-25,0.9987153,8.7534296e-14,1.4310517e-08,8.289277e-09,1.5096659e-07,1.2184087e-12,0.0012848368,0.0,1.2440533e-10,3.5101854e-22,4.332582e-15,4.9853967e-17,9.5433045e-31,1.0636099e-22,4.981942e-15,5.676228e-21
67,67,59,11,7.677076e-37,4.315414e-06,7.702781e-05,1.288677e-08,4.066807e-31,1.5719231e-10,2.482009e-09,3.2821674e-06,0.022636905,6.5579084e-09,4.9830326e-12,0.97727853,0.0,2.392579e-07,2.2355643e-21,1.5812745e-11,1.2806738e-16,4.861522e-39,2.2595709e-21,8.3300256e-13,9.188017e-21
68,68,69,5,8.1e-44,2.783722e-14,1.242762e-12,4.9458175e-13,2.2e-44,1.0,6.2326175e-14,1.8510773e-16,5.0933463e-12,4.579449e-17,8.039445e-19,8.436858e-08,0.0,9.037866e-16,1.8866327e-20,1.6656751e-16,7.522129e-22,1.9702419e-33,3.547503e-28,1.6643721e-17,1.8794519e-25
69,69,70,5,4.3211e-40,2.8890562e-12,1.3378736e-13,3.1051482e-13,6.181e-42,1.0,2.0652075e-16,3.124045e-17,1.356918e-11,2.3657858e-16,9.994584e-16,5.9624654e-08,0.0,1.4525514e-15,6.0374226e-23,1.5193418e-16,1.8693771e-25,3.187825e-39,1.8523985e-31,4.5462803e-14,8.387605e-22
70,70,65,5,5.905e-42,3.0244956e-12,8.684755e-12,4.5636028e-07,1.342287e-33,1.0,1.2331331e-12,7.3545137e-10,2.1741096e-07,1.9165928e-11,1.0378997e-11,8.105013e-09,0.0,9.281836e-12,4.8827005e-20,1.7078219e-12,1.171627e-16,1.4404076e-36,3.596498e-30,1.2999437e-16,1.2487469e-24
71,71,72,2,4e-45,4.9772166e-13,1.0,4.2356237e-16,0.0,2.7790198e-38,5.6342673e-14,6.5197827e-20,6.3194858e-18,6.010077e-16,5.890762e-20,4.0474468e-08,0.0,7.028643e-14,1.0238206e-21,1.9636653e-14,6.31102e-21,4.518789e-29,2.283421e-39,6.052799e-17,1.8768281e-34
72,72,73,2,1.7619e-41,3.376747e-12,1.0,2.6714584e-14,3.908e-42,4.74e-43,5.0823197e-13,1.2470225e-18,1.3776362e-16,3.7832434e-15,3.113626e-15,1.0973063e-13,0.0,6.64366e-12,9.5735264e-17,7.493681e-09,2.9285477e-19,5.1450083e-23,5.2462494e-36,5.0089083e-14,1.6983414e-29
73,73,580,15,1.5966029e-34,5.0344178e-09,0.04291766,4.0127407e-12,3.167032e-28,1.4e-44,1.642218e-08,1.5268377e-15,4.8938764e-10,2.968086e-15,1.6564922e-10,8.894869e-22,0.0,3.4610818e-07,1.7660878e-09,0.9570829,4.5463584e-18,9.86655e-15,9.287822e-27,1.2786575e-09,4.5257426e-21
74,74,75,11,0.0,3.1094836e-15,7.948494e-08,1.1785427e-10,1.2852433e-26,0.0049213576,9.572291e-16,4.20022e-11,5.5274253e-12,1.8665436e-15,1.5946437e-18,0.99507976,0.0,2.5275268e-17,3.427014e-30,1.2624077e-15,3.2744655e-20,5.603993e-39,1.1423731e-27,3.478482e-25,7.915827e-35
75,75,76,11,3.4509963e-37,9.828351e-14,6.236376e-06,4.5165876e-12,3.6414475e-30,1.2767372e-09,3.448786e-14,3.1075957e-09,1.0140357e-09,3.91069e-12,7.699981e-15,0.9999923,0.0,9.6012635e-14,3.7726774e-31,1.3197803e-16,3.5053397e-23,7.99931e-40,4.3723635e-30,1.1569543e-21,1.1314662e-26
76,76,80,11,8.947623e-36,2.0360565e-13,0.00043986193,3.1480837e-14,5.4368e-41,3.513396e-17,2.4055722e-09,1.7032222e-12,7.1857125e-09,4.1119118e-13,3.0581324e-17,0.9995614,0.0,1.1306723e-11,3.218829e-23,1.8430845e-19,1.0359883e-20,6.8572865e-38,3.3451777e-37,7.305122e-21,7.124135e-25
77,77,78,2,0.0,1.8641271e-12,0.6690315,2.6657842e-17,0.0,8.8021585e-27,1.2141435e-14,5.3956132e-20,9.536203e-17,8.920853e-17,5.944721e-25,0.33096853,0.0,2.775175e-15,2.5031218e-28,6.826153e-22,1.8852485e-23,3.2337697e-38,6.3756e-41,2.7810494e-20,7.134406e-35
78,78,79,2,0.0,7.534843e-13,0.9999295,1.1611265e-16,0.0,3.7885503e-34,4.2139012e-15,7.86871e-20,2.3701204e-17,1.4025213e-16,3.6509487e-22,7.111107e-05,0.0,1.9688773e-15,1.942287e-26,2.6789042e-17,1.4228004e-22,2.7648259e-33,4.637996e-38,7.0482555e-18,2.404535e-32
79,79,71,2,0.0,8.1088933e-13,0.999958,3.5008488e-16,0.0,1.2465375e-33,3.8707617e-14,4.5844237e-20,3.4654636e-17,4.0368197e-17,7.709472e-23,4.2558277e-05,0.0,3.89517e-15,3.892345e-24,4.1655842e-16,4.0347312e-22,9.2137974e-32,3.3424331e-38,2.3836928e-18,1.10351185e-33
80,80,81,11,0.0,3.692909e-17,3.0118562e-07,6.2086574e-19,0.0,2.7097997e-17,5.3388437e-18,1.2394002e-20,3.7351696e-18,5.311843e-19,8.298182e-28,1.0,0.0,1.1587359e-18,3.0441855e-34,1.14324e-28,4.9465015e-26,5.7e-44,3.5454e-41,5.613484e-27,3.4979832e-36
81,81,82,11,0.0,4.0966427e-15,3.4005894e-05,1.1869089e-15,1e-45,6.671343e-19,4.5102403e-17,1.0930292e-19,3.8346732e-18,1.6825914e-17,5.3167736e-25,0.99996567,0.0,2.9896964e-17,1.2641309e-33,2.2235783e-23,8.0361694e-25,5.247766e-38,2.8302658e-38,2.175104e-23,2.930882e-35
82,82,77,11,0.0,1.6107477e-14,0.00030530532,3.744414e-18,0.0,7.210739e-21,6.013815e-16,1.20059e-20,5.746064e-17,1.3163945e-19,8.4090485e-27,0.9996948,0.0,4.4914567e-17,1.2995024e-31,1.7536413e-24,1.3601681e-25,1.0769e-41,2.021534e-39,4.4822007e-23,3.787246e-36
83,83,84,2,0.0,4.062817e-11,1.0,1.7437423e-16,0.0,3.52e-43,2.3411557e-12,6.047649e-18,1.9018862e-13,1.8717759e-16,1.1301734e-16,1.3571871e-11,0.0,3.069805e-12,3.7706804e-22,4.808263e-14,2.197849e-23,6.533119e-30,2.147289e-37,6.9969157e-14,4.1152857e-28
84,84,85,2,3.43139e-40,1.5922561e-09,1.0,1.697594e-17,0.0,0.0,6.992147e-12,1.974524e-17,2.5096821e-12,3.791433e-16,9.292499e-12,3.089995e-16,0.0,1.945138e-07,1.4304666e-17,6.6698665e-12,2.437144e-23,7.647064e-28,1.5977222e-36,5.345547e-11,3.979526e-26
85,85,561,13,6.370958e-29,2.6301135e-05,0.059221115,7.4558455e-16,1.4e-44,2.99529e-40,7.8337986e-10,6.2512677e-12,4.682671e-08,8.705087e-12,2.7516064e-06,4.3493496e-18,0.0,0.9407507,2.3199182e-11,1.7467301e-10,3.58229e-20,1.8098406e-30,1.15446826e-35,2.3814234e-08,7.037605e-21
86,86,87,11,0.0,1.3537285e-14,8.547087e-06,1.9758124e-17,3.056e-42,9.7593e-16,8.4060125e-17,3.2186262e-19,2.8817103e-15,2.1596002e-17,2.6916421e-28,0.9999923,0.0,2.5030785e-17,4.948589e-29,5.2662697e-25,1.7435043e-22,3e-45,7.3e-44,4.552012e-27,3.476785e-39
87,87,88,11,6.02599e-37,4.5703033e-10,0.0010009716,1.1250742e-12,4.727287e-39,3.0414464e-19,5.690867e-12,5.309003e-13,1.9184518e-10,3.9329065e-12,2.902178e-20,0.9989973,0.0,6.347379e-14,5.7595744e-27,6.087294e-19,4.9643165e-23,0.0,3e-45,2.1115253e-21,1.290515e-26
88,88,92,2,1.0975076e-35,6.2027237e-09,0.85760623,1.7263941e-09,5.32706e-35,4.419065e-14,6.831162e-05,1.9272044e-08,4.3022394e-10,3.2585465e-09,1.557791e-13,0.1423239,0.0,4.6585222e-11,1.6326333e-19,3.7340615e-09,6.2310797e-19,2.2466093e-29,5.4984524e-32,9.77033e-15,1.0015798e-24
89,89,90,2,0.0,7.8037896e-11,0.9395816,8.377474e-13,1.0467402e-38,1.7727154e-17,1.6178728e-10,9.590053e-16,1.2718886e-12,9.931499e-15,1.6712743e-18,0.060418643,0.0,2.0922095e-14,3.0723065e-23,1.7295925e-15,5.5308046e-18,6.454635e-32,1.921399e-37,1.4373203e-17,2.4489445e-29
90,90,91,2,0.0,2.9742465e-11,1.0,2.0496941e-13,4.355e-42,1.0684778e-29,9.724239e-12,5.401535e-16,1.0657429e-13,1.5985206e-14,9.567399e-16,1.3164225e-07,0.0,3.09786e-13,6.348582e-24,1.5448547e-13,1.3033032e-19,8.4405436e-27,1.2087456e-37,6.7553554e-15,3.0315071e-27
91,91,83,2,0.0,1.628759e-10,1.0,3.570241e-14,3e-45,6.3985244e-38,8.1003025e-12,1.8439742e-15,3.0272776e-12,8.964626e-16,3.9391892e-16,6.142114e-10,0.0,5.133193e-13,4.3314737e-23,1.4266665e-12,1.6597087e-21,4.4649854e-29,3.3573258e-35,5.819664e-14,1.2061268e-26
92,92,93,11,8.7842e-41,5.582007e-13,6.877491e-06,1.4202695e-05,9.337087e-21,2.9310132e-07,5.727925e-08,1.518626e-05,2.776118e-07,9.933145e-12,6.5827545e-14,0.99996185,0.0,1.0097369e-14,3.1834417e-22,1.2155526e-06,1.4592625e-12,8.840949e-29,4.0403068e-22,1.6538626e-21,6.067183e-23
93,93,94,11,2.68e-43,7.10666e-16,1.5112924e-05,1.7438856e-12,8.2596547e-35,5.4611593e-10,2.2486916e-15,1.2314877e-12,7.595336e-15,7.8313624e-14,8.278617e-19,0.99998474,0.0,2.02636e-16,2.136813e-30,9.727139e-18,1.7954867e-18,1.1829243e-34,1.1377597e-33,1.4526214e-25,5.1160576e-32
94,94,89,11,0.0,7.682531e-13,0.2890726,3.414139e-13,1.5003015e-38,1.4592102e-15,4.5925117e-12,4.7722438e-15,3.238564e-13,8.930732e-16,1.7691545e-18,0.71092623,0.0,3.6213195e-15,1.5667268e-25,1.1982589e-16,2.511561e-18,4.06375e-32,1.3387426e-34,4.6187235e-20,8.43329e-30
95,95,96,11,1.11e-43,1.1887362e-13,0.028252587,9.514614e-18,0.0,3.5274343e-22,7.825893e-15,7.919818e-19,8.348654e-16,2.5380856e-18,2.1907567e-25,0.971747,0.0,4.713413e-13,4.3581326e-27,4.367561e-23,2.3264808e-22,5.259527e-39,1.5515324e-38,5.0012263e-24,7.049982e-39
96,96,97,2,2.66e-43,1.1619087e-12,0.99996567,8.584797e-17,0.0,4.443823e-32,1.4607433e-13,8.631916e-18,5.670204e-16,8.3250877e-16,3.1850367e-20,3.304254e-05,0.0,9.93421e-11,1.8430165e-24,2.4837225e-17,1.5519076e-20,1.1156852e-33,1.2732475e-35,1.9347133e-20,2.775174e-39
97,97,584,2,3.9435e-41,1.0325779e-08,0.9999886,4.24472e-13,1.0179111e-32,2.417e-42,8.140119e-09,1.5040346e-12,4.8444687e-10,3.7689595e-12,5.8633542e-09,1.533614e-16,0.0,1.0885181e-05,1.4698426e-14,1.3086468e-07,6.5924474e-16,2.6241567e-23,6.5297023e-31,1.8683851e-11,5.9941985e-27
98,98,99,11,0.0,4.5711413e-17,5.192853e-08,2.2495482e-16,1.4002406e-36,0.0023733354,3.429172e-15,4.491922e-16,1.5309897e-12,3.3394853e-18,3.50969e-22,0.9976263,0.0,1.0590503e-16,2.449796e-28,9.95821e-22,5.4913897e-24,3.034e-42,1.5852853e-33,1.2667471e-26,9.628582e-38
99,99,100,11,4.845197e-37,1.10457345e-10,5.723778e-07,2.5752649e-17,3.6785e-41,0.0003139417,2.1118099e-11,1.2416436e-12,8.572284e-05,3.3139428e-16,1.6237495e-14,0.99959964,0.0,7.901808e-10,1.3390258e-23,1.1836968e-18,2.7633295e-25,4.342426e-38,4.580276e-37,8.647386e-15,2.7712825e-22
100,100,104,11,0.0,1.731162e-17,1.1664631e-08,1.4173645e-18,0.0,1.8473482e-06,2.897846e-17,4.4221415e-18,5.9993133e-15,1.6675607e-19,3.2815724e-25,0.99999815,0.0,1.2248564e-15,3.0810058e-29,4.0950507e-29,7.5066426e-24,1e-45,8.8785e-41,1.1815709e-27,8.714612e-37
101,101,102,11,0.0,5.0523854e-17,2.1300046e-08,9.264333e-18,0.0,1.7063541e-15,3.8155706e-19,2.936959e-20,3.2613935e-17,3.212749e-20,6.868781e-30,1.0,0.0,1.7586979e-18,1.2528314e-31,1.5352605e-29,7.759834e-24,0.0,3.04e-43,3.408761e-30,1.2594348e-38
102,102,103,11,0.0,1.0904498e-14,5.137443e-06,1.3323957e-17,0.0,6.392195e-19,2.6695696e-17,9.216138e-20,8.851942e-16,1.6866319e-19,1.4767335e-28,0.9999943,0.0,1.5539909e-15,1.36257945e-30,3.036436e-28,1.1393209e-22,0.0,8.5e-44,2.2046293e-27,2.802492e-39
103,103,95,11,0.0,2.855809e-14,0.0004552013,8.8326e-19,0.0,1.420367e-20,1.2513371e-15,4.198505e-19,8.097232e-15,4.2792043e-20,2.5032091e-27,0.9995442,0.0,2.1576931e-14,9.851168e-30,3.3158844e-27,4.424189e-23,7e-45,3.0677e-41,1.5913324e-25,1.6402459e-38
104,104,105,11,0.0,5.073686e-18,1.07224264e-10,9.825365e-19,0.0,7.900298e-07,3.134271e-19,2.5319052e-19,3.2811243e-16,2.926938e-20,4.7538793e-28,1.0,0.0,1.1065813e-17,2.3185763e-31,3.5014384e-30,9.916911e-25,0.0,2.0186e-41,6.3312464e-30,4.5701536e-37
105,105,106,11,3.85e-43,1.1119953e-14,7.409811e-09,1.8209657e-19,0.0,8.0039005e-12,1.583944e-17,1.7581957e-17,7.5806256e-13,2.9909026e-19,2.1562565e-26,1.0,0.0,3.3967234e-14,3.520242e-30,8.04461e-31,4.8265417e-24,0.0,2.72153e-40,6.385738e-26,1.3707109e-32
106,106,101,11,0.0,1.0858821e-17,3.775131e-09,1.1336482e-18,0.0,2.2504474e-14,1.4381415e-19,6.972355e-20,3.1225692e-16,2.3721959e-21,2.2969575e-29,1.0,0.0,1.904132e-18,7.7469324e-33,6.716807e-31,1.711098e-24,0.0,4.745e-42,4.2150425e-30,4.450513e-37
107,107,108,9,1.24372534e-26,0.0006852044,3.0929357e-06,8.4049327e-07,3.0411414e-36,7.3671516e-32,7.890667e-09,1.3502495e-07,8.919485e-11,0.9927744,7.75517e-06,1.6126585e-19,0.0,0.0065285005,5.59475e-07,7.8818864e-08,3.707277e-10,1.04421775e-19,3.3247953e-23,6.217391e-08,7.001818e-17
108,108,109,19,2.2227952e-18,0.0013233533,2.1898533e-11,2.4498776e-15,9.121612e-32,4.2423633e-25,9.917782e-10,1.1540332e-11,1.2820569e-09,6.249311e-05,0.07466515,6.3480707e-25,0.0,0.40082958,0.00050838746,1.9428726e-11,9.808565e-16,2.1758624e-20,1.25829955e-26,0.5226128,8.252405e-14
109,109,113,14,3.9990496e-19,9.728493e-07,3.0808264e-16,8.05827e-18,1.6196029e-31,5.1236853e-28,2.6418315e-10,7.7919006e-16,1.515687e-11,5.6208955e-13,5.0931597e-09,5.7280576e-30,0.0,8.127938e-06,0.9999809,1.464195e-15,9.251509e-19,1.9910606e-37,4.5183055e-22,1.0056707e-05,6.628594e-13
110,110,111,14,2.5100834e-20,2.8340603e-14,1.0122923e-17,3.4305783e-19,7e-45,1.5517841e-34,1.850707e-12,6.0421056e-21,4.0623047e-19,1.0495177e-18,4.0889657e-20,2.046081e-39,0.0,1.83347e-12,1.0,2.2030421e-18,6.0816345e-18,7.02895e-33,5.3660967e-35,1.3402294e-19,9.505132e-21
111,111,112,14,2.6777713e-16,1.5018267e-13,1.1659723e-18,5.2235267e-20,1.8e-44,5.6257294e-33,5.516135e-12,1.9702621e-20,3.9847398e-17,4.7052065e-19,3.177275e-17,2.4271798e-38,0.0,8.832025e-12,1.0,1.4191653e-19,9.796173e-19,1.3494867e-38,2.6275202e-32,1.2128923e-16,3.4670504e-17
112,112,0,14,2.1026567e-16,1.1554687e-12,8.23022e-19,4.1386356e-19,6e-45,1.2461095e-33,2.385484e-11,4.8493625e-20,3.3626739e-18,5.0025394e-18,6.1740337e-19,9.432555e-38,0.0,2.5680512e-12,1.0,1.961856e-19,4.7903113e-18,3.557963e-37,2.0179298e-30,9.266201e-19,1.5937873e-17
113,113,114,14,3.6629747e-14,1.2188075e-06,4.952701e-16,3.0132815e-18,4.6638426e-32,3.734241e-27,1.855074e-06,1.5570764e-15,2.8166625e-08,2.212116e-14,5.9126753e-10,1.128372e-25,0.0,2.7018257e-06,0.9999923,1.3567955e-16,8.330699e-19,0.0,2.5326465e-21,3.4990073e-08,5.6529625e-11
114,114,115,14,4.396404e-12,4.7525764e-12,1.1200348e-18,3.9009386e-23,0.0,2.483988e-32,1.1892642e-10,4.4461583e-19,1.2783909e-14,1.0953922e-18,2.055941e-15,2.2274626e-34,0.0,1.1170618e-09,1.0,7.136685e-22,2.5250944e-20,0.0,1.1696626e-30,6.1559555e-17,2.1467643e-15
115,115,110,14,9.10707e-19,8.397784e-15,1.1567089e-18,2.0063114e-20,0.0,2.5303095e-36,1.1814352e-13,3.491211e-21,3.363325e-20,1.8039231e-19,3.103053e-20,1.9164e-40,0.0,1.1936398e-12,1.0,3.709762e-20,2.0344975e-19,8.737818e-36,1.3307284e-34,1.6096709e-20,2.5849357e-20
116,116,117,2,1.0171749e-37,4.90264e-10,1.0,2.1690084e-13,6.597428e-39,6.6e-44,7.766589e-08,1.7025079e-19,1.2424275e-16,4.8766285e-14,1.7096092e-18,5.2303483e-19,0.0,5.322026e-11,2.1920062e-14,5.2434147e-11,4.832275e-15,7.658307e-12,4.8369915e-32,1.7084279e-12,6.2162466e-25
117,117,118,2,2.363997e-33,3.889058e-05,0.99680835,4.146669e-09,1.3199898e-34,4.4033e-41,0.0031472363,9.6967375e-15,1.0732958e-11,1.2625705e-09,2.834955e-16,2.7438813e-21,0.0,6.4695846e-06,3.863442e-08,3.4481392e-08,2.1986866e-09,4.8266524e-09,3.3996855e-29,6.6013006e-10,8.2441485e-17
118,118,552,1,1.3320631e-28,0.92256194,3.512407e-08,1.6134483e-09,2.213549e-31,2.475154e-39,0.07269997,1.8228585e-09,1.0283997e-07,2.398868e-06,5.8108344e-14,1.3629492e-29,0.0,0.004731903,4.6545906e-06,3.9026635e-09,3.7173496e-08,9.0012624e-15,1.7003942e-24,7.6963076e-08,8.318883e-12
119,119,120,11,2.119e-42,5.2560083e-12,0.09655756,5.142405e-13,3.2341045e-37,4.5697796e-18,1.4910798e-10,1.0009786e-12,5.1119547e-12,1.0771668e-13,2.3812716e-21,0.90344197,0.0,1.7386695e-14,1.2386126e-25,4.7824315e-15,6.138944e-20,6.216137e-37,6.159761e-32,8.0761524e-25,2.1696522e-37
120,120,121,2,1.8161817e-31,1.1808558e-10,0.9990163,1.6678448e-14,4.99e-43,5.2432947e-26,3.2493767e-07,1.2543546e-12,1.9338608e-09,4.2464854e-13,2.7083012e-17,0.0009843297,0.0,1.4159598e-10,1.8872776e-23,1.9148506e-14,2.35146e-25,5.322238e-38,1.6084555e-35,4.2610446e-19,1.6582949e-24
121,121,125,2,1.1161806e-38,2.440869e-13,1.0,6.46664e-16,1e-45,2.1372326e-34,4.129386e-08,9.634532e-16,5.2522155e-14,1.7851154e-15,1.5253435e-20,2.2629165e-07,0.0,1.4634428e-13,1.1275874e-20,1.9856274e-17,5.1804975e-23,4.7463942e-36,1.6965879e-35,1.775561e-21,3.4091936e-28
122,122,123,2,1.6631293e-38,2.3269275e-12,1.0,9.601098e-18,3.2e-43,1.45e-42,1.6820216e-08,9.279846e-21,1.8206004e-16,1.1995395e-16,2.9905543e-23,1.1616112e-13,0.0,2.3884567e-15,5.4120014e-20,4.604679e-15,9.1843763e-20,1.9239522e-21,1.0842743e-35,7.987024e-18,2.1145417e-27
123,123,124,2,4.7676624e-36,1.0660786e-09,1.0,2.6575801e-17,2.655e-41,5.2e-43,4.475676e-07,7.3993815e-22,8.874391e-16,1.5356521e-15,1.5072901e-21,7.558769e-16,0.0,9.23363e-12,2.6345687e-15,2.1477073e-14,3.5304012e-19,1.3835995e-14,1.9831596e-32,5.29218e-13,1.7476928e-22
124,124,116,2,8.3575546e-36,1.3927537e-09,1.0,1.513859e-14,2.897504e-39,1.01e-43,6.8491296e-08,1.7933626e-20,3.1182347e-17,4.2942948e-14,2.624853e-19,3.5359965e-18,0.0,7.481735e-11,2.5192633e-13,1.0790756e-12,7.571377e-17,1.6909073e-14,3.4324948e-31,2.1760623e-12,1.9770872e-24
125,125,126,2,3.4566616e-37,5.781714e-14,1.0,4.7275053e-16,2e-44,6.187807e-33,6.0720254e-07,6.7296794e-17,9.2164835e-14,1.7977431e-16,2.1519152e-21,7.867463e-09,0.0,1.5403699e-14,9.9056326e-20,9.546763e-16,1.2341768e-21,6.9492405e-31,1.8459473e-35,1.4718965e-21,1.9300498e-25
126,126,127,2,4.7509374e-30,6.737149e-11,0.9932253,1.094868e-14,1.3602012e-37,4.44544e-40,0.0067762504,7.588849e-15,1.6032254e-11,9.790115e-13,4.4418336e-20,5.4594577e-15,0.0,1.497571e-12,4.540052e-17,8.2335146e-12,1.1181394e-18,6.761387e-23,2.0175101e-34,1.2609426e-18,2.4734898e-19
127,127,122,2,4.179293e-36,5.022e-12,1.0,1.099958e-15,2.273722e-39,1.924e-42,9.753836e-07,3.646252e-18,9.583178e-16,9.5756185e-15,2.520982e-22,9.33854e-15,0.0,4.808022e-15,4.821015e-19,7.230266e-14,5.9034976e-19,1.0564198e-23,2.7971152e-35,3.3317597e-19,6.8419644e-26
128,128,129,20,5.887858e-07,8.734579e-15,3.8231286e-21,1.1477123e-17,7.03e-43,2.7929966e-37,9.097019e-15,2.3059464e-15,7.354604e-16,8.7045334e-17,3.53358e-12,5.8915e-41,0.0,1.4514749e-10,2.1271295e-05,2.711521e-21,5.628563e-18,0.0,4.09698e-33,3.5718376e-20,0.9999791
129,129,130,20,3.5169578e-05,7.234208e-15,3.4692414e-20,1.3082608e-17,1.0099e-41,2.925919e-37,7.0184045e-15,6.3781323e-14,5.976859e-15,1.9994098e-15,2.733275e-08,6.930922e-38,0.0,7.769668e-09,1.8275043e-07,3.55387e-20,7.9051785e-19,5.76e-43,2.7930357e-32,3.9073848e-17,0.9999638
130,130,666,20,0.0016373304,2.7855095e-12,1.4656186e-17,1.313613e-15,5.667933e-39,1.37371275e-36,8.541495e-14,9.914179e-12,1.7148855e-12,6.9022246e-13,0.0009408246,1.9323088e-35,0.0,7.909545e-06,3.488492e-08,1.1746298e-16,6.661124e-18,2.62245e-40,2.6524985e-30,2.9346083e-12,0.99741316
131,131,132,2,4.094e-41,1.4932071e-12,1.0,4.1776804e-15,0.0,1.6168077e-37,1.0688259e-11,3.1707109e-18,2.555274e-16,1.3776738e-15,3.6736545e-20,1.8561309e-11,0.0,8.058664e-12,4.4565654e-20,5.398695e-15,2.152505e-22,2.2539853e-27,1.77682e-40,6.2220066e-19,1.2228191e-33
132,132,133,13,1.9447746e-22,7.3176576e-10,3.3837462e-06,1.15842445e-14,3.4368898e-35,3.7354811e-34,2.255195e-07,4.4112307e-15,1.1681329e-08,3.8793857e-11,1.1155377e-08,1.302942e-24,0.0,0.9999923,5.5252895e-07,1.2785112e-09,5.3508765e-17,1.3502776e-11,3.1662805e-37,2.6464666e-06,5.2718234e-15
133,133,137,14,1.2749879e-12,2.5407963e-12,1.0489485e-12,6.4270705e-16,0.0,4.3e-44,3.3547892e-06,3.330115e-15,9.033955e-12,3.602669e-12,4.6751834e-12,1.2405875e-35,0.0,0.027443891,0.9725517,9.463729e-16,6.8790866e-15,2.7647555e-23,1.6794284e-34,8.009566e-12,6.411769e-15
134,134,135,14,7.944087e-11,1.1855861e-10,1.2780719e-17,4.046817e-14,1.8279566e-38,2.1497667e-35,5.5944854e-10,2.7256868e-14,5.877338e-13,9.43824e-16,4.135282e-15,3.10871e-39,0.0,2.4282711e-09,0.63824093,1.2826534e-17,6.612579e-14,1.1e-44,1.5932357e-30,4.9317264e-20,0.36175758
135,135,136,20,8.151496e-08,8.4936344e-14,4.9629034e-20,7.243834e-18,2.58e-43,2.8944453e-38,6.284523e-13,2.6190656e-16,7.165708e-15,1.502178e-18,1.628595e-13,3.70711e-40,0.0,1.07040564e-10,0.0006151888,1.5851626e-20,1.7196107e-17,0.0,1.2148035e-33,1.3378484e-20,0.99938416
136,136,128,20,2.5947262e-05,7.29056e-14,3.0064125e-20,3.7336617e-17,4.4207e-41,3.6950542e-38,1.4950304e-13,6.192802e-14,3.3121119e-15,5.167824e-16,5.4695345e-12,1.9805e-41,0.0,2.9367293e-09,0.0013524328,2.5613974e-20,8.5567454e-17,1e-45,1.3140327e-32,3.9925847e-20,0.99862194
137,137,138,14,1.2857075e-21,1.8066134e-14,3.5936593e-15,1.153868e-15,0.0,3.425574e-39,6.2436445e-11,8.292026e-17,1.7717893e-17,1.6516302e-14,6.3219516e-16,1.4498406e-35,0.0,7.865007e-08,1.0,2.0156352e-17,6.0116353e-16,3.7868424e-28,3.5744002e-35,3.267134e-17,6.4818473e-18
138,138,139,14,3.9924345e-19,1.3321691e-14,1.7891641e-16,5.841193e-14,1e-44,5.4518535e-33,4.996452e-12,1.992694e-15,5.559724e-17,5.0665187e-15,6.6363517e-16,4.298449e-33,0.0,2.2791131e-10,1.0,2.2235512e-17,5.4571055e-15,3.0256848e-34,1.3080841e-35,3.889397e-21,1.803029e-11
139,139,134,14,3.3508077e-12,3.2086391e-13,1.4129054e-18,7.1528137e-16,1.4321e-41,3.9659123e-36,8.634923e-12,4.6607704e-15,6.602868e-16,2.6159803e-16,9.238892e-17,5.88156e-40,0.0,4.752173e-10,0.9999943,1.6396172e-19,1.8346075e-15,9.36e-43,1.2098221e-34,2.1763748e-22,6.4514834e-06
140,140,141,14,3.5174387e-06,7.820354e-12,1.9988271e-18,1.5115626e-21,0.0,8.25412e-40,3.0714846e-09,1.0409433e-14,8.080014e-15,9.219664e-18,4.1890883e-16,1.99836e-40,0.0,5.145729e-10,0.9999962,8.715552e-20,5.2314595e-14,2.6791e-41,7.4103146e-29,3.694256e-20,6.86002e-12
141,141,142,14,0.010024051,1.5857538e-07,1.4976601e-15,5.072266e-21,0.0,2.15642e-40,0.00035971627,1.1781297e-09,1.3391369e-10,2.6881664e-11,7.948369e-09,1.8885696e-35,0.0,8.440506e-06,0.9896059,3.3967166e-14,3.4783626e-10,1.5571696e-25,5.130094e-23,2.92598e-11,2.9013374e-12
142,142,665,6,0.000115933224,0.00512207,4.563223e-13,2.5250474e-19,5.06e-43,5.319279e-36,0.8355058,4.7768896e-07,3.4126408e-06,2.3829436e-06,8.140189e-07,1.7571524e-29,0.0,0.0007158317,0.15829422,6.79496e-12,7.2258524e-07,3.8971858e-18,1.7717123e-20,0.00023957521,2.8020728e-11
143,143,144,2,3.41567e-40,8.445379e-11,1.0,6.1850145e-13,2.8e-44,4.812042e-37,3.2589906e-11,1.06653836e-16,3.2496256e-14,1.0703462e-14,7.192108e-15,1.529285e-16,0.0,1.3843805e-07,1.2974432e-14,8.103177e-12,2.715176e-20,1.0844988e-18,2.873411e-38,3.641257e-13,2.8175368e-28
144,144,145,13,6.5955304e-27,6.528701e-10,3.3918623e-06,9.597565e-14,2.7725359e-33,3.9558833e-34,5.3410476e-09,1.1283272e-13,2.7275553e-09,1.3500304e-11,9.765823e-07,1.912947e-27,0.0,0.9999886,1.4926761e-06,7.300291e-09,1.718496e-17,1.1726903e-10,8.341601e-35,6.76849e-06,5.279305e-17
145,145,149,13,3.4816717e-23,2.3422848e-09,1.3377443e-08,5.771905e-15,1.2917488e-37,0.0,1.1279913e-06,1.9509147e-12,1.14538073e-10,1.688062e-10,1.3424774e-09,3.9131256e-33,0.0,0.9849246,0.015073048,9.77273e-12,4.364096e-16,1.6925714e-15,1.4816137e-29,2.433001e-08,3.7244134e-18
146,146,147,14,1.9270141e-22,4.1105073e-17,6.218145e-17,1.3461481e-18,4.319e-42,4.622841e-38,2.9202904e-13,1.8855061e-17,5.2181944e-18,1.3425648e-16,9.28114e-17,6.4237635e-38,0.0,1.1027596e-09,1.0,4.813775e-19,2.5917413e-18,1.7624059e-32,6.6273e-41,3.9857388e-19,1.3751455e-19
147,147,148,14,9.377567e-13,3.126036e-17,2.5698562e-18,2.3989882e-20,0.0,1.8e-43,1.2238676e-13,2.9704522e-16,2.4108251e-18,7.5794394e-17,1.5552006e-15,3.5366e-41,0.0,5.2474425e-09,1.0,2.480517e-21,1.3444848e-19,9.46616e-36,3.655864e-39,8.86318e-19,3.8016744e-15
148,148,140,14,0.00012825467,1.0811785e-13,4.71604e-20,2.364282e-21,0.0,1.22e-43,1.8483833e-11,5.1528785e-14,5.313128e-16,1.7917379e-17,3.39081e-16,1.84e-43,0.0,4.6449964e-09,0.9998722,2.5184254e-22,4.0465636e-17,1e-45,4.0075946e-30,1.3686503e-20,1.485859e-10
149,149,150,14,1.6836422e-27,7.593336e-08,1.3399412e-07,2.0943508e-13,3.4165617e-36,0.0,1.094564e-05,7.811469e-12,2.1546871e-10,4.3051782e-10,3.1750675e-11,6.850748e-31,0.0,0.3836491,0.6163407,1.5783945e-10,7.6955796e-14,4.879547e-15,2.223878e-28,2.7530824e-09,2.5496212e-20
150,150,151,14,2.0849737e-23,2.1762947e-12,9.645151e-10,1.5943604e-15,2.6787e-41,7.3e-44,9.55926e-09,1.2748177e-12,4.926517e-13,1.901024e-12,1.1800851e-11,2.2266706e-28,0.0,0.0004978854,0.99950033,3.0618392e-13,6.160019e-17,2.1523771e-19,5.5630787e-31,4.0470482e-14,2.8468618e-18
151,151,146,14,3.1973945e-19,7.1570996e-16,3.3404968e-15,2.605789e-18,1.072e-42,9.63e-43,4.623784e-12,1.8085304e-14,3.119081e-16,3.7999202e-15,7.0510635e-15,1.2299194e-35,0.0,3.3918087e-07,1.0,3.0759966e-18,2.6715547e-18,3.24072e-32,1.7374897e-36,1.9720767e-18,8.967452e-19
152,152,153,6,5.2725816e-25,2.9382015e-06,7.145842e-06,1.9400165e-08,1.3456121e-36,5.8854087e-30,0.99971396,3.4836912e-08,4.1734e-13,0.0002749217,3.2742396e-13,3.4239025e-16,0.0,1.5919123e-06,4.349531e-11,1.885401e-14,1.350071e-12,1.6635906e-18,4.066941e-34,1.3481743e-16,2.6080953e-26
153,153,154,6,1.9900771e-26,2.6655156e-05,7.1708005e-06,1.4224686e-08,2.4567488e-36,9.3814944e-30,0.99982077,2.6520931e-08,1.8169824e-12,0.0001421506,2.279449e-13,1.1984651e-15,0.0,4.285067e-06,1.3811337e-11,2.8079537e-14,1.09497724e-13,3.3619924e-19,2.959589e-34,1.5760928e-14,3.065724e-25
154,154,1362,6,1.5017914e-29,7.9610045e-06,1.9194722e-07,1.8396369e-10,2.9752398e-37,6.483579e-33,0.9999543,1.7736978e-08,1.5517728e-11,2.619159e-06,3.0702736e-12,2.041137e-18,0.0,3.3139615e-05,2.855911e-11,1.1630871e-14,1.3610217e-14,1.1456595e-19,2.8777294e-33,4.0526588e-13,6.668604e-24
155,155,156,2,1.1178264e-36,1.6459261e-06,0.99937844,5.245799e-10,2.0226752e-32,1.2338275e-30,6.1220067e-07,6.2242805e-13,5.161156e-12,3.1710367e-11,2.1871792e-06,1.6645627e-17,0.0,0.00061371445,1.6450872e-11,5.984406e-09,1.8564846e-19,2.4692997e-15,1.2741831e-31,4.7760905e-06,2.1929949e-20
156,156,157,13,6.194763e-29,3.1890075e-08,0.45893848,1.0558109e-09,3.230574e-39,5.525405e-26,0.0035304704,2.2133795e-09,3.8264364e-08,2.169533e-10,0.00013866923,8.9974855e-15,0.0,0.53739333,6.359007e-08,1.990997e-10,3.3051778e-18,1.1034603e-20,2.2294763e-35,6.4140147e-09,5.2150026e-21
157,157,152,6,1.3703467e-22,5.2989986e-09,2.1993658e-09,5.124693e-09,3.88929e-40,2.6149812e-32,0.9999008,1.092881e-08,6.622891e-10,8.777861e-09,9.071523e-13,1.261002e-23,0.0,0.00010089681,1.4706097e-08,5.2791718e-14,4.0082142e-11,1.790958e-33,2.8910906e-38,7.865465e-21,1.375669e-28
158,158,159,11,2.1312e-41,5.5354295e-17,1.8759117e-08,3.8997323e-16,0.0,3.250017e-17,7.946899e-20,2.2001532e-18,1.2146187e-17,6.9353304e-18,3.89885e-26,1.0,0.0,1.6771245e-18,1.4732244e-33,3.7606195e-25,4.7584453e-23,5.9e-44,1.416105e-26,3.1683025e-27,4.244733e-37
159,159,160,11,5.91635e-40,2.8002626e-14,2.074085e-05,3.06532e-14,4.291e-42,3.6226194e-22,4.6499834e-18,4.836699e-16,1.2140404e-16,2.1177602e-14,1.6941925e-23,0.9999809,0.0,1.786907e-15,7.0845187e-31,1.9065202e-21,9.463638e-20,3.508683e-39,1.2801822e-21,1.61144305e-24,4.8238043e-37
160,160,590,2,1.1808041e-36,1.3885414e-09,0.85311973,1.8691735e-14,7.627001e-33,1.9335684e-29,4.7446574e-13,1.5931756e-14,1.0625036e-13,1.1179563e-10,7.5405965e-16,0.14688152,0.0,1.6934808e-09,2.225181e-24,8.173722e-17,5.2023337e-18,5.9719364e-30,9.612332e-14,5.9391985e-15,1.2636886e-31
161,161,162,5,0.0,9.349602e-20,5.545457e-21,1.8237943e-20,0.0,1.0,5.6374293e-21,1.6688818e-22,6.2411216e-18,2.3175546e-20,3.938396e-22,2.95611e-14,0.0,1.2413882e-19,1.1970604e-26,6.5207144e-24,5.2017425e-24,1.508e-42,1.59864e-40,2.0628752e-25,1.2824576e-32
162,162,163,5,7.6e-44,1.7067178e-16,2.627519e-18,9.982889e-23,3.528e-42,1.0,1.7455518e-17,3.0082394e-18,6.5416016e-14,2.1856478e-18,2.3207419e-18,1.1307186e-13,0.0,6.90475e-14,6.8657105e-24,1.9837968e-23,3.0030937e-24,4.6405384e-33,1.19248256e-29,4.6579833e-21,2.7792886e-28
163,163,164,5,3e-44,1.30607675e-17,1.390177e-12,4.2173043e-18,0.0,0.9995614,5.1850377e-18,5.171087e-20,5.9223183e-16,2.0744502e-19,2.8078122e-23,0.00043783124,0.0,1.5960825e-15,3.3058815e-27,5.2369155e-27,3.365357e-25,2.8767258e-36,3.8032913e-34,2.4206331e-23,7.061661e-32
164,164,165,11,5.586e-41,2.88783e-14,1.8584839e-10,1.990903e-13,1e-45,7.20938e-09,2.6579654e-17,3.0658684e-15,1.4531894e-14,4.3042805e-15,2.4533186e-23,1.0,0.0,1.8993965e-16,6.0924904e-29,4.8301385e-22,1.1275359e-20,7.479075e-35,2.584609e-21,8.985032e-23,6.1377455e-29
165,165,166,11,2.012e-42,7.034074e-14,5.481582e-10,1.8512029e-14,6e-45,5.248064e-16,1.9774241e-19,9.27764e-16,4.6858714e-15,8.6305743e-16,1.4154737e-25,1.0,0.0,5.694367e-18,2.9531416e-32,7.024261e-25,8.552844e-21,3.335414e-39,1.6799713e-21,3.374306e-24,3.3452534e-30
166,166,167,11,0.0,5.154512e-17,1.7050156e-09,1.8293364e-17,0.0,9.402454e-15,2.4512534e-21,2.049289e-19,3.6045963e-18,5.328137e-20,1.03025e-28,1.0,0.0,1.7924743e-19,6.485452e-35,2.2993145e-30,2.1380752e-24,3e-44,2.6614176e-30,2.5021874e-27,1.07239466e-35
167,167,168,11,8e-45,1.7142093e-15,2.349036e-09,5.219195e-16,0.0,3.3658456e-17,3.033334e-20,4.0641683e-17,1.5803295e-16,6.0830726e-18,4.7266515e-26,1.0,0.0,2.475643e-18,7.1106893e-34,2.2082667e-26,2.1335964e-22,6.57575e-40,3.6790499e-22,1.0066244e-24,2.861846e-32
168,168,169,11,2.54e-42,8.248628e-14,6.295961e-08,7.095933e-16,8.62e-43,1.586682e-19,1.858186e-18,6.7634776e-15,1.0406892e-14,5.316514e-16,5.8150875e-23,1.0,0.0,1.0769684e-15,3.7864985e-34,1.4055893e-25,1.5356239e-21,1.9162606e-37,1.3676248e-16,2.8267607e-22,8.461481e-31
169,169,158,11,6e-45,3.4072886e-17,7.889057e-09,1.1879405e-17,1e-45,1.2850678e-17,1.7370343e-19,6.211697e-17,1.2002352e-16,1.0750294e-18,9.939929e-27,1.0,0.0,2.9084648e-18,1.7377623e-35,3.324419e-28,7.018322e-23,2e-44,3.2009116e-25,4.4925455e-28,2.1231886e-36
170,170,171,11,4.424e-41,1.2141963e-11,2.7776101e-08,1.8269858e-10,9.67163e-35,7.066713e-06,8.424897e-15,7.697144e-12,1.7769728e-11,7.7483445e-12,1.585438e-16,0.9999923,0.0,3.121381e-14,1.4716639e-24,4.2828365e-17,6.2375454e-20,3.242898e-39,7.1904456e-27,5.0153196e-19,2.286995e-25
171,171,172,11,1.7923641e-35,8.070292e-12,6.3655425e-06,5.3269525e-07,3.833345e-24,5.8539666e-09,2.3879568e-14,4.1226492e-08,2.1464045e-07,2.0619784e-10,2.1232814e-10,0.9999923,0.0,1.2176897e-10,2.2939552e-28,5.1054377e-15,8.8109915e-20,1.6862441e-36,5.3628028e-27,1.7102568e-16,2.9640428e-25
172,172,593,2,5.212853e-29,1.7373555e-08,0.99678934,0.0014072573,2.9037142e-22,1.062336e-23,1.088268e-07,1.8838396e-08,2.0507337e-06,7.731195e-11,2.2958368e-06,5.1907784e-10,0.0,0.0017279016,9.673668e-18,7.1490904e-05,3.6126696e-07,7.532976e-24,4.031475e-27,1.306715e-09,1.0788835e-32
173,173,174,5,0.0,8.9761835e-18,7.6586566e-20,5.643047e-20,0.0,1.0,1.3262182e-19,3.8362306e-22,1.0462283e-17,6.1179074e-19,3.7840112e-21,1.8883305e-14,0.0,1.3926091e-18,7.2254e-25,4.6244636e-23,1.3773002e-23,3.99149e-40,1.39686e-40,4.8324767e-23,3.113565e-31
174,174,175,5,3.108e-42,1.2286161e-12,8.458291e-15,4.6931426e-19,2.980494e-33,1.0,1.5989361e-13,8.7397537e-13,1.1486223e-11,2.6995084e-13,5.219118e-15,4.381637e-12,0.0,4.0804304e-11,6.069646e-20,7.0106033e-19,1.3952664e-20,2.5923366e-24,5.5379555e-20,3.3572157e-17,2.7592427e-25
175,175,176,5,4.2036e-41,2.0380758e-14,2.7595648e-13,1.2069909e-13,8e-45,1.0,3.8986975e-13,1.6943488e-14,1.3360288e-11,6.139074e-16,2.7627187e-17,1.05559046e-07,0.0,1.5816099e-14,4.346249e-18,2.3970445e-16,5.46703e-20,3.7482908e-31,1.2393883e-24,1.0007159e-18,2.4955009e-23
176,176,177,11,4.545498e-30,1.2220932e-08,2.3482878e-09,4.76725e-11,4.64e-43,0.039287727,4.6435197e-08,7.46426e-11,8.435769e-07,4.8988587e-12,1.4827219e-14,0.9607116,0.0,3.172138e-11,5.5399347e-15,8.313798e-14,6.87882e-16,9.603594e-39,1.4282997e-20,6.952961e-14,1.0112344e-18
177,177,178,11,5.1203363e-31,2.6131772e-09,2.7483291e-09,2.2710905e-13,1e-45,1.8065113e-05,4.0291948e-14,1.5935083e-16,3.7755396e-10,9.2906775e-15,8.952557e-17,0.9999809,0.0,1.0703999e-13,7.166179e-21,1.6272929e-18,4.447085e-22,0.0,2.0324718e-35,1.8929382e-15,9.788464e-22
178,178,179,11,2.96864e-39,4.682206e-16,1.9854878e-09,8.177216e-17,0.0,9.126157e-09,5.970782e-20,3.2453666e-20,1.2236316e-17,1.6048768e-19,8.023401e-24,1.0,0.0,5.3203434e-18,1.688066e-28,1.1348687e-25,2.5295422e-25,0.0,3.788266e-39,6.1734763e-24,3.2862082e-32
179,179,180,11,3.098913e-35,7.1711415e-10,3.8122e-09,4.365632e-14,0.0,6.8431386e-11,3.8476213e-13,3.2701177e-15,1.0860013e-11,1.1628781e-15,3.1998254e-17,1.0,0.0,9.6661215e-15,1.497228e-20,2.7046596e-15,5.84449e-22,8.1532e-41,1.4303196e-24,8.1531495e-14,3.5062793e-21
180,180,181,11,3.824341e-35,1.319337e-09,4.740705e-09,6.1534026e-15,0.0,8.829099e-11,6.5276132e-15,6.4363937e-16,4.493767e-11,2.4579737e-16,2.7404364e-16,1.0,0.0,8.774889e-15,5.996132e-23,1.1177866e-16,1.6619236e-24,0.0,8.218401e-32,3.1955246e-14,8.4498115e-22
181,181,170,11,7e-44,8.518292e-15,1.798949e-10,1.6625788e-14,5.043856e-39,1.3821801e-07,5.616665e-16,2.2156814e-13,6.8797565e-11,4.384468e-17,6.348795e-18,1.0,0.0,8.132082e-16,1.0981952e-26,2.8109455e-20,1.4114265e-22,0.0,1.8187488e-29,1.169164e-21,8.264786e-29
182,182,183,11,5.8062268e-36,1.5435252e-11,4.7564697e-07,2.8136191e-11,1.27871305e-36,1.8948544e-13,5.010588e-15,4.2022833e-13,1.1570256e-12,2.2063804e-11,2.8918578e-19,1.0,0.0,3.0976207e-15,1.3993825e-26,4.2403743e-17,6.297769e-21,5.1989877e-38,1.9272897e-26,8.928232e-19,5.9740194e-27
183,183,184,2,6.6448265e-27,0.0013456091,0.9228823,1.0344596e-06,1.03239e-40,5.6116204e-20,4.3882693e-08,2.0554014e-06,2.3931188e-06,0.008907485,1.2161757e-11,0.06685668,0.0,7.200373e-07,1.866156e-18,5.489775e-10,1.4682069e-13,3.7863386e-27,5.0261804e-26,4.181306e-12,1.3459524e-19
184,184,602,2,5.1086134e-30,0.017831534,0.9820433,6.3417223e-12,4.58e-43,2.694798e-34,4.031487e-06,9.1524216e-10,1.4530233e-06,2.1756195e-07,1.2743784e-07,3.833463e-16,0.0,0.00011650335,2.2471451e-10,1.1633937e-06,5.306533e-13,1.4920205e-15,1.2537372e-35,9.2353005e-09,1.0218572e-15
185,185,186,5,0.0,1.7857452e-19,2.3313897e-18,2.3682086e-21,1e-45,1.0,5.749498e-20,7.9856023e-23,2.2326118e-17,5.8147576e-22,3.5047383e-23,1.6896009e-11,0.0,5.233918e-20,1.1293785e-27,1.6084766e-24,1.1343709e-25,9.57e-43,3.7174e-41,8.2385823e-25,3.9222978e-35
186,186,187,5,0.0,1.5529472e-16,7.0379724e-16,3.991517e-21,1.1664e-40,1.0,6.3446616e-16,1.3483124e-17,2.324664e-13,1.5579773e-18,5.312474e-18,7.025322e-13,0.0,5.646424e-14,1.0044006e-22,8.2905785e-23,2.846875e-24,3.1530456e-30,6.667522e-28,5.54982e-20,4.476021e-28
187,187,188,11,7.826803e-34,3.0401048e-09,4.4547228e-08,3.7985113e-09,5.6603324e-37,1.0143783e-05,9.432803e-09,4.879844e-08,3.5219366e-06,4.032461e-11,1.4421124e-13,0.99998474,0.0,1.8096381e-10,1.0391404e-17,1.9390013e-10,1.5216693e-14,2.1202765e-27,2.8786962e-10,1.7067853e-13,5.5230457e-18
188,188,189,11,1.1505e-32,3.3994105e-08,6.2995857e-09,4.8421647e-08,2.419942e-37,2.5474858e-10,6.587239e-10,9.825677e-09,3.6642595e-07,4.2601858e-10,1.677223e-15,1.0,0.0,2.4893065e-12,1.803511e-18,2.0249831e-10,8.956876e-14,3.5004616e-31,1.3581395e-12,5.042439e-14,1.1986182e-19
189,189,190,11,1.1178847e-31,1.3314575e-07,4.9535853e-10,1.256559e-10,1.85731e-40,1.1926846e-11,9.224261e-13,7.5478564e-14,3.036975e-09,5.887441e-11,5.2740684e-18,1.0,0.0,9.242568e-15,7.24241e-22,4.169308e-14,1.6778355e-17,5.066e-42,7.529216e-23,3.079641e-15,1.848342e-21
190,190,191,11,1.9918357e-37,5.750505e-13,9.5659265e-11,1.0568231e-15,2.8e-44,4.29598e-15,3.0365705e-16,7.777735e-16,3.6029712e-12,2.4652322e-16,1.05803e-21,1.0,0.0,6.655159e-17,5.2202412e-27,2.7075963e-19,1.2316659e-20,1.4e-44,8.631569e-22,2.4334783e-20,8.770079e-28
191,191,192,11,1.9090828e-35,1.1119502e-11,1.0980791e-09,4.5661962e-15,0.0,3.956204e-17,3.1874023e-15,5.8645184e-16,5.0219807e-12,1.3186084e-15,3.1155396e-22,1.0,0.0,1.07927926e-16,3.2659867e-25,4.2079675e-18,1.471173e-20,2e-44,3.766222e-23,1.0265048e-18,4.517277e-27
192,192,193,11,2.0385392e-32,2.790373e-10,2.2986901e-09,2.6138569e-15,0.0,1.07226185e-16,3.862411e-15,1.2530997e-15,2.912204e-12,4.010931e-14,1.1684227e-23,1.0,0.0,4.498968e-17,3.0452533e-27,9.838031e-21,2.4991996e-21,0.0,9.2208e-31,7.554517e-20,7.0260996e-28
193,193,182,11,1.1657e-41,1.33483465e-14,6.7505326e-09,1.3928444e-16,6.54e-43,9.707799e-16,8.666729e-17,3.2498486e-14,9.0493335e-13,2.020016e-16,5.274797e-24,1.0,0.0,7.158598e-17,7.0327347e-32,1.1667474e-24,2.1056212e-21,0.0,2.7241066e-29,7.020913e-25,9.595527e-34
194,194,195,2,1.3085e-41,7.710334e-13,0.9999962,2.0452654e-13,9.882863e-37,1.0889204e-36,3.245018e-06,2.5467809e-14,8.0790057e-13,1.5740898e-17,1.9152213e-16,2.7174034e-13,0.0,9.186928e-14,4.1025537e-15,5.934995e-12,1.8134094e-12,9.626869e-28,5.5502205e-28,3.6522893e-20,1.5035615e-23
195,195,196,2,6.978988e-33,1.7138924e-11,0.999466,5.9822224e-14,1.960643e-35,3.92e-43,0.0005348136,3.1068393e-15,1.915817e-12,4.2966172e-16,9.796774e-11,1.0622242e-20,0.0,8.2299434e-10,8.9169254e-13,2.0401443e-07,7.2538346e-13,3.1822783e-21,1.037531e-27,1.5664077e-13,4.2073508e-21
196,196,549,2,3.4267494e-32,4.8338544e-10,0.9962762,6.3182385e-16,6.7564946e-36,1.82e-43,0.0037224106,2.2631069e-14,9.0277195e-12,1.7224109e-13,8.594043e-08,1.6512914e-20,0.0,3.3810334e-08,2.0039179e-12,8.000426e-07,2.6248094e-14,2.3710206e-13,8.202471e-29,9.7957376e-09,9.74552e-19
197,197,198,5,0.0,5.7937676e-22,8.3919425e-18,5.1573928e-21,8.7486e-41,1.0,1.3679024e-22,1.821874e-21,1.3149546e-18,2.8412162e-21,7.71812e-24,4.6574256e-09,0.0,2.778429e-21,9.371326e-32,2.9664747e-25,3.8726877e-26,1.26e-43,1.5137553e-36,8.3307785e-30,3.8952586e-38
198,198,199,5,2.2272e-41,4.3250275e-11,9.6098674e-08,2.9393078e-16,3.44368e-32,0.8524301,7.3913927e-16,1.2094752e-13,5.645638e-10,2.692361e-13,8.8110515e-14,0.14756837,0.0,4.8742156e-12,1.5372711e-28,9.912408e-18,4.865974e-24,2.871332e-36,1.1909239e-28,8.8556865e-17,3.0680622e-26
199,199,200,11,0.0,2.8451947e-15,7.993902e-06,7.908814e-15,1.2004754e-35,0.013236771,2.8110938e-14,1.438327e-13,6.552726e-11,1.5556635e-15,4.18479e-17,0.98675615,0.0,3.800692e-13,9.5026425e-26,6.506912e-20,3.6478478e-20,2.0963383e-38,2.4029168e-28,1.2320124e-22,7.3888714e-34
200,200,201,11,0.0,1.0567897e-17,4.0283797e-07,1.3950751e-12,3.70189e-34,0.017055584,1.8936407e-13,1.2487252e-13,8.077781e-11,1.4742153e-16,1.8511392e-18,0.9829429,0.0,3.6677967e-15,1.2150541e-25,7.588867e-18,3.0773584e-18,1.635303e-39,8.568461e-27,1.316219e-26,1.8655788e-34
201,201,202,2,7.134171e-32,1.5503527e-11,0.99793845,8.91522e-14,1.0100219e-37,3.126891e-19,1.1964568e-05,1.1550198e-11,9.327964e-08,1.096231e-13,1.6549005e-10,0.0020497593,0.0,3.0798852e-09,1.2844618e-22,3.31231e-10,1.4328722e-21,6.3809176e-33,6.0271842e-30,3.5664005e-15,8.361069e-27
202,202,203,2,1.26e-43,4.5374095e-14,0.99983215,1.7352429e-15,1.79089e-40,5.7805275e-20,3.3233626e-08,2.4730042e-15,2.7328617e-13,8.3564234e-17,3.0337353e-15,0.00016921936,0.0,1.6799919e-12,4.110846e-20,3.758731e-15,4.698747e-20,1.6315765e-32,1.3174973e-30,3.5327337e-18,2.8263998e-33
203,203,204,2,0.0,1.8317553e-14,0.87707347,8.847803e-13,2.0533436e-33,2.7617984e-12,4.8228105e-07,2.9426667e-13,2.2388283e-10,1.2605537e-17,3.711525e-16,0.122926995,0.0,2.8932772e-14,9.1691485e-20,1.2994158e-12,9.959569e-16,6.117797e-32,2.9868358e-24,1.9648787e-22,3.2323735e-32
204,204,205,2,1.7004349e-37,4.1744006e-14,0.99991995,3.5147001e-15,6.043189e-36,6.198606e-32,7.9585494e-05,4.521255e-14,2.0830304e-11,6.0255657e-18,2.7854218e-14,7.5468926e-10,0.0,1.0422356e-12,6.518045e-19,5.9665745e-11,3.8909487e-17,6.928293e-34,4.6005223e-28,3.4595241e-22,1.5994715e-30
205,205,194,2,5.123247e-39,3.0775653e-13,0.9999962,2.2221703e-16,7.68e-41,2.5303457e-38,3.9387287e-06,2.5478971e-15,9.026644e-14,1.6409455e-17,3.9876895e-17,7.0153063e-13,0.0,5.278789e-14,3.8237926e-17,4.6944795e-14,9.783636e-17,3.186918e-29,1.0151435e-30,5.0090652e-20,3.978752e-26
206,206,207,20,2.9242671e-15,1.255721e-09,2.6463104e-17,3.6735617e-17,1.7641244e-36,3.1822124e-24,1.2306195e-11,8.428372e-14,3.009852e-07,1.3880705e-16,0.00029000544,1.366385e-29,0.0,3.5146775e-05,8.385374e-05,5.9876896e-18,4.2498294e-18,0.0,7.3781067e-28,7.7085484e-11,0.99959195
207,207,208,10,4.9793387e-15,5.960881e-13,8.611266e-17,4.6677357e-19,6.7455975e-37,2.3480246e-27,1.7668303e-15,2.4707693e-15,4.798122e-10,7.5266214e-18,0.9999695,6.0957046e-27,0.0,1.4895137e-06,1.8324623e-13,1.755375e-16,1.6019691e-22,0.0,1.0598292e-33,1.1173887e-11,3.0080642e-05
208,208,555,10,1.9596698e-21,8.683438e-14,6.6814356e-17,3.411432e-20,2.0497796e-36,5.317997e-30,5.801985e-18,1.2571119e-15,3.2792978e-12,4.9684587e-18,1.0,1.0501771e-28,0.0,1.1202569e-07,1.833662e-16,7.88191e-17,5.43502e-23,2.2e-43,5.2598183e-35,5.9247364e-12,4.2778633e-10
209,209,210,13,1.5582675e-19,5.426171e-09,3.7894782e-10,9.623622e-16,5.2937913e-37,5.9051613e-35,7.6672447e-14,7.383855e-12,1.7592074e-11,1.3520123e-07,4.376436e-07,1.7982946e-28,0.0,1.0,2.4094164e-12,1.0664424e-13,5.269908e-17,4.0762452e-26,4.491459e-31,4.7183624e-12,2.5412165e-17
210,210,211,13,8.569797e-13,3.2564218e-09,1.9782902e-13,1.3233496e-16,3.0686633e-31,3.5964432e-30,4.568063e-14,7.486738e-09,9.89617e-09,4.687629e-05,0.00030272553,1.0681948e-25,0.0,0.99964917,4.3511676e-14,1.8561848e-14,1.0177064e-15,3.374722e-29,8.450772e-31,6.7527414e-11,1.7197185e-14
211,211,212,10,1.0102409e-08,1.5911345e-07,1.8993975e-15,4.114026e-15,7.559171e-24,4.7767155e-26,8.559268e-15,1.9645724e-06,4.513049e-08,0.007876647,0.85012764,8.1149086e-25,0.0,0.1419942,1.0869711e-11,2.6210485e-13,3.6942817e-14,2.8147148e-33,3.9915003e-29,3.4907817e-08,2.023648e-09
212,212,213,20,6.6494104e-06,2.688387e-07,2.4251508e-17,7.5856725e-13,2.1803475e-29,2.8053517e-29,1.338665e-13,1.1097859e-09,2.7120328e-10,8.833738e-06,0.14999178,1.4092472e-30,0.0,0.00018500652,4.0362704e-07,4.242905e-14,1.608909e-13,2.5e-44,6.8731324e-30,2.833961e-08,0.8498066
213,213,214,10,1.2467316e-12,5.00926e-11,2.4363974e-18,3.629794e-17,6.865107e-32,1.6619857e-33,3.1787178e-17,2.7079662e-13,6.612737e-12,3.9074283e-10,0.99999815,3.3425492e-30,0.0,1.0971638e-06,2.820491e-15,3.3500037e-15,2.8771022e-19,9.895e-42,3.2967232e-36,1.175508e-09,2.323164e-07
214,214,215,10,2.932142e-15,2.6907852e-09,4.5951434e-18,2.1281241e-16,5.2275043e-31,7.7677644e-33,1.3319797e-16,2.0321245e-11,1.599786e-11,3.324223e-09,0.99998474,1.0352635e-31,0.0,5.7574393e-06,9.254294e-12,1.8365402e-15,2.2213058e-16,2.571e-42,5.483348e-33,6.4101224e-10,8.334759e-06
215,215,216,10,1.8636006e-12,4.0043826e-09,6.560984e-17,1.0610136e-12,5.426835e-31,2.458623e-29,2.7996948e-15,6.3021026e-11,3.147476e-11,1.8015125e-08,0.99275184,5.702606e-33,0.0,8.2135935e-05,6.363937e-07,1.5795536e-14,2.1107607e-13,1e-45,6.953984e-32,6.4954137e-10,0.0071669547
216,216,217,10,3.2982272e-17,5.3192303e-13,3.569119e-17,1.3523981e-16,3.703742e-33,2.4953387e-31,2.0236312e-18,1.762318e-14,1.0333067e-12,1.6409392e-13,1.0,2.7314411e-30,0.0,3.0647405e-07,1.081935e-14,4.484047e-16,9.8314713e-20,1.43e-43,3.819309e-36,1.2887315e-11,3.014176e-08
217,217,206,10,2.5445463e-15,1.913199e-08,7.181409e-17,1.3890876e-16,2.8776728e-34,3.5123483e-26,3.9137306e-14,1.7443714e-12,1.3105245e-08,7.05373e-14,0.58474076,3.8513286e-32,0.0,0.0006370748,1.7868346e-05,2.49452e-16,1.5766505e-16,0.0,2.4612131e-29,7.4723255e-10,0.41460532
218,218,219,2,3.3174888e-36,6.291885e-14,1.0,7.6511924e-17,0.0,1.5731029e-35,8.0330737e-10,1.4392563e-18,7.584381e-18,1.3117739e-17,5.870645e-18,6.3498384e-10,0.0,6.0963003e-15,1.06500816e-19,5.8980815e-16,2.3796768e-18,2.4651375e-24,3.0183465e-31,2.6429998e-18,2.0187853e-29
219,219,220,2,1.56131385e-27,1.3557325e-12,1.0,6.5922508e-15,0.0,7.439238e-35,1.3973377e-06,4.928346e-18,9.668435e-17,1.6113574e-16,3.605953e-13,2.7209316e-12,0.0,1.4336128e-10,3.5975994e-13,1.4642391e-16,3.2096564e-16,8.7172165e-27,1.7158682e-33,6.9854635e-17,1.3569602e-25
220,220,551,2,1.6976122e-26,3.1948034e-08,0.84847206,2.9678433e-11,1.738e-42,3.9399367e-33,0.14559568,3.1399088e-11,5.641591e-10,1.151307e-11,9.423605e-07,3.1443614e-15,0.0,0.0059292065,1.6323816e-07,1.6420742e-15,2.3182359e-12,7.5887914e-30,1.7697105e-30,1.7288044e-11,1.7882852e-22
221,221,222,5,0.0,7.046635e-20,5.072207e-14,3.3386553e-19,1.7221955e-34,0.99997336,1.1665723e-19,1.1128677e-17,5.85187e-16,3.6884126e-20,4.2745366e-21,2.612066e-05,0.0,2.6547302e-19,4.9393215e-32,1.2188865e-21,7.28432e-25,4.02299e-40,1.167206e-31,4.7538225e-29,2.4893791e-37
222,222,223,11,4.246e-40,3.022917e-11,1.6888265e-05,4.837835e-19,1.3036519e-33,0.00012552788,9.1924615e-15,3.85875e-12,4.34138e-09,1.038405e-14,1.6150779e-12,0.9998588,0.0,2.1642832e-11,3.9940895e-29,1.4331758e-17,6.96882e-27,4.331487e-32,2.2555433e-26,2.2827445e-15,2.3740025e-24
223,223,224,11,0.0,5.502991e-15,0.0038091154,1.1555054e-17,7.2168e-41,4.4589685e-10,1.2045348e-13,6.2495658e-15,1.522838e-12,6.423363e-18,9.959635e-18,0.9961926,0.0,4.1412044e-14,1.4389938e-24,8.788429e-21,5.0044358e-23,2.199874e-35,1.1692093e-27,9.625181e-20,3.2644927e-32
224,224,225,11,0.0,3.3076137e-17,0.0006938555,1.5364723e-15,3.56422e-40,1.5138932e-07,2.7983542e-12,4.1976306e-16,1.7571005e-12,2.2812424e-19,3.4365755e-20,0.99930596,0.0,7.44567e-16,9.869483e-23,8.50606e-20,5.3387775e-20,9.314202e-38,4.2987223e-28,3.887671e-24,6.6790814e-35
225,225,226,2,3.8579084e-36,5.5929806e-14,0.9999886,3.248505e-17,0.0,2.2790472e-22,1.05237095e-05,9.2982696e-14,6.166577e-10,1.4808816e-18,1.2052414e-15,1.4310968e-06,0.0,4.5189837e-12,2.0234767e-18,1.1574698e-15,1.9648347e-21,1.1380971e-35,4.704983e-30,1.712525e-20,1.6832375e-27
226,226,227,2,1.1661827e-38,3.0386376e-13,1.0,2.0343751e-17,2e-44,8.497305e-27,2.7906415e-08,5.259611e-15,4.479316e-14,2.256991e-17,2.0664661e-18,1.0690484e-07,0.0,1.288541e-13,1.4935792e-17,1.1330953e-17,8.171589e-20,2.8388817e-32,4.3064672e-29,4.903363e-20,9.978247e-30
227,227,228,2,1.036113e-39,1.1329379e-13,0.99997336,1.182096e-16,7.05e-43,2.418253e-22,5.4681863e-09,1.3024907e-15,1.46819e-13,2.568533e-18,6.486247e-19,2.6156855e-05,0.0,4.071856e-14,7.621098e-18,1.8559623e-17,9.597363e-18,1.2266929e-32,2.2978463e-26,1.75991e-21,4.815729e-31
228,228,229,2,3.6785856e-30,4.277066e-13,1.0,1.4803613e-19,0.0,1.7650724e-37,4.3262412e-07,5.061703e-17,9.998593e-15,2.6881362e-18,3.588366e-18,1.30816495e-11,0.0,1.6241651e-13,2.6287721e-18,7.103539e-17,1.1952583e-18,3.4354178e-30,3.783375e-29,1.3409037e-20,2.5961105e-29
229,229,218,2,3.54174e-37,1.191479e-12,1.0,1.0211703e-17,1.8e-44,8.398803e-39,2.034143e-09,2.911473e-18,4.6493473e-17,7.5854844e-17,1.9584686e-19,5.1484164e-11,0.0,1.7150791e-15,1.9216501e-20,6.0882097e-16,1.021914e-18,4.8446745e-24,1.5229976e-31,2.952218e-17,3.8521133e-29
230,230,231,2,6.98075e-40,3.251593e-09,0.9999695,2.6341176e-14,3e-45,9.210858e-22,2.760473e-11,3.8907713e-09,2.6832998e-11,4.5806862e-11,2.1880655e-12,3.17452e-05,0.0,3.9099204e-09,9.218871e-22,1.9796848e-15,1.1774049e-19,1.6881089e-23,9.828586e-27,1.9073e-12,1.260179e-24
231,231,232,2,5.132798e-37,2.3913005e-08,1.0,1.2166172e-10,4.6e-43,5.9753304e-23,3.180403e-10,2.7151629e-07,5.4739e-11,7.760099e-09,4.6925375e-10,1.3701428e-07,0.0,4.6280837e-07,1.0299639e-19,4.1214775e-12,1.8514014e-17,6.6943573e-21,2.323566e-27,3.958768e-11,1.7561575e-25
232,232,1396,2,3.228863e-31,4.0304412e-06,0.99590385,4.0179607e-06,7.5822865e-36,1.6353046e-22,6.8558215e-08,0.0013255359,2.0938118e-09,0.0018368035,9.8953066e-08,5.4806755e-09,0.0,0.00092638686,8.2149523e-17,2.3566697e-09,9.9592765e-14,2.598701e-18,7.9129645e-26,1.6031658e-09,2.8014636e-26
233,233,234,2,2.2975113e-35,1.7776719e-10,0.99987036,2.7564349e-09,0.0,5.7922844e-23,7.0667866e-08,6.3902587e-07,2.4823177e-12,5.590925e-09,4.3998653e-17,0.00012877164,0.0,4.9198926e-11,1.4437869e-19,1.0036273e-14,9.352622e-15,2.776276e-30,2.341988e-33,1.0089282e-22,4.141909e-32
234,234,235,2,6.646925e-36,2.3982868e-10,0.99923354,2.2901128e-09,9.152724e-35,2.6175269e-24,1.6202822e-09,5.8095948e-06,9.602112e-13,3.0198428e-09,2.6550913e-14,0.00076080806,0.0,1.1765341e-11,1.147119e-21,9.803723e-12,2.8159034e-13,2.8070306e-23,2.1003097e-22,1.0930624e-19,1.8411505e-28
235,235,230,2,1.284e-41,4.2414733e-10,0.99740934,3.796506e-12,4.7169216e-35,4.8410903e-24,1.8782684e-11,2.6718465e-06,6.1402605e-11,1.27235505e-11,2.7766298e-12,0.0025863885,0.0,1.551388e-11,4.7089293e-24,8.8722725e-13,1.0645258e-17,5.929599e-23,6.197155e-20,1.8545418e-15,3.3597787e-24
236,236,237,20,6.6388904e-14,2.3737093e-12,7.798409e-17,4.9454326e-16,0.0,1.0054579e-31,1.3333112e-09,3.3527926e-14,2.0050114e-12,2.9473483e-15,0.00021075037,3.2032195e-33,0.0,1.9181611e-08,0.009138605,2.4723884e-17,1.070017e-19,1.8291019e-29,5.445369e-33,1.9759068e-13,0.9906522
237,237,238,10,4.6934366e-16,2.642261e-13,7.625235e-16,1.2487697e-18,0.0,1.0491649e-34,9.878928e-10,1.728051e-13,2.6903295e-12,2.215662e-15,0.99977106,6.261646e-28,0.0,3.4366339e-09,3.1906728e-09,2.9531331e-15,8.992924e-22,7.9081304e-20,1.7421392e-32,6.784115e-10,0.00022922164
238,238,573,10,3.123295e-24,3.5326212e-13,7.6635776e-17,4.976383e-20,0.0,1.1281934e-36,8.516123e-13,3.9496227e-13,2.8811196e-13,2.3424396e-14,1.0,2.1935287e-29,0.0,3.0325975e-10,3.790846e-13,2.4753354e-15,1.2750982e-22,1.296275e-15,1.4199891e-33,2.0046176e-08,1.3992339e-10
239,239,240,13,6.5892834e-30,1.1409867e-07,0.0015121934,1.2935262e-11,2.9960227e-31,5.9126954e-33,2.1454751e-11,1.2062316e-13,1.3773883e-10,4.274118e-11,2.1703984e-06,1.1526705e-24,0.0,0.99848294,8.160519e-08,3.208458e-08,1.6134927e-15,3.011357e-14,2.7368323e-31,1.5038097e-06,6.894756e-19
240,240,241,13,5.5209392e-18,1.4491457e-10,8.9485125e-13,3.4580303e-16,2.2727967e-29,8.9372916e-35,5.859649e-14,1.7556733e-12,2.219374e-09,6.258883e-11,6.921923e-05,2.8247397e-33,0.0,0.99993134,9.50465e-08,4.825743e-12,5.1875332e-17,1.849991e-23,5.4904645e-33,1.5513784e-08,1.7399974e-13
241,241,245,14,1.2189814e-18,1.509565e-11,8.2871925e-16,1.96569e-13,7.3395904e-36,3.627268e-36,1.2612977e-12,1.0370764e-11,1.4947908e-13,1.9108258e-11,3.0719052e-10,5.1843716e-38,0.0,0.00060534163,0.9993937,1.751504e-14,5.5736628e-14,1.1752123e-31,7.1815176e-32,1.8609643e-13,2.2633433e-11
242,242,243,14,9.7416654e-24,4.6352052e-14,5.8940105e-16,1.5097139e-12,0.0,2.7105984e-30,1.1713674e-09,5.9504242e-15,2.3639737e-15,3.7111444e-15,8.841873e-11,9.0592235e-33,0.0,2.1113439e-10,1.0,4.58515e-16,9.097188e-16,2.0595607e-29,3.4258423e-35,1.0711493e-17,1.3675528e-07
243,243,244,20,2.6846825e-18,6.3247385e-12,1.0517847e-13,3.2804908e-13,0.0,1.5415279e-29,4.3951763e-06,9.225709e-12,1.10995484e-10,3.1217626e-14,0.025291566,2.9406622e-25,0.0,1.5370239e-07,0.46666032,7.879977e-12,5.3748323e-17,8.1942746e-22,2.205443e-29,3.5985777e-11,0.50804514
244,244,236,20,6.732632e-17,8.459465e-12,1.2259964e-16,4.8257906e-15,0.0,4.3339992e-32,9.515457e-09,1.3956493e-13,7.240209e-12,3.725584e-15,1.4534567e-05,2.329905e-33,0.0,1.341618e-08,0.3205802,2.772539e-16,2.0403753e-17,2.1997964e-29,1.3393978e-32,6.401899e-14,0.6794039
245,245,246,14,2.9357666e-31,6.656877e-12,1.6139313e-13,6.5291744e-10,9.616e-42,4.9744377e-31,2.808452e-10,8.1992885e-12,7.362098e-16,1.1447075e-11,7.458051e-12,1.5542332e-31,0.0,4.7460638e-08,1.0,3.4022205e-11,1.0966589e-11,1.3264084e-22,5.802677e-31,6.3640285e-16,4.26138e-14
246,246,247,14,1.26433326e-26,2.6849163e-12,3.888731e-13,8.32349e-11,0.0,2.6436116e-28,2.347849e-09,2.2861475e-11,2.30983e-14,1.2999272e-11,3.668793e-06,7.650453e-27,0.0,1.3049082e-07,0.9999962,2.7844393e-10,4.8339945e-13,3.0483938e-18,4.0743405e-30,5.097387e-13,1.8123265e-09
247,247,242,14,5.681911e-26,5.050794e-14,3.116845e-16,9.370523e-13,0.0,8.431194e-31,1.5807626e-10,3.0613103e-15,3.007818e-16,3.2136153e-15,1.4375495e-11,2.3332134e-33,0.0,1.2998337e-10,1.0,2.0390857e-15,1.2732806e-14,2.1841102e-29,2.1207693e-35,5.278235e-18,1.6017536e-09
248,248,249,14,1.3760204e-21,2.2963193e-13,5.5239813e-15,4.613804e-15,6.546542e-37,1.4612593e-31,2.7963198e-09,4.778388e-13,2.5669415e-14,2.0008843e-13,2.0728675e-12,5.216884e-32,0.0,3.316876e-09,1.0,1.3625853e-14,1.6428553e-10,3.4675865e-28,2.486502e-38,1.8401157e-16,6.1210195e-24
249,249,250,14,1.5358414e-20,8.582354e-14,1.8302946e-15,9.250111e-16,1.1398078e-37,4.301898e-31,9.261508e-10,1.2516637e-12,3.865833e-14,2.6899178e-13,1.029159e-11,8.4651536e-33,0.0,8.962264e-09,1.0,1.0309644e-15,1.1924668e-10,2.2977886e-30,2.4609108e-38,2.6163294e-16,1.2932772e-22
250,250,587,14,1.6247863e-19,8.9486104e-14,6.1614765e-17,2.2254954e-16,1.83962e-40,5.926231e-30,2.724372e-10,4.7545886e-12,4.0259534e-14,3.4204744e-13,1.4073859e-11,6.3559645e-34,0.0,1.2808257e-08,1.0,2.6386595e-17,4.5619928e-11,4.180418e-32,3.4183719e-37,1.0231672e-16,4.4867068e-20
251,251,252,2,9.4868695e-37,2.519952e-08,0.99997705,8.445063e-17,0.0,3.3646236e-26,1.3177677e-09,1.4025238e-20,2.2160449e-13,9.265054e-15,8.3847166e-24,2.4746589e-05,0.0,1.884455e-11,2.6199737e-17,2.0088934e-19,9.9422626e-23,2.2670868e-32,0.0,3.8799403e-15,3.0116725e-33
252,252,253,2,2.0521397e-31,0.00023905392,0.98282284,2.7735057e-13,2.245e-42,1.2851152e-27,1.2225368e-07,1.2543891e-18,2.682279e-09,3.012381e-13,3.9577068e-13,3.3673328e-11,0.0,2.4256178e-06,2.304337e-15,2.8999143e-09,1.6619897e-21,1.26163e-19,3.8e-44,0.016934674,3.3447329e-21
253,253,257,17,5.585765e-32,5.211423e-06,0.00026040783,1.1016328e-09,3.494362e-32,1.4130757e-36,1.787522e-06,3.9280314e-13,8.815032e-11,8.434533e-10,1.4074517e-09,3.8452872e-21,0.0,5.2154828e-05,9.872266e-09,0.009713939,4.594883e-17,0.98782575,2.2013244e-29,0.0021424252,3.6970296e-22
254,254,255,14,4.6434213e-27,1.0171097e-13,7.1475296e-14,3.840256e-15,6.4419506e-37,4.019362e-33,1.862834e-11,9.13231e-15,5.858839e-16,3.688649e-14,7.774815e-12,1.3786818e-32,0.0,3.822875e-09,1.0,1.9394936e-13,2.3911313e-12,3.754255e-25,2.024775e-39,2.5728922e-14,5.8125946e-26
255,255,256,14,6.6855165e-24,2.6394792e-14,3.551641e-16,1.5873814e-15,3.2287158e-38,1.0901041e-30,1.2698387e-11,4.364866e-14,7.281659e-16,4.4527556e-14,5.096942e-12,2.8973261e-32,0.0,5.602259e-10,1.0,9.589834e-16,3.8200844e-12,3.909224e-29,7.638276e-39,9.104791e-16,1.5842896e-23
256,256,248,14,8.813033e-22,6.944607e-15,4.605816e-17,1.1278786e-15,2.12143e-40,8.373755e-31,4.113783e-11,2.8265132e-14,1.7074993e-16,9.692892e-15,2.5907792e-13,1.00294824e-32,0.0,1.0033384e-10,1.0,1.2122957e-16,9.72453e-13,1.6343144e-28,1.1340656e-37,1.1054717e-17,1.0918939e-22
257,257,258,17,3.5285737e-32,7.625506e-06,9.48782e-05,1.0168819e-11,4.799684e-30,1.9333934e-34,2.2166519e-07,1.381824e-11,2.5418542e-11,1.2354043e-09,6.508144e-08,2.680267e-22,0.0,0.0070911087,0.00028847842,0.00024399027,9.716724e-17,0.9922066,3.4871336e-31,6.554871e-05,8.237153e-21
258,258,259,14,2.997605e-28,2.7929955e-08,2.2849558e-09,5.66874e-14,5.2368744e-35,5.366921e-33,4.9303783e-10,7.5862025e-11,1.1126663e-13,9.95546e-10,4.6337894e-07,2.9402347e-26,0.0,0.0015164624,0.99848294,1.478027e-09,5.438962e-15,3.6667303e-09,2.0814188e-33,1.3434112e-07,5.18774e-21
259,259,254,14,3.3069658e-27,5.924513e-15,1.256992e-15,2.0735912e-16,2.64397e-39,2.1916915e-34,1.7999897e-13,2.9432699e-15,9.119067e-18,2.148747e-15,3.0597155e-12,5.637735e-34,0.0,1.5179221e-09,1.0,5.5751272e-15,2.8790402e-15,4.2119212e-24,4.099424e-38,7.8576324e-15,9.644158e-25
260,260,261,5,7.63408e-39,6.0390823e-15,2.3719044e-15,4.5907703e-15,1.657094e-39,1.0,1.1981903e-16,3.404222e-17,7.1960247e-17,9.043842e-14,7.580415e-19,2.9065594e-09,0.0,3.5055497e-18,1.5648498e-27,4.374354e-20,6.1405943e-24,8.15068e-40,3.3636914e-38,3.3137718e-20,4.0573063e-32
261,261,262,5,1.9723859e-32,5.331592e-13,5.7034503e-12,1.8178509e-10,5.217555e-34,1.0,1.4718785e-15,3.8893796e-15,3.322918e-16,4.4369786e-10,3.54524e-15,1.560354e-06,0.0,3.677617e-15,6.4137764e-22,2.708397e-15,5.3174736e-21,9.4232645e-33,4.008137e-34,8.35193e-17,4.1784676e-27
262,262,1366,5,3.7293058e-32,5.907554e-11,3.486654e-09,3.0354727e-07,1.3813831e-31,1.0,7.8671736e-14,1.00421746e-13,7.257104e-12,3.549131e-11,4.036757e-10,1.6266193e-07,0.0,6.142225e-12,9.740385e-20,9.838987e-10,2.8224427e-20,9.506162e-33,9.82463e-31,3.109571e-12,6.994405e-22
263,263,264,5,0.0,2.6575876e-19,8.733486e-21,1.3440219e-21,0.0,1.0,1.05276104e-19,6.0363424e-22,2.573821e-17,1.1725143e-20,1.6313973e-23,3.2977427e-13,0.0,1.618525e-20,1.6168855e-25,6.3884415e-26,1.1339903e-25,4.912e-42,6.43136e-40,3.807535e-24,8.4422935e-32
264,264,265,5,3.0638e-41,2.0522583e-15,1.443944e-15,3.066744e-16,0.0,1.0,2.5557808e-16,1.4766945e-20,1.7635845e-15,1.307392e-18,8.596356e-19,2.3924636e-12,0.0,2.7343796e-16,1.3063594e-19,6.4873784e-21,3.0759422e-23,1.936779e-37,4.39767e-40,1.3768206e-18,1.5915085e-25
265,265,260,5,0.0,1.5685369e-20,5.2277408e-17,7.8045175e-15,1.8e-44,1.0,1.4882948e-18,4.9920764e-17,1.9949527e-15,4.204724e-19,3.9285867e-20,5.2512817e-11,0.0,2.7529008e-19,1.9588576e-26,2.886201e-21,2.677703e-21,5.0038077e-37,1.4682745e-35,1.2953583e-26,7.095492e-33
266,266,267,11,0.0,1.0369063e-11,0.047761727,2.8591786e-13,2.8991652e-37,6.9596723e-07,3.5404882e-12,5.777538e-17,2.5232655e-12,4.1407917e-15,1.4604087e-21,0.9522359,0.0,3.477601e-13,1.4706856e-19,9.9932304e-20,8.184713e-15,7.329076e-27,3.221116e-29,1.3530999e-16,8.5735216e-36
267,267,268,2,6.6527162e-34,1.66384e-08,1.0,7.474437e-17,1.5e-43,1.0512788e-29,5.5273308e-08,1.7582654e-14,1.8316193e-10,2.9317928e-09,2.2165282e-19,2.8678494e-07,0.0,7.337644e-10,1.4159539e-18,2.4689563e-18,1.6485791e-12,9.1210575e-24,2.259612e-30,7.443146e-15,6.4850907e-32
268,268,620,2,2.5530889e-33,2.2970006e-07,0.99987406,2.3638665e-14,2.6140376e-29,0.0,0.000109282904,1.8987266e-12,1.5319697e-10,1.8873362e-07,3.725026e-17,9.3323344e-17,0.0,2.4111855e-09,1.6825858e-16,7.8190045e-14,1.7092423e-05,1.204518e-18,2.902383e-31,4.0299e-15,3.612129e-31
269,269,270,5,0.0,1.639317e-19,5.9962977e-21,3.0439636e-20,0.0,1.0,8.709598e-21,1.2333115e-20,3.3777173e-17,5.426496e-19,5.067489e-21,3.380391e-14,0.0,1.0519667e-18,2.62276e-27,1.1180518e-22,2.1547396e-22,1.03196e-40,3.483894e-36,7.6211205e-27,9.854723e-33
270,270,271,5,0.0,2.797409e-16,8.800276e-20,2.9900767e-22,1.041e-41,1.0,1.5571142e-20,4.183477e-19,4.515513e-15,7.742032e-17,1.3154958e-19,5.3978767e-13,0.0,6.0094574e-16,5.6591737e-27,3.2892046e-25,4.866775e-23,1.4044e-40,2.1397664e-37,5.7992706e-23,2.0548208e-29
271,271,272,5,0.0,6.115637e-21,3.1730809e-19,5.5628975e-20,0.0,1.0,3.1196936e-20,9.563287e-21,1.4346814e-15,1.187698e-21,3.623119e-21,8.735349e-14,0.0,1.9301891e-18,4.3534014e-25,2.8809496e-24,2.3374572e-23,8.928e-42,7.252272e-39,7.796172e-26,1.2178248e-32
272,272,273,5,0.0,1.3928459e-21,2.8680604e-20,2.992386e-19,0.0,1.0,1.3181424e-20,2.558836e-22,3.0163763e-17,5.4773993e-22,2.2530367e-22,7.633654e-14,0.0,1.1683582e-19,2.1131255e-24,3.8436684e-24,2.440028e-23,1.68e-43,3.54718e-40,1.419691e-26,2.482026e-33
273,273,274,5,6e-45,3.1018557e-14,2.0463537e-17,6.3133625e-19,0.0,1.0,2.5342351e-18,1.757416e-19,1.7454353e-13,1.8370576e-16,3.831874e-21,5.113189e-10,0.0,4.1005646e-16,1.2690712e-22,6.9909534e-25,2.3216956e-20,2.702e-42,1.084413e-39,1.1321086e-20,1.954519e-28
274,274,275,5,0.0,5.663192e-19,5.652107e-16,1.1480407e-17,5.884e-42,1.0,8.500031e-19,6.3366693e-19,1.0434649e-12,4.2984935e-20,2.6448507e-22,6.6144117e-09,0.0,4.50826e-18,7.0739544e-25,1.9503075e-24,2.6048707e-21,8.06e-43,2.9743124e-35,1.9493704e-24,1.2615296e-33
275,275,276,5,0.0,3.5768963e-20,3.6879836e-16,6.0478107e-18,5.6882548e-37,1.0,9.927767e-19,1.6571174e-18,2.430509e-13,5.1467206e-21,1.1982603e-21,2.4674343e-08,0.0,3.6364845e-19,5.475153e-26,1.9081272e-22,1.6275334e-20,1.335e-42,4.5654323e-29,1.1938088e-26,1.1597082e-34
276,276,277,5,0.0,5.9678656e-13,1.6545921e-09,1.5628575e-19,2.0244793e-34,0.9951784,1.32025e-14,6.380361e-17,4.8351795e-11,1.1850766e-15,8.698015e-20,0.004820963,0.0,1.0185735e-13,1.1556567e-22,1.9400474e-22,3.3479308e-17,1.127037e-35,1.4294003e-28,4.2177497e-20,5.8003696e-33
277,277,266,11,0.0,5.0771654e-13,0.0001567162,7.777535e-14,4.3947955e-34,0.09519266,4.9407825e-13,7.870888e-16,4.295481e-11,1.7048502e-16,6.759614e-21,0.9046525,0.0,3.7762955e-14,3.7846773e-20,3.809446e-20,2.1836594e-15,1.8710354e-29,6.349441e-28,7.172589e-18,2.2483781e-34
278,278,279,11,6.38e-43,3.3433556e-13,0.0016353081,1.6674598e-18,5.3000607e-35,9.598058e-18,2.6512164e-13,8.142908e-18,5.0285566e-12,1.6244788e-16,2.400487e-22,0.9983648,0.0,1.3818424e-15,2.4216572e-24,3.6163958e-20,2.275214e-24,8.734457e-35,5.2907686e-35,1.1710852e-18,5.419402e-26
279,279,280,2,3.832385e-29,0.00013531443,0.6094553,9.975515e-21,8.127915e-34,5.583303e-14,6.382585e-07,3.8932226e-16,0.00028465132,1.2932536e-13,1.7457415e-13,0.39007294,0.0,4.7478798e-06,9.408203e-13,7.6090203e-16,7.574221e-21,1.053273e-23,2.4198995e-34,4.4523513e-05,1.6027374e-17
280,280,599,2,1.1329533e-31,0.02070531,0.9687268,4.7073147e-16,2.8755315e-35,6.1909473e-18,7.6337066e-08,2.635196e-12,0.00015090982,7.195522e-12,7.309344e-10,0.000114381226,0.0,0.010259652,1.0189759e-09,4.548662e-12,1.9382409e-16,3.1428853e-23,4.830632e-31,4.39052e-05,9.283022e-16
281,281,282,5,0.0,1.3322673e-19,3.510164e-19,4.747131e-16,0.0,1.0,9.579164e-22,6.95416e-20,1.8038267e-19,3.6392913e-17,3.973908e-21,7.246841e-12,0.0,4.0186967e-21,5.7304895e-28,4.7046814e-21,2.4774319e-23,2.9429592e-35,7.5391396e-36,1.1151883e-24,2.3648551e-32
282,282,283,5,0.0,9.877046e-17,2.8772777e-19,4.0477854e-16,1.08186e-39,1.0,4.489923e-21,1.364087e-16,2.6543582e-17,1.5343713e-13,7.412296e-21,3.695177e-10,0.0,7.2452634e-20,4.0064327e-30,7.3259086e-22,1.03864645e-22,4.186442e-36,6.355896e-33,4.783924e-24,8.125663e-31
283,283,284,5,0.0,4.559834e-19,9.488729e-19,1.104399e-13,1.0326e-41,1.0,5.8294855e-21,1.7798117e-15,4.0292656e-17,6.4009183e-15,1.198453e-20,2.1665156e-09,0.0,2.5265589e-20,7.336869e-30,8.634438e-21,2.0892123e-20,1.1621073e-36,7.140192e-31,1.016222e-27,4.936819e-31
284,284,285,5,0.0,4.9262973e-18,4.033003e-13,1.3701261e-16,2.06e-43,0.9958335,1.3430092e-18,6.707601e-20,7.174286e-18,7.289353e-17,1.7111447e-23,0.004166374,0.0,2.3317609e-20,2.9449545e-30,1.2011935e-22,9.327639e-24,1.9125423e-38,4.4237165e-38,3.0964235e-25,2.1300538e-34
285,285,286,11,1.1e-44,8.585759e-14,2.3338385e-09,3.1084234e-18,2.7506936e-36,0.057948433,1.5680577e-13,4.7353903e-17,2.7924982e-13,1.6439051e-14,1.9015792e-23,0.9420507,0.0,5.552348e-17,5.384185e-26,2.2016502e-23,1.6656773e-21,1.550486e-37,2.291687e-38,2.2180063e-21,9.88771e-33
286,286,287,11,0.0,1.8505975e-16,1.5069113e-09,3.3698168e-16,8.613101e-33,0.0013273905,9.480993e-14,7.2204736e-16,5.589371e-12,7.9242305e-19,1.6269357e-22,0.9986734,0.0,3.1572155e-19,1.9545956e-26,3.777424e-19,3.1500908e-21,2.1772965e-37,1.1741677e-32,4.21636e-23,1.0385194e-30
287,287,288,11,0.0,6.183003e-15,5.2831535e-09,1.39694825e-14,1.0964806e-38,0.01280053,3.3251546e-13,3.1308469e-16,2.046686e-13,2.94529e-16,5.321921e-20,0.9872003,0.0,1.3667792e-17,2.6770951e-25,3.6410965e-17,8.897352e-21,1.915809e-35,1.3193122e-31,4.7703936e-20,8.186065e-28
288,288,289,11,7.8e-44,1.9258545e-13,2.5408973e-09,9.490346e-14,7.241191e-38,0.0010220115,8.840714e-14,1.0227385e-15,3.961334e-12,5.3462528e-14,7.653775e-21,0.9989782,0.0,2.8011237e-17,2.4001891e-26,7.165835e-18,2.8344084e-20,5.29272e-40,2.609188e-35,5.6992325e-19,1.3393558e-26
289,289,278,11,0.0,8.353791e-14,1.40134725e-05,1.0548184e-13,5.0453727e-33,1.3983412e-12,8.392252e-13,4.3920556e-15,5.138466e-12,7.1643105e-16,6.5979813e-24,0.99998474,0.0,6.3772885e-19,2.4331208e-24,1.0626954e-18,6.0565085e-20,7.558515e-37,2.6067345e-32,4.4222993e-23,6.179007e-26
290,290,291,2,1.3363576e-37,1.6920585e-11,1.0,4.15638e-15,1.3730212e-36,4.0598494e-30,6.408066e-11,1.1899974e-13,9.908239e-13,2.2162962e-15,3.5435996e-10,9.635843e-11,0.0,9.39929e-09,2.8055296e-17,3.646193e-12,8.512959e-16,6.0422403e-22,8.7336766e-23,1.5697232e-11,2.0373822e-23
291,291,292,2,1.8805793e-31,9.7864366e-09,0.9985401,1.6283564e-16,1.786544e-32,1.3262e-41,8.051797e-08,1.2168474e-13,9.45548e-13,4.1388754e-10,6.3105114e-07,6.418728e-20,0.0,0.0014594529,5.658952e-14,1.0570274e-10,1.5528777e-14,7.375985e-16,5.966568e-28,1.2864042e-06,7.696913e-26
292,292,576,2,1.2060848e-27,2.1886875e-08,0.5328656,2.1387468e-14,1.845135e-23,4.4775976e-33,1.1824359e-06,6.052587e-11,4.259585e-10,2.2648422e-07,0.0007739367,1.2278779e-16,0.0,0.46626887,1.6519985e-11,4.0354795e-10,2.2344578e-12,2.0193753e-17,1.4422359e-32,8.960539e-05,9.808861e-24
293,293,294,5,0.0,8.702509e-17,4.7451057e-15,3.742935e-15,8.166133e-36,1.0,1.3101824e-19,1.430724e-16,3.8914293e-14,4.5345176e-15,5.2364496e-22,3.4187224e-08,0.0,9.3570016e-17,5.492031e-27,6.948308e-25,2.7265297e-21,3.39e-43,4.60636e-40,8.188072e-26,2.527834e-33
294,294,295,5,3.845437e-27,0.0014169428,2.4302462e-08,1.11681565e-07,3.2177974e-23,0.90007776,4.856695e-12,8.568716e-06,4.7036406e-06,0.096655585,7.2063555e-09,0.0017930156,0.0,4.1689458e-05,7.982634e-19,2.9515805e-14,1.1498005e-13,4.945522e-33,2.169245e-31,1.3499643e-10,2.418341e-18
295,295,296,5,0.0,5.8584367e-16,2.7405086e-13,5.6055895e-19,5.948058e-32,0.99999046,1.8396718e-18,3.2430111e-15,2.174274e-12,3.1489567e-16,3.778449e-18,9.954664e-06,0.0,1.2667958e-14,1.198335e-26,5.734572e-23,2.1117336e-22,4.523215e-39,5.842524e-31,2.8493456e-21,6.64654e-30
296,296,297,5,0.0,9.627252e-17,6.317138e-10,2.6748578e-19,4.0146515e-36,0.9904538,1.483704e-17,4.4120507e-17,3.3691972e-14,2.8222857e-17,1.928472e-20,0.009547027,0.0,9.980906e-16,6.851158e-26,1.4864187e-23,1.3540517e-21,4.969963e-38,5.540031e-26,5.0578255e-24,1.055862e-34
297,297,298,11,5.019632e-32,3.3461698e-09,0.012734245,2.5054368e-18,1.91274e-40,7.583034e-15,5.811364e-15,9.099444e-16,1.3723663e-14,7.3541206e-10,2.9371413e-18,0.98726445,0.0,1.2945086e-11,5.2850892e-24,2.049372e-22,2.5830023e-21,1.6134328e-28,1.5010748e-30,6.182652e-14,6.234781e-29
298,298,299,11,1.39955e-40,3.479142e-12,0.0001433814,6.0255456e-17,1.0955535e-36,4.2306423e-12,3.4465356e-15,1.9776761e-16,1.6228602e-11,3.2646083e-15,3.1716635e-20,0.9998551,0.0,2.3595062e-14,1.6991113e-23,1.1883098e-21,2.5580875e-20,1.16879e-35,1.1325754e-27,2.7366547e-16,4.2655554e-31
299,299,300,11,4.34e-43,2.6931623e-13,0.0011181096,6.4478676e-17,1.933795e-39,1.0094948e-13,2.1150548e-15,6.4710013e-18,2.4626983e-13,6.784353e-16,2.5184168e-21,0.998883,0.0,1.969517e-14,2.5787861e-23,1.0743138e-22,1.1805937e-19,7.2435427e-37,2.2116796e-27,6.8917323e-19,2.466469e-35
300,300,301,2,9.818999e-33,2.3100917e-09,0.9999923,4.8444517e-17,1.2294e-41,1.7817514e-26,7.529771e-13,2.3743463e-17,4.1752086e-16,1.3124143e-10,8.292469e-17,9.471687e-06,0.0,2.3010853e-09,1.4933385e-19,2.1610145e-20,3.471416e-18,2.9908362e-25,6.815425e-32,1.9404567e-12,8.974989e-32
301,301,290,2,1.9487191e-36,4.7488454e-11,0.9999886,1.281867e-15,1.929005e-39,1.8080048e-23,4.6654226e-11,3.761085e-14,1.3998044e-11,1.8270865e-14,2.1202035e-12,1.0135892e-05,0.0,1.1024067e-08,1.2397757e-17,6.0946927e-16,6.0699784e-17,8.292467e-25,2.963736e-26,8.945002e-12,2.0080149e-24
302,302,303,2,1.9075352e-32,9.594056e-13,0.9566304,4.796131e-16,6.98493e-32,2.916077e-24,2.5712074e-12,7.807473e-13,9.247061e-12,8.216971e-14,2.8264563e-16,0.043369763,0.0,3.814318e-12,2.8379348e-28,1.0085007e-15,2.2513123e-20,1.9622073e-27,4.0504123e-23,2.914205e-19,1.3251703e-28
303,303,304,2,1.741674e-39,5.670167e-14,1.0,1.5600374e-15,1.0929698e-28,5.872084e-39,2.5758201e-13,1.4788066e-15,5.8827793e-16,2.0934413e-12,6.6323845e-14,4.0978404e-10,0.0,2.0793085e-10,3.5873625e-28,1.37519085e-14,2.9543877e-20,6.5785004e-25,5.9502973e-27,2.2760467e-17,1.7880575e-32
304,304,1397,2,6.2872645e-33,9.228212e-11,0.99997336,2.951517e-11,6.0060437e-38,4.5494932e-35,5.1238297e-10,1.05275955e-14,7.4808385e-14,4.6066624e-08,1.7882705e-08,5.919191e-12,0.0,2.8299031e-05,5.121389e-17,2.7804047e-11,3.4999291e-15,1.7972945e-19,4.55876e-32,1.909129e-10,2.146027e-23
305,305,306,5,0.0,2.3237147e-21,1.1699772e-19,1.3116662e-21,0.0,1.0,9.51572e-22,4.488583e-23,2.160069e-18,2.0028466e-21,2.2774468e-23,4.826222e-12,0.0,6.095587e-20,2.5522493e-27,1.812775e-25,5.944041e-25,2e-44,3.015917e-39,1.4524316e-27,1.00419855e-35
306,306,307,5,6.4995e-41,1.2515801e-12,1.8282344e-13,1.267201e-19,1.512847e-39,0.99999815,6.5825904e-18,1.6433134e-17,8.170112e-12,3.7355442e-16,1.10493264e-16,2.7961055e-06,0.0,5.604997e-13,1.8535209e-25,2.0843396e-21,1.7502195e-24,1.23222e-40,1.0270371e-34,5.9381704e-18,5.640512e-26
307,307,308,5,0.0,1.496863e-19,7.560132e-14,3.8315378e-21,6.9e-44,1.0,5.498321e-19,3.8750933e-20,2.1695938e-15,9.092967e-21,1.0998919e-21,1.5929018e-07,0.0,8.657609e-17,3.7310552e-25,5.4281144e-25,1.8415128e-24,9.036e-42,1.7144552e-33,6.8133177e-25,9.473932e-35
308,308,309,5,4.36e-43,6.4051593e-18,1.1068259e-10,6.935092e-18,1.0546e-41,0.99988943,4.30697e-17,4.350578e-18,2.3828597e-15,5.2477186e-18,4.203198e-20,0.00011092681,0.0,1.751069e-15,2.8830288e-23,2.9681208e-22,2.5457229e-21,5.3305276e-38,6.882851e-27,4.12227e-24,1.7338442e-33
309,309,310,11,2.5350297e-32,3.5073658e-12,0.0021279757,3.3050247e-19,7.47e-43,1.6683366e-12,6.0630163e-16,2.620315e-16,6.775153e-14,8.328206e-15,5.6104063e-18,0.9978736,0.0,7.2618673e-12,1.585473e-25,1.5809036e-22,2.944299e-25,6.7530255e-33,4.8449467e-26,7.7942456e-17,7.0632927e-28
310,310,311,11,7.17003e-37,3.859907e-15,0.00038338374,3.9462525e-19,4.844416e-39,7.560075e-14,1.4195147e-15,9.093783e-17,2.1498561e-13,5.2697473e-17,2.5721388e-20,0.99961483,0.0,3.446603e-14,1.0006137e-24,1.7911797e-22,6.4002786e-24,1.1025899e-34,2.5682116e-24,4.2235806e-19,3.062956e-31
311,311,312,11,1.0577727e-34,3.3145515e-15,0.00011174737,5.631161e-18,8.60096e-40,4.273557e-14,1.1177013e-16,2.6351474e-18,4.0183084e-16,3.656383e-15,5.2427655e-22,0.99988943,0.0,6.5317976e-15,2.8441707e-25,9.957211e-24,1.3231292e-21,1.8227344e-38,6.086271e-27,1.6855818e-21,6.857503e-36
312,312,313,2,3.5364317e-31,4.7777027e-10,0.9689597,3.8427873e-17,7.065813e-39,7.8493155e-27,1.5030816e-13,7.98466e-15,3.948418e-13,3.7351566e-10,1.4640093e-17,0.031041473,0.0,5.260705e-11,7.140779e-27,8.1605006e-20,2.2192672e-21,1.0195165e-31,3.1974545e-27,1.7725077e-15,1.2171398e-28
313,313,302,2,1.7328409e-31,5.4923486e-11,0.76124465,1.4753912e-16,1.3352016e-36,1.646923e-23,3.758163e-12,2.5099107e-13,4.5574897e-10,2.1388132e-13,2.0218739e-16,0.2387563,0.0,1.53945e-11,4.68647e-26,3.628356e-16,9.487092e-21,1.2993508e-28,2.2918782e-24,3.6679624e-16,1.2786709e-26
314,314,315,5,4.290409e-39,5.856476e-14,3.0994914e-13,5.4198864e-15,6.0772832e-30,1.0,3.000176e-15,8.281698e-15,1.1247174e-13,1.2783385e-12,3.2837881e-18,2.2441247e-07,0.0,8.669374e-17,1.449276e-28,3.1383648e-18,5.1223862e-24,1.9294996e-38,2.1676525e-35,6.9198404e-19,3.446151e-32
315,315,316,5,2.4089078e-37,7.904446e-14,7.706726e-11,4.260472e-13,6.095585e-28,0.99992746,8.940452e-15,1.6860314e-14,2.1737547e-13,7.880789e-12,2.3314077e-18,7.1145114e-05,0.0,9.431367e-16,3.5788388e-25,3.3061487e-18,5.705682e-23,2.4644912e-37,3.5267094e-36,2.653191e-19,3.1069444e-31
316,316,1372,5,1.284549e-31,4.8455753e-11,3.5697517e-06,3.055055e-09,1.21894574e-23,0.9320207,8.941351e-12,2.3097907e-10,7.266946e-10,6.7983114e-10,4.5108516e-13,0.067976385,0.0,2.5485341e-11,4.0482118e-19,4.01448e-15,6.5868225e-22,2.3006686e-35,1.342963e-33,7.2841874e-16,2.1471652e-23
317,317,318,5,0.0,2.2193353e-21,8.0577923e-22,3.988564e-21,0.0,1.0,9.052434e-22,5.451094e-22,1.1400144e-18,1.1713475e-20,2.2468474e-23,2.3344748e-13,0.0,1.0339984e-20,1.4287469e-27,2.1835066e-25,1.4785008e-24,1e-44,2.0454033e-38,4.872503e-28,1.5052691e-34
318,318,319,5,7.54e-43,1.351092e-18,5.3061527e-19,1.4715556e-19,0.0,1.0,4.5673674e-21,9.8353953e-23,1.5715681e-19,6.593494e-19,6.48176e-22,1.2214714e-11,0.0,4.5341104e-19,5.133137e-27,7.065655e-23,5.425196e-25,9.697e-42,7.81801e-40,1.577391e-23,1.9019694e-32
319,319,314,5,0.0,1.1219891e-18,1.5184148e-16,1.226539e-16,3.011978e-36,1.0,8.3698196e-18,4.051582e-18,3.0596526e-15,4.68388e-18,1.1141232e-20,1.3691225e-09,0.0,3.935789e-19,1.0251032e-27,1.1100592e-20,3.1001247e-24,2.5633193e-38,1.2813204e-36,7.196442e-23,7.4896705e-34
320,320,321,5,4.920677e-35,2.9995985e-11,1.2911555e-10,7.19711e-13,2.3866e-29,1.0,1.6647564e-13,2.8070767e-13,6.823819e-12,2.097624e-10,4.1891364e-16,3.2316876e-07,0.0,2.1374172e-14,2.4400058e-26,1.2965914e-15,3.59783e-22,4.893007e-37,7.044351e-35,3.0691903e-16,1.1350865e-30
321,321,322,5,1.1171732e-30,9.985927e-10,2.9664553e-08,8.513691e-12,6.506793e-26,0.9995233,4.771414e-12,8.847301e-12,8.0361695e-10,6.2398684e-08,1.1764568e-13,0.00047658663,0.0,1.2173454e-11,7.906067e-23,6.8374105e-15,1.8697742e-20,1.7355231e-35,3.9949483e-34,4.2046543e-14,2.15744e-27
322,322,1375,5,2.8998747e-21,3.5700886e-08,2.063148e-05,1.4305605e-08,1.2586506e-25,0.5590309,1.1212199e-09,1.0722989e-08,1.9256842e-07,9.895576e-07,1.5118329e-07,0.4409462,0.0,5.7791297e-08,2.4356924e-17,1.5900079e-12,6.733524e-19,3.2867425e-35,7.256342e-31,1.0188893e-11,3.9860735e-19
323,323,324,5,0.0,2.0606704e-20,4.43706e-19,1.0321568e-15,3e-45,1.0,7.100297e-22,2.6040982e-19,9.1720875e-20,6.40526e-17,3.3019844e-21,5.651041e-12,0.0,3.2686126e-20,4.0420363e-28,7.6479964e-21,5.348038e-25,1.2623605e-36,1.5581413e-36,1.0656673e-25,1.3055031e-33
324,324,325,5,6.86436e-36,5.404472e-12,2.4244369e-11,5.8781736e-11,9.9541e-31,0.9999809,6.248683e-15,3.9481767e-13,7.858262e-15,2.2473456e-07,2.6883955e-16,1.9391024e-05,0.0,1.0543282e-12,8.832318e-22,5.079889e-16,2.0581978e-18,7.953072e-31,2.749542e-34,6.567663e-19,4.237387e-30
325,325,320,5,2.43749e-40,1.747758e-16,9.974256e-14,1.1401566e-13,9.318994e-32,1.0,2.4517448e-17,2.2755455e-15,2.2327174e-14,6.274914e-14,7.4340795e-19,2.7015448e-08,0.0,1.3382136e-16,5.31093e-27,3.564598e-19,1.9655911e-22,1.617435e-39,6.146926e-38,3.966982e-23,1.308124e-35
326,326,327,5,3.34051e-40,5.39078e-12,9.542377e-12,2.4231582e-13,3.929867e-32,1.0,2.2868509e-14,3.3895424e-16,2.49636e-14,7.726971e-13,4.976404e-19,4.321439e-08,0.0,7.083519e-16,4.5508507e-26,1.7586518e-17,3.9365187e-22,1.4486118e-37,5.163468e-39,4.0683083e-18,5.0264093e-34
327,327,328,5,8.1875e-40,5.4885332e-12,7.833802e-09,6.882171e-11,5.2546373e-30,0.9999695,3.7905402e-14,7.5294723e-16,1.8217348e-14,4.5549823e-12,3.4101325e-19,2.8897277e-05,0.0,1.3666458e-14,2.8228074e-21,3.3460046e-16,1.6515506e-19,1.470579e-34,4.448879e-39,1.2216815e-18,6.468651e-35
328,328,1369,5,1.49320015e-36,1.3022464e-09,0.00020336207,2.3219782e-06,6.665851e-26,0.9763656,2.815541e-11,1.7877094e-10,6.5168853e-09,1.9705045e-11,2.9417507e-10,0.02342874,0.0,9.993663e-10,6.061054e-15,1.6871986e-11,1.1663587e-19,6.6655974e-33,2.0380484e-33,1.2927658e-12,1.2702585e-21
329,329,330,5,0.0,1.6119997e-20,2.3415123e-20,1.4316427e-21,0.0,1.0,9.5983364e-21,7.5175926e-23,9.492242e-19,2.675887e-20,6.714526e-24,7.5760145e-13,0.0,3.449026e-20,1.3929601e-25,9.592047e-27,7.071145e-26,4.47e-43,1.9182e-41,1.247851e-25,2.3288385e-33
330,330,331,5,1.070231e-38,1.3432001e-16,2.0847355e-15,2.2734012e-16,0.0,1.0,1.1399107e-17,6.549536e-23,1.057439e-17,6.641026e-19,3.8026507e-20,6.431008e-12,0.0,1.02706206e-16,2.1151701e-20,1.6795996e-21,1.3372647e-23,1.614402e-39,9.718e-42,8.606884e-20,2.6006527e-27
331,331,326,5,0.0,7.46355e-18,5.5537308e-15,9.502451e-13,1.96e-43,1.0,3.108342e-17,2.5729068e-18,1.1164241e-14,1.7880568e-18,2.4058812e-19,5.5159696e-11,0.0,1.27843775e-17,1.065417e-22,1.4510364e-19,1.05592586e-20,2.3338343e-35,2.375326e-39,2.5092767e-22,3.0529239e-31
332,332,333,5,1.65e-43,5.551416e-17,1.5520781e-14,2.579139e-09,1.0813062e-32,1.0,1.779972e-18,1.8156207e-16,4.130159e-15,2.5670004e-14,1.5431898e-18,2.1893711e-09,0.0,5.115453e-17,1.0933763e-25,5.0551234e-17,7.598796e-20,2.32084e-40,1.1076523e-35,2.154525e-23,8.3329503e-35
333,333,334,5,0.0,2.6174636e-19,1.6607399e-15,2.0739274e-12,7.259657e-33,1.0,3.1288824e-20,1.3862602e-17,6.035763e-16,1.409467e-16,3.475374e-20,4.8638586e-09,0.0,4.697531e-19,5.7967727e-30,1.5334887e-19,3.595933e-24,6.04e-43,3.596057e-39,2.903876e-25,1.5125547e-36
334,334,335,5,0.0,7.044273e-19,1.6213185e-12,1.2341213e-12,8.567188e-34,1.0,4.38644e-18,1.686742e-18,6.789091e-16,6.9005524e-17,8.6216115e-19,3.472493e-08,0.0,1.5584231e-18,2.1727764e-28,5.2228574e-17,3.1655666e-23,2.2895047e-36,2.1425762e-37,1.9314729e-23,2.9542974e-35
335,335,336,2,1.16e-43,5.2558162e-09,0.999691,0.00024700857,7.9511363e-22,4.4521285e-06,3.1994971e-09,2.965124e-13,1.3623276e-11,3.5651502e-07,2.0126525e-11,5.8440724e-05,0.0,1.327161e-09,8.146019e-17,8.7105526e-08,3.0578966e-11,1.892205e-19,4.8375176e-28,6.2404476e-13,8.8074895e-29
336,336,633,2,4.004994e-39,4.1361673e-07,0.99564177,0.004357371,1.0344048e-20,6.548444e-21,4.7607692e-08,6.730023e-14,1.8805903e-12,1.4514939e-07,1.6526278e-12,6.519656e-13,4.4101728e-29,2.9850362e-09,8.726923e-14,3.9576715e-08,8.510753e-08,5.378326e-22,2.325221e-22,8.603572e-12,1.0021997e-30
337,337,338,3,0.0,3.3090102e-12,5.831993e-08,0.99959964,2.9388928e-16,0.00035719888,1.4520091e-14,1.7092878e-05,3.949659e-10,2.1340544e-05,5.0112426e-13,5.0825897e-06,0.0,1.8255756e-13,1.3059197e-21,1.3055762e-13,1.6761062e-12,6.545906e-33,2.592081e-23,9.3458315e-18,7.312463e-26
338,338,339,11,0.0,7.6061596e-13,2.149543e-07,6.5147293e-07,6.6066253e-15,0.00012863072,1.3232083e-16,4.151053e-09,8.09802e-11,1.4079451e-10,8.37721e-15,0.99987036,0.0,1.3486063e-16,1.0306734e-30,4.1084423e-15,9.732586e-20,1.3498485e-36,2.1968924e-24,2.66447e-19,1.6792374e-25
339,339,340,11,0.0,2.6025543e-15,0.00010228359,5.5604937e-11,3.6084814e-30,7.376508e-19,4.615049e-17,3.985261e-15,1.9003604e-16,6.160939e-16,1.5399204e-18,0.999897,0.0,3.8236593e-18,1.1837573e-30,2.3738662e-17,1.9146495e-18,8.4634295e-36,3.044825e-26,1.4646536e-22,2.5624387e-31
340,340,341,11,0.0,1.0362845e-13,0.0065454813,8.4421174e-13,8.542972e-34,7.299842e-25,1.24964905e-14,1.1952795e-13,4.896182e-14,1.3576616e-14,2.3305615e-19,0.99345267,0.0,9.728162e-14,7.6483516e-27,5.9381386e-21,1.10224675e-16,9.456033e-33,8.585638e-27,4.4183557e-22,3.887373e-32
341,341,636,2,3.6805033e-33,4.4593303e-08,0.99850196,1.1076058e-05,7.51024e-12,1.1211548e-33,1.1451186e-10,2.8101724e-06,6.985519e-09,0.00014142689,1.1298279e-10,0.0013444802,0.0,5.71555e-08,2.3334718e-18,2.38574e-10,7.37879e-11,1.1625729e-21,6.569545e-11,6.9346113e-12,1.7305321e-20
342,342,343,11,3.6099613e-34,8.730509e-09,0.00087275007,2.6774023e-17,1.5284888e-35,1.4011856e-22,1.2754251e-13,4.467366e-16,3.6342147e-09,1.8675353e-13,3.8005353e-19,0.9991268,0.0,2.0155008e-13,1.2514547e-25,4.1177516e-20,2.0674397e-22,0.0,1.6113155e-37,3.4598948e-14,1.4973359e-28
343,343,344,11,0.0,5.020001e-15,3.9331916e-08,2.2574869e-20,0.0,3.1357132e-15,6.7680096e-18,1.2939208e-19,1.8420744e-13,6.5933117e-21,9.20715e-26,1.0,0.0,2.8471007e-18,7.737042e-32,1.0165284e-27,1.6570729e-26,0.0,7.99e-43,1.12434704e-23,9.847927e-32
344,344,345,11,6.7e-44,4.0644654e-16,3.3363523e-07,5.95984e-19,0.0,2.2219425e-15,7.063436e-18,2.0044984e-20,5.1936363e-15,4.207156e-22,7.3073645e-25,1.0,0.0,1.7193417e-17,5.245442e-31,4.122075e-27,7.8670054e-26,0.0,1.128e-42,1.19950316e-23,2.4455308e-34
345,345,346,11,1.9294234e-33,1.0524677e-12,0.0041523483,7.779538e-18,0.0,1.2247073e-22,2.5754233e-16,9.386307e-19,1.1633672e-13,1.6093103e-18,1.06407505e-17,0.99584687,0.0,1.5471489e-13,3.9657469e-28,3.7069998e-22,7.4226975e-24,0.0,8.403938e-37,1.2189181e-15,9.397571e-31
346,346,639,2,7.9480985e-31,5.231171e-10,0.9993822,4.231374e-17,8.1e-44,1.7960958e-26,1.15896e-13,3.2731828e-18,9.208576e-14,4.5104e-15,3.6604672e-10,0.0006168243,0.0,1.8016551e-10,1.7355233e-20,7.7638694e-14,2.9171274e-21,3.8196084e-32,9.427035e-34,8.0893797e-10,1.0504603e-23
347,347,348,11,0.0,1.697667e-15,1.429871e-07,3.0114053e-20,1.903e-42,3.8369393e-19,8.923494e-20,7.007292e-18,1.0635761e-13,4.6091838e-20,8.6345855e-25,1.0,0.0,1.6232816e-18,2.9036938e-36,1.3892871e-26,1.0825311e-26,0.0,2.2234388e-34,6.815973e-24,2.448566e-33
348,348,349,11,0.0,1.3641182e-16,8.983229e-09,9.727083e-22,0.0,1.1948902e-16,1.7515131e-19,6.118301e-20,6.630683e-16,9.064148e-22,5.172467e-28,1.0,0.0,4.162988e-19,1.1125695e-34,1.0949971e-30,2.892785e-26,0.0,2.23133e-40,2.9361312e-27,5.58122e-35
349,349,350,11,0.0,1.2219483e-16,1.7047246e-07,1.521653e-20,0.0,1.3231463e-18,2.4394464e-19,1.4750955e-20,9.523878e-17,4.1158789e-22,2.4874743e-27,1.0,0.0,3.7393043e-18,4.093307e-34,1.6053762e-30,3.8729974e-26,0.0,8.7444e-41,2.1085096e-26,1.6408358e-36
350,350,351,11,7.974672e-39,7.5945875e-14,0.023239676,6.692175e-17,0.0,3.8742113e-25,4.2938787e-17,1.0240447e-18,4.2771567e-16,1.4112948e-18,2.0289792e-19,0.9767605,0.0,4.7130868e-14,1.467663e-29,5.086796e-22,9.498561e-23,0.0,1.8631446e-36,3.203743e-19,1.9084857e-35
351,351,642,2,3.2846865e-35,6.533175e-13,0.9996529,3.5504762e-16,0.0,1.8558136e-32,2.0395845e-14,2.1337796e-18,1.4596668e-15,2.472965e-16,8.2431815e-15,0.00034647065,0.0,2.1685626e-12,3.450863e-23,6.3561962e-15,1.1838175e-20,7.4845716e-38,9.298247e-34,4.614913e-15,8.133638e-30
352,352,353,2,0.0,0.0005477408,0.9960216,8.004638e-07,2.1020731e-22,7.5431807e-25,6.989899e-14,1.4378767e-06,1.2934254e-07,2.6712932e-08,1.36277e-10,0.003426447,0.0,4.045778e-09,8.084574e-23,3.7596707e-11,5.508328e-14,2.21657e-40,7.048779e-22,1.3607174e-11,1.8063579e-22
353,353,354,2,0.0,1.6457387e-05,0.98912287,2.4336787e-08,1.8241862e-25,4.7386125e-22,7.868434e-14,6.0307606e-11,1.837603e-10,3.131633e-10,6.615235e-12,0.010860023,0.0,8.099035e-12,1.2464827e-22,1.3546062e-11,2.0061941e-15,1.5031688e-34,3.0072275e-27,6.860494e-11,8.008085e-23
354,354,355,2,0.0,1.1775251e-06,0.996432,9.50074e-07,4.297404e-31,1.3683415e-21,3.1740244e-12,3.4798835e-13,1.3657708e-13,6.4049266e-07,9.442813e-16,0.0035638383,0.0,4.4345885e-12,1.30794235e-23,1.4859323e-14,6.2166067e-16,3.4389392e-33,2.8028283e-36,1.6153355e-13,2.0551922e-26
355,355,356,2,0.0,2.9435641e-06,0.9999962,1.10003e-14,2.6820023e-32,2.180089e-37,1.6059096e-07,5.6819485e-13,5.069313e-11,1.3346816e-07,3.1631224e-19,2.34578e-10,0.0,1.7217914e-08,2.5418984e-22,2.0448177e-16,3.863304e-18,1.10794995e-17,8.728794e-35,5.6423408e-11,7.6349425e-27
356,356,1398,2,4.356643e-39,0.000724488,0.99738276,1.7390232e-19,1.8383391e-25,3.8451218e-38,6.3579336e-10,2.5585883e-10,2.6209653e-08,1.6658834e-10,8.2248715e-07,1.3032759e-15,0.0,0.00029162847,4.5176837e-15,4.4267845e-10,5.664118e-20,1.1128646e-15,2.4455798e-17,0.0015990967,2.2989803e-16
357,357,358,2,0.0,0.11104808,0.8809027,0.0002846828,5.3587273e-22,3.6490845e-36,4.7731663e-10,0.0065496783,2.0186617e-07,0.0007376255,5.128819e-09,4.716941e-12,0.0,0.00047602525,2.768327e-20,3.051619e-09,3.0442607e-08,1.0373146e-32,5.4096924e-19,5.226723e-10,5.6344115e-31
358,358,359,2,4e-45,0.00045722356,0.9993365,7.2733733e-12,3.883634e-34,2.854236e-39,3.5096466e-09,5.6676104e-08,2.886813e-09,0.00010232671,3.0061264e-12,4.113718e-12,0.0,0.0001055733,1.4657115e-20,6.775792e-16,1.8405548e-12,1.5618634e-25,3.624552e-31,5.288916e-11,3.7127585e-30
359,359,360,2,4.370311e-38,3.7204262e-09,0.99997336,1.14182735e-14,1.0478595e-29,7.691456e-33,3.7275452e-08,3.68341e-11,4.145668e-11,1.6240532e-06,2.367693e-14,1.3783758e-11,0.0,2.4658291e-05,6.975289e-18,2.7890644e-17,2.625214e-11,3.1668516e-20,2.0133164e-30,7.1034183e-13,2.6634868e-32
360,360,361,9,9.300954e-24,4.8803632e-09,2.5017275e-06,9.768445e-12,1.1078952e-24,5.0213232e-37,7.6120496e-06,2.3013126e-10,1.461353e-10,0.99998474,1.286418e-15,2.8457652e-18,0.0,4.109809e-06,5.6336627e-15,1.6696965e-15,1.508578e-07,2.2846987e-20,1.6140151e-31,4.044004e-16,4.7829647e-28
361,361,628,9,1.6378182e-25,1.3014921e-08,3.694659e-08,2.0168324e-12,2.1759637e-26,8.66e-43,3.8305842e-08,1.623542e-10,3.3203238e-14,1.0,4.1290894e-14,3.14651e-22,0.0,1.0437497e-08,1.4358428e-14,4.402235e-16,2.2791763e-08,1.4751154e-16,9.4361833e-32,1.1381044e-15,1.540279e-25
362,362,363,11,3.9865092e-29,6.816455e-05,0.027252458,7.704423e-06,1.2239388e-26,1.41717695e-08,1.4293636e-11,1.6042662e-10,2.2034999e-07,0.0021556732,6.7248464e-12,0.97044677,0.0,6.787342e-05,4.8018012e-18,3.686294e-17,5.1787136e-10,9.409812e-37,1.1047612e-36,7.0698964e-13,1.7225951e-28
363,363,364,5,0.0,3.1000662e-16,1.542198e-11,2.848101e-14,1.1433613e-37,0.99999815,1.2907614e-18,8.934667e-20,8.242931e-15,7.8411256e-17,9.3106154e-23,1.9489457e-06,0.0,8.2528106e-15,1.4366801e-23,1.2059486e-24,1.4300995e-19,6.382956e-35,5.2959203e-34,7.788548e-22,1.6343336e-35
364,364,365,5,1e-45,5.348112e-13,1.2649604e-11,4.4486346e-12,2.357696e-38,0.9999962,1.349646e-16,1.8491418e-18,6.0620774e-13,3.8991845e-15,1.4968037e-22,3.6268525e-06,0.0,4.7346728e-15,5.089322e-21,2.0949005e-22,7.849968e-21,4.373045e-31,4.8874416e-32,1.4084988e-17,5.796469e-28
365,365,366,1,2.5355322e-32,0.669034,0.0005379893,4.7185136e-09,3.3179545e-30,1.567882e-16,6.6609984e-10,5.193407e-12,3.3719786e-08,0.33020812,1.6110394e-14,8.7043463e-07,0.0,0.00022036041,2.7500932e-15,1.3451413e-19,1.119372e-12,5.873145e-21,3.049446e-37,2.0015776e-07,4.25818e-21
366,366,655,9,3.2643225e-37,0.0006820125,0.0017736683,4.7167115e-10,7.7122464e-28,1.42364e-32,4.952978e-11,2.2809408e-09,4.029307e-12,0.99752736,4.0797143e-11,1.0204597e-13,0.0,1.5545027e-05,5.9285795e-16,4.1468893e-17,4.552937e-10,2.846034e-20,2.4643998e-35,5.1349247e-10,5.1101715e-23
367,367,368,11,0.0,1.0204543e-16,1.0591622e-07,3.778231e-19,0.0,2.7740368e-19,8.424623e-19,1.8726078e-20,5.357864e-16,6.5020455e-21,2.4667881e-28,1.0,0.0,1.4750407e-18,3.995344e-34,5.89917e-28,8.98451e-25,0.0,8.1281e-41,1.7223058e-28,5.56091e-40
368,368,369,11,0.0,1.3166469e-17,1.1437337e-08,1.4894186e-19,0.0,2.1035622e-17,6.046355e-19,1.969105e-20,1.5935873e-16,1.7352633e-22,6.0030505e-28,1.0,0.0,8.9322136e-20,3.252631e-34,5.323889e-28,1.911687e-25,0.0,1.6045983e-38,1.3574862e-28,8.2477e-40
369,369,370,11,1.2722e-41,1.5856565e-15,1.5353253e-06,1.0527817e-18,0.0,9.3069005e-20,3.0744967e-17,1.6950159e-20,1.667506e-16,2.5624908e-21,1.7635506e-23,0.99999815,0.0,3.6019454e-17,1.4865844e-29,5.216445e-25,5.3090954e-24,0.0,2.4124152e-34,1.0297187e-22,9.956653e-37
370,370,371,2,4.3662784e-38,2.2457643e-11,0.72819364,1.5617581e-15,2.12e-43,1.3526757e-25,4.994884e-14,1.4729344e-15,1.8404976e-13,1.036228e-15,2.7689705e-13,0.27180627,0.0,5.275838e-11,2.6085047e-25,3.4152036e-15,3.8522207e-19,7.9659566e-36,2.0393074e-26,9.47692e-15,1.5265857e-32
371,371,658,2,4.5851803e-33,4.373678e-09,1.0,2.0342552e-13,1.7168898e-33,1.2349093e-32,4.765141e-11,1.5861646e-15,4.4489352e-14,2.7654806e-10,4.6211962e-10,4.4862523e-09,0.0,5.924082e-08,2.0630185e-16,3.3546819e-09,1.6397145e-15,2.2459807e-24,3.3406844e-32,3.034533e-08,1.1667431e-31
372,372,373,5,0.0,2.7022926e-19,4.745139e-16,1.7022695e-17,4.448103e-37,1.0,1.0505665e-19,1.163528e-19,2.1486253e-14,5.703123e-20,2.6001011e-24,2.226464e-08,0.0,2.930077e-20,9.516707e-28,7.14302e-25,1.2623659e-20,2.721e-42,1.1113865e-33,2.1547517e-26,1.9119085e-37
373,373,374,11,3.8e-44,4.132526e-06,0.0003614784,8.834427e-10,2.3106357e-26,0.00051009504,1.2545419e-11,4.0111073e-10,3.3826475e-07,4.925238e-06,2.4769103e-17,0.9991192,0.0,1.8126159e-10,1.893611e-21,1.1939367e-18,6.040389e-10,7.7618484e-31,3.600308e-26,1.527531e-15,1.5317088e-30
374,374,1381,2,4.159e-42,0.0038097403,0.9723439,7.147669e-06,4.753726e-24,4.5861798e-17,4.0076547e-08,1.567197e-05,0.00031057312,0.022565432,4.5741986e-15,0.00083201233,0.0,6.086588e-07,3.0133603e-19,3.6894228e-14,0.00011529725,1.1217095e-28,1.4096133e-22,1.34788986e-11,2.4243498e-29
375,375,376,11,0.0,3.7039974e-10,3.5775513e-05,8.5518375e-05,9.774609e-24,0.017589537,7.583405e-16,1.0621086e-09,8.708755e-09,5.1502116e-08,1.5775486e-14,0.9822907,0.0,1.3567576e-11,2.251784e-28,9.742283e-12,1.2951791e-13,4.2991135e-29,1.0919337e-18,1.1149515e-14,3.3032937e-29
376,376,372,5,0.0,4.9373765e-19,3.057249e-15,1.8432903e-17,2.6853895e-33,1.0,2.939595e-19,4.09859e-18,2.9210366e-13,1.3343425e-19,1.1244806e-22,1.5852146e-08,0.0,4.403908e-19,1.4339395e-27,4.4470487e-23,2.9016038e-19,2.43037e-40,1.6229142e-28,2.0678781e-25,2.111484e-37
377,377,378,11,0.0,4.208644e-13,4.6724632e-05,1.2209566e-15,5.1096778e-33,3.955388e-14,3.6042668e-14,5.51162e-17,7.747761e-14,8.573535e-18,8.8465564e-20,0.9999543,0.0,2.5960186e-16,2.3458323e-26,4.939222e-19,1.7899736e-19,1.5896089e-33,6.0242878e-30,1.4426583e-19,3.4466468e-34
378,378,379,2,0.0,6.80597e-09,0.99997705,5.6531727e-13,7.033827e-27,7.191888e-30,1.5965083e-08,3.2536304e-15,1.8518733e-11,5.6689185e-12,3.2128905e-16,2.1031019e-05,0.0,4.2326602e-12,4.342714e-20,1.0356674e-14,3.815422e-13,2.6580666e-32,2.9181707e-23,5.4153192e-15,4.531653e-35
379,379,606,2,1.79712e-40,7.900773e-05,0.9999047,8.755334e-06,6.7331714e-17,5.2e-44,7.639482e-06,4.4041424e-12,3.416506e-08,1.8793175e-08,1.192998e-12,4.8960014e-19,1.2557731e-25,5.2358082e-08,3.2857586e-16,1.9630254e-10,2.4187685e-08,1.4263533e-31,9.2010966e-14,1.4652053e-09,2.0232018e-30
380,380,381,5,6e-44,3.0766954e-14,8.245006e-15,4.2739055e-11,3.81e-43,1.0,1.4962481e-17,7.4262925e-17,5.028771e-18,5.855282e-10,4.951768e-19,1.3108596e-08,0.0,8.1046395e-17,3.7432867e-25,1.2168814e-18,6.3183285e-18,3.1029247e-34,9.58313e-40,4.812372e-22,1.49311715e-33
381,381,382,5,0.0,1.4704178e-17,2.688926e-18,1.0354823e-13,0.0,1.0,2.5419022e-19,2.917852e-20,3.8490332e-19,2.0362882e-14,2.987799e-20,3.9345723e-12,0.0,1.3699626e-18,1.1021035e-24,2.9504906e-20,9.461435e-20,1.9995945e-36,1.4056e-41,1.0006446e-23,8.446859e-34
382,382,383,5,0.0,1.664034e-19,1.1917695e-20,1.7465802e-14,0.0,1.0,5.039597e-20,3.6174996e-20,3.3429903e-18,1.1663116e-16,3.2407874e-21,1.4716048e-13,0.0,7.601898e-20,9.7771735e-26,7.808187e-21,9.418255e-21,1.041096e-39,1.864272e-39,1.0141087e-25,1.7721253e-34
383,383,384,5,0.0,1.7721822e-16,2.5965693e-19,8.019319e-12,0.0,1.0,5.950866e-19,6.525914e-17,2.2496772e-16,1.2823044e-12,5.3517865e-20,1.291022e-11,0.0,1.6173046e-18,6.451676e-26,7.301811e-20,1.6211591e-18,6.042419e-39,1.1565565e-37,1.1800105e-23,1.06013295e-32
384,384,385,5,0.0,1.568947e-16,6.0820225e-20,1.0137717e-11,0.0,1.0,1.2005877e-16,9.468058e-17,6.0032315e-14,2.3579225e-14,3.4018061e-18,5.5728603e-12,0.0,2.0705624e-17,4.050057e-23,1.3305266e-17,5.855702e-19,2.5183304e-36,9.812507e-36,1.4131788e-20,1.5169531e-27
385,385,386,5,1.62956e-40,3.502517e-13,3.260982e-14,9.947879e-15,0.0,0.99923927,9.371832e-16,2.3166732e-18,3.5716952e-16,2.971333e-14,1.20173534e-20,0.00076077465,0.0,2.7288274e-15,2.7962455e-24,1.0929363e-21,3.920201e-21,3.547516e-36,6.306132e-37,5.640726e-19,1.1676438e-29
386,386,387,11,4.6920066e-30,4.2394942e-05,2.1415467e-07,4.0891585e-10,3.342848e-34,7.91051e-06,1.3640014e-12,1.9367918e-09,5.0098904e-11,0.001240371,1.3080525e-15,0.9987077,0.0,5.0292357e-09,5.9375603e-25,3.4619968e-20,5.131046e-18,4.7009855e-36,3.6827474e-27,7.24324e-14,1.1638668e-24
387,387,377,11,0.0,2.1624899e-13,1.2487202e-06,2.730295e-15,2.0666575e-31,3.0031658e-14,3.9961714e-17,1.745348e-14,2.8666784e-15,3.204153e-15,2.7732283e-22,0.99999815,0.0,3.8012936e-17,4.60269e-32,1.0013134e-22,7.1492194e-22,3.598966e-39,2.0976519e-29,5.3171467e-22,4.8271176e-37
388,388,389,2,1.0246e-41,3.2509961e-10,0.99540246,2.9358945e-13,1.0989233e-28,1.4965137e-28,1.3964549e-11,6.281853e-16,8.8218235e-12,3.9665506e-12,4.0355994e-19,0.004598721,0.0,1.3262019e-13,2.864983e-23,7.256153e-15,2.844578e-21,9.969638e-32,1.4038433e-31,3.0234892e-14,2.3053004e-26
389,389,390,2,2.9494388e-31,2.0713958e-06,0.9999923,2.1314147e-16,4.6965108e-26,5.704532e-29,7.507072e-09,7.089006e-16,4.5273435e-08,3.0365665e-11,6.689549e-16,4.168164e-06,0.0,2.450156e-09,2.9150738e-18,2.2567446e-14,2.3617231e-20,3.1606678e-23,7.818601e-33,4.2103187e-07,8.822721e-22
390,390,609,2,1.2013821e-28,0.00018117088,0.93666136,5.7334085e-17,2.2226892e-22,6.9718017e-26,8.623538e-07,1.1130684e-15,9.044707e-06,8.354369e-13,1.2455491e-10,1.47388945e-08,0.0,5.772765e-07,2.1229392e-12,1.1385713e-11,2.5879305e-16,8.303825e-19,2.8258787e-28,0.0631479,3.0251197e-19
391,391,392,9,6.8647695e-31,0.00010471697,1.4943578e-05,1.8324678e-07,3.523743e-18,8.862404e-11,5.334395e-07,1.3629244e-05,8.3761815e-09,0.96471095,4.905018e-09,9.725262e-15,0.0,0.03515555,3.8604307e-11,3.475451e-14,1.5933603e-11,7.406497e-15,1.448632e-17,7.572018e-08,4.6545816e-25
392,392,393,5,1.3874309e-37,6.9501476e-07,5.4683e-06,1.1860325e-05,7.83829e-23,0.9984448,2.2874298e-11,3.890097e-05,3.5779824e-08,0.00027747566,1.7426791e-15,0.001220461,0.0,6.237896e-07,9.9559965e-24,5.149144e-18,2.1915538e-15,4.6832834e-21,1.0750789e-25,1.2512231e-14,1.5158267e-25
393,393,394,5,8.807e-42,2.1212288e-14,1.5059587e-11,2.2269994e-08,0.0,0.996413,3.1213903e-16,1.5184237e-12,2.9962745e-16,1.3757971e-10,2.7748094e-19,0.0035872573,0.0,5.378591e-15,1.01775506e-26,1.0835726e-18,6.575717e-17,9.7624965e-32,3.3204864e-30,3.1018058e-23,5.671675e-31
394,394,395,5,7.788e-42,7.7659436e-14,2.6585413e-11,5.4736708e-11,0.0,0.8341332,2.0689844e-16,5.9585073e-16,6.233107e-17,3.7250645e-12,2.497321e-22,0.16586751,0.0,7.2959745e-17,9.789815e-28,8.2688203e-22,2.1885824e-20,2.9408688e-37,2.1091725e-38,3.361524e-23,4.216504e-31
395,395,396,11,1.2597929e-34,1.3314525e-07,1.4336744e-08,4.4289393e-13,1.5656725e-36,3.7982852e-06,1.7179114e-11,1.964146e-13,9.3901054e-11,1.6442372e-07,1.1363705e-20,0.9999962,0.0,4.2801967e-14,2.3030424e-25,1.3677636e-19,3.4959855e-19,4.46604e-40,3.271717e-36,1.3620494e-15,2.698302e-22
396,396,397,11,0.0,2.6066564e-12,5.816155e-11,5.249244e-13,1.1e-44,0.015581951,1.4246358e-15,3.1497122e-17,1.6251715e-14,4.690589e-13,6.0269723e-24,0.9844176,0.0,3.9217313e-19,8.9982205e-27,7.417044e-22,4.458721e-22,1.05e-43,2.7153e-41,3.0011528e-20,2.3131212e-27
397,397,398,11,4.253677e-39,7.3302026e-10,6.8812334e-09,4.2034534e-13,1.442e-42,0.0028574264,2.8778872e-15,3.7963808e-17,1.1993721e-13,3.780263e-12,3.510512e-19,0.9971431,0.0,1.1301396e-15,2.4652666e-26,1.9777321e-20,3.4632706e-24,1e-45,3.3781e-41,2.5149492e-15,7.056274e-25
398,398,399,11,2.3523985e-28,0.000751973,0.00046290617,1.1020073e-08,2.9082637e-34,2.030133e-11,1.0530494e-13,5.889065e-09,7.985599e-09,0.0026940082,2.5714247e-11,0.99608994,0.0,2.1753268e-09,3.0439473e-23,7.609009e-19,6.1511665e-17,2.235e-42,3.128243e-32,1.7004267e-09,1.02450927e-19
399,399,388,2,0.0,9.649219e-06,0.9393234,7.804571e-09,3.3946565e-22,1.02444065e-23,1.1387066e-10,3.508111e-07,8.176766e-05,1.1283902e-08,5.2118116e-17,0.060583897,0.0,1.7208505e-10,1.3064152e-25,6.372198e-14,2.0512599e-19,6.226809e-32,1.9700825e-27,1.4253811e-14,2.192376e-20
400,400,401,2,0.0,2.1482514e-11,1.0,6.6820226e-17,0.0,2.745e-42,1.04026655e-10,1.4032195e-20,5.1598955e-12,1.6855328e-18,2.279334e-22,2.5774374e-09,0.0,1.7989337e-12,8.6501306e-21,1.8649135e-15,3.0612877e-22,2.0747642e-29,2.60835e-40,3.3967522e-16,2.9174604e-29
401,401,402,2,5.2e-43,2.669182e-10,0.99478376,8.8846356e-13,2.056806e-28,0.0,5.350592e-09,1.6530784e-16,8.8142976e-10,1.0293494e-15,2.0518856e-12,7.5736185e-20,0.0,2.1340012e-09,1.2835504e-15,0.005214573,2.4335379e-17,1.4706072e-19,2.9420154e-28,1.1520062e-10,9.094558e-22
402,402,617,15,1.22158e-40,1.6380541e-12,1.5106172e-06,5.0337355e-13,2.602324e-24,0.0,1.7103785e-11,5.033997e-16,2.1792283e-11,3.7656898e-16,3.966127e-12,4.1616622e-23,0.0,3.750818e-11,4.6489268e-15,1.0,2.1709058e-19,2.3724836e-15,7.764601e-24,1.3155256e-12,3.9024352e-19
403,403,404,11,0.0,7.841954e-12,1.4763656e-08,2.0678696e-18,7.699928e-36,0.00040980722,3.1206655e-15,1.9653344e-16,8.3241645e-09,6.4952196e-16,6.5961605e-19,0.99959195,0.0,7.663297e-14,1.8334639e-26,1.8686047e-20,2.1023948e-21,5.68707e-34,8.3354936e-35,4.973375e-16,1.8388492e-27
404,404,405,5,0.0,2.8534941e-18,1.9070051e-16,1.0437966e-17,3.18e-43,1.0,1.0673891e-16,1.515509e-17,7.95448e-13,1.5915514e-17,9.589595e-20,4.5630955e-08,0.0,1.0920431e-16,5.3580474e-24,8.7895356e-21,1.885095e-18,1.461734e-39,3.8132573e-34,9.3323365e-24,1.5596312e-32
405,405,406,5,0.0,4.305485e-20,6.2772507e-17,1.6908549e-15,0.0,0.99999815,1.1593815e-18,3.696896e-18,5.028297e-16,2.2163362e-17,4.0128733e-22,2.1786561e-06,0.0,1.846069e-18,2.7461242e-27,2.3163602e-21,2.905015e-19,3.443e-42,2.5905427e-35,3.3103216e-28,2.3096453e-36
406,406,407,11,1.8e-44,7.031807e-14,8.136319e-12,1.2915336e-12,1.2658e-41,6.185465e-05,1.920718e-14,3.033864e-14,1.1320367e-10,6.846023e-15,3.8039498e-16,0.999939,0.0,5.8612113e-15,3.2705233e-26,1.0305644e-13,5.6730114e-18,4.0615414e-36,3.6585942e-34,3.609894e-18,4.6136798e-23
407,407,408,11,0.0,3.024892e-17,5.6062006e-11,7.478173e-17,1.5731e-41,3.7352445e-05,1.3340646e-16,3.613545e-18,1.3292687e-13,7.514074e-21,9.321245e-22,0.99996185,0.0,3.2829382e-17,3.425002e-30,1.5047336e-21,2.092721e-21,4.06246e-40,3.8964807e-36,5.0931014e-24,3.2726616e-31
408,408,409,11,0.0,4.020313e-18,4.1174248e-11,6.9194485e-18,6e-45,1.2638933e-05,1.2986346e-17,9.514973e-19,1.9088036e-15,8.7911116e-21,2.893991e-24,0.9999866,0.0,2.2249003e-17,1.5169493e-32,4.4617426e-25,5.4292386e-23,6.45e-43,3.3431765e-36,1.9601947e-27,8.307967e-36
409,409,410,11,0.0,3.2871103e-10,1.4577655e-05,2.509017e-08,2.8885009e-30,4.1518273e-17,1.777922e-11,9.643752e-10,1.5805487e-06,3.1653638e-14,4.321737e-15,0.99998474,0.0,1.9721136e-11,3.2323908e-29,1.7432089e-10,1.810331e-15,3.0145689e-33,7.6454427e-25,1.2835294e-17,5.5672066e-20
410,410,400,11,0.0,1.7115616e-09,0.3792749,3.2374413e-12,3.4309576e-34,5.223869e-26,1.3402107e-09,3.4459867e-13,4.6731444e-07,3.0746743e-16,1.1262075e-20,0.6207247,0.0,2.2674386e-12,2.4072142e-25,2.968086e-15,1.0799134e-16,5.678535e-32,5.554258e-31,5.706172e-19,3.7571946e-24
411,411,412,11,7.8e-44,3.3642575e-15,4.871101e-05,1.6956684e-21,0.0,3.050199e-24,1.6041004e-18,1.1908483e-18,5.979567e-17,4.1341228e-19,2.0871698e-23,0.9999504,0.0,8.892008e-17,6.4420125e-33,1.037068e-27,3.081613e-24,0.0,1.1129892e-35,4.736062e-23,2.5161194e-38
412,412,413,11,6.139e-42,1.1189296e-13,0.0017350649,8.7249945e-21,0.0,2.2555274e-25,1.25681334e-17,2.9756886e-18,5.337872e-16,5.9788114e-18,2.2189978e-20,0.99826586,0.0,1.6060684e-15,4.4915625e-31,2.904797e-24,7.151203e-24,6.4e-44,1.1847216e-34,1.995711e-18,7.008304e-34
413,413,585,2,2.93262e-32,1.3217412e-07,0.9995881,1.521138e-18,3.603e-42,5.9179505e-34,3.724979e-12,1.8829708e-15,5.637065e-13,1.4492665e-11,3.288447e-13,0.00041361104,0.0,3.756363e-09,2.7351746e-22,1.1043516e-15,1.24531e-20,1.3699596e-30,1.6801495e-30,1.3440461e-08,8.50253e-26
414,414,415,11,0.0,2.9239752e-16,8.249358e-09,1.3062254e-18,0.0,1.5939347e-15,9.200919e-22,1.3013856e-19,7.6118256e-19,1.774115e-18,1.1118018e-26,1.0,0.0,3.03109e-20,3.4023813e-38,1.4081908e-27,1.6397554e-26,0.0,7.326771e-38,6.883065e-26,8.395872e-35
415,415,416,11,0.0,5.4295424e-18,1.5483882e-10,2.894538e-20,0.0,1.3983334e-12,1.9290084e-21,1.7514921e-20,1.5234086e-18,6.9691865e-21,8.39244e-29,1.0,0.0,1.2168105e-20,9.0282544e-38,1.4752568e-30,3.2822844e-26,0.0,1.969049e-39,2.274809e-29,1.7995149e-37
416,416,417,11,0.0,2.4465878e-17,5.610654e-10,1.7920779e-19,0.0,6.3018475e-12,3.4810115e-21,7.998019e-21,6.1695137e-19,2.629281e-20,1.8318611e-28,1.0,0.0,1.2896237e-19,4.3246896e-37,1.057194e-30,1.5465073e-26,0.0,2.6106e-41,1.3768662e-28,6.632431e-38
417,417,418,11,0.0,3.8429652e-16,1.642622e-08,7.6910995e-19,0.0,2.6653497e-15,1.121752e-21,7.1374274e-20,3.9508785e-18,1.274998e-19,9.3050566e-27,1.0,0.0,1.1694111e-18,4.428275e-38,4.247439e-29,2.8776404e-26,0.0,3.18452e-39,6.659141e-26,2.9065084e-36
418,418,419,11,0.0,1.643953e-17,2.637357e-09,1.7061219e-20,0.0,1.31972375e-14,4.842797e-21,3.3595165e-20,2.850265e-17,5.086777e-22,3.8365557e-28,1.0,0.0,1.2593172e-19,1.8160516e-37,1.3198414e-30,2.5718955e-26,0.0,1.385071e-39,5.6402914e-28,4.0891024e-37
419,419,420,11,0.0,4.8502394e-17,5.0351e-09,3.6465537e-20,0.0,2.3854337e-15,4.1702638e-21,1.9005307e-20,9.3880665e-18,2.165684e-21,1.2493214e-27,1.0,0.0,4.0934783e-19,6.7258125e-37,2.3415438e-31,2.374879e-26,0.0,9.8735e-41,9.680117e-28,1.0610938e-36
420,420,421,11,3.55e-42,1.1334431e-14,1.26058e-06,1.0841147e-17,1e-45,3.5741973e-19,1.4505992e-19,3.3246625e-19,1.4260161e-16,3.133351e-19,3.5821066e-23,0.99999815,0.0,1.1435616e-15,5.9205507e-33,8.474064e-27,7.8951834e-24,1.2871e-41,4.90137e-39,9.22809e-22,9.241254e-32
421,421,411,11,0.0,8.2043717e-16,1.821418e-07,7.320772e-21,0.0,6.4762523e-21,2.5236321e-19,9.332641e-20,8.693489e-16,1.512099e-21,8.7565483e-26,1.0,0.0,1.0698303e-17,8.315994e-35,6.1784314e-29,5.9803634e-25,0.0,1.4116534e-36,1.0505604e-23,3.4276282e-38
422,422,423,5,0.0,1.0975028e-21,4.1650397e-18,1.7268531e-19,1.800776e-39,1.0,1.143429e-18,4.2005878e-19,3.542511e-14,7.6647276e-22,3.041569e-22,7.556518e-09,0.0,1.1650291e-19,8.502391e-28,4.3327627e-23,9.52262e-22,3.6e-44,8.181606e-34,8.8226887e-29,1.9933123e-35
423,423,424,5,0.0,3.6447253e-16,1.005106e-14,7.544034e-20,8.736807e-31,0.998083,1.3834346e-16,2.5562514e-14,1.3007016e-10,2.3940473e-16,5.5036307e-19,0.0019177855,0.0,6.698358e-16,6.446915e-30,3.692197e-21,3.5814138e-21,3.893e-41,4.3687287e-30,2.1502881e-23,3.6424877e-31
424,424,1388,11,1.3664747e-35,1.8241453e-09,2.4166185e-09,1.1503833e-14,1.7683692e-21,0.050363757,7.781465e-11,1.5941912e-06,2.8536162e-09,3.4794428e-07,5.569067e-16,0.9496349,0.0,6.0932405e-12,1.8385005e-25,1.6192555e-18,1.1843947e-14,1.7467233e-33,3.84149e-21,2.3124846e-21,2.3978976e-29
425,425,426,5,0.0,5.278305e-22,1.4875499e-20,2.0069161e-20,0.0,1.0,4.1598072e-22,2.1400277e-22,1.9654376e-18,1.4628787e-21,3.0964725e-24,1.5479002e-11,0.0,2.1977842e-21,4.1175446e-29,1.4755758e-25,1.4036771e-24,6e-45,2.45145e-40,8.631736e-29,9.311899e-37
426,426,427,5,0.0,1.1573527e-19,6.811695e-21,4.2324146e-21,2.106e-42,1.0,5.0987663e-21,7.888787e-20,1.2429645e-14,6.845483e-20,3.3518215e-21,4.1563545e-12,0.0,1.5003054e-18,3.200357e-28,2.9739642e-25,1.0575407e-23,3e-45,3.4909145e-38,1.5154913e-25,1.951588e-31
427,427,422,5,0.0,3.3583086e-22,3.9970212e-19,6.6376036e-20,1.974e-42,1.0,4.971791e-20,6.419266e-20,5.6455593e-15,3.7348204e-22,8.2552956e-23,3.3280784e-10,0.0,4.1830598e-20,4.566741e-28,1.0279045e-24,5.890978e-23,6e-45,7.614195e-37,6.995848e-29,5.7476336e-35
428,428,429,11,2.435843e-38,6.3264546e-11,0.00015008998,1.7347043e-18,5.03482e-32,3.3041067e-10,7.7078725e-11,2.9521607e-10,4.79324e-09,2.8652258e-14,3.6886347e-14,0.9998513,0.0,1.8570515e-11,5.122191e-24,1.4801531e-18,5.862912e-22,8.49395e-31,6.2180754e-24,1.3619189e-16,3.1120118e-22
429,429,430,11,2.1926206e-33,8.994939e-09,0.016511744,9.268155e-17,8.326303e-29,4.7141094e-15,3.1426441e-09,1.2665232e-06,4.653911e-08,9.372969e-10,6.03039e-12,0.9834868,0.0,1.8988455e-09,2.5618504e-25,4.1636617e-16,1.2749153e-19,8.1923876e-25,9.804179e-18,4.9227946e-14,6.998679e-21
430,430,1384,2,5.4350397e-31,4.8869675e-05,0.8955398,3.6443337e-10,3.385208e-27,2.4961193e-16,4.4469804e-08,0.0014861843,2.6816743e-10,0.043178268,1.1705527e-12,0.059746873,0.0,4.8339697e-08,1.17977635e-23,3.954926e-15,2.85003e-14,1.4736901e-19,2.1050773e-19,2.738058e-13,9.398281e-25
431,431,432,11,0.0,7.215648e-18,8.998881e-10,7.812479e-13,2.1093131e-27,0.43459874,2.5306649e-15,2.3041749e-11,2.3265737e-11,7.752971e-16,8.3883804e-20,0.5654005,0.0,7.2447496e-17,1.5783809e-27,1.8751742e-20,1.1085532e-19,2.2356e-41,9.20039e-30,2.3722767e-29,7.370679e-36
432,432,433,11,8.3260424e-38,1.7999574e-11,7.412309e-10,2.3587214e-08,2.2243255e-15,0.10521403,1.2353129e-12,0.01102385,9.745319e-07,1.10546466e-07,3.6119677e-14,0.8837603,0.0,1.3601415e-11,4.1017974e-25,1.570858e-15,7.515018e-14,3.4685603e-31,1.0567908e-15,7.8690586e-23,2.1956346e-25
433,433,428,11,2.56e-41,2.048132e-12,3.245119e-05,1.5120209e-10,2.0737102e-23,8.050034e-11,8.911459e-11,0.010552107,3.3180836e-06,1.6818449e-12,4.607319e-13,0.98941344,0.0,1.4163912e-11,5.872419e-24,7.1920734e-17,6.5020875e-16,8.917868e-30,3.8923143e-17,2.3292871e-22,3.229534e-20
434,434,435,11,0.0,1.3901764e-13,3.539311e-06,1.7656562e-17,6.537266e-35,7.5328153e-06,3.5611854e-12,1.8780997e-15,8.8694685e-12,1.4476653e-17,1.925687e-19,0.9999886,0.0,9.319425e-16,7.9103737e-25,1.4433848e-19,5.3170915e-20,1.8169465e-36,1.0552404e-29,4.1044197e-21,4.331954e-30
435,435,436,11,2.5e-44,1.5750488e-12,4.5948914e-06,1.6220319e-17,2.9352066e-31,1.8824574e-11,1.7541068e-12,2.2477699e-11,1.3399946e-11,8.180285e-14,5.223865e-20,0.9999962,0.0,3.1022547e-16,3.3922252e-28,2.6966376e-20,4.4516718e-20,2.5504021e-33,1.4502676e-26,3.4421498e-21,7.364979e-27
436,436,1360,11,7.1148374e-35,2.0061707e-08,0.0006014723,5.4885367e-11,1.4631532e-27,1.3001937e-13,1.3432867e-09,1.702987e-06,1.9004442e-12,2.7381842e-05,4.2560081e-19,0.9993708,0.0,4.5229283e-14,3.7490353e-23,4.876895e-19,7.106776e-14,1.71871e-27,3.1886705e-28,1.5453486e-22,8.203262e-27
437,437,438,5,0.0,4.3413205e-21,3.725002e-15,4.6115603e-19,1.7903686e-35,0.9999791,5.236295e-20,2.901373e-18,4.3411164e-16,1.1958636e-20,6.3791975e-23,2.0048159e-05,0.0,1.3301694e-20,2.3067899e-31,2.0230316e-23,1.2299309e-24,1.0045e-41,1.8028792e-32,1.0189966e-29,8.1210173e-38
438,438,439,5,1.0157e-41,3.3107002e-13,3.7940883e-12,3.0000745e-14,2.797454e-22,0.9771519,2.907636e-16,3.5815173e-09,3.170036e-09,3.5958998e-12,2.8296728e-15,0.022849638,0.0,9.5397465e-14,1.4365991e-29,3.6173813e-17,1.0074489e-19,1.025405e-33,8.078607e-20,3.7746113e-21,1.1556985e-26
439,439,434,11,0.0,2.1993316e-17,1.6666478e-08,2.9332942e-15,2.3776401e-29,1.4915614e-05,8.3782925e-16,5.70813e-12,4.027296e-11,5.099513e-18,5.1225367e-19,0.99998474,0.0,7.671329e-17,3.13471e-29,1.3527042e-21,1.7672843e-20,3.0982345e-38,5.05396e-27,3.906709e-27,3.753417e-29
440,440,441,5,0.0,2.6127723e-21,6.318067e-17,1.0022617e-21,1.055026e-39,1.0,2.7892197e-20,6.0051826e-20,2.9778947e-16,4.524534e-21,1.9078506e-22,8.6850954e-10,0.0,6.228822e-19,1.200869e-28,8.51318e-25,1.0160619e-22,8.017e-42,4.388955e-31,1.496907e-29,1.0297428e-36
441,441,442,11,1.694882e-33,2.148933e-10,1.1205632e-06,1.2076793e-17,1.1972896e-32,0.009491739,3.1344454e-15,2.6587238e-11,3.5108865e-12,1.8570269e-07,4.5133923e-16,0.9905086,0.0,6.3634903e-10,1.9417305e-27,2.9853925e-22,3.4947343e-18,1.0678167e-31,3.6693032e-25,1.0112107e-19,4.378071e-30
442,442,1385,7,5.610319e-26,1.0204501e-09,5.690963e-09,2.7954406e-05,4.060372e-17,2.9303662e-06,1.3879674e-12,0.78951854,2.362142e-09,0.21034671,7.552065e-13,0.00010517415,0.0,1.2499193e-09,2.5613948e-22,7.370188e-17,5.7065463e-10,1.4604316e-35,5.4470484e-19,2.0098791e-22,7.506276e-30
443,443,444,5,0.0,6.247633e-23,9.7805984e-20,3.330119e-20,9e-44,1.0,2.5746196e-22,3.0821586e-21,5.6651826e-18,3.2094507e-22,3.0175973e-24,2.3866958e-10,0.0,9.915792e-22,2.4295794e-30,9.113675e-26,1.9544475e-25,1.1e-44,1.89467e-39,5.2515915e-30,6.8545436e-37
444,444,445,5,0.0,1.3345366e-18,9.602406e-20,9.286534e-22,2.5186546e-38,1.0,1.7702925e-21,6.7700716e-19,4.5739017e-15,1.1667598e-18,6.4209805e-20,3.0653817e-12,0.0,1.7261041e-17,9.884897e-30,7.417376e-24,1.7124638e-23,5.09e-43,1.5985112e-33,1.6587748e-25,8.227372e-32
445,445,440,5,0.0,2.6146365e-21,3.5406804e-18,7.4260755e-22,8.79801e-40,1.0,7.8735106e-21,1.0005093e-19,1.9707484e-15,1.914851e-21,2.343735e-22,3.85231e-11,0.0,4.4189694e-19,7.6875396e-29,2.3626633e-25,3.756393e-23,3.94e-43,8.432279e-33,6.917404e-29,9.843099e-36
446,446,447,14,4.7025017e-32,1.7172727e-07,0.03618568,1.06162204e-10,1.3549188e-37,4.2966182e-38,1.2227479e-05,1.4291216e-14,9.293209e-12,4.0512427e-10,1.1385843e-11,1.324046e-24,0.0,0.00033474038,0.9634494,1.7043722e-05,2.5644693e-11,1.551442e-10,2.8627138e-36,7.3187785e-09,1.9459258e-21
447,447,448,14,1.5854251e-32,1.7666546e-08,0.00023026718,6.193355e-11,2.1657843e-35,7.2557113e-37,8.4941513e-07,1.5725736e-14,9.2948045e-12,1.556843e-10,7.702666e-12,4.750419e-27,0.0,9.7171534e-05,0.99966824,3.7450084e-06,1.9135976e-11,5.4375775e-13,5.1618354e-38,9.389752e-10,3.2853368e-21
448,448,1379,14,3.3353477e-33,2.645786e-09,2.8937984e-05,1.5739271e-10,9.5380444e-35,2.2253903e-34,3.764183e-08,3.4807202e-13,7.294244e-11,1.9521962e-11,1.1280406e-10,6.5839384e-28,0.0,0.00021308177,0.9997444,1.3354927e-05,3.1015034e-12,2.8114556e-16,2.6425413e-37,6.1011546e-10,3.3287202e-21
449,449,450,2,1.93969e-40,4.9164214e-11,1.0,1.9434488e-13,3e-45,9.942544e-35,2.1031423e-12,5.4585307e-19,1.2135739e-14,1.6967466e-16,6.072133e-17,1.1319226e-13,0.0,3.5594117e-09,7.116317e-16,4.2930707e-12,1.4560387e-18,7.1560315e-17,1.1103539e-38,1.293797e-12,2.0775837e-29
450,450,451,2,2.4868347e-30,2.4713437e-08,0.9570245,1.398406e-11,5.3380144e-31,1.3130824e-37,3.4693684e-08,2.289907e-13,1.1527458e-08,1.8431413e-11,9.3994794e-07,1.0892995e-19,0.0,0.042490695,8.3614546e-11,0.0004591339,3.886401e-14,2.2590525e-07,1.5468832e-28,2.390556e-05,2.626156e-18
451,451,446,14,6.1807154e-30,3.050096e-08,0.046279542,2.3790852e-12,4.332512e-39,1.0102e-41,1.24598e-05,6.111108e-15,4.310056e-11,1.5256529e-11,1.2000191e-10,1.9731229e-25,0.0,0.007406061,0.94629353,8.92104e-06,1.5277014e-13,2.6326479e-09,6.236237e-35,1.450171e-07,2.376401e-19
452,452,453,17,5.7980997e-30,5.6432826e-13,0.0002677359,5.565607e-15,6.949304e-28,1.9426e-41,6.683498e-10,8.1950824e-16,1.9385608e-14,1.4949869e-10,4.0106746e-12,1.8808294e-17,0.0,1.1130421e-09,9.583488e-20,4.0191003e-11,2.468042e-19,0.99973303,5.1081355e-34,3.68456e-12,2.9480246e-29
453,453,454,17,1.3893451e-34,8.411708e-13,8.733953e-06,3.9291817e-15,1.5842953e-31,5.9618e-41,8.115121e-11,4.7474903e-17,3.4034078e-15,4.1153837e-11,1.9317333e-13,3.0213386e-18,0.0,2.6755711e-12,5.0907063e-19,5.5251277e-12,2.0113231e-20,0.9999923,1.7771139e-35,1.0526283e-12,9.874613e-29
454,454,564,17,1.681489e-38,6.963143e-13,2.3874415e-07,6.57246e-16,6.6182977e-32,1.2194e-41,3.1674145e-12,8.825301e-17,1.6290521e-16,4.1059676e-11,2.0178114e-14,1.6524389e-19,0.0,1.2052557e-14,4.8750322e-20,2.1434157e-13,5.918825e-21,1.0,1.9749845e-31,2.374194e-12,1.3877814e-28
455,455,456,17,9.4000934e-36,2.893218e-09,0.00028758292,2.720659e-14,3.4899438e-30,5.1158915e-36,2.0130867e-07,5.727789e-10,1.9985695e-09,4.081594e-13,1.1831482e-07,6.0926576e-20,0.0,0.03291942,1.4408249e-14,1.2628572e-05,1.6110832e-13,0.9667814,4.9845548e-34,1.8540825e-07,1.568697e-29
456,456,460,17,2.8916671e-36,3.3178107e-10,0.017938856,6.5877067e-13,2.051464e-26,5.1691596e-33,2.3514278e-07,9.025354e-10,5.1826095e-09,1.0754674e-12,2.11208e-07,7.98779e-17,0.0,0.027326684,1.4311612e-15,2.0224485e-05,1.2101815e-13,0.9547128,6.5297805e-30,2.4918873e-07,1.4954522e-28
457,457,458,17,1.9804853e-30,7.652233e-12,0.015543926,1.8847097e-15,1.6588223e-29,9.692e-41,1.04284235e-08,1.4226473e-16,8.869391e-14,1.5301994e-11,3.334925e-12,2.5938793e-17,0.0,4.9847543e-08,7.845584e-17,6.813883e-12,9.647447e-22,0.98445517,1.5366349e-32,2.2576694e-11,2.5797379e-25
458,458,459,17,6.039205e-35,1.5680928e-14,1.703709e-05,3.4977733e-19,1.2958578e-33,2.12e-43,1.0154438e-11,8.1244423e-19,4.0004728e-17,1.7495682e-13,1.3652553e-13,3.147727e-19,0.0,8.589437e-12,7.762332e-21,1.23322585e-14,6.274814e-23,0.9999829,2.8894645e-34,2.9423538e-12,8.668193e-30
459,459,452,17,5.57489e-31,9.430507e-15,4.484309e-06,4.298777e-18,5.00119e-31,4.9e-43,1.965917e-11,2.3981147e-16,4.488034e-16,5.0730054e-12,5.087948e-12,1.0874567e-18,0.0,1.11837865e-10,7.269698e-23,5.289294e-13,6.0575454e-21,0.9999962,3.6904163e-32,1.4913577e-11,6.9270617e-31
460,460,461,17,1.1048696e-38,3.8886585e-12,7.62699e-06,3.9023905e-19,2.6330904e-31,2.99075e-40,6.0150063e-09,2.5773717e-14,2.1531156e-12,1.4723214e-16,2.1207578e-08,4.3300692e-23,0.0,4.75914e-06,1.7428312e-16,3.934413e-09,3.979428e-22,0.9999886,2.0330363e-29,7.874074e-08,3.829061e-25
461,461,462,17,1.23365e-40,2.983186e-13,7.359208e-08,8.73085e-22,5.144184e-38,0.0,4.322028e-10,1.5928815e-17,3.9591958e-16,1.7973249e-16,5.1623004e-11,3.8868662e-26,0.0,1.1723414e-10,1.6696367e-18,2.0015332e-13,4.308741e-26,1.0,3.494206e-30,5.2064053e-10,1.1311695e-24
462,462,457,17,3.9837607e-35,1.722246e-14,3.343242e-05,7.28707e-18,2.8932836e-32,3.974e-42,7.052584e-11,1.3009707e-16,2.121058e-15,1.5126184e-13,2.4666484e-12,8.2064873e-19,0.0,3.663932e-10,2.0201881e-21,2.597558e-13,2.198309e-24,0.99996567,1.6553156e-27,1.6210843e-11,6.406962e-27
463,463,464,20,1.548605e-16,5.044337e-13,1.0695589e-21,1.7057705e-20,3e-45,6.550189e-37,2.1986263e-14,1.9936782e-19,5.480528e-13,3.9409227e-21,1.7710826e-10,1.5383e-41,0.0,2.909968e-11,8.612636e-08,3.5129314e-22,1.6826778e-21,0.0,7.445808e-32,1.8522359e-16,1.0
464,464,465,20,7.644434e-22,5.494682e-12,3.9855218e-21,2.0686104e-19,2.784538e-38,8.524298e-39,8.834628e-14,1.1458044e-18,3.817603e-11,5.0052614e-21,1.3069723e-08,1.98118e-39,0.0,1.6841803e-10,7.5800005e-10,1.5803521e-18,6.503307e-22,0.0,5.215064e-28,5.521424e-14,1.0
465,465,660,20,1.8417062e-20,7.788697e-11,2.850097e-20,1.3738811e-20,4.24193e-40,1.944995e-39,7.1507925e-13,1.7154224e-19,1.715512e-10,2.9213923e-21,8.394399e-09,5.659148e-36,0.0,8.758603e-11,5.353166e-12,4.0771148e-19,1.2408453e-24,0.0,6.775356e-30,6.131348e-13,1.0
466,466,467,2,9.736687e-39,1.6159784e-11,1.0,1.0470963e-14,0.0,1.44823125e-36,6.1200094e-11,4.2241286e-19,1.174048e-15,2.4273654e-15,6.235208e-22,4.9161755e-12,0.0,6.19052e-11,1.7040421e-18,4.761588e-15,3.2315935e-19,1.7687382e-23,2.063845e-39,1.7835548e-17,8.541837e-33
467,467,468,13,2.2424628e-16,6.571807e-09,4.856093e-08,6.237731e-14,2.0498958e-37,2.913362e-33,6.8769884e-07,2.5682992e-17,3.6527834e-09,5.8738665e-12,5.3897928e-12,2.816155e-25,0.0,0.99966824,0.00033078121,4.3034968e-13,3.710554e-13,1.1159834e-18,1.0277302e-35,2.3130126e-07,1.6868446e-11
468,468,472,14,1.8830811e-12,6.61121e-16,1.2847926e-18,1.1299112e-15,0.0,5.923249e-37,2.1157126e-11,1.0763441e-15,4.2866635e-16,1.1403903e-15,1.12802105e-14,2.460768e-39,0.0,3.479695e-07,1.0,1.445733e-18,1.1105582e-14,9.718282e-39,9.248932e-34,4.799052e-19,1.0229635e-10
469,469,470,14,9.765583e-18,0.0005528439,6.3100705e-17,9.312901e-13,3.594649e-36,5.2919917e-23,1.8367437e-07,9.300981e-11,3.831757e-06,1.0135237e-12,1.6420175e-08,2.3390194e-37,0.0,0.00013074712,0.6562464,7.067568e-16,1.1032782e-07,0.0,1.1716123e-18,8.991328e-11,0.3430649
470,470,471,20,1.7860653e-19,0.00019729105,2.7667792e-17,8.7482884e-14,2.6681302e-35,4.7416116e-23,8.08982e-08,5.4943602e-11,3.7536065e-05,9.3029175e-14,5.3383905e-05,1.0876677e-34,0.0,0.00010111335,0.0037953074,7.821122e-14,7.197949e-09,0.0,2.5269387e-17,1.3123448e-09,0.99581647
471,471,463,20,3.3808e-16,4.1463638e-11,1.0153539e-20,1.01463034e-19,0.0,5.5584787e-30,3.2576822e-13,1.2699946e-17,7.917852e-12,3.8986686e-20,5.6465885e-09,1.887399e-39,0.0,6.049104e-10,6.6276825e-06,9.178348e-21,3.9313062e-17,0.0,3.3642351e-28,7.59759e-17,0.9999943
472,472,473,14,1.2244244e-26,7.228718e-15,1.3211101e-16,1.853293e-12,2.7e-44,3.0164387e-29,4.5780834e-11,1.607804e-14,2.1153682e-16,4.964069e-16,7.8772555e-16,4.298824e-34,0.0,6.114505e-10,1.0,1.06808155e-16,1.099729e-12,1.1530724e-36,3.4653483e-30,2.8918765e-21,1.1226091e-12
473,473,474,14,3.291553e-32,6.8086856e-12,3.398713e-14,2.8884972e-10,6.0863254e-32,6.7065355e-25,4.7942272e-09,5.8782827e-12,2.2709011e-12,2.7108985e-15,1.7860054e-10,3.0873456e-30,0.0,1.0305395e-08,1.0,1.0629593e-10,2.1313895e-09,4.671922e-34,9.556135e-22,1.8168183e-17,7.152953e-08
474,474,469,14,1.5201713e-23,8.1826734e-10,1.8752916e-17,9.920443e-15,1.7957981e-37,3.1818194e-27,7.884976e-10,3.499037e-14,9.212837e-12,1.076495e-17,2.1983453e-14,2.0638062e-38,0.0,9.721026e-09,0.99997336,4.7143025e-17,2.9252784e-10,0.0,1.1058147e-22,5.3402873e-19,2.6862883e-05
475,475,476,14,3.3010952e-18,1.1972226e-07,5.586392e-14,6.409523e-14,3.36e-43,5.307373e-32,5.223636e-09,4.438007e-12,2.146437e-15,1.6147705e-11,2.0332492e-18,8.85151e-37,0.0,1.3327628e-08,1.0,1.07690975e-17,4.4646198e-10,9.663719e-39,5.9433717e-29,8.824443e-21,2.4926475e-15
476,476,477,14,1.3334551e-22,3.1193125e-05,7.84893e-11,1.7964598e-10,9.40868e-40,7.6953376e-31,2.995978e-08,7.513338e-11,3.3596563e-13,4.9861204e-09,1.7468258e-15,2.5065746e-33,0.0,7.31145e-06,0.99996185,2.8418196e-16,8.1457374e-10,7.3111363e-38,1.3409404e-34,1.5114107e-16,3.9158045e-15
477,477,626,14,2.6779152e-23,0.11187209,6.670251e-11,3.0543575e-08,3.884032e-35,5.3518154e-32,5.639857e-07,4.9681004e-10,4.7129657e-12,6.0715415e-06,8.324021e-13,1.7250962e-33,0.0,0.0003473626,0.88777435,4.3043339e-13,2.2804896e-08,4.5299147e-32,8.156382e-30,5.932172e-10,4.5724416e-13
478,478,479,14,2.3308219e-32,1.0274716e-12,8.3846683e-13,1.6011485e-17,2.046e-41,5.8971475e-35,1.4766287e-10,1.736073e-20,3.936904e-17,3.3420082e-18,9.892285e-16,3.4657194e-37,0.0,3.138499e-09,1.0,3.3841877e-12,5.106723e-15,3.2314285e-22,3.5220764e-33,1.2486823e-13,2.7036402e-21
479,479,480,14,4.6088987e-29,9.682279e-09,1.1315439e-11,2.4766683e-14,3.5217469e-37,7.368308e-31,6.834172e-09,6.832423e-17,2.8945467e-14,1.7805188e-14,3.1677756e-09,3.975004e-34,0.0,1.7594199e-06,1.0,3.61795e-08,2.4000689e-12,9.807648e-20,6.53876e-28,1.7870635e-08,1.1401462e-16
480,480,481,14,7.2921383e-31,4.4326584e-13,2.5161117e-14,6.867516e-17,1.3040671e-37,4.233976e-31,1.2075493e-11,6.446332e-20,2.88284e-17,6.6778875e-19,3.8000507e-15,1.7606436e-34,0.0,1.05095224e-10,1.0,2.4294428e-13,1.040018e-15,2.1182471e-27,2.985658e-27,6.3952593e-14,5.3635183e-20
481,481,482,14,1.8322887e-19,2.8554875e-10,1.7201299e-16,4.1782786e-11,3.3515486e-31,4.6173056e-31,1.09705205e-11,1.7479615e-12,1.634793e-15,2.3423897e-11,2.8567407e-10,2.338892e-39,0.0,2.994951e-07,1.0,2.2809993e-11,1.0390524e-11,2.9632695e-28,1.9760594e-26,4.0902014e-11,7.033715e-13
482,482,483,14,1.0486693e-18,2.914202e-06,1.5835122e-13,3.1954892e-06,9.598811e-29,3.7217687e-27,3.0942154e-10,2.5471191e-08,2.1251104e-12,8.2493494e-07,2.0462326e-06,2.0060447e-34,0.0,7.164324e-05,0.99991995,1.3545398e-10,1.6632058e-08,7.736891e-33,8.609646e-27,1.2301045e-09,2.1700308e-09
483,483,475,14,1.4624602e-21,1.0708058e-10,2.2463731e-18,1.988087e-13,1.230716e-37,1.0298324e-30,3.7664446e-12,1.054831e-12,1.8118429e-16,7.3579225e-14,4.3354233e-16,4.4379338e-37,0.0,5.6777513e-11,1.0,2.7986352e-17,2.0668677e-11,2.122254e-39,9.649587e-21,7.50211e-19,3.9910024e-12
484,484,485,14,2.6340354e-23,7.9536585e-06,9.4726215e-07,3.920053e-13,5.18e-43,3.377925e-39,0.00017009758,5.9772697e-15,4.150494e-11,6.340105e-11,7.681919e-12,1.9126878e-31,0.0,0.20683533,0.79254514,6.537349e-10,3.2799205e-10,2.653059e-12,8.505767e-28,0.0004408934,9.276442e-15
485,485,478,14,1.4379853e-30,2.476814e-11,1.548875e-11,8.5292406e-17,2.236e-42,2.267997e-38,2.7016875e-09,2.4398282e-19,4.44961e-16,2.5308855e-16,4.7390795e-16,6.909675e-37,0.0,5.9631964e-07,1.0,1.4624612e-12,8.425994e-14,3.267355e-19,1.6263761e-31,6.046794e-11,8.5697004e-20
486,486,487,11,0.0,5.6861365e-12,0.00012405645,2.366247e-15,1.7945297e-31,3.0584088e-12,2.3242028e-13,2.5090643e-16,4.7429026e-13,1.7477266e-14,1.3323727e-21,0.99987406,0.0,4.0258857e-17,7.46188e-23,1.1245998e-16,1.0540097e-21,1.1931708e-27,1.5449627e-33,4.3846665e-18,1.3593077e-24
487,487,488,11,4.455386e-38,1.3733969e-08,0.0015372615,5.5979853e-18,4.7135764e-27,7.4821226e-14,1.5320283e-10,3.0175203e-14,3.264695e-08,1.426193e-12,5.217856e-18,0.99846387,0.0,1.7883752e-13,1.0290169e-20,5.564546e-15,2.5972799e-21,2.7648268e-25,8.670838e-30,7.8389925e-12,1.8090245e-17
488,488,597,11,2.9006947e-35,1.4308599e-09,0.02904586,2.5565364e-20,4.2089687e-30,2.5094307e-14,8.008204e-09,2.0918185e-14,7.567051e-08,6.074323e-13,1.169618e-15,0.97095406,0.0,1.4277514e-10,5.2581157e-19,1.9756927e-16,4.12333e-21,1.5692909e-20,1.593792e-26,1.6246023e-09,3.0107765e-18
489,489,490,5,4.726169e-39,8.025611e-15,6.258472e-20,6.587295e-16,0.0,1.0,7.1719365e-17,8.310888e-20,1.0740186e-15,2.7214773e-15,4.9372792e-20,1.3176701e-12,0.0,1.0300362e-16,1.7353502e-21,1.5408288e-21,5.2825424e-19,2.423e-42,2.8505e-41,2.1297673e-21,3.127138e-29
490,490,491,5,5.064e-42,3.1770997e-13,3.5894047e-19,1.8468385e-16,0.0,1.0,5.098407e-17,1.5907553e-18,1.0323064e-15,2.7718347e-13,1.7631486e-21,7.345482e-11,0.0,1.5995857e-17,1.391454e-22,2.8117032e-23,2.5307658e-19,1.711e-40,6.824e-42,1.00424064e-20,6.484334e-29
491,491,492,5,0.0,6.6374483e-21,1.160771e-18,3.005778e-15,0.0,1.0,5.840353e-19,3.4027e-19,1.4167706e-17,2.2476405e-19,5.6975312e-21,5.87192e-11,0.0,2.8065513e-21,1.7334023e-24,7.791941e-21,3.3421674e-22,3.1942915e-38,6.2438546e-35,1.5995052e-26,2.3214007e-30
492,492,493,5,0.0,3.3708018e-19,4.502492e-15,4.310557e-15,1.5e-44,0.9999962,4.499689e-17,3.613423e-17,1.01486406e-16,2.803764e-17,4.894097e-19,3.7301802e-06,0.0,6.320468e-20,1.5273476e-26,5.8108892e-18,1.5189836e-22,1.9163292e-34,8.6398594e-32,1.26869786e-23,2.2428073e-29
493,493,494,5,6e-43,2.0505543e-13,1.146823e-11,4.8285295e-17,1.157e-42,0.998182,4.693779e-15,4.0262756e-14,6.680889e-13,1.000075e-10,2.4468408e-16,0.0018162355,0.0,6.6716847e-16,4.321395e-28,1.0503347e-18,3.5359907e-21,7.874316e-30,9.92444e-33,5.966721e-15,2.3351899e-26
494,494,495,5,0.0,5.496335e-17,3.1179035e-12,3.011248e-14,3.632e-42,0.9974988,2.0237105e-16,4.1885933e-16,5.88844e-15,5.386884e-16,1.2243641e-18,0.002500887,0.0,6.9023616e-19,1.3157163e-27,2.2445842e-17,7.3904397e-22,1.0249514e-33,8.792778e-31,1.0063729e-20,1.1936123e-27
495,495,496,5,0.0,1.3781766e-14,1.08178654e-10,2.5154158e-14,1.8937e-41,0.92928886,7.93225e-14,1.546168e-15,4.9066992e-14,5.383674e-14,5.067917e-20,0.07071137,0.0,1.0853804e-18,3.9483744e-27,4.272584e-19,2.9624761e-22,8.441504e-36,1.8302987e-33,1.6078305e-19,4.5380375e-27
496,496,497,11,0.0,3.3615572e-11,4.4966743e-07,8.544868e-18,2.0050062e-32,2.4672005e-07,3.913197e-12,1.3791407e-15,1.9242915e-12,7.401194e-13,4.6340526e-23,1.0,0.0,1.9504259e-17,2.392071e-27,4.9572084e-20,2.0497695e-23,2.5038056e-31,2.1102068e-34,7.3009303e-17,7.128908e-28
497,497,486,11,0.0,1.1913004e-14,4.499834e-06,3.9040807e-15,2.860902e-28,1.4387064e-12,1.7122501e-13,4.8603386e-15,1.2405452e-12,3.5625912e-16,2.4104787e-23,0.9999962,0.0,3.1735529e-19,1.8391096e-26,1.782514e-17,1.0908745e-21,5.359076e-29,1.6869626e-31,1.7095405e-22,2.9319017e-26
498,498,499,10,8.6007974e-16,1.2184217e-06,1.5437669e-18,8.556863e-20,7.203e-42,3.8166004e-36,2.738974e-08,7.2059286e-13,2.8960136e-08,1.854282e-13,0.9997635,3.160175e-37,0.0,0.000114715076,9.8768425e-05,1.3772692e-15,6.7569396e-19,1.611461e-39,7.3341614e-36,1.4206472e-07,2.1678921e-05
499,499,500,10,6.5588874e-23,4.53875e-11,2.3063564e-18,2.0085466e-21,4.6e-44,1.17660445e-36,1.618013e-12,3.1795542e-17,9.102066e-12,9.174411e-17,1.0,2.0784763e-32,0.0,7.494024e-09,7.908762e-13,3.907476e-16,3.990852e-26,6.225562e-36,9.571015e-38,2.0307337e-07,3.4946703e-09
500,500,623,10,5.9404117e-26,1.8183752e-13,3.7370386e-17,2.00197e-19,1.8e-44,2.1082296e-32,7.464701e-15,3.9669038e-17,8.5700257e-13,7.83243e-16,0.99999815,3.0641777e-27,0.0,2.2886094e-10,3.8356132e-16,1.8949393e-15,4.878834e-25,7.1232776e-29,8.1025e-40,1.038738e-06,3.682254e-13
501,501,502,10,2.0601292e-19,7.692353e-06,4.5887134e-11,1.6269988e-06,1.5223459e-25,4.607565e-28,6.2702854e-10,8.531073e-07,1.1614065e-07,0.0006240928,0.9783006,2.8137896e-27,0.0,0.02105473,5.348426e-10,4.078845e-10,8.837344e-06,0.0,2.7563452e-28,4.4435844e-10,2.5806932e-17
502,502,506,10,2.1483022e-17,6.067021e-08,1.7104494e-12,5.1004316e-09,2.2336614e-30,6.897277e-28,6.8034155e-12,3.3323357e-09,6.9885306e-09,2.1056305e-05,0.99559605,4.3480526e-27,0.0,0.004382927,4.7522186e-10,9.165649e-13,2.6731591e-08,0.0,1.7779217e-34,3.7226244e-10,1.6496954e-16
503,503,504,14,9.408078e-24,0.0007153731,1.8154832e-15,1.2169715e-15,1.0649715e-34,3.302229e-33,0.060343787,2.0456208e-09,1.1708069e-05,1.869107e-09,3.1289776e-05,2.1636726e-33,0.0,0.008126245,0.930763,8.446554e-15,2.0731116e-13,6.422328e-35,4.726504e-35,2.4394868e-09,1.0452415e-05
504,504,505,10,2.538463e-26,4.6296907e-07,7.0721555e-15,5.774743e-16,1.5840778e-31,9.107951e-31,0.035518426,2.3781077e-10,0.010472546,2.0562107e-12,0.95265007,6.674276e-25,0.0,0.001210954,0.00014688523,1.015851e-10,1.02224415e-13,4e-45,5.530669e-36,3.4247527e-08,1.0151945e-06
505,505,498,10,2.2150188e-16,1.3239501e-09,1.6491905e-18,1.6474479e-19,5.6296253e-37,7.6983497e-34,6.784018e-08,1.5657813e-12,1.5858099e-05,7.449826e-14,0.9997978,3.4791616e-31,0.0,0.00018684061,5.828815e-07,3.2209685e-14,1.05953225e-14,0.0,9.7e-44,1.4904556e-08,1.0321796e-09
506,506,507,10,5.1826397e-20,8.4389745e-10,3.7242504e-14,6.770593e-10,1.9400003e-32,2.4365348e-27,1.981348e-14,3.087187e-11,2.3059786e-10,2.0860396e-08,0.9998779,4.568862e-30,0.0,0.00012234063,5.9844973e-09,9.414983e-14,8.8844404e-11,1e-45,7.6191172e-34,1.60687e-09,1.9584607e-12
507,507,508,10,9.4212276e-23,7.8042994e-10,1.1819699e-16,7.0081615e-14,4.005713e-31,7.021216e-30,5.7678803e-14,1.206687e-13,2.7098434e-08,1.8673348e-14,0.99998474,2.2808815e-30,0.0,3.9296942e-06,4.2770134e-07,1.6497735e-13,5.0199455e-14,0.0,2.8572986e-31,1.16562235e-08,1.1874583e-05
508,508,503,14,1.1931555e-15,2.0696276e-05,4.602808e-19,8.26663e-18,1.246304e-34,1.02809874e-35,1.3604094e-06,4.1608164e-10,1.373676e-06,1.2931224e-10,0.007772981,1.7550418e-37,0.0,0.0057753315,0.9860449,7.5084484e-16,1.2621339e-14,6.135e-42,2.8258457e-36,5.8224128e-08,0.00038489743
509,509,510,14,4.5286057e-15,1.0688157e-15,1.00435716e-17,7.9945013e-16,3.85e-43,3.3798282e-34,2.6081748e-11,4.5133083e-15,3.0773279e-15,2.6933388e-19,2.4023448e-16,3.3219827e-37,0.0,2.7780615e-11,1.0,9.009704e-17,6.123199e-14,1.7665e-41,1.6204559e-31,9.0118075e-23,2.3389038e-14
510,510,511,14,1.6833845e-13,9.7009606e-14,3.5580707e-15,3.5114855e-14,0.0,7.215827e-29,1.5851888e-10,6.460082e-16,2.2946906e-13,3.614386e-18,5.0169948e-15,3.7095234e-34,0.0,5.4543303e-10,1.0,5.653549e-17,1.4527017e-14,1.95e-43,3.011177e-34,1.7603675e-20,6.7160237e-13
511,511,627,14,2.2564157e-08,4.309251e-11,3.0208851e-13,4.6977244e-13,0.0,5.429272e-26,5.704873e-09,1.8917388e-16,7.878714e-12,9.317576e-16,1.947174e-13,1.3784623e-30,0.0,6.510602e-08,1.0,5.9935886e-17,1.9565832e-15,1.8e-44,1.115041e-36,9.562322e-17,1.8501656e-10
512,512,513,14,4.8397327e-13,4.699648e-18,7.156218e-18,1.5635987e-17,1e-45,7.1443424e-36,7.120727e-13,2.0643421e-15,4.0612355e-19,5.1026486e-17,1.8471847e-15,6.470865e-37,0.0,8.4353004e-11,1.0,2.2360613e-19,6.7680646e-17,4.309548e-33,3.1049444e-37,5.353578e-22,1.0781629e-18
513,513,514,14,1.3149651e-10,2.912441e-17,9.892733e-17,6.095739e-16,8.7e-44,1.0445679e-35,6.625084e-12,1.6123314e-13,3.8468187e-18,1.6815481e-14,7.763371e-13,2.2172701e-36,0.0,9.904819e-09,1.0,1.3551448e-17,7.531368e-16,2.1537625e-29,6.308325e-36,7.0844504e-20,4.602654e-17
514,514,515,14,2.295496e-13,3.4130105e-18,3.5242307e-16,2.5881182e-16,1.8e-44,3.09843e-34,1.7800724e-12,2.4537496e-15,2.3369548e-18,2.1754178e-17,9.9155296e-14,2.543105e-34,0.0,6.2279715e-10,1.0,5.4436243e-18,8.678139e-18,2.9237091e-30,8.93474e-34,5.0471388e-20,1.2085372e-16
515,515,516,14,1.8412279e-13,9.708165e-17,3.6800434e-16,7.968373e-17,6.97261e-40,1.8450463e-35,9.5663226e-12,5.702425e-13,6.8900344e-16,1.709597e-17,1.2432718e-08,1.2301059e-37,0.0,1.9125069e-07,1.0,3.113923e-15,1.2979602e-18,1.2530935e-25,1.2750359e-28,6.5945394e-15,7.8657675e-13
516,516,517,14,1.6725621e-11,8.299028e-15,2.9422356e-16,5.985775e-17,1.0152e-41,1.6654384e-33,1.2717737e-10,5.92482e-11,1.4394742e-13,1.03471474e-16,0.00013394782,2.7671534e-36,0.0,1.5746278e-05,0.9998513,4.7455216e-15,5.2302713e-18,1.4351919e-28,1.4530783e-22,1.8160956e-12,6.039957e-08
517,517,509,14,4.005608e-15,1.02613396e-16,1.4286063e-18,5.785696e-18,0.0,1.1290089e-33,2.7154667e-12,7.6293375e-16,1.0471713e-16,8.186219e-21,3.5648126e-13,4.532122e-34,0.0,2.9672997e-11,1.0,9.7108904e-20,9.759922e-18,2e-43,1.03305696e-26,1.832924e-20,5.738499e-12
518,518,519,14,0.34166357,1.4187194e-07,1.3997e-15,6.358424e-16,0.0,1.1377114e-34,3.3267366e-08,1.3651837e-11,1.965767e-11,3.637191e-12,5.875441e-10,2.4970823e-30,0.0,4.8132188e-06,0.6580263,4.9382027e-20,1.051578e-17,1e-45,5.148537e-25,8.000706e-13,0.0003050661
519,519,512,14,1.5447513e-06,8.140863e-17,1.1028466e-19,3.814901e-19,0.0,1.868067e-38,2.9911455e-13,4.483089e-16,2.7703263e-18,3.3140532e-18,1.5257184e-13,5.484424e-37,0.0,1.3118262e-10,0.99999815,2.6223668e-22,1.8430133e-20,3.87645e-40,7.914835e-34,9.330718e-20,7.9174486e-11
520,520,521,2,0.0,1.6187168e-12,0.9999161,1.4491249e-16,0.0,8.969847e-34,4.8334204e-14,7.082451e-20,5.798979e-17,1.0846406e-16,7.580948e-23,8.4549785e-05,0.0,1.6811752e-15,3.8738864e-25,1.6381998e-17,3.2556533e-23,2.3925123e-32,4.8531304e-38,3.3727586e-18,2.3071144e-32
521,521,522,2,4.8234e-41,1.0729847e-11,1.0,5.2939513e-15,1.5643e-41,2.26e-43,1.1516327e-10,3.3314164e-19,1.40444475e-14,4.7066656e-17,4.5428087e-16,1.5734093e-12,0.0,5.5243054e-12,5.1352196e-17,2.4941698e-07,2.0068452e-22,8.455684e-21,4.7892958e-30,4.8952135e-13,4.7443882e-27
522,522,550,15,2.457467e-39,9.7187924e-11,1.0580647e-09,2.4284249e-12,3.1296137e-18,6.938246e-39,9.8743e-09,1.4173233e-15,4.3976685e-09,3.824536e-17,4.015805e-11,8.2717815e-23,0.0,4.302945e-10,6.604371e-11,1.0,6.112025e-20,1.9357533e-21,1.1325313e-21,5.173148e-09,1.9941184e-20
523,523,524,5,0.0,1.7440865e-18,6.170171e-12,2.0690305e-17,1.1e-44,0.99982077,2.6155683e-18,1.7219648e-20,2.0382226e-15,3.4074798e-19,9.360538e-24,0.00017959239,0.0,3.0468146e-17,7.471442e-25,1.0433823e-25,1.3722388e-24,3.953e-42,8.28e-42,1.5304928e-24,5.029187e-35
524,524,525,11,2.8665164e-36,1.3401262e-13,7.6918094e-10,1.5442966e-11,2.1282647e-36,0.00020273619,4.007595e-15,5.321006e-13,3.0411154e-08,7.521385e-14,7.000128e-19,0.9997978,0.0,6.820276e-13,1.1115516e-26,9.3024845e-23,8.171679e-21,0.0,2.4126e-41,2.8699492e-23,1.6396115e-26
525,525,529,11,0.0,7.466511e-18,3.115174e-09,5.55586e-19,0.0,1.8156823e-13,2.556178e-18,4.774289e-20,3.0784635e-17,1.3786692e-20,2.3803729e-28,1.0,0.0,1.2432318e-19,3.4244347e-33,1.1691056e-29,5.485462e-25,0.0,1.22e-43,9.974093e-31,7.358085e-38
526,526,527,11,0.0,3.00405e-13,0.004501558,1.6231702e-18,0.0,6.9192954e-24,2.5224326e-16,5.895415e-20,7.683542e-17,8.351767e-18,5.5279732e-27,0.9954992,0.0,1.6881592e-17,3.624011e-32,5.7112943e-25,1.8050947e-25,3.873e-42,7.40764e-40,1.7278389e-22,4.874068e-34
527,527,528,11,0.0,3.3520927e-12,0.10110618,4.632812e-17,0.0,1.0639207e-25,2.9962871e-15,4.986304e-19,7.4181134e-16,1.4076984e-17,4.771114e-23,0.8988939,0.0,5.920737e-16,8.5230036e-30,1.2615914e-19,8.3034155e-26,1.5282838e-36,7.639515e-35,9.745966e-19,2.0312843e-29
528,528,520,11,0.0,4.615677e-12,0.13177982,1.6863514e-16,0.0,3.6161266e-24,2.3188542e-13,1.7522213e-19,1.3003617e-14,1.925049e-18,1.6859915e-23,0.8682187,0.0,6.983899e-15,3.6317443e-26,1.4546673e-18,9.53089e-25,9.4404845e-36,5.7987454e-36,1.1758884e-18,3.6592276e-31
529,529,530,11,0.0,2.3267974e-17,3.078225e-08,1.983483e-19,0.0,5.889898e-16,1.1089213e-19,5.7060357e-21,7.457939e-19,2.1090469e-20,8.3281454e-29,1.0,0.0,6.568888e-20,2.1760936e-36,3.7227996e-30,1.7005678e-26,0.0,1.55e-42,3.7267373e-29,3.747148e-38
530,530,531,11,0.0,2.5706836e-15,3.675804e-06,1.8604218e-16,0.0,7.652585e-19,1.4619548e-18,1.381613e-19,2.2989603e-18,4.0347087e-18,2.9714113e-26,0.9999962,0.0,1.0353138e-18,5.3770333e-37,1.6497634e-25,1.3629416e-25,1.463e-42,2.520258e-39,2.9425476e-25,4.1247003e-35
531,531,526,11,0.0,1.3740366e-15,3.2195383e-06,4.6666875e-18,0.0,3.940506e-19,4.709932e-18,3.019549e-20,1.552988e-17,1.1403226e-19,4.706567e-28,0.9999962,0.0,3.5843693e-19,6.149465e-36,9.053655e-27,1.7529707e-26,1e-45,1.786804e-39,1.035962e-25,6.39053e-36
532,532,533,11,0.0,5.6915254e-17,8.2412334e-11,1.9414039e-20,3.0042e-41,7.184352e-10,7.868804e-19,2.6136035e-18,2.1035875e-16,8.032298e-20,1.3060365e-25,1.0,0.0,3.3908178e-19,2.3899763e-32,1.1880523e-27,8.506427e-25,2.286e-42,2.859389e-33,6.77503e-27,7.738359e-35
533,533,534,11,0.0,1.7496909e-14,4.1807664e-07,4.4632178e-20,1.9267526e-34,2.1817492e-18,1.03995397e-16,9.253252e-16,5.6486533e-14,1.4712547e-16,3.578749e-22,1.0,0.0,1.3208538e-15,2.7510556e-32,6.9465286e-26,3.9625963e-23,2.9793e-41,9.6537443e-29,1.4613434e-23,2.8179042e-34
534,534,595,2,4.7348e-41,4.2933598e-07,0.9999504,7.5610545e-14,4.4155103e-21,9.965554e-35,1.6691994e-08,2.0071148e-13,9.028126e-06,5.4333114e-11,9.87929e-13,3.834713e-05,0.0,8.0664654e-07,2.5619658e-19,1.1889623e-14,5.412625e-11,4.1845163e-33,4.7323572e-24,1.8671411e-08,4.683117e-31
535,535,536,5,0.0,3.357512e-16,2.1748296e-16,1.0923217e-17,4e-45,0.9999886,3.6090443e-16,7.5724373e-19,8.887843e-16,3.4814282e-18,2.674435e-22,1.2325683e-05,0.0,3.9539845e-18,5.894068e-27,7.194247e-23,2.766821e-25,8.143568e-39,8.744211e-38,2.735352e-22,2.7474808e-31
536,536,537,5,0.0,1.3574208e-10,1.7175698e-12,7.932534e-15,4.768306e-33,0.99683887,4.386472e-11,5.900229e-13,5.9233334e-09,7.40405e-12,1.7688247e-17,0.0031609528,0.0,1.6095362e-12,1.02997356e-23,1.782962e-18,9.078722e-21,3.7765451e-34,4.9574645e-31,3.6086724e-16,3.8997593e-25
537,537,538,5,0.0,1.28196264e-11,3.6359166e-11,1.2931506e-12,9.109426e-28,0.69896793,2.8583605e-13,3.0399494e-12,1.8819629e-10,1.3908872e-13,2.3239476e-19,0.30103087,0.0,1.0472716e-15,1.170737e-25,3.2057374e-18,5.014383e-19,2.3814762e-32,2.3261022e-27,1.923882e-18,6.7288713e-28
538,538,539,5,0.0,6.7250825e-14,8.500827e-11,8.699092e-13,3.4659759e-34,0.8371089,2.485051e-16,2.3941488e-15,1.8175828e-15,2.9387935e-15,1.1905239e-21,0.16289188,0.0,2.2706095e-17,3.8054503e-28,9.210511e-21,9.77119e-22,5.1603504e-34,8.6771254e-30,8.2128634e-22,1.2015355e-32
539,539,540,11,0.0,1.2992578e-11,9.979348e-08,9.1580606e-14,5.4629582e-30,0.0044569955,1.5197557e-13,1.7512369e-14,4.9806e-12,5.1889433e-15,9.074333e-19,0.99554294,0.0,3.9020728e-14,1.2925194e-27,2.0603649e-19,3.1851793e-22,5.5439826e-34,1.0634728e-28,2.3846762e-17,2.2729255e-30
540,540,532,11,0.0,5.629172e-15,3.444369e-10,8.927248e-18,2.291392e-36,1.267772e-07,5.319757e-17,3.8329637e-17,6.613282e-15,3.3237624e-19,3.9457458e-24,1.0,0.0,9.329619e-19,6.2098316e-30,1.0541608e-24,6.837669e-23,4.58835e-39,1.9963669e-32,1.9386998e-23,7.216474e-33
541,541,542,3,0.0,4.806869e-14,3.5509978e-12,0.9991268,6.5529855e-23,0.00019220983,3.2142054e-14,0.00067838246,3.3363825e-08,1.66263e-06,7.89417e-14,2.344001e-09,0.0,1.2098623e-14,9.844468e-25,6.1229017e-12,2.8241465e-11,7.1011166e-35,3.23782e-22,9.7103346e-20,1.9538461e-30
542,542,535,5,0.0,8.879205e-15,2.6843692e-15,2.6949674e-08,1.2932516e-31,0.9999962,1.2837223e-14,1.2060493e-10,1.03758694e-11,7.385826e-12,1.6399497e-18,2.9040038e-06,0.0,1.0938681e-18,1.2937743e-24,7.465493e-16,1.4641666e-16,8.922546e-34,8.64094e-26,7.7292096e-21,1.7558256e-29
543,543,547,6,8.818326e-34,3.7349874e-09,1.5020318e-07,3.555669e-15,5.5140087e-35,5.1312707e-37,0.99580115,2.2424781e-10,1.8752294e-07,1.0251764e-14,2.7193998e-09,1.3590997e-25,0.0,0.0041985232,3.4278244e-08,1.5764877e-09,5.119127e-08,1.8840809e-26,9.861e-42,2.0998624e-13,9.332726e-32
544,544,543,6,1.6897616e-34,4.7646573e-08,1.285414e-05,5.969551e-13,1.51287e-40,6.52159e-40,0.99997336,2.407919e-12,2.6198516e-11,2.271292e-11,3.319844e-13,1.7541764e-24,0.0,1.5217401e-05,6.7631073e-10,2.1494883e-12,1.1862827e-10,2.792456e-20,8.06e-43,8.116861e-17,2.7607818e-31
545,545,484,2,1.29484e-40,8.34308e-09,1.0,2.4925334e-15,1e-43,1.6713e-41,4.7527698e-07,5.4244054e-19,3.8902424e-14,1.2036981e-14,1.0140512e-24,3.8516097e-16,0.0,3.3672076e-09,9.152867e-12,1.447229e-17,1.9537418e-15,3.560892e-24,8.684943e-37,2.5629946e-17,2.6185662e-31
546,546,901,13,1.510099e-13,3.9632614e-08,3.6403994e-11,1.0464495e-14,8e-45,4.9481206e-35,4.846368e-12,1.5792345e-14,9.777877e-12,1.9318405e-09,1.8561602e-10,1.1754955e-30,0.0,1.0,1.2692698e-07,1.01817116e-17,6.434872e-16,8.862146e-31,1.2365645e-31,3.8695862e-11,3.746079e-14
547,547,548,6,3.4793783e-36,1.0929597e-09,6.420667e-11,1.4792499e-18,1.4239598e-33,3.901e-42,0.99987036,2.2460311e-10,2.0159088e-05,5.4713362e-17,2.0080368e-10,2.4393782e-29,0.0,0.00010838862,5.6379738e-11,1.5104017e-09,7.99999e-09,2.2684438e-33,6.4058515e-38,1.0866343e-13,4.2146663e-33
548,548,549,6,9.412078e-36,8.7886035e-12,2.6997528e-15,4.677973e-24,2.0423464e-31,1.1e-44,0.99520886,3.777884e-12,0.0047894893,1.89289e-20,1.0218252e-09,1.22995e-31,0.0,4.3140128e-07,1.4162925e-13,1.6857325e-10,3.513723e-14,1.98e-43,1.5476809e-27,1.0393453e-12,1.0132145e-27
549,549,580,8,5.016563e-34,1.0513783e-08,7.7152264e-11,3.101851e-17,2.9191207e-28,0.0,0.035153132,1.8470685e-11,0.9648249,1.3910125e-16,1.9023391e-10,7.29232e-27,0.0,6.653289e-07,4.073162e-21,2.0602381e-05,1.7122843e-19,4.2939673e-29,2.4432143e-22,5.634303e-09,4.150887e-20
550,550,551,8,1.0386702e-37,2.9908737e-08,1.662086e-12,3.5838491e-12,1.816549e-16,0.0,0.23520987,4.6459268e-09,0.41677618,4.5107613e-15,4.8816402e-12,1.433491e-27,0.0,3.386569e-09,1.1949242e-20,0.3480157,9.0891353e-17,2.5907536e-25,1.793463e-15,4.756317e-10,2.6904854e-18
551,551,552,6,2.886864e-27,1.3947542e-07,2.5123495e-16,4.5658935e-18,1.2766212e-30,1.6050758e-38,0.9999962,1.5506907e-10,4.2155443e-06,9.329527e-16,3.5285522e-14,2.6218193e-35,0.0,3.057775e-07,1.5710898e-10,1.0481674e-14,5.9831777e-15,2.759908e-39,2.4015346e-19,7.270675e-14,2.4699589e-15
552,552,553,6,1.2764187e-27,2.7701968e-05,6.887755e-14,5.3559764e-19,7.633962e-32,1.477149e-30,0.9971963,6.729787e-08,0.0027756575,5.82156e-11,9.3454085e-17,3.3211506e-27,0.0,7.446045e-07,1.2876466e-13,3.0097133e-15,3.1064665e-11,1.1019193e-30,3.0073009e-24,2.9770687e-14,9.605364e-22
553,553,554,6,3.6540205e-11,1.2445341e-08,1.4020535e-12,3.152818e-22,1.06e-42,1.1059e-41,1.0,4.1194023e-12,2.6955536e-08,7.0153063e-13,1.2350484e-13,1.6042009e-30,0.0,1.0582036e-06,1.10887644e-16,1.0083633e-13,7.12402e-19,1.4032667e-29,1.4824812e-33,2.82005e-15,1.0150438e-28
554,554,666,0,1.0,2.9260255e-14,5.3423886e-18,3.0686992e-23,0.0,3e-44,7.450935e-10,2.254514e-16,2.09053e-14,1.4034881e-19,4.3680481e-10,7.478946e-39,0.0,4.836707e-09,3.0022327e-14,5.9667034e-21,8.884475e-26,6.8022e-41,4.6403067e-34,2.014505e-17,2.3442332e-13
555,555,556,10,1.1031457e-18,5.896442e-15,1.2036557e-16,4.0267304e-17,2.5541773e-35,3.6912208e-31,2.9214014e-15,9.796044e-15,1.5898655e-12,2.3852913e-20,1.0,1.1564641e-29,0.0,4.905736e-10,4.1179284e-18,1.0715459e-13,1.38266e-22,4.329e-42,3.4619015e-29,8.2281886e-13,5.3482524e-10
556,556,557,6,2.7152116e-17,3.320057e-07,1.0438925e-09,2.0367752e-09,6.2323443e-25,2.1060207e-38,0.9994623,1.3734298e-06,0.0003427099,9.483901e-15,7.8998454e-11,5.3240424e-24,0.0,3.102146e-10,1.9326454e-15,0.00019240202,9.8997095e-11,5.3463303e-38,1.4331853e-19,1.8663635e-17,1.2215493e-13
557,557,551,6,2.1398334e-28,8.635014e-10,2.8793903e-16,1.430159e-20,2.8832702e-31,6.646266e-36,0.9994623,1.9792735e-11,0.00053960487,8.598221e-20,2.6815359e-14,5.0589677e-30,0.0,1.8612663e-09,1.8851647e-13,4.425473e-15,5.676391e-17,0.0,4.539288e-18,5.7544488e-15,3.0148235e-17
558,550,558,15,1.4248264e-37,1.0984351e-09,1.4443799e-14,3.015214e-10,4.0257752e-11,3.62e-43,0.00017065134,2.6140403e-12,0.0015276101,4.390759e-18,1.9971717e-12,6.281498e-22,0.0,4.4666742e-13,6.877171e-15,0.99830014,7.687415e-16,2.854837e-38,4.4708437e-16,2.7453072e-12,8.627926e-12
559,558,559,15,2.7080768e-30,3.3538322e-12,4.353058e-15,3.9728998e-10,6.501538e-17,8e-45,2.825048e-06,2.7224487e-11,0.00029420177,1.7624117e-18,1.0374797e-12,1.8382118e-26,0.0,4.1685924e-14,1.5548297e-19,0.9997024,1.56862e-13,3.3735825e-33,1.8897221e-13,6.0855954e-13,2.8562054e-11
560,559,560,15,2.371272e-22,1.5385255e-07,5.237923e-09,2.4947028e-07,1.19939785e-23,1.9802633e-33,2.8769549e-07,0.00029220307,0.13777205,5.976207e-12,0.0016373491,6.0633387e-24,0.0,0.0027640031,1.8518917e-14,0.8575343,5.3722093e-09,3.1643183e-26,1.0646174e-13,4.2097565e-07,2.9908903e-12
561,560,1397,13,2.9017586e-19,1.0945289e-08,1.1228478e-14,4.1254938e-17,4.0575726e-38,3.7219363e-36,2.172471e-12,3.9990372e-10,3.7385224e-09,1.03026324e-10,2.6534215e-06,3.9669278e-35,0.0,0.9999962,5.974902e-14,1.6843124e-17,1.9705154e-15,1.1745145e-29,2.1803668e-34,2.1223359e-08,4.6616454e-21
562,555,560,10,2.8561646e-09,1.17835e-09,3.751463e-18,4.368801e-20,1e-45,9.986724e-33,2.9488165e-11,4.394809e-13,2.6799821e-06,8.1134515e-18,0.99997336,1.706677e-33,0.0,2.3247267e-05,2.6658189e-14,1.4444006e-16,1.0629041e-22,3e-45,2.2656614e-31,1.01256404e-07,1.2541946e-08
563,561,562,13,6.0767547e-21,1.2776654e-05,8.1224783e-07,1.09815466e-16,4.7612333e-34,7.183429e-34,1.8993297e-10,4.3699253e-09,3.651406e-08,8.9253444e-10,0.07082623,5.6700388e-21,0.0,0.9291595,1.4361916e-09,1.7868164e-10,3.623826e-20,1.8387244e-33,1.6946396e-29,5.5448808e-08,3.1026736e-13
564,562,563,10,3.853241e-16,8.591188e-09,3.5860268e-10,5.980741e-21,5.923088e-38,1.1657467e-31,1.5679463e-10,8.3130416e-13,3.804254e-09,9.675672e-16,0.99998474,1.3136884e-22,0.0,1.3030788e-05,4.141825e-12,1.4394544e-10,2.7207147e-26,1.6990154e-29,1.3418963e-28,2.2930435e-07,4.573746e-07
565,563,599,13,1.1220936e-30,0.010633084,1.5665526e-11,1.3257421e-12,7.309119e-33,2.4584368e-28,8.2266166e-10,0.00051745033,0.0006953871,1.5965989e-09,2.6181e-06,1.7837345e-29,0.0,0.9881499,1.16168565e-07,3.0873015e-13,1.2370158e-11,1.5025941e-36,3.8160515e-26,2.3859963e-09,9.281215e-16
566,564,565,17,1.73579e-40,1.4336579e-12,1.1972881e-08,1.4161398e-15,4.545419e-34,2.4334e-41,1.3554713e-12,1.4446925e-16,2.9180348e-17,6.684477e-11,5.14289e-15,8.492762e-21,0.0,6.0202877e-16,4.9974992e-20,1.575742e-13,2.070995e-19,1.0,1.0546851e-29,7.947008e-12,5.242767e-29
567,565,566,17,1.1e-44,1.9214573e-11,1.0402878e-11,4.3869628e-16,9.108541e-39,3.1646e-41,3.5845922e-13,9.29507e-16,3.0951606e-17,6.501942e-11,1.3829279e-16,1.7198351e-23,0.0,6.1933093e-18,4.4075673e-21,6.8069e-14,2.1663238e-18,1.0,2.3819068e-29,7.2256305e-11,2.625931e-29
568,566,567,17,3e-45,3.6825776e-09,1.0425195e-13,2.4472784e-17,5.0661747e-36,1.53025e-40,9.72529e-13,3.7359701e-13,2.5571755e-16,7.791497e-09,1.0982499e-18,1.3436654e-25,0.0,1.5817945e-17,1.2984981e-21,2.2613355e-16,8.863117e-18,1.0,6.2873173e-24,4.256734e-10,9.5640875e-29
569,567,568,1,3.072623e-38,0.91779864,9.62395e-09,1.6085857e-11,1.3553868e-26,1.7981322e-33,4.817352e-06,1.4416445e-06,4.4090886e-10,0.081589565,3.041438e-17,2.4717827e-19,0.0,8.521753e-11,1.4227553e-17,1.8915244e-14,1.08975186e-13,0.0006053786,1.7267318e-22,3.8236806e-07,1.9722736e-24
570,568,569,1,0.0,0.9999809,4.9785107e-12,3.4455107e-07,2.03233e-22,3.333058e-33,8.8325354e-11,1.03720695e-11,2.9505904e-06,3.239905e-09,3.7427148e-18,9.888476e-23,0.0,7.170286e-12,4.5910275e-25,2.1246253e-11,2.501667e-16,3.7543835e-33,2.0199061e-33,1.6635762e-05,5.812199e-25
571,569,585,8,2.2750722e-34,0.0008234366,4.8351355e-14,1.2007408e-13,3.0654082e-25,1e-45,8.847467e-05,1.0312912e-07,0.99815154,1.9272484e-08,1.5617247e-12,2.7879215e-28,0.0,0.0009380222,4.0645833e-19,3.9524928e-10,4.2065014e-13,4.3551698e-29,2.0517085e-24,4.4652332e-10,3.147395e-24
572,570,571,10,7.529464e-11,5.3342673e-09,2.4073402e-12,7.4183e-19,0.0,4.934523e-38,5.4555346e-11,2.0030533e-13,3.8104225e-11,1.594568e-14,0.99953854,1.8752338e-25,0.0,1.13483146e-07,1.243121e-14,5.1490174e-14,4.278067e-25,1.4350262e-30,3.2674915e-27,1.3966495e-07,0.00046043182
573,571,572,20,3.4028056e-18,4.290873e-06,2.7830548e-13,6.4782543e-13,9.644629e-34,7.02e-43,1.2568013e-06,5.738816e-16,3.2386513e-05,3.3386004e-14,8.1921205e-14,2.808463e-25,0.0,4.0284328e-11,3.876848e-15,6.2338598e-12,4.337522e-17,0.0,1.5710515e-28,2.7553899e-12,0.99996185
574,572,547,6,1.1012892e-37,2.9708802e-10,1.10444965e-13,3.4478814e-20,5.4265396e-33,4.26218e-40,0.9939113,3.5090538e-11,0.0060808226,1.5645099e-19,8.431087e-11,4.4203948e-30,0.0,7.193513e-06,4.3850978e-12,6.149754e-11,1.0919214e-10,8.13e-43,4.512303e-33,3.8984576e-14,7.5545613e-31
575,573,574,10,2.3320669e-32,4.1734538e-10,5.8558675e-16,2.1028391e-18,3.354246e-39,3.0105e-41,2.4850854e-11,8.5483495e-12,2.7452696e-09,2.84787e-12,0.9999962,9.662297e-28,0.0,2.1585465e-09,5.4711933e-16,1.15935074e-10,1.2780791e-21,3.6435876e-15,9.926008e-30,1.9065203e-06,3.0739482e-08
576,574,575,20,5.731947e-23,1.6681635e-06,5.770848e-15,3.3860861e-12,2.1300272e-21,0.0,3.4509867e-05,1.1811983e-10,0.034426298,9.2982894e-10,1.3299759e-06,2.001999e-28,0.0,1.4874184e-06,9.751792e-14,8.129709e-05,4.075182e-14,4.10762e-26,7.1921533e-25,2.0351608e-08,0.9654545
577,575,548,6,1.3675026e-34,7.124596e-10,7.279468e-15,3.404724e-20,2.5872717e-29,1.4e-44,0.6854748,1.7806506e-11,0.31452236,6.809363e-19,2.3744273e-10,1.2720322e-30,0.0,2.9883677e-06,4.788567e-14,9.0281427e-10,1.2565542e-10,1.7e-43,1.4878778e-29,1.3710594e-12,5.121541e-26
578,573,577,10,9.591556e-23,2.644211e-10,6.790098e-17,9.014705e-21,3.11181e-40,5.9215317e-37,3.40023e-14,1.5023496e-11,6.1560444e-11,6.963406e-10,0.999386,2.04263e-28,0.0,2.0086693e-06,4.8288476e-15,1.3620345e-14,2.843527e-20,1.3877377e-15,4.77924e-40,0.00061285816,1.3766892e-18
579,576,564,6,1.1260007e-21,0.0061692814,9.198117e-06,1.7379798e-14,4.456348e-26,2.82e-43,0.9309299,2.499309e-10,5.7409277e-05,0.018929796,1.0276481e-12,3.151823e-20,0.0,4.1542928e-05,8.672899e-13,3.809069e-12,5.4594817e-14,0.043864585,1.8364819e-25,3.3891812e-08,3.0711897e-18
580,564,577,17,4.65e-43,8.52824e-15,2.8348022e-17,6.2493186e-25,9.988e-42,0.0,3.991042e-15,4.252834e-16,3.3524198e-15,2.678903e-14,2.3531859e-15,2.692945e-29,0.0,1.6393882e-16,1.3133565e-24,4.4864374e-18,1.465997e-27,1.0,1.8204681e-24,1.5608963e-09,2.4632207e-31
581,577,578,19,6.1217588e-34,0.000878455,1.1827456e-16,1.7518244e-22,1.2132829e-28,7e-45,1.2756307e-11,5.676847e-09,2.2587658e-09,2.852702e-09,2.792224e-11,1.5156998e-32,0.0,3.066008e-08,4.546685e-19,1.9386273e-14,8.503488e-22,2.8786096e-09,1.0337644e-15,0.9991231,2.0115574e-31
582,578,579,1,3e-45,0.99991226,4.902726e-13,2.8103647e-14,7.289995e-39,1.06751e-40,5.2034688e-09,8.00408e-09,5.432064e-05,3.8177572e-10,2.2234654e-18,7.149314e-26,0.0,6.459465e-09,2.132207e-20,9.7334805e-12,6.150093e-15,7.6041868e-28,1.1382097e-28,3.163145e-05,1.8014737e-28
583,579,549,8,1.1601454e-28,1.6710007e-10,1.0079292e-12,7.6552314e-22,4.642298e-30,7.54591e-40,0.04278754,1.00161515e-07,0.95690405,2.422183e-17,1.2356472e-05,8.320987e-25,0.0,0.00029573546,1.4980357e-17,4.4369304e-09,2.8485567e-18,4.0025702e-29,6.8276675e-21,4.4167986e-10,9.367044e-23
584,580,581,15,3.7804983e-32,9.5244534e-11,6.088239e-14,8.195407e-13,2.9679342e-18,0.0,2.5989464e-05,7.5118444e-12,0.00014570213,1.0735177e-17,7.294327e-11,3.8230603e-26,0.0,9.145232e-10,1.4624773e-13,0.99982834,9.318491e-18,3.0556362e-25,5.20129e-15,9.646692e-11,2.4623493e-14
585,581,582,15,8.842273e-27,1.07078894e-11,1.03000406e-17,6.2609185e-09,4.9604444e-27,1.25105e-40,1.8009234e-06,6.63878e-09,2.3533123e-07,2.1679827e-13,1.5627021e-12,6.172902e-27,0.0,2.548912e-12,4.054666e-14,0.9999962,4.7023887e-12,4.3350297e-22,1.7451359e-13,5.763547e-14,1.1696064e-12
586,582,583,8,6.9032164e-23,6.7698416e-11,3.2657815e-06,9.855065e-10,4.1836194e-27,6.933606e-27,0.10213149,2.5336043e-05,0.6909143,1.2131175e-11,6.793315e-08,2.3901875e-16,0.0,0.00019410496,7.282773e-15,0.20673276,1.8919748e-11,1.0469068e-25,8.499787e-23,1.855217e-12,3.521225e-21
587,583,576,13,2.3404647e-15,1.0999405e-09,2.6372488e-11,1.3894238e-20,9.516705e-21,4.18e-42,0.00097425835,6.102531e-09,0.0874594,3.957715e-09,1.3887342e-06,5.704846e-26,0.0,0.9115634,6.4286505e-13,2.5761064e-12,7.2232806e-17,2.351234e-19,1.0279082e-32,5.616562e-07,1.2202921e-20
588,576,561,13,1.773192e-21,1.7300863e-09,2.5023797e-11,3.233494e-18,1.11324755e-36,3e-45,1.0414419e-10,3.88007e-09,4.6685583e-10,1.894759e-07,8.922668e-07,6.827744e-29,0.0,1.0,1.8889581e-13,4.195143e-19,3.2887847e-21,2.4503444e-38,3.3686374e-37,3.6550535e-10,2.5948412e-23
589,584,1397,13,3.4050032e-31,7.1726877e-06,2.3774829e-09,7.559082e-17,7.395792e-31,0.0,1.4034751e-07,1.5077298e-10,0.0020660327,1.5418604e-10,1.02781144e-07,1.2411625e-24,0.0,0.9979232,7.6813434e-17,1.186436e-11,1.7080629e-12,4.9317578e-30,1.0180755e-37,2.607346e-06,3.3891763e-26
590,585,599,8,2.2064364e-36,7.2457856e-06,3.86057e-15,2.3497916e-18,1.2038509e-27,3.268e-42,7.454312e-08,2.9646877e-10,0.99959195,2.491849e-15,7.387236e-12,2.770361e-31,0.0,0.00039978293,1.1770043e-13,1.670889e-14,1.8089435e-15,9.214421e-34,2.4330091e-24,1.9733724e-09,5.0821634e-21
591,586,667,0,0.9997215,5.0528794e-05,1.4534611e-14,1.0302708e-18,0.0,4.1740037e-36,0.0002261082,7.439354e-12,2.1559634e-08,1.0094776e-09,8.043649e-11,2.9140443e-30,0.0,2.2843228e-06,5.2792686e-08,1.9713208e-14,4.7757608e-14,3.2405114e-31,4.009815e-36,2.4632002e-10,1.1695357e-11
592,587,565,17,2.04821e-40,1.0545273e-12,6.9772954e-15,1.1555919e-20,0.0,7.4e-44,3.668003e-13,2.2728108e-13,1.650628e-15,4.6539686e-10,2.911811e-15,1.2841609e-25,0.0,1.3141236e-16,1.7798132e-21,1.2797954e-15,2.7229155e-19,1.0,1.8969653e-29,8.031925e-10,7.795829e-30
593,586,588,19,2.7185908e-24,4.9284704e-06,1.3578436e-13,8.1337826e-25,6.0226e-41,9.79903e-40,1.0306805e-09,4.1236257e-15,1.537871e-11,9.954615e-12,1.5952217e-18,2.16212e-27,0.0,3.2393206e-11,7.235472e-24,1.5166236e-19,3.7239655e-22,1.0270832e-13,5.123034e-23,0.9999962,1.9052231e-24
594,588,589,19,5.199804e-37,0.006762951,2.5530782e-11,3.938361e-17,2.154195e-24,7.027082e-38,1.6240431e-11,9.22005e-11,2.1234203e-09,1.693992e-08,7.566031e-18,4.0090377e-27,0.0,3.6584574e-10,1.0075545e-23,4.2013152e-16,4.81784e-17,1.4867949e-13,1.0856691e-05,0.9932253,1.9207814e-24
595,589,590,18,1.666564e-32,7.8269385e-15,7.653545e-20,1.6280885e-17,1.2820865e-16,0.0,5.178912e-17,3.8577717e-08,2.91082e-09,1.5823054e-12,7.827916e-17,1.4408516e-30,0.0,1.0102736e-12,9.6934516e-29,2.62392e-13,3.1838825e-20,7.493933e-33,1.0,5.9916747e-15,2.048381e-28
596,590,591,18,1.04618e-40,3.5290002e-12,4.9394587e-15,4.868096e-07,4.606511e-13,1.05e-43,1.1797317e-15,6.645528e-07,4.0758472e-08,1.9020352e-09,2.3844977e-14,9.124185e-25,0.0,5.180504e-13,5.8558464e-23,2.205493e-07,4.4778188e-11,3.6808485e-36,1.0,5.554859e-13,2.7135513e-27
597,591,592,3,0.0,3.271534e-11,9.4627854e-17,1.0,3.9291902e-18,8.9954657e-29,1.6002891e-15,2.1280422e-09,3.063459e-08,1.327432e-13,3.6137723e-22,7.188623e-23,1.6479e-41,1.902316e-19,1.6022128e-23,5.2339255e-10,2.4953486e-08,9.4225e-41,1.3841806e-21,1.3306211e-20,4.2283446e-30
598,592,593,3,9.287842e-30,1.3813044e-08,3.6824448e-16,0.97659653,4.8747586e-18,1.2009423e-28,1.1284635e-08,0.007059422,5.3637317e-09,4.0102566e-07,3.362554e-13,2.276682e-31,0.0,1.821219e-08,5.1006802e-18,5.6217767e-05,0.01628573,2.92e-42,2.9779415e-15,6.6050815e-17,4.0436297e-33
599,593,594,10,1.8560164e-20,2.5798134e-05,1.3945558e-09,7.0942846e-15,2.387967e-28,3.2124254e-38,3.8781064e-07,6.675993e-07,1.2991904e-08,0.033806823,0.7596319,9.718167e-25,0.0,0.0022694222,2.4158806e-17,1.5230669e-09,3.899075e-10,4.6828355e-14,9.9336416e-26,0.20426427,5.2383652e-23
600,594,602,10,3.407194e-19,9.807568e-06,5.823039e-14,7.529373e-12,6.567433e-28,0.0,1.11733975e-07,0.00018224043,3.393881e-06,0.005981526,0.99257004,2.1579905e-28,0.0,0.00084198033,3.6842752e-14,9.167631e-08,7.2940765e-11,1.6587051e-18,7.322915e-23,0.00040953525,1.1937467e-16
601,595,596,8,2.0639952e-38,1.02514484e-07,5.9683653e-06,5.560806e-17,4.038486e-08,1e-45,3.9234456e-07,4.6052983e-13,0.9998054,3.1560572e-13,5.4995787e-12,2.6721928e-21,0.0,2.8800089e-06,3.1837733e-20,1.8890818e-12,1.469385e-11,1.3289226e-26,1.5380172e-19,0.00018463637,2.5073653e-28
602,596,606,8,2.7096684e-37,1.0454409e-05,0.00036216713,4.997568e-08,0.011959795,0.0,1.3301694e-05,4.6362274e-08,0.98764867,2.5878794e-10,1.7297751e-10,1.4598835e-23,1.7820925e-32,2.6601917e-06,6.792107e-20,4.0334194e-09,2.3547095e-10,9.437304e-31,6.8864885e-08,3.1952209e-06,6.290601e-25
603,597,598,13,3.0035e-13,3.2373896e-06,8.620753e-12,9.0049204e-11,1.2183556e-30,6.7573727e-28,2.6139757e-08,2.4739563e-08,1.128271e-06,3.6301032e-07,9.0984446e-07,3.756262e-32,0.0,0.999958,1.1214825e-06,1.4327446e-16,4.4058866e-06,4.138863e-31,4.684868e-31,2.9599263e-05,1.1854422e-16
604,598,609,19,3.2419284e-19,0.0003741885,1.5132802e-08,2.9422145e-15,6.2841976e-25,1.6159566e-30,8.4966797e-07,8.174706e-13,6.769268e-05,1.4270543e-10,3.058768e-06,8.788134e-27,0.0,0.046412136,7.7206596e-07,2.2080262e-15,4.6183415e-10,2.3808507e-31,3.7877669e-28,0.9531408,4.925274e-14
605,590,616,18,8.3995e-41,2.0668644e-14,2.3014446e-17,3.5391615e-14,1.7569587e-13,0.0,6.03532e-18,9.644889e-11,6.236813e-11,9.508585e-12,8.6234204e-19,1.2516356e-26,0.0,1.0219001e-15,6.291198e-26,8.161312e-12,2.6402358e-13,6.2817716e-34,1.0,5.0214007e-14,1.1186328e-28
606,599,600,13,3.080418e-29,0.011348343,1.765547e-11,5.341298e-07,3.28395e-26,3.5873572e-31,6.257102e-08,0.0047271578,0.24350992,9.802349e-10,4.5019607e-07,3.798009e-29,0.0,0.74036396,9.345991e-07,6.114689e-11,4.785996e-05,1.6576e-41,1.7425498e-26,7.38251e-10,2.166641e-15
607,600,601,3,6.621602e-33,2.7403052e-05,1.2433294e-07,0.997029,4.643822e-15,1.2016302e-27,3.0763322e-06,1.657013e-07,0.00042300622,1.8048821e-09,3.894098e-09,2.6007533e-26,5.720498e-39,0.0014108211,2.0027299e-08,2.0456832e-09,0.0011060532,1.0624487e-32,1.5654503e-30,1.4706587e-10,8.4719483e-23
608,601,597,13,3.5539043e-16,1.2539136e-06,3.209201e-10,2.2268243e-05,5.980432e-25,2.798598e-28,0.00011368827,0.0020348632,0.018215233,5.055378e-08,1.8471218e-07,7.993804e-30,0.0,0.9768239,8.973602e-06,6.628541e-14,0.0027779667,1.01915e-33,5.6107283e-25,1.2947803e-11,1.4430696e-21
609,602,603,15,0.0,5.5309672e-05,1.485191e-05,0.3328132,3.278812e-07,2.5701e-41,2.7053693e-09,0.00020863145,0.00021805332,6.563327e-05,2.1290582e-08,1.7596664e-23,0.0,9.221013e-08,1.9157181e-16,0.6600878,0.006533932,6.4224905e-15,9.325094e-13,7.5937163e-07,3.282684e-19
610,603,604,3,3e-45,3.3396754e-11,4.3908113e-17,1.0,3.8248282e-17,3.0616377e-30,1.8020226e-14,1.5148605e-11,9.2719506e-07,2.8791842e-14,1.0851325e-17,4.0002822e-28,3.3752265e-20,2.03921e-15,2.4014368e-24,1.6534492e-10,9.619453e-13,1.118627e-31,5.0120124e-26,1.3302786e-16,3.1381877e-24
611,604,605,12,0.0,2.8645018e-16,2.5573739e-21,3.933255e-10,6.3322867e-22,7.710123e-37,5.3327906e-21,8.978126e-20,5.3903757e-17,1.099691e-20,1.5175639e-23,9.891538e-37,1.0,5.146446e-21,7.179311e-29,3.776424e-22,9.984346e-21,5.475579e-38,2.9835498e-36,1.7703119e-22,3.4550157e-36
612,605,606,12,0.0,3.0130208e-23,4.88148e-24,3.68087e-17,1.293823e-25,0.0,6.2513155e-27,1.0232635e-26,1.8881149e-21,1.2221821e-30,2.3407681e-30,1.213743e-39,1.0,7.4900937e-28,1.28817e-40,2.4965324e-28,1.808815e-27,0.0,1.4111365e-36,2.0082779e-29,1e-45
613,606,607,12,0.0,2.4582943e-22,2.480666e-23,7.796743e-17,8.733996e-26,0.0,1.3273774e-26,1.3136357e-26,8.831441e-22,8.677258e-30,5.704265e-31,1.1588e-40,1.0,8.801549e-28,1.19028e-40,7.354755e-28,1.4120376e-26,0.0,1.0239622e-34,8.0637296e-29,0.0
614,607,608,12,0.0,1.6500792e-24,1.4508715e-25,2.6707513e-17,7.9472774e-24,0.0,3.9656992e-29,7.027095e-27,7.5026087e-23,8.202865e-32,1.9035599e-31,6.2369e-41,1.0,6.8357934e-30,2.6214e-41,3.8317162e-27,2.6819667e-28,0.0,1.922465e-34,1.7635856e-29,1e-45
615,608,609,8,1.4044373e-32,2.2889434e-08,1.1945788e-11,3.115322e-17,3.3219646e-10,3.589672e-30,2.5935731e-09,2.719397e-11,0.999958,2.983469e-14,1.028758e-12,1.30670565e-23,0.0,3.2121332e-07,1.77052e-16,4.291799e-17,1.4270801e-12,2.9720696e-33,2.6713566e-29,4.3465752e-05,3.318757e-27
616,595,597,8,1.5844562e-34,1.4913463e-11,1.7471673e-13,7.399278e-12,2.3289535e-11,4.145545e-39,1.8053917e-09,1.4907677e-09,1.0,2.6094792e-18,1.2190536e-14,7.993088e-26,0.0,5.302699e-09,1.5066026e-18,4.3632348e-14,1.635091e-09,1.00613445e-36,1.9488797e-24,2.006404e-12,2.1305875e-29
617,609,610,19,9.253925e-23,6.904221e-07,5.157493e-13,3.2009163e-22,1.2516401e-19,4.336745e-39,5.1237714e-10,6.400357e-15,4.1807125e-06,9.783021e-13,5.1483262e-08,1.004863e-32,0.0,4.776876e-05,1.9042175e-12,7.0119246e-16,1.1706001e-15,2.9422468e-31,3.2238357e-27,0.9999466,8.8833626e-17
618,610,611,19,1.0560714e-34,1.3198864e-08,1.4684374e-12,1.8199422e-22,6.2908477e-23,1.3354402e-37,3.4393793e-14,7.404886e-15,1.2971094e-10,3.2718085e-11,6.1209323e-07,1.3173278e-28,0.0,7.2070985e-09,1.2383888e-20,1.2721882e-14,2.099689e-18,1.4768119e-21,1.4610955e-34,1.0,2.2175884e-24
619,611,626,1,6.642e-42,0.9997178,1.8055988e-16,6.2180126e-14,2.5948549e-20,5.7169324e-35,1.1899935e-12,5.84972e-11,4.3507887e-05,7.2969264e-08,2.5525351e-17,1.2618229e-26,0.0,3.5400058e-10,4.1026506e-21,1.4276505e-14,2.0023571e-14,1.3269904e-37,1.8183e-27,0.00023958342,2.4179488e-22
620,602,629,8,0.0,1.8944278e-06,5.734551e-15,5.4775064e-06,4.423164e-21,4.9894414e-35,1.5132862e-08,0.041383717,0.9586066,2.2631138e-08,1.0914159e-13,6.8544224e-27,0.0,6.7458546e-07,8.756326e-16,1.788332e-08,2.9443973e-12,2.0941658e-29,1.3342902e-21,6.508751e-12,2.2381254e-20
621,606,633,12,0.0,1.0911236e-22,8.6990305e-23,7.7577895e-17,7.9456057e-25,0.0,2.3407728e-26,2.1432339e-26,6.2806632e-21,5.6398553e-30,1.5579746e-29,9.729189e-39,1.0,4.4924966e-27,4.93e-40,3.3755235e-27,1.2802522e-26,0.0,1.461347e-33,5.173059e-28,8e-45
622,609,636,8,8.42861e-26,5.6290884e-07,2.0584326e-11,2.2176334e-14,2.2562808e-13,3.3813977e-36,8.709289e-08,1.9471045e-08,0.99991995,1.1128717e-10,2.9792772e-11,2.022827e-27,0.0,2.5313151e-05,3.5641268e-09,4.3173023e-16,9.033689e-10,2.0068427e-32,3.0764417e-26,5.420266e-05,6.0033305e-19
623,595,612,8,4.120783e-36,9.635847e-10,1.6877465e-10,5.6489607e-16,1.2315625e-05,3e-45,6.0367716e-10,6.1076686e-12,0.9999886,7.974858e-15,7.607806e-15,1.202407e-24,0.0,2.615841e-08,1.6083259e-21,1.479598e-13,3.7586243e-11,3.3715016e-31,5.2645558e-20,3.6137703e-08,3.0006696e-29
624,612,613,4,1.6195e-41,9.944756e-10,3.968401e-10,2.8756353e-09,0.9999962,4e-45,4.8285785e-12,6.296642e-13,3.0180279e-06,4.3441684e-14,2.149866e-19,9.973472e-26,1.0476797e-14,5.837403e-15,4.3541624e-26,5.7703786e-10,3.2225325e-12,8.648952e-34,2.0684978e-21,3.6354692e-13,2.594326e-31
625,613,614,4,0.0,2.1131739e-09,1.4523064e-09,1.2056929e-06,0.9999923,1.173e-42,2.5694888e-14,1.4808015e-12,4.314387e-09,4.12009e-14,7.337758e-17,1.1212016e-26,6.4302426e-06,2.8325241e-15,1.9551868e-24,5.0458575e-09,3.4052662e-14,2.9329877e-33,2.0471961e-18,2.3496474e-11,2.1136733e-32
626,614,615,4,0.0,6.697165e-14,2.3386833e-12,1.2816692e-11,1.0,1e-45,1.3699058e-17,2.4334579e-14,2.7555582e-12,4.6295257e-17,6.1667402e-18,4.102319e-30,1.2229859e-27,2.6153603e-17,2.6937738e-24,9.0165e-12,2.5051297e-19,2.537772e-36,9.833511e-17,8.8321847e-14,5.145416e-32
627,615,616,4,2.69202e-40,1.6279737e-13,3.4006287e-16,2.3022103e-08,1.0,1.3e-44,5.5584996e-15,4.6048665e-10,1.739233e-07,1.642094e-14,2.1082746e-20,2.9798572e-33,1.2702743e-34,1.1140454e-15,9.347117e-25,6.9535735e-13,9.5767365e-18,7.0487523e-37,7.2616e-17,4.9472227e-17,6.1064105e-27
628,616,585,8,2.2082599e-32,1.5119294e-09,1.1648926e-17,3.4435017e-14,4.8383916e-18,0.0,1.7842783e-07,1.5298056e-07,1.0,1.2469306e-13,9.60431e-13,4.209818e-31,0.0,8.0193394e-07,3.2060154e-20,1.5367828e-08,2.8717426e-10,5.1892723e-33,4.0643995e-18,2.2241423e-12,5.920142e-26
629,617,620,15,0.0,4.570578e-12,3.47955e-14,4.088579e-11,9.146938e-26,0.0,5.8341993e-07,4.3671325e-06,0.114035055,6.2899675e-13,1.9970878e-12,1.1862472e-24,0.0,3.2955817e-12,6.2904094e-25,0.88596106,1.7805088e-10,6.671811e-24,2.0355718e-16,7.878774e-12,1.7272462e-29
630,584,618,8,0.0,1.8910125e-06,4.7225943e-12,1.3187155e-13,3.351403e-19,1.3928023e-38,4.0943873e-10,3.495792e-08,0.9999962,2.6884905e-14,8.4699037e-10,6.4225596e-24,0.0,1.1935648e-08,5.8262456e-19,1.5931075e-08,3.6246027e-11,6.150651e-32,4.935162e-31,1.65229e-09,1.133371e-19
631,618,619,8,8.8e-44,8.998293e-11,7.66618e-17,8.440148e-14,1.2019497e-22,1.723381e-39,5.1301474e-10,1.3384079e-08,1.0,2.2111522e-16,1.8350186e-17,1.8778619e-24,0.0,1.4097756e-13,1.0416371e-24,1.6448082e-07,1.07919604e-10,1.9856083e-36,2.9095993e-24,1.046984e-15,1.100873e-23
632,619,620,8,2.068e-42,6.992996e-13,6.3308876e-14,5.458199e-11,2.0461967e-18,7.29636e-40,1.29675645e-05,6.5896656e-06,0.99827725,4.050674e-16,5.722797e-14,1.8529926e-23,0.0,6.205108e-11,2.2248448e-21,2.6233088e-06,0.0017005745,5.1594e-41,8.1143804e-18,3.0385404e-16,1.3401425e-34
633,620,621,16,2.8505582e-32,3.0836795e-11,1.6282159e-13,1.3094145e-09,3.8709633e-24,0.0,0.0009274123,6.5273347e-09,4.260174e-08,4.132673e-11,1.2157591e-17,3.152393e-32,0.0,4.7228846e-11,3.0487123e-15,4.5388133e-06,0.9990697,6.103672e-39,4.828694e-25,1.2757667e-19,8.669176e-32
634,621,622,8,4.20094e-34,2.670435e-10,3.7428975e-12,1.1932318e-09,2.8972915e-18,1.45438e-40,0.004276973,1.9715354e-10,0.9955619,6.712578e-17,1.8825602e-16,3.099187e-26,0.0,1.925404e-08,1.0018208e-16,2.4356689e-06,0.00015800438,1e-45,1.7744232e-29,5.549151e-17,1.13146014e-29
635,622,660,8,5.7495326e-23,2.105587e-08,6.2927213e-15,2.0153344e-18,9.502329e-31,2.323e-42,4.308738e-05,1.003111e-13,0.9999504,3.8107013e-17,9.4072744e-12,3.8497647e-28,0.0,4.930482e-06,2.6450703e-16,5.0288963e-14,1.1744557e-15,7e-45,4.5961623e-32,6.1052725e-11,7.6411545e-18
636,623,624,10,1.2699406e-33,2.9092187e-11,1.7413968e-15,4.5071172e-14,6.1166457e-27,3.9652506e-34,5.7794874e-14,3.134266e-15,1.0329511e-10,2.5830202e-15,0.99997336,7.8521304e-27,0.0,5.350688e-11,3.8566634e-18,2.9610612e-09,3.590358e-22,1.6376462e-29,8.521065e-35,2.7686965e-05,1.4287542e-17
637,624,625,15,0.0,4.9875573e-05,7.769252e-09,0.074680254,5.2880775e-15,1.4655817e-29,9.975081e-09,6.0974585e-09,1.6857682e-06,2.663038e-11,5.699563e-10,5.2401317e-20,0.0,3.688962e-12,2.0027491e-19,0.92526877,5.640558e-10,4.8578916e-30,7.624664e-28,4.870399e-07,2.7690566e-27
638,625,617,15,3e-45,5.739281e-14,8.341328e-17,3.0764934e-08,1.0373274e-23,2.357236e-39,6.449001e-09,1.8810749e-08,0.0001165078,4.769459e-15,1.6302396e-16,1.6590415e-24,0.0,2.3787446e-16,2.017097e-24,0.99988174,1.1057571e-12,1.811505e-23,2.324971e-16,1.0933191e-15,3.8797004e-24
639,617,658,15,6e-45,2.2279522e-07,1.3119281e-11,6.2574744e-11,5.445769e-16,4.005469e-38,8.9813716e-07,1.1815266e-11,0.32241613,4.2578986e-16,4.447861e-09,1.5587788e-19,0.0,7.250558e-09,3.306617e-17,0.677034,3.0646303e-14,7.110899e-36,2.7153227e-19,0.0005505352,8.1797926e-20
640,623,655,8,8.2808555e-35,4.3301397e-06,2.2884178e-17,5.5288565e-13,3.8122416e-25,2.9305467e-35,3.9406504e-07,4.7960066e-07,0.9990925,9.236538e-08,7.64708e-09,4.455126e-25,0.0,0.0009023108,1.4820926e-16,3.5602874e-13,4.8403153e-09,2.32169e-40,1.4784507e-38,3.9302446e-08,2.0186095e-28
641,626,639,9,4.3722496e-36,0.00015811654,2.90029e-17,2.0883256e-07,1.831376e-16,6.496928e-39,1.2655299e-11,5.4733737e-05,1.2793815e-06,0.99978644,2.5214553e-13,5.358176e-29,0.0,5.843818e-08,2.0471628e-20,8.5415085e-11,5.744939e-12,7.9792586e-33,3.257922e-26,2.9896972e-09,2.1169192e-30
642,627,642,8,6.3447764e-18,1.7957716e-06,1.8843674e-12,2.8598233e-12,1.2554666e-25,0.0,0.0020755355,1.3794719e-08,0.99680835,6.1015504e-10,1.0790212e-06,3.3942577e-28,0.0,0.0011094337,2.6854318e-17,2.8095935e-06,5.942216e-14,2.0759447e-28,2.7413634e-26,1.2479813e-07,2.0347554e-17
643,628,1398,8,0.0,0.0017517277,1.145981e-15,2.3612464e-12,8.7817444e-17,5.352982e-31,1.2244263e-08,0.21603182,0.7822159,1.4915202e-07,8.705021e-12,2.1702056e-23,0.0,2.3790447e-08,4.033647e-18,2.7050389e-09,1.7459442e-10,4.8946066e-24,2.0049828e-25,2.8903362e-11,2.4988958e-20
644,629,630,3,0.0,2.570519e-06,1.4157606e-09,0.9999427,1.1521861e-18,1.3483177e-32,6.578999e-11,5.5230316e-08,1.3884415e-08,6.228388e-06,1.14813436e-14,3.7921427e-23,0.0,2.5399533e-12,3.4368428e-17,4.5188615e-05,1.776469e-06,5.8946248e-21,1.0354323e-18,1.1529232e-13,4.455913e-23
645,630,631,3,0.0,1.2068212e-12,3.9424798e-17,1.0,3.6176572e-17,2.0411022e-29,2.8284427e-15,1.4978925e-10,2.6614575e-08,8.4292084e-14,1.2999132e-17,4.5735227e-28,2.4462741e-29,7.7540954e-16,8.343439e-22,6.7696085e-11,4.484415e-12,4.4142462e-29,1.4893338e-26,9.779376e-18,8.90973e-25
646,631,632,12,0.0,1.3268672e-17,1.1276249e-22,2.314676e-11,2.1707086e-25,4.2533884e-37,2.4707969e-23,6.897907e-21,4.573389e-18,2.7698557e-22,5.0891177e-25,4.8921854e-37,1.0,1.1949049e-22,1.9000715e-30,4.7186216e-24,1.1708728e-22,3.3284e-41,5.5169905e-37,1.584471e-23,3.6072162e-37
647,632,633,12,0.0,4.0898444e-25,9.9379624e-26,1.3307703e-17,9.463911e-31,3.178e-42,1.0611305e-28,6.182231e-28,1.8273919e-23,1.532988e-31,1.0831439e-31,2.5916555e-38,1.0,3.2029674e-30,7.95482e-40,5.41712e-29,1.9796415e-28,0.0,1.5554793e-38,1.9835012e-31,0.0
648,633,634,12,0.0,4.4737066e-25,1.3363505e-25,1.6141366e-18,5.7614744e-31,0.0,1.5121159e-29,1.8540263e-29,1.6385181e-25,2.1791646e-31,4.5113736e-33,1.70338e-40,1.0,8.039702e-31,6.9172e-41,1.4452618e-29,1.2068574e-28,0.0,2.4815934e-38,2.2696233e-31,0.0
649,634,635,12,0.0,1.5156026e-23,1.01336616e-25,1.479437e-17,1.2378823e-22,0.0,7.13617e-29,9.649558e-27,2.767288e-23,6.793524e-30,4.1332775e-31,1.5571e-41,1.0,2.399325e-29,3.5547e-41,1.9135674e-27,2.5291425e-28,0.0,6.802476e-36,9.978137e-29,0.0
650,635,636,4,1.3e-44,3.3290367e-14,2.1251711e-16,7.343291e-05,0.99992746,3.7455225e-36,2.4869853e-16,1.530955e-08,3.3493916e-07,6.9666365e-13,7.455631e-20,3.1112948e-25,4.1740834e-21,1.10971434e-16,1.260765e-25,4.651435e-12,3.8662645e-12,3.3706973e-35,1.3428933e-15,5.0539614e-19,2.3049275e-29
651,636,637,4,4.7557713e-33,5.0363507e-12,5.1038e-16,1.45499325e-05,0.9999084,4.69373e-40,3.0346182e-13,6.370988e-05,1.4416719e-06,1.0383702e-05,3.260187e-17,1.3484048e-25,0.0,1.2984248e-12,4.1548953e-20,1.6419915e-09,1.1360728e-10,1.2148776e-33,4.1438456e-13,9.502255e-16,6.800053e-24
652,637,638,4,5.9e-44,2.0941786e-17,9.492732e-15,2.7175133e-16,1.0,1e-45,1.2722354e-16,2.045641e-12,3.5020215e-10,8.473207e-16,8.2913627e-17,1.3271736e-28,0.0,2.3980163e-14,1.2582979e-21,3.1814722e-09,2.8834195e-19,1.638521e-29,1.3993718e-11,4.450533e-13,5.1143006e-25
653,638,639,8,8.174032e-25,1.05316e-09,5.4855946e-15,1.8720311e-18,5.832617e-15,1.1e-44,4.186821e-08,5.933768e-06,0.98732466,2.3554303e-08,3.872339e-08,6.109401e-32,0.0,0.012668881,2.0604995e-18,1.4020328e-11,3.921408e-16,6.6296635e-26,1.8894977e-29,1.2255398e-06,4.138583e-29
654,639,640,10,1.3831393e-23,5.9079264e-07,4.1127293e-12,1.6140919e-20,2.8696485e-34,3.4056973e-28,4.387476e-11,2.3438632e-12,1.2313164e-08,7.026389e-07,0.97248495,4.878669e-24,0.0,0.00054523704,6.2539833e-13,5.277702e-14,1.5854257e-16,4.3507805e-24,6.7305197e-34,0.026969813,2.3032564e-15
655,640,641,13,4.7050294e-18,7.179774e-07,5.8089536e-13,9.219976e-19,1.9706543e-19,3.9231095e-33,1.109576e-06,0.0013048758,0.0011524059,0.054078817,0.0034635193,2.9476113e-27,0.0,0.93426335,2.8377708e-14,3.4194474e-11,1.395882e-15,1.2470634e-21,1.5070547e-28,0.0057347175,1.5453131e-22
656,641,642,8,1.2402203e-17,3.1473007e-08,2.3172303e-10,2.0434073e-15,5.2825953e-22,0.0,5.72448e-06,1.7281e-10,0.9953113,1.0015898e-12,7.428657e-06,6.357218e-29,0.0,0.0046748663,2.9134273e-19,2.5254758e-08,6.4131946e-13,9.490072e-26,2.9121861e-24,1.955749e-06,3.502777e-21
657,642,643,10,9.458997e-17,6.5426415e-09,3.98736e-07,1.1453347e-14,2.077314e-29,3.1e-44,6.634176e-08,9.687615e-13,3.0059275e-07,5.3571167e-13,0.9995271,3.244006e-27,0.0,0.00038184246,3.420579e-13,2.7647268e-06,6.6972634e-15,3.0697093e-21,4.881212e-27,8.8857894e-05,2.1178595e-12
658,643,644,15,4.371739e-33,1.4688661e-08,1.4845449e-13,0.000114774164,1.5782163e-07,3.8566595e-35,9.490863e-12,1.6743157e-06,0.0028675597,2.339996e-11,4.4383938e-13,1.18726364e-20,0.0,8.2777535e-14,7.022018e-23,0.9970175,4.8623587e-08,1.9184333e-29,2.284356e-15,4.1693166e-10,6.907155e-19
659,644,1398,7,0.0,3.5123574e-06,8.7740474e-16,9.8751425e-06,3.977108e-06,3.783396e-33,4.1999976e-10,0.9217599,0.077790074,4.5652106e-12,2.78364e-12,3.3587264e-25,0.0,3.7318364e-11,2.9738433e-15,0.00042078365,1.0651457e-05,1.6915288e-34,6.948122e-10,2.0114158e-12,5.642194e-17
660,617,645,15,4.999054e-31,1.1311851e-12,3.6971516e-17,1.8539868e-11,2.7983588e-31,3.3354e-41,2.370312e-08,4.122454e-11,1.5320722e-06,4.2787747e-15,3.5812031e-09,2.2249518e-24,0.0,1.8059745e-12,1.3906721e-17,0.9999962,2.5487902e-16,2.0035035e-21,2.5880964e-10,1.2846535e-06,1.8073294e-15
661,645,646,19,4.096439e-30,4.4586184e-07,2.6086002e-13,1.4376053e-17,5.566076e-37,7.567839e-36,5.6829735e-11,2.896169e-15,2.32409e-11,4.895766e-16,3.176824e-11,3.8327142e-25,0.0,6.0431243e-12,1.03549334e-22,6.501614e-09,3.9448815e-27,1.573709e-20,8.276331e-22,1.0,6.3398676e-17
662,646,647,1,1.07688e-40,0.9810736,1.6474727e-12,2.9528997e-13,2.2802778e-33,1.4043473e-38,2.796337e-12,9.520375e-13,8.954149e-05,2.1936218e-13,2.4414293e-19,4.585116e-23,0.0,2.197527e-11,6.967939e-28,2.88256e-13,2.545706e-19,1.42338e-40,3.45987e-28,0.018835722,1.0755645e-22
663,647,648,1,0.0,0.9999504,3.0799766e-11,6.2107105e-14,2.6380569e-31,4.127e-42,1.2918898e-10,1.14505745e-10,1.9030842e-05,1.4736183e-10,2.40974e-18,3.5169673e-22,0.0,2.7473215e-10,3.934878e-24,1.1544857e-13,6.083282e-18,1.9390045e-29,1.4080667e-20,3.246246e-05,1.1969715e-22
664,648,649,1,7.629e-42,0.9742375,2.3411835e-11,3.0533768e-17,1.0980582e-24,4.6055e-41,1.0634911e-09,8.5089354e-08,1.3119665e-06,3.0886455e-05,1.5140005e-10,8.381092e-27,0.0,0.02166201,1.00090495e-14,6.31042e-13,9.181519e-17,3.1832398e-27,6.450099e-19,0.004066446,1.0527527e-27
665,649,1397,13,9.198566e-30,0.004226516,7.217314e-14,1.0773021e-21,7.96145e-31,1.7571452e-37,5.253296e-07,2.4246523e-09,0.0938911,2.6773198e-10,2.9944064e-12,1.1676811e-26,0.0,0.90185803,7.099158e-15,1.582875e-17,1.6544327e-11,1.4389683e-29,3.415753e-29,2.2919437e-05,1.9855455e-23
666,626,650,9,1.7208883e-27,9.624878e-07,2.0315639e-21,1.4116746e-14,4.3436e-24,3.1088012e-34,9.323137e-13,6.019767e-06,2.028972e-11,0.9999923,4.3132923e-13,1.0001483e-31,0.0,4.2449898e-08,7.7507154e-18,1.7591493e-16,6.0532003e-14,1.9075645e-32,6.242798e-30,2.2644317e-11,4.0520576e-27
667,650,651,8,3.9058695e-37,0.00013616259,2.1756341e-09,4.3508965e-09,9.423457e-23,7.289214e-32,6.099724e-06,0.18663146,0.8131182,2.2609514e-05,4.1047985e-12,1.8851237e-18,0.0,6.9010945e-05,4.214604e-17,1.8170997e-05,2.1096302e-09,5.1278035e-31,4.185039e-20,5.118838e-14,1.6813121e-20
668,651,627,10,1.8622104e-17,1.8867872e-09,2.0677951e-14,3.2442576e-17,2.2805592e-38,0.0,1.2420312e-06,3.5234286e-06,9.0476654e-08,2.706655e-05,0.9980755,1.0034588e-29,0.0,0.0018896742,9.149968e-12,1.3390681e-06,1.7887009e-15,4.7098174e-21,1.0876467e-27,9.470087e-08,5.852013e-13
669,627,652,10,2.6092888e-19,2.15821e-08,1.4402054e-12,1.31656655e-17,7.51869e-36,5.3e-44,6.8245583e-09,1.3830911e-09,4.8099028e-11,0.00020553486,0.99965674,1.061135e-27,0.0,7.4504285e-05,1.3569388e-11,2.3508345e-08,8.379192e-15,7.7010476e-20,7.747439e-32,6.209413e-05,8.254841e-11
670,652,653,13,8.4950194e-16,5.4951886e-07,1.0441753e-09,1.0046379e-15,1.9740756e-21,1e-44,6.7564906e-07,2.5396607e-06,3.8993527e-05,0.00066565996,0.00034863703,8.56839e-28,0.0,0.9988257,3.168056e-15,8.0775345e-11,7.531832e-15,1.6976357e-21,2.3332706e-15,0.00011594693,2.502887e-10
671,653,628,9,2.010335e-26,2.691159e-06,4.6578626e-12,1.1787015e-15,2.2738078e-17,6.42851e-40,4.5786557e-05,0.0019523754,2.1921416e-05,0.9977442,1.2997262e-15,3.5212675e-27,0.0,0.0002330135,5.970589e-16,4.0819455e-16,1.9720393e-10,1.4991341e-16,2.0019187e-17,3.7373457e-13,2.3644893e-21
672,628,654,9,1.3441472e-25,2.360344e-06,5.918507e-14,2.0164842e-14,4.712304e-18,2.2332652e-34,9.3403236e-07,2.9688259e-05,1.16844554e-07,0.99996567,1.6453026e-16,2.493481e-25,0.0,2.4396567e-07,3.0256007e-14,7.210015e-16,2.2200419e-10,9.95429e-16,3.3378302e-25,2.9297046e-15,3.5530774e-16
673,654,655,9,5.9351584e-33,1.6669359e-06,3.2835708e-13,5.8862395e-15,5.4377825e-29,0.0,2.8476246e-09,9.28185e-09,3.7569184e-11,0.9999962,9.794666e-14,1.211276e-28,0.0,3.5249457e-07,7.77574e-18,2.0561643e-19,2.9701337e-09,1.7938055e-22,1.851436e-33,1.97679e-12,6.5309463e-24
674,655,656,9,6.3077256e-35,1.089273e-07,1.2911508e-10,1.622478e-09,1.3854259e-23,1e-45,1.2313575e-10,2.988399e-08,4.0143922e-13,1.0,9.141037e-12,1.0510352e-27,0.0,1.6704806e-07,8.7276136e-16,2.8518663e-15,1.3643488e-06,8.5590695e-23,8.582149e-31,3.25145e-13,4.5980684e-27
675,656,657,3,0.0,3.495567e-07,3.6829125e-14,0.9999886,9.869553e-09,3.5511403e-38,5.4333565e-10,4.820089e-07,1.18426915e-05,1.855878e-09,2.5348154e-18,6.666339e-32,1.4732375e-38,1.2478606e-10,2.1645136e-19,1.9420363e-10,2.3136568e-07,6.87891e-28,6.8500874e-18,1.09644024e-13,3.4378445e-29
676,657,658,8,0.0,1.9012683e-07,5.3293145e-13,3.0072563e-08,9.614368e-10,4.15e-43,1.3612706e-07,1.7634622e-09,0.61050475,3.6040574e-12,2.8029388e-11,3.1492463e-23,0.0,1.183888e-08,1.758832e-18,0.38941136,3.5849773e-08,1.7748237e-35,1.4055606e-20,8.228269e-05,1.8878958e-24
677,658,659,19,7.6091764e-36,4.5240336e-06,6.106114e-10,6.6005906e-19,4.405346e-22,0.0,2.6403242e-07,1.9281534e-15,4.5317694e-07,1.2466732e-14,6.191873e-09,6.600716e-27,0.0,1.1233285e-05,1.5467216e-16,7.949287e-07,3.2330255e-18,1.361116e-28,1.8147242e-27,0.9999809,5.7450787e-24
678,659,665,19,1.3058611e-19,0.00061854674,9.9332646e-18,1.0399156e-21,2.4617715e-33,7e-44,6.846214e-05,1.5231575e-12,0.0074981083,1.5676024e-14,7.4178006e-09,1.865064e-29,0.0,5.037634e-06,6.972528e-16,5.83234e-11,3.4052173e-20,5.06986e-39,1.0775953e-26,0.99180925,1.9334787e-15
679,660,623,8,8.371339e-21,2.08333e-06,2.455311e-17,4.1574814e-19,3.5095855e-28,9.94179e-40,6.5644286e-05,2.6430295e-11,0.9999084,1.4878615e-13,4.5884778e-07,1.9664945e-26,0.0,1.5128835e-06,8.23481e-18,4.004678e-14,2.161841e-18,1.1141579e-34,3.05886e-37,2.1032864e-05,3.7692503e-18
680,623,661,8,8.207926e-27,1.365932e-06,5.1182077e-16,2.5276282e-13,4.5406302e-29,6.2998387e-35,0.00016920902,2.704874e-09,0.99648905,2.5572114e-11,0.00074169424,5.835579e-22,0.0,4.2828397e-08,1.0740082e-19,3.7430482e-08,1.0354141e-15,6.306563e-30,6.8554174e-34,0.0025976012,3.5107233e-21
681,661,627,10,3.0583925e-15,6.4915526e-09,1.5586591e-13,1.2493326e-17,4.570572e-37,9e-43,5.6317544e-06,7.922983e-06,3.7207865e-06,1.9392206e-05,0.9977633,3.698886e-25,0.0,0.0021998007,3.8341435e-12,4.153304e-08,1.3588481e-14,8.2799457e-26,1.0738272e-28,1.255929e-06,2.2336228e-12
682,660,662,10,2.2443747e-13,7.1330185e-05,1.0597147e-13,9.6058875e-20,9.894824e-29,0.0,1.8662467e-05,8.776815e-11,0.012525727,2.0091075e-12,0.9313099,6.7137335e-31,0.0,0.047681265,8.751168e-12,6.386051e-12,1.4807487e-22,3.710538e-29,3.6362497e-26,0.0081085935,0.0002852655
683,662,626,9,1.0785088e-25,4.181829e-06,1.7174644e-20,2.7496646e-14,6.634809e-23,1.2392253e-35,1.7529908e-11,2.582393e-05,9.87693e-10,0.9999695,2.4175553e-12,4.8385416e-32,0.0,7.2156604e-07,1.3135215e-17,3.2431718e-15,5.9117153e-14,9.3559256e-33,2.299648e-30,7.5913546e-11,5.682475e-26
684,663,664,14,1.5170855e-13,2.2810864e-11,3.7312107e-18,1.4067992e-21,0.0,6.8952445e-30,6.0101117e-12,6.9456103e-16,2.4336436e-14,2.4802694e-15,1.2191212e-10,2.2519102e-38,0.0,1.3744983e-07,1.0,9.830303e-21,1.1721941e-17,5.2499277e-38,6.011151e-32,8.6711075e-14,6.632012e-12
685,664,555,0,0.9974702,5.173839e-09,6.9938663e-16,1.06113325e-23,0.0,8.1187335e-36,5.466331e-09,2.5166242e-11,3.9542613e-08,4.7289348e-14,0.002033738,2.9613698e-29,0.0,6.542629e-05,5.152216e-08,4.8040084e-22,1.3883551e-18,0.0,8.477916e-26,7.25155e-10,0.00043001524
686,648,663,13,3.8364915e-16,0.000303344,1.3790461e-15,7.306798e-20,1.9503844e-29,4.2944592e-36,1.0435388e-08,3.500426e-06,1.7738405e-07,5.529443e-07,9.00893e-06,2.4433034e-33,0.0,0.9666117,0.033071972,4.2061924e-15,3.429658e-14,2.6858252e-29,4.2074802e-13,1.6241896e-06,9.565073e-14
687,663,665,14,5.78575e-07,8.1370727e-10,8.292353e-22,1.6487523e-23,0.0,1.7256885e-33,1.3098385e-10,1.9509063e-13,6.7177654e-13,7.330299e-14,1.5207482e-12,7.090306e-38,0.0,2.4399814e-08,1.0,1.4584496e-20,2.8390271e-14,2.965447e-39,5.198925e-24,1.3775852e-14,8.128594e-12
688,665,666,0,1.0,2.613299e-11,1.6705715e-20,1.239676e-25,0.0,0.0,5.948638e-09,1.2780484e-12,4.3947354e-12,1.1646854e-14,1.793693e-14,9.553392e-39,0.0,3.82313e-09,2.8774485e-11,2.2283263e-22,4.5277547e-17,3.395e-42,2.1128302e-29,1.7562326e-16,2.2810447e-17
689,666,555,0,0.9999752,2.6644793e-12,1.2972171e-19,2.348138e-22,0.0,4.9271e-40,6.6318097e-12,2.6406674e-14,9.131139e-12,2.6886197e-17,2.538808e-06,1.6392896e-37,0.0,1.9271907e-07,5.701588e-09,8.033783e-24,1.1736061e-20,0.0,2.3561824e-33,1.1476882e-13,2.2848644e-05
690,570,573,10,7.602239e-14,1.0842431e-09,2.0125541e-17,3.5221942e-20,0.0,1.719926e-39,2.8679186e-12,1.1845367e-11,2.1659263e-11,3.7466158e-10,0.99996185,3.2324263e-30,0.0,6.398503e-07,2.4763971e-12,2.1464452e-15,1.2646981e-21,2.8740665e-17,7.2939597e-35,3.9159735e-05,4.4394e-10
691,667,587,14,0.0058044866,7.7952654e-07,4.3058407e-15,3.4019963e-13,7.38e-43,7.5003394e-33,0.011395759,0.043928385,0.00040491694,7.519153e-05,9.158312e-05,5.7234016e-24,0.0,0.002857056,0.9354401,1.2437721e-12,1.7887363e-06,1.4639691e-26,3.1347505e-26,4.3428663e-11,3.6366105e-11
692,587,668,14,6.752965e-13,6.688632e-08,2.811673e-14,1.553239e-14,0.0,5.1505837e-31,4.4784472e-05,0.0065276036,1.4672611e-05,5.619075e-05,0.00072622567,1.1983695e-22,0.0,0.003374805,0.989255,1.6707049e-13,8.4853696e-08,2.441821e-19,1.2834299e-27,5.4988767e-08,1.8114787e-14
693,668,573,10,2.5461967e-15,3.4300251e-06,1.5686373e-14,1.0901565e-18,0.0,2.1961509e-35,1.7118227e-09,4.6216573e-09,4.767364e-09,5.1715997e-05,0.7353734,2.900942e-25,0.0,0.00013136155,3.7838302e-10,7.6558165e-14,8.808451e-17,4.0520617e-10,1.649608e-38,0.26444146,6.0710273e-15
694,667,570,0,1.0,8.863542e-10,1.8985615e-18,1.6821332e-20,0.0,0.0,3.1187636e-10,8.496285e-12,1.0184755e-11,2.2271542e-10,5.4806257e-08,1.8943727e-33,0.0,4.6458342e-07,2.625239e-11,2.4194392e-18,9.035444e-18,1.57235e-40,2.1855538e-35,8.855519e-13,4.109898e-12
695,564,668,17,1.3957e-41,3.6220658e-15,1.7182141e-17,9.228288e-25,0.0,5e-44,1.3962283e-15,7.4877646e-17,1.7417413e-16,4.0214783e-14,4.0052083e-16,4.4925113e-28,0.0,1.2161488e-17,5.2279816e-24,3.0316947e-18,3.39246e-27,1.0,1.8704852e-30,1.956913e-10,1.2894782e-31
696,543,669,6,2.1791674e-36,1.9546347e-09,3.2323605e-10,1.1980702e-18,1.7372096e-38,3.1e-44,0.9999923,4.884267e-12,1.6363334e-08,1.8542873e-15,2.3117805e-12,3.163213e-30,0.0,5.848552e-06,5.5385935e-11,1.2871414e-12,1.06329986e-10,1.0595369e-28,1.30007e-40,2.3290187e-16,1.7673878e-32
697,669,196,6,2.76078e-40,4.5234655e-13,3.5972854e-12,4.1060367e-19,3.4590167e-33,1.0813e-40,0.9999923,3.8162371e-13,5.769752e-06,1.2838325e-18,1.6425655e-12,1.23961676e-29,0.0,3.1898922e-10,3.5362467e-14,4.8341817e-12,2.590799e-13,2.214925e-39,1.130946e-30,6.5984613e-16,2.0101992e-24
698,196,73,8,7.9332745e-34,3.57111e-08,5.92354e-08,7.41462e-12,4.0069965e-31,0.0,0.4357292,1.1445259e-08,0.56410575,1.6184028e-11,9.830466e-11,1.8245909e-24,0.0,9.863627e-05,7.569842e-18,6.636186e-05,1.2022297e-14,9.985126e-25,2.4291327e-24,2.3450807e-11,4.8995436e-22
699,522,220,6,2.7793737e-35,9.81114e-10,1.2054434e-08,3.6056663e-12,1.5693143e-28,0.0,0.9963446,7.371117e-09,0.003421262,3.3018607e-12,3.4609542e-12,4.9892525e-27,0.0,2.3213402e-06,2.594886e-19,0.00023327852,4.394718e-16,1.1496731e-21,2.8378894e-22,1.1396136e-12,3.9197897e-25
700,220,118,6,9.70465e-24,1.2730673e-06,3.798122e-08,1.2969101e-12,3.589642e-39,0.0,0.9991458,5.055042e-11,2.9432887e-10,1.3152358e-10,1.3713518e-13,3.4785475e-33,0.0,0.0008535155,4.8509094e-08,6.4664006e-14,7.546421e-13,1.066612e-23,1.3688854e-27,1.2327427e-12,5.9458285e-19
701,118,670,6,2.7347775e-30,3.97573e-05,1.0383546e-12,7.595829e-15,2.4945687e-30,1.8399875e-33,0.9998397,3.869485e-10,0.00011916201,1.1335355e-11,7.3799426e-19,1.8113363e-26,0.0,1.293736e-07,2.6405579e-13,4.4651237e-13,8.8563934e-10,1.1849642e-29,3.0858548e-27,3.5863464e-15,3.872127e-18
702,670,671,6,1.6803161e-15,2.739065e-10,2.738497e-13,4.846396e-23,1.161072e-39,2.00754e-40,1.0,1.8380289e-12,6.00465e-07,1.5287034e-14,2.5270679e-14,2.44719e-28,0.0,4.481502e-07,8.5776605e-17,1.5124108e-13,1.528642e-18,6.098204e-31,3.196443e-34,1.2141006e-16,7.409572e-31
703,671,130,0,1.0,1.3942059e-15,7.846982e-19,1.6740401e-22,0.0,4.99e-43,4.2134195e-11,1.5498816e-16,8.376252e-15,1.5206963e-19,2.736689e-10,4.516768e-39,0.0,2.4425177e-09,3.586986e-13,3.1378333e-21,2.1234679e-25,1.937e-42,1.2038415e-35,2.5841792e-18,7.4723075e-11
704,208,672,10,1.2459745e-21,1.3112182e-14,5.061998e-15,3.6281624e-16,1.4189232e-32,8.864715e-31,1.7186878e-15,3.102903e-14,4.4653536e-13,1.3614863e-18,1.0,5.026633e-29,0.0,2.6013167e-09,1.2024062e-18,1.4672258e-11,1.8409315e-22,3.6577688e-35,3.6507143e-28,5.7787954e-13,1.7248028e-11
705,672,673,6,5.9545966e-17,9.709473e-07,3.4441539e-09,2.8855691e-09,2.458758e-26,1.562347e-39,0.9986353,1.3341121e-06,2.6421709e-05,6.377572e-14,8.183646e-09,1.3286243e-25,0.0,8.8430585e-10,4.6121347e-14,0.0013366,2.7288133e-10,2.046962e-33,6.1752147e-18,6.3003316e-16,9.273478e-13
706,673,220,6,4.9010004e-30,9.996926e-13,2.390453e-15,8.0649706e-19,2.4752018e-31,1.0775673e-32,1.0,1.7860385e-11,1.0872062e-06,2.1460464e-20,1.8296742e-14,5.5526375e-27,0.0,7.890087e-11,5.20924e-12,1.1587554e-15,4.211621e-14,0.0,1.412386e-21,6.605651e-20,2.656897e-20
707,522,674,15,9.973e-42,5.8969687e-12,2.7575335e-13,2.398926e-11,7.0998925e-14,0.0,5.858888e-07,5.5865194e-14,8.91753e-07,1.9425691e-18,4.73159e-13,2.8058942e-24,0.0,4.2066296e-13,6.4212903e-15,1.0,3.0935198e-17,4.5898097e-29,2.2974786e-18,2.0813934e-12,2.2972757e-19
708,674,675,15,2.6383594e-38,1.787023e-15,1.1746746e-16,5.4623025e-11,9.339808e-18,1.81e-43,1.00082685e-10,1.0372941e-11,4.8899227e-09,1.4873364e-17,6.748353e-14,1.4478182e-27,0.0,4.9323385e-16,1.6928955e-21,1.0,1.3687895e-15,1.6447876e-24,2.326436e-15,1.1491027e-14,2.5456672e-19
709,675,676,15,3.4302317e-30,8.568427e-12,9.945239e-12,1.0423729e-08,5.723553e-17,1.2342998e-35,5.435489e-11,0.00076882535,3.500426e-06,2.0067023e-12,2.479589e-07,8.2631584e-26,0.0,6.3219113e-06,8.2235355e-19,0.99922216,2.320449e-11,1.1980482e-24,1.1950067e-12,2.8795072e-11,1.3102915e-20
710,676,304,13,7.1816645e-22,4.6811107e-11,5.3541747e-13,3.596747e-14,2.0089308e-35,5.911145e-39,6.3120845e-12,6.1923956e-08,2.3005563e-11,1.9036194e-07,1.4593721e-07,5.0730208e-36,0.0,1.0,4.303513e-13,7.1529e-15,9.879365e-13,2.2973902e-26,6.615181e-28,1.1879622e-11,5.0077557e-24
711,208,676,10,1.3599713e-17,2.7573365e-11,2.7443595e-16,9.84842e-16,5.124302e-39,3.1148286e-28,1.6575344e-11,1.3609562e-11,7.246666e-07,2.8381547e-18,0.9999962,4.6149814e-31,0.0,2.8271934e-06,1.5620673e-16,2.9738933e-12,4.733103e-22,4.174364e-39,3.489325e-26,1.14287494e-11,4.9057665e-09
712,85,677,13,8.008143e-24,5.739743e-06,3.2957567e-05,1.699738e-18,2.8178772e-38,2.6914518e-32,6.951035e-11,1.2008845e-10,1.8275332e-06,6.827171e-14,0.036164843,1.7900486e-19,0.0,0.963795,6.421619e-12,1.1838822e-10,4.1951843e-22,3.9028895e-30,2.3673101e-32,1.11690035e-08,7.973642e-15
713,677,678,10,1.276591e-24,1.0701613e-09,8.1475704e-10,1.2577966e-17,1.2159985e-35,5.759925e-20,2.7570102e-11,3.8214687e-12,7.738314e-09,1.065696e-17,0.9999886,8.498369e-21,0.0,9.208227e-06,2.5112865e-08,2.4703312e-11,4.775104e-22,3.9822973e-30,4.2980666e-28,1.2437402e-10,1.1143991e-06
714,678,280,13,1.6546224e-33,0.00095080433,6.527652e-11,3.2800853e-16,1.4291652e-29,1.4525749e-28,8.33273e-12,1.7378211e-06,0.0025086885,1.0051772e-10,7.9665256e-08,2.3098096e-24,0.0,0.99653846,6.302186e-15,4.05479e-14,3.4643434e-15,1.7387e-41,3.9014832e-26,5.546272e-10,3.013351e-25
715,454,679,17,4.0988e-40,1.4215456e-13,1.6214301e-08,1.1774286e-17,3.2841137e-33,3.43e-43,3.6290605e-13,9.999875e-18,2.1784984e-17,1.7539295e-12,3.7954e-15,5.873974e-21,0.0,1.0048066e-15,2.8854633e-21,2.2684701e-14,1.4885019e-22,1.0,2.5268447e-30,3.3435934e-12,3.175947e-29
716,679,680,17,0.0,1.1059104e-13,1.2579792e-13,2.3968385e-20,3.8030803e-38,0.0,1.220878e-14,5.167168e-18,3.1452805e-18,2.8226075e-14,8.423117e-18,9.250655e-28,0.0,1.544467e-19,8.9316504e-24,9.908299e-16,4.115547e-23,1.0,3.9652494e-27,3.870096e-11,1.6279226e-30
717,680,681,17,0.0,7.2698153e-10,5.824946e-15,4.4314735e-21,1.6740061e-32,1e-45,1.13639404e-13,4.0635162e-14,1.0324245e-15,5.5327093e-12,8.065098e-18,7.0567134e-30,0.0,2.432851e-17,1.7450745e-22,1.6369386e-16,5.274863e-22,1.0,1.3995544e-17,9.399707e-08,4.1256125e-28
718,681,682,17,0.0,0.016694974,4.533044e-09,1.9904993e-14,2.86605e-26,1.7597226e-35,3.9898836e-08,3.4774789e-07,1.2668637e-10,9.6121556e-05,2.0695439e-17,1.0292687e-19,0.0,1.9107821e-11,9.409219e-18,4.8282972e-14,4.0546027e-15,0.98320913,3.0945735e-15,6.6461865e-07,9.435029e-25
719,682,683,1,0.0,0.99996185,1.0193408e-10,2.392654e-13,2.9882317e-28,9.5040486e-35,2.7918312e-10,1.1398564e-13,5.229962e-07,9.43919e-13,2.044682e-19,2.234947e-24,0.0,6.3822066e-11,1.5082031e-23,1.593655e-15,4.0012297e-20,1.058919e-27,3.2818197e-27,3.8952196e-05,4.341444e-25
720,683,413,8,1.4055076e-34,1.5689548e-06,4.2573665e-14,5.880344e-20,9.460243e-28,3e-45,2.1199107e-06,2.4947584e-08,0.999958,7.010862e-14,1.7508702e-13,4.084912e-28,0.0,3.682536e-05,1.244047e-20,6.6580167e-13,1.3952007e-15,9.772283e-27,6.2473245e-15,1.0161572e-10,1.3663916e-27
721,37,684,10,3.4808598e-09,7.460791e-10,5.5325007e-15,1.3201855e-20,0.0,1.6576461e-36,5.747986e-12,1.0027748e-12,1.8755332e-11,1.8122172e-15,0.99489,4.2685247e-28,0.0,3.852184e-08,3.1931865e-13,9.853563e-17,2.2347093e-23,1.1770148e-33,2.889919e-25,2.1470004e-09,0.005108567
722,684,685,20,4.9630988e-14,2.0633974e-11,1.5859496e-19,9.604939e-19,4e-45,1.74e-43,2.0656026e-11,4.228578e-19,5.7233e-10,2.3083886e-19,2.4461014e-14,3.9692326e-33,0.0,1.05716495e-13,1.3941455e-14,3.813172e-18,7.668709e-21,0.0,1.14853564e-32,8.861224e-18,1.0
723,685,543,6,3.65086e-40,1.3739772e-10,5.9028395e-13,3.5611848e-20,5.1868695e-36,1.061727e-39,0.9999809,1.4793391e-12,1.6705779e-05,4.9687406e-19,6.0245264e-12,1.5368543e-29,0.0,1.1552783e-06,1.9314333e-11,1.3703171e-12,1.4146356e-12,3.3620646e-37,9.015598e-36,1.430539e-15,1.28171e-31
724,238,686,10,3.1325139e-27,7.675274e-11,7.971908e-15,2.4463345e-18,0.0,4.9695294e-37,3.3975809e-09,1.0090223e-11,5.17583e-10,1.0649869e-13,0.99997705,8.4169795e-26,0.0,2.0198142e-10,2.2504873e-13,5.5805616e-12,5.052992e-21,3.582123e-14,4.1771248e-29,9.055158e-08,2.136783e-05
725,686,687,20,2.3475726e-23,1.2879299e-08,2.528021e-15,1.4047631e-11,1.4513034e-25,0.0,2.0982996e-07,2.5602078e-11,0.00032837238,1.8543767e-10,1.3979462e-05,9.35281e-28,0.0,2.115853e-08,1.0481713e-14,1.905278e-05,1.5623378e-13,1.9988037e-26,3.3291816e-26,9.731368e-11,0.99963766
726,687,669,6,1.9871757e-37,1.9912695e-11,2.975977e-15,1.27723165e-20,1.4379525e-30,3.0707e-41,0.9619584,7.2327842e-12,0.038041946,1.4678049e-19,4.4071188e-11,1.1328891e-30,0.0,2.1603445e-07,2.6179222e-12,4.0087954e-11,1.8599591e-10,0.0,7.6082704e-30,1.813801e-15,5.935383e-26
727,238,688,10,3.1937185e-23,2.2276777e-13,1.8560616e-17,1.367684e-21,0.0,1.04500965e-36,1.9691026e-15,1.5264062e-12,7.694013e-13,5.390952e-13,1.0,7.700396e-29,0.0,1.0521105e-08,2.6799376e-16,2.9416298e-16,5.8037443e-22,1.2670421e-18,4.013742e-39,1.9598744e-07,7.0714165e-18
728,292,454,6,1.0213918e-18,0.018362092,1.1390943e-08,2.1577732e-16,8.939749e-27,5.9e-44,0.9492112,1.2635329e-11,0.021264758,7.4994736e-05,4.5916157e-13,3.4912608e-23,0.0,0.011086516,4.0962737e-12,2.6080814e-14,9.591658e-17,4.397992e-07,2.4955353e-26,1.3063283e-06,1.8870899e-16
729,454,688,17,3.69e-43,2.4758795e-14,2.2864559e-16,2.814085e-23,1.5267e-41,0.0,1.18480605e-14,4.657409e-16,2.3600239e-14,3.2167506e-14,8.078873e-15,6.915136e-29,0.0,8.589585e-16,7.564479e-24,6.25693e-17,3.289465e-27,1.0,7.3454295e-25,2.0580304e-09,1.135177e-31
730,688,689,19,1.4883777e-36,0.008822133,4.0094255e-17,9.859333e-21,3.7289397e-30,2.5e-44,2.678127e-10,4.4638405e-08,2.513866e-07,2.2243333e-08,1.286307e-12,2.9791655e-32,0.0,1.7268685e-09,7.7114837e-20,5.3853074e-14,2.9233589e-18,1.4933046e-11,4.4453405e-21,0.99117756,5.003709e-31
731,689,690,1,3e-45,0.999466,1.5747784e-12,1.8621999e-13,9.89953e-39,1.087122e-39,4.44503e-08,1.9185424e-07,0.0005290065,2.4197917e-09,1.0658424e-17,7.111373e-25,0.0,1.8163625e-08,8.2086444e-20,4.8470176e-11,1.7264764e-13,7.7171574e-29,3.277739e-28,4.886909e-06,6.247161e-29
732,690,196,6,1.0568128e-34,9.473651e-11,2.623286e-08,1.7424638e-18,5.24393e-28,3.8543446e-38,0.9859848,5.689408e-06,0.013782453,3.0252063e-15,0.00014789219,5.2655724e-23,0.0,7.913442e-05,2.2966146e-15,2.1904259e-07,8.839225e-15,4.122965e-30,1.3945778e-23,7.40614e-12,3.3398408e-26
733,73,691,15,3.435e-42,1.3175696e-12,2.0144606e-08,1.6526475e-11,2.755338e-19,1e-45,1.5239787e-10,1.9136968e-14,1.4709904e-09,1.2604492e-15,9.834839e-14,2.8237682e-27,0.0,1.005124e-09,1.1267708e-12,1.0,1.7220208e-16,1.1159674e-16,2.9439411e-24,1.1287282e-12,2.2506144e-22
734,691,692,15,2.538437e-39,1.605472e-14,5.2817074e-15,5.748394e-11,1.5497112e-22,1.860614e-38,1.7869202e-12,3.0483858e-12,4.675052e-11,8.022121e-15,2.7046763e-14,6.547275e-27,0.0,7.177274e-13,5.019979e-16,1.0,3.537108e-15,2.1797453e-17,2.3337164e-22,5.5055913e-16,1.4403815e-19
735,692,693,15,4.7232597e-35,3.0281422e-13,1.4924504e-11,1.9773556e-12,9.437266e-24,4.1712108e-32,1.2084096e-06,7.5380143e-07,9.804729e-05,1.1397042e-13,1.6566682e-11,9.2713794e-23,0.0,3.865769e-09,2.912473e-18,0.9999008,8.331812e-11,1.8176668e-29,1.6076618e-23,5.5035784e-15,4.0126092e-24
736,693,292,13,2.3498789e-20,6.1211864e-08,6.428138e-12,1.9685483e-21,2.2435633e-19,0.0,0.00024202133,1.7679355e-08,0.005575097,3.8085684e-08,2.1572481e-07,7.872513e-30,0.0,0.99413884,3.1150072e-13,7.841326e-12,3.2908673e-14,3.8325152e-22,9.5195155e-33,4.3787113e-05,1.1174379e-22
737,292,85,13,2.1033738e-28,7.8028706e-10,1.516376e-10,5.4921525e-21,1.011454e-39,1e-45,7.383544e-12,1.4156898e-10,3.4889408e-10,2.566456e-11,1.894529e-06,2.0217293e-29,0.0,1.0,2.2704125e-15,7.714997e-17,2.0721455e-22,5.464668e-37,1.1782946e-34,9.064515e-10,1.5826012e-27
738,97,304,13,1.6123306e-29,1.1028785e-07,1.0427389e-08,9.508202e-16,2.1794332e-36,0.0,1.2908431e-06,1.4156796e-09,0.00031900482,1.0747842e-09,3.4148444e-12,2.0845002e-27,0.0,0.9996796,1.0450413e-14,5.435957e-14,4.022613e-11,6.7298586e-32,1.2332629e-30,3.463784e-10,3.2664446e-27
739,413,280,8,1.5218132e-38,3.4546677e-09,2.8964565e-15,4.8480306e-20,6.3500353e-24,1.289503e-39,1.1865627e-11,1.3125637e-11,1.0,3.5855457e-19,1.9463403e-15,3.3056343e-24,0.0,2.8004403e-09,1.1139449e-20,1.4285152e-16,5.5100218e-17,1.6491961e-34,6.0517814e-25,1.7665643e-11,1.4190141e-26
740,694,49,0,0.9999427,8.0190075e-06,1.4176802e-15,1.7943149e-19,0.0,1.4413263e-35,4.5676134e-05,2.4082587e-12,2.9797118e-09,5.632516e-10,2.9531309e-09,1.6277364e-30,0.0,3.8396292e-06,4.886609e-07,4.583965e-14,1.11542855e-13,2.5866997e-29,2.4555014e-37,8.6444063e-10,2.6030547e-12
741,250,679,17,1.5684566e-38,3.416419e-13,1.2019315e-14,3.9785174e-22,0.0,2.329774e-39,5.5321744e-11,1.926776e-10,2.219846e-11,3.6069474e-11,1.8518056e-08,2.3148463e-24,0.0,5.6770956e-13,6.168585e-15,1.1631942e-13,1.6163909e-19,1.0,8.745104e-25,4.077404e-07,3.7017796e-25
742,694,695,19,2.584112e-24,1.1414014e-05,3.736004e-14,1.5729668e-25,5.1e-43,1.481041e-39,1.6635855e-09,3.571847e-15,5.6560655e-12,1.4988918e-11,2.8050571e-18,6.6836674e-28,0.0,1.175184e-11,2.4142422e-23,3.5230959e-19,4.172123e-22,2.8998613e-15,4.154151e-27,0.9999886,4.8875144e-25
743,695,696,19,2.568588e-36,0.0038941242,2.2059438e-10,2.0177563e-19,3.6416705e-22,6.10806e-40,5.0158763e-11,1.085348e-09,3.217084e-09,3.543578e-07,3.879788e-17,8.594658e-25,0.0,1.6745823e-08,2.5147953e-23,3.8449157e-16,6.9340116e-17,3.176383e-14,0.0017416864,0.9943626,3.8575893e-26
744,696,160,18,7.111172e-28,7.6278234e-16,7.4287214e-19,5.560193e-16,5.673796e-16,0.0,8.557957e-16,2.192682e-08,2.7308453e-09,8.5604516e-13,4.524649e-16,5.473247e-28,0.0,3.816516e-12,1.6335058e-26,3.8728335e-12,1.0640909e-18,6.4256816e-36,1.0,3.324173e-16,3.301384e-26
745,160,697,18,2.0239168e-33,4.222431e-14,4.57e-13,1.2066798e-10,5.2186657e-13,0.0,1.0112552e-15,1.2956654e-10,1.6176798e-12,5.923941e-10,5.2554794e-15,2.3850302e-25,0.0,1.1353748e-11,4.6743774e-21,1.5002328e-08,2.2699917e-12,1.1401209e-37,1.0,4.5924717e-14,1.1771031e-28
746,697,698,3,0.0,6.062728e-12,1.2180397e-15,1.0,5.078646e-17,5.9992275e-28,5.9448176e-16,1.5266209e-09,7.3465506e-10,6.003074e-13,8.209325e-22,7.8734165e-22,0.0,5.7176554e-19,3.346556e-22,2.737761e-09,1.4436634e-07,1.170073e-39,2.4144879e-18,1.8635933e-20,7.165124e-33
747,698,172,18,9.5122546e-33,5.231131e-10,2.3376218e-12,8.231346e-05,2.3715582e-17,1.078507e-28,7.210968e-11,0.0007108574,6.262519e-09,5.0595426e-09,4.952641e-10,7.229078e-22,0.0,2.0884523e-08,1.0126438e-17,0.00038644517,0.00033196821,3.888814e-31,0.99848676,1.7161092e-12,7.146018e-25
748,172,699,10,6.287207e-21,8.8922825e-09,1.3973889e-09,5.4124785e-19,1.991707e-29,7.249932e-36,2.816457e-09,1.7596848e-10,1.7245305e-10,1.39988975e-11,0.9999923,8.0853156e-23,0.0,6.704912e-06,3.3085963e-18,1.5812028e-10,1.3900151e-16,1.163762e-21,8.791719e-20,1.3145163e-06,3.7237277e-20
749,699,184,10,2.5840623e-17,4.5810796e-07,8.43617e-11,7.428793e-15,2.928841e-39,0.0,3.2986303e-09,5.4089924e-11,2.5400432e-10,2.8889959e-08,0.999836,7.3594174e-27,0.0,0.00016064328,1.1833082e-11,1.4727303e-10,4.7086816e-15,1.09462755e-26,3.2650904e-32,1.2808416e-06,2.5755818e-15
750,534,700,8,1.072091e-37,2.3190569e-06,0.0009772622,5.5530345e-14,1.8235488e-07,0.0,8.3694505e-07,8.784518e-11,0.99875337,3.9626094e-09,4.8844737e-11,3.1773357e-17,0.0,2.1307762e-05,2.857533e-20,9.6410636e-11,3.195679e-09,3.0558866e-29,2.460905e-20,0.00024326908,1.7385102e-29
751,700,379,2,7.391281e-38,0.0002729894,0.9139659,4.406604e-08,1.1647384e-07,0.0,0.0011291985,5.4562715e-08,0.08444999,1.7703321e-07,4.2089656e-09,1.399158e-19,0.0,6.408623e-05,5.9408953e-16,6.8442716e-08,3.3981788e-08,8.161611e-30,1.1904649e-06,0.00011576043,1.3419297e-24
752,488,701,19,1.7090214e-19,1.514766e-06,5.4266916e-08,3.1625265e-22,3.425263e-30,8.222734e-23,3.1612932e-09,5.4870266e-12,2.519099e-06,9.667483e-08,8.059514e-07,1.7582511e-15,0.0,0.008174155,7.006672e-12,2.6823424e-15,1.34848424e-14,1.788166e-18,4.199168e-31,0.9918206,1.1531848e-17
753,701,390,19,1.8829843e-23,1.133846e-05,8.431606e-10,2.0891613e-23,2.3424185e-24,9.547071e-35,1.9896693e-09,1.181497e-15,3.483708e-06,5.864703e-14,7.202975e-09,7.551349e-27,0.0,0.0005127698,1.887202e-12,1.3707266e-17,2.003561e-17,3.2269166e-24,3.0212984e-29,0.9994737,6.6729573e-16
754,160,715,18,3.37112e-36,2.3967623e-15,6.847701e-13,2.5568157e-15,7.2895205e-17,0.0,1.20931125e-17,6.0703157e-13,2.0927934e-13,9.395112e-13,1.2183829e-16,1.870466e-20,0.0,2.0998704e-13,1.0520718e-24,5.578537e-13,4.624923e-15,7.366751e-34,1.0,9.091018e-15,4.8121393e-27
755,280,702,8,1.8192462e-24,0.00017966572,6.1169786e-10,9.273059e-12,1.2001937e-24,8.3090975e-31,1.9790555e-10,4.491517e-06,0.6881944,2.1413208e-12,2.6253884e-08,1.8404259e-22,0.0,0.31162268,6.5677336e-13,8.9226077e-13,1.1664841e-10,1.791261e-38,7.3790354e-28,5.684518e-09,3.981241e-19
756,702,703,3,3e-45,1.4475195e-05,1.3785784e-07,0.97395134,7.989651e-09,5.386417e-29,3.6666346e-08,0.0008363878,0.024329528,6.7352026e-09,3.7234824e-07,9.165017e-21,0.0,3.210507e-05,6.410944e-13,0.000747403,8.9060486e-05,2.5302433e-35,6.571121e-19,8.801093e-10,1.1781386e-24
757,703,488,8,3.0065506e-27,2.562779e-10,2.7197306e-10,6.9018916e-18,1.3172818e-14,4.59037e-29,1.74534e-08,0.0023777985,0.9946775,1.9961597e-11,1.15854295e-08,2.4442518e-20,0.0,0.0029441863,3.577884e-17,9.070386e-12,2.4224406e-18,2.3040143e-28,6.654885e-23,1.2820158e-12,9.5460395e-30
758,172,534,18,4.76616e-33,9.21184e-15,1.3683338e-17,5.1786648e-21,9.7555375e-24,0.0,9.9609964e-12,4.4204373e-11,4.3567405e-10,8.66527e-18,4.9139576e-14,2.0601894e-29,0.0,2.3537192e-12,5.11367e-20,1.8277097e-11,5.74513e-14,8.753907e-34,1.0,8.918757e-14,6.3132597e-21
759,184,704,15,6.330137e-37,5.7399862e-05,0.0006428581,7.99903e-05,8.660036e-21,0.0,8.492267e-08,3.3102435e-07,8.244572e-06,7.308344e-09,7.5545995e-06,3.2364567e-25,0.0,3.4099337e-06,5.303862e-13,0.9991916,8.574405e-06,4.962395e-19,1.4599648e-11,9.0017113e-07,5.163612e-14
760,704,705,3,1.365e-42,4.050605e-12,3.5611242e-16,0.9999962,1.7959756e-15,4.030913e-31,3.7551075e-14,1.0491417e-10,2.430907e-06,3.8692685e-15,2.7773448e-16,2.1969393e-27,1.258433e-20,1.7166181e-14,2.292429e-24,1.7359302e-09,3.607333e-11,3.224552e-33,4.204188e-22,3.5788945e-17,1.1529169e-24
761,705,706,12,0.0,2.467602e-17,7.3893113e-22,1.6734564e-10,6.617293e-23,1.9211351e-37,6.2898943e-21,1.1042104e-19,3.0968983e-16,4.7070843e-22,3.1828804e-24,1.5464994e-36,1.0,1.6303971e-21,1.3569003e-29,9.182646e-23,3.921428e-21,2.02949e-40,2.8376417e-36,2.547798e-24,4.3692672e-35
762,706,379,12,0.0,3.0931595e-21,9.146611e-21,2.0850605e-16,4.4618274e-25,0.0,1.5464145e-24,6.4749266e-26,1.0049726e-20,3.6163122e-28,3.7398966e-29,6.0679264e-37,1.0,4.5352187e-26,1.1293462e-38,1.7112008e-26,6.8263516e-25,0.0,1.5857208e-33,7.3913753e-28,0.0
763,379,707,12,0.0,9.248695e-17,8.03639e-16,1.2620726e-12,6.8496786e-23,0.0,1.8701736e-20,7.401015e-23,3.8969922e-18,2.5808329e-23,3.1733483e-26,6.810324e-34,1.0,2.2114068e-22,2.2944385e-34,8.74822e-22,4.937769e-20,2.27e-42,6.383462e-29,1.6244855e-23,2.89e-43
764,707,708,12,0.0,4.4017303e-24,2.0557826e-24,7.6760124e-17,3.250714e-23,0.0,1.4421178e-28,4.1884577e-27,4.2522834e-23,4.1917743e-31,3.2816377e-31,4.14035e-40,1.0,1.0652628e-29,2.1815e-41,6.731702e-26,4.138587e-27,0.0,5.989034e-34,3.302714e-29,0.0
765,708,390,8,5.0311234e-36,4.867887e-09,1.0321697e-13,7.262213e-16,4.6345955e-10,5.3258754e-37,5.5657038e-11,2.2843531e-10,0.9999962,4.532669e-14,2.1997293e-14,1.7088328e-26,0.0,7.633235e-09,2.7806465e-20,6.8059163e-17,9.592817e-12,3.903682e-36,5.055944e-28,2.6524604e-06,6.677443e-30
766,534,488,8,2.5105502e-37,3.8304136e-13,2.2835787e-09,7.379728e-16,1.1150364e-07,9.7684574e-32,1.3143137e-09,1.7875358e-06,1.0,4.4259582e-17,1.3998983e-14,3.820745e-17,0.0,1.6499523e-10,1.9943096e-19,1.7224136e-10,5.6187004e-16,1.8757042e-27,2.0848269e-19,2.2582947e-14,2.681848e-25
767,390,709,19,2.2702623e-25,6.0455413e-06,1.2426914e-11,3.5533161e-19,5.3195514e-18,1.1e-44,1.5206113e-09,1.0246218e-13,7.733692e-06,7.321004e-11,4.203833e-08,1.7985378e-32,0.0,2.899467e-05,4.767754e-13,1.4982388e-13,3.914268e-14,1.8546941e-26,2.889229e-22,0.999958,1.1941709e-15
768,709,710,19,4.450343e-37,2.0240428e-08,1.7309161e-11,1.4800161e-20,8.1769087e-23,2.048533e-39,1.7995848e-13,4.8828248e-15,1.0234046e-10,2.0826405e-12,7.665174e-05,1.7982182e-29,0.0,2.611474e-08,5.1541727e-19,1.4153865e-11,2.9924205e-19,1.371515e-19,2.2549699e-31,0.99992365,3.6959844e-23
769,710,477,1,1.249e-42,1.0,2.1707008e-17,4.1881065e-12,2.2227379e-24,2.7602194e-34,2.9005626e-12,2.7658166e-11,7.9524064e-08,3.554585e-07,8.161127e-19,3.696511e-28,0.0,8.067126e-11,2.3376794e-16,2.8170823e-15,5.6559362e-12,5.1802258e-36,1.5673124e-25,1.2051542e-07,1.811411e-20
770,184,61,8,1.648859e-39,1.11986175e-07,3.65513e-14,2.1855552e-11,7.274423e-28,4.515555e-34,9.072337e-09,2.4901792e-05,0.99997336,9.67709e-13,2.6934382e-14,1.1106796e-24,0.0,3.8721785e-07,5.5846815e-16,2.6211613e-11,4.691608e-17,7.7524817e-35,2.6719137e-24,1.3502146e-13,7.4481225e-21
771,379,336,12,0.0,1.9661219e-16,1.12481185e-13,1.5015302e-11,3.047381e-19,6.03042e-40,5.470893e-19,2.5726293e-20,1.2271534e-14,9.5307556e-23,2.810021e-22,5.0535723e-28,1.0,3.36439e-20,6.1507173e-33,3.560738e-19,2.0486323e-19,9.06033e-40,1.651973e-26,3.1272458e-21,1.126648e-39
772,390,341,8,3.7226018e-37,9.567297e-07,4.403013e-06,4.0283314e-08,1.1918016e-12,1.5125497e-35,5.678561e-08,1.0455519e-06,0.9999923,8.286107e-11,2.5690184e-14,1.2740567e-16,0.0,2.602623e-08,2.0093614e-11,5.0741473e-12,1.825421e-07,1.8369522e-24,1.9794179e-25,8.699254e-10,3.5627435e-22
773,534,711,8,2.829247e-26,9.512625e-09,6.612851e-08,1.4950899e-17,1.53752e-10,0.0,1.0066609e-05,6.015688e-11,0.99996185,3.728933e-11,4.2521286e-12,1.1434217e-23,0.0,2.6209093e-05,8.393415e-18,1.1749274e-13,2.2528358e-10,1.9132671e-28,1.7557023e-17,3.7980353e-08,2.6372916e-24
774,711,712,4,6.4963e-41,3.62309e-14,2.4113553e-13,2.35322e-09,1.0,0.0,3.0414324e-13,8.39003e-16,9.943856e-08,2.5943838e-17,9.244474e-22,1.800964e-29,2.3376758e-34,1.572003e-15,2.0262317e-28,7.497677e-11,5.2697762e-14,1.1977411e-33,3.56098e-28,1.4288905e-17,1.7788419e-29
775,712,713,4,0.0,2.3983068e-16,5.4895845e-18,1.1090628e-08,1.0,5.363e-42,7.8245005e-20,2.9918573e-14,1.5118627e-13,3.912846e-16,1.391758e-20,1.6109256e-33,8.95371e-34,6.5074366e-19,1.8525586e-26,3.9777355e-11,1.04820235e-16,7.295549e-34,2.4223858e-25,3.01807e-16,6.0401793e-33
776,713,714,4,0.0,1.6942307e-16,9.263212e-16,8.004805e-11,1.0,2.26e-43,6.6431515e-20,3.522742e-14,2.0528464e-14,2.3213626e-17,3.9529568e-19,3.180513e-32,3.5428e-41,6.473368e-19,1.0245071e-23,4.1950315e-11,1.398497e-18,3.1843532e-37,2.9544724e-16,2.1144333e-15,1.4819851e-31
777,714,715,4,7.980365e-38,5.4642033e-17,3.0013335e-14,1.1040285e-13,0.9999962,0.0,1.5481636e-14,1.9425846e-10,1.4875192e-08,1.8746425e-15,3.806443e-18,1.1958888e-31,0.0,1.3103311e-13,1.8852423e-22,1.0741437e-11,1.5900629e-19,7.3535787e-35,2.7457138e-06,3.6050967e-15,4.9068125e-25
778,715,413,8,2.7927098e-29,9.1787494e-10,1.4470782e-12,2.5813898e-19,1.0926467e-17,0.0,1.5218067e-09,7.890156e-09,0.9999923,6.27879e-15,2.3819388e-10,3.039957e-22,0.0,7.798958e-06,3.8142154e-20,1.0255781e-09,3.1454785e-14,1.5192788e-30,8.4712604e-10,2.772772e-08,1.6394409e-28
779,402,268,8,0.0,1.5565147e-12,3.8937037e-13,8.233165e-13,9.045609e-20,2.747e-42,2.7416934e-07,5.058583e-07,0.99997336,8.878959e-17,3.5218725e-12,1.3280842e-22,0.0,2.1825405e-10,4.9578934e-26,2.5109646e-05,5.503818e-12,9.2642173e-35,1.8437374e-20,1.8049473e-13,1.4403322e-34
780,97,716,8,0.0,5.9309205e-05,7.729474e-06,2.5323224e-10,1.6508132e-27,7.7255e-41,3.9473906e-07,6.1278676e-08,0.9998588,2.5803355e-12,7.6396445e-09,1.8563904e-21,0.0,7.3755764e-05,1.95982e-13,2.5667745e-07,6.375959e-09,7.475939e-27,1.2232297e-33,7.67514e-08,3.6937647e-19
781,716,717,8,1.4e-44,3.2508614e-09,1.5493814e-13,4.7910363e-13,3.165879e-24,1.805e-42,1.5056049e-08,2.203337e-10,0.9999962,2.555927e-16,6.41774e-15,3.4933759e-25,0.0,5.0292492e-11,1.274477e-20,3.2863643e-06,4.2858428e-10,4.8719326e-33,4.0641174e-27,1.3835053e-13,8.415372e-19
782,717,268,16,1.101e-42,7.608032e-09,9.665229e-09,2.8015247e-13,1.3930274e-20,0.0,0.003948498,8.8346724e-08,0.00046693202,2.119007e-12,6.947882e-18,5.620041e-27,0.0,2.0918878e-09,6.498829e-19,5.697585e-10,0.9955847,3.560105e-39,2.2551803e-20,3.183233e-16,4.832281e-35
783,268,718,16,6.5180853e-37,2.1037694e-11,4.850669e-08,7.884976e-10,3.865419e-22,3e-45,1.4080285e-06,4.144545e-11,1.4056247e-13,3.4612897e-09,9.904002e-21,5.0258114e-28,0.0,7.400431e-13,2.505382e-16,7.3183033e-09,1.0,3.742307e-30,5.670414e-26,3.2929652e-21,8.64932e-33
784,718,719,16,1.645542e-30,3.423663e-11,1.5024519e-12,9.885153e-09,1.10306636e-17,6.2355e-41,0.00045914444,9.3883866e-11,0.00027326445,6.030223e-14,1.2059931e-19,4.8955702e-27,0.0,2.0591956e-10,2.2413082e-16,2.8758233e-08,0.9992678,0.0,1.3731615e-30,4.4374423e-22,5.657019e-33
785,719,465,8,3.4901013e-16,1.4792034e-05,1.7000592e-14,7.334907e-16,2.7152202e-33,1.3185e-41,3.8285885e-05,2.1536555e-14,0.99980927,1.1666853e-16,9.5985e-10,4.4896093e-31,0.0,0.00013762843,3.2699605e-12,3.5152785e-14,2.85537e-16,0.0,1.5403155e-31,4.396008e-09,1.7675924e-07
786,500,720,10,6.209934e-35,1.4335684e-11,1.4702181e-14,2.5011937e-13,3.8442577e-30,3.04908e-33,5.4286653e-13,1.2391711e-16,2.1998095e-10,2.3126048e-16,0.9999962,6.570547e-26,0.0,2.1142603e-11,4.6280424e-17,8.1516205e-08,9.314141e-21,1.9488782e-33,9.993311e-34,2.389853e-06,1.1122504e-13
787,720,721,3,0.0,0.00013680298,2.0902375e-08,0.86984307,1.0087551e-14,9.648728e-31,1.2543374e-09,3.1093033e-09,1.3791637e-05,1.3528002e-09,6.355388e-10,6.442252e-20,0.0,1.3684849e-10,3.0190703e-17,0.12996611,3.9479517e-05,1.5403777e-34,3.4650475e-28,2.5527135e-07,1.3857053e-24
788,721,402,15,0.0,1.1279485e-13,3.147135e-14,1.3047575e-09,2.5692949e-20,0.0,8.0279283e-10,1.6429189e-09,9.315558e-07,9.056547e-14,1.526144e-16,9.417668e-31,0.0,1.9572125e-13,1.7647773e-21,1.0,3.2417174e-12,3.7032036e-19,9.848362e-20,5.0549137e-16,1.0600286e-23
789,402,371,8,5.8805e-41,2.2532246e-08,1.2098093e-10,1.9598519e-11,1.0330722e-12,3e-44,2.3689289e-08,1.5206901e-12,0.9990011,1.0813474e-17,5.905977e-11,4.312071e-22,0.0,2.8934515e-08,8.3538655e-19,0.0009964267,8.321894e-13,3.9641224e-31,1.8222157e-20,2.0714117e-06,2.5006755e-23
790,500,366,8,1.3333e-41,1.3104301e-07,1.7106071e-18,1.04470706e-13,4.2955247e-21,1.07353e-32,1.7034978e-09,1.3593084e-08,0.9999923,1.3212337e-12,1.2326774e-11,1.1444891e-26,0.0,8.883751e-06,1.3235142e-19,8.724726e-14,9.323498e-12,0.0,1.6376679e-33,5.416449e-10,8.549547e-29
791,477,346,9,5.84056e-40,0.16720349,5.697465e-14,7.0644764e-06,1.3397882e-14,4.2579752e-33,2.7193715e-07,0.0014059589,0.3189335,0.51244986,1.2878917e-14,6.721712e-21,0.0,6.398155e-09,2.740377e-21,2.7423088e-08,2.030935e-07,6.4576104e-26,1.4909456e-22,4.3887693e-09,3.017066e-25
792,511,351,8,5.0011555e-22,8.6276386e-10,2.3854858e-17,1.7666569e-13,3.1918736e-19,0.0,4.3562177e-06,1.0261538e-08,0.9999962,6.109457e-14,9.316703e-13,6.1948846e-28,0.0,1.3406102e-08,7.900042e-22,1.211907e-09,7.719189e-14,1.0540383e-35,9.261487e-22,5.6967255e-14,2.8604978e-21
793,361,356,8,0.0,4.7917982e-08,2.3094588e-15,8.1250257e-13,2.5172984e-17,2.1801362e-32,1.2478325e-09,1.197402e-05,0.9999886,2.2265352e-13,2.4529141e-17,1.5942452e-22,0.0,9.290971e-13,1.3786263e-21,3.4109124e-12,1.2235413e-12,3.923456e-32,1.0481498e-32,8.432481e-16,4.6420983e-25
794,61,722,3,0.0,1.9424178e-06,0.00041595596,0.9980755,4.5428955e-16,7.1339536e-32,2.2381208e-09,2.7756721e-08,2.5549626e-08,0.00028567493,4.6569562e-12,4.1840537e-18,0.0,1.503107e-10,2.6934253e-16,0.0012203447,2.053223e-06,6.412628e-14,2.6944027e-15,1.1841797e-11,1.1533434e-24
795,722,723,3,0.0,6.6239424e-13,1.3973206e-15,1.0,5.2772856e-19,4.681208e-30,2.0046564e-15,5.0278105e-11,2.6947709e-09,8.211832e-14,2.5691813e-17,2.9875491e-27,2.7210272e-33,4.1357382e-16,4.6815303e-22,1.8144423e-10,1.6690378e-11,3.7323324e-27,1.9927173e-22,5.9754597e-18,8.0252595e-26
796,723,724,12,0.0,1.5126428e-19,2.0282e-24,4.1651318e-12,1.5259847e-26,1.319276e-39,4.809318e-25,6.0220374e-22,1.9507217e-19,3.0609927e-24,2.5833889e-27,2.5155244e-38,1.0,4.736238e-25,5.0065296e-33,4.8696113e-25,2.1966335e-23,6e-45,2.847801e-37,1.8215222e-26,1.56181e-39
797,724,336,12,0.0,7.042351e-23,2.3454803e-21,1.5937219e-15,7.621076e-31,2.6079913e-37,4.8168993e-26,5.718264e-27,2.0427375e-22,1.656199e-28,7.185667e-29,2.1074167e-33,1.0,2.4324487e-27,7.2503985e-37,1.5098132e-25,3.1277166e-25,0.0,3.2289026e-37,2.2705089e-29,1e-45
798,336,725,12,0.0,3.7899002e-16,9.300292e-14,6.3156075e-10,1.7839208e-26,1.0631972e-35,9.6497766e-20,3.1170613e-22,2.84084e-19,1.1548955e-20,7.92545e-24,3.868269e-28,1.0,2.1043285e-21,5.619135e-29,9.871838e-19,7.895961e-18,5.344594e-39,3.8746152e-30,7.365359e-23,2.311e-42
799,725,726,12,0.0,3.409659e-22,6.279986e-23,4.82496e-16,2.4725115e-24,0.0,2.4533416e-27,3.664851e-27,5.26587e-24,8.925501e-28,2.6391556e-30,7.77895e-39,1.0,2.4919273e-28,2.2934887e-38,3.178438e-25,1.7416603e-25,0.0,4.8643885e-35,9.393177e-28,0.0
800,726,341,4,5.18613e-39,4.384931e-12,8.1248654e-14,6.880666e-06,0.9999923,1.067852e-39,4.2687644e-15,1.3168689e-08,1.9174315e-06,4.5317625e-10,1.2883713e-17,1.604635e-23,2.0043296e-28,1.7477073e-13,2.9349037e-24,4.601668e-11,1.5352285e-10,5.209662e-33,3.5664024e-14,3.0159423e-15,1.216364e-29
801,341,727,4,2.3271508e-26,1.1043213e-09,3.866539e-15,1.0405981e-06,0.99992746,0.0,1.2320234e-12,5.2228866e-06,2.5324061e-05,4.1045314e-05,1.6797986e-13,1.833287e-28,0.0,1.6843579e-09,5.9956214e-18,5.3138997e-08,4.1417977e-10,5.3455367e-30,1.7311803e-11,6.7973777e-10,1.2567929e-19
802,727,728,4,8.7484e-40,2.484027e-16,6.265995e-13,8.090373e-16,1.0,7e-45,1.1014061e-16,1.5227574e-11,6.293938e-10,1.6428583e-14,1.2145049e-14,1.6992763e-27,0.0,1.5366036e-12,9.3867995e-21,6.41015e-09,7.920785e-19,2.3460087e-28,2.3244204e-09,2.4414407e-10,1.8903462e-24
803,728,346,8,4.5516416e-22,2.7758416e-08,1.8279798e-13,4.322093e-18,1.38010254e-17,0.0,6.9247385e-08,1.0540448e-08,0.95200706,2.939708e-11,2.1996355e-08,4.5038658e-30,0.0,0.047986355,8.420377e-20,6.570515e-13,2.2554019e-14,4.472625e-28,2.0164114e-25,4.9198484e-06,7.496572e-31
804,346,729,10,9.167216e-22,5.2967204e-07,4.763401e-09,6.992956e-17,9.4714746e-35,5.955193e-30,1.7190593e-10,7.022988e-14,4.316821e-10,5.1951166e-10,0.9780879,8.121881e-24,0.0,5.2433512e-05,1.4186176e-13,2.8711934e-11,2.6624318e-16,1.7749779e-22,1.1449023e-29,0.021857657,5.6554557e-14
805,729,730,10,3.2184144e-21,5.3750795e-09,1.8471269e-09,5.1143305e-21,6.196137e-28,3.6801869e-37,2.187699e-11,1.3819024e-12,1.6069742e-09,1.1706777e-12,0.9938962,1.4970086e-23,0.0,9.257814e-07,6.744494e-21,4.918509e-09,2.041314e-20,4.9103264e-20,6.6540136e-33,0.006101293,2.020582e-20
806,730,351,8,1.8978774e-14,5.079491e-05,3.551539e-05,3.7886488e-13,1.1794074e-23,0.0,5.3242155e-05,2.7737771e-08,0.45297614,6.467746e-10,0.25438073,1.703141e-23,0.0,0.26553318,1.8731823e-17,7.805446e-06,6.314087e-11,2.9250263e-22,8.822577e-24,0.026961582,5.179779e-18
807,351,731,10,1.7152875e-16,4.7902606e-09,1.0288908e-06,1.3402743e-13,1.5293383e-30,2.5045e-41,2.7296592e-08,3.5475858e-12,1.5322636e-08,3.9490525e-12,0.99978644,2.535029e-25,0.0,0.00015427654,1.0504581e-12,1.3988476e-05,2.6563565e-15,4.258294e-21,2.98375e-24,4.391056e-05,9.919437e-12
808,731,732,15,3.1273065e-28,2.7804576e-11,4.8886443e-13,5.378566e-09,4.0676272e-17,4.6579e-41,5.183941e-14,4.9461106e-09,2.8693334e-10,3.3224462e-10,2.240051e-09,3.0560442e-25,0.0,2.0287465e-12,2.0458893e-21,1.0,1.2748511e-13,5.096146e-19,8.178004e-15,8.804455e-09,4.36882e-19
809,732,356,8,2.092e-42,5.5982246e-09,6.465111e-16,1.6169445e-06,0.0014103206,2.473754e-34,1.9000348e-08,0.20249924,0.7951525,2.3658603e-14,2.9864795e-11,2.6020592e-29,0.0,3.6812203e-10,2.2615437e-15,0.00093747495,5.167705e-09,1.1714541e-36,4.9227623e-12,1.0847587e-12,8.569951e-15
810,402,733,15,2.752231e-39,1.2066156e-13,2.1875842e-13,2.6158208e-12,5.813468e-23,0.0,8.364534e-11,2.8960544e-14,1.8991949e-11,1.4014197e-16,6.542772e-11,6.840489e-30,0.0,6.140289e-13,6.2977336e-17,1.0,1.7329383e-18,1.7525853e-12,2.373357e-19,7.4515e-11,4.539856e-19
811,733,734,19,1.1246268e-29,2.4095536e-05,4.5332622e-12,9.698999e-14,7.6928e-41,8.996976e-29,2.3103206e-09,1.6029285e-15,9.1561586e-10,5.856493e-16,5.2848472e-09,6.984057e-23,0.0,5.2512817e-11,1.1622681e-19,1.4868399e-06,1.7019648e-24,2.7731804e-26,5.6569143e-32,0.99997336,3.9365196e-14
812,734,735,1,6.4e-43,0.9974283,5.1846778e-12,4.1078512e-13,1.9388805e-35,6.16851e-39,8.506739e-13,4.0558754e-13,4.9708426e-05,8.3407036e-14,2.5218227e-19,3.2297385e-23,0.0,3.1134303e-11,7.77259e-27,1.4065688e-13,9.790643e-19,1.4928e-41,3.1715779e-28,0.002520516,5.5830243e-22
813,735,736,1,0.0,0.99997336,6.143985e-11,9.411173e-15,2.2556998e-32,1.2344e-41,5.1218318e-12,1.22213325e-11,1.1469752e-05,1.5739625e-11,1.0065324e-16,5.1747297e-23,0.0,1.0927017e-08,7.124033e-23,4.4292779e-13,1.3329187e-18,1.1530974e-31,7.203281e-23,1.5691412e-05,2.1118775e-23
814,736,304,13,4.487197e-30,1.6264526e-06,3.7681938e-14,2.7881e-22,6.67668e-37,0.0,5.2817185e-11,5.4962857e-12,3.8916065e-07,8.572589e-10,3.363236e-12,3.8348502e-32,0.0,0.9999962,2.0862223e-16,1.6684143e-18,1.0579616e-13,1.18581425e-29,9.73676e-32,9.642948e-09,8.245904e-26
815,477,737,9,1.3819474e-23,7.022236e-07,5.0494085e-21,4.112645e-15,9.05701e-26,4.417722e-34,3.152873e-10,1.0198685e-05,5.8714755e-10,0.9999886,6.747635e-13,4.9446538e-33,0.0,9.296814e-07,4.4773658e-15,6.46706e-16,3.1321774e-13,1.7942911e-30,3.3214855e-31,4.823148e-12,1.2214826e-23
816,737,738,7,1.8129938e-35,6.4374335e-06,2.742786e-11,3.6040372e-08,9.83585e-22,1.0097407e-29,2.3956582e-06,0.74420923,0.25429922,2.3786465e-07,1.0644839e-12,1.9868465e-18,0.0,1.4907636e-07,3.1324323e-18,0.0014823794,3.2614442e-09,5.67584e-28,3.842507e-18,1.741875e-15,2.7728533e-18
817,738,511,10,4.8713963e-17,1.5161174e-08,1.6479614e-14,5.2613144e-16,4.6117643e-37,3.002e-42,1.2293049e-05,0.0006994309,1.2870663e-07,0.022120032,0.959525,1.4217334e-27,0.0,0.017643366,3.79438e-11,5.0281635e-08,1.5935045e-13,4.2502972e-19,2.1582913e-24,1.2723044e-07,2.6362575e-15
818,511,739,10,1.4997674e-18,7.678144e-11,4.066637e-16,1.7388658e-17,1.348284e-36,4.3280378e-38,8.833955e-10,2.8879285e-07,6.783517e-11,2.74382e-05,0.9999084,7.8722815e-28,0.0,6.228653e-05,6.8777328e-12,6.644861e-09,3.2889297e-17,1.5237623e-19,9.02713e-28,9.179634e-08,7.906948e-14
819,739,740,15,2.3986546e-16,9.0067855e-09,5.0639902e-14,7.4092277e-10,5.7694585e-16,3.943e-42,1.4385907e-05,5.6363106e-06,0.0033618405,2.393886e-06,1.3813804e-05,2.0905353e-28,0.0,3.2144162e-05,3.1115036e-13,0.9965688,1.0646119e-08,1.8991187e-26,3.7595697e-19,9.457632e-08,2.5487711e-08
820,740,361,9,4.12639e-25,5.5106176e-07,7.807652e-13,4.7066885e-15,2.1490461e-19,3e-45,0.00014944498,1.7428543e-05,9.15258e-06,0.9998131,9.432939e-18,5.2156948e-30,0.0,2.295075e-06,9.43406e-17,4.391335e-15,8.659176e-06,1.2385198e-22,1.5076443e-24,1.8282838e-16,1.2644833e-25
821,361,741,9,4.55394e-27,1.7430986e-07,2.3329537e-12,8.589813e-16,5.833681e-24,2.47577e-40,1.6153037e-07,1.4334167e-09,1.4535916e-10,1.0,6.7463312e-18,6.141528e-25,0.0,3.420625e-09,6.4606955e-17,1.0693366e-17,5.323308e-10,3.709317e-16,3.6844085e-33,4.2159892e-16,1.00050396e-22
822,741,366,9,1.785918e-39,4.1145016e-05,2.4609097e-09,3.5195104e-11,8.958636e-25,1.06129e-40,4.7627423e-11,2.5701623e-09,4.7330927e-11,0.999958,3.528729e-13,2.5999835e-23,0.0,2.21964e-06,4.336775e-18,2.8899073e-18,2.7501452e-08,3.3552352e-22,1.2256505e-31,3.6739233e-11,8.4200426e-23
823,366,742,9,1.1528e-41,2.4557462e-06,3.358437e-07,1.15671085e-07,2.9634642e-19,9.714205e-39,8.4696685e-12,1.8783582e-07,7.647798e-12,0.9999886,2.3358225e-11,2.4936847e-22,0.0,2.936353e-06,7.507786e-17,1.713615e-14,3.942141e-06,2.69686e-23,2.9454647e-27,4.9211286e-12,1.5781717e-25
824,742,743,3,0.0,5.3740774e-08,6.2180894e-12,0.9999427,1.7362357e-08,4.764451e-33,2.0086795e-11,3.619829e-07,2.2840341e-07,1.9048173e-08,1.5450579e-17,5.1930284e-28,0.0,5.4595318e-11,5.9154262e-18,2.826294e-09,5.715101e-05,2.5127392e-26,1.3309569e-19,1.3732669e-14,4.2431414e-32
825,743,371,15,3.065141e-39,3.722864e-11,8.519929e-12,3.2832772e-09,4.3288165e-07,1e-45,3.8611265e-09,5.1987723e-07,0.026236642,2.8538063e-13,1.792293e-08,6.505091e-23,0.0,2.5070555e-08,8.936629e-16,0.9737619,6.8596377e-09,3.8118905e-26,8.57108e-11,5.5384117e-08,3.9074454e-24
826,371,744,19,7.052139e-30,7.5515703e-07,5.2446514e-05,1.1190106e-17,1.6777425e-21,8.96e-42,1.810276e-07,6.9191263e-12,2.7484788e-07,2.3480517e-12,0.020222276,1.8164387e-23,0.0,0.00059164834,1.9262745e-12,0.00013078254,2.3217184e-16,4.4355126e-15,3.830676e-21,0.9790024,1.0265766e-23
827,744,142,19,1.3878492e-22,3.741512e-05,2.4015452e-18,2.6043e-24,1.258367e-33,6.8493e-41,0.00022927321,2.0443814e-08,0.24579643,1.183994e-12,0.00012658724,1.1381999e-30,0.0,3.660728e-05,2.5217259e-12,1.3844312e-10,1.469298e-15,2.074694e-28,7.111586e-26,0.753772,8.037367e-17
828,465,500,8,1.415216e-23,1.2131814e-05,1.4097304e-16,6.072613e-19,3.7055258e-24,4.223215e-39,2.0741713e-06,2.6036803e-12,0.99987406,2.323457e-14,1.0990409e-05,1.8572844e-27,0.0,1.7687875e-06,1.2018021e-16,2.850519e-14,3.8329727e-20,1.7302746e-35,1.852839e-36,9.942354e-05,5.187289e-12
829,500,745,8,7.22617e-33,9.095837e-08,1.1436576e-15,1.6524252e-13,1.793891e-26,3.9804405e-32,8.163667e-07,1.5942184e-10,0.9996529,1.9176804e-13,0.00023596891,1.5139234e-20,0.0,2.5595742e-10,1.8834023e-22,3.8220456e-08,1.958381e-17,3.840941e-32,1.7998949e-34,0.0001087141,5.522814e-18
830,745,511,10,2.7379523e-14,5.6035815e-11,3.8396244e-16,1.8685282e-18,4.513499e-37,5.496861e-39,1.5778738e-06,0.00012410189,1.222612e-06,1.1227453e-06,0.99878764,1.0908016e-25,0.0,0.001083771,2.0557718e-12,9.730073e-10,2.8527352e-16,4.8914365e-23,2.017582e-24,1.42647885e-08,7.4087854e-15
831,465,477,9,4.9808675e-19,5.22474e-06,4.0399736e-19,7.246857e-15,4.7286535e-26,1.1379756e-35,4.3257437e-08,0.00023331858,5.5619978e-08,0.99942034,2.2347232e-11,2.4263803e-33,0.0,0.0003407337,4.260277e-13,3.433647e-16,2.7187616e-13,2.4839797e-31,1.7049999e-31,2.6067426e-11,1.8367158e-22
832,544,746,6,2.8672355e-38,2.3826399e-09,1.6882303e-09,5.577911e-16,1.12e-42,0.0,1.0,3.2580796e-13,2.5653585e-12,6.360468e-14,4.5372124e-17,3.6794717e-29,0.0,1.1723018e-09,7.922377e-14,2.7963316e-16,1.714322e-13,2.4853725e-24,1.725696e-39,4.913919e-22,3.392464e-32
833,746,195,6,1.291127e-39,3.456389e-12,1.2086585e-06,2.8784547e-10,3.061217e-30,7.751114e-37,1.0,2.9186657e-12,2.4953977e-07,1.4706927e-17,1.8150754e-14,7.536511e-24,0.0,2.9528222e-12,3.0108186e-13,8.565356e-12,3.4546677e-09,6.700584e-38,5.8249687e-30,2.7357708e-21,9.966684e-22
834,195,72,8,1.1316627e-37,6.514428e-08,2.527877e-07,1.192468e-08,3.5426426e-31,0.0,0.34423685,5.0579292e-06,0.6547087,3.677827e-08,5.828534e-12,1.3527743e-24,0.0,0.00084924145,1.6755602e-15,0.00020130895,7.2198897e-10,2.055759e-24,1.5086785e-26,7.8262e-13,1.2781106e-25
835,521,219,6,9.7826e-41,9.218973e-08,0.0018426848,4.427308e-10,1.4766403e-32,0.0,0.876749,3.7035388e-06,0.12112879,6.7377165e-10,3.6435115e-11,4.644911e-19,0.0,5.9599955e-05,2.4730583e-17,0.00021516957,6.563873e-14,9.6108306e-21,7.077791e-24,9.771459e-13,4.0637242e-22
836,219,117,6,2.623161e-19,4.463819e-10,7.237998e-05,8.1976845e-14,3.1e-44,0.0,0.99034613,8.340041e-13,1.55833e-08,3.210333e-14,2.160539e-10,9.338585e-28,0.0,0.009581268,8.6862354e-07,5.6823015e-11,1.56989e-12,2.665856e-24,4.5803843e-28,2.0953267e-12,1.5623778e-15
837,117,747,6,8.909387e-33,6.7432965e-10,5.6725796e-10,5.576488e-15,6.1184574e-37,6.353888e-39,1.0,2.0399103e-15,1.2026698e-07,1.5906538e-16,3.3320884e-20,5.9770107e-25,0.0,6.2124332e-09,2.8511435e-11,1.7578187e-11,1.4504896e-10,3.189769e-26,1.0645351e-30,2.3931511e-17,3.3941694e-19
838,747,748,6,6.322878e-13,2.8924085e-12,9.453533e-13,1.5998997e-21,7.8808e-41,4.057e-42,1.0,1.4446852e-11,1.1738379e-07,1.2699965e-14,5.75364e-14,3.253013e-28,0.0,7.0790674e-07,3.9453744e-14,4.178388e-12,6.541245e-16,2.233401e-27,4.254065e-32,6.125941e-19,1.6928362e-30
839,748,129,0,1.0,1.3321322e-16,2.4253613e-19,1.1271604e-22,0.0,5e-44,3.4038886e-11,2.8614763e-16,2.4605545e-15,1.922223e-19,1.6673926e-11,6.00325e-40,0.0,1.0819934e-09,1.2942289e-12,7.8177196e-22,7.1200865e-25,8.209e-42,1.3444585e-35,7.236839e-20,8.092782e-12
840,207,749,10,6.3251116e-16,1.2206078e-14,1.5008972e-15,6.335758e-17,5.162814e-33,1.5932357e-30,2.4900207e-14,1.2762493e-14,2.815105e-12,8.206457e-19,1.0,1.5119147e-28,0.0,9.076648e-09,4.6482103e-18,8.954511e-12,1.0360973e-23,1.3515326e-37,1.1931431e-28,1.1594315e-12,3.6564152e-09
841,749,750,6,8.6116775e-13,4.4613383e-08,7.857982e-10,1.2459483e-10,8.6657264e-27,1.529e-41,0.9991116,1.4319207e-07,2.7932645e-06,3.913251e-15,6.384773e-08,7.9544235e-27,0.0,2.4265479e-10,5.90342e-15,0.00088695716,4.3606576e-13,1.048143e-30,1.13489064e-17,1.6692316e-15,8.307942e-12
842,750,219,6,4.4458546e-26,3.0566994e-16,2.375565e-13,2.0227416e-20,1.0053452e-34,1.6792967e-38,1.0,2.2026214e-11,8.314716e-07,1.0634847e-21,7.847335e-13,2.1274627e-27,0.0,3.1047534e-08,8.753042e-11,2.1490047e-12,2.6098242e-13,0.0,1.3612603e-22,7.401923e-22,7.509667e-27
843,521,751,15,1.826e-42,4.4971093e-12,4.8714237e-06,2.0377049e-12,7.82642e-25,0.0,2.689809e-10,1.2117328e-14,8.9361046e-11,2.405793e-16,2.2146324e-14,3.423652e-25,0.0,7.737981e-11,4.8232512e-15,0.9999962,2.8625323e-18,5.5607688e-15,7.834639e-24,3.8909118e-13,3.8116164e-25
844,751,752,15,6.5508887e-37,1.3679431e-16,5.9326947e-13,1.6498649e-13,1.6511897e-21,4.80823e-40,2.0023227e-14,3.531377e-12,4.7825025e-12,3.826156e-17,2.311722e-13,1.059098e-25,0.0,2.7580962e-13,5.4485004e-20,1.0,2.290197e-19,1.1495707e-16,1.1461278e-18,5.2394626e-16,6.135704e-23
845,752,753,15,2.0130486e-29,7.278175e-12,1.6343089e-12,2.4244277e-11,2.3014675e-20,1.2149309e-37,3.6431084e-11,0.0005972676,3.4400757e-06,5.1246264e-12,1.7219367e-07,2.0142576e-26,0.0,2.0738004e-05,7.0913754e-19,0.99937844,2.3679483e-12,3.879301e-24,7.4576375e-16,3.0305505e-10,2.3814415e-23
846,753,303,13,4.542926e-25,9.647639e-13,8.210767e-14,2.6652974e-16,2.2133536e-32,3.7651e-41,1.1416685e-10,1.9946414e-07,3.153643e-10,5.0919358e-09,7.196493e-09,5.284591e-37,0.0,1.0,4.449559e-16,1.7396581e-14,6.057388e-12,3.9679904e-26,2.109983e-25,3.6126189e-12,1.2924681e-30
847,207,753,10,1.0149952e-17,6.665568e-12,2.2442085e-16,3.9315593e-18,8.53124e-36,1.3786786e-29,5.818854e-10,4.808176e-12,1.8632449e-05,2.10527e-19,0.99997336,2.5612488e-29,0.0,8.865707e-06,8.754652e-17,3.1040363e-12,3.3328732e-22,9.0087e-41,1.757605e-25,2.6305885e-10,2.9794018e-11
848,84,754,2,4.0107453e-30,1.7146953e-05,0.9465896,1.932417e-15,5.642691e-39,9.16e-43,2.7366749e-09,7.35945e-11,7.7627726e-07,3.5107643e-13,0.013457998,3.45903e-18,0.0,0.039921798,1.329524e-14,1.0052795e-05,1.00724095e-20,1.5272011e-27,2.6644996e-27,1.2850899e-06,1.3642417e-18
849,754,755,10,9.088701e-21,7.5139365e-12,9.381186e-12,1.0979425e-21,9.558787e-39,9.688752e-30,9.023206e-13,2.2417476e-13,6.828145e-11,4.309348e-19,1.0,6.7846737e-28,0.0,1.6172405e-06,1.0494207e-12,8.238003e-13,7.375842e-24,7.9909376e-30,1.8123946e-25,1.2947018e-10,9.149703e-09
850,755,279,13,6.0659144e-29,1.1010545e-06,3.2842112e-12,7.663328e-21,8.01483e-33,1.9437512e-37,2.9481557e-09,6.8954596e-06,0.26226547,8.5381535e-11,1.9759173e-10,2.1905803e-26,0.0,0.73772794,2.1122417e-14,1.7083584e-17,4.3486265e-15,5.3728793e-34,1.330293e-25,1.0229685e-08,3.1715507e-30
851,453,756,17,1.0682081e-38,5.3167526e-14,4.8046196e-08,1.5209764e-17,2.7549595e-34,1.58e-43,1.4683617e-12,1.8416657e-18,3.740319e-17,5.989407e-13,1.32339886e-14,7.438781e-21,0.0,4.034176e-15,6.5970853e-21,3.1132312e-13,2.89796e-22,1.0,1.4902719e-33,1.0065056e-12,8.130226e-30
852,756,757,17,0.0,6.693637e-15,6.611163e-15,5.627475e-23,6.1234e-41,0.0,3.24774e-15,4.5811914e-19,2.7304669e-19,1.285628e-15,2.8230702e-18,1.3737916e-28,0.0,2.3946816e-20,1.5907626e-24,1.0181757e-16,6.3834753e-25,1.0,1.3772384e-29,7.1664437e-12,5.8245877e-31
853,757,758,17,0.0,2.187794e-12,3.221504e-17,2.4655325e-24,1.609897e-36,0.0,4.4857086e-15,1.4483075e-15,2.4775434e-17,7.657672e-14,4.350827e-18,1.3351796e-31,0.0,1.0018006e-18,5.6472355e-24,6.693295e-18,1.5374973e-24,1.0,7.296826e-20,7.316615e-09,1.944649e-29
854,758,759,17,0.0,0.00011846132,3.072384e-11,2.1510493e-17,1.3169762e-28,9.658421e-37,1.3064309e-09,1.13856435e-08,1.2582947e-11,1.194427e-06,3.0759617e-18,5.8090596e-22,0.0,3.4267432e-13,1.1932804e-19,1.1805961e-15,1.978452e-17,0.99988174,4.9014837e-16,1.1380308e-07,2.7462618e-26
855,759,760,1,0.0,0.99964917,1.9650256e-10,2.3684362e-12,2.34696e-26,2.9972025e-37,1.2297902e-09,1.3653541e-13,1.0890663e-05,8.437863e-14,3.9135711e-19,3.0500564e-26,0.0,8.7237456e-10,1.5212039e-23,1.0408237e-15,1.3668985e-18,2.9689835e-28,5.524793e-26,0.0003408494,2.8979323e-26
856,760,412,8,1.3150958e-32,1.3540871e-07,3.4583263e-13,5.1672157e-15,3.061749e-26,0.0,2.0570958e-06,2.1403938e-08,0.9999962,4.4860186e-14,5.222726e-14,2.406321e-27,0.0,5.676875e-07,3.165932e-21,2.0161006e-13,6.252385e-13,1.2881085e-28,4.094377e-15,6.7992122e-12,9.216292e-25
857,36,761,20,3.214246e-08,2.3950523e-12,1.1292248e-17,2.7811333e-21,0.0,5.9174478e-36,8.408574e-14,5.7204127e-16,4.17739e-13,1.682962e-19,0.00028640436,1.1186573e-30,0.0,9.29114e-11,2.7629312e-12,1.7939307e-20,6.4955937e-23,0.0,2.1199438e-28,1.1288632e-13,0.99971396
858,761,762,20,8.951428e-14,1.0212176e-12,5.4313597e-20,1.6015203e-18,0.0,2.94e-43,3.9452525e-11,5.429519e-19,3.0341292e-11,5.2156423e-20,1.0685099e-15,1.6052575e-33,0.0,7.8265506e-15,1.1446562e-13,4.0918236e-19,4.754116e-20,0.0,1.4162194e-32,1.11932045e-20,1.0
859,762,544,6,6.697e-42,5.7294027e-11,1.265259e-12,1.66718e-18,3.57778e-40,1.06e-43,1.0,9.517388e-15,4.601111e-09,1.8682503e-18,9.960971e-17,2.273821e-28,0.0,8.919553e-11,4.315625e-15,3.0274232e-15,2.5918134e-16,2.563964e-31,5.8202167e-37,4.8387166e-21,4.6560767e-31
860,237,763,20,2.6292523e-19,6.4029307e-12,4.715998e-15,2.0883071e-17,0.0,9.037046e-37,6.8998503e-07,2.0244095e-12,4.33023e-10,1.7651731e-15,0.05151858,7.8371125e-26,0.0,7.8940343e-10,2.188962e-09,6.0597653e-13,2.6360899e-20,2.5482808e-19,3.5623112e-28,1.05469126e-10,0.9484799
861,763,764,20,7.320947e-19,4.8090386e-12,2.2925846e-18,2.0628867e-14,2.6116402e-33,0.0,1.0532409e-08,2.472139e-13,5.7922396e-08,5.0147804e-13,2.484075e-08,1.7342825e-31,0.0,1.4850739e-10,1.5870137e-13,2.5927818e-09,1.2893706e-15,2.752183e-29,1.6635767e-27,5.6410573e-16,1.0
862,764,746,6,3.1556076e-38,2.9938437e-14,1.548215e-16,9.873533e-19,3.1083938e-29,8.7702e-41,0.9994242,1.0977674e-12,0.0005746365,7.9168836e-20,4.7985465e-16,6.254362e-29,0.0,4.1898165e-12,1.028349e-14,4.951575e-13,1.2312205e-11,4e-45,1.4019091e-27,8.300705e-23,6.2208723e-25
863,237,765,10,2.9938052e-17,7.5688145e-15,5.5158025e-18,1.4526744e-21,0.0,3.039157e-37,7.568919e-14,3.215625e-12,3.4507946e-13,2.370662e-14,1.0,5.5053422e-30,0.0,2.3237257e-08,1.1429326e-13,5.0691812e-17,5.484487e-22,5.482592e-19,7.6103035e-37,2.9524718e-09,1.0637425e-13
864,291,453,8,3.5198854e-19,0.0012126137,1.9019628e-09,2.4005803e-13,2.6500374e-25,1.778032e-39,0.22258267,4.2254828e-11,0.7753533,1.3028253e-05,1.12011894e-13,2.026093e-20,0.0,0.00083924184,3.6121364e-12,1.3095216e-13,4.6588886e-14,2.526718e-16,5.163828e-37,2.4678745e-10,8.7899885e-17
865,453,765,17,1.124e-42,7.055234e-15,1.9567092e-16,7.8519625e-24,4.6e-44,0.0,7.5387206e-14,8.6900683e-17,2.198777e-14,6.074803e-15,3.366448e-14,4.4826463e-30,0.0,2.8722718e-15,2.337573e-23,6.741528e-16,7.868773e-27,1.0,1.5317287e-27,2.096437e-09,1.3327009e-32
866,765,766,19,1.5796385e-36,0.0022173666,2.9553052e-17,5.8899274e-21,1.9833952e-31,1e-44,4.6734766e-10,2.5225008e-08,1.1534679e-07,8.043965e-09,6.721486e-12,1.563527e-32,0.0,1.184705e-09,1.0240247e-19,7.617306e-14,7.787406e-18,6.857668e-11,7.9492796e-24,0.99778235,9.0237376e-32
867,766,767,1,1.7e-43,0.9992526,1.544002e-11,9.302497e-13,1.321186e-38,7.5658e-40,1.0304776e-06,1.3813427e-06,0.0007405182,8.448063e-09,7.6980935e-17,6.5760455e-24,0.0,4.545254e-08,7.754142e-19,1.5778534e-09,6.526923e-13,1.5186032e-27,2.9528897e-27,5.076738e-06,1.3885108e-30
868,767,195,6,0.0,2.6359399e-12,1.6845846e-07,2.9213347e-15,1.8320026e-26,1.0028227e-38,0.999897,5.6971185e-06,9.648783e-05,5.4564804e-15,1.3238975e-12,1.9763255e-24,0.0,5.762048e-08,2.0484736e-14,4.9166538e-08,9.792668e-10,5.668302e-38,8.375086e-26,1.188596e-20,1.7070285e-33
869,72,768,15,6.641364e-39,5.2957798e-11,0.00021836547,2.9328653e-10,1.8022755e-23,0.0,1.8063011e-09,1.4330481e-12,5.7355256e-11,7.0254067e-12,1.4841515e-09,1.8533512e-25,0.0,1.3862353e-07,3.722296e-11,0.9997826,2.8637506e-14,2.050028e-15,4.220439e-27,1.3049062e-10,4.9307997e-22
870,768,769,15,3.2772025e-35,4.587394e-14,8.289102e-13,7.204675e-10,8.122779e-24,6.521773e-35,1.7874698e-11,8.5251674e-11,6.3409514e-11,1.2168579e-11,4.1876272e-12,1.9706868e-24,0.0,6.119986e-11,8.096429e-15,1.0,1.547745e-13,2.546738e-17,3.9510023e-24,2.6097022e-15,1.0554592e-19
871,769,770,15,6.338711e-31,6.6886184e-12,9.8510373e-11,5.384004e-10,6.7251064e-26,5.109471e-30,7.682061e-06,8.369296e-06,6.568337e-05,9.9834446e-11,8.229653e-12,7.427553e-21,0.0,9.122137e-09,8.5034134e-17,0.99991995,1.6489535e-08,8.8276714e-29,4.216971e-23,3.065272e-15,1.2363916e-21
872,770,291,13,1.8456508e-21,3.3868293e-08,4.9669418e-11,1.1264089e-21,4.272897e-25,0.0,0.0032265452,3.5476726e-09,1.1784648e-05,5.506533e-10,1.6741415e-08,7.826889e-35,0.0,0.9967551,1.2491179e-10,1.827395e-12,2.9750716e-13,2.2989433e-25,4.7577095e-27,6.8031513e-06,2.1702544e-24
873,291,84,13,6.193725e-36,9.707025e-08,1.2599009e-08,2.476137e-16,4e-45,0.0,1.7930043e-08,2.3548006e-09,1.769177e-08,2.5835605e-09,1.1271341e-08,2.9083014e-31,0.0,1.0,3.2252592e-14,1.13598455e-13,1.554844e-16,1.2084345e-33,3.609524e-32,1.2076659e-09,5.6775877e-30
874,96,303,13,2.0720058e-27,4.734073e-09,2.205111e-10,8.821901e-17,1.0393178e-34,0.0,0.00018289158,5.1089074e-07,0.048490554,6.377509e-11,3.5344007e-13,1.1072725e-27,0.0,0.9513245,2.2266102e-14,3.010451e-13,2.0194828e-10,1.5762982e-28,1.2803102e-27,5.926127e-12,1.6200742e-29
875,412,279,8,8.59802e-36,3.2194484e-12,1.2141117e-13,7.340481e-15,4.3659234e-18,1.2902363e-38,1.939089e-11,5.0843463e-09,1.0,1.9387418e-18,7.274243e-17,1.4294935e-20,0.0,1.4001202e-10,2.9587622e-21,6.2944738e-15,4.246224e-14,1.4603696e-36,4.559579e-24,3.3986464e-15,1.8035434e-28
876,771,48,0,0.99997705,6.7935775e-07,7.336334e-16,5.9707334e-21,0.0,3.1021876e-36,1.8942696e-05,2.0057686e-12,1.0907105e-09,1.4576951e-10,1.7871454e-08,3.029202e-30,0.0,3.3635285e-06,6.303006e-07,1.4856999e-14,6.287134e-14,8.329357e-28,1.1166368e-37,3.2424519e-09,2.9317853e-14
877,249,756,17,8.656988e-38,1.29741595e-14,9.530462e-16,1.949415e-24,0.0,1.988e-42,6.754579e-12,2.1047357e-12,2.1171677e-13,2.873431e-13,2.2080118e-09,3.1844179e-27,0.0,3.0446172e-14,9.97995e-17,7.975072e-15,1.5844e-21,1.0,5.3854124e-28,5.2822198e-08,1.6407743e-27
878,771,772,19,3.837454e-25,4.2872557e-07,2.5990024e-15,1.4379116e-26,2.59e-42,2.748e-42,7.706553e-10,2.0803912e-14,2.658327e-12,9.063399e-12,7.1298456e-17,1.1784369e-29,0.0,3.3583644e-12,1.5239336e-23,3.9591466e-18,8.190399e-22,9.147805e-12,7.196295e-26,1.0,1.172059e-26
879,772,773,19,2.3165533e-37,0.0011399884,1.552809e-11,8.521292e-20,7.2914204e-22,3.262e-41,3.634683e-11,1.5219169e-09,1.2374891e-09,2.2096697e-07,1.5262422e-17,3.3772898e-26,0.0,2.0469868e-09,8.420778e-24,1.3340603e-15,3.8970983e-17,1.3047056e-12,6.340678e-06,0.9988524,3.4843068e-28
880,773,159,18,2.4240206e-26,2.3437983e-14,3.2628636e-16,1.6015252e-12,9.004962e-17,4e-45,2.609267e-13,5.492027e-06,2.794125e-08,3.9228842e-11,4.4433148e-17,1.1190845e-22,0.0,3.8651016e-11,8.508825e-26,2.6213196e-12,4.279787e-15,3.9672266e-37,0.9999962,1.1426573e-18,7.567353e-27
881,159,774,18,6.09154e-28,6.995448e-14,5.003948e-12,1.602611e-07,2.3403763e-14,5.3e-44,9.380241e-15,1.4495729e-08,8.2236315e-11,1.4071029e-09,3.8584773e-16,8.9265584e-20,0.0,8.262871e-12,8.666349e-21,1.4403356e-07,4.6774865e-11,3.0717858e-34,1.0,2.0755684e-17,3.3417e-27
882,774,775,3,3.3572e-41,5.2742455e-12,5.6020797e-13,0.9999962,9.021771e-18,2.342691e-28,8.209545e-14,3.820673e-09,7.3595736e-08,1.9027655e-12,1.231306e-17,8.1641204e-18,0.0,2.1885619e-16,2.387131e-19,1.8480812e-06,2.0285272e-07,8.693342e-34,8.210569e-09,1.8276155e-15,5.399339e-28
883,775,171,7,6.5969505e-31,3.4446682e-08,1.5269468e-17,0.0002476001,2.1350113e-16,7.8166525e-28,3.6139653e-07,0.98391455,0.000990492,1.0165804e-09,4.2045847e-09,4.83791e-26,0.0,1.9873132e-06,5.5776006e-13,0.0002154776,0.014465282,1e-45,0.00016457269,2.1271046e-13,2.647436e-21
884,171,776,10,5.3884565e-27,1.4381489e-09,5.577907e-10,1.1833498e-17,2.8195566e-29,9.561473e-34,1.5417412e-12,1.6133306e-10,1.4497388e-08,3.8116106e-13,0.9999886,7.786091e-20,0.0,1.11317595e-05,1.0089093e-21,1.191538e-12,3.166864e-20,2.3532236e-36,3.8059456e-20,1.8460836e-10,9.370539e-17
885,776,183,13,1.8286779e-20,0.00045097023,1.27128486e-08,2.5565017e-09,0.0,4.467e-42,1.5837957e-06,4.055178e-06,5.4193144e-05,2.1530799e-07,0.084169865,8.7404166e-29,0.0,0.9153092,3.3211267e-11,1.0650035e-05,1.3123778e-12,1.4494531e-28,1.754185e-22,5.3085508e-08,2.6122062e-12
886,533,777,8,2.0045786e-24,1.0168108e-06,4.705902e-06,9.5584485e-11,8.0082806e-05,7.8e-44,1.3047644e-06,0.00055759883,0.9899306,0.009263238,1.4953868e-09,3.2348438e-15,0.0,0.00016058629,4.1278352e-19,2.2309266e-09,1.7558445e-08,1.8400936e-32,1.395961e-09,7.623459e-09,3.1955937e-24
887,777,378,2,7.358e-42,5.7415133e-07,0.9999427,1.0634952e-09,5.5528255e-13,1.4953e-41,1.7366623e-05,4.486148e-10,3.8382106e-05,1.2580711e-08,1.0795002e-11,7.150187e-11,0.0,2.3080755e-08,2.1450841e-17,6.5290777e-09,5.5091014e-08,1.3991525e-34,2.9994481e-12,7.2455174e-11,1.1004071e-30
888,487,778,19,1.5084483e-26,1.050301e-06,2.6504632e-09,6.86485e-23,5.3874218e-37,8.452695e-26,1.19027115e-11,1.746581e-13,4.7850137e-11,1.6241347e-05,4.4222945e-10,3.1940486e-15,0.0,7.032446e-08,5.137272e-19,1.3893412e-17,4.4805393e-17,2.339833e-13,5.5713927e-35,0.9999809,2.8137996e-20
889,778,389,19,5.7518634e-21,1.2242975e-05,2.10333e-09,1.7488874e-21,4.581358e-15,1.979668e-39,5.561844e-10,3.6764344e-10,3.1560336e-05,2.1374657e-07,4.861556e-10,6.3037686e-24,0.0,0.0001905686,1.0282779e-15,9.377089e-16,2.0244219e-15,2.1037448e-19,3.1966805e-23,0.9997635,2.6700702e-16
890,159,792,18,2.8388385e-32,2.6507703e-14,6.78285e-09,1.329866e-11,4.4057348e-21,1.08532e-40,2.1201197e-15,1.7145136e-11,2.1922604e-11,1.7685795e-12,4.2654255e-16,1.3012766e-11,0.0,2.6296025e-12,4.0618913e-24,1.5203132e-12,1.9155897e-13,8.7435244e-35,1.0,1.3592614e-16,6.1085574e-26
891,279,779,8,6.120486e-23,3.9950166e-08,1.3043239e-10,2.0937394e-17,1.2479512e-17,1.248466e-39,3.0803537e-10,1.3437187e-07,0.9990811,1.0204325e-13,1.3726556e-12,2.4875374e-22,0.0,0.0009189744,5.4346305e-14,6.8972734e-14,1.2138438e-12,3.6806558e-34,4.0198578e-23,1.4923957e-08,5.802545e-23
892,779,780,4,1.010247e-26,6.635898e-08,1.3343615e-06,0.06758699,0.9150439,6.7965396e-35,1.7077006e-09,0.017365457,5.627006e-07,8.831846e-07,3.022489e-12,1.8041028e-18,0.0,7.130395e-08,3.9460327e-16,1.1719452e-07,4.3424166e-12,3.2585134e-29,1.6249577e-14,4.0088196e-14,1.3207245e-20
893,780,487,7,4.7260132e-14,7.851248e-08,2.4723572e-12,2.370543e-19,3.8098505e-21,7.82e-43,1.3098112e-06,0.9980678,0.0014426423,3.923807e-06,4.427665e-09,8.278304e-26,0.0,0.0004859179,8.217316e-14,1.5150505e-12,3.3930668e-13,3.0622127e-28,8.90434e-15,1.0029447e-09,9.9732054e-26
894,171,533,18,1.7061301e-33,1.5240376e-09,7.681168e-17,6.6613924e-14,1.8970527e-21,3.59e-42,3.4041474e-08,1.1937938e-06,1.6960055e-05,2.872142e-14,4.5912655e-13,9.446229e-25,0.0,2.2731135e-10,1.4265507e-14,4.2588601e-07,1.856163e-07,2.5308503e-36,0.9999809,2.396821e-12,1.6357339e-16
895,183,781,15,8.957138e-39,1.6787486e-05,4.019645e-07,0.004383145,2.2855048e-24,2.7e-44,1.9522215e-08,4.474637e-06,8.9501064e-08,3.927579e-07,5.382035e-09,6.1554713e-29,0.0,3.424454e-07,3.622358e-14,0.9949886,0.0006061296,8.9665086e-23,1.1693066e-06,1.7136914e-09,9.141812e-18
896,781,782,3,5.214e-42,1.0971603e-12,2.491288e-15,1.0,1.3201774e-17,3.5248915e-30,6.2004815e-15,1.4142101e-11,2.6309323e-08,3.6520063e-15,5.840204e-17,2.3987887e-26,3.469969e-20,1.169114e-15,4.286284e-25,2.1899046e-10,1.2309159e-10,1.5737099e-34,6.981017e-24,2.9718415e-19,5.371092e-28
897,782,783,12,0.0,4.8028274e-18,4.6712222e-21,1.3558579e-10,6.369097e-26,4.855077e-37,1.455454e-20,1.08918684e-20,9.205361e-18,5.996635e-23,1.6648987e-25,6.136623e-36,1.0,1.5834507e-22,1.0992e-28,1.8415838e-23,6.287112e-21,2.885e-42,2.519533e-35,1.4703944e-26,2.1930939e-36
898,783,378,12,0.0,1.4444595e-18,4.757389e-17,6.149182e-14,2.0828908e-23,4.61051e-40,1.0561716e-20,3.32155e-23,2.3424362e-17,3.2063621e-25,1.0548885e-25,1.97299e-30,1.0,4.7109082e-23,1.9678448e-34,5.151492e-22,2.0483579e-20,1e-45,1.3198011e-30,1.9315374e-25,1.37e-43
899,378,784,12,0.0,1.0951794e-10,5.0952416e-08,9.225164e-08,1.9088663e-18,9.47872e-40,1.2900956e-12,4.9702057e-17,3.9198757e-12,4.890857e-16,2.4183122e-19,6.3766435e-23,1.0,4.458683e-16,2.4068008e-25,5.89775e-14,6.342642e-12,4.9477175e-38,1.5820438e-22,6.6436144e-18,3.4228455e-38
900,784,785,12,0.0,1.2519526e-23,9.155329e-23,1.1614499e-16,2.999755e-21,0.0,4.299216e-27,1.1470504e-26,6.7237316e-23,1.1185427e-29,7.002676e-31,1.7564405e-38,1.0,2.7950546e-29,2.69014e-40,8.905653e-25,1.2509346e-25,0.0,1.1635202e-32,4.324015e-29,0.0
901,785,389,8,1.6072688e-31,5.404169e-10,3.001607e-15,6.5095885e-14,9.720248e-09,2.2775e-41,1.2176008e-11,2.0908766e-07,1.0,4.5318985e-11,4.187347e-16,9.521142e-27,0.0,9.0349e-09,4.3433412e-21,2.1108541e-16,3.7910833e-10,3.9097663e-34,4.7936716e-27,5.7233984e-10,5.7125778e-33
902,533,487,8,2.5737837e-38,2.4108404e-13,4.3650345e-13,2.9411343e-17,1.694513e-11,2.18079e-35,3.005533e-10,1.2642924e-07,1.0,6.182899e-18,1.8505885e-18,2.3788668e-20,0.0,7.359245e-13,2.8547654e-20,1.6035225e-14,1.5536591e-15,8.404321e-30,1.6213325e-25,3.9602658e-17,2.9549549e-25
903,389,786,19,4.6700215e-24,2.8907532e-05,4.7105413e-11,4.973259e-17,1.7351892e-16,0.0,4.6603756e-09,2.0788076e-11,3.4927295e-06,1.3344735e-06,1.4050761e-08,5.3633597e-33,0.0,0.00044630838,4.834806e-13,1.8264333e-12,2.4952388e-12,2.2164522e-19,4.89254e-22,0.9995194,5.4174004e-17
904,786,787,19,2.7875042e-37,1.6876646e-08,9.007322e-12,7.227486e-20,3.352291e-23,1.866748e-39,1.3353599e-13,9.624142e-15,9.137486e-11,1.1448517e-11,4.4480563e-05,2.6080615e-29,0.0,1.8546402e-08,1.9869589e-19,4.9718493e-12,2.5628855e-18,2.053169e-20,3.2105487e-32,0.9999543,1.3660504e-23
905,787,476,1,2.7021e-41,1.0,9.775577e-17,9.106953e-14,1.6152255e-27,3.536089e-34,7.50486e-11,4.4933536e-12,6.2488516e-07,1.2507258e-08,1.436179e-19,1.2308483e-28,0.0,7.542486e-11,4.369093e-16,1.8669912e-16,8.4009004e-13,6.198689e-36,4.2011133e-28,5.793433e-08,2.9255442e-19
906,183,60,8,1e-44,6.2122874e-10,2.2754414e-15,6.9388413e-13,4.392512e-28,5.75693e-30,2.7857048e-09,3.377814e-06,0.9999962,1.2329994e-15,1.3763441e-16,3.5446517e-19,0.0,4.4963904e-11,9.0893385e-18,2.6661556e-13,2.5810195e-16,1.9932e-41,1.2105889e-26,1.9370213e-16,1.1156063e-22
907,378,335,2,0.0,5.9990434e-06,0.45762733,0.12375839,5.46223e-07,8.706571e-22,4.079398e-06,5.8239704e-07,0.41859415,5.1326894e-11,2.9764062e-09,2.8080034e-09,5.561592e-09,6.1573893e-09,9.176768e-22,9.879815e-06,1.7502938e-08,2.1063058e-27,2.5815597e-17,4.0052664e-10,1.8594609e-27
908,389,340,8,6.4359422e-34,2.0921692e-07,7.397128e-06,2.4317472e-09,7.786509e-12,2.9576998e-37,5.7102984e-08,1.3308488e-06,0.9999923,1.0968022e-09,1.0115721e-14,3.781353e-15,0.0,2.2478689e-07,2.2252358e-13,8.191718e-13,4.437455e-09,1.4352948e-22,6.0325064e-27,4.6317328e-10,5.0728576e-24
909,533,788,8,1.2392238e-15,4.1854335e-07,2.3169364e-12,6.015078e-08,3.385336e-05,0.0,0.00021532227,0.0014440353,0.99804497,0.00012653027,1.41497404e-14,2.6225873e-29,0.0,1.0013291e-06,5.0106615e-16,1.903873e-08,0.000133051,2.258849e-34,2.768151e-10,1.5727716e-14,2.7945036e-19
910,788,789,4,1.5158686e-38,5.8786066e-16,8.101182e-16,1.7562579e-10,1.0,0.0,4.481433e-15,8.254286e-16,1.0822634e-10,1.2359615e-15,2.1412105e-23,2.9107213e-31,0.0,7.9930635e-17,1.2772467e-27,8.620984e-12,1.9829131e-14,2.2016726e-33,2.2009526e-31,5.429889e-20,1.1071272e-30
911,789,790,4,0.0,7.3336166e-17,3.0886366e-18,5.9291434e-09,1.0,1.2644e-41,9.395007e-20,5.8324866e-14,9.434254e-14,1.1228044e-15,1.0963402e-20,1.1611652e-33,1.445784e-39,6.4823384e-19,3.5094154e-26,4.7878073e-11,6.8712113e-17,7.8104326e-33,6.854033e-26,1.3314514e-16,9.065239e-33
912,790,791,4,0.0,1.2602892e-17,1.0004879e-16,1.1523528e-11,1.0,5.5e-44,2.1417121e-20,2.1858273e-14,1.0432489e-14,6.1215985e-18,7.954755e-20,2.9452759e-33,4e-45,1.8230717e-19,1.9305367e-24,1.0672818e-11,1.7496098e-19,6.9651663e-38,6.466341e-17,2.5609925e-16,1.0846737e-31
913,791,792,4,5.162978e-38,5.1351637e-16,2.6957124e-12,1.0410958e-11,0.99922585,0.0,2.470442e-13,7.0542017e-10,1.6277242e-07,3.765546e-16,1.3061421e-16,1.6468811e-28,0.0,2.7887404e-13,9.283453e-22,7.321647e-11,3.604252e-18,3.5983574e-34,0.0007728834,2.0966757e-14,3.0008278e-23
914,792,412,8,8.903737e-28,8.045421e-13,3.0845197e-08,3.005745e-14,6.2418156e-17,7.8e-44,2.996401e-08,1.2441982e-06,1.0,1.6101539e-15,3.916847e-09,8.1113325e-14,0.0,3.974664e-07,1.1679527e-19,3.2922443e-09,3.69613e-13,1.43667285e-33,1.4145853e-07,7.283864e-13,3.067559e-26
915,401,267,8,0.0,2.3770985e-12,3.386226e-13,4.2822856e-15,2.5700568e-22,2.4279945e-38,2.8210605e-08,1.4095649e-07,1.0,1.08132325e-16,1.0195604e-14,3.3563253e-21,0.0,1.2929602e-09,7.226475e-25,2.950853e-11,2.6869538e-13,6.598787e-39,7.440866e-25,1.7061717e-15,2.3918605e-35
916,96,793,8,2.09011e-38,9.194157e-05,8.4413105e-06,9.275541e-11,2.6516838e-34,6.96e-43,8.572181e-06,1.4057354e-08,0.9988448,1.2167736e-12,2.8671903e-09,2.2462402e-22,0.0,0.0010470144,2.180723e-13,5.2467874e-07,1.9450555e-08,2.9542333e-25,1.2075221e-33,1.4876957e-07,3.6594276e-21
917,793,794,8,3.6e-43,1.0617769e-08,1.8997328e-13,1.1298994e-13,1.5661823e-26,1.295e-42,1.7832628e-09,1.1574325e-11,1.0,6.2415773e-17,1.8714916e-15,8.870154e-25,0.0,8.1202926e-11,6.174021e-23,3.7785693e-08,6.6932425e-11,3.3218733e-34,1.6058609e-29,4.068569e-12,9.129456e-22
918,794,267,6,2.30312e-34,4.770175e-05,0.00010299796,1.03649745e-14,1.2366466e-28,1.16e-43,0.79294735,2.4901578e-07,0.16080478,6.4538946e-10,9.26965e-15,2.8377808e-22,0.0,0.0004468944,5.2137453e-15,4.7029824e-11,0.04565077,1.3688375e-36,7.925201e-18,1.0068307e-11,1.016646e-32
919,267,795,16,2.4892406e-34,4.646833e-08,0.0010593199,1.3519025e-09,2.2753205e-22,6e-45,2.6878668e-05,7.1586226e-10,1.7371408e-11,1.0120316e-06,5.015296e-21,2.5782451e-23,0.0,1.6795193e-10,2.0026845e-15,4.4850865e-10,0.9989134,3.190763e-36,6.5012204e-23,1.9957861e-19,1.6721352e-33
920,795,796,16,2.7907574e-24,4.9875536e-14,5.684089e-15,1.05359e-09,3.9621612e-29,2.618236e-39,4.473443e-06,4.152795e-09,3.9540154e-10,1.5800503e-11,2.9074399e-21,2.8780302e-30,0.0,3.934212e-12,8.95896e-14,6.5756116e-11,0.9999962,0.0,1.7018908e-27,9.222432e-28,2.95517e-32
921,796,464,8,8.8570515e-14,1.3946856e-06,3.219296e-15,1.592542e-16,1.8091743e-34,6.227571e-39,0.0002201705,7.158117e-14,0.99967194,4.850535e-17,2.3983793e-09,1.8571816e-31,0.0,3.8988175e-05,3.9189842e-09,9.317404e-15,6.67263e-15,0.0,2.4397796e-28,2.4437034e-11,6.8292866e-05
922,499,797,10,2.1091327e-30,8.42591e-11,3.1273748e-15,3.623985e-16,6.9957566e-32,5.4297356e-38,2.6741135e-11,7.82627e-18,8.1816437e-10,5.6115804e-19,1.0,8.11591e-30,0.0,1.6788147e-10,5.208041e-15,7.1448767e-09,2.2586734e-22,2.9045103e-38,3.3502162e-33,5.185898e-07,2.6459693e-08
923,797,798,15,0.0,1.5367146e-05,8.999132e-08,0.15755263,9.710873e-16,2.518857e-30,1.9539266e-09,2.8363172e-09,6.5218933e-06,3.7717396e-10,1.8467465e-09,2.2545017e-19,0.0,5.4457622e-11,5.9687848e-18,0.8424217,3.073775e-06,5.391792e-33,2.8361938e-27,1.5080485e-07,9.6423226e-24
924,798,401,15,0.0,4.7229975e-09,4.8909328e-08,4.1512607e-08,1.1855845e-20,0.0,6.8313636e-07,3.5536072e-08,0.00037657126,2.4345587e-10,1.7456285e-13,2.268484e-28,0.0,3.3202074e-08,1.1982714e-18,0.9996224,7.9836754e-10,9.534563e-25,1.1597375e-22,8.602095e-12,7.8229586e-25
925,401,370,8,6.3295306e-38,3.378429e-08,6.444608e-06,2.1970934e-09,2.4822575e-22,0.0,4.69566e-07,4.6733135e-11,0.9996872,3.7314422e-16,1.1145918e-11,5.102346e-21,0.0,3.2437188e-06,2.921532e-17,0.0003039347,8.135733e-11,6.43618e-29,8.392457e-25,4.004566e-09,1.0799538e-25
926,499,365,8,1.97444e-40,3.2702914e-08,2.0825068e-18,6.873256e-17,5.8600924e-23,1.8108827e-31,4.645145e-10,3.215829e-11,1.0,6.835946e-16,9.3667654e-14,6.2495094e-25,0.0,6.650748e-08,1.0805694e-22,2.1601865e-16,7.424313e-16,1e-45,8.115812e-31,4.737738e-10,2.328214e-28
927,476,345,8,0.0,0.0008641037,4.6619154e-12,1.277466e-12,4.9276594e-22,3.588042e-38,1.1499361e-06,4.4438774e-08,0.9991344,1.293548e-08,2.140188e-17,6.896485e-21,0.0,5.214017e-10,8.8967946e-24,2.6384965e-11,5.1211724e-10,5.840233e-22,2.9696777e-26,2.6638431e-09,5.244607e-29
928,510,350,8,3.8324034e-27,4.139744e-10,4.216467e-18,2.2252156e-16,1.6250527e-19,0.0,2.234329e-05,3.7651487e-06,0.99997336,2.0776856e-15,9.145332e-11,1.8428754e-32,0.0,1.2120562e-07,1.9634807e-19,5.5216834e-08,2.7663958e-12,2.2033457e-32,5.54046e-16,5.753272e-12,1.0852193e-25
929,360,355,8,0.0,6.431747e-11,7.735781e-15,1.6564858e-10,1.3708698e-14,4.3125885e-34,8.827024e-08,2.8172686e-05,0.99997336,1.0461826e-13,2.2852775e-17,6.032887e-23,0.0,1.0862499e-11,2.6107e-21,8.061211e-13,2.0569572e-11,4.0499953e-38,4.30843e-33,9.967959e-18,4.2086756e-32
930,60,799,3,7e-45,2.284053e-06,0.000543613,0.9977633,4.229788e-19,3.3935514e-32,1.6364458e-08,9.413782e-10,1.9988994e-07,9.368091e-06,5.4865027e-12,6.262009e-19,0.0,5.092885e-10,1.3114701e-15,0.0016796278,1.2144958e-06,2.3811232e-16,3.6796488e-17,9.947971e-12,3.370022e-24
931,799,800,3,0.0,5.477257e-13,3.7211364e-16,1.0,7.353835e-19,5.487855e-30,1.0286468e-15,8.3195846e-11,1.917926e-09,6.55504e-14,7.168678e-18,6.1595616e-28,5.5894077e-33,3.0926838e-16,5.461876e-22,5.1969377e-11,1.4708831e-10,4.0000057e-29,5.795113e-23,1.1679711e-18,1.943154e-26
932,800,801,12,0.0,2.274673e-19,6.3343582e-24,8.018646e-12,2.1283151e-27,1.62894e-39,6.0288315e-25,5.077413e-22,5.2464722e-20,6.579056e-24,1.6137352e-27,5.171296e-38,1.0,4.748649e-25,4.5518785e-32,5.9606394e-25,4.409211e-23,1e-45,1.1972506e-36,1.7518208e-26,6.77201e-40
933,801,335,12,0.0,3.997744e-16,3.488989e-13,4.634088e-08,6.0015124e-22,1.573032e-26,2.8768841e-18,1.8526722e-18,4.5311655e-14,9.3373715e-21,2.316345e-19,2.386334e-23,1.0,5.170143e-19,1.1627811e-29,4.608402e-16,1.0344892e-17,2.4570941e-37,2.7941377e-29,1.9431507e-22,2.1022022e-36
934,335,802,3,1e-45,2.6209466e-07,0.044056095,0.95590806,8.858554e-18,1.2236005e-22,3.52879e-09,1.0887552e-12,2.1867992e-10,9.976712e-10,1.0343103e-12,8.644813e-15,3.3842258e-05,4.8038334e-11,1.04205815e-17,6.9973674e-07,1.8925125e-07,4.7040774e-26,4.754513e-21,2.0449298e-13,1.7020682e-32
935,802,803,12,0.0,2.0051265e-19,9.651253e-19,1.2941524e-12,3.3410203e-22,3.85e-43,8.793111e-24,1.4377923e-24,7.5850604e-22,5.5942324e-24,1.2130251e-26,5.5790725e-34,1.0,4.1177418e-25,3.7710745e-34,5.8836396e-21,1.76042e-21,1.491e-42,5.788017e-32,4.634048e-25,6e-45
936,803,340,4,4.342799e-34,2.863975e-10,2.9607463e-08,0.012990656,0.98613894,6.8776815e-34,7.689018e-11,0.00012934075,0.00074106635,2.1542547e-07,9.070588e-13,1.3538228e-16,1.170548e-35,1.9231358e-08,9.603799e-20,2.361017e-08,9.06283e-08,6.875027e-28,5.000456e-12,4.3407233e-14,3.0209887e-28
937,340,804,4,1.1238342e-20,2.4275015e-10,3.4329469e-12,6.92704e-07,0.99931353,1.78e-43,1.965992e-11,0.00035365342,0.00015200293,0.00017971094,1.4312788e-11,5.106622e-24,0.0,7.220039e-07,1.2746248e-17,2.3690363e-09,3.4584386e-09,4.3875197e-29,4.628339e-11,5.71079e-11,5.82424e-21
938,804,805,4,2.164e-42,1.4127714e-17,8.573492e-13,3.745263e-15,1.0,2.106e-41,1.027912e-17,8.678227e-13,2.2016805e-11,3.0284278e-15,1.8791665e-16,1.4925017e-26,0.0,8.4628776e-14,2.4266727e-21,2.9908476e-10,4.0105992e-19,1.1460857e-30,2.0133426e-12,2.7267815e-12,9.711778e-28
939,805,345,8,4.299398e-19,5.5778276e-08,3.1317178e-09,2.4272197e-13,8.153969e-19,0.0,1.2565569e-06,2.0962366e-06,0.8354676,1.6830788e-10,5.3579504e-07,1.3696965e-25,0.0,0.16452274,3.3222268e-20,1.7080925e-08,5.651839e-12,2.6591614e-25,1.6638444e-18,5.486687e-06,3.0796058e-30
940,345,806,10,1.0162635e-22,7.2082806e-09,1.1218756e-07,5.073e-14,1.2136681e-34,2.1018287e-33,4.188987e-11,1.5395021e-12,2.2752461e-11,1.3642153e-11,0.9977138,4.7833627e-22,0.0,5.8623954e-08,2.3402746e-17,8.283311e-07,1.3742612e-16,3.1733228e-19,1.7470254e-23,0.0022853112,2.3741042e-15
941,806,807,10,1.548607e-21,1.6168758e-07,1.8199342e-08,4.177624e-19,5.2668145e-24,2.3842062e-37,2.5693767e-10,1.0868883e-11,1.6160302e-08,5.7183675e-14,0.9236571,3.5578067e-26,0.0,3.6287744e-07,1.6246143e-17,8.5610986e-07,2.5816595e-16,3.2673858e-23,2.9985188e-29,0.07634312,1.1197107e-17
942,807,350,10,2.1167578e-15,3.1309346e-06,3.6552265e-07,1.5154752e-16,1.2311037e-25,0.0,6.6641604e-07,1.4426497e-08,0.0029594325,1.2479211e-12,0.936697,4.869721e-26,0.0,0.002493214,4.238801e-19,5.9081776e-06,1.0405315e-12,1.1187308e-21,1.7633017e-23,0.05784198,4.5003e-20
943,350,808,10,2.4975395e-15,7.1326933e-12,5.990883e-12,6.4502814e-16,2.177e-35,3.1616e-41,2.463725e-11,2.484089e-12,4.6050373e-12,1.5655288e-14,0.9999962,2.786878e-29,0.0,1.613967e-07,1.6670235e-15,1.9501767e-06,4.5918665e-18,2.1494857e-22,2.3293596e-21,1.3154192e-06,7.681703e-15
944,808,809,15,2.1969989e-26,2.720061e-11,4.8345244e-15,5.2139712e-05,2.1021837e-16,6.149096e-34,1.2803681e-13,1.5642873e-06,5.570233e-09,2.4171612e-10,1.3991858e-10,2.4825595e-23,0.0,9.026273e-12,2.733428e-18,0.9999466,3.6557632e-11,1.3242438e-23,1.4421241e-12,1.0700744e-11,1.1034699e-18
945,809,355,7,0.0,2.2627306e-11,2.2190552e-14,0.00046200823,2.99421e-06,8.652441e-36,1.2655373e-07,0.96618044,0.033338357,1.1675909e-13,6.844401e-16,1.8634567e-29,0.0,2.0410432e-11,3.239376e-15,1.4516612e-05,1.9095844e-06,2.32521e-39,2.9535228e-18,3.2931446e-19,1.7205587e-21
946,401,810,15,1.9788159e-38,1.4049291e-11,1.3726813e-05,3.3531285e-12,2.005245e-23,0.0,1.5312411e-08,3.4972618e-14,1.6921312e-09,7.7251607e-16,4.184693e-10,2.298619e-25,0.0,4.7230136e-10,5.362933e-17,0.99998474,9.2230415e-18,1.8696558e-17,3.1101842e-22,1.923244e-10,5.4185558e-18
947,810,811,19,6.9241206e-26,0.00014662434,3.1470828e-09,5.262667e-13,8.067073e-39,3.0984274e-28,9.3740556e-07,1.8664242e-13,2.090503e-06,1.1650187e-14,7.3432034e-06,2.6075562e-20,0.0,1.0288746e-07,8.945653e-19,0.0007738008,2.153195e-22,8.1223106e-25,1.6117231e-35,0.9990697,1.4459801e-12
948,811,812,1,1.356221e-39,0.98531926,4.2635635e-12,1.4899688e-13,2.4353913e-35,8.4896e-40,2.5004608e-12,2.7883257e-13,0.000267977,7.889353e-14,3.964708e-18,1.3378567e-23,0.0,2.313821e-10,1.10685066e-26,2.5120753e-13,3.5377755e-19,4.71e-43,2.686071e-29,0.01441444,1.0586119e-20
949,812,813,1,0.0,0.9999504,3.0423872e-11,3.2026868e-15,1.7240584e-31,8.573e-42,3.974321e-12,3.986468e-12,6.1178775e-06,9.979214e-12,4.1379452e-17,7.983711e-24,0.0,1.04232925e-08,1.6713276e-23,7.561517e-14,3.450554e-19,1.9795402e-31,1.9400759e-23,4.4605964e-05,9.632985e-24
950,813,303,13,2.390811e-28,1.0972679e-07,7.0500485e-13,9.95915e-24,6.304058e-39,0.0,5.5563536e-09,1.3621918e-12,2.836895e-06,8.664966e-12,7.965286e-14,8.2505755e-30,0.0,0.9999962,1.8880179e-17,3.373362e-19,1.5381629e-13,1.3482014e-29,8.3000455e-29,1.3995914e-10,1.0397357e-31
951,476,814,9,9.6813105e-33,3.8636685e-05,1.3097181e-18,3.187892e-13,3.9094711e-25,1.6273708e-29,2.5555158e-10,0.001073419,1.0587931e-06,0.998883,1.221723e-11,4.396318e-28,0.0,2.727851e-06,2.6629483e-17,7.279142e-13,1.0359659e-10,6.803885e-34,3.6867253e-27,5.107396e-11,1.0345694e-22
952,814,815,8,4.453861e-36,6.0635593e-05,5.4126665e-11,1.5616385e-08,2.4573822e-24,7.1889406e-26,8.232221e-06,0.3918223,0.6070955,9.406648e-08,2.489499e-10,1.4435908e-16,0.0,1.2655429e-06,2.0223213e-16,0.0010104054,3.073511e-10,3.1579423e-24,1.4603322e-19,2.1196769e-13,1.7232045e-15
953,815,510,10,2.6600561e-16,1.0707259e-07,2.2869293e-14,2.4331642e-19,2.244953e-39,4.29831e-40,5.2572877e-06,0.00014713703,5.527922e-08,0.007928921,0.9191161,4.9086978e-27,0.0,0.07280127,3.7920212e-11,2.9474218e-11,2.7263627e-14,5.7952106e-20,1.9288591e-23,2.1582524e-07,1.0869275e-15
954,510,816,10,4.398955e-19,2.1592856e-11,2.1944377e-17,7.786652e-21,2.509342e-39,1.584475e-33,2.3002931e-11,9.084389e-09,2.2772e-11,5.1281567e-08,0.9999886,8.684357e-27,0.0,9.932531e-06,2.445109e-13,1.1783398e-11,2.8691545e-20,4.5581403e-22,2.1352845e-27,2.4664462e-08,2.4167968e-14
955,816,817,15,6.933796e-18,9.231355e-09,4.5010327e-15,2.4049322e-07,8.112024e-19,1.4831875e-34,2.1355994e-07,3.6527175e-07,0.025894303,7.8124394e-08,4.5149845e-05,5.556224e-25,0.0,3.931328e-06,3.3835368e-15,0.97405165,4.2339401e-10,7.6679173e-29,1.106502e-23,5.056863e-08,4.367049e-06
956,817,360,8,1.9518964e-28,3.5204055e-06,5.6057405e-11,3.2814956e-11,3.921046e-10,4.4358e-41,0.0030136607,4.4192366e-05,0.9753829,0.008202173,1.5427307e-18,5.365036e-26,0.0,6.7988444e-06,5.4975512e-17,1.7771024e-10,0.013346951,5.568653e-27,2.6422286e-22,1.7636788e-15,2.9722732e-26
957,360,818,9,1.1528245e-24,0.00022301325,9.560245e-09,2.8684015e-11,4.32258e-14,5.5384384e-36,0.00096739223,2.0043883e-08,0.0010650046,0.99774045,9.401716e-19,3.0076397e-20,0.0,7.519518e-07,1.5163136e-16,2.3641677e-11,4.885232e-06,3.0934744e-16,3.6622882e-30,8.089111e-15,1.4414307e-20
958,818,365,9,3.9652164e-36,0.0069681876,2.5363456e-09,1.017119e-10,9.9006303e-23,1.8889425e-37,2.166506e-10,7.046237e-11,7.730262e-08,0.9930283,3.1071137e-14,4.992145e-20,0.0,3.1315435e-06,5.184976e-19,1.2507249e-17,4.2915382e-09,1.917384e-17,2.8159248e-28,3.1531407e-08,4.897995e-21
959,365,819,9,7.9126e-41,6.887603e-05,3.760295e-07,3.1314241e-06,3.9105648e-15,4.0512662e-36,2.6487323e-11,2.9983447e-08,2.2488442e-09,0.99988943,9.390634e-13,2.5728844e-20,0.0,2.6406378e-06,1.6063732e-17,5.7099345e-13,3.3941033e-05,7.352429e-20,1.0463221e-21,5.0917173e-11,9.926482e-26
960,819,820,3,0.0,5.1850893e-06,8.081938e-12,0.99782413,6.4071465e-08,1.1345956e-33,2.4692398e-10,5.172468e-05,2.1546257e-06,1.6452222e-07,4.0749733e-17,4.3294285e-29,0.0,1.9402822e-09,4.732537e-17,2.6546119e-09,0.0021154226,1.8883204e-32,1.4604353e-15,2.8985153e-13,3.4008008e-29
961,820,370,15,1.21380546e-29,2.0932504e-11,2.1929044e-11,2.6975415e-06,4.1450892e-08,0.0,8.127716e-07,0.007827136,0.066028394,2.0029332e-11,3.6293935e-09,1.9384622e-24,0.0,2.7255092e-07,3.1665318e-16,0.926141,6.134486e-08,4.7710677e-27,3.001364e-09,1.6817358e-12,9.491814e-25
962,370,821,10,6.4429268e-24,6.903401e-08,0.016724996,3.6434522e-13,1.1940345e-22,4.1639388e-35,4.2535694e-06,5.8400715e-09,5.84505e-06,5.3846966e-12,0.9694514,5.502733e-17,0.0,0.00054500625,4.4083466e-11,0.013256023,1.1262582e-14,2.470682e-17,2.0949105e-20,1.0922491e-05,1.0326188e-20
963,821,141,8,6.58833e-22,6.268641e-08,6.3628817e-18,1.7454273e-22,2.2655923e-31,1.403173e-39,0.00034093912,1.456742e-06,0.9996224,5.125897e-12,3.4745638e-06,3.0020436e-29,0.0,3.0410965e-05,1.6318536e-13,6.153767e-11,4.5765622e-12,9.038146e-30,7.439095e-28,8.018688e-09,1.3404129e-20
964,464,499,8,2.378693e-21,8.386745e-06,3.1200093e-16,4.410525e-22,3.4703012e-27,8.7189e-40,3.439238e-05,5.5965264e-13,0.99988943,7.177496e-16,1.8754103e-05,7.256263e-30,0.0,3.2469765e-05,4.2993292e-13,2.949079e-16,2.0104025e-20,1.1230922e-36,1.868906e-33,1.6058806e-05,4.2174038e-09
965,499,822,8,3.4139444e-35,1.35717375e-08,9.496059e-16,1.537115e-18,8.49806e-25,1.9376721e-38,7.936928e-06,4.209168e-12,0.9999466,4.6999013e-17,3.944655e-05,7.580135e-24,0.0,1.5256246e-10,1.3968526e-21,2.4233562e-10,2.5815668e-19,1.947831e-32,5.4500056e-32,7.038733e-06,2.1519215e-15
966,822,510,10,3.9105555e-12,7.760303e-10,1.312486e-15,8.644452e-22,6.57617e-39,3.7197792e-36,8.882599e-06,4.7165617e-05,3.6243764e-06,2.3237313e-07,0.99090165,1.9094504e-24,0.0,0.009038926,1.5717424e-11,4.4719084e-13,3.292193e-17,4.5251117e-25,7.519572e-23,1.8375207e-08,1.0616609e-13
967,464,476,9,1.8360274e-24,0.0010023932,1.2271862e-14,5.2010947e-14,1.3203911e-29,2.618606e-31,5.9884114e-06,0.23494175,0.0036798713,0.5961167,5.0016085e-09,1.1927158e-27,0.0,0.16425307,3.0232845e-12,1.0978711e-14,2.2964014e-10,4.6893486e-34,2.6420404e-27,9.2509866e-10,2.613232e-20
968,31,823,6,1.7384214e-32,1.4829114e-10,9.362763e-07,1.5953224e-14,4.21682e-40,6.4e-44,1.0,9.392031e-13,3.4325125e-13,9.763937e-12,1.0248532e-19,1.729283e-22,0.0,1.1058799e-11,3.105607e-15,7.648071e-17,1.3384257e-12,1.5083484e-21,8.9304366e-36,2.3753593e-26,1.3749318e-32
969,823,205,6,6.7431064e-28,4.9408394e-13,1.5829872e-05,5.578824e-17,2.457413e-37,2.077e-42,0.99998474,1.1011773e-12,3.1855754e-10,6.489001e-17,5.5242284e-17,1.0649414e-22,0.0,1.449758e-12,7.3374615e-14,2.0318731e-14,7.1122613e-12,1.6296303e-31,1.5579966e-31,7.619094e-25,1.9619967e-28
970,205,79,8,3.6809e-40,1.1145673e-09,1.4998896e-08,2.4106747e-13,1.0008385e-32,0.0,0.07228104,3.827506e-06,0.92770743,1.2557814e-12,1.6579004e-12,3.0999638e-21,0.0,7.0799615e-06,4.655011e-16,1.34435e-06,6.11363e-14,2.0830626e-26,1.7611238e-23,3.841489e-14,8.301967e-24
971,528,229,6,1.8071915e-30,3.3441133e-10,1.7163033e-07,6.4398665e-13,4.7279654e-27,6e-45,0.96513426,3.067896e-05,0.03458042,1.256483e-09,2.7432898e-10,6.2041325e-20,0.0,7.752186e-05,3.11613e-17,0.00017825325,3.855123e-16,8.969794e-23,1.2608073e-19,8.5583904e-14,3.3053348e-22
972,229,124,2,2.1798374e-24,5.246544e-08,0.9731974,2.4806169e-17,1.1404e-41,0.0,0.02679507,3.3116683e-16,5.2190093e-11,1.5181963e-14,1.1822139e-15,2.0089745e-22,0.0,8.522426e-06,3.3734798e-10,9.311733e-12,4.5054424e-17,5.3567348e-18,4.6882204e-27,8.449205e-13,1.813045e-17
973,124,824,6,1.0850984e-19,2.7806637e-08,4.9254957e-08,3.4936236e-13,0.0,2.0013557e-30,0.9999886,9.432976e-18,5.95076e-09,3.139497e-14,2.8449682e-14,1.8693299e-22,0.0,3.7680509e-06,8.77456e-06,2.0098829e-11,9.891933e-11,2.7049865e-25,3.0554582e-27,3.1307113e-11,1.3810789e-14
974,824,825,6,2.5063853e-09,4.5846348e-12,5.328016e-12,1.6499997e-21,3.245695e-39,1.7591513e-36,0.9999923,6.202714e-12,7.7793775e-06,9.568749e-16,4.6722973e-11,9.4671626e-23,0.0,1.6664843e-06,8.695255e-14,1.5939493e-12,2.9066158e-16,3.171945e-33,9.3930244e-30,1.2207922e-17,5.2929243e-29
975,825,136,0,1.0,7.171932e-18,7.166839e-20,1.0678744e-22,0.0,4e-45,1.1958264e-10,1.3256897e-15,2.4842085e-15,1.5718678e-19,8.543541e-12,1.059777e-39,0.0,2.47665e-10,1.01689056e-13,1.7485146e-20,2.9406755e-24,2.609561e-39,2.17515e-34,5.695747e-22,1.7734319e-14
976,217,826,10,1.0146806e-19,1.3184356e-14,3.3773986e-15,9.202171e-17,2.5531972e-32,6.809834e-33,1.8367924e-15,4.9140417e-14,9.8313325e-14,6.720341e-17,1.0,4.856706e-30,0.0,2.7365445e-09,1.8930136e-19,3.652188e-11,2.1082565e-22,2.2378993e-31,2.9477995e-29,6.4663915e-13,7.111918e-13
977,826,827,6,1.7212634e-11,2.5830197e-08,4.1099444e-09,1.4302644e-10,1.8204106e-26,5.6e-42,0.9955467,1.3297832e-06,6.897613e-07,8.9000645e-14,3.3813462e-06,2.1531731e-27,0.0,4.483958e-10,6.770628e-15,0.0044467207,8.8543864e-13,1.7105238e-24,1.3748321e-17,1.3823281e-14,5.9549035e-13
978,827,229,6,7.9442304e-28,2.0146862e-13,1.9741395e-10,5.913991e-15,2.3414039e-36,4.3023773e-37,1.0,8.0891864e-12,1.786014e-08,2.1249248e-19,2.601095e-15,8.1351483e-25,0.0,2.0670897e-10,1.1124298e-11,2.365397e-09,1.7015428e-09,1.2447335e-38,3.3359766e-22,2.2545918e-23,1.8864532e-27
979,528,828,15,3.70316e-40,1.4632704e-12,1.5869736e-10,2.5272247e-12,6.848409e-20,5.5e-44,8.132856e-09,2.5214924e-14,2.7750457e-09,3.3764308e-16,1.777372e-12,9.973635e-24,0.0,2.0583542e-11,2.2993935e-15,1.0,4.691263e-19,1.0533154e-19,4.7262285e-22,1.09817416e-11,5.5434613e-24
980,828,829,15,2.2858e-41,3.7435325e-16,5.1446947e-15,1.5315316e-10,2.8806244e-21,2.528697e-37,2.8471084e-13,2.9207625e-10,2.170038e-10,1.4043261e-15,5.9116937e-14,1.0354055e-24,0.0,2.1860597e-15,3.019303e-23,1.0,6.230635e-17,6.207805e-19,4.089781e-18,4.06884e-16,2.2885683e-23
981,829,830,15,2.7334942e-23,1.7113255e-10,1.5179264e-11,1.8008914e-11,1.6664445e-23,3.2263765e-38,3.4537304e-10,0.0005356998,5.9120102e-06,4.4850502e-11,4.350173e-06,7.771171e-26,0.0,0.0007514827,2.9495163e-17,0.99870384,2.5190822e-12,1.2862191e-19,1.8210954e-14,1.1792499e-08,1.8258958e-21
982,830,313,13,1.4150403e-27,8.913708e-10,1.3939481e-11,2.143899e-16,1.1966853e-27,0.0,7.2724604e-11,1.97284e-07,5.9263594e-10,1.143575e-07,1.6838054e-09,1.3421404e-30,0.0,1.0,5.7645876e-19,1.3702216e-14,1.5072936e-09,1.0244297e-29,2.6680624e-25,5.6935838e-11,3.9507048e-37
983,217,830,10,6.484052e-17,3.069584e-11,3.074274e-17,1.5174091e-21,6.411e-42,3.327276e-34,1.1486311e-11,1.984506e-10,2.2023917e-06,2.6704776e-16,0.9998588,1.379071e-32,0.0,0.00013747993,4.613795e-19,7.135244e-14,2.7583878e-19,8.878775e-35,5.2814935e-27,2.2763415e-10,1.1676565e-15
984,91,831,10,7.4145096e-34,6.9485077e-06,0.082449354,9.947847e-14,1.2270857e-25,1.976e-42,2.6866238e-07,2.0638386e-07,6.3953135e-05,1.8467727e-11,0.85129595,7.234575e-20,0.0,0.0061825686,1.5548424e-18,0.059909374,2.313784e-19,1.7839925e-22,1.0403928e-19,9.293596e-05,8.743995e-19
985,831,832,10,2.8421478e-29,2.675366e-13,2.2934652e-13,2.0258333e-17,1.256636e-32,3.307638e-25,3.3467372e-13,7.448697e-12,1.072375e-11,2.0560429e-15,1.0,1.3272485e-22,0.0,3.0108362e-09,1.0231315e-17,2.6149232e-08,2.4380568e-22,1.6147166e-24,5.7710136e-26,8.1299634e-11,9.008803e-11
986,832,289,7,1.0312505e-17,1.2731746e-05,4.70755e-15,3.2978346e-11,1.6663513e-28,6.619287e-38,4.3684942e-08,0.7082006,5.3405704e-05,0.15529472,1.9134137e-05,5.040579e-27,0.0,0.13642067,2.8911104e-17,1.7628196e-13,9.333543e-10,1.1200519e-33,4.7305483e-26,2.2817927e-10,8.979332e-26
987,459,833,17,6.28397e-36,6.7493207e-17,3.0304738e-11,7.280692e-22,3.87e-43,0.0,1.12728396e-13,1.8698463e-19,2.9583365e-19,2.836211e-15,1.2921072e-13,6.167357e-24,0.0,2.051812e-15,3.591726e-23,5.358555e-14,5.2082404e-22,1.0,1.2851401e-34,2.9707354e-12,4.2749343e-33
988,833,834,17,2.9866e-41,1.2547548e-15,4.284587e-16,3.0870019e-24,0.0,0.0,1.3538377e-13,8.828929e-19,1.5632349e-17,4.9501677e-17,1.8740775e-15,6.8133305e-29,0.0,1.8509204e-18,4.013468e-23,3.3268896e-15,2.5254455e-24,1.0,4.1300895e-33,6.4411636e-11,3.4309044e-27
989,834,835,17,0.0,2.3828487e-13,4.2879983e-19,6.738173e-27,3.48e-43,0.0,6.384823e-15,4.404637e-16,5.588259e-17,1.6701743e-15,6.160912e-17,3.0463595e-33,0.0,1.2226745e-18,1.3727631e-23,4.465334e-18,5.938191e-26,1.0,1.427966e-22,1.2380115e-08,3.9958138e-28
990,835,836,17,0.0,7.705863e-06,9.0881843e-13,3.5432455e-19,6.1493894e-30,1.31714155e-36,1.962621e-10,3.041833e-09,6.927869e-12,6.3637636e-08,2.3771636e-18,2.6283542e-23,0.0,5.6199925e-14,1.3596424e-20,2.2192475e-16,1.2446178e-18,0.9999923,1.1953377e-15,7.770116e-08,6.0460757e-27
991,836,837,1,0.0,0.9999809,8.389792e-12,9.1924055e-12,1.5855424e-29,6.930408e-34,5.312415e-10,2.7776986e-13,3.0426731e-06,8.835125e-12,8.815097e-19,1.8210602e-22,0.0,7.9194496e-13,4.5011644e-25,1.6660078e-13,6.044671e-19,2.526881e-32,9.7195404e-32,1.4750674e-05,4.4775013e-23
992,837,421,13,5.685643e-25,0.00015463123,1.4345139e-12,4.7042155e-13,7.19329e-22,0.0,0.00021825887,0.00013017033,0.002076502,7.444207e-05,6.491528e-09,5.967954e-29,0.0,0.9973446,2.2433634e-14,4.6397833e-08,5.1474706e-12,2.1098007e-15,1.664804e-17,1.6199795e-09,2.4644981e-24
993,43,838,20,8.266395e-10,7.761427e-14,9.346504e-19,4.0864225e-21,0.0,1.8758261e-34,2.9714126e-14,4.0084008e-17,3.5177668e-14,3.3807657e-21,3.0536207e-06,1.4249239e-30,0.0,6.9183705e-13,8.4669343e-13,4.9233778e-21,3.3394164e-21,0.0,6.188244e-29,3.4413445e-16,0.9999962
994,838,839,20,3.9331537e-12,2.8120367e-11,2.971731e-17,1.2776686e-15,6.6e-44,1.92e-43,1.285694e-08,3.185236e-17,1.3754219e-10,5.696627e-18,1.0003091e-15,1.8585686e-33,0.0,1.041343e-13,1.7497461e-12,4.806681e-16,1.2926604e-15,0.0,1.1555507e-30,5.8677487e-21,1.0
995,839,31,6,3.2095241e-37,1.832555e-11,2.0567237e-09,5.1871403e-16,1.1759931e-38,3.1856338e-34,1.0,2.4713926e-14,5.2376203e-10,3.408862e-17,3.9560776e-20,2.5859219e-20,0.0,4.339202e-13,2.6758326e-15,7.0042796e-16,5.6066307e-14,9.781043e-28,1.7854736e-33,2.0642292e-25,1.5852487e-33
996,244,840,20,1.1231083e-23,4.360489e-14,3.4700273e-17,9.192904e-18,0.0,6.3481494e-38,1.046521e-07,5.8441546e-15,1.6050857e-11,1.521143e-19,4.450719e-06,1.4529192e-27,0.0,3.0096487e-12,1.2730319e-08,1.8011164e-13,3.8008505e-21,3.0117292e-26,4.009449e-28,5.5659047e-15,0.9999962
997,840,841,20,8.575807e-22,3.1205986e-12,3.267257e-18,7.9797314e-14,9.442962e-30,0.0,8.541712e-09,4.3850286e-13,8.706267e-08,1.2540096e-13,2.4764386e-09,8.335038e-30,0.0,3.9777202e-11,8.3470107e-13,2.0031492e-09,1.3216256e-14,1.7975246e-30,1.838113e-27,1.4680142e-16,1.0
998,841,823,6,1.6539826e-36,2.7356985e-13,6.652453e-14,3.8229317e-17,1.9941854e-29,1.6738457e-33,0.9999695,8.28621e-09,3.0308012e-05,4.9391926e-16,7.852256e-18,1.3345879e-25,0.0,2.3946928e-11,3.9672793e-11,1.06123565e-13,2.0334392e-07,1.2480006e-37,5.9154046e-25,8.842244e-26,4.8180354e-27
999,244,842,10,6.223705e-15,6.338106e-16,1.6816545e-17,7.0357765e-22,0.0,3.920635e-36,5.046175e-13,1.0967425e-11,3.2127497e-12,3.5273644e-16,1.0,1.4502936e-28,0.0,1.562575e-07,7.85746e-13,2.25546e-16,2.5175995e-22,1.6174134e-21,8.310122e-36,2.4279737e-10,1.1742783e-12
1000,301,459,6,6.546558e-10,2.9819194e-08,1.3036965e-11,8.2810494e-19,3.9418902e-26,3e-45,0.94884545,1.2917728e-08,0.048376925,1.9818386e-07,1.5313388e-10,6.264e-24,0.0,0.0027789208,2.7910406e-12,7.208647e-14,2.411806e-13,1.3062983e-21,7.9323553e-29,2.7242655e-12,5.922832e-18
1001,459,842,17,2.6613424e-33,3.906509e-15,1.11553704e-13,4.3756657e-23,0.0,2.7e-44,6.1241277e-12,5.4169515e-15,8.3482e-14,6.3291454e-15,3.0422466e-08,1.549448e-26,0.0,3.5145513e-12,2.9827742e-22,4.3094374e-12,4.6188743e-23,1.0,6.571954e-25,5.829116e-07,8.534754e-29
1002,842,843,19,1.2296362e-30,0.000104983344,4.5075398e-17,1.4691518e-23,1.2631312e-36,0.0,2.6513027e-09,3.074251e-09,5.3054103e-09,3.8734852e-11,5.941953e-11,4.6001924e-34,0.0,8.1684526e-10,2.7492906e-19,1.0337571e-14,6.654746e-19,1.5221551e-09,6.583694e-26,0.9998931,1.0164687e-30
1003,843,844,1,3.496657e-39,0.9992755,2.8139965e-10,3.3310708e-13,3.8949e-41,2.80738e-40,3.8754777e-05,1.8054014e-06,0.0006838335,3.1016167e-08,8.5067825e-18,1.22537015e-23,0.0,1.6942772e-07,7.85837e-18,8.048349e-10,2.4233168e-12,6.7622723e-28,8.8511834e-27,5.7896364e-07,6.3820714e-30
1004,844,205,6,1.36e-43,3.4138803e-12,7.3562256e-10,2.0250398e-15,2.8173295e-30,1.096e-42,0.9999962,3.5821206e-08,2.4765652e-06,7.064733e-17,5.195089e-13,2.7391668e-27,0.0,9.951322e-10,1.4752182e-14,6.6469403e-09,1.1712954e-10,2.68e-42,3.2176116e-24,3.963432e-21,2.5664298e-31
1005,79,845,15,2.7e-44,4.912859e-11,0.00012160919,2.5675625e-11,4.8483067e-28,0.0,1.7488848e-09,2.288273e-14,2.5956588e-11,1.06667376e-14,2.6671337e-12,5.8496334e-25,0.0,5.449651e-10,5.321473e-13,0.9998779,6.232421e-16,2.5821264e-13,1.4768541e-25,4.4886955e-11,1.6927453e-23
1006,845,846,15,2.87e-43,2.4851054e-14,1.2491344e-14,1.7205913e-10,1.60518e-23,1.4972158e-36,6.337668e-13,9.337356e-13,1.9381979e-11,2.462057e-15,3.461213e-15,8.672416e-25,0.0,3.2258067e-14,5.1966838e-17,1.0,5.5797012e-15,3.0524667e-18,9.0393465e-24,1.05372295e-16,5.0007576e-21
1007,846,847,15,1.170817e-33,5.0576215e-13,6.406254e-12,1.2604429e-10,1.1292143e-28,2.2425784e-27,4.994159e-07,2.6676303e-06,3.7518166e-05,4.083338e-13,2.3015207e-12,2.0212673e-21,0.0,2.4812987e-09,4.0302804e-17,0.999958,6.079476e-11,2.3323474e-28,1.3312753e-21,3.1985825e-16,2.0245458e-22
1008,847,301,13,6.8732173e-13,3.897938e-06,4.0072403e-09,4.0357245e-18,3.122751e-29,0.0,0.0016829179,1.6050497e-10,9.146982e-09,5.166195e-06,4.6910475e-12,7.772337e-31,0.0,0.9983077,3.2076481e-09,4.470724e-16,2.4146465e-09,8.35697e-31,1.4690779e-32,1.4272994e-10,4.822504e-27
1009,301,91,13,2.4861327e-30,8.0554834e-08,2.1772219e-07,1.0015406e-11,0.0,1.1873e-41,1.3489527e-06,0.00037179244,2.671756e-05,2.0811842e-07,6.629619e-09,2.2176633e-25,0.0,0.99959964,1.1411406e-12,3.4354833e-15,1.044345e-12,1.7985402e-37,2.1932347e-30,4.0045712e-14,5.978219e-25
1010,103,313,8,8.7945503e-32,2.6925398e-10,6.1746306e-09,1.2990718e-15,5.8965688e-33,5.2811e-40,0.00034846284,2.2014185e-05,0.99825066,7.857041e-13,5.544713e-15,2.4149646e-20,0.0,0.0013785285,2.3146902e-14,9.968626e-14,2.5169027e-11,2.23848e-31,2.5652252e-24,7.537807e-16,2.6377213e-26
1011,421,289,8,2.764e-41,1.5714006e-11,6.597433e-15,8.797895e-12,2.388104e-13,2.4702247e-36,5.591389e-11,0.0015981453,0.99840295,1.4981996e-12,3.4471615e-18,2.918438e-23,0.0,2.6937522e-10,8.285587e-22,8.541528e-14,2.9019557e-13,5.7358743e-34,1.850135e-20,5.9653925e-18,2.9315982e-27
1012,848,55,0,1.0,9.237617e-11,1.5146066e-18,2.0321197e-23,0.0,1.68889e-40,2.5974655e-08,6.411259e-14,4.0666426e-13,1.07327436e-13,1.1038507e-07,1.666862e-33,0.0,1.2611078e-08,9.464378e-09,1.4741366e-16,3.81044e-17,7.286417e-29,1.1019171e-34,1.4329678e-10,3.63218e-15
1013,256,833,17,2.1054031e-30,5.4961728e-15,6.2265954e-17,3.3014144e-23,0.0,1.4218e-41,7.457923e-12,3.4213813e-13,2.2116763e-15,3.668463e-14,6.680835e-10,3.1339959e-27,0.0,3.8891518e-14,3.240856e-17,4.3130083e-15,7.161614e-21,1.0,5.011065e-30,1.4356638e-08,2.8235113e-26
1014,848,849,19,9.822079e-24,6.0136216e-08,5.87706e-16,4.6989655e-26,2.86e-43,1.442e-42,9.439476e-10,3.5178342e-14,1.5828155e-12,4.533945e-12,2.8026124e-15,1.0825915e-29,0.0,1.5642796e-12,4.177807e-23,1.39892e-16,1.8099388e-21,6.0650554e-11,2.4975637e-26,1.0,2.7570944e-26
1015,849,850,19,1.0723584e-34,6.907073e-05,1.017622e-13,3.168495e-20,6.3940312e-24,1.5e-42,2.8931699e-12,1.7686075e-11,1.7967751e-10,1.7109022e-09,4.879689e-18,1.3503704e-26,0.0,9.039682e-11,1.8637531e-24,5.816198e-15,4.1091864e-19,1.7838042e-12,4.285135e-12,0.99993134,3.0163895e-31
1016,850,169,18,1.7275067e-25,2.2929118e-15,1.3188409e-21,4.1185967e-14,6.910355e-16,1e-43,1.4024181e-18,8.508545e-08,5.9068527e-12,7.516833e-12,3.7381936e-17,8.3011854e-29,0.0,2.2487012e-14,8.259783e-27,1.1271441e-13,1.0726504e-16,8.469584e-39,1.0,1.400837e-16,7.5100675e-27
1017,169,851,18,2.1161048e-29,6.7320226e-15,1.0421058e-17,9.4093394e-08,2.7036678e-16,8.02964e-40,4.8569763e-18,3.5327247e-08,5.6576198e-12,3.7891994e-12,1.7603056e-14,4.06668e-25,0.0,2.943228e-13,7.005732e-21,2.4910105e-09,1.4902991e-12,8.863403e-37,1.0,3.9764076e-15,1.8185533e-23
1018,851,852,3,0.0,3.9706666e-13,2.4092853e-14,1.0,6.691351e-19,1.2760486e-27,2.1419873e-15,7.73645e-10,2.8644651e-11,3.7934625e-14,1.0616269e-16,2.2544542e-23,0.0,1.2876452e-15,8.327903e-19,3.3089051e-07,1.4859247e-09,3.1737257e-32,5.231699e-14,3.191708e-16,9.05336e-31
1019,852,181,18,1.8228793e-24,5.860335e-09,2.9131676e-14,2.4314553e-05,2.0433154e-21,1.08301435e-26,6.150983e-08,0.02758843,1.4476852e-05,2.9311553e-09,5.555637e-08,2.4006854e-17,0.0,5.5071897e-08,1.3156861e-12,8.719508e-05,3.394194e-05,8.4534626e-35,0.9722513,3.1794413e-12,2.1239705e-17
1020,181,853,10,7.978094e-20,2.3586598e-07,3.8019239e-06,8.6953014e-11,1.2431902e-32,2.6320412e-27,5.129211e-09,3.8973292e-13,1.9639506e-06,2.3812502e-16,0.9998436,8.22236e-15,0.0,0.00015072917,2.292206e-13,2.905853e-07,2.8376352e-18,2.5959413e-37,1.6772004e-34,9.181635e-07,1.823763e-16
1021,853,193,13,2.0264759e-16,0.00024216817,7.2015578e-06,1.2039503e-07,3.1403e-41,4.073235e-31,6.7464753e-06,1.2619685e-09,0.0004381922,6.776474e-13,0.054561213,1.3842039e-18,0.0,0.9447282,2.2003825e-08,8.95886e-06,1.0674238e-12,4.60186e-40,1.3150884e-28,5.5000355e-06,2.9951757e-17
1022,540,854,9,1.14100465e-36,9.4618645e-06,1.3390448e-10,9.937139e-09,2.3863905e-14,2.1288142e-31,9.296414e-09,4.0849395e-07,5.821438e-07,0.9999886,3.825084e-13,5.130082e-20,0.0,2.3397051e-08,6.243449e-20,4.3620745e-12,2.7961678e-11,3.7438033e-24,2.925879e-19,3.5291672e-09,1.124303e-25
1023,854,387,9,2.1848014e-37,1.9309142e-07,2.5936734e-08,7.3042264e-07,1.0594193e-06,9.81e-43,8.203293e-12,4.1861407e-05,5.378443e-09,0.9999543,1.4587991e-14,4.1083243e-19,0.0,3.9545284e-10,1.16500895e-23,3.09667e-11,5.489105e-10,1.358459e-37,1.3253031e-11,3.6532537e-11,1.3170079e-33
1024,497,855,9,9.1854505e-30,1.916605e-06,8.519296e-08,2.7650106e-14,2.8917e-41,1.2117799e-20,9.6438225e-11,6.051594e-11,1.0005893e-12,0.9235338,2.4020994e-07,1.2552552e-11,0.0,1.0111436e-07,8.427966e-19,1.7325983e-14,3.937393e-13,1.8820973e-12,3.7784475e-34,0.07646291,1.0885757e-21
1025,855,399,9,2.3467459e-33,2.4105256e-07,1.0492275e-14,2.997198e-10,1.2837566e-29,2.0147785e-35,1.0016187e-15,2.3286184e-09,4.7171365e-13,1.0,1.6526987e-10,1.2981593e-24,0.0,9.044797e-09,1.6668187e-24,5.6849456e-19,1.4050556e-14,4.8340398e-32,1.4561797e-30,6.0063394e-09,5.011379e-27
1026,169,869,18,1.2343777e-31,4.0211912e-16,7.0779436e-19,1.1878297e-13,3.539355e-19,1.9e-43,6.954243e-19,6.23993e-11,6.957312e-14,1.4381727e-14,1.2774243e-16,2.7645946e-25,0.0,1.2263385e-15,6.637891e-25,7.519098e-12,3.770207e-14,1.835681e-35,1.0,2.6251073e-16,7.6917503e-25
1027,289,856,7,1.8170735e-26,1.963924e-10,2.425307e-18,1.7731998e-05,1.0609585e-09,5.31e-43,1.8391649e-12,0.99997705,1.3673604e-06,4.9458727e-06,8.579633e-15,7.264644e-33,0.0,1.5001469e-08,1.1266281e-21,1.4178638e-08,3.64421e-09,5.86e-42,3.137616e-22,6.2498173e-18,3.765498e-26
1028,856,857,3,0.0,8.9400304e-10,1.4612972e-10,0.9617676,1.6454904e-09,9.188215e-31,4.8743856e-11,0.0027173136,3.0075119e-06,1.2681739e-10,6.6523436e-09,2.0434489e-20,0.0,2.4035257e-10,9.834457e-23,0.03551233,4.5190593e-09,1.1324867e-31,3.7856198e-18,3.071042e-15,4.5022433e-26
1029,857,497,9,1.610664e-15,1.9706878e-08,1.0431068e-12,4.475934e-14,4.581695e-28,2.818e-42,1.0580774e-08,0.010895874,5.6144143e-09,0.98909646,4.854852e-08,8.1502174e-24,0.0,7.417303e-06,4.8942914e-16,1.5577791e-13,9.5973746e-08,9.404778e-24,5.4374055e-23,2.1208793e-08,3.4148258e-30
1030,181,540,18,9.1728666e-33,9.5004265e-12,2.8189516e-16,1.6730685e-16,1.2136737e-25,5.311204e-38,2.3105308e-10,5.8048478e-08,3.925779e-08,1.23234646e-14,2.0161469e-13,1.0767948e-17,0.0,2.2435625e-12,8.596098e-18,6.84014e-10,6.5385895e-12,6.694138e-33,1.0,4.700626e-14,2.8015085e-17
1031,193,858,18,2.2010228e-21,0.00035674137,6.6438726e-09,4.7551065e-08,3.944402e-26,1.400175e-38,1.0321575e-06,0.00012232197,0.00011800759,5.7154353e-10,0.00018712306,7.6710116e-23,0.0,4.966805e-05,1.0964372e-11,0.10540847,6.4935904e-07,5.0272804e-31,0.89374804,8.575845e-06,2.5501875e-11
1032,858,859,3,2.844664e-29,7.3279134e-09,6.684585e-13,1.0,7.643603e-18,5.7129016e-34,1.06788925e-10,4.2271942e-10,6.642562e-07,2.5858973e-09,5.012213e-15,5.7924802e-24,5.5655897e-29,2.454259e-12,2.0001547e-25,3.318297e-07,1.0769882e-09,1.353322e-31,1.0795024e-22,2.7016766e-17,5.6683965e-28
1033,859,860,12,0.0,5.9391925e-17,2.2354166e-16,1.0626269e-06,9.906119e-21,1.1983315e-32,5.9645512e-18,4.0255327e-17,3.9769078e-15,4.574202e-21,9.813208e-23,1.4438622e-29,0.99999815,1.3138201e-20,5.4530637e-24,7.412332e-19,8.927113e-18,4.296272e-39,1.0941965e-28,1.239776e-24,1.1887378e-33
1034,860,387,3,0.0,4.8280674e-10,4.0219533e-11,1.0,3.4111208e-12,3.2227289e-27,4.6067188e-14,3.992912e-09,2.2779323e-09,2.3042453e-11,1.612076e-17,1.089495e-19,9.479705e-15,3.557555e-15,1.1791813e-25,9.318702e-11,2.2599984e-09,8.3717774e-38,5.715666e-13,4.359198e-19,2.7942814e-33
1035,387,861,3,3.133595e-39,3.1533713e-07,1.7161726e-07,0.9999962,6.131483e-11,7.003586e-38,1.5980902e-11,2.0737487e-09,8.4596954e-11,1.7047095e-06,1.29336935e-17,2.2722362e-19,2.1866713e-35,3.9671538e-13,1.6869196e-21,1.024319e-09,4.1770758e-07,1.1408106e-33,5.5515965e-13,3.690531e-16,1.5916304e-32
1036,861,862,12,0.0,4.881942e-18,1.2107971e-18,4.9914467e-10,8.59844e-15,4e-45,2.3839243e-22,6.957473e-21,1.9668484e-17,1.3834665e-23,8.911289e-26,1.4916028e-33,1.0,2.1487374e-24,1.6656653e-35,4.552154e-18,4.3073572e-20,2.15015e-40,1.7553108e-28,1.7665131e-23,1.1652e-41
1037,862,399,7,6.387046e-28,4.9705102e-09,1.40367e-19,3.2679486e-07,2.0361263e-13,1.022e-42,3.6387213e-10,0.99342984,0.00021195007,0.006356938,1.9775875e-14,1.0889844e-33,0.0,2.1904186e-06,2.8864884e-20,5.8429786e-13,1.14393215e-08,7.8966456e-35,7.3523823e-25,2.5404822e-15,1.2696942e-32
1038,540,497,8,2.1020992e-35,2.7081107e-13,1.0016651e-14,7.9814893e-16,2.1212191e-08,2.816639e-32,1.2007655e-10,6.2779836e-05,0.999939,4.075182e-14,6.216288e-19,5.906085e-20,0.0,1.994719e-13,3.2139256e-20,1.9016965e-14,5.7801705e-14,4.0613193e-31,3.3979255e-27,5.839396e-19,7.1693156e-23
1039,399,863,9,1.8168762e-22,3.4905667e-09,8.091291e-18,2.9859912e-10,8.7770754e-35,9.635e-41,1.148888e-14,1.2590133e-06,6.0672076e-15,0.9999962,4.14485e-09,1.6266188e-30,0.0,1.8677345e-06,2.199851e-18,1.6820763e-19,6.0320034e-11,1.8941062e-32,9.315489e-29,1.1888003e-12,1.9932901e-27
1040,863,864,19,1.9711183e-21,2.94952e-07,4.2439507e-17,4.9907344e-13,7.1401686e-30,9.88715e-39,3.0610877e-08,3.3527183e-05,2.4253191e-08,0.03364806,0.0036479768,3.5181207e-30,0.0,0.0029443211,1.1198894e-11,3.581145e-11,2.9798242e-10,5.993512e-12,2.1526063e-27,0.9597262,2.1278707e-25
1041,864,483,1,1.054e-42,0.9999923,5.0500544e-17,1.198271e-11,6.1692483e-21,5.9152615e-35,5.518296e-07,3.7414756e-09,3.8877783e-07,3.8165254e-07,6.0487763e-19,4.5529943e-30,0.0,2.1254451e-10,4.5805045e-14,2.9326932e-13,2.1870494e-10,7.7821113e-20,6.542149e-22,4.9909804e-06,3.2070232e-17
1042,193,67,8,8.017634e-35,5.6722953e-11,1.2481448e-12,4.9963702e-14,1.2651274e-29,3.8542502e-26,5.954484e-09,2.2049305e-06,0.9999962,2.2309622e-15,1.2773928e-12,7.5301085e-15,0.0,7.700507e-08,5.777136e-19,2.301397e-13,6.63069e-14,0.0,9.34176e-27,1.6530855e-15,1.3950152e-29
1043,387,333,3,0.0,4.1888368e-14,4.0709328e-10,0.9990925,7.972689e-10,8.652688e-25,4.2382825e-12,1.4211141e-06,0.00090579054,1.4884731e-15,2.0349672e-15,1.2564702e-14,7.3933684e-38,4.532907e-16,2.754615e-25,5.4289845e-10,1.5895166e-12,3.695061e-34,6.290494e-21,3.1844534e-20,2.9986045e-25
1044,399,338,7,1.22e-43,2.4606619e-12,1.2905811e-15,1.625021e-05,5.310604e-13,3.9411483e-36,1.8710302e-12,0.99981695,2.3920706e-05,0.00014248176,1.5063692e-15,8.202613e-25,0.0,1.0044418e-09,2.6477552e-24,7.753228e-11,4.3682877e-11,4.2076706e-29,9.9613355e-20,8.355882e-17,1.7755783e-32
1045,540,865,9,2.4275918e-19,1.1687671e-06,5.217907e-14,1.3023805e-09,2.0507194e-12,0.0,1.3964751e-05,5.2926454e-05,6.3565158e-06,0.99992365,3.896255e-15,9.806593e-29,0.0,8.9426955e-09,1.4893918e-17,8.493968e-12,7.897443e-09,1.2166094e-30,1.816075e-19,7.0569523e-16,3.7189397e-22
1046,865,866,4,6.7711e-41,1.5313358e-14,8.4806114e-16,5.823298e-09,1.0,0.0,3.4625074e-15,3.6030088e-14,4.3597122e-12,1.8766138e-11,9.963448e-23,1.0150239e-29,0.0,7.6922516e-17,1.6927372e-25,3.81326e-10,3.595267e-13,1.9477588e-30,5.1980007e-29,4.8261863e-19,6.849493e-31
1047,866,867,4,0.0,6.5178317e-16,1.6657887e-17,1.5509997e-08,1.0,4.303e-42,4.0349526e-19,1.0395391e-13,3.9675457e-14,3.589017e-14,2.4942295e-20,3.1444764e-33,6e-45,4.1800493e-18,3.0277211e-24,2.1181847e-10,1.3686431e-15,2.7715023e-31,6.0262337e-25,1.2959832e-15,2.7131823e-32
1048,867,868,4,0.0,1.8540032e-16,5.1459295e-16,2.3569641e-11,1.0,4.2e-44,6.6242226e-20,3.2572086e-14,1.7175221e-14,4.1731685e-17,1.4843649e-19,9.821847e-33,0.0,8.477461e-19,1.8919628e-23,3.7095386e-11,2.082928e-18,1.6876598e-36,2.1446189e-16,3.8278973e-15,5.019615e-31
1049,868,869,4,0.0,1.5759588e-16,3.0698587e-15,9.4748286e-14,1.0,3e-45,2.8896675e-16,9.0446844e-11,6.8554416e-12,1.0733931e-13,1.4842153e-22,2.6548267e-30,0.0,1.5259227e-16,7.865907e-23,2.1249799e-13,1.0188274e-18,4.0009308e-32,6.7299594e-10,2.591891e-17,1.312747e-29
1050,869,421,8,1.9873462e-26,3.1904065e-08,1.9090086e-14,2.4006795e-07,3.5547053e-08,8e-45,3.8121005e-08,0.042218614,0.94533014,6.1846827e-06,2.808455e-08,1.14851546e-29,0.0,0.0054422747,3.7610613e-19,0.0070012263,2.611843e-08,1.07838224e-23,1.0867935e-10,3.735889e-07,6.0739844e-25
1051,410,277,8,0.0,5.5337305e-13,3.7018694e-15,1.3002971e-14,4.404717e-18,1.2869185e-30,8.809965e-09,5.664658e-05,0.9999427,3.051607e-17,5.5693514e-13,2.6651801e-20,0.0,4.0761075e-10,1.7004591e-24,3.330771e-10,4.614141e-14,1.2848923e-38,3.516124e-21,3.2048954e-17,5.7280916e-26
1052,103,870,8,2.07088e-39,4.5811197e-05,2.4817073e-08,1.3926922e-13,8.3914e-40,0.0,8.28379e-06,6.235053e-11,0.9999427,7.5627165e-17,3.0293537e-14,2.5019732e-23,0.0,1.5104501e-06,1.0775931e-15,1.3030272e-08,2.5911095e-10,1.6290113e-28,1.644259e-26,5.598996e-08,7.918968e-20
1053,870,871,8,2.1e-44,4.6727322e-08,8.896301e-13,3.3248994e-14,4.494867e-25,5.2e-44,5.991507e-10,1.5068953e-11,0.9999962,1.9871095e-20,7.478327e-14,1.313461e-25,0.0,8.721578e-11,6.8184467e-23,2.519647e-06,4.0326417e-13,3.197788e-32,4.2243548e-26,1.1680655e-09,1.0694131e-19
1054,871,277,8,2.9719723e-30,0.0011255902,1.1366072e-08,9.965297e-18,3.922459e-29,7.2544e-41,0.07868693,1.1386766e-09,0.75005764,5.566969e-14,4.990966e-12,6.1179753e-27,0.0,0.17012446,4.6589824e-12,3.6688534e-11,4.315019e-06,3.936e-42,3.538678e-20,1.6306453e-07,1.7874943e-29
1055,277,872,16,6.656539e-37,1.0105122e-05,5.057623e-05,1.2742085e-07,1.542794e-20,1.497e-42,9.1768676e-08,1.1497666e-11,4.9456294e-13,2.0653993e-06,2.1062088e-20,2.8567326e-23,0.0,2.6999863e-10,3.0975985e-14,4.5706916e-08,0.99993515,2.883425e-38,8.624949e-23,8.942962e-18,3.4235841e-34
1056,872,873,16,3.7098134e-23,2.9781605e-13,2.0680711e-14,1.8809457e-08,1.5877333e-29,1.7704055e-38,9.0971895e-08,1.6815862e-07,5.3616963e-13,8.4709455e-08,6.798922e-21,9.741293e-32,0.0,4.0726394e-11,1.0481566e-12,4.104758e-09,1.0,1.574e-42,5.466179e-26,2.6480266e-25,5.4784064e-28
1057,873,471,8,1.1014492e-14,2.9149222e-08,1.4378373e-15,3.860211e-18,1.4026998e-36,2.4551342e-31,0.0004055832,2.2205574e-11,0.9995728,7.517727e-18,1.66792e-08,1.4683687e-29,0.0,1.1000224e-05,1.046865e-06,1.4499834e-14,2.0887669e-12,0.0,5.3990644e-23,4.851392e-15,7.945319e-06
1058,505,874,10,2.5420166e-28,1.6056053e-12,3.8576755e-12,3.6624495e-11,1.6796556e-23,2.6730484e-29,2.4148572e-10,5.4553416e-13,7.332367e-07,2.6293592e-14,0.9999886,1.3477228e-22,0.0,4.8630797e-09,1.1591155e-19,9.994407e-06,9.763805e-16,4.0262407e-31,2.1706127e-37,5.161974e-08,3.9721623e-15
1059,874,875,15,0.0,5.2214467e-08,4.811945e-09,0.0003230805,2.8973401e-15,9.7321327e-29,1.2343585e-09,9.456871e-09,0.00022832448,1.779217e-12,4.4958682e-07,6.9503437e-19,0.0,2.571129e-12,4.6399606e-23,0.99944705,1.1228806e-09,5.139318e-31,1.1204351e-28,8.1031004e-08,3.0718948e-24
1060,875,410,15,0.0,8.491509e-11,2.8397822e-16,7.447462e-08,3.56258e-15,0.0,6.730274e-08,6.6954516e-07,0.012272825,1.1815788e-14,3.3594514e-13,9.950403e-34,0.0,2.4871352e-10,1.4220103e-19,0.98772395,7.213458e-07,5.9304134e-38,1.1540027e-18,5.5971907e-12,1.2979768e-23
1061,410,368,8,0.0,6.340447e-10,5.9750623e-06,2.2720223e-09,5.2252955e-22,6.2816693e-21,8.979105e-08,6.4015585e-06,0.98472553,2.1276544e-15,2.5151676e-17,0.015262071,0.0,3.6124122e-12,5.1688228e-26,1.3755131e-11,7.53558e-12,7.4898837e-38,7.8378766e-22,6.901674e-20,4.2346507e-25
1062,505,363,8,4.0759356e-33,1.8744692e-09,5.566473e-17,1.0714533e-14,2.1519105e-25,1.0421885e-26,2.6705802e-08,3.1554825e-11,1.0,3.3560136e-16,2.6046678e-09,2.9860528e-22,0.0,7.7351933e-07,1.9440931e-21,9.678751e-13,2.5712356e-13,0.0,8.6840703e-32,5.878827e-10,4.2311886e-28
1063,483,343,8,1.22591e-40,0.06150252,5.1722158e-11,3.7008626e-17,5.5057686e-28,2.724891e-33,4.7462677e-06,3.4327818e-09,0.93847466,1.0581943e-08,8.974544e-17,5.9084544e-19,0.0,1.5079177e-05,2.4828496e-18,2.336857e-18,3.7206353e-11,7.257544e-28,2.9840474e-38,2.2999304e-06,1.5964966e-30
1064,517,348,8,0.0,4.0423433e-06,1.3429965e-14,4.5615387e-19,2.387111e-28,1.1084205e-37,6.401042e-07,7.115912e-08,0.9999962,6.9256493e-12,3.2954761e-15,1.2654601e-22,0.0,2.8824461e-08,1.3681765e-18,1.813788e-14,9.0547204e-13,3.3722226e-23,3.939963e-20,1.8431501e-09,2.3175943e-24
1065,358,353,7,0.0,0.0027170542,1.4364466e-05,4.0640232e-05,4.4046695e-09,9.2384156e-36,1.3586842e-11,0.9913516,0.00086560147,2.2150563e-05,3.248249e-07,1.0066822e-16,0.0,0.004985927,9.946483e-21,1.1008615e-06,3.7042394e-09,1.1333908e-37,3.1329493e-16,4.022755e-09,3.6560226e-29
1066,67,876,3,1.1804478e-37,7.834079e-07,1.3326523e-06,0.9951177,1.1400167e-14,5.144737e-29,3.2944001e-12,4.3344673e-07,0.00030066774,2.8737853e-07,3.4409235e-09,1.3312845e-15,0.0,3.1564024e-08,1.5720529e-20,0.004145416,0.00043515547,1.1406625e-33,5.2278846e-08,1.0669028e-12,3.1440534e-20
1067,876,877,3,7.38631e-40,6.57967e-13,1.1887195e-18,1.0,2.7140995e-20,1.6478364e-28,1.5190406e-16,2.719566e-09,2.9585642e-10,1.5753011e-12,1.0224064e-16,2.1851176e-30,3.2976577e-34,5.099268e-15,1.2651276e-21,2.1596398e-11,2.596345e-09,4.435835e-37,1.5266408e-21,1.7017938e-19,3.403428e-26
1068,877,878,12,0.0,1.3106327e-18,4.18617e-21,2.826821e-10,1.4489162e-29,1.00405834e-32,4.6940102e-23,9.366227e-22,2.239493e-19,1.9758968e-23,2.488776e-26,6.1301042e-33,1.0,2.384613e-24,4.9993636e-29,7.489855e-23,1.6325453e-20,1e-45,6.488174e-35,3.4240942e-26,9.274878e-39
1069,878,333,3,0.0,4.28054e-14,1.991392e-10,1.0,3.672924e-21,2.358635e-20,2.6387453e-13,7.704492e-11,2.1919617e-09,2.513289e-16,9.372117e-16,1.7074985e-17,7.6626574e-13,1.6999926e-16,6.5130396e-22,1.177846e-10,3.1950786e-11,4.114109e-35,1.1133489e-22,5.0737534e-22,7.5575985e-28
1070,333,879,3,0.0,2.3959355e-11,1.6742347e-11,1.0,3.0444242e-15,4.5922264e-14,1.7426728e-15,2.0959763e-10,3.0756586e-09,1.8913468e-11,2.7855664e-17,1.9077637e-14,4.1803585e-30,7.2340895e-17,2.619592e-26,5.364673e-09,8.8968874e-11,6.927425e-33,1.01440817e-22,6.1328786e-21,6.4060803e-35
1071,879,880,12,0.0,1.3445265e-18,3.7605715e-20,1.707817e-10,2.1137986e-13,2.03557e-40,1.4218563e-22,2.824069e-20,1.748945e-16,2.0423792e-22,1.5516617e-24,1.6608267e-32,1.0,3.055323e-24,5.3838944e-35,2.357567e-18,3.2422976e-20,3.011e-42,7.333417e-33,8.805127e-24,1.39505e-40
1072,880,338,4,2.3971276e-38,2.4821378e-12,3.1216464e-12,0.17543776,0.8239028,2.5456285e-34,3.360219e-14,7.634679e-05,1.3080093e-05,2.3815587e-09,1.4213275e-11,1.7160359e-21,0.0,8.2789266e-13,1.6448728e-27,0.00056836655,8.430407e-12,6.1214304e-27,9.7534285e-14,3.0377534e-15,5.4848053e-28
1073,338,881,7,5.597985e-33,6.941605e-10,4.7185424e-12,0.4330663,0.02012938,3.4778768e-37,5.098831e-11,0.47775054,2.6601623e-05,0.059545282,2.921611e-09,2.0488158e-23,0.0,3.2399683e-08,8.973118e-22,0.009482656,2.627441e-09,8.8331354e-20,9.0365744e-12,2.3653947e-11,8.859827e-28
1074,881,882,4,2.7360605e-38,7.34435e-14,2.664163e-13,7.3249637e-13,1.0,0.0,6.397845e-14,4.3927745e-08,1.5595601e-09,1.0551706e-09,7.406133e-14,9.3998253e-32,0.0,1.00379004e-10,1.879981e-19,2.2686297e-07,3.863104e-15,9.121157e-25,1.4004695e-07,1.1984877e-08,8.1827406e-24
1075,882,343,9,1.3554491e-18,8.468148e-05,6.63308e-18,1.5335944e-11,2.5294765e-16,0.0,5.0376425e-10,0.0060906885,9.0450565e-05,0.9934906,4.9708225e-13,2.4305144e-31,0.0,0.00024102628,5.0230908e-20,2.373552e-15,2.39248e-06,5.681625e-35,1.6275649e-27,1.1561313e-10,4.741755e-31
1076,343,883,9,4.6935924e-18,4.3997725e-06,6.605318e-14,1.6282098e-13,4.0452398e-38,7.567567e-39,4.374503e-13,5.095025e-09,3.1634962e-12,0.9999923,3.5073882e-07,1.6528203e-23,0.0,2.5302131e-06,1.07399344e-16,1.00102845e-19,2.5797645e-12,3.2542265e-30,2.9373162e-36,2.2976229e-07,3.9208576e-22
1077,883,884,19,1.4261775e-26,8.8043167e-10,2.7689163e-14,3.8506213e-18,1.0302804e-30,8.3406024e-38,1.91548e-13,1.3670702e-11,7.4493295e-10,1.3594523e-10,0.00019116854,3.565314e-29,0.0,4.3457544e-09,4.187133e-19,1.5657334e-12,6.4664745e-14,3.6897837e-24,6.2889298e-30,0.99980927,1.2463263e-21
1078,884,348,19,3.1140925e-28,0.00094371097,1.9212831e-13,4.0387586e-18,3.6354395e-29,0.0,5.856472e-08,4.6236724e-07,0.20993708,4.2822657e-09,7.77953e-05,5.263098e-32,0.0,0.0025932547,2.1007956e-17,8.560326e-12,5.996146e-11,7.5507077e-29,6.179207e-30,0.7864495,4.563026e-23
1079,348,885,13,1.3247228e-17,2.6266242e-05,6.7214705e-09,1.5761279e-08,2.8154178e-37,3.3075963e-35,2.709635e-09,0.00024519203,1.7573815e-05,0.0014264714,0.45105693,1.2025208e-18,0.0,0.5472257,1.5871294e-12,3.2317638e-13,4.9174907e-11,5.501839e-29,4.244516e-25,6.47825e-07,1.19241885e-14
1080,885,886,3,1.2982029e-33,8.267739e-09,3.5050716e-16,0.98562,1.3273538e-16,1.1824485e-30,6.875491e-08,0.00019430794,1.1308525e-05,1.2009695e-06,3.4926277e-11,2.668004e-23,0.0,2.4942517e-10,5.524688e-11,0.014173381,1.4498944e-07,9.598485e-28,2.5599948e-17,1.7220364e-13,3.217781e-18
1081,886,353,7,0.0,3.0539598e-09,2.1196528e-13,0.0050832373,9.1854704e-11,1.3890015e-33,4.7913314e-12,0.9937255,0.0011705268,3.5183592e-09,1.2231546e-11,8.938774e-24,0.0,1.3593914e-08,7.302646e-20,1.6334485e-05,2.806605e-06,2.28148e-40,1.4305649e-17,5.946592e-14,7.2288573e-22
1082,410,887,15,7.15718e-39,1.4284526e-12,1.0819526e-12,6.47445e-13,7.222944e-26,0.0,1.015453e-08,2.520745e-12,5.9372463e-09,3.6306645e-18,2.9003363e-08,3.722276e-29,0.0,1.8804396e-12,1.8356469e-19,1.0,2.9412592e-16,1.115655e-19,3.4339317e-18,9.552039e-10,5.1282505e-17
1083,887,888,19,1.5112889e-32,5.1036895e-06,1.7895517e-10,1.4213082e-15,1.8961e-41,5.832601e-28,1.2330273e-08,1.06581554e-14,8.452289e-08,1.1764761e-18,9.634717e-08,2.4328762e-19,0.0,1.6512114e-10,4.0829826e-19,1.3163334e-05,4.401023e-25,3.1041432e-27,1.6701207e-33,0.9999809,3.8470614e-14
1084,888,889,1,7.58e-43,0.991378,1.9882712e-11,3.115257e-13,1.7330091e-35,3.441973e-39,8.930137e-12,6.7430775e-14,0.00012392449,2.1994191e-14,4.9388993e-20,6.922335e-23,0.0,1.5283327e-11,1.2965044e-27,1.4013309e-13,3.2348002e-19,4.621e-42,3.3895332e-29,0.008497539,3.79287e-21
1085,889,890,1,0.0,0.9999886,5.580498e-12,1.518092e-14,6.1554713e-29,2.93e-43,4.145729e-12,1.9434655e-11,4.429496e-06,1.477705e-10,1.0667652e-18,4.137299e-24,0.0,9.270628e-10,2.8416562e-24,6.999158e-14,5.1581908e-17,3.9972604e-29,3.1755463e-22,8.615816e-06,8.577495e-25
1086,890,313,13,1.5311966e-35,0.0012795348,8.279804e-07,1.7974808e-18,6.8528845e-33,4.071e-42,1.8107201e-05,3.4584253e-09,0.05808698,1.1882179e-08,3.141881e-14,1.0019959e-17,0.0,0.9406143,3.80598e-17,5.896352e-15,9.6573693e-11,1.9074783e-23,3.4872428e-22,1.9587569e-07,7.16193e-32
1087,483,891,9,5.88781e-23,0.0034883807,2.675906e-21,2.7872883e-17,1.9147551e-22,1.3128128e-28,6.811703e-11,0.00076638325,1.2595184e-05,0.9925057,1.0438732e-08,2.284721e-31,0.0,0.00034466467,2.480119e-14,2.0963856e-16,3.2227201e-10,3.4465076e-31,3.5038945e-24,0.00288297,2.8198923e-20
1088,891,892,8,1.689977e-31,5.244443e-08,2.088892e-14,7.994295e-14,2.0754306e-20,2.5812328e-26,7.967038e-09,0.004671889,0.99528474,1.0067457e-12,5.915546e-08,9.606102e-21,0.0,8.5840275e-06,1.856954e-17,3.5718374e-05,1.1607545e-16,2.3123197e-26,6.660612e-19,5.8994183e-13,1.2962002e-16
1089,892,517,10,4.0764576e-06,2.0709964e-10,2.7734908e-16,5.4015744e-24,1e-45,9.718e-42,1.5388544e-07,2.3479792e-05,3.2808124e-08,1.5823803e-09,0.5278261,8.899848e-32,0.0,0.47214496,1.544352e-08,5.3187454e-16,1.0611757e-19,5.198852e-22,2.1740904e-17,5.5964526e-09,2.5806366e-15
1090,517,893,10,9.762224e-12,3.245974e-12,1.640652e-16,7.9921894e-22,2.22218e-40,8.755987e-32,8.79659e-11,2.5282603e-09,9.586498e-10,4.90375e-15,0.99992365,1.1283642e-31,0.0,7.352261e-05,1.0283688e-06,6.184472e-13,2.5743714e-24,2.9939723e-27,8.682128e-22,8.3246376e-10,1.4610145e-08
1091,893,894,15,1.8274302e-27,1.8758205e-10,2.2875202e-16,7.128328e-08,2.305437e-22,3.0770264e-35,1.50707e-08,1.2899115e-08,0.0034378637,3.3554572e-12,0.00011386144,8.722781e-25,0.0,5.6000424e-08,1.5969655e-15,0.9964168,3.838578e-12,2.5632149e-28,6.286474e-18,3.0360383e-08,3.043116e-05
1092,894,358,7,6.7e-44,0.33393738,0.0006389781,9.031139e-10,4.1708235e-27,2.298e-42,2.8074496e-07,0.35773808,0.000267977,0.20553125,2.0948265e-09,2.4070403e-17,0.0,0.10188595,2.0530048e-20,1.5106983e-13,5.385738e-07,9.692311e-28,1.2198196e-24,3.8257464e-10,7.863911e-27
1093,358,895,2,9.19186e-40,0.22252917,0.700468,6.618242e-11,6.752304e-33,9.25e-43,3.8787124e-07,0.0008301862,2.997833e-06,0.0482713,1.1306432e-09,3.4957815e-14,0.0,0.027897239,5.53397e-18,1.0638826e-13,4.722421e-09,3.5538764e-24,2.4153533e-26,6.9612054e-09,1.6233192e-25
1094,895,363,9,2.1129847e-35,0.39007,0.004575396,2.4245083e-13,3.705571e-30,2.5327517e-37,2.7968895e-06,1.5175597e-06,1.383035e-06,0.60481626,9.346181e-12,6.040344e-17,0.0,0.0005336907,1.4544968e-16,6.2713187e-16,3.211888e-07,5.857209e-23,5.95099e-23,4.076689e-07,1.0315616e-24
1095,363,896,9,1.0350188e-31,0.012921808,8.994028e-06,3.8279024e-05,3.5998207e-22,7.77776e-32,2.5274996e-08,4.4852282e-08,7.3441964e-10,0.9540539,1.2677774e-10,6.588186e-20,0.0,0.00078911695,2.3798023e-12,1.9268486e-11,0.032188017,6.559154e-33,4.7210006e-23,8.18329e-12,5.0588865e-24
1096,896,897,16,7e-45,3.4820354e-05,1.03123535e-16,0.003253861,5.490841e-18,4.3219707e-36,1.547448e-08,1.7062969e-06,5.144366e-06,4.1676355e-08,1.6137741e-17,1.4063518e-31,0.0,1.9195937e-10,6.7889127e-15,4.5374163e-11,0.9967057,1e-45,1.296482e-31,4.1996946e-17,1.664856e-23
1097,897,368,15,2.2236615e-32,5.024918e-10,6.405929e-14,0.004266365,2.9397258e-14,6e-45,1.4898711e-07,0.000296021,0.04052635,8.6548615e-11,1.5936444e-13,7.322489e-25,0.0,3.0754108e-10,5.2426335e-19,0.95490944,1.3186498e-06,3.3957644e-33,1.704417e-13,9.561967e-15,2.1893485e-22
1098,368,898,15,5.4175235e-25,6.87633e-08,2.1929747e-08,1.90725e-11,1.1293004e-28,3.32663e-40,3.9860353e-08,3.039623e-13,4.1518785e-08,1.2466868e-15,0.00015978154,8.3681374e-23,0.0,8.347569e-09,1.7663652e-15,0.99967194,1.3860525e-19,8.729176e-24,6.462429e-22,0.00016803833,1.5866646e-18
1099,898,148,8,3.5994216e-15,4.430884e-05,3.6398468e-17,2.7096944e-26,1.896e-42,5.217e-42,0.00054380385,1.4892728e-09,0.9553212,3.5839782e-16,0.00037683998,1.5673182e-33,0.0,0.016902532,1.5016423e-07,2.3825544e-12,4.02713e-17,8.415249e-33,1.0252525e-18,0.026809586,3.0411687e-11
1100,471,505,10,3.1673706e-13,7.135371e-09,2.1579378e-16,4.053705e-23,9.542785e-33,1.5925847e-31,3.7960854e-05,2.35058e-11,0.0825063,5.2088554e-15,0.917249,3.088434e-27,0.0,0.00020760096,4.5444346e-10,7.4045995e-16,3.7896817e-17,1.3743744e-34,2.1174641e-34,2.2682231e-07,4.63764e-09
1101,505,899,10,2.3026923e-24,1.5555013e-10,2.7587738e-14,7.7755615e-18,5.9933694e-29,1.5392868e-32,1.1282973e-05,8.106184e-10,0.03085694,6.8240955e-15,0.9691297,7.8268166e-23,0.0,1.466811e-08,3.9048925e-19,2.706225e-10,1.6960154e-16,1.6177362e-26,1.593076e-32,3.2617477e-06,6.2306884e-15
1102,899,517,10,0.00013710964,2.0797595e-11,3.1871004e-14,1.3258228e-20,3.648e-42,4.368601e-35,3.896483e-05,1.8841874e-05,8.159878e-05,1.460448e-13,0.96757084,1.3085984e-27,0.0,0.032071456,7.963378e-05,1.0043894e-14,8.128903e-20,1.5785643e-31,1.10647636e-16,3.3253628e-10,6.679759e-08
1103,471,483,13,5.523725e-16,0.000305729,4.54901e-19,2.9495887e-21,5.678441e-27,1.3608477e-33,4.923143e-10,0.00014525317,2.9982102e-06,4.772723e-05,6.906642e-08,5.740766e-38,0.0,0.9994546,1.767929e-08,9.090722e-19,1.17536155e-14,4.6060226e-34,2.3072493e-22,4.49553e-05,1.842728e-17
1104,39,27,13,4.3690764e-16,0.00023855381,8.111824e-15,1.065141e-21,3.483411e-31,2.2281844e-27,0.0045645004,1.7753446e-06,0.008427906,5.1460734e-06,0.00030341806,8.657206e-26,0.0,0.98644376,7.0851506e-13,2.2618393e-13,9.602409e-12,7.7494477e-32,7.6284003e-25,1.6671655e-05,6.4869435e-18
1105,900,901,13,7.394856e-10,2.0530004e-09,1.13923865e-14,1.574691e-16,3.6837265e-37,3.3845986e-36,2.0519324e-12,2.0675626e-10,3.3968555e-09,3.817532e-06,3.0196153e-07,1.5965209e-30,0.0,0.9999962,3.9822597e-11,9.64365e-16,7.441614e-15,3.1546819e-30,1.049199e-30,4.5786774e-11,5.918395e-14
1106,901,27,13,1.1868792e-12,3.5947104e-10,1.3078094e-13,5.2221603e-17,1.1178e-41,1.6402741e-34,4.845364e-07,2.0496112e-10,1.0920647e-07,3.356632e-14,1.2172782e-07,3.883194e-32,0.0,1.0,2.2297695e-09,8.869861e-15,2.2069157e-14,1.04e-42,1.1946082e-30,2.0055995e-13,2.2946147e-18
1107,27,902,6,1.771218e-21,1.13706314e-07,4.387918e-08,2.1142023e-05,6.294107e-32,5.7760693e-37,0.8405568,7.412356e-05,6.0802705e-09,4.806934e-10,1.50414e-09,1.0677844e-23,0.0,1.3100317e-05,1.0433545e-10,0.15931436,2.0497026e-05,2.9846592e-25,3.1016528e-15,2.6627783e-15,1.8759555e-26
1108,902,903,6,1.7186586e-26,4.142506e-11,6.378732e-09,2.957189e-09,1.803858e-30,3.48325e-40,0.9995881,0.00040862395,1.5880906e-07,4.7967947e-14,7.193946e-15,2.1350318e-27,0.0,1.809918e-06,3.9780345e-13,6.037399e-08,2.163949e-07,4.5150373e-27,8.6494375e-21,2.1288761e-19,3.9889045e-33
1109,903,198,13,2.3007657e-12,4.6824443e-06,5.2483577e-11,1.8313959e-10,1.5900613e-36,2.7333714e-36,0.012961995,0.00053347496,2.3832877e-07,4.2596053e-08,9.830946e-05,3.5299677e-28,0.0,0.98640233,5.9196645e-12,2.9777075e-12,1.5727335e-09,2.839e-42,9.824002e-22,7.470747e-13,4.0865541e-25
1110,198,904,1,1.1090001e-29,0.99130994,1.07536e-06,1.1469198e-10,3.3044135e-30,1.32e-43,2.4181345e-06,8.3597915e-05,2.129085e-06,0.008601512,1.633527e-08,4.738731e-18,0.0,3.5837624e-07,1.585535e-23,7.863563e-09,2.5314386e-14,8.755012e-26,6.730525e-25,2.333654e-07,6.287168e-26
1111,904,75,7,1.0378786e-21,1.1542696e-06,7.151179e-08,1.6195716e-09,3.0668537e-28,2.6481e-40,3.470641e-07,0.9999427,5.2930847e-07,5.330048e-05,3.8728817e-10,3.0126425e-15,0.0,6.9238637e-09,5.997884e-26,1.3441068e-09,1.5860685e-14,2.8975155e-31,8.0004687e-19,1.17052914e-14,2.3217748e-28
1112,75,905,9,4.026976e-17,1.1597203e-06,2.5947509e-09,1.9198551e-05,2.0390006e-22,1.3487882e-36,4.084879e-06,0.43996832,1.0457903e-08,0.56000626,5.397491e-11,1.0086239e-15,0.0,2.2489814e-09,4.6088167e-19,2.2533244e-11,5.2346387e-12,2.1546855e-34,4.4710233e-27,1.2909231e-19,1.3196642e-24
1113,905,906,7,8.741693e-27,9.931469e-06,3.991738e-17,1.7090056e-07,2.0882169e-27,5.0494714e-34,2.3868518e-09,0.9999886,6.804055e-07,2.3871744e-06,1.2839954e-16,4.490137e-25,0.0,1.8773523e-10,1.2782219e-19,8.383175e-18,2.1074262e-09,1.029e-42,3.2957662e-22,1.4958558e-15,1.3358969e-25
1114,906,907,7,8.981982e-23,3.9044817e-08,4.99855e-19,4.327805e-09,8.2537565e-22,1.9306494e-29,7.4241585e-12,0.99993515,6.503339e-05,8.000243e-07,1.1654538e-15,3.1487728e-26,0.0,5.2978666e-09,4.0929924e-20,3.7694774e-12,2.4133389e-09,3.0923945e-35,9.385519e-19,4.7194843e-17,2.8470545e-20
1115,907,908,7,8.12679e-21,1.3070466e-05,9.78331e-15,7.9057745e-06,6.0517905e-22,2.1705492e-27,7.389477e-08,0.9745386,0.022996716,0.0024420174,1.8068152e-12,1.3095508e-22,0.0,2.0662648e-07,7.896963e-16,3.532469e-08,7.183802e-07,1.4040577e-31,3.1642587e-18,5.9091905e-14,5.724512e-10
1116,908,909,7,3.0618866e-20,0.007560492,1.1698581e-09,1.2155393e-05,7.253272e-23,3.30085e-29,0.0052630147,0.9751857,0.0069522834,0.0050027687,1.7627273e-11,8.757665e-23,0.0,2.204141e-05,2.127491e-16,1.965335e-08,2.6428233e-07,2.9654326e-26,2.0619047e-20,5.7630967e-10,6.54424e-16
1117,909,524,7,1.0881088e-17,0.00013903047,1.8947548e-19,2.552187e-15,2.746102e-28,2e-44,1.8598008e-05,0.9934565,0.005874857,1.9469144e-05,2.8296879e-12,2.838752e-32,0.0,0.0004915558,6.114497e-20,1.5662829e-12,8.4127505e-09,8.994027e-36,1.9762509e-23,8.740492e-12,5.328046e-31
1118,524,910,3,1.0487074e-29,0.0069113495,1.4010195e-15,0.98196465,1.5062006e-25,8.352974e-34,2.4839604e-09,3.7697497e-05,3.127103e-06,1.519704e-05,6.026753e-13,2.983207e-29,0.0,1.203276e-06,3.8605217e-17,7.8824705e-05,0.010988624,1.5e-44,1.2511512e-22,1.8665393e-12,2.4371372e-21
1119,910,911,16,0.0,1.2790351e-06,1.3769651e-14,0.0008958903,3.51587e-13,4.916211e-35,2.2792175e-10,7.070303e-05,2.0183019e-05,3.554047e-12,8.506263e-18,2.3489395e-26,0.0,7.690658e-12,6.456001e-21,0.00045571386,0.9985553,7.5036114e-38,5.483846e-27,3.721295e-15,1.9163456e-32
1120,911,222,7,3.5005482e-20,7.713573e-05,6.4475844e-13,6.383187e-09,5.352134e-20,2.8957707e-38,0.003224281,0.8730311,0.05195891,2.889147e-10,0.0011055344,3.0195273e-27,0.0,0.07058672,1.801293e-15,1.2991874e-05,3.2249525e-06,0.0,3.4975885e-18,8.9810195e-09,4.2206403e-23
1121,222,912,2,1.736631e-18,0.2492551,0.5952283,3.6865384e-14,3.741161e-39,3.0406675e-35,3.481637e-05,0.00034570886,3.8107246e-05,0.0002216334,0.0017900565,3.0367635e-11,0.0,0.15305574,4.514692e-20,2.5799543e-10,5.3447303e-19,2.5466432e-23,5.9626474e-23,3.228906e-05,3.9968535e-19
1122,912,120,6,5.982895e-18,2.020697e-06,0.006760501,1.09337385e-14,8.702777e-39,0.0,0.98980606,2.6202993e-05,4.4965414e-05,8.546084e-08,2.4017313e-08,2.6501088e-17,0.0,0.0033599304,3.0895678e-18,1.1955197e-08,7.068362e-20,2.6364342e-26,1.3917856e-26,5.3767732e-12,1.7035068e-21
1123,120,913,13,2.0418494e-22,3.5140157e-08,2.2236753e-05,1.6066269e-14,0.0,0.0,0.008853318,8.425088e-08,6.255202e-05,9.7609394e-08,9.1166347e-10,3.6299945e-21,0.0,0.99106044,1.252103e-12,4.828929e-12,3.4532062e-16,1.578222e-30,6.5972604e-29,8.6068826e-13,2.3906838e-20
1124,240,903,13,3.5814107e-15,5.457155e-12,4.1961537e-18,1.7230801e-22,3.1620908e-38,0.0,2.7545624e-10,2.6378236e-10,2.9688638e-10,8.568839e-15,5.548587e-07,1.26e-43,0.0,1.0,1.7161389e-08,6.685168e-14,4.459427e-18,2.1522583e-30,1.8360456e-27,6.8339036e-11,3.8151196e-19
1125,455,198,13,5.0376246e-17,6.83121e-06,2.7765001e-14,4.419239e-19,4.070559e-33,0.0,3.6117362e-05,4.847661e-05,5.9349397e-08,2.2007782e-07,3.982678e-07,2.6133458e-32,0.0,0.9999084,2.978643e-17,2.2105568e-13,1.3736568e-11,2.1407508e-25,1.2210253e-24,1.1854562e-08,5.8152766e-34
1126,294,75,7,2.7934862e-30,9.096918e-07,2.411732e-06,3.7576978e-08,5.870367e-29,4.2460146e-21,5.732609e-06,0.95265007,0.04731237,2.8935114e-05,7.101478e-10,7.6062946e-08,0.0,1.9830941e-07,2.8623357e-18,2.3813175e-13,9.109312e-15,1.0093669e-37,7.194217e-31,3.928509e-14,3.6271688e-22
1127,905,87,7,6.6511625e-28,0.003347431,3.7345382e-13,1.284872e-09,1.1151659e-26,2.087e-42,0.0008922852,0.87226534,0.004603337,0.118891574,8.8105e-17,4.0379736e-25,0.0,1.5695578e-08,1.0259142e-17,2.6939005e-14,6.2152776e-09,8.54725e-40,7.4650657e-31,2.7488515e-18,5.329079e-25
1128,907,927,3,1.00108625e-33,7.011301e-11,1.1195299e-12,0.50143903,3.003267e-08,8.693661e-22,2.2792349e-10,0.49768865,0.00021182315,3.091769e-05,3.5609003e-12,6.8098306e-19,0.0,1.1359299e-10,2.331504e-19,0.00062914606,1.4474739e-07,2.7071553e-24,2.1568412e-18,1.0233902e-15,2.329726e-19
1129,909,99,7,1.5299203e-17,3.9592785e-05,5.8066184e-16,2.597798e-19,1.242915e-39,0.0,0.00020252209,0.75052416,0.004420523,1.8459674e-06,3.5783865e-11,1.4917181e-31,0.0,0.24481107,9.761858e-18,8.558284e-16,5.0316815e-13,3.5816923e-33,1.9396607e-24,6.4897136e-11,1.19801146e-32
1130,306,524,8,6.423986e-30,4.30891e-09,6.100753e-12,1.4831997e-18,3.427288e-38,5.758309e-24,4.4897984e-08,2.8137565e-05,0.99997336,2.23682e-12,3.7158615e-15,2.8965763e-16,0.0,3.4970338e-07,8.435335e-18,2.640662e-18,1.2256458e-16,1.2980672e-36,9.3065195e-33,5.5216003e-15,4.5912048e-24
1131,210,222,13,2.0920387e-17,1.6529969e-08,6.291449e-15,4.0916495e-20,1.64912e-40,0.0,2.8199523e-08,1.8360494e-08,1.07822896e-10,1.8391064e-07,2.5935831e-09,6.345471e-35,0.0,1.0,5.326725e-16,4.5887126e-19,7.292921e-15,3.645547e-38,2.2077061e-30,7.8756675e-15,6.589441e-28
1132,132,120,2,6.412463e-27,2.7880878e-08,0.9533662,2.2973693e-14,0.0,0.0,0.043897733,1.5477003e-10,4.811583e-07,8.503053e-10,1.6568626e-13,2.4474301e-15,0.0,0.0027369338,1.224265e-12,4.0983035e-13,2.4531458e-19,1.60862e-29,4.439815e-36,1.449585e-14,7.2195865e-25
1133,913,914,13,3.1234062e-14,1.9991547e-11,5.023657e-16,1.1370351e-18,2.398591e-38,1.38e-42,1.8218062e-12,5.1050008e-11,3.3994605e-09,2.1577726e-09,3.5273093e-09,5.477023e-37,0.0,1.0,1.865017e-11,4.640349e-16,5.074599e-17,7.491858e-30,3.8081638e-29,4.8055544e-12,2.4553017e-17
1134,914,132,13,8.61481e-18,8.692909e-12,5.2769344e-15,4.566901e-19,1.06333e-40,1e-45,1.04977825e-10,7.269673e-15,3.0486272e-10,8.13092e-12,2.2063972e-11,1.32233e-39,0.0,1.0,1.4359136e-07,3.00299e-17,6.692226e-17,7.101042e-26,3.9392116e-35,6.2184524e-10,3.785591e-18
1135,132,915,13,8.053423e-16,7.843154e-11,3.714353e-11,1.3517792e-16,1.6e-42,7.732e-42,2.8402733e-06,4.0559776e-16,1.3733857e-09,3.5831657e-12,5.2457535e-12,6.0874802e-34,0.0,0.999794,0.0002031341,1.9386337e-15,1.6847841e-14,8.550104e-21,1.3979195e-35,2.5145541e-09,3.4177322e-15
1136,915,210,13,5.724809e-13,1.5841604e-11,4.4507764e-18,4.44826e-20,4.0629358e-36,8.935228e-39,1.0259297e-10,4.6317545e-08,2.874432e-07,2.2584567e-08,1.04891114e-07,4.1871767e-36,0.0,1.0,4.887067e-10,7.1364e-18,1.1339397e-15,6.1874085e-32,1.6178966e-26,2.5585577e-11,3.819714e-15
1137,210,916,13,4.002863e-20,1.9586047e-10,1.7800502e-14,1.9407366e-21,6.2397385e-34,3.2771848e-38,4.6560303e-13,8.1079776e-10,2.117798e-09,8.0851255e-09,2.8771099e-06,4.4943682e-33,0.0,0.9999962,1.2311213e-12,1.5781617e-15,5.295476e-19,3.451771e-23,2.4527068e-26,1.8340385e-10,2.3470349e-16
1138,916,108,13,1.3135785e-14,3.2983982e-05,5.376504e-13,4.9005044e-19,1.7082312e-36,8.179039e-36,1.9930096e-11,4.1689006e-11,3.8799776e-11,2.3376479e-05,0.0031078302,4.660966e-30,0.0,0.9967818,1.4013046e-05,1.5371657e-13,5.659332e-17,1.4564212e-19,2.680948e-25,3.9993225e-05,9.022538e-16
1139,108,917,10,4.6795928e-11,3.637454e-05,3.5242053e-15,3.951955e-15,4.7106843e-34,1.8809188e-21,5.814774e-09,2.6286211e-11,5.2791396e-11,8.18385e-05,0.91023946,5.5435035e-24,0.0,0.0059911627,0.004764542,2.3559132e-10,2.6425937e-13,4.0897365e-17,8.386825e-25,0.07888498,2.6614595e-14
1140,917,918,0,0.9970633,4.64441e-06,2.4183934e-13,3.2626645e-16,0.0,1.6146696e-29,0.002630999,5.978786e-11,7.477833e-09,1.7064187e-08,0.00022504291,2.2195073e-26,0.0,4.7182173e-05,1.8978571e-05,1.982446e-12,1.0387061e-14,2.7657733e-27,4.1085714e-28,9.120968e-06,9.186911e-10
1141,918,144,14,1.048662e-09,1.0970946e-10,1.7951076e-13,9.672319e-15,9.175027e-35,5.5219773e-31,3.544793e-08,2.9595415e-13,2.4444905e-08,2.415634e-15,5.0410094e-09,7.6791855e-37,0.0,0.09799734,0.9020026,3.100823e-16,2.0698936e-15,4.7760352e-36,2.236271e-37,8.157522e-10,5.0219644e-11
1142,144,450,13,5.317785e-26,4.811006e-10,2.4383263e-07,1.8736782e-14,1.588913e-39,0.0,3.351241e-09,1.0041336e-12,1.8836005e-10,1.2904558e-11,3.714227e-10,8.5277714e-33,0.0,0.9999809,2.0349855e-05,3.14953e-11,2.8724457e-16,1.4918986e-18,9.3244907e-35,4.886622e-09,2.184963e-19
1143,144,132,13,4.9121387e-22,6.976518e-09,1.14404014e-10,1.7224553e-15,2.43592e-40,0.0,2.7745725e-07,1.7499499e-12,1.423895e-10,5.03455e-10,1.0302854e-13,2.9376175e-37,0.0,0.99988174,0.00011676453,5.62932e-16,6.0850286e-16,2.6387233e-22,2.8817468e-35,2.618025e-10,5.14924e-19
1144,914,450,13,6.355989e-19,1.7169353e-11,1.6634806e-13,3.4233657e-17,1.491189e-39,0.0,2.6970806e-12,1.3112326e-11,1.3376204e-10,6.744477e-11,4.865805e-10,5.054241e-38,0.0,1.0,3.7857255e-08,2.6880494e-14,9.371188e-16,4.6060866e-29,1.8801631e-31,6.9640366e-12,8.596947e-19
1145,450,426,13,6.73702e-26,8.581019e-05,9.799485e-07,6.5285945e-12,5.0246727e-31,1.0659703e-36,0.00065335043,0.0017737427,1.5229631e-08,3.2733132e-07,1.7141677e-10,3.2165864e-28,0.0,0.99748546,2.5710334e-10,8.319422e-12,2.061403e-11,1.11784e-40,4.1825672e-19,9.552466e-12,5.789064e-29
1146,919,917,13,0.00015679751,4.7478952e-07,1.6913164e-11,3.0493957e-17,5.0829e-36,7.0752046e-30,0.4794686,2.0516987e-11,0.00086346123,9.760571e-15,6.511074e-08,1.6722716e-30,0.0,0.5194011,0.00011081813,1.888028e-14,6.9899024e-13,1.009862e-33,1.0695989e-30,8.2468515e-10,8.818748e-15
1147,920,108,14,2.395395e-12,6.7403824e-05,8.341773e-17,8.797896e-19,6.886811e-36,2.7993575e-27,1.2848567e-10,3.9509794e-13,2.9793663e-12,1.2599744e-06,9.5675976e-05,9.746092e-31,0.0,0.0030235406,0.9966488,1.9671284e-15,9.803216e-16,4.7148244e-24,3.7591456e-23,0.00016438258,1.416789e-14
1148,916,921,1,3.2606423e-20,0.97246265,5.3136683e-11,5.4416904e-19,4.521697e-39,2.21031e-40,5.604867e-10,2.0810916e-12,5.6924143e-10,2.9349738e-07,1.7970012e-10,3.242946e-32,0.0,0.027536493,3.646715e-08,9.238473e-16,2.3768216e-16,3.1782894e-27,6.093634e-20,2.202232e-06,4.7889146e-14
1149,921,922,1,3.530845e-27,0.99745506,6.02895e-09,1.946172e-05,4.240345e-23,3.8568437e-31,0.0018102592,8.3501117e-10,0.0005240834,2.5188288e-07,4.4193916e-11,1.3515237e-20,0.0,4.7957293e-08,8.486629e-09,0.000107149965,2.4052468e-05,7.980259e-34,4.6251577e-13,2.389069e-06,5.5707766e-05
1150,922,923,8,4.6417235e-26,1.42730086e-08,1.1886999e-13,1.665809e-08,2.894792e-20,1.00976516e-19,1.8412316e-09,0.00011918338,0.99988174,1.6795714e-09,4.999102e-12,1.1064516e-15,0.0,7.548362e-10,7.1527486e-19,6.793863e-07,6.3354975e-08,2.347585e-35,2.3388073e-20,2.8600839e-13,1.796935e-15
1151,923,924,13,1.250388e-22,3.1551174e-06,1.09819834e-13,3.0345673e-16,8.525484e-28,3.813611e-39,1.156203e-08,1.4626841e-05,6.547673e-05,3.9328265e-07,9.882853e-09,7.6506866e-27,0.0,0.9999161,1.3136856e-19,5.83675e-10,1.9808447e-11,1.5519543e-21,2.3481578e-28,1.7156218e-08,4.053271e-31
1152,924,306,13,4.049915e-17,0.023808584,1.1322955e-18,2.6830078e-15,6.3917836e-33,6e-45,2.413912e-07,1.07587645e-07,1.0109088e-06,4.021545e-08,1.4127564e-08,2.22938e-40,0.0,0.97617567,9.345386e-14,9.522668e-12,6.7275463e-10,2.283e-42,1.5346035e-23,1.4186666e-05,6.5363616e-22
1153,306,99,8,4.443813e-29,2.1289213e-07,9.1877624e-08,5.1372107e-20,2.8e-44,9.557291e-24,7.6074593e-07,3.479991e-05,0.99993134,5.9413603e-12,8.234705e-13,5.0659994e-14,0.0,3.128011e-05,3.2104246e-18,3.0318564e-18,2.4451296e-19,1.1470381e-32,2.6726346e-26,9.0402295e-12,3.016241e-23
1154,99,925,3,1.0757908e-36,2.1753965e-06,1.24552955e-11,0.98756576,1.1895944e-19,3.101888e-39,2.6940614e-09,0.00010077718,1.798011e-08,3.1375924e-07,1.2403708e-11,6.0456935e-24,0.0,4.874258e-10,1.751621e-18,0.012279663,4.9950213e-05,9.054e-42,2.1631422e-20,1.3289643e-17,1.2917301e-28
1155,925,926,16,2.033849e-39,5.555512e-07,5.481814e-13,0.04463429,2.3813369e-12,6.656007e-29,1.5880047e-08,0.38274282,2.6833333e-09,0.018267842,9.175062e-20,5.0271853e-23,0.0,1.6468003e-12,4.3209227e-18,3.138309e-08,0.5543547,8.4e-44,2.909867e-23,1.4239236e-23,1.0154046e-34
1156,926,927,7,5.68e-43,9.4789385e-09,7.554086e-12,0.18012853,8.5805063e-10,1.9365248e-25,1.5203184e-05,0.6711532,0.069515444,2.9616725e-08,1.1574019e-18,7.314335e-18,0.0,4.7049855e-14,1.8808698e-20,9.833568e-06,0.07917803,2.0792629e-38,5.8186224e-28,4.954816e-24,2.422332e-31
1157,927,928,3,6.167333e-39,1.4855766e-12,7.541176e-15,0.9999923,5.2060343e-15,1.7468285e-27,4.4196974e-10,4.5601773e-06,4.7018643e-06,8.1674744e-13,1.5058515e-16,6.540808e-20,0.0,4.2614895e-16,1.0150184e-17,2.1385995e-07,1.2112282e-08,1.4993876e-36,8.009336e-31,3.2440175e-20,4.059275e-23
1158,928,929,3,1.85e-42,8.314146e-14,4.213559e-17,1.0,2.0091034e-16,1.5199796e-31,3.4794684e-15,1.5467279e-08,4.1470485e-09,1.2156968e-13,7.0724306e-21,8.266825e-24,3.31088e-40,5.939345e-19,1.3345906e-21,9.2176225e-11,7.089268e-11,1.106502e-39,1.2163415e-28,2.5544585e-21,1.8364298e-28
1159,929,87,7,8.062167e-35,9.950747e-11,2.2626356e-11,0.46101603,7.127752e-17,7.8608017e-32,1.9353091e-07,0.53853226,0.00045085672,5.824733e-12,4.091058e-12,2.3421643e-20,0.0,6.4601298e-09,1.7100806e-16,7.00228e-07,1.738508e-09,1.177749e-37,1.6909443e-16,8.296619e-16,2.7234874e-26
1160,87,294,7,6.980633e-27,8.6372336e-07,1.6704971e-10,1.307411e-12,1.6535589e-37,2.7177254e-35,9.851063e-06,0.65288806,0.34683615,4.1999742e-06,4.074846e-11,5.52214e-18,0.0,0.00026040387,3.314662e-17,1.6820991e-15,2.871516e-15,8.75582e-40,2.1883758e-33,1.5526348e-14,2.244816e-24
1161,294,930,9,2.2395215e-24,0.040779125,1.6427443e-08,1.1292226e-06,3.391173e-23,1.882059e-22,3.7067454e-07,1.7281685e-07,1.8765094e-08,0.95921755,1.9702168e-13,5.8533687e-15,0.0,1.4269973e-06,1.5783362e-15,2.5602987e-16,3.6847267e-13,2.006563e-36,1e-44,8.588581e-13,6.770239e-23
1162,930,931,1,8.459354e-23,0.99998474,8.298652e-14,9.835869e-18,1.4660085e-34,1.5599835e-38,4.37911e-06,5.724565e-07,1.1542614e-05,1.4492798e-08,2.9960487e-14,2.629071e-27,0.0,3.68558e-08,6.312608e-14,5.591089e-19,2.1339968e-13,2.2459755e-21,5.6385547e-26,2.5855927e-08,1.2476313e-11
1163,931,932,1,5.0784374e-38,0.9999695,2.0858831e-13,1.7627668e-12,1.00845e-39,5.062311e-36,1.7029666e-07,1.3689844e-05,1.5599442e-05,9.835873e-10,2.044745e-11,1.8990245e-26,0.0,9.098197e-08,1.3249637e-12,2.1895732e-15,1.1825063e-09,4.6665382e-21,1.2657276e-19,2.6129491e-08,1.076885e-10
1164,932,933,7,2.524839e-39,0.009388926,6.1369866e-17,0.0006854711,9.2318883e-23,4.2753343e-29,9.272746e-11,0.9898022,5.1657807e-06,2.9025084e-06,2.0512637e-08,2.081464e-28,0.0,7.5106317e-07,1.2603771e-15,1.1763583e-05,0.00010454813,2.3243014e-27,6.034147e-10,1.9031685e-08,1.6453238e-13
1165,933,455,13,1.6330888e-33,4.2207735e-06,8.61029e-15,1.2947117e-10,4.481776e-22,7.74273e-40,1.04917135e-07,0.0017286467,1.2697886e-06,2.42526e-11,2.7580183e-05,3.6739308e-37,0.0,0.9982316,2.9218378e-14,2.9383682e-07,4.778577e-10,5.9030486e-26,2.4252693e-26,6.120842e-06,4.696508e-27
1166,455,1021,13,4.3392564e-26,2.3908822e-07,3.2232733e-10,2.2740387e-20,5.343685e-36,8.6609e-41,1.6651555e-07,8.8091625e-08,3.4161504e-10,6.795635e-12,6.3171414e-05,5.470131e-30,0.0,0.9999084,3.5475843e-13,5.019266e-10,1.1420359e-15,9.041982e-06,6.0418795e-27,2.045344e-05,2.5572697e-26
1167,934,162,1,2.2249535e-30,0.999958,1.1612286e-08,7.557285e-12,2.7e-44,1.9115853e-17,9.749023e-10,1.3942491e-14,8.3952745e-10,2.1138303e-06,1.4650096e-09,2.9901314e-16,0.0,1.8584038e-05,1.7791772e-11,2.8185455e-14,5.3733693e-12,7.125778e-29,6.67155e-40,2.2811368e-05,2.818012e-19
1168,935,949,1,2.4790035e-21,0.99635977,5.2289295e-05,1.2354772e-13,2.51925e-40,1.5640043e-32,5.3804985e-08,2.7714143e-11,1.1991005e-08,0.00022077018,2.2888877e-11,2.10661e-13,0.0,0.003365138,2.747756e-14,4.0731416e-16,3.176103e-15,1.2801854e-31,4.874291e-34,1.05992804e-07,8.131911e-20
1169,936,252,1,5.6913488e-33,0.9997635,4.1170766e-05,5.4961504e-08,1.5891877e-29,4.2487e-41,3.3679804e-08,2.3733123e-11,3.4103764e-06,1.3561366e-11,5.343756e-10,1.1022963e-25,0.0,0.000111345675,1.1668073e-13,3.217431e-07,1.9719188e-18,3.1458001e-38,1.7068666e-32,7.963044e-05,1.2879074e-20
1170,931,945,1,8.690396e-33,0.99866956,4.080735e-14,3.4481153e-14,1.3e-44,2.4694e-41,1.1625584e-08,6.5497934e-06,2.4981844e-10,0.0013210332,3.0445996e-14,3.087063e-30,0.0,3.5682542e-06,5.3333102e-17,9.268883e-20,6.7176115e-13,1.7413896e-23,4.4063727e-29,9.224657e-11,1.3167139e-22
1171,87,282,7,1.5690781e-24,1.5479979e-07,7.825545e-20,2.5066058e-16,1.4870217e-28,1.1358493e-37,9.75617e-09,0.9999886,1.0535318e-05,3.7977182e-07,3.1337417e-14,4.326966e-30,0.0,6.8182353e-09,1.2315497e-18,2.0846937e-17,5.7893447e-16,1.4912826e-35,2.055759e-24,1.7612182e-15,1.932445e-24
1172,99,270,8,2.8994647e-29,1.921955e-08,5.081339e-10,1.6614922e-17,2.043184e-35,1.5739818e-24,2.216669e-07,0.087762855,0.9122104,3.3970604e-10,4.939334e-12,6.372893e-17,0.0,2.5300502e-05,6.4450077e-19,1.7289445e-17,2.1888373e-16,3.1670465e-34,1.521751e-21,6.094652e-14,1.2309126e-23
1173,937,923,13,3.863996e-26,1.7524536e-06,5.3951867e-18,1.2612884e-19,4.5975855e-31,0.0,3.3828925e-07,2.2654137e-06,7.165898e-08,4.383054e-06,2.0089332e-10,8.0056e-40,0.0,0.9999923,5.352915e-18,7.14134e-15,1.5973046e-10,5.12201e-26,3.47157e-28,2.6309825e-08,1.3539904e-35
1174,937,938,6,7.8271896e-27,5.3554628e-05,5.2931455e-07,0.001762237,6.176582e-25,3e-44,0.96559453,0.00024071021,6.479373e-11,0.032318063,2.0227034e-12,3.2183235e-24,0.0,1.7882577e-07,5.183595e-10,1.1268649e-05,1.9083474e-05,2.3728746e-21,2.2259439e-25,6.416723e-19,7.977644e-26
1175,938,939,9,1.707207e-30,0.00024258702,3.0560123e-08,0.005381579,9.8834616e-23,1.90088e-40,4.906579e-06,2.6568755e-06,5.5142153e-14,0.9942602,8.0124833e-16,6.54898e-25,0.0,8.263195e-10,5.4818376e-12,5.6789673e-10,0.000109332526,1.2987731e-25,1.2449392e-28,7.349328e-17,1.6775343e-25
1176,939,403,9,1.12023455e-20,5.5761525e-06,3.2920565e-16,0.00028051095,5.0184485e-23,4.025596e-31,1.5978593e-10,0.01190817,6.534154e-11,0.9878031,8.321509e-14,2.292748e-28,0.0,1.6466475e-07,2.8827686e-13,1.6899852e-14,2.2561428e-06,0.0,1.1611244e-27,7.947818e-18,7.764478e-25
1177,403,940,1,5.1417e-35,0.99799544,2.6153152e-06,8.527379e-11,0.0,1.57e-43,7.187386e-09,3.8867514e-09,4.7534973e-06,0.0019959165,2.071305e-17,3.906324e-18,0.0,1.6556428e-06,5.7384135e-19,2.7588985e-15,1.4563778e-10,9.354275e-35,1.2731724e-31,2.9529927e-11,8.695587e-29
1178,940,920,13,1.2709417e-14,0.01367864,1.6853989e-17,6.7641993e-15,5.532e-41,1.5409789e-32,2.5754266e-06,0.0070934896,2.0918682e-05,1.760542e-05,2.881708e-09,1.905717e-39,0.0,0.97918546,3.3272645e-11,1.2345513e-17,1.3163315e-08,5.573914e-38,1.6418372e-14,8.5494994e-10,1.797854e-15
1179,920,919,13,1.7960007e-10,1.3502835e-10,1.0319637e-15,1.8284145e-18,3.1208e-41,4.409544e-39,1.2561583e-07,8.4838923e-13,3.817845e-10,2.6368163e-11,8.057368e-13,7.9164e-41,0.0,0.93753,0.06247104,1.7311082e-18,2.4800921e-13,1.2293002e-35,6.0129596e-33,5.2265005e-11,2.5036173e-14
1180,937,941,6,3.4207337e-14,1.0467418e-05,8.1760855e-11,1.0363179e-17,8.943439e-33,0.0,0.99405915,9.808766e-06,8.8388763e-10,2.327867e-06,1.6988482e-05,5.7425416e-30,0.0,0.005898976,3.2386222e-15,5.443682e-12,5.554167e-18,1.5039192e-13,1.1064555e-23,4.3571296e-07,6.7957415e-26
1181,941,270,1,5.094572e-19,0.5635143,4.1297001e-16,1.8161394e-17,2.949292e-39,2.1e-44,2.512283e-08,2.2690117e-06,1.3177043e-06,0.0003165899,2.3280042e-10,1.3160279e-34,0.0,0.43616495,4.8610936e-17,1.7554078e-17,3.0589236e-11,5.6242646e-35,5.8421794e-27,4.4038003e-07,9.250573e-23
1182,270,942,3,1.523e-42,1.5342077e-05,5.5262213e-13,0.98154896,3.014602e-19,8.14229e-40,1.0649098e-13,3.7699758e-07,9.361993e-11,0.0042829653,2.8408374e-13,1.695309e-25,0.0,2.4709724e-11,2.0325492e-20,1.5976249e-06,0.014151124,4.638542e-39,4.711953e-22,3.49338e-15,1.110315e-32
1183,942,943,3,3.5559894e-33,4.1275391e-10,1.7893227e-14,0.8968971,1.3413103e-09,3.381324e-34,1.1667238e-11,0.004982333,1.0712425e-11,0.06346716,3.569533e-14,2.7800654e-26,0.0,1.6637161e-12,1.5026136e-18,2.2009819e-05,0.034630846,3.9288994e-36,3.386631e-18,1.053123e-18,1.8375284e-30
1184,943,282,3,1.9606788e-29,2.3656655e-11,4.3316932e-21,0.99993515,2.5175262e-34,2.5915479e-30,8.688855e-14,3.2469765e-05,9.577528e-13,2.4763207e-05,7.9097574e-13,5.4375693e-31,0.0,1.8095536e-12,3.773798e-17,9.0717445e-10,9.233765e-06,4.57448e-40,7.6024576e-25,6.214561e-18,4.190617e-26
1185,282,944,1,2.4768616e-33,0.872139,1.893759e-10,6.794882e-12,3.886966e-28,2.311383e-35,2.1389654e-08,1.7649976e-08,5.823803e-11,0.12785895,1.5920699e-14,2.3572935e-21,0.0,5.49277e-10,5.8153873e-19,1.391035e-14,1.3923865e-10,2.3470383e-13,2.1052508e-22,1.0226651e-06,2.0585124e-25
1186,944,945,1,2.7716744e-29,0.9534353,3.6521017e-16,2.0656338e-15,2.0172633e-27,3.481146e-35,9.419279e-10,0.00012027312,6.257122e-09,0.046442952,1.127573e-15,1.7914318e-23,0.0,4.6461775e-08,2.8661432e-22,1.0619225e-16,2.0697237e-11,7.250275e-18,1.2590949e-21,2.3750818e-08,4.14973e-28
1187,945,946,3,9.11378e-40,6.135119e-08,9.952419e-18,0.99980927,2.1609462e-22,1.0152973e-32,2.609139e-12,0.00016396234,1.7451965e-12,2.820043e-05,5.7864966e-16,1.1278459e-27,0.0,4.1570226e-11,3.366016e-15,5.993578e-13,6.1404544e-09,1.62e-42,1.1063484e-26,5.0069875e-18,6.910218e-25
1188,946,414,3,0.0,8.5227086e-08,4.1656653e-15,0.9801907,3.246456e-20,1.585744e-19,3.6322566e-11,0.0174299,2.2262763e-09,0.002380367,8.1129345e-16,1.0293875e-17,0.0,2.5204288e-11,1.1992415e-17,2.861058e-11,4.642538e-11,6.0357755e-27,2.9465594e-24,1.4041962e-17,5.7483142e-27
1189,414,936,9,9.870119e-39,2.325932e-06,1.60039e-11,8.524771e-05,1.0257325e-28,3.9914286e-27,1.0977178e-11,0.0026490563,1.826261e-10,0.9972648,1.189125e-15,6.890849e-16,0.0,8.6882155e-09,3.5527856e-20,6.928459e-17,6.1650863e-13,3.9530013e-27,1.5372134e-27,1.6593772e-16,8.644418e-30
1190,936,949,9,6.5695214e-18,0.02341516,3.255333e-14,2.049017e-10,4.129198e-30,1.6965304e-34,2.3106554e-09,0.00020773089,1.2288014e-08,0.9761272,5.864821e-12,3.567446e-24,0.0,0.00025035915,1.0687026e-13,8.161976e-17,1.0402412e-13,3.56416e-40,2.834164e-32,2.7235482e-12,3.75123e-20
1191,947,948,1,1e-45,0.9758443,1.0683164e-11,1.0347342e-09,1.88952e-21,8.659034e-31,1.7123007e-15,7.810331e-06,9.904053e-11,0.024146918,1.2684915e-13,5.5380854e-19,0.0,1.40906415e-08,2.7694544e-22,9.370595e-13,3.5630474e-12,2.8438027e-32,1.1829892e-16,1.0526113e-06,2.3498142e-29
1192,948,162,1,8.029403e-31,0.9999809,1.17370196e-17,2.4179455e-17,1.7e-44,5.0281743e-34,1.7110058e-10,3.6973185e-11,3.727403e-08,6.55977e-06,6.4172745e-15,9.712869e-32,0.0,1.288207e-05,2.1467202e-18,2.141019e-19,2.3717443e-13,4.4836293e-34,6.1777724e-29,1.0113833e-06,3.8529753e-24
1193,162,174,8,5.0039006e-38,0.02610277,2.2392213e-10,6.2601655e-13,4.173439e-32,7.599626e-15,8.782128e-06,8.215504e-05,0.973153,1.2289473e-07,1.7929829e-09,1.829778e-15,0.0,5.9758145e-06,1.0022126e-12,1.4269923e-13,1.3718331e-13,6.821097e-24,5.3450607e-25,0.0006472998,1.0869709e-19
1194,949,947,1,2.23e-42,0.99758065,3.9848693e-13,8.947782e-16,1.2797082e-29,3e-44,5.298149e-09,1.8694736e-06,0.0021981816,1.0745024e-07,3.4492715e-15,7.872503e-25,0.0,3.6476493e-07,1.2710534e-21,4.4218175e-12,6.2296967e-13,5.0235926e-26,3.0779303e-20,0.00021959258,1.4505133e-23
1195,947,963,8,1.2182485e-38,0.033256426,3.1285202e-15,1.8495327e-15,3.603368e-28,2.486686e-35,9.2517627e-10,0.00042382517,0.96630937,2.5885658e-06,1.6613054e-13,1.2103322e-23,0.0,7.772229e-06,3.7164665e-25,4.3895643e-13,1.1615454e-12,3.9440742e-32,1.0913791e-19,1.5584376e-07,1.5924678e-25
1196,945,960,7,5.2559994e-23,3.6477625e-06,2.5950371e-17,1.621849e-14,1.93038e-26,5.5088426e-33,4.8398324e-10,0.9987304,1.3951538e-06,0.0012635862,1.3646119e-17,7.571754e-24,0.0,9.525118e-09,1.1942823e-19,6.0168508e-21,7.094103e-13,9.039715e-34,5.0071174e-27,1.7458389e-16,2.0188204e-25
1197,282,490,7,8.580474e-25,4.5805955e-05,4.95663e-17,1.4661942e-10,2.1401082e-23,2.1005437e-28,2.6454126e-09,0.9953417,1.8039014e-05,0.0045939866,4.743825e-13,2.3045652e-23,0.0,1.8226569e-09,1.560006e-17,4.7279787e-14,8.6645406e-11,6.998417e-27,5.3620365e-23,5.618972e-11,4.856276e-24
1198,270,467,1,4.6219756e-16,0.860536,1.228726e-16,2.1466858e-12,8.545608e-35,1.04e-43,2.3796538e-07,9.866897e-06,2.998585e-08,0.0011864861,1.43611885e-11,1.1826603e-38,0.0,0.13826695,8.86699e-14,9.433093e-16,1.3434214e-07,1.4796e-41,4.462002e-23,1.623996e-08,3.0383735e-19
1199,937,955,6,5.443506e-23,1.203322e-06,1.0833207e-10,9.612253e-15,2.2415635e-32,0.0,0.68819964,1.7420692e-06,2.4774685e-09,9.383612e-06,1.4414059e-09,6.237991e-37,0.0,0.31178793,1.5913559e-11,2.2553895e-10,3.2833687e-14,2.4281027e-18,2.8253075e-28,4.3257395e-10,1.05178135e-27
1200,919,951,13,4.0604143e-19,1.2396058e-09,3.764626e-09,2.7913784e-14,8.9609e-41,2.18e-42,4.0041614e-05,1.0477658e-10,3.852698e-08,1.534544e-09,7.0936087e-15,1.5771868e-30,0.0,0.9999543,6.4538094e-06,5.1332694e-14,3.2701204e-13,8.1694495e-25,8.449199e-37,3.226676e-13,2.851859e-20
1201,426,444,8,0.0,1.5311344e-10,2.262241e-09,3.9744874e-12,3.6932145e-27,0.004617424,2.7051528e-09,7.079911e-05,0.99530756,1.2948098e-11,3.146358e-12,4.887748e-06,0.0,1.0185446e-09,1.5780209e-18,1.0106447e-17,2.8003694e-14,1.15136064e-32,7.7883716e-29,2.7896524e-15,3.1596924e-22
1202,444,950,1,3.93749e-32,0.99992746,5.7993148e-08,5.918542e-10,6.1077304e-37,3.1721306e-08,1.6890818e-08,7.8141774e-13,1.4947332e-06,6.6096554e-06,1.1494569e-08,6.0690945e-11,0.0,6.595352e-05,1.989186e-14,3.650229e-12,1.4162516e-10,1.5347e-41,1.8513697e-28,7.391527e-10,2.5638806e-20
1203,950,951,13,1.1505583e-15,4.2453765e-09,4.8335153e-13,4.499944e-18,6.61156e-40,3e-45,1.0346416e-05,1.7057736e-09,2.4730482e-10,2.3414973e-10,1.608901e-08,2.612304e-36,0.0,0.9999886,1.0519178e-12,2.517313e-13,3.1043768e-14,3.7283215e-26,1.4742197e-25,1.3591256e-10,5.4894035e-23
1204,951,952,13,1.2998908e-21,9.835911e-10,3.4600982e-11,7.848935e-10,8.6767944e-30,1.3473072e-36,3.4686323e-05,1.3252551e-07,4.5669943e-09,1.889037e-06,1.8962212e-13,2.0974166e-32,0.0,0.99996185,1.920733e-06,4.8644133e-10,2.4011452e-08,1.2336784e-20,4.301082e-29,1.3206341e-12,4.533728e-20
1205,952,953,7,2.1493145e-21,8.249565e-08,2.127195e-12,6.1655516e-07,4.9058862e-21,2.4613825e-21,0.00021826556,0.890301,6.65845e-05,0.037149653,4.2642483e-11,2.2114323e-22,0.0,0.05489818,0.01727204,6.727826e-11,9.396369e-05,1.7407296e-26,1.6460932e-24,6.687457e-16,1.1118454e-09
1206,953,501,9,8.1619947e-20,0.000120863675,1.7279522e-13,9.367559e-05,3.385399e-21,1.8553149e-28,3.106422e-09,0.00014649017,2.8789202e-07,0.98652655,2.822117e-07,6.1878126e-31,0.0,0.0014403932,2.7088536e-06,1.2770273e-12,0.011670274,1.164e-41,7.5387216e-25,5.3887238e-12,1.3553584e-07
1207,501,954,9,4.7938923e-34,0.33657834,1.0801568e-08,0.00047829872,6.9546727e-25,2.0034532e-33,3.183878e-08,0.00048887596,7.328025e-09,0.6301222,1.5268956e-08,2.16833e-28,0.0,0.018274322,4.960958e-11,1.508495e-10,0.01405638,2.2e-44,6.9904484e-17,1.6736617e-09,1.8471598e-19
1208,954,955,1,1.1439356e-32,0.64395624,4.0373024e-07,3.8513022e-08,7.3904346e-38,3.2289658e-36,0.00066175585,4.704398e-12,3.6913085e-07,8.64508e-07,1.3380597e-17,1.3341016e-29,0.0,0.35537282,3.4978178e-09,2.299262e-15,6.7734486e-06,1.8267439e-23,8.9751736e-29,7.538988e-08,3.8178354e-15
1209,955,956,13,3.0756714e-16,1.8202587e-10,3.2134362e-12,7.6211604e-17,3.947447e-39,8.77e-43,5.949654e-07,1.2679433e-15,6.954252e-09,1.6887559e-12,8.254892e-14,8.311997e-35,0.0,0.9999886,1.107289e-05,5.5191973e-16,2.322919e-12,1.9687547e-25,1.994238e-37,3.0556377e-09,2.6344053e-17
1210,956,467,13,2.0517412e-08,6.2937765e-08,5.584913e-17,1.6774174e-12,8.426832e-36,1.0521412e-37,0.000113058144,9.523337e-09,2.558553e-07,5.577973e-09,5.8068765e-11,7.849717e-39,0.0,0.99982077,5.28631e-05,3.412407e-13,1.2750217e-05,4.52834e-40,7.441827e-26,1.5778226e-10,6.309168e-13
1211,467,957,7,8.4102934e-21,1.6307181e-09,1.556899e-14,0.44152355,2.1578318e-30,8.7533424e-26,0.00021991703,0.5538389,0.00035083832,4.4897155e-07,2.4288178e-09,5.054551e-22,0.0,7.5729173e-07,5.8538716e-11,0.00023937055,0.0038249283,1.6254599e-29,3.0743762e-19,3.5424974e-14,4.7588383e-18
1212,957,958,3,1.3822976e-35,6.5302305e-07,6.0377067e-13,0.9843499,4.2363186e-16,3.954948e-34,8.549871e-07,0.015635688,3.1245036e-06,6.5289382e-06,9.0805406e-17,1.6168193e-23,0.0,2.3866218e-11,8.1580125e-12,3.9507196e-07,1.3316919e-06,2.0760962e-27,2.8602643e-24,1.3366784e-15,2.7024855e-21
1213,958,490,7,3.0507976e-21,2.0446777e-08,4.4155925e-22,2.9051245e-05,1.01163e-29,1.6116914e-36,3.0278927e-10,0.9999695,5.7882965e-12,4.8162104e-07,6.757999e-18,6.86915e-37,0.0,1.7597451e-10,6.2712467e-16,1.4858252e-13,1.7374101e-06,0.0,4.383576e-12,6.2440066e-17,1.3454884e-22
1214,490,959,9,2.917465e-26,0.003203659,5.5932285e-17,6.0733965e-13,3.4993515e-32,3.83618e-40,3.7082832e-09,4.7866147e-06,3.978249e-12,0.99679315,3.5765542e-13,7.3410616e-32,0.0,1.626818e-07,1.483095e-14,9.5779104e-17,9.798012e-10,2.0402513e-24,9.116941e-34,4.9205895e-10,2.0777272e-28
1215,959,960,9,3.2033275e-34,9.509924e-05,1.0532963e-17,7.882731e-15,7.492179e-21,3.610102e-32,4.8724124e-12,4.860769e-06,2.2926805e-11,0.9999008,1.0856459e-17,1.3999386e-25,0.0,1.2289448e-11,1.090721e-20,2.0597969e-21,1.2849926e-12,1.430273e-28,1.7253611e-31,2.133141e-14,1.2354873e-27
1216,960,961,3,2.874e-42,5.8145075e-09,1.0900734e-18,0.9893002,2.838541e-13,3.1498045e-27,1.1807124e-16,0.0006211572,6.3242805e-12,0.010077037,5.029752e-17,3.1858703e-23,0.0,2.7605829e-15,7.792951e-21,2.5716855e-14,3.4107632e-08,1.4868e-41,7.172861e-26,4.1232844e-20,1.0442027e-25
1217,961,541,3,4.2831e-40,1.1595266e-12,1.15495195e-14,0.99968344,6.738826e-24,5.4737445e-22,3.9783682e-13,0.00026153476,1.0489685e-12,5.371073e-05,1.8077046e-12,3.529403e-20,0.0,1.0253227e-11,1.5185183e-17,3.027997e-10,3.2613572e-09,2.1789508e-29,2.1938315e-20,4.8833385e-18,2.9421824e-29
1218,541,962,3,1e-45,1.6220239e-12,9.679014e-12,0.9729784,4.9366345e-22,3.5120919e-12,1.9740707e-11,0.026758196,3.765003e-07,0.0002641094,2.705408e-11,1.1603229e-12,0.0,3.4948933e-11,1.849809e-21,1.14985486e-10,1.770842e-11,5.9876244e-32,7.227626e-27,3.6411956e-16,4.7330604e-32
1219,962,963,3,0.0,9.339445e-12,9.945874e-14,0.99996567,3.2369764e-17,1.0288727e-18,1.901819e-15,3.2241547e-05,1.8859473e-07,8.930909e-07,8.0141345e-16,3.2983026e-17,0.0,1.1904691e-14,9.317915e-27,1.1510259e-11,1.7349488e-11,0.0,5.075708e-30,6.4394824e-18,1.4421904e-34
1220,963,964,1,3.3184937e-33,0.9893116,1.0698275e-07,4.864419e-15,1.231965e-30,6.2393777e-35,1.3769956e-08,1.2833738e-08,6.166184e-08,0.010646639,2.5654198e-10,8.730868e-18,0.0,2.4474227e-06,1.99326e-19,2.2052748e-14,5.366517e-16,2.2673145e-22,3.389878e-24,4.0057348e-05,1.1368598e-21
1221,964,174,1,1.8292462e-24,0.99973303,1.9018616e-16,2.1273183e-18,3e-45,4.922415e-38,1.4563515e-08,2.875664e-12,6.8311676e-11,3.3522804e-07,4.1242e-11,3.9578416e-36,0.0,8.444369e-06,1.3969764e-12,2.1118772e-16,1.6915968e-15,2.3237734e-24,2.0641236e-28,0.00025934807,3.3681635e-21
1222,186,965,1,6.566478e-29,0.999794,2.3287884e-08,4.2249266e-15,1.86e-43,6.4957284e-12,3.5562923e-08,7.79069e-14,1.1373477e-10,1.0646826e-05,1.4681761e-09,2.704711e-15,0.0,8.818825e-05,1.1912937e-10,3.4501793e-15,3.5261436e-14,7.6411545e-18,3.9946088e-36,0.00010823244,6.941385e-20
1223,965,966,1,2.3355723e-34,0.99992746,3.574708e-08,7.5969186e-18,1.2139857e-37,1.7693425e-34,3.0849652e-09,4.8970277e-12,9.874384e-07,7.021975e-05,7.7729307e-16,4.3935448e-16,0.0,5.9374532e-08,1.3473805e-19,5.521273e-19,1.2066169e-15,1.7722648e-22,2.665454e-28,9.699404e-07,8.1563484e-23
1224,966,967,3,2.248e-42,5.742171e-07,7.189409e-18,0.99991995,7.488197e-16,2.8398048e-38,1.0809873e-12,3.3536908e-05,1.0551919e-07,4.3878244e-05,1.2195349e-18,5.4670916e-28,0.0,3.389339e-14,2.7574908e-21,9.560642e-10,1.5623195e-06,2.404756e-39,1.1415711e-20,8.671222e-18,3.660136e-23
1225,967,380,3,1.8619868e-28,2.1018921e-11,8.887774e-16,0.99154824,7.560121e-32,7.823748e-29,2.1466633e-10,0.0078053693,3.2474602e-12,0.00064471725,2.0912909e-15,1.1689475e-25,0.0,4.4733457e-11,8.800076e-12,1.3173974e-14,1.8433418e-07,9.1050636e-32,1.0998349e-25,1.7127922e-21,8.202836e-24
1226,380,968,3,1.01420565e-32,4.9667254e-14,3.3698796e-17,0.9913062,1.4444952e-37,3.2817536e-14,4.7205745e-13,0.0003024658,1.5910895e-10,0.008390598,6.0969978e-15,4.2373945e-19,0.0,1.7614618e-13,2.99041e-20,8.221875e-11,1.4661621e-08,5.1376716e-31,1.6175456e-25,1.3971906e-18,3.8219112e-32
1227,968,969,3,1.73775e-40,8.5740015e-16,8.78331e-19,0.9999886,5.841059e-29,3.3165179e-19,9.218935e-16,1.2159754e-05,3.5180744e-11,4.391169e-07,1.506793e-17,2.067788e-21,0.0,4.1167082e-16,7.692072e-18,1.5600196e-15,6.882881e-11,4.22e-43,7.0466995e-32,1.2353962e-22,3.8992798e-27
1228,969,970,9,5.8708725e-32,0.0027971182,6.9677836e-12,2.3585305e-17,5.604535e-29,9.2318335e-27,5.57629e-10,5.9756005e-09,7.8733285e-14,0.9972039,1.4453074e-12,8.7506266e-21,0.0,4.668726e-07,1.3295582e-16,1.790246e-20,1.911808e-13,1.4155882e-16,2.3164393e-29,5.167727e-08,1.9025276e-25
1229,970,392,9,1.2728114e-26,0.0017965485,4.6056217e-10,3.5496752e-17,5.5350764e-30,3.6551293e-22,4.883643e-08,3.111288e-07,1.8520721e-10,0.807927,8.145928e-09,1.7786728e-21,0.0,0.18995269,2.1509417e-18,1.2104731e-19,2.4061452e-13,8.3922066e-16,1.1246729e-16,0.0003250051,4.9523006e-25
1230,392,971,3,1.9151244e-33,5.5498804e-06,6.1190786e-10,0.996683,6.2111373e-29,4.7259808e-20,2.86834e-08,4.5013472e-05,2.2442434e-08,0.0032649145,1.2216419e-14,3.3301875e-17,0.0,2.5750015e-08,4.0332918e-11,3.8089592e-16,5.9379224e-10,4.455259e-34,1.6714975e-33,9.781844e-17,1.1157639e-22
1231,971,972,3,8.9708e-41,1.2812613e-07,9.54503e-13,0.98028797,2.23729e-19,4.8265013e-18,5.5312886e-11,0.017167859,3.378701e-07,0.0025436592,6.8045883e-18,5.2082984e-15,0.0,9.770382e-12,2.1542345e-18,8.571446e-17,2.4683288e-08,3.95638e-40,1.378823e-33,1.4408486e-19,5.127261e-29
1232,972,973,1,3.178992e-35,0.92506754,4.5742522e-07,3.6661843e-17,1.6545665e-32,4.109851e-31,3.5641844e-07,4.0691243e-06,1.2037892e-08,0.07066162,3.1069183e-10,1.06058195e-17,0.0,0.0006365379,1.982493e-18,3.3184737e-15,4.0687334e-15,5.424839e-12,1.9230513e-27,0.0036295294,1.3997701e-29
1233,973,484,13,1.3351596e-38,0.0146063445,1.1915762e-09,3.2220538e-19,1.05975885e-36,4.57998e-40,4.694008e-09,3.955628e-11,1.068445e-07,7.2441435e-09,5.248924e-09,8.40673e-29,0.0,0.86570525,5.020309e-14,1.4354157e-14,6.742942e-16,3.908291e-11,1.4583732e-33,0.1196902,1.1611959e-26
1234,484,974,13,9.123927e-28,0.00020097979,4.1324117e-08,9.767546e-13,2.683332e-39,5.441e-42,4.6443924e-06,2.3387954e-15,1.5728287e-10,4.3719885e-11,2.974398e-16,6.280211e-35,0.0,0.99848294,0.0012718994,2.6176598e-14,5.207796e-10,2.2297006e-17,1.7452651e-32,4.142393e-05,1.4839743e-19
1235,974,975,13,2.6734928e-10,1.8924519e-10,3.3432077e-10,3.6800193e-14,3.57e-43,2.7469903e-37,1.0375302e-06,1.2845147e-16,2.361294e-10,2.5685693e-13,8.11127e-14,1.7038276e-33,0.0,0.98593587,0.014062868,2.5827318e-17,4.4732243e-12,2.1867281e-29,1.227544e-39,2.5136115e-11,5.1532765e-16
1236,975,976,13,9.0209015e-20,2.772632e-10,5.8018596e-08,1.1002566e-14,1.4858944e-34,4e-45,8.660994e-06,6.5536396e-14,1.07173e-09,6.321913e-13,1.8299161e-09,1.8540852e-34,0.0,0.9999466,4.49625e-05,1.2260014e-08,5.884643e-16,1.3698662e-14,7.124233e-28,5.982603e-09,5.55469e-13
1237,976,518,14,3.669631e-07,0.00036156116,4.858712e-13,4.2951056e-18,0.0,1.8993244e-38,1.745822e-05,2.5352307e-11,1.6781634e-08,1.0307419e-12,3.4521953e-14,2.4441341e-32,0.0,0.0005124765,0.9991077,8.938694e-19,8.219189e-16,3.961e-42,5.809398e-20,2.2962665e-13,4.4219976e-07
1238,518,977,1,1.4801155e-08,0.94797003,1.7977692e-10,5.9457943e-08,1.5297486e-35,1.7215613e-38,0.031538606,6.361801e-07,8.598466e-09,9.722413e-06,6.3637407e-15,5.383389e-32,0.0,3.020216e-06,0.020461587,1.7819485e-11,6.366313e-08,1.4528822e-32,2.2142901e-18,4.0082103e-13,1.7754943e-05
1239,977,978,6,4.4240492e-10,0.00012035666,1.1186724e-11,5.413162e-11,2.64244e-40,1.1507e-41,0.9998779,4.9094145e-10,3.3707164e-09,7.0515455e-08,5.303027e-15,2.7026547e-33,0.0,3.8187228e-08,1.3072186e-09,1.9089759e-10,6.9054518e-09,1.7108988e-28,5.0096015e-27,1.344528e-16,7.279794e-17
1240,978,979,13,3.451271e-08,9.722728e-10,6.453884e-13,1.7571016e-18,1.0585756e-35,6.480166e-33,0.0003119124,2.591769e-12,7.802619e-06,4.9297076e-15,6.1554665e-08,2.1472394e-30,0.0,0.9996796,9.843567e-10,8.690532e-17,8.7354025e-17,1.319026e-30,9.46969e-38,3.160375e-10,4.634744e-22
1241,979,980,13,4.5019006e-11,9.065375e-11,3.7657117e-12,2.9037867e-18,9.5531095e-37,1.1767236e-32,4.2196702e-10,1.4077235e-12,1.6221076e-08,3.1796545e-15,5.5517415e-07,6.542874e-29,0.0,1.0,2.5065549e-11,1.8160345e-18,9.506157e-19,5.8365424e-35,8.3897815e-37,5.082851e-10,1.8834131e-18
1242,980,438,13,4.7842313e-10,8.56668e-08,6.5928854e-13,1.5406857e-16,1.5217204e-38,3.7926395e-28,7.928443e-09,6.0838727e-07,1.4766506e-11,3.0466772e-08,8.199497e-07,2.3323308e-27,0.0,1.0,4.1616358e-13,2.125023e-18,6.2348257e-15,2.3490598e-38,1.4592315e-24,1.228549e-14,2.0438618e-20
1243,951,979,13,1.7193231e-16,2.1559864e-10,9.042841e-14,6.8793194e-16,4.602309e-37,3.262e-42,4.0841737e-08,2.3344774e-11,6.5876166e-10,5.682125e-12,3.718106e-13,3.4950603e-37,0.0,1.0,1.0686804e-09,7.36543e-19,5.723362e-15,5.543282e-35,1.5053005e-38,8.274857e-12,9.778446e-25
1244,979,1006,13,4.0018122e-19,3.0570283e-07,6.0717745e-13,8.1611036e-17,2.3449948e-38,1.35553e-40,7.099755e-07,7.44525e-07,1.0510425e-06,1.1339989e-10,2.6159157e-12,4.2377526e-33,0.0,0.9999962,7.158066e-13,3.643842e-20,1.9211136e-14,1.906e-42,7.5221735e-33,4.7928827e-13,2.677806e-28
1245,975,1000,13,5.0603184e-15,3.199288e-10,3.4906297e-11,1.4739664e-18,0.0,0.0,3.0505166e-07,1.5098053e-13,1.4809006e-08,1.2643862e-11,2.903566e-10,8.120539e-34,0.0,0.9999962,4.951253e-06,8.8051576e-17,9.865814e-19,5.2204403e-27,9.691e-42,1.3159586e-10,4.3863922e-17
1246,972,994,1,5.1646947e-37,0.5249165,4.3892885e-09,7.6075816e-13,8.097922e-35,1.0968066e-31,2.4629887e-06,0.012381639,2.3757098e-06,0.46264383,8.847157e-14,9.6207855e-18,0.0,5.3874894e-05,5.326839e-19,4.14917e-16,2.4023603e-11,4.732586e-19,5.8988887e-32,2.9776e-08,7.133752e-35
1247,969,988,9,1.9052247e-30,4.6561203e-05,1.881539e-18,6.5313896e-18,1.722147e-22,2.3782569e-29,5.39475e-12,6.0589546e-06,1.2758156e-11,0.9999466,1.3717525e-16,5.71365e-24,0.0,1.8880832e-09,1.3438387e-19,1.5565305e-22,1.0361496e-14,5.261448e-26,4.4115823e-31,1.7050349e-13,6.089008e-28
1248,966,983,1,3.1485678e-34,0.9999923,2.0383823e-11,1.2709348e-17,6.8043148e-37,9.2126536e-36,1.8798698e-08,4.7791534e-13,4.5216357e-06,1.6980828e-06,1.3827043e-19,1.9958146e-21,0.0,3.2846172e-09,6.7561403e-19,1.2570567e-19,5.79808e-14,2.4171083e-23,3.1061727e-32,9.4376304e-08,1.6500052e-22
1249,186,981,1,6.200636e-26,0.9964168,5.2681755e-11,2.124735e-22,6.65366e-40,2.5120058e-15,3.397751e-08,3.7246664e-12,3.76793e-09,1.7076967e-06,1.0483609e-11,5.0120325e-18,0.0,0.0008149243,5.121514e-14,2.871006e-19,1.8651312e-18,3.4934982e-16,9.21105e-26,0.002766746,1.0575055e-21
1250,981,63,1,9.963437e-25,0.98074055,3.7235742e-11,5.3437734e-26,1.006706e-37,1.28223e-21,1.3873298e-08,1.09148775e-11,1.2449621e-07,1.2441026e-07,2.2529279e-12,2.5644783e-19,0.0,0.00031579382,2.1937537e-15,1.4579378e-20,9.036908e-22,5.260443e-19,3.5533322e-25,0.018944895,1.2838157e-21
1251,981,982,1,3.5752136e-30,0.9999886,1.3276269e-09,5.4839696e-20,1.8716e-41,8.76e-42,2.5559984e-06,5.340021e-12,7.667022e-11,8.720038e-06,6.7591446e-15,8.36364e-30,0.0,1.341343e-06,8.734846e-15,1.0065468e-18,3.6565004e-12,8.2755126e-14,3.4985182e-28,4.2806693e-07,3.3153706e-24
1252,982,983,1,2.4462722e-38,0.9988029,5.1144346e-11,1.8003561e-18,1.8620365e-28,1.2805668e-38,0.00086655305,2.310031e-08,0.00023493782,9.697047e-05,1.919362e-15,1.9635451e-22,0.0,1.8359934e-08,8.8549426e-17,1.03226745e-14,1.0211088e-08,1.0389371e-12,1.2570263e-29,8.815268e-11,2.7505977e-22
1253,983,984,18,8.455568e-18,8.64578e-05,1.1712743e-08,3.660962e-07,5.794839e-26,5.553156e-31,5.6038302e-06,1.9910467e-06,8.903691e-08,3.15633e-08,1.0873964e-07,1.1228592e-24,0.0,0.0002894385,5.1605036e-13,9.137825e-13,8.88608e-16,1.5513307e-31,0.99961483,2.2531156e-06,1.3557908e-10
1254,984,985,3,0.0,6.435494e-06,1.4070584e-11,0.9999923,8.678716e-22,6.2347684e-33,2.1721323e-11,6.2797983e-07,3.2862327e-10,7.045281e-08,3.428173e-18,3.3199997e-26,0.0,1.2188881e-11,2.0337877e-15,4.078687e-11,4.2115333e-10,3.0956723e-37,8.6717355e-29,5.4542304e-16,3.4257223e-29
1255,985,986,3,0.0,0.00905753,1.7611882e-11,0.99081844,3.0582165e-23,1.9504469e-26,1.073042e-11,0.00010257528,1.497552e-07,5.7633283e-06,2.6615343e-19,8.5820296e-21,0.0,1.9077804e-12,1.5651978e-17,1.3137416e-10,1.5570013e-05,2.429352e-34,5.4310243e-29,1.9172918e-14,6.1202043e-31
1256,986,987,3,0.0,0.00041869414,1.9957114e-10,0.9971735,7.6940813e-22,2.2039423e-25,2.1260339e-13,0.0024031764,5.289368e-08,3.5863493e-06,3.100301e-17,1.6388873e-17,0.0,4.9028056e-11,1.605464e-20,1.1236787e-07,7.28914e-07,2.184082e-39,2.9718337e-24,4.3525784e-14,1.6435813e-34
1257,987,988,3,2.7767429e-37,0.040059093,3.4201388e-11,0.51351637,6.1128747e-17,9.467622e-25,7.8267787e-10,0.0017775563,1.2034718e-09,0.44463012,2.7751766e-14,3.1783905e-17,0.0,1.1173723e-10,4.2448083e-17,4.629502e-12,1.5989976e-05,6.331467e-29,8.1252186e-26,4.648357e-16,1.1463406e-28
1258,988,989,9,2.2300105e-29,0.38258955,1.8712015e-12,1.8470526e-13,3.4990528e-20,6.1718236e-33,6.469946e-09,2.174543e-05,8.8557384e-13,0.6173832,1.1130781e-13,1.3221231e-24,0.0,3.2347598e-06,2.8800397e-15,5.0859384e-16,5.933847e-10,2.7840287e-15,9.804578e-13,5.3552736e-07,2.3412396e-24
1259,989,990,1,3.747904e-39,0.99594176,2.2711314e-15,0.0005372367,7.783974e-22,2.5879946e-35,1.3031551e-10,0.00016260389,3.5716749e-12,0.0033185822,1.164222e-09,1.18935706e-29,0.0,1.1094829e-06,1.8092161e-11,1.5628774e-09,8.7207596e-08,1.2605216e-22,7.801946e-18,3.9677456e-05,2.6716882e-25
1260,990,991,1,0.0,0.9992869,2.443183e-10,0.0006119774,2.244772e-25,5.4248126e-29,4.3848137e-12,9.39974e-05,9.532418e-10,5.9433282e-06,1.997603e-15,9.917273e-21,0.0,9.445442e-09,3.6987354e-15,1.2440689e-08,4.3779892e-07,7.152969e-26,3.6649032e-29,5.163448e-09,4.5607277e-31
1261,991,992,3,0.0,0.00919778,1.9611207e-06,0.9852027,6.5865306e-19,3.003522e-21,1.5399736e-10,0.003601078,1.9779256e-08,0.0019446526,1.3516244e-16,9.988317e-12,0.0,6.7307844e-09,1.8338298e-16,5.5949877e-06,4.5289915e-05,4.4213002e-32,1.3762104e-27,2.99686e-14,2.7563802e-33
1262,992,993,7,2.460256e-36,1.7603128e-06,6.295186e-10,0.030351562,1.1193407e-07,1.6489506e-19,5.132105e-10,0.96961045,2.9878793e-05,4.442509e-06,5.2897205e-12,1.3020479e-16,0.0,4.533442e-09,7.688602e-20,2.218717e-06,1.1489253e-10,1.5689073e-28,1.382821e-18,2.0220238e-13,9.1502264e-24
1263,993,994,7,2.370856e-37,0.0014447958,4.4223552e-13,1.0314802e-14,3.512646e-17,1.900604e-34,1.6456976e-09,0.99849427,1.8102701e-06,5.736156e-05,9.4182315e-11,1.6047766e-22,0.0,1.069416e-06,1.1816305e-18,2.4880057e-12,6.436594e-15,1.1802595e-13,3.5786604e-18,7.950374e-08,1.7148424e-24
1264,994,995,17,8.66597e-40,0.00042584608,2.051103e-12,7.075996e-20,2.4062782e-32,1.2496035e-33,3.5423884e-07,1.9605075e-06,7.93513e-09,1.3547322e-08,1.9744145e-06,4.7659144e-22,0.0,2.1017534e-06,1.3276185e-14,2.0995762e-11,6.490554e-19,0.99932504,5.3801904e-23,0.00024325792,5.164315e-24
1265,995,996,17,1.520298e-39,0.055295203,8.0554633e-13,1.5710501e-22,5.163821e-32,2.324361e-37,0.00021803672,2.0491686e-07,3.0055722e-07,1.6811373e-07,3.2005103e-09,3.4212385e-24,0.0,5.948571e-05,1.3148548e-10,5.600493e-15,2.4951945e-17,0.9407435,7.010054e-23,0.003683776,2.2912493e-16
1266,996,997,1,3.078375e-36,0.9925057,1.7392748e-12,7.730977e-14,6.505952e-25,0.0,9.304285e-10,4.986561e-08,7.999489e-12,0.007486076,2.2842516e-15,8.937515e-31,0.0,8.691046e-06,2.5491779e-17,1.3849599e-17,1.6141601e-12,9.462545e-22,1.6215173e-26,1.6953699e-07,3.4431163e-24
1267,997,998,1,5.9377797e-20,0.6616812,5.13175e-11,6.35882e-06,4.3343922e-26,2.138797e-28,4.174348e-09,3.2782995e-07,1.0414469e-08,0.33282083,3.805326e-10,2.300867e-23,0.0,0.0054807756,1.4980803e-11,5.5008077e-15,9.282184e-06,2.996e-42,3.2170855e-23,7.328868e-08,4.906917e-13
1268,998,999,20,0.32115915,2.1652052e-06,1.6993336e-13,1.0401402e-09,3.3581063e-28,1.1902275e-23,1.0574086e-06,0.0014213169,0.00045198807,0.0027386884,0.0073307035,8.3344134e-20,0.0,0.13773894,0.00043177567,1.7934872e-11,2.9459297e-09,5.68797e-40,4.0415605e-27,8.177084e-11,0.52872485
1269,999,1000,13,9.325388e-26,2.195084e-08,8.566393e-14,2.7222105e-18,4.0813675e-32,1.0043e-41,1.3343769e-06,3.88697e-11,3.2096344e-07,1.1971763e-08,4.3453734e-09,2.7664358e-36,0.0,0.9998397,0.00015853872,2.3755706e-16,3.878891e-14,7.206532e-21,5.8692e-41,1.0455879e-06,2.0664258e-19
1270,1000,1001,19,7.794309e-31,0.013028273,9.016102e-09,2.5057124e-12,1.5226304e-25,2.9581052e-30,0.010108684,4.3935e-06,0.0011935815,5.3463154e-06,0.10666279,4.1148426e-22,0.0,0.15506563,7.333339e-09,1.4793219e-05,1.9959891e-14,1.7840956e-06,4.2560394e-27,0.71391565,9.450505e-13
1271,1001,1002,6,9.183272e-39,0.070045695,8.204874e-08,1.2821867e-05,6.587734e-20,2.3411153e-31,0.92758715,2.4887254e-06,8.7443195e-06,0.0005435259,7.202107e-06,2.510936e-20,0.0,1.6121843e-05,6.55355e-11,0.0016655844,5.6933135e-07,1.6017496e-14,1.00535286e-19,0.0001108769,2.562433e-13
1272,1002,1003,3,6.7960363e-38,0.04450677,8.806887e-06,0.9542867,7.049797e-23,1.2347023e-24,5.5767297e-05,5.0742908e-09,3.9298488e-11,0.00031429518,1.0902368e-08,1.890623e-21,0.0,1.3504967e-07,2.0711533e-11,1.0805829e-05,0.0008160131,5.52891e-24,1.3137236e-22,4.4596732e-07,7.8936334e-20
1273,1003,1004,3,0.0,1.03441895e-08,1.3670298e-09,0.9999962,9.867207e-19,5.857793e-22,3.6894966e-12,1.0140683e-06,9.9228e-13,3.5406458e-07,3.3510538e-14,1.7604968e-18,0.0,2.2711783e-12,7.002169e-16,6.3163785e-10,8.756934e-07,1.650613e-33,5.1930505e-27,1.1754053e-16,1.5637262e-29
1274,1004,1005,7,0.0,5.242735e-11,6.926758e-12,0.3942572,3.0193664e-19,1.7601798e-27,4.2731494e-14,0.60571444,3.178911e-10,2.9445988e-05,2.205121e-16,4.1859533e-18,0.0,5.72145e-12,7.745565e-20,7.998624e-15,4.3491728e-08,8.758642e-36,3.4268808e-24,1.5948777e-22,4.3724176e-28
1275,1005,1006,3,1.8668e-40,1.1666684e-07,7.802386e-12,0.9973142,3.4280402e-19,2.4239535e-28,3.769122e-10,0.0010900443,2.6465422e-10,1.0176178e-06,4.8141262e-18,3.1730743e-23,0.0,8.677516e-09,7.12624e-14,3.5164085e-12,0.0015928868,3e-45,3.3713392e-28,5.068763e-22,5.579262e-35
1276,1006,1007,1,3.9703332e-28,0.9372189,7.625869e-10,9.292431e-19,3.174044e-30,2.0359955e-27,0.00049558876,4.244215e-07,1.01957184e-07,0.015558876,2.2863245e-09,2.4925934e-20,0.0,0.042023547,1.4026291e-15,9.383498e-15,8.1897317e-10,2.731048e-13,2.0764247e-31,0.0047036298,1.2175855e-28
1277,1007,1008,13,4.6448504e-22,1.7859886e-06,2.7733942e-17,6.1331934e-25,2.891938e-39,7.06207e-40,1.6504979e-05,2.2842369e-05,2.4389868e-07,1.0946239e-10,2.146071e-05,5.1627352e-33,0.0,0.99988943,9.250104e-10,3.4875062e-16,6.942564e-16,5.512217e-14,8.871029e-26,4.6897218e-05,2.9698715e-25
1278,438,1008,13,1.3700929e-11,4.956674e-07,2.1886412e-12,4.626573e-19,4.648e-42,4.6227195e-37,2.6847094e-06,1.8919156e-05,4.8939086e-12,5.6740358e-08,3.194657e-08,4.5966432e-29,0.0,0.99997705,4.618546e-13,1.7322683e-21,5.101189e-17,4.0432157e-32,1.073057e-21,1.8897934e-14,2.376269e-23
1279,1008,432,7,4.6161703e-12,4.6458078e-07,8.297091e-09,3.7731405e-15,1.101868e-39,5.6473485e-37,0.022366865,0.7000406,1.4170797e-08,8.315065e-07,5.1856375e-08,1.3601457e-20,0.0,0.27759147,2.7650376e-10,2.2029316e-19,1.138688e-12,1.0906927e-34,2.3450827e-17,6.6500074e-17,9.1819765e-24
1280,432,234,7,1.025823e-27,6.24698e-11,0.0034276103,2.8605072e-07,3.4416e-41,2.6759217e-17,3.1461857e-07,0.9956607,5.1628994e-08,1.3109365e-05,3.705011e-12,0.0008958288,0.0,3.6624985e-07,4.823338e-17,7.344163e-19,1.6219919e-13,1.8973069e-35,2.6435827e-27,5.0776433e-23,1.8882747e-27
1281,1006,1393,7,1.5764043e-23,0.013423593,2.2722406e-15,1.897349e-14,3.90402e-23,2.0315e-41,1.1371553e-05,0.96601087,4.8560776e-07,0.020545041,2.2814048e-14,8.467875e-31,0.0,7.2497114e-06,1.4387356e-17,2.9877582e-17,3.8914227e-10,5.3686576e-27,1.46559105e-24,4.0537274e-12,4.95981e-31
1282,1005,375,3,3.32237e-40,1.5624303e-09,1.2424545e-11,0.99887145,9.617798e-21,7.7975915e-28,3.1121127e-11,8.325198e-05,3.926522e-11,0.00095666543,1.6684813e-14,6.6088197e-22,0.0,1.8354822e-08,1.2126617e-15,1.0741787e-07,8.783473e-05,3.503477e-33,8.876977e-21,3.741487e-18,5.1165605e-34
1283,375,1392,3,9.713756e-25,1.3219127e-07,3.0758168e-13,0.967379,1.19930735e-29,6.137296e-23,9.973772e-12,9.902643e-06,4.382188e-12,0.032601003,2.0998052e-14,3.3638288e-18,0.0,9.165144e-09,3.3778145e-13,7.417227e-11,9.19503e-06,6.28e-43,3.3002484e-20,5.748387e-17,1.508629e-23
1284,1003,324,3,1.2196075e-36,5.3496815e-06,1.6458755e-14,0.9869933,7.12526e-22,2.6720816e-13,1.6600844e-11,0.012812156,2.949091e-08,4.028138e-05,1.7615837e-12,1.09601555e-17,0.0,4.46794e-11,2.6741768e-17,5.404305e-13,0.00014773094,1.594913e-39,2.4576485e-21,1.3624488e-16,1.9427532e-19
1285,1000,1018,13,2.7380573e-21,1.1753562e-08,3.61555e-15,6.212049e-18,8.8081705e-27,5.5821933e-37,1.4798719e-09,7.687267e-09,4.1807607e-06,1.0621729e-10,2.034564e-07,8.297179e-33,0.0,0.99997705,2.0592161e-13,2.4700531e-15,6.935761e-16,4.940851e-31,9.764884e-39,1.9492629e-05,6.685947e-25
1286,997,318,1,1.3233355e-07,0.6361117,3.1296542e-15,7.975874e-12,2.4e-44,1.92174e-33,1.3792321e-05,3.8370085e-06,1.7592233e-08,0.00066694355,4.5838398e-08,6.633738e-33,0.0,0.36320537,2.715045e-10,2.6965965e-20,2.0554836e-10,6.10034e-40,8.30119e-28,3.1949723e-09,1.3287673e-16
1287,994,1015,17,5.3375e-41,0.042003036,8.315175e-11,3.6748197e-19,1.1700095e-32,4.5001626e-35,2.9961542e-05,4.443223e-05,4.4728773e-07,1.4756013e-06,2.4287842e-06,5.9213964e-22,0.0,0.00016251953,1.6791004e-13,9.7016416e-11,5.388736e-15,0.95311165,6.5912393e-24,0.0046437616,3.8914523e-25
1288,991,330,1,4.3445212e-27,0.9386787,2.1134256e-15,0.059561644,3.946963e-25,5.5549655e-28,6.405579e-09,0.00083409064,3.0706244e-05,3.7359925e-05,7.947652e-14,1.367565e-27,0.0,4.737528e-07,4.0038426e-19,9.133056e-12,0.0008558956,5.905e-42,1.5927717e-25,7.662531e-08,9.8660675e-21
1289,988,1012,1,2.8267936e-29,0.9999466,8.521127e-13,2.7330462e-15,3.985823e-30,8.066e-42,3.6602216e-07,8.465801e-10,1.2497176e-11,4.5727393e-05,3.4050328e-14,4.1805245e-27,0.0,1.06614815e-08,5.654892e-15,1.09534324e-16,4.278028e-13,2.762566e-13,3.6756215e-25,5.951587e-06,6.4021164e-22
1290,986,264,1,3.178919e-35,0.92723334,9.494393e-16,0.07257307,1.9839396e-24,1.6876503e-32,1.0738241e-11,0.000113727314,3.3896487e-07,6.572798e-05,8.5609943e-16,9.270215e-30,0.0,5.130052e-09,4.5295425e-21,4.50403e-11,1.3797899e-05,3.2349e-41,6.3338954e-25,9.44868e-10,9.046344e-25
1291,983,1010,1,1.8367432e-30,0.997261,9.820057e-09,3.87595e-13,1.0221191e-21,3.6792322e-37,0.0011996389,1.92892e-06,0.0009783588,0.00055085245,4.676704e-10,3.9389106e-20,0.0,1.1356977e-07,1.7703936e-14,7.058889e-09,2.2242593e-06,1.0607558e-10,8.50178e-27,6.9112866e-06,9.6868524e-18
1292,63,156,6,2.380928e-27,0.0002948073,1.9105016e-07,1.0058694e-14,1.2878436e-35,1.147228e-29,0.9591517,2.6516911e-06,5.4081955e-08,3.0615098e-07,3.1989634e-07,1.1019238e-22,0.0,0.040548306,1.8897663e-12,2.871739e-12,2.5255219e-17,1.3243206e-14,4.256456e-22,7.978086e-07,5.4844526e-27
1293,156,1009,6,3.9936894e-31,8.824476e-06,2.3496488e-10,1.4452107e-16,6.1452503e-34,1.39e-43,0.99997336,1.9642845e-09,3.3950062e-07,2.555874e-12,1.6965826e-11,1.3722846e-26,0.0,1.8176614e-05,1.0837432e-16,5.1984335e-15,7.1587433e-22,1.566424e-15,1.9299236e-26,2.5448912e-11,6.8157193e-22
1294,1009,1010,6,2.7802703e-31,0.00046849143,7.382728e-12,5.1854846e-21,2.552889e-37,9.145e-42,0.96691775,9.687515e-11,3.5135246e-05,2.3586457e-11,4.921866e-10,8.2715756e-27,0.0,0.03258011,3.7737795e-12,1.8502558e-19,4.3256515e-20,2.9922926e-13,3.348153e-29,3.3589365e-07,3.4508042e-19
1295,1010,1011,13,3.9837264e-22,0.013579288,2.1319392e-12,1.0858282e-17,8.5359735e-33,8.931545e-32,1.5519755e-09,1.804853e-11,2.0575488e-08,7.12462e-11,2.9486729e-09,2.5260245e-31,0.0,0.98635715,5.405465e-11,2.1890867e-17,3.5200502e-17,4.213931e-16,1.3308414e-32,6.341697e-05,1.7265988e-16
1296,1011,264,3,6.8188763e-19,0.029406857,1.5323809e-15,0.96914077,5.34653e-40,4.245029e-35,2.0120193e-07,6.312049e-08,4.8081154e-07,1.1326739e-06,9.9436084e-12,1.5521222e-33,0.0,5.187701e-06,1.9036647e-13,1.1584478e-12,0.001444421,3.14e-43,2.090615e-28,4.297288e-09,5.2783058e-14
1297,264,1012,1,6.757278e-18,0.9951936,2.2679455e-15,1.0253093e-14,3.2174603e-34,0.0,3.3363077e-07,7.283542e-10,2.6909701e-09,3.1066625e-07,1.2914153e-12,2.42154e-40,0.0,8.694465e-05,2.8704411e-16,1.4622352e-16,4.3815385e-11,1.7330389e-24,4.4813595e-17,0.0047169984,1.5072004e-18
1298,1012,1013,1,2.7799445e-14,0.9853606,1.4296956e-12,7.813885e-19,3.190147e-33,2.23e-42,6.025714e-07,4.6807244e-08,4.849371e-09,2.0818376e-05,1.8196182e-12,3.2772805e-33,0.0,0.014192372,7.2411445e-13,4.378275e-21,1.7693065e-14,2.3516585e-24,6.7708866e-15,0.00042658093,1.4330951e-15
1299,1013,330,1,4.0332777e-18,0.9998627,5.347721e-14,4.2670995e-17,1.8763275e-26,0.0,5.092252e-07,6.734813e-10,2.7337666e-07,2.798533e-06,2.902649e-16,1.7846623e-34,0.0,0.00011869654,7.362464e-16,1.2933743e-17,1.2483634e-13,2.7041283e-26,1.7694293e-20,1.4981077e-05,1.4439852e-19
1300,330,1014,1,4.4160505e-28,0.9999923,5.2711426e-14,3.2737563e-11,7.7426753e-26,0.0,5.3598693e-08,2.8944852e-11,5.7599e-06,5.386045e-07,2.4719922e-17,5.401244e-32,0.0,5.458749e-08,1.3167963e-19,6.5171914e-14,4.4274305e-08,1.892569e-31,2.2892998e-32,6.491828e-08,1.1003852e-24
1301,1014,1015,1,2.4485323e-15,0.96305627,5.1546063e-11,1.0482542e-09,9.24326e-40,6e-45,2.391386e-05,7.473742e-05,1.2081041e-08,0.011771052,3.5521165e-08,4.2594094e-31,0.0,0.016315639,4.727267e-10,2.1734447e-16,0.00875996,1.1846981e-28,8.558693e-27,3.847998e-08,6.2792295e-20
1302,1015,1016,13,3.3819078e-17,0.33490697,4.9783725e-14,2.1923733e-15,0.0,2.8e-44,2.9995376e-06,5.500728e-06,1.1428735e-06,4.22522e-06,9.466005e-08,7.0705265e-33,0.0,0.6650696,6.6749123e-10,4.7927978e-18,1.0561589e-06,2.3492027e-31,1.5732172e-27,6.978365e-06,5.7710377e-18
1303,1016,318,1,1.9712843e-13,0.994427,1.877676e-16,1.1732216e-12,1.118e-42,1.7284e-41,3.5959484e-08,8.3026684e-08,1.3780204e-08,1.3360991e-05,3.7287787e-10,1.23638685e-36,0.0,0.00555777,2.9013911e-13,1.685701e-17,2.1655508e-07,6.288e-42,5.4747116e-27,5.2716445e-07,1.2387303e-18
1304,318,1017,9,2.75197e-31,0.113133386,1.0434739e-10,2.0459934e-11,1.7137895e-24,6.261e-36,8.217959e-10,7.4218485e-09,9.422148e-11,0.8868672,1.8145936e-11,4.228495e-20,0.0,3.054882e-08,4.3525675e-19,4.7327994e-13,5.297318e-10,7.6831835e-26,4.8283048e-26,3.2288515e-08,1.2381394e-26
1305,1017,1018,9,6.770304e-19,4.4658723e-06,1.4711088e-16,3.9351104e-13,1.54417e-37,1.5982063e-33,2.7834278e-12,2.8991087e-08,7.773365e-11,0.999958,8.478858e-10,6.3518e-25,0.0,3.877193e-05,1.0535233e-21,1.8737246e-18,4.4388283e-08,2.8325671e-30,7.79222e-33,1.5105408e-08,1.9507947e-28
1306,1018,1019,19,9.875821e-21,1.5059749e-05,1.0616556e-15,5.2107746e-18,4.355e-42,3.3115312e-30,2.9188943e-08,7.722832e-09,3.1715117e-09,6.606407e-05,1.0659153e-10,5.19083e-28,0.0,0.00644907,5.4737637e-15,8.3632846e-16,1.9339409e-10,6.988349e-15,1.4524297e-22,0.9934716,3.5785987e-22
1307,1019,324,13,8.758303e-22,0.053992454,1.115851e-11,1.4960594e-10,7.9548375e-22,1.51744e-40,8.184903e-07,0.03829383,3.7656416e-11,0.09249894,3.3346501e-09,1.3150343e-34,0.0,0.6693889,4.345178e-15,6.9858314e-11,2.795488e-09,9.019981e-33,0.14572625,9.877521e-05,1.6699399e-21
1308,900,934,13,1.2452497e-10,6.726354e-06,2.077953e-17,2.585742e-22,1e-45,2.974319e-38,1.3205503e-09,1.0421209e-11,3.4289262e-06,4.1811286e-13,0.011675261,1.7108919e-36,0.0,0.9883007,5.3999208e-11,2.7371663e-16,4.6820606e-17,4.44978e-40,9.237085e-34,1.22288775e-05,7.889289e-15
1309,51,39,13,4.759507e-12,2.0975712e-07,4.521733e-16,1.0042527e-19,1.5180874e-35,5.2262805e-34,1.4738825e-10,3.7297232e-07,3.7243487e-07,0.0064448887,5.0808067e-06,2.4745164e-28,0.0,0.9935473,3.9155375e-14,4.160248e-16,1.04638215e-13,2.961257e-29,1.872594e-27,1.3362245e-08,3.487558e-17
1310,39,900,13,6.7718786e-12,2.0903353e-06,9.004666e-14,2.80416e-17,2.1594036e-31,2.0249779e-30,1.2424788e-10,5.112753e-05,1.058192e-05,0.34254572,0.009242237,6.915054e-22,0.0,0.6481483,5.133932e-15,4.8614563e-13,6.491412e-14,2.4437806e-24,5.4016696e-27,1.4714585e-06,6.9020564e-16
1311,934,51,13,1.7111851e-14,5.727142e-07,6.538223e-17,3.836438e-21,4e-45,0.0,1.4108813e-09,5.927303e-12,3.368443e-08,2.528419e-13,7.350774e-05,3.66051e-40,0.0,0.99992365,2.651965e-13,1.5138285e-16,1.1789079e-16,1.315929e-39,4.8192207e-31,2.7472208e-07,1.0809169e-20
1312,51,1020,13,5.975821e-19,0.00065340527,7.089876e-15,5.1449306e-15,4.538236e-31,6.9585255e-31,6.659151e-08,1.3990722e-12,7.438209e-07,1.8300479e-10,2.271292e-11,2.9235403e-31,0.0,0.964262,1.1621382e-06,1.3196709e-14,4.721356e-10,1.3904491e-25,1.4444585e-27,0.03508387,6.715214e-10
1313,1020,935,13,1.6063899e-19,1.1903649e-06,1.3429702e-15,9.094176e-22,2.0276729e-25,7.61e-43,8.205282e-08,1.4961686e-09,2.0643358e-06,1.1875052e-10,8.384365e-09,1.0110988e-34,0.0,0.9999809,3.6512836e-14,1.7147275e-13,8.55957e-13,2.1090714e-27,8.2996426e-27,1.4830228e-05,4.2615557e-23
1314,935,252,13,4.192066e-14,4.176475e-05,5.94091e-11,2.4038067e-20,3.73767e-40,1.9691407e-37,8.044766e-08,6.3309363e-14,6.612195e-08,5.7391687e-15,9.08786e-08,1.1310594e-28,0.0,0.9997978,1.9262755e-11,4.0450573e-14,3.59253e-18,1.56034925e-27,4.6953e-41,0.00016047363,4.610362e-20
1315,252,1021,13,1.1049335e-22,8.254079e-05,2.177738e-06,2.8163597e-17,5.6564225e-38,1.2691009e-36,1.2828563e-06,5.6295377e-15,1.3661034e-07,9.3405e-15,6.503109e-07,1.7229992e-24,0.0,0.9883346,4.0377163e-08,2.782604e-09,3.145333e-15,1.4673929e-16,1.128e-42,0.011578749,6.640155e-22
1316,1021,240,13,5.433879e-16,1.0297452e-09,2.8672472e-15,5.1522184e-22,7.7791696e-36,3.11e-43,4.9001265e-13,2.3491814e-11,1.0348831e-11,3.4911737e-12,6.0778708e-05,1.3873252e-37,0.0,0.999939,1.0433875e-08,1.363823e-14,1.6689687e-17,5.448035e-23,3.8900396e-34,2.2310225e-07,1.9296274e-20
1317,28,1022,6,3.326595e-24,1.599499e-11,1.4864827e-06,7.130332e-18,2.0874758e-35,3.73621e-33,0.99997705,4.27758e-09,2.2543114e-05,7.697862e-16,1.2659454e-18,1.5033834e-16,0.0,7.917974e-12,6.063383e-17,8.233067e-14,6.8244856e-15,1.292332e-27,2.8177444e-33,8.396845e-25,3.620824e-29
1318,1022,199,6,1.3968392e-10,4.7430976e-07,2.2859016e-05,2.6294828e-19,0.0,5.4362e-41,0.99887913,1.2818772e-07,0.0010984134,1.9183119e-11,1.1874063e-09,6.4541636e-18,0.0,8.4076913e-07,1.4513201e-17,1.13562487e-13,4.2317978e-15,2.4161094e-33,1.374268e-29,1.0197632e-13,2.5735678e-23
1319,199,76,2,1.0815009e-23,1.6983984e-08,0.748103,1.2957684e-11,1.7709959e-35,3.0075454e-29,0.12117871,0.0063370843,0.12406894,2.397229e-07,2.1663428e-08,3.1903369e-06,0.0,0.00030836786,2.5328617e-19,5.0146154e-10,2.661934e-16,3.2791646e-28,9.441032e-27,3.7476658e-14,1.4790762e-24
1320,525,223,8,1.831712e-23,5.8795864e-11,1.8366817e-06,1.790009e-10,2.2170943e-27,1.4584164e-20,3.5268327e-05,0.0019182245,0.99804497,8.106643e-11,1.14470364e-10,9.566274e-07,0.0,1.8649212e-07,5.886064e-21,4.738061e-11,4.224761e-17,3.0303616e-35,2.2473669e-26,7.0928633e-19,7.391296e-19
1321,223,121,2,2.152678e-29,3.1831792e-12,0.99998474,1.3091138e-18,0.0,3.2290495e-30,1.4135725e-05,4.1343587e-12,6.586668e-08,1.1919812e-16,2.0956202e-14,9.337718e-08,0.0,3.2929102e-09,5.750948e-19,1.1477922e-15,2.2173093e-24,4.2139588e-33,1.6889999e-28,1.0899081e-16,9.335158e-22
1322,121,1023,6,9.722268e-28,1.5663736e-11,3.1179326e-05,6.4776364e-13,1e-45,4.166156e-39,0.9999695,2.9781817e-14,1.7578339e-09,4.1707238e-14,1.7900019e-18,2.993862e-17,0.0,6.524017e-11,6.7699596e-14,1.7041086e-09,3.4196116e-14,2.0537235e-29,1.8574819e-28,4.4970737e-20,2.7598162e-21
1323,1023,1024,6,4.0205623e-16,1.5917497e-12,1.616712e-11,9.545051e-16,0.0,4.3645643e-30,1.0,9.548995e-14,2.9523777e-08,3.16511e-14,3.719779e-21,2.6113276e-21,0.0,7.973841e-11,9.421758e-10,7.908487e-14,4.0012174e-11,3.2280295e-36,1.2101743e-32,2.1521158e-25,7.161566e-27
1324,1024,133,14,1.4732622e-05,8.6624496e-13,5.0505823e-14,8.106592e-16,3.1933e-41,7.2879444e-37,0.0008048067,3.9142782e-09,4.6762274e-08,3.5708986e-12,2.0184422e-11,5.369261e-31,0.0,0.005863841,0.99331623,3.8643252e-16,6.713366e-11,8.5776e-41,6.782619e-31,1.3281534e-17,6.7823606e-16
1325,211,1025,10,3.3518037e-09,4.7821697e-10,2.6645957e-16,6.670954e-14,3.230849e-22,5.2980324e-30,2.3879946e-13,3.366182e-08,7.274494e-09,4.980613e-07,0.99987406,1.9166431e-27,0.0,0.0001267375,4.3773842e-16,1.8489741e-09,7.081323e-18,9.928583e-30,4.5688888e-26,1.1227913e-08,2.0186135e-09
1326,1025,1026,6,1.5428112e-13,1.4263062e-06,3.2401984e-11,1.5312862e-10,4.30803e-28,0.0,0.9999962,4.6673496e-09,3.6845694e-07,3.9828977e-11,3.3569276e-13,4.094502e-30,0.0,5.7022352e-11,1.2132864e-15,2.4252201e-06,1.1428095e-11,1.01198615e-27,1.8791484e-20,9.768803e-15,4.8510107e-12
1327,1026,223,6,7.086424e-20,9.12148e-08,4.7823203e-08,6.4543626e-10,1.9915965e-33,1.7231647e-38,0.9999886,1.0648399e-07,6.583231e-07,1.9044264e-14,5.6726173e-12,4.8208745e-24,0.0,8.377792e-06,9.247061e-12,4.749885e-08,1.1282365e-06,1.22e-43,2.8202285e-18,5.05215e-19,5.0158135e-28
1328,525,1027,3,1.1988876e-27,5.069575e-07,1.3997972e-06,0.8865594,1.6433242e-19,2.960834e-39,4.597714e-06,8.869056e-06,1.4299517e-05,2.5718532e-06,5.3994677e-11,1.7821034e-20,0.0,4.131432e-09,5.06255e-18,0.11340905,4.550079e-07,2.8431794e-28,6.0876424e-19,1.7494332e-15,8.0857907e-20
1329,1027,1028,15,0.0,2.5430642e-13,1.1062374e-13,2.7960896e-06,7.946865e-21,5.173134e-37,2.7028792e-12,9.6712974e-05,5.438605e-09,2.5902286e-11,1.002433e-15,8.980975e-26,0.0,2.009299e-12,5.0708563e-20,0.9999008,7.9531354e-08,3.5558832e-24,6.830019e-19,1.2432098e-16,4.016458e-29
1330,1028,1029,7,5.729027e-20,4.5544002e-08,9.972658e-14,1.1633264e-07,3.0763627e-24,5.9337228e-36,1.3856923e-05,0.888618,0.10352398,2.8823894e-09,5.4219917e-09,1.5109483e-25,0.0,0.0011014554,2.691792e-16,0.006737253,5.1117363e-06,6.412963e-24,4.1818493e-19,5.846823e-10,7.5222897e-25
1331,1029,307,13,8.7055675e-16,4.513452e-05,4.190447e-16,1.4937085e-12,2.06599e-40,5.615e-42,8.811848e-09,4.3160164e-09,2.6226743e-09,1.0277824e-10,3.5518297e-09,2.8072338e-38,0.0,0.9999543,9.383016e-11,4.02263e-10,6.216836e-11,1e-44,3.784166e-23,3.035588e-07,3.100861e-22
1332,211,1029,10,4.65606e-08,1.1092739e-09,2.5889448e-18,1.6655945e-21,3.826296e-35,3.5872523e-36,4.2733255e-08,2.3481636e-08,4.5058485e-05,7.008181e-16,0.99814403,1.653254e-32,0.0,0.0018090303,1.4288211e-15,1.7421899e-12,1.2129975e-18,8.5727937e-38,1.2072063e-22,2.1171542e-07,1.5458435e-15
1333,88,1030,15,2.3858651e-27,6.795155e-08,3.2223594e-05,4.447044e-10,2.2393685e-31,4.5380743e-26,6.0291233e-05,7.773309e-10,3.1647438e-09,6.373645e-10,0.0041584037,2.3020681e-17,0.0,5.6408005e-08,7.707643e-17,0.9956911,2.2012938e-19,5.930703e-17,1.1141545e-25,5.8856407e-05,2.0171494e-18
1334,1030,1031,10,2.810981e-33,1.9705534e-07,1.5699232e-08,2.2748298e-11,6.5400944e-32,2.0047105e-22,1.9186376e-07,7.186371e-09,2.8046435e-08,4.8953936e-08,0.98167634,1.7396753e-17,0.0,6.977985e-08,1.661581e-17,0.015251014,9.0134026e-20,4.3067235e-17,1.0936456e-28,0.003070463,1.2060232e-15
1335,1031,283,9,1.4062764e-24,2.2981126e-08,6.362767e-16,8.1644836e-13,2.2119121e-38,8.798385e-30,6.318462e-14,2.9345022e-08,1.4971182e-14,1.0,5.2648668e-09,2.4387424e-24,0.0,1.4151951e-07,8.447398e-21,2.1104726e-19,6.1363505e-11,1.2695086e-27,1.2296004e-35,1.35729e-12,9.826964e-29
1336,456,1032,17,5.61492e-40,1.5707818e-13,3.2358538e-09,3.0386369e-21,3.2969529e-34,1.557e-41,1.0094535e-11,1.2976808e-14,6.6726045e-15,3.9763727e-17,1.08492534e-10,1.3765801e-24,0.0,2.6330508e-08,2.7548757e-19,1.4096058e-10,3.7482385e-21,1.0,1.8770226e-33,4.1383544e-10,1.2506553e-29
1337,1032,1033,17,4.285e-42,6.764294e-14,7.71924e-16,5.26681e-26,0.0,5.136e-42,1.4052313e-12,4.7576977e-17,3.5574292e-17,4.004013e-18,3.1618355e-13,2.572521e-28,0.0,2.3253767e-14,5.6807365e-20,5.007181e-17,3.5597496e-25,1.0,7.7093836e-38,5.1499416e-10,1.1685194e-25
1338,1033,1034,17,1.3e-44,1.6210733e-13,1.1384016e-19,7.313061e-23,0.0,1.9023e-41,2.427391e-13,4.1977066e-14,1.13448375e-17,2.1531093e-14,2.4961467e-13,4.893187e-32,0.0,5.5377105e-17,3.174461e-19,2.857014e-17,8.779005e-23,1.0,3.0138293e-28,2.058918e-09,2.192412e-25
1339,1034,1035,17,0.0,6.3709325e-07,5.904796e-14,4.409637e-13,5.883e-42,8.0710696e-25,7.8851264e-10,1.3834521e-06,1.0616712e-09,4.9739057e-09,6.5183486e-10,3.6625182e-19,0.0,1.4608379e-13,2.4950054e-16,1.8426499e-10,1.0562502e-16,0.9999923,1.0114563e-14,3.763483e-06,2.5604192e-21
1340,1035,1036,1,0.0,0.9995042,2.983724e-11,2.0141844e-15,4.7442053e-28,1.9783718e-37,1.1160144e-08,1.1303256e-14,1.3791373e-05,4.5962047e-14,1.2823884e-18,2.327133e-26,0.0,7.371982e-11,6.9027326e-26,5.619965e-16,5.75472e-20,2.5523817e-30,2.3711914e-36,0.00048132974,1.0243347e-24
1341,1036,415,9,9.499281e-24,3.4267963e-05,3.1701314e-10,2.5566578e-09,1.4227186e-30,4e-44,4.3146383e-07,0.00031825848,1.5539187e-09,0.9994546,1.1228684e-08,3.2112123e-23,0.0,0.00019297682,1.4272031e-15,3.7105557e-12,3.2916868e-12,1.9661305e-15,9.409375e-23,1.8249309e-10,1.8157717e-25
1342,40,1037,9,8.7744844e-08,0.00032727316,1.2378448e-14,2.5336496e-15,1.4870122e-33,2.1688459e-33,3.0078513e-09,1.9185646e-07,1.0980168e-08,0.99811345,0.0015280239,4.318075e-24,0.0,2.0654868e-05,1.2762462e-15,8.7927907e-13,7.151325e-13,2.9571672e-31,3.3120616e-30,1.0884309e-05,5.4279076e-10
1343,1037,1038,1,3.4052994e-10,0.8727513,4.9625504e-10,1.1739307e-09,1.4307161e-34,1.672066e-39,0.07715645,1.3560811e-09,0.0014523938,3.3589254e-06,5.0675705e-12,1.3508334e-27,0.0,8.650197e-06,3.06531e-13,7.4309066e-11,3.9299558e-10,1.387927e-39,3.043231e-28,3.978817e-09,0.04862837
1344,1038,28,6,6.040231e-31,1.0946818e-11,1.605607e-10,6.2066756e-17,1.2956146e-27,1.4117026e-35,1.0,5.4948927e-08,6.9050895e-07,1.4945605e-16,5.0985717e-21,5.623012e-23,0.0,1.206545e-12,1.04809435e-16,9.871228e-13,6.125966e-11,9.0707226e-29,1.3749328e-23,1.8577682e-25,2.3467535e-34
1345,241,1039,14,9.664244e-22,3.0814234e-10,4.9128566e-12,1.0050501e-11,1.0021921e-30,1.0342677e-33,1.87454e-10,3.1062681e-09,1.4951863e-10,1.6633879e-10,1.0245556e-05,8.4891e-29,0.0,0.0016577877,0.9983306,7.2705786e-10,4.1700557e-14,9.063491e-22,2.591899e-26,7.538685e-12,3.8208228e-07
1346,1039,1040,20,3.3829518e-25,7.434181e-07,2.1580237e-13,6.110571e-08,1.8637587e-18,5.11267e-37,8.0632657e-07,6.461985e-07,0.0004213169,7.3607764e-09,2.06411e-11,4.5165726e-26,0.0,1.2458267e-07,8.4408555e-07,2.2582437e-06,9.3995816e-08,1.0413461e-26,1.5267948e-25,7.613467e-15,0.9995728
1347,1040,1022,6,1.2231216e-34,2.49909e-10,2.0572904e-15,4.1698245e-18,5.051844e-33,5.5891e-41,0.999939,5.064709e-05,9.323917e-06,3.196648e-13,5.272658e-19,7.4139835e-31,0.0,4.826084e-08,3.0626888e-15,3.6521194e-14,2.0510525e-08,6.0056455e-26,6.7790804e-22,3.0082707e-20,2.043518e-36
1348,241,1041,10,3.1247695e-11,1.3463027e-10,1.2284841e-13,2.4785978e-13,5.4037057e-36,1.7942068e-32,9.068418e-11,2.1275425e-06,2.4088675e-10,3.1916255e-07,0.7573287,1.0434604e-28,0.0,0.24219719,0.0004713632,1.6568534e-09,6.0435825e-13,5.5431736e-21,3.009016e-28,4.045502e-08,2.5647348e-10
1349,295,456,13,7.849747e-24,6.822443e-11,5.912079e-13,2.245027e-19,6.46104e-32,1.116e-41,9.621326e-05,0.001916469,4.5566102e-07,2.2792175e-10,4.368244e-08,1.1878154e-29,0.0,0.9979879,5.0795455e-14,2.289857e-11,2.784669e-13,3.567657e-20,4.6900228e-29,2.5170083e-11,3.813735e-35
1350,456,1041,17,6.775077e-36,6.905817e-10,8.255826e-09,5.1078434e-19,1.1066675e-29,1.005159e-38,3.4367012e-08,4.6603934e-09,8.1459194e-11,5.3749428e-14,3.479496e-07,6.7842437e-25,0.0,9.431706e-05,6.928621e-16,9.9900134e-08,4.478918e-16,0.9999047,1.4225201e-27,7.4374435e-07,5.4215494e-27
1351,1041,1042,19,5.1123776e-22,0.0027973528,4.577756e-09,9.902459e-20,2.6745474e-37,3.101651e-39,6.980285e-05,2.0541955e-05,6.2185707e-10,1.1926863e-08,0.0068798102,4.353774e-29,0.0,0.05446223,9.432273e-07,1.3341094e-10,1.6949048e-14,0.0015826568,1.16337646e-20,0.93418485,4.791461e-19
1352,1042,1043,6,1.3647631e-09,0.0053098607,1.7298493e-08,1.21377306e-14,1.9038e-40,9.2e-44,0.9946775,1.7228894e-07,8.244068e-06,1.1536282e-11,4.886314e-13,8.24413e-29,0.0,6.105102e-06,4.4439512e-13,1.0184162e-09,6.8263868e-15,9.061069e-30,8.0614516e-22,1.3244734e-12,9.315273e-22
1353,1043,199,6,5.576062e-23,0.02930417,9.3849636e-08,1.4833947e-07,1.109022e-28,3e-45,0.9404529,8.331547e-06,7.64415e-05,3.2566223e-08,2.020902e-09,1.8115987e-26,0.0,0.030120531,1.4002195e-13,6.9533495e-09,3.5478828e-05,0.0,1.7397284e-17,3.7674646e-12,1.838091e-28
1354,76,1044,6,1.987985e-24,1.9013189e-07,0.00011343269,5.190554e-05,6.6088885e-24,7.254486e-39,0.5573508,1.5290778e-05,6.0968164e-06,0.00015026587,1.4393392e-10,2.2552708e-16,0.0,5.0354192e-08,5.587814e-16,0.44231245,2.4554614e-09,2.9927614e-20,6.2835354e-22,2.7188226e-14,6.718306e-20
1355,1044,1045,15,1.3855178e-35,3.864396e-10,2.6372762e-13,0.007873883,2.5955217e-25,1.4003359e-22,4.35655e-06,0.006234388,1.1400513e-07,2.5724896e-07,2.2975499e-17,3.3086826e-19,0.0,1.8306324e-12,7.832771e-13,0.9852741,0.00061254966,3.266389e-23,3.3597328e-21,1.5060773e-21,1.7735912e-21
1356,1045,1046,15,3.838212e-27,2.8795622e-11,4.2587192e-12,4.4655586e-09,5.8422237e-27,6.0970128e-25,4.4707107e-07,0.0001787899,5.724196e-06,4.4942813e-11,5.19951e-13,4.458434e-21,0.0,2.9638876e-08,9.30842e-14,0.99981695,5.3128144e-12,2.9840844e-21,7.3331646e-18,2.819973e-16,4.6693896e-20
1357,1046,295,13,6.8757614e-13,1.1356803e-07,1.5157013e-15,3.5483112e-15,1.5247536e-38,7.72934e-40,6.4944848e-06,0.00017195172,2.6268867e-11,1.6403046e-05,2.7108255e-08,1.2436958e-35,0.0,0.9998054,4.1435334e-11,1.8470015e-15,9.370179e-10,7.7183705e-35,1.0811322e-26,3.1701537e-11,1.2878241e-27
1358,295,88,7,1.5327571e-20,1.1016423e-07,0.00015985593,1.5466496e-10,1.329315e-31,6.1882363e-24,0.29014644,0.3654359,0.0011013504,0.0077035828,0.00040171374,4.4188694e-11,0.0,0.33505005,2.014316e-14,5.857356e-11,2.1529725e-15,1.1882596e-29,1.4317627e-29,1.5757286e-11,1.52854165e-27
1359,100,307,8,9.9640646e-29,1.971139e-08,3.3793494e-05,1.4817252e-16,3.31e-43,4.8134823e-11,2.959393e-07,4.970136e-07,0.9995233,3.860633e-13,5.706584e-12,7.239292e-06,0.0,0.00043375837,1.7960793e-14,9.722943e-19,6.4489954e-18,2.2433651e-35,8.500377e-29,6.99449e-13,8.524966e-20
1360,415,283,7,4.15e-43,1.7646323e-10,7.739733e-16,1.8696499e-08,3.765993e-15,1.1313323e-26,2.6905448e-12,0.9919076,0.008093699,1.2473436e-07,8.581187e-19,2.6310795e-18,0.0,2.8495855e-13,6.1342233e-25,3.1738259e-15,1.1937661e-14,1.0246442e-30,2.4993512e-22,7.387794e-21,1.4431499e-24
1361,1047,52,0,0.9945029,1.6528485e-12,1.01018665e-16,7.0977897e-19,8.4e-43,8.0816276e-35,7.276322e-10,3.786747e-10,3.5265828e-09,1.4833754e-10,0.0024786482,4.576313e-29,0.0,0.0030183084,1.2569019e-06,1.481307e-16,3.213654e-14,2.9131937e-34,8.000419e-31,6.139725e-10,5.4252144e-11
1362,253,1032,17,5.4016625e-37,1.9399489e-13,8.729869e-14,1.8235838e-22,0.0,1e-45,7.9842876e-13,1.5385244e-16,3.1142523e-17,2.654076e-16,2.1253568e-13,1.2358878e-27,0.0,5.3343333e-11,5.035295e-19,5.1561227e-14,2.2096509e-24,1.0,5.680487e-39,1.9680237e-09,7.90984e-30
1363,1047,1048,19,1.1442124e-14,2.6089749e-08,9.172396e-14,8.130042e-22,8e-45,3.212e-42,4.9761684e-07,1.2346822e-11,5.293803e-10,2.5466573e-12,8.4987905e-06,1.7180023e-27,0.0,7.4099425e-08,5.6850994e-18,4.3660595e-09,5.3319623e-19,2.1405644e-09,2.028668e-28,0.9999923,9.699838e-24
1364,1048,1049,19,3.5219952e-26,2.7234617e-07,9.730769e-12,4.1288276e-19,6.7189074e-24,0.0,8.114166e-10,2.9036114e-09,5.0188453e-10,1.575604e-09,8.4907686e-10,1.05536685e-26,0.0,5.0654575e-07,4.5662175e-21,5.6628533e-09,6.235696e-18,1.0027686e-09,6.775492e-13,1.0,1.6344508e-29
1365,1049,163,18,1.9187816e-17,2.095346e-09,4.2209993e-21,1.04200306e-16,5.131973e-23,0.0,5.114025e-11,6.1802755e-05,5.4239307e-11,5.6097464e-09,9.191344e-14,9.22297e-40,0.0,6.030083e-07,4.799839e-19,2.0203437e-12,1.5868902e-16,4.5965695e-38,0.999939,9.174054e-11,6.8679934e-23
1366,163,1050,18,2.2864455e-25,1.1161305e-06,4.7105046e-19,4.1381334e-10,3.7661462e-25,4.759932e-39,1.2487026e-11,2.1356178e-05,1.915009e-09,1.2004008e-07,1.7900152e-11,5.023156e-32,0.0,8.077177e-08,3.3431757e-14,1.6039389e-06,3.9506214e-11,4.4283607e-30,0.99997705,7.652245e-09,3.2506742e-17
1367,1050,1051,3,1.8908688e-28,2.5991703e-08,1.3480444e-18,0.77532375,8.911572e-16,1.408191e-34,2.4708863e-12,0.0027393047,1.9605578e-08,1.8602228e-09,5.3498666e-13,8.897793e-36,0.0,3.0019025e-09,1.10642256e-14,0.00022410056,1.2933864e-06,2.2093148e-38,0.22171152,1.6416971e-09,1.5766436e-17
1368,1051,175,18,8.0944227e-22,4.978307e-10,2.5307793e-16,4.125516e-14,4.723393e-32,4.528153e-39,1.0997396e-08,2.7410343e-07,3.1746575e-10,7.269431e-13,2.0510581e-10,9.875186e-35,0.0,3.4666598e-06,2.2876622e-14,1.1750367e-10,2.2009275e-16,1.634513e-29,0.9999962,2.4289104e-09,6.3823117e-16
1369,175,1052,19,4.3467925e-12,0.03590422,1.756686e-11,5.5587666e-18,3.07e-43,7.9167045e-27,0.00030584677,7.1094436e-11,4.740568e-06,1.0783489e-09,0.0025478934,8.25418e-26,0.0,0.18049239,9.440922e-05,1.9049533e-10,9.898024e-16,1.2889059e-19,1.144748e-09,0.7806509,6.3631267e-10
1370,1052,187,8,5.0701563e-14,0.00040482116,1.1998918e-16,1.9325866e-15,3.7468612e-31,8.260149e-30,0.00085340475,1.6879406e-09,0.99870384,5.622129e-09,2.3916642e-09,2.1461826e-23,0.0,2.7146583e-05,2.6290522e-11,3.355419e-12,8.321378e-15,5.4132723e-31,5.4724512e-14,1.1005848e-05,2.0184113e-11
1371,542,1053,9,0.0,2.903963e-11,9.57961e-13,3.2818312e-05,8.998674e-18,9.75886e-22,3.648388e-14,5.7599023e-05,3.683042e-12,0.9999084,1.2554614e-18,5.87764e-17,0.0,3.7056594e-13,1.8152307e-26,3.8233733e-15,9.3870973e-11,1.8827182e-31,1.4879674e-23,9.216138e-20,2.7194854e-37
1372,1053,381,9,4.725407e-34,7.831848e-12,3.9535253e-14,0.0041509387,1.5159975e-21,5.533836e-28,4.3527112e-14,0.00043995425,1.3902142e-12,0.99541,3.3857416e-17,1.236302e-21,0.0,6.685554e-13,2.732505e-22,4.7943095e-13,8.5469367e-07,3.817407e-33,5.754184e-23,1.2257133e-20,1.4757619e-32
1373,491,1054,9,2.5966648e-29,3.520617e-08,2.8037087e-11,6.5686636e-12,0.0,1.6505395e-23,5.0803264e-12,1.6801345e-10,5.6237186e-16,1.0,6.7194933e-10,2.2999736e-14,0.0,1.0495099e-10,4.513833e-19,1.7550815e-15,1.5841587e-13,2.4194636e-13,6.548254e-33,9.70632e-08,2.2663287e-22
1374,1054,393,9,1.9370049e-25,3.887552e-09,2.3015588e-17,5.8462624e-11,0.0,1.0989247e-18,2.4617588e-13,1.1154776e-09,1.6115365e-15,1.0,4.2203564e-13,8.930719e-19,0.0,6.9235956e-10,2.5235618e-21,1.4450052e-18,1.6301862e-13,1.7425991e-23,1.991796e-31,4.101214e-12,1.5220622e-24
1375,163,1068,18,2.5734768e-25,0.11319856,1.614584e-13,5.9088e-09,6.821487e-24,2.20606e-40,1.159791e-06,5.275291e-05,6.6895547e-07,0.000101565645,5.391487e-09,3.773714e-31,0.0,8.3031875e-05,1.9530397e-09,0.00019978656,3.9337588e-06,3.066803e-23,0.8856637,0.0006933581,5.3561303e-15
1376,283,1055,9,1.9074769e-32,6.881676e-10,3.585811e-16,2.6996683e-09,8.534297e-29,4.0786064e-35,3.5156083e-17,2.8244525e-08,2.505382e-16,1.0,1.7742945e-14,1.03381995e-22,0.0,7.26142e-13,1.1718982e-26,5.3883114e-20,1.25560005e-11,1.3088855e-31,8.928382e-31,2.2274808e-18,2.581152e-35
1377,1055,1056,9,3.6384206e-30,7.329019e-05,4.5041192e-17,0.4041845,2.4454975e-08,4.9017656e-38,5.0502047e-11,0.113699295,6.37893e-08,0.48185408,3.6023647e-13,2.421949e-27,0.0,8.2802255e-12,1.8502709e-18,3.1081325e-07,0.00018925298,1.5276843e-35,1.1173555e-17,2.5075838e-14,1.4412658e-20
1378,1056,491,9,1.6102428e-19,4.1074165e-11,4.831533e-17,1.0994438e-12,8.573641e-31,2.985e-42,1.9055527e-14,3.5450944e-06,8.13128e-15,0.9999962,1.4423738e-09,7.2497753e-26,0.0,7.577649e-09,3.862932e-20,4.777717e-19,9.101333e-13,1.3419006e-29,2.0139528e-31,3.3781108e-13,8.56433e-30
1379,175,542,18,0.0,5.1885505e-14,3.6241176e-19,7.921661e-19,5.3504982e-21,4.040498e-34,1.565917e-14,2.2790436e-10,8.388352e-12,5.3654552e-15,1.8989907e-16,6.166271e-25,0.0,2.8870373e-14,2.6745385e-21,3.911434e-13,9.50327e-16,2.6261152e-26,1.0,1.468615e-14,1.7140518e-23
1380,187,1057,8,5.2635506e-13,0.117008604,3.1271482e-15,6.165092e-11,1.666196e-24,3.8955e-41,0.0043205107,8.169409e-05,0.8776959,0.00033042306,6.851299e-08,1.3819196e-25,0.0,1.4197169e-05,7.5395153e-13,4.6195157e-05,1.3809568e-08,2.1025691e-23,1.3283693e-05,0.0004881548,3.08751e-08
1381,1057,1058,3,1.971399e-26,3.9943936e-07,4.5351232e-15,0.8574066,1.4879047e-16,3.117793e-33,9.410772e-09,0.00086112897,5.2005466e-11,0.017214024,2.2044494e-15,3.9995614e-30,0.0,2.333321e-10,9.21596e-13,6.683579e-09,0.124517,1.5415549e-32,1.3060332e-15,4.6943934e-20,5.565266e-23
1382,1058,1059,3,5.919764e-39,1.09002624e-13,2.3778893e-18,1.0,2.9973034e-16,2.6690614e-24,2.4156065e-15,2.0486586e-09,2.2317294e-14,2.8800362e-10,3.642008e-20,1.3696586e-27,3e-45,5.9642096e-18,7.654075e-19,1.6307468e-12,8.9846464e-10,1.423358e-39,1.481753e-24,6.8550307e-25,1.8562624e-29
1383,1059,381,3,6.5826006e-30,1.22127196e-17,3.4821036e-19,0.99996567,3.7460573e-33,1.4375663e-18,2.6752305e-15,3.5147983e-05,4.433525e-11,8.598139e-09,3.171393e-15,5.072045e-24,0.0,4.261687e-15,1.5866154e-19,7.7182245e-12,8.87013e-08,3.35265e-40,4.874911e-24,4.915095e-24,9.7259824e-27
1384,381,1060,9,8.499249e-35,1.430403e-07,3.6013497e-12,0.0007452507,5.4643347e-22,2.0531852e-27,1.2963518e-11,4.1602513e-07,3.1709174e-10,0.9992526,1.1492933e-18,6.593351e-17,0.0,3.854129e-13,5.0355953e-22,4.82127e-13,3.253009e-08,1.0622047e-26,3.6733813e-31,5.8634806e-19,3.7457753e-31
1385,1060,1061,9,7.540522e-28,1.0406074e-11,2.298465e-14,0.0031407843,0.02217224,2.9719307e-35,8.3144055e-13,0.0044740466,1.3018526e-11,0.9702098,1.7019197e-16,1.9503364e-25,0.0,1.6689103e-11,7.597383e-18,1.6845718e-07,3.6249853e-06,1.6725605e-28,1.3971727e-13,5.94715e-17,1.1009426e-26
1386,1061,393,9,9.458231e-26,9.337482e-13,3.7486714e-19,1.35100615e-08,1.2403578e-24,2.6020677e-30,2.0482605e-16,0.00013210022,8.606184e-15,0.9998665,4.6052785e-14,6.333506e-26,0.0,3.7859507e-11,8.3549325e-23,7.365939e-18,3.9121186e-14,1.7753447e-28,4.6226194e-27,2.0413717e-17,1.083889e-29
1387,542,491,7,2.59e-43,8.627596e-12,3.0709352e-16,1.6864766e-05,3.5831603e-15,1.8484902e-21,7.686518e-13,0.9990811,6.434613e-05,0.0008382659,1.2281081e-15,2.2494272e-17,0.0,1.0445755e-13,7.219914e-26,1.396395e-13,1.814925e-12,8.46794e-31,8.685067e-24,8.399854e-18,1.6670062e-28
1388,393,1062,9,1.0902144e-26,3.6981526e-10,2.4770814e-16,2.5870067e-13,1.4e-44,4.3151727e-26,1.0807139e-14,7.2616246e-10,1.784848e-17,1.0,1.8036897e-11,5.3948877e-22,0.0,2.6663745e-09,2.1759695e-21,1.1470627e-20,3.7578156e-14,1.3755861e-19,3.6385037e-30,2.2665057e-11,8.604721e-27
1389,1062,1063,9,2.0577593e-32,1.185117e-08,1.5885905e-18,6.3457633e-12,1.732e-42,3.7604234e-30,2.773515e-14,2.2373365e-08,9.704921e-14,0.9999084,3.2967043e-10,1.7933102e-25,0.0,4.8395347e-11,1.1010515e-19,3.8657406e-16,8.907513e-12,1.7820033e-18,1.26031445e-30,9.086903e-05,6.603363e-26
1390,1063,485,19,0.0,0.020784525,1.772185e-13,6.630412e-14,2.1741971e-33,3.7324303e-28,5.440701e-09,3.327518e-11,4.0393843e-06,1.00486e-08,8.2978847e-16,9.364803e-21,0.0,3.823394e-12,1.5751926e-20,8.910337e-11,2.9272292e-12,1.6615618e-17,7.906824e-30,0.9792117,1.9655404e-20
1391,187,64,8,8.148828e-29,5.7526348e-05,6.282157e-11,7.385122e-12,1.00314726e-32,3.741236e-15,9.9433775e-05,1.8601689e-06,0.9998397,8.7514773e-10,8.924991e-13,4.173941e-13,0.0,4.5828628e-07,1.262515e-13,2.4399673e-12,1.3933385e-16,1.647259e-27,7.369878e-17,5.2011302e-08,1.9851871e-18
1392,542,1064,9,6.9255303e-38,2.9199698e-11,3.4007198e-16,2.2510952e-07,8.735828e-19,6.7064507e-35,8.467177e-13,4.3431402e-07,1.1701944e-14,1.0,8.233921e-20,5.2381375e-26,0.0,4.892824e-13,9.759041e-23,3.9800625e-16,1.03868435e-10,1.7552229e-29,2.372332e-28,5.3270367e-21,1.8295192e-38
1393,1064,1065,4,2.5665424e-35,4.4950337e-12,1.5147312e-14,1.8030416e-05,0.9998856,1.5972942e-38,2.1138883e-12,3.4405055e-08,3.396607e-10,9.642564e-05,2.874098e-18,1.1901349e-26,0.0,1.8942701e-12,2.03203e-20,4.001056e-08,1.6971985e-10,2.9011935e-27,5.3274065e-27,4.050579e-17,1.46178e-28
1394,1065,1066,4,0.0,1.7407448e-16,4.340149e-19,3.8468784e-10,1.0,6.725e-42,3.9237383e-18,6.07284e-13,3.6288602e-13,9.271423e-14,8.743515e-22,1.3590883e-34,0.0,4.5832764e-17,4.3680296e-22,2.5288075e-11,1.3262612e-15,6.134696e-31,4.965383e-28,3.0255397e-16,9.69974e-29
1395,1066,1067,4,0.0,5.1299576e-15,1.8091711e-15,3.8553956e-12,1.0,1.42e-43,4.4607543e-18,5.8911426e-13,1.1593314e-13,9.577592e-15,7.196618e-20,2.382756e-33,0.0,5.6439203e-16,1.2282502e-20,1.9610858e-11,1.3957103e-17,1.286299e-32,7.6060615e-16,3.0116225e-13,3.833105e-27
1396,1067,1068,4,7.290073e-33,1.7094875e-08,3.979752e-12,1.939113e-09,0.94269776,2.11e-42,5.4126748e-08,0.056642346,4.429967e-07,0.0004815685,1.8726893e-17,2.6557298e-29,0.0,7.856761e-08,5.319699e-16,1.8624107e-08,5.175734e-09,5.653167e-30,0.00017658429,2.0723763e-13,4.388542e-21
1397,1068,415,7,1.6482987e-24,4.4389804e-08,2.6221773e-14,1.6291725e-06,9.7095e-24,5.318352e-34,1.8728012e-12,0.7636442,1.3646637e-10,0.23635575,2.8270351e-11,1.5416518e-21,0.0,1.6028066e-07,1.02437246e-19,2.4875844e-15,4.791021e-12,1.998905e-24,1.767339e-19,1.4529558e-15,1.1375522e-24
1398,404,271,5,0.0,3.0543947e-14,6.981418e-16,9.22887e-21,1.2780681e-38,1.0,1.7915757e-15,2.0876312e-16,9.346267e-09,1.7797759e-17,3.0877312e-17,2.0651921e-08,0.0,6.830375e-14,2.105595e-23,3.5691935e-21,1.4604037e-20,2.949247e-39,8.188949e-33,5.935226e-18,4.241744e-27
1399,100,1069,1,1.5007552e-21,0.9946926,3.0647332e-08,2.63242e-14,4.8708e-41,3.7818775e-20,0.00013278531,5.8292394e-14,0.0048738476,2.6118887e-11,6.00757e-11,1.7364299e-13,0.0,0.00029926488,3.2598965e-12,1.8162695e-11,7.135108e-14,5.781655e-34,4.1087308e-27,1.1477712e-06,1.0421085e-12
1400,1069,1070,8,7.97351e-25,0.004789508,2.7510474e-08,2.43984e-17,2.8560412e-34,2.0559969e-29,0.00014441283,2.048632e-12,0.98970413,1.3950768e-17,1.5115099e-07,3.3675778e-18,0.0,0.0025066703,9.893427e-14,2.8880991e-11,3.318513e-14,1.8648468e-33,2.0286711e-25,0.002855966,4.710107e-20
1401,1070,271,13,1.7466498e-18,0.002605898,2.004983e-17,7.185632e-16,9.0115e-41,2.9680362e-33,1.7173177e-08,1.9448161e-10,8.2203553e-07,2.971991e-10,1.8889694e-09,2.071306e-39,0.0,0.9973941,2.0923074e-12,2.933216e-15,1.6660995e-10,0.0,1.7733152e-27,7.172325e-08,6.333522e-21
1402,271,1071,1,3.972237e-38,0.9999962,1.501404e-11,4.2303583e-09,1.17679806e-35,5.6445604e-33,2.8846418e-11,2.5556678e-13,1.4881881e-09,9.948186e-07,1.503643e-14,6.8719405e-26,0.0,2.1368623e-07,4.125673e-14,1.7341e-13,3.5537464e-06,1.969e-42,4.5659304e-32,1.6025726e-09,2.0458304e-25
1403,1071,1072,16,4.6010174e-19,0.0028093834,5.2269588e-11,1.3174002e-10,2.8269886e-36,2.5394902e-33,5.6745637e-05,1.03781076e-07,4.777119e-10,5.1680698e-05,6.2224848e-18,1.8911418e-29,0.0,1.8656185e-07,1.1989028e-10,1.8457348e-14,0.9970821,4.73944e-40,1.9097714e-31,1.6491344e-25,3.3881144e-27
1404,1072,468,14,6.692624e-20,3.5494657e-13,1.2945948e-15,1.95996e-15,0.0,1.7452577e-33,0.000100664605,3.4359113e-10,1.2357626e-09,3.5006384e-14,4.055734e-14,1.2656294e-29,0.0,1.1671058e-05,0.99988943,1.6579989e-15,9.62232e-12,2.094109e-30,1.3874865e-26,5.0365412e-20,6.4797445e-11
1405,502,1073,10,9.0938794e-26,1.6084469e-08,1.004051e-09,2.4857245e-08,3.650163e-25,2.5609962e-28,1.6558848e-11,1.9146364e-09,1.6952786e-08,7.5044696e-08,0.9999427,8.6616126e-23,0.0,5.8775637e-05,1.0677445e-14,5.443773e-09,2.2356196e-10,2.158e-42,7.19134e-30,7.2166925e-11,2.7331005e-21
1406,1073,1074,15,1.5547804e-29,0.00023005383,8.6888195e-07,2.1177031e-07,3.9769823e-23,7.955e-42,0.13505937,0.0017346579,0.0018090373,9.026125e-07,0.00025306788,3.0242826e-23,0.0,1.768826e-08,1.8860529e-17,0.86080515,4.8076178e-08,2.2094941e-21,6.580281e-18,0.000105359264,1.1912883e-19
1407,1074,404,16,2.1284473e-25,0.0030725608,1.6549191e-18,3.321794e-06,2.3460672e-24,2.27078e-40,6.2700764e-08,6.020459e-05,4.912668e-05,0.00023750597,2.7685814e-12,3.1541291e-37,0.0,0.106786564,9.953607e-16,2.1277096e-09,0.8897917,0.0,6.2348554e-28,1.1288677e-09,5.088265e-32
1408,404,1075,1,9.511645e-39,0.99902016,1.953162e-06,3.122878e-09,4.735249e-38,2.4583e-41,1.3131781e-06,2.7994613e-14,2.7775997e-08,3.2486969e-06,9.261556e-15,5.885214e-20,0.0,4.933361e-06,1.0294524e-13,2.4528588e-09,8.158492e-09,5.1913925e-25,1.40190795e-36,0.0009700123,8.1194914e-25
1409,1075,1076,19,2.2377186e-25,1.4329329e-05,2.4390737e-12,2.047304e-12,0.0,6.7852296e-32,0.00015657875,8.357925e-09,1.0264563e-06,9.1926e-08,0.00016752565,1.6152429e-21,0.0,4.7549867e-05,2.0210626e-10,9.005429e-05,2.8675453e-13,2.6715563e-17,4.1056954e-25,0.9995233,5.383479e-14
1410,1076,1077,8,1.0775138e-17,3.5253932e-05,9.68352e-12,8.7316914e-20,3.2794708e-32,3.56166e-35,0.0002584661,4.624262e-11,0.93411005,9.191927e-17,8.178523e-10,2.6613613e-19,0.0,1.1100628e-06,3.9415623e-17,5.705132e-10,2.2184727e-20,1.716671e-36,2.6571537e-25,0.06559333,1.0234907e-17
1411,1077,1078,13,5.047376e-10,0.0024178985,2.773256e-10,1.0272312e-15,1.4062813e-25,0.0,0.00054235983,3.9728563e-09,0.0034597951,9.075245e-09,6.381364e-08,3.409307e-30,0.0,0.86432594,5.999549e-13,7.125867e-12,1.4265111e-16,1.056503e-33,1.3035362e-20,0.12925512,7.6649146e-19
1412,1078,1079,19,6.8100745e-16,0.0006739589,3.905125e-14,6.358872e-20,1.18088485e-29,0.0,9.967032e-06,1.5223029e-13,1.9468753e-07,3.963789e-09,4.2741384e-09,6.102806e-33,0.0,0.02086659,5.1453113e-12,2.9878884e-14,2.9564115e-16,2.4631718e-25,3.1582756e-19,0.9784498,2.1399726e-20
1413,1079,1080,13,4.4704834e-17,0.00012719327,3.7127467e-14,3.8296216e-22,2.1296774e-29,8.32e-43,1.1366306e-05,1.380337e-13,3.7790346e-06,2.7628025e-10,6.3605293e-10,2.5205354e-33,0.0,0.9557112,6.9403003e-12,1.1160951e-16,4.3387487e-16,1.0545856e-27,3.1529846e-23,0.044146772,7.991158e-21
1414,1080,307,13,6.042625e-17,0.28744626,1.5513821e-11,2.4283978e-19,7e-45,4.3696345e-35,7.370791e-06,2.5100066e-13,7.1847404e-05,1.0693394e-12,9.688882e-11,8.846908e-32,0.0,0.7124574,1.3323553e-09,2.0145138e-16,1.9215313e-14,8.957e-42,2.101704e-22,1.570213e-05,1.051339e-14
1415,485,1081,1,1.3847828e-36,1.0,1.0034176e-12,1.2883886e-13,1.3519848e-32,2.98e-43,2.0628852e-08,3.175862e-14,1.1139819e-07,5.9469584e-13,4.7749715e-24,2.4195118e-34,0.0,4.5447663e-09,7.425543e-13,1.2925674e-14,3.7363574e-08,6.209798e-33,2.754613e-19,1.3439801e-07,3.8524306e-17
1416,1081,1082,8,6.676999e-33,4.845176e-08,2.7178075e-13,2.47477e-14,1.6061395e-33,4.005508e-34,1.2041577e-06,0.00020900344,0.99979013,2.3800382e-12,1.0363066e-16,4.8214383e-19,0.0,3.254669e-10,4.326953e-21,2.140953e-12,9.045655e-10,9.014026e-34,2.9270577e-22,1.1630244e-15,3.582677e-25
1417,1082,519,0,0.9859246,3.6122026e-06,2.68038e-14,1.6721952e-15,4.698236e-39,1.24358e-40,0.002805282,0.0042892927,0.0005203205,3.845595e-06,9.0039094e-07,2.3306242e-26,0.0,0.0064502507,9.678659e-09,5.909222e-11,3.2369567e-14,1.914638e-30,3.2907352e-18,1.126738e-09,4.2417906e-13
1418,468,502,13,3.0105558e-12,1.1537312e-08,8.3747494e-15,3.0306543e-10,3.5045345e-32,1.2467072e-28,2.9056237e-12,2.4020549e-06,3.5640877e-08,2.0421243e-05,0.00034676815,5.5758627e-33,0.0,0.9996301,1.5783856e-06,1.2806293e-17,3.5634912e-07,0.0,1.7191065e-31,8.823977e-12,2.8986052e-12
1419,502,1083,10,4.988218e-22,1.3630255e-09,1.1423955e-11,1.2243464e-09,1.4602935e-26,3.2483878e-28,4.6889337e-13,3.9398045e-09,3.1051087e-08,4.2793122e-08,0.9999886,1.628885e-23,0.0,1.166318e-05,5.9642613e-16,4.5904795e-12,3.0394073e-10,0.0,4.3732975e-30,3.7423713e-11,7.145089e-18
1420,1083,519,0,1.0,2.2039345e-13,1.6582306e-18,5.3388793e-20,0.0,4.2993e-41,2.2860897e-12,8.887054e-14,1.7460705e-14,1.4987346e-15,3.470705e-12,5.8285826e-33,0.0,1.2102132e-10,3.737177e-08,1.0933403e-22,5.0386935e-20,0.0,1.3634782e-31,3.2355302e-18,2.954886e-07
1421,468,485,14,5.4107973e-15,5.026426e-05,5.604612e-17,8.1662506e-15,4.0538326e-36,2.854389e-39,1.2988393e-07,1.1357139e-09,6.096202e-09,1.4927173e-12,1.07802836e-16,0.0,0.0,0.12837651,0.8715736,2.2735564e-17,1.8515713e-09,0.0,1.5122935e-23,8.5516194e-10,6.524512e-12
1422,404,1090,1,2.546239e-35,0.99991226,1.4910187e-08,6.487597e-15,8.5259985e-37,5.34992e-40,1.4592058e-06,2.5474916e-13,3.2538064e-06,2.6860178e-08,7.713681e-15,1.4890195e-21,0.0,4.068149e-05,7.0272225e-14,5.905002e-13,5.73487e-11,4.565686e-25,5.027051e-38,4.3200605e-05,4.6988115e-23
1423,502,445,13,6.321577e-20,0.0016542753,3.9620816e-16,3.1094157e-13,2.113961e-27,1.385769e-39,4.1164753e-07,0.0003241681,8.454071e-06,2.7679124e-07,1.1238025e-08,1.0446191e-36,0.0,0.99801064,1.5117788e-10,2.1246542e-14,1.4550965e-08,0.0,8.9553857e-26,2.987588e-09,2.3401014e-20
1424,519,1084,1,6.672523e-09,0.9984677,1.6353056e-06,5.2586983e-11,1.1464e-41,1.9052789e-34,0.00028483814,1.1305553e-12,5.569034e-05,1.2507873e-09,3.8493466e-09,1.5398107e-23,0.0,0.0001864988,6.557318e-06,2.7836178e-13,4.1186892e-15,0.0,5.356637e-24,2.243765e-07,0.0009957048
1425,1084,1085,16,1.42e-43,6.8701456e-07,4.1578134e-12,0.00026260444,6.9353833e-18,6.9739396e-38,2.7621215e-07,1.1158394e-09,3.2013807e-07,1.8016627e-09,2.954108e-11,3.3728025e-30,0.0,7.808137e-11,1.5938754e-13,0.000515608,0.99922216,1.076253e-39,2.8718284e-26,2.7634652e-11,3.1082295e-13
1426,1085,1086,16,0.0,1.4270029e-06,1.1838883e-15,0.00012272486,3.506084e-18,2.555344e-37,1.15348e-09,0.017529452,1.7357673e-06,3.719729e-10,1.2103238e-14,7.972269e-31,0.0,8.0201186e-11,6.5478725e-20,1.597228e-07,0.9823431,1.2187743e-37,1.9246275e-21,2.1815113e-15,3.5019183e-23
1427,1086,439,7,2.7673336e-28,8.807776e-10,2.2125423e-18,2.6273766e-12,4.0582204e-24,4.5e-43,2.1298024e-11,1.0,1.7307462e-09,1.9410383e-08,1.629047e-15,1.9930362e-30,0.0,1.497507e-06,8.981631e-25,6.1494944e-19,6.97277e-08,0.0,3.9379215e-19,8.118826e-21,2.2731017e-35
1428,439,1087,9,1.1270728e-25,9.571713e-07,1.4967296e-07,3.9406728e-11,2.8927614e-27,1.6409588e-31,1.0856932e-14,6.9182506e-06,4.0056903e-12,0.9999923,5.2347783e-12,3.4990804e-12,0.0,8.9394256e-08,3.8940023e-27,2.9815275e-19,5.068979e-13,1.3074855e-35,2.3316536e-28,4.9433764e-16,6.746779e-30
1429,1087,445,9,2.2556144e-24,0.01648248,2.5965486e-12,3.9940633e-12,1.9336632e-30,4.326759e-34,1.3428704e-11,3.6434928e-06,1.0894838e-09,0.9834979,1.3476415e-13,7.748537e-23,0.0,1.7393211e-05,2.7306766e-18,6.986096e-19,6.651423e-11,5.612509e-39,5.7397384e-30,5.763113e-12,3.3798323e-24
1430,445,1088,9,4.00491e-35,0.006985833,2.5003189e-11,1.1365893e-09,2.9768187e-29,3.4129e-40,6.637425e-13,6.1676684e-07,1.2702546e-12,0.99301314,5.2257094e-16,2.2875294e-23,0.0,3.0259905e-08,1.5604358e-23,5.829497e-17,3.461727e-08,7.7839697e-38,3.9865157e-26,1.4403523e-14,4.4090392e-32
1431,1088,1089,7,1.1052763e-27,5.9588895e-10,1.4517229e-19,1.8341243e-08,4.8758576e-25,6.51957e-39,5.8866134e-10,1.0,4.0876906e-11,4.3512966e-08,6.0476384e-14,8.917063e-35,0.0,6.328157e-07,1.1808639e-19,9.837846e-13,8.4921106e-07,4.005521e-35,1.0622848e-13,2.2453744e-15,1.2495762e-31
1432,1089,427,13,2.2349707e-18,1.29986665e-05,9.27292e-19,5.916691e-10,3.8855257e-29,4.7900484e-36,8.287633e-09,0.023824483,1.5530187e-08,5.6389377e-05,1.0514776e-10,4.2497885e-37,0.0,0.9761013,4.9359336e-16,2.0709697e-13,3.2962455e-06,0.0,1.1214647e-22,8.508622e-13,3.2065127e-30
1433,427,1090,1,3.7310579e-31,0.99960333,4.4402013e-15,1.6361869e-19,1.78457e-40,8.3644e-39,1.556434e-09,1.355253e-10,7.497035e-07,2.875419e-07,9.849524e-13,5.3134955e-30,0.0,0.0003835739,1.0615829e-15,3.4717224e-17,3.0303838e-13,1.1336391e-34,5.771921e-32,1.2277817e-05,2.163595e-21
1434,1090,1091,1,1.4629453e-29,0.9852103,1.462513e-10,1.1179612e-09,3.8828586e-29,2.2085732e-38,0.004855457,3.1205573e-08,2.5417166e-05,0.009234871,2.3454003e-13,8.453682e-29,0.0,1.3460338e-05,7.838069e-11,4.7692584e-08,0.0006622003,1.7782025e-31,1.0427296e-33,3.2040916e-15,1.3849623e-21
1435,1091,1092,8,8.638343e-32,1.0542544e-07,2.7564805e-14,1.3415169e-21,5.4323265e-30,1.3206156e-32,0.0016952568,3.263791e-05,0.99826205,1.3020278e-09,1.05204265e-11,4.925992e-20,0.0,8.736219e-06,3.1120363e-14,1.8795575e-12,1.5113209e-13,1.5181579e-26,1.4834969e-14,1.9108776e-10,1.0000986e-16
1436,1092,451,13,8.667865e-22,7.6276435e-10,1.6895871e-12,3.794547e-22,0.0,0.0,1.9229809e-09,1.7952799e-12,8.465446e-10,1.0336038e-13,3.943669e-09,1.6948139e-37,0.0,0.9952354,0.0047631795,4.3202043e-15,5.9575243e-18,2.2281986e-22,3.6257446e-29,1.2242996e-09,2.2229226e-18
1437,381,1093,3,2.8e-44,4.2303862e-11,5.1698722e-17,0.9999962,2.4867347e-34,2.8656157e-24,2.583683e-13,2.4600379e-08,1.5684147e-08,1.8461294e-06,9.56327e-17,7.320772e-21,0.0,7.248568e-16,1.1915144e-21,7.049333e-10,2.1379317e-06,2.5440057e-35,6.012218e-28,1.7655367e-15,4.57218e-28
1438,1093,265,3,0.0,9.0245617e-10,2.372658e-13,0.9999962,3.1766e-41,1.2406519e-23,1.8393766e-11,1.0284099e-10,1.3072747e-07,1.1637064e-10,4.274959e-14,1.4824111e-21,0.0,5.4856635e-13,1.6311027e-18,2.0754898e-09,5.2381706e-06,1.7489541e-36,1.30834195e-30,3.490683e-11,1.4638017e-26
1439,393,1094,9,3.6864478e-25,2.3890367e-10,2.9339866e-16,0.001325642,2.2792e-41,6.3697334e-17,6.1212144e-14,0.0009338308,3.887129e-13,0.99774045,1.1253226e-13,4.414879e-17,0.0,8.160476e-11,3.4989877e-19,4.79192e-18,1.3539875e-09,1.631676e-32,3.124439e-24,6.0420193e-19,1.7395523e-21
1440,1094,331,3,8.709882e-32,2.8452544e-11,8.972025e-14,0.99991995,0.0,8.1372403e-22,4.603948e-12,5.1100853e-11,2.719873e-12,5.0067e-11,4.0896535e-12,9.4264404e-23,0.0,1.8542422e-10,1.593264e-10,1.95611e-11,8.161403e-05,1.541e-42,2.090017e-28,2.8578436e-16,8.389909e-22
1441,485,1095,1,6.065052e-16,0.96395683,2.0547164e-09,6.2810606e-09,5.922566e-39,2.3580323e-35,7.177748e-07,7.54459e-10,7.900056e-11,2.1752191e-09,1.849573e-17,5.3436956e-32,0.0,0.0019907914,0.034051966,2.7853156e-14,1.4054145e-07,1.53e-43,2.6174044e-26,1.60666e-11,1.8661608e-13
1442,1095,319,3,4.081091e-30,3.0934602e-10,1.3223134e-11,0.99972534,1.174276e-39,1.2881386e-27,9.533955e-08,4.2098873e-06,6.128005e-09,1.6088425e-12,6.309051e-12,4.1901442e-23,0.0,2.8905253e-10,4.435384e-12,5.446367e-10,0.00027166487,8.447503e-34,1.5261536e-26,6.806932e-16,5.3065922e-21
1443,519,1096,6,1.6681253e-06,9.779175e-06,0.00025172863,9.223848e-11,5.72089e-39,1.6639943e-36,0.9205617,1.2433519e-09,4.998755e-06,5.4801763e-08,1.9670752e-08,1.4935347e-23,0.0,0.07916775,5.0591035e-07,3.2839285e-09,2.6431984e-13,8.80484e-28,1.1132606e-28,1.4739555e-10,1.4255722e-13
1444,1096,325,3,5.3049707e-22,4.851702e-09,4.5938303e-10,0.98434246,4.0190552e-33,4.4678376e-26,4.668748e-05,0.009188942,5.7997134e-08,3.733038e-08,8.0967226e-11,1.2870557e-23,0.0,0.0002456639,4.479944e-08,6.917719e-07,0.0061770994,2.3328552e-35,5.2945737e-24,6.416781e-16,1.2184709e-24
1445,157,1097,13,1.0855107e-22,3.091788e-08,5.768976e-08,1.0980937e-05,7.764787e-37,8.30947e-33,0.08525207,0.00063143735,3.0038445e-05,1.1652756e-08,1.1025468e-06,1.05610544e-23,0.0,0.91407406,1.781928e-11,1.3326591e-11,4.810993e-08,6.205e-42,2.8139105e-25,2.8689555e-14,2.1952457e-28
1446,1097,1098,3,8.41e-43,4.6250942e-10,7.542992e-14,1.0,6.8481664e-22,1.1659067e-31,1.8117075e-13,2.3911647e-07,2.918904e-09,1.6346128e-14,1.8746344e-16,1.0973219e-30,7.1692e-41,3.565605e-11,1.3071334e-17,5.1120574e-10,3.5298264e-09,8.42553e-40,2.2377407e-13,4.292016e-15,3.6727303e-27
1447,1098,1099,3,0.0,6.3095418e-09,1.152684e-16,1.0,1.1227693e-24,1.2192856e-30,6.2375138e-15,4.5569332e-10,1.4859395e-12,4.745382e-13,4.860768e-21,4.952361e-31,3.762889e-39,3.5946996e-16,3.676406e-18,1.2884939e-10,1.1240604e-07,4.308e-40,2.6714538e-25,8.752639e-19,1.1244894e-29
1448,1099,265,3,1.0442172e-35,4.411408e-11,7.555523e-13,0.7100048,1.193e-41,1.2171364e-26,2.0911854e-09,5.145131e-06,3.1335687e-10,1.21892e-12,1.146783e-12,1.6467176e-28,0.0,9.513819e-10,1.9828943e-10,7.0848145e-09,0.28999156,3.59e-43,1.662696e-18,8.7894524e-17,2.003711e-20
1449,265,1100,16,1.655e-42,0.0005014536,7.71412e-08,0.00039556267,4.684918e-25,1.3902369e-25,2.5314478e-07,1.1051648e-08,1.4494914e-06,0.00015216132,6.3311676e-17,1.3248231e-18,0.0,2.3396616e-07,2.674289e-17,5.7839948e-11,0.99894774,1.4040072e-34,2.0019385e-35,6.096605e-14,3.0561338e-35
1450,1100,1101,16,7.3460187e-25,4.9224184e-07,7.646561e-15,2.9918825e-05,1.0300288e-15,5.5665005e-37,3.89817e-09,5.287961e-06,2.9985634e-07,0.005042602,1.0067992e-20,6.2905232e-27,0.0,3.592382e-09,4.1073083e-18,2.5569619e-15,0.9949203,8.76e-43,7.996253e-35,1.5662528e-20,2.9946518e-31
1451,1101,331,16,1.2244912e-24,0.006333507,3.0976135e-12,0.00017592001,3.8488883e-18,2.798872e-38,1.0077478e-06,5.154261e-08,0.00028560846,0.00010522712,4.611479e-16,1.2339254e-24,0.0,5.7194785e-07,2.5183753e-16,2.1088875e-11,0.9930964,1.8629028e-36,1.17987275e-35,3.6795615e-11,4.912594e-27
1452,331,1102,16,1.58448e-40,0.0008913836,1.27552084e-08,1.8968729e-05,3.7104235e-22,3.4809174e-29,3.0559922e-06,9.637291e-08,4.4598455e-06,0.0050536366,4.194587e-17,8.188409e-20,0.0,1.6799962e-07,7.619212e-17,4.6548456e-11,0.99402887,3.1188334e-37,2.4922867e-37,4.2530147e-15,6.62964e-33
1453,1102,1103,9,1.6017712e-25,2.9039455e-08,3.8719854e-15,0.008847004,4.3788027e-09,1.465812e-35,3.777063e-12,0.0007986624,4.5705324e-09,0.9737025,8.199603e-19,8.047919e-25,0.0,1.1545799e-10,6.3688493e-20,4.708866e-13,0.016652739,1e-45,5.482483e-28,9.320853e-22,7.937987e-29
1454,1103,319,9,4.68993e-30,8.6190375e-06,3.2904796e-13,2.5705247e-09,4.077637e-15,2.0733246e-36,4.2291438e-11,8.7049096e-07,3.569678e-09,0.9999923,6.8994167e-18,1.1647358e-19,0.0,1.07933606e-10,3.170183e-23,1.9776705e-14,4.7461135e-10,2.2406863e-29,2.0987611e-32,1.7970175e-15,6.848077e-33
1455,319,1104,9,5.486511e-39,1.737967e-06,2.4715876e-09,1.0277785e-10,3.8425286e-22,4.6912967e-20,6.631383e-11,3.5075987e-09,6.9173875e-11,1.0,3.10749e-16,3.190414e-11,0.0,3.9632103e-11,4.263521e-24,1.1733003e-15,4.1143006e-11,7.5071514e-33,2.2861534e-36,8.340501e-17,1.2014019e-33
1456,1104,1105,9,9.041481e-25,1.3597759e-07,3.9965894e-14,1.90399e-07,1.3127143e-18,1.480058e-39,2.5991142e-13,2.5981606e-07,4.3877918e-12,0.99980927,2.0769701e-17,7.1273415e-25,0.0,7.973145e-10,1.2351139e-21,3.9162486e-17,0.00018990457,2.53e-42,1.9089417e-38,4.3173286e-19,6.717307e-35
1457,1105,325,9,6.867089e-27,9.158647e-08,3.2539763e-16,6.0782e-11,7.9209316e-20,1.1368512e-36,6.3057036e-13,2.2234862e-07,9.775076e-13,1.0,1.4255054e-15,2.8667432e-23,0.0,3.0078043e-10,1.5465103e-22,3.0369162e-17,9.20839e-09,4.224472e-39,1.2489978e-34,1.1096465e-16,8.025276e-37
1458,325,1106,9,2.0047986e-33,4.5170128e-07,1.5036273e-12,1.1422702e-09,2.363812e-22,4.313223e-22,1.5519147e-11,5.2683222e-09,3.2378628e-11,1.0,4.7213235e-16,5.336717e-14,0.0,2.6632918e-11,1.3152536e-21,1.5658206e-15,9.805788e-10,2.7362092e-36,1.8356651e-37,2.3111814e-19,1.0669454e-31
1459,1106,1107,3,5.372889e-23,4.3716996e-06,9.2541e-16,0.89619935,3.9591455e-11,4.085e-42,9.0167157e-10,0.00060526776,4.1108713e-08,0.09833098,2.8643405e-14,5.5211343e-31,0.0,7.418908e-08,7.9297155e-16,4.676452e-11,0.0048604975,3.55e-43,1.4197802e-30,1.03662484e-20,5.959185e-25
1460,1107,1108,7,0.0,2.0351075e-07,7.391285e-07,0.00011172307,2.4677368e-07,6.216e-42,2.1463768e-10,0.9986429,3.7684657e-07,2.0743066e-05,3.3598702e-08,1.4846827e-18,0.0,3.5809865e-08,1.1624576e-21,0.0012228984,4.1962085e-07,6.974347e-21,6.7765434e-08,2.7688253e-11,4.824701e-24
1461,1108,235,7,2.1816627e-36,1.5244837e-11,3.2567414e-11,1.797397e-12,3.0732427e-24,2.2e-44,4.7521956e-12,1.0,1.4052146e-09,6.065415e-11,6.027308e-12,7.1936625e-25,0.0,5.62649e-07,1.1013288e-19,1.3809395e-10,9.434146e-14,3.0327087e-28,2.4820228e-13,5.6181864e-16,7.191978e-28
1462,109,1079,19,7.242187e-15,0.00083589344,5.939355e-16,4.1152905e-18,2.4069648e-26,6.513056e-32,2.4443705e-07,1.7415304e-14,2.9854135e-08,4.2258724e-10,3.996024e-07,3.347846e-29,0.0,0.0027733606,0.0049720993,3.357016e-14,1.6662088e-16,1.1879489e-33,2.457288e-17,0.9914196,2.8390838e-12
1463,451,145,13,2.7094133e-20,1.3381257e-10,2.027557e-10,3.2621615e-19,5.23e-43,0.0,6.086281e-09,4.7685153e-14,1.9648297e-11,4.8059733e-13,2.3575494e-10,1.753965e-36,0.0,0.61659706,0.3834048,7.959363e-14,4.6186778e-17,9.897775e-20,6.176016e-33,1.2609539e-08,8.429188e-19
1464,109,145,14,3.8700678e-14,2.1516664e-08,3.6021414e-15,1.0447347e-21,1.3418177e-38,1.10747e-40,4.8672716e-10,2.5050108e-15,1.0538902e-11,4.1243379e-13,6.9430883e-10,1.307594e-37,0.0,0.010842306,0.9891568,5.2685185e-18,4.175439e-20,1.6119372e-29,1.851837e-27,2.444493e-06,2.823387e-15
1465,133,145,14,4.222027e-15,3.335566e-09,1.0171102e-12,5.5731836e-18,6.971e-42,0.0,2.4561382e-07,1.3153951e-12,4.0427787e-12,5.1848414e-10,2.8152604e-12,1.5547739e-37,0.0,0.23640355,0.7635976,5.879793e-17,1.3602424e-15,1.9278283e-24,1.3992241e-31,3.1464092e-10,4.730802e-18
1466,211,1109,0,0.94359004,1.4481406e-09,7.167369e-17,2.1680575e-20,1.6602391e-38,1.7320045e-35,3.4562818e-13,7.320143e-10,4.5534902e-11,1.2131054e-08,0.056283724,3.0829e-28,0.0,0.00012474216,5.642818e-10,1.05635845e-17,4.8597006e-18,4.789292e-39,1.4364845e-28,2.852015e-10,2.4694322e-07
1467,1109,109,14,1.8899309e-06,6.3598145e-06,2.2404779e-17,1.6347352e-17,5.0514195e-33,6.2982864e-32,8.257213e-09,3.4427695e-12,1.6871303e-08,1.4667312e-10,5.133368e-06,2.0276901e-31,0.0,0.00064193184,0.9993326,1.1466188e-16,8.646911e-18,2.93e-43,6.537562e-21,1.3648806e-05,1.1590828e-07
1468,439,433,7,3.5555053e-38,3.1976968e-13,1.2811316e-11,5.5955286e-11,5.178504e-22,1.3615538e-18,1.8443763e-14,0.9999886,9.57347e-06,4.627867e-09,7.566955e-18,6.0901124e-09,0.0,1.5540043e-13,6.0580054e-29,8.068135e-20,1.6253234e-14,5.330719e-35,1.472555e-19,1.1760328e-24,1.3655177e-25
1469,1084,376,8,9.153432e-33,0.009933229,3.1538971e-09,4.587604e-14,2.6384998e-31,9.15107e-23,0.0021085667,9.402877e-09,0.8955842,7.175061e-08,5.5125227e-10,5.835296e-20,0.0,0.092292406,1.0791913e-11,3.5178135e-14,8.03242e-05,6.272139e-36,5.3979766e-29,3.2715764e-08,2.127124e-25
1470,376,1106,3,3.4321097e-34,1.9840949e-05,1.4623672e-11,0.9485596,9.5296716e-14,2.4424567e-32,8.866022e-11,4.5207755e-05,0.023506444,1.8550526e-06,2.100886e-15,1.9588048e-19,0.0,1.969334e-09,1.8321881e-22,2.6995153e-08,0.02786523,1.23e-43,1.4485813e-26,6.184162e-14,4.0366586e-28
1471,376,1110,16,0.0,7.263971e-05,5.4022035e-05,0.015213419,1.9551818e-14,6.09846e-39,6.331888e-11,2.8139118e-09,5.6829298e-11,0.00041904088,1.3199421e-15,2.4064961e-19,0.0,2.5754016e-10,1.1539197e-17,1.1501429e-05,0.98422986,1.0517525e-36,2.408259e-19,4.4442345e-15,3.274314e-36
1472,1110,1111,16,8.681555e-39,9.885562e-10,2.265019e-11,1.6947832e-05,3.4460647e-21,1.2518871e-36,1.5181653e-09,0.000356264,2.2595207e-12,1.1984987e-05,2.107345e-17,2.732571e-27,0.0,1.63017e-10,4.510572e-15,9.81793e-07,0.99961483,1.8569733e-34,5.060358e-22,1.2922557e-23,3.4513018e-28
1473,1111,433,7,2.3562387e-31,1.2471163e-13,1.5793955e-16,6.762691e-11,3.256228e-21,2.5757618e-35,1.3057804e-13,1.0,2.8496006e-10,2.2198746e-08,2.2038912e-18,1.2791453e-24,0.0,3.277555e-11,1.5377177e-27,1.9471882e-21,2.5460964e-10,2.5e-44,3.4996465e-24,1.3938106e-25,3.7618754e-36
1474,64,157,6,1.3788322e-35,1.1664288e-06,5.0168595e-08,3.7509365e-09,5.7752e-33,5.1804496e-26,0.94972545,1.926149e-05,4.3810797e-07,7.588327e-08,1.1830934e-08,2.83911e-24,0.0,0.05025303,1.4408554e-10,1.5536512e-10,1.7863402e-09,1.2937224e-28,6.2328916e-25,4.535128e-13,5.1072882e-30
1475,433,235,7,6.5522956e-35,2.0975029e-11,5.265417e-06,1.5698481e-12,6.0924e-28,4.569556e-24,6.9464226e-11,0.9999886,7.601803e-07,1.7392786e-08,4.688229e-16,4.9309338e-06,0.0,9.783105e-11,9.742316e-28,8.039325e-18,7.547853e-15,3.4616339e-31,1.715124e-16,3.925929e-23,7.248496e-28
1476,133,211,14,0.0033365565,2.9908934e-10,7.53918e-18,3.2572468e-21,4.7826e-41,1.1767649e-38,1.383233e-10,2.4299644e-11,5.0610044e-11,1.404678e-10,4.3347296e-08,1.2817703e-36,0.0,0.013456097,0.98320913,1.33548245e-20,1.8586495e-15,1.111e-42,1.4764474e-34,3.78514e-12,4.5152487e-10
1477,40,241,0,0.99032724,1.0493874e-07,8.293066e-18,5.011557e-17,4.468399e-34,1.1268269e-34,1.646367e-12,3.4626402e-07,1.48056e-10,0.0019046766,0.0073298095,3.4930238e-28,0.0,0.0004386203,9.473407e-09,1.7869685e-15,1.02753384e-13,1.0627964e-34,1.5181433e-30,5.741114e-09,4.6949058e-08
1478,253,241,13,4.056167e-14,2.240686e-07,5.5756305e-10,5.3191772e-14,8.194154e-36,0.0,1.4170108e-06,6.3415144e-09,1.5741545e-11,1.7769349e-08,3.2159566e-08,2.212975e-31,0.0,0.9857479,0.014250039,5.127193e-10,8.1649074e-16,3.9043977e-13,1.356127e-25,3.844154e-08,4.8724883e-19
1479,253,52,13,9.109391e-13,2.643166e-07,1.4215892e-09,3.3878637e-15,1.22645e-39,0.0,6.6438834e-06,2.343232e-09,6.848074e-11,1.1619377e-08,3.1513236e-09,3.197035e-30,0.0,0.97957027,0.020424156,2.3963376e-11,1.774489e-16,1.8891744e-13,6.911559e-26,3.698509e-08,2.8377744e-19
1480,33,1112,6,1.9515666e-30,3.0582063e-07,0.00016940989,3.368347e-19,1.398e-42,1.260544e-39,0.99983215,1.2465686e-14,1.6996938e-09,4.1303008e-15,1.8233498e-19,1.4902248e-20,0.0,3.148629e-11,1.07563e-15,4.1791605e-16,5.8625605e-20,1.8368377e-19,6.3622106e-38,2.1012834e-18,3.2549545e-25
1481,1112,201,6,2.0067705e-20,2.1679599e-11,4.3571464e-07,1.3221077e-17,4.19851e-39,0.0,1.0,2.2104843e-10,8.134752e-08,2.2834935e-15,4.7685705e-14,1.651326e-24,0.0,8.956547e-11,3.4134645e-19,2.113348e-12,2.0802052e-17,2.2906031e-38,3.4337814e-29,5.162944e-21,4.0194028e-28
1482,201,81,6,6.683618e-35,4.648138e-11,1.2785813e-06,3.4560896e-10,1.4476249e-27,1.027466e-38,0.7799454,0.002299092,0.21775192,1.2452986e-08,3.90196e-11,9.5953547e-17,0.0,1.983776e-06,9.535512e-17,2.1808223e-06,5.2669853e-13,7.095274e-26,1.4283428e-28,4.2093842e-16,5.863907e-26
1483,530,225,6,9.708255e-36,1.0662904e-08,0.03863837,9.3798455e-08,2.0711366e-27,2.5280218e-22,0.5352104,0.023508238,0.40181246,3.552103e-08,1.5502993e-11,0.00082746707,0.0,5.936165e-07,4.6654744e-19,5.511837e-07,2.5003339e-14,3.0730625e-27,2.6494108e-25,4.4809667e-17,3.5122515e-20
1484,225,126,6,1.001529e-26,1.5199188e-12,0.0038025677,4.0708624e-14,6.9396074e-36,1.161648e-39,0.99619645,2.453749e-08,7.09269e-07,2.4447373e-12,6.02475e-14,1.3171851e-16,0.0,3.6997932e-08,9.709212e-15,2.0641032e-10,9.869992e-19,1.2944867e-29,6.1652207e-30,1.1163271e-20,2.7657197e-20
1485,126,1113,6,7.654633e-33,3.458356e-11,7.169863e-08,9.1511115e-14,1.855e-42,2.47e-43,1.0,2.4374154e-14,1.1882128e-09,2.3631916e-13,2.6358286e-20,1.4675939e-24,0.0,3.687117e-13,1.0848895e-15,1.2453888e-08,4.257499e-13,4.5413813e-19,5.247026e-30,2.7200112e-17,9.6081536e-21
1486,1113,1114,6,2.765269e-18,1.2693245e-12,2.6112907e-11,1.7203998e-15,2.14e-43,6.1474605e-32,1.0,3.3086297e-13,9.196278e-09,2.7124927e-14,1.2362897e-18,3.13684e-21,0.0,6.13745e-11,5.2667946e-09,2.4924281e-08,2.9259466e-11,1.1794872e-25,1.9347487e-29,1.4401987e-21,3.1444803e-23
1487,1114,138,0,0.9994051,9.418141e-15,1.4935515e-16,3.669136e-17,8e-45,4.678e-42,1.1395816e-07,1.1183695e-11,4.0719828e-13,5.986945e-15,3.7118846e-13,2.7671203e-37,0.0,4.8254054e-07,0.0005930923,6.8096263e-18,4.557215e-16,5.66431e-40,1.3848065e-32,5.607017e-21,2.4672236e-11
1488,213,1115,10,1.5257081e-15,3.4896693e-12,7.1447965e-16,1.02019894e-13,9.978714e-28,1.03616225e-35,7.831128e-13,5.283025e-12,2.763116e-12,4.0810823e-12,1.0,9.859245e-31,0.0,2.6683807e-08,4.3386333e-16,2.157354e-08,6.233766e-19,2.4702698e-30,1.6808324e-26,7.221267e-10,1.3918128e-10
1489,1115,1116,6,1.309322e-13,3.6619657e-08,4.4049004e-11,2.5054459e-11,2.6461874e-26,0.0,0.9998474,1.0501638e-08,3.922279e-07,2.1114625e-12,3.3911547e-11,3.852642e-29,0.0,5.28202e-11,4.9093788e-17,0.00015138838,5.1515937e-13,1.1850746e-26,9.783994e-20,7.60769e-15,3.406109e-15
1490,1116,225,6,4.1166296e-31,3.742282e-13,1.3867232e-13,3.10625e-13,1.3567514e-35,1.33e-43,1.0,8.738905e-09,8.013551e-09,2.117104e-16,1.0411601e-17,6.506578e-31,0.0,2.4705765e-11,1.8633085e-13,2.5622635e-08,4.5636157e-09,1.6471518e-35,1.0422389e-21,1.647432e-23,1.418065e-29
1491,530,1117,15,5.2545636e-35,1.0055405e-12,1.3679017e-08,3.237658e-08,7.442286e-25,1.314e-42,1.418301e-09,4.0711656e-10,1.2624687e-10,3.5776648e-10,2.9256896e-11,3.4753968e-22,0.0,7.727977e-12,8.254457e-20,1.0,2.4173592e-14,9.358591e-13,3.7510027e-19,2.6648757e-12,2.3721133e-22
1492,1117,1118,15,1.153955e-39,1.3888393e-15,1.0384208e-14,1.6614735e-09,1.8963954e-20,2.1046827e-35,3.966923e-15,3.3512684e-08,1.1953035e-11,1.3442376e-13,1.4943965e-14,8.535585e-25,0.0,3.784633e-13,1.4445078e-20,1.0,9.6126195e-15,1.2209493e-19,1.0153979e-17,1.3355304e-17,2.4477634e-25
1493,1118,1119,15,1.3513697e-19,4.9231828e-09,6.606632e-13,2.6545427e-08,1.2962103e-23,4.169943e-37,2.295888e-07,0.39927146,0.008848118,2.4093836e-09,2.6677903e-08,3.392593e-25,0.0,0.0003620428,3.04231e-16,0.5915161,1.2573802e-08,4.120983e-23,1.7346937e-15,2.3351654e-09,1.1940989e-21
1494,1119,309,13,8.514834e-18,2.838788e-07,7.5388e-12,1.1126674e-11,6.85294e-40,4.89793e-39,7.117646e-09,4.829507e-09,2.512367e-10,7.611425e-10,1.699117e-09,1.0660468e-30,0.0,1.0,1.0844325e-11,6.887056e-11,2.174348e-09,8.072191e-37,1.3894663e-20,1.9630713e-09,1.666868e-26
1495,213,1119,10,1.1833578e-11,1.1366315e-11,1.4522832e-18,2.9966453e-20,3.265191e-39,1.0392533e-36,8.678377e-09,4.242377e-11,1.15616e-06,2.086826e-17,0.99998474,6.27203e-33,0.0,1.3148278e-05,4.96494e-16,4.279875e-12,6.44432e-19,9.880743e-39,6.0896675e-25,2.7081484e-08,2.5919727e-15
1496,93,1120,10,9.49111e-21,4.4655607e-08,0.0015240888,8.28124e-11,9.522083e-28,2.9942375e-18,4.94662e-09,5.3855347e-06,1.7381633e-09,0.00068749534,0.99632555,3.7847975e-10,0.0,0.0014556554,2.6427454e-20,1.0953817e-07,5.1783897e-13,3.7497787e-23,3.233925e-26,8.7813014e-11,1.5820197e-22
1497,1120,1121,10,3.5468967e-34,7.844119e-09,9.3164765e-08,7.564606e-21,3.5542062e-29,3.498727e-38,6.4739414e-10,2.1950818e-10,3.6669683e-09,2.2990738e-11,0.99367625,2.9255686e-25,0.0,4.3401797e-05,1.3463016e-19,1.0237169e-10,1.1493146e-19,9.468193e-19,2.5172982e-32,0.006279547,2.261192e-21
1498,1121,285,9,2.411074e-10,0.00010168621,8.8492885e-13,9.722792e-12,8.606027e-36,9.1721175e-36,1.14642835e-05,0.0021844308,5.759295e-10,0.8030323,4.695049e-08,2.628557e-29,0.0,0.19453965,9.680866e-11,2.8897447e-16,0.00013108822,4.2952797e-28,1.5660395e-25,1.0818743e-12,1.8092145e-28
1499,461,1122,17,6e-45,6.4264614e-15,3.217946e-11,1.8581953e-23,7.4e-44,0.0,5.1335776e-12,1.0341726e-19,3.4915743e-19,5.6206025e-18,1.0708323e-14,5.922892e-28,0.0,3.0585443e-15,2.2668686e-19,3.08585e-15,3.1929952e-26,1.0,6.774309e-34,5.400585e-13,4.131552e-27
1500,1122,1123,17,0.0,9.809121e-17,6.8986015e-18,2.149801e-26,0.0,2.412e-42,6.3719273e-15,1.0730792e-18,5.2446915e-20,1.0833002e-17,4.740921e-17,4.977366e-29,0.0,3.7863233e-20,3.5191822e-22,4.484981e-19,1.24343114e-26,1.0,1.6214187e-33,3.3538878e-13,3.6282627e-29
1501,1123,1124,17,0.0,2.4062405e-14,7.312263e-20,2.8210376e-24,0.0,4.067e-42,9.567659e-15,1.2918952e-13,6.7045896e-18,6.2629453e-14,1.3489035e-14,3.5564658e-32,0.0,3.2628232e-18,2.1473395e-21,7.583687e-18,1.0873627e-23,1.0,1.0279492e-21,1.0261317e-09,1.3187355e-28
1502,1124,1125,17,0.0,2.6212464e-07,1.576195e-14,1.4736242e-17,4.8951186e-36,7.5209875e-28,1.0159789e-10,2.7444557e-07,1.6223913e-09,8.4584406e-10,1.4785548e-12,4.3409065e-21,0.0,3.067192e-14,1.0460203e-18,5.106203e-13,2.427695e-18,0.9999962,2.2369725e-13,1.5006981e-06,6.766621e-24
1503,1125,1126,1,0.0,0.9987991,2.1733103e-10,1.4052371e-15,4.503385e-30,5.7512683e-37,2.8592295e-08,4.1299876e-14,2.0226182e-05,6.27513e-14,5.552239e-18,2.1248198e-26,0.0,1.6279648e-09,2.8128833e-23,4.1846008e-16,3.9227612e-20,3.2450812e-28,2.81838e-32,0.0011807022,1.2774089e-25
1504,1126,417,9,6.959839e-20,9.479752e-05,1.4158517e-10,4.726744e-10,1.7083359e-28,0.0,4.278076e-06,0.004685864,8.832376e-09,0.79351926,1.3692127e-07,4.8374603e-29,0.0,0.2016959,1.0717528e-12,4.416238e-12,5.0094703e-11,5.7312126e-20,4.44271e-22,7.703727e-11,5.2921245e-26
1505,45,1127,20,3.593815e-05,2.2797079e-07,8.363663e-17,3.5008371e-15,5.3783e-41,1.15881365e-36,7.0754587e-12,3.7673068e-12,4.8446117e-12,2.020925e-09,8.493091e-05,1.900231e-30,0.0,2.0474017e-08,2.4622028e-11,3.743606e-15,1.273577e-14,4.55e-43,1.2933036e-27,1.5168108e-09,0.9998779
1506,1127,1128,20,1.7897478e-12,2.444689e-06,3.3208052e-14,4.236216e-11,7.821848e-34,2.18146e-40,4.2670075e-07,4.2291512e-15,2.265635e-09,3.3505583e-12,7.162266e-15,1.4584351e-32,0.0,6.2416e-10,2.175665e-11,5.072168e-14,2.0982942e-12,0.0,1.1712266e-28,2.915223e-15,0.9999962
1507,1128,33,6,3.4385272e-36,4.4421146e-08,3.3674922e-08,1.4042812e-18,5.2601794e-35,1.5977415e-35,1.0,6.256653e-14,4.428611e-09,2.035968e-16,6.9704895e-21,1.2428178e-21,0.0,2.1257835e-12,9.037557e-16,2.0474482e-16,7.08903e-17,3.653669e-20,9.118813e-28,1.4930373e-18,2.7744462e-29
1508,246,1129,14,2.931159e-29,6.724468e-10,3.6052398e-12,1.2373852e-09,1.4641e-41,3.4631958e-29,2.642956e-06,2.3876337e-10,8.278746e-11,3.795652e-12,4.0183157e-05,3.614637e-24,0.0,3.2972356e-08,0.99645483,2.8054475e-07,3.1756956e-12,1.2663945e-18,2.677813e-23,5.0153952e-12,0.0035005114
1509,1129,1130,20,1.759303e-24,3.904225e-10,4.9334677e-16,1.3748842e-10,1.0325716e-20,3.05828e-40,1.5641973e-07,1.2682217e-11,4.480308e-06,2.5953803e-12,3.9026893e-11,1.4886975e-26,0.0,1.3612997e-10,3.7976833e-10,1.3265753e-07,5.2523407e-12,6.4990585e-32,1.9197098e-26,1.2005471e-15,0.9999962
1510,1130,1112,6,1.6781442e-38,9.626616e-12,8.013676e-16,5.035007e-19,2.07e-42,2.2570186e-38,1.0,7.385472e-09,3.3258755e-07,1.9030454e-15,6.475909e-20,6.741303e-29,0.0,5.055599e-12,3.2349567e-14,1.8240414e-16,1.160359e-11,2.2833424e-25,3.52809e-24,3.9365636e-22,3.773074e-27
1511,246,1131,10,7.962983e-20,6.42949e-11,5.023164e-14,2.4617107e-14,0.0,5.5618905e-31,3.6996357e-09,1.0937943e-08,1.6594197e-11,4.3519757e-09,0.9628065,1.11353356e-26,0.0,0.00018349398,0.03700976,1.133e-10,5.710607e-14,1.836424e-12,1.1824213e-30,7.34278e-07,2.1974634e-08
1512,297,461,6,8.724298e-13,1.13781375e-07,3.7850844e-11,2.4287789e-18,3.487278e-32,2.4e-44,0.9879388,1.8625058e-05,0.00043856844,5.750626e-09,5.8772126e-10,3.7524348e-26,0.0,0.0116027575,1.02441236e-10,1.178914e-13,4.0689736e-19,1.0458054e-17,1.4560497e-33,6.0840074e-16,1.0557944e-17
1513,461,1131,17,3.9068e-41,8.245502e-13,2.1201904e-13,5.326884e-25,0.0,0.0,1.0391665e-09,3.694813e-16,2.7295558e-15,1.2239357e-16,1.8785451e-10,6.24184e-32,0.0,3.0906337e-11,3.4940445e-16,2.5273811e-14,8.5559964e-24,1.0,8.474956e-30,1.7117811e-08,1.1454063e-26
1514,1131,1132,19,4.86e-43,0.002803399,5.89974e-11,6.322686e-20,7.9665803e-32,4.440982e-37,3.7616028e-06,3.4067614e-06,1.045731e-07,2.4995597e-08,8.879135e-08,4.488987e-26,0.0,1.5321e-08,4.085143e-14,4.5892914e-11,2.8280341e-14,0.004989504,7.086099e-20,0.992199,3.3814926e-26
1515,1132,1133,1,1.371342e-27,0.71933115,2.5674e-08,4.504921e-12,2.66367e-32,1.297664e-39,0.26723936,0.00039791153,0.013026186,2.5608674e-07,2.6839406e-14,6.460161e-22,0.0,7.3201255e-07,1.5083284e-17,4.315151e-06,1.7997435e-12,3.657032e-26,4.8026572e-20,1.9744201e-08,3.908777e-29
1516,1133,201,6,2.299396e-28,1.0459698e-08,1.4102013e-12,4.064365e-12,1.1408155e-32,0.0,1.0,5.8615903e-08,4.951153e-08,6.504131e-13,4.935925e-12,1.5774739e-32,0.0,1.6687029e-08,1.3053309e-15,9.232095e-09,1.00502384e-10,6.005284e-39,1.2598163e-20,7.2617385e-17,1.7311777e-29
1517,81,1134,15,2.69115e-40,1.539966e-12,1.8641378e-08,3.2979635e-09,3.6509745e-23,1.6046e-41,6.620168e-09,5.866634e-12,1.3176113e-10,2.498954e-12,3.0274162e-12,5.9368864e-23,0.0,9.962673e-11,1.3230171e-15,1.0,5.193481e-14,5.5807507e-13,1.0547784e-20,2.2682703e-11,2.1302332e-26
1518,1134,1135,15,2.598019e-39,1.1651349e-13,5.860809e-15,1.2575097e-08,8.998264e-25,1.7378794e-30,6.262407e-14,1.2557587e-10,2.0871577e-12,3.1595488e-14,5.38323e-15,1.9381389e-22,0.0,1.8938067e-13,2.0770675e-15,1.0,1.149625e-13,9.70138e-19,2.0154312e-21,1.6487447e-17,8.70511e-22
1519,1135,1136,15,1.5747836e-28,2.4093547e-10,1.8087955e-11,2.060565e-08,2.7003943e-28,4.1780736e-25,1.5276603e-06,0.00012957187,3.145973e-05,2.4402488e-10,1.71291e-13,3.2299406e-20,0.0,1.7401678e-08,1.988746e-14,0.999836,2.8984753e-10,3.1818274e-22,6.8512565e-20,4.7540714e-16,1.1771047e-18
1520,1136,297,13,6.5191696e-10,8.0204717e-07,9.264592e-08,2.527814e-11,2.4352274e-25,2.7121149e-33,2.2056045e-05,3.8299473e-05,8.264523e-09,0.0031459883,1.0887277e-09,2.6079627e-21,0.0,0.9967514,3.1616621e-12,6.6364777e-16,4.0824514e-05,1.0835243e-38,3.898495e-25,8.362847e-14,5.319968e-29
1521,297,93,7,5.1539644e-31,4.8644825e-12,0.00014974228,3.0094384e-07,5.2209446e-32,4.0686917e-20,4.7885224e-10,0.9993899,8.419891e-06,3.2673626e-07,1.19297e-13,0.00045264722,0.0,2.152347e-09,7.060216e-22,3.5498748e-19,5.9154407e-13,6.3789e-41,1.4993958e-25,1.0638928e-24,1.9925329e-24
1522,105,309,8,5.2503257e-24,1.6449203e-08,0.0005551199,1.23011546e-14,2.8e-44,1.567676e-19,8.439438e-07,2.5880734e-05,0.997691,9.732924e-12,4.7793384e-12,6.6647485e-06,0.0,0.0017218877,1.1236019e-14,3.599375e-18,7.8858205e-17,1.2135715e-33,4.814621e-26,6.154133e-14,1.2635091e-18
1523,417,285,8,0.0,1.0133227e-12,7.0247363e-12,4.0951544e-09,1.8055888e-12,1.5414781e-25,2.220532e-11,0.023530757,0.97646993,2.0847697e-13,7.858755e-19,1.3530136e-14,0.0,1.0470776e-12,6.5752465e-23,5.0021054e-16,8.300869e-14,5.236412e-36,6.2633423e-28,4.3449487e-21,7.475222e-28
1524,1137,57,0,1.0,1.6784495e-14,1.2730929e-19,2.9858805e-23,0.0,0.0,1.7697793e-10,1.2013628e-11,5.1909996e-16,6.106396e-13,4.376411e-07,4.5313374e-37,0.0,9.9247695e-09,5.1322466e-12,1.4541806e-16,1.992477e-19,5.8108846e-27,3.7943017e-29,8.670396e-14,1.9353216e-17
1525,258,1122,17,1.0856971e-37,1.855092e-13,1.6593025e-15,2.5686873e-20,0.0,5.87869e-40,1.8830848e-12,1.9618721e-14,4.7602388e-17,5.4828256e-14,1.4392415e-12,5.475446e-26,0.0,3.8738117e-14,3.819698e-16,2.3563298e-15,1.1758642e-21,1.0,2.0485287e-36,2.3188089e-10,6.9403536e-27
1526,1137,1138,19,1.2840052e-16,6.866422e-08,7.7029515e-14,1.5546967e-22,0.0,2.5e-44,3.3099533e-07,2.9056902e-12,2.918968e-11,1.3259402e-11,1.5871509e-08,1.745189e-28,0.0,2.1802864e-09,1.0581527e-18,7.6452934e-11,9.141493e-19,2.1304711e-09,5.2561036e-29,1.0,1.1852067e-24
1527,1138,1139,19,4.4067763e-29,1.733735e-07,1.2453585e-11,8.963133e-21,9.550631e-22,0.0,5.675629e-11,7.954253e-09,3.241906e-10,1.2438696e-08,1.7576386e-10,2.4171033e-27,0.0,1.5756176e-07,2.2297706e-23,9.58397e-11,3.6945414e-18,9.3354956e-11,4.4941682e-08,1.0,3.1935138e-29
1528,1139,165,18,1.3591162e-31,7.7701555e-13,1.5224202e-19,3.566525e-14,7.008778e-21,2.84706e-39,3.869855e-17,3.3328735e-07,1.987436e-12,5.253449e-10,2.1430687e-20,3.7193052e-24,0.0,3.2316513e-14,3.571632e-28,1.4869004e-16,6.9722887e-16,9.697236e-34,1.0,7.607417e-18,1.1676137e-27
1529,165,1140,18,9.152268e-28,2.1029578e-12,5.3770153e-21,4.461427e-14,1.2188434e-23,3.88e-43,3.1250598e-16,4.768416e-10,4.200234e-12,1.0266645e-12,1.0687866e-16,8.6773375e-27,0.0,1.6931406e-14,2.873207e-20,2.523161e-11,3.760567e-15,6.330453e-29,1.0,5.7451267e-15,2.4518641e-19
1530,1140,1141,18,6.895726e-35,1.7294717e-10,3.4241396e-15,0.09131777,6.8424877e-18,6.6142305e-33,1.8190958e-14,2.2169244e-05,3.4267635e-09,4.18851e-10,1.3584496e-13,2.1539042e-27,0.0,1.8145236e-12,9.555347e-19,7.188269e-07,3.8387595e-09,2.1369252e-32,0.90866095,1.9446743e-11,6.560192e-22
1531,1141,177,18,1.1238774e-27,3.4662672e-11,5.297496e-19,6.544314e-09,1.4097873e-27,2.5787472e-30,1.2998223e-12,1.9518373e-05,2.4498036e-07,1.8884344e-11,2.2440493e-13,3.2194885e-25,0.0,1.6571304e-10,1.1707099e-18,4.2009274e-10,3.5288843e-09,2.583266e-38,0.9999809,3.942698e-13,1.7250699e-18
1532,177,1142,19,1.720042e-19,0.0015383116,4.946141e-12,8.142065e-19,2.52842e-40,5.3235935e-32,1.8589051e-07,2.9380296e-16,0.00077869865,2.4758818e-16,0.06364439,7.623637e-23,0.0,5.1602492e-05,4.2696016e-12,1.0881417e-10,2.3214745e-20,8.640398e-37,2.583319e-20,0.93398535,3.1133978e-09
1533,1142,189,1,4.164674e-18,0.80307513,1.2052708e-12,4.903832e-12,1.943628e-34,2.6230763e-30,2.2111475e-05,1.2299243e-12,0.19516848,2.6588727e-06,2.6701306e-09,1.4962594e-17,0.0,0.00010614228,8.5889697e-14,6.1473114e-12,2.2523412e-14,2.9427347e-35,1.0255193e-24,0.0016262505,3.152918e-12
1534,536,1143,9,1.5217481e-32,1.999434e-06,1.1292007e-14,1.827092e-08,1.9075086e-22,1.099061e-14,6.314964e-08,3.243943e-05,2.5445592e-05,0.999939,9.902948e-13,6.75455e-17,0.0,9.2180284e-07,1.8794318e-16,3.6810357e-11,7.771353e-10,3.1705834e-22,4.529372e-20,2.470105e-11,8.566358e-22
1535,1143,383,9,1.4928615e-32,1.8045782e-10,3.6556126e-17,0.025557501,2.548824e-35,2.0545098e-19,1.7502578e-11,0.00018116883,1.0212601e-09,0.97425234,3.662511e-15,5.7250204e-23,0.0,3.9343192e-11,3.385483e-17,2.0589433e-11,8.118208e-06,7.461902e-32,3.3291483e-23,2.9461297e-18,1.823746e-27
1536,493,1144,9,3.0084648e-28,4.1080317e-09,1.5760577e-13,1.9930229e-13,1.3e-44,5.437997e-19,1.1155392e-13,6.352191e-09,2.1551266e-14,1.0,8.180052e-10,6.7482427e-16,0.0,3.0137333e-08,1.047844e-21,1.1776127e-17,1.9764958e-12,2.3468251e-19,5.945647e-34,5.1745914e-08,8.7877034e-26
1537,1144,395,9,3.5013404e-25,1.2410448e-08,2.0439742e-17,1.4747317e-10,4.009916e-39,5.9615905e-19,1.3972794e-13,1.94292e-08,2.4122387e-13,1.0,5.3431187e-12,2.239527e-19,0.0,1.9964425e-10,8.9385874e-20,8.353618e-17,4.88555e-13,3.0463062e-30,1.992252e-31,9.03848e-10,1.8467644e-20
1538,165,1158,18,4.1276546e-30,3.6643757e-12,5.300629e-19,2.827338e-18,2.737258e-25,2.905e-42,1.6904873e-15,1.107573e-11,1.2193579e-11,4.127546e-14,7.5715216e-17,3.024675e-23,0.0,1.9740149e-14,6.761647e-22,1.9566078e-13,4.2555605e-16,8.199601e-27,1.0,5.852367e-14,1.7231484e-19
1539,285,1145,9,8.491117e-27,1.7630308e-10,1.3763028e-15,4.5932844e-11,1.1915159e-26,4.3628473e-31,4.533359e-15,6.0209805e-07,9.8678194e-17,1.0,4.220819e-15,2.1886898e-21,0.0,3.6303592e-11,5.760594e-24,6.073235e-20,1.4862188e-10,1.725645e-30,3.7060306e-26,8.712726e-20,1.8477649e-35
1540,1145,1146,7,4.022225e-28,8.251836e-07,1.1716836e-11,0.0018320661,7.762925e-06,1.6085568e-31,2.158636e-10,0.99815154,1.534804e-06,4.4482917e-06,1.0626582e-12,7.006089e-18,0.0,1.2020619e-11,5.3572197e-20,3.8580973e-07,6.836805e-09,2.6615694e-23,5.425255e-11,4.8817867e-13,1.9088581e-19
1541,1146,493,9,4.4944905e-17,1.0737434e-09,2.6701138e-14,9.597607e-13,1.3684507e-29,1.761014e-33,2.2682441e-11,0.0025992761,1.1863546e-11,0.9974018,1.5402108e-07,1.7705213e-22,0.0,4.1544948e-07,5.382152e-19,1.06780954e-14,2.8695726e-11,3.411597e-30,6.503198e-25,2.2786524e-10,7.109443e-26
1542,177,536,18,5.0916207e-33,1.3744903e-11,2.372117e-19,1.3246793e-14,3.222016e-27,1.830754e-39,1.8077597e-12,2.54432e-10,1.2655076e-08,1.4218458e-14,5.2993663e-15,5.4674624e-22,0.0,1.4115622e-13,2.3355112e-18,6.8123296e-10,1.1887867e-12,2.3364914e-33,1.0,3.990439e-12,3.539524e-15
1543,189,1147,9,8.175063e-17,0.019223204,7.2473624e-13,3.8663522e-05,1.6785283e-23,4.247584e-37,3.773591e-05,6.142384e-06,0.089699574,0.8903077,5.5575198e-09,1.4692507e-18,0.0,7.13448e-07,1.9089369e-13,0.00058675086,7.3446914e-05,1.2137635e-22,2.026093e-05,6.4610517e-06,1.7954802e-10
1544,1147,1148,3,1.7863498e-36,1.2073012e-10,1.3227914e-13,0.99991226,2.00666e-16,4.7617147e-30,1.3552148e-13,2.7693275e-07,8.706411e-13,8.319706e-05,5.8325895e-17,2.6006952e-25,0.0,2.956157e-13,4.484707e-19,5.283819e-09,3.0866297e-06,2.2869207e-29,1.0316484e-16,2.5522864e-21,8.611336e-31
1545,1148,1149,3,1.1174304e-35,2.8997757e-13,1.0620481e-16,1.0,1.7077003e-17,4.435212e-28,4.770572e-14,2.3495155e-09,9.645058e-14,1.2759818e-10,7.387713e-20,3.5534219e-28,8.689098e-34,7.418648e-17,4.0321526e-19,2.7201945e-12,6.112943e-10,1.7739074e-38,6.309955e-23,3.5491057e-25,1.4847821e-29
1546,1149,383,3,5.006551e-32,6.738027e-17,1.2946508e-20,1.0,7.975157e-39,4.580081e-16,1.8736149e-13,2.3167391e-07,9.715758e-10,1.1267498e-11,1.6814392e-14,2.869518e-26,0.0,2.3137444e-15,4.1713338e-19,7.025085e-12,5.1703694e-08,8.504e-42,3.1976426e-24,4.6151585e-23,3.986033e-24
1547,383,1150,9,1.676316e-36,3.121913e-09,3.474783e-17,0.0014918359,9.849652e-25,1.5765575e-27,6.692728e-12,6.8946706e-06,3.4143768e-11,0.99850196,1.411834e-17,3.0787226e-24,0.0,8.88175e-14,1.706025e-19,7.82823e-13,4.6779398e-08,8.279708e-30,6.130351e-29,2.9100284e-19,1.1049427e-28
1548,1150,1151,4,5.221167e-31,2.322271e-13,2.8679347e-16,9.439693e-06,0.9998779,9.87136e-40,5.753881e-14,1.5668742e-05,2.6039086e-12,9.6455435e-05,5.517254e-18,2.8851969e-30,0.0,5.065345e-13,3.3568277e-19,9.806809e-08,5.2401212e-09,8.939121e-30,1.3624976e-13,6.831928e-17,5.530737e-27
1549,1151,395,9,5.3173196e-18,1.1825728e-11,3.2573959e-21,3.5327634e-09,1.4426765e-24,1.226546e-35,2.3227571e-14,3.1038937e-05,2.0094755e-12,0.9999695,5.377161e-13,3.8294705e-32,0.0,4.1209944e-10,4.5791672e-18,1.1825054e-18,1.6509903e-11,4.0321487e-36,1.0816126e-30,5.181015e-14,4.8010513e-25
1550,536,493,7,1.524921e-32,2.9028082e-13,3.1250923e-18,9.635337e-09,3.7725768e-16,3.838981e-23,3.4975876e-11,0.99968344,0.0003101812,4.8734128e-06,6.849288e-15,1.552978e-22,0.0,2.3103789e-12,6.048932e-21,1.3594056e-10,1.1873177e-13,3.767709e-27,1.2110485e-22,9.6000405e-17,2.284023e-24
1551,395,1152,9,3.6967116e-26,2.9379619e-09,3.885846e-17,1.4613914e-11,3.67753e-40,3.1831684e-26,2.1240783e-15,5.451439e-10,1.2489669e-15,1.0,4.4594133e-09,9.714359e-23,0.0,6.731577e-10,1.8813452e-18,5.073493e-18,7.7965466e-14,1.898676e-27,2.1929362e-35,7.4948005e-08,1.431511e-22
1552,1152,1153,19,1.2246889e-29,1.5901645e-06,1.4081572e-14,2.6806706e-11,1.5016952e-35,1.123046e-27,9.125001e-14,1.4839188e-10,1.172082e-10,0.00012420703,0.0004007938,1.6220463e-22,0.0,2.5800752e-08,4.75144e-17,5.0777903e-11,9.679304e-13,6.6666096e-27,6.5175734e-34,0.9994737,1.2651483e-19
1553,1153,479,19,1e-45,0.00049130083,1.077643e-14,2.998491e-17,1.0665153e-36,2.9707904e-32,4.0242705e-11,2.1859595e-15,1.0634227e-08,1.0168192e-12,2.21722e-13,8.272058e-25,0.0,2.561817e-13,6.6467985e-21,8.079476e-11,1.7957752e-17,1.834518e-21,4.8230575e-34,0.999508,1.9896211e-19
1554,189,69,8,1.3137734e-30,4.5377245e-05,1.4072281e-14,1.2433168e-12,3.0963535e-32,6.969945e-17,5.4754173e-06,1.629059e-08,0.9999504,5.2383365e-11,3.5990132e-13,1.6937245e-11,0.0,8.791631e-10,2.8262101e-15,1.1446594e-11,4.9091777e-15,1.3175e-41,2.2477373e-17,1.51395e-08,2.84955e-15
1555,536,1154,9,1.3753781e-24,4.817993e-07,2.0277576e-18,2.9430686e-07,5.0394454e-19,2.361705e-35,1.2769382e-07,6.34535e-05,1.5531668e-08,0.99993515,9.642426e-18,8.2236504e-29,0.0,7.1169876e-11,3.8286842e-16,1.1026995e-11,3.6052904e-07,6.8951455e-28,2.629539e-22,1.876635e-19,1.0359483e-21
1556,1154,1155,4,3.4532156e-33,9.14971e-15,3.5888333e-17,4.0969066e-08,1.0,6.36e-43,2.523003e-14,4.4709086e-10,4.3587473e-12,9.276722e-08,7.634875e-22,7.512553e-29,0.0,2.4392095e-15,7.047112e-22,5.353815e-10,4.8453352e-11,7.241513e-33,4.1965226e-25,3.3846888e-21,3.759251e-28
1557,1155,1156,4,0.0,3.1929853e-17,2.5855894e-18,5.038719e-10,1.0,5.032e-42,3.813855e-18,6.365326e-13,3.224878e-14,8.2184487e-13,2.8781846e-22,3.29483e-33,0.0,1.3064056e-17,9.327572e-23,3.016052e-11,2.3095294e-15,1.8143477e-30,2.6514705e-27,9.4835595e-18,8.57508e-31
1558,1156,1157,4,0.0,1.1621008e-17,5.1126826e-17,2.2372542e-13,1.0,1e-45,1.05637756e-19,6.669325e-14,7.061184e-15,2.1713397e-16,6.22257e-21,8.5010644e-35,0.0,4.949561e-18,4.9736046e-23,2.6082133e-12,1.1831769e-19,3.0213123e-35,8.305544e-17,1.2137354e-15,1.5561332e-29
1559,1157,1158,4,1.238807e-39,1.5921246e-14,1.5013053e-13,4.8278076e-11,0.848731,6e-45,1.5566385e-13,3.1249683e-06,5.396979e-10,1.463713e-10,2.7175621e-18,1.32689e-28,0.0,2.8585255e-12,6.3195695e-22,1.7513465e-11,2.0469327e-16,1.7860788e-34,0.15126567,3.8171775e-16,1.7708495e-25
1560,1158,417,7,1.887369e-18,7.918007e-11,2.1091157e-16,9.466353e-11,1.5492673e-23,7.806894e-39,1.6636591e-12,0.99997336,6.044534e-11,2.3335584e-05,6.17375e-12,1.8805954e-29,0.0,4.043794e-06,5.603965e-19,2.039887e-15,1.8203463e-13,2.7808043e-36,9.765623e-10,1.3239915e-15,8.1614755e-25
1561,406,273,5,0.0,3.4263532e-12,2.7679432e-15,4.68831e-12,1.0418479e-31,0.99458635,3.920027e-11,3.5541456e-10,0.005412172,1.6183748e-15,1.5653699e-11,1.90908e-08,0.0,2.7109054e-10,1.8882896e-19,2.1780958e-13,5.807131e-15,4.68959e-40,6.9158894e-32,1.5117979e-15,3.389301e-21
1562,105,1159,1,4.6906477e-22,0.92649436,2.4864738e-08,1.4037485e-14,2.895e-42,1.3750325e-23,4.620521e-05,1.9683096e-12,0.07240495,8.544051e-11,3.2879705e-13,1.5852884e-14,0.0,0.001052629,1.8772143e-12,1.4976102e-13,5.680391e-12,1.5733769e-30,2.4895152e-27,5.0347854e-08,6.9573876e-15
1563,1159,1160,8,2.8163806e-25,0.0013288724,5.0755823e-11,1.1204725e-15,2.2097987e-35,3.001239e-31,9.474243e-08,7.1787906e-14,0.9986505,4.998272e-16,4.4334528e-13,1.4193076e-17,0.0,6.8354035e-07,1.3393926e-17,1.0745723e-14,9.810114e-13,6.3e-44,4.2099186e-29,2.0952462e-05,6.6293827e-19
1564,1160,273,1,3.498315e-22,0.54176927,1.4191891e-16,4.6011143e-15,7.75935e-40,1.5080462e-25,2.5182359e-05,2.8518097e-09,0.00818898,2.2832292e-10,1.4935512e-09,1.0615934e-33,0.0,0.45000517,8.5102575e-10,5.435898e-13,2.6363175e-08,0.0,7.036564e-27,1.0067378e-05,4.603497e-17
1565,273,1161,1,5.513294e-35,0.99996567,1.1290942e-12,7.0778944e-10,4.9010394e-37,2.9560014e-34,1.7891566e-09,5.5556403e-14,3.5603606e-10,1.04964364e-07,2.6852797e-16,3.284296e-29,0.0,1.7272976e-08,5.8833975e-12,5.5448246e-13,3.3344026e-05,7.014e-41,7.718252e-35,5.551942e-11,1.0568964e-21
1566,1161,1162,16,1.0804335e-22,0.0006085391,1.5534793e-10,1.0920724e-08,1.1022293e-32,2.1652367e-30,8.4892645e-06,5.8705854e-08,1.4041047e-10,0.00078172545,3.5819347e-20,5.5226466e-25,0.0,1.2811818e-09,1.7341746e-11,4.2914782e-14,0.99860096,1.6228442e-38,3.5321715e-31,7.936268e-27,1.5450222e-25
1567,1162,473,14,1.5631827e-30,7.007213e-10,2.9435635e-14,1.6642232e-13,3.1980212e-31,1.6182192e-24,0.002671341,3.0251004e-09,2.1149433e-06,7.604328e-14,1.4250271e-15,3.8742855e-25,0.0,3.4400724e-08,0.99732566,6.9093074e-14,2.2110443e-07,8.0614555e-36,7.115726e-22,3.8530105e-21,4.4809866e-08
1568,507,1163,10,3.0966784e-28,1.917134e-11,1.0687602e-12,4.408781e-12,8.1977646e-25,1.551833e-32,1.297291e-12,6.915561e-13,1.2303392e-09,2.6846752e-16,0.9999962,3.5418952e-26,0.0,2.3198508e-08,1.09319516e-13,2.7761193e-06,3.20492e-17,3.244424e-36,2.6693463e-24,1.5152956e-09,7.520999e-10
1569,1163,1164,15,3.8e-44,1.8510338e-10,1.5489413e-09,3.7262087e-08,9.532375e-19,2.1065512e-38,6.248685e-07,4.932737e-07,1.6306211e-06,2.302232e-12,4.9888765e-10,1.894273e-24,0.0,5.7727227e-14,3.43154e-23,0.9999962,3.2953304e-12,3.4147687e-18,5.2298846e-21,4.191677e-09,5.4866637e-22
1570,1164,406,16,1.6397683e-33,7.0279475e-06,2.420398e-19,0.0032817093,4.017204e-24,2.7661406e-36,5.129554e-05,0.0061843614,0.0017502516,5.940265e-07,1.5027473e-08,3.5836176e-34,0.0,0.00019389478,2.2834011e-12,0.02959818,0.9589322,4e-45,3.8558355e-20,1.30561935e-08,8.590715e-27
1571,406,1165,15,5.014e-42,4.1105596e-07,7.655449e-11,5.032944e-07,0.0,5.1819653e-36,5.6368694e-06,2.7039003e-12,3.3990588e-09,1.4758798e-10,2.9678154e-07,1.2076129e-20,0.0,5.1817767e-10,8.416879e-12,0.9999923,1.7561506e-10,7.22185e-24,1.0094343e-26,4.0857967e-07,1.0533421e-14
1572,1165,1166,15,4.5085718e-32,3.4699127e-07,1.1106536e-10,2.5156632e-12,4.02e-43,9.99013e-30,4.030272e-06,1.5829107e-10,3.888062e-06,1.08906135e-14,0.01051189,4.818297e-18,0.0,2.048604e-09,2.8955296e-14,0.968616,4.557404e-17,8.3544667e-20,1.81889e-19,0.02086237,2.5059645e-09
1573,1166,1167,19,1.3132469e-23,0.007963811,6.1042005e-11,1.6688981e-18,4.7661917e-35,1.4773311e-35,5.3968427e-07,9.293554e-14,0.07815682,7.460846e-18,4.7103033e-13,6.472692e-22,0.0,6.404608e-07,5.956791e-20,3.1992586e-13,8.646399e-22,9.1e-44,4.691807e-31,0.91387874,1.2226857e-15
1574,1167,1168,19,2.1184779e-23,0.005219349,1.9049025e-10,9.008771e-18,7.802408e-29,0.0,1.705749e-07,1.2685804e-10,0.00013489851,5.8575605e-10,2.2343066e-10,1.0866378e-29,0.0,0.018678522,3.8011613e-18,1.367486e-13,8.6987735e-21,7.635127e-32,1.7797502e-23,0.9759672,5.7009357e-24
1575,1168,1169,19,7.1215026e-24,0.0005041734,1.5394477e-14,1.2479243e-22,4.21902e-28,0.0,5.5288945e-07,4.5434767e-12,1.5614071e-07,5.0227193e-08,4.9092863e-09,5.1576956e-33,0.0,0.0075234068,4.219901e-15,3.077787e-14,6.5505024e-18,1.0583737e-20,5.328447e-18,0.99197197,1.0182332e-25
1576,1169,1170,13,1.3975137e-21,3.3867444e-05,5.9689984e-15,1.5634395e-22,5.232874e-30,4.456e-42,2.0097028e-07,3.176651e-13,4.4205305e-07,1.7888974e-09,1.1029615e-09,5.0773797e-35,0.0,0.9945219,8.44618e-12,3.7698846e-17,2.5028413e-16,1.4136746e-28,2.631443e-24,0.0054438943,1.3073252e-21
1577,1170,309,13,1.951922e-17,0.00035913358,8.9698965e-08,5.707432e-20,1e-45,3.0611172e-34,3.3442095e-06,4.218742e-15,6.1224764e-06,3.5169968e-13,1.2919326e-12,5.1209012e-24,0.0,0.9996301,6.8003086e-10,1.4622727e-18,5.947228e-14,2.7464337e-38,5.976567e-21,3.3324394e-08,1.1836273e-21
1578,479,1171,1,4.0097145e-33,0.99977493,1.3357624e-13,7.57483e-13,3.755938e-29,2.126533e-39,4.2987352e-07,2.7751185e-10,0.00016191002,3.4722607e-12,5.7502246e-19,4.0655934e-33,0.0,4.427616e-08,1.223549e-07,6.4526606e-11,6.123134e-05,3.3426954e-34,5.810338e-17,4.4971135e-10,6.429074e-11
1579,1171,1172,8,9.1362383e-32,1.4195027e-09,8.9497034e-14,1.9730728e-15,3.9586083e-30,7.78755e-34,6.407052e-07,9.587399e-05,0.9999047,5.9930067e-13,6.8751213e-16,3.5625588e-19,0.0,6.027357e-11,5.3415627e-22,6.28151e-11,9.35018e-11,1.8365652e-33,9.091714e-22,1.23507e-16,3.150482e-24
1580,1172,513,7,1.8847191e-05,6.7573342e-09,3.5937038e-13,5.499675e-15,1.4917476e-37,1e-44,0.060440086,0.80259436,1.7880959e-05,2.0171233e-06,2.236299e-05,1.0972733e-27,0.0,0.13690393,4.1655235e-07,9.633463e-09,3.531601e-11,2.7779238e-26,1.0345755e-18,7.166997e-14,5.1917498e-17
1581,473,507,14,2.3936096e-23,2.2724285e-10,5.458575e-18,1.4664612e-12,6.375897e-28,1.675371e-27,9.292181e-12,7.9692794e-11,6.1235883e-09,6.494211e-14,2.5000378e-07,1.4586674e-34,0.0,3.8476496e-06,0.9861239,4.3768526e-15,1.1060408e-10,0.0,3.9919175e-26,8.131656e-14,0.013872811
1582,507,1173,10,2.0448992e-20,5.512033e-12,8.283056e-15,1.8264307e-15,2.2922085e-33,1.561458e-33,1.7412608e-11,3.680753e-12,1.2300723e-08,8.462283e-17,0.99992746,6.933855e-24,0.0,2.1656315e-09,1.5232737e-12,1.9148786e-08,2.914353e-17,1.8246442e-34,7.746351e-23,1.221976e-09,7.231871e-05
1583,1173,513,0,0.9987381,3.3603582e-15,4.5188366e-16,3.0453617e-17,0.0,2.763e-42,6.1010497e-10,1.3619048e-10,3.782318e-16,1.04110066e-13,8.497886e-09,7.076355e-33,0.0,1.02626586e-07,0.0012613636,3.0535614e-18,2.8458878e-16,1.0654916e-34,3.8367694e-31,2.5018732e-19,4.84043e-11
1584,473,479,13,2.1390836e-12,0.0007545045,1.0996392e-15,2.7594144e-15,6.500384e-36,0.0,1.5115971e-06,1.9088041e-07,4.3094238e-07,2.5898431e-11,1.1231021e-11,0.0,0.0,0.99650425,0.0027384064,7.832685e-12,7.1030466e-11,1.1328e-41,1.7038157e-17,1.4105154e-09,8.189236e-09
1585,406,1180,15,1.440271e-35,1.4260778e-06,2.1424236e-12,4.041655e-11,5.904068e-39,1.764e-42,3.5772337e-07,2.1624026e-10,3.424413e-08,4.8243284e-11,3.8580576e-05,9.8441205e-27,0.0,8.339107e-08,6.609715e-11,0.999958,5.911451e-12,1.8368058e-23,2.304999e-28,8.150941e-07,1.945164e-11
1586,507,441,7,4.9448197e-27,0.00017028002,5.9059035e-13,1.5236158e-13,3.6817332e-21,7.85442e-40,0.009325994,0.8364018,0.0002661067,4.215207e-06,2.5391834e-08,5.538281e-32,0.0,0.1538313,2.8900922e-12,4.0711774e-12,2.182959e-08,2.3580557e-38,2.6081968e-17,1.312154e-10,9.984174e-25
1587,513,1174,14,2.6207072e-14,8.3239066e-10,3.8243546e-13,6.19527e-18,0.0,7.5972005e-35,1.4211562e-08,2.4347332e-19,4.1102806e-13,2.0821495e-18,1.4298851e-14,3.7190572e-35,0.0,4.139701e-08,1.0,7.059884e-17,2.619976e-15,2.4e-43,6.400588e-34,2.3786358e-16,8.7639783e-16
1588,1174,1175,16,1e-45,6.2018107e-06,3.0414355e-11,0.0015268062,1.4624953e-19,8.249031e-38,6.0040286e-08,5.4719375e-11,4.530488e-08,5.735159e-09,5.9860146e-13,8.949874e-29,0.0,7.990253e-11,4.523601e-14,1.3724616e-05,0.9984525,2.5206754e-36,5.857443e-27,2.6646432e-11,3.3462328e-17
1589,1175,1176,16,0.0,8.4280174e-07,1.1061983e-15,0.00051009306,2.605488e-20,3.9222978e-35,8.817319e-11,0.0009956326,1.3800464e-07,2.0069484e-11,3.6942796e-15,2.1871784e-29,0.0,1.3590673e-12,2.8975002e-19,9.186389e-09,0.99849427,1.6388e-41,1.9986552e-22,3.966858e-17,1.02552814e-22
1590,1176,435,7,1.6064352e-31,8.853455e-10,1.723727e-19,5.845603e-15,1.8178292e-26,5e-44,1.8886008e-10,1.0,1.4156642e-08,7.608177e-09,4.8634952e-21,9.023776e-31,0.0,6.626484e-09,3.0086104e-23,1.6665615e-20,1.3420122e-08,2.7e-44,1.00824035e-20,7.3797584e-23,6.8772e-40
1591,435,1177,9,7.3316875e-24,1.84553e-07,6.2668555e-13,8.203058e-16,1.0092257e-27,1.862708e-39,1.8548771e-12,3.400635e-05,8.145006e-14,0.99996567,1.7126275e-15,2.0828612e-21,0.0,1.0573429e-08,1.538367e-22,6.809408e-21,5.0396536e-13,9.604106e-32,8.761782e-29,2.2455432e-17,6.648692e-31
1592,1177,441,9,5.4193454e-24,3.2384905e-05,1.1721837e-12,2.5361593e-11,1.4035418e-26,7.7325925e-38,1.28641e-12,6.504601e-06,1.1583063e-12,0.999958,3.25603e-13,4.4353736e-24,0.0,1.6179254e-06,1.7498492e-20,9.550282e-19,6.0714336e-11,3.9724964e-37,1.05253435e-30,1.5186422e-14,1.3018259e-29
1593,441,1178,9,4.5671647e-33,0.00027425968,2.3093361e-07,4.2178236e-08,6.1744953e-22,2.83787e-40,9.299734e-12,3.4383027e-07,1.0959796e-14,0.99972534,8.270175e-15,2.6540604e-20,0.0,4.111185e-08,3.7202453e-22,4.3852437e-14,7.913339e-08,5.5516677e-33,2.3647882e-20,4.2498887e-13,3.4680653e-34
1594,1178,1179,7,5.2108826e-30,3.2277243e-12,4.0538522e-19,5.029337e-07,6.2038155e-23,3.277974e-37,2.4151797e-10,0.999958,7.002664e-12,1.6428122e-09,2.1346611e-16,1.7318876e-33,0.0,9.797713e-10,1.5999447e-18,9.1029e-12,4.2997894e-05,7.078e-42,1.5729764e-13,2.1049407e-19,1.4000479e-29
1595,1179,423,7,1.6809729e-19,1.2125557e-07,6.913874e-20,2.7172401e-11,2.891111e-24,5.15542e-40,2.4371056e-09,0.99028945,9.173223e-09,9.71366e-07,1.7933632e-12,6.055922e-38,0.0,0.009709271,2.7487701e-16,8.267683e-15,9.098232e-08,0.0,7.0514213e-20,6.601565e-14,4.1859437e-30
1596,423,1180,13,1.54417e-22,0.2596286,6.5085573e-18,3.1510673e-19,1.3093226e-27,2.62e-42,6.134373e-07,0.019650336,0.00018456383,0.0015464841,3.01981e-08,5.6301702e-34,0.0,0.71885383,4.132115e-14,2.2815477e-11,5.26697e-11,3.2979596e-34,7.0624034e-28,0.00013530205,2.579102e-22
1597,1180,1181,15,1.8633712e-29,0.0050698947,5.9572473e-12,1.5299223e-07,5.1846053e-17,1.87023e-28,0.00019307992,0.022318793,0.0060031274,0.00049619976,1.78547e-07,4.0396068e-25,0.0,8.9308494e-05,4.066046e-09,0.965775,5.2956144e-05,8.2363155e-26,1.2243295e-21,2.9238407e-09,5.0029313e-14
1598,1181,1182,8,1.6844274e-33,1.4080379e-08,8.567699e-14,8.977505e-21,3.1300362e-30,1.2502e-41,0.00040570236,1.0899725e-05,0.99958426,7.893244e-12,1.1344223e-11,4.55459e-24,0.0,7.385197e-07,1.2609685e-15,1.54903e-09,6.8249085e-13,2.3297609e-27,2.9517254e-15,3.6999123e-12,6.419968e-15
1599,1182,447,14,9.474924e-24,2.7082518e-08,1.8095553e-10,1.2781653e-16,0.0,0.0,6.0315097e-07,3.7292053e-10,1.8971667e-08,7.729603e-11,3.042821e-08,1.5582892e-37,0.0,0.26213244,0.73786587,6.085462e-11,2.1881727e-13,5.349069e-21,4.238371e-31,3.2043812e-10,1.3106754e-14
1600,383,1183,3,0.0,1.2049076e-12,4.5440865e-18,1.0,4.4901927e-38,3.8633532e-23,2.99106e-13,1.4939093e-10,4.8165734e-09,2.0343205e-10,3.9261973e-16,8.0155115e-23,0.0,8.640057e-17,5.2133543e-20,9.2331115e-10,3.7149837e-07,2.3064e-41,1.2113412e-27,1.300361e-15,7.300817e-25
1601,1183,261,3,1e-45,1.2963518e-11,1.3221342e-15,0.9983572,4.4375022e-33,6.702957e-32,4.710555e-13,1.159661e-09,1.2536677e-09,2.2113011e-11,1.7049282e-16,1.2002616e-25,0.0,7.9213796e-14,1.5901714e-20,2.1610984e-11,0.0016438767,8e-45,3.1967563e-29,5.682544e-17,1.2217385e-31
1602,395,1184,9,1.2840967e-26,3.1397012e-06,8.2716214e-16,0.019754054,4.43739e-23,4.3566584e-17,6.683728e-10,0.007305384,1.0384811e-05,0.97291905,5.8774947e-13,1.4468639e-18,0.0,6.8184136e-10,5.04758e-13,4.157016e-14,9.655662e-06,2.2e-44,2.198965e-30,1.08420725e-14,3.304844e-14
1603,1184,327,3,1.7748433e-36,9.665251e-12,3.383021e-15,0.99630284,4.206526e-39,4.7783975e-24,1.6123268e-11,2.196509e-07,2.2910554e-10,1.2184471e-10,1.9680364e-15,2.0313923e-22,0.0,3.7835668e-12,3.5519158e-14,2.0178779e-13,0.0036962614,8.866e-42,8.028265e-25,1.220749e-19,9.5447486e-26
1604,479,1185,14,1.1243542e-18,0.0016252891,1.2482222e-10,3.4522964e-09,0.0,1.2201218e-32,4.156551e-09,1.796178e-11,1.4375755e-13,6.405035e-11,4.27943e-14,6.121858e-32,0.0,7.1179556e-06,0.9983687,4.8091964e-15,8.1001295e-09,4e-45,1.6545717e-26,2.6622949e-12,1.1624141e-12
1605,1185,315,3,8.7866e-40,8.825223e-12,4.4377845e-13,0.99982834,1.28e-43,2.6795382e-24,3.2986183e-09,6.6606793e-07,1.13841124e-10,1.0646504e-12,8.767804e-13,1.4986727e-21,0.0,4.9088457e-13,4.1991285e-12,5.93452e-12,0.00017109979,2.524585e-34,2.3266537e-26,3.415524e-18,1.9967076e-19
1606,513,1186,14,7.176521e-13,1.0591793e-09,5.4832365e-13,6.5831736e-09,0.0,2.723515e-21,1.1186388e-10,1.1503851e-11,3.7835504e-13,2.0971587e-11,6.7738675e-12,3.4774626e-24,0.0,2.0809382e-07,1.0,4.95068e-16,4.697494e-12,1.1e-44,2.620581e-26,7.601279e-15,4.017606e-07
1607,1186,321,3,2.532729e-39,1.1302034e-09,1.1685361e-12,0.9991535,3.4192622e-35,7.254375e-24,2.827944e-09,1.5963204e-07,3.7483204e-08,4.979515e-13,8.445504e-12,1.4494963e-22,0.0,2.680999e-10,1.8876492e-11,1.3521629e-13,0.0008444443,1.3909e-41,9.935071e-28,7.7591246e-16,2.8629132e-19
1608,153,1187,6,4.1591356e-32,1.7075274e-06,2.2167222e-12,7.137776e-14,6.5026727e-34,1.3247e-40,0.9999886,1.1118556e-06,2.1679456e-09,7.768693e-08,9.303713e-11,4.2545648e-26,0.0,1.032099e-05,1.2989976e-15,5.163098e-15,4.960764e-13,8.72936e-20,4.6399406e-24,2.5307267e-12,1.4897372e-26
1609,1187,1188,18,3.73e-43,9.572762e-09,1.248836e-11,6.145824e-08,3.9368828e-20,1.1645581e-34,3.0613478e-06,0.0023763205,2.833477e-06,1.9559755e-11,2.3313634e-10,2.806615e-29,0.0,1.6472271e-05,6.24963e-17,4.93112e-07,5.9287135e-09,6.817936e-35,0.9975996,3.9839004e-11,8.343144e-24
1610,1188,1189,3,0.0,2.230185e-10,3.3462837e-17,1.0,1.1431787e-21,9.004511e-33,8.9270625e-14,6.851587e-08,8.188412e-12,5.3837846e-15,1.3503391e-19,7.0045315e-35,2.29856e-40,1.4806248e-14,2.2278423e-14,2.1455733e-11,2.5955739e-08,1.085e-42,3.1040287e-17,1.4189503e-17,1.6674683e-23
1611,1189,261,3,1.4836112e-35,1.19254814e-11,2.6159814e-15,0.9938544,1.06e-43,3.0122708e-25,4.8166596e-11,7.589484e-08,8.17827e-11,2.2450767e-13,1.588746e-13,2.735353e-29,0.0,6.0974553e-10,1.598841e-10,2.2637827e-12,0.00614394,0.0,3.3981751e-25,9.828443e-18,2.0970054e-20
1612,261,1190,16,1.01871125e-32,0.00013470567,1.3296256e-14,1.5882193e-05,3.2098059e-22,1.0022185e-38,3.130677e-10,1.2687366e-08,1.4715358e-08,1.6069407e-05,2.3665583e-19,2.1829036e-28,0.0,1.5694006e-10,8.2639635e-22,2.001577e-15,0.99983215,8e-45,1.0821127e-36,9.185447e-16,1.5640094e-33
1613,1190,1191,9,4.37282e-27,0.0003055657,3.7072324e-11,4.31085e-09,1.3768577e-10,2.1442532e-36,1.7561466e-07,1.23912605e-05,3.322971e-07,0.9594517,3.1911815e-18,2.235756e-25,0.0,1.1922958e-07,1.0187274e-16,2.0711185e-14,0.040228155,4.5531892e-36,3.2113808e-25,2.3423359e-11,1.5289732e-27
1614,1191,327,16,8.862178e-24,0.0040995595,2.7800944e-13,2.3509958e-08,6.913727e-17,6.05063e-39,7.667335e-06,1.1377623e-06,0.0021782815,1.2820301e-05,5.857872e-18,4.7097868e-26,0.0,1.980758e-07,5.2953598e-17,4.2563595e-14,0.993699,3.9104182e-36,3.1952625e-33,7.235563e-14,1.0151339e-26
1615,327,1192,16,1.2479093e-38,0.0077086384,9.231602e-09,4.475267e-07,4.082569e-23,1.399122e-32,9.130784e-06,8.525245e-08,8.064316e-06,0.00049768406,4.518918e-18,1.1622353e-22,0.0,2.697993e-07,1.6894539e-17,4.765972e-13,0.9917752,3.0125296e-36,1.50243365e-36,3.8290366e-15,2.9366503e-32
1616,1192,1193,9,1.0173091e-25,5.694508e-07,2.559276e-14,3.0107344e-08,3.317708e-11,6.071472e-36,2.729844e-10,0.0054534758,8.331154e-09,0.9943246,2.3129454e-19,3.2885882e-26,0.0,5.5517986e-09,2.2243452e-20,2.4246435e-16,0.00022181439,1.25e-43,1.711582e-23,1.1853456e-19,8.706316e-27
1617,1193,315,9,4.463195e-30,1.2280434e-06,3.7420513e-14,1.0515171e-11,8.53129e-17,3.612842e-33,2.9360542e-11,1.7186826e-06,9.735235e-10,0.9999962,9.209256e-19,3.9111237e-19,0.0,3.989784e-12,8.2343755e-24,1.2072924e-17,1.7333098e-09,1.5893489e-32,5.3955905e-36,2.237001e-18,5.2680846e-30
1618,315,1194,9,2.9869236e-34,1.3608968e-07,2.6538903e-11,9.670594e-13,1.595754e-22,7.3770036e-22,2.6413465e-11,1.33393785e-08,3.614468e-11,1.0,2.4150906e-15,1.0766163e-13,0.0,2.8430956e-11,2.7568464e-23,4.6683787e-18,3.437942e-11,1.2684385e-35,1.5401816e-37,9.368181e-17,2.3374385e-31
1619,1194,1195,9,1.2449363e-25,9.542865e-09,5.547926e-16,3.6777356e-12,1.91684e-20,2.504647e-38,6.444705e-14,6.730121e-08,1.5581129e-12,1.0,5.989703e-17,2.996571e-24,0.0,1.286417e-09,1.7882033e-22,4.0187427e-21,1.5292738e-08,9.2402e-41,7.684805e-39,8.706622e-18,1.5935259e-32
1620,1195,321,9,1.700726e-23,7.682475e-05,1.747574e-13,4.2949685e-13,3.1867727e-21,5.426943e-37,6.753002e-10,3.78271e-07,2.470778e-08,0.99992365,1.588303e-14,9.120789e-22,0.0,5.9590057e-09,2.037571e-21,3.4484918e-17,2.0291376e-08,2.9503333e-35,2.2083228e-36,6.416792e-13,6.428693e-30
1621,321,1196,9,1.393488e-30,4.010735e-05,6.284269e-10,1.7138072e-11,9.879358e-22,2.0103472e-29,1.1588567e-08,5.4774625e-07,2.3727739e-07,0.999958,2.7135173e-14,2.6858533e-16,0.0,2.3385427e-10,3.812146e-22,1.7796904e-14,1.6293573e-08,5.079765e-34,6.113771e-36,3.631877e-14,1.9653965e-29
1622,1196,1197,9,3.9903473e-27,4.29711e-08,1.4954907e-15,0.0032196105,6.2438553e-12,4.894644e-39,1.21216e-11,7.027093e-05,1.8505324e-10,0.9962572,3.1261953e-14,8.060819e-26,0.0,2.0607988e-10,1.1000613e-18,2.639381e-12,0.0004534474,4.95e-43,4.3221634e-31,1.190938e-20,5.9053338e-30
1623,1197,1198,7,3.4e-43,3.2278e-11,1.5385217e-12,0.08123583,1.3883674e-08,3.6084307e-35,3.304644e-13,0.9152499,5.5620157e-09,3.6779572e-06,3.946976e-11,8.214167e-25,0.0,1.2648652e-09,1.0676144e-21,3.3401156e-07,0.0035085995,1.6254442e-33,5.6503884e-14,1.3806185e-17,8.401321e-27
1624,1198,231,7,2.0448364e-28,3.2336047e-11,2.709638e-07,2.84757e-09,2.1838059e-33,8.20365e-40,2.5127225e-09,0.99973303,8.390605e-09,3.5017142e-10,6.01778e-10,1.9730968e-21,0.0,0.0002657101,1.6089575e-14,3.3757455e-10,2.0540538e-13,3.6016635e-21,9.517591e-18,1.4095645e-15,3.2438497e-24
1625,114,1169,14,3.3772874e-05,1.6419384e-05,7.5156127e-16,4.3643824e-22,8.8945256e-38,1.6276816e-36,1.5655598e-05,4.013642e-13,6.0805716e-09,1.6162319e-10,2.426172e-07,3.233248e-33,0.0,0.07191662,0.92797637,1.4638921e-17,1.0321489e-15,1.1476897e-33,3.943376e-20,4.001825e-05,6.6682597e-13
1626,447,150,14,1.0713371e-25,1.9441085e-13,4.288518e-13,4.346249e-18,1.4e-44,0.0,9.499561e-11,3.0340015e-15,4.1956015e-14,2.5368423e-14,8.8557e-14,2.359197e-39,0.0,8.4140165e-06,0.9999923,4.1568416e-14,3.442053e-16,3.9098026e-23,4.576498e-39,3.9338626e-14,8.098569e-20
1627,114,150,14,8.142303e-14,5.7322552e-15,5.274106e-19,6.2488453e-24,0.0,1.398e-42,3.6268553e-12,5.422443e-18,8.799421e-16,1.4541069e-18,2.7529456e-17,8.848e-42,0.0,2.3886292e-08,1.0,5.292378e-22,3.9821803e-20,9.8485e-40,1.7982599e-36,3.839196e-18,5.0146716e-18
1628,138,150,14,1.2387836e-12,2.0427442e-12,8.0716925e-16,1.064095e-18,9.7e-44,0.0,1.2702583e-10,1.02363925e-13,2.3604469e-14,6.777495e-13,3.2892341e-15,3.04757e-40,0.0,4.7347414e-05,0.99995226,3.1507904e-19,1.7705605e-16,3.3102833e-36,3.425906e-36,8.4641236e-17,9.802132e-16
1629,213,1199,0,0.9716469,1.306176e-10,9.288538e-18,8.1288396e-20,2.3082341e-38,8.471172e-38,1.5624519e-12,6.9887135e-10,1.6708158e-10,3.6918076e-11,0.028161231,4.0434354e-30,0.0,1.5214085e-06,4.1937022e-12,2.6437464e-18,9.45542e-18,4.95e-43,1.4625547e-29,2.8410246e-11,0.00018895578
1630,1199,114,14,0.015402441,1.1538043e-11,8.783109e-19,5.042111e-22,0.0,7.17859e-40,3.3963476e-10,2.2079345e-14,6.192519e-14,1.8061793e-14,5.6708186e-13,3.863336e-39,0.0,6.2577493e-07,0.9845978,3.144362e-22,1.34052725e-17,0.0,6.58988e-32,2.1317872e-17,6.424808e-11
1631,435,429,7,8.6197e-41,8.006686e-14,1.2025768e-09,7.05721e-12,5.500358e-26,1.293773e-26,3.4203553e-14,1.0,2.6278042e-07,3.25308e-10,2.4587751e-20,2.3306523e-10,0.0,8.179443e-14,1.1036079e-27,9.512676e-21,1.1543568e-15,2.3605084e-34,9.1349903e-23,3.206862e-26,2.0057861e-25
1632,1174,373,8,0.0,1.7314223e-06,2.5749765e-12,4.9299875e-16,1.9713839e-26,1.201501e-21,2.1411554e-06,2.790257e-09,0.9999962,3.8397622e-13,1.3290823e-15,9.821842e-19,0.0,4.1664094e-09,1.09808714e-17,2.3760975e-15,4.713766e-08,1.049e-40,6.937373e-24,1.9710672e-12,1.2653808e-25
1633,373,1196,8,2.8829e-41,7.282779e-06,6.2749922e-12,0.000118803895,2.632297e-16,3.2776415e-34,5.092674e-09,1.2045534e-05,0.9995156,1.566877e-09,5.0330174e-16,7.782913e-20,0.0,7.1437516e-11,1.4177942e-22,8.99394e-10,0.0003471321,2.1757e-41,2.9412203e-27,1.7133104e-11,1.9315438e-26
1634,373,1200,16,0.0,0.002942614,6.4800574e-06,0.000931607,5.9502733e-20,6.142e-42,3.2892316e-09,1.1105222e-10,1.8411754e-09,9.250864e-06,5.588192e-18,2.0247456e-23,0.0,2.0000546e-11,3.0661706e-16,1.3533067e-08,0.996109,1.8391756e-38,1.3683027e-24,1.160141e-13,3.0359116e-30
1635,1200,1201,16,2.9232512e-38,4.5297943e-09,2.0949958e-15,7.041304e-08,6.3833635e-22,2.8793608e-36,5.292572e-10,6.0584032e-05,3.7717785e-12,4.1383746e-08,1.6039014e-22,1.9369473e-31,0.0,6.1922147e-13,3.5038566e-15,1.4552496e-11,0.999939,1e-44,2.428123e-24,1.5375059e-28,4.7541534e-27
1636,1201,429,7,3.038942e-26,1.11592584e-14,1.6644166e-17,2.104625e-14,2.8263267e-24,3e-45,1.8745606e-11,1.0,2.244499e-09,2.98681e-11,3.0636307e-18,2.2347184e-30,0.0,9.601466e-10,1.1543928e-21,7.535072e-17,5.1454097e-12,2.6658282e-37,9.033471e-20,2.1178984e-21,1.2063066e-33
1637,69,153,6,8.622e-42,1.6446002e-08,1.3994127e-06,1.0037622e-12,7.0532007e-34,2.0862079e-22,0.9999008,6.058394e-08,3.2180446e-07,3.2126045e-11,7.623163e-10,6.23111e-17,0.0,9.564714e-05,5.0896312e-14,2.9362447e-11,5.008748e-17,9.767091e-22,2.3009987e-23,1.4508099e-11,1.5821245e-27
1638,429,231,7,4.5131443e-34,1.7963492e-11,6.185204e-05,5.7955934e-10,1.93e-43,4.614418e-31,4.5129586e-10,0.999939,1.02625606e-07,6.245107e-08,5.6436057e-13,8.639123e-12,0.0,2.9906013e-07,2.8756853e-20,2.9317152e-16,3.9729805e-15,4.2343923e-25,3.6223414e-23,7.0434446e-18,9.75449e-25
1639,138,213,0,0.9984677,8.1216625e-13,2.989156e-20,2.249914e-19,3.9e-44,9.68294e-40,1.4788447e-13,1.673905e-12,4.143282e-14,5.5181424e-13,1.851922e-08,1.0515988e-38,0.0,6.16994e-07,0.0014533831,1.0919899e-22,2.3474735e-16,0.0,9.955969e-37,2.4465798e-16,7.863294e-05
1640,45,246,20,3.652833e-05,2.3425697e-10,9.851411e-19,5.94164e-17,0.0,8.527828e-35,7.1233086e-13,2.1556787e-13,1.696069e-14,4.794476e-12,2.4402539e-06,1.0085992e-33,0.0,5.240084e-08,0.06721059,2.2312812e-19,6.8987433e-15,3.0186696e-38,4.474349e-35,5.801933e-13,0.9327499
1641,258,246,14,1.16734805e-17,6.0043035e-08,2.5512287e-11,1.16361075e-14,0.0,2.057524e-39,2.6590436e-07,6.903589e-07,2.8605434e-12,1.44172e-08,3.7295704e-05,1.2934657e-28,0.0,0.007514372,0.99244887,1.5289223e-10,5.008256e-15,4.32786e-14,5.14282e-27,1.9272401e-09,9.684544e-14
1642,258,57,14,9.289305e-13,3.5714571e-12,1.390785e-15,2.7809662e-19,0.0,1.15e-43,4.989103e-11,2.9684432e-11,3.7734693e-16,1.408045e-13,2.0429994e-10,5.637435e-34,0.0,1.9774748e-06,0.9999962,7.328722e-17,5.55847e-18,1.5241646e-25,3.4407763e-33,2.7148308e-15,2.9796185e-18
1643,34,1202,6,8.180652e-31,4.951377e-09,0.00048068937,1.7450275e-15,8.52511e-40,9.7882e-41,0.9995194,8.991074e-14,5.410558e-12,9.230069e-13,9.713845e-22,2.5098848e-18,0.0,1.9790762e-12,4.072942e-15,8.3815535e-16,1.482982e-14,1.095599e-22,3.330335e-35,2.0689435e-25,2.929122e-31
1644,1202,202,6,3.9240892e-22,1.1311512e-11,5.119623e-05,2.5665949e-17,2.05863e-40,0.0,0.9999504,6.69081e-13,3.711099e-09,1.1053294e-15,1.3338064e-14,1.0662585e-22,0.0,7.2650296e-11,7.3437186e-18,1.8090634e-12,1.9776015e-15,7.751602e-33,8.036977e-30,1.4606942e-19,5.8005775e-30
1645,202,82,6,1.4539595e-30,9.224447e-11,4.106409e-06,8.981349e-12,2.939679e-30,1.722e-42,0.9988944,9.600025e-05,0.0009418481,1.972238e-07,7.516065e-10,3.5514884e-18,0.0,6.396387e-05,3.4365937e-17,1.2476631e-06,1.2028575e-15,1.6862038e-23,4.9958204e-28,8.796074e-14,3.6611603e-28
1646,531,226,6,3.055417e-31,9.320692e-11,3.5634366e-07,7.9142935e-11,1.393497e-25,9.621028e-36,0.98306656,0.0008127883,0.015981156,8.579561e-09,1.1729184e-10,2.965018e-16,0.0,1.0038993e-06,1.5763678e-16,0.00013880791,2.0724442e-16,2.8903078e-23,1.154674e-22,1.7146277e-15,1.5605504e-21
1647,226,127,6,1.0650967e-28,4.2031834e-12,0.0057539567,2.9098552e-16,2.811306e-38,1.187e-42,0.99424505,1.2742593e-11,1.2291945e-09,8.014601e-14,2.3653086e-15,8.9068643e-20,0.0,7.494539e-09,1.0641093e-14,1.3744857e-10,1.0114692e-19,1.7491166e-26,2.3432517e-30,4.910797e-19,1.6265573e-22
1648,127,1203,6,3.6468588e-28,1.0478693e-11,2.795616e-09,2.6736605e-14,0.0,1.9302588e-37,1.0,7.848611e-16,3.4763462e-10,1.6264027e-14,7.725945e-19,3.69053e-24,0.0,6.9131376e-12,1.8466793e-13,8.8415414e-10,7.8273895e-14,6.870827e-22,2.3894396e-31,1.1107301e-17,1.0489808e-19
1649,1203,1204,6,3.201177e-12,1.9394863e-13,1.671988e-11,1.8118756e-18,0.0,7.671731e-34,1.0,4.5147078e-13,2.3912733e-08,8.023927e-15,2.4366148e-15,4.4515847e-21,0.0,2.384959e-09,8.511353e-12,9.9291714e-11,4.717224e-14,5.727384e-29,4.6280823e-30,5.9489077e-21,5.72818e-26
1650,1204,139,0,1.0,3.292193e-17,9.572312e-19,2.287184e-20,0.0,7.1e-44,5.926192e-09,1.7776455e-13,3.84154e-14,1.4373861e-17,1.189319e-13,4.808571e-38,0.0,1.9346909e-09,1.0467263e-08,3.0130138e-20,9.349388e-20,2.3187e-41,2.2480619e-33,1.240472e-23,6.549257e-13
1651,214,1205,10,8.071464e-19,2.4230428e-13,8.930256e-16,2.3839236e-15,1.5222723e-30,1.00331026e-35,3.2422642e-14,8.3825416e-13,2.0009492e-13,1.2112552e-13,1.0,3.4306097e-31,0.0,4.1282737e-09,3.0995427e-18,9.581544e-10,3.9090782e-20,6.9431234e-30,1.5770439e-28,2.0297033e-11,1.4083915e-13
1652,1205,1206,6,1.0876338e-13,1.673005e-08,2.24389e-10,1.0487809e-11,7.721288e-27,1e-45,0.99987406,2.8302875e-08,3.0298733e-07,6.30039e-13,3.7473e-11,2.847369e-28,0.0,3.0116375e-11,1.490791e-16,0.00012539102,2.7489857e-12,1.9470412e-27,1.1807507e-20,4.521541e-17,7.673934e-17
1653,1206,226,6,3.3159012e-32,3.2080438e-14,3.28732e-12,9.1550175e-15,4.3171737e-37,8.76e-43,1.0,8.720352e-10,4.475313e-09,1.0691082e-17,5.5090765e-17,3.246802e-28,0.0,3.030374e-12,1.5778555e-14,2.398463e-08,1.1101284e-10,5.6253617e-34,1.0876205e-22,3.3057479e-24,1.8968061e-29
1654,531,1207,15,1.581728e-39,1.8345746e-13,2.8042646e-11,1.5060586e-08,2.5480937e-21,1.42188e-40,6.196832e-10,9.183853e-12,1.09528386e-10,6.2560152e-12,3.3340965e-13,4.5806404e-23,0.0,4.2491106e-13,4.9191216e-19,1.0,1.2967745e-15,9.496965e-16,7.077805e-20,6.67368e-13,7.5298114e-25
1655,1207,1208,15,1.1e-44,1.0031099e-15,1.9994327e-15,2.6144036e-09,1.6496167e-20,7.4976996e-35,2.8543818e-14,7.607427e-08,4.5677065e-10,5.1078174e-14,2.3105615e-14,9.597036e-25,0.0,1.0439814e-14,9.892283e-24,1.0,5.249909e-15,1.9053079e-19,4.2810233e-17,1.3488276e-16,2.2838203e-26
1656,1208,1209,15,1.6718002e-22,1.0616347e-09,2.2641875e-13,1.2557977e-09,1.2338185e-22,2.64397e-39,5.512315e-09,0.025239715,0.00033440854,2.8242125e-10,4.527844e-08,2.3771618e-27,0.0,0.00019081226,3.450676e-17,0.9742338,3.1572678e-09,7.4666063e-23,2.7811944e-15,2.0059476e-09,6.302401e-23
1657,1209,310,13,2.143264e-21,3.1235828e-08,1.075628e-11,4.2863242e-14,4.025329e-34,7e-45,1.4295123e-09,3.642195e-09,2.8744165e-10,2.1429979e-10,4.6265058e-10,8.6617054e-32,0.0,1.0,3.0529987e-13,5.538778e-13,2.7420968e-10,3.005105e-35,4.956485e-22,8.234497e-10,1.2564072e-30
1658,214,1209,10,1.1193592e-12,5.7234144e-12,8.1244113e-19,1.529568e-20,2.34e-42,3.7523712e-37,1.1238571e-10,7.674367e-11,1.9994026e-07,5.62848e-17,0.99998474,2.1164053e-35,0.0,1.6053538e-05,1.533233e-17,5.8002735e-13,3.9487522e-19,2.085134e-37,2.8713683e-26,9.853448e-10,1.85021e-15
1659,94,1210,10,2.0231425e-28,6.3125306e-08,0.020323355,6.553412e-15,1.7195617e-28,2.261928e-26,2.9615595e-08,7.812758e-10,9.782523e-08,7.062983e-09,0.97717047,9.2050994e-14,0.0,0.0024958025,1.3630542e-20,8.805342e-06,5.737828e-17,4.3554013e-22,6.866902e-28,1.2416088e-07,1.6588742e-20
1660,1210,1211,10,1.2394276e-29,7.851468e-13,9.458804e-12,1.1020522e-18,4.112862e-31,5.0359225e-29,4.356601e-13,3.3093005e-12,1.4889071e-12,1.0384026e-11,1.0,4.094657e-23,0.0,1.1448015e-07,2.2658827e-19,5.142631e-09,3.0013e-21,3.8952048e-20,3.137602e-31,4.989989e-07,2.86648e-16
1661,1211,286,9,1.2362699e-12,1.3128376e-06,2.8322662e-14,2.8179328e-14,3.7186845e-37,6.943e-42,2.8388623e-08,6.2852887e-06,4.7692124e-12,0.99669045,9.481691e-08,2.4801383e-29,0.0,0.0033009192,1.4399467e-13,3.866548e-18,1.3931164e-07,3.148361e-28,5.0067475e-30,4.9005435e-11,2.060605e-30
1662,462,1212,17,3.05e-43,3.859386e-18,4.726298e-12,2.402318e-23,7e-45,0.0,9.645641e-15,1.8641977e-20,8.065854e-21,2.2908812e-17,8.0908667e-16,1.1356915e-25,0.0,7.861132e-17,1.9233484e-23,1.0235699e-15,1.4163487e-25,1.0,4.8183907e-32,2.6160877e-14,1.2369743e-32
1663,1212,1213,17,6.05e-43,4.108438e-17,1.9077463e-17,3.3621985e-26,0.0,1e-45,1.5799968e-14,2.7128999e-19,9.89302e-20,3.808636e-18,2.853606e-16,3.88628e-30,0.0,2.3111375e-19,9.523051e-23,1.5937385e-17,5.4407163e-26,1.0,1.2078446e-33,1.3220278e-12,2.5224752e-28
1664,1213,1214,17,0.0,3.4767304e-14,3.323748e-20,7.385319e-27,0.0,1e-45,1.0338556e-14,2.1393007e-15,1.067189e-17,1.4107157e-15,1.1692923e-15,2.733291e-34,0.0,1.8054385e-18,2.5353906e-22,2.2132514e-18,1.4295061e-25,1.0,1.3845437e-23,4.2437978e-09,3.7356635e-28
1665,1214,1215,17,0.0,3.2433565e-08,2.9576764e-15,9.306825e-21,7.8794936e-35,1.02268615e-33,1.1026069e-11,1.1393199e-09,6.713261e-12,3.4676842e-10,9.772632e-17,4.7412296e-24,0.0,2.746382e-15,5.895277e-21,1.1205317e-16,2.1880898e-20,1.0,2.2036676e-15,4.2217028e-08,9.468227e-27
1666,1215,1216,1,0.0,0.9986315,1.9193448e-10,3.4577293e-15,3.0372454e-29,1.3737201e-33,1.7688597e-08,2.9687783e-14,1.6895547e-05,1.39107755e-14,1.7139197e-17,4.18136e-24,0.0,1.025202e-10,1.1426281e-23,3.841692e-15,2.7269249e-21,2.5419377e-29,4.7950724e-30,0.0013521749,1.3712663e-23
1667,1216,418,9,1.1224894e-19,0.00058141234,1.9522568e-10,6.680488e-11,1.8991314e-28,0.0,7.3492565e-06,0.010954722,4.468324e-07,0.56659883,4.2966226e-06,1.1635797e-29,0.0,0.42185307,5.208704e-12,1.7229262e-10,3.7658304e-10,1.4484954e-15,2.3171303e-20,8.314391e-09,2.0096721e-22
1668,46,1217,20,2.0410113e-08,3.3748365e-11,3.5025817e-18,4.437384e-18,0.0,9.2917835e-36,3.5915163e-14,3.330974e-14,1.9609828e-13,1.0877987e-15,1.1563966e-05,3.3993077e-30,0.0,3.8394364e-11,7.5028335e-13,8.298857e-18,1.8997869e-17,0.0,2.1451128e-28,1.1854057e-13,0.9999886
1669,1217,1218,20,1.7240027e-12,1.2118982e-08,7.783142e-15,6.9362474e-13,9.1248554e-38,3.474e-41,1.425408e-07,6.7430705e-16,1.2334689e-09,1.4388797e-15,1.0108039e-15,6.8925023e-32,0.0,5.256369e-12,2.0925549e-12,8.039829e-15,1.4336325e-13,0.0,5.3677688e-30,2.133096e-18,1.0
1670,1218,34,6,5.7076926e-35,6.977073e-10,6.123031e-08,8.416215e-17,9.13862e-37,1.6622196e-34,1.0,6.2394215e-14,3.7485454e-10,3.9826595e-16,3.0841094e-22,6.519758e-20,0.0,2.649417e-13,5.6749247e-15,7.159093e-16,6.462479e-14,1.0311765e-23,7.0761766e-30,8.385197e-24,1.5998481e-32
1671,247,1219,20,2.213849e-27,5.190657e-11,2.912136e-13,1.0505868e-11,1.274e-42,2.7443176e-31,4.100791e-05,5.502666e-11,8.6609103e-10,7.211394e-15,3.2039126e-05,7.052296e-24,0.0,2.0305069e-09,0.008143778,3.4101518e-08,4.71636e-14,3.82167e-21,1.7917668e-23,1.3785479e-13,0.9917827
1672,1219,1220,20,4.9776584e-26,8.653013e-11,5.42218e-16,3.1393116e-10,1.2366368e-21,1.762393e-39,1.2202071e-07,4.3953352e-10,1.3946598e-05,3.3880503e-12,2.1847826e-09,3.8175388e-25,0.0,2.071929e-10,1.0896287e-10,4.4016676e-07,1.684202e-11,1.8708213e-29,1.4759754e-25,9.060166e-16,0.99998474
1673,1220,1202,6,4.204362e-38,2.4893908e-13,3.6571084e-15,2.9727968e-17,4.1853e-41,3.017327e-35,1.0,2.4344681e-08,6.4390025e-07,1.3856271e-15,3.9240955e-19,2.806159e-26,0.0,2.7720471e-12,1.3502667e-12,1.8747006e-14,1.8460421e-09,2.017369e-29,2.1067108e-24,9.450446e-25,8.527565e-28
1674,247,1221,10,1.2587799e-18,1.8111469e-14,1.0000763e-15,8.157645e-18,0.0,1.0151579e-32,2.4407969e-11,4.1926346e-10,1.7659841e-12,9.615527e-13,0.9999962,9.64665e-27,0.0,2.8793718e-06,1.665651e-07,5.9823625e-13,1.934576e-17,7.96895e-17,8.62303e-33,1.3864719e-09,4.7454048e-11
1675,298,462,6,1.6448941e-09,1.2377871e-08,1.3166458e-11,9.030595e-16,3.8273026e-28,9.72641e-38,0.9188495,0.0018104663,0.06762413,7.96531e-08,6.135631e-09,1.4854721e-23,0.0,0.011714565,2.4389554e-10,2.4500308e-12,1.9414683e-15,4.634514e-22,3.0051188e-26,1.0872137e-15,4.1824684e-13
1676,462,1221,17,3.786726e-36,3.912893e-15,2.372038e-13,1.2180153e-24,0.0,3e-45,2.677109e-11,3.5173403e-16,4.710009e-16,4.9408316e-16,7.713038e-10,1.4279555e-29,0.0,1.33533835e-11,1.637799e-18,6.108187e-14,4.8652343e-23,1.0,2.4287213e-27,7.3209145e-09,5.807333e-29
1677,1221,1222,19,1.0959548e-36,0.0002707121,1.7409676e-12,1.3359004e-20,4.8284693e-34,1.36994e-40,1.3850514e-07,3.785063e-07,1.5303468e-09,1.4697845e-09,1.500474e-07,9.1810074e-29,0.0,6.044379e-09,9.171306e-15,5.6679236e-12,8.058063e-16,0.00022479922,2.5662878e-20,0.9995042,7.315641e-27
1678,1222,1223,1,3.7261117e-29,0.99463195,2.3150948e-08,3.457499e-11,1.5147372e-36,4.0398e-40,0.0047819493,0.00030817973,0.0002706646,3.2002208e-07,3.4592362e-13,6.596525e-23,0.0,4.657095e-06,2.552578e-14,6.6661187e-07,2.5782594e-12,1.345531e-27,1.5844674e-20,4.2681796e-07,1.1083246e-27
1679,1223,202,6,4.8115323e-35,3.4535081e-09,4.7099696e-10,1.4111094e-14,8.171303e-29,0.0,1.0,8.719092e-09,1.5099547e-06,1.0305638e-14,1.2498995e-10,2.5222523e-29,0.0,4.1928767e-09,9.646947e-19,2.3390014e-07,2.8796252e-13,3.52445e-36,2.988687e-21,1.7161926e-14,1.8761654e-31
1680,82,1224,15,6.39e-42,3.9236135e-13,8.437972e-11,2.4998037e-11,1.197342e-21,1.1412e-41,2.9724803e-09,2.0350325e-12,2.197218e-10,1.9234537e-13,2.368608e-12,3.2279772e-23,0.0,4.7365952e-12,5.3229213e-18,1.0,2.9064476e-17,1.075807e-14,1.05172485e-20,8.944666e-11,9.068167e-28
1681,1224,1225,15,4.9424e-41,4.0518546e-13,1.747658e-16,5.4481596e-08,9.770959e-31,4.2673523e-28,2.318403e-13,1.2808389e-10,1.2063247e-11,1.6088856e-12,2.868244e-14,9.991123e-22,0.0,9.564005e-16,7.583278e-19,1.0,2.6901845e-13,1.2191902e-19,7.1636023e-23,1.877284e-14,6.2431325e-22
1682,1225,1226,15,3.5151192e-28,2.1853304e-11,1.5014729e-11,3.022633e-08,7.651229e-30,2.296927e-25,8.6514467e-07,7.3295225e-05,1.434262e-05,6.673408e-11,7.316056e-13,1.1915922e-20,0.0,3.9292383e-09,1.3207373e-16,0.99991226,8.811469e-11,4.9800185e-24,2.397178e-19,1.377721e-15,2.517879e-21
1683,1226,298,13,1.0366074e-08,7.440115e-06,8.516173e-09,3.5104844e-12,4.7355877e-25,5.7502e-41,0.00028889024,4.2915752e-07,3.3023483e-07,0.00010648375,9.131175e-12,1.0725193e-24,0.0,0.9995576,5.1072624e-10,5.2159133e-15,3.815161e-05,3.697e-42,3.476568e-27,4.7804998e-14,4.0592036e-28
1684,298,94,7,6.2382075e-29,3.200631e-10,0.0009055764,2.5991818e-07,2.9937873e-36,1.4819685e-23,8.605653e-09,0.99870384,0.00036598084,1.3649944e-06,2.5668086e-11,3.37932e-07,0.0,2.4139608e-05,1.9080936e-19,8.695895e-19,3.7277794e-12,1.684e-42,1.0386562e-26,7.304951e-22,2.4864845e-22
1685,106,310,8,1.5158728e-25,5.963438e-10,0.00013278837,2.8278494e-15,2.552e-42,2.9495955e-24,4.245367e-06,3.8077876e-06,0.99899346,1.9036357e-13,2.4062293e-12,3.297877e-08,0.0,0.0008651064,2.7007945e-14,3.2755826e-17,2.4992538e-16,5.5222474e-32,7.286012e-26,2.2646701e-14,5.2190024e-21
1686,418,286,8,6e-45,1.1337469e-12,9.7360325e-14,1.2959521e-10,6.7348216e-15,3.539065e-30,4.968363e-11,0.0027873185,0.9972116,2.8542188e-14,1.4746856e-19,3.6348636e-18,0.0,3.2876566e-13,8.591458e-22,2.5122727e-16,2.6144977e-13,4.694821e-36,2.7613442e-28,5.016922e-21,3.0642713e-27
1687,1227,58,0,1.0,2.2114033e-14,1.05014585e-19,6.024995e-24,0.0,0.0,9.7594544e-11,3.830114e-13,2.5621553e-16,5.4667235e-14,2.9224776e-07,2.6898656e-36,0.0,3.1661145e-09,1.1719323e-10,9.731111e-18,5.9677566e-19,1.0843367e-27,1.033007e-31,3.781826e-13,1.528806e-17
1688,259,1212,17,5.6488252e-33,9.607158e-15,6.5154447e-16,6.4694514e-24,0.0,3.7e-43,7.0507066e-13,3.4720833e-15,9.421719e-18,4.9259104e-15,9.866697e-12,8.91536e-28,0.0,2.4167183e-14,1.2155088e-17,1.4525063e-16,6.128452e-23,1.0,2.0585018e-35,8.987441e-10,8.660364e-29
1689,1227,1228,19,6.444e-19,2.2736707e-08,4.9129054e-15,4.367859e-24,0.0,3.8e-44,2.5753353e-08,3.9617097e-13,4.4681077e-12,4.6519494e-12,8.904221e-11,4.7817588e-29,0.0,7.940724e-11,1.7712393e-20,7.924073e-13,4.7548235e-20,9.876779e-10,3.2817926e-28,1.0,1.1276577e-25
1690,1228,1229,19,2.5082248e-29,2.4706284e-07,7.869253e-12,3.1509708e-19,3.6978535e-19,0.0,2.739722e-11,2.19289e-09,7.745574e-10,1.3880708e-08,1.1624806e-12,1.6459102e-25,0.0,2.9729918e-08,4.11211e-23,4.6859877e-11,1.107202e-17,4.737534e-12,4.1053394e-08,1.0,4.6242703e-30
1691,1229,166,18,6.894139e-30,3.6348017e-14,1.1147854e-22,7.268532e-16,1.9754938e-19,1e-45,1.114337e-18,7.101591e-09,3.0042544e-14,3.1590097e-12,3.9613308e-21,1.3476916e-30,0.0,1.3277141e-15,9.061671e-27,3.911249e-16,6.608736e-17,1.5169794e-38,1.0,4.2625097e-18,6.593062e-28
1692,166,1230,18,2.73719e-29,1.6101755e-11,6.068393e-21,1.466188e-11,4.518187e-21,1.6425e-41,3.5814207e-17,2.9662178e-08,9.441104e-12,6.1354045e-14,1.0154029e-15,3.9040084e-29,0.0,1.6017627e-13,2.874195e-19,1.2053916e-10,2.8710355e-14,4.6245894e-37,1.0,1.0757207e-14,1.7448843e-19
1693,1230,1231,3,4.254e-42,2.7399717e-12,5.930101e-14,1.0,1.604089e-17,1.0210512e-29,6.4194293e-15,9.1058006e-08,8.725937e-11,4.558422e-13,2.0314237e-14,5.274452e-25,0.0,2.8703363e-13,6.7373596e-17,3.4528134e-07,9.341669e-09,1.3242983e-32,3.78756e-08,3.9996703e-14,1.0528858e-26
1694,1231,178,18,9.972892e-28,5.5260944e-13,1.0856802e-15,1.8741933e-06,9.361998e-25,1.4069397e-27,1.0790786e-14,5.6107397e-06,6.8161444e-12,1.776899e-10,2.2383212e-13,9.443511e-21,0.0,5.680998e-12,6.290596e-19,8.3802043e-10,1.2558606e-08,2.034606e-34,0.9999923,1.2019808e-16,2.5338255e-21
1695,178,1232,10,5.2766795e-20,3.1461003e-08,6.051208e-09,8.457217e-17,1.983e-42,2.226348e-28,9.435776e-12,2.6789475e-15,4.69187e-12,5.0716797e-16,1.0,2.4756054e-18,0.0,6.925162e-08,1.339702e-13,3.3644808e-12,5.8306196e-21,4.3927787e-29,8.401627e-23,3.6004937e-07,3.9016286e-13
1696,1232,190,8,1.0862133e-10,0.04340005,3.1730937e-11,2.2881504e-07,8.458245e-33,7.988466e-38,0.0005157595,9.2293795e-10,0.8659497,3.744731e-09,1.6185128e-05,3.9746945e-22,0.0,0.090116285,4.5832733e-11,3.7224723e-08,2.8822065e-14,6e-44,1.2300301e-23,1.5141942e-06,2.8826423e-09
1697,537,1233,9,3.4828426e-37,1.2250062e-07,4.085132e-12,3.2106844e-09,2.3744061e-20,2.7125672e-20,7.198251e-09,5.569562e-06,2.922528e-07,0.9999923,2.0318887e-14,9.486899e-16,0.0,2.2650656e-08,3.8595146e-20,1.4626454e-12,8.177298e-12,4.842663e-23,8.0272966e-22,4.98944e-13,4.414133e-27
1698,1233,384,9,2.0240423e-31,3.017341e-11,5.4095124e-17,0.0046425397,3.4008277e-36,1.2633991e-24,1.7560961e-11,8.593434e-05,1.4411033e-09,0.99526954,1.1641575e-13,1.0513371e-25,0.0,3.9582562e-10,8.899232e-18,1.2341736e-11,9.6092805e-08,9.7544985e-31,1.0115635e-23,3.8660206e-16,1.1263109e-27
1699,494,1234,9,7.1559047e-29,1.9487745e-10,3.2061722e-14,8.879087e-11,1.23e-43,1.179934e-23,3.3608306e-16,2.6930032e-09,2.934927e-16,1.0,1.5172193e-12,1.0557553e-15,0.0,7.733909e-11,1.261492e-24,5.307243e-20,1.7636808e-13,3.9901343e-27,1.8228215e-34,2.113195e-12,5.349359e-27
1700,1234,396,9,6.6273363e-26,2.7603808e-09,1.3653267e-15,1.3027078e-10,8.69e-43,5.834111e-29,6.72532e-16,1.1711562e-11,4.1573764e-16,1.0,3.0641643e-13,1.2166905e-19,0.0,6.098219e-11,2.7625973e-21,4.5212584e-20,2.5033773e-15,8.581176e-29,9.18128e-38,7.2153394e-12,1.426702e-23
1701,166,1248,18,5.001435e-32,3.3139604e-13,1.7085373e-21,9.4709426e-18,5.564884e-23,3.9e-44,1.7570557e-17,1.5029972e-11,4.3023497e-12,1.4698235e-17,1.1860437e-16,4.3765682e-30,0.0,3.3383822e-15,2.624448e-22,4.3751873e-13,4.9982117e-17,9.1592505e-36,1.0,3.6111823e-14,3.18432e-20
1702,286,1235,9,1.5555896e-26,1.02724105e-11,5.634989e-17,3.7789532e-11,1.6256536e-27,1.1303473e-36,8.71085e-16,2.1493963e-06,2.3525385e-16,0.9999962,1.4862101e-14,2.792994e-24,0.0,1.9740707e-11,2.743155e-24,9.56089e-19,2.3204592e-10,6.307794e-29,2.2647512e-26,4.8322125e-18,1.6877373e-36
1703,1235,1236,7,4.5958273e-33,6.385062e-09,3.7308766e-14,0.13993576,0.0036492154,1.6702881e-31,8.3093645e-13,0.8563737,1.3387244e-08,3.5792986e-05,6.5449236e-13,4.653792e-21,0.0,8.5529435e-13,1.9637088e-23,5.2148835e-06,8.352475e-09,2.7775953e-26,8.219926e-12,2.2178948e-15,3.4190857e-24
1704,1236,494,9,6.488916e-20,6.722625e-09,5.3537346e-17,6.121367e-10,2.4523427e-25,5.256248e-35,2.018055e-13,0.007174997,9.038648e-11,0.9928238,2.6438185e-09,8.097067e-25,0.0,2.653673e-07,7.973131e-21,1.2010288e-14,1.1537257e-10,3.082543e-39,7.822388e-26,7.027256e-12,6.019932e-27
1705,178,537,18,7.699961e-35,7.97124e-15,2.529277e-21,5.4663445e-19,7.759267e-25,1.15e-42,1.9429797e-15,1.4798027e-11,1.6648908e-12,1.2348723e-16,9.4696106e-17,5.2097403e-26,0.0,1.1249694e-15,2.6404553e-22,3.5035129e-13,2.440744e-16,1.2610443e-32,1.0,1.8142717e-15,7.722994e-20
1706,190,1237,8,2.0500126e-15,0.00798541,4.0611527e-14,1.4656163e-05,9.060424e-20,0.0,3.2111195e-05,1.0331858e-06,0.678632,3.684134e-07,5.8095445e-08,2.781434e-26,0.0,3.3911376e-06,1.0392026e-12,0.22828826,1.2557091e-05,6.349095e-30,0.0850124,1.6469445e-05,5.9734155e-08
1707,1237,1238,3,2.1874105e-38,7.346855e-11,3.9444417e-14,1.0,1.2557837e-16,5.733124e-32,5.3298606e-14,3.405095e-08,7.743765e-12,2.1634455e-07,3.8440926e-17,2.148653e-26,0.0,1.7956202e-14,2.4540525e-20,1.1502553e-08,6.668862e-08,4.9929816e-28,1.160967e-16,9.46793e-21,2.4930006e-29
1708,1238,1239,3,1.3162287e-34,6.9518767e-13,2.2404876e-16,1.0,4.2126655e-14,5.106926e-27,7.0502056e-14,1.5222305e-09,1.070523e-12,3.4432443e-11,2.4104007e-19,2.297914e-28,1.9736625e-20,1.1883626e-16,3.788189e-19,1.8736793e-13,2.80814e-11,6.832011e-38,1.8636961e-24,7.496398e-24,2.4902465e-27
1709,1239,384,3,9.893078e-31,2.368567e-16,1.8613766e-20,1.0,2.65514e-40,1.404748e-17,1.0680551e-12,4.953744e-07,1.11632525e-08,6.292518e-11,1.5826487e-13,3.8585737e-27,0.0,4.6039083e-14,1.3487587e-19,1.2166442e-11,7.722508e-09,9.526824e-39,1.3316195e-23,1.5848292e-21,5.879326e-23
1710,384,1240,9,4.3003e-34,1.02084e-08,1.4326727e-17,0.0022203887,1.4836535e-24,1.2715653e-32,1.3801181e-10,5.184182e-05,1.3034989e-09,0.99772906,2.7567825e-16,2.1244136e-27,0.0,1.792645e-12,9.873195e-19,2.2320736e-11,1.3966336e-07,8.26971e-28,5.452164e-26,9.187684e-17,1.2886989e-27
1711,1240,1241,4,1.1859723e-37,2.013595e-13,4.8696893e-16,2.8652812e-06,0.9999962,4.5e-44,7.6065575e-15,1.3109651e-07,1.4033812e-11,1.5644606e-06,1.0394055e-18,7.917327e-30,0.0,4.1015834e-15,1.0791607e-22,5.327095e-07,5.763424e-11,9.579245e-28,8.6797033e-16,5.491724e-17,1.3514719e-28
1712,1241,396,9,1.6607031e-21,2.4556382e-10,1.5978519e-19,9.9279704e-09,3.0197116e-27,2.21e-43,2.6773653e-14,1.0083937e-06,5.8215563e-12,1.0,5.0790806e-14,5.1783844e-30,0.0,1.1326118e-09,1.3917467e-21,6.6812834e-17,1.065399e-10,6.344828e-32,3.5884636e-32,3.99182e-14,9.35404e-32
1713,537,494,7,4.1277677e-36,3.0427336e-12,1.2347309e-16,2.313018e-10,9.221249e-10,1.21954195e-29,9.8863875e-11,0.9970633,0.002933547,2.286773e-06,2.5703e-16,4.8691497e-24,0.0,1.9470209e-10,2.8542068e-22,4.2741664e-11,4.0627508e-13,1.3142114e-27,7.8805715e-21,9.3715765e-17,5.644922e-27
1714,396,1242,9,3.0232152e-27,5.656849e-10,5.023336e-14,9.055011e-10,9.18e-41,4.96556e-33,2.0275982e-15,3.418991e-11,6.784841e-17,1.0,1.13013814e-10,4.4566314e-21,0.0,5.608546e-10,8.042231e-20,1.9501286e-17,1.6280917e-13,8.444776e-24,3.6619573e-35,2.7330846e-10,2.3952852e-27
1715,1242,1243,9,2.8612765e-26,4.677512e-08,4.335624e-15,5.5007804e-10,0.0,5.1984934e-30,1.5341028e-12,7.8100176e-10,1.4020207e-13,0.9990697,1.3215454e-06,2.939837e-22,0.0,4.5311768e-09,8.770266e-16,1.8288726e-13,9.0770615e-13,2.399979e-18,6.6507295e-36,0.0009281484,1.6322258e-22
1716,1243,480,19,9.28582e-40,0.15369229,6.381004e-14,4.4743266e-15,1.5754225e-33,9.875873e-33,1.5322518e-08,1.577031e-14,1.4394504e-08,1.1536163e-09,5.180177e-17,6.1040883e-25,0.0,2.8610016e-12,1.6177905e-20,6.762581e-13,3.9271113e-16,1.3254891e-20,3.2641477e-30,0.84630626,5.0580936e-17
1717,190,70,8,7.9839373e-28,3.1509888e-08,5.1251413e-17,2.5602878e-17,5.853098e-31,3.3175525e-28,1.9162971e-07,4.5268234e-09,1.0,1.7356337e-15,3.9517174e-13,1.5283295e-15,0.0,2.2098519e-10,1.1338868e-17,1.0147965e-12,2.386469e-17,0.0,1.5862385e-21,3.6291666e-12,3.2670186e-19
1718,537,1244,9,7.5843425e-28,4.574158e-10,2.3447886e-16,5.8812266e-10,6.0805737e-16,3e-44,5.027756e-10,2.729839e-06,4.8100135e-11,0.9999962,1.2541015e-19,3.8751937e-29,0.0,8.831491e-11,2.0475834e-21,2.286274e-15,9.415752e-11,2.1436221e-30,1.594851e-25,7.408593e-21,5.702786e-31
1719,1244,1245,4,3.1846722e-35,4.8385097e-15,7.478862e-16,5.964757e-10,1.0,0.0,3.6629882e-14,8.499219e-12,3.2356652e-11,1.1371835e-09,1.0496602e-21,3.215283e-30,0.0,9.379847e-15,1.6082138e-23,1.8266443e-10,9.451838e-13,2.1570326e-31,4.4477964e-30,1.9158759e-19,3.331957e-30
1720,1245,1246,4,0.0,3.4453492e-17,1.4782572e-18,9.103326e-10,1.0,4.15e-43,4.794038e-19,1.4288607e-13,2.4253027e-14,5.372319e-14,1.0745276e-21,2.294351e-34,0.0,3.380152e-18,4.1285647e-24,3.9402214e-11,4.4121208e-16,1.4701157e-31,2.035181e-26,5.733999e-17,6.7808827e-32
1721,1246,1247,4,0.0,7.381917e-18,2.831365e-17,4.510267e-13,1.0,1e-45,4.9296575e-20,4.5358004e-14,6.953328e-15,5.920463e-17,8.916277e-21,6.418703e-35,0.0,1.2810145e-18,1.8154479e-23,2.8014299e-12,1.152933e-19,1.2882213e-36,8.4169856e-17,6.094297e-16,3.7063623e-30
1722,1247,1248,4,1.376e-42,5.655089e-14,3.0995033e-13,1.7699175e-10,0.99988174,4.30775e-40,1.3276033e-14,6.81008e-07,7.874778e-12,5.5407523e-10,5.0824177e-20,4.4290095e-27,0.0,1.8696595e-13,5.156645e-21,1.6829872e-12,6.936687e-16,3.2680205e-31,0.000118539516,5.456062e-16,6.6975046e-27
1723,1248,418,7,8.857366e-19,3.052504e-09,1.9524733e-17,5.196462e-11,1.5564592e-22,6.84333e-40,9.999214e-13,0.99968344,4.357607e-09,0.00031396447,3.0617707e-12,1.9596169e-29,0.0,2.2817799e-06,3.5503623e-19,6.681388e-16,1.10285996e-10,1.2496459e-34,1.4693131e-17,2.4846836e-14,1.4752879e-26
1724,407,274,8,0.0,1.3144084e-10,5.841393e-14,3.694458e-10,1.6561952e-25,9.825435e-05,3.3846188e-09,2.7739162e-07,0.9999008,6.2662515e-15,2.1318938e-09,5.6138544e-10,0.0,9.6086525e-09,6.748822e-20,9.2153774e-10,2.1186422e-13,6.196723e-37,1.8893924e-26,1.059743e-13,2.9907883e-19
1725,106,1249,8,5.5601683e-25,0.011579543,1.6732885e-05,7.153866e-12,6.025786e-36,1.5382282e-27,9.743358e-05,4.1248098e-13,0.9877692,9.1023296e-15,5.3766297e-12,6.4552633e-13,0.0,0.00053543015,3.6283324e-14,1.5874156e-10,2.048976e-12,2.4599446e-30,4.3606456e-26,1.2006392e-07,5.3119876e-18
1726,1249,1250,8,2.4365784e-37,4.52873e-06,4.8853685e-11,8.526488e-14,4.729334e-28,9.963383e-36,1.9252562e-09,2.4502901e-14,0.9999962,9.040985e-20,8.0201064e-14,6.0617383e-18,0.0,4.797335e-10,5.084585e-22,3.6428183e-10,3.9062896e-13,6.46708e-40,7.79664e-28,5.200359e-07,5.818536e-20
1727,1250,274,13,1.00157164e-25,0.14422588,1.7133798e-14,2.6772197e-16,3.2001108e-37,2.8407575e-31,3.432553e-05,3.279018e-11,0.05262957,7.769918e-13,2.784438e-11,1.7551255e-33,0.0,0.8031058,4.9520332e-11,6.315164e-13,3.0411385e-08,0.0,3.271994e-27,3.3862127e-06,1.8409395e-21
1728,274,1251,1,3.8065096e-36,0.99858576,3.5898478e-09,1.3738424e-08,2.6834555e-32,1.208026e-39,7.245968e-09,2.4844005e-13,7.789513e-11,3.336895e-06,4.4433462e-18,1.1715265e-27,0.0,3.9880273e-08,9.165725e-12,1.0491651e-11,0.0014102829,1.19273e-40,6.207051e-33,7.1551215e-12,4.689352e-25
1729,1251,1252,16,8.143943e-23,8.605207e-06,2.2723504e-10,7.8389395e-10,1.1163421e-31,2.0212826e-36,4.6157443e-06,1.0496071e-08,2.3889434e-12,9.441065e-05,2.0896099e-21,9.6449843e-29,0.0,2.1315685e-09,2.0660003e-11,5.1862943e-14,0.9998931,4.7952e-41,1.2834714e-31,1.5200522e-27,1.5253313e-28
1730,1252,474,6,6.646927e-28,8.6299515e-08,6.0579856e-13,1.8088054e-15,3.8891077e-25,1.7834845e-27,0.5390934,1.898028e-08,0.3272,8.830366e-14,1.7086959e-11,2.4013821e-24,0.0,2.1418266e-05,0.13368104,4.468398e-12,1.0783176e-06,1.2877256e-35,6.262494e-17,5.992377e-17,2.884803e-06
1731,508,1253,10,4.47332e-30,1.5022636e-11,1.6892123e-13,1.0269741e-12,4.456765e-22,9.86517e-35,1.8398195e-10,1.1007326e-11,4.3761162e-08,7.510049e-17,0.99976736,1.7256946e-26,0.0,5.1513687e-09,5.245785e-15,0.0002311252,8.048593e-18,3.7907063e-33,1.7268157e-24,1.2818026e-09,5.0268953e-09
1732,1253,1254,15,0.0,3.6465884e-09,1.862964e-09,1.4006249e-06,7.512423e-18,1.353092e-35,8.2904194e-08,4.530715e-07,4.484993e-06,7.860222e-12,1.9598687e-09,1.7216345e-22,0.0,8.1006646e-14,1.9552249e-23,0.9999923,7.406624e-11,1.3426326e-22,9.898624e-24,9.921685e-09,2.5685267e-23
1733,1254,407,15,1e-45,2.2176327e-07,1.5680409e-19,3.4812918e-05,8.167638e-26,1.65032e-40,4.5524425e-06,1.49104935e-05,0.00021720241,4.1454624e-11,1.4023718e-08,7.860812e-37,0.0,1.2674263e-07,4.6752164e-13,0.99935937,0.00036763476,4.5e-44,4.094025e-19,6.540997e-08,3.2983587e-21
1734,407,1255,15,0.0,1.0190692e-09,1.659956e-13,5.0860316e-10,8.67e-43,5.559e-42,3.0800866e-08,2.3018092e-13,6.3207656e-10,3.982783e-15,7.458013e-07,3.5936786e-27,0.0,5.5513033e-12,2.4467595e-14,1.0,8.1433325e-13,7.0363563e-25,5.6927895e-23,1.76302e-07,5.827083e-14
1735,1255,1256,19,2.6975644e-27,1.4555364e-06,2.8496194e-12,3.3369324e-14,1e-44,3.1879256e-30,5.9397894e-07,1.2657809e-11,9.392096e-07,1.2547404e-15,0.17526989,6.395624e-22,0.0,9.9230855e-09,6.049461e-14,0.049946476,2.4745738e-20,4.450362e-21,6.365713e-21,0.7747796,2.3025265e-08
1736,1256,1257,19,2.5954054e-23,0.0030235637,1.4598639e-12,7.077539e-19,6.79406e-40,8.2909886e-38,1.4088752e-09,1.1950008e-14,0.00022354217,1.588858e-17,2.0171764e-14,2.9408643e-25,0.0,1.812425e-07,6.119675e-21,1.4976145e-15,6.699405e-24,8e-45,3.803482e-33,0.9967514,4.0781325e-16
1737,1257,1258,19,4.0621693e-32,0.05844059,1.5277861e-09,1.746171e-17,9.822799e-30,0.0,1.6205306e-08,6.608885e-10,4.204064e-05,2.3415703e-09,4.9820276e-11,4.4460047e-27,0.0,0.00569515,3.7892733e-19,6.402094e-14,2.5715682e-21,6.047292e-29,1.8947863e-24,0.935822,5.3227606e-25
1738,1258,1259,19,1.8827927e-36,0.0183016,3.414113e-13,9.899578e-22,2.218369e-22,0.0,1.8279497e-08,3.055718e-10,6.9017716e-07,6.639319e-07,6.3826233e-10,2.1796396e-30,0.0,0.0014097343,6.533935e-17,5.935465e-14,2.2096912e-18,3.8686387e-20,3.359395e-16,0.98028797,8.741787e-28
1739,1259,1260,13,6.2864355e-30,0.0005793556,4.4236353e-14,1.8822027e-22,1.07515625e-26,6.16166e-40,7.262658e-08,1.927959e-11,4.010916e-06,1.1941849e-07,1.3670871e-09,9.797075e-33,0.0,0.97689843,3.4821942e-13,4.6272325e-16,1.0991696e-15,1.5863375e-26,4.42301e-22,0.02251848,2.2487425e-23
1740,1260,310,13,4.8097818e-23,2.411724e-05,2.0806365e-07,7.923225e-21,6.04e-43,1.963424e-39,3.973802e-06,3.691631e-15,2.7239008e-05,3.1410679e-13,2.7613533e-14,8.211329e-22,0.0,0.9999427,8.786894e-12,3.5151353e-19,1.8026353e-13,4.791187e-34,1.8461769e-23,1.0765492e-08,2.8709166e-28
1741,480,1261,1,3.4256926e-31,0.9999695,5.533026e-16,8.4264166e-13,9.784263e-26,1.200583e-39,2.0916735e-08,1.1291778e-09,2.7517968e-05,1.8890754e-11,1.7181944e-17,1.6569216e-33,0.0,3.0062814e-08,1.9528034e-07,4.5590524e-11,1.206894e-06,5.786176e-35,1.8328338e-12,3.432692e-08,2.4579074e-09
1742,1261,1262,8,8.9068045e-33,4.1560574e-10,2.2763021e-14,6.9380405e-15,3.6372147e-29,4.013728e-31,4.1732033e-08,5.807426e-05,0.9999427,9.3287174e-14,3.3043991e-16,1.200037e-18,0.0,1.9577447e-11,2.2628905e-22,2.1031928e-10,9.6505885e-12,7.923354e-34,3.6358724e-20,1.8168053e-16,3.9150113e-23
1743,1262,514,7,0.0045743315,1.3366323e-08,3.0009803e-13,3.0199028e-15,4.031204e-39,4e-45,0.07960595,0.5492167,0.0002157737,1.4336368e-07,7.0007656e-05,7.885475e-28,0.0,0.36631384,3.9621923e-06,1.9990889e-08,2.3095063e-12,1.2166084e-24,1.4722035e-16,3.551743e-12,2.0928402e-14
1744,474,508,20,6.2291897e-23,1.1284156e-09,6.0750693e-19,8.722293e-15,1.5788221e-25,1.1702964e-30,5.8925453e-10,6.515611e-11,2.1012402e-06,4.8847437e-15,1.3644477e-06,1.7588792e-33,0.0,2.1800322e-06,0.0059790616,2.3844977e-14,8.331209e-11,3e-45,3.3578953e-24,2.9523574e-14,0.99401367
1745,508,1263,10,5.4066305e-22,4.3432163e-10,9.934953e-14,1.5250098e-15,2.7470764e-28,1.9848489e-38,1.120524e-07,7.7139024e-11,5.6304225e-06,1.8277261e-16,0.9937559,1.6258849e-25,0.0,5.373808e-09,1.0993012e-12,5.405313e-06,3.7909272e-16,4.7495403e-31,7.3216974e-20,1.0966359e-07,0.006231392
1746,1263,514,0,0.9998474,3.4555929e-15,5.076557e-16,1.2364358e-18,0.0,1.72e-43,1.04816766e-10,3.8128563e-12,3.914159e-16,2.4115356e-16,1.9436704e-10,1.1031705e-34,0.0,9.54831e-09,0.0001521941,2.240749e-19,7.9651785e-18,3.829648e-39,7.78513e-30,6.202192e-20,1.9703899e-09
1747,474,480,13,8.927855e-12,0.0036206925,8.405338e-17,1.1891743e-16,1.4067614e-36,0.0,4.627075e-08,3.6066658e-07,3.1552725e-07,1.5124939e-10,2.794591e-10,0.0,0.0,0.99368,0.002699316,7.0397285e-13,1.1309742e-11,6.8078e-41,1.09556995e-14,1.7290719e-07,1.6488035e-07
1748,407,1270,15,5.292e-41,3.8947977e-08,1.2111465e-13,2.8961168e-13,3.748634e-31,0.0,1.219044e-07,1.07954604e-10,4.3620997e-08,1.473351e-14,4.566546e-07,9.339697e-34,0.0,7.7373095e-09,3.6255547e-12,1.0,7.684198e-14,1.6426682e-24,1.3587181e-22,3.3365097e-08,2.0016716e-12
1749,508,442,7,7.3089427e-28,3.224152e-07,1.3504258e-13,1.6332085e-09,3.4880862e-19,1e-45,0.005911952,0.9885872,7.5868293e-06,7.76656e-08,2.375067e-13,2.4101919e-32,0.0,2.775345e-07,1.3602653e-12,3.4431373e-12,0.005493188,1e-45,7.890472e-20,8.0675316e-17,8.6490155e-27
1750,514,1264,14,1.9213145e-11,1.4698534e-07,1.5355857e-10,1.8843565e-16,0.0,5.193233e-33,9.711548e-07,8.745563e-19,6.010619e-11,1.12610615e-17,9.178144e-12,1.9621435e-31,0.0,4.1360093e-07,1.0,1.003462e-15,2.9472022e-15,7e-45,2.2942428e-29,6.442938e-13,1.9654156e-10
1751,1264,1265,16,3e-45,2.2929662e-06,1.159258e-10,0.003562112,1.2029717e-16,6.853289e-37,5.794784e-07,8.1729054e-11,1.4938383e-06,3.43464e-10,9.202726e-11,1.269649e-27,0.0,5.1081e-10,2.555541e-13,0.0025524169,0.9938809,2.0295964e-36,2.0178403e-27,8.789585e-10,2.520557e-16
1752,1265,1266,16,0.0,7.284578e-08,2.6688317e-13,0.03162824,5.415394e-18,9.127838e-33,2.2819305e-11,0.007156929,2.7736505e-08,3.3267063e-11,4.049766e-14,2.5394506e-26,0.0,1.4310441e-11,5.96799e-17,6.3110656e-07,0.9612138,1.0039e-41,8.0044365e-19,2.6748488e-18,6.981154e-23
1753,1266,436,7,1.2705053e-29,1.0393646e-13,6.8675326e-20,3.9698526e-11,1.21712155e-20,1.58e-43,9.282151e-13,1.0,6.627792e-11,2.5784081e-11,2.9634596e-22,2.074043e-30,0.0,2.971023e-13,7.979737e-20,1.0576931e-17,3.7204222e-11,0.0,1.2156658e-18,2.5443003e-25,1.2242445e-30
1754,436,1267,9,3.0783498e-22,1.5906247e-07,1.9026636e-12,1.1679206e-13,1.2707571e-22,3.1328085e-37,2.7351586e-11,0.001998873,7.88027e-14,0.99799925,3.013963e-16,4.446409e-21,0.0,5.632132e-09,1.2935457e-19,2.6902687e-19,1.8074226e-11,2.8698361e-33,3.2349494e-26,1.648027e-18,2.096669e-28
1755,1267,442,9,1.6194814e-21,6.745877e-08,5.9127214e-17,3.1808362e-12,6.741828e-26,7.968319e-38,8.709799e-13,3.69265e-05,3.66858e-15,0.99996185,1.1899651e-14,2.2231244e-27,0.0,1.3335002e-08,7.0103135e-18,1.8406455e-20,4.0438142e-11,1.6401576e-31,4.305036e-30,1.0773617e-17,1.2392361e-33
1756,442,1268,9,2.2490983e-27,1.6189495e-07,6.1224754e-14,4.9114266e-07,1.6944601e-20,4.2225697e-32,5.6479534e-14,1.8919504e-06,5.131267e-16,0.9999962,1.7205378e-15,7.305756e-23,0.0,1.2129013e-09,2.6100056e-19,7.208773e-17,5.7908256e-08,8.947077e-36,2.2859233e-24,4.8325624e-18,1.423648e-36
1757,1268,1269,7,1.6699848e-28,2.1620644e-10,8.941686e-21,2.5137542e-12,1.3575133e-26,1.65511e-39,2.5105368e-10,1.0,3.609921e-11,5.3853444e-08,1.3671227e-18,2.7897653e-33,0.0,2.7838554e-10,7.9784936e-19,4.579781e-17,5.9887964e-07,1.1564e-41,5.749481e-18,2.9086507e-20,2.7760348e-36
1758,1269,424,7,2.6092304e-18,9.371553e-07,6.641464e-17,1.1994561e-10,1.898257e-26,7.56263e-40,4.0563677e-07,0.99980927,2.1633113e-09,4.757053e-06,3.1971462e-14,1.6374569e-31,0.0,0.00018185221,1.1215774e-12,5.553955e-18,1.3498948e-06,0.0,4.7743075e-20,1.041605e-17,1.9373317e-31
1759,424,1270,7,8.348826e-28,1.972556e-05,6.2600096e-17,1.157743e-16,4.671261e-27,3e-45,3.1162397e-08,0.98966634,1.1212424e-07,0.010273359,2.2473562e-13,1.3381108e-32,0.0,4.223208e-05,4.078455e-18,2.8122736e-14,2.1648042e-10,9.94753e-39,1.797233e-19,3.6505074e-12,5.3925322e-33
1760,1270,1271,15,1.5886611e-28,1.2287089e-06,4.1555098e-14,3.436054e-11,2.5366321e-12,4.192159e-38,5.244289e-06,0.027294388,0.000101726175,8.141773e-07,3.890746e-07,1.6491364e-30,0.0,2.3728385e-06,8.117625e-12,0.97259253,2.3436881e-09,3.274161e-23,3.4637508e-14,3.6228684e-07,4.7091284e-16
1761,1271,1272,8,3.4497694e-31,1.4987743e-08,3.5338532e-10,3.7082217e-19,1.2026477e-28,1.494e-42,4.347653e-05,0.0004221841,0.9993403,3.1953207e-12,5.2893476e-08,5.944915e-21,0.0,9.343113e-05,9.822907e-16,0.00010125347,1.2741164e-14,3.2553087e-21,1.3598761e-12,4.873918e-12,6.0713047e-15
1762,1272,448,14,1.57637345e-24,3.2973093e-09,6.746616e-10,1.9059006e-15,1.9e-43,0.0,1.6591383e-07,2.7805664e-09,1.4655024e-08,7.8151136e-10,1.2179007e-07,4.5093194e-36,0.0,0.25779298,0.7422048,8.6435487e-10,1.2089356e-13,3.2384163e-20,1.6094951e-32,5.356941e-10,1.531254e-14
1763,384,1273,3,0.0,1.1517255e-09,7.722458e-14,0.9999962,4.0655093e-36,5.2308114e-25,3.3572882e-12,9.123441e-13,2.3795517e-09,9.883027e-12,1.4879572e-14,4.6378347e-24,0.0,6.814035e-13,3.576535e-16,1.7137306e-09,2.6638577e-06,8.869568e-35,3.5492221e-28,3.7117184e-11,1.4935063e-23
1764,1273,262,3,0.0,2.5826832e-09,7.879784e-15,0.9987267,1.8305203e-20,3.094188e-35,9.916698e-15,2.6511698e-10,6.449932e-10,1.3318909e-12,5.292048e-17,3.1963571e-27,0.0,3.947136e-14,2.1325395e-21,9.538746e-10,0.0012732538,3.97e-43,1.323293e-25,3.323419e-12,1.447508e-28
1765,396,1274,9,3.5894607e-26,9.237243e-08,1.646709e-16,0.01678988,3.5172816e-34,3.8466035e-23,6.320536e-14,2.2530442e-08,3.8113796e-12,0.98320913,2.2408127e-16,3.0782958e-19,0.0,1.0526323e-12,3.944781e-17,8.97879e-17,1.0365284e-08,3.715832e-38,2.3377727e-35,1.3425495e-16,6.018957e-23
1766,1274,328,3,4.3864646e-37,9.339596e-10,2.272414e-15,0.565394,4.0318e-41,1.1994234e-26,1.0456446e-12,1.739378e-08,1.0600593e-11,2.7102554e-09,6.2726136e-15,2.4933205e-24,0.0,1.3496855e-11,4.8101296e-16,1.8954392e-14,0.43460703,0.0,4.185966e-27,1.731009e-18,9.333884e-28
1767,480,1275,14,5.97988e-19,1.9885038e-06,1.1382325e-11,1.3394345e-08,2e-44,2.8809268e-32,2.0304362e-10,8.061681e-11,1.3761138e-15,2.2729399e-10,1.247617e-11,6.289643e-32,0.0,7.8643507e-07,0.9999962,1.3866574e-16,2.3614636e-11,1.912578e-39,7.402186e-27,1.2747308e-11,1.4951223e-12
1768,1275,316,3,3e-45,9.761116e-10,4.9512967e-11,0.9999161,1.044933e-39,3.8099177e-24,3.6134963e-07,1.2201193e-06,2.3165598e-09,1.01985654e-13,3.1624717e-11,4.329892e-21,0.0,1.0067659e-10,4.810589e-08,2.7441466e-11,8.159597e-05,3.832114e-33,7.571353e-23,1.1136162e-15,1.4208156e-14
1769,514,1276,14,2.1095905e-16,1.8776387e-10,3.8137633e-13,9.737474e-08,0.0,6.4441347e-23,7.728305e-11,1.9689801e-10,3.735717e-15,1.4053105e-10,2.8617893e-11,1.020909e-25,0.0,1.5536587e-08,1.0,3.6450296e-17,8.76393e-12,1.0463261e-36,7.547264e-26,2.3538334e-14,1.12964855e-07
1770,1276,322,3,2.4632693e-37,1.1534671e-08,3.4138056e-10,0.9995881,3.3169e-40,7.410956e-24,2.6530874e-06,1.6799007e-06,6.4060224e-08,3.1276522e-13,4.026073e-08,1.4000436e-20,0.0,1.1496548e-07,9.615892e-06,1.0559502e-12,0.00039817268,1.7073301e-38,2.0457758e-25,1.08857125e-14,1.049709e-12
1771,154,1277,6,3.060557e-34,9.838369e-06,1.7408613e-12,4.562875e-13,9.89915e-32,6.055711e-39,0.9999543,5.686151e-07,5.0685472e-08,2.2158643e-08,1.2746257e-08,1.81189e-25,0.0,3.6294838e-05,1.7776753e-14,5.7784983e-13,2.033721e-12,2.9825253e-21,1.4546019e-24,6.824841e-10,5.1143813e-24
1772,1277,1278,18,1.249762e-39,5.553036e-06,6.6234705e-11,7.218201e-05,4.223615e-18,1.8519523e-32,0.004468691,0.1815988,0.0013958534,1.6750222e-09,2.067486e-08,8.956021e-29,0.0,0.0015023442,1.1528398e-13,0.00018549907,8.272173e-05,4.6623545e-37,0.8106901,2.9048635e-09,1.1893171e-20
1773,1278,1279,3,0.0,9.29414e-10,6.244933e-18,0.9999962,2.0920345e-21,4.455992e-33,2.1781707e-13,2.2778227e-06,1.4847058e-10,4.9861272e-14,2.7301156e-17,3.755796e-36,0.0,8.2724864e-13,4.8728003e-13,2.9281447e-12,2.7062484e-08,1e-45,3.3434654e-16,4.846487e-16,7.4003527e-19
1774,1279,262,3,0.0,3.2318923e-10,1.0094871e-13,0.998182,1.3220887e-30,1.8323203e-30,2.739134e-13,6.171519e-10,4.8450022e-11,4.0541873e-14,1.1223768e-14,1.8539353e-28,0.0,1.55686e-11,3.9047382e-14,1.6703568e-10,0.0018185924,0.0,1.25780716e-23,2.2283618e-13,1.2350151e-21
1775,262,1280,16,1.0408867e-38,0.0019868007,4.139627e-13,0.07878814,1.4111571e-15,1.4454984e-37,1.6652545e-10,2.983215e-09,2.0100565e-06,2.9098988e-09,3.7618488e-20,6.2125177e-27,0.0,1.406909e-10,1.5908562e-21,5.7296403e-12,0.91922116,1.4e-44,3.058706e-31,5.204057e-12,8.007519e-27
1776,1280,1281,16,3.4051365e-29,0.004892046,4.952678e-10,9.558869e-07,0.00019515777,2.0243624e-35,4.3652645e-07,2.469425e-05,4.33404e-06,0.09769127,8.560038e-18,3.9958507e-25,0.0,1.7304716e-06,3.2508762e-15,2.2738246e-10,0.8971708,8.1851195e-30,4.8124553e-18,1.8262866e-05,2.001583e-24
1777,1281,328,16,5.1467235e-35,5.097735e-06,8.901414e-16,1.0217376e-05,4.2029114e-19,4.1126434e-38,1.07574704e-11,4.9198196e-10,2.7848142e-08,5.4543303e-10,6.8705756e-19,1.21952344e-29,0.0,4.0460208e-11,3.640105e-20,5.8993223e-15,0.99998474,1.5533e-41,1.604544e-37,1.2101352e-13,6.289053e-29
1778,328,1282,16,1.15023e-40,0.0005344588,3.4050252e-11,1.3278829e-05,2.9559371e-24,3.901678e-33,1.4327934e-09,2.2398728e-08,6.9749706e-10,7.017874e-06,2.559154e-18,2.018287e-27,0.0,1.3790879e-08,1.4984692e-18,2.043876e-14,0.99944705,1.7329942e-37,4.5739604e-35,1.812239e-14,5.043201e-32
1779,1282,1283,9,2.18456e-29,2.926444e-07,3.6770285e-15,4.3429722e-08,2.5008568e-08,3.1680615e-34,4.0496786e-12,0.023048008,2.3523392e-10,0.9769357,5.179122e-20,2.647317e-27,0.0,1.5078803e-09,5.809503e-22,2.4013382e-15,1.7384786e-05,2.10108e-40,8.716754e-19,1.206874e-16,1.3300581e-27
1780,1283,316,9,4.6998727e-29,3.3578508e-05,4.089226e-15,0.00013956451,9.138e-13,8.018997e-31,3.951616e-11,0.0013057622,2.5358038e-09,0.98319787,1.4931285e-18,6.740915e-22,0.0,7.972016e-11,3.2239964e-19,7.0987554e-14,0.015322624,1.7528488e-35,6.645816e-34,1.3671182e-17,2.3726345e-25
1781,316,1284,9,1.1795987e-34,2.4397327e-06,3.964448e-12,7.9027045e-12,7.247077e-23,2.7308752e-25,6.44678e-11,9.21265e-07,4.845462e-12,0.9999962,1.3217193e-17,6.9238582e-18,0.0,1.3999019e-09,1.8234942e-21,4.8397683e-21,2.7401428e-09,1.2440131e-36,7.306533e-39,1.4145186e-17,2.7318374e-30
1782,1284,1285,9,2.0887767e-25,7.7752793e-07,9.182605e-17,1.06709e-12,1.1875118e-14,2.403204e-33,1.7059866e-11,0.0007801555,1.1041643e-11,0.9992183,2.8049167e-19,1.7120161e-27,0.0,2.4012814e-09,3.1515567e-21,3.5279224e-20,5.4799674e-08,1.5524694e-36,7.028198e-26,2.3760148e-16,4.953202e-27
1783,1285,322,9,9.0493567e-23,0.00023244353,2.5307034e-15,3.7187498e-10,1.0554546e-20,6.9687586e-37,7.440752e-10,6.5998547e-06,5.7612315e-09,0.9997178,2.152833e-15,2.4151726e-23,0.0,2.1492465e-08,3.8041328e-19,1.0703078e-17,4.279939e-05,7.259581e-39,4.282168e-39,8.033482e-15,2.5142911e-27
1784,322,1286,9,4.8972306e-28,4.380248e-05,3.9279177e-10,2.7091387e-09,8.362098e-25,2.019133e-28,2.9946296e-08,1.503242e-06,7.6514866e-09,0.9999504,5.6768793e-13,6.442044e-16,0.0,1.7158705e-08,1.4591802e-18,1.5361853e-15,5.1842985e-06,3.7838918e-38,9.151379e-39,5.36924e-16,7.161749e-29
1785,1286,1287,9,2.583773e-27,5.1614816e-08,8.974715e-17,7.0490016e-05,6.5775306e-15,1.4041405e-35,1.0387756e-10,0.0015331152,1.1827576e-11,0.99287677,1.473817e-15,7.7266534e-26,0.0,7.716812e-12,6.938026e-19,1.4947956e-14,0.005519002,1e-45,4.0599735e-30,4.242222e-23,6.207294e-31
1786,1287,1288,16,1e-45,3.531884e-11,5.7237205e-12,0.14404058,8.053215e-14,3.5740063e-34,1.6633227e-12,0.0015720846,5.0101964e-11,3.4048742e-08,4.234178e-12,3.231251e-25,0.0,1.4207537e-10,9.209712e-19,2.9627265e-06,0.8543833,5.375662e-36,3.565404e-17,2.7968284e-19,4.2804584e-29
1787,1288,232,7,9.640282e-28,1.664643e-12,6.640633e-08,1.8605572e-08,5.269585e-25,3.11112e-38,4.758622e-10,0.9999923,1.365185e-09,2.060436e-11,2.5053037e-10,1.4902591e-20,0.0,5.8944e-06,2.4191106e-15,2.2376514e-09,7.787422e-14,1.0324927e-20,8.153209e-15,4.390175e-17,4.604522e-22
1788,115,1259,14,3.507396e-10,3.1006837e-07,8.4949795e-18,6.2079854e-22,2.6765067e-37,2.7742228e-37,2.0308168e-09,1.0925484e-14,1.0995366e-11,1.2446977e-12,2.5684383e-08,5.8861284e-37,0.0,0.0004473908,0.9995462,3.170977e-18,6.912988e-17,6.8154332e-37,1.4837535e-19,4.931799e-06,3.327145e-14
1789,448,151,14,2.4966028e-25,2.3615604e-13,9.712814e-13,1.6794821e-16,1.7669e-41,1.505e-42,1.7690537e-10,2.1865529e-14,1.59648e-13,3.8089657e-13,3.0177981e-13,1.1546434e-37,0.0,4.8222428e-06,0.9999962,2.6524e-13,1.7177179e-15,5.154182e-23,2.48775e-40,4.6300274e-14,5.1789075e-19
1790,115,151,14,1.0862685e-15,2.8612143e-16,9.168799e-20,8.715933e-24,0.0,1.1294e-41,1.1663356e-13,3.6468615e-19,2.5943345e-17,7.7177224e-20,6.829896e-17,1.89e-43,0.0,8.3745166e-10,1.0,9.087448e-22,4.222304e-21,7.837748e-39,2.1437461e-36,7.610203e-18,2.2295127e-18
1791,139,151,14,1.2591682e-08,4.9877342e-14,4.79192e-18,1.4566205e-20,0.0,0.0,3.7153378e-11,1.4317872e-14,1.7263207e-14,7.663235e-15,3.567734e-15,1.436e-42,0.0,2.1390779e-06,0.99999815,5.764406e-21,1.8189682e-17,1.3947e-41,1.0245038e-37,1.0449236e-18,2.1791556e-13
1792,214,1289,10,0.0011050453,3.5863554e-10,4.4618985e-16,2.3127678e-20,4.471644e-39,6.237985e-39,7.5785905e-12,1.8395117e-09,2.8743508e-10,2.5270041e-11,0.9988867,1.4758084e-30,0.0,5.895817e-06,4.7574894e-13,1.26803405e-17,2.7047186e-17,7.75326e-40,1.7672703e-28,3.9476858e-10,1.3892218e-06
1793,1289,115,14,1.12263015e-05,4.7989385e-13,4.0246663e-20,1.6037363e-22,0.0,1.61425e-40,1.6300937e-12,2.871876e-16,5.3873154e-16,1.1294667e-16,6.50068e-14,2.754e-42,0.0,1.6018827e-08,0.9999886,5.651677e-23,6.2018166e-19,0.0,2.2466238e-31,5.0904003e-17,8.1164746e-13
1794,436,430,7,1.6419072e-35,5.695552e-14,2.5765107e-11,5.3586958e-11,1.8743512e-13,1.051154e-30,2.1714674e-13,1.0,1.0248823e-08,1.7361014e-10,7.0965707e-19,3.758446e-14,0.0,1.5497649e-14,1.5086224e-24,2.1235597e-15,5.179352e-15,8.348904e-32,8.788346e-17,2.7504582e-24,1.3047631e-23
1795,1264,374,8,0.0,1.4934623e-06,1.2318125e-11,4.4340574e-15,1.6081953e-23,3.4156443e-24,4.6806404e-06,2.4020876e-09,0.9999923,1.3707607e-13,3.7873587e-15,5.809844e-19,0.0,6.0939005e-09,4.506506e-18,5.8231055e-14,6.1650337e-07,1.3193e-40,1.8374016e-23,3.2168092e-12,3.782818e-26
1796,374,1286,16,5e-44,3.727279e-06,5.58382e-12,0.0051371767,4.407816e-15,9.5407e-41,1.1736939e-08,2.5760835e-07,0.0023836654,5.4100648e-11,2.1064481e-14,1.1862703e-23,0.0,2.439802e-10,5.2496323e-21,3.2308334e-09,0.99247533,0.0,1.571089e-26,2.6969262e-12,1.2469407e-27
1797,374,1290,16,0.0,8.8352535e-06,2.190381e-10,0.00023924733,1.5291851e-17,0.0,6.2782037e-11,6.5706225e-11,5.867624e-10,5.2307714e-10,3.4228155e-18,2.4383898e-31,0.0,5.2380317e-13,1.0091842e-18,1.9315763e-08,0.9997521,1e-45,2.5256092e-24,9.5898793e-14,8.330271e-30
1798,1290,1291,16,5.41046e-40,5.093432e-09,1.0249925e-14,2.099997e-07,1.2696916e-21,1.4003654e-33,7.848758e-09,0.0002693853,1.2075824e-10,5.7565304e-09,3.2106157e-21,1.4032131e-29,0.0,2.1153485e-12,5.067703e-13,5.285087e-10,0.99972916,2.737e-42,1.6153953e-23,1.530216e-27,5.100859e-24
1799,1291,430,7,1.327413e-26,3.504779e-15,2.6025132e-16,5.8539805e-12,1.4045506e-16,6.21004e-40,1.1316728e-12,1.0,1.0344737e-09,2.5866049e-11,7.6580216e-18,1.3493089e-27,0.0,1.2390189e-10,2.0546353e-19,2.6630265e-12,1.7152116e-13,2.691916e-38,2.334096e-17,5.747214e-21,2.1976507e-28
1800,70,154,6,9.053163e-36,4.6246e-10,7.621863e-08,6.043856e-14,4.681122e-36,8.866172e-23,0.99991995,2.9028822e-08,1.4574415e-07,2.8947925e-12,4.8864357e-09,2.2961306e-17,0.0,8.05691e-05,1.7611469e-12,7.01812e-12,1.14278865e-17,3.2050765e-26,4.4858566e-25,1.6703797e-13,2.751421e-26
1801,430,232,7,9.3590073e-38,1.0028743e-12,1.0717071e-06,1.2601453e-09,9.602096e-31,1.1819574e-29,7.1142966e-12,1.0,3.9005355e-09,1.07403055e-08,1.0646005e-14,9.17317e-13,0.0,4.914814e-09,4.5719147e-22,4.6275705e-15,4.2009788e-16,5.719385e-24,1.8274156e-20,8.98632e-19,6.8458215e-28
1802,139,214,0,0.99999815,7.0670087e-14,5.9616074e-21,9.757822e-21,5e-44,3.439e-42,7.335922e-14,7.058098e-12,1.731858e-14,2.62392e-13,3.314146e-08,3.713634e-39,0.0,1.322735e-07,4.009844e-07,4.0418305e-23,3.7474597e-17,0.0,1.256313e-35,1.3169483e-17,8.1690257e-07
1803,46,247,20,4.3866123e-08,6.6718983e-13,5.3439525e-20,6.2428805e-19,0.0,1.3286632e-35,5.8284643e-13,5.2011936e-14,6.113557e-15,5.3922906e-16,3.5833386e-07,1.2118638e-34,0.0,8.787774e-10,0.003737279,4.456769e-20,1.2323734e-16,1.0627257e-37,3.4208275e-35,1.9706797e-16,0.9962628
1804,259,247,14,1.7876958e-10,6.5747656e-09,4.3845626e-12,1.5256965e-15,0.0,7.85e-42,1.8791045e-06,7.3949836e-06,2.8694084e-11,1.08175255e-08,0.0044927574,9.8539917e-29,0.0,0.02725225,0.9682466,1.1809947e-11,5.8174656e-14,1.5937453e-16,2.6441882e-27,4.6565902e-09,1.42788125e-11
1805,259,58,14,2.9914426e-09,1.11143115e-14,8.906053e-19,4.5658535e-20,0.0,2.38e-43,2.9063776e-12,4.064334e-12,5.25782e-17,1.5229519e-15,1.947853e-10,4.4823934e-36,0.0,2.2842247e-08,1.0,1.3541564e-19,7.365349e-18,2.3031849e-31,9.537067e-34,5.677777e-17,5.731309e-17
1806,30,1292,6,6.457359e-35,2.1942885e-08,0.005951278,1.1199096e-13,5.903393e-39,1e-45,0.9940478,1.4666115e-13,1.2539672e-12,6.578494e-12,1.2705075e-18,4.481048e-19,0.0,3.0869633e-11,6.6676136e-16,3.254909e-15,2.990726e-15,2.4969642e-18,2.6302077e-32,3.295694e-20,9.684876e-29
1807,1292,204,6,5.257101e-31,9.217297e-13,0.00022387328,1.1540573e-15,1.2395037e-36,1.03332e-40,0.99977493,1.1045814e-11,9.086053e-09,2.0369923e-17,3.0017085e-16,1.4005844e-18,0.0,4.1025893e-13,4.619931e-16,4.348664e-13,3.7397846e-13,2.1780393e-34,1.9058142e-29,4.0032675e-24,2.6212075e-29
1808,204,78,8,0.0,1.2848274e-10,6.315056e-09,2.4816371e-11,9.885641e-32,1.61983e-40,0.00215759,1.8197079e-05,0.99782413,4.4487196e-12,5.38247e-15,1.0208971e-18,0.0,2.1574209e-07,8.732671e-17,6.1608665e-09,2.8860947e-11,2.6594984e-31,9.704339e-27,2.6853499e-17,5.3291545e-27
1809,527,228,8,7.3917e-41,2.4180374e-10,2.5470996e-08,6.4560485e-14,9.557673e-28,1.495335e-39,0.007473664,4.995345e-05,0.99247533,9.987168e-13,1.9830426e-13,7.074604e-17,0.0,1.5047213e-07,1.2843182e-17,2.763998e-07,3.675624e-16,1.0686787e-27,4.7699907e-21,1.5751595e-16,2.7023013e-20
1810,228,123,6,2.3433943e-23,3.5807334e-12,0.24022257,3.3435387e-18,1.1652e-41,0.0,0.75977665,8.0482447e-13,1.9890394e-09,5.6034207e-15,6.8598747e-16,1.9229271e-19,0.0,8.012397e-07,1.4880715e-13,7.035222e-12,4.304912e-19,7.0212376e-24,3.2596746e-26,4.6500346e-19,8.2895105e-21
1811,123,1293,6,1.7297751e-25,2.2334725e-09,3.8499566e-05,3.4377134e-14,0.0,1.1460298e-36,0.99996185,3.1055907e-18,4.3454867e-10,1.0070711e-14,1.9385653e-17,1.7009817e-20,0.0,6.946721e-09,2.587445e-10,7.154415e-11,1.2142697e-12,4.3790118e-20,2.4760544e-29,3.2131283e-13,8.29974e-19
1812,1293,1294,6,1.6040993e-12,1.4016523e-12,6.603565e-11,4.5001624e-20,1.7e-44,1.8189237e-35,1.0,8.4869625e-14,5.1402605e-08,1.8144723e-15,1.033899e-14,1.4409289e-22,0.0,5.180082e-08,8.665197e-12,3.684082e-12,3.13593e-14,2.820417e-29,1.6534055e-32,7.757747e-20,1.6436428e-28
1813,1294,135,0,1.0,3.865195e-16,8.895595e-19,4.97249e-21,0.0,1.6e-43,4.3135726e-09,3.3298354e-15,3.6729734e-13,1.4906692e-19,8.580374e-14,1.3904556e-38,0.0,2.3517874e-10,9.9442385e-11,1.7051516e-21,4.9846065e-21,4e-45,3.1000612e-34,1.5840427e-22,1.2012344e-11
1814,216,1295,10,1.7954172e-19,4.333088e-14,1.7204328e-15,5.6644054e-14,7.133284e-29,4.5303635e-32,8.412143e-16,4.8305934e-13,2.764891e-13,5.891811e-15,1.0,1.4356566e-29,0.0,3.7048828e-09,5.5210468e-17,7.722485e-11,9.237221e-20,6.264372e-35,1.1018616e-28,1.9243023e-12,1.0369525e-10
1815,1295,1296,6,5.685084e-16,1.286919e-07,6.3442727e-09,9.1675565e-09,1.3521922e-23,1.86e-43,0.980273,9.972123e-07,7.5642597e-06,3.6390763e-13,1.7505142e-08,1.5524417e-26,0.0,1.7534663e-10,1.096678e-14,0.01971867,8.4432523e-11,7.362928e-27,2.3381077e-16,7.819183e-14,5.0254908e-11
1816,1296,228,6,5.569457e-28,3.8102985e-15,5.775768e-12,1.528427e-17,1.0187146e-33,1.784e-42,1.0,2.546893e-10,2.2110093e-08,1.572647e-20,4.8123657e-17,2.1369038e-29,0.0,1.3326859e-09,3.656165e-12,2.0655053e-10,1.1421564e-10,5.380293e-38,2.2798582e-20,1.7456576e-25,8.056131e-30
1817,527,1297,15,5.3e-44,9.776347e-12,2.2144893e-06,1.3986674e-11,3.4789333e-25,0.0,5.954936e-10,4.9501427e-12,5.5328947e-10,8.807284e-15,3.434397e-14,1.2224016e-22,0.0,4.288226e-12,8.0707946e-17,0.9999962,6.606619e-17,1.9597423e-16,5.065476e-22,1.0039034e-13,2.5808835e-22
1818,1297,1298,15,1.1544897e-36,1.715798e-16,5.8204326e-13,1.1024156e-11,1.7196738e-20,1.4396921e-38,3.105828e-14,3.7647746e-10,7.498316e-12,9.123635e-16,9.91918e-14,5.493294e-25,0.0,1.1391153e-13,9.498711e-22,1.0,7.790941e-18,3.2806202e-18,1.8593071e-17,3.0481278e-17,8.670534e-24
1819,1298,1299,15,1.2523345e-31,4.7276797e-11,1.3235354e-10,1.2596011e-11,4.1316854e-16,7.196634e-38,7.2902656e-11,0.012843425,4.51929e-06,7.6660574e-11,6.3782767e-07,2.545378e-25,0.0,0.0005312249,1.1823513e-19,0.9866206,3.148315e-12,3.0250542e-24,7.921104e-15,8.570394e-11,5.956685e-25
1820,1299,312,13,2.198248e-26,4.847572e-11,1.0150148e-09,8.52196e-16,1.7567461e-26,1.11e-42,2.3292469e-11,2.094453e-07,6.780493e-10,2.2620016e-07,1.8273292e-08,9.167577e-27,0.0,1.0,9.329539e-21,1.5635056e-14,1.02801725e-11,9.832374e-27,1.2026082e-25,9.763416e-12,9.982632e-36
1821,216,1299,10,6.064198e-23,2.4142124e-10,5.6277343e-15,1.2982425e-18,3.904477e-33,5.7630824e-30,3.309315e-11,7.285237e-10,0.00030170064,1.1263613e-14,0.998342,8.090972e-28,0.0,0.0013557542,3.08634e-18,8.637043e-13,1.0199678e-16,1.893242e-37,5.929225e-27,7.768567e-10,1.9510159e-15
1822,90,1300,2,6.328e-42,3.0346359e-09,0.9999809,1.3842291e-12,4.6033417e-31,1.228032e-39,6.5474814e-10,1.1576632e-09,6.8258565e-10,5.1203664e-12,1.0850108e-05,8.374626e-14,0.0,3.1723605e-08,2.1904842e-22,7.4470145e-06,4.6889217e-18,1.0129006e-21,1.3440199e-24,2.4422897e-09,1.1781026e-24
1823,1300,1301,10,4.7965677e-32,1.2446846e-10,4.8269444e-10,9.9133816e-20,4.4880692e-23,1.280883e-39,9.166808e-12,3.478446e-08,1.7148816e-09,1.886105e-15,0.9999962,2.1590726e-25,0.0,7.515901e-08,1.1050657e-19,3.2400578e-06,6.0766094e-23,5.7502196e-13,2.6303742e-20,3.0931582e-07,2.9123995e-15
1824,1301,288,13,7.669171e-15,1.2555649e-06,8.259771e-15,4.762104e-12,4.1135035e-32,5.426629e-38,6.524177e-08,0.014565393,3.8409897e-07,0.11674288,7.701929e-05,1.3289047e-30,0.0,0.8686128,1.6900947e-14,5.958471e-13,1.5639763e-07,3.8868228e-33,3.9821856e-25,6.336167e-10,1.2952242e-27
1825,458,1302,17,1.003e-41,2.499665e-15,1.2818986e-08,7.819364e-21,1.026491e-37,6e-45,3.908876e-13,9.8132935e-21,4.3525675e-19,1.4748799e-15,5.6389487e-16,1.1564726e-22,0.0,5.489611e-16,8.050607e-21,4.3158057e-15,6.3025427e-24,1.0,1.6482311e-37,2.8846757e-14,2.891884e-31
1826,1302,1303,17,0.0,2.8704192e-16,1.4677342e-16,1.4078377e-25,0.0,1e-45,1.2168555e-15,1.5441371e-19,4.710538e-20,5.1142433e-17,3.807648e-18,6.6171715e-29,0.0,4.413961e-21,2.6615274e-24,3.3970984e-18,1.6152201e-26,1.0,6.704462e-33,5.3041344e-13,4.5452356e-31
1827,1303,1304,17,0.0,4.2195248e-14,1.183335e-19,1.1629291e-26,5.72e-43,8e-45,2.6312238e-15,1.779832e-15,1.4151123e-17,3.186552e-15,1.0150732e-16,1.465641e-32,0.0,2.622921e-19,2.9701806e-23,1.3716621e-18,5.959023e-26,1.0,3.329074e-22,1.4993424e-09,3.7789324e-29
1828,1304,1305,17,0.0,1.3484042e-07,4.517098e-15,8.787955e-22,1.5998654e-33,2.0568916e-36,3.6830233e-11,1.3674803e-10,2.4078317e-12,1.4571037e-09,1.6799674e-18,3.4257032e-25,0.0,2.6991554e-15,1.5580047e-21,1.2532992e-17,9.722673e-21,1.0,2.3920911e-18,2.3633103e-08,1.5321495e-27
1829,1305,1306,1,0.0,0.9982201,4.903332e-10,1.999411e-14,6.0921213e-28,7.443959e-33,1.2762801e-08,1.2233213e-13,4.0179784e-05,1.659126e-14,1.4394172e-16,4.967082e-23,0.0,1.1717421e-10,1.0860864e-22,8.212678e-14,8.800171e-21,2.380508e-29,2.1393446e-27,0.0017388251,7.07442e-23
1830,1306,420,13,2.131504e-16,0.00012550298,4.1233705e-09,7.3054736e-09,1.8918485e-22,1.77687e-40,2.1433469e-05,0.07129057,7.5543073e-07,0.0056354594,1.4287466e-05,2.0775382e-27,0.0,0.92291045,5.0723307e-11,1.2591809e-07,5.376419e-14,7.1256655e-15,2.3519037e-14,2.4472965e-10,6.5103697e-18
1831,42,1307,20,2.9706707e-10,1.0919692e-14,2.86724e-20,2.2266024e-21,0.0,2.424472e-35,7.7466743e-16,3.894347e-18,2.215882e-15,8.948301e-22,6.614807e-08,2.971085e-32,0.0,8.496762e-14,3.1491379e-12,8.853869e-23,1.5762136e-21,0.0,3.688197e-30,2.7681836e-17,1.0
1832,1307,1308,20,4.0119354e-13,2.9257513e-11,1.0042384e-17,6.0476326e-16,1.8e-44,9.427e-42,3.99833e-09,4.6294172e-18,1.6050336e-11,1.2534658e-18,1.4211774e-16,7.319666e-33,0.0,2.8142643e-14,1.8903108e-12,1.0610675e-17,5.9513944e-17,0.0,1.756984e-30,1.1568709e-20,1.0
1833,1308,30,6,1.556184e-39,5.106447e-09,2.9763082e-06,4.6663363e-16,4.3402398e-38,1.7620318e-37,0.9999962,7.198228e-15,6.624607e-11,3.4136778e-16,1.5610045e-19,2.65921e-19,0.0,1.0882444e-12,7.1864e-16,1.2714258e-15,1.9523104e-16,1.791947e-20,4.1654094e-31,1.5338215e-20,3.6541815e-29
1834,243,1309,20,1.6675112e-25,9.43685e-13,5.570171e-16,1.2063407e-15,0.0,3.4865412e-35,1.0049071e-06,1.0643691e-14,2.5101142e-11,3.6133106e-18,2.6469613e-06,3.2685774e-26,0.0,1.783676e-11,1.6155518e-05,2.1436908e-12,3.3400038e-20,3.7047004e-27,2.6135433e-26,5.850961e-14,0.9999809
1835,1309,1310,20,8.1026405e-22,3.1725702e-13,6.723001e-19,7.279833e-14,1.2203342e-27,1.5e-44,2.7256117e-08,2.4773122e-13,5.066827e-08,2.1187946e-14,4.185507e-10,3.435762e-28,0.0,7.2397123e-12,1.7709492e-12,6.3498176e-09,1.3336371e-16,2.1988524e-33,4.1601458e-27,4.3668416e-17,1.0
1836,1310,1292,6,8.32e-43,1.8308341e-13,6.2462043e-15,1.0578712e-16,4.413877e-36,1.06554394e-35,1.0,9.493703e-09,1.5435232e-06,4.542653e-16,8.965844e-19,5.1785526e-26,0.0,6.089519e-13,5.652978e-13,4.9096855e-14,3.2984668e-09,2.6117425e-31,2.8518316e-24,7.6574684e-25,1.3243283e-25
1837,243,1311,10,4.5658954e-17,6.024774e-14,1.5952721e-16,9.509457e-19,0.0,8.811861e-36,2.1344886e-10,1.8832914e-10,8.64321e-12,3.985462e-13,0.9999962,3.789962e-29,0.0,2.1715744e-06,5.30578e-07,1.1433048e-14,6.413367e-20,8.2032764e-16,1.6997324e-32,2.8007092e-08,4.2746438e-09
1838,300,458,8,2.5431832e-11,7.294405e-05,1.8192827e-07,2.4700015e-11,3.7822204e-29,7.0922116e-27,0.053441446,4.9271875e-08,0.92237896,0.0003701085,2.4724044e-12,5.5851343e-14,0.0,0.02373676,9.375946e-08,1.9306697e-16,5.634402e-12,1.2950329e-25,2.28e-43,6.61035e-17,3.080245e-12
1839,458,1311,17,1e-45,3.522539e-15,9.203585e-15,6.256591e-26,3e-45,0.0,5.673772e-13,2.2903043e-17,8.1083547e-16,4.930664e-16,4.543951e-13,1.5458487e-31,0.0,1.5148734e-13,4.970745e-21,1.4224792e-16,6.144478e-26,1.0,6.7913185e-31,3.598861e-10,4.109829e-34
1840,1311,1312,19,4.4727e-41,0.00075722643,2.7537674e-15,6.594343e-21,2.3846238e-30,3.069e-42,4.7196838e-09,2.404015e-07,9.39571e-08,4.3375725e-09,1.09892175e-08,3.1497273e-30,0.0,4.3173998e-09,2.4431089e-17,1.4679555e-12,5.392638e-17,9.954374e-07,3.3328335e-23,0.99924123,1.2063684e-30
1841,1312,1313,1,3.74986e-40,0.9980907,1.9509696e-09,1.4296861e-10,4.2404144e-36,5.706855e-39,7.4893236e-05,0.0006121642,0.0012097536,4.2080873e-07,3.0325232e-13,5.792331e-22,0.0,6.8877006e-07,2.0747066e-16,1.6020495e-06,3.617887e-12,2.1349434e-26,7.2320294e-22,7.908911e-06,6.624518e-30
1842,1313,204,6,1.0415065e-38,8.615231e-12,4.3203796e-10,1.1624579e-13,9.800463e-28,7.84e-42,1.0,1.9700123e-07,1.039305e-06,1.0960502e-15,1.15340654e-14,6.5835934e-26,0.0,7.85145e-10,1.9534735e-15,1.3878849e-09,1.5861211e-09,0.0,1.1771959e-23,2.8205534e-24,8.239416e-36
1843,78,1314,15,1.363125e-38,8.3491575e-10,0.013218505,1.3483127e-09,5.0422497e-28,0.0,6.261567e-08,7.959128e-12,7.87256e-11,6.228301e-11,5.617796e-10,2.3710535e-23,0.0,4.6164264e-08,5.7117207e-13,0.98678243,2.4757155e-13,3.637796e-15,2.0909224e-24,9.742664e-10,5.137894e-21
1844,1314,1315,15,2.0479642e-38,9.034911e-14,9.1063984e-14,4.509295e-09,3.8774517e-24,1.8668254e-33,2.7017555e-12,7.809567e-11,3.4440062e-11,1.7782263e-12,2.4875393e-13,1.3023315e-23,0.0,1.973693e-12,5.8598e-16,1.0,5.802176e-13,4.0495264e-18,3.20908e-24,2.5526627e-16,2.4414642e-21
1845,1315,1316,15,1.3353075e-30,8.597666e-12,1.32594526e-11,7.537291e-08,6.004373e-30,2.8982732e-27,1.4605821e-05,0.00015506124,0.00060315884,3.1677962e-11,1.963524e-13,1.1255546e-20,0.0,1.5097449e-09,3.2297482e-17,0.99922585,4.8800114e-08,2.8339874e-27,1.6270421e-21,1.4639878e-16,4.6441753e-23
1846,1316,300,13,8.00802e-09,2.013702e-06,2.3097702e-05,6.099749e-13,2.1062657e-27,1.1463971e-36,0.020246284,6.792816e-10,2.812584e-07,3.5580192e-06,1.4540186e-10,5.3505005e-20,0.0,0.97970104,5.0451894e-07,5.772169e-15,2.4995252e-05,2.447e-42,7.155367e-27,2.651095e-13,3.4325132e-28
1847,300,90,7,1.1191539e-35,6.9405004e-08,0.008426523,0.00081324426,5.84127e-40,1.6375463e-29,1.1119276e-06,0.9818186,0.0014550113,9.731917e-05,4.078754e-09,9.703815e-13,0.0,0.007387551,1.9641385e-13,2.4484866e-14,2.6094018e-09,1.09114e-40,6.153748e-32,1.1545406e-17,4.6909674e-23
1848,102,312,8,6.8753123e-29,5.8142803e-11,2.6646605e-06,3.730439e-12,1.3831429e-33,2.0782277e-27,6.205929e-06,0.00013590572,0.9990506,3.8295412e-11,2.555608e-14,9.560012e-12,0.0,0.0008057128,2.8872228e-15,3.755275e-16,1.5527666e-12,6.196735e-33,9.907077e-26,1.2831428e-17,1.2693942e-24
1849,420,288,7,2.5879e-41,4.082824e-13,1.2800411e-13,1.9963247e-06,5.254596e-08,2.79784e-28,1.4810847e-11,0.91312605,0.08687218,1.0900761e-13,3.8830435e-18,2.8370928e-19,0.0,3.3089202e-13,1.6730514e-21,5.8506124e-11,8.6246304e-13,2.2414734e-36,4.095098e-21,1.942884e-22,5.652715e-22
1850,1317,54,0,1.0,1.050416e-12,3.477617e-19,7.420036e-24,0.0,1.987e-42,2.4833775e-09,3.120447e-14,4.6169907e-15,7.204895e-14,2.1351227e-07,4.7813795e-35,0.0,3.2565148e-09,1.0544932e-08,1.1620037e-16,1.1798205e-17,1.6160761e-27,4.9563956e-35,1.0458539e-12,2.629547e-16
1851,255,1302,17,2.3200954e-33,6.6125696e-13,3.2486773e-14,1.0192218e-22,0.0,5.25053e-40,4.960135e-11,3.2658774e-12,2.383984e-14,8.204279e-12,2.8820336e-08,4.336975e-25,0.0,8.100994e-13,6.967135e-15,3.8102837e-15,2.2085092e-20,1.0,5.0879322e-33,1.665832e-07,2.2317487e-27
1852,1317,1318,19,1.7700023e-21,2.2765521e-08,9.332054e-16,1.5135559e-25,1e-45,1.88e-43,3.8666244e-09,4.9187213e-14,1.3899331e-12,3.1080295e-12,7.4636824e-13,1.3104956e-29,0.0,5.803707e-12,1.7351584e-21,8.0145665e-15,8.166569e-21,1.6799485e-10,9.1990966e-29,1.0,6.451233e-26
1853,1318,1319,19,3.2760915e-34,4.020844e-06,2.4177924e-14,1.6434472e-22,2.2821583e-25,3e-45,3.0690088e-12,4.4587115e-11,7.819254e-11,1.2710516e-09,4.987586e-16,2.958028e-29,0.0,9.8673604e-11,1.2341979e-25,3.3877493e-14,2.0440816e-19,4.5363435e-11,5.9048925e-12,0.9999962,3.604146e-31
1854,1319,168,18,1.7276077e-30,1.8747139e-15,4.5736436e-21,8.815505e-18,1.5207144e-18,1e-45,2.2045722e-18,9.631258e-09,5.100443e-12,7.5148785e-13,1.06515446e-19,9.6220115e-30,0.0,8.8941936e-14,3.0289017e-30,4.2356677e-18,2.6671229e-20,1.661803e-39,1.0,2.4944808e-17,2.3141604e-29
1855,168,1320,18,3.9929104e-32,3.0039079e-16,3.832824e-21,2.2536294e-15,5.590827e-21,0.0,3.062776e-19,2.8497066e-12,2.5713027e-14,2.9924705e-16,1.9432954e-18,8.518323e-30,0.0,6.0639645e-16,6.1085172e-24,5.6000472e-14,2.6019434e-19,8.53923e-33,1.0,2.6499269e-17,1.7608819e-23
1856,1320,1321,3,2.15957e-40,1.1297798e-11,9.529781e-14,0.99992746,3.2170953e-17,2.9430905e-30,4.5931378e-14,2.9217462e-08,2.1696923e-08,1.1693032e-12,1.522795e-15,5.613542e-22,0.0,1.2775232e-14,1.4506386e-18,2.2564771e-07,1.1014388e-10,4.700206e-32,7.2251976e-05,3.784777e-13,4.2998134e-24
1857,1321,180,18,8.302579e-29,1.4560056e-10,8.866938e-18,3.3350428e-10,1.19059356e-26,1.4355175e-32,3.6977574e-10,1.1530643e-05,2.1489782e-06,3.2550878e-12,1.1283677e-10,8.3490423e-22,0.0,2.387224e-10,3.0789349e-16,7.2542167e-07,4.4124224e-09,9.4729204e-35,0.99998474,2.4714626e-11,4.1006562e-17
1858,180,1322,10,4.426876e-22,1.8016862e-06,8.786022e-12,6.2150732e-21,9.215949e-38,1.00587544e-32,4.0230312e-09,1.0279675e-16,4.3039886e-06,4.0425942e-19,0.99977493,8.6327625e-20,0.0,3.1340636e-07,2.225812e-14,1.2713515e-10,1.0628833e-23,7.22e-43,3.350465e-22,0.0002186247,3.1138492e-09
1859,1322,192,1,5.3604348e-18,0.81113243,3.0337837e-06,1.6329362e-14,4.8e-44,2.4777173e-29,5.9030413e-06,7.683641e-14,0.16583398,5.0232672e-11,3.3835104e-08,4.2763094e-08,0.0,0.00016240055,7.3097436e-15,5.239251e-13,3.1253406e-19,0.0,2.764728e-20,0.022863762,8.7232793e-10
1860,539,1323,9,4.263e-42,0.003828052,0.0078243,5.3269904e-08,7.508481e-15,4.9238773e-24,1.0781002e-05,9.231431e-08,6.0395478e-06,0.9881649,1.3003246e-10,2.686248e-12,0.0,3.3386026e-05,3.791171e-17,3.9364694e-09,4.5776666e-10,1.9156577e-18,6.5453034e-19,0.00013232164,5.2765596e-27
1861,1323,386,9,1.19872855e-33,2.243545e-05,1.7631416e-14,1.7147908e-08,5.385296e-18,5.5710458e-30,1.1841469e-13,1.761164e-08,4.5690307e-10,0.99997705,2.7166024e-15,1.02753645e-23,0.0,7.829881e-11,6.5574828e-24,5.56414e-16,5.6677202e-15,8.372478e-31,2.1852088e-23,5.7841365e-08,1.2211693e-25
1862,496,1324,9,4.3862534e-34,1.05278e-06,2.3480662e-07,1.7070746e-10,4.712158e-34,1.0558431e-09,5.7582154e-11,1.1115866e-09,5.5550925e-13,1.0,2.720549e-11,4.3093908e-07,0.0,4.318273e-09,1.1575452e-22,5.414718e-16,4.6896697e-12,5.748198e-22,1.9566889e-29,1.1900091e-09,1.835045e-26
1863,1324,398,9,4.590866e-34,5.5526787e-05,6.1806072e-12,8.434716e-05,7.605701e-19,4.036017e-18,3.2240415e-14,0.0003266333,1.1994024e-08,0.99953467,1.7665475e-07,3.8884153e-15,0.0,1.9220054e-09,8.289978e-23,3.0191488e-11,3.1281295e-13,2.3740178e-34,1.5162023e-18,4.600551e-08,7.878189e-23
1864,168,1338,18,4.9860977e-33,5.0456495e-15,5.591068e-19,3.227219e-20,4.4876757e-23,0.0,1.5030844e-17,1.712296e-13,2.026309e-13,1.355068e-16,4.6452835e-19,8.9298007e-26,0.0,1.9500932e-15,1.3044233e-25,2.0629556e-16,1.0800478e-19,1.4806306e-29,1.0,1.2549846e-15,9.877539e-24
1865,288,1325,9,1.7700942e-24,6.5520506e-11,9.791337e-15,0.00039364494,2.2689078e-21,2.5966478e-27,2.8671828e-14,0.02198451,1.1542799e-11,0.97762156,4.7257476e-12,6.567886e-20,0.0,7.49102e-10,5.9380874e-23,7.4980494e-11,1.9625865e-07,1.7518538e-34,3.1667308e-20,2.597553e-17,4.4676727e-31
1866,1325,1326,7,1.6905589e-29,3.093106e-10,5.004652e-13,0.12778045,1.47220035e-05,1.3332062e-29,3.6009496e-13,0.87219554,3.8435194e-10,1.0477206e-05,5.4447986e-14,2.8359845e-22,0.0,1.621703e-11,5.531212e-23,1.4641541e-10,2.518777e-10,1.032414e-35,2.1147882e-15,9.735488e-19,2.0958153e-26
1867,1326,496,16,3.7813898e-11,2.9696595e-08,1.8663744e-13,4.218796e-05,1.6239824e-17,3.198918e-35,8.716003e-08,0.24109654,1.338715e-07,0.0009802902,1.4683435e-10,4.2214374e-27,0.0,9.682436e-07,5.8895694e-13,1.9527484e-10,0.7578807,3.74556e-39,4.890875e-16,1.9853038e-15,3.7658977e-20
1868,180,539,18,2.296865e-33,2.1912812e-12,4.909956e-18,3.743975e-16,4.2260334e-25,4.249e-42,1.4466761e-11,5.145749e-10,1.1001633e-08,3.627196e-15,1.9783193e-14,1.1997286e-21,0.0,3.1275332e-13,2.2010513e-18,1.9849766e-09,9.167677e-13,3.6527568e-31,1.0,1.0041644e-12,2.4823505e-16
1869,192,1327,18,1.8748085e-21,4.7036178e-08,1.4875358e-16,7.233577e-14,2.6377155e-23,0.0,1.1990993e-10,9.929356e-12,1.6786636e-07,3.4312579e-12,1.8408417e-13,1.378586e-26,0.0,9.435235e-12,2.6798636e-18,9.224706e-08,1.2064576e-12,7.7543386e-29,1.0,1.3090904e-08,5.215404e-12
1870,1327,1328,3,5.4025452e-31,2.4619223e-10,2.257414e-16,1.0,7.038271e-15,4.7354708e-36,6.36079e-12,2.7426242e-07,1.5302883e-09,7.366486e-07,1.764328e-19,6.3893408e-27,0.0,1.29683954e-14,5.9616555e-20,2.5941185e-08,1.3859855e-09,1.8510361e-30,1.7040895e-16,4.6412017e-22,9.685417e-24
1871,1328,1329,3,1.3111668e-27,4.875724e-11,9.7677264e-14,0.9995462,1.9305588e-09,3.1551108e-25,1.3698108e-11,1.6490677e-07,1.6290929e-12,0.00045484892,1.0192949e-16,1.732544e-23,0.0,5.9599743e-12,3.024344e-13,5.6856003e-10,2.9622713e-08,1.278997e-27,6.8788575e-28,2.7135624e-19,6.216555e-25
1872,1329,386,3,1.6542777e-30,7.6270535e-12,2.3075192e-17,0.99959195,1.3635213e-14,1.138895e-22,2.307285e-14,0.000155626,6.3540726e-12,0.00025169886,7.372574e-18,1.1118095e-20,0.0,8.756234e-14,1.4226364e-16,6.0625626e-13,8.147078e-09,2.3451582e-36,2.207064e-17,7.772585e-21,4.5406217e-25
1873,386,1330,9,3.5437333e-26,8.13705e-08,5.8442187e-16,0.0019053889,1.4348652e-18,1.3640482e-27,3.352334e-13,5.419418e-05,2.6142711e-11,0.9980412,3.076342e-15,1.4269755e-21,0.0,5.6694805e-12,2.971856e-17,5.799648e-15,5.0424252e-12,1.0557422e-32,7.450233e-19,2.814828e-14,4.4664663e-22
1874,1330,1331,3,1e-44,7.0938394e-11,1.6488027e-08,0.98554105,0.0144564,1.0959629e-29,7.111549e-14,9.3742347e-07,1.2705563e-10,1.6652261e-06,2.5987348e-15,7.849202e-18,0.0,2.1837863e-13,5.177979e-19,1.8097167e-07,1.6667434e-08,3.1302273e-30,6.292091e-17,1.7000268e-14,8.7713655e-32
1875,1331,398,7,9.556667e-25,1.6953885e-08,2.4267253e-16,0.12537016,4.3193636e-15,1.856062e-24,3.017591e-13,0.79817325,7.1703585e-07,0.076455325,2.5216682e-12,2.991721e-21,0.0,7.6570555e-11,5.1481793e-19,8.752891e-15,1.93367e-08,1.23e-43,2.6956194e-20,3.145345e-15,1.9462451e-21
1876,539,496,8,2.9087904e-38,3.72859e-12,3.2240244e-17,1.05620614e-08,1.177708e-08,7.66232e-32,6.8795276e-09,2.4561594e-05,0.99997705,9.003606e-13,1.16567045e-17,1.8731642e-21,0.0,6.7547112e-15,3.5794295e-23,1.0967849e-10,2.464227e-08,1.6835e-41,3.4531824e-22,9.768318e-15,5.815447e-29
1877,398,1332,9,3.71005e-25,5.7819303e-08,8.852713e-17,1.8218445e-08,7.1094964e-34,3.555107e-26,1.3448408e-16,2.395045e-07,3.6210607e-13,1.0,9.383414e-10,2.3604162e-21,0.0,5.809028e-10,9.290902e-20,1.2014518e-19,5.8414856e-13,6.866208e-39,1.1615384e-31,1.4217456e-10,2.274802e-20
1878,1332,1333,19,7.434713e-24,0.0011102001,3.673014e-10,2.304973e-05,3.5715757e-29,2.2372428e-23,4.142348e-11,6.1027267e-06,2.1945816e-08,0.015276284,0.032643188,1.1401103e-18,0.0,6.6101313e-07,2.2313123e-14,3.4017603e-07,1.7253279e-09,5.659954e-26,5.8494417e-22,0.9509399,1.9588088e-15
1879,1333,482,19,3.950343e-37,0.20932452,1.3574157e-10,0.00020195045,1.376969e-16,1.7117863e-21,5.3383995e-09,8.7724135e-07,8.439415e-05,1.7226913e-08,1.1100502e-06,1.2514019e-18,0.0,1.4686811e-08,9.964558e-14,0.009660541,3.747471e-11,3.1289786e-27,1.1924718e-17,0.7807253,7.2828253e-16
1880,192,66,8,5.3697124e-38,1.5091519e-09,8.14718e-14,7.757801e-14,5.234857e-20,5.636966e-25,9.3527484e-11,1.04498525e-07,1.0,3.6107573e-13,6.580137e-16,1.0283893e-12,0.0,4.916668e-10,7.6846654e-22,2.0830195e-14,1.6280422e-13,1.2927304e-36,9.518015e-13,9.759767e-12,1.0748e-25
1881,539,1334,9,2.5089846e-26,9.579713e-07,2.6555169e-14,0.00013868404,2.5163126e-07,5.31e-43,4.0423613e-05,0.014085579,0.00027178304,0.9854019,2.3447907e-14,9.4283894e-29,0.0,2.0614366e-09,8.050466e-18,6.3957947e-07,5.839081e-05,2.919204e-32,2.1364159e-13,8.401148e-15,6.076044e-26
1882,1334,1335,4,2.1014944e-38,2.6707973e-13,5.390816e-14,1.3863524e-06,1.0,9.622812e-39,1.01414584e-13,5.4065725e-13,5.710545e-13,5.3498366e-09,8.8498847e-23,2.2466137e-25,0.0,1.5465153e-16,7.2883064e-22,9.9884725e-11,6.459732e-10,5.916757e-33,4.452452e-28,3.037559e-21,2.9642926e-32
1883,1335,1336,4,0.0,7.2697794e-16,7.947457e-17,2.8675979e-07,1.0,6.007851e-39,1.0568174e-18,5.31344e-13,1.7392732e-14,6.1406517e-13,4.723095e-21,6.8580696e-31,0.0,2.9292753e-18,6.374406e-23,1.5401264e-10,2.0955563e-14,3.1522486e-32,1.9302633e-25,2.4432953e-17,2.155559e-32
1884,1336,1337,4,0.0,1.4840655e-18,4.701228e-17,1.5375067e-12,1.0,4.57e-43,2.566033e-20,6.219887e-14,7.513295e-15,1.0598742e-17,1.8840938e-20,1.3263654e-33,0.0,3.5797919e-19,1.2756911e-23,2.8251579e-12,3.193748e-20,5.542599e-37,4.1710856e-16,6.44986e-17,1.9069699e-30
1885,1337,1338,4,0.0,1.3359738e-17,8.062802e-15,6.9597084e-12,1.0,0.0,1.1917583e-16,4.17425e-10,9.4276436e-12,1.397156e-14,3.907511e-21,4.183645e-30,0.0,2.86401e-16,3.8176722e-24,4.8980156e-13,7.517318e-20,3.4066966e-36,3.5383775e-07,2.541729e-18,5.05143e-29
1886,1338,420,7,2.1582859e-14,4.031496e-09,7.214153e-13,3.30656e-06,9.573194e-18,2.7808586e-35,2.0394478e-11,0.99997336,4.2536155e-07,3.7999807e-06,5.637205e-09,5.6213603e-23,0.0,1.932906e-05,1.0992144e-17,1.7163812e-08,1.7839267e-12,1.0777117e-31,5.011578e-09,8.311614e-13,3.19875e-18
1887,409,276,8,1e-45,4.5024768e-14,6.518062e-14,1.4457989e-11,1.8226842e-17,9.660219e-16,3.1588459e-09,7.262586e-05,0.99992746,2.942741e-16,9.363524e-12,2.9619024e-13,0.0,9.132334e-10,2.6411388e-23,9.89231e-11,5.046538e-14,3.941041e-37,8.236202e-23,5.6349653e-18,6.778061e-25
1888,102,1339,8,5.8864163e-31,2.1325814e-05,1.1587015e-09,8.525106e-10,4.028826e-29,6.8760396e-31,1.4530282e-07,8.114634e-09,0.99997705,4.6122074e-13,2.9819156e-18,1.4930055e-15,0.0,1.4806189e-07,1.3288635e-16,1.8755117e-11,6.923289e-07,4.0820264e-37,3.353872e-26,5.208756e-15,3.9412838e-21
1889,1339,1340,1,1.869546e-20,0.9985896,1.4373804e-10,1.4835434e-05,1.7736193e-20,9.478e-42,3.362733e-06,0.00031758784,1.2896273e-06,2.4447797e-08,1.504206e-13,5.5109685e-32,0.0,0.00026340908,1.8540583e-10,0.00077755575,3.2837223e-05,6.45693e-40,1.830748e-23,4.910426e-10,1.974046e-13
1890,1340,276,13,4.5162097e-19,0.0032385802,1.3584037e-12,6.3402576e-16,3.116072e-39,1.7177077e-34,3.6828027e-05,6.182657e-05,0.0141196335,6.3288337e-07,4.0742867e-11,1.2123265e-26,0.0,0.9825417,2.4684072e-13,1.4671656e-13,3.2357212e-07,6e-45,4.704497e-23,3.9924617e-13,8.658016e-22
1891,276,1341,16,1.5594479e-38,0.0029262262,1.1617356e-05,6.536243e-05,3.76321e-21,1.8318796e-38,1.7348853e-08,2.434938e-11,2.027262e-11,5.14478e-05,4.6686153e-16,7.202076e-22,0.0,1.5903023e-08,2.0005037e-12,2.2450517e-05,0.99692255,2.9026942e-38,9.567296e-22,6.7001255e-15,2.3780366e-31
1892,1341,1342,16,1.9875938e-21,2.6012012e-10,1.01960215e-16,1.5212793e-08,2.8359318e-36,1.5978422e-31,2.4361137e-07,1.2633775e-05,6.6049726e-12,7.231364e-08,2.8723675e-17,5.1573194e-34,0.0,2.5488966e-09,7.6822756e-11,1.5664459e-10,0.9999886,0.0,2.2177344e-22,7.849443e-25,7.216303e-27
1893,1342,470,20,3.057672e-13,0.005595039,3.1867929e-16,1.2403803e-11,2.6999105e-35,8.67156e-24,0.0002701612,4.1598682e-08,0.031526458,4.260003e-12,0.0008362698,9.889015e-36,0.0,0.00828159,0.10337521,1.07859876e-11,6.26874e-07,0.0,4.1932093e-18,9.951668e-09,0.8501147
1894,504,1343,6,2.16e-43,0.01177168,2.7359085e-12,7.349199e-14,7.78642e-27,5.103934e-39,0.9843124,9.38788e-12,0.0038972746,6.9972695e-12,8.814071e-08,7.408231e-27,0.0,1.3977628e-08,2.660511e-10,1.3335802e-10,1.4557202e-13,3.527759e-36,7.66318e-29,1.7674847e-07,2.0153477e-05
1895,1343,1344,1,0.0,0.50715053,1.4187001e-11,5.8319074e-07,2.180769e-24,1.1753433e-37,2.5247284e-05,4.7321326e-05,0.49118912,8.8563064e-07,3.94302e-10,2.0860048e-26,0.0,2.8827446e-07,2.4286873e-17,3.5943987e-08,0.0015874334,2.152955e-31,1.6733298e-24,3.1444344e-07,1.372207e-10
1896,1344,1345,7,1e-45,0.0024088211,2.614847e-13,0.0034420236,1.7514989e-20,7.6070354e-34,1.02171704e-07,0.98433495,6.0538983e-05,3.197928e-06,4.5298682e-07,2.5428559e-24,0.0,9.738879e-09,4.4652533e-16,0.0095934095,0.0001550571,1.0638371e-22,1.3019109e-13,7.2132075e-08,4.1320434e-18
1897,1345,1346,15,2e-43,0.0029085425,5.388806e-12,0.0045223325,4.045967e-22,1.8206646e-29,1.5002173e-06,0.009695836,1.6544305e-06,0.00033493838,7.596652e-12,1.3596734e-20,0.0,2.795328e-09,1.6614874e-15,0.9825343,2.3841972e-07,3.5102034e-12,3.465655e-21,1.4646312e-07,5.724796e-25
1898,1346,1347,15,0.0,0.00019146192,7.554213e-09,0.061003186,7.778125e-15,9.524312e-25,4.4442164e-08,0.18105164,0.013804184,2.4627163e-06,1.0042729e-17,4.58984e-16,0.0,2.0718646e-11,1.4618028e-20,0.7422076,0.0017411549,1.0455978e-25,4.9265368e-20,1.1727326e-14,6.7249676e-29
1899,1347,409,15,1.0384777e-34,5.5170007e-11,3.3082287e-19,1.4786835e-06,4.399249e-15,2e-44,1.0985242e-07,0.04175987,0.0007174282,1.5632991e-11,2.0489962e-15,3.9462032e-36,0.0,6.1867733e-09,2.9830664e-17,0.9574408,7.9062906e-05,3e-45,5.040071e-15,1.897436e-14,1.095534e-26
1900,409,1348,15,5.1283064e-33,6.9009646e-12,5.331744e-17,3.781758e-07,9.275236e-23,0.0,8.3266745e-09,1.9952133e-06,1.5813656e-10,2.476038e-12,7.603051e-14,1.1678477e-38,0.0,2.81227e-09,1.6223588e-11,0.9999962,4.1446782e-08,8.248175e-32,1.6699832e-15,1.6199992e-15,1.2427954e-19
1901,1348,1349,7,1.8434022e-25,2.0598587e-07,1.52921e-15,0.016341178,2.361077e-33,8.1738585e-29,6.468718e-07,0.98363686,1.3698725e-05,9.355995e-11,1.295606e-10,7.865621e-27,0.0,2.2121303e-09,8.2064316e-10,6.0331695e-06,2.8429833e-06,4.65393e-30,4.407203e-11,1.0493556e-14,1.425166e-11
1902,1349,1350,19,1.0720791e-36,9.72404e-07,2.8222e-09,2.4199134e-15,5.245562e-31,7.22836e-30,5.715541e-11,1.3110805e-14,2.2667985e-12,6.997666e-13,3.8420477e-13,3.0245326e-18,0.0,2.1478253e-11,2.2912138e-24,1.6792136e-08,8.957415e-23,2.1524002e-13,3.208425e-28,1.0,7.0909443e-26
1903,1350,1351,1,0.0,0.997889,1.2006145e-10,2.3360108e-10,6.1591436e-34,5.997657e-33,4.742091e-12,3.9548564e-12,9.944348e-08,8.0163604e-10,1.8591198e-20,5.688993e-22,0.0,5.271887e-14,9.6970753e-29,1.0698703e-11,1.04698745e-16,2.1668595e-27,6.548134e-24,0.002109387,1.5866045e-25
1904,1351,1352,1,0.0,0.9999543,5.257716e-11,2.5252972e-12,1.098921e-32,2.5924e-41,2.289116e-10,3.918786e-11,1.3424342e-05,3.163994e-10,1.4604714e-19,1.436576e-23,0.0,9.745326e-13,9.428147e-27,2.285231e-12,1.1949325e-14,6.914788e-30,2.9521089e-22,3.093468e-05,7.497774e-23
1905,1352,1353,19,0.0,0.31078336,8.99844e-09,2.1224873e-18,1.1411727e-24,1.3102e-41,4.3932586e-09,1.5603026e-11,6.2314775e-06,8.09892e-10,1.4811533e-10,3.075572e-27,0.0,0.005916554,2.8181313e-18,5.600779e-12,6.885062e-18,2.013488e-20,3.2649387e-26,0.6832922,2.1124594e-29
1906,1353,312,13,1.5284907e-25,8.946804e-06,7.1391355e-07,1.809271e-19,8.537797e-33,2.3292526e-36,6.322198e-07,9.387876e-13,0.00015503464,9.485802e-11,4.645654e-12,1.0848062e-16,0.0,0.999836,1.6285421e-17,7.204623e-17,5.8759733e-12,9.211457e-29,4.739453e-26,8.575042e-10,8.6585997e-32
1907,482,1354,1,4.613966e-36,0.9595139,2.210052e-12,0.034386393,5.9017414e-19,2.107049e-31,6.3842515e-11,0.00070684456,1.2830312e-08,1.7074502e-05,8.207009e-14,5.6074004e-29,0.0,3.1714183e-07,5.238088e-07,2.840227e-08,0.005374296,2.862202e-35,7.1920204e-24,4.5682466e-10,9.129535e-20
1908,1354,1355,7,2.0991e-41,1.40362645e-05,2.0967396e-14,0.0026240533,1.6770908e-20,2.4955245e-27,1.2984502e-11,0.98535305,0.011238874,1.8596572e-07,1.2325843e-17,1.2083277e-19,0.0,1.418176e-10,2.2271278e-22,1.3595004e-08,0.0007681423,1.702844e-36,1.5024779e-23,1.547489e-16,9.922238e-27
1909,1355,516,8,2.0395725e-33,7.175527e-08,2.6243262e-16,2.1204446e-06,1.9796012e-23,1.12323165e-32,1.8793084e-10,0.17598473,0.8240096,6.8351846e-10,1.0044578e-15,1.6499098e-23,0.0,8.641835e-10,4.2013023e-22,2.6852522e-06,9.558062e-08,2.1864048e-27,1.8275759e-20,6.94469e-14,7.5357634e-24
1910,470,504,20,4.389791e-24,0.00024342223,3.941442e-17,1.4440203e-16,8.31726e-28,1.1734486e-29,8.1602735e-07,2.6394529e-11,0.0006474011,2.0465767e-13,0.00015206789,4.75657e-33,0.0,0.0022490656,0.00019751096,1.1441245e-15,1.2308436e-13,3.1944863e-38,4.2833932e-24,0.00011082869,0.9963978
1911,504,1356,8,5.960303e-31,3.0416884e-05,1.6263088e-15,1.4492636e-15,5.5296877e-25,2.0358726e-33,0.026409656,1.0515457e-10,0.8838613,1.1069557e-12,0.0672896,9.000882e-23,0.0,0.00021941088,9.2482786e-08,1.0323686e-09,2.762798e-13,2.91179e-40,2.0699113e-28,0.0001133518,0.022075776
1912,1356,516,0,0.99750066,4.0552806e-09,1.0716157e-16,2.661605e-19,0.0,9.58029e-40,2.3188157e-08,3.2684096e-07,1.2062543e-06,4.5598995e-13,9.310486e-05,2.0467657e-34,0.0,0.0024051117,6.2228454e-09,1.0735936e-13,8.6073907e-17,2.3783792e-33,1.7254545e-22,8.160297e-09,4.898604e-09
1913,470,482,1,2.0584171e-26,0.9942412,3.3778353e-16,1.9148428e-07,4.7931606e-19,2.8617833e-30,2.2480466e-09,3.166755e-05,1.7258315e-05,1.1355855e-06,5.716768e-09,3.2271155e-38,0.0,0.0047299718,0.00085737265,2.7665675e-10,7.3729316e-05,7.12947e-38,1.5526558e-25,4.920433e-05,1.5054541e-10
1914,504,362,8,2.2e-44,3.5235054e-08,9.443219e-14,9.3158445e-14,3.1539429e-18,4.1927015e-31,3.707753e-05,1.760686e-09,0.99996185,3.8776278e-17,3.8418194e-10,1.8741055e-23,0.0,8.857285e-07,1.6739699e-22,1.9297478e-10,6.876361e-14,1.4028e-41,7.848716e-27,3.7867203e-09,1.3978416e-32
1915,362,1385,3,2.55904e-40,2.5814456e-14,5.5420224e-09,0.9386859,3.970801e-14,5.846482e-12,2.0652147e-09,0.036842696,0.02446905,7.341472e-12,6.6323086e-14,3.0100252e-06,0.0,4.3566344e-13,2.5720686e-21,5.3512164e-12,2.3900967e-08,0.0,3.505665e-28,2.0984816e-24,1.7605723e-31
1916,516,1357,8,9.264027e-08,1.7989538e-05,1.3079761e-10,3.962539e-14,4.5e-44,8.659778e-27,1.464146e-06,2.5618612e-09,0.9959456,8.874793e-17,4.411318e-06,3.2480493e-23,0.0,0.00052881485,7.371852e-08,4.07088e-13,3.2628757e-16,0.0,4.3929875e-18,4.4991134e-06,0.0034952806
1917,1357,1358,3,0.0,7.106778e-06,1.7391015e-13,0.94761556,2.6240511e-12,6.3936575e-34,5.1924642e-09,9.474455e-09,5.6328286e-06,1.7536127e-11,1.9262209e-14,2.5838592e-29,0.0,6.651423e-11,6.3906324e-12,4.4053294e-07,0.052369624,1e-45,1.9042457e-28,1.8556537e-14,3.7094546e-18
1918,1358,1359,16,0.0,2.2474499e-06,6.1470443e-15,0.13515162,2.1934544e-13,8.8722344e-29,1.0482015e-10,0.0020374574,2.596954e-05,1.361186e-09,2.4351626e-17,1.4408005e-25,0.0,2.1485198e-13,1.4559798e-15,4.1501796e-10,0.8627809,3e-45,1.0419966e-28,5.0597894e-18,1.6906038e-22
1919,1359,357,7,0.0,2.2597495e-08,4.627893e-13,0.04380506,1.7306151e-08,3.0132972e-30,5.1785843e-14,0.9561852,3.1524946e-06,8.1004075e-09,4.674338e-15,5.944828e-20,0.0,3.2786892e-13,1.738635e-23,1.1042876e-09,7.217316e-06,4.6483046e-38,3.5202597e-20,1.6014051e-17,3.7216636e-30
1920,357,1360,7,6e-45,1.6847618e-10,8.71026e-14,0.0010332267,1.03460025e-16,7.7343626e-38,1.1404263e-13,0.9989668,5.5000223e-11,1.9685915e-08,1.7429385e-15,1.0793083e-23,0.0,8.818535e-10,8.103448e-21,2.5425608e-12,9.929295e-09,8.276542e-39,2.4407323e-18,7.4469054e-20,3.6432306e-35
1921,1360,1361,7,2.0238986e-28,8.9077934e-10,2.400595e-16,2.6113062e-07,4.5890384e-22,1.8984735e-34,4.2483673e-12,0.83917594,2.8599885e-11,0.16082317,5.235998e-19,2.2185869e-24,0.0,4.0398687e-10,1.7793803e-19,5.398328e-21,8.059444e-09,7.4252e-41,8.1894834e-32,3.7159886e-23,1.41135185e-36
1922,1361,1385,7,6.5275306e-25,1.9729725e-10,2.4355914e-16,2.0490144e-05,1.02481563e-16,5.467389e-26,9.798413e-12,0.9836818,2.3521057e-10,0.01629816,1.3585143e-17,2.6336576e-20,0.0,2.936424e-11,3.251913e-18,1.1105602e-18,9.0794094e-07,8.67e-43,1.5305621e-25,1.2108625e-24,7.590647e-37
1923,386,332,3,0.0,3.3697128e-17,1.3716656e-13,1.0,1.2891873e-17,1.8011589e-19,5.5237646e-17,1.0521492e-07,2.5468847e-09,7.781271e-15,4.5957874e-20,1.4460463e-12,0.0,1.3833526e-20,8.390677e-22,3.3700246e-15,2.8378913e-13,1.069e-42,5.115369e-27,2.0781416e-26,1.356827e-23
1924,332,1366,3,3e-45,9.975668e-13,3.6646397e-13,0.9999886,2.5616596e-29,1.2675591e-26,7.803059e-15,1.8110333e-10,1.15488764e-11,8.942536e-14,8.524374e-14,1.6249867e-24,0.0,9.226162e-13,2.1042596e-18,1.1049028e-09,1.103275e-05,2.2e-44,1.5043124e-24,1.7887408e-16,5.621634e-25
1925,398,337,3,1.36365e-39,1.1028683e-10,1.7835022e-15,0.87029785,3.4927991e-12,4.714693e-19,3.5216906e-16,0.12968431,1.4726321e-06,1.51293625e-05,8.67871e-16,2.6939184e-16,0.0,7.289305e-15,1.3563677e-21,7.8405686e-14,1.0073153e-10,1.5e-44,8.871778e-25,2.0904982e-18,1.3713559e-22
1926,337,1369,3,5.23e-43,5.417578e-13,3.5165125e-14,0.9999886,8.9031635e-27,3.2990155e-27,4.209035e-14,1.04663795e-05,3.6773445e-11,3.1859038e-10,2.3529113e-12,1.2020093e-22,0.0,1.6575019e-12,1.9058842e-17,5.618026e-12,8.146115e-09,4.724e-41,4.8667937e-23,4.0001962e-18,5.7545766e-24
1927,482,342,1,1.3465e-41,0.9967095,1.5077198e-08,0.0032590416,5.9023973e-18,3.9177258e-33,3.7014571e-09,4.3723767e-09,2.2923788e-07,4.3130935e-06,4.6574246e-17,1.3274827e-20,0.0,1.6511567e-08,1.4474805e-13,1.5301342e-12,2.5560488e-05,7.179494e-39,3.2215238e-35,1.1410322e-11,4.531064e-28
1928,342,1372,3,0.0,2.2764393e-08,3.9359982e-12,0.9985477,1.0260977e-18,1.263519e-25,7.1982356e-13,0.001437029,1.7121985e-05,2.6236247e-09,1.3643233e-13,3.4724735e-19,0.0,4.249344e-10,3.1645434e-21,3.0412482e-12,9.9737385e-11,8e-44,1.6930613e-31,1.3688735e-14,3.081204e-30
1929,516,347,8,1.2177368e-24,0.0047834455,3.7352505e-13,2.616664e-12,7.6087833e-25,1.0548943e-29,6.5678105e-05,1.8775324e-09,0.99501526,1.6543856e-07,4.522344e-13,2.1432403e-20,0.0,0.00013461373,6.693259e-21,5.749452e-13,3.027738e-13,1.5235301e-26,2.936605e-32,9.5256354e-07,9.6137394e-26
1930,347,1375,3,9.8035275e-36,3.704347e-12,1.3007548e-12,0.92322034,2.0866954e-20,5.977063e-23,3.0847384e-11,0.0739655,0.002815606,4.6184072e-12,1.5024836e-08,8.1561156e-19,0.0,1.0243859e-08,1.2333181e-17,2.039868e-11,2.1429439e-07,3e-45,9.0834186e-24,4.2012509e-16,2.3944615e-21
1931,1362,1363,6,3.0161632e-36,1.9244157e-05,3.6962045e-11,2.55207e-15,4.671271e-23,1.6143814e-35,0.49894893,0.22295658,0.001914854,4.3580224e-09,0.0027507606,3.9724412e-27,0.0,0.27340254,2.5122574e-13,1.797346e-08,1.6276402e-11,2.9615285e-21,4.155828e-06,1.0738514e-06,7.512039e-21
1932,1363,1364,18,5.84002e-40,2.9558848e-14,2.1042193e-18,8.546193e-13,7.42848e-23,5.2e-44,4.032884e-15,1.3307902e-10,1.7732323e-14,5.9394704e-15,8.208859e-21,6.573547e-36,0.0,3.4987067e-12,3.789827e-24,1.5190529e-15,5.902625e-17,7.698022e-35,1.0,3.2810476e-17,6.244638e-28
1933,1364,1365,3,5.2e-44,3.0357374e-08,1.3535032e-15,1.0,4.9414223e-21,7.79031e-35,4.5729474e-13,3.7270064e-07,2.7232692e-11,1.8833553e-11,1.01465354e-19,2.1090734e-33,0.0,9.873978e-13,6.465682e-15,4.287688e-11,2.8735286e-10,4.0110658e-38,2.411466e-13,8.387979e-17,1.6317583e-23
1934,1365,1366,3,1.191367e-39,3.6458592e-12,1.2492194e-15,0.9998779,1.4114995e-33,8.248534e-29,7.346448e-15,8.1698275e-09,2.295103e-12,8.8533984e-15,1.00961745e-14,9.225739e-28,0.0,8.4032396e-13,8.1322735e-15,1.4400359e-11,0.00012259197,0.0,5.49565e-22,9.67319e-18,7.9364135e-21
1935,1366,1367,3,6.0392e-41,7.2519475e-07,2.8979735e-13,0.99996185,2.6616478e-25,5.941787e-36,3.107185e-14,1.978578e-12,7.682074e-10,3.4327483e-13,6.948287e-16,1.0789916e-30,0.0,1.761451e-10,1.438771e-21,1.731972e-12,3.748841e-05,0.0,3.255656e-29,8.5511584e-11,7.655895e-24
1936,1367,1368,16,5.4762952e-36,2.3889493e-07,4.6779258e-14,4.1962064e-08,4.4283552e-10,1.2e-43,5.990427e-12,6.510542e-11,4.3456527e-10,4.945849e-08,1.3020863e-18,6.631799e-30,0.0,4.7523947e-12,7.065161e-18,1.2511826e-10,1.0,1.619907e-37,4.0074663e-18,5.899501e-08,5.7999446e-27
1937,1368,1369,3,2.1782696e-36,1.8913261e-10,1.1530699e-18,0.9999695,5.5133524e-29,3.7579817e-32,1.5866383e-13,1.5469302e-06,4.6426316e-09,1.2155322e-09,9.1355905e-14,4.6872678e-29,0.0,6.9384255e-11,2.0524638e-13,1.0292223e-10,2.9158606e-05,0.0,5.892572e-31,2.3548575e-14,3.422353e-21
1938,1369,1370,3,6e-45,1.3012043e-08,1.5239166e-15,0.9999504,1.0269322e-17,1.2335762e-33,5.3685497e-14,4.711265e-09,1.4222724e-09,3.6473097e-10,6.7251693e-15,1.0504897e-28,0.0,4.8179828e-11,2.6720632e-19,1.2356347e-10,4.8035734e-05,3.5e-44,3.657912e-33,2.2181772e-12,1.4032039e-27
1939,1370,1371,16,1.6960593e-25,2.4273118e-06,1.191042e-13,0.008915847,3.0210788e-07,9.212404e-37,6.61461e-10,0.022796616,4.789477e-08,0.20515293,1.9736093e-13,7.965367e-24,0.0,2.826177e-08,1.755418e-13,0.0005689002,0.76256424,1.0858956e-30,9.894589e-08,7.661642e-11,1.7306177e-20
1940,1371,1372,3,4.839534e-34,1.6583508e-10,2.416543e-18,0.99982077,1.1245112e-21,4.949996e-25,1.6972599e-14,0.00010237864,7.439759e-10,8.177663e-07,3.9202772e-13,1.1430256e-22,0.0,5.1804862e-12,4.8089758e-15,2.0567876e-08,7.785794e-05,1.3358391e-35,5.2893543e-28,1.0732205e-14,1.9512831e-23
1941,1372,1373,3,3.2333603e-32,5.406115e-07,1.0281175e-14,0.9984525,1.6478464e-16,8.222828e-23,6.258378e-12,7.2570438e-06,4.4095427e-10,0.0015383643,1.5831471e-09,1.4074715e-19,0.0,3.217831e-10,2.951928e-15,1.3090655e-08,3.3749268e-07,2.6049142e-33,4.571567e-29,3.6529474e-11,6.4357265e-25
1942,1373,1374,9,1.6730574e-29,4.968956e-09,3.0041616e-15,0.00033922668,1.3345013e-10,1.807375e-33,9.155206e-12,0.003199763,4.415011e-11,0.9964206,3.344783e-14,1.7922392e-22,0.0,6.6309813e-10,4.7070762e-18,6.566294e-09,4.063403e-05,5.7984346e-29,1.9438396e-15,8.1500017e-16,4.718727e-25
1943,1374,1375,3,1.4684805e-29,2.1280575e-10,2.8985216e-16,0.99958426,7.716628e-29,1.2055232e-28,2.837936e-12,1.5748184e-07,5.123342e-10,2.1246528e-08,3.096803e-09,1.4675954e-22,0.0,3.196287e-10,4.146043e-13,1.3715952e-09,0.00041499073,2.17e-43,3.855213e-30,3.2847485e-13,1.3030689e-20
1944,1375,1376,3,5.9584804e-25,5.4147654e-06,3.5907907e-10,0.999836,6.7877906e-25,9.076531e-23,4.5978648e-09,7.169449e-09,1.002426e-06,7.8830595e-08,0.00015786944,1.5244989e-14,0.0,4.703151e-08,2.0417477e-15,7.347703e-09,2.647172e-07,5.38e-43,7.49154e-31,1.0780909e-07,4.6158415e-17
1945,1376,1377,3,2.0533016e-28,3.0328104e-07,2.468068e-13,0.8487472,1.1177068e-14,3.116274e-31,4.030295e-10,7.283752e-06,2.6196819e-11,0.15114106,2.9704367e-11,3.8828344e-19,0.0,1.0704138e-10,4.9133503e-17,1.2390425e-10,0.00010229277,5.908916e-38,1.7384807e-25,2.1059769e-19,5.399879e-26
1946,1377,1378,3,0.0,8.294497e-09,1.969855e-14,0.9837756,1.8576995e-15,9.545615e-35,8.395129e-14,0.003062614,3.027129e-11,1.732915e-07,2.2040206e-15,8.630271e-25,0.0,1.4133032e-12,2.923716e-18,4.9368526e-10,0.0131630525,7.72286e-40,2.7414595e-17,1.5171429e-21,2.7284788e-26
1947,1378,1396,7,5.6441665e-35,1.9030485e-12,6.444764e-11,1.4164056e-06,1.3236111e-25,1.7546935e-37,2.5261165e-12,1.0,1.11062765e-11,4.40304e-09,7.430384e-14,7.9953605e-22,0.0,1.8236383e-08,2.449736e-16,1.5270772e-14,3.0263652e-12,5.2218716e-28,6.483808e-16,3.0032244e-21,6.5430155e-24
1948,111,1352,19,3.7976615e-29,0.00018373353,6.009304e-14,1.2482956e-22,1.8946892e-27,0.0,1.3473308e-09,2.1726427e-14,2.1154332e-08,1.6421393e-12,1.0215943e-11,1.4465431e-34,0.0,0.0042265644,9.711792e-10,1.3024957e-15,7.9165863e-19,2.5140553e-24,2.2681549e-21,0.9955886,1.0845299e-22
1949,1379,147,14,3.6487792e-28,2.9062224e-12,3.5451666e-11,1.996541e-18,0.0,1.086624e-39,7.0554934e-10,1.2776875e-16,3.812845e-14,2.3971658e-14,7.884697e-12,5.913128e-32,0.0,3.6067504e-06,0.9999962,1.4478222e-14,1.7494382e-17,2.5828406e-24,4.7281e-40,9.284695e-14,7.3633235e-19
1950,111,147,14,1.320204e-15,6.4496413e-16,1.8653794e-19,3.446362e-24,0.0,5.9543e-40,5.991429e-13,6.688442e-19,1.6999268e-17,1.7760507e-19,3.6838215e-16,1.2121e-41,0.0,1.82441e-09,1.0,6.417619e-22,2.5432379e-21,1.4283213e-35,3.7270473e-38,1.3327517e-17,6.194845e-18
1951,135,147,14,1.8907336e-11,4.7911147e-11,2.7707382e-18,2.634276e-16,5.4762713e-37,2.944e-42,1.3208572e-10,1.45149e-12,5.3271016e-12,1.44655e-10,3.6654225e-13,1.9323e-41,0.0,1.276145e-06,0.99988174,3.2691396e-18,1.534347e-14,1.3866222e-36,3.714569e-39,2.1628568e-17,0.00011788296
1952,216,1380,10,1.9972729e-10,5.271027e-12,7.755341e-15,1.01376316e-20,3.6903e-41,1.6588947e-33,5.3544955e-15,5.9771645e-12,2.490218e-12,1.5776207e-14,0.9999923,1.239491e-26,0.0,7.362529e-06,3.7391583e-12,4.385668e-19,1.3172527e-20,4.6135943e-37,1.9396554e-29,2.1547918e-12,1.2145098e-06
1953,1380,111,14,2.4336594e-05,1.4739841e-13,1.2934667e-19,5.719279e-23,0.0,2.0006e-41,2.6271124e-11,1.4892398e-15,5.4553983e-15,1.3831708e-16,1.152622e-13,8.511e-42,0.0,9.181542e-08,0.9999752,1.6612282e-22,2.9736786e-19,3.4e-44,2.5754134e-31,5.706656e-17,7.820072e-12
1954,1360,1384,7,8.9488704e-32,9.337949e-12,5.4773983e-15,2.9202976e-08,3.7141924e-21,9.328884e-39,3.8802108e-13,0.9999504,7.7956586e-13,4.9708993e-05,4.579617e-20,1.6070976e-23,0.0,8.347939e-12,5.3790723e-19,1.3944909e-18,3.4402095e-12,9.917759e-37,2.6879754e-23,2.5588642e-23,8.008045e-33
1955,1357,1381,8,3.2e-43,7.0697874e-06,4.2887756e-15,3.034317e-13,1.2762917e-20,2.4296277e-36,1.5585047e-05,2.518608e-07,0.99997336,3.0906144e-12,1.2133267e-17,1.7751572e-26,0.0,2.1157147e-09,4.254876e-17,4.4552235e-12,3.563969e-06,1.0147e-41,9.7715576e-23,1.423736e-12,8.010315e-23
1956,1381,1376,16,6.736e-42,8.807583e-08,4.5891667e-12,0.097347915,1.7677455e-17,2.63912e-40,5.7661726e-11,7.341788e-10,3.7712685e-08,3.634088e-10,1.30075e-12,2.9515635e-25,0.0,1.1087783e-10,8.74922e-22,6.75058e-10,0.9026531,0.0,2.4905861e-29,1.2040374e-15,1.3701864e-27
1957,1381,1382,16,0.0,1.3207944e-06,2.8847004e-16,0.0034584096,2.3449303e-17,0.0,2.3511717e-11,3.4456158e-07,1.2869323e-09,3.2650243e-12,1.8529496e-16,4.108414e-36,0.0,3.1309233e-13,4.0317434e-16,9.24958e-09,0.99653846,0.0,5.2455343e-19,7.687181e-16,2.3570586e-22
1958,1382,1383,7,0.0,2.5085614e-05,2.2323982e-10,0.29574382,7.1243593e-23,3.0491895e-30,1.6248457e-07,0.6279026,1.5513725e-08,7.668596e-05,4.1438275e-14,2.2581088e-26,0.0,1.2169022e-07,3.308992e-08,5.0854687e-10,0.07625085,2.6142665e-37,2.6772335e-21,8.122963e-17,2.817791e-23
1959,1383,352,7,1e-45,1.4320987e-10,1.24365e-10,0.00043902706,5.393853e-09,5.034419e-31,2.6114361e-14,0.9995614,1.4154921e-07,3.3754276e-08,1.5172837e-11,3.3594362e-22,0.0,8.513968e-08,3.9942888e-21,9.293298e-08,3.0770067e-10,1.943766e-37,5.7762155e-17,2.5949606e-15,1.1685985e-27
1960,352,1384,7,2.846008e-38,2.2302668e-13,3.5266142e-14,7.1090206e-08,2.8587588e-09,8.394007e-37,2.6540152e-16,1.0,4.0544457e-09,8.3614604e-10,5.165518e-16,5.5568044e-22,0.0,5.042658e-11,1.8851468e-24,1.0255378e-11,3.7591922e-14,3.617575e-39,9.63733e-15,4.790218e-19,5.723103e-29
1961,66,1362,8,6.639215e-38,3.4414094e-09,3.7445616e-08,5.0477877e-07,5.4408128e-21,2.6463367e-20,0.00032481304,9.800766e-05,0.8861977,3.8252232e-09,0.0003126128,1.4848583e-18,0.0,0.11306521,6.3826136e-13,4.9349936e-08,2.0321234e-12,3.15141e-30,1.623088e-20,7.002064e-08,8.126108e-21
1962,1384,1396,7,2.8750546e-31,2.027472e-10,1.0262595e-08,1.14494135e-07,1.4017933e-32,4.367968e-35,1.3871167e-10,0.9986466,4.935925e-12,0.0013493409,1.6454289e-15,1.8441395e-19,0.0,2.8598868e-06,2.3619802e-16,5.693545e-17,7.2137435e-12,1.0314909e-24,3.976105e-22,7.436863e-18,1.4347462e-31
1963,135,216,20,0.08515651,1.0869339e-11,2.847523e-19,2.1655046e-19,6.17e-43,2.4657433e-36,3.4811712e-13,8.698415e-12,4.531481e-12,1.08520926e-13,2.37273e-06,3.4137586e-37,0.0,1.1528575e-05,0.009839135,2.6377976e-22,4.0995773e-17,6e-45,1.4900949e-34,1.6660452e-14,0.9049907
1964,42,243,20,2.8114455e-08,8.20535e-14,2.5673061e-20,4.3215752e-21,0.0,5.365927e-37,1.9383633e-12,1.0134564e-15,2.5082246e-14,6.7004223e-18,1.0104308e-06,2.8040382e-35,0.0,2.754121e-10,0.00030971062,4.262777e-22,1.0081827e-20,2.3828605e-37,2.9285797e-35,4.6510554e-15,0.99968916
1965,255,243,10,1.9443305e-06,7.163321e-10,1.8031716e-13,8.841712e-17,0.0,4.19e-43,1.05020945e-05,3.2985998e-05,2.2655648e-10,1.964444e-07,0.9746278,3.1048537e-27,0.0,0.013963973,0.011362161,1.994468e-13,4.2361308e-13,2.8022378e-15,6.837443e-28,8.028303e-08,2.7353883e-11
1966,255,54,14,3.7212835e-06,9.980079e-14,4.70889e-18,5.605657e-18,0.0,3.0728e-41,1.9583069e-09,3.4730607e-09,2.4536105e-14,2.9058897e-12,4.3174516e-08,1.2050925e-33,0.0,2.7160436e-07,0.9999962,5.8752157e-18,2.0182322e-13,5.663873e-30,7.905092e-33,4.1065756e-16,9.0594356e-17
1967,1385,1386,9,3.2620072e-22,9.823541e-09,2.8969755e-15,0.0007985131,5.2515286e-16,1.0821953e-21,4.2266114e-11,0.018996708,2.2248976e-12,0.980202,2.3519206e-15,2.6732062e-18,0.0,7.4349325e-11,2.095938e-16,1.03512125e-16,2.7000328e-06,3.398012e-37,1.7670127e-22,8.527262e-23,3.402919e-35
1968,1386,1387,7,7.7338967e-29,1.3529371e-05,1.5720705e-13,1.1170868e-10,7.2863873e-22,2.864e-42,4.1353249e-10,0.99178654,4.2892281e-10,0.008201015,1.4060177e-11,2.2815066e-24,0.0,6.0017874e-07,2.1211366e-17,2.1580738e-12,6.7257214e-11,4.147213e-21,9.457536e-13,4.8313055e-12,8.2785437e-29
1969,1387,1388,7,3.264105e-33,1.402909e-05,1.9999513e-15,1.0013686e-11,1.7558948e-34,4e-45,1.6096247e-09,0.99778616,5.6588148e-09,0.0021979972,1.6410731e-14,1.2583697e-29,0.0,1.1139527e-06,3.0834014e-16,3.5754044e-15,9.1212615e-10,1.3584483e-30,1.492216e-20,7.076345e-13,7.6061476e-31
1970,1388,1389,3,6.6803844e-34,2.9444288e-06,2.2745412e-13,0.97935724,1.0040921e-11,7.0734578e-28,1.5903364e-11,0.00037303977,6.2750642e-12,0.020256402,7.673905e-17,1.452675e-20,0.0,3.562257e-13,1.5265988e-15,1.3015689e-12,1.1813634e-05,1.3793839e-36,2.1972145e-28,2.4952652e-21,3.051693e-29
1971,1389,1390,1,1.6718688e-24,0.9447859,2.0279933e-07,1.8072558e-05,7.8334635e-19,3.97602e-40,4.0619727e-07,0.0551244,1.1312014e-06,6.283111e-05,8.256038e-11,1.4050033e-20,0.0,5.8413275e-06,1.00357174e-10,1.3999125e-09,3.9339176e-09,3.2521686e-21,4.4751504e-13,3.1725402e-09,4.8045223e-14
1972,1390,1379,13,1.780203e-18,0.001123034,6.6879653e-09,1.4979084e-19,7.84e-42,0.0,1.6832291e-07,3.906095e-06,7.219519e-06,1.0085182e-11,8.4393505e-05,1.5504165e-35,0.0,0.9987801,3.6443872e-11,4.0389886e-11,3.6133678e-17,1.5790526e-23,1.4126637e-17,2.095325e-06,1.0932577e-13
1973,1347,1388,7,1.0692784e-34,1.5454003e-09,5.262528e-20,1.2617147e-07,4.62373e-20,1.452e-42,1.0090233e-09,1.0,1.1748503e-07,7.445409e-10,1.4489663e-21,6.7627926e-34,0.0,2.588565e-14,1.274434e-19,4.477953e-12,1.646818e-06,0.0,1.0821334e-21,1.6415682e-21,1.0093138e-28
1974,54,42,0,1.0,3.5375516e-16,1.583789e-22,2.4363355e-23,0.0,0.0,1.6087525e-13,1.0234991e-12,9.0764543e-17,5.557161e-16,1.0426444e-10,3.628688e-39,0.0,1.6568295e-11,1.37762e-13,1.2285629e-22,4.4861443e-19,0.0,1.9454123e-30,7.217784e-21,3.9258367e-13
1975,39,1391,9,1.9702092e-13,3.1457557e-06,1.6644692e-15,5.7053724e-17,5.955264e-29,7.581532e-29,6.3349044e-12,7.0749134e-06,7.6365353e-07,0.99945843,0.00012742201,1.1460387e-21,0.0,0.0004035014,2.1543003e-18,1.465085e-13,1.3820336e-13,3.076826e-28,5.3822034e-30,3.6208095e-07,5.8224304e-17
1976,1391,240,13,4.4103703e-16,1.4978989e-09,7.7495404e-16,5.242637e-18,6.6979346e-28,3.4218531e-38,1.0441771e-13,8.344075e-07,4.394935e-09,4.3418814e-07,3.4900907e-07,5.300788e-35,0.0,1.0,3.0631304e-09,5.450427e-15,5.954668e-16,4.250079e-30,1.7129689e-28,9.0083957e-10,1.4194167e-16
1977,593,595,18,1.2769508e-25,2.0682863e-12,1.6455733e-15,5.6774624e-21,2.8399265e-21,0.0,9.981671e-08,2.1175326e-08,1.0140488e-06,5.7328646e-16,7.616121e-12,6.5935665e-35,0.0,1.6456609e-08,2.8181945e-19,7.421659e-14,2.8478112e-15,7.837319e-34,1.0,6.631032e-10,2.3361387e-22
1978,324,1392,3,9.17863e-28,0.0037839594,3.4778233e-15,0.50520027,6.557661e-23,1.1866068e-28,1.8699325e-11,2.4657633e-05,5.82307e-11,0.49059176,2.8323295e-15,1.0161456e-25,0.0,2.9362042e-08,1.2467575e-16,1.3724672e-12,0.0003994476,3.737013e-38,6.411935e-24,2.120436e-14,1.3763909e-24
1979,1392,1393,9,9.155282e-18,8.6508235e-06,1.2725752e-16,0.0016856423,1.5962919e-12,1.4286859e-36,3.6751848e-11,0.0010801761,3.2532384e-12,0.99722296,2.1994022e-14,8.236074e-31,0.0,2.5461006e-07,1.1941453e-12,1.034922e-12,1.1365736e-06,1.84561e-40,9.3742153e-26,1.7094682e-15,2.2117782e-22
1980,1393,1394,7,3.075852e-13,0.42990437,1.8499632e-15,1.896802e-11,8.5505455e-17,4.16344e-40,3.2420998e-05,0.556845,8.147574e-09,0.0125721125,5.9655216e-13,1.607134e-31,0.0,0.00064548006,6.926611e-09,5.1916024e-13,4.284635e-09,4.361912e-25,1.3026889e-16,2.1622478e-08,1.7216416e-14
1981,1394,234,7,7.565847e-21,5.6891073e-05,1.2470683e-06,3.853631e-12,0.0,2.020964e-39,0.0017778208,0.52013075,5.980503e-09,8.9413494e-05,1.5232636e-10,1.5608295e-22,0.0,0.47794193,5.567636e-11,1.5511947e-16,2.2006992e-10,1.1456295e-18,7.7879544e-22,1.4390851e-12,4.0878797e-25
1982,130,208,20,0.02348789,7.654715e-12,6.2717665e-18,1.04598785e-19,0.0,6.748104e-34,2.339253e-13,2.0730326e-13,2.0584562e-11,1.0100672e-16,0.010003348,2.5350764e-33,0.0,1.7011819e-06,3.844946e-08,1.8737289e-21,1.5272888e-19,0.0,1.5880709e-31,1.8526699e-13,0.96650845
1983,142,130,0,1.0,5.809516e-14,1.1033755e-21,1.2253935e-23,0.0,0.0,1.5083762e-11,3.9019504e-12,1.1633711e-14,6.0906947e-16,7.1302274e-13,4.2885e-41,0.0,8.5388907e-10,6.3479273e-13,5.1721664e-22,1.487279e-18,0.0,7.354899e-27,6.1838594e-20,4.8372734e-15
1984,142,2,14,2.7608064e-06,8.0646764e-08,3.4710613e-16,6.467399e-18,1.146e-42,6.528913e-36,0.00015283031,6.4264497e-11,7.565828e-11,3.4945048e-12,1.8224905e-16,2.3748694e-34,0.0,1.8054891e-08,0.9998436,4.2075405e-15,7.2261175e-10,6.54291e-33,3.1494007e-24,4.0803647e-20,1.981864e-12
1985,208,2,0,0.9995156,3.4177685e-09,1.1385343e-15,8.6430484e-19,1e-45,0.0,5.062427e-06,2.0625714e-07,1.23818195e-11,2.1583324e-09,4.9430926e-09,3.109067e-39,0.0,0.00047884457,4.88817e-09,3.9548506e-15,2.0112209e-15,1.3925743e-37,4.1570353e-20,1.0448006e-17,1.07168696e-13
1986,129,207,20,0.23033077,1.0730169e-12,1.3440136e-18,1.7858327e-20,0.0,9.833684e-35,5.196516e-13,4.1578882e-14,1.45419544e-11,3.1716563e-17,0.00019460762,3.426746e-34,0.0,7.124879e-07,1.758493e-07,1.8261872e-22,3.830283e-20,0.0,2.4125465e-32,1.3547022e-14,0.76947355
1987,141,129,0,1.0,3.123615e-14,5.679647e-22,4.1357686e-24,0.0,0.0,9.704358e-12,1.3126507e-12,3.8050257e-15,1.8321937e-16,4.630003e-13,1.4e-43,0.0,3.545109e-09,9.360863e-12,1.4926642e-22,5.253164e-19,0.0,2.0321078e-27,1.9708035e-20,1.24351476e-14
1988,141,1,14,3.4658663e-06,1.0324484e-07,5.439789e-16,4.8871195e-19,7.85e-43,1.1460162e-37,0.0003839428,1.7470157e-11,1.6348593e-10,1.0264297e-12,9.009944e-17,3.2053537e-36,0.0,7.168304e-08,0.999611,2.678457e-15,3.0621125e-10,1.4684664e-33,2.5309897e-25,6.890231e-20,5.562069e-13
1989,207,1,0,0.99997336,2.5588812e-10,1.3516237e-17,3.2520073e-21,0.0,0.0,1.325261e-06,1.6627162e-09,7.0212265e-12,2.2237956e-11,3.4713617e-11,3.4147e-41,0.0,2.545462e-05,1.9057609e-09,4.1690475e-17,7.449502e-17,3.920913e-39,7.8223693e-23,7.8857227e-19,1.33694e-13
1990,136,217,0,0.9993822,4.1142418e-13,5.8961605e-19,2.179584e-20,0.0,1.2371876e-38,1.069863e-13,1.7265925e-12,3.4415006e-13,3.6194417e-15,0.0003186345,4.4718043e-36,0.0,1.1070413e-06,1.6999573e-08,4.8824346e-22,1.6418276e-18,0.0,3.4236508e-33,1.5538782e-15,0.00029835812
1991,148,136,0,0.9999943,4.790431e-14,9.173308e-21,1.9281035e-21,0.0,0.0,2.8237252e-12,6.1094364e-13,1.6888113e-15,1.3866046e-16,5.846052e-14,2e-44,0.0,1.392951e-08,4.999441e-06,2.8027827e-23,7.217874e-19,0.0,6.936853e-29,5.273641e-20,3.997682e-09
1992,148,112,14,1.1500112e-05,5.181695e-11,2.4419433e-18,1.3128489e-19,0.0,1.662171e-39,5.8977205e-09,9.730754e-15,5.4873586e-13,5.320508e-17,6.6643335e-16,1.1434136e-37,0.0,2.9416403e-09,0.9999886,3.825404e-21,1.4217793e-16,0.0,1.7040305e-24,1.4091492e-17,9.750329e-09
1993,217,112,0,1.0,1.4528603e-13,1.9425745e-20,2.359034e-25,0.0,0.0,7.2354744e-12,2.4986798e-14,2.6380446e-14,5.212249e-17,3.4901153e-12,2.3208e-41,0.0,2.3392277e-08,1.9587271e-11,1.7343689e-23,3.290967e-22,0.0,3.409132e-26,6.6792663e-18,1.6635662e-13
1994,238,37,10,3.3480159e-12,3.9879905e-11,2.0519419e-18,3.1078613e-21,0.0,1.0076237e-38,1.9285463e-12,4.1378626e-11,6.9717717e-12,1.6676049e-12,1.0,2.5820436e-31,0.0,2.9620905e-08,6.2434988e-12,1.19490326e-17,1.3628924e-21,1.3502346e-21,3.2798964e-32,2.3115208e-08,1.08984246e-07
1995,250,238,10,5.076531e-11,2.787754e-11,6.5155977e-15,3.3830932e-18,0.0,2.44e-43,5.7428686e-08,6.981004e-05,1.2563536e-09,2.0202497e-06,0.9989362,3.5966718e-25,0.0,0.0009914521,4.3749768e-10,3.519275e-15,5.981949e-14,4.432393e-18,6.7076694e-30,4.657941e-09,1.1373008e-16
1996,250,49,14,0.00020034444,5.1782568e-11,2.3481977e-17,2.0850368e-16,3.71e-43,5.328558e-37,6.15653e-06,5.3126314e-05,2.951813e-09,2.3472412e-08,6.1856707e-07,1.6752088e-30,0.0,0.00010169553,0.99963766,7.8259793e-16,1.0020001e-09,1.2954409e-28,1.6002174e-28,1.5493799e-15,5.5198132e-14
1997,37,49,0,1.0,2.1307829e-10,2.2290593e-20,1.1311627e-21,0.0,0.0,6.744876e-11,1.3328047e-10,4.1544762e-12,1.440902e-10,1.546301e-07,1.105579e-36,0.0,1.7511462e-07,3.3358858e-12,1.2423836e-18,1.4178527e-16,7.7488e-41,2.5439722e-31,8.354635e-14,8.9485645e-13
1998,237,36,10,6.43223e-06,7.035279e-11,9.96621e-18,6.8932806e-20,0.0,5.203239e-36,5.2106175e-10,5.330194e-11,1.3265024e-10,2.1049632e-13,0.85999775,4.2244573e-31,0.0,2.7261748e-07,1.8143481e-07,5.3250534e-18,3.172258e-19,4.9705783e-27,2.2791672e-31,7.1327e-10,0.13999397
1999,249,237,10,1.0282075e-07,4.0871445e-11,2.62959e-14,5.801985e-18,0.0,1.5e-44,4.582865e-06,0.00023737008,3.6807304e-09,1.0307764e-06,0.9969833,4.4373657e-26,0.0,0.0027718376,4.811232e-08,2.2962128e-14,7.895649e-13,1.1511944e-16,4.1220077e-29,2.880444e-09,3.4169762e-15
2000,249,48,14,0.00028132965,9.5247395e-12,3.5131145e-17,9.829274e-17,4.27e-43,1.1999287e-38,2.047388e-06,1.6124548e-05,4.3945472e-10,3.1760883e-09,1.1656591e-06,6.243057e-31,0.0,4.1442894e-05,0.99965674,5.5327514e-16,3.4533484e-10,9.75235e-29,1.7338347e-29,2.263762e-15,2.5036543e-15
2001,36,48,0,1.0,4.339823e-13,1.1795031e-21,1.083343e-22,0.0,0.0,3.5923692e-12,1.054765e-11,8.094101e-14,3.540493e-13,8.797825e-09,8.527522e-38,0.0,3.1428897e-09,1.9282254e-13,1.9026198e-20,1.0011861e-17,3.6e-44,2.1230723e-31,6.283528e-17,9.5526567e-14
2002,244,43,20,2.0295411e-07,4.841448e-14,3.010762e-20,3.976198e-21,0.0,1.12149965e-36,9.368742e-12,7.077071e-14,3.7718345e-13,1.21009575e-17,2.2745244e-05,4.322668e-34,0.0,2.3042025e-10,1.2300268e-06,7.6896245e-21,2.4915872e-19,6.2259475e-34,7.2612325e-34,1.2391812e-15,0.9999752
2003,256,244,10,0.0062993164,3.0956455e-09,1.5703923e-13,4.7028967e-17,0.0,9.68e-43,0.00083096867,0.0013779502,1.9765904e-08,1.1060722e-07,0.9139799,3.7321618e-27,0.0,0.06559033,0.011921033,1.5662404e-13,1.6551199e-12,1.4859883e-15,2.0392777e-25,2.4356849e-08,4.211905e-09
2004,256,55,14,4.9449507e-05,1.5455966e-14,3.8025638e-20,1.0669112e-19,0.0,2.7468e-41,1.3539617e-09,7.861789e-10,3.2385742e-14,1.684617e-14,5.4573714e-09,5.931621e-35,0.0,2.752328e-08,0.9999504,6.60734e-20,4.843514e-15,5.391445e-32,5.9031013e-31,2.839694e-17,3.5040323e-14
2005,43,55,0,1.0,1.6618741e-15,3.7663822e-22,5.3646555e-23,0.0,0.0,2.1894544e-13,1.1594978e-12,4.850593e-16,1.870156e-16,3.213997e-10,1.729856e-38,0.0,1.739737e-11,3.5545114e-14,4.273083e-22,2.1250624e-19,0.0,9.639982e-29,4.8281725e-20,1.6875423e-12
2006,518,501,20,5.089147e-06,0.005068657,8.955324e-17,6.0494643e-13,2.8327e-41,1.7351751e-32,1.876639e-07,2.0963864e-08,7.621369e-08,2.9194956e-08,9.90632e-11,1.493568e-39,0.0,0.000520007,0.022698471,2.7784269e-15,2.9482248e-08,0.0,1.2475507e-18,6.399411e-13,0.9717062
2007,467,484,13,3.0583363e-21,0.00015895838,2.1920157e-13,2.7271635e-14,3.3161187e-38,1e-45,2.9717152e-05,3.2782766e-13,6.910063e-09,1.04747815e-10,8.364234e-18,1.325541e-39,0.0,0.99980927,8.854916e-08,1.195825e-16,1.8141318e-09,1.8162913e-25,6.8929635e-28,5.7553285e-07,6.9976485e-18
2008,40,52,0,0.9999962,3.0648368e-09,1.2035528e-19,2.3409496e-20,8.405e-42,3.771774e-37,4.396085e-12,1.3601584e-09,7.6600934e-11,1.5544368e-06,1.4549593e-06,2.2289898e-29,0.0,2.162844e-06,6.1843397e-10,1.3028707e-19,1.3050322e-15,7.086e-42,7.3621755e-33,2.1060085e-12,1.7193432e-08
2009,45,57,0,1.0,1.10816555e-13,1.1344642e-21,1.2778012e-21,0.0,0.0,1.5190565e-14,3.6786228e-14,1.1668456e-16,2.8521344e-14,1.214092e-11,3.02949e-38,0.0,2.874585e-11,1.5127276e-10,1.3779783e-23,9.336455e-19,0.0,2.3922622e-35,2.8248893e-19,5.4044733e-08
2010,46,58,0,1.0,3.7502667e-15,4.0358394e-22,1.9549277e-22,0.0,0.0,1.434696e-14,7.96679e-14,2.5013985e-17,3.6193983e-16,1.6145212e-11,9.051802e-39,0.0,4.721342e-12,9.234881e-12,1.1176505e-23,2.9730887e-19,0.0,2.216463e-32,3.3701445e-20,1.7413789e-09
2011,557,553,6,3.7952168e-20,7.8614974e-08,1.3582218e-13,9.516093e-20,2.335e-42,4.9e-44,1.0,1.4429447e-11,2.4442107e-08,8.3630375e-14,2.772364e-20,4.448519e-33,0.0,9.629186e-12,1.6078192e-18,4.7210398e-14,1.6870729e-15,1.5562963e-33,2.1360561e-29,5.1269323e-20,3.419449e-25
2012,556,554,0,0.9995728,7.576278e-12,8.1162846e-14,3.8657345e-19,4.5e-44,9.906e-42,0.00042775096,4.4411547e-13,5.6882873e-11,5.376326e-18,3.5771053e-10,9.308224e-33,0.0,6.571732e-09,1.588283e-16,3.3295212e-13,1.6733504e-22,5.872454e-35,1.0898629e-30,6.5473517e-19,2.6479565e-17
2013,575,579,13,2.917299e-18,3.4921436e-06,2.1177808e-10,1.5915885e-16,0.0,6.9e-44,6.860934e-05,9.447527e-10,0.00010590971,5.5570052e-11,2.549462e-08,2.2634535e-28,0.0,0.99982077,5.786899e-14,3.5721398e-11,2.1560618e-16,8.24178e-27,3.6367445e-36,1.0509418e-07,7.845455e-19
2014,558,557,6,1.0795304e-31,4.1458525e-06,7.741077e-12,1.9448112e-15,5.1928247e-30,0.0,0.7755662,1.7975859e-08,0.2244294,3.0403607e-16,5.2334704e-16,2.5238307e-29,0.0,1.7694298e-12,1.0150103e-18,1.9874477e-08,5.123253e-14,1.3368192e-33,1.0359583e-17,8.043895e-11,6.6451805e-12
2015,574,578,13,1.5971121e-22,0.27879915,1.5925036e-11,2.3219053e-15,4e-45,1.394274e-39,4.971672e-07,7.63351e-06,0.09131708,4.1735376e-08,6.572738e-08,1.1330557e-26,0.0,0.62043583,2.2617003e-14,2.1913502e-10,9.918314e-17,4.176547e-31,1.158047e-25,0.009440427,1.9643958e-18
2016,559,556,8,9.209754e-25,4.814337e-07,1.9610783e-11,3.4408213e-15,2.0407067e-35,4.2e-44,0.007400159,5.617202e-08,0.99260026,4.678133e-17,6.6173006e-13,2.6479416e-28,0.0,2.7786976e-11,5.75892e-18,1.7287874e-08,3.1368019e-15,1.0742125e-35,2.1369483e-18,2.5219882e-10,1.4268086e-11
2017,577,583,8,1.0081507e-15,3.5181235e-06,8.320679e-15,9.410858e-21,4.2249684e-33,5.427e-42,0.07390853,0.00016475926,0.9243939,3.5946334e-07,4.4297785e-08,1.7999015e-27,0.0,0.00066129153,5.855351e-17,5.5092614e-11,3.3989152e-17,3.915467e-12,2.0356328e-17,0.0008689562,2.4694387e-24
2018,579,581,6,1.02567456e-19,0.00010964829,1.4955955e-12,6.356775e-16,4e-45,0.0,0.99945843,2.9177158e-07,7.3833945e-07,5.541838e-07,2.7800399e-14,6.320499e-33,0.0,0.00043060945,4.7027422e-14,1.2881982e-11,2.7735332e-16,2.231696e-21,1.2425675e-27,1.5462292e-12,3.3031004e-24
2019,572,575,8,6.294621e-29,1.7222636e-09,3.012171e-15,7.1544175e-18,1.4716842e-27,8e-45,0.0029281469,5.9466375e-14,0.9970708,1.8350886e-17,1.2600083e-13,1.1931124e-26,0.0,1.4203315e-09,2.8603492e-18,6.6782426e-12,2.5562152e-12,1e-45,6.340797e-29,4.6668927e-14,5.355083e-17
2020,571,574,20,7.3402426e-19,7.3268865e-07,1.9579507e-14,1.7668843e-15,8.946469e-27,0.0,4.5035777e-06,7.420252e-12,0.0020151192,3.310197e-12,1.3754102e-08,1.8655497e-27,0.0,5.0075865e-08,2.889825e-14,1.2073842e-10,1.831451e-18,2.510791e-36,1.1226488e-25,8.585445e-11,0.99798024
2021,566,562,8,3.1345976e-32,4.241158e-06,3.5076114e-17,2.4910344e-20,1.9367893e-34,2.4212974e-31,3.23055e-09,3.1102317e-07,0.9999962,6.424906e-11,1.0694891e-14,5.600073e-20,0.0,8.299231e-12,3.1161426e-24,3.3596678e-14,1.5383408e-18,4.7688785e-22,2.013277e-31,1.0290815e-09,1.8118066e-18
2022,568,563,8,0.0,0.17737176,5.069636e-13,3.3244116e-10,2.4623274e-24,5.9613945e-31,6.1882396e-08,8.2784105e-08,0.8226277,3.6139716e-11,2.920244e-14,2.3562159e-20,0.0,1.4603388e-10,1.980898e-18,1.1843978e-09,5.5052456e-12,2.0422223e-38,2.0675542e-33,2.7622133e-09,1.6206993e-13
2023,569,589,18,8.06572e-39,1.3871312e-12,3.8584646e-15,2.044954e-20,4.6442403e-18,0.0,1.7136813e-13,1.298139e-10,5.1191097e-07,5.961483e-17,6.4725885e-16,2.1499464e-28,0.0,1.7813029e-11,1.5683037e-27,6.787958e-14,4.3994708e-21,3.7655788e-29,1.0,7.68878e-12,1.8761363e-24
2024,567,588,18,4.2534e-40,9.95846e-10,1.4622186e-16,2.4670415e-21,4.7599315e-24,1e-45,9.608619e-16,3.750773e-12,2.5504976e-12,3.2253087e-14,8.954043e-21,1.1541849e-30,0.0,7.4507387e-13,3.685044e-24,3.1955512e-20,5.486619e-23,1.3489366e-22,1.0,3.1611485e-09,1.6434939e-26
2025,615,600,4,0.0,1.4137125e-13,2.9981508e-15,4.5618703e-11,0.9981935,3.9267458e-34,4.8719848e-12,9.144704e-11,0.0018052802,2.0935167e-16,2.2847021e-17,1.1888814e-28,0.0,2.4572848e-12,1.3319611e-21,1.2356515e-13,8.849207e-16,1.3577306e-34,8.4580435e-35,6.7383906e-16,2.5003555e-27
2026,613,601,4,0.0,5.6933614e-13,1.1543309e-14,4.3179105e-09,1.0,1.2533439e-37,1.3865584e-14,1.9297311e-12,1.179507e-07,5.140254e-18,3.924243e-20,1.8640459e-30,5.2931504e-20,1.9540101e-15,2.4442306e-22,3.395601e-15,1.6085096e-14,3.6793005e-38,4.848346e-27,9.150788e-16,1.5352135e-29
2027,592,612,18,5.8674766e-37,5.8945086e-15,3.3585814e-20,8.035273e-12,1.3673634e-09,3e-45,3.193878e-15,6.031983e-10,2.0026188e-12,4.0929873e-15,1.0038538e-20,1.9095053e-35,0.0,9.280751e-17,1.1873977e-23,4.4089115e-14,4.9328277e-16,9.093582e-38,1.0,1.7533264e-17,2.1942615e-25
2028,591,614,18,1.229e-42,1.4443461e-15,8.426749e-18,4.57282e-15,1.6316453e-09,0.0,9.259961e-16,3.1071627e-13,8.9118634e-12,2.7161735e-18,2.7007348e-20,5.734999e-34,0.0,6.5203426e-16,3.076178e-22,1.394791e-15,2.6029446e-20,4.543493e-35,1.0,5.7508713e-15,3.6041076e-22
2029,594,596,18,6.328508e-33,3.1187493e-15,1.6049933e-19,6.078471e-21,2.740295e-20,0.0,1.13620986e-13,5.965385e-13,2.1998839e-11,8.822566e-19,1.0379875e-17,8.311572e-38,0.0,8.627752e-14,3.2595195e-22,4.0400587e-15,9.208878e-17,1.4210824e-35,1.0,1.21917924e-14,7.023583e-20
2030,596,598,8,1.61e-41,9.144813e-10,3.6876498e-14,5.8890816e-11,2.3064056e-06,1.177713e-37,1.720903e-10,2.07747e-09,0.9999962,3.5508924e-18,7.171007e-17,4.744533e-27,1.464065e-39,2.1765604e-12,4.525233e-25,2.0968108e-15,8.402058e-12,1.0379583e-35,8.2122605e-24,1.7079978e-12,1.6712713e-29
2031,603,630,3,1.45288e-40,2.2719098e-09,5.0924057e-15,0.98284155,3.4925171e-13,1.527917e-28,2.5744181e-11,1.5813242e-09,0.017158234,4.897324e-13,1.1234353e-13,3.8149057e-24,7.739101e-34,8.966144e-13,1.2974682e-21,4.2190948e-08,8.741783e-14,2.0461024e-26,1.8037062e-23,6.734036e-12,9.959683e-16
2032,604,631,12,0.0,2.4131828e-16,4.540629e-22,2.4614435e-10,1.7108144e-20,1.2616619e-37,1.332083e-21,6.08618e-19,2.9482353e-16,6.330816e-21,6.521088e-24,7.3424712e-37,1.0,1.5708832e-21,6.013129e-30,2.998815e-22,2.2829729e-21,1.223188e-39,8.5342715e-35,2.2069574e-22,1.2316565e-35
2033,607,634,12,0.0,7.5307886e-25,1.7497439e-26,1.1827811e-17,8.164095e-24,0.0,3.1972194e-29,4.7052414e-27,4.275706e-23,1.0634427e-31,1.5367353e-31,4.9874e-41,1.0,1.7455201e-30,1.4732e-41,1.3777336e-27,1.645192e-28,0.0,6.7930365e-36,4.5482728e-30,0.0
2034,608,635,12,0.0,1.4503509e-18,1.4292706e-19,9.2535274e-10,2.5121679e-08,6.067669e-38,7.182024e-21,7.2335105e-17,4.3172925e-13,1.729348e-23,2.3808499e-24,2.3057517e-31,1.0,5.0795804e-23,1.8105847e-32,2.129007e-18,6.648704e-20,3.012307e-39,3.4147434e-25,4.250953e-23,1.4531075e-35
2035,610,637,4,0.0,5.9559744e-12,1.3459565e-13,1.6746848e-15,0.9990925,7.544498e-34,3.116576e-13,6.3648854e-14,0.00090715993,1.849552e-17,3.5769096e-20,1.2293353e-24,0.0,6.7937315e-15,5.0925764e-24,2.2622362e-13,1.0228165e-15,1.1100136e-33,1.450795e-31,3.280657e-11,2.6481307e-30
2036,647,618,8,8.871105e-39,1.3998246e-05,2.7493575e-16,6.581106e-19,3.1399416e-28,2e-44,8.2931266e-11,1.3212818e-08,0.99998474,1.5664256e-13,6.593555e-16,5.5649817e-26,0.0,2.8400198e-09,8.636138e-24,8.236845e-12,3.2907617e-17,1.7242505e-37,1.4965768e-20,5.3477347e-09,9.588372e-23
2037,645,619,8,2.640307e-35,3.1388734e-07,1.4293772e-15,1.1306432e-09,4.0727605e-35,2.028055e-37,1.0258999e-07,1.8868872e-10,1.0,1.8301391e-17,8.114972e-17,9.292696e-23,0.0,3.299857e-13,3.2357794e-24,3.2420328e-08,1.473486e-14,6.3090403e-38,2.993591e-30,1.8549517e-08,2.1368392e-21
2038,625,621,8,0.0,1.6605786e-11,3.9206962e-13,8.0484534e-07,2.97771e-18,6.995003e-34,2.6097156e-05,2.7877676e-09,0.9951063,1.0278684e-18,2.9259043e-17,7.176704e-23,0.0,2.3223508e-13,6.507178e-22,0.004865933,1.5385909e-06,6.3035e-41,4.7150853e-28,1.6899448e-16,1.4942419e-30
2039,624,622,8,4.15178e-32,1.0633391e-05,9.675455e-15,5.1429373e-12,9.59026e-26,3.9602e-40,5.76137e-07,4.8410782e-14,0.9999886,8.355568e-16,2.2356833e-14,4.890832e-26,0.0,1.984599e-08,3.6553224e-23,1.8521426e-10,2.658953e-14,6e-45,7.0121934e-38,2.8759988e-08,1.4937031e-19
2040,646,659,19,1.10376685e-29,3.2009564e-05,1.1337056e-16,3.0704567e-22,1.0453957e-30,5.705e-42,1.0215864e-11,1.1854293e-15,8.056559e-08,1.5459127e-17,1.805463e-14,9.320257e-28,0.0,3.7578354e-11,7.217845e-27,3.6793775e-12,4.266343e-28,9.148745e-35,1.760713e-24,0.9999695,3.109652e-21
2041,625,657,8,0.0,2.9669953e-10,1.2990656e-17,2.3283366e-07,8.0536336e-17,3.6254813e-37,9.559338e-08,1.4692407e-09,0.99997705,1.1279677e-17,1.1101329e-17,6.855579e-25,0.0,4.350319e-15,1.7210016e-25,2.3761277e-05,4.567863e-10,1.2394e-41,2.7012107e-26,2.0375315e-14,8.99029e-28
2042,624,656,8,1.0534e-41,1.1420623e-07,1.1468452e-18,2.1791381e-10,8.310823e-13,9.257456e-38,9.712607e-10,2.0410822e-11,1.0,4.077559e-15,1.0120805e-16,4.9530134e-27,0.0,3.1108425e-11,2.2574405e-23,4.8097724e-12,3.3881275e-12,0.0,7.940679e-37,2.2427667e-12,1.9375446e-25
2043,661,654,8,4.946697e-31,2.49007e-09,1.2360721e-19,2.768681e-16,7.65337e-20,3.04e-43,8.8408797e-07,3.832349e-10,1.0,3.7892285e-12,6.431611e-15,7.473768e-28,0.0,9.815515e-11,6.90398e-23,1.6566248e-10,4.545758e-15,8.8660496e-35,3.233843e-31,1.4649627e-12,6.536258e-23
2044,611,638,8,0.0,3.7193053e-09,1.7452682e-14,9.191716e-17,1.4763275e-06,1.9869308e-32,3.5043184e-11,0.0003328457,0.9996644,2.0833765e-07,1.3494575e-13,8.438897e-28,0.0,5.708316e-08,6.0394124e-20,2.5998097e-12,5.2327168e-14,1.2304944e-31,2.2209917e-24,7.9198065e-07,8.8216325e-32
2045,651,641,8,1.184803e-34,1.2033964e-12,4.0420323e-15,5.6401867e-12,5.630228e-14,1.847423e-39,3.2648037e-10,1.2871392e-08,1.0,1.3610158e-15,4.1725046e-15,1.0173228e-21,0.0,5.9586108e-12,5.7111134e-27,5.005431e-07,3.74902e-16,1.7737756e-34,2.51713e-21,5.9776767e-16,7.663755e-24
2046,652,643,8,5.5787876e-37,3.0921001e-12,5.30752e-15,1.5310694e-11,3.0234229e-12,1.9345721e-36,4.7984856e-11,4.5054585e-10,1.0,9.22174e-18,1.604018e-14,1.2656426e-16,0.0,7.2763905e-14,2.3799419e-24,4.149173e-07,7.7706474e-16,1.003285e-39,2.4036581e-14,7.0062975e-12,4.9110727e-21
2047,653,644,8,0.0,8.519496e-07,1.4089316e-13,8.755756e-09,2.4602657e-06,2.4136937e-35,3.484409e-08,7.181562e-05,0.9998474,1.4646051e-12,9.983267e-16,3.2914334e-21,0.0,3.4899755e-12,3.876709e-18,2.0898538e-09,2.2027727e-11,1.0364974e-29,7.646075e-05,4.3629106e-10,4.5618e-19
2048,649,664,13,2.9553382e-10,1.5049344e-06,5.7121266e-16,3.648733e-23,3.2499e-41,1.233e-42,7.348204e-10,1.6478838e-09,9.963725e-06,1.0668555e-09,1.1333699e-06,4.5981023e-35,0.0,0.9999886,3.8858434e-11,1.9563938e-18,3.85021e-18,1.6476e-41,2.836719e-23,2.4284125e-07,8.2882445e-14
2049,632,605,12,0.0,2.9592073e-25,2.0582757e-26,2.0815547e-17,5.936348e-29,6.35e-43,7.545121e-29,3.353167e-27,3.7314288e-23,1.2997008e-31,1.3327776e-31,2.337662e-39,1.0,2.6052857e-30,1.60567e-39,3.9688773e-29,6.6797137e-29,0.0,1.5886046e-38,1.8529781e-31,1e-45
2050,662,661,8,1.9108183e-26,9.0148244e-10,4.279752e-16,6.8656793e-18,1.7658316e-24,1.1987301e-38,9.393344e-08,1.737502e-07,1.0,1.0281383e-12,3.0728575e-08,9.360106e-25,0.0,2.7463722e-07,4.2129557e-21,5.838328e-11,3.010673e-18,2.0562076e-30,3.473728e-29,2.927623e-10,4.6987136e-19
2051,673,670,6,2.490284e-20,1.8241801e-09,1.2167677e-14,6.0212796e-22,1.935e-42,2.19e-43,1.0,8.784179e-12,9.301664e-09,1.90884e-15,4.646165e-21,3.983474e-34,0.0,1.6745414e-11,3.7776584e-17,3.4223355e-16,5.1270015e-16,2.1097722e-34,3.100436e-29,9.085919e-23,3.1569483e-28
2052,672,671,0,0.9999427,6.041093e-13,2.126495e-14,6.0506885e-20,1.3e-44,7.3e-43,5.8113044e-05,1.5926357e-13,2.3081942e-12,6.149263e-18,5.893534e-10,1.3325322e-33,0.0,3.9320875e-09,7.28171e-17,1.2654176e-13,2.233312e-23,5.8417602e-33,5.8373554e-31,2.2509353e-19,1.3014458e-18
2053,687,690,13,6.7779116e-16,7.763331e-08,2.822977e-08,3.2235956e-16,0.0,1.70786e-40,2.056171e-05,3.1999607e-09,2.880943e-06,4.4936966e-12,8.210393e-06,6.377366e-25,0.0,0.9999695,3.5965566e-13,1.7548173e-11,9.276048e-16,1.3111999e-30,3.410917e-39,1.3900989e-10,3.2314548e-21
2054,674,673,6,1.0161298e-33,5.4482814e-09,6.658477e-12,7.856429e-16,1.4782181e-25,0.0,0.9075455,1.2293124e-08,0.092448145,1.4132025e-17,3.1223208e-15,2.3686778e-29,0.0,1.337394e-13,4.2400606e-20,7.829752e-06,4.549887e-15,2.2924057e-29,3.170699e-18,3.9959685e-12,3.5647687e-15
2055,686,689,13,2.3211722e-21,0.027359435,7.610139e-12,4.3420436e-16,0.0,6.84766e-40,3.8309514e-07,4.7335587e-05,0.03693022,2.238916e-08,7.3506544e-07,2.4878726e-27,0.0,0.9353759,3.0334952e-13,3.703247e-11,7.0558725e-17,2.2244831e-33,1.9262541e-25,0.00028414035,2.209961e-18
2056,675,672,8,1.4888983e-31,1.7428183e-08,3.9583015e-10,1.9083906e-13,6.608875e-28,1.7e-44,0.004916329,3.9756824e-06,0.9950417,5.0857446e-16,4.508652e-12,1.4138595e-26,0.0,9.352208e-12,3.2365884e-20,3.627297e-05,2.113386e-14,8.335302e-28,8.542716e-18,3.9210757e-10,6.0699593e-16
2057,688,693,8,4.1503578e-23,1.07930056e-07,2.0684143e-18,1.19894504e-23,3.7921363e-34,1.2065e-41,0.0009994952,2.960622e-08,0.9990011,4.3531645e-12,2.1583034e-13,7.2363917e-29,0.0,1.7219556e-08,8.086769e-22,8.199561e-14,1.6488517e-17,9.2496554e-23,6.4586446e-26,3.3639356e-08,1.4032313e-26
2058,690,691,6,2.222216e-28,6.881916e-09,4.646312e-11,4.2936214e-15,2.0156398e-35,0.0,0.99584305,5.236572e-06,0.0040618572,2.3074318e-09,2.4792163e-10,1.1646244e-27,0.0,5.4930355e-05,6.8711557e-18,3.592252e-05,1.4303154e-15,7.640506e-20,5.6616165e-26,5.447647e-13,2.7122399e-25
2059,685,687,8,8.548121e-27,1.0548568e-09,4.8043916e-15,1.121241e-17,6.3861905e-29,2.01e-42,0.025821604,4.1526282e-13,0.974178,4.3329573e-17,1.4828082e-12,7.169629e-27,0.0,1.0410656e-08,1.2369237e-15,1.2085442e-12,4.4444975e-11,0.0,4.972752e-30,9.334938e-16,1.9688988e-16
2060,684,686,20,1.1626612e-14,1.19146125e-11,1.1771899e-18,3.0955823e-19,7.0688396e-37,0.0,1.6609604e-09,3.6677143e-14,1.11015545e-07,8.764681e-16,1.7607533e-09,3.5396862e-30,0.0,6.78362e-11,1.1579694e-14,1.2644319e-15,3.978916e-20,4.7573e-41,1.3749286e-29,9.891034e-17,1.0
2061,680,677,8,1.599324e-39,2.359858e-06,4.2085335e-16,1.606033e-21,1.0484308e-30,8.54711e-27,2.9649379e-09,2.1409913e-07,0.9999962,3.5872513e-14,3.445095e-12,1.7528717e-17,0.0,9.248154e-12,5.512531e-22,5.0149114e-14,5.472035e-21,5.538246e-22,5.8178015e-28,7.523413e-09,6.496508e-16
2062,682,678,8,0.0,0.021560444,2.7713693e-13,1.2558635e-11,7.6257646e-22,2.0845205e-23,1.8562611e-08,1.1251941e-05,0.9784274,1.8471885e-11,3.8616974e-11,7.117777e-18,0.0,2.7488847e-09,3.1122857e-14,1.369007e-10,3.3003249e-12,5.844869e-37,1.1729473e-29,8.055936e-10,1.9139114e-11
2063,683,696,18,2.297702e-37,1.3553374e-15,6.640555e-16,1.8665716e-23,1.1019328e-21,0.0,8.117326e-17,9.1029346e-12,1.9846405e-12,1.7249794e-16,5.7443955e-18,9.684128e-31,0.0,5.090682e-13,3.8454438e-31,6.5926327e-21,1.321549e-23,1.6081696e-32,1.0,3.124072e-15,8.961016e-28
2064,681,695,18,5.588e-41,6.683666e-06,6.526048e-14,1.2440625e-18,9.835426e-24,3.4e-44,3.0628907e-13,9.250981e-11,5.0403886e-11,2.4587676e-11,4.547102e-19,1.3769187e-28,0.0,7.555877e-11,1.5770384e-20,1.6938688e-16,5.535044e-19,1.6431308e-18,0.9999809,1.1732974e-05,6.2909374e-25
2065,714,702,4,0.0,6.5239575e-14,6.4332313e-15,5.54322e-12,0.99113226,1.9043216e-32,6.5371424e-12,3.101248e-09,0.008868021,8.2325255e-16,1.2123928e-16,3.1011723e-27,0.0,6.22787e-12,1.1608318e-20,1.2923418e-12,1.170042e-15,3.4504206e-35,1.251704e-31,2.5865292e-16,4.4595428e-27
2066,712,703,4,0.0,1.9207106e-14,1.0099218e-14,3.8277317e-10,1.0,1.295783e-34,1.3419401e-16,1.2926617e-13,9.980746e-10,8.026306e-17,5.05267e-19,1.5444733e-26,0.0,7.581004e-16,1.7575166e-19,1.8417426e-11,6.2365416e-14,1.0508667e-35,6.9555534e-31,1.4697135e-14,1.2795674e-28
2067,698,711,18,1.4363671e-31,2.6702038e-15,1.3714737e-18,1.9480348e-14,1.8533023e-17,0.0,3.4514583e-14,2.3152224e-12,1.01375905e-13,1.1850941e-16,7.9695466e-20,6.810941e-36,0.0,3.1267546e-15,1.0043613e-24,1.1819287e-17,4.892486e-21,3.1102823e-35,1.0,5.483291e-16,7.821325e-23
2068,697,713,18,5.272e-42,1.5249568e-16,9.004511e-18,1.381652e-16,1.2625932e-11,0.0,6.4468095e-17,1.7720827e-14,8.267529e-14,8.847775e-19,2.5182837e-20,5.880504e-34,0.0,3.9701459e-16,8.193958e-23,7.6645424e-17,9.771079e-22,1.0407302e-34,1.0,1.7857964e-15,7.792645e-23
2069,699,700,18,8.582656e-35,7.347681e-15,3.306765e-19,9.255272e-22,5.7481947e-23,0.0,2.5165736e-13,3.0960544e-12,6.7097274e-12,2.3365894e-18,5.4460364e-17,1.0638184e-34,0.0,3.8542907e-13,9.0715904e-21,3.26456e-14,1.9830481e-15,1.3317078e-35,1.0,4.169068e-15,3.424209e-20
2070,700,701,8,8.5e-44,7.442026e-11,5.936597e-14,8.408494e-14,7.685783e-06,1.0643404e-37,7.3667246e-11,1.3801232e-10,0.9999923,1.3352285e-19,4.0587635e-16,2.0527791e-26,0.0,1.8592985e-11,1.9187254e-22,4.1755616e-15,5.945935e-14,8.29303e-34,1.342667e-24,3.9310764e-12,1.8613192e-28
2071,704,722,8,6.59639e-40,1.0910185e-09,2.8300753e-13,0.46347937,2.5945501e-11,7.6974846e-30,3.2217737e-10,7.2272237e-09,0.53651863,7.922674e-15,9.647575e-11,1.115534e-22,5.2118764e-30,7.685382e-11,4.9790578e-21,1.0800914e-07,3.5454333e-13,1.3013703e-27,2.831446e-21,4.2320484e-11,2.1074197e-15
2072,705,723,12,0.0,1.5925778e-17,5.875492e-23,2.2591007e-10,8.345608e-21,6.777781e-39,9.198954e-22,1.0511163e-18,8.6317597e-16,4.1736518e-22,9.630665e-25,3.0495624e-37,1.0,2.1031479e-22,6.8148307e-31,1.6371084e-22,6.121936e-22,7.815e-42,2.8445154e-34,3.795079e-24,1.2520795e-34
2073,724,706,12,0.0,4.793713e-25,8.471644e-26,4.7312193e-17,1.8134421e-29,2.64e-41,3.4891485e-28,6.0865495e-27,9.215351e-23,2.5211918e-31,2.5061946e-31,3.696266e-38,1.0,5.571555e-30,3.295172e-39,7.5149606e-29,2.1370761e-28,0.0,2.9079695e-38,1.3094549e-31,4e-45
2074,707,725,12,0.0,7.130279e-25,1.0648058e-25,1.33454756e-17,9.907044e-25,0.0,2.80563e-29,2.7507256e-28,2.5123007e-24,2.4195802e-31,5.9651907e-32,1.50858e-40,1.0,8.000175e-31,2.3135e-41,7.117011e-27,1.1271017e-27,0.0,3.4750545e-36,3.668524e-30,0.0
2075,708,726,12,0.0,4.580832e-16,6.171309e-17,6.7723763e-06,0.00039569626,4.70838e-36,3.66933e-18,4.213222e-13,4.3602738e-10,9.395724e-20,1.0047772e-20,5.858018e-29,0.9995976,1.05190995e-19,4.7915458e-29,5.462034e-14,6.045833e-16,1.4014649e-35,2.6015056e-20,3.259237e-20,5.6860594e-31
2076,709,727,4,0.0,1.0225333e-12,3.044333e-14,4.9682416e-14,0.9999504,5.4794052e-37,5.7612576e-15,5.9475875e-15,4.7861242e-05,2.9886214e-19,3.2690416e-17,3.174026e-26,0.0,3.730747e-15,2.737616e-23,2.5207269e-11,2.1073051e-17,4.369482e-36,1.2197148e-28,9.1798696e-10,4.3727534e-27
2077,735,716,8,8.5912e-41,1.0260608e-06,3.3682493e-16,2.790859e-20,3.7748985e-29,1.253e-42,1.0277629e-10,6.8383665e-10,1.0,1.2661501e-15,6.275267e-16,5.0257234e-25,0.0,8.0941637e-10,6.362207e-24,3.1637614e-12,6.2613436e-18,4.6515535e-37,1.3932507e-20,7.809451e-10,3.2610495e-22
2078,733,717,8,1.3147765e-37,6.119295e-08,3.3035931e-16,2.0389888e-11,1.9899997e-35,1.7807959e-38,1.2143847e-06,5.112645e-09,1.0,3.1540153e-18,2.1131987e-16,3.2759813e-25,0.0,1.2812086e-13,1.7189177e-22,1.27605135e-08,6.9534907e-14,2.254751e-34,2.8711914e-27,5.223847e-12,3.3023656e-19
2079,721,718,8,0.0,3.5714178e-11,1.3858286e-14,6.059761e-07,4.0308514e-16,4.91627e-34,9.843283e-07,7.950981e-08,0.9996987,7.017728e-17,1.0491453e-18,2.3408556e-24,0.0,6.123219e-15,2.5986845e-23,0.0002761715,2.2613654e-05,3.272298e-39,9.977425e-27,6.8280426e-18,1.8479257e-29
2080,720,719,8,2.3385189e-30,5.889391e-05,3.7167853e-14,1.017496e-09,3.8224267e-22,5.37848e-40,9.296992e-07,6.159253e-14,0.999939,9.366725e-15,6.18702e-13,3.1366167e-26,0.0,1.3855158e-08,2.400407e-20,1.4461974e-09,3.74663e-10,3e-45,1.4119166e-37,3.5970736e-08,1.3421661e-15
2081,734,744,19,1.0017782e-32,0.00056104246,4.6896623e-15,2.4956664e-20,3.7016555e-31,7.53136e-40,2.1501453e-11,1.4992165e-13,4.561066e-05,3.1039575e-17,2.2753234e-12,1.5521641e-25,0.0,4.5436374e-10,3.874978e-26,3.4373795e-10,2.9626285e-26,1.9305027e-36,9.714149e-28,0.9993937,2.5005264e-20
2082,721,743,8,0.0,3.2097411e-09,2.4267902e-16,3.3837574e-07,8.687118e-17,2.4087794e-37,1.4346053e-07,8.630741e-08,0.9999809,1.5498182e-14,1.0769416e-19,2.7940263e-25,0.0,2.6574812e-15,3.3587903e-25,1.840814e-05,7.0126794e-07,1.3176153e-34,4.7134126e-28,2.3654144e-17,1.2409474e-27
2083,720,742,8,4.6e-44,1.1660404e-08,1.481797e-18,1.4494229e-09,1.1830065e-10,4.477062e-36,3.2925818e-10,3.2789806e-11,1.0,1.4692418e-15,3.334829e-16,1.133635e-26,0.0,2.331051e-11,2.882644e-23,3.6564584e-12,1.1700405e-10,0.0,1.4973235e-37,1.6077863e-13,7.914289e-27
2084,745,741,8,8.949592e-31,2.5197405e-08,7.2514054e-19,1.2176037e-14,5.6308677e-23,7.3609e-41,2.5338628e-07,1.9475939e-09,1.0,3.9304354e-10,2.5980536e-13,7.814185e-26,0.0,3.2794323e-10,1.3972563e-23,4.415684e-11,1.1079316e-12,2.610323e-35,1.6197478e-35,4.9197773e-12,2.084558e-25
2085,710,728,8,0.0,1.6240083e-08,7.0505252e-15,7.781676e-10,0.00016773284,1.9220562e-32,3.1508502e-12,2.9036617e-05,0.9998017,1.5091297e-08,7.1010546e-15,1.799058e-26,0.0,2.4072325e-10,4.396482e-22,7.1384165e-10,3.7123378e-13,5.0912663e-35,6.55857e-28,7.9583245e-08,1.8888411e-30
2086,738,730,8,2.1249875e-36,6.2160264e-12,3.2128186e-15,7.386084e-11,1.1230313e-15,1.5413856e-38,2.003874e-10,1.5184276e-07,0.99980927,1.503458e-16,1.4850434e-13,2.1511765e-21,0.0,9.864979e-13,1.3682746e-27,0.00018883546,4.687107e-14,7.1369807e-38,2.4058524e-20,7.564171e-14,1.7562923e-24
2087,739,731,8,9.265177e-34,6.311314e-12,2.8051684e-15,8.382707e-08,1.1023962e-12,1.0465872e-33,6.702187e-10,5.4151988e-06,0.9822344,7.417297e-15,2.0176394e-13,3.550215e-18,0.0,1.9590128e-13,1.6766834e-25,0.017761745,4.0529347e-14,4.722611e-35,4.1683242e-13,7.628239e-14,5.87725e-20
2088,740,732,8,0.0,1.2247e-11,6.257643e-18,2.591962e-08,2.102072e-08,1.2875752e-32,3.4220997e-09,4.595014e-06,0.9999962,1.1388464e-16,2.78094e-15,4.663706e-22,0.0,4.1701334e-15,7.7734734e-21,3.4939538e-07,3.7916597e-11,7.1e-43,1.0369418e-19,2.5452453e-15,4.148999e-22
2089,750,747,6,9.4829494e-17,3.761792e-12,1.3067514e-14,1.6839429e-21,1.854002e-39,0.0,1.0,9.183188e-12,2.9800287e-10,5.995624e-17,4.2055858e-21,1.554047e-34,0.0,2.1780804e-12,1.4952796e-15,6.4137995e-15,6.2177483e-15,4.9361148e-34,5.5314694e-29,7.2651925e-27,2.4619266e-29
2090,749,748,0,0.9999886,1.4862676e-13,1.25812955e-14,5.8250653e-20,4.8e-44,2e-44,1.1917605e-05,1.8764544e-13,5.1039435e-13,3.8444423e-18,2.4250129e-09,6.6530198e-34,0.0,2.477979e-09,2.9454684e-17,7.324625e-14,6.13865e-24,4.331803e-31,2.310297e-29,6.644548e-19,1.7814596e-18
2091,764,767,13,3.6303654e-15,1.2650824e-09,4.6601315e-07,1.8692735e-14,0.0,1.44893e-40,0.004364957,0.00023641852,3.7591764e-07,1.9209865e-09,3.3122283e-06,3.8030656e-23,0.0,0.9953949,4.0381875e-11,8.842311e-11,4.585612e-13,4.569067e-32,2.0631938e-29,4.271108e-16,4.643619e-26
2092,751,750,6,7.596902e-30,5.4761795e-10,3.6072263e-09,3.633909e-17,5.842518e-33,0.0,0.96370673,2.952199e-07,0.03597496,2.318408e-16,1.2093098e-12,1.757407e-29,0.0,8.997607e-11,9.112943e-19,0.00031676627,7.319502e-17,3.7286867e-21,6.7046116e-19,2.811334e-11,1.3405683e-17
2093,763,766,13,5.5457915e-15,0.00041863346,6.2704932e-12,1.1205359e-16,0.0,7.104e-41,2.0177235e-06,0.00010072222,0.004084823,1.5068393e-09,7.638083e-06,1.1578866e-27,0.0,0.99537206,5.0955815e-12,3.5035013e-12,9.0418575e-18,2.362941e-34,3.1358304e-24,1.5015519e-05,7.896322e-18
2094,752,749,8,8.7080306e-30,2.0444662e-09,2.701243e-10,1.9935018e-13,1.4053742e-26,2e-44,0.0012902395,2.1945012e-05,0.99826205,3.3209555e-15,2.4858251e-11,7.2428377e-26,0.0,4.82906e-11,2.016854e-21,0.00042704333,1.3131026e-14,1.675035e-24,2.2125856e-17,4.3210388e-10,1.5707478e-18
2095,765,770,8,2.9982647e-23,3.1177137e-08,7.045271e-18,1.9028698e-24,9.071931e-37,6.28e-42,0.01684306,3.2910908e-08,0.9831567,4.2444127e-13,1.7063752e-13,8.845604e-29,0.0,1.469662e-08,3.1667673e-20,3.4865787e-14,8.248175e-17,2.0748665e-22,1.9900545e-26,2.5514746e-09,7.096407e-27
2096,767,768,6,2.277982e-26,2.2670095e-09,9.111728e-11,2.3264116e-13,3.314398e-31,0.0,0.99748164,0.00033458718,0.0015590475,4.4435743e-07,3.4659914e-10,5.1968776e-26,0.0,0.00053393707,1.6829069e-16,9.109879e-05,1.2832439e-12,9.4584624e-23,1.4945756e-26,1.4992263e-15,3.60635e-29
2097,762,764,6,3.2740067e-18,5.940664e-10,9.1641416e-14,2.8988676e-14,4.234686e-31,1.3389543e-38,0.8408935,1.632309e-12,0.15910666,2.6294796e-14,2.6379213e-12,3.939882e-23,0.0,1.0985111e-08,9.307826e-12,2.9745741e-12,1.5070284e-10,0.0,4.326723e-28,4.4326107e-19,1.5255556e-09
2098,761,763,20,3.195231e-11,2.5068807e-14,2.1183519e-20,1.7497424e-20,0.0,1e-45,3.5378794e-10,8.0854366e-16,4.70005e-11,1.17626125e-17,1.0578235e-11,2.8771488e-32,0.0,1.2597181e-12,7.017809e-13,1.0306248e-18,6.501925e-20,3.495e-42,3.7977733e-31,8.796714e-21,1.0
2099,757,754,8,1.4025438e-37,1.2817409e-06,6.474685e-17,1.8027174e-21,2.7835998e-33,7.770567e-29,2.4390413e-08,9.2878054e-08,1.0,5.825283e-14,2.3602468e-12,4.0590823e-19,0.0,1.9592828e-12,9.676486e-23,3.536044e-14,1.0903555e-19,6.260566e-22,1.6378852e-27,8.595223e-08,1.8531547e-16
2100,759,755,8,0.0,0.00018695324,1.4957297e-16,2.196474e-16,4.5055963e-25,8.403808e-30,1.7684954e-08,4.550895e-07,0.9998131,4.1102626e-14,7.401639e-15,1.1114462e-25,0.0,1.7300061e-10,3.7324817e-16,9.601739e-14,1.2491253e-13,3.7707504e-38,2.2117186e-30,1.0811528e-11,4.2349167e-14
2101,760,773,18,1.5992064e-33,3.7127165e-15,2.4870992e-16,7.3639935e-20,9.048344e-18,0.0,2.738276e-14,5.5731425e-10,4.070919e-09,7.3499203e-16,9.960736e-18,1.8748775e-31,0.0,1.18728265e-11,5.103883e-29,2.5233345e-18,2.2756169e-21,1.4347762e-35,1.0,5.2949008e-15,7.5044505e-28
2102,758,772,18,9.26677e-40,4.985515e-08,6.7442834e-15,3.7686692e-21,1.7105573e-23,3e-45,3.3644772e-14,3.047498e-11,8.1967245e-12,2.7717197e-12,1.4208723e-18,1.8132346e-29,0.0,1.5122738e-11,2.2189276e-22,2.7355993e-17,6.8039555e-21,1.8417158e-17,0.9999962,1.8667512e-06,6.0822125e-26
2103,791,779,4,3.2e-44,4.9273875e-18,3.8212425e-16,4.0421133e-13,1.0,3.4039946e-36,3.9223395e-14,5.6448818e-11,1.68411e-06,3.3429116e-19,1.1740994e-19,5.434299e-29,0.0,3.4318417e-15,1.2296694e-22,1.4590607e-14,4.0006978e-19,5.832619e-37,3.3475254e-30,1.4348756e-19,3.5845152e-29
2104,789,780,4,0.0,5.0102735e-18,2.0756713e-17,2.7961678e-11,1.0,1.3017324e-35,2.5063534e-19,9.187103e-14,1.491443e-11,8.1567386e-19,7.465646e-21,3.984096e-27,0.0,2.8709844e-19,1.3152122e-23,3.1719423e-12,6.02727e-17,3.7559674e-36,2.3481833e-29,4.467225e-18,7.36008e-30
2105,775,788,18,4.2807677e-37,1.0813268e-17,1.2595532e-18,4.574528e-16,1.0851366e-17,0.0,1.3433224e-17,1.1905644e-14,2.0093048e-14,9.62206e-20,1.7205137e-20,1.167467e-34,0.0,6.5225073e-16,2.666455e-25,3.683888e-18,4.900705e-21,7.920585e-39,1.0,8.75024e-18,1.0962888e-22
2106,774,790,18,1.827e-42,8.9529675e-17,3.543871e-17,3.1616333e-15,1.1070575e-11,0.0,1.383725e-16,5.4538405e-14,1.9481026e-13,2.397663e-19,5.5950335e-20,1.4096223e-32,0.0,1.1954692e-16,1.3704617e-22,8.888452e-16,8.4432425e-21,1.1017321e-34,1.0,3.989913e-16,1.2197139e-22
2107,776,777,18,1.2470933e-34,1.6464021e-15,1.07718813e-19,4.9388266e-19,1.02104454e-19,0.0,8.481069e-15,1.4784816e-12,1.3865643e-13,4.53974e-17,4.840884e-18,3.58606e-37,0.0,1.5910993e-13,2.5838994e-21,4.104606e-14,9.290962e-15,4.771738e-36,1.0,3.4271564e-16,5.45268e-20
2108,777,778,8,8.534e-42,3.8092867e-12,1.4581523e-16,5.125484e-13,0.0014831203,1.333596e-39,1.515398e-11,8.276165e-09,0.99851716,1.1310177e-18,1.7260325e-16,5.9833665e-28,0.0,7.9398977e-13,5.256099e-23,4.3152344e-13,1.598767e-11,5.3483527e-37,2.7176397e-22,4.874529e-13,8.521744e-28
2109,781,799,3,1.7e-44,8.289613e-12,1.2599122e-13,0.9997444,5.758693e-13,1.0153613e-28,4.53345e-13,8.4811505e-11,0.0002536865,1.065811e-15,4.1550026e-14,2.3535801e-23,4.1139574e-25,8.2355794e-14,2.4284763e-23,2.437803e-09,1.2001964e-12,5.5554343e-27,8.504271e-21,2.9549825e-14,9.18241e-21
2110,782,800,12,0.0,2.842932e-19,3.940541e-24,7.233915e-12,6.2311117e-24,7.5496e-41,2.9786905e-23,6.138543e-21,2.3566498e-18,5.044838e-24,2.5921548e-27,7.925238e-39,1.0,1.5656342e-24,6.3200436e-32,1.1911988e-24,2.4357407e-23,6e-45,2.4257485e-35,7.5788795e-27,3.918645e-37
2111,801,783,12,0.0,5.240561e-24,3.2819747e-24,3.6940242e-16,1.6930244e-29,3.037323e-39,9.14299e-27,3.697473e-26,5.387627e-22,3.2643215e-30,2.6951943e-30,7.859407e-36,1.0,4.9552005e-29,1.3007979e-37,1.7446909e-27,6.650836e-27,0.0,3.6660347e-37,6.7194215e-31,8e-45
2112,784,802,12,0.0,6.4850677e-24,1.349322e-23,2.5775165e-16,3.510572e-23,0.0,1.855967e-27,3.1538563e-27,1.8239444e-23,1.2451998e-29,1.8438618e-30,1.1138545e-37,1.0,9.1196025e-30,7.88281e-40,1.1232661e-24,7.5214824e-26,0.0,1.2917656e-34,2.4158012e-29,0.0
2113,785,803,12,0.0,4.168495e-15,3.990098e-15,0.00015959758,0.015586795,4.839776e-33,1.100902e-16,1.558851e-11,1.2024627e-08,1.7431886e-18,1.0576361e-18,8.8120686e-27,0.9842524,6.288536e-18,5.5510913e-27,1.7168687e-12,1.3104505e-14,2.696135e-34,2.842639e-19,8.826639e-19,1.8381251e-29
2114,786,804,4,0.0,4.0847693e-14,9.574449e-15,6.795213e-14,0.9999923,3.1520122e-37,6.1944965e-16,7.316104e-15,7.812298e-06,1.8259463e-19,1.2346447e-18,1.3362071e-26,0.0,4.3229052e-16,2.9529635e-23,7.0310103e-12,5.6200696e-17,1.693309e-36,2.1708864e-29,2.549857e-11,2.3027227e-28
2115,812,793,8,4.246e-42,1.1727464e-06,3.8265815e-16,3.3040383e-21,1.7099127e-29,1.72e-42,1.212873e-10,4.485444e-11,1.0,2.0664919e-16,3.886723e-16,6.8091343e-25,0.0,7.59921e-10,2.2423596e-24,1.6480376e-13,1.0326238e-18,9.216621e-37,3.3859397e-22,6.2879177e-09,1.9575693e-22
2116,810,794,8,6.712586e-37,7.714587e-09,9.349224e-17,1.4764848e-14,1.6465416e-36,1.268039e-39,4.52165e-07,9.970929e-10,1.0,7.831432e-19,2.1298804e-14,1.6606673e-26,0.0,9.4039386e-12,1.0623893e-22,3.6671202e-10,3.5598647e-14,2.8665727e-35,6.310035e-28,2.1225341e-12,9.001092e-22
2117,798,795,8,0.0,6.40239e-13,1.3552856e-15,5.646164e-07,4.2012627e-18,2.2232617e-33,1.1232636e-06,2.3911492e-05,0.9829353,1.6084841e-15,1.979865e-16,2.5956206e-25,0.0,2.0372916e-13,4.0200746e-22,0.016981639,5.5915767e-05,4.0073644e-38,1.0176323e-23,2.9810965e-18,2.140321e-30
2118,797,796,8,1.9049567e-29,4.0142995e-06,5.5520994e-15,7.0615215e-11,8.907763e-24,2.3702e-41,1.7752226e-06,1.0724803e-13,0.9999923,1.078502e-15,5.24089e-13,1.1768657e-27,0.0,5.872954e-10,2.8371668e-20,1.5922197e-09,1.0596157e-09,0.0,1.9245404e-35,1.2421666e-09,3.2060986e-14
2119,811,821,8,4.3997214e-29,0.031175211,2.2785634e-12,8.394902e-15,3.5961495e-33,8.207043e-36,4.1636014e-07,1.0184162e-09,0.5919834,3.5453652e-13,7.6258105e-10,4.060984e-21,0.0,4.268554e-07,5.9129034e-24,9.12054e-08,1.6664915e-20,1.0615264e-37,1.799944e-33,0.3768391,1.958059e-18
2120,798,820,8,0.0,4.255884e-09,2.3382438e-14,9.168095e-06,2.0396838e-16,1.8526652e-33,1.1032487e-07,2.3263933e-06,0.99988943,1.0059433e-12,5.460697e-19,4.903508e-22,0.0,1.1004455e-14,1.44884235e-24,8.7206055e-05,1.3105066e-05,8.173371e-34,2.87315e-29,1.0073535e-18,2.203796e-28
2121,797,819,8,0.0,7.859425e-09,7.9098247e-19,3.405283e-12,1.1220488e-11,8.89375e-37,2.0560639e-10,2.2146862e-11,1.0,5.7621534e-17,1.0748542e-16,6.19588e-27,0.0,2.6571102e-12,2.7113822e-24,3.5194398e-13,7.528774e-11,0.0,1.0550763e-35,1.0862282e-13,2.0336979e-27
2122,822,818,8,1.2364947e-37,1.0685702e-09,4.815205e-20,7.068237e-17,3.4201457e-22,2.077e-42,3.333965e-08,5.7082603e-12,1.0,2.2095092e-15,1.673178e-15,6.888682e-27,0.0,1.1410149e-11,6.5436826e-26,9.330004e-13,3.1471094e-15,1.34875e-40,4.9995172e-36,2.0280103e-13,9.709412e-27
2123,787,805,8,0.0,9.2402996e-10,3.1204438e-12,3.1281328e-11,0.0006644169,1.3503676e-30,1.513745e-12,1.3506255e-07,0.9993365,9.434721e-14,2.564084e-14,2.4327915e-20,0.0,1.2726506e-12,2.713017e-24,8.6186913e-10,8.320961e-16,7.2471743e-34,3.161584e-23,5.269169e-08,1.246411e-30
2124,815,807,8,1.5635119e-36,1.5108735e-10,2.8826998e-15,2.9414828e-09,7.868658e-18,7.968882e-34,3.526539e-11,2.704227e-07,0.99900866,2.0789462e-15,1.732394e-13,7.6241465e-19,0.0,1.0643129e-13,4.78045e-27,0.0009927464,5.2951255e-14,3.7151522e-38,1.3216719e-20,4.6141988e-12,4.7691357e-21
2125,816,808,8,9.220095e-31,1.3259908e-11,3.7640404e-15,6.7717697e-06,3.698147e-13,1.653062e-28,2.300822e-09,0.00067422376,0.9924905,1.08403426e-13,1.2309382e-12,6.2729937e-16,0.0,1.1589825e-12,3.9476143e-23,0.006829631,3.3110033e-13,1.742316e-35,9.898987e-12,8.679575e-15,1.6683578e-17
2126,817,809,8,0.0,2.582485e-10,1.479499e-17,4.810005e-07,1.8038892e-11,5.2888594e-32,3.7861874e-08,7.531432e-07,1.0,1.440752e-16,2.7386926e-15,5.6560563e-23,0.0,1.3709221e-14,2.8563133e-19,1.971402e-08,1.0838174e-09,0.0,1.2806136e-26,4.4098822e-16,1.3388746e-20
2127,827,824,6,1.3883124e-11,1.379537e-13,9.19194e-14,3.028648e-22,8.13295e-39,6.88448e-40,1.0,2.5538857e-12,2.7624573e-08,8.1767393e-19,5.1579148e-17,4.0468984e-27,0.0,6.8188493e-12,3.590631e-15,7.117489e-15,5.61206e-16,4.4175e-41,2.4626337e-27,7.5705294e-27,2.4679447e-29
2128,826,825,0,0.9999695,1.4661583e-13,5.1021307e-14,3.5279643e-19,7.851e-42,1.15e-43,3.0666673e-05,1.2489784e-12,6.9633687e-13,4.5284112e-17,1.852413e-08,2.5347587e-32,0.0,2.1105475e-09,3.6887696e-17,2.2873068e-12,1.4129025e-22,1.049016e-28,3.4307847e-28,4.320871e-19,2.3033746e-19
2129,841,844,13,2.0631491e-19,5.0785925e-08,1.0917987e-06,6.543822e-14,6.91e-43,2.871141e-39,0.026860159,0.15868962,6.538734e-06,2.1643288e-07,1.9088615e-08,8.3227133e-22,0.0,0.8144438,2.245424e-09,3.739073e-12,1.1865227e-10,4.621853e-38,3.8527232e-25,5.7013883e-18,6.276477e-27
2130,828,827,6,1.0555695e-31,3.3180607e-12,4.503188e-11,2.3969611e-17,7.033555e-28,0.0,0.99698716,5.524359e-08,0.0030091917,4.282636e-19,1.5864922e-14,5.2660236e-27,0.0,8.03643e-14,7.358465e-19,3.388306e-06,1.0160649e-16,4.6243e-25,1.0592098e-20,1.643691e-15,1.8957452e-19
2131,840,843,13,3.1518926e-14,0.00020211538,1.8020115e-11,4.012107e-15,0.0,3.6906e-41,1.6974294e-05,0.0030935302,0.0027505194,8.608247e-09,1.3830195e-06,4.5934026e-28,0.0,0.9939303,6.356645e-11,2.4474351e-11,7.3142306e-16,1.5854787e-33,3.192636e-22,4.7046274e-06,1.3825151e-18
2132,829,826,8,8.726095e-28,4.5592135e-09,6.8314315e-10,6.795812e-13,2.5373688e-26,4e-45,0.010072963,0.0001002756,0.9881762,8.1495395e-15,1.0420579e-10,1.3397339e-26,0.0,8.6573054e-11,3.1604917e-20,0.0016514758,1.872543e-13,2.796771e-22,1.6166893e-16,7.162584e-10,3.3391812e-17
2133,842,847,6,1.2917662e-18,9.25205e-09,2.4136524e-16,2.0599645e-26,2.5756e-41,1.23368e-40,0.7435623,4.844772e-07,0.2564365,2.5531148e-13,2.7195217e-11,7.351053e-28,0.0,6.41001e-07,1.1165932e-16,1.2862911e-14,2.0257494e-16,2.6184708e-20,8.002799e-24,7.964273e-09,1.6996987e-26
2134,844,845,6,6.1468445e-34,2.8168748e-10,1.9837244e-12,6.357451e-17,5.545428e-39,0.0,0.9999886,2.9322212e-07,1.0108708e-05,2.5393153e-11,6.2150217e-15,1.2577745e-29,0.0,1.8374086e-08,4.6732433e-18,1.7053004e-07,1.2245388e-15,4.295539e-22,3.529e-27,8.143188e-18,1.8506062e-29
2135,839,841,6,1.1194001e-15,4.7264583e-09,2.7725326e-13,2.4922018e-14,1.2157663e-28,4.6347776e-38,0.9984144,1.2435036e-09,0.0015869794,3.093789e-11,2.061281e-15,3.369119e-26,0.0,4.288363e-09,1.6520945e-09,2.8467294e-12,5.2628434e-07,3.671349e-39,6.8501313e-28,1.8352371e-23,1.5942861e-09
2136,838,840,20,4.212535e-11,1.7238925e-14,3.173551e-20,2.5089264e-19,1e-45,9e-44,1.5089822e-09,1.0707377e-15,1.2372967e-11,1.4891474e-17,3.3349552e-13,1.0491865e-31,0.0,6.0605167e-13,8.304948e-12,2.2078712e-18,3.511867e-18,2.5275e-41,2.0566782e-30,3.7972836e-22,1.0
2137,834,831,8,1.5244294e-36,5.387584e-08,1.7522289e-18,1.029868e-22,1.3358086e-35,9.4157186e-33,1.48222525e-05,6.0704437e-09,0.99998474,1.2535875e-15,3.2309377e-13,2.5594513e-22,0.0,8.555881e-13,6.167766e-21,1.2595559e-14,7.0068335e-19,8.766814e-25,7.576955e-24,5.063694e-09,2.0869147e-16
2138,836,832,8,0.0,0.0027773099,3.52816e-15,2.6491769e-11,8.196705e-24,3.9153095e-31,5.656922e-07,2.1700175e-06,0.9972191,1.2986378e-12,1.146766e-11,1.1366388e-21,0.0,9.947445e-11,1.0648177e-18,4.4544465e-10,1.4896228e-12,1.3728417e-38,4.160731e-28,1.8761004e-09,1.4632252e-13
2139,837,850,18,2.0414921e-36,1.3999365e-13,2.56931e-16,6.32353e-20,6.75681e-19,0.0,6.7538285e-17,1.870382e-11,5.327755e-11,9.872681e-16,1.8826239e-17,6.0099934e-28,0.0,2.4575942e-12,7.1728184e-30,2.3684416e-15,1.9973292e-22,1.6840563e-31,1.0,2.7465406e-14,5.2324027e-27
2140,835,849,18,4.5508925e-38,1.35997755e-08,4.3829843e-15,4.5185296e-22,3.8297222e-23,0.0,4.7312804e-14,5.7803113e-11,8.859358e-12,4.5076204e-12,3.9175932e-17,1.2440129e-29,0.0,1.920252e-11,9.223687e-23,2.2975687e-16,4.7412547e-21,8.6317925e-16,0.9999923,7.1583104e-06,7.132915e-26
2141,868,856,4,0.0,5.495501e-15,3.869726e-15,3.809552e-10,0.9980716,3.5939317e-31,1.5322546e-12,3.5246847e-10,0.001928099,1.6260032e-17,6.338804e-17,8.1222795e-25,0.0,1.5678177e-14,7.579647e-23,3.9351893e-11,4.8305405e-16,2.6533607e-36,9.5943766e-30,3.554933e-17,4.528492e-27
2142,866,857,4,0.0,1.3682964e-18,3.439159e-20,1.2280075e-11,1.0,7.463498e-39,3.119991e-20,1.8326158e-13,2.113357e-11,1.2048765e-18,1.47138e-21,2.0458954e-30,0.0,2.1333542e-20,3.237023e-26,7.923109e-12,1.3449588e-16,8.875303e-39,5.1657004e-29,2.982234e-18,5.7463736e-31
2143,852,865,18,3.7202737e-37,6.993859e-18,5.07448e-18,2.7560438e-18,9.001381e-19,8e-45,4.7157772e-17,1.6270666e-14,4.0721494e-15,3.1527503e-19,1.5356605e-19,4.320778e-31,0.0,2.5723697e-16,4.7124983e-27,5.9064677e-20,1.31391844e-23,1.8843751e-34,1.0,2.7533023e-17,2.7436781e-24
2144,851,867,18,8.7e-44,1.5086869e-15,4.311932e-18,1.09620185e-13,7.076052e-12,0.0,5.0002933e-16,1.8493098e-12,5.184175e-15,1.7136191e-17,6.1631154e-19,9.1759376e-35,0.0,4.4673153e-16,9.08371e-21,1.3531212e-15,3.599536e-20,4.3501984e-32,1.0,6.2907496e-16,7.4937425e-23
2145,853,854,18,1.9881677e-31,1.4096567e-14,4.0389853e-20,2.3071285e-20,6.800835e-23,0.0,7.4752474e-14,1.970714e-12,2.1307684e-12,7.838434e-17,3.671306e-17,1.3520157e-32,0.0,5.3929964e-14,3.543213e-22,1.4534333e-14,1.4394838e-15,2.0509372e-36,1.0,4.0475253e-15,1.85178e-20
2146,854,855,8,0.0,5.067556e-10,9.993201e-18,6.8823325e-10,0.0009430345,9.98716e-37,4.6474776e-13,4.7940906e-05,0.99900866,2.3996868e-10,2.0111059e-15,7.895649e-28,0.0,4.107477e-12,1.6571694e-24,5.6384315e-09,9.370752e-10,9.30371e-34,2.2347044e-20,3.7087236e-08,3.348186e-32
2147,858,876,3,1.6845615e-34,4.871098e-10,5.3981114e-10,0.9979194,1.7448163e-13,8.269493e-27,1.4222053e-12,4.5763944e-09,0.0020800456,5.028957e-13,4.1956217e-12,1.6330389e-18,1.6206659e-16,1.707015e-11,1.6742437e-23,1.04234905e-08,1.791237e-12,6.596649e-31,2.8556263e-12,1.7809622e-12,4.4548758e-23
2148,859,877,12,0.0,7.876368e-20,6.8776945e-23,6.3899774e-11,2.580715e-23,3.6255365e-37,3.9304395e-23,1.910336e-20,1.4687241e-18,3.9583186e-24,1.56936915e-27,8.18472e-36,1.0,2.2164455e-25,4.8896092e-30,9.1098265e-24,2.125554e-22,1e-45,2.966904e-33,1.2506948e-27,4.2469034e-37
2149,878,860,12,0.0,2.0739554e-23,6.818859e-24,3.932182e-14,9.7283245e-26,1.6770762e-37,5.3372745e-26,1.1469647e-23,1.1250787e-19,3.9875435e-29,1.7482275e-28,1.0874936e-34,1.0,4.1574944e-28,1.4599177e-37,1.6325473e-25,9.022251e-26,0.0,9.5042966e-36,5.015043e-30,5.409e-42
2150,861,879,12,0.0,2.2821791e-22,6.625401e-23,5.2742204e-14,2.270867e-19,3e-45,2.6395837e-26,5.7713034e-25,8.736718e-21,3.8345951e-28,1.1471105e-28,1.8048988e-36,1.0,2.3943797e-28,5.70024e-39,3.6526898e-22,3.479028e-24,1e-45,7.009481e-34,2.940121e-27,2.5e-44
2151,862,880,4,5.5e-44,1.2381287e-13,2.8632562e-16,1.5743971e-08,0.99975586,2.2205398e-34,8.423873e-14,9.559708e-07,0.00024130134,4.4485496e-12,7.579534e-15,8.221835e-28,0.0,9.63304e-13,7.413154e-26,6.5462795e-11,1.5780293e-15,4.0316027e-32,6.5927465e-32,1.0071052e-15,1.7824947e-31
2152,863,881,4,0.0,4.430987e-12,1.1322324e-15,3.4507207e-14,0.936397,9.919035e-39,3.905936e-11,8.3629084e-07,0.063602395,3.880371e-14,6.55415e-11,2.9630972e-30,0.0,1.4447198e-09,5.3047707e-21,2.9490217e-09,3.603553e-17,5.414723e-29,2.7174532e-22,1.6861516e-09,4.8829975e-28
2153,889,870,8,0.0,0.0004125804,2.8518353e-14,1.6667586e-20,1.6050893e-29,1.782e-41,2.1152065e-09,1.5849531e-10,0.99958426,1.7244868e-15,3.8754264e-16,9.406643e-24,0.0,2.4647147e-09,2.4416479e-23,1.10338435e-13,7.092462e-18,1.2459967e-31,5.938504e-20,1.2353215e-06,1.4118534e-20
2154,887,871,8,5.0505617e-37,4.075594e-10,1.7114893e-17,7.2899965e-16,2.3839018e-33,7.8038e-41,1.4285979e-07,6.2451306e-08,1.0,4.2531636e-21,1.157534e-11,3.0540717e-27,0.0,1.6206207e-11,1.1702042e-20,1.931185e-09,1.5632074e-14,8.7914844e-35,3.1992195e-22,6.003675e-11,2.4933718e-21
2155,875,872,15,3e-45,5.7274714e-14,3.8001336e-17,1.8176604e-06,8.018762e-21,6.1255897e-34,4.564787e-07,0.002699955,0.02781701,2.691343e-14,6.7657485e-15,1.048197e-26,0.0,8.9282255e-13,2.5382866e-20,0.9692703,0.00021051976,1.920645e-36,1.7152981e-19,4.723156e-18,1.1799803e-28
2156,874,873,8,7.3564557e-31,4.990133e-10,8.596964e-15,4.162499e-10,9.674198e-23,1.2490156e-36,6.1943837e-07,6.2351e-11,0.9999962,1.8839692e-15,4.3985723e-10,2.6979388e-24,0.0,7.856086e-12,4.0441437e-23,1.3090619e-06,6.9694956e-09,1.159489e-39,5.3065576e-34,2.666026e-11,4.190904e-19
2157,888,898,19,1.1657722e-33,0.0015125339,1.9475974e-13,1.2556956e-19,2.6670807e-36,7.934078e-37,5.3595367e-10,1.1091392e-15,6.624198e-05,1.6191318e-18,1.0079242e-14,2.4052614e-23,0.0,6.940966e-11,8.230281e-27,1.442521e-11,2.184223e-25,6.509e-42,1.3466406e-34,0.99842197,1.6413256e-19
2158,875,897,8,0.0,8.068511e-11,1.3959727e-15,4.4216963e-06,9.064382e-16,2.0244727e-33,1.4605696e-07,2.5405327e-06,0.99780893,1.5815548e-15,5.855749e-18,4.2085502e-23,0.0,2.8550995e-15,8.029191e-23,0.0021744207,1.0833895e-05,4.5510013e-36,1.8132997e-26,3.0619366e-18,1.9233153e-27
2159,874,896,8,0.0,1.1672054e-10,1.575741e-18,1.2265936e-11,5.4474133e-15,3.4285015e-32,3.5666542e-10,3.6211217e-10,1.0,7.0800767e-19,4.2379896e-13,4.0598e-24,0.0,2.0271981e-13,1.6187255e-24,1.1674629e-11,1.0117054e-10,0.0,5.229391e-34,1.6384967e-13,1.239614e-26
2160,899,895,8,1.08176e-40,9.1649945e-11,2.986137e-19,5.6363023e-24,5.8423306e-21,1e-44,2.1918122e-08,5.951844e-11,1.0,8.1778045e-18,9.7918276e-14,1.4144515e-28,0.0,3.1435042e-11,5.498056e-24,1.02842803e-13,6.4767374e-16,8.25421e-34,4.4634717e-28,1.0275658e-12,6.3864258e-24
2161,864,882,8,0.0,3.2774705e-09,1.9681856e-16,1.639457e-16,0.0014724714,9.31062e-37,1.5809003e-11,2.7611736e-07,0.9985286,1.8470941e-14,1.1127245e-15,2.2738546e-29,0.0,6.129636e-11,9.719628e-22,6.7947007e-12,4.7913054e-15,1.4139382e-29,6.809597e-19,3.926935e-07,1.1702892e-27
2162,892,884,8,4.34509e-39,3.6890505e-10,1.5566363e-16,4.1564593e-15,3.946992e-18,1.5028593e-34,1.8559619e-10,1.1414557e-09,1.0,2.6784545e-17,6.576408e-13,2.0822506e-20,0.0,2.4508253e-12,8.6801225e-26,4.028211e-07,1.2556278e-20,6.039298e-35,1.0008426e-24,9.713655e-08,6.971284e-22
2163,893,885,8,3e-43,1.0759317e-11,6.07041e-20,2.9849104e-17,1.1644127e-17,9.3924137e-38,6.461316e-08,1.1859226e-07,1.0,4.679166e-18,1.5185777e-15,7.527879e-27,0.0,2.149357e-12,2.8379557e-21,3.469085e-11,3.5181037e-17,3.139926e-38,2.5303605e-19,3.0485163e-14,9.578e-21
2164,894,886,8,0.0,2.0806058e-06,1.1360884e-13,1.4432236e-06,8.05511e-09,5.851655e-28,3.446454e-09,0.13358776,0.8663461,1.06037935e-10,1.3564205e-12,2.888934e-20,0.0,6.2978216e-12,2.2074165e-18,1.7075395e-07,6.220319e-05,8.211428e-36,3.6197654e-19,6.5627685e-15,1.8428184e-18
2165,1391,902,6,1.0433556e-08,1.0834783e-09,1.1404137e-12,2.422942e-16,9.5633895e-30,4.59e-42,0.99654984,0.002976665,6.641932e-06,3.2511962e-09,1.1393154e-09,3.9219935e-30,0.0,0.00046697658,2.1231092e-12,7.1033246e-09,1.1125013e-12,2.75642e-27,5.1593894e-25,2.8954826e-16,1.61675e-25
2166,904,932,7,8.143094e-33,1.3898109e-05,1.0873524e-19,2.168791e-15,1.6753821e-29,0.0,7.725403e-07,0.99988943,5.68765e-06,2.0310591e-07,6.439962e-14,4.116236e-39,0.0,8.925026e-05,5.4274686e-19,3.2470978e-14,2.6752398e-08,2.034822e-28,1.798971e-16,4.9734995e-12,1.5064109e-28
2167,929,906,3,1.3016613e-30,1.7966852e-11,1.1062026e-15,0.9149845,3.9592408e-16,5.867335e-32,1.2767183e-08,0.080643944,0.004373374,1.3549013e-10,3.2964408e-17,1.3370679e-20,0.0,4.1138688e-15,2.1470323e-17,1.1274825e-08,5.303609e-09,2.6972873e-34,1.5389474e-23,9.129535e-20,1.925282e-20
2168,925,908,7,1.8360891e-33,3.477534e-06,7.6815814e-16,5.9106827e-05,1.3290258e-16,4.659757e-30,3.4525517e-06,0.99183565,4.0232504e-07,0.001285886,1.966045e-18,1.2405589e-28,0.0,8.950092e-11,5.022814e-16,4.421911e-08,0.006812848,3.0272753e-36,4.2087294e-22,2.112753e-18,9.5592595e-24
2169,910,922,7,7.2574274e-37,8.487887e-10,1.9724192e-14,3.0096994e-09,1.1243285e-18,5.5644186e-30,1.7526207e-06,0.5355637,0.46442628,2.7403465e-13,2.6992556e-17,7.76882e-21,0.0,1.2434928e-11,1.613253e-22,5.9007133e-09,9.537129e-06,4.851231e-35,4.709793e-16,4.1115562e-18,9.795174e-32
2170,921,911,8,5.107061e-35,2.5119162e-10,8.053692e-18,2.2029474e-20,4.458816e-25,3.847041e-32,4.938144e-06,4.8440725e-06,0.9999886,9.63534e-16,2.4223404e-17,1.5024714e-24,0.0,1.7390245e-10,1.0116269e-20,9.501241e-16,2.2194649e-11,4.886211e-39,3.697938e-19,8.1234324e-16,2.194754e-26
2171,915,912,13,1.8834682e-13,8.80778e-09,1.7665454e-17,1.8511746e-18,0.0,2.5e-44,0.00042390442,1.1578625e-08,2.3353804e-08,3.1195427e-10,4.1343784e-10,9.5263e-41,0.0,0.9995767,2.1172752e-07,2.2042357e-18,2.7736552e-12,6.2249155e-30,1.7214933e-26,1.2788805e-11,7.6538376e-20
2172,1395,918,0,0.99935937,6.2040556e-07,2.1116788e-13,2.9929973e-15,4.337e-42,7.912669e-32,0.00048806175,1.0493888e-12,2.2470273e-08,1.8683557e-12,1.0627773e-09,3.2485206e-30,0.0,6.356419e-06,0.000112498004,1.0717824e-18,5.9377064e-14,0.0,1.2193991e-27,3.9372276e-13,3.4806017e-05
2173,921,939,1,3.633155e-35,0.862044,4.849165e-10,8.862867e-06,2.8054104e-33,2.463e-42,1.21157655e-05,0.0045520673,2.2488002e-10,0.00041838756,1.1566538e-14,5.4614046e-34,0.0,6.022037e-07,8.083985e-09,5.4625554e-10,0.13296495,5.9413594e-35,2.0325348e-19,9.671042e-12,2.1160118e-18
2174,1020,948,7,1.0586978e-33,0.3937477,1.3080325e-15,6.009486e-14,8.109977e-20,1.132873e-28,4.64118e-09,0.40856534,0.12726626,0.07002966,7.0251877e-13,7.594694e-24,0.0,0.0003781749,1.2549226e-22,6.205413e-12,7.628645e-07,4.4115823e-31,7.0679216e-15,1.2931355e-05,3.582033e-26
2175,933,946,9,3.0604208e-24,3.759539e-05,3.1726438e-20,0.00085117447,1.1831526e-22,9.0756586e-32,3.732271e-07,0.11089907,8.417301e-11,0.8882114,4.2504906e-12,1.2601843e-31,0.0,6.1634586e-07,1.0731204e-10,4.3257966e-14,1.6468407e-09,7.01338e-28,1.5596606e-25,1.7551042e-12,6.8916096e-24
2176,944,930,1,2.0250747e-26,0.99992365,2.1164569e-17,4.3009817e-15,4.635156e-35,8.563408e-39,5.84179e-08,3.809589e-06,1.05326095e-08,7.4109426e-05,1.1657283e-17,1.5406998e-28,0.0,1.603857e-09,4.758657e-18,2.2880817e-21,3.1228854e-12,1.3211394e-25,9.57603e-28,1.7377969e-11,1.9439404e-18
2177,943,928,3,1.0081715e-27,6.0077733e-12,1.6438507e-19,0.98501116,1.5835519e-16,5.504623e-32,6.097927e-08,0.011413204,0.0035714868,3.570079e-13,3.3566394e-17,1.9583272e-26,0.0,3.878061e-15,2.7947518e-17,5.158211e-09,4.329694e-06,0.0,2.354946e-15,5.6723103e-21,5.024648e-18
2178,942,926,7,0.0,5.161685e-13,3.7591554e-18,2.4077803e-05,5.4627245e-09,1.8090262e-30,1.1639855e-11,0.99972534,4.068054e-06,3.9732181e-10,2.8585152e-19,2.9081647e-26,0.0,7.032149e-16,1.5231134e-24,1.2018888e-09,0.00024577824,0.0,7.535398e-22,3.025885e-24,1.0002487e-36
2179,924,941,13,7.278274e-15,1.284384e-06,7.804434e-21,2.674906e-21,1.328e-42,7.709e-42,8.602174e-09,3.0880534e-07,2.819931e-08,5.203325e-11,4.9492836e-08,2.7475e-41,0.0,1.0,8.8871395e-14,1.1042868e-18,1.177814e-11,5.8894525e-37,1.3098177e-26,5.653508e-09,5.325598e-27
2180,948,964,1,5.1155288e-33,0.92484885,1.1353242e-16,8.108467e-19,1.6603e-41,4.5497362e-35,7.246525e-08,3.27097e-05,0.07507442,4.2560547e-05,1.4648041e-15,1.0434983e-24,0.0,1.7630603e-07,3.3845464e-21,1.7346513e-18,9.9422805e-12,6.8194545e-25,2.7404837e-27,2.8594818e-07,8.1764194e-21
2181,936,962,7,6.764746e-36,3.5682468e-10,5.1031276e-20,0.0017706736,5.287314e-14,1.3180003e-22,6.481196e-13,0.9982277,1.6597775e-07,1.2483201e-06,9.887989e-15,4.6712665e-25,0.0,2.071246e-13,3.1970846e-22,5.0941235e-12,1.7176753e-11,3.482e-42,1.0526938e-17,4.9752138e-17,2.380475e-26
2182,946,961,3,6.871187e-39,4.3301375e-07,2.108355e-20,0.6425477,3.2729737e-16,4.8241554e-29,3.318238e-12,0.32652542,4.3121614e-11,0.03092399,4.200109e-18,2.2504617e-28,0.0,8.235369e-12,8.8613675e-16,1.0319767e-13,2.7187714e-06,5.5186565e-36,1.9453886e-24,5.550842e-18,2.0468186e-28
2183,944,959,1,2.865603e-25,0.99810594,5.0470855e-18,1.9369532e-10,1.1258298e-27,3.992364e-39,8.8675876e-09,3.9703646e-05,1.2056226e-08,0.0018556854,1.6147356e-16,1.597898e-30,0.0,6.662447e-10,1.215424e-19,4.9891605e-18,2.3925049e-08,2.200974e-27,3.1159032e-25,5.7917476e-10,5.145195e-19
2184,943,958,7,6.5811115e-25,3.0810337e-11,3.1352576e-23,7.488439e-05,3.0736842e-19,1.8792926e-34,4.737862e-11,0.9994546,4.7108517e-09,2.9114516e-10,1.25014296e-17,1.0126461e-35,0.0,1.2166119e-11,9.263348e-17,3.1212924e-10,0.0004688794,0.0,2.6678833e-07,2.9615217e-18,3.885256e-23
2185,942,957,7,7.5554676e-35,1.115141e-10,7.874051e-21,6.175603e-07,5.4529224e-15,1.5346738e-38,3.3884575e-08,0.99842197,0.0015739388,5.3215162e-12,3.005885e-20,8.5459244e-30,0.0,1.0706402e-14,3.3521699e-19,2.88453e-12,5.0223603e-06,2.912e-42,3.8493269e-19,3.0099433e-22,6.1536756e-25
2186,941,956,13,1.8677785e-12,5.328713e-10,1.2577233e-19,2.4292235e-18,8.56e-43,5.48967e-40,3.8077585e-06,1.0053945e-05,1.8620067e-07,5.806478e-11,1.9345618e-09,9.81467e-40,0.0,0.99998474,3.970101e-08,3.9232142e-18,4.3770135e-10,9.482714e-36,2.452531e-24,1.0884068e-11,3.6666921e-22
2187,938,954,1,6.1835653e-31,0.89695513,3.9784637e-11,0.00019344632,9.977757e-29,2.0273503e-38,4.1278647e-05,0.013143284,7.4363224e-11,0.08622968,3.6156685e-18,5.041167e-30,0.0,7.5082e-06,5.9503426e-12,1.6185324e-11,0.0034306848,2.0132836e-32,1.6656662e-19,4.5318376e-15,1.7645695e-20
2188,940,953,1,8.280982e-20,0.4361716,5.777944e-14,1.1264378e-08,1.5722009e-30,1.8300693e-32,1.035595e-09,0.00913599,7.499773e-09,0.24782254,1.487944e-09,3.1805168e-37,0.0,0.30682653,1.3010738e-10,5.3789957e-17,4.4536253e-05,3.9856244e-38,3.2351476e-18,1.2522194e-09,7.373778e-12
2189,1395,950,6,1.4353609e-14,0.00010149013,5.1121006e-16,1.2334404e-17,6.614765e-39,1.0325999e-26,0.92574537,8.2372075e-08,0.007156464,5.2443894e-13,1.4688933e-09,5.1097557e-33,0.0,0.06694907,4.5962428e-05,9.5190795e-18,2.397262e-10,5.3380974e-38,5.1718417e-18,5.687813e-10,2.7193428e-13
2190,950,980,13,8.621637e-13,1.191445e-08,6.0617383e-18,7.0640417e-22,2.6036e-41,3.419702e-37,2.5305013e-07,8.4708764e-09,1.3382036e-08,5.1885135e-13,2.2676865e-07,3.4844486e-38,0.0,1.0,6.6891037e-12,4.8883847e-20,5.3223e-15,3.6724454e-37,1.4706946e-22,8.311694e-09,1.5831012e-21
2191,952,978,6,0.0038272638,5.387023e-10,1.8916397e-14,3.1127828e-15,7.664326e-35,3.6018094e-31,0.79682857,1.4329987e-05,0.00069336867,1.3049715e-09,4.271679e-08,3.4191794e-30,0.0,0.19862723,1.071957e-05,7.0025494e-14,4.9824483e-10,4.573188e-37,3.9569613e-31,5.559639e-17,5.968232e-20
2192,980,1007,13,2.0165766e-14,3.2532788e-10,1.5340471e-16,7.965405e-22,1.1255307e-32,6.647845e-34,2.3275284e-07,4.528456e-05,1.2220566e-07,8.734926e-12,3.929336e-05,8.843398e-32,0.0,0.9999161,2.6224126e-10,1.1095063e-17,1.3898893e-14,4.142486e-28,4.765089e-25,7.666416e-09,2.1461018e-22
2193,977,1004,7,2.5e-44,2.3821491e-09,8.167661e-13,0.00021889758,9.525991e-31,2.1707781e-37,1.3836671e-08,0.99972534,1.6457863e-08,1.3969466e-09,5.4801455e-19,1.5116338e-26,0.0,3.6933816e-13,4.548982e-16,3.6529313e-12,5.4536165e-05,2.7735127e-38,6.0828453e-24,4.5025573e-24,2.5279805e-24
2194,976,1002,1,8.491268e-37,0.99825436,7.1311224e-10,1.7395986e-06,7.05696e-29,0.0,0.001548001,1.0512075e-05,2.9274165e-06,1.0144557e-05,3.4882657e-08,1.5358634e-37,0.0,0.000100470104,1.0330068e-09,2.4330606e-05,4.4797973e-05,4.2287655e-22,1.4698642e-15,4.1820203e-06,1.2516e-07
2195,974,998,0,0.92063886,1.7140304e-10,2.292902e-16,3.1490528e-16,4.033717e-36,2.3571151e-35,5.886382e-05,1.9131271e-07,7.387054e-08,6.5866894e-09,7.494221e-10,9.261431e-34,0.0,0.020132914,0.059168734,4.7991113e-17,1.26668e-10,9.5e-44,1.5659879e-30,2.346417e-16,7.981723e-11
2196,973,996,13,7.7656904e-33,0.14041166,2.2068073e-13,2.8392427e-22,1.0516366e-35,4.66176e-40,5.6054287e-08,0.00018507004,2.4015955e-07,0.00014233509,1.6050251e-10,8.26986e-30,0.0,0.85920745,1.094104e-14,2.4379605e-17,1.069962e-15,2.2068972e-08,7.295014e-21,5.16208e-05,9.616935e-25
2197,971,992,7,1.0974e-41,3.8668377e-13,2.356679e-16,0.0056563937,8.150489e-11,5.5226495e-24,3.3114201e-13,0.99397576,8.9170825e-08,0.00036629368,2.1292982e-19,4.69874e-23,0.0,4.627893e-13,2.4475347e-21,3.5203205e-16,3.0623826e-09,2.8114e-41,8.432462e-28,1.6643743e-22,1.425379e-32
2198,970,990,1,1.01e-43,0.9988181,4.0103278e-17,3.3037984e-06,1.5774217e-22,2.5517834e-26,8.943979e-12,0.0010511925,1.30767805e-08,0.00012630795,2.2563522e-11,2.3443575e-25,0.0,2.2787688e-07,1.5053763e-14,2.1808426e-10,3.0826964e-08,5.269457e-28,7.047996e-23,7.0058337e-07,1.2934839e-23
2199,968,987,3,5.2022634e-37,7.0725013e-09,1.0744243e-15,0.8464129,1.5198998e-14,8.1735774e-22,2.426499e-12,0.1352558,4.3468322e-09,0.018331155,3.1012e-17,4.7906015e-19,0.0,1.0919447e-13,1.7795172e-18,3.9808957e-17,9.18643e-08,5.388e-42,1.0063166e-25,1.2073394e-23,3.950318e-27
2200,967,985,3,2.10109e-40,2.990399e-05,4.212494e-19,0.69027936,5.865659e-16,3.407394e-31,6.898389e-11,0.30937105,3.03289e-08,6.513668e-05,4.1650059e-19,2.3717415e-30,0.0,2.7088645e-13,4.3047642e-19,7.6073026e-10,0.00025612034,2.230679e-32,1.171016e-14,1.4122226e-16,1.1133679e-26
2201,964,965,1,2.5764695e-35,0.9999809,9.260121e-12,2.4018793e-22,0.0,4.89534e-40,8.033849e-08,3.2634337e-10,7.787721e-06,7.35152e-08,2.7749845e-15,7.1303333e-25,0.0,2.8704639e-08,4.4057587e-18,4.1325166e-18,8.81208e-17,8.292695e-16,1.6433668e-28,9.231193e-06,1.6902702e-20
2202,965,982,1,5.533383e-39,0.9998436,5.709804e-13,1.8256954e-19,7.52e-43,3.5570946e-37,8.716469e-08,6.6852905e-08,0.00015229487,1.9255087e-06,5.679887e-14,5.1463847e-22,0.0,1.3832554e-08,1.8090493e-20,1.0868766e-17,1.1225565e-14,2.6971357e-17,8.3857115e-31,1.6391778e-06,1.4766332e-19
2203,1007,1394,13,6.75883e-24,0.0013552476,1.8072071e-13,1.9046475e-18,1.895105e-39,7.352208e-34,0.0005935472,0.2956231,2.9352905e-05,4.786187e-09,4.2052542e-11,1.659324e-27,0.0,0.70239717,1.8711628e-08,5.0042384e-18,3.098027e-12,2.1718094e-18,1.3915712e-14,6.90922e-09,6.316476e-17
2204,1001,1019,18,4.755554e-18,5.47364e-07,1.0432831e-17,8.06141e-17,1.7503575e-19,7.941e-42,6.87425e-10,7.1866045e-05,2.7550396e-07,2.2056168e-09,3.7871782e-11,1.5264994e-38,0.0,0.011106072,4.5729077e-15,4.167561e-13,2.8107748e-12,3.440942e-36,0.9888211,1.8546766e-07,4.413347e-17
2205,999,1017,13,2.6399437e-13,1.1947777e-06,2.885795e-20,9.239108e-16,1.1771046e-33,1.3242034e-38,3.9211376e-09,0.00046996633,2.954576e-07,0.009234377,6.967479e-08,8.7678684e-36,0.0,0.99029326,3.9445639e-13,1.0741072e-18,1.6962764e-06,1.3902569e-34,2.2496084e-31,4.9340687e-09,4.3143232e-23
2206,995,1016,1,2.383411e-18,0.4933336,5.1703203e-19,2.3583614e-23,5.026886e-35,1.256009e-38,3.2699718e-05,2.0802023e-05,0.002320326,3.658463e-07,4.337887e-09,4.7624685e-34,0.0,0.48970366,4.748716e-12,3.3314164e-19,3.375163e-12,1.4740035e-21,5.2685858e-23,0.014587969,4.000141e-15
2207,993,1014,9,1.4331514e-13,0.014831324,1.0323525e-17,1.7939081e-07,1.8326974e-23,1.1824e-41,3.1194983e-08,0.026389716,6.1231886e-10,0.9572291,3.8582497e-12,1.9740013e-35,0.0,2.6026273e-05,4.970522e-12,4.536245e-16,0.0015238909,1.1536482e-37,1.8432423e-23,2.9247717e-13,2.6960041e-17
2208,989,1013,1,1.9109938e-18,0.99916494,8.468723e-14,1.6937513e-10,9.4894123e-35,7.5986e-40,6.026398e-09,0.00016237637,2.4764078e-11,1.2324085e-05,3.4627236e-12,9.766169e-35,0.0,0.00060863886,9.085861e-13,2.1515431e-16,2.6943007e-07,4.932592e-35,2.3125825e-05,2.8917897e-05,3.1766842e-15
2209,984,1011,18,1.2327336e-19,7.909696e-06,1.8293635e-18,1.7112818e-08,3.396139e-26,3.27296e-40,1.4055417e-09,0.0002391205,1.3202715e-12,1.5656539e-07,1.1101309e-13,6.7386013e-37,0.0,1.1214697e-06,1.6920485e-15,4.2978343e-14,8.903143e-09,1.5807372e-34,0.9997521,6.340133e-10,4.0023175e-18
2210,982,1009,6,3.003717e-36,0.0042446447,1.6277246e-14,6.474389e-24,1.5523591e-33,6.3895e-41,0.9950417,4.3128446e-07,0.0006761296,3.008378e-10,1.7566515e-12,2.197508e-28,0.0,3.6872447e-05,3.9943927e-15,1.6207447e-18,4.825673e-18,8.89646e-08,6.346222e-20,1.6823827e-06,1.7316225e-19
2211,1026,1023,6,3.4166026e-20,1.4387731e-11,1.0522578e-14,3.7787934e-19,1.0282423e-38,2.342011e-36,1.0,4.5917233e-12,3.1521685e-07,3.7246585e-16,3.571764e-23,1.0711596e-28,0.0,1.9681596e-12,3.5430133e-13,1.7541827e-17,2.2462173e-12,1.62228e-40,3.9231306e-30,3.0317731e-27,6.7630007e-26
2212,1025,1024,0,0.9423957,1.4046774e-11,5.3417882e-14,6.899421e-17,1.8336015e-36,1e-45,0.05760461,7.1776274e-10,2.281713e-11,1.11800265e-11,2.4487587e-13,8.008812e-32,0.0,7.623051e-09,4.4965407e-13,8.00697e-12,5.093278e-16,2.1160887e-29,1.7132312e-27,3.3533674e-22,2.0157638e-19
2213,1040,1043,7,1.7662741e-19,1.5277314e-12,1.1038083e-15,3.2482327e-17,5.4186675e-30,1.0508232e-34,0.0010725553,0.99892867,3.0852743e-07,1.4485915e-12,5.8357555e-15,2.2462075e-28,0.0,3.2203536e-07,1.9269422e-13,1.2518234e-16,5.3635603e-12,4.36308e-40,2.6991207e-18,4.2493925e-25,2.9890656e-27
2214,1027,1026,6,1.3635733e-29,1.8592641e-10,1.9624224e-14,1.07515e-15,9.320161e-33,0.0,0.99944323,0.00040208627,0.00015350456,4.1951533e-14,4.110378e-19,1.7076034e-31,0.0,2.1381232e-10,2.300045e-13,8.118438e-10,4.2908344e-09,5.2918747e-29,5.648361e-22,1.2241105e-20,5.1906223e-24
2215,1039,1042,0,0.99207413,1.5274097e-06,5.6605718e-14,1.6951496e-15,1.1011081e-38,2.75e-43,5.7395896e-06,0.00022616946,5.89523e-07,6.76044e-13,7.384014e-07,8.249228e-36,0.0,0.00767112,1.0557884e-06,1.2695376e-12,1.2717509e-15,3.3392217e-38,3.4295515e-15,3.874328e-11,2.0010146e-05
2216,1028,1025,6,1.6250743e-23,1.9999976e-07,3.5739235e-12,1.255591e-10,1.7299203e-25,0.0,0.91701126,0.00024145145,0.08257651,1.8588245e-10,4.511103e-16,9.2401743e-29,0.0,1.027049e-11,2.015712e-17,0.00017138461,8.040716e-08,1.9051068e-24,2.1929218e-18,9.314494e-14,7.822393e-17
2217,1041,1046,6,1.6844192e-20,2.024399e-07,1.857636e-15,2.984137e-24,2.5452e-41,6.33779e-40,0.9931305,0.000104476756,8.845983e-05,4.4687067e-11,4.5839377e-11,1.3423498e-31,0.0,0.0066752164,1.600301e-08,1.19265085e-14,2.2736899e-14,9.640019e-14,1.3699082e-21,6.894134e-09,1.03708255e-22
2218,1043,1044,6,1.681174e-24,3.1405695e-10,7.5198854e-16,8.023071e-15,4.638491e-31,5.7766672e-36,0.97239596,0.027602432,1.1197848e-07,5.1626975e-10,5.3645005e-20,1.5699379e-27,0.0,1.404362e-10,6.76681e-14,3.8850348e-15,6.9952216e-10,4.289117e-31,7.688631e-20,2.1778002e-25,5.6937524e-28
2219,1038,1040,6,3.5397224e-25,2.4412583e-07,2.3977091e-11,1.8283964e-15,4.5320475e-29,1.9256377e-32,0.9841622,3.137883e-05,0.015804071,8.7546116e-11,2.9502785e-19,2.6140356e-23,0.0,3.2490654e-08,4.5584111e-10,1.5202543e-13,3.4014226e-07,2.3678363e-30,3.795507e-27,8.6187745e-21,2.0344306e-16
2220,1037,1039,20,1.9339092e-05,1.5655499e-10,1.0225146e-18,2.0668309e-16,5.7350563e-37,5.57685e-40,1.0195358e-09,2.075066e-13,9.716711e-12,8.724203e-12,5.5547053e-15,1.9478672e-33,0.0,3.8570616e-10,2.7755977e-08,4.0903275e-18,2.3103674e-14,2.1e-44,8.5580415e-34,5.011203e-21,0.9999809
2221,1033,1030,6,2.6858224e-31,1.4525699e-05,1.01132126e-14,1.8168095e-19,1e-45,2.5634985e-28,0.9405857,1.0666613e-07,0.05936542,9.2666985e-11,8.348465e-08,7.2887304e-20,0.0,4.0282853e-08,8.7462196e-14,7.374291e-10,2.8741843e-19,1.1082849e-15,1.0466033e-25,3.431689e-05,1.4430595e-12
2222,1035,1031,8,1.4005397e-36,0.003817684,1.0198782e-16,2.8834093e-11,4.5548245e-20,1.2870411e-38,2.1676678e-06,3.4505504e-06,0.9961774,3.2418952e-09,4.9365678e-11,8.556603e-27,0.0,4.4401594e-11,1.1112625e-20,1.3750588e-08,3.5754528e-11,6.599383e-34,2.1261404e-27,1.0237542e-06,3.2683993e-13
2223,1036,1049,18,2.2560177e-25,4.2052561e-10,1.7279413e-18,3.7418953e-21,7.514846e-29,2.5343668e-36,5.2558232e-14,1.20452e-07,5.3710772e-11,1.7968008e-12,3.4355074e-16,1.4071554e-33,0.0,6.8641434e-08,4.9240303e-23,1.2049901e-20,1.1215313e-18,1.3980475e-35,1.0,1.5086192e-13,5.92883e-23
2224,1034,1048,18,5.182839e-27,2.3366457e-08,6.5903644e-15,8.106881e-21,1.6162783e-21,0.0,7.73603e-12,3.1902605e-08,2.560727e-10,2.2202366e-10,1.795481e-09,4.167825e-31,0.0,9.105518e-09,2.879736e-20,2.6847446e-10,4.0310738e-20,1.5646483e-10,0.916693,0.08330612,1.3787189e-24
2225,1067,1055,4,3.1922618e-35,2.1245086e-14,1.9719918e-20,4.0354484e-10,0.9999886,5.2e-44,2.6347839e-12,2.6857117e-07,9.5138375e-06,7.356436e-14,1.2432085e-18,7.8631855e-36,0.0,1.3499519e-13,2.314639e-20,9.595027e-09,6.6993145e-13,3.19656e-40,3.8024187e-20,3.374228e-17,1.8318747e-21
2226,1065,1056,4,1.03522e-39,2.42959e-14,3.9805995e-21,1.9276447e-09,1.0,7.6e-44,5.5656047e-16,1.9147807e-11,7.5606377e-10,1.8916409e-13,7.4592653e-22,5.376792e-35,0.0,5.2281224e-16,2.1040787e-22,2.5143693e-11,9.98195e-13,2.257053e-38,5.5708455e-33,2.4324135e-18,2.0744902e-26
2227,1051,1064,18,2.2055255e-38,2.3788145e-18,1.7532626e-21,4.0650463e-20,6.234813e-19,0.0,2.7362149e-17,1.8660744e-14,1.0400611e-16,2.369196e-19,5.586841e-21,1.04252525e-36,0.0,6.2001944e-16,1.2052036e-24,1.7220397e-17,1.23669875e-20,2.5049744e-36,1.0,9.21066e-19,3.7452722e-25
2228,1050,1066,18,2.064979e-39,1.5488937e-17,2.1025141e-22,9.8739516e-18,3.6997494e-16,0.0,5.4664516e-18,1.0330407e-12,1.5878772e-16,2.1980976e-18,1.8319672e-19,3.1473127e-38,0.0,3.3993317e-16,1.9456566e-23,2.1787737e-16,4.4301043e-21,2.2900138e-34,1.0,1.504593e-17,1.6097604e-23
2229,1052,1053,18,4.13582e-37,1.1706571e-09,7.987345e-14,1.4343497e-12,1.2557425e-13,0.0,1.4109177e-11,1.5423444e-08,7.191656e-11,2.4442213e-07,4.0507336e-17,1.8306516e-29,0.0,9.073921e-11,1.0990834e-19,4.306603e-12,3.0094714e-08,4.697789e-31,1.0,8.300945e-11,8.913134e-24
2230,1053,1054,9,3.0706771e-31,8.668173e-12,1.3392227e-19,0.0032728205,2.1007295e-19,1.0029909e-31,1.5381109e-12,0.10779503,4.343235e-09,0.88893,3.1782432e-18,2.5338842e-28,0.0,6.095565e-12,1.0262884e-20,2.6686717e-11,1.2349869e-06,2.419791e-32,6.0349355e-23,3.889611e-18,4.611633e-33
2231,1078,1069,8,3.6076886e-27,2.67897e-06,5.7691533e-15,4.0164164e-27,1.5644275e-25,1.193332e-39,2.7473793e-06,1.4764984e-11,0.99801064,6.3647326e-16,3.3698658e-10,5.866608e-28,0.0,0.0017686484,1.5827436e-15,1.3642542e-15,5.992971e-17,7.7877107e-31,9.155946e-18,0.0002170939,1.9244128e-23
2232,1076,1070,8,1.1168441e-17,4.1456607e-07,5.318418e-17,6.982781e-22,6.219241e-38,2.4992856e-36,2.3977436e-05,4.392964e-06,0.99909633,6.854277e-16,2.7480202e-05,3.4333137e-27,0.0,0.00084350735,4.331305e-17,2.3827466e-11,8.743918e-14,5.6741494e-36,5.8309874e-17,3.2304195e-06,2.0072509e-22
2233,1074,1071,7,1.2069904e-29,2.9084894e-09,6.212987e-21,2.913828e-11,5.528109e-24,2.1896596e-35,6.7817444e-07,0.9996263,9.602401e-06,1.948819e-10,5.3140632e-15,1.9272673e-34,0.0,1.7456738e-07,2.747571e-19,1.6154104e-12,0.0003636096,0.0,4.5827324e-18,6.11539e-18,3.624114e-36
2234,1073,1072,8,2.2184858e-31,3.027617e-09,6.510639e-12,1.0664506e-13,2.5512742e-21,2.491615e-27,0.0031998241,0.018672822,0.97812515,9.729878e-12,6.038141e-14,5.206322e-19,0.0,8.1829196e-11,2.0137302e-16,1.4916764e-11,2.9517935e-07,8.1682595e-34,1.1047258e-24,3.189064e-18,6.1935926e-18
2235,1074,1089,7,1.6769734e-30,4.59125e-12,2.2256078e-22,1.7242536e-11,5.232006e-26,1.72668e-36,1.4808271e-08,1.0,2.1615138e-08,4.2708764e-10,5.9193145e-16,1.6428346e-35,0.0,5.941392e-09,3.3319995e-20,1.3664966e-11,9.056441e-07,1.46408e-40,5.3717165e-17,5.3438564e-18,4.4273e-36
2236,1073,1088,7,1.754942e-36,2.1565257e-13,1.5369908e-19,2.413213e-14,2.2719638e-22,3.8950544e-36,8.5129575e-09,0.9999962,3.8499693e-06,3.303751e-12,7.650284e-18,2.2714346e-30,0.0,4.364338e-12,4.8153766e-25,3.2676874e-14,3.1618253e-08,1.306904e-39,5.8715157e-19,2.6420181e-21,1.4905221e-33
2237,1083,1087,16,1.8856876e-15,0.00015484254,2.8205435e-16,1.6419825e-05,6.3250676e-22,1.901464e-37,6.1312676e-05,0.029783363,0.00012578673,3.2305672e-06,1.1997319e-08,3.63171e-37,0.0,0.0005720207,1.5797537e-05,1.0555475e-12,0.96926653,0.0,2.137813e-25,1.8339227e-14,1.2974217e-09
2238,1057,1097,3,6.8340446e-38,5.664314e-12,1.8857094e-15,0.9999962,1.2640657e-22,1.12760806e-29,2.8320527e-12,1.0704481e-07,3.7359337e-06,1.02706206e-16,1.4520771e-12,5.9308367e-25,0.0,2.3725416e-12,1.4463185e-17,4.51394e-10,2.424562e-07,0.0,9.916357e-15,7.9934944e-16,1.995883e-21
2239,1058,1098,3,8.4e-44,8.4944624e-10,1.13909785e-17,0.99590003,9.571218e-11,4.518814e-33,1.8644834e-11,5.2966854e-05,4.4505445e-08,5.274849e-12,5.727812e-17,2.857694e-29,0.0,4.6906123e-14,2.1900804e-17,4.9920067e-07,1.5579376e-08,1.5140752e-33,0.0040445863,5.01351e-16,3.2735877e-22
2240,1099,1059,3,5.5808073e-38,8.4249976e-14,1.0086075e-17,0.98636854,1.4692101e-20,6.6522434e-31,2.517553e-13,1.2799046e-05,1.479984e-10,5.8832155e-13,4.6504647e-17,9.618887e-31,0.0,1.3318242e-13,2.5442316e-18,2.2295493e-08,0.013619024,0.0,2.1357346e-10,2.3702524e-20,1.9452316e-25
2241,1060,1100,16,6.873387e-32,1.1002247e-11,5.1267837e-17,0.0046887607,2.5666551e-16,8.4985e-41,7.538221e-13,6.457525e-07,6.06431e-09,4.7737745e-07,2.751579e-18,3.0351606e-29,0.0,3.4746836e-13,6.236784e-20,5.0702612e-11,0.9953113,1.610441e-39,1.4390229e-22,1.8227328e-17,2.9592564e-30
2242,1061,1101,16,6.4962604e-31,1.1550462e-11,3.8011938e-16,0.041454814,1.9012415e-12,4.4750085e-38,2.0282887e-13,5.3946433e-06,9.464692e-11,1.7127015e-05,5.2788215e-17,1.2716885e-29,0.0,1.6215668e-11,8.458532e-19,1.6785266e-10,0.9585225,7.6524e-41,7.5146435e-22,3.6831874e-17,3.0653306e-30
2243,1062,1102,16,2.0151549e-28,3.6588727e-12,9.814047e-20,0.0042009903,1.9102378e-31,3.44987e-40,7.662716e-13,3.3593867e-06,2.8539832e-11,3.273644e-11,1.0419002e-15,3.3321247e-36,0.0,3.1605285e-12,1.1067882e-17,4.495169e-13,0.99579746,0.0,2.9985192e-21,1.922729e-19,1.397958e-26
2244,1063,1103,7,4.62497e-25,2.1027556e-06,8.018469e-18,2.0947095e-06,2.2101977e-25,9.906e-42,4.521838e-08,0.9308127,8.567885e-09,1.1269406e-08,7.180786e-15,6.414676e-39,0.0,3.1762974e-07,3.5565914e-15,5.311095e-11,0.069119334,0.0,6.200867e-05,2.6268426e-14,1.4438569e-21
2245,1082,1105,16,2.3766548e-19,2.1392653e-10,2.268131e-19,1.03103936e-07,6.23044e-26,5.010531e-37,4.2446133e-10,4.5431287e-05,4.3078927e-08,4.999412e-10,1.4908166e-12,5.296792e-33,0.0,1.2777859e-07,5.454157e-20,1.2167876e-12,0.9999543,0.0,5.6992626e-31,3.0294156e-19,4.5049178e-36
2246,1080,1109,13,2.5224707e-09,6.057311e-07,1.6485175e-18,1.7494168e-26,8.944063e-31,5.614136e-39,2.4308896e-05,6.252085e-10,0.005508002,2.738916e-12,4.3642987e-07,3.6275005e-37,0.0,0.99445367,2.5183842e-09,4.4599544e-18,1.03604186e-16,4.4825254e-38,8.8610414e-21,1.21122075e-05,1.4368003e-16
2247,1077,1092,13,5.888408e-11,2.6665224e-05,5.348757e-16,3.3604836e-24,1.6607454e-31,2.35122e-40,3.2812536e-06,0.0003663468,0.2679825,9.367602e-11,7.746351e-08,1.8129224e-30,0.0,0.73161846,4.491512e-08,2.0379892e-15,1.3010365e-14,9.23931e-40,1.5436974e-09,1.0191835e-06,7.6570905e-17
2248,1075,1091,7,1.0593875e-20,4.197174e-05,4.3209227e-18,3.5304262e-20,2.5106845e-37,2.8155067e-35,0.0007130002,0.851007,0.100502454,4.1130356e-08,5.7320704e-11,4.6818462e-32,0.0,0.04773732,1.06125935e-14,7.8643873e-13,1.6418843e-10,5.744212e-28,4.2455386e-09,4.4510857e-09,9.707236e-25
2249,1085,1110,7,1e-44,2.5802678e-11,1.7354655e-18,1.674334e-07,1.3886842e-17,3.5681417e-38,2.9526226e-10,0.9886438,3.5337391e-06,3.9582244e-11,6.136478e-15,7.466198e-33,0.0,2.2823844e-10,1.5597782e-19,3.7571695e-07,0.0113538,1e-44,2.2860971e-17,2.1915995e-19,9.0595275e-27
2250,1111,1108,7,5.202734e-32,2.4582306e-13,2.3437793e-15,3.226495e-11,1.8779421e-15,4.544786e-38,2.7608463e-15,1.0,4.4422268e-11,1.861743e-08,4.556596e-13,7.1366355e-28,0.0,2.32233e-08,9.915853e-25,8.240891e-14,7.208513e-13,3.610823e-37,2.831152e-15,1.5832071e-17,9.6988514e-29
2251,1086,1111,7,4.1186093e-23,2.4664602e-12,1.0320675e-20,1.9920432e-12,1.2144553e-19,9.4621e-40,4.9031616e-11,1.0,7.6240947e-10,1.5804824e-06,6.845478e-14,1.0915844e-32,0.0,2.1529143e-08,5.075847e-21,4.563154e-13,5.94339e-08,5.7142474e-36,5.4560327e-19,1.9857031e-17,1.4232429e-33
2252,1110,1107,7,0.0,1.9975527e-12,1.0994133e-14,3.1611154e-07,8.284455e-13,1.2605e-41,3.9563353e-12,0.9999886,6.7992596e-06,9.480959e-10,8.998182e-13,1.2609795e-28,0.0,7.913094e-09,1.759282e-25,2.7959162e-08,3.9231336e-06,7.71873e-40,7.35721e-17,6.198492e-16,8.0822434e-35
2253,1116,1113,6,1.3581747e-21,1.856909e-12,7.293926e-14,2.4051275e-20,2.1226681e-38,2.09e-43,1.0,1.9117652e-12,2.0440382e-08,1.9324455e-16,2.2066027e-23,2.2146567e-30,0.0,1.1936711e-13,6.971917e-16,1.7570318e-14,4.9764548e-14,4.2206377e-32,8.64389e-30,6.23384e-26,1.1487307e-28
2254,1115,1114,0,0.99213094,1.8948122e-12,2.0382467e-14,8.143436e-18,2.3294838e-36,0.0,0.007868509,2.7735098e-10,9.57914e-12,3.61703e-13,2.67551e-12,1.3864498e-33,0.0,1.1313687e-08,4.334979e-15,1.5758549e-11,6.106648e-18,4.2418554e-28,9.440564e-27,2.6126128e-21,3.9536317e-21
2255,1130,1133,7,6.421536e-15,9.925759e-12,2.0688074e-12,2.7240948e-15,5.7087876e-33,8.8383595e-35,0.019362299,0.9806134,2.023851e-07,6.795767e-11,7.683293e-13,9.24164e-25,0.0,2.2775634e-05,4.0192995e-11,1.1871127e-15,1.0535843e-12,4.4621598e-36,2.2978819e-18,4.893018e-25,6.466882e-25
2256,1117,1116,6,2.800101e-30,1.2423887e-10,2.9472405e-12,3.2544886e-14,8.567336e-30,0.0,0.99931353,0.00033997805,0.00030461836,1.3215701e-14,4.52608e-17,2.173737e-29,0.0,1.4985032e-11,3.994029e-14,4.0389703e-05,1.5430658e-11,3.1265181e-21,1.9016545e-20,1.1700848e-18,3.9974615e-20
2257,1129,1132,13,8.8371365e-07,0.00014641139,2.1708804e-12,1.37485e-14,1.1907283e-36,1.05323e-40,4.1045314e-05,0.014543739,0.0011376555,2.8092237e-10,0.00040707592,3.6208323e-32,0.0,0.98371565,4.1203382e-08,1.1703134e-09,2.755952e-16,2.845722e-33,6.3236435e-15,7.429054e-06,4.884274e-09
2258,1118,1115,6,3.6754388e-25,8.986781e-08,1.8420447e-11,3.333604e-11,7.9273766e-26,0.0,0.50214344,0.0002816314,0.49717438,1.6779942e-11,4.4832793e-15,1.1188512e-27,0.0,1.3833906e-11,6.3534473e-18,0.00040009263,5.6689267e-09,2.5517274e-24,4.3540667e-17,9.854373e-13,1.8323754e-16
2259,1131,1136,6,2.8797015e-21,2.8548916e-08,4.38736e-18,7.460673e-26,1.47688e-40,9.961e-41,0.9955467,6.7777097e-07,0.004453001,1.067966e-11,1.686173e-14,1.1271597e-31,0.0,1.7200526e-07,6.551718e-13,2.238386e-16,1.0007909e-13,7.2629535e-18,5.854634e-25,4.788645e-12,2.2174988e-21
2260,1133,1134,6,3.7988908e-30,8.2766655e-10,1.1421335e-12,1.2612496e-12,2.1452046e-34,3.359e-42,0.9975959,0.0024041394,3.6087027e-07,5.852759e-10,1.4636463e-17,5.458886e-26,0.0,2.0577821e-10,5.3526168e-15,6.607578e-09,2.9755614e-12,8.4716656e-21,5.182877e-20,1.1568091e-20,1.0371957e-25
2261,1128,1130,6,3.00651e-16,5.606348e-08,1.6038247e-11,1.0818907e-12,8.066983e-31,5.4743247e-31,0.99886763,1.7385894e-07,2.1098747e-06,3.714116e-09,6.710113e-19,1.4764895e-23,0.0,7.0781994e-08,0.0011299439,1.36044545e-14,5.1093747e-07,4.5121503e-32,9.588961e-30,1.6534744e-25,6.2072454e-09
2262,1127,1129,20,1.4189742e-10,3.5595065e-13,1.7785312e-20,3.6241628e-17,1.9006248e-35,4.78e-43,2.0872197e-10,5.537795e-17,3.6046123e-13,8.993433e-16,5.484671e-16,6.935985e-35,0.0,8.1485995e-13,5.520488e-10,1.6024317e-17,1.5439452e-16,0.0,1.8560279e-30,9.839715e-22,1.0
2263,1123,1120,8,7.4581e-41,6.982832e-08,4.935197e-17,3.896559e-19,1.2457607e-36,2.1073635e-30,0.0057604355,6.334461e-07,0.99423736,2.3723296e-15,4.601512e-10,3.7172685e-21,0.0,5.1705983e-11,1.3364905e-14,2.434816e-12,4.0227561e-16,1.9212908e-20,1.043393e-20,6.099782e-10,9.824539e-12
2264,1125,1121,8,7.4e-44,6.2188235e-05,9.263273e-18,1.5791899e-17,3.8623567e-20,9.07866e-40,4.3434075e-06,0.0001402728,0.999794,1.5242686e-11,7.250013e-14,2.0886132e-29,0.0,6.5556974e-12,3.2235274e-20,3.8954287e-12,9.3085e-12,3.893169e-28,8.049923e-23,3.692391e-08,3.395403e-17
2265,1126,1139,18,9.207373e-31,1.3041377e-13,5.3770705e-16,7.20301e-22,1.5556311e-26,2.2955893e-38,9.265969e-16,1.7176182e-09,1.05305e-12,7.4109335e-15,1.5419741e-15,5.6985047e-30,0.0,3.048081e-10,2.5134845e-28,7.343956e-22,5.322583e-23,6.3265496e-34,1.0,1.0325742e-15,1.4679905e-25
2266,1124,1138,18,7.893108e-31,1.3103445e-08,4.2458657e-15,9.663727e-22,1.3044452e-22,0.0,1.044345e-12,1.702614e-09,4.422866e-11,5.4060215e-11,2.8740298e-12,6.7241916e-31,0.0,6.12861e-10,1.7671956e-21,2.6106422e-12,1.5739793e-20,9.4633155e-12,0.9952657,0.0047338707,3.7093704e-25
2267,1157,1145,4,3.018e-42,2.4509127e-17,2.505217e-18,4.4286528e-13,1.0,9.434e-42,1.8626536e-14,1.78374e-08,5.669387e-07,1.5311281e-18,6.3869572e-18,1.3825595e-30,0.0,2.24587e-16,1.9224316e-23,1.7231949e-11,1.5149715e-17,3.090727e-38,1.1062443e-16,2.4702485e-17,5.0902074e-24
2268,1155,1146,4,1.395e-40,8.724542e-18,2.481382e-18,2.4214604e-11,1.0,4.039045e-36,2.2866114e-17,1.8559255e-11,1.9780809e-11,6.7115026e-17,4.7596823e-22,1.924644e-27,0.0,2.2176714e-18,5.0560143e-23,2.8429827e-14,2.1607455e-17,2.3806564e-34,6.500482e-29,1.9002685e-21,4.0743954e-26
2269,1141,1154,18,9.050954e-36,7.97579e-18,8.971885e-22,2.809693e-19,1.6956369e-20,0.0,1.7588925e-18,6.8085715e-15,9.151097e-17,2.8520236e-19,5.8286624e-21,5.6969167e-38,0.0,3.7710373e-16,5.335076e-26,8.2591865e-19,9.918478e-22,3.358164e-39,1.0,1.0952627e-18,4.19811e-24
2270,1140,1156,18,3.9717e-41,2.7980573e-18,2.588745e-20,1.2468424e-17,5.258066e-15,0.0,1.9941509e-18,6.863651e-14,3.9980643e-16,2.2035957e-19,4.8940567e-20,2.5116833e-35,0.0,6.794606e-17,1.5953265e-24,4.8492772e-17,5.3857783e-22,6.2069023e-35,1.0,7.298198e-18,4.969069e-24
2271,1142,1143,18,1.4561082e-29,2.4961186e-09,2.132551e-18,1.1283364e-12,6.2052925e-20,0.0,1.0265164e-11,1.7347766e-11,1.9308883e-11,3.4050156e-09,1.1023639e-17,1.592781e-36,0.0,4.129521e-11,3.8448363e-19,1.6847088e-12,1.4706475e-10,4.034578e-29,1.0,3.3278102e-11,6.624172e-20
2272,1143,1144,7,1.0844837e-23,2.6473864e-13,5.2031367e-22,5.3468277e-05,8.975234e-16,5.6863273e-36,1.5950519e-10,0.99992746,5.82784e-06,1.1867611e-05,4.254014e-18,8.4837734e-33,0.0,2.4836628e-12,1.4503793e-17,3.4070796e-10,7.4984644e-07,6.42202e-39,9.767841e-21,1.312188e-19,1.9804773e-23
2273,1168,1159,8,7.931942e-34,2.115499e-07,1.7453195e-16,1.1685462e-25,1.01733635e-25,1.03805e-40,1.2983086e-08,1.0296223e-11,0.9999886,1.732028e-16,5.9930784e-12,4.9034364e-28,0.0,1.0354748e-05,3.1945186e-18,3.310948e-16,5.837799e-17,7.732044e-35,8.9468766e-20,8.6002797e-07,8.31357e-23
2274,1166,1160,8,4.0975568e-26,7.812618e-08,2.0973363e-17,1.23363425e-23,1.5444174e-37,3.9219044e-37,2.2523222e-08,1.0886572e-09,0.9999962,6.22685e-19,3.2894574e-09,1.8269788e-25,0.0,2.0660441e-07,5.6618683e-21,7.52268e-13,3.65292e-18,3.3297468e-37,1.4886974e-19,1.9133543e-06,3.9876833e-20
2275,1164,1161,7,5.836e-42,2.6770428e-11,1.7646377e-19,2.301386e-07,2.4762925e-20,2.39173e-30,3.2182533e-07,0.9975882,0.0007378478,2.0195798e-13,3.0569692e-15,3.5773867e-28,0.0,1.6059183e-11,5.5918997e-19,7.391144e-07,0.0016732519,0.0,9.607363e-18,6.342498e-19,5.036033e-31
2276,1163,1162,8,6.5412844e-34,1.0309912e-09,8.476679e-13,3.4943562e-13,7.716677e-24,5.8022597e-30,0.0023156747,5.1368356e-06,0.9976796,4.0367452e-16,5.091551e-15,3.30496e-20,0.0,2.4286462e-13,6.9185254e-18,4.2755058e-10,3.820717e-09,7.7206e-41,2.602705e-21,6.4316323e-16,1.4998048e-14
2277,1164,1179,7,4.84037e-40,1.0207479e-13,9.066885e-21,5.465812e-08,6.0348128e-18,1.0548565e-32,3.1831109e-09,0.9999923,5.051547e-06,9.470931e-13,4.1206492e-17,4.0411224e-30,0.0,5.8030403e-13,8.385141e-22,6.3870414e-07,3.3581312e-06,4.729885e-39,6.8068995e-18,4.927683e-20,3.5949975e-33
2278,1163,1178,7,4.4895075e-38,5.2967846e-13,4.675156e-16,3.6311466e-12,3.2615271e-19,3.6563373e-32,1.6566291e-05,0.98867774,0.011304834,9.7368125e-14,3.7297243e-14,1.7386739e-24,0.0,3.3007778e-12,8.652008e-22,4.4209838e-08,2.1726754e-07,6.6855846e-34,2.760983e-15,1.4028204e-17,2.3086344e-27
2279,1173,1177,7,1.1124839e-20,0.0001173195,3.225358e-14,5.244086e-07,2.8665086e-19,5.3338684e-36,0.0023076679,0.9621603,0.033559866,4.7903153e-09,7.601691e-06,1.7407174e-32,0.0,0.0003970609,7.866361e-07,3.2096997e-12,0.0014469028,4e-45,8.800099e-22,1.10064015e-11,1.6542855e-06
2280,1147,1187,8,2.73e-43,1.15346346e-07,3.2601703e-12,0.047158495,3.4393912e-07,7.490012e-27,2.9018747e-08,0.008863624,0.7701328,2.5890275e-08,9.8706124e-08,1.7930785e-24,0.0,2.1350314e-05,5.659199e-18,0.011050921,0.007015717,7.342409e-39,0.15575749,5.6014528e-08,1.52228e-20
2281,1148,1188,18,3.9e-44,4.107258e-12,5.131636e-17,0.006304437,3.2669947e-11,1.0740041e-34,2.6961341e-12,1.0406225e-05,6.1965005e-10,2.9961876e-13,1.362506e-16,2.1073565e-29,0.0,5.957605e-14,5.119765e-18,1.9069983e-08,3.1988973e-10,2.9212284e-34,0.9936839,1.8007143e-17,7.195619e-23
2282,1189,1149,16,1e-45,3.840528e-11,8.4190776e-16,0.31001607,1.564815e-18,2.7140695e-34,3.06455e-13,4.3979848e-10,4.7507887e-09,1.9687486e-16,2.2079145e-17,1.3437446e-29,0.0,7.594554e-15,3.513379e-19,2.2643303e-09,0.6899845,0.0,4.986742e-19,1.2490146e-15,8.18221e-24
2283,1150,1190,16,4.512083e-39,7.1366434e-11,1.36391e-16,2.2299163e-07,4.0973927e-15,6e-45,1.0945555e-13,1.0977093e-11,3.0020513e-09,4.144507e-14,2.9619625e-18,1.0131781e-30,0.0,2.2476978e-14,1.1786498e-19,8.71007e-12,1.0,0.0,9.377575e-19,1.9493439e-13,5.345425e-26
2284,1151,1191,16,2.8472792e-30,2.1037202e-12,7.8982795e-18,3.9966208e-06,1.5789686e-15,1.201e-42,1.2887868e-13,2.3508973e-08,4.0089026e-11,4.02533e-11,3.571296e-18,9.117916e-34,0.0,1.4352528e-12,4.8627603e-18,2.767715e-12,0.9999962,0.0,7.502031e-17,1.4671242e-16,3.7522773e-26
2285,1152,1192,16,3.5579827e-26,4.3645233e-11,2.0770335e-17,9.0808335e-06,2.1177226e-34,1.6129e-41,1.3247117e-11,5.417883e-07,1.8983726e-11,2.1041593e-14,7.5878075e-15,1.0974108e-36,0.0,2.0063284e-11,1.9349112e-14,2.9382265e-12,0.9999886,0.0,3.1003854e-16,1.2707894e-17,1.908492e-21
2286,1153,1193,16,6.1509115e-31,7.7535605e-09,3.0217121e-15,3.4209436e-06,4.386344e-31,3.97848e-40,7.9520646e-10,4.0905263e-05,1.4664052e-12,7.314808e-11,3.973047e-12,3.7408801e-37,0.0,2.1737517e-08,4.126712e-14,9.6240134e-11,0.9999543,1e-45,3.6795793e-09,4.1814273e-15,4.7257083e-21
2287,1172,1195,16,2.6489945e-19,1.3939077e-08,3.0643787e-18,1.3454832e-07,4.6565645e-35,3.5639e-41,3.7734357e-11,2.086217e-06,1.3958531e-11,1.6226266e-09,1.3699667e-12,6.2992074e-37,0.0,1.1215033e-07,1.3139382e-16,5.635376e-17,0.9999962,0.0,8.672427e-30,5.4740683e-18,1.4226231e-27
2288,1170,1199,13,3.1644028e-11,5.584616e-09,1.3192203e-18,4.760596e-27,1.246899e-33,1.1044e-41,1.971343e-07,2.5886777e-11,2.5393036e-05,3.0054255e-13,4.879195e-07,4.78434e-40,0.0,0.99997336,3.3591125e-09,7.294714e-19,1.1551579e-16,1.6646272e-38,2.904754e-23,2.7540727e-07,8.3600503e-19
2289,1167,1182,8,2.3408743e-16,3.6599722e-06,5.79907e-16,1.8779692e-24,7.029356e-32,1.151e-41,7.5555744e-07,0.0070267785,0.5241322,5.313205e-10,2.3412587e-08,3.0306584e-30,0.0,0.4688354,3.8556477e-11,1.8344057e-14,7.947712e-14,1.6092833e-36,4.6184476e-10,2.9910677e-08,5.0179393e-20
2290,1165,1181,8,5.3765113e-33,2.5817277e-09,1.7152475e-17,7.549828e-18,2.677972e-26,2.552738e-33,5.776667e-06,0.014763756,0.985229,7.7997555e-15,7.9106596e-14,5.6319147e-25,0.0,1.100528e-09,7.357258e-19,1.8335777e-09,4.168392e-11,8.245875e-33,1.690648e-08,8.2819815e-15,7.342279e-21
2291,1175,1200,16,0.0,1.5126167e-08,4.448672e-18,2.4206065e-07,6.4258595e-19,1.0417902e-35,6.814673e-09,0.18801488,0.001892697,5.2207193e-12,3.2081892e-15,1.1399157e-31,0.0,1.4980925e-10,1.1546903e-17,3.3420493e-09,0.8100904,0.0,3.41526e-20,2.1788382e-18,6.871243e-23
2292,1201,1198,7,3.7894376e-31,9.731502e-14,2.2546514e-16,2.0476699e-13,1.4267946e-23,2.745114e-38,3.5493726e-12,1.0,3.6884454e-10,3.5136252e-09,1.9387161e-14,4.9004554e-31,0.0,9.081448e-08,6.842321e-21,1.07143705e-14,8.883482e-13,3.0876888e-29,3.630346e-18,1.6940885e-16,2.2517549e-31
2293,1176,1201,7,2.1503669e-26,5.2998595e-12,9.19496e-21,1.9993737e-13,1.9627787e-17,9.378552e-39,2.298802e-11,1.0,2.7861726e-09,3.0102882e-07,5.812716e-15,1.5623108e-32,0.0,9.467952e-09,8.579934e-21,1.1938805e-13,2.900213e-09,2.5480514e-31,8.9760664e-21,4.1858616e-16,3.7854712e-35
2294,1200,1197,7,0.0,1.0765352e-11,4.938024e-16,1.2247411e-05,6.221951e-14,1.2127227e-36,2.4641008e-11,0.99814016,0.00027292795,2.113084e-10,1.6453696e-11,3.178007e-29,0.0,1.8386778e-08,7.651606e-23,1.6804816e-09,0.0015760416,0.0,2.1191194e-20,1.0797363e-16,2.0080615e-31
2295,1206,1203,6,1.1356015e-16,4.284447e-13,4.7085582e-14,1.8572769e-20,4.361897e-39,1.95861e-40,1.0,8.740354e-13,4.5433795e-09,3.015203e-17,7.314013e-22,1.1596322e-28,0.0,3.1292755e-13,5.33106e-14,3.7873443e-15,6.4517646e-14,2.3542731e-37,4.9831797e-29,1.2369681e-27,8.8041345e-28
2296,1205,1204,0,0.99916875,2.1319707e-13,1.4077489e-14,4.8494394e-19,1.1939291e-38,0.0,0.00083001197,1.2288321e-11,2.45871e-12,4.3001775e-15,1.2230613e-11,3.0418308e-33,0.0,2.1411604e-09,2.360323e-16,5.456094e-12,6.63849e-20,7.9956065e-29,2.5031983e-28,1.0498685e-21,1.4591223e-21
2297,1220,1223,7,1.8047009e-19,4.92787e-13,3.0458724e-10,1.189425e-14,3.6582667e-30,5.6896746e-34,0.00011767314,0.99983215,1.6605178e-08,2.1410941e-10,1.5978167e-10,2.1707295e-21,0.0,4.9552607e-05,1.343391e-14,7.9742466e-16,5.9428055e-14,1.69349e-36,3.8395454e-19,1.556915e-24,5.580367e-28
2298,1207,1206,6,2.7342948e-32,4.298036e-12,1.3396208e-12,4.2872665e-17,9.026048e-31,0.0,0.99929076,4.6377354e-06,0.00070496765,9.7757634e-17,5.4231104e-16,5.412496e-28,0.0,5.930262e-13,5.1257868e-17,1.4408802e-06,4.0763474e-14,4.1465306e-22,2.382998e-21,4.4015104e-17,8.373566e-23
2299,1219,1222,13,3.4544666e-11,1.9969273e-05,4.2964642e-11,1.0313313e-13,4.471683e-37,1.550626e-39,3.7217947e-06,0.12743872,7.681771e-05,9.0717445e-10,0.0015799362,4.0057778e-29,0.0,0.870879,2.3197092e-08,1.561792e-10,6.797668e-16,5.9050577e-32,4.4848874e-15,8.7711754e-07,5.3135443e-12
2300,1208,1205,8,2.5327645e-27,2.234931e-08,4.551042e-11,4.858937e-12,1.252711e-25,0.0,0.107464515,0.00014058885,0.89201427,5.2067747e-13,4.591298e-14,2.1739383e-27,0.0,6.33314e-12,7.5966825e-19,0.00037888103,2.7292402e-10,8.749813e-24,2.7909924e-16,1.3274129e-11,1.2237489e-16
2301,1221,1226,6,1.1789927e-17,5.7452323e-09,2.2038249e-17,2.3992725e-27,2e-44,8.036e-42,0.9991344,1.811562e-06,0.000862773,5.5714365e-12,4.9599685e-13,4.082257e-31,0.0,9.996309e-07,1.6441389e-12,4.921623e-17,2.8281947e-15,1.2838093e-16,9.271477e-25,2.4160628e-11,4.6728724e-24
2302,1223,1224,6,7.624356e-25,4.188124e-11,1.3188456e-14,3.0798495e-17,5.490812e-36,8.4645e-41,0.9999962,3.3460983e-06,3.3723626e-09,2.7701882e-11,1.4699357e-17,3.2079873e-26,0.0,1.16459386e-11,2.5842299e-17,4.336228e-11,5.2393603e-17,1.9135815e-20,3.992352e-22,1.9034474e-20,5.5752117e-30
2303,1218,1220,6,1.5028394e-15,2.129634e-09,2.5681112e-11,2.7307265e-12,9.652966e-30,2.4852982e-30,0.9999543,1.136305e-06,2.5621697e-05,1.0114667e-09,1.644624e-17,3.6691284e-21,0.0,2.2116504e-08,1.8592193e-05,9.1819164e-14,7.911019e-07,2.8177444e-33,3.967184e-28,1.408804e-26,8.571248e-10
2304,1217,1219,20,1.0079355e-11,8.059175e-15,6.988141e-21,4.7078484e-18,5.99927e-40,2.65e-43,1.7815313e-10,4.703867e-16,2.305663e-13,2.5765913e-17,3.821638e-15,7.566031e-33,0.0,1.6186573e-13,1.8750584e-10,5.894252e-18,5.6031157e-17,1.773e-42,1.7474731e-29,2.1564983e-23,1.0
2305,1213,1210,8,2.6498637e-34,9.001088e-08,7.718967e-18,8.316565e-20,1.2593e-41,3.7453056e-30,0.008663188,5.489741e-07,0.99133635,7.0843633e-14,2.023894e-10,1.1635001e-21,0.0,2.2439073e-10,7.916904e-15,4.868694e-13,3.3509095e-16,2.1022273e-20,3.2418646e-20,1.8514655e-09,7.321085e-12
2306,1215,1211,8,3.1836e-41,4.3608898e-06,3.0320864e-19,2.2029424e-17,7.090675e-18,1.1227398e-38,3.2082147e-07,1.4448494e-05,0.9999809,2.3197666e-12,4.0538666e-12,3.5334417e-29,0.0,1.9858608e-11,5.222329e-21,7.566784e-10,1.7606816e-14,5.8651037e-30,5.4751976e-25,3.6197996e-08,1.0538831e-17
2307,1216,1229,18,3.175615e-32,1.7967046e-12,1.9738343e-14,8.6552845e-20,1.9836283e-25,1.893316e-35,4.2038963e-16,3.1307268e-09,7.3885277e-13,1.5327507e-13,1.7698794e-15,3.081667e-27,0.0,1.1058221e-09,4.4335227e-27,3.2200726e-21,3.67354e-21,3.102336e-32,1.0,7.5688145e-15,3.8043968e-25
2308,1214,1228,18,1.2797642e-33,6.0353473e-09,1.965583e-15,3.4282966e-22,7.357019e-23,0.0,2.183145e-13,2.491361e-10,2.3113407e-11,1.5161613e-11,2.0404172e-14,1.4622137e-30,0.0,9.500323e-11,1.6471625e-22,5.885613e-14,4.843555e-21,6.687518e-13,0.9996301,0.00037099194,1.265019e-25
2309,1247,1235,4,3e-45,6.611204e-18,1.6612506e-18,6.7175866e-13,0.9999962,6.7091777e-38,7.591165e-15,8.610875e-09,4.719943e-06,9.799233e-20,3.304245e-18,5.9911945e-30,0.0,1.3115344e-16,9.4593864e-26,4.466029e-12,2.8197323e-19,4.389205e-39,1.31735125e-23,5.2422137e-19,1.1275582e-26
2310,1245,1236,4,1e-45,2.8103661e-13,5.358539e-16,2.5958904e-08,1.0,1.7162724e-35,5.2781245e-14,8.203423e-11,9.162915e-07,1.5021473e-13,2.4828591e-18,2.1528105e-28,0.0,9.241022e-14,2.2576088e-19,1.0142988e-09,1.9488543e-12,2.2349913e-30,3.4159543e-33,2.7929747e-15,5.8383816e-23
2311,1231,1244,18,5.87864e-40,9.542417e-19,1.551298e-20,2.750371e-19,1.0571526e-17,0.0,3.675789e-18,1.2786111e-13,4.5345998e-17,2.9803233e-18,2.6911809e-20,1.9380373e-35,0.0,5.2645665e-16,1.4947692e-26,8.57304e-19,9.50879e-22,9.42149e-36,1.0,3.5531941e-19,4.368852e-27
2312,1230,1246,18,1.3513e-41,1.3719088e-17,9.028682e-20,7.621974e-17,2.5445378e-14,0.0,6.590178e-18,1.9194078e-13,7.415059e-16,7.582034e-19,3.9030752e-19,1.398267e-34,0.0,1.6043102e-16,2.2186472e-23,9.034277e-17,1.6602343e-21,2.2975487e-33,1.0,3.6513893e-17,1.0266158e-23
2313,1232,1233,18,4.3652212e-34,4.449088e-14,9.152016e-22,6.84087e-18,2.0272063e-20,0.0,7.5178203e-16,1.7677084e-13,1.9243545e-15,1.6279482e-14,8.283256e-20,4.720553e-37,0.0,5.151077e-15,7.0558774e-23,6.384921e-15,9.299502e-16,1.07952574e-32,1.0,4.459057e-16,2.600957e-22
2314,1233,1234,9,7.175908e-31,5.1697353e-09,1.1756697e-16,3.0205487e-07,5.1521266e-12,1.7355e-41,9.505045e-09,0.46589547,0.00011938086,0.53394806,1.6345381e-14,3.4589638e-33,0.0,3.696554e-05,1.1923814e-16,1.0344314e-07,1.5202242e-07,2.0324145e-23,6.931624e-19,2.0589386e-08,1.4575405e-31
2315,1258,1249,8,9.1747e-41,3.669309e-07,7.976984e-16,7.098631e-26,1.249399e-25,2.3756e-41,5.2632196e-09,4.5560426e-12,1.0,1.30010665e-17,4.1181438e-13,2.0045994e-26,0.0,3.0960032e-07,2.3188458e-20,8.125819e-16,6.476308e-19,2.7489367e-32,4.266507e-20,7.166175e-07,9.5331556e-23
2316,1256,1250,8,5.69825e-28,4.040615e-07,8.764642e-17,9.8971515e-24,5.0927593e-36,7.038971e-37,7.0273733e-09,3.6745698e-10,0.9999695,2.2859901e-19,4.1713712e-09,8.795957e-25,0.0,1.8898216e-07,1.7057242e-21,1.1232688e-12,9.527534e-20,4.409165e-36,2.8493238e-21,2.9767074e-05,9.7906015e-20
2317,1254,1251,7,3e-45,1.483686e-11,2.0575137e-19,6.475233e-08,2.2376667e-18,2.3832572e-32,6.608946e-07,0.98934174,0.008917514,4.585822e-13,5.053316e-15,1.0807311e-28,0.0,1.219088e-11,1.7071709e-19,4.977199e-05,0.0016897819,1.14e-43,4.6234524e-18,4.449453e-18,2.3556996e-31
2318,1253,1252,8,4.3471328e-38,4.4292653e-11,4.0175003e-14,2.2375869e-13,5.7156615e-22,1.3458717e-32,2.2008717e-06,1.725619e-07,0.9999962,1.503762e-16,7.2131e-15,1.0887377e-21,0.0,1.4564748e-14,5.299709e-23,3.7197428e-10,6.37175e-10,8.772e-42,2.9249658e-25,1.1466718e-15,6.65698e-19
2319,1254,1269,7,9.8e-44,5.34428e-12,1.8808194e-20,4.746674e-10,1.5715533e-15,4.4594373e-36,1.2108447e-08,0.99997705,1.7970811e-05,1.217898e-11,4.4172163e-19,8.749414e-31,0.0,1.2502313e-13,6.9301595e-22,5.3849507e-09,5.702684e-06,9.708648e-39,5.100986e-20,4.181909e-21,3.8191676e-34
2320,1253,1268,7,2.727129e-39,2.3163113e-10,1.7113401e-16,7.2348736e-14,1.9851033e-26,1.6004273e-33,1.7402085e-07,0.9991535,0.00084619527,2.8023079e-11,2.8638227e-17,2.508517e-25,0.0,8.5497473e-13,2.7895242e-23,3.0611982e-12,4.9592057e-08,2.208142e-32,1.8773222e-19,7.009301e-17,2.6028338e-29
2321,1263,1267,7,7.984198e-24,1.232874e-05,3.6231716e-15,2.3679123e-12,2.8909267e-37,1.412422e-39,1.42670415e-05,0.99996567,7.686897e-06,1.8512174e-10,2.7173825e-13,1.9810469e-35,0.0,2.193754e-07,5.1565896e-12,2.3654235e-17,1.619598e-07,1.44467e-40,4.2896625e-21,7.025958e-15,1.6186826e-16
2322,1237,1277,8,1e-45,1.3634259e-09,4.3835234e-13,0.011891781,8.397117e-06,1.5563255e-26,4.3890545e-09,8.1298334e-05,0.9836668,1.123856e-12,1.3849933e-07,1.1230359e-22,0.0,1.784646e-07,2.9654109e-18,0.0042344723,0.00011319235,3.2e-44,3.3962642e-06,2.8093534e-09,1.3015437e-20
2323,1238,1278,18,2e-44,4.347342e-11,8.882791e-16,0.08372186,1.03095914e-10,1.0868642e-32,2.9697227e-11,0.00010645409,8.10081e-09,8.8871765e-13,4.9522315e-15,4.0299352e-28,0.0,5.625679e-13,4.539532e-17,1.2124909e-07,2.324669e-09,1.6515703e-33,0.9161721,1.3024403e-16,4.771644e-22
2324,1279,1239,16,2.4e-44,2.0163411e-11,2.5235614e-14,0.0189676,2.196568e-22,6.1634145e-36,2.69308e-13,9.656154e-11,1.4694369e-09,2.4191925e-16,4.6314335e-17,9.958598e-28,0.0,7.988743e-15,3.2684132e-20,8.893668e-10,0.9810325,0.0,4.877704e-23,5.5282156e-16,4.7003615e-27
2325,1240,1280,16,7e-45,2.867134e-10,5.61046e-14,1.1350008e-06,2.9845534e-12,7.6631e-41,4.5286427e-14,8.662756e-11,1.2141842e-08,1.7112112e-14,5.0687725e-18,1.214025e-26,0.0,4.0478824e-14,3.819719e-20,6.824346e-10,1.0,6.844e-42,5.5990077e-19,1.2795485e-12,1.6287457e-26
2326,1241,1281,16,8.872e-41,2.1146473e-11,4.8592983e-16,1.0471047e-06,2.0299113e-16,2.853e-42,7.581933e-15,2.062529e-10,1.8163249e-11,3.7427513e-14,2.2503947e-19,2.5610033e-30,0.0,1.9684504e-14,1.0193239e-20,1.2995652e-11,1.0,0.0,1.2520064e-21,2.0937085e-16,3.599765e-30
2327,1242,1282,16,2.1059679e-35,1.0518907e-10,1.696432e-13,2.6537567e-05,3.2726332e-33,3.151456e-39,2.805922e-12,1.609627e-06,2.205909e-11,1.4215593e-13,1.2430167e-14,3.8924094e-29,0.0,4.075077e-12,5.570086e-16,1.8479569e-11,0.99997336,0.0,9.865029e-18,2.9845473e-16,2.5098965e-24
2328,1243,1283,16,1.6262647e-38,1.4175758e-10,1.5390021e-13,2.3922348e-05,1.0873713e-30,2.1565817e-37,1.2914597e-12,6.5730134e-08,2.6484265e-13,8.028589e-13,1.01778064e-14,2.5814636e-30,0.0,4.7977167e-11,6.518649e-17,1.8421362e-11,0.99997705,0.0,2.1630086e-14,1.6755018e-16,1.6386494e-25
2329,1262,1285,16,1.8605754e-34,1.330192e-09,5.0270664e-17,2.4973701e-06,1.4672472e-31,1.1570154e-37,1.9887795e-11,6.1348615e-08,1.6772382e-12,6.857605e-14,5.5248056e-14,5.27835e-35,0.0,2.8076808e-10,1.3495024e-15,1.1574527e-14,0.9999962,0.0,8.971667e-25,1.3145985e-18,1.6942617e-25
2330,1260,1289,13,3.4761802e-14,3.97733e-09,4.1129682e-18,2.4640443e-26,4.980623e-33,3.9e-44,2.673995e-08,6.693012e-11,3.216023e-05,9.897094e-13,2.3002024e-06,2.115997e-39,0.0,0.99996567,2.1278049e-11,2.0026441e-17,8.77354e-17,3.1922692e-38,2.0846644e-22,1.950979e-07,2.4154633e-19
2331,1257,1272,8,6.925383e-20,3.2731152e-06,9.755502e-16,2.5723997e-23,2.3074764e-31,6.506e-42,1.7800498e-07,0.00961543,0.57482153,1.7334488e-09,4.268942e-08,1.0592413e-29,0.0,0.41556007,3.1442342e-12,6.763739e-14,6.524555e-14,1.6964456e-35,8.858142e-12,5.0138533e-09,5.706583e-20
2332,1255,1271,8,3.945559e-27,8.79462e-09,1.37421864e-17,3.3098493e-16,1.6962864e-32,1.811645e-36,6.516451e-05,0.014959057,0.9849698,6.7040887e-15,2.9234157e-10,3.6851368e-27,0.0,6.9383788e-09,9.851501e-16,4.3478667e-06,4.1670703e-12,1.9706046e-31,4.4411175e-07,6.387074e-12,1.4465682e-15
2333,1265,1290,16,0.0,7.8885265e-10,2.1691199e-17,5.2606783e-06,9.195789e-16,6.479156e-32,1.6402709e-08,0.095383495,0.038950473,6.216542e-14,4.0641745e-14,4.257724e-29,0.0,6.066224e-11,1.3683136e-16,1.5737315e-07,0.8656623,0.0,1.2905187e-20,4.198363e-18,1.3788623e-22
2334,1291,1288,7,1.9514048e-28,6.582934e-13,2.9510384e-15,3.3121276e-13,2.0517369e-27,5.8491323e-36,8.136071e-12,0.9999962,6.561233e-10,2.4659275e-09,5.5514274e-13,2.2609225e-30,0.0,2.1015608e-06,2.7954982e-17,7.594207e-15,4.9622185e-14,6.520406e-27,1.1818554e-19,3.7444345e-15,3.3432187e-26
2335,1266,1291,7,4.2781938e-27,3.0074224e-12,4.8371503e-20,6.31355e-13,7.4203626e-20,1.773571e-36,1.4292804e-13,1.0,1.4968929e-10,5.1840953e-08,1.9316726e-15,1.986454e-31,0.0,9.598981e-09,1.4201781e-19,1.1188622e-15,6.2284167e-12,7.0037975e-31,1.2359383e-22,3.941354e-16,1.7795053e-31
2336,1290,1287,16,0.0,2.56132e-12,9.555882e-14,0.0029168758,7.8765086e-15,1.9718058e-33,1.9311838e-10,0.0054475083,1.6896054e-06,5.174482e-12,3.4456486e-11,8.0159193e-28,0.0,3.711326e-09,5.05944e-19,1.89601e-07,0.99163526,0.0,3.0828052e-21,1.0630076e-18,6.416219e-31
2337,1296,1293,6,1.3397511e-16,1.1184031e-12,6.832382e-14,3.8886534e-22,3.378183e-39,2.754e-42,1.0,1.7352778e-13,4.2811226e-09,2.9970714e-18,1.8892098e-21,1.0529036e-30,0.0,1.0883565e-12,1.9184771e-14,7.4282513e-16,3.5559422e-14,2.0396065e-38,1.2858501e-28,2.6600413e-27,9.60533e-29
2338,1295,1294,0,0.99997336,8.039005e-14,4.2709146e-15,4.7712693e-19,4.7864e-41,0.0,2.839365e-05,9.949711e-13,5.1019584e-13,2.1699972e-17,2.2827414e-10,3.8760562e-34,0.0,5.4008714e-10,8.1921076e-17,2.8830549e-13,9.068955e-22,1.8518052e-31,2.0960302e-27,1.7576834e-20,1.6142843e-18
2339,1310,1313,7,3.085353e-17,2.3812927e-11,1.9338037e-07,7.803305e-13,1.164501e-33,3.6246398e-36,0.0034344427,0.98622924,1.4107322e-07,5.6426486e-09,6.922573e-08,8.18931e-21,0.0,0.010336766,5.7528995e-12,1.8472862e-12,1.3621554e-12,6.5565236e-34,3.0781049e-21,1.2176038e-21,1.0643145e-25
2340,1297,1296,6,1.123872e-29,2.7683607e-11,3.3590467e-10,7.610004e-17,3.326504e-33,0.0,0.9983229,2.0386983e-06,0.00164288,7.605999e-17,8.142303e-14,4.1711694e-29,0.0,2.3555885e-11,7.279544e-17,3.0499612e-05,1.3992515e-15,2.3989308e-22,4.5087887e-20,1.0191753e-14,5.060617e-19
2341,1309,1312,13,4.173157e-15,1.2619807e-05,8.662355e-12,1.755885e-15,3.615e-42,6.6929e-41,6.6028474e-07,0.007167857,6.174408e-05,8.282983e-10,0.00078051275,4.8583945e-29,0.0,0.99197197,1.2557881e-09,5.7190745e-11,8.640152e-18,3.1635513e-30,2.2909925e-19,4.1066437e-06,1.3482676e-15
2342,1298,1295,8,1.7197646e-36,2.6345663e-09,7.1009945e-09,1.6689923e-12,4.1697348e-23,7.4e-44,0.0012143077,0.00014560988,0.9943512,3.774594e-15,4.565158e-12,3.0505697e-25,0.0,6.8425083e-12,9.700334e-21,0.004290487,7.27212e-13,5.946316e-23,5.4777267e-17,4.9932156e-11,1.5138854e-17
2343,1311,1316,6,4.0684126e-20,6.582018e-09,1.0889393e-17,3.2066922e-25,6.54e-43,6.334e-42,0.943896,3.8084122e-06,0.056098737,1.196928e-11,2.8510017e-11,1.577001e-29,0.0,7.0294453e-07,1.3156347e-14,6.6770645e-14,1.2610263e-15,9.009124e-16,1.5745526e-24,1.0626314e-09,7.3130813e-25
2344,1313,1314,6,4.7030446e-30,3.200704e-10,1.0354122e-11,8.808019e-16,7.129991e-37,0.0,0.99997705,1.499846e-05,8.296187e-06,1.4662005e-09,1.4395786e-13,1.5387036e-27,0.0,4.6098822e-07,8.992839e-18,1.9424243e-07,6.053108e-14,8.34123e-25,3.558972e-27,1.0044711e-19,1.8015591e-32
2345,1308,1310,6,8.0617525e-16,1.6170151e-10,4.639825e-13,2.9831747e-13,7.1147905e-33,6.2219386e-33,0.9999695,7.1572894e-09,2.8060069e-05,3.6808393e-11,2.8102666e-15,3.7425076e-22,0.0,8.110611e-09,1.3044906e-06,1.6419945e-13,1.7183662e-08,4.272676e-37,5.8597447e-27,5.422899e-25,2.8454542e-08
2346,1307,1309,20,2.5728996e-12,1.821303e-15,2.2577012e-21,1.1554294e-19,3.5e-44,3.8e-44,1.8556892e-10,2.5727608e-17,3.499152e-13,9.481313e-19,2.947479e-14,3.2420308e-32,0.0,5.0871566e-14,1.6551364e-11,5.9315793e-19,4.581941e-20,6e-45,6.2797244e-30,2.0306639e-22,1.0
2347,1303,1300,8,1.137e-41,1.2917438e-07,1.5232873e-17,3.2801918e-20,1.0196122e-34,5.2803695e-33,6.1155006e-05,4.4466947e-07,0.999939,3.1501723e-15,5.2894776e-12,7.727525e-22,0.0,1.1158973e-12,4.8622757e-19,3.500948e-13,3.791981e-17,1.3354979e-20,7.038937e-24,5.872013e-10,6.183097e-15
2348,1305,1301,8,1.49e-43,3.4494467e-05,4.9794445e-18,8.0431026e-17,2.3394554e-23,2.5381644e-32,2.0201331e-07,1.175178e-06,0.99996567,1.7836741e-13,1.2793721e-13,1.4449567e-24,0.0,7.202744e-12,9.512173e-20,7.734671e-12,2.3481375e-15,3.7078946e-35,2.126626e-28,2.728272e-10,6.0460407e-16
2349,1306,1319,18,6.2461206e-34,1.4973132e-13,4.5672245e-15,1.2492306e-20,1.1225503e-25,7.34461e-40,1.346206e-16,1.3715892e-10,8.732127e-12,7.1489136e-16,4.5708796e-17,2.0180406e-27,0.0,2.7025713e-11,1.6010967e-28,5.1878195e-21,4.0044302e-23,4.383644e-34,1.0,1.2747719e-15,1.5632939e-25
2350,1304,1318,18,2.1604609e-36,1.809798e-09,6.289982e-16,8.666075e-23,6.934599e-23,0.0,2.1952112e-14,5.492244e-11,8.992113e-12,2.2271052e-12,2.5505313e-16,1.44584e-30,0.0,1.5924732e-11,1.6720035e-23,7.687737e-16,1.0505936e-21,2.2886474e-15,0.9999886,1.0060736e-05,2.6332276e-26
2351,1337,1325,4,0.0,2.7737736e-18,1.2688718e-16,7.0975205e-11,0.9999962,9.048378e-33,1.3060238e-14,7.2151582e-09,3.5075773e-06,5.699689e-19,1.1903163e-19,4.221087e-25,0.0,1.950084e-17,8.4806646e-26,5.8992156e-13,1.0997172e-18,4.0682976e-38,1.2363838e-26,1.2377884e-21,2.8685724e-29
2352,1335,1326,4,0.0,3.771251e-17,9.442902e-20,8.881836e-10,1.0,4.461698e-37,1.2607035e-16,6.178842e-11,5.239279e-10,5.3044748e-18,2.7840854e-20,6.9912593e-29,0.0,5.58035e-19,4.9479596e-24,3.5342003e-12,1.5552972e-13,1.4e-44,1.3207728e-23,1.2898605e-18,9.520987e-29
2353,1321,1334,18,3.2478204e-34,5.039374e-17,5.199078e-19,6.0391226e-17,1.6817803e-20,0.0,2.0551312e-17,4.1677477e-15,3.054976e-15,6.9562064e-19,1.0107397e-20,3.0151212e-33,0.0,4.292849e-16,9.196304e-26,2.0750834e-19,7.006342e-22,2.2895825e-37,1.0,1.1461459e-17,2.9658797e-22
2354,1320,1336,18,3.1e-44,1.9671046e-16,1.1441977e-17,5.725658e-14,4.395348e-12,0.0,1.05893306e-16,6.361029e-13,1.6855683e-14,9.193074e-19,1.2355771e-19,6.234959e-33,0.0,1.2657633e-16,7.863271e-22,1.4305499e-15,1.7519666e-20,3.3906756e-34,1.0,6.385669e-17,4.1931826e-23
2355,1322,1323,18,8.216466e-30,4.3896456e-14,2.1014245e-21,1.6065116e-20,3.171214e-21,0.0,3.7590485e-14,1.3548226e-12,4.6972737e-14,4.2036737e-15,2.078951e-18,6.6080133e-37,0.0,3.6417687e-14,1.146113e-21,4.6434343e-14,8.3656415e-17,1.4795189e-28,1.0,9.453162e-15,1.3474428e-18
2356,1323,1324,8,1.5599032e-34,1.4707893e-08,7.757912e-16,0.00017517603,0.0014246933,4.1786633e-25,2.1273005e-12,0.27456996,0.72382617,4.0637265e-06,3.0795738e-13,8.173483e-22,0.0,8.5367114e-13,2.9485282e-23,4.6355578e-07,3.876331e-07,1.6743203e-38,6.044496e-16,2.6817078e-08,8.865042e-26
2357,1351,1339,8,2.37e-43,0.0013908569,4.680958e-15,2.1776521e-16,8.238022e-31,1.226e-39,1.4268746e-10,1.1441841e-10,0.99860865,4.871938e-16,3.3308496e-16,4.8856315e-25,0.0,1.3799817e-09,3.4374602e-24,5.83071e-13,1.3622468e-15,4.1820004e-38,4.7989004e-21,4.7662047e-07,2.4448674e-20
2358,1349,1340,8,1.647076e-28,1.3049132e-07,9.776578e-18,2.4663756e-12,6.0371644e-32,9.917012e-35,7.6509104e-07,2.0907511e-05,0.99997705,2.4297904e-17,2.8176227e-13,6.115575e-26,0.0,2.4880936e-10,1.1311811e-19,4.8765033e-12,9.382541e-13,5.2088343e-38,4.3725422e-17,1.0582377e-10,2.1498988e-19
2359,1346,1341,8,1.7e-44,3.033857e-11,1.2567662e-16,2.8262846e-08,2.6350658e-19,6.003054e-27,1.0020552e-06,0.002639645,0.9970023,3.9370044e-12,1.107604e-16,6.305843e-22,0.0,3.0287432e-13,4.8440304e-23,0.0003358493,1.9573772e-05,1.8294114e-34,4.8209502e-23,1.8520152e-18,1.3494408e-30
2360,1344,1342,8,8.275315e-31,0.04836346,2.8038955e-15,3.6041555e-11,2.9340775e-30,8.557156e-35,0.0017395018,0.038643084,0.9109272,1.5279618e-08,5.6114266e-13,2.3012702e-31,0.0,2.7588664e-08,4.7586304e-14,3.969221e-09,0.00032773163,1.8442417e-30,4.8388284e-13,2.244241e-10,1.7602468e-12
2361,1356,1361,7,7.0937525e-35,1.1037721e-12,1.6723802e-15,2.0319033e-15,1.9501696e-28,2.19745e-40,1.2384821e-07,0.9999695,2.9109484e-05,2.0171392e-13,3.039095e-17,1.094126e-27,0.0,7.0522345e-11,1.0103547e-19,4.312989e-16,2.7187539e-11,1.664765e-33,2.1520534e-22,7.1043177e-19,2.6007554e-32
2362,1327,1363,18,1.7172e-41,8.050325e-15,3.238146e-19,1.7133609e-13,5.897612e-15,3.3432e-41,5.3302825e-16,1.1933399e-11,7.86026e-10,8.5197725e-18,1.4865374e-16,9.4721035e-32,0.0,4.1258463e-14,1.1139335e-25,4.472851e-11,9.668435e-17,9.998225e-35,1.0,1.79211e-14,7.3976e-23
2363,1328,1364,18,3.136522e-33,1.3634252e-10,2.3132304e-17,4.0598858e-05,8.344455e-15,2.993635e-39,9.535937e-12,6.437132e-08,4.4071716e-10,7.654974e-13,3.1175077e-18,5.8867304e-31,0.0,3.667508e-12,4.4620176e-16,4.390071e-11,7.927247e-13,3.3358564e-33,0.999958,1.000687e-15,1.623493e-17
2364,1365,1329,3,0.0,1.7486704e-10,1.4319102e-14,0.7462532,6.271342e-16,3.1061254e-32,1.156359e-13,3.310758e-09,1.8394485e-09,3.388641e-14,2.7531988e-16,8.065275e-27,0.0,9.658161e-15,1.5172594e-20,6.284159e-07,0.25374594,1.335e-42,1.1060012e-13,3.739169e-14,1.4131861e-25
2365,1330,1367,16,6.77196e-40,4.563367e-11,2.1236902e-14,5.0100944e-06,2.6751412e-13,3.6568565e-38,3.95446e-14,1.0789619e-09,4.0735446e-09,6.300531e-14,6.4650835e-17,9.081954e-26,0.0,8.3738273e-14,1.5307543e-18,9.745452e-10,0.9999962,1e-45,8.53721e-18,1.12678235e-14,1.0343311e-25
2366,1331,1368,16,3.7157104e-35,6.9071016e-12,1.1784716e-16,0.0012785541,5.4087443e-11,4.40333e-37,9.247328e-15,2.2534086e-05,2.5041165e-12,2.9143789e-07,4.074976e-16,1.6247089e-30,0.0,5.6332196e-12,9.370571e-18,6.405258e-10,0.9987,0.0,1.5680203e-15,4.330217e-16,2.7935196e-29
2367,1332,1370,16,1.2914038e-37,8.132759e-10,3.276439e-13,4.664796e-05,5.294504e-20,2.63496e-38,2.6572538e-11,4.1882173e-05,4.2904134e-07,1.296597e-14,2.477983e-13,7.466163e-27,0.0,6.5568266e-11,7.334627e-16,2.1553162e-06,0.9999084,1.8e-44,6.83308e-08,2.322394e-14,7.427131e-20
2368,1333,1371,16,1.8789362e-32,5.716684e-08,1.112455e-11,0.0025303713,2.9112643e-24,2.2343314e-33,1.0897919e-08,0.013163303,5.1293285e-09,1.1463255e-09,3.7028286e-08,1.0935758e-26,0.0,2.9811035e-06,1.4316719e-11,3.8382546e-05,0.7926026,4.6246292e-35,0.19166319,3.7098623e-12,5.398895e-17
2369,1355,1374,16,3.08677e-40,3.5397052e-12,9.784605e-17,0.00088967494,6.586812e-25,4.628124e-35,4.529008e-13,1.271878e-06,1.8491977e-11,1.1451999e-13,2.2294162e-13,8.142206e-30,0.0,5.1693948e-11,4.1695723e-17,7.0976565e-11,0.9991077,0.0,1.8398199e-17,8.118118e-20,1.5441612e-26
2370,1353,1380,13,2.0570184e-20,4.706916e-10,1.008869e-17,4.4303633e-26,4.0157096e-28,4.79e-43,7.094323e-12,1.9843398e-10,1.0896351e-06,1.4367211e-12,3.7022535e-06,7.85861e-40,0.0,0.9999923,9.09293e-14,1.9175815e-17,9.896913e-19,8.638334e-34,9.4359463e-29,2.5498828e-06,1.7423681e-21
2371,1350,1390,18,6.6761976e-29,7.5576106e-10,6.1180826e-15,1.2313088e-20,1.0164997e-30,2.2547e-41,2.5957554e-13,1.884435e-09,9.117753e-09,8.1189974e-17,7.993358e-12,1.4090061e-29,0.0,4.7856212e-09,2.0753413e-22,7.0040955e-15,2.7066226e-21,1.6601018e-28,1.0,3.0076074e-11,4.664676e-18
2372,1348,1389,7,2.8811592e-31,8.602843e-06,2.6705935e-13,2.6960809e-06,3.392649e-30,2.2e-44,1.3908802e-08,0.9999886,1.231331e-07,5.042793e-11,4.0081314e-14,1.1988223e-29,0.0,7.1874906e-10,6.792562e-16,1.4123069e-11,1.3097484e-10,4.333622e-38,5.48755e-12,1.3164523e-15,1.3230706e-18
2373,1358,1382,7,0.0,7.177098e-05,1.07484354e-13,4.7495843e-05,5.9290367e-22,1.1506955e-28,1.1494049e-07,0.9101596,0.048590355,4.5488989e-07,1.2991115e-15,2.5725613e-27,0.0,1.6094965e-08,4.4256967e-13,5.3750507e-12,0.041130487,1.01e-43,1.5111766e-28,2.2812497e-13,1.241391e-22
2374,1359,1383,7,0.0,8.753381e-10,2.1662785e-14,0.0002035359,2.1777053e-13,2.3643032e-26,1.8614968e-13,0.99977106,1.1808672e-06,2.3377283e-05,3.8934304e-16,9.903303e-25,0.0,4.9851644e-11,1.995983e-20,8.026048e-13,3.1679966e-07,3.1532525e-36,8.39535e-30,4.4455697e-17,2.622156e-30
2375,1382,1377,7,5.431122e-39,1.7232838e-07,4.7152577e-16,0.034934163,2.3640631e-23,9.572141e-39,5.590155e-10,0.9277215,2.901421e-08,1.0756883e-06,4.696777e-12,2.0219789e-34,0.0,1.3926069e-06,2.5841167e-13,2.4365188e-10,0.037340604,3e-45,6.5960414e-17,1.301333e-16,1.3422337e-21
2376,1343,1386,7,1.790952e-32,8.491795e-05,2.1410907e-13,6.97219e-14,6.847837e-19,9.775e-42,4.5386223e-06,0.9996529,0.00023977268,1.6027227e-05,5.5097786e-14,1.0767751e-23,0.0,5.339153e-09,3.1432053e-18,1.9724503e-13,2.0758609e-10,1.4463038e-22,1.6585564e-14,2.789327e-12,2.31697e-21
2377,1345,1387,7,3.6e-44,2.4951214e-07,7.280929e-18,7.368973e-11,2.1388865e-28,6.0039827e-38,4.8485337e-11,0.9999962,4.1295953e-06,4.0196238e-10,8.5699185e-15,1.4561605e-26,0.0,2.9684105e-10,7.2269e-22,5.8387934e-12,1.6463444e-09,8.168276e-30,8.53568e-18,1.0594357e-13,2.400973e-29
2378,1383,1378,7,1.2274e-41,1.352302e-13,3.0101972e-14,1.8885883e-08,3.2997129e-24,2.4355797e-33,1.1423288e-13,1.0,2.7679593e-11,7.710001e-08,8.4212624e-16,2.135658e-28,0.0,1.2267031e-08,6.210499e-21,4.470228e-17,1.5301109e-12,3.813868e-34,1.330078e-20,2.4749985e-20,1.8518775e-29
2379,1081,1104,16,8.114677e-21,9.511153e-06,3.3270859e-19,5.561446e-08,1.8425216e-27,0.0,4.0040464e-09,5.976707e-05,9.966603e-08,1.7412368e-08,3.734274e-17,6.36697e-40,0.0,2.768143e-08,1.576385e-17,1.7759661e-15,0.99993134,0.0,2.0432817e-31,7.955905e-21,3.7363923e-27
2380,1171,1194,16,3.282745e-20,4.0740595e-08,1.0581411e-17,1.1551328e-06,1.7747561e-35,3.55e-43,2.3700462e-11,3.3401918e-07,7.0355445e-12,7.2191464e-10,4.6583732e-14,3.4596546e-38,0.0,2.8722493e-08,7.990602e-15,6.8944445e-18,1.0,0.0,2.4897097e-31,7.1221963e-20,1.69255e-25
2381,1261,1284,16,6.898642e-29,2.9579466e-08,6.645139e-17,1.6405924e-05,1.14808e-32,3.0599437e-38,3.4509613e-12,2.6106687e-07,2.8070567e-12,2.861186e-13,3.3693285e-16,4.922007e-36,0.0,2.8415248e-10,7.4708035e-13,6.7904925e-15,0.99998474,0.0,6.13424e-27,1.4862872e-17,4.0282585e-21
2382,1354,1373,16,2.6280475e-35,8.8623706e-11,2.051575e-17,0.010330775,2.0314016e-28,2.879019e-37,6.7696277e-13,3.7622462e-07,2.5073674e-11,1.0036971e-12,3.4872306e-14,3.6505156e-30,0.0,4.134879e-12,1.6054611e-16,3.911994e-09,0.98967016,1e-45,1.8270912e-24,1.994593e-17,4.65709e-23
2383,578,582,6,1.5790243e-13,0.00937293,4.803873e-10,1.6464594e-14,6e-45,2.81126e-40,0.69124115,5.510912e-07,0.0002587512,5.4724495e-07,8.286735e-12,1.4523152e-27,0.0,0.29912266,3.8417715e-12,3.2363087e-10,4.3910628e-17,1.2938997e-21,7.248225e-34,2.3423063e-06,3.2945454e-23
2384,689,692,6,3.6109213e-21,2.6271457e-05,4.526005e-12,1.6551489e-15,5.79501e-40,9.29268e-40,0.9878671,2.8381396e-06,0.0074390476,1.3144756e-07,4.4167244e-13,1.1177426e-26,0.0,0.00466473,7.666129e-15,3.5844405e-10,5.098395e-14,4.0599705e-24,2.908279e-31,4.158024e-10,3.129932e-28
2385,766,769,6,2.8726196e-17,2.356564e-07,5.4859145e-13,6.070442e-17,2.92607e-40,4.512e-42,0.997847,9.451686e-07,0.00064427714,8.0026155e-09,1.6231132e-12,1.2187247e-27,0.0,0.001508437,2.1564085e-15,1.8284499e-10,4.8109206e-15,3.188335e-25,1.5852263e-31,3.755813e-12,2.7784584e-30
2386,843,846,6,5.363342e-17,2.9112783e-07,8.1023686e-13,1.3123495e-17,3.56e-43,4.83e-42,0.99954236,9.121241e-07,8.913862e-06,3.303594e-08,8.6263e-15,2.4679649e-28,0.0,0.00044709735,7.10542e-14,3.2720439e-12,3.0240988e-15,3.6535622e-25,1.14567125e-29,1.452032e-13,1.1255231e-30
2387,1312,1315,6,2.215167e-12,3.5552205e-08,1.8418662e-14,2.8713145e-18,1.0426e-41,1e-45,0.9998665,9.722261e-07,2.352667e-06,4.8266893e-09,3.5881956e-14,1.1018522e-30,0.0,0.00013098423,1.5080432e-14,9.735373e-12,2.0158515e-16,2.5509878e-24,7.070887e-30,1.7678763e-14,1.965973e-30
2388,1222,1225,6,4.1973416e-09,5.010832e-09,1.1324927e-13,1.6565676e-18,1.3286e-41,8.55e-43,0.99996567,2.6784082e-06,4.242853e-08,7.166906e-09,3.2529992e-14,1.4016677e-28,0.0,3.1461892e-05,8.264192e-13,1.086639e-12,1.1688407e-17,6.2631643e-24,1.3201267e-25,1.1874388e-15,3.9430142e-28
2389,1132,1135,6,2.0488029e-13,5.0683152e-08,4.1660807e-14,1.1945745e-18,7.5706e-40,9.844e-42,0.9999923,4.3389696e-06,4.4637238e-07,5.8365554e-08,1.3114245e-16,2.0194181e-28,0.0,2.749319e-06,4.872352e-14,3.1895344e-13,3.3737547e-15,1.0074722e-26,5.640085e-25,4.874036e-17,8.307906e-28
2390,1042,1045,6,2.1891865e-10,1.77056e-09,7.8872164e-14,4.8352527e-19,4.1309e-41,2.456e-42,1.0,1.4908381e-06,1.1568079e-07,2.4134572e-10,3.4972318e-16,4.072651e-28,0.0,2.5639758e-07,5.7250054e-13,5.8804077e-14,2.2623967e-16,1.4748194e-28,9.4103036e-24,1.0730342e-18,5.516336e-23
2391,650,640,7,5.5212954e-26,3.1994013e-08,7.580769e-17,2.5750577e-10,1.007804e-09,8.0078275e-34,1.6375458e-07,0.9827591,0.006111332,0.011100142,1.9149266e-11,1.7314212e-30,0.0,2.993709e-05,7.065561e-19,1.732782e-08,1.0765828e-14,1.599396e-25,1.34181975e-20,2.546173e-11,8.326166e-24
2392,737,729,8,1.246001e-32,2.3431606e-09,1.3746499e-15,7.474966e-13,3.853828e-09,1.2249374e-35,4.443945e-08,0.0003518435,0.99964535,3.980739e-12,1.6474867e-10,1.9811423e-23,0.0,6.941476e-09,8.470056e-27,1.1849284e-06,4.538558e-19,1.3041693e-33,1.686573e-20,1.8942566e-11,5.344036e-27
2393,814,806,8,3.974948e-39,8.3514236e-09,6.1864066e-13,2.740911e-13,1.7844781e-12,3.7634458e-33,4.0225135e-07,4.2488177e-06,0.9999923,1.5447396e-17,9.881034e-11,9.497986e-22,0.0,3.5005242e-11,2.081488e-20,2.6053676e-06,8.274723e-14,7.89e-43,3.231351e-24,1.6977553e-10,1.891595e-23
2394,891,883,8,1.2695851e-36,6.63356e-11,6.5644175e-16,3.5456172e-16,7.222534e-10,2.9965977e-29,1.5455004e-09,1.9577018e-09,1.0,7.389404e-20,4.73484e-13,1.8265584e-20,0.0,8.74559e-13,6.3329663e-21,3.644218e-12,5.8391566e-17,3e-45,1.2046944e-30,1.1886117e-09,2.8146567e-21
