beam_id,start,end,cluster,p0,p1,p2,p3,p4,p5,p6,p7,p8,p9,p10,p11,p12,p13,p14,p15,p16,p17,p18
0,0,1,0,1.0,0.0,2.1024236e-24,8.354526e-21,8.7044235e-12,1.719819e-34,1.212316e-13,3.8910586e-14,4.965656e-10,6.498599e-36,1.646978e-10,1.3054686e-10,3.5585302e-16,1.448854e-16,3.492377e-17,0.0,2.0508156e-10,2.5498036e-07,4.450316e-19
1,1,2,0,1.0,0.0,4.6135038e-23,8.9271374e-20,1.679705e-10,4.3160258e-35,6.7181243e-13,2.8847378e-13,3.061238e-09,3.114604e-35,2.5702293e-10,9.2591423e-10,4.5998355e-14,9.992908e-16,6.7557412e-15,0.0,2.008943e-08,1.2981762e-06,5.3638273e-19
2,2,663,0,1.0,0.0,2.5319483e-23,3.7665564e-21,2.4800554e-12,4.012243e-39,1.0665314e-14,8.963942e-16,4.273268e-12,6.8170516e-35,1.6379986e-11,5.1766738e-12,2.319294e-15,1.2547801e-13,2.9600567e-16,0.0,8.1085033e-10,4.3319713e-07,4.0379532e-20
3,3,900,17,5.7948966e-14,0.0,6.1823955e-28,3.0897462e-17,4.3727647e-07,4.273019e-29,1.0733477e-06,1.960307e-12,9.9906993e-23,2.2087944e-36,1.8959584e-08,2.8643857e-13,1.0497765e-13,8.767635e-06,1.3412833e-11,0.0,4.501672e-13,0.9999886,6.0886213e-18
4,4,983,18,2.9911678e-17,0.0,2.314841e-06,3.428812e-19,6.9146606e-14,2.3380509e-26,4.2069892e-10,1.6000869e-16,1.562016e-13,1.2772645e-37,9.769774e-07,5.3921197e-11,4.5648797e-12,1.14506475e-20,5.808113e-20,0.0,8.92956e-19,3.204086e-11,0.9999962
5,5,907,17,6.6268787e-12,0.0,1.1843714e-23,3.781102e-18,4.6201485e-06,4.355161e-33,5.700354e-07,4.218298e-12,3.115054e-21,4.245339e-34,8.6428615e-09,1.018459e-09,2.5440455e-12,2.6148862e-06,1.5053163e-10,0.0,4.032292e-11,0.9999923,2.5694457e-17
6,6,913,17,3.682366e-13,0.0,6.556666e-29,9.539936e-20,5.0740994e-08,1.4428475e-31,8.661877e-08,2.2319508e-14,2.5338449e-21,1.5559555e-36,2.4557623e-08,9.387445e-13,5.5435887e-16,4.10606e-08,2.0583287e-13,0.0,5.518168e-15,1.0,1.2388119e-16
7,7,914,17,6.2883363e-13,0.0,3.1504862e-29,7.5142824e-19,1.7435374e-07,3.167233e-31,4.848192e-07,3.419977e-14,3.8959293e-22,4.677445e-36,7.083679e-09,2.7047345e-13,7.021538e-15,1.1773717e-07,1.9096734e-12,0.0,1.0192887e-13,1.0,2.1830397e-18
8,8,1000,18,4.9835684e-18,0.0,1.676991e-17,2.9709572e-19,2.0612536e-11,3e-45,2.0642166e-07,2.721642e-16,1.3694339e-12,1.8e-44,3.3207343e-11,1.1320577e-11,8.887909e-16,5.9006097e-21,6.8269743e-18,0.0,1.2270198e-18,5.614127e-12,1.0
9,9,994,2,1.82836e-24,0.0,0.9472108,7.683702e-21,8.454348e-09,1.1696005e-37,6.4478526e-14,2.4185076e-10,2.8914166e-19,5.976768e-30,1.2476592e-12,5.791141e-06,7.244129e-13,1.3734302e-13,5.184547e-09,0.0,1.6315149e-16,1.5254834e-12,0.05278419
10,10,988,2,3.0528176e-32,0.0,1.0,5.617676e-22,5.28268e-13,5.35788e-40,3.799925e-20,2.341035e-16,6.592005e-28,6.063687e-31,1.07231916e-16,2.5967482e-11,2.0512485e-15,8.709574e-19,5.1016635e-14,0.0,7.342507e-20,2.4401539e-19,2.3666866e-10
11,11,966,2,1.386882e-20,0.0,1.0,9.5859e-20,8.9250676e-11,5.773e-42,1.7339713e-09,3.141079e-21,3.9459666e-19,8.49936e-39,3.465982e-08,1.2479645e-11,1.4377429e-09,1.4411346e-19,1.502964e-17,0.0,2.1782526e-14,2.3872297e-13,4.57723e-10
12,12,963,2,1.2973631e-23,0.0,1.0,7.8557997e-16,7.51389e-09,2.561004e-37,2.6032572e-09,3.0509417e-18,1.6698882e-22,4.2183753e-36,7.08727e-10,2.0596614e-08,1.904342e-11,1.1326633e-17,1.0309565e-15,0.0,3.454454e-18,1.2124335e-10,3.147661e-08
13,13,949,2,8.932643e-23,0.0,0.9999427,5.0992833e-24,7.3818643e-17,4.099428e-36,7.5469145e-12,2.1978092e-21,6.078427e-20,1.893846e-39,3.7973013e-13,1.4336639e-15,2.5636327e-15,8.913794e-21,1.1813854e-21,0.0,5.6431494e-22,3.430718e-14,5.6492074e-05
14,14,969,2,3.0900447e-22,0.0,1.0,1.9057637e-21,1.2049472e-15,1.3810252e-38,1.7776047e-17,2.8310043e-20,2.1978976e-17,1.7e-44,2.2465601e-12,3.052789e-13,4.02714e-12,2.0845892e-18,1.7580136e-18,0.0,5.0066797e-19,2.0639177e-14,2.5730323e-12
15,15,955,18,1.1362199e-18,0.0,3.946369e-21,6.88957e-21,6.52819e-14,2.8137967e-22,2.0463456e-10,1.2265369e-12,5.386669e-12,1.1e-44,5.619474e-08,1.210474e-10,2.9715044e-17,4.4510146e-18,5.3074047e-20,0.0,1.3887828e-20,2.2126377e-08,1.0
16,16,975,18,4.210986e-18,0.0,4.2822027e-23,4.3795966e-20,6.643714e-11,9.9057763e-29,2.936172e-07,1.7434675e-11,1.4923708e-11,1.3715e-40,8.218022e-10,4.5740706e-10,1.3812243e-17,1.7662045e-14,1.2269984e-15,0.0,3.67636e-20,3.0524953e-07,1.0
17,17,979,18,3.5361538e-13,0.0,2.8570095e-20,1.2107613e-16,1.8868242e-08,3.4589524e-32,3.3884478e-06,5.544833e-10,2.5079657e-07,1.0601e-41,2.0377722e-07,4.898556e-06,3.385243e-14,5.892034e-08,3.7003607e-14,0.0,7.6908765e-16,0.13023907,0.8697535
18,18,951,18,1.03200734e-22,0.0,6.080051e-20,4.989646e-22,1.362649e-12,8.220543e-37,8.944696e-12,3.9621632e-13,4.531684e-14,3.0040347e-38,4.4657176e-14,3.570315e-11,2.846459e-19,1.1531083e-20,4.680527e-16,0.0,1.2208369e-20,3.1935522e-13,1.0
19,19,919,18,1.1293734e-21,0.0,2.464757e-20,2.5895128e-22,9.565438e-14,2.1494314e-34,1.6326834e-11,7.386463e-15,1.0148618e-13,2.308e-42,1.7456684e-13,3.842973e-12,1.2981479e-19,2.4939332e-21,9.5733384e-18,0.0,5.156977e-22,5.287479e-13,1.0
20,20,972,2,1.927366e-23,0.0,0.99448395,1.2205247e-13,5.9341545e-13,1.1163849e-38,2.6605624e-17,1.0393358e-15,4.4819774e-16,1.7881122e-32,3.1006046e-12,1.0059003e-06,2.4791524e-08,6.6363704e-18,1.080235e-08,1e-45,8.852039e-17,9.698736e-15,0.0055159708
21,21,945,2,1.9490848e-27,0.0,1.0,8.16665e-24,6.5435876e-17,3.81e-43,2.2952163e-20,1.1139697e-21,6.9760156e-23,7.874806e-35,1.6892534e-18,2.8558944e-15,3.1454308e-14,6.1350782e-21,3.893623e-16,0.0,4.3947424e-20,5.691159e-16,2.924362e-11
22,22,960,2,2.4495778e-23,0.0,1.0,7.09145e-21,5.448551e-17,2.301542e-39,2.728032e-18,9.777427e-20,4.1047253e-17,1.2644122e-38,5.415676e-13,2.774712e-13,2.0947442e-11,4.6503717e-19,6.617259e-18,0.0,1.8782769e-17,1.9827229e-15,5.0212553e-11
23,23,937,18,4.9517277e-20,0.0,0.08377714,2.8390695e-22,8.914864e-10,8.193e-41,8.515838e-11,1.8609591e-11,1.2735812e-15,4.201081e-28,4.0612538e-10,5.086597e-09,1.097533e-12,2.9355794e-14,1.1495504e-13,0.0,2.0787151e-16,1.7396465e-12,0.9162245
24,24,1006,2,1.2176172e-22,0.0,1.0,5.854685e-23,1.6475062e-17,5.79e-43,4.669639e-20,5.849939e-20,1.1281437e-18,2.9438195e-38,3.618073e-16,3.1709578e-15,9.7880925e-14,2.2895157e-19,8.09459e-19,0.0,5.7587854e-19,3.4254724e-15,3.2121177e-09
25,25,544,8,4.5176512e-14,0.0,8.10412e-23,9.744818e-18,1.6388019e-07,1.7653361e-21,0.04278085,2.723955e-11,0.94666547,1.1144506e-35,1.5193255e-07,5.5642926e-07,2.304867e-13,1.7218969e-15,5.800393e-10,0.0,1.2947449e-12,1.5078824e-06,0.010552549
26,26,27,18,3.6259496e-23,0.0,8.263185e-05,1.2905605e-24,1.1682747e-17,4.63286e-40,4.877391e-14,7.805177e-14,1.6269655e-16,4.8049773e-38,1.5584032e-13,2.3546247e-13,5.731465e-16,9.846602e-19,3.4186493e-20,0.0,4.9269103e-21,5.36838e-16,0.9999161
27,27,28,18,1.499189e-19,0.0,1.2077844e-11,1.19535644e-14,7.9928236e-16,6.838871e-30,5.0797834e-12,1.1484575e-08,1.0739896e-08,4.1705704e-34,2.3964095e-12,9.649152e-12,3.5149755e-11,4.226057e-14,4.344784e-13,0.0,2.26647e-12,1.7893568e-14,1.0
28,28,32,18,2.043304e-17,0.0,3.4266337e-16,4.087283e-12,5.3509223e-15,5.7744375e-30,4.7772903e-07,5.1686967e-14,2.3952102e-06,9.082705e-36,1.9677134e-15,1.2669266e-10,5.4511038e-11,9.0956425e-20,6.770306e-11,0.0,2.880044e-12,4.1476276e-12,0.9999962
29,29,30,18,4.037594e-15,0.0,6.1977865e-22,3.534338e-18,6.2289424e-11,3.587293e-21,8.505926e-06,1.9926677e-11,0.0016152267,1.376287e-30,1.1896925e-07,1.198917e-09,2.6129994e-15,2.7270464e-16,1.5809893e-13,0.0,3.534992e-14,5.0330906e-10,0.99837625
30,30,31,8,4.5848223e-14,0.0,8.096762e-24,8.738527e-19,3.2651432e-08,8.215191e-20,0.0003061059,4.1393924e-12,0.5958553,7.958432e-34,3.2799502e-07,4.5851163e-08,1.665606e-15,1.1155035e-16,2.1645955e-12,0.0,6.0632597e-12,7.962966e-09,0.4038393
31,31,25,8,1.5515099e-14,0.0,1.5399465e-22,1.13007e-16,3.5755963e-07,3.056054e-19,0.004359549,2.0324579e-11,0.7429781,4.929517e-31,3.5616023e-07,9.124408e-07,5.374512e-14,1.6194123e-15,1.7802518e-09,0.0,3.2992673e-12,2.3151755e-07,0.25266123
32,32,33,18,7.213413e-12,0.0,2.978951e-16,6.85328e-17,8.944784e-15,4.590732e-24,1.5143725e-07,1.3970222e-15,1.9944533e-05,2.129e-42,2.9423455e-10,1.5317337e-13,2.959453e-12,1.1745978e-17,1.6447889e-15,0.0,1.512007e-13,1.8611099e-09,0.9999809
33,33,34,18,3.30131e-10,0.0,9.9420274e-17,9.486708e-18,4.0527821e-13,1.4982531e-24,3.7875202e-06,2.2523595e-13,0.10543823,0.0,4.7720266e-07,4.124135e-12,1.5658366e-10,1.0153443e-16,1.7437355e-16,0.0,3.5734365e-10,2.3849418e-08,0.89455634
34,34,29,18,8.931486e-15,0.0,3.4554113e-21,3.756647e-18,1.0374049e-11,7.757258e-24,8.497101e-07,1.4310432e-12,0.0028305426,2.3067975e-32,5.4417595e-09,4.881589e-10,1.895554e-15,5.6861843e-18,7.774362e-14,0.0,3.606708e-14,9.795167e-11,0.9971697
35,35,36,13,0.000677617,0.0,1.0000831e-24,2.6008887e-21,6.327094e-15,0.0,1.3939939e-14,1.254269e-19,2.6284625e-17,4.4213002e-32,2.3249083e-09,1.03562456e-13,4.735021e-13,0.99930596,1.0788645e-14,0.0,1.5623977e-05,9.12319e-07,1.3220357e-19
36,36,37,13,3.809578e-08,0.0,3.6074392e-28,8.954674e-25,5.2728267e-16,0.0,9.172531e-15,6.489931e-20,1.6625358e-20,2.5358974e-34,2.6381293e-11,3.1451743e-17,4.4192456e-16,1.0,6.720216e-16,0.0,6.862209e-11,6.509196e-09,3.3679562e-22
37,37,570,13,5.128335e-11,0.0,6.3379646e-30,2.149794e-25,1.0561466e-14,1.4709702e-36,1.7193157e-13,1.2545279e-18,1.8475525e-21,2.3087218e-35,1.9218176e-10,1.943125e-18,4.014154e-17,1.0,1.2902366e-15,0.0,8.205241e-14,2.0127504e-09,7.055074e-22
38,38,39,4,2.9807045e-14,0.0,4.872337e-20,6.078775e-20,0.9997367,1.8761048e-27,5.650495e-07,1.8169677e-13,1.2763044e-23,1.2373086e-33,2.802753e-06,1.218457e-09,1.5395165e-16,0.00020826329,3.250787e-09,0.0,4.6575733e-14,5.0642066e-05,4.1666526e-14
39,39,40,4,5.3309997e-14,0.0,4.300706e-21,2.665864e-18,0.99978644,1.2144922e-27,2.742092e-06,6.9339388e-15,3.6891e-21,2.0863908e-37,1.7738086e-05,8.440705e-12,7.714479e-14,0.0001903085,1.7963785e-09,0.0,1.7320053e-12,3.840288e-06,2.75154e-16
40,40,44,4,5.814724e-11,0.0,1.2307248e-23,4.2901764e-18,0.9975197,2.779964e-30,1.1317372e-05,2.437862e-14,1.8082585e-17,7.261058e-36,0.00010729108,6.033634e-12,4.31438e-12,0.0023612573,1.4866058e-08,0.0,4.3074944e-10,1.2085525e-06,1.2628826e-18
41,41,42,13,0.49389282,0.0,2.0265781e-22,1.0514881e-20,2.3476037e-12,0.0,1.6575381e-14,5.2506617e-18,1.2519667e-16,2.081818e-31,7.2893274e-09,7.423738e-11,6.0143974e-13,0.5049017,1.173141e-12,0.0,0.0011986967,8.257508e-06,7.092241e-19
42,42,43,13,9.110014e-06,0.0,7.649235e-25,3.631455e-25,2.9424728e-15,0.0,5.0113137e-15,2.0561956e-19,5.331959e-20,7.781874e-35,9.9992575e-12,2.4498776e-15,1.7345083e-15,0.99999046,2.2041466e-15,0.0,1.0769886e-08,6.8395183e-09,2.6926272e-21
43,43,35,13,0.00014860193,0.0,1.601717e-24,2.1439405e-23,2.8561993e-15,0.0,1.8267093e-15,1.5409654e-19,6.690155e-18,8.1103035e-31,3.9904124e-10,3.5940177e-14,1.0809866e-13,0.9998474,8.943692e-15,0.0,3.6870742e-06,3.9854875e-08,3.1995036e-20
44,44,45,4,0.00021372325,0.0,2.0357498e-24,5.7175463e-19,0.5782437,2.2898096e-37,8.780019e-06,8.1799774e-13,2.2263493e-12,3.7962793e-32,0.005373312,4.9806457e-09,2.614301e-11,0.4160534,8.002161e-08,0.0,2.0263637e-05,8.492346e-05,1.3372586e-17
45,45,46,13,4.5283352e-05,0.0,4.3721553e-26,1.3095464e-21,6.481442e-06,0.0,6.8634554e-10,1.2327549e-15,1.29033864e-17,2.1092874e-36,8.449392e-07,1.2441428e-11,4.7309764e-13,0.9999466,2.6480755e-11,0.0,4.3603885e-07,1.338874e-06,9.4637055e-21
46,46,41,13,0.0032905594,0.0,4.5326808e-24,9.312426e-23,1.05948986e-10,0.0,7.794317e-14,2.6777903e-17,3.0608735e-18,2.48876e-31,1.4902454e-08,1.26969815e-11,5.750352e-13,0.9966791,4.5380726e-12,0.0,2.932459e-05,9.176523e-07,3.077637e-20
47,47,48,0,1.0,0.0,5.9472017e-30,1.4317453e-23,1.4809483e-12,6e-45,1.4454003e-13,1.0099858e-17,9.078195e-15,4.741348e-35,7.4615715e-14,4.1792944e-13,7.7389356e-16,7.8945434e-11,8.200187e-14,0.0,8.578739e-10,4.404621e-08,5.418459e-23
48,48,49,0,1.0,0.0,4.660361e-30,7.7551836e-25,5.352628e-11,3.7139e-41,1.6287317e-13,3.4220224e-16,1.4249904e-13,1.5608063e-36,1.3717238e-12,1.0806986e-12,1.720984e-15,1.0798638e-09,6.6474556e-14,0.0,7.541429e-09,1.0067022e-07,4.8700252e-23
49,49,667,0,0.9999809,0.0,2.5546835e-28,1.43838e-23,3.768491e-09,3.57253e-40,5.4077927e-12,4.2908724e-14,4.831363e-11,2.7350522e-35,2.3046419e-10,7.158183e-11,1.8929843e-12,5.1653983e-09,2.5488246e-12,0.0,1.7459686e-05,1.2512425e-06,1.0307529e-21
50,50,51,18,6.147982e-15,0.0,3.4052675e-21,3.3491134e-20,6.0621733e-12,1.4026384e-17,1.6308247e-08,1.983946e-10,4.4160887e-11,3.2381645e-38,7.591338e-08,1.7548726e-09,1.5475176e-17,2.7979348e-14,2.9037534e-18,0.0,7.021279e-20,0.00059216545,0.99940896
51,51,52,17,1.243961e-06,0.0,2.7466257e-28,1.9073713e-21,3.2503088e-13,5.8810503e-24,1.7563141e-07,2.859364e-13,5.1327627e-13,4.2427905e-37,5.5741656e-09,2.6576956e-14,8.9091346e-14,1.1969977e-09,3.597012e-19,0.0,1.6012223e-09,1.0,4.299306e-16
52,52,56,0,0.99499995,0.0,1.854815e-33,1.8459113e-21,7.700895e-14,9.51651e-39,5.341537e-09,1.0322024e-18,3.0071112e-13,9.869117e-36,9.0657457e-13,1.1512075e-16,2.7984776e-15,1.1174756e-08,1.06311006e-16,0.0,5.589302e-10,0.0049983235,7.158443e-22
53,53,54,0,1.0,0.0,1.8853756e-33,1.4668136e-27,3.471843e-16,0.0,3.711739e-15,2.2789451e-20,4.8604127e-15,6.4430105e-36,2.5979094e-17,1.0146905e-15,1.2271309e-20,1.1175763e-11,1.9753234e-16,0.0,5.4236357e-13,8.927013e-10,3.697505e-24
54,54,55,0,1.0,0.0,5.3449544e-34,2.0998397e-27,8.875142e-15,1.18e-43,1.7944698e-14,1.5086327e-18,1.7469866e-14,7.51506e-33,5.138808e-16,3.4098277e-15,1.5839657e-20,9.191684e-09,7.249402e-15,0.0,1.0817256e-12,2.9172118e-09,2.317064e-24
55,55,47,0,1.0,0.0,1.5115374e-31,2.2827327e-25,9.563936e-15,0.0,9.443935e-15,1.77797e-18,1.158835e-15,1.5331635e-31,3.48231e-15,7.258952e-14,1.0409138e-17,4.5145424e-10,1.6060571e-14,0.0,3.6419845e-10,1.9777961e-09,9.862892e-24
56,56,57,0,0.99999815,0.0,5.992757e-35,4.0323616e-22,6.664534e-13,0.0,5.0945883e-09,2.5568106e-19,1.3879052e-14,2.736272e-36,4.881912e-15,1.2252302e-15,9.1752515e-17,1.3417998e-08,1.8571878e-13,0.0,5.704033e-10,2.0159732e-06,7.2851373e-22
57,57,58,0,1.0,0.0,3.5672353e-35,1.7446392e-25,3.390645e-14,1e-45,7.313915e-11,5.6262596e-20,7.2074094e-14,1.1340309e-37,4.048187e-16,3.6139627e-16,4.3309703e-19,6.0042087e-09,1.6114883e-14,0.0,2.3940272e-10,8.13329e-09,6.059411e-23
58,58,53,0,1.0,0.0,2.3004953e-33,2.4398089e-27,7.1358046e-17,0.0,6.2075576e-15,2.2973e-21,2.3515437e-15,1.2660642e-36,4.4346956e-17,4.990384e-16,1.542529e-20,1.38465775e-11,6.515069e-17,0.0,6.9912136e-12,5.0495524e-10,1.1056496e-23
59,59,60,18,4.2165738e-21,0.0,5.5136706e-13,6.773295e-13,6.1411635e-07,1.00940675e-27,2.6926787e-06,5.45076e-15,2.9442776e-17,1.0182884e-31,1.6341067e-08,6.699456e-09,2.954152e-12,1.6741521e-18,2.8179037e-12,1e-45,4.4267202e-16,1.3522429e-09,0.9999962
60,60,61,18,1.1431494e-19,0.0,4.6125465e-11,4.543487e-15,2.206386e-06,2.6805654e-28,1.7122949e-07,7.604034e-15,3.612279e-17,4.884258e-38,2.9006575e-08,1.214046e-07,4.6162027e-13,3.2081213e-19,1.3245637e-13,2.5e-44,1.8127841e-15,3.1137037e-11,0.9999962
61,61,629,18,9.27667e-19,0.0,2.0568384e-12,5.682612e-16,0.00012431275,2.9273942e-21,4.9155666e-08,5.33729e-13,1.4208413e-16,1.6835465e-34,3.5597006e-07,3.865893e-06,2.0592857e-14,2.3495137e-18,1.8347992e-12,2.5940123e-36,9.810672e-14,2.2180008e-11,0.99987036
62,62,63,2,6.650731e-28,0.0,1.0,7.539117e-27,1.5172379e-18,6.3e-44,3.8446728e-20,9.520618e-23,1.5123207e-25,9.5e-44,1.2545326e-18,1.0403189e-16,9.1100676e-17,3.9652597e-22,5.180028e-21,0.0,9.612906e-24,1.4291561e-19,6.8601103e-16
63,63,64,2,3.4386516e-25,0.0,1.0,1.5101596e-24,1.3817363e-16,1.8145498e-36,5.964986e-17,3.4392094e-21,6.6356416e-24,2.7499e-41,3.017149e-16,3.3031392e-16,2.2149607e-15,2.62842e-19,1.6435758e-18,0.0,1.6337458e-22,3.1485006e-16,4.107643e-15
64,64,68,2,3.0216173e-24,0.0,1.0,3.4694063e-24,1.7219747e-16,3.2960294e-30,1.1731475e-16,1.2728748e-18,1.1946456e-21,5.8437545e-37,4.4148652e-16,6.043188e-14,4.521733e-16,4.1054392e-20,1.11672485e-17,0.0,1.2242962e-22,6.528105e-17,4.134041e-13
65,65,66,2,3.2407363e-22,0.0,1.0,4.500277e-15,2.8932089e-08,3.1094074e-33,4.5638092e-08,3.3307243e-15,8.0506954e-22,9.067551e-34,5.261729e-11,7.698833e-08,6.598025e-11,4.467441e-13,5.6820226e-10,0.0,1.23896245e-17,3.96501e-11,3.588989e-07
66,66,67,2,6.9760084e-25,0.0,1.0,1.28017705e-14,6.986908e-08,8.976829e-34,3.437052e-10,1.2341369e-17,1.0488611e-26,8.37475e-30,3.1511762e-11,6.444055e-10,5.487466e-12,1.5659534e-13,4.091436e-10,3.49e-43,4.11008e-19,3.788087e-12,6.990671e-07
67,67,59,18,2.577333e-21,0.0,0.00010906842,2.920625e-05,2.0257598e-06,6.7111227e-38,0.009394946,3.8330594e-13,1.0074605e-19,9.0878204e-24,2.596912e-07,1.374189e-07,0.011900722,2.7197708e-11,2.2383729e-05,0.0,2.477786e-12,1.2876715e-05,0.9785282
68,68,69,2,4.136999e-24,0.0,1.0,2.3722037e-22,3.196326e-16,3.2299051e-34,7.828607e-16,8.252298e-17,5.105812e-21,4.954078e-32,5.059935e-14,8.19025e-13,1.4946025e-13,3.8956973e-19,1.2313013e-17,0.0,5.0780794e-19,5.660563e-17,2.2136222e-11
69,69,70,2,4.235802e-23,0.0,1.0,2.0124206e-20,5.5361955e-15,2.7802e-41,5.3153583e-16,7.961081e-17,9.943244e-24,4.930872e-38,5.397779e-11,6.852327e-13,4.091916e-12,3.714501e-15,2.2333515e-18,0.0,2.3654416e-17,1.1228687e-15,2.2110999e-10
70,70,65,2,4.929443e-23,0.0,1.0,1.732737e-14,6.533684e-10,3.816351e-37,9.888726e-11,5.6109344e-13,2.2521703e-21,4.2152866e-36,7.25835e-12,9.571567e-07,1.1951595e-08,2.6727249e-12,2.7642888e-10,0.0,2.7020914e-15,4.3031538e-12,4.5145251e-10
71,71,72,18,1.9611851e-24,0.0,5.833634e-25,3.8546824e-23,1.5254121e-14,2.6961145e-34,1.3119517e-13,1.9436415e-13,3.8784245e-18,3.15e-43,4.5796505e-13,3.9146879e-13,2.106713e-22,9.062991e-18,7.023847e-21,0.0,7.1300335e-25,4.5448438e-13,1.0
72,72,73,18,2.514551e-19,0.0,2.1442632e-27,1.528507e-19,1.29856915e-11,4.194874e-25,4.8627247e-10,3.267863e-06,3.5058488e-15,3.7030685e-38,1.4138986e-09,1.4016864e-09,6.357371e-19,2.0858933e-11,1.2486178e-17,0.0,3.571456e-20,4.8496487e-09,0.9999962
73,73,580,7,1.0680862e-15,0.0,1.4328319e-31,3.4524834e-15,3.479948e-14,3.826353e-21,8.474724e-09,0.9999962,1.8876544e-13,2.140272e-30,1.1484051e-08,5.329343e-10,2.9182759e-12,3.8120967e-10,1.2116068e-16,0.0,1.1187786e-12,8.763116e-07,2.3138434e-06
74,74,75,2,7.3601116e-29,0.0,0.9838281,1.8085049e-19,1.1544989e-13,1e-45,2.800145e-14,2.4700531e-15,5.235605e-24,4.1235174e-29,1.1809243e-16,1.7307341e-08,1.2279225e-12,7.319886e-19,7.5060624e-11,5.21e-43,4.0333986e-19,1.4473229e-17,0.01617213
75,75,76,18,1.6238463e-24,0.0,0.0010893292,5.719908e-17,2.7943474e-09,1.77e-43,1.5166627e-06,7.490915e-15,3.8726217e-22,9.8216644e-32,9.7317994e-14,5.4439186e-09,4.563753e-10,4.641719e-13,4.2618968e-08,0.0,1.217618e-13,3.2228628e-13,0.9989096
76,76,80,18,2.1038571e-19,0.0,1.29066455e-08,7.7181095e-19,1.8060789e-11,3.398e-41,0.00025638333,5.654776e-18,5.443902e-15,1.049166e-39,7.3248767e-14,9.570708e-11,6.1602494e-11,9.535621e-17,5.467741e-12,0.0,8.032913e-12,5.924364e-12,0.9997444
77,77,78,18,1.0258844e-29,0.0,3.680393e-17,7.0608135e-28,1.28502856e-17,0.0,2.732826e-16,2.8400536e-23,1.2633908e-22,0.0,6.99528e-16,1.0861022e-16,5.724125e-23,4.722815e-25,1.2219166e-22,0.0,4.4540003e-27,4.193019e-17,1.0
78,78,79,18,2.0249954e-28,0.0,3.987421e-22,3.2609682e-26,3.6971254e-16,5.32905e-40,3.6157274e-16,1.2545715e-17,7.0218874e-22,3.3e-43,3.5092494e-14,5.744798e-15,2.6338245e-23,7.128091e-21,1.9817262e-21,0.0,1.0618975e-25,4.0552348e-16,1.0
79,79,71,18,1.1450132e-26,0.0,1.6188946e-21,4.692251e-25,7.202671e-17,6.849623e-39,1.0062796e-15,2.2404532e-16,8.234707e-20,4.15e-43,1.555249e-14,1.257597e-14,3.4345668e-22,9.742085e-22,8.17735e-22,0.0,2.0968399e-25,1.4133066e-15,1.0
80,80,81,18,1.1819716e-28,0.0,6.6022146e-08,8.639819e-26,5.9483333e-16,0.0,2.2038283e-14,2.8020206e-25,6.577529e-23,3.638e-42,1.1726733e-16,1.21116445e-14,3.3687967e-19,7.0685595e-25,2.5067562e-18,0.0,4.4720215e-23,1.07455486e-16,1.0
81,81,82,18,4.330849e-29,0.0,5.356185e-10,8.418745e-26,5.025133e-16,8.34e-43,2.8608008e-15,1.6171108e-21,3.6516428e-23,1.13427e-40,1.3438619e-15,1.1489323e-13,3.7295706e-20,7.5175604e-24,5.6515166e-19,0.0,1.9768975e-25,2.9968918e-16,1.0
82,82,77,18,7.670667e-29,0.0,4.8010856e-11,5.8843656e-26,2.8759951e-18,0.0,5.1630186e-15,1.607355e-23,3.9770454e-22,2.061e-42,3.304475e-16,7.266092e-16,1.6335426e-19,1.0187071e-25,1.1990108e-20,0.0,6.1899536e-26,1.7512617e-16,1.0
83,83,84,18,1.8848672e-23,0.0,2.8828484e-26,5.443888e-20,5.285119e-13,1.0301884e-33,7.734123e-09,1.494358e-12,1.8366662e-15,1.30799e-40,9.809985e-09,7.688952e-13,4.0694607e-16,1.3619521e-13,7.141061e-17,0.0,1.5059706e-18,1.2068271e-10,1.0
84,84,85,18,1.3062853e-18,0.0,2.2433988e-28,9.926944e-17,2.2642602e-10,1.1649209e-29,4.3075033e-06,4.4931056e-08,8.2445113e-13,1.462492e-39,7.100034e-05,2.1042269e-11,4.1734953e-13,7.1439024e-07,7.6103894e-15,0.0,1.3525852e-14,0.00039059942,0.99953467
85,85,561,17,1.2340782e-13,0.0,1.4141876e-27,8.1827237e-13,2.829845e-08,2.9262793e-35,3.6258702e-06,6.9406823e-09,3.2854863e-14,3.997e-42,0.0006647008,1.8793505e-11,3.9717615e-11,0.003072537,9.7621486e-12,0.0,1.3596324e-12,0.9962343,2.346636e-05
86,86,87,18,4.5076887e-27,0.0,3.596868e-08,1.2968256e-20,9.431114e-16,0.0,1.8753149e-15,1.548824e-23,8.0705545e-23,0.0,1.7820595e-16,4.1936974e-14,5.2401565e-18,1.5964329e-26,4.5748175e-19,0.0,8.2296344e-24,1.7186476e-16,1.0
87,87,88,18,2.1820516e-23,0.0,5.922604e-11,1.3261176e-18,3.2798812e-11,0.0,8.989486e-09,7.2524326e-18,4.5703197e-18,0.0,8.757909e-13,9.9126714e-11,6.302863e-14,7.1769923e-19,1.2705642e-13,0.0,1.4228265e-16,7.120231e-15,1.0
88,88,92,18,4.05791e-17,0.0,2.367961e-09,1.5166097e-22,3.3179283e-08,1.1301626e-35,5.2037973e-05,7.250968e-10,1.4274627e-10,1.11133456e-35,4.308168e-10,7.618666e-08,6.2518573e-14,2.6941768e-15,4.33936e-09,0.0,7.7941424e-13,1.286734e-12,0.9999466
89,89,90,18,1.2384106e-23,0.0,1.9696477e-11,1.9270372e-21,6.4726654e-15,1.14077e-40,1.20765816e-14,2.3172666e-17,6.437103e-17,7.315e-42,1.0779812e-12,7.945144e-12,7.32358e-17,5.9973535e-20,1.815488e-17,0.0,1.5596696e-21,1.6161229e-15,1.0
90,90,91,18,8.288735e-25,0.0,1.5093637e-18,7.212335e-21,8.687535e-13,6.2096835e-32,1.7630896e-12,1.6037558e-13,1.8562253e-16,2.54556e-40,4.808401e-10,5.665484e-11,2.3400782e-17,2.113216e-15,1.0515991e-15,0.0,4.7342813e-20,1.3260761e-12,1.0
91,91,83,18,1.03900255e-23,0.0,3.9526324e-23,5.7872823e-19,4.2391858e-13,2.0782454e-33,1.08172686e-10,5.238634e-12,7.2899965e-16,2.7520552e-38,4.964882e-09,2.2049751e-11,1.6951561e-15,4.446984e-14,8.4099335e-15,0.0,2.1926124e-18,4.4697956e-12,1.0
92,92,93,18,2.7465757e-19,0.0,0.007155727,3.0559986e-17,4.593955e-09,7.952154e-33,1.575634e-09,1.0907544e-05,3.235364e-14,1.4819006e-23,3.919649e-13,0.0064971466,5.0597187e-08,1.8436175e-13,0.0003278367,8.711419e-30,1.642124e-08,2.130807e-14,0.9860073
93,93,94,18,3.936088e-27,0.0,7.1975795e-05,5.2932838e-23,1.1400577e-11,3.928e-40,2.9278833e-15,2.7040394e-16,3.631599e-22,2.496552e-35,8.5103613e-16,2.0632933e-09,6.9224357e-17,4.627846e-18,1.0383194e-11,0.0,1.8240378e-20,2.5485872e-15,0.99992746
94,94,89,18,4.975098e-25,0.0,1.0338105e-10,3.0616964e-22,4.728804e-16,3.90713e-40,1.0023794e-15,3.1136687e-18,2.0866169e-19,1.4415386e-38,4.4040517e-15,2.4855868e-12,3.963377e-18,3.887456e-20,8.8654545e-17,0.0,2.82288e-23,9.7300395e-17,1.0
95,95,96,18,2.8312982e-26,0.0,4.6348185e-13,9.672227e-26,2.9121506e-18,0.0,2.8747412e-13,1.01536e-23,5.6093675e-22,1e-45,3.0037474e-16,2.2230012e-16,4.5355444e-20,3.6044048e-25,4.410965e-21,0.0,1.6831679e-26,1.2848988e-13,1.0
96,96,97,18,3.4792782e-25,0.0,6.453788e-20,3.286938e-23,1.3364905e-14,1.8e-44,3.7619394e-10,5.3161866e-17,1.9672731e-20,1.2966e-41,1.6715527e-13,5.53529e-14,3.7648056e-20,2.1758055e-19,4.2889465e-19,0.0,8.600463e-25,3.551203e-11,1.0
97,97,584,6,6.3055737e-16,0.0,7.807661e-26,1.6860909e-12,1.1164536e-07,3.7341997e-26,0.97476536,6.0943545e-05,7.5764774e-13,8.7885424e-33,3.788982e-05,6.2757266e-07,4.2274503e-11,2.5516842e-05,1.4200166e-10,0.0,6.716763e-14,0.0006296142,0.024481373
98,98,99,2,5.0482975e-26,0.0,0.97526383,1.2847725e-19,1.3313092e-16,0.0,6.1343808e-12,1.0044093e-20,1.8647299e-21,9.427241e-36,1.1241827e-18,2.0573316e-13,3.733627e-13,3.3676222e-22,1.5190065e-15,0.0,2.6543542e-20,1.6935329e-16,0.024737563
99,99,100,2,9.937647e-21,0.0,0.97185075,1.2094648e-15,2.5823023e-14,7.5889e-41,3.4415984e-06,1.8930372e-17,1.4119148e-17,1.7452e-41,3.95237e-11,1.7219905e-13,2.4248327e-05,1.2740635e-13,2.4461462e-12,0.0,2.9563387e-12,8.040305e-11,0.028122693
100,100,104,2,5.612888e-26,0.0,0.8362646,3.5858805e-23,1.8266318e-16,0.0,3.6676303e-14,1.8029191e-26,3.8859973e-23,5.409e-42,1.31052855e-17,5.553162e-14,1.3323507e-16,8.278565e-24,1.2829133e-16,0.0,9.2953203e-23,5.822395e-14,0.16373572
101,101,102,18,1.6096844e-26,0.0,1.6339307e-06,3.178779e-24,3.46327e-17,0.0,1.8999627e-15,4.192998e-27,9.937826e-23,1e-45,3.0238997e-17,3.503264e-14,2.465634e-18,3.5629676e-26,5.6441697e-19,0.0,1.5814878e-23,2.8893052e-15,0.99999815
102,102,103,18,3.5365875e-27,0.0,9.061857e-09,1.31580865e-24,3.5670635e-17,0.0,1.6847457e-14,4.2506226e-26,1.5266458e-22,0.0,5.3567814e-16,2.6653306e-14,9.665296e-18,5.9659147e-26,4.941276e-19,0.0,2.0902375e-23,6.068295e-15,1.0
103,103,95,18,1.7904032e-27,0.0,2.4728972e-10,2.8409952e-24,1.3874074e-18,0.0,2.0228335e-13,7.307668e-26,4.4102394e-22,0.0,2.5360558e-16,9.974437e-16,1.0020648e-17,2.5089653e-26,1.6355068e-19,0.0,1.1253548e-24,4.5014274e-15,1.0
104,104,105,2,1.1246199e-26,0.0,0.92399544,5.6075436e-24,1.1258877e-16,0.0,1.7580432e-15,3.1177905e-27,2.3970621e-24,1.928e-42,9.203852e-18,3.0434385e-14,2.3064204e-16,6.733427e-25,2.4269835e-17,0.0,1.6255524e-22,1.3324283e-14,0.076004595
105,105,106,18,6.027015e-25,0.0,0.010951964,2.3835436e-21,2.7250509e-15,0.0,3.3208718e-12,8.108866e-27,4.8977288e-23,4.4e-43,1.553796e-14,1.375113e-13,4.074531e-13,7.337455e-23,3.0766234e-15,0.0,4.5517503e-20,1.7560484e-12,0.98904735
106,106,101,18,5.9642276e-27,0.0,6.2347266e-05,1.3634378e-22,1.3998427e-17,0.0,1.1028956e-14,1.4953332e-27,1.2043357e-23,2e-43,2.0833738e-17,3.7534815e-14,9.757321e-17,1.6197067e-25,1.0169446e-17,0.0,9.309407e-23,3.4031872e-15,0.99993706
107,107,108,4,7.782652e-11,0.0,5.6333145e-24,7.6948515e-20,0.9909091,1.5074957e-23,0.0009396589,2.0189062e-09,1.0372503e-19,5.890648e-28,3.065112e-05,5.015946e-06,4.0843173e-14,1.9165175e-06,4.572069e-08,0.0,8.333084e-11,0.008112957,2.0283307e-10
108,108,109,17,1.3867075e-05,0.0,6.7339796e-21,6.117846e-16,0.0006709115,4.673937e-26,1.610795e-05,1.7800936e-11,1.4928543e-19,1.2486424e-31,0.16093059,8.171004e-11,8.357119e-11,0.21038842,1.1074968e-11,0.0,9.145203e-09,0.6279817,1.7541243e-15
109,109,113,0,0.9992526,0.0,1.6480732e-23,9.71036e-15,2.8378633e-10,0.0,2.9929936e-10,2.475423e-13,1.9898368e-16,1.0926345e-24,0.00055366283,7.569115e-12,2.9620958e-12,1.575438e-06,3.20027e-14,0.0,1.4827051e-06,0.00018935336,3.6338793e-18
110,110,111,0,1.0,0.0,1.0185973e-27,2.4812637e-22,6.9625913e-15,3.8271848e-36,5.716988e-16,6.8088537e-16,2.344193e-13,7.492742e-38,3.2635407e-13,5.24143e-13,1.3243071e-19,9.610043e-17,1.111051e-19,0.0,2.7380984e-14,2.6503434e-08,6.946441e-21
111,111,112,0,1.0,0.0,1.8525293e-27,4.6664494e-21,3.1952044e-16,1.22e-43,1.1950726e-16,9.892953e-18,6.846262e-14,4.6788015e-36,7.2033726e-13,2.7788205e-14,1.3814292e-18,1.6152117e-14,5.3532367e-20,0.0,1.0835758e-12,7.2761863e-09,5.486622e-22
112,112,0,0,1.0,0.0,9.327905e-28,3.3531994e-23,2.7371256e-15,1.2032e-41,2.9856294e-16,8.97704e-18,1.511857e-13,6.9558345e-34,4.7607756e-13,1.1454707e-13,1.1788205e-19,2.751582e-16,1.6593243e-19,0.0,1.6811843e-12,1.0173175e-09,4.3263894e-22
113,113,114,0,0.99997705,0.0,1.1557405e-22,8.601529e-14,1.7080956e-12,0.0,6.5589085e-09,1.0172483e-15,3.6632877e-11,3.518304e-25,4.6968635e-06,3.2643376e-13,8.232739e-10,4.4616426e-09,3.2829663e-15,0.0,1.5952932e-05,3.2715548e-06,9.43697e-18
114,114,115,0,1.0,0.0,4.001643e-27,6.828661e-20,3.5501102e-16,0.0,1.6479872e-13,2.962581e-20,6.0624937e-13,3.2072895e-34,2.8961404e-12,1.3157839e-16,1.6239777e-15,8.353122e-14,1.1624859e-18,0.0,6.2354566e-11,6.125251e-08,3.1979277e-21
115,115,110,0,1.0,0.0,7.344935e-30,5.8976077e-24,8.382417e-16,2.181735e-39,1.3738525e-16,7.206268e-18,3.4121695e-15,1.7178952e-37,2.9457536e-14,1.5825393e-14,2.9440133e-21,4.6056225e-17,5.0691932e-20,0.0,3.0380433e-15,5.507796e-09,3.4334662e-22
116,116,117,18,8.517807e-14,0.0,4.1786135e-26,9.584579e-21,1.274917e-09,1.7789474e-10,8.484169e-09,5.755526e-07,0.0033075868,1.9423701e-32,0.00013812071,2.6861949e-06,4.9865567e-17,4.3835883e-14,7.167673e-16,0.0,5.92327e-15,1.5254539e-05,0.9965346
117,117,118,8,5.926198e-11,0.0,1.5417016e-25,8.240026e-18,7.2120554e-07,4.3798556e-09,4.0171005e-07,7.034466e-06,0.9501603,4.938358e-33,0.02554678,0.00162025,1.5297433e-12,1.9966755e-13,9.45054e-13,0.0,1.1178845e-09,0.020754496,0.0019117593
118,118,552,10,1.6637006e-08,0.0,1.0978434e-26,1.5821408e-14,0.00026497425,2.3114925e-17,2.518166e-07,4.7842363e-08,0.003849065,6.46011e-30,0.948357,0.0006275185,5.663764e-08,2.0903767e-12,4.8906713e-08,0.0,0.00014844384,0.04675368,1.3823446e-13
119,119,120,18,7.698503e-25,0.0,2.2547506e-12,3.9503904e-21,7.764907e-14,0.0,2.147252e-11,6.250799e-17,7.0946255e-18,6.386582e-36,9.554086e-16,4.6700317e-12,3.6689002e-16,4.4724482e-23,7.4922e-15,0.0,1.2689902e-20,8.6628945e-17,1.0
120,120,121,18,1.22826425e-20,0.0,5.2148738e-17,6.8806624e-22,3.68501e-12,1e-45,0.00018910215,6.456587e-15,3.7657242e-13,1.167122e-39,7.75961e-13,6.999642e-13,3.865481e-13,7.31506e-18,4.969682e-14,0.0,1.04962046e-13,1.8283155e-12,0.99980927
121,121,125,18,2.5592414e-18,0.0,6.682486e-23,2.5138648e-23,1.1486036e-13,1.492e-42,6.767996e-07,4.9266947e-17,6.3347376e-11,2.0213733e-38,2.9008032e-14,3.4681947e-13,4.66624e-19,9.064779e-20,5.3815847e-16,0.0,4.013144e-17,4.73762e-14,1.0
122,122,123,18,1.1647453e-18,0.0,2.670413e-26,2.923753e-23,4.0624232e-14,1.08612736e-23,1.5414017e-10,6.318104e-13,5.3644743e-07,8.8745975e-38,1.0807415e-09,6.048429e-12,1.7741613e-19,9.8280536e-21,2.2985995e-19,0.0,6.7251848e-18,7.580408e-13,1.0
123,123,124,18,6.1498586e-15,0.0,6.18679e-26,1.3302442e-22,3.6301493e-12,2.8823935e-14,1.0734986e-07,1.6109744e-11,0.0004963001,1.3420821e-33,2.6918584e-05,1.3900989e-10,3.0290606e-17,2.2574632e-18,4.976385e-19,0.0,2.4414905e-15,2.483972e-07,0.99947757
124,124,116,18,2.630375e-12,0.0,7.70073e-26,1.1607472e-21,9.036997e-10,1.6308144e-13,4.169814e-08,7.3650184e-09,0.00082732824,2.6373126e-31,0.000121902274,1.4124338e-07,1.8026995e-18,3.4306374e-15,7.21868e-17,0.0,5.565987e-16,1.1431138e-05,0.9990391
125,125,126,18,1.3668e-17,0.0,6.1096184e-22,6.0077363e-24,1.321565e-14,3.615608e-36,9.048425e-08,5.796972e-15,7.1137642e-09,5.0019926e-38,2.8209875e-14,9.528332e-13,6.0756515e-18,1.8746378e-20,9.799323e-17,0.0,7.6151515e-15,1.9930978e-14,1.0
126,126,127,18,2.8668328e-14,0.0,2.8639544e-24,4.4565144e-20,5.585231e-10,2.599179e-24,0.0001927201,1.6686511e-09,0.10309717,6.7354434e-36,4.3254773e-09,9.628173e-09,5.5887576e-14,5.9217926e-18,5.7673766e-13,0.0,3.1682607e-08,1.6239694e-10,0.89670885
127,127,122,18,3.1878384e-16,0.0,3.9467503e-26,7.174353e-22,1.1126377e-11,3.7334876e-26,1.0871594e-08,1.6352452e-11,8.761153e-05,9.2519895e-37,1.1691622e-09,8.5052604e-10,1.4792725e-18,7.251955e-20,3.3098493e-16,0.0,6.7712225e-15,1.5371841e-12,0.99991226
128,128,129,0,0.99989885,0.0,4.2409775e-30,7.733828e-24,1.7689742e-12,0.0,7.658325e-15,1.8480278e-18,4.563003e-18,5.384035e-36,2.850102e-13,3.452469e-12,3.614057e-17,5.5215672e-08,4.1924922e-13,0.0,0.0001001997,9.6465044e-08,4.887312e-24
129,129,130,0,0.9988296,0.0,5.1039214e-29,1.0041784e-22,1.6960465e-10,2.1e-44,1.7649276e-11,1.6491733e-16,3.3646758e-18,3.5708178e-34,1.45040585e-11,9.958413e-12,2.1733214e-15,0.0010059364,5.5222223e-11,0.0,0.00015272423,1.0305253e-05,3.514808e-22
130,130,666,13,0.046915542,0.0,3.9465332e-29,2.2385682e-21,1.3830066e-09,4.204e-42,5.4342475e-10,1.807889e-14,1.5138558e-18,8.127108e-34,1.6249866e-09,1.8050181e-11,2.1806636e-14,0.95286804,1.5780453e-10,0.0,1.3283795e-05,0.00020273002,3.5951705e-21
131,131,132,18,6.794336e-20,0.0,7.821265e-23,1.3139448e-21,1.1671818e-12,3.5634613e-31,4.987966e-09,2.0470451e-13,5.768851e-13,6.15e-43,6.3858106e-11,1.4256171e-11,5.734715e-19,2.4900694e-17,8.8487936e-18,0.0,7.2894736e-22,1.2073572e-09,1.0
132,132,133,17,2.6142098e-12,0.0,2.109859e-28,1.754396e-18,3.2672937e-11,6.9070116e-15,3.029135e-06,2.8424027e-10,2.1008881e-13,1.06e-43,4.0588112e-08,5.288568e-13,1.0873066e-12,1.9225042e-09,6.560559e-17,0.0,1.542795e-11,0.9999962,2.7836492e-13
133,133,137,17,0.01612119,0.0,7.382899e-34,5.9339267e-21,1.9304619e-10,5.1013404e-26,2.0256439e-06,9.8945925e-15,9.462288e-08,1.4421655e-38,3.5151648e-10,1.9507956e-12,1.417168e-13,1.0181706e-11,2.82005e-15,0.0,1.40839775e-08,0.98387694,6.2766217e-19
134,134,135,0,0.99996185,0.0,2.9949617e-30,1.0133678e-22,5.6579805e-14,0.0,1.1904367e-15,2.717999e-17,2.3428774e-14,1.2608451e-35,2.0752558e-13,7.7441824e-11,1.6655861e-16,7.041955e-14,1.1634598e-14,0.0,3.967125e-05,7.629801e-09,2.053824e-23
135,135,136,0,0.99994856,0.0,2.9535824e-31,2.319248e-24,1.00962905e-14,0.0,4.825735e-15,1.9711664e-18,1.95762e-16,2.594892e-37,4.4576247e-14,7.6681115e-13,8.788547e-17,1.780553e-10,4.170881e-15,0.0,5.23289e-05,1.2550967e-08,1.0052779e-23
136,136,128,0,0.9999962,0.0,2.8501668e-32,1.0237252e-24,4.1367387e-13,0.0,8.1254515e-15,3.448133e-19,2.4615741e-18,6.556189e-37,2.45687e-14,4.914279e-13,4.4054395e-18,1.4874105e-09,2.6189798e-13,0.0,4.19967e-06,4.9755965e-08,2.3181235e-25
137,137,138,0,0.9999427,0.0,3.3488792e-30,2.708324e-23,2.6346243e-11,4.7769563e-32,1.2039066e-11,1.4922653e-15,1.9692194e-11,7.253521e-38,2.4116696e-12,2.4041201e-11,2.9143068e-18,6.9204394e-14,1.5394468e-15,0.0,4.402378e-12,5.7666082e-05,3.8206974e-19
138,138,139,0,1.0,0.0,4.896411e-27,2.2658499e-25,8.4405394e-13,8.027534e-39,6.9265107e-15,1.5601258e-16,1.3412814e-14,6.21051e-40,1.7654897e-15,3.3530793e-11,1.5153283e-19,2.1412529e-14,1.1523549e-15,0.0,1.5389031e-12,6.5864136e-09,1.8163028e-20
139,139,134,0,1.0,0.0,4.4917e-31,4.709933e-25,3.066045e-14,0.0,8.3233417e-16,6.7264384e-19,1.9442625e-15,1.585014e-39,1.6550037e-15,2.4826682e-12,3.46964e-19,2.2106389e-15,2.1554214e-15,0.0,3.1868408e-09,2.9958165e-09,1.9835308e-24
140,140,141,0,1.0,0.0,2.004836e-34,6.424324e-24,1.00418535e-16,0.0,3.0496894e-15,1.9980323e-20,1.5205866e-11,1.8740177e-33,1.4664988e-14,1.1611094e-15,4.6445765e-18,1.971597e-16,2.7636687e-16,0.0,2.195691e-12,2.9040879e-09,1.2735268e-24
141,141,142,0,1.0,0.0,3.72823e-37,2.1039342e-22,1.6398107e-12,2.812755e-30,1.077513e-11,1.5786719e-17,6.4957635e-09,6.181119e-29,1.0541328e-09,6.1085184e-16,2.466032e-16,5.6985354e-12,5.531725e-13,0.0,4.251723e-12,1.0771125e-07,7.7616095e-24
142,142,665,0,0.99759203,0.0,5.648979e-32,3.798523e-18,1.1759263e-07,1.2093226e-21,9.330348e-08,6.2472767e-15,5.980399e-06,2.304509e-26,0.0023895376,6.2912875e-13,8.305157e-11,2.0876945e-09,1.3030265e-09,0.0,1.02414425e-07,1.1244174e-05,1.1473871e-19
143,143,144,18,1.8713853e-14,0.0,1.2989044e-21,6.5922403e-18,5.170581e-10,1.6147339e-18,4.1899093e-06,1.3105045e-08,1.814206e-11,7.9956e-40,2.136937e-06,2.3379565e-08,6.035858e-15,5.2750565e-10,6.779984e-15,0.0,7.606633e-18,0.0019771461,0.9980183
144,144,145,17,3.4427695e-12,0.0,3.439381e-28,4.0925906e-18,1.841054e-11,6.190838e-15,1.1960175e-07,1.8841475e-09,6.82568e-16,1.5084e-41,9.6501296e-08,7.7309513e-13,2.841455e-13,4.4801007e-07,7.980333e-16,0.0,1.5326229e-12,1.0,1.061264e-13
145,145,149,17,3.234177e-08,0.0,1.1774795e-37,6.356471e-20,1.7814668e-10,2.5684901e-21,3.4783548e-07,1.0530941e-12,1.5062968e-12,1.4088621e-35,1.2693224e-08,1.0419886e-13,1.565242e-14,4.380101e-11,1.4359744e-14,0.0,3.5739803e-11,1.0,3.0439797e-17
146,146,147,0,0.9999923,0.0,7.470853e-30,2.6538553e-22,2.508054e-13,2.635155e-35,1.4666627e-12,1.9907175e-16,2.9818063e-15,8.7e-44,9.268801e-15,4.860953e-14,1.7819625e-18,1.717948e-14,2.2561398e-16,0.0,1.6626549e-14,7.149632e-06,7.270482e-21
147,147,148,0,0.99999815,0.0,1.6007673e-35,3.9559774e-25,1.017439e-14,7.941458e-39,3.415292e-13,6.676559e-20,5.634323e-17,3.97e-43,1.2484239e-15,1.4870648e-16,4.516912e-21,3.9658733e-14,2.6879442e-16,0.0,6.149944e-14,1.1809732e-06,6.955127e-24
148,148,140,0,1.0,0.0,1.102727e-37,2.3899677e-24,1.8771533e-16,0.0,3.393932e-14,2.5137988e-22,1.2359999e-14,3.130603e-34,1.3717636e-15,9.620718e-17,8.3670644e-20,3.213969e-16,4.4981316e-15,0.0,3.1217537e-12,1.5880412e-08,4.9615984e-27
149,149,150,17,1.8862935e-06,0.0,1.869866e-36,5.514959e-19,2.1038356e-09,1.3917307e-21,3.0192814e-07,1.3183849e-11,9.486489e-11,2.8214443e-33,5.7878005e-08,1.20988245e-11,4.7157485e-14,1.7948758e-12,2.3839532e-13,0.0,4.8964322e-11,0.9999962,3.4142007e-15
150,150,151,17,0.18541801,0.0,3.4127798e-31,6.487803e-20,5.4428804e-09,1.3791142e-23,1.3870023e-07,1.4064521e-11,4.973215e-12,1.09809966e-32,6.904579e-10,1.8139155e-11,3.8067555e-14,6.0497046e-10,1.2699937e-11,0.0,9.237163e-10,0.8145837,3.0126685e-13
151,151,146,0,0.9991763,0.0,1.7387929e-32,7.580634e-22,1.7460566e-11,2.0116214e-36,2.40636e-10,1.0086122e-15,6.5963254e-15,1.6928034e-38,1.3121119e-13,1.5078829e-13,2.3010145e-17,8.6576596e-13,3.5104826e-13,0.0,5.643541e-13,0.00082553434,2.383037e-19
152,152,153,6,3.3190006e-10,0.0,1.6208984e-19,1.895e-27,2.0142486e-05,9.728451e-23,0.99921066,1.04121396e-13,0.00076807203,1.2545971e-37,8.8727404e-07,5.106433e-07,7.97754e-14,2.3689294e-15,1.0306457e-08,0.0,1.04636725e-11,7.78658e-09,3.9736103e-11
153,153,154,6,3.8099572e-11,0.0,5.0237806e-20,8.893248e-28,4.686036e-06,4.0528874e-22,0.99996185,1.5936627e-13,2.891415e-05,9.278173e-38,2.97958e-06,1.8739779e-07,1.1924878e-13,3.923639e-15,3.029142e-09,0.0,7.310313e-12,1.3968032e-08,2.6662804e-11
154,154,1362,6,4.4654155e-12,0.0,1.2527355e-24,2.4168175e-27,1.897601e-08,1.4377875e-23,0.9999962,6.7540154e-15,3.8139367e-06,1.7124833e-38,1.5482459e-07,3.5655529e-10,2.7324757e-13,1.0330671e-14,2.3070519e-10,0.0,1.815112e-12,4.1294488e-08,4.6547137e-14
155,155,156,17,7.591673e-11,0.0,1.6099841e-20,8.0469394e-17,3.6247346e-07,2.4495143e-14,0.003783815,1.3023625e-06,1.818256e-07,3.7264294e-34,0.025330959,1.2940329e-06,4.0166134e-13,0.0016309472,5.2868782e-11,0.0,4.1928996e-13,0.9624062,0.006843375
156,156,157,6,1.6316658e-07,0.0,2.144218e-16,2.396482e-20,1.3338461e-08,4.8384676e-17,0.79143935,3.27014e-09,5.582535e-07,5.84707e-40,4.7567056e-07,3.1841815e-08,1.5299784e-10,1.1014453e-06,8.200923e-10,0.0,8.8053105e-13,0.20854822,1.0730289e-05
157,157,152,6,1.5154822e-07,0.0,1.5178838e-21,1.6979054e-24,5.635792e-07,3.9105247e-35,0.85702413,4.8874517e-13,0.14295346,1.178e-42,2.3511382e-09,4.8079705e-06,6.2055605e-10,2.2210866e-15,1.3625168e-08,0.0,3.8754995e-09,1.848632e-05,1.2524081e-13
158,158,159,18,1.2686842e-29,0.0,5.469655e-06,4.511881e-22,1.8289406e-15,0.0,4.1749542e-16,1.8029014e-23,1.9543792e-26,9.152516e-27,1.9236048e-16,3.7835934e-13,3.9107507e-19,1.4293494e-23,5.1395706e-17,0.0,5.333596e-24,1.2746747e-15,0.9999962
159,159,160,18,1.726324e-29,0.0,1.32333285e-11,6.142686e-22,2.5802147e-14,0.0,1.0643484e-15,3.7305058e-22,1.1332934e-26,5.8858088e-24,9.098715e-16,1.5502977e-13,2.1352258e-21,1.4832474e-22,2.6135451e-17,0.0,2.0261265e-25,1.5951521e-14,1.0
160,160,590,18,4.7313264e-25,0.0,6.84646e-17,2.4821196e-19,1.2222645e-10,8.9803815e-36,4.3683685e-12,9.262324e-17,1.8183183e-22,1.3787306e-15,1.1033607e-10,1.2552881e-12,5.2723332e-20,1.6307932e-16,1.3028882e-15,0.0,6.2821454e-22,2.957299e-11,1.0
161,161,162,2,1.1922563e-27,0.0,1.0,1.2889608e-25,9.036513e-18,2.2e-44,4.43589e-20,1.0512831e-21,3.6157245e-25,7.16e-43,1.29475165e-17,1.0897673e-15,1.2661551e-15,3.7360905e-21,2.614598e-20,0.0,5.618552e-23,9.70623e-19,3.3884047e-16
162,162,163,2,1.851635e-24,0.0,1.0,4.6099173e-22,7.108151e-16,6.484518e-33,2.5215872e-15,4.6728616e-21,6.298697e-24,5.4413276e-30,3.5917407e-15,6.416216e-17,1.280999e-12,5.991688e-18,8.1830545e-16,0.0,1.1429793e-19,3.8264835e-14,1.2547793e-14
163,163,164,2,6.7629935e-28,0.0,1.0,2.8490871e-27,2.450742e-19,3.1385e-41,1.9607644e-18,5.1462932e-27,3.0570934e-25,1.02153e-37,4.1078405e-18,6.248987e-17,2.616267e-18,6.310141e-25,4.2095023e-21,0.0,9.628897e-26,9.249894e-17,2.4536273e-08
164,164,165,2,1.6008357e-26,0.0,0.9973979,3.5390506e-23,2.4542483e-13,1.356149e-39,8.839987e-18,3.8477212e-22,9.575168e-25,1.768853e-23,3.8120013e-14,1.6915873e-11,1.5998426e-16,3.3407653e-22,8.608877e-15,0.0,1.0390992e-20,2.864317e-15,0.0026008135
165,165,166,18,6.626752e-27,0.0,0.011856948,9.4334695e-20,8.8408916e-12,4.7375e-41,2.4167573e-16,3.3348573e-22,1.7346781e-25,1.3807796e-20,3.7288462e-12,3.7417594e-10,4.4406422e-15,6.562244e-22,4.3597098e-13,0.0,1.3798695e-19,2.401834e-14,0.98814225
166,166,167,18,1.611851e-29,0.0,0.000526725,2.1502059e-23,2.7076827e-16,0.0,1.2102897e-17,3.9683062e-27,6.442131e-27,4.9876082e-30,1.1530276e-15,3.0729084e-13,5.436151e-19,2.28703e-25,2.5819634e-17,0.0,3.992148e-25,8.108664e-16,0.9994737
167,167,168,18,9.310161e-29,0.0,0.0002201512,1.6049611e-21,3.226416e-14,6.1e-43,1.6850966e-17,3.7566083e-23,2.2345014e-26,2.3173679e-21,5.8182205e-14,1.4219347e-11,2.1541039e-17,1.290296e-22,1.15225e-14,0.0,8.723958e-22,2.7336407e-15,0.99977875
168,168,169,18,1.0976329e-28,0.0,1.7687468e-06,3.9902725e-19,3.7009553e-13,9.818e-41,1.3266421e-13,6.661057e-23,9.268184e-26,6.489131e-15,1.6790499e-12,5.422563e-12,2.7521276e-16,5.9451195e-21,3.7200635e-13,0.0,1.7015907e-21,2.1936303e-13,1.0
169,169,158,18,2.4515883e-30,0.0,5.1067273e-06,4.29125e-21,1.3044547e-15,0.0,2.0085996e-14,1.3061611e-25,7.318575e-26,9.07749e-25,2.1611508e-16,2.1388703e-13,6.25664e-18,5.941502e-25,3.0719793e-15,0.0,1.9115212e-23,3.549259e-15,0.9999962
170,170,171,2,1.301217e-26,0.0,0.99977106,5.199482e-16,4.671961e-10,2.6156744e-36,3.4897476e-13,1.1840264e-18,1.8683556e-27,1.3730791e-28,2.3469489e-13,3.405442e-10,1.0443565e-13,1.3667017e-16,8.495332e-11,0.0,6.529863e-20,1.0514272e-14,0.0002292024
171,171,172,18,1.1019311e-24,0.0,0.041563913,1.0923778e-06,5.6258838e-09,9.214402e-38,1.3758412e-07,1.4716202e-15,6.738804e-23,6.011813e-33,1.4327748e-12,1.0447074e-05,1.013491e-08,3.158915e-11,2.1707284e-07,0.0,5.93885e-18,8.821087e-11,0.95842385
172,172,593,11,4.951363e-15,0.0,3.13581e-14,2.3552263e-06,3.0331098e-08,2.6634355e-25,2.263548e-06,0.0022063723,1.3348489e-08,8.24565e-34,1.3609805e-06,0.5075357,1.2441835e-07,0.00023157883,8.904404e-08,0.0,4.7263172e-15,0.005875328,0.48414612
173,173,174,2,3.7728308e-26,0.0,1.0,1.527791e-25,2.4064815e-16,6.045e-42,4.649059e-19,6.3658584e-21,1.09266426e-23,3.46e-43,9.376087e-16,5.0312156e-15,1.9268962e-15,3.9737737e-20,6.9294264e-20,0.0,1.6153775e-22,5.9320348e-18,5.1850434e-16
174,174,175,2,1.3985214e-21,0.0,1.0,1.2676507e-19,6.021907e-12,2.1709746e-24,1.2786506e-12,4.6097684e-18,1.01544676e-20,2.2585784e-22,9.640507e-12,5.77909e-14,4.583516e-12,3.3619354e-15,8.177984e-12,0.0,1.5891845e-18,1.2412274e-11,4.576333e-13
175,175,176,2,1.5217799e-21,0.0,1.0,7.00119e-21,8.420431e-15,4.3365646e-31,3.4908904e-14,1.1454128e-15,5.8203116e-20,7.219859e-26,1.6947301e-14,4.4122306e-12,2.4426774e-12,9.366108e-17,3.9840466e-14,0.0,1.6738145e-17,1.6659175e-15,1.1725997e-12
176,176,177,2,3.9802995e-19,0.0,1.0,1.961666e-22,3.9305625e-14,9.5e-44,7.725275e-17,1.052505e-17,4.8926833e-17,4.4099375e-29,6.0097646e-13,6.5268012e-12,5.010079e-12,1.0812443e-17,6.357069e-15,0.0,9.774916e-15,8.979993e-16,5.0736126e-09
177,177,178,2,5.0137516e-19,0.0,0.9999886,9.0522704e-20,4.827913e-13,0.0,1.7825695e-16,8.1511086e-19,4.7888087e-20,3.10128e-40,1.7803185e-10,1.3055676e-11,9.21579e-12,1.4752737e-15,4.3716082e-17,0.0,6.3676226e-16,1.144208e-14,1.0404638e-05
178,178,179,2,2.240046e-21,0.0,0.9438096,2.4237123e-21,3.5445252e-14,0.0,8.4470576e-18,4.2254135e-21,2.335915e-23,9.7515e-41,1.02554074e-13,1.2177495e-11,4.106544e-16,1.1727628e-16,4.158326e-17,0.0,9.616294e-21,9.312185e-14,0.056191046
179,179,180,2,1.2800269e-12,0.0,0.9806283,6.5910835e-18,2.0905019e-07,2.5810816e-36,3.9115663e-14,4.8024482e-08,6.849945e-14,1.1329825e-18,0.0005379996,2.4537892e-06,5.397478e-08,7.0334414e-07,1.498094e-08,0.0,2.1054194e-07,1.160462e-09,0.018831555
180,180,181,2,1.7275657e-18,0.0,0.9601693,5.1882407e-19,4.2314027e-11,0.0,1.4846e-15,4.3206676e-14,2.4325885e-19,5.5765617e-34,2.3494462e-07,3.3014486e-10,1.465512e-10,5.954319e-11,1.8615678e-13,0.0,2.3253822e-13,3.0577205e-12,0.039830223
181,181,170,2,3.0325396e-25,0.0,0.9996529,4.218002e-15,1.5332704e-14,0.0,2.9389966e-14,1.6043445e-19,1.8016893e-25,9.722868e-34,1.20798e-15,5.601231e-11,3.6984448e-12,2.998172e-16,1.6153242e-12,0.0,3.0637108e-19,1.1279179e-14,0.0003466227
182,182,183,18,7.573516e-24,0.0,9.597938e-05,1.3307934e-13,4.9702283e-08,5.4713724e-34,3.7133047e-11,1.155528e-16,8.095373e-24,5.238434e-27,2.3105209e-11,4.5369197e-09,2.4384027e-13,1.839484e-16,1.524467e-10,0.0,2.8070802e-18,1.9214968e-12,0.9999047
183,183,184,18,8.536983e-18,0.0,2.103688e-12,1.1064449e-12,0.00037773087,1.2071798e-28,1.9030987e-05,1.3334307e-13,3.5312532e-17,1.9767356e-36,6.389893e-07,2.6627879e-08,1.4543896e-11,5.7650456e-13,1.2583248e-09,0.0,1.859536e-15,1.0445549e-07,0.99960333
184,184,602,10,9.048342e-11,0.0,1.9788191e-20,9.844807e-10,0.005048742,6.178234e-17,0.0017723291,1.3048447e-05,4.5937103e-09,3.220977e-39,0.85643584,1.6654874e-05,1.674762e-07,1.5608073e-05,1.6563677e-08,0.0,6.503729e-07,0.0012361765,0.13546029
185,185,186,2,1.4458966e-28,0.0,1.0,3.3920366e-25,2.6743985e-19,0.0,1.7566778e-20,2.489075e-22,9.929712e-24,1.74e-43,7.538374e-18,2.3950614e-16,2.5471585e-15,2.8109537e-22,4.479727e-21,0.0,2.0496053e-23,3.7005062e-19,1.4936849e-13
186,186,187,2,4.033219e-24,0.0,1.0,8.9827847e-20,4.1880178e-16,4.015535e-31,3.690239e-14,2.8548291e-21,2.8023255e-21,5.9271156e-29,1.3179705e-14,5.8348405e-16,1.7587031e-12,6.4331966e-18,1.5853964e-15,0.0,2.426054e-20,1.1801515e-13,5.073951e-13
187,187,188,2,2.4012955e-20,0.0,1.0,5.1837496e-19,4.274118e-11,1.2277614e-30,8.020893e-16,1.2929089e-12,2.7132116e-18,1.2797473e-14,3.1461556e-11,1.83537e-08,1.6159792e-10,1.2701661e-14,1.2358852e-09,0.0,7.311675e-13,1.6769495e-13,1.4517658e-06
188,188,189,2,2.760317e-17,0.0,0.9996186,6.5464596e-17,4.7102458e-07,8.2682104e-32,1.4485949e-15,6.125244e-10,2.4011264e-16,5.975788e-15,5.729521e-08,7.637999e-05,1.2279063e-08,5.2325e-13,3.322971e-07,0.0,6.547684e-09,2.951167e-12,0.0003055634
189,189,190,2,5.842652e-18,0.0,0.9992565,1.02808856e-17,5.114738e-07,8.3866e-41,4.990175e-16,1.4445577e-12,1.5260966e-17,6.560879e-26,6.7790546e-07,1.5287037e-06,3.042599e-09,1.5494398e-14,1.4484596e-11,0.0,9.538094e-10,1.571603e-13,0.0007393016
190,190,191,2,2.6497383e-22,0.0,0.962902,1.0763799e-17,7.018258e-11,1.777e-42,2.2457416e-16,4.1124074e-16,5.805762e-21,3.4552926e-21,1.2306905e-10,1.671454e-09,2.2280412e-11,7.855556e-17,5.2307264e-12,0.0,1.39474385e-14,1.0212151e-13,0.03709895
191,191,192,18,8.775133e-20,0.0,0.19599739,2.4924547e-17,2.817166e-09,5.161e-42,1.0124826e-15,1.5338269e-13,2.2415538e-18,1.3634384e-21,1.7714932e-08,7.1840994e-08,1.0692059e-10,2.0948279e-15,2.5352115e-11,0.0,2.3487772e-12,9.976887e-13,0.80400395
192,192,193,18,6.0304544e-21,0.0,0.023321468,7.171167e-18,3.828247e-08,0.0,3.7114863e-14,3.2340033e-16,8.806766e-18,8.842298e-29,8.085624e-08,3.506343e-08,2.0752353e-10,1.0057532e-16,8.228119e-11,0.0,2.7395638e-12,2.582284e-13,0.97667855
193,193,182,18,9.596915e-27,0.0,9.0621514e-05,1.787065e-14,2.6154158e-13,0.0,7.305267e-12,1.8890072e-22,2.0356188e-23,1.0334225e-28,1.4450136e-14,6.093802e-11,1.404291e-12,5.7675734e-21,1.7251417e-11,0.0,1.5566872e-19,4.3440222e-13,0.9999084
194,194,195,18,2.80168e-09,0.0,6.2430856e-22,1.3819148e-17,7.343286e-14,6.335574e-29,1.6250068e-07,8.5950846e-10,0.007519706,4.0660493e-30,6.029956e-11,1.2259365e-07,5.9349638e-15,1.2790055e-14,1.1526599e-12,0.0,2.36876e-13,3.5587294e-11,0.9924791
195,195,196,8,6.9469e-11,0.0,4.1861532e-29,1.6351512e-19,3.9351985e-14,1.4858235e-23,1.799809e-08,2.4793726e-06,0.9998397,1.490985e-30,1.1478532e-08,1.4826294e-09,5.353454e-15,4.0240883e-10,2.6431655e-15,0.0,4.886072e-13,5.8954736e-08,0.0001580514
196,196,549,8,1.7413197e-12,0.0,3.3461464e-30,1.8694691e-18,5.9192616e-11,6.188147e-15,6.214217e-07,1.5529737e-05,0.9998436,1.1602277e-31,2.4501518e-05,3.4391504e-10,7.603309e-15,4.7824506e-07,5.879039e-14,0.0,2.762968e-12,4.614846e-06,0.000111415786
197,197,198,2,1.7168448e-32,0.0,1.0,5.9632067e-26,1.8373143e-19,0.0,1.6974886e-19,2.2805233e-24,1.2721099e-30,1.3133572e-38,5.8242815e-22,1.7852497e-17,4.275831e-18,3.1831719e-24,2.889221e-20,0.0,1.1999229e-25,1.00934105e-20,2.5962813e-12
198,198,199,2,2.0015344e-27,0.0,0.9999923,1.1800533e-19,1.9754169e-13,1.2021e-40,8.863042e-12,1.3986091e-18,5.857756e-27,2.3878438e-32,3.3413157e-13,8.451872e-15,3.964297e-12,1.6209707e-14,1.0711019e-14,0.0,3.822547e-20,1.4125311e-14,6.9591715e-06
199,199,200,2,1.2165944e-24,0.0,0.98976076,1.2675738e-18,4.743133e-15,8.45e-43,2.972762e-10,3.5785885e-20,4.1554138e-22,1.076397e-31,5.1092124e-17,1.3412725e-12,7.841407e-14,2.0802203e-18,4.4414576e-14,0.0,1.1976806e-20,2.6271233e-14,0.0102382265
200,200,201,2,1.0303621e-24,0.0,0.9969719,3.512173e-19,1.438643e-16,4e-45,5.3199157e-11,1.9790927e-18,1.8492307e-21,2.7062385e-30,5.833716e-20,2.8064157e-11,3.3897933e-13,2.1921585e-20,2.7450008e-14,0.0,1.1032937e-17,1.5311122e-16,0.003026414
201,201,202,18,1.3962689e-18,0.0,1.45308e-12,2.544017e-19,4.0883564e-13,1.523051e-37,0.0011788032,5.816302e-10,1.1569701e-09,2.505504e-33,1.4971434e-11,8.408535e-12,1.3964189e-09,5.5095316e-12,1.5857618e-12,0.0,3.4111353e-11,2.1347153e-11,0.9988219
202,202,203,18,1.3895532e-17,0.0,1.6721904e-13,4.5555155e-22,1.031157e-15,7.4315727e-37,1.2909599e-08,2.8660986e-15,1.022929e-09,9.642085e-35,4.0002652e-14,8.667838e-13,1.7145739e-17,4.715885e-17,4.7211615e-16,0.0,9.365237e-20,2.3564942e-13,1.0
203,203,204,18,5.6472952e-18,0.0,2.4818398e-08,4.728361e-20,8.67837e-18,6.69284e-39,2.1016448e-10,4.6188425e-14,5.46472e-11,7.525403e-29,3.3515218e-17,2.5516278e-11,1.5167895e-14,2.78736e-19,4.14528e-15,0.0,1.6458982e-17,1.7487583e-16,1.0
204,204,205,18,3.2134592e-13,0.0,1.9549081e-19,4.7400324e-18,1.40800135e-14,1.1598741e-38,4.8597117e-06,6.05354e-09,0.0035354435,8.011876e-30,2.0252349e-13,6.217812e-10,3.3998316e-12,2.5672452e-14,5.309793e-13,0.0,3.7294573e-12,2.389162e-12,0.9964587
205,205,194,18,2.4205558e-11,0.0,2.0234173e-23,6.6060065e-19,7.454176e-14,1.0072775e-31,3.8021827e-07,8.798465e-12,0.005546989,5.230411e-33,2.1030072e-11,3.7319944e-10,5.413871e-16,9.497653e-16,8.870915e-14,0.0,1.05259565e-13,6.2729336e-12,0.99445367
206,206,207,13,0.10639135,0.0,2.8175186e-18,1.269382e-13,4.4846717e-12,0.0,1.29309705e-11,6.7664964e-15,3.9939793e-16,9.0955527e-32,3.687058e-07,6.1422985e-11,1.783312e-07,0.79588383,4.2831906e-12,0.0,0.095073275,0.0026502085,2.786075e-18
207,207,208,13,3.414631e-11,0.0,1.7829856e-22,1.321139e-18,6.510327e-16,0.0,1.3492697e-13,3.8462797e-16,1.5469116e-22,2.47167e-40,6.213715e-12,2.1239069e-16,9.791366e-13,1.0,2.4438745e-16,0.0,2.2151143e-10,6.174881e-08,6.053826e-21
208,208,555,13,1.399965e-14,0.0,2.7490738e-24,1.4330814e-19,8.7639444e-16,0.0,9.849627e-15,2.9016636e-16,7.388145e-25,2.961e-41,1.0822813e-11,7.7037924e-17,6.3672136e-15,1.0,3.0206614e-16,0.0,1.9187883e-14,1.15084555e-08,2.0845622e-21
209,209,210,17,2.8048917e-14,0.0,1.4964518e-27,1.8471818e-18,1.2610753e-06,1.3725586e-31,2.398208e-07,5.0829956e-14,9.582814e-23,3.0425207e-37,2.743617e-08,4.3055167e-13,1.0076129e-14,4.482032e-07,3.5402857e-12,0.0,5.905833e-14,0.9999962,1.0026078e-17
210,210,211,17,2.869834e-12,0.0,5.4832926e-23,1.3913852e-14,0.0002816013,3.852429e-33,2.502588e-05,1.7012269e-14,1.1184267e-23,3.083052e-36,5.1639827e-08,3.7839252e-13,1.262281e-10,0.0005140251,5.407492e-09,0.0,1.4740672e-11,0.99918014,2.9042394e-19
211,211,212,13,4.9325446e-09,0.0,5.0399977e-21,4.0484536e-14,0.01159382,1.9765526e-38,3.2084716e-07,5.754452e-14,2.2009005e-25,2.0016026e-35,6.245706e-07,3.2206275e-12,1.3348782e-10,0.9657713,1.913375e-07,0.0,1.5934098e-10,0.022633366,1.1697712e-20
212,212,213,13,0.0016216909,0.0,9.541008e-24,1.357016e-19,6.462016e-05,0.0,4.954641e-11,1.8899592e-14,6.7238406e-21,6.811045e-36,3.3532908e-07,1.4963333e-10,3.8563347e-13,0.9981935,2.4618285e-10,0.0,7.4302125e-07,0.00011795222,3.7229996e-22
213,213,214,13,8.174943e-12,0.0,3.5348626e-26,1.8775639e-21,3.1205858e-09,2.06e-43,2.854695e-12,6.2351313e-16,5.616703e-25,1.71e-43,2.6516503e-10,5.4321815e-15,1.4463069e-14,1.0,1.1741157e-14,0.0,8.173197e-12,4.8163642e-08,1.3544327e-23
214,214,215,13,9.701351e-10,0.0,1.729075e-26,1.3360932e-21,5.5132013e-08,0.0,1.2708847e-12,2.9783036e-16,4.503517e-25,1.261113e-39,1.9771702e-09,3.545352e-13,5.2654753e-14,1.0,1.4042373e-12,0.0,6.382109e-11,3.2649953e-07,7.9047965e-24
215,215,216,13,1.6681515e-05,0.0,2.3089375e-24,6.1550263e-21,9.110178e-08,0.0,7.1576256e-14,2.6548367e-15,1.098122e-22,1.0831606e-38,1.7045506e-09,2.655482e-10,1.035624e-14,0.99997336,2.1655373e-12,0.0,3.807753e-09,1.0190595e-05,1.9746996e-22
216,216,217,13,4.3823803e-12,0.0,6.114248e-25,3.0095317e-21,4.496003e-12,0.0,5.662742e-14,1.9521018e-16,9.182106e-26,5.56e-43,6.6728563e-12,1.9115628e-14,1.8653476e-15,1.0,1.3195946e-15,0.0,9.756803e-13,2.172007e-08,4.6906654e-22
217,217,206,13,1.1137493e-05,0.0,8.387665e-23,5.0680376e-18,4.439785e-12,0.0,1.2150702e-14,1.3297966e-16,1.4146499e-22,4.1918753e-36,6.8749104e-09,5.0945093e-13,2.2365224e-11,0.99991995,1.5225237e-13,0.0,6.7714046e-07,6.6916036e-05,2.551594e-22
218,218,219,18,7.9555253e-17,0.0,1.2190545e-20,2.7320553e-23,1.0534099e-15,2.19916e-28,7.773265e-14,3.3799639e-15,2.553774e-08,1.3034133e-33,1.2298452e-11,1.1272909e-12,1.5992347e-21,2.7350996e-16,2.0095154e-18,0.0,5.3856192e-20,4.347006e-13,1.0
219,219,220,18,2.2380332e-11,0.0,3.4802697e-20,2.0277921e-22,1.7817427e-13,1.8260902e-29,4.6008103e-10,7.2862506e-14,0.0012686236,8.008098e-35,1.792593e-09,5.37317e-10,6.8487773e-19,1.4754295e-10,2.861169e-17,0.0,1.6005578e-15,1.6210072e-07,0.9987304
220,220,551,8,5.566474e-09,0.0,6.2015265e-21,3.8231234e-16,5.1758103e-10,1.1060611e-34,0.00022983103,3.495341e-14,0.9498631,6.273555e-35,6.8987976e-07,1.3086468e-07,1.0339395e-12,3.6484998e-06,7.690891e-12,0.0,4.289261e-10,0.04956346,0.0003384176
221,221,222,2,3.1578333e-32,0.0,1.0,9.807884e-25,7.219664e-19,1e-45,1.7204236e-18,2.8103544e-21,1.8750448e-28,6.683698e-34,3.2011865e-21,4.3237133e-16,4.097656e-16,4.950778e-22,1.9896385e-17,0.0,2.4068309e-23,1.0142162e-19,3.1112728e-09
222,222,223,2,5.25014e-26,0.0,0.74068874,2.2581106e-17,3.8113653e-12,1.451363e-34,5.0952416e-08,3.6726528e-16,1.4465073e-23,2.249732e-28,1.8850813e-10,1.2141851e-14,6.9669925e-10,4.6224635e-11,3.9457417e-11,0.0,3.3890496e-17,1.1401489e-11,0.25931087
223,223,224,18,5.5481604e-23,0.0,5.5581004e-06,2.9176295e-20,4.7439784e-17,9.51597e-40,1.2946272e-11,4.2357253e-21,2.1690516e-19,1.101318e-31,5.8097646e-16,3.70526e-15,5.877729e-17,4.6384856e-18,1.6780741e-15,0.0,2.49634e-22,2.2074367e-15,0.9999962
224,224,225,18,3.1586578e-21,0.0,0.00047189216,3.1033254e-20,2.9335135e-18,3.46e-43,4.671065e-12,8.795879e-20,5.2507248e-17,1.0077848e-31,1.9564087e-18,4.0558754e-13,7.389841e-16,6.5952237e-21,1.9258444e-16,0.0,2.0867193e-20,2.0518656e-16,0.9995271
225,225,226,18,2.6293177e-15,0.0,1.0668203e-14,5.4043857e-21,7.4550453e-17,1.01405e-40,6.966286e-07,2.679438e-15,2.4274772e-07,3.4822498e-34,2.6540268e-15,8.796711e-14,1.5675972e-13,1.057129e-16,2.0161608e-14,0.0,8.8279454e-13,1.7357544e-13,1.0
226,226,227,18,1.13515646e-14,0.0,2.7446931e-17,5.6874766e-21,1.6504643e-15,1.6930636e-36,9.581155e-11,1.765562e-17,8.667691e-09,1.7436947e-32,9.737072e-14,2.8205045e-13,4.8666546e-19,1.1509385e-18,3.902428e-15,0.0,6.8431106e-19,5.9673844e-14,1.0
227,227,228,18,1.4384956e-15,0.0,2.4983794e-14,6.230765e-21,3.1106904e-17,1.1019485e-38,5.040326e-13,6.3642176e-18,9.281133e-11,3.7419356e-30,4.97463e-15,2.7822056e-13,1.5323142e-18,1.2559015e-19,1.1453423e-16,0.0,3.7156966e-20,3.874955e-15,1.0
228,228,229,18,4.3762198e-14,0.0,1.3199627e-22,1.0692493e-20,6.703679e-15,9.2967874e-35,3.0677008e-10,8.545598e-15,6.491541e-05,3.9336936e-31,1.8987856e-11,6.4803555e-13,1.02898315e-17,1.9142643e-16,4.8008356e-16,0.0,4.0235564e-15,3.1213606e-12,0.99993515
229,229,218,18,4.6902117e-17,0.0,5.2334115e-23,1.6417998e-21,1.9699001e-14,2.6806587e-27,1.4114983e-12,1.4419247e-14,1.6126808e-07,1.1716749e-33,5.131106e-10,2.599502e-12,8.7567044e-21,2.2301006e-17,2.9597502e-17,0.0,1.0133274e-18,1.2396648e-13,1.0
230,230,231,18,5.64998e-21,0.0,2.2431603e-12,3.5568167e-18,2.205373e-09,1.6766937e-28,1.6245086e-10,3.382479e-15,1.1886294e-17,3.180942e-29,3.326294e-07,4.4843147e-11,6.6784645e-14,3.6447904e-11,3.7395638e-09,0.0,7.4862146e-19,1.3195333e-09,1.0
231,231,232,18,1.5252003e-17,0.0,7.1566234e-12,6.72052e-17,8.698144e-06,2.5634536e-25,1.1376656e-08,9.7916925e-11,1.25433425e-14,1.9357823e-29,0.000107662534,4.9629557e-07,5.523336e-12,9.767458e-08,3.3549684e-06,0.0,8.501212e-16,4.1443664e-06,0.99987406
232,232,1396,4,7.340621e-15,0.0,4.6786824e-11,2.1153695e-15,0.90009135,7.615846e-23,8.051129e-06,7.159259e-08,4.935753e-13,1.0326894e-28,0.008210562,0.0029090974,2.5064317e-10,1.4399854e-05,0.012156896,0.0,2.1176737e-12,0.015700597,0.060907613
233,233,234,18,8.549432e-18,0.0,6.6926445e-14,4.9342454e-21,1.8063089e-08,7.297451e-39,4.1276316e-11,1.6478473e-15,5.704865e-12,2.8015668e-36,1.3293834e-12,1.4956338e-07,3.1051553e-16,1.1921806e-17,3.4895034e-08,0.0,1.1444938e-18,2.5272922e-12,1.0
234,234,235,18,1.8781531e-19,0.0,1.7629868e-14,4.9432883e-21,1.1599138e-08,1.417875e-30,1.5145247e-12,7.413655e-13,3.0874514e-15,7.7359186e-25,3.828942e-11,1.2148475e-07,7.7121423e-17,8.716904e-15,1.1013402e-06,0.0,1.2198513e-18,5.5920237e-13,1.0
235,235,230,18,6.2755826e-22,0.0,1.7183807e-14,3.3901596e-18,2.1195669e-10,5.422684e-28,4.540029e-12,8.783634e-14,5.6218224e-19,9.839115e-22,5.509979e-10,5.7963895e-10,6.2289295e-15,3.2750035e-12,8.8873054e-07,0.0,1.8797812e-18,3.7982426e-13,1.0
236,236,237,0,0.9992565,0.0,4.105523e-25,3.55818e-22,5.0667754e-13,1.3111529e-33,3.432891e-14,1.1168958e-16,1.4601376e-11,3.2712895e-38,1.9535604e-10,3.6041534e-12,4.3754e-15,0.0007436519,9.914882e-15,0.0,1.2231392e-06,8.774049e-08,1.8785393e-20
237,237,238,13,1.8533347e-05,0.0,1.3708928e-26,1.3301158e-24,1.7988023e-13,2.3701879e-21,5.1568064e-12,6.2390605e-15,4.944443e-12,2.2470115e-37,9.991452e-10,1.3196507e-14,1.0494477e-14,0.9999809,2.6395193e-14,0.0,2.2034796e-10,8.1993595e-10,4.251027e-19
238,238,573,13,9.161154e-10,0.0,2.9453954e-28,7.227692e-24,1.6566296e-12,2.0161361e-16,5.6877415e-12,4.484391e-15,1.0984731e-16,2.2059462e-38,7.2501423e-09,1.5572429e-15,2.2420621e-15,1.0,1.269416e-13,0.0,1.1478679e-13,7.272516e-11,2.259615e-20
239,239,240,17,3.88215e-13,0.0,4.7462738e-26,1.188575e-17,2.4072508e-10,7.981812e-19,2.9705205e-08,1.2151852e-08,3.3271256e-18,6.585136e-38,4.2241077e-06,1.7546709e-10,7.174981e-15,4.3602745e-06,1.1506687e-14,0.0,1.2897401e-14,0.9999923,1.7794902e-10
240,240,241,17,2.0160356e-09,0.0,2.1126526e-29,1.813476e-15,4.5303797e-10,7.264436e-29,1.6124841e-07,9.147177e-12,4.803312e-22,8.40111e-39,5.3060813e-08,1.6920245e-13,7.356135e-12,5.438471e-05,6.5620485e-13,0.0,1.9045318e-10,0.9999466,6.987399e-20
241,241,245,0,0.93128145,0.0,1.8571268e-29,4.170218e-20,1.1211476e-08,1.2536116e-37,8.010575e-12,2.8536648e-13,3.3986834e-16,2.0660542e-35,7.445409e-10,1.6850905e-09,1.0648604e-14,1.7006222e-08,4.7983208e-11,0.0,4.1838653e-09,0.06871893,3.2019192e-21
242,242,243,0,1.0,0.0,2.1930824e-24,2.806998e-23,3.1994906e-13,5.709746e-33,4.234963e-15,2.329242e-15,1.3448193e-10,1.38113e-40,2.5817028e-13,3.7613365e-10,2.1610495e-18,2.7079186e-10,3.8482778e-15,0.0,7.973967e-10,1.359873e-09,8.7849806e-20
243,243,244,0,0.9981744,0.0,5.2067056e-24,5.6638687e-24,1.6480438e-13,9.883748e-26,5.8821854e-12,1.5344071e-12,1.0715383e-08,5.658716e-36,4.469627e-11,6.7725495e-12,1.3373524e-14,0.001823657,7.508198e-14,0.0,6.603953e-08,5.8107164e-09,7.041779e-18
244,244,236,0,0.9999923,0.0,4.887941e-26,1.8579339e-22,1.0143664e-13,1.7582677e-34,5.358337e-15,2.3728265e-16,3.8388726e-11,6.745282e-39,2.4114039e-11,5.9694858e-12,2.7064348e-15,7.591982e-06,6.947177e-15,0.0,7.752208e-07,1.0758306e-08,2.9012685e-21
245,245,246,0,0.9999923,0.0,3.7808454e-24,1.8878906e-22,1.6148409e-08,1.8749332e-25,1.2828657e-14,6.612693e-10,3.1717386e-11,1.5539048e-34,1.5896154e-10,1.1866607e-06,2.0800308e-17,6.2384814e-10,8.1379375e-11,0.0,1.22052125e-11,5.770699e-06,4.9307747e-17
246,246,247,0,0.9999809,0.0,1.6840577e-22,6.318044e-24,1.303653e-09,8.4375436e-21,7.14197e-14,4.389889e-10,1.9600762e-11,2.7649708e-35,1.017942e-10,9.496527e-09,3.8652668e-17,1.828629e-05,7.331173e-12,0.0,2.0615525e-11,5.284954e-07,1.06890476e-16
247,247,242,0,1.0,0.0,1.1966871e-24,4.002855e-24,7.113777e-13,7.013576e-33,4.3638796e-16,1.2269052e-14,3.126236e-11,1.71021e-40,2.439705e-13,6.196761e-10,1.0012009e-18,1.2312401e-10,3.604904e-15,0.0,7.951605e-11,2.647573e-09,4.5808396e-20
248,248,249,0,0.9999962,0.0,5.4672695e-24,1.8779893e-18,1.712083e-10,2.1395119e-31,2.4016114e-09,3.125388e-12,3.518249e-11,8.228e-42,3.04644e-11,6.2834817e-09,1.6822025e-14,3.0584818e-10,9.811837e-13,0.0,7.690084e-16,4.8014276e-06,1.9613854e-18
249,249,250,0,0.9999962,0.0,8.883907e-24,6.014126e-19,1.2503193e-10,5.0184393e-34,4.6381682e-10,1.4882022e-13,1.14732165e-11,4.94e-42,1.5967434e-11,1.6071274e-09,1.08201335e-14,8.295093e-10,1.3087283e-12,0.0,8.8050626e-16,5.567756e-06,2.7503605e-19
250,250,587,0,0.9999962,0.0,2.246316e-23,7.0937224e-21,1.11478375e-10,1.8345328e-35,8.358076e-11,2.646313e-15,7.2390184e-13,6.5627e-41,1.0999141e-11,3.9495532e-10,1.2365564e-14,6.912274e-10,2.8031297e-12,0.0,5.6558414e-15,4.110217e-06,1.4677144e-20
251,251,252,18,7.0754605e-19,0.0,3.15752e-17,1.7803885e-23,1.6523424e-14,7.397906e-39,3.880009e-10,2.326928e-19,8.4792015e-13,0.0,1.0073388e-09,1.0317636e-14,1.1205867e-17,6.1803397e-22,2.4880501e-22,0.0,7.227124e-21,9.135983e-12,1.0
252,252,253,18,2.0436936e-17,0.0,7.450436e-18,5.46034e-20,1.5973473e-10,7.7145024e-23,6.940031e-06,2.1483135e-07,1.2737106e-10,0.0,0.24867955,8.8876995e-10,2.7697775e-10,7.7257745e-10,1.07757555e-17,0.0,2.2408107e-10,0.00010340108,0.7512115
253,253,257,7,1.557128e-10,0.0,3.8367517e-25,5.058772e-16,1.0169659e-06,0.00092836446,3.5972536e-07,0.8654674,4.0902348e-10,4.1540795e-31,0.07513717,3.7763973e-06,1.799168e-11,1.2020603e-06,2.612646e-11,0.0,1.8290448e-08,0.05845575,3.8510857e-06
254,254,255,0,0.99993515,0.0,1.1405939e-24,1.8906196e-17,1.2314749e-10,1.59795515e-27,3.3424172e-10,1.672863e-10,5.441686e-13,6.799e-42,1.6176753e-10,4.3523904e-09,7.6679383e-16,7.615553e-09,7.385171e-14,0.0,3.0316844e-17,6.60981e-05,3.8136828e-17
255,255,256,0,1.0,0.0,3.6574428e-23,6.248217e-19,4.146111e-11,3.9217798e-32,2.9884057e-11,3.9194546e-13,1.9488905e-13,1.0588e-41,9.1151305e-12,1.7085348e-09,1.1136247e-15,7.0393635e-10,1.7748506e-13,0.0,7.806356e-17,1.2196075e-06,5.167481e-19
256,256,248,0,1.0,0.0,8.237611e-24,3.8148536e-21,6.872251e-12,1.6566071e-31,2.005632e-11,3.1501257e-14,4.000542e-13,1.57734e-40,8.942814e-13,5.049244e-10,2.315094e-16,2.5042513e-11,7.0134836e-14,0.0,2.106631e-16,1.7258166e-07,1.1099243e-19
257,257,258,17,2.2326475e-08,0.0,5.260825e-26,6.2325366e-17,3.935738e-07,2.1477572e-06,1.6251664e-09,0.00083000254,1.6993348e-12,2.3303292e-35,0.011469419,5.553345e-09,1.4277491e-13,7.742961e-06,2.9679335e-11,0.0,3.0254219e-10,0.98769003,1.6094658e-08
258,258,259,17,0.0049523935,0.0,1.2096709e-25,9.300943e-19,7.9549295e-07,2.7616904e-14,5.882862e-11,2.723658e-08,2.2571482e-15,1.2820093e-37,3.4242352e-05,3.9288164e-10,1.8782788e-15,8.1820705e-05,1.1564136e-10,0.0,2.8726365e-13,0.9949317,3.0577187e-13
259,259,254,0,0.99997336,0.0,1.5734701e-26,8.634146e-20,1.38337996e-11,1.8403449e-26,1.8322605e-12,5.6505664e-12,6.8941097e-16,2.14682e-40,1.6354699e-11,9.142402e-11,7.4400975e-18,2.6477247e-09,3.8081934e-14,0.0,1.2105621e-17,2.8487819e-05,1.1526125e-18
260,260,261,2,3.2571743e-27,0.0,1.0,4.9955396e-26,1.3356407e-12,4.6e-43,1.0822677e-17,1.5188528e-19,7.2691715e-23,1.404e-42,7.221221e-15,4.166194e-13,1.5753578e-16,9.185538e-19,4.924778e-17,0.0,6.62331e-21,3.0208067e-19,3.261489e-12
261,261,262,2,2.1343276e-23,0.0,1.0,1.4354741e-24,1.5498795e-11,2.4493725e-38,3.787353e-18,6.2820447e-16,1.7626964e-23,1.480081e-39,1.9981907e-14,3.306539e-11,4.9567997e-17,5.9838595e-16,1.9627721e-16,0.0,2.0735165e-19,2.525551e-17,2.1713048e-10
262,262,1366,2,4.4664028e-20,0.0,1.0,1.3358653e-19,6.0334565e-10,3.9039797e-36,9.257776e-15,1.4525336e-09,3.6651957e-22,3.3164796e-34,7.268079e-11,9.589877e-07,2.7096207e-12,5.3378885e-10,1.6310071e-13,0.0,1.7936204e-15,2.3349838e-12,5.718712e-08
263,263,264,2,4.2547082e-27,0.0,1.0,2.9549534e-26,1.8890617e-18,2.42e-43,1.0253387e-18,8.557955e-24,5.155261e-24,3.912e-42,1.11246445e-17,1.09065676e-16,1.63235e-15,6.2383695e-23,2.479024e-20,0.0,4.0379957e-22,1.6456704e-19,6.4301397e-15
264,264,265,2,1.2112301e-20,0.0,1.0,1.4013598e-25,1.3339475e-16,1.33902e-39,2.5363642e-17,3.6916236e-19,6.800304e-19,7e-44,2.1556376e-13,4.824636e-13,5.4646907e-14,1.04839774e-17,1.2280909e-20,0.0,1.12313986e-20,9.479735e-16,1.8815813e-11
265,265,260,2,1.9401608e-27,0.0,1.0,3.5502332e-23,5.623801e-17,2.378836e-38,8.943123e-20,9.1689733e-20,3.5791856e-22,3.459032e-39,1.090743e-18,5.410496e-12,5.1293317e-15,8.921179e-20,8.101951e-17,0.0,2.8780418e-22,7.2624235e-19,1.337267e-12
266,266,267,18,4.5579115e-23,0.0,0.0009892685,1.8124762e-19,6.9987537e-15,5.672281e-31,3.0556534e-14,4.405351e-20,8.2555686e-18,1.983832e-33,1.8931504e-12,7.638851e-11,1.589198e-16,1.2364948e-22,8.922516e-18,0.0,2.0276751e-23,3.44144e-14,0.9990125
267,267,268,18,8.091468e-20,0.0,4.4936657e-18,2.0476745e-16,8.087779e-09,2.1125399e-29,3.320942e-08,1.3174148e-18,1.63064e-13,5.035617e-36,4.8257687e-09,5.9255617e-12,2.2983237e-15,5.2721954e-19,6.1212344e-15,0.0,8.659398e-16,5.720471e-11,1.0
268,268,620,18,1.1350954e-15,0.0,3.517992e-27,2.6374614e-10,0.001147077,1.9146675e-22,7.4467016e-06,3.91014e-11,0.00038465086,2.4698986e-33,0.00037220112,2.7637157e-05,8.4178704e-13,6.6445906e-14,2.615331e-09,0.0,1.0554288e-08,1.3695999e-06,0.9980602
269,269,270,2,9.5350896e-29,0.0,1.0,2.132714e-25,1.04935855e-16,2.25e-42,1.1922658e-19,5.132898e-21,9.3139705e-27,1.1303375e-38,3.01381e-18,1.2886871e-15,1.4087206e-15,1.1045047e-20,9.887818e-19,0.0,1.5114406e-22,4.9626246e-18,1.396899e-16
270,270,271,2,1.730638e-27,0.0,1.0,9.65248e-24,1.6544302e-14,8.5999e-41,4.905934e-17,3.009529e-23,1.04679e-27,5.16282e-40,2.1893978e-15,1.392297e-16,1.1082058e-13,8.824148e-19,2.8600015e-17,0.0,4.048563e-21,5.804274e-15,2.4853459e-15
271,271,272,2,2.4394738e-27,0.0,1.0,3.8770686e-23,4.0463434e-19,1.149e-42,1.3655545e-17,3.2430115e-22,6.4715955e-25,2.4444e-41,3.4425078e-19,1.2939579e-15,1.2224904e-14,2.8672053e-21,4.1637827e-19,0.0,1.7091038e-22,2.0568645e-17,4.9199388e-15
272,272,273,2,1.5343795e-25,0.0,1.0,1.909283e-24,6.043518e-19,6e-45,1.7642817e-18,2.277397e-21,3.1384512e-24,9.263e-42,2.972828e-19,9.6834314e-15,1.5217671e-15,1.6038778e-21,5.979011e-20,0.0,1.2890021e-22,3.968173e-18,2.3639555e-15
273,273,274,2,2.5814929e-23,0.0,1.0,2.9422477e-23,2.0527444e-14,1e-43,1.821817e-15,7.812912e-24,3.975403e-24,2.38e-43,5.5548776e-14,2.7391118e-14,3.413709e-13,1.1190942e-20,2.9571868e-18,0.0,3.4503565e-19,1.4428813e-15,3.920698e-12
274,274,275,2,3.6661776e-28,0.0,1.0,3.2183917e-20,5.896026e-19,1e-45,2.945102e-14,1.7485987e-23,5.0837234e-25,1.4236853e-37,4.4599014e-19,3.964126e-14,9.183465e-13,9.66545e-24,5.571207e-18,0.0,7.25411e-21,5.150834e-18,5.4730855e-11
275,275,276,2,1.0649829e-28,0.0,1.0,8.023781e-21,3.7063957e-20,0.0,3.5658136e-16,5.239347e-22,1.8738178e-25,1.0240692e-31,8.830773e-21,1.9006669e-14,1.2349118e-13,1.6624571e-23,6.854924e-18,0.0,1.8553144e-21,1.3862111e-19,2.965523e-11
276,276,277,2,1.4365031e-25,0.0,0.9999962,6.917854e-21,9.31644e-16,8.488e-42,2.7578913e-13,6.243083e-23,1.9956221e-23,1.4044695e-32,4.930874e-15,3.0652953e-15,5.315062e-13,1.4867718e-21,2.6974032e-17,0.0,1.8841153e-20,5.7239734e-15,2.9423854e-06
277,277,266,2,1.0446096e-24,0.0,0.9772375,5.7596203e-19,1.2248791e-16,1.688784e-32,3.398039e-14,1.364157e-20,1.0495737e-18,3.174428e-32,5.955605e-14,1.9071628e-11,1.4215368e-14,6.584307e-23,7.825049e-17,0.0,2.7925906e-23,3.686129e-15,0.022763247
278,278,279,18,3.0757895e-23,0.0,2.7221682e-11,3.908173e-18,1.05994e-15,3.1416e-41,1.2046812e-14,4.565175e-20,4.175979e-21,1.6842494e-38,6.17551e-14,5.595301e-16,1.1538014e-16,2.2273757e-21,3.0484288e-18,0.0,2.580632e-19,1.3928504e-15,1.0
279,279,280,18,1.5335915e-15,0.0,1.4740961e-10,4.2651043e-14,6.79599e-14,6.4588995e-31,1.3101482e-10,1.4722932e-16,1.1553569e-15,2.509e-41,1.7144206e-05,2.2996378e-16,6.705285e-09,2.0376636e-14,5.3616003e-18,0.0,1.2135527e-11,3.0208927e-08,0.9999809
280,280,599,18,3.577201e-10,0.0,9.565849e-12,5.0791993e-13,1.2798336e-09,7.018924e-27,3.3353176e-13,6.7280023e-12,1.9592069e-13,3.2074789e-38,0.068175055,2.398258e-11,1.9867654e-08,1.976304e-08,1.0422636e-12,0.0,1.4161603e-09,0.0013252982,0.93050027
281,281,282,2,2.0456858e-29,0.0,1.0,5.4922827e-27,2.2496697e-15,1.1955385e-37,5.7737372e-21,4.443545e-20,3.8227061e-28,1.2728426e-38,4.1735646e-18,1.5292875e-13,7.254227e-19,3.5166206e-21,2.496907e-18,0.0,1.5527682e-25,4.2797574e-21,4.4401166e-15
282,282,283,2,3.3890273e-30,0.0,1.0,8.916457e-26,2.7042509e-12,5.0880934e-38,9.16268e-20,1.1344516e-20,8.140777e-30,3.51327e-35,9.6357753e-17,3.8993366e-13,5.7829626e-17,1.0880158e-20,2.0114665e-15,0.0,5.84723e-23,5.920974e-20,1.2663875e-14
283,283,284,2,6.66063e-29,0.0,1.0,7.7854773e-25,6.9306635e-14,3.015848e-39,2.9985307e-21,8.3271355e-20,5.013518e-28,6.7114956e-34,3.866944e-19,9.707931e-12,5.4291103e-17,1.8093943e-20,1.0163334e-14,0.0,5.006058e-23,9.699705e-21,1.6750762e-13
284,284,285,2,1.9149759e-28,0.0,1.0,1.7926177e-27,2.2569661e-16,3.9e-44,6.153732e-22,2.870783e-22,5.5549105e-25,1.1572e-41,2.5608041e-18,7.3842376e-15,2.543968e-19,1.5589543e-23,3.736591e-20,0.0,2.2792807e-23,3.090341e-21,8.557205e-09
285,285,286,2,1.1779359e-25,0.0,0.9999866,7.7195106e-22,3.720807e-14,1.4e-44,6.574739e-17,3.1682847e-23,1.3194613e-19,6.181e-42,1.1999068e-14,1.3022306e-14,3.986081e-15,2.8234184e-23,3.31728e-17,0.0,1.2089924e-18,6.5681933e-18,1.2864809e-05
286,286,287,2,8.6808605e-24,0.0,0.99960333,2.7114515e-19,7.9140876e-17,1.4383e-41,6.125099e-19,8.496178e-18,2.8292369e-18,1.0583702e-34,4.500052e-16,2.1147676e-12,1.0969637e-12,1.3629548e-21,5.6943543e-15,0.0,1.3622611e-17,6.9872954e-19,0.000397273
287,287,288,2,4.784291e-23,0.0,0.9999466,6.312841e-24,3.0662542e-15,6.07785e-40,8.819639e-19,1.5318717e-16,6.071085e-19,1.5466189e-34,1.4095491e-14,1.6751986e-12,6.548813e-15,1.9851483e-19,2.3788079e-16,0.0,1.774548e-18,2.5456492e-18,5.526812e-05
288,288,289,2,6.0975945e-25,0.0,0.9999695,8.343721e-23,1.2846686e-13,3e-45,7.719295e-17,1.0458015e-17,1.0853788e-21,5.099186e-39,8.854315e-14,3.5621911e-12,2.1105192e-13,1.4347435e-20,5.7951114e-16,0.0,1.7228677e-17,4.471658e-18,2.8815159e-05
289,289,278,18,5.9166745e-23,0.0,1.2904892e-05,1.4161653e-17,5.6751875e-14,3.1573e-41,9.554752e-14,9.772217e-18,6.996094e-20,1.7637569e-33,3.650265e-15,8.365635e-11,7.483778e-14,3.4192586e-22,2.097869e-13,7.868e-42,2.5076564e-17,6.484568e-18,0.9999886
290,290,291,18,4.3983304e-13,0.0,1.2347114e-17,6.066834e-16,1.1014089e-11,5.2489268e-23,8.0250317e-07,1.084781e-09,1.2256167e-10,4.370826e-24,7.2934545e-06,6.4162875e-10,9.461424e-15,4.446135e-07,9.440204e-12,0.0,2.3957635e-17,3.3600147e-06,0.9999886
291,291,292,17,3.1080858e-14,0.0,7.2512574e-29,1.3598896e-15,6.140156e-07,1.2856416e-17,8.490888e-05,1.7620176e-08,1.4063906e-07,8.21327e-30,0.0077086384,1.9543057e-10,1.0276896e-15,0.0006868086,4.7020296e-12,0.0,2.0945792e-16,0.9913478,0.00017142973
292,292,576,17,1.7668253e-13,0.0,8.265493e-26,3.5917543e-15,9.127611e-07,8.4359296e-22,2.0395617e-06,1.533613e-10,8.5420016e-10,2.9326332e-38,0.0001312208,1.237937e-10,1.06923517e-16,0.0009152763,3.7133734e-12,0.0,3.239904e-17,0.99894774,4.5449115e-06
293,293,294,2,2.0504203e-29,0.0,1.0,8.488127e-22,2.476744e-14,0.0,4.605399e-15,1.69808e-24,4.6187045e-28,3.2e-44,8.021405e-18,1.1568889e-12,4.283331e-15,1.1378484e-22,1.2727305e-16,0.0,1.1366734e-21,1.8142707e-16,1.9995598e-10
294,294,295,2,1.2771001e-20,0.0,0.96087646,1.5120795e-16,0.039107848,1.651556e-35,3.16032e-07,3.6677967e-15,4.8523315e-24,1.1574568e-37,7.498612e-06,2.0355355e-06,3.3465908e-09,5.418683e-09,3.0509239e-07,0.0,2.1291272e-12,4.4625854e-06,2.3244686e-06
295,295,296,2,2.355648e-29,0.0,1.0,4.5644734e-22,4.8200484e-16,1.3277e-41,3.0794665e-14,5.336346e-23,2.487644e-28,1.2517492e-35,2.1952915e-17,1.1224704e-15,1.7338082e-14,2.73302e-19,7.9863926e-16,0.0,7.586395e-21,2.3214628e-15,9.670098e-09
296,296,297,2,1.9608305e-27,0.0,0.99999815,4.685551e-22,2.653761e-17,3.9e-44,9.866508e-16,5.1151035e-24,3.468794e-26,1.7403815e-29,6.492931e-19,2.493502e-16,5.3245487e-17,2.4181898e-21,2.0470722e-17,0.0,1.0692559e-23,3.795454e-17,1.875606e-06
297,297,298,18,3.653106e-23,0.0,4.706164e-09,2.3208105e-20,6.7928935e-10,1.6241231e-34,6.904125e-12,1.5620324e-22,3.247355e-23,5.244671e-35,5.4100474e-10,2.743335e-15,9.281373e-20,2.7919294e-16,2.4086674e-16,0.0,3.7369133e-23,4.221566e-12,1.0
298,298,299,18,2.8350545e-22,0.0,2.0716882e-06,9.062343e-16,1.4373116e-14,1.372636e-39,1.778831e-11,1.2191941e-20,8.3294826e-21,5.7234905e-31,4.8686406e-12,3.3135056e-13,4.3593063e-15,7.746105e-18,3.9975307e-16,0.0,4.2756614e-21,1.4836043e-14,0.9999962
299,299,300,18,5.802172e-22,0.0,1.4740196e-07,2.82023e-17,2.388867e-15,5.178e-42,5.3284837e-12,5.436142e-22,7.685314e-21,1.2196391e-30,1.05851065e-13,7.529365e-14,1.6681541e-17,2.0491248e-19,6.6789346e-18,0.0,2.562713e-23,1.361058e-14,1.0
300,300,301,18,1.0888841e-19,0.0,2.1167798e-17,1.6442522e-19,2.0669015e-09,2.1598105e-28,1.497179e-09,1.5704894e-19,3.9013226e-17,3.1619627e-35,3.862587e-08,1.9523654e-13,5.1574297e-22,2.5182434e-14,5.998026e-17,0.0,1.8217125e-23,1.7474386e-08,1.0
301,301,290,18,3.5777766e-16,0.0,2.7113237e-14,2.3586577e-16,1.8060698e-13,4.7798095e-28,3.1960727e-07,3.4518776e-15,1.5960713e-14,3.2832294e-30,1.0518035e-08,3.9001575e-12,8.793347e-16,2.5989681e-11,3.528714e-14,0.0,1.6518591e-19,1.2690754e-08,1.0
302,302,303,18,1.04951734e-26,0.0,6.5440935e-15,1.1738005e-17,8.43419e-15,1.8722579e-35,8.961699e-13,3.2697775e-17,5.3807085e-21,1.9407818e-28,1.7567368e-14,5.7040723e-15,2.487933e-17,3.4890995e-18,2.7335051e-15,0.0,3.3637722e-21,2.3885126e-14,1.0
303,303,304,18,3.178894e-28,0.0,7.5365074e-25,1.0191428e-17,6.7377687e-10,7.98722e-30,6.115715e-11,5.7779026e-13,2.927544e-18,3.7897306e-29,2.2887043e-11,8.557354e-12,6.6865726e-21,3.388759e-13,4.5751235e-15,0.0,3.9060038e-22,4.9437737e-08,1.0
304,304,1397,18,8.5928484e-19,0.0,5.8330193e-22,1.12547054e-17,6.303733e-05,5.230463e-21,1.3657703e-06,1.02711715e-08,1.4441499e-12,4.4950693e-34,5.5561504e-06,9.308986e-07,1.09205915e-17,4.2395086e-06,1.2428283e-12,0.0,5.143005e-16,0.04536347,0.95455974
305,305,306,2,7.308998e-28,0.0,1.0,2.3343272e-25,6.0362373e-19,0.0,6.447541e-19,1.4209393e-23,4.3383933e-27,6.051e-42,4.7083104e-20,4.803416e-17,5.4947414e-17,1.3414499e-22,5.1251695e-21,0.0,1.1736045e-23,1.1888919e-18,2.6808405e-14
306,306,307,2,2.4883608e-24,0.0,1.0,2.2602173e-21,2.657939e-14,1.37e-43,5.387444e-14,2.3127501e-20,5.594312e-26,2.651213e-38,4.6395597e-13,8.7094204e-16,6.926917e-12,4.168304e-15,1.7182217e-16,0.0,2.9606617e-19,1.2450437e-13,7.257831e-10
307,307,308,2,1.6974569e-26,0.0,1.0,8.489996e-24,2.3090752e-19,2.2e-44,2.7640064e-16,3.120532e-24,1.4700979e-25,7.997161e-37,4.8189352e-20,1.5009758e-17,1.2377491e-16,4.0121693e-22,1.9829837e-19,0.0,2.628224e-23,5.1791297e-17,1.1264674e-09
308,308,309,2,3.1801253e-24,0.0,1.0,1.0354534e-23,9.891256e-18,1.595e-42,1.0747147e-16,9.147858e-23,2.5886607e-24,3.1201758e-31,1.6763688e-19,8.0418494e-16,4.351773e-18,5.013077e-21,2.1189762e-18,0.0,2.5334557e-23,8.785028e-17,1.3587545e-07
309,309,310,18,7.9927034e-23,0.0,2.1561212e-07,3.519412e-21,4.582549e-14,4.152876e-38,4.2382647e-13,1.5895025e-22,2.4241802e-24,8.46197e-30,3.1572737e-13,2.0885462e-17,1.4043188e-18,7.820488e-16,8.9238825e-17,0.0,1.7512765e-22,7.20112e-13,1.0
310,310,311,18,2.1135228e-22,0.0,5.9133352e-08,1.929107e-18,2.0149749e-16,1.933219e-39,2.6508134e-12,5.1398324e-22,2.0753018e-22,2.8519902e-27,7.4654366e-16,1.5217955e-16,6.703413e-18,1.139797e-18,5.3020097e-17,0.0,5.2377683e-22,9.351088e-15,1.0
311,311,312,18,4.1209218e-22,0.0,4.933509e-07,4.782531e-19,9.620764e-15,3e-45,4.800806e-13,1.04939143e-22,2.9474825e-23,2.6068678e-29,7.5773037e-16,8.005156e-15,2.5855782e-19,3.3286218e-19,5.9365173e-18,0.0,5.87964e-23,2.567059e-14,1.0
312,312,313,18,4.212849e-26,0.0,1.30400565e-17,1.3712173e-18,2.1606451e-11,1.219322e-39,4.7594546e-11,8.023964e-21,2.6555652e-23,9.298713e-33,2.9856352e-12,8.986333e-16,1.597602e-19,1.909603e-17,4.9279163e-17,0.0,9.981599e-22,2.6742037e-12,1.0
313,313,302,18,9.537147e-25,0.0,1.4529068e-14,7.3530295e-17,2.0624773e-14,3.9502095e-36,1.5365642e-10,1.1751311e-17,3.8269656e-21,3.5718056e-30,7.5161687e-13,4.34594e-15,2.370123e-15,1.8324375e-17,1.3610262e-15,0.0,1.0974076e-19,2.601434e-14,1.0
314,314,315,2,2.5468687e-29,0.0,1.0,2.0837901e-22,3.9277635e-12,3e-45,7.473977e-18,3.0846568e-18,1.3429244e-22,3.913353e-39,1.7901354e-14,6.443823e-13,7.31329e-14,5.701472e-19,1.6651485e-15,0.0,3.60835e-19,1.431826e-17,4.689585e-10
315,315,316,2,1.5357373e-26,0.0,1.0,1.07323364e-20,3.5621775e-12,7.7e-44,1.12665176e-17,1.2188187e-18,4.5600356e-22,1.1884e-40,1.5016417e-15,2.036174e-12,7.820462e-15,1.1275105e-19,5.265229e-16,0.0,5.7024914e-20,1.2855833e-16,8.791639e-08
316,316,1372,2,1.1928332e-21,0.0,0.99972534,3.152862e-17,1.3114483e-10,1.0518e-41,2.7642003e-13,2.4009247e-16,1.6295834e-20,2.978508e-39,1.08697014e-13,2.3847757e-10,5.25306e-13,5.8292143e-15,6.14759e-13,0.0,9.8204285e-17,9.153944e-13,0.000274755
317,317,318,2,2.9977993e-28,0.0,1.0,3.5066165e-27,1.8325204e-18,0.0,7.5335087e-20,1.5474598e-23,5.8525737e-27,1.01654e-40,4.9535036e-20,8.8008596e-17,8.401075e-17,8.4993654e-23,3.7146478e-20,0.0,7.407003e-23,1.1185313e-19,1.009155e-15
318,318,319,2,1.2200836e-26,0.0,1.0,1.0939746e-29,4.6261892e-17,1.35e-43,2.7128778e-20,3.9554266e-21,7.722116e-26,4e-43,5.885043e-17,4.601375e-16,1.4167597e-17,2.4482829e-20,8.68269e-22,0.0,5.774326e-23,6.68865e-18,1.1246488e-13
319,319,314,2,7.578609e-30,0.0,1.0,6.341542e-23,4.2090768e-17,3.8e-44,7.954205e-21,1.8494725e-19,8.660523e-23,1.64534e-39,9.992859e-18,2.2074812e-13,1.8073164e-14,7.003406e-21,7.168103e-18,0.0,7.369807e-21,4.226385e-19,3.990637e-12
320,320,321,2,1.0576515e-27,0.0,1.0,4.9018106e-20,2.7155331e-09,2.951e-42,3.9845616e-15,2.431239e-15,3.956166e-21,1.0539569e-37,7.0081146e-12,9.239096e-11,2.5198602e-12,7.0118446e-16,2.1277946e-13,0.0,1.5507332e-16,8.808829e-15,4.9915084e-08
321,321,322,2,9.281067e-25,0.0,1.0,6.8523096e-18,1.6707093e-08,1.8147e-41,1.3043666e-13,3.9452648e-16,5.6988354e-21,5.671652e-39,4.6331237e-12,4.1129513e-11,3.6195573e-12,3.945282e-15,1.564055e-13,0.0,1.6811423e-16,5.426823e-13,1.8389603e-06
322,322,1375,2,1.2505191e-18,0.0,0.99972534,1.1287049e-15,5.9374074e-08,5.7703e-41,1.207868e-10,3.5303158e-14,1.017371e-18,3.0422887e-37,6.56486e-11,1.4475e-09,5.3710567e-11,1.2104238e-09,1.0308327e-11,0.0,9.371703e-13,9.246859e-10,0.00027442505
323,323,324,2,1.00359325e-28,0.0,1.0,2.4695658e-28,6.130394e-15,2.2896599e-38,1.8408783e-19,7.1577164e-19,1.92934e-28,4.22043e-40,1.0547554e-18,5.174697e-13,5.342834e-19,1.6144921e-20,3.2986277e-18,0.0,3.5361324e-25,8.8367414e-20,1.8062895e-14
324,324,325,2,1.2296648e-22,0.0,1.0,5.8222984e-24,1.8324188e-07,8.441632e-36,1.0920686e-15,1.1945028e-16,7.9546785e-24,1.681866e-39,6.89501e-14,1.1146009e-10,8.013885e-17,2.1185004e-17,3.055537e-14,0.0,4.320638e-20,7.775578e-14,9.39076e-09
325,325,320,2,2.3734353e-29,0.0,1.0,1.6308024e-20,2.6958551e-13,3e-45,1.2757429e-18,5.4124377e-19,1.5128409e-24,2.0452e-41,8.409312e-18,2.647044e-12,7.529362e-15,1.8462017e-19,8.7758553e-16,0.0,8.371882e-21,3.662773e-17,2.1591219e-10
326,326,327,2,1.7540133e-27,0.0,1.0,7.085385e-23,6.6464486e-12,4.08e-43,1.3099687e-17,1.1859437e-17,1.3700657e-20,8.5e-44,1.1872186e-12,9.207356e-12,2.5275114e-14,8.018342e-19,1.1159078e-16,0.0,1.03098596e-19,7.909832e-17,1.0190653e-09
327,327,328,2,9.797531e-24,0.0,1.0,2.9551298e-21,1.9696467e-12,1.28279e-40,2.662113e-19,3.6984072e-17,1.5363982e-20,2.8e-44,3.6361468e-14,5.4214896e-11,9.051391e-16,1.2344323e-19,1.7875873e-17,0.0,9.591634e-22,4.6377653e-16,2.5817207e-07
328,328,1369,2,7.875028e-17,0.0,0.9951177,2.4370506e-16,6.081981e-11,5.386289e-38,1.8322186e-12,3.8557044e-12,3.013833e-18,2.062742e-39,1.1526875e-10,7.0104555e-08,8.0694965e-11,1.3022258e-10,1.1401614e-12,0.0,1.0639586e-15,3.046895e-10,0.004882631
329,329,330,2,3.041366e-26,0.0,1.0,1.7686537e-27,2.3791776e-18,3.9e-44,6.458745e-18,1.1544087e-24,4.4327154e-25,3.4e-44,8.214286e-19,3.698901e-17,2.8030583e-17,2.1381171e-23,2.5078141e-21,0.0,1.0472999e-22,3.2824835e-19,1.5964852e-14
330,330,331,2,1.7509044e-20,0.0,1.0,7.9562097e-28,3.917997e-17,3.633e-41,2.6789859e-17,1.0218278e-19,2.6379612e-20,1e-45,1.6598351e-14,1.6202727e-13,3.4702408e-16,1.2567312e-18,9.115983e-23,0.0,5.9766556e-22,1.0152828e-15,3.7122142e-11
331,331,326,2,1.7963785e-24,0.0,1.0,1.5740865e-21,4.8567403e-16,8.341848e-37,2.1363115e-19,8.109336e-18,2.709466e-19,9.74e-43,1.7831077e-15,4.4536483e-10,7.317029e-14,2.8109487e-18,7.148007e-18,0.0,1.4548149e-21,1.6398261e-16,6.333216e-11
332,332,333,2,8.210274e-27,0.0,1.0,9.267076e-21,1.1142846e-13,0.0,1.7702625e-17,1.7386544e-16,1.3352048e-24,4.350265e-39,1.3603092e-16,4.8765476e-09,1.9490902e-14,4.733995e-19,3.865888e-16,0.0,2.2436883e-22,8.6760865e-18,4.6983563e-11
333,333,334,2,9.828079e-31,0.0,1.0,4.0950517e-21,2.0169064e-15,0.0,4.360732e-17,5.2333825e-19,1.2151177e-27,1.4084e-41,8.4536923e-19,7.0629193e-12,3.3982706e-15,3.6389367e-21,1.0796209e-16,0.0,6.5801854e-24,9.015776e-20,2.0844694e-11
334,334,335,2,1.2921484e-29,0.0,1.0,5.358914e-21,7.040147e-16,3.634e-42,1.3024305e-16,4.125982e-17,6.532637e-25,3.87802e-40,1.5224965e-18,1.00181955e-11,3.9780288e-16,1.4022136e-20,1.1819061e-17,0.0,5.968516e-24,9.28743e-20,3.8036713e-10
335,335,336,18,4.0050378e-17,0.0,0.0067850966,1.0272679e-12,1.6078175e-05,3.619344e-23,3.8752757e-10,4.708144e-07,1.5810566e-12,1.733232e-30,1.4726258e-07,0.034677513,1.0794661e-13,3.1579996e-11,1.3416569e-11,0.0,3.9667526e-17,4.5743698e-09,0.95851886
336,336,633,11,1.4485411e-13,5.554322e-23,8.011086e-14,4.3614272e-11,8.629038e-06,2.0389187e-26,3.971822e-11,1.2710001e-06,6.721035e-09,5.8207214e-24,6.33287e-06,0.98059094,1.580433e-15,4.02997e-11,4.171317e-12,8e-45,9.602207e-16,1.0977032e-07,0.019391272
337,337,338,2,2.725539e-23,0.0,0.9557841,3.5888542e-13,2.5369409e-05,1.3804037e-38,2.0467582e-11,6.258324e-14,3.7878616e-24,3.4743428e-26,1.0620143e-11,0.044158567,1.6279685e-12,4.0580088e-14,2.4918329e-05,1.7891053e-28,9.379686e-19,2.2736118e-14,7.98558e-06
338,338,339,2,3.3070148e-28,0.0,0.9970898,7.0645205e-16,3.5769554e-10,7.08e-43,5.6196706e-14,6.286624e-16,1.4554591e-28,6.898731e-26,1.9527377e-13,5.8202613e-07,2.7205681e-12,4.6857794e-16,1.7091866e-09,3.8551235e-23,2.9950483e-18,3.9536997e-17,0.0029096077
339,339,340,18,1.6109506e-25,0.0,9.168816e-09,4.540428e-19,2.9043133e-14,2.008268e-39,5.4203748e-18,8.047153e-17,8.6039166e-23,9.87775e-27,1.197095e-14,3.0949254e-09,4.3410433e-19,1.2656461e-18,2.1092222e-14,1.70185e-40,3.4264773e-23,6.007392e-17,1.0
340,340,341,18,1.9421852e-24,0.0,8.545118e-13,9.7594805e-17,3.5174246e-14,4.159599e-38,3.1006814e-16,3.148961e-21,2.3933564e-21,4.4417454e-29,3.5923318e-14,7.234691e-11,1.5090579e-19,1.420134e-20,1.1885723e-14,0.0,5.2867653e-23,3.8969706e-14,1.0
341,341,636,18,1.3932063e-15,0.0,5.795532e-16,7.031407e-06,0.00019408569,2.631753e-25,6.155816e-09,1.4055142e-10,9.469137e-18,5.3998563e-12,2.0095429e-06,0.0044721356,2.3842976e-14,2.5052068e-11,6.3702555e-06,5.713591e-22,1.084068e-12,6.630428e-09,0.9953189
342,342,343,18,9.458782e-24,0.0,2.1498234e-13,6.0151775e-13,2.1398018e-12,0.0,1.8690472e-12,2.1217253e-19,8.2188544e-21,4.54e-43,4.1894527e-10,2.4621535e-13,1.6946793e-13,4.9917716e-17,9.217981e-17,0.0,5.741681e-17,7.675204e-14,1.0
343,343,344,18,6.199903e-26,0.0,1.5742245e-06,2.3796484e-19,3.3058604e-17,0.0,2.6361065e-15,1.1908626e-24,9.5906415e-23,1e-45,1.9503323e-14,6.1535898e-15,2.8421152e-14,4.72212e-22,3.1290766e-18,0.0,9.711669e-20,1.0350859e-16,1.0
344,344,345,18,1.1071553e-25,0.0,6.407785e-07,1.5899643e-21,1.1482152e-18,0.0,2.3424273e-17,2.0582935e-24,1.010003e-21,6e-45,2.2982975e-15,7.983625e-15,3.0257012e-16,3.0685499e-21,1.9238736e-19,0.0,8.435093e-22,3.185699e-16,1.0
345,345,346,18,4.0113346e-26,0.0,1.0673016e-12,1.2029646e-20,1.09198e-17,0.0,1.3556152e-17,1.2515673e-21,1.5567621e-22,4.284e-42,4.0522566e-13,1.1312524e-15,4.506693e-19,9.550334e-16,3.3178195e-20,0.0,2.2413772e-23,1.2759257e-14,1.0
346,346,639,18,2.5347441e-21,0.0,3.240054e-16,5.7800837e-21,3.6373123e-14,1.2103513e-37,1.1793177e-15,1.4410394e-14,8.039593e-20,9.788154e-39,1.8128312e-09,1.604067e-14,9.060563e-20,2.6770963e-09,1.2705312e-19,0.0,6.039202e-21,2.2013025e-11,1.0
347,347,348,18,5.487395e-30,0.0,4.865566e-09,1.5360129e-18,3.1220556e-17,0.0,2.4154684e-15,4.3507805e-24,2.5498567e-26,3.484969e-37,1.7288933e-15,5.5575007e-16,3.1519372e-16,1.1342391e-21,4.5150946e-17,0.0,9.192881e-23,4.0568885e-17,1.0
348,348,349,18,3.0333678e-28,0.0,2.4169772e-06,1.2732512e-22,8.804684e-18,0.0,7.682929e-16,5.446092e-27,3.5001936e-24,1.1795e-41,4.021897e-16,9.443822e-16,9.868647e-17,1.9705741e-24,7.48619e-18,0.0,1.0737894e-22,7.318106e-17,0.99999815
349,349,350,18,6.726096e-29,0.0,4.8250715e-08,3.477303e-24,1.1823385e-18,0.0,7.610788e-17,2.3432462e-27,1.5637719e-24,2.706e-42,1.324491e-16,5.9938434e-16,1.0925921e-18,1.20569635e-23,4.77923e-19,0.0,2.7464112e-24,1.119861e-16,1.0
350,350,351,18,4.91859e-29,0.0,7.792737e-15,2.1346533e-23,2.3691429e-18,0.0,1.3398371e-17,1.6722594e-22,4.0524814e-24,3.119e-42,1.1453167e-15,5.637293e-16,5.8976367e-22,2.0820223e-18,1.837783e-20,0.0,4.814545e-27,1.7553426e-15,1.0
351,351,642,18,1.8049027e-24,0.0,5.487964e-21,1.5477744e-21,1.9787486e-15,1e-45,1.6095337e-15,3.1366104e-15,7.9696984e-20,3.315118e-39,5.042365e-13,3.6336097e-14,1.8423576e-22,1.7517857e-13,7.6215265e-20,0.0,3.9250737e-24,3.5976132e-13,1.0
352,352,353,18,4.7637537e-21,0.0,3.5741243e-14,3.856778e-12,1.1621294e-06,1e-45,2.7616104e-11,1.9969356e-12,1.4478535e-24,1.7889716e-25,2.416356e-05,1.2258583e-05,3.371279e-11,8.6944056e-11,5.1918755e-07,1.7887733e-33,5.848695e-18,6.724955e-10,0.99996185
353,353,354,18,1.0963144e-21,0.0,8.092361e-13,1.5941041e-16,2.550083e-09,2.1502472e-38,1.647277e-13,1.2893823e-12,5.452651e-23,1.3440363e-30,2.8152258e-06,2.9706698e-07,6.9719777e-14,1.2779339e-12,1.8084917e-11,1.46949e-40,6.017477e-19,5.991775e-12,0.9999962
354,354,355,18,1.2972591e-23,0.0,2.3439707e-12,1.1788644e-21,5.8895002e-06,1.06337e-38,6.1608135e-11,7.2339277e-16,5.0813518e-20,2.6705e-41,1.540739e-08,3.186311e-06,4.30357e-17,1.8384467e-15,2.9662102e-13,0.0,5.4836615e-18,6.456474e-12,0.9999923
355,355,356,18,2.8402176e-22,0.0,3.3371098e-22,6.536612e-14,0.00018911083,2.1842547e-19,0.00087908184,6.2646536e-14,8.408255e-10,3.9369113e-36,0.0024791115,3.5619944e-08,1.5955127e-12,1.1728752e-15,3.5872447e-10,0.0,1.1629286e-12,4.8101192e-05,0.9964055
356,356,1398,10,1.4364393e-15,0.0,3.0199204e-26,5.277682e-14,9.964355e-09,1.176366e-22,4.3473317e-08,2.2050364e-09,9.7764344e-17,9.819397e-21,0.998243,3.607341e-14,5.8074717e-12,2.4834346e-05,6.062734e-10,1.38593e-40,2.1121736e-10,0.001620652,0.00011093274
357,357,358,4,1.5239767e-20,0.0,7.3811096e-23,1.9669832e-10,0.8894727,9.07197e-36,3.0101646e-05,2.5122722e-09,2.6128372e-17,5.7820435e-22,0.009377508,0.0711873,9.317352e-11,9.588043e-08,0.024358224,1.296e-42,7.176038e-18,0.00094092154,0.0046335342
358,358,359,4,1.9762918e-20,0.0,7.939217e-24,5.9382825e-11,0.76425034,6.731673e-27,1.8712868e-05,1.5776577e-13,5.168325e-13,3.3691179e-34,0.005460554,6.3637945e-06,6.187212e-12,3.3815475e-09,2.379283e-06,0.0,2.8757692e-15,0.0037851287,0.22647542
359,359,360,18,6.979471e-17,0.0,1.3985451e-18,9.136371e-11,0.006580984,2.060528e-21,8.705541e-07,6.360104e-14,1.5563627e-09,7.344479e-32,4.3701675e-05,1.3893907e-07,2.2083739e-13,9.225819e-11,3.398127e-08,0.0,6.6341246e-16,0.009081264,0.9842936
360,360,361,4,4.0593673e-16,0.0,7.113544e-25,2.956268e-14,0.999939,4.68293e-27,7.2589537e-06,3.4506267e-15,1.9029216e-08,6.3284744e-36,9.22446e-08,2.13758e-07,5.5719866e-13,3.8554776e-15,8.235032e-10,1e-45,1.9052512e-10,5.3814503e-05,7.9650935e-09
361,361,628,4,4.2034654e-15,0.0,5.908579e-30,1.1768615e-19,1.0,1.3736297e-20,3.8665235e-08,1.1987251e-16,1.2077147e-12,1.7739574e-35,1.949721e-08,3.6445595e-08,5.0764524e-19,7.2759466e-14,3.4039616e-10,0.0,1.7973903e-12,2.9331815e-08,1.4370177e-11
362,362,363,18,3.336262e-19,0.0,7.761596e-05,2.9366445e-13,0.007160069,4.6e-43,2.0983775e-09,1.2101091e-18,5.406095e-22,6.98e-43,4.3751007e-07,0.00012725733,2.5650662e-11,1.4522322e-12,1.0099657e-11,0.0,5.3072184e-14,1.0495602e-06,0.99263436
363,363,364,2,1.8404302e-25,0.0,1.0,1.0739298e-20,1.0894146e-14,2.0677462e-38,1.0571255e-15,4.0448537e-23,7.1214985e-25,2.531631e-37,4.8372734e-15,8.440318e-12,3.4398744e-16,2.668484e-22,2.7302585e-19,0.0,4.82058e-24,9.104765e-14,1.1044277e-07
364,364,365,2,1.7217068e-22,0.0,1.0,6.732314e-20,2.055559e-13,3.6159185e-32,2.8057263e-14,6.949352e-22,7.760103e-23,7.177615e-36,3.2123228e-11,9.28478e-11,6.472842e-14,6.5674283e-22,9.030443e-19,0.0,1.6339408e-20,1.2309657e-13,3.38727e-07
365,365,366,4,2.2723003e-16,0.0,2.4174458e-11,3.0373958e-14,0.9488093,3.08072e-24,6.1161277e-06,4.3215114e-20,2.8839575e-20,2.647e-42,0.049810432,8.054719e-07,4.0957446e-11,1.0094596e-14,4.1170305e-12,0.0,3.264551e-12,4.9055332e-05,0.0013251113
366,366,655,4,2.2194473e-19,0.0,1.3719269e-21,3.216838e-17,0.9999886,1.0747847e-23,5.4316387e-09,2.1993378e-19,7.10572e-21,6.928e-42,5.7693114e-06,7.2691165e-08,6.389662e-18,1.661789e-11,3.783311e-10,0.0,1.4019604e-15,1.1528263e-06,4.2500333e-06
367,367,368,18,8.3349475e-29,0.0,2.8634426e-08,1.7648907e-22,9.335356e-18,0.0,3.051924e-15,3.1363088e-24,1.2276394e-23,6.64e-43,3.6777545e-17,2.7512279e-14,2.2526128e-17,1.0240612e-24,8.0423886e-19,0.0,1.2998604e-22,5.846222e-17,1.0
368,368,369,18,3.5798846e-28,0.0,1.0759283e-06,1.2108043e-21,1.5154908e-18,0.0,2.4960062e-15,1.2520339e-23,8.8642104e-23,8.428007e-39,2.3869789e-17,5.8250944e-14,1.7924703e-16,7.0305114e-24,5.8653624e-18,0.0,7.3655835e-23,2.0930763e-17,0.99999815
369,369,370,18,3.7784954e-24,0.0,2.2717026e-08,1.0719033e-21,6.211433e-18,0.0,7.303946e-15,8.9185555e-21,7.5273856e-21,8.7316874e-36,7.40336e-15,1.7850013e-13,3.9420437e-17,6.740823e-19,9.277732e-19,0.0,1.7220876e-22,2.0622955e-15,1.0
370,370,371,18,6.60002e-24,0.0,2.537007e-14,4.3562883e-19,8.935951e-15,1.1276e-41,3.5303735e-12,6.9298137e-15,6.542773e-22,5.782965e-31,4.9942416e-12,1.2406635e-12,1.7565331e-17,1.130827e-12,1.2238796e-16,0.0,1.0346834e-23,1.6009938e-12,1.0
371,371,658,18,4.746318e-15,0.0,4.140702e-20,1.0032833e-13,1.5264254e-06,2.7085188e-24,2.4520647e-08,1.9587358e-06,1.4580099e-13,3.3893823e-34,2.5174673e-05,2.3690477e-07,2.438521e-15,1.1678318e-05,2.3245666e-13,0.0,4.6086608e-18,8.817917e-05,0.99987036
372,372,373,2,2.293838e-31,0.0,1.0,2.2395846e-21,5.02501e-19,0.0,3.6967003e-17,6.3571125e-24,2.2486103e-26,4.9955138e-36,1.5964628e-19,5.6342673e-14,2.3248315e-14,8.357597e-26,6.1596366e-19,0.0,5.657135e-23,3.7398425e-20,6.43894e-11
373,373,374,18,8.982017e-23,0.0,0.0828703,4.8953412e-14,5.5115875e-06,1.0461025e-36,3.0887803e-09,2.6790752e-19,3.666834e-21,1.40733475e-30,8.299913e-08,1.5644426e-06,8.878414e-10,5.358819e-18,2.8738137e-10,0.0,6.7829077e-15,2.4327934e-11,0.91712314
374,374,1381,18,7.783652e-21,0.0,1.05932825e-10,3.0783218e-10,0.003223285,1.08806976e-35,2.96809e-05,2.7806204e-16,5.055548e-17,1.2346197e-28,3.464718e-05,0.0004730294,1.1281838e-08,3.070291e-16,1.241548e-06,7e-45,2.4080553e-13,1.40282665e-08,0.9962381
375,375,376,2,1.5696735e-28,0.0,0.99391884,2.0334781e-14,1.1412516e-08,1.2663898e-33,2.8902688e-12,3.120728e-13,7.030818e-28,3.9646527e-23,2.543028e-11,7.0236865e-06,3.8317314e-12,7.151941e-16,1.2961152e-10,3.9641106e-37,1.5886365e-21,1.111691e-12,0.0060757217
376,376,372,2,1.2262864e-31,0.0,1.0,3.3419048e-19,1.0254208e-18,9.8e-44,3.0574342e-16,1.1447316e-22,1.7280793e-26,1.2598188e-31,3.1551085e-19,7.689711e-14,1.0712945e-13,1.4952899e-24,2.5817568e-17,0.0,6.773439e-24,3.130173e-19,3.604444e-11
377,377,378,18,3.2855607e-22,0.0,2.4079814e-06,3.955331e-16,8.565637e-15,3.2379453e-36,1.2009737e-14,2.7776295e-17,1.5493082e-16,3.5761529e-31,3.9665207e-12,2.2030089e-10,3.022323e-15,1.3740659e-18,1.965733e-15,0.0,2.0258061e-21,4.603713e-15,0.9999962
378,378,379,18,1.4469855e-18,0.0,3.8081712e-18,6.833669e-11,1.3481116e-10,1.473603e-39,6.874244e-12,8.6111145e-14,3.7172607e-10,1.1811294e-27,1.0831317e-08,4.851353e-08,8.539271e-16,1.3122857e-15,4.493004e-15,6e-45,7.531964e-18,2.1787286e-12,1.0
379,379,606,11,8.1631086e-14,5.7556416e-20,3.348948e-27,0.016538786,2.3390481e-05,2.752004e-37,1.0045007e-06,1.1364733e-07,0.00013161634,7.659936e-14,0.020689204,0.9305926,3.768516e-11,1.209104e-09,1.7320012e-09,1.9609376e-32,8.243297e-10,8.105211e-06,0.032014497
380,380,381,2,7.569959e-25,0.0,1.0,1.43401065e-27,2.9820202e-09,4.31215e-40,4.3227524e-18,1.4716292e-18,2.3084882e-24,4.2e-44,1.0035358e-13,7.7743173e-10,4.9146783e-18,2.7383005e-19,2.710959e-16,0.0,2.508168e-21,4.67797e-18,1.30913344e-11
381,381,382,2,5.2300334e-25,0.0,1.0,6.8971456e-28,8.4709567e-13,1.71945e-40,1.1314795e-18,2.6477922e-19,3.957413e-24,3e-45,1.840271e-15,1.42724955e-11,3.3320283e-18,5.3418943e-20,9.197108e-19,0.0,3.4532598e-23,5.869187e-19,1.4354103e-14
382,382,383,2,3.3668833e-26,0.0,1.0,6.397172e-26,4.9024967e-15,4.8e-44,1.984044e-18,2.5502356e-19,1.52338655e-24,1.733e-42,3.2912514e-17,4.5497378e-12,1.3068e-16,5.1947904e-21,1.8665122e-18,0.0,8.4613536e-23,6.2276315e-20,4.7514604e-16
383,383,384,2,2.9531954e-26,0.0,1.0,1.6607757e-25,2.6933088e-11,1.1e-44,1.5756517e-17,2.0404899e-19,1.2178616e-25,6.5942e-41,3.838528e-15,5.537941e-10,2.1845424e-15,3.1722202e-20,1.3247595e-15,0.0,1.5282264e-20,3.0801515e-19,1.3286724e-14
384,384,385,2,1.668079e-23,0.0,1.0,2.3997062e-24,4.425258e-13,4.65092e-40,8.8732064e-16,1.1252908e-16,1.5755642e-21,4.72754e-39,1.8846962e-14,6.7991934e-10,5.6060777e-13,3.1645364e-18,9.684681e-16,0.0,1.4681023e-18,4.906904e-18,3.1636598e-15
385,385,386,2,1.0011061e-24,0.0,1.0,8.536828e-31,3.0935717e-14,1.621e-42,1.0125588e-17,1.2371081e-22,9.513283e-23,3.831e-42,1.3303467e-13,7.675526e-14,2.0421662e-17,1.224194e-21,2.1412312e-19,0.0,9.2546e-22,6.441696e-17,5.972476e-10
386,386,387,2,2.236314e-22,0.0,0.9964168,2.3769606e-21,0.001651942,4.9e-43,1.072532e-08,1.2693436e-20,2.710267e-23,1.3197018e-28,6.4140245e-06,3.145874e-07,2.1052545e-11,2.1939869e-16,2.644091e-09,0.0,2.4126055e-14,1.1641193e-10,0.0019262906
387,387,377,18,1.5832292e-27,0.0,3.5647594e-05,2.7778624e-17,7.427785e-12,2.864e-42,8.368016e-14,7.915431e-21,4.5195097e-23,3.3807004e-29,3.5065098e-12,3.497656e-10,2.9031805e-16,1.3891059e-20,1.5763772e-12,0.0,9.030222e-22,2.1714899e-15,0.99996567
388,388,389,18,9.688231e-23,0.0,1.3763736e-19,3.3274842e-16,2.2875163e-12,3.8450046e-38,3.2087554e-13,1.940454e-15,3.5037046e-18,9.1677493e-35,2.469607e-10,3.632657e-12,4.415837e-18,7.3940884e-19,1.8696628e-17,3.4e-44,1.3004582e-18,8.03692e-14,1.0
389,389,390,18,1.506344e-18,0.0,3.6224745e-18,5.089617e-12,5.5590837e-11,6.8070983e-28,5.93745e-09,4.26862e-14,2.9779547e-14,1.48685695e-36,0.00013271898,6.2502664e-12,5.161333e-12,4.5174253e-15,6.0344937e-17,6e-45,3.2141333e-13,6.876222e-09,0.9998665
390,390,609,18,5.3806075e-13,0.0,2.2255042e-16,3.6508354e-08,1.8746319e-11,6.969897e-23,2.2245539e-08,8.0390174e-11,7.0074e-10,7.174946e-32,0.21230076,2.3155602e-10,4.5674664e-08,1.6368197e-09,8.59178e-16,1e-44,1.6758787e-09,3.5266153e-06,0.7876955
391,391,392,4,1.4416839e-12,0.0,4.738762e-05,7.2828445e-11,0.8366412,2.3890963e-21,0.0056956057,3.0131626e-13,9.490528e-14,4.5455685e-22,0.1490063,1.274759e-05,2.4417772e-09,1.5969713e-08,0.00020357939,6e-45,6.931041e-12,0.008391366,1.9222567e-07
392,392,393,2,6.0750504e-25,0.0,0.9962268,4.5466103e-14,0.00044471934,1.5708868e-24,7.5798745e-09,7.770539e-21,3.3246795e-24,5.9783837e-31,3.7095035e-07,6.3834584e-08,5.6380757e-13,6.184506e-17,1.2143801e-06,1.4e-44,1.3303679e-19,4.9085256e-06,0.0033236628
393,393,394,2,1.4055465e-25,0.0,1.0,4.5366008e-27,2.856599e-10,9.00254e-36,5.385602e-19,1.896757e-20,3.866239e-25,1.0232896e-36,7.485173e-15,4.327456e-10,8.703458e-20,6.293834e-20,6.12806e-14,0.0,6.1191988e-24,6.731326e-16,7.2295705e-08
394,394,395,2,2.3915418e-27,0.0,1.0,1.7623616e-29,5.1113866e-13,3e-45,1.0435204e-20,3.0996412e-23,2.653082e-25,2.06e-43,4.2682414e-16,3.6091477e-12,7.406703e-20,7.50252e-24,3.0442003e-17,0.0,1.5574683e-23,1.3782335e-19,3.2809623e-08
395,395,396,2,3.0615444e-22,0.0,0.9986315,4.0678675e-21,8.345476e-07,0.0,3.433931e-11,5.4651983e-19,4.57098e-19,1.050316e-38,4.4463356e-08,1.4064804e-09,4.406665e-11,1.7603614e-19,9.503249e-13,0.0,2.852696e-13,3.299012e-14,0.0013658247
396,396,397,2,1.2563576e-25,0.0,0.99999815,1.1116576e-26,4.6569827e-12,0.0,1.2968925e-16,3.2824914e-22,1.30387735e-23,3e-45,2.190014e-13,7.648804e-12,3.2385217e-16,2.7986052e-23,3.087472e-17,0.0,4.985943e-19,3.2330593e-20,1.7811341e-06
397,397,398,2,1.17182834e-23,0.0,0.9998665,3.221872e-25,9.1024875e-11,0.0,3.698905e-15,7.801729e-20,8.748082e-23,1.5e-44,8.417305e-10,2.7703997e-11,7.473907e-14,8.288069e-18,5.2655883e-17,0.0,1.1127197e-16,7.118948e-17,0.000134791
398,398,399,18,4.1900433e-18,0.0,0.0029280575,2.525204e-17,0.005758173,0.0,1.2118238e-09,3.089625e-19,1.7454407e-22,8.0509367e-38,0.0002534002,2.3790287e-06,1.787457e-10,1.3180441e-09,3.6548303e-10,0.0,4.1192277e-13,4.878499e-10,0.9910566
399,399,388,18,2.9220875e-26,0.0,1.3294082e-13,4.486197e-11,5.315719e-10,5.663998e-39,2.1337334e-08,2.9734223e-16,2.4820848e-24,8.4053026e-33,4.0349732e-09,8.847141e-10,1.6758138e-10,2.2861121e-19,2.9401354e-10,3.5558497e-35,5.488062e-16,2.5504588e-12,1.0
400,400,401,18,1.9477648e-24,0.0,1.08474676e-26,6.4388644e-19,2.0660976e-16,4.126229e-34,1.8005162e-08,7.080176e-14,7.981646e-15,1.1e-44,5.0595566e-11,2.5138778e-13,2.1830762e-15,5.483883e-21,1.2677757e-20,0.0,7.8838874e-19,6.1929264e-12,1.0
401,401,402,7,3.3534328e-21,0.0,1.0654266e-34,2.0345978e-12,8.482565e-13,7.6195955e-23,1.4754542e-07,0.9934791,3.0288272e-11,3.38559e-30,3.0983188e-07,5.031675e-08,3.9771723e-12,9.632644e-11,4.0096282e-15,0.0,5.352156e-12,1.4492696e-07,0.006521332
402,402,617,7,4.5466605e-22,0.0,5.390617e-34,2.3293985e-18,1.9081558e-15,3.6501723e-20,7.302083e-14,1.0,4.3969626e-17,2.955968e-26,1.7487562e-11,6.5684166e-11,2.8040572e-14,1.5301753e-12,4.5689296e-16,8.52e-43,1.1319102e-12,3.969929e-11,7.1957484e-10
403,403,404,2,1.5058164e-24,0.0,0.9974056,1.6108474e-16,3.734949e-14,6.159983e-36,1.7068711e-12,1.896202e-18,4.36698e-22,6.072504e-39,1.7463296e-11,4.149113e-13,5.8574934e-10,1.6819954e-16,4.8240055e-15,0.0,9.030383e-17,9.457459e-14,0.002594343
404,404,405,2,4.4887837e-25,0.0,1.0,3.5198933e-22,1.5789135e-16,1.847e-42,2.8366437e-15,4.288094e-20,1.7671745e-22,1.3816891e-38,5.0393712e-18,4.8384755e-14,2.7417058e-13,2.7256577e-20,9.385064e-17,0.0,3.905728e-18,1.1974683e-16,5.0254883e-12
405,405,406,2,5.6230857e-27,0.0,1.0,4.3486854e-26,1.1835626e-16,0.0,1.7632389e-18,5.9411747e-21,5.5927576e-25,1.108267e-39,3.2185636e-20,1.13043825e-13,1.3929134e-16,1.514378e-22,6.67728e-18,0.0,7.544807e-21,1.5619881e-18,3.3157466e-11
406,406,407,2,6.111829e-23,0.0,0.9994699,3.6977069e-22,1.7263324e-12,2.3050157e-36,2.0497153e-15,1.00880285e-11,3.470563e-21,2.9371243e-37,6.8398733e-12,1.2606022e-09,2.6335506e-10,5.881731e-14,1.056196e-12,0.0,1.4860522e-13,6.392113e-14,0.00052862323
407,407,408,2,1.0496335e-26,0.0,0.99928117,1.6259113e-23,1.7440532e-18,6.417e-42,1.6591053e-16,1.2964207e-19,4.1771874e-22,2.3896956e-38,1.1812126e-16,2.4588353e-13,2.7963412e-13,2.062006e-21,9.515309e-17,0.0,3.7668745e-20,3.483956e-16,0.0007189803
408,408,409,2,2.4071462e-28,0.0,0.999468,2.1727465e-25,2.7786877e-18,0.0,5.0252284e-16,1.4256147e-22,8.41519e-24,1.2470486e-37,4.0308317e-18,3.9015147e-14,3.940875e-15,1.1099601e-23,4.5306227e-17,0.0,8.0786905e-22,2.1281564e-16,0.00053229695
409,409,410,18,1.1816326e-22,0.0,1.5712249e-06,1.1982457e-15,6.436113e-12,3.1345738e-32,9.9835745e-08,1.9461105e-07,3.1886018e-18,4.519744e-26,1.1053117e-09,7.667743e-06,5.610483e-06,3.156719e-13,1.0284508e-07,2.9272e-41,8.752938e-12,3.44557e-11,0.99998474
410,410,400,18,1.1838099e-25,0.0,2.0716628e-15,3.455774e-17,1.188571e-16,9.688353e-36,7.3886035e-08,7.4408716e-16,5.9794496e-18,1.7237713e-36,6.2221436e-13,1.6863106e-11,3.711308e-11,5.700069e-23,1.0948305e-14,0.0,2.7279293e-17,2.3429848e-14,1.0
411,411,412,18,9.932523e-30,0.0,7.0553176e-14,8.62018e-23,2.3505637e-17,0.0,2.4346708e-17,8.129064e-26,2.557798e-25,5.971157e-39,6.0215276e-16,4.8015287e-17,7.2799704e-22,6.5856703e-21,3.5368578e-19,0.0,3.126725e-26,7.671475e-17,1.0
412,412,413,18,6.6148495e-29,0.0,1.4441698e-15,1.0702562e-22,8.507565e-17,0.0,1.011968e-17,1.9683736e-23,6.084606e-25,6.435606e-39,2.355531e-14,3.179433e-17,3.794764e-22,2.3287231e-18,2.6650798e-19,0.0,9.775346e-26,2.811788e-16,1.0
413,413,585,18,1.3310005e-22,0.0,1.996971e-22,3.825948e-19,2.4762103e-10,9.1127295e-35,3.3407406e-14,4.1395597e-15,1.1583697e-17,1.1082996e-34,3.2370173e-07,3.799386e-14,2.2613753e-19,7.1988158e-12,3.7755715e-16,0.0,4.2515132e-19,1.1495045e-09,1.0
414,414,415,18,2.3774745e-31,0.0,6.1505325e-06,6.790718e-25,3.3497436e-14,0.0,2.8516537e-19,1.9693502e-23,1.7866432e-28,6.073062e-39,5.749008e-15,7.716731e-14,1.8339522e-20,6.455456e-22,5.2498837e-17,0.0,6.9831175e-25,2.0503076e-17,0.9999943
415,415,416,18,5.0552253e-30,0.0,0.01307939,6.3449503e-24,1.1282787e-15,0.0,8.117074e-18,1.5938414e-25,3.658525e-26,2.2375757e-38,2.686837e-16,1.0299258e-13,6.0724077e-18,4.2624644e-24,1.2395256e-16,0.0,2.9632544e-23,5.816015e-17,0.9869199
416,416,417,18,6.040949e-30,0.0,0.016921083,9.869737e-25,1.9543456e-15,0.0,1.7915465e-17,2.519304e-26,3.117935e-26,9.021e-41,6.062184e-16,9.911691e-14,1.895363e-18,5.0504216e-24,2.5913967e-17,0.0,3.2814113e-24,2.99311e-16,0.9830797
417,417,418,18,1.2016049e-31,0.0,2.0236253e-05,2.075198e-23,9.096182e-16,0.0,4.0995105e-19,1.142845e-25,1.3894977e-28,1.238882e-39,1.339864e-15,3.6363894e-14,1.1252762e-19,1.4792413e-22,2.3220093e-17,0.0,7.504573e-26,2.149402e-16,0.9999791
418,418,419,18,9.76522e-31,0.0,8.997582e-05,1.508831e-22,8.153383e-18,0.0,9.247456e-18,1.1681847e-26,3.8324638e-26,1.398493e-39,1.1765268e-16,9.441702e-15,2.0147819e-17,1.9698827e-24,2.272932e-17,0.0,4.299994e-24,3.6842694e-17,0.99991035
419,419,420,18,1.0879155e-29,0.0,3.8469178e-05,8.6065064e-24,2.8105423e-17,0.0,2.0665538e-17,2.2418086e-27,4.930169e-26,4.2173e-41,2.6944219e-16,1.0909823e-14,3.06008e-18,1.0474911e-23,5.607261e-18,0.0,2.6264789e-24,9.2500015e-17,0.99996185
420,420,421,18,1.415878e-26,0.0,1.0229996e-08,3.7845e-22,1.8266667e-16,8.1e-44,1.994243e-17,6.302734e-24,8.415924e-25,4.516e-42,7.641491e-14,1.3836953e-13,8.661163e-20,1.8779876e-20,2.6914505e-18,0.0,5.870941e-24,1.741185e-14,1.0
421,421,411,18,1.16930196e-29,0.0,8.868733e-10,2.6662784e-20,7.816692e-18,0.0,8.869344e-17,7.0603934e-25,8.71447e-24,4.4929875e-37,1.0145748e-14,6.3812925e-15,1.0029711e-17,1.9114857e-22,4.662577e-18,0.0,2.3086215e-23,2.7822012e-16,1.0
422,422,423,2,4.670348e-29,0.0,1.0,7.2172815e-23,1.6371227e-20,0.0,1.1395362e-18,3.674197e-22,3.3607516e-25,2.8910148e-37,8.613445e-22,7.654641e-16,4.1763437e-14,2.3381618e-23,1.4538462e-18,0.0,2.3053865e-20,1.7373524e-19,1.8541483e-12
423,423,424,2,1.9075954e-30,0.0,1.0,1.2818241e-21,9.8557816e-17,0.0,2.1638162e-15,8.787552e-22,3.7967382e-27,2.1011782e-34,5.1174997e-18,1.10907106e-16,1.9193072e-11,1.4406942e-20,2.8373581e-15,0.0,1.5294477e-17,5.624273e-17,2.1680118e-09
424,424,1388,2,4.3901046e-26,0.0,0.9999923,6.8807256e-19,1.6438161e-08,1.7523e-41,1.9806168e-12,1.1039786e-19,8.988677e-21,3.1456287e-25,8.5540857e-13,9.201001e-12,1.0523919e-11,5.510272e-18,7.149815e-08,4.4854236e-35,7.240613e-15,6.2258446e-14,8.606914e-06
425,425,426,2,1.4738344e-29,0.0,1.0,5.602513e-26,3.0718324e-19,0.0,6.6343855e-21,1.2025819e-23,2.4761512e-27,1.696e-42,1.2056567e-20,2.844249e-16,7.4043425e-17,1.22893264e-23,1.2827394e-20,0.0,7.36617e-24,3.7969396e-20,1.6799965e-14
426,426,427,2,1.3592893e-28,0.0,1.0,4.67846e-22,1.5305917e-17,0.0,2.0859664e-17,2.940295e-23,1.2531256e-27,1.48826e-40,1.5959886e-18,3.5112944e-16,5.356401e-13,1.07959405e-20,6.6227645e-18,0.0,1.3320736e-20,2.0731787e-17,5.875449e-15
427,427,422,2,1.3262467e-29,0.0,1.0,1.7026084e-23,1.5219492e-20,0.0,1.8604485e-18,1.6724564e-23,3.057407e-26,4.30058e-40,7.2129357e-22,4.2683226e-16,1.630714e-14,9.4228765e-24,4.1823914e-19,0.0,2.633375e-21,1.3109572e-19,2.4517592e-13
428,428,429,18,6.3825845e-22,0.0,4.6720088e-05,1.5819444e-18,1.2916913e-12,1.7008778e-35,3.0682613e-11,4.3961725e-18,1.7752795e-18,2.0590465e-25,1.448991e-10,1.3456639e-13,1.233567e-10,1.9051903e-13,1.220545e-10,0.0,1.7580498e-15,3.275978e-12,0.9999543
429,429,430,18,1.5696716e-23,0.0,1.4556739e-08,1.0164172e-17,4.2796042e-09,6.545142e-30,5.228101e-09,1.0200183e-16,2.5200643e-18,1.00429103e-19,8.3296605e-09,1.2991432e-12,6.549926e-11,3.53071e-12,2.2365954e-07,0.0,5.893455e-14,5.153584e-11,1.0
430,430,1384,18,1.0600939e-22,0.0,2.8028024e-09,1.0108299e-17,0.10225351,5.365344e-26,6.5271104e-09,1.1128689e-15,5.4354306e-17,3.3653894e-21,1.3220754e-05,7.438976e-07,2.7949694e-14,1.7591258e-12,0.00078873173,6.2e-44,3.7703507e-14,2.9777005e-09,0.89694494
431,431,432,2,2.0626585e-29,0.0,0.9999675,6.323217e-20,4.5829295e-16,0.0,1.0017553e-13,8.087571e-22,4.721482e-25,1.02432605e-33,1.9306428e-21,6.522583e-12,5.2289953e-14,8.6547754e-23,1.0153522e-12,0.0,7.555093e-20,1.951698e-18,3.2570064e-05
432,432,433,2,2.883991e-27,0.0,0.99988174,3.7307857e-17,3.947191e-09,2.3220567e-37,3.5070735e-11,1.1857809e-17,1.9923178e-26,1.0510637e-19,7.8900976e-16,2.3487997e-08,3.3742395e-10,6.124708e-17,9.045677e-05,3.0328196e-31,8.8496164e-15,4.4831106e-14,2.7757183e-05
433,433,428,18,2.7502738e-21,0.0,0.00020511034,1.525762e-13,1.1926216e-10,4.480825e-34,5.030581e-08,1.1657556e-16,1.3058263e-19,6.999113e-19,4.517686e-14,9.0594774e-08,4.590769e-08,4.2260593e-13,0.010021566,1.063398e-39,1.6316419e-13,1.0720799e-12,0.989772
434,434,435,18,5.7881787e-22,0.0,0.26035458,1.5302398e-19,1.1661703e-14,9.647e-42,1.2719069e-14,7.1337876e-18,8.2158616e-17,8.586996e-31,8.623183e-13,4.9309003e-12,5.4749412e-12,5.4553277e-18,2.3481386e-14,0.0,4.6377807e-17,1.0764022e-14,0.7396469
435,435,436,18,2.5031174e-24,0.0,0.00020685235,6.108579e-19,1.9597322e-11,4.1113887e-38,2.2835566e-13,4.876058e-19,1.0929005e-18,3.0759828e-27,4.2875065e-12,4.736649e-12,8.8846356e-13,9.115972e-18,3.6055048e-10,3.1e-44,4.3654945e-16,3.6787403e-15,0.999794
436,436,1360,18,6.809305e-21,0.0,7.4888635e-06,9.707826e-18,0.000610788,8.0172146e-33,2.2737366e-11,2.6941417e-18,8.195801e-16,3.372817e-29,9.622844e-10,6.252691e-07,9.383995e-16,6.816826e-18,2.823864e-05,9.613933e-39,5.56652e-15,6.310272e-14,0.9993517
437,437,438,2,2.1468606e-32,0.0,1.0,1.5368815e-24,1.94884e-19,0.0,8.387969e-19,3.5665358e-23,7.4562504e-29,9.3331743e-35,2.3880476e-22,4.9347854e-16,1.2751168e-16,3.1408702e-24,5.666479e-18,0.0,1.5896352e-23,7.042063e-21,1.5322745e-09
438,438,439,2,1.8905135e-30,0.0,1.0,2.9757196e-20,1.4349956e-12,3.755547e-39,3.818099e-14,9.506701e-19,6.885413e-30,8.876658e-24,3.210195e-16,8.1821924e-13,2.2515287e-11,2.7098308e-17,1.9612888e-10,6.322264e-39,2.3444654e-17,9.348658e-16,7.902961e-08
439,439,434,2,1.2641555e-25,0.0,0.8838175,3.0353644e-17,3.573973e-15,2.2132e-41,9.114849e-13,9.732957e-20,7.690731e-23,5.406697e-28,1.0927801e-17,3.7443274e-11,1.5188241e-11,3.8146265e-18,7.83496e-11,0.0,1.0356342e-17,7.1681105e-16,0.116183095
440,440,441,2,5.7841383e-30,0.0,1.0,1.2969968e-23,3.0931628e-19,3e-45,9.604834e-18,9.915782e-24,2.2063792e-27,1.1342754e-33,1.2458654e-21,4.3685906e-17,2.6009947e-16,4.6255926e-23,1.4952831e-18,0.0,1.6730689e-23,1.1798559e-18,1.4271401e-12
441,441,442,2,3.273767e-27,0.0,0.9998131,1.2502556e-20,3.010126e-08,8.708952e-39,2.4967933e-10,1.3101952e-22,3.2519108e-27,5.0637614e-28,3.7540207e-13,3.182751e-14,1.0078128e-14,8.488634e-17,1.0346858e-11,0.0,4.9515765e-20,4.777044e-11,0.00018745671
442,442,1385,14,1.1988039e-22,0.0,0.039914183,6.071129e-12,0.09438019,1.6e-43,8.575438e-09,1.4719957e-16,9.90788e-24,3.7563548e-21,3.0906026e-12,0.000996902,9.01337e-12,3.8620024e-13,0.86469525,2.1593235e-29,2.69745e-13,5.477036e-10,1.268332e-05
443,443,444,2,2.5536564e-31,0.0,1.0,4.983016e-26,3.5302647e-20,0.0,1.6848432e-20,3.1267522e-24,1.1632208e-28,1.3043e-41,3.5650957e-22,1.2200852e-16,5.3249755e-17,1.8869886e-24,5.664723e-20,0.0,3.979758e-24,8.0261375e-21,1.4184986e-13
444,444,445,2,1.9207243e-30,0.0,1.0,1.9122296e-22,1.07526836e-16,5.5e-44,2.0322112e-17,3.4135503e-22,1.687003e-29,2.7205468e-35,3.794207e-18,7.10278e-17,9.8572626e-14,9.806038e-20,4.996782e-17,0.0,4.2794616e-22,6.519743e-17,5.125518e-15
445,445,440,2,1.0007861e-30,0.0,1.0,8.930428e-23,1.4524709e-19,1e-45,1.08107105e-17,3.7410474e-24,1.1502924e-27,1.4983077e-35,2.3676666e-21,4.8423825e-17,4.2998166e-15,4.000674e-23,2.4023424e-18,0.0,2.5229048e-23,1.2073241e-18,1.6980118e-13
446,446,447,17,3.041201e-05,0.0,9.986258e-27,1.0588891e-15,5.6354878e-08,1.7998732e-13,3.381567e-05,0.00020818227,6.521738e-08,2.79413e-40,9.805734e-06,1.0653036e-06,4.0000975e-14,8.175747e-10,5.4784427e-15,0.0,5.2917767e-13,0.99971396,1.8598851e-06
447,447,448,17,0.00012196971,0.0,4.1270648e-26,7.270033e-15,8.455062e-08,1.886976e-15,1.5480704e-05,0.00013474732,2.318054e-09,1.5107e-41,3.8174444e-06,1.7363037e-06,1.5967601e-13,2.0880928e-09,3.4684447e-14,0.0,2.3253925e-12,0.9997215,2.0735124e-08
448,448,1379,17,8.658785e-05,0.0,4.2304224e-24,2.1050757e-13,2.8234831e-08,1.8680499e-19,1.0569333e-05,0.0013674982,1.2953583e-11,1.45571e-40,1.0614946e-06,2.5887043e-06,8.380771e-12,6.521265e-08,2.5602066e-12,0.0,9.331e-13,0.9985324,2.02595e-09
449,449,450,18,1.7649567e-16,0.0,5.2665414e-21,4.5853005e-19,7.467157e-13,1.1027592e-17,1.552764e-08,1.5781665e-09,1.5672445e-13,4.2892e-41,3.786637e-07,2.2290296e-09,6.1788025e-16,4.3351984e-13,3.8027144e-17,0.0,1.3178565e-19,1.9210775e-06,0.9999962
450,450,451,17,3.4351552e-15,0.0,1.5146813e-26,3.8515672e-15,1.7164327e-09,1.7721269e-10,0.00023953772,0.0021125115,7.261753e-13,1.0222304e-32,0.00014238342,3.2516194e-08,5.9834415e-11,6.6204047e-06,1.9187282e-12,0.0,3.502621e-11,0.99745506,4.430884e-05
451,451,446,17,1.3187755e-06,0.0,2.7766032e-31,3.2209387e-17,1.9465309e-10,2.9330173e-13,3.827537e-05,1.1687231e-05,5.583998e-09,5.56617e-40,1.3513426e-06,1.6604218e-09,1.527357e-14,5.414094e-10,3.2513953e-16,0.0,7.4727133e-13,0.9999466,1.8839482e-07
452,452,453,5,5.932597e-19,0.0,6.6194946e-29,6.990232e-18,1.2012654e-09,1.0,1.0777814e-09,4.9176035e-11,6.629201e-13,3.737355e-38,3.0705108e-10,5.564873e-12,1.0743975e-19,9.666795e-13,2.4545643e-15,0.0,5.089313e-17,2.4775253e-09,5.4953773e-07
453,453,454,5,1.421159e-19,0.0,1.1709088e-29,3.979584e-20,7.367399e-11,1.0,3.2592273e-11,1.3621969e-12,3.9498447e-15,5.10033e-40,4.1207718e-11,3.9651718e-13,4.825279e-21,1.0042707e-14,3.260125e-17,0.0,1.1213143e-16,1.045912e-12,6.2581966e-09
454,454,564,5,3.891579e-21,0.0,6.0882558e-31,5.771224e-22,2.292479e-11,1.0,3.2310116e-13,1.189375e-14,7.810135e-18,1.15630174e-35,2.2343566e-11,1.8766039e-14,3.9871144e-23,7.4957424e-16,2.509781e-17,0.0,1.8134047e-17,1.3714811e-15,1.0450594e-10
455,455,456,5,2.9094318e-17,0.0,1.2622803e-26,6.8831286e-15,1.4199028e-10,0.9359577,5.241352e-12,1.3246954e-05,3.258309e-10,5.5725e-40,9.900566e-06,3.2830874e-10,2.6001553e-13,4.1667336e-06,1.4415812e-10,0.0,1.3742194e-16,0.06401645,2.186917e-09
456,456,460,5,3.2232602e-18,0.0,3.2445429e-24,1.2556083e-13,1.08736575e-10,0.96616924,4.1724627e-12,3.0062633e-05,2.9439512e-10,2.6393919e-34,3.6929437e-06,1.6668824e-09,1.2721744e-13,1.9798374e-06,4.3690732e-10,0.0,5.5360207e-17,0.033796124,4.4997802e-07
457,457,458,5,7.225127e-17,0.0,1.1780065e-27,4.271904e-17,1.986733e-10,0.99998474,1.2067455e-08,2.1812992e-11,9.194686e-12,9.337651e-37,2.3083219e-08,2.6658317e-12,5.9186505e-19,9.717225e-13,1.779254e-16,0.0,3.4657695e-16,3.897326e-07,1.4631641e-05
458,458,459,5,1.6522987e-21,0.0,2.6057914e-31,6.418798e-21,1.7384524e-12,1.0,3.4253598e-12,1.5007892e-14,4.2384703e-15,6.41955e-38,1.0237404e-10,1.0767015e-15,1.2073308e-22,3.8699055e-14,1.1257018e-18,0.0,1.0241536e-19,5.079437e-11,1.5243465e-08
459,459,452,5,8.0185134e-22,0.0,7.4077637e-31,1.999955e-19,4.361893e-11,1.0,5.983918e-12,5.1858024e-13,1.3825706e-14,2.1779135e-35,1.5476412e-10,1.9055018e-14,9.76642e-22,2.1150093e-12,6.0732485e-16,0.0,2.7432757e-20,4.233472e-10,1.6803991e-08
460,460,461,5,4.592062e-17,0.0,1.1569141e-29,2.7688398e-16,1.2597776e-13,0.9998054,3.848592e-12,1.8534804e-08,3.3756428e-10,1.968207e-32,1.6046121e-06,2.9994568e-14,1.0448853e-15,3.4014357e-07,9.1800265e-14,0.0,1.2021642e-16,0.00019299744,3.629848e-10
461,461,462,5,3.50067e-19,0.0,6.620333e-35,3.33346e-21,1.1781986e-14,1.0,2.3838624e-13,8.7088316e-14,4.0085947e-12,7.853241e-34,1.0273405e-08,2.5570667e-17,1.6370602e-20,2.559407e-11,1.7036726e-17,0.0,3.1835456e-18,7.2480094e-10,1.5316293e-12
462,462,457,5,1.4872604e-20,0.0,6.395915e-30,5.913211e-19,1.2509953e-12,1.0,1.3040544e-11,1.7991316e-13,7.581301e-14,1.5074836e-31,7.8504914e-10,5.0059834e-15,5.3810373e-21,3.027045e-13,9.262924e-17,0.0,8.83081e-20,1.7207005e-09,3.4036407e-08
463,463,464,16,0.036960803,0.0,3.2477342e-26,2.8815756e-17,2.4092578e-14,0.0,9.183275e-16,7.0181835e-17,3.9275945e-14,1.1231374e-32,2.264677e-08,4.2938424e-11,4.8722845e-11,0.0002750287,3.565693e-15,0.0,0.9627625,3.5915377e-06,5.2342753e-21
464,464,465,16,4.4799854e-05,0.0,1.08588485e-27,7.9634504e-17,5.304038e-15,0.0,4.1725046e-15,5.2533576e-14,2.6998146e-15,1.8507898e-29,7.352838e-08,4.178629e-11,1.1807438e-09,0.0021629052,4.180311e-15,0.0,0.9977899,9.1105306e-07,8.2029425e-21
465,465,660,16,1.6529543e-06,0.0,8.491274e-28,1.2561232e-17,1.1653739e-15,0.0,6.549042e-14,7.641866e-15,3.3159063e-14,9.174306e-32,3.140646e-07,2.2704332e-12,5.4441673e-09,0.00072902907,1.3601173e-16,0.0,0.9992678,8.486924e-08,1.4940849e-19
466,466,467,18,2.7786543e-19,0.0,2.0163222e-22,1.33974324e-20,1.1162208e-12,4.368952e-27,1.3202884e-09,3.0263292e-13,2.3150733e-11,2.187e-42,1.4439869e-09,8.9561726e-11,2.1175298e-18,8.832769e-19,4.279813e-18,0.0,6.6082187e-21,1.0652984e-08,1.0
467,467,468,17,1.667831e-08,0.0,1.3194205e-27,3.523578e-20,1.3863164e-12,1.3140401e-21,5.546002e-08,1.4598743e-13,2.319396e-11,6.95e-43,5.9134926e-08,1.8895718e-12,6.189593e-13,1.2922383e-12,7.6510386e-19,0.0,2.6364252e-10,1.0,2.3415104e-14
468,468,472,0,0.99997336,0.0,1.90261e-30,1.0262819e-25,3.1377264e-13,2.0409e-41,4.6813736e-13,3.9357776e-17,2.376473e-12,1.3242999e-37,7.792796e-15,5.8500513e-12,2.2266493e-17,2.314797e-13,2.0052681e-15,0.0,4.1331163e-10,2.5683834e-05,3.5251726e-23
469,469,470,16,0.45585886,0.0,4.305719e-18,5.37738e-15,8.256578e-10,0.0,3.980655e-16,5.433135e-15,6.382332e-10,2.7428333e-22,0.00010957386,1.1298781e-05,1.5491152e-06,8.075795e-07,6.173379e-10,0.0,0.5406647,0.0033534123,3.2470506e-20
470,470,471,16,0.0029300128,0.0,9.340842e-18,1.2447338e-15,6.46069e-11,0.0,1.7841828e-15,4.5065002e-13,1.2755188e-11,1.004256e-20,5.8130558e-05,8.045353e-07,2.4106019e-05,0.0013499227,1.5908712e-10,0.0,0.9949317,0.0007060387,1.3217785e-19
471,471,463,16,0.09991682,0.0,2.5878253e-21,7.8457554e-19,1.906317e-13,0.0,3.1127338e-16,4.7365124e-16,1.2442936e-13,1.7378348e-28,2.0076328e-08,8.3861207e-10,4.0806682e-09,0.002106227,7.135679e-14,0.0,0.89794457,3.0927957e-05,5.433826e-20
472,472,473,0,1.0,0.0,2.6047373e-24,1.4206406e-24,4.0492127e-13,1.4707e-41,1.0517677e-15,8.4297476e-16,1.1873001e-12,6.627183e-34,2.6445067e-15,2.6999873e-09,4.997427e-18,3.6892117e-14,8.398044e-14,0.0,8.2177e-12,1.4964774e-08,2.0075286e-20
473,473,474,0,1.0,0.0,5.717344e-21,4.3346845e-21,6.483273e-13,3.6736e-40,5.349675e-16,1.1478783e-10,1.3040538e-12,8.986082e-26,4.1141713e-13,2.5700763e-07,1.5877212e-14,6.680516e-10,6.550772e-12,0.0,5.59658e-09,1.2526269e-07,3.771839e-18
474,474,469,0,0.99992365,0.0,1.02583e-21,1.6204402e-20,9.121731e-14,0.0,1.3500205e-18,1.603332e-15,5.5442773e-12,6.064258e-26,2.649167e-11,3.723679e-08,2.1554906e-12,7.4799325e-12,8.654721e-13,0.0,7.403116e-05,1.49717e-06,6.0730474e-21
475,475,476,0,1.0,0.0,4.8036394e-23,5.363451e-22,1.9721316e-08,8.007e-42,6.721403e-14,2.4661446e-16,2.2606438e-10,3.6594514e-31,1.0407673e-09,2.654726e-07,1.3168778e-17,3.4936448e-16,4.3716548e-11,0.0,4.1018893e-11,1.5130279e-06,5.6521665e-18
476,476,477,0,0.9995499,0.0,1.7859603e-22,1.3494689e-19,2.8083505e-06,1.01601e-40,9.147425e-11,2.5498125e-15,9.910747e-10,8.4575464e-38,9.163579e-07,1.8867335e-05,8.716995e-17,8.477449e-14,3.1450173e-10,0.0,8.870552e-12,0.00042846784,3.6725286e-15
477,477,626,0,0.5879526,0.0,4.517769e-23,3.1127187e-18,0.009790985,2.56532e-34,8.007043e-09,1.9418796e-11,1.1432603e-08,1.1902675e-32,0.31933522,0.013326906,2.852216e-14,3.0742145e-10,3.6043946e-08,0.0,1.2205145e-07,0.069592655,2.1415307e-14
478,478,479,0,0.9966373,0.0,5.3562608e-27,5.4507697e-19,1.0751019e-13,8.193142e-24,1.5965112e-12,9.238084e-09,2.7233136e-09,1.5670125e-34,1.4779095e-08,1.08889335e-10,3.155426e-16,4.2335805e-12,2.398341e-18,0.0,2.114234e-13,0.0033636105,2.1874944e-15
479,479,480,0,0.75090504,0.0,4.1238133e-23,8.511035e-18,3.032609e-10,2.8999632e-21,3.23585e-11,5.4448647e-05,5.578484e-09,1.2748261e-29,0.000240039,1.4083233e-07,3.559581e-13,3.4142815e-06,2.4684814e-14,0.0,2.5523994e-09,0.24879628,1.7112373e-14
480,480,481,0,1.0,0.0,3.537846e-25,6.457285e-20,9.941615e-16,6.924209e-31,4.735142e-15,3.1311773e-11,2.9954105e-13,1.392782e-29,1.1598197e-10,5.045061e-12,4.172418e-18,5.0226134e-12,8.1062707e-19,0.0,3.3854623e-14,1.2615951e-06,8.466413e-18
481,481,482,0,0.99993515,0.0,1.7638514e-25,1.4077554e-20,1.6523277e-09,5.7862064e-32,1.0669219e-14,2.4738503e-10,8.3826124e-15,3.921515e-30,7.791248e-08,1.1651162e-07,1.4783198e-17,3.0759185e-08,1.30523405e-11,0.0,7.3403594e-10,6.59251e-05,1.4460121e-21
482,482,483,0,0.99934417,0.0,1.2540134e-22,4.838684e-19,4.1434178e-06,5.995906e-37,2.2001587e-13,5.268417e-11,1.1504185e-14,7.626303e-33,6.497459e-06,0.00040459115,7.637025e-16,3.5105757e-06,1.4487272e-08,0.0,2.107805e-08,0.00023752225,2.866257e-19
483,483,475,0,1.0,0.0,1.093577e-24,1.7279905e-22,7.1204327e-12,3.98e-43,1.8894011e-17,2.2132956e-16,3.1103362e-16,6.039331e-24,9.216318e-12,8.366027e-09,4.790711e-19,2.2418833e-14,3.3335513e-12,0.0,7.637248e-11,1.7795387e-09,4.5448056e-22
484,484,485,17,4.883499e-06,0.0,2.6971572e-31,9.275741e-21,1.2054054e-10,6.6232005e-16,1.1922991e-09,7.7516896e-11,5.0074764e-06,3.1074496e-34,0.0014494549,8.200579e-10,6.498665e-16,2.1393612e-12,6.735307e-16,0.0,1.5497428e-12,0.9985401,2.2775716e-13
485,485,478,17,0.482071,0.0,5.463065e-29,1.3540175e-18,8.745462e-12,7.4112255e-20,2.5256564e-10,7.6104705e-09,3.766583e-07,1.723183e-32,6.905594e-06,1.2959428e-09,1.8325371e-15,2.7607977e-12,1.261122e-16,0.0,2.8964496e-12,0.51792115,8.5252836e-14
486,486,487,18,2.9052003e-21,0.0,3.3529725e-06,3.48184e-18,4.4728468e-13,1.1299149e-31,9.7517024e-17,1.1914044e-15,7.6201306e-20,7.920599e-35,7.432972e-12,3.1093461e-12,1.5595851e-15,2.4656598e-20,4.0735013e-15,1.813e-42,1.0037171e-18,6.9980835e-16,0.9999962
487,487,488,18,1.945615e-20,0.0,8.355761e-08,5.148089e-16,2.5876003e-12,2.0717183e-30,1.1044293e-12,1.2266198e-14,3.78764e-19,3.5491742e-32,1.5641726e-08,5.0993874e-14,1.1133472e-10,1.2097635e-17,3.7013066e-14,1.0307793e-38,1.2278664e-12,3.099184e-13,1.0
488,488,597,18,8.9797784e-18,0.0,3.166833e-09,7.3018766e-17,5.0269814e-13,2.9486474e-26,7.173839e-13,2.5399096e-16,3.7645837e-16,7.455032e-28,9.460984e-09,6.460747e-16,1.3666732e-12,5.034246e-16,6.9305544e-15,1e-45,3.6051693e-13,6.294414e-11,1.0
489,489,490,2,4.346159e-21,0.0,1.0,4.6216195e-25,1.6184443e-13,0.0,2.0418068e-18,8.027825e-20,1.26994e-19,8e-45,1.7609445e-13,7.1832076e-12,4.158856e-14,5.7383473e-19,4.387126e-18,0.0,2.830813e-18,2.4283076e-17,3.8626176e-15
490,490,491,2,8.779674e-23,0.0,1.0,5.871184e-25,2.2896466e-12,5e-44,2.5232303e-17,2.9793853e-22,5.3946817e-22,1e-45,3.156358e-13,6.953998e-13,2.0034498e-14,5.520151e-21,5.716025e-17,0.0,4.859775e-18,1.5984076e-18,1.2189048e-14
491,491,492,2,2.1673431e-23,0.0,1.0,1.3650593e-25,3.9006976e-17,1.161392e-39,6.372376e-19,4.8724324e-19,1.4032823e-22,1.3171056e-37,1.9187724e-19,1.340275e-12,1.3255069e-16,2.324168e-20,3.0940866e-17,0.0,1.3304529e-21,1.1300198e-21,1.4204209e-13
492,492,493,2,2.0045938e-24,0.0,1.0,2.5192837e-27,9.192176e-16,2.3861714e-37,2.5921354e-19,9.3231485e-18,1.3534726e-22,9.552639e-36,6.992312e-18,1.2079583e-13,1.2304233e-17,3.3856606e-19,5.010296e-17,0.0,1.13767174e-20,3.3113187e-21,5.0300358e-11
493,493,494,2,7.93469e-28,0.0,1.0,1.6051485e-24,9.123131e-12,6.3172346e-36,1.9540027e-15,6.264778e-20,1.0258284e-24,4.417429e-37,6.8920423e-13,5.002528e-15,4.0313937e-14,2.3936795e-18,1.4480644e-15,0.0,4.8211255e-19,3.1389755e-18,4.7665454e-09
494,494,495,2,2.2445127e-27,0.0,1.0,2.671055e-26,7.983987e-16,6.190108e-37,2.3200857e-19,5.937151e-18,4.391162e-25,2.1902871e-34,2.2589032e-17,1.6379594e-13,7.8942776e-17,5.4534706e-20,1.9754817e-16,0.0,1.8308197e-21,5.554731e-21,1.2667345e-08
495,495,496,2,3.082502e-27,0.0,1.0,1.0686426e-26,9.45136e-15,8.809e-42,3.2348794e-16,8.849725e-21,1.4810312e-22,1.295642e-38,6.853833e-16,4.7927706e-14,1.2964424e-16,5.4035175e-22,5.058113e-17,0.0,1.2240272e-19,2.8228074e-21,4.462172e-08
496,496,497,18,5.4626803e-25,0.0,0.21778515,2.4093356e-18,7.585338e-10,9.491553e-34,3.3984183e-12,1.0302007e-17,1.3627652e-17,6.710625e-34,5.1913553e-09,1.3425631e-11,4.1369772e-12,1.9706156e-20,6.702458e-13,6.356e-42,1.1385473e-15,4.0521137e-15,0.7822159
497,497,486,18,2.2690699e-23,0.0,3.4827928e-05,8.256863e-17,8.566785e-14,4.195325e-31,9.173116e-17,6.4779973e-16,3.7162087e-19,4.2760614e-32,5.491104e-14,2.0043547e-11,1.4417156e-14,9.417065e-22,2.2543626e-13,5.0915334e-37,5.1093263e-18,1.7139263e-17,0.99996567
498,498,499,13,0.00018420935,0.0,5.002149e-29,2.9233924e-18,2.2039577e-11,1e-45,6.4428644e-13,5.79876e-16,4.271801e-12,1.43e-43,1.4428438e-06,6.190676e-14,7.1309864e-10,0.99967194,2.3842614e-14,0.0,7.6547134e-05,6.685837e-05,7.473043e-24
499,499,500,13,2.6152785e-11,0.0,1.1246574e-28,3.950541e-21,1.6207665e-14,1.06831e-40,4.5260846e-15,6.4658017e-16,2.3416332e-16,1.4e-44,2.380179e-08,1.03254216e-16,3.7427673e-13,1.0,3.497175e-18,0.0,1.7544508e-09,3.9526302e-09,7.768638e-22
500,500,623,13,5.1761848e-14,0.0,1.5810709e-24,5.9152586e-21,2.8257963e-14,2.906793e-31,4.4348354e-15,4.6575716e-15,2.4628891e-18,0.0,4.880428e-09,1.2671745e-15,9.667892e-15,1.0,7.230057e-18,0.0,2.6864055e-13,9.511653e-11,2.5767855e-19
501,501,502,13,2.8497558e-08,0.0,1.1532754e-20,3.1324848e-15,0.00848769,0.0,3.5636933e-08,5.6656163e-10,9.184715e-15,1.22229675e-33,1.2411224e-05,0.0008204829,6.8120176e-10,0.9728152,1.2969232e-07,0.0,3.873637e-09,0.017863194,9.837794e-16
502,502,506,13,1.3397519e-07,0.0,1.3502509e-20,5.218439e-16,0.00017171967,0.0,9.047212e-09,1.966276e-12,5.406936e-16,5.8179e-41,2.878821e-07,3.235871e-06,2.7183393e-11,0.9973904,2.0834053e-10,0.0,2.5063155e-11,0.002435301,6.0783203e-17
503,503,504,16,0.3573044,0.0,1.0784888e-24,2.2500304e-15,1.5644956e-07,4.743e-42,8.85148e-06,9.132973e-15,0.0005225881,2.2279e-41,0.00028041677,9.0113517e-10,4.963867e-06,3.2783402e-05,5.2018984e-10,0.0,0.6252352,0.016610295,1.7765986e-20
504,504,505,16,0.00016417766,0.0,5.7927513e-22,5.692142e-14,1.4876653e-10,0.0,6.5470704e-06,5.640383e-11,1.8203815e-05,1.2e-43,1.2266623e-06,6.3727426e-11,0.0007416461,0.113915056,3.9207877e-12,0.0,0.88502866,0.00012624195,1.4000129e-18
505,505,498,13,4.962109e-05,0.0,5.586595e-25,3.1108376e-14,1.799463e-11,0.0,1.1931864e-09,4.7854082e-14,5.10586e-10,0.0,3.8481296e-08,5.227612e-13,2.6683529e-06,0.9998665,1.0778244e-13,0.0,4.9987e-05,2.936993e-05,1.2124307e-22
506,506,507,13,4.2455102e-07,0.0,2.2808922e-21,6.392396e-17,2.0829395e-07,0.0,2.4387296e-12,1.2423585e-13,1.1831099e-18,8.3767e-41,1.0184906e-08,1.7999197e-07,2.4351308e-13,0.9998931,1.8093534e-12,0.0,8.259877e-12,0.00010752585,9.005984e-19
507,507,508,13,3.8735968e-07,0.0,6.911223e-24,1.7744492e-15,7.8462275e-13,0.0,2.525841e-16,1.7732468e-13,1.8525369e-19,1.075138e-37,5.889312e-09,1.05671694e-10,3.4755637e-10,0.9999962,1.9757023e-14,0.0,5.0481543e-07,4.0480995e-06,6.0980954e-21
508,508,503,0,0.9659003,0.0,2.9260105e-28,1.5087962e-15,5.5573506e-09,0.0,1.4577452e-10,3.6383633e-16,6.9282985e-10,1.96e-43,1.4160768e-05,3.4674427e-12,7.1987486e-08,0.005402251,2.6206915e-11,0.0,0.02247986,0.0062044705,4.4823673e-25
509,509,510,0,1.0,0.0,2.5443559e-27,1.5568631e-22,1.6245283e-16,1.1e-44,5.7827697e-15,9.92695e-16,7.240782e-14,2.0689567e-35,1.6556848e-16,1.8882541e-11,1.523021e-16,2.075532e-14,4.4710338e-15,0.0,3.3830536e-11,5.1138933e-09,6.1161973e-21
510,510,511,0,1.0,0.0,9.189089e-24,5.0026625e-22,6.861995e-16,0.0,9.1632626e-15,2.1268661e-16,3.5858848e-13,6.733713e-39,2.840271e-15,7.055813e-11,3.627085e-15,3.0461118e-13,1.5344273e-16,0.0,4.161848e-10,4.2169226e-08,1.6850442e-18
511,511,627,0,1.0,0.0,8.1650693e-22,2.3648672e-22,8.203343e-15,0.0,2.427044e-13,6.10388e-17,3.775449e-12,5.93e-42,2.2591747e-13,5.9405474e-11,1.6573106e-14,1.9638995e-12,7.213254e-18,0.0,6.917369e-09,2.870805e-07,6.305379e-17
512,512,513,0,1.0,0.0,3.4719263e-29,7.212316e-26,7.377819e-15,1.1086029e-36,9.203414e-14,7.7040236e-18,1.7841828e-15,4.8555e-41,3.5197283e-17,1.2822598e-13,5.5094017e-21,2.9104245e-14,5.541813e-16,0.0,1.0295137e-16,3.004264e-08,8.517286e-22
513,513,514,0,1.0,0.0,1.21594655e-29,4.192568e-26,4.2169444e-13,2.8846093e-33,2.0001145e-12,9.463111e-17,1.89413e-15,3.00504e-40,3.6080115e-16,5.9263277e-13,6.8332954e-21,2.254252e-12,1.6013036e-14,0.0,1.189311e-15,6.4717295e-07,1.6485213e-21
514,514,515,0,1.0,0.0,1.0945393e-27,2.2283738e-25,2.7184684e-15,1.7736074e-33,3.3833082e-13,1.955463e-16,8.6984307e-16,1.9716664e-37,1.8029008e-16,2.5708531e-13,1.20545895e-20,4.1897523e-12,7.889676e-16,0.0,5.6539432e-15,1.5978314e-07,1.7853568e-19
515,515,516,0,0.9999695,0.0,1.868645e-30,9.130152e-22,3.5061296e-15,7.307015e-29,1.3073111e-12,9.065569e-14,4.370779e-15,5.4250316e-32,1.8019272e-13,1.9409593e-13,8.830613e-19,2.4583977e-07,3.0196407e-13,0.0,2.5978257e-13,3.10586e-05,1.0882151e-20
516,516,517,0,0.99944323,0.0,1.3414502e-29,1.4268885e-21,7.911953e-15,1.1773164e-32,3.4809874e-12,3.422744e-14,1.1345671e-15,4.6244388e-26,5.04585e-12,1.1601542e-13,5.690766e-17,0.00037574332,1.583508e-11,0.0,1.1509169e-10,0.00018133753,4.1381104e-21
517,517,509,0,1.0,0.0,2.4454182e-27,1.1988249e-25,1.9378546e-18,0.0,3.871941e-15,4.4580155e-18,2.7331284e-16,9.901955e-30,1.3693945e-16,4.3006716e-14,9.813004e-19,2.7149193e-11,3.090337e-16,0.0,1.5451569e-11,1.1476555e-09,7.8116126e-21
518,518,519,0,1.0,0.0,8.2010596e-30,2.590392e-22,1.5811227e-12,0.0,2.5450672e-10,5.0876915e-21,3.4182798e-15,4.100955e-31,2.2450802e-10,2.5728531e-14,1.2373566e-17,1.7788737e-09,1.1979271e-13,0.0,8.749989e-07,9.932218e-08,4.0649356e-21
519,519,512,0,1.0,0.0,2.8168324e-32,1.3225455e-26,7.865391e-17,7e-45,5.469905e-14,2.8219568e-21,1.1489519e-17,2.903624e-38,1.4758865e-16,3.0326228e-16,7.297264e-22,1.3185703e-12,6.338901e-17,0.0,1.0941929e-12,1.947943e-09,1.517645e-23
520,520,521,18,7.874327e-27,0.0,5.9070475e-22,3.693625e-26,1.8947794e-16,3.821038e-39,1.5413455e-14,1.0140354e-17,4.644501e-20,3.78e-43,4.1070496e-14,3.0911872e-15,3.1507617e-22,8.0901944e-22,6.053638e-22,0.0,9.083657e-25,4.078179e-16,1.0
521,521,522,18,1.2465374e-18,0.0,6.888314e-27,1.1870378e-19,5.2890496e-14,3.838247e-24,4.214268e-09,8.0879494e-05,5.328707e-12,1.5801428e-31,2.0678081e-09,5.032723e-11,1.0630499e-15,8.425581e-13,1.4414377e-18,0.0,1.8020895e-16,1.5291037e-09,0.99991995
522,522,550,7,2.3252217e-14,0.0,6.458367e-28,1.7463194e-15,6.82279e-16,1.8404214e-27,1.2638322e-10,1.0,1.08939015e-13,4.314535e-24,1.2280275e-09,4.6262563e-11,1.0774853e-09,1.5642656e-11,5.603332e-16,7.342439e-38,6.7439143e-10,5.584741e-10,1.1537157e-12
523,523,524,2,9.3369564e-26,0.0,1.0,9.044836e-23,1.1750363e-18,0.0,7.5554825e-16,3.7686617e-25,1.0138152e-24,3e-45,1.8055547e-19,1.012896e-15,8.1920765e-17,6.3424334e-24,1.989886e-20,0.0,3.0453527e-23,3.875336e-17,8.444715e-08
524,524,525,2,5.828679e-23,0.0,0.999531,1.4879055e-15,2.9742433e-13,0.0,8.130185e-10,1.0896802e-22,9.503853e-23,1e-44,1.0466885e-15,2.4261498e-10,1.0078962e-09,9.927048e-19,4.5100257e-13,0.0,5.3963063e-15,3.505142e-14,0.00046872208
525,525,529,18,2.5942138e-26,0.0,0.0003136879,4.9964785e-24,1.3634888e-16,0.0,1.3598177e-14,1.0588192e-25,1.1732163e-21,6e-44,3.117093e-17,1.6895217e-13,4.1637708e-17,4.906213e-25,1.7208707e-17,0.0,1.308308e-21,4.2181265e-17,0.9996872
526,526,527,18,5.0840182e-31,0.0,5.419207e-14,5.7256164e-28,3.1391087e-17,0.0,4.0300517e-16,3.0919147e-25,1.4084132e-24,2e-44,5.91638e-16,8.744605e-17,8.841622e-22,7.2225306e-26,4.9389912e-21,0.0,6.690154e-26,2.1927464e-18,1.0
527,527,528,18,8.979176e-30,0.0,3.6955886e-16,1.3839546e-27,4.3758107e-18,6e-44,5.9283534e-16,3.7448247e-20,5.5341006e-24,3.3419e-40,5.1379485e-15,1.0900079e-16,3.8440113e-21,7.8322225e-23,2.341958e-21,0.0,4.9557213e-25,2.1864159e-17,1.0
528,528,520,18,2.532447e-26,0.0,1.3525336e-14,3.9128425e-25,1.3978089e-18,5.9e-43,3.7910613e-14,3.4296097e-19,3.3186296e-20,4.3362e-41,6.0512123e-15,6.1524365e-16,9.997009e-19,1.2264037e-23,1.1135577e-21,0.0,2.4699758e-24,5.6007894e-16,1.0
529,529,530,18,1.4361168e-29,0.0,2.598048e-06,9.0564566e-26,5.165496e-17,0.0,1.6486448e-16,2.680108e-26,4.1332766e-24,2.7e-43,5.676001e-17,9.916811e-15,2.7607355e-19,2.3356988e-25,1.0500943e-18,0.0,2.9588364e-24,7.368609e-18,0.99999815
530,530,531,18,4.7326113e-31,0.0,2.9677554e-09,7.6491104e-27,4.738085e-16,0.0,1.9834933e-16,8.109594e-23,1.652517e-24,3.614e-41,1.3107647e-15,9.934271e-14,3.6403828e-20,4.8616882e-24,2.4605602e-18,0.0,7.4406963e-25,8.97252e-18,1.0
531,531,526,18,6.1542913e-31,0.0,5.447118e-09,3.6625887e-26,2.2464429e-17,0.0,2.6927997e-15,8.248708e-25,1.6997716e-24,3.3415e-41,1.1021163e-16,3.8886825e-15,2.3147463e-19,4.1853293e-26,3.9192334e-19,0.0,2.4919502e-25,8.272592e-18,1.0
532,532,533,2,6.815394e-26,0.0,0.5737524,1.5844e-21,1.041392e-14,2.346e-42,2.0898802e-14,4.2890686e-23,4.7223874e-23,1.8792596e-31,3.103761e-14,5.1830735e-13,4.143478e-15,5.3643925e-22,1.0978165e-14,0.0,1.3940908e-20,3.71215e-15,0.42624652
533,533,534,18,1.3247269e-26,0.0,1.5152509e-07,4.8719353e-17,4.8027294e-13,4e-45,3.2112202e-11,1.2551804e-23,1.2947576e-23,1.0687107e-28,3.684193e-13,3.0613018e-13,4.5247204e-15,4.5655555e-21,1.2198032e-13,0.0,1.044154e-19,7.662917e-14,1.0
534,534,595,18,5.4364564e-21,0.0,2.8333517e-18,1.1324498e-05,8.7131363e-10,1.971546e-37,1.6500934e-07,1.0010654e-14,4.8940187e-13,7.89896e-29,2.3150627e-05,5.249307e-08,4.3953352e-10,1.1462794e-13,6.652352e-14,4.503588e-39,1.702656e-13,6.914813e-08,0.99996567
535,535,536,2,2.9456555e-27,0.0,1.0,1.5282435e-28,8.517108e-18,2.8e-43,5.829475e-17,1.3818321e-22,2.4412195e-23,5.9084e-40,2.0226838e-16,1.0893392e-15,4.563373e-16,3.321498e-24,4.932275e-19,0.0,9.963145e-23,3.421704e-19,1.3625303e-11
536,536,537,2,8.926332e-25,0.0,1.0,2.953821e-22,4.7716296e-13,1.4589e-41,6.640445e-11,9.3378035e-20,4.891311e-21,4.549721e-34,6.238475e-12,5.3935957e-13,3.9627435e-10,2.4952652e-21,5.3363096e-14,0.0,3.3680935e-17,4.9617615e-15,1.2241735e-09
537,537,538,2,4.183667e-27,0.0,1.0,5.237386e-23,4.2671203e-15,7.434749e-37,1.747793e-14,4.952559e-20,2.7158143e-23,4.9321505e-31,6.152584e-14,1.6632721e-12,1.2775334e-13,7.8295044e-23,2.0429173e-14,0.0,7.712009e-21,1.2292832e-17,2.0976822e-08
538,538,539,2,9.156773e-28,0.0,1.0,1.9135464e-26,1.9600124e-15,1.0190468e-37,1.4149033e-15,6.9681465e-22,2.941066e-25,3.247091e-33,2.9041344e-15,2.5984006e-13,9.112356e-18,1.5212503e-23,8.005788e-17,0.0,3.997011e-24,4.8186096e-18,7.047592e-08
539,539,540,2,2.781285e-26,0.0,0.9999504,4.348395e-22,3.622026e-14,6.934466e-38,1.8631537e-11,1.2401151e-19,3.2863753e-22,1.8502595e-30,1.02995225e-11,4.8265714e-12,1.2525084e-13,1.1556272e-20,5.723406e-15,0.0,1.1728e-21,1.3698452e-14,5.1292012e-05
540,540,532,2,2.8508403e-25,0.0,0.9899079,1.842963e-21,1.2942195e-15,1.4396763e-37,5.3835615e-14,3.3615532e-21,2.7234528e-21,5.3679095e-31,2.8130476e-13,2.9128041e-12,3.3732677e-14,1.09977e-21,9.647997e-15,0.0,2.0780518e-21,1.7579962e-15,0.010090269
541,541,542,11,1.489733e-24,0.0,0.03038492,3.337943e-11,3.4016728e-05,1.179735e-39,3.2290454e-10,4.0130317e-12,9.94352e-22,8.2403695e-26,7.0199917e-13,0.964538,4.789822e-09,4.480956e-14,0.0050424286,3.1096015e-38,5.3491213e-17,1.36487425e-14,3.7049037e-09
542,542,535,2,2.6174245e-26,0.0,1.0,1.407503e-20,3.3099068e-12,5.451463e-39,5.2617353e-16,9.634012e-17,1.1644587e-22,6.047569e-29,4.6154414e-15,4.397184e-08,1.4245176e-13,4.5655555e-21,5.0601936e-11,0.0,3.7419133e-19,3.6175413e-20,3.1151647e-11
543,543,547,8,2.219812e-11,0.0,2.737682e-28,1.4835243e-15,5.2177844e-15,1.612684e-33,4.022117e-06,6.706686e-11,0.9981592,0.0,1.2221438e-09,4.3145633e-11,1.5102979e-09,2.0423684e-10,2.9894744e-13,0.0,1.3180221e-12,0.0018369086,5.4053333e-14
544,544,543,8,2.723961e-14,0.0,1.22564226e-29,6.289582e-21,2.2448469e-12,2.5252382e-28,1.2855605e-06,1.0668046e-13,0.9999923,0.0,1.3404049e-09,2.2502504e-10,1.8873881e-13,1.1698819e-14,2.3277852e-15,0.0,3.98277e-14,8.012707e-06,3.3934435e-12
545,545,484,18,5.152736e-12,0.0,4.202404e-24,3.440437e-17,8.5576525e-11,1.7866177e-26,7.5138446e-06,9.582415e-15,0.00014920687,1.3936739e-38,1.5382211e-06,5.4736753e-09,1.0410062e-15,3.414568e-21,8.695573e-17,0.0,1.1553737e-16,3.1113857e-05,0.99980927
546,546,901,17,2.4340315e-08,0.0,6.719582e-29,8.675344e-21,9.8757305e-09,5.726381e-36,1.6672084e-07,7.1516605e-18,3.0377606e-18,4.5744095e-37,2.8295752e-08,1.2966479e-12,6.9816614e-15,3.7902445e-10,1.6410042e-14,0.0,1.1641404e-12,1.0,1.6589644e-18
547,547,548,8,2.665637e-13,0.0,7.4952805e-32,8.2710347e-13,4.1489955e-16,1.39844e-40,4.2300766e-05,1.0022022e-10,0.99993515,0.0,1.5482264e-09,1.6462351e-12,9.859742e-07,1.12632004e-11,3.452133e-12,0.0,1.7145274e-10,1.9833835e-05,4.1575335e-17
548,548,549,8,8.959131e-14,0.0,1.971015e-34,1.2280035e-10,2.3222018e-19,0.0,5.6239614e-06,6.724436e-12,0.9995462,9.112422e-34,5.89974e-11,9.430389e-17,0.0004472287,1.8356254e-12,7.6966076e-14,0.0,2.93727e-07,1.1886668e-08,1.366334e-20
549,549,580,12,4.5124983e-23,0.0,7.624361e-39,2.2525167e-11,1.2153431e-15,2.675929e-34,0.004101749,1.5327796e-06,7.0482715e-06,7.7893985e-25,4.0763755e-08,1.3137295e-13,0.99550873,1.5135197e-12,1.8330084e-12,0.0,0.00038071087,6.32499e-09,2.078074e-15
550,550,551,12,5.788519e-19,0.0,4.096257e-35,5.2430003e-09,2.5215225e-13,7.4434875e-30,0.0034738933,0.13239656,0.00024444208,2.5888278e-17,3.9350024e-07,1.3507067e-09,0.75854594,6.3229744e-13,1.1860939e-08,2.316709e-25,0.105337724,4.1362083e-10,4.6772587e-17
551,551,552,8,1.1558948e-07,0.0,3.070682e-28,1.0809254e-12,8.6555134e-13,2.1e-44,9.178558e-06,5.0894564e-14,0.9916428,2.8852733e-23,8.128983e-08,5.2114896e-11,4.5228277e-05,9.9066825e-14,6.093831e-09,0.0,0.008300979,9.52113e-07,4.92563e-22
552,552,553,8,4.8697556e-12,0.0,3.394799e-22,9.2123496e-11,4.0667287e-09,1.885826e-36,3.7809934e-07,5.9366388e-15,0.98549587,1.9561078e-28,4.1617454e-06,1.2137338e-10,0.011967735,4.337108e-17,8.5158234e-07,0.0,0.0025297247,8.870066e-07,1.4431494e-17
553,553,554,8,4.07029e-13,0.0,2.0521623e-32,1.2726626e-16,9.0783474e-12,9.027605e-37,1.5321657e-06,2.9586485e-14,0.9999962,1.2244636e-38,5.001799e-09,1.1042716e-15,3.0654435e-10,3.7526994e-15,1.9864052e-12,0.0,1.2966066e-07,4.898105e-07,2.8405364e-19
554,554,666,0,0.9906031,0.0,1.06145786e-29,6.978002e-18,2.929889e-11,6.111853e-38,1.8279316e-05,3.1538167e-14,0.0007081481,4.546846e-32,1.9843577e-07,3.0737994e-13,2.4192539e-11,0.0014623675,6.6142036e-11,0.0,3.5186218e-05,0.007173027,3.0812935e-18
555,555,556,13,2.0533918e-13,0.0,1.8138194e-25,4.304612e-21,6.251606e-18,6.2e-44,2.2669767e-15,3.5338009e-13,4.090575e-19,5.1860047e-34,1.166503e-12,5.1999806e-15,3.8788006e-15,1.0,2.913811e-15,0.0,1.6109889e-12,1.7415232e-11,9.696745e-21
556,556,557,16,6.9366256e-11,0.0,3.124315e-27,5.9897716e-17,1.1873948e-13,0.0,7.5345236e-10,2.1356667e-05,0.0016157383,1.3950781e-23,6.4046474e-10,2.0538327e-07,2.6402854e-06,8.568689e-12,1.1369069e-07,1.86297e-40,0.998361,3.7091668e-13,6.9014017e-15
557,557,551,8,6.0035876e-10,0.0,9.462557e-27,3.0393466e-12,6.65356e-17,0.0,5.5615365e-06,6.877985e-15,0.9760193,3.9706936e-22,3.768791e-10,5.1423628e-14,0.000501576,8.425218e-15,1.1607935e-10,0.0,0.023473108,9.683123e-10,2.878396e-20
558,550,558,7,1.2069726e-13,0.0,7.758278e-28,1.435687e-10,1.7346331e-16,7e-45,7.4313916e-10,0.8025056,5.6857797e-08,1.1724037e-18,2.0996105e-09,2.8100086e-08,0.0007406255,1.9557347e-13,2.1801252e-12,3.5020553e-21,0.196754,2.3002283e-14,8.530936e-16
559,558,559,7,3.7310295e-16,0.0,6.921123e-30,1.3560124e-11,9.441687e-18,2.4848926e-36,5.068266e-12,0.9705837,3.682936e-09,2.0649709e-16,2.0453379e-11,4.274385e-08,5.3064326e-05,7.537585e-14,4.3913272e-11,1.8981285e-24,0.02936213,3.0999834e-16,6.043247e-17
560,559,560,7,1.0340589e-10,0.0,6.6401996e-24,4.5549736e-08,1.2608613e-10,4.551258e-30,3.6289663e-08,0.9856877,4.997941e-11,1.6276919e-16,2.313658e-06,0.00089450384,0.00840604,0.0012471987,0.0037440858,5.89265e-35,1.3156005e-05,5.447251e-06,7.3226174e-13
561,560,1397,17,3.9821794e-13,0.0,4.092704e-31,1.3317423e-14,1.2328299e-08,6.3742724e-34,5.6541305e-10,9.440967e-18,1.0159903e-18,2.52506e-40,5.7002455e-07,1.7272745e-12,4.823366e-13,6.311887e-06,5.1891946e-10,0.0,3.9451017e-15,0.9999923,2.1926017e-20
562,555,560,13,7.290464e-10,0.0,2.5199647e-28,3.4407948e-15,1.1628824e-15,0.0,2.4516298e-12,3.5454126e-17,6.3157114e-15,1.230524e-36,2.2957469e-08,1.4984658e-15,3.8279108e-08,1.0,8.2110486e-14,0.0,3.2931737e-09,4.8835335e-07,1.7155377e-22
563,561,562,13,2.451464e-10,0.0,3.3743796e-26,1.5432233e-13,8.158123e-08,3.016146e-39,3.022599e-08,6.1828537e-10,4.1645176e-17,1.0003522e-35,1.9274647e-05,3.0169926e-13,1.6790115e-12,0.95004076,1.1865866e-09,0.0,6.8916253e-12,0.049938288,7.643422e-12
564,562,563,13,7.1207853e-12,0.0,5.905281e-25,7.899447e-20,3.9080464e-14,2.6100155e-34,2.5226316e-11,1.425221e-10,3.4578046e-17,4.2142802e-33,1.3627358e-07,5.861158e-18,2.8628358e-12,1.0,8.048087e-14,0.0,1.2922502e-09,5.368937e-07,1.4043858e-14
565,563,599,17,1.4648492e-07,0.0,5.2037494e-23,1.0640806e-07,1.0369328e-06,3.4902e-41,1.8296937e-08,3.6672404e-13,2.167541e-16,9.887678e-32,0.0033930447,9.0612744e-08,1.5710339e-05,1.945949e-05,0.0009168594,0.0,9.498226e-10,0.9956531,4.9471284e-17
566,564,565,5,2.6556187e-21,0.0,3.5232086e-31,3.8142526e-23,2.2508415e-11,1.0,1.1793092e-14,8.140125e-15,4.702105e-18,6.635886e-34,6.824344e-11,5.625483e-14,1.0887407e-23,8.4742724e-16,4.8552008e-17,0.0,7.859901e-17,6.33716e-17,7.0152833e-12
567,565,566,5,1.566269e-22,0.0,1.255003e-31,1.0376875e-23,2.8040188e-11,1.0,1.3370553e-16,2.9501154e-15,8.0206364e-19,3.1375513e-33,1.2618145e-09,6.220859e-14,7.856611e-23,2.1485083e-16,4.153556e-16,0.0,2.5174245e-16,8.6145427e-19,1.3131827e-14
568,566,567,5,4.2961428e-23,0.0,5.4740926e-32,1.0313699e-22,7.7994183e-10,1.0,6.934752e-17,5.2629743e-18,1.927848e-19,1.4330272e-26,3.843773e-08,9.7082495e-15,2.4473855e-21,2.5092052e-18,6.432351e-14,0.0,4.9215102e-17,7.377071e-19,2.95018e-17
569,567,568,10,5.873023e-17,0.0,1.1395506e-23,1.7759865e-15,0.20238028,0.0009828813,1.2570349e-08,8.703381e-15,6.556701e-11,2.3497407e-23,0.79662496,1.3942008e-07,5.0690784e-12,3.606732e-16,1.3009778e-05,3.21e-43,4.9627562e-11,5.488932e-12,1.4335738e-11
570,568,569,10,1.9053911e-23,0.0,9.188629e-25,2.0124125e-13,2.848104e-08,1.0115441e-38,2.409281e-10,1.5092885e-11,4.7774717e-15,2.0915638e-36,0.99991226,1.5406238e-05,7.308721e-05,9.141119e-17,3.6856726e-11,1.494913e-32,4.651364e-12,1.405224e-11,1.6983227e-13
571,569,585,12,1.3779535e-21,0.0,2.8451357e-33,6.5642407e-09,4.923993e-08,7.238199e-33,0.00020214236,1.556956e-10,6.8702954e-09,2.4471446e-27,3.269436e-05,6.1730527e-09,0.999466,5.3117758e-14,8.568609e-08,1.867e-42,0.0002466517,5.0897903e-05,4.1964593e-17
572,570,571,13,5.7052807e-11,0.0,4.2786445e-30,2.1725653e-24,1.3121119e-13,2.0201351e-35,1.9712498e-10,2.1432551e-14,4.9652403e-17,3.829646e-32,1.5744881e-07,2.4268377e-15,1.375915e-14,1.0,9.388081e-15,0.0,2.1875097e-09,1.2371163e-09,1.3118547e-16
573,571,572,16,3.2653696e-14,0.0,1.2979424e-30,2.1793132e-17,3.3069125e-14,0.0,3.9085702e-13,3.6256239e-12,3.501407e-10,2.6611396e-33,8.125232e-08,4.829081e-10,5.9449548e-08,6.624196e-13,2.2061802e-17,0.0,1.0,3.9407586e-13,2.5633002e-15
574,572,547,8,3.1093325e-13,0.0,1.5420741e-30,8.1748705e-11,2.4354867e-18,0.0,5.7866167e-05,5.511549e-12,0.9992374,1.34976e-40,1.3135813e-10,1.9962642e-13,0.00070373976,5.7287194e-13,7.831247e-13,0.0,2.1831768e-07,5.3362066e-07,1.2417345e-18
575,573,574,13,2.8251135e-13,0.0,3.982523e-31,1.3271904e-18,8.725604e-11,1.7460979e-17,1.192472e-09,1.8820706e-10,6.1350206e-17,9.751693e-34,3.2310727e-06,1.3651354e-13,5.9461935e-11,0.9999962,8.505543e-12,0.0,1.4266849e-09,2.367337e-10,2.7927455e-19
576,574,575,16,5.219755e-15,0.0,1.1801995e-38,1.00666064e-13,8.3395395e-11,4.7959094e-32,3.3689793e-10,9.0224415e-07,2.040039e-11,2.6914431e-31,1.935575e-07,1.3726315e-09,7.668973e-06,1.6952074e-08,9.55268e-13,4.4504733e-32,0.9999923,1.0125978e-09,1.7909503e-19
577,575,548,8,1.7602594e-13,0.0,1.17844866e-32,3.5429835e-07,1.1984279e-16,0.0,0.0017183837,1.0077155e-09,0.825671,9.5363285e-36,7.972511e-09,5.355117e-12,0.16856182,1.5719762e-11,1.8881388e-11,0.0,0.0040463456,2.2441247e-07,1.1967091e-18
578,573,577,13,1.3340571e-12,0.0,4.3362048e-29,5.057551e-18,5.177116e-09,8.563667e-17,5.7839125e-09,1.3850359e-14,5.741585e-20,0.0,7.1375594e-06,1.1439979e-15,1.7868476e-13,0.9999923,2.6294824e-12,0.0,2.8592302e-15,2.1332139e-07,8.689185e-22
579,576,564,6,6.009286e-12,0.0,1.0973303e-30,8.751535e-12,0.01743635,1.9656305e-05,0.91998243,8.776973e-13,1.48631325e-05,6.001148e-29,0.062466748,1.207675e-09,2.308727e-08,1.609068e-14,1.0557782e-10,0.0,7.355795e-05,6.598092e-06,5.878064e-10
580,564,577,5,1.6002269e-24,0.0,1.0123868e-36,4.5926833e-21,5.0920392e-14,1.0,1.4276838e-13,7.193191e-19,8.585463e-22,1.9718042e-27,7.256859e-11,1.0209467e-20,1.5074872e-19,3.7603067e-16,3.0241318e-16,0.0,2.4620023e-21,5.8949266e-18,2.9713737e-21
581,577,578,10,2.0094242e-17,0.0,7.348555e-36,1.2002376e-12,5.893813e-07,2.0712314e-12,4.045184e-05,1.7680188e-13,3.3179966e-20,2.293462e-16,0.999958,2.2985694e-15,1.1899903e-10,2.3260172e-09,3.4546844e-07,1.5e-44,3.0616726e-15,3.6912922e-08,1.2537462e-21
582,578,579,10,1.5649703e-18,0.0,5.055423e-28,1.9758345e-10,1.5951203e-08,2.073582e-32,0.0009680493,7.0011145e-12,9.546659e-15,7.246794e-32,0.99900866,1.2411435e-09,2.2349428e-05,1.7910075e-16,1.0217287e-07,0.0,1.061912e-13,2.5576528e-09,3.3254764e-18
583,579,549,12,7.6016315e-14,0.0,1.9314578e-31,4.2759116e-11,3.1975335e-16,6.7357594e-34,0.123852834,6.364046e-11,1.25907645e-05,1.0024896e-24,2.7846743e-09,6.8089796e-17,0.87613374,6.4436647e-09,4.359403e-09,0.0,4.3499054e-07,1.3684614e-06,1.9634743e-18
584,580,581,7,1.7873171e-14,0.0,1.8921483e-33,7.6321395e-14,6.908431e-16,3.733368e-29,1.8725194e-08,0.9981288,1.8908088e-08,7.045709e-16,7.1976425e-10,2.8829272e-10,0.0007094947,2.2030834e-11,1.8461177e-11,1.7620121e-29,0.0011600673,5.118692e-10,3.9876614e-16
585,581,582,7,2.1853614e-13,0.0,2.3888147e-28,2.9515505e-19,7.478588e-13,3.147263e-24,1.1384708e-12,0.99917257,3.8360325e-11,5.055801e-16,6.1878294e-11,6.091304e-07,7.881075e-08,8.716874e-14,1.961635e-08,3.89736e-40,0.00082617067,6.3776247e-13,2.0463986e-19
586,582,583,6,6.495106e-13,0.0,9.20003e-17,5.1367323e-08,1.8779467e-10,4.8836145e-27,0.8113089,0.089789614,0.00063224486,9.56942e-28,1.3375082e-10,1.1174725e-06,0.027069999,4.277319e-09,0.00012491312,0.0,0.0708411,0.00023252158,3.0031064e-08
587,583,576,17,2.6338418e-10,0.0,2.3026478e-32,4.7209337e-06,1.02624035e-07,9.638798e-23,0.041162662,9.287003e-13,2.1541057e-08,4.40672e-39,1.25325905e-05,2.986578e-14,0.0003152053,6.7220674e-07,2.4550402e-09,2.217654e-33,1.2569594e-06,0.9585042,9.227415e-16
588,576,561,17,7.332237e-12,0.0,1.8933984e-32,1.2729107e-15,6.50021e-06,2.42378e-40,0.0030910883,1.3458299e-18,1.8720118e-16,2.07e-43,2.4918766e-08,1.19603144e-14,2.826601e-13,6.309139e-07,1.2932809e-09,0.0,1.5992892e-14,0.9969035,3.2685178e-17
589,584,1397,6,1.37535155e-17,0.0,7.138761e-35,7.4432833e-09,1.2045792e-08,9.971107e-35,0.97559863,1.0930377e-11,3.834286e-14,5.3e-44,0.0010224443,2.29394e-11,2.8004126e-06,3.0480737e-07,2.6891933e-10,0.0,4.531844e-12,0.023374643,2.4496838e-13
590,585,599,12,2.461963e-15,0.0,2.19696e-31,1.2525183e-05,7.856018e-14,1.9801601e-38,1.0407535e-05,2.8958057e-14,2.82837e-13,1.6874938e-27,1.3506527e-05,2.8040816e-12,0.9999161,3.562651e-13,1.1800722e-10,0.0,1.1845357e-05,3.668431e-05,1.004763e-18
591,586,667,0,0.997965,0.0,1.531111e-25,1.9800896e-18,6.86729e-07,3.8243577e-34,3.5016815e-06,2.9626141e-13,0.00044079754,1.593e-42,0.0013898282,1.4264176e-10,3.8613493e-08,1.6195479e-08,2.0645666e-11,0.0,3.9576174e-05,0.00016175013,1.2730122e-16
592,587,565,5,2.2220447e-22,0.0,6.4544315e-34,8.82113e-24,1.10980655e-10,1.0,1.4207506e-14,1.0052854e-16,6.558723e-20,5.7631145e-34,9.983678e-10,4.7331506e-17,1.4281962e-20,3.1101595e-15,1.8533545e-14,0.0,5.4255025e-19,4.93446e-18,5.2088068e-18
593,586,588,10,2.0237105e-16,0.0,8.199218e-29,7.188853e-20,1.9825626e-09,9.450998e-15,1.4455308e-08,3.984601e-18,1.8352903e-11,2.2087647e-25,1.0,6.864115e-16,1.962604e-12,7.28008e-15,2.659198e-13,0.0,4.1820832e-14,6.373958e-11,2.281072e-16
594,588,589,10,1.2378134e-19,0.0,1.2640102e-26,4.40595e-15,1.13558926e-07,2.2042127e-16,1.6435386e-10,6.888589e-16,1.3395261e-16,1.2315151e-06,1.0,2.9672206e-11,2.5642738e-11,3.1449973e-15,7.245715e-10,5.1120068e-37,4.376788e-14,1.4947238e-11,2.8341548e-16
595,589,590,9,1.453209e-25,0.0,5.9603826e-35,9.525206e-13,2.3796568e-12,8.064012e-35,3.9151234e-12,1.7082902e-13,1.4340448e-25,1.0,2.4853092e-14,3.4695545e-15,1.2626752e-11,5.0487445e-17,2.5901237e-08,1.378293e-24,1.9518691e-18,3.7370712e-15,9.401294e-25
596,590,591,9,2.4989319e-22,0.0,3.1390089e-27,1.8010571e-10,6.869042e-08,8.374844e-38,3.4176071e-12,3.4192215e-06,1.2667406e-21,0.99992746,1.5196132e-10,5.8991718e-05,1.1953959e-09,1.4801852e-13,1.0444922e-05,6.5155215e-23,6.328542e-15,2.6736199e-14,6.246794e-17
597,591,592,11,2.9212865e-25,4.2473e-41,1.8929199e-19,1.38822235e-11,4.7474663e-12,3e-45,1.3485498e-16,6.1327254e-10,7.0586377e-19,5.1282573e-22,7.478136e-12,1.0,4.5796648e-07,1.8640687e-21,5.6112263e-08,8.296528e-30,9.0765374e-14,1.7251619e-18,2.8588063e-14
598,592,593,11,4.999692e-20,0.0,2.4505207e-24,1.8994936e-13,1.957756e-07,0.0,1.8714626e-08,2.0122136e-05,9.277291e-15,3.3542425e-19,2.4744623e-11,0.9783229,1.2432901e-09,1.3376381e-14,0.02165796,1.955202e-39,3.7294272e-13,5.9993516e-10,3.7473806e-21
599,593,594,13,6.568876e-16,0.0,1.9689084e-29,2.493381e-14,0.37133232,1.9941311e-15,0.00040535582,3.3403522e-10,2.0046653e-14,5.581463e-32,0.19298449,9.0735786e-10,5.5551588e-12,0.43474302,3.9493784e-07,0.0,3.653154e-12,0.0005354505,1.9424164e-15
600,594,602,13,5.643673e-12,0.0,4.8874736e-34,6.178688e-15,0.16274436,2.8320616e-21,0.031437706,3.84587e-08,2.8618676e-17,5.583497e-28,0.0022980485,3.9126082e-08,2.4820304e-07,0.80320084,9.231973e-05,0.0,7.804902e-08,0.00022532552,2.814166e-19
601,595,596,3,6.352524e-26,0.0,2.8495918e-31,1.0,1.3029529e-15,2.1305831e-33,2.1725229e-10,8.5833284e-16,5.878049e-15,5.7918934e-28,4.536645e-08,7.020764e-14,4.81483e-08,4.1378208e-16,1.07725134e-16,1.0768584e-21,1.745362e-13,6.453842e-11,1.3292118e-11
602,596,606,3,2.7919925e-24,1.404e-42,2.7940103e-36,1.0,1.5734489e-15,1.4729e-41,1.9924613e-12,5.1506058e-15,1.07233714e-13,6.815663e-16,5.3750976e-10,1.2409063e-10,9.038716e-11,2.1675246e-16,3.4984893e-14,4.3191117e-17,3.414971e-14,1.3131189e-12,2.961518e-13
603,597,598,17,0.001062278,0.0,2.6168992e-23,2.514428e-10,6.711233e-06,6.8791145e-37,8.1143474e-11,3.407979e-16,6.1999e-12,8.250047e-36,0.00025360522,1.2188818e-06,1.1052938e-11,0.0001354425,6.883416e-08,0.0,1.7442026e-07,0.9985401,3.3480567e-18
604,598,609,10,3.0640367e-05,0.0,6.918224e-21,3.447641e-07,1.7959545e-08,4.970954e-36,7.6711004e-08,8.030914e-14,2.9014413e-09,1.4632004e-31,0.7198005,4.2424155e-08,2.4318427e-07,0.00079481764,7.293794e-12,0.0,3.7767884e-05,0.27933675,2.8598577e-11
605,590,616,9,4.229146e-25,0.0,1.3143749e-30,7.0683293e-14,3.190414e-11,1.3873373e-35,3.8939349e-16,4.3871084e-11,4.9250046e-24,1.0,5.4516385e-13,9.062228e-11,2.8367985e-13,6.991592e-18,4.5119944e-10,3.93097e-20,4.448148e-17,9.543476e-18,3.255509e-20
606,599,600,17,3.5675055e-06,0.0,4.8926308e-23,0.00040353683,3.7030568e-07,4e-45,1.4746207e-08,5.6316327e-11,4.3698686e-12,5.9098996e-33,0.0014137141,0.018640298,0.029704504,1.1094786e-06,0.0088106645,0.0,2.2796135e-06,0.9410199,1.2765676e-15
607,600,601,11,4.744921e-09,3.9676936e-38,1.1298037e-22,9.337372e-06,5.5799926e-10,1.4266911e-38,2.0038491e-12,2.2335044e-11,4.12287e-08,7.014043e-37,1.5970461e-06,0.99993134,2.3082616e-07,3.7148205e-11,5.5494485e-09,1.081075e-39,2.3679765e-11,5.8423564e-05,3.2830195e-13
608,601,597,17,3.134328e-06,0.0,3.863622e-21,0.00064776174,6.841668e-06,9.324e-42,1.4612876e-08,1.4735821e-13,1.7498827e-05,4.315281e-29,4.149381e-06,0.24705608,3.002252e-05,6.9657546e-07,0.005763535,0.0,4.9039612e-05,0.7464212,7.865969e-15
609,602,603,11,1.3684792e-18,0.0,9.16547e-29,1.705411e-07,1.15855355e-05,8.4075103e-19,1.4087377e-06,0.0043511586,7.484162e-18,1.9612454e-16,1.886892e-05,0.99535686,5.533639e-08,3.808174e-09,0.00025929368,3.0637872e-15,1.6305131e-09,2.2983998e-10,5.837635e-12
610,603,604,11,1.969232e-21,4.052509e-18,6.3496063e-22,9.8015684e-09,4.783789e-12,1.3364303e-35,6.9937166e-13,3.6256986e-09,2.0983048e-17,1.7038793e-26,1.0975597e-09,0.9999923,8.722232e-06,3.6724424e-16,2.1792472e-09,4.7926836e-27,1.8028729e-09,4.4617674e-14,2.874605e-16
611,604,605,1,1.7618382e-28,1.0,7.1964136e-31,4.6283776e-17,1.2522132e-19,3e-44,3.4624273e-23,2.6376664e-22,9.381987e-24,2.248467e-39,3.6369337e-16,1.7765739e-10,2.8271331e-18,7.666006e-24,2.848664e-19,1.58996e-40,1.7694082e-21,4.1129795e-20,3.296041e-23
612,605,606,1,1.1162061e-38,1.0,1.0792753e-38,2.8635481e-18,6.578384e-30,0.0,3.1299067e-29,8.6271274e-29,7.738703e-30,2.351883e-39,9.896088e-25,8.246252e-18,9.702095e-24,1.0935813e-31,7.0430095e-27,2.28e-43,1.8018222e-30,2.6357473e-28,9.964612e-26
613,606,607,1,3.209951e-38,1.0,1.61354e-40,3.081928e-18,1.0700243e-28,0.0,1.1611105e-28,5.6359254e-28,2.2545247e-29,5.6365013e-37,2.0732591e-23,3.5796042e-17,4.47103e-24,1.2690121e-31,2.1439944e-26,7.301e-42,2.4403834e-29,1.7909567e-27,5.575056e-25
614,607,608,1,1.423021e-39,1.0,1.41044e-39,7.8208335e-19,1.1534367e-30,0.0,9.292339e-31,2.1046994e-27,2.4610871e-32,1.22275645e-36,3.8089276e-25,5.0801355e-18,1.0312626e-24,3.4622526e-32,1.9926069e-26,1.5073016e-36,1.2595307e-31,1.17437994e-29,4.75497e-27
615,608,609,3,2.5733248e-21,0.0,2.9716412e-24,0.9999695,2.010101e-15,6.686e-42,6.793094e-12,5.2704655e-19,1.5398278e-16,1.0248599e-36,9.7910345e-08,2.1225898e-13,3.1433457e-05,4.935804e-15,1.0195493e-13,9.1086376e-33,5.0860848e-12,2.3047561e-10,5.3661507e-15
616,595,597,3,4.630203e-22,0.0,1.0261551e-28,0.9999923,4.0858318e-20,2.2e-44,2.896723e-14,1.3041705e-16,2.7749634e-15,1.4032438e-31,3.2103102e-13,1.3806446e-10,6.395773e-06,2.3946748e-18,1.6914574e-12,2.8698825e-31,7.0385507e-12,1.1794532e-14,1.417889e-18
617,609,610,10,2.2336834e-11,0.0,3.4336558e-26,1.0551366e-05,1.9426742e-09,3.200358e-35,7.944948e-08,7.5287914e-14,6.0001206e-13,7.209908e-30,0.99647003,1.6981748e-12,1.8405182e-06,1.4267205e-05,1.4184992e-12,3.9046223e-35,1.5734681e-06,0.003502515,3.7923753e-15
618,610,611,10,2.3911163e-17,0.0,2.1988208e-24,5.423307e-12,2.8019301e-06,4.3830213e-21,9.462824e-09,5.7474844e-11,3.007164e-16,4.513978e-39,0.92292446,6.4645568e-12,9.496667e-10,0.07706349,1.8762991e-11,6.438609e-37,9.56552e-12,9.824305e-06,1.8707654e-13
619,611,626,10,4.284801e-23,0.0,3.7790085e-27,2.9201357e-12,1.2393517e-07,3.419e-42,2.5438233e-11,2.2035664e-15,4.965615e-19,3.691837e-33,0.99996567,4.1387356e-09,3.389096e-05,2.8680663e-16,7.371053e-11,2.7216138e-29,1.4837078e-12,2.8228017e-10,2.7908724e-18
620,602,629,12,1.5469866e-17,0.0,8.55673e-28,2.6740897e-06,1.9560606e-08,5.8200204e-36,3.2314194e-05,4.8718625e-09,5.4097394e-17,7.1113566e-22,3.048049e-08,2.9616882e-05,0.9818411,1.7914323e-15,0.018093487,4.079237e-31,2.5533648e-08,7.335577e-09,1.2628778e-18
621,606,633,1,4.3589891e-38,1.0,4.093142e-38,3.6701723e-17,4.0001893e-29,0.0,2.8067877e-28,3.1097136e-27,1.5294267e-29,4.1000223e-36,9.389506e-24,3.6064274e-17,1.2303163e-23,1.9956379e-30,1.610403e-26,3.076e-42,9.8160564e-30,4.0352442e-27,2.8681202e-24
622,609,636,3,7.874864e-13,0.0,7.329775e-27,0.99997705,8.4457615e-12,4.536e-42,2.0891534e-08,4.9358936e-17,1.375831e-14,1.490176e-32,5.684744e-06,4.833781e-10,1.6721528e-05,4.0298887e-13,4.299811e-10,6.5163e-40,1.5927074e-07,2.5700459e-08,9.9454036e-17
623,595,612,3,2.5632261e-27,0.0,1.3749993e-33,1.0,1.7017296e-18,6.466418e-39,3.140377e-14,2.7034485e-18,1.929187e-19,4.2799685e-29,2.9201969e-12,2.2089444e-15,5.2868336e-09,6.2222406e-20,6.8560786e-17,2.3792775e-18,2.6229063e-15,1.6651971e-14,3.402846e-17
624,612,613,3,6.324721e-25,4.8638813e-15,3.248634e-29,0.99112463,6.362919e-14,2.75345e-39,7.741087e-17,1.2468422e-10,1.2351131e-15,1.8625082e-25,4.167186e-10,9.5056286e-08,1.0733051e-09,1.5253908e-19,1.5397773e-13,0.00887418,4.5802925e-15,3.2219742e-15,7.8984545e-12
625,613,614,15,3.747622e-22,3.4149212e-05,2.1042248e-28,0.024147103,3.5958042e-12,8.101683e-37,6.967769e-16,4.136512e-08,8.677116e-17,6.041095e-20,3.2036024e-08,4.6734167e-05,1.9438586e-11,2.9613794e-15,2.6123768e-11,0.97577363,1.2012932e-16,1.5370485e-13,4.406968e-11
626,614,615,15,1.3677816e-23,4.2476863e-27,3.333556e-32,2.9874673e-06,7.556982e-16,1.3798e-40,8.757382e-19,6.0063525e-12,3.6257733e-21,1.6016294e-19,1.3176299e-12,2.2356793e-10,4.576448e-16,2.4168022e-17,5.3914738e-14,0.9999962,2.4215036e-21,1.5066215e-16,9.474457e-16
627,615,616,15,8.272977e-24,2.1372375e-37,5.288796e-33,0.0014103423,4.3585957e-13,1.42464e-40,1.2124535e-15,1.4865462e-12,3.680012e-18,9.837869e-16,4.556894e-12,3.400424e-07,3.0393164e-09,6.6335315e-19,6.801687e-09,0.9985896,6.486019e-13,6.710949e-14,2.9246418e-18
628,616,585,12,9.501511e-20,0.0,5.761507e-35,1.2128158e-05,1.4779847e-13,4.6837145e-35,3.0305435e-07,3.6840038e-09,1.00279875e-10,4.3033335e-20,1.0068356e-09,7.644743e-10,0.99998474,3.9069115e-15,1.16105205e-07,6.5599116e-31,4.2051047e-06,8.401495e-09,2.5158725e-21
629,617,620,7,1.823753e-27,0.0,8.903961e-31,1.4397642e-07,4.8190653e-12,4.0023339e-25,2.5854163e-07,0.7597506,5.8826374e-11,2.4547102e-18,3.8434167e-10,9.58223e-08,0.24022715,2.7952692e-13,2.1451791e-05,5.2464894e-36,2.6301997e-08,1.2691787e-13,7.024987e-17
630,584,618,12,2.219952e-22,0.0,4.6288006e-25,0.00041122283,3.857087e-12,3.954629e-35,0.0015543265,8.46742e-09,8.880914e-19,1.21810345e-32,6.050828e-05,1.833271e-08,0.99797267,1.577678e-10,1.0021316e-06,7.694684e-33,7.3673184e-10,3.6731682e-10,1.2429597e-14
631,618,619,12,1.9852547e-26,0.0,5.362108e-27,3.034789e-07,2.5690258e-16,3.634172e-39,1.1922627e-09,1.7134242e-08,1.1755756e-16,1.930637e-27,7.1371568e-12,3.099626e-10,1.0,1.0296221e-19,1.2848532e-08,4.4041833e-31,1.3006384e-08,1.3989153e-15,1.8830971e-18
632,619,620,12,7.473168e-21,0.0,3.9753385e-26,0.00076853216,1.5545958e-15,1e-45,7.0032353e-09,3.6969047e-06,1.0987344e-06,3.9926893e-21,2.4905505e-12,2.8138516e-06,0.99921066,2.0530726e-15,1.3566684e-05,6.4378527e-28,1.5212859e-07,4.605896e-13,1.1065108e-15
633,620,621,8,1.27860055e-14,0.0,8.202768e-33,3.9029127e-11,2.796992e-09,1e-45,1.4211926e-10,0.00013574147,0.99404013,7.7840696e-28,4.636435e-10,0.0058243154,4.8090296e-08,3.3463605e-17,5.246247e-07,7.5153147e-34,6.842578e-07,8.5082447e-10,7.7472313e-17
634,621,622,12,2.4868229e-17,0.0,2.7408824e-26,0.0004716204,2.2667173e-15,0.0,3.374478e-06,1.0066533e-05,0.004594372,2.0221175e-34,3.5310754e-11,0.00011414674,0.9783305,4.5794294e-18,2.9796212e-09,8.3986546e-36,0.01647594,3.050432e-09,1.9038599e-14
635,622,660,12,2.2191567e-14,0.0,1.0203147e-30,1.7784829e-06,2.9313591e-15,0.0,0.00012880309,1.3277762e-13,2.1080957e-07,5.5882872e-37,1.0333073e-07,4.334605e-12,0.58758944,8.788938e-12,2.9899534e-13,0.0,0.4122774,3.7808636e-07,2.2612395e-17
636,623,624,13,8.987087e-16,0.0,1.478251e-26,2.4972512e-17,1.3647448e-13,3.942359e-32,1.1967173e-12,9.766969e-09,1.17505e-18,4.1848e-41,1.4850988e-07,8.726832e-12,4.0115316e-12,1.0,1.9983345e-15,0.0,1.372405e-11,9.056038e-12,1.4816107e-18
637,624,625,7,1.6671274e-20,0.0,1.1796336e-21,6.554193e-13,3.8789288e-10,1.05598735e-33,4.3173318e-10,0.56512445,1.0576919e-12,4.7066092e-33,0.00043175754,0.43441975,2.3313962e-05,8.3302276e-10,2.357309e-08,4.1113e-28,9.218949e-13,1.7657492e-11,9.470832e-11
638,625,617,7,1.8538887e-25,0.0,6.907654e-27,3.394117e-12,1.9138355e-14,5.07787e-25,5.5682944e-11,0.99876475,4.5539375e-13,4.4428384e-18,5.0911293e-13,1.1940306e-06,0.0012334774,3.0297885e-17,1.8192134e-07,8.0820484e-30,4.1679874e-07,3.3241206e-17,9.559987e-17
639,617,658,12,5.990611e-19,0.0,4.1953704e-25,1.5885811e-07,5.929012e-15,1.2572e-41,3.0809446e-08,0.1648865,4.4526775e-11,5.411913e-22,2.8524792e-05,8.162352e-09,0.8350788,4.661938e-10,6.4916414e-12,1.6514044e-28,6.7915084e-06,4.1407547e-10,1.4343436e-13
640,623,655,12,1.2988661e-19,0.0,1.2509674e-26,2.7922802e-09,2.596397e-07,7e-44,4.6498368e-05,2.8954524e-14,6.1301936e-12,0.0,4.3094756e-06,2.1199975e-08,0.99973303,2.4777602e-10,5.1541818e-08,0.0,2.3210005e-09,0.00021699867,2.768941e-19
641,626,639,4,5.8706813e-21,0.0,9.6121065e-30,1.7352548e-09,0.9997367,5.614441e-37,1.07067684e-07,2.3048166e-11,1.6561813e-19,2.0684104e-29,0.00019074678,1.0297434e-05,4.0445896e-09,4.589234e-13,6.1912244e-05,5.20637e-31,4.5582674e-12,6.0192296e-09,7.3955435e-22
642,627,642,12,8.144785e-15,0.0,2.3457128e-36,5.4842697e-10,6.191778e-09,1.5336518e-35,0.007513942,9.263674e-08,2.433021e-07,1.9227412e-29,1.3084478e-06,5.3766174e-09,0.9905086,3.050329e-08,4.4072596e-08,0.0,0.001902237,7.208817e-05,7.312996e-18
643,628,1398,12,1.0415977e-16,0.0,1.299964e-23,2.9613818e-06,1.1558999e-06,2.6359298e-27,5.038633e-06,1.121369e-10,5.3326035e-15,3.6175103e-29,0.0002076873,1.2936572e-07,0.71321607,1.1416756e-13,0.2865682,1.1069788e-31,1.1068717e-11,1.5596441e-08,2.9958484e-18
644,629,630,11,5.873958e-19,0.0,4.264627e-24,4.7995746e-15,2.8768261e-05,2.0574322e-22,3.7001158e-09,3.7372306e-06,1.2166957e-18,1.1156805e-19,3.3113533e-08,0.99996567,1.2107096e-10,3.5398635e-14,1.6860319e-06,3.701407e-28,2.0870892e-09,1.829327e-12,3.776285e-12
645,630,631,11,1.3577196e-20,7.7492873e-28,9.703069e-22,9.585323e-11,4.848587e-12,1.5439325e-32,1.3757222e-12,8.2866797e-10,1.1566868e-18,4.141317e-28,2.4658216e-11,1.0,3.877113e-08,1.2879296e-16,8.175596e-09,2.5416552e-30,3.6041125e-12,9.109346e-15,8.390826e-17
646,631,632,1,1.7842362e-31,1.0,3.3232347e-31,2.034126e-18,1.6567484e-21,0.0,1.1606391e-24,2.090404e-24,1.01514935e-26,6.5959e-41,6.756556e-18,3.8123107e-12,3.6663062e-19,4.580007e-25,1.12319996e-20,0.0,1.3853942e-23,6.339997e-22,3.4641032e-24
647,632,633,1,1.0216971e-38,1.0,1.4372304e-35,3.3293424e-21,2.2844866e-30,0.0,4.7092716e-31,7.5967025e-29,5.7601565e-31,6.1216e-41,2.7950162e-26,4.446432e-18,3.5644922e-25,3.6450848e-32,8.730889e-28,0.0,3.870357e-32,4.632109e-30,4.034277e-26
648,633,634,1,7.198e-40,1.0,4.980038e-39,5.212034e-23,1.4768446e-30,0.0,1.3525316e-32,9.492515e-30,2.2694576e-32,8.4284e-41,2.6235622e-26,3.2374913e-19,7.2076883e-28,1.4265805e-33,2.3483267e-29,0.0,3.9831876e-33,1.5094121e-30,5.5675272e-27
649,634,635,1,1.395733e-39,1.0,1.05102e-40,1.5473745e-19,3.753045e-29,0.0,1.4973393e-31,6.5054957e-28,2.684254e-32,1.6669659e-38,2.097529e-24,2.8902268e-18,9.8673224e-26,1.0629397e-31,1.463729e-26,1.04515085e-33,2.8111764e-31,3.2418748e-29,2.4544554e-27
650,635,636,3,4.8399482e-23,1.3846402e-21,2.0472623e-22,0.99961483,1.5705257e-11,1.7236247e-38,7.446356e-15,3.5486572e-11,5.6472034e-20,1.080396e-15,1.0818949e-12,0.00038604732,1.20254064e-08,1.1279198e-18,5.646293e-07,6.3773975e-08,2.8461947e-14,4.6563228e-17,2.1283025e-16
651,636,637,3,2.318331e-14,0.0,2.0054152e-21,0.80183846,0.0025378051,8.3683747e-35,1.205697e-07,9.667377e-07,4.9742857e-16,2.736578e-11,4.0501963e-08,0.0362267,2.4241378e-06,2.2919785e-13,0.15451589,0.0048765065,7.066167e-08,1.6606544e-11,1.5950843e-15
652,637,638,15,2.2631238e-22,0.0,4.2856497e-31,2.6089253e-08,5.560851e-16,1.555596e-33,1.0237373e-16,6.108956e-10,6.276157e-22,4.3435248e-13,3.2061478e-14,6.4832423e-15,1.9993728e-14,4.9294983e-16,1.1129384e-12,1.0,8.2863935e-18,8.6457364e-15,1.1765883e-18
653,638,639,3,2.2116235e-17,0.0,4.7332006e-34,0.9991954,1.00263584e-07,9.992035e-30,0.00023669376,6.4587897e-12,6.0178337e-15,1.3058874e-32,8.010931e-07,2.1021066e-13,0.00026303055,9.381133e-08,1.2970081e-06,1.896579e-32,2.8660624e-10,0.00030407967,1.8498658e-21
654,639,640,13,2.4743562e-13,0.0,4.333232e-20,4.5156165e-15,7.752921e-06,6.7258537e-25,6.1466005e-07,7.1249904e-14,5.2241128e-17,8.523034e-38,0.00028631097,3.7260695e-14,4.1667544e-11,0.9995156,1.2139595e-12,0.0,2.4394167e-13,0.00018794861,7.3848816e-16
655,640,641,4,2.0752103e-11,0.0,5.263177e-25,8.193721e-05,0.43072677,9.689193e-23,0.0042041806,6.1407324e-10,4.910124e-11,9.94381e-32,0.013191002,1.4422789e-11,3.219418e-08,0.33916637,0.0029657953,3.2628e-32,6.4045394e-13,0.20966257,2.824612e-17
656,641,642,6,1.3001228e-15,0.0,2.1030984e-38,0.11190281,1.0559029e-10,5.5525444e-30,0.7454651,3.5384045e-07,3.809382e-08,3.65604e-27,4.871182e-06,7.6848583e-10,0.1422745,2.844708e-06,2.2386427e-08,1e-45,3.725589e-05,0.00031367593,1.4943902e-15
657,642,643,13,3.532746e-11,0.0,4.7289252e-33,1.0314031e-11,5.231946e-11,9.250029e-26,0.00022441536,5.12175e-06,1.7303615e-11,1.1720516e-31,5.0048607e-06,6.202244e-11,1.4840885e-10,0.9995271,3.283435e-12,0.0,2.5953137e-10,0.00023827096,8.4007996e-14
658,643,644,7,9.671371e-20,0.0,9.734178e-21,1.6841165e-06,3.2681538e-11,4.339165e-30,1.8071036e-13,0.99961483,2.5053332e-17,7.016968e-20,1.3751696e-07,0.00025534868,0.00012797148,2.3118246e-12,6.109968e-07,7.433786e-14,7.641252e-08,1.4096337e-16,1.2260544e-13
659,644,1398,14,1.20503685e-11,0.0,6.664415e-22,8.26914e-06,2.9437026e-11,4.841592e-38,3.41516e-10,4.110611e-05,2.8203742e-14,1.1349455e-12,8.823327e-07,0.0015787613,0.43291432,4.912349e-13,0.5654566,4.0337032e-13,3.0537486e-10,4.966788e-12,1.0738531e-18
660,617,645,7,3.3038573e-16,0.0,5.62774e-28,5.3132905e-16,2.2735684e-14,3.0369865e-24,1.1599784e-11,0.9999962,4.860068e-12,1.689092e-11,3.2169627e-08,7.4317597e-10,1.3066273e-06,2.4882658e-09,5.11703e-11,9.951607e-36,2.2001498e-06,5.7069055e-14,4.473654e-18
661,645,646,10,3.6391402e-16,0.0,3.3284244e-23,3.086372e-20,1.8610016e-11,6.6983606e-23,1.4683373e-11,1.548218e-05,4.8490286e-13,2.3719065e-21,0.99998474,9.497528e-12,1.3576908e-09,1.5448662e-06,2.8314263e-12,1.5e-44,3.03868e-08,7.784196e-11,2.0359465e-14
662,646,647,10,1.4225595e-25,0.0,5.1295776e-26,9.2265795e-14,3.1399074e-12,0.0,1.17759e-10,1.4137286e-13,8.348678e-18,1.5557688e-32,0.9999695,2.6736763e-10,2.9381024e-05,3.76842e-16,7.4375906e-13,0.0,3.1855615e-11,5.080866e-13,1.2244219e-15
663,647,648,10,5.1398045e-25,0.0,3.8960552e-26,1.8751318e-12,9.306669e-09,7.436207e-34,9.296805e-09,1.3685616e-12,2.7872377e-15,3.5252013e-22,0.9998397,8.28855e-09,0.00015969928,2.1436631e-15,1.885974e-09,0.0,1.289173e-09,1.1321576e-10,2.9795014e-13
664,648,649,10,3.7876543e-19,0.0,2.8179407e-31,3.7865305e-10,0.00027049327,6.7625345e-34,0.00024310949,2.8297408e-13,1.3461533e-18,8.115505e-23,0.9982126,1.1236722e-11,1.2978079e-09,1.1398321e-10,2.2384305e-07,0.0,6.5924733e-16,0.0012746777,2.829485e-18
665,649,1397,17,1.6057568e-14,0.0,7.8252405e-29,1.2232353e-09,2.2524167e-08,1.6323483e-32,0.001596153,1.24426725e-17,1.631321e-10,3.7463145e-33,0.1954777,6.2450674e-13,0.063260734,3.3449775e-12,7.328896e-08,1e-45,2.046476e-12,0.73966384,7.4384554e-17
666,626,650,4,4.663009e-16,0.0,1.8839568e-28,1.1976744e-15,0.99998474,3.2720664e-36,1.4041392e-07,7.223832e-17,7.269341e-22,9.024073e-34,1.4157573e-06,3.0268753e-11,1.6787671e-13,2.421144e-13,1.4362768e-05,1.0661004e-36,4.998291e-16,1.3903603e-08,6.502647e-27
667,650,651,14,1.3678276e-17,0.0,1.2589695e-22,1.1036444e-07,0.0003538491,2.6884414e-35,0.0007225863,2.619199e-06,2.2323522e-13,3.92533e-23,2.3231298e-06,4.8981074e-06,0.051319495,3.9432395e-13,0.9475361,1.4144532e-33,3.6497354e-08,5.9374623e-05,1.2861599e-12
668,651,627,6,3.4205807e-12,0.0,6.431568e-36,8.4203585e-17,0.00019732343,5.111985e-23,0.956094,4.8317625e-06,3.5211166e-14,3.928355e-31,2.959788e-07,3.3827422e-12,1.5135104e-09,0.04261016,5.0915555e-06,0.0,1.5978966e-09,0.0010869259,1.2958323e-19
669,627,652,13,1.754147e-12,0.0,4.7239485e-33,6.388708e-19,0.003783411,1.03600026e-20,0.00045040465,2.724823e-07,1.3217768e-14,8.0169884e-36,0.00011446767,1.25626115e-11,3.668654e-13,0.9948102,5.4700644e-09,0.0,8.528485e-11,0.0008397511,2.3674558e-16
670,652,653,17,2.0731116e-13,0.0,5.343207e-32,1.7006788e-10,0.0014946843,1.947358e-22,0.0018866562,1.5085122e-10,2.390255e-13,8.406842e-18,9.317024e-05,9.7860914e-11,6.029298e-08,0.0010792081,4.9882397e-06,3.7087832e-29,1.0353863e-08,0.9954404,1.3181967e-14
671,653,628,4,7.735516e-15,0.0,2.5551987e-29,5.2898264e-10,0.9861051,1.295639e-20,0.0034769292,5.3632604e-17,1.4812825e-11,3.582934e-19,4.250325e-06,2.1932318e-10,2.4433717e-08,1.4200619e-15,0.010177053,1.0517832e-31,1.5435538e-12,0.00023631845,4.0262367e-18
672,628,654,4,8.3936886e-14,0.0,9.007983e-25,1.7668591e-13,0.9998627,4.363958e-18,3.8320204e-06,4.3545646e-17,4.0685202e-13,2.3050252e-28,8.2460144e-07,7.659951e-10,6.945472e-10,1.6846667e-16,0.00013317693,2.161933e-32,6.901337e-11,2.1088437e-07,2.4232816e-18
673,654,655,4,4.006713e-20,0.0,3.954784e-33,2.147188e-17,1.0,1.815583e-27,1.0914739e-06,3.452881e-21,4.9301563e-16,5.634303e-39,3.9231466e-07,3.0979477e-10,2.117106e-14,3.7623337e-14,1.2285575e-08,0.0,9.4750454e-14,3.02763e-08,2.8479156e-18
674,655,656,4,3.8307694e-18,0.0,9.5502135e-33,8.799508e-19,1.0,2.270406e-28,1.6685183e-08,9.116116e-17,3.639333e-17,4.0852708e-35,5.8563828e-08,1.1039355e-06,2.842588e-17,3.636303e-12,7.1580025e-08,0.0,4.634321e-14,6.268139e-08,1.6697276e-16
675,656,657,11,1.9100672e-19,6.5169e-40,5.625057e-28,1.4987915e-08,6.5655423e-09,2.4710753e-34,2.3026121e-10,1.4861905e-10,3.5708012e-13,2.1467764e-19,5.316721e-07,0.99997705,1.6543492e-05,1.2047483e-17,6.896775e-06,8.445469e-20,1.4692905e-10,4.171687e-10,2.482556e-18
676,657,658,12,4.9193442e-20,0.0,1.8643973e-27,0.00011445762,2.2976444e-11,1.6834272e-38,2.9451336e-08,0.40209305,8.722577e-11,9.365859e-24,9.792993e-05,1.2823382e-05,0.5976788,5.378417e-11,2.2650126e-09,1.34396815e-17,1.0018908e-06,4.7168576e-09,3.610974e-15
677,658,659,10,4.3885868e-16,0.0,2.3259899e-32,6.8299165e-11,4.0043933e-11,2.576444e-32,5.4972014e-07,1.7597498e-05,8.864883e-09,1.00304207e-28,0.99953467,5.49245e-12,5.705818e-06,5.6741064e-06,7.1008134e-14,3.901432e-37,2.0792619e-09,0.00043603452,2.9576116e-13
678,659,665,10,5.6055487e-11,0.0,3.734455e-34,1.0872693e-12,5.080539e-12,1e-45,2.238356e-05,5.2737655e-11,8.264491e-09,5.184868e-30,0.92687964,1.1197893e-14,0.07301264,5.033652e-08,2.537658e-12,0.0,8.404589e-05,1.0707346e-06,8.199031e-21
679,660,623,12,2.2487956e-14,0.0,2.6387443e-29,8.156442e-08,1.8515617e-12,1.549727e-39,6.311815e-06,3.213004e-14,3.5256582e-07,6.6e-44,0.00019375356,9.236515e-13,0.9996872,2.2922652e-07,3.7034286e-12,0.0,0.00011184461,8.971603e-09,1.7851186e-19
680,623,661,12,4.131701e-16,0.0,2.6581977e-25,1.5465754e-07,1.1318645e-09,2.1537909e-33,6.2035884e-05,1.5031665e-07,1.3418644e-07,5.24688e-40,0.0033341518,1.9595332e-08,0.9950456,0.0014605501,1.566387e-09,0.0,9.9112636e-05,1.8701687e-10,1.2263425e-16
681,661,627,6,1.9894395e-11,0.0,5.2082765e-31,1.7201168e-16,0.00014639072,1.785445e-27,0.8943039,2.1470926e-07,1.6265408e-12,8.007434e-33,2.0241996e-06,4.8393845e-12,7.291587e-07,0.103003226,8.254548e-06,0.0,9.8005636e-08,0.0025355988,5.572188e-17
682,660,662,13,7.5498345e-09,0.0,1.0528121e-36,1.2053507e-09,3.1597707e-11,1.891901e-35,7.2758405e-05,1.1693032e-12,1.07574345e-10,2.1422395e-31,0.0047888863,5.988479e-14,3.0171543e-05,0.9863233,2.2004799e-11,3e-45,0.00850276,0.00028386404,1.2774273e-19
683,662,626,4,2.2044746e-15,0.0,1.14656305e-29,1.624066e-13,0.99992365,5.896647e-37,2.075113e-06,1.4865439e-15,9.8201894e-20,6.242595e-34,6.306087e-06,7.7010835e-11,1.35186515e-11,1.2172472e-12,6.9325986e-05,7.410688e-35,2.1519062e-14,2.965348e-07,1.4934642e-26
684,663,664,0,0.9999886,0.0,6.7491384e-25,1.3129083e-20,2.6583674e-12,2.19e-43,6.461022e-15,4.1662926e-19,1.1907093e-15,2.7047146e-35,2.1719843e-10,3.0101972e-14,2.7015042e-15,1.782257e-08,1.7592844e-15,0.0,1.2504439e-09,1.23200425e-05,1.0573885e-21
685,664,555,13,0.029631622,0.0,7.325111e-26,6.9446155e-20,2.9087085e-11,0.0,1.4260334e-07,4.416018e-20,2.0882022e-11,1.2265924e-28,1.9338628e-07,1.8642875e-15,1.8255306e-09,0.9698399,7.642843e-11,0.0,5.4110906e-06,0.00052122236,3.0485913e-18
686,648,663,17,0.003889982,0.0,4.4850113e-28,2.4285825e-12,7.406194e-05,3.3323176e-35,7.998568e-06,8.201313e-14,6.3333414e-17,2.6423487e-15,0.0065106926,2.0170797e-11,1.4547857e-08,3.2800537e-05,9.422464e-05,0.0,1.2124499e-06,0.9893908,2.0747974e-20
687,663,665,0,1.0,0.0,4.2277503e-29,1.4183468e-21,1.9953364e-12,4.8e-44,1.6067924e-14,1.357207e-20,1.2145969e-15,1.6037138e-27,1.1724041e-10,2.6880891e-15,1.2933319e-14,1.8768062e-12,1.152145e-13,0.0,2.9318377e-09,1.0162441e-07,5.633806e-25
688,665,666,0,0.9999695,0.0,4.1617795e-35,8.989071e-17,1.0498349e-09,6.985e-42,5.3832755e-06,1.4771804e-18,2.519897e-06,8.388855e-29,8.8274625e-08,2.541036e-14,1.841862e-11,9.0607116e-10,3.5308774e-09,0.0,2.0430647e-07,2.0625577e-05,3.676272e-22
689,666,555,0,0.9845339,0.0,2.447282e-29,6.5783704e-19,8.900884e-13,0.0,1.2612522e-08,4.607373e-20,2.4952498e-11,1.385412e-35,8.390893e-09,3.4381596e-14,5.271852e-12,0.015350999,2.2309316e-12,0.0,6.308105e-07,0.000115989846,8.075271e-22
690,570,573,13,2.0604078e-08,0.0,2.1946649e-31,9.3390105e-21,2.2537308e-09,5.1684866e-19,7.668986e-10,1.0218923e-15,4.122599e-17,3.71266e-40,5.363597e-06,2.9304424e-15,3.9419443e-14,0.9999962,1.8258064e-12,0.0,1.6657684e-11,5.4000942e-08,6.357313e-22
691,667,587,0,0.99875337,0.0,3.2631583e-26,2.9862639e-18,3.9042034e-06,2.0064007e-30,0.0011966132,2.121843e-15,4.7932582e-09,5.145512e-33,2.8560681e-08,9.573488e-10,1.037083e-06,5.2305975e-08,2.8129945e-05,0.0,1.3882311e-06,1.377581e-05,1.4082074e-19
692,587,668,0,0.9589066,0.0,1.8142385e-21,1.5561021e-16,0.0014035475,4.3158446e-20,0.02737854,7.946837e-13,1.8376252e-09,1.3520363e-32,0.00012892303,4.7071538e-08,1.6480379e-05,0.0011708305,0.00074779376,0.0,4.33701e-09,0.010247487,5.4747636e-16
693,668,573,13,1.80198e-08,0.0,3.4145448e-27,7.619059e-19,6.608575e-05,4.077023e-11,1.1268602e-06,2.9167258e-14,5.6234666e-14,7e-45,0.0151547445,1.7894806e-13,1.5220547e-11,0.9847669,1.397724e-10,0.0,6.071616e-12,1.2566964e-05,9.123692e-19
694,667,570,0,0.9976796,0.0,1.6819104e-33,6.569715e-20,4.258732e-06,8.510391e-39,0.00030761713,2.8115321e-15,4.0262688e-10,6.5851136e-37,1.013666e-06,1.0584345e-12,1.1135676e-11,0.0018232744,2.3844038e-09,0.0,3.8141383e-07,0.00018454906,2.8699206e-20
695,564,668,5,9.494241e-25,0.0,4.8599735e-35,2.0948115e-23,2.699672e-14,1.0,3.3393884e-15,4.0807252e-19,4.6101986e-22,2.6284198e-34,1.716457e-11,7.6845224e-21,6.1643793e-21,1.1116336e-16,1.728186e-17,0.0,6.2129367e-22,4.682734e-19,1.2082534e-20
696,543,669,8,1.3270008e-14,0.0,7.4855003e-34,2.8428805e-17,1.860302e-15,6.872055e-38,8.4089095e-07,3.860336e-14,0.9999962,0.0,3.1723088e-10,1.3010124e-13,3.266049e-10,7.92803e-14,1.3534522e-14,0.0,2.9755614e-12,1.4387984e-06,3.0964123e-17
697,669,196,8,9.549828e-15,0.0,1.7580968e-30,6.391671e-15,2.7204753e-19,0.0,1.3932319e-09,4.1158486e-14,1.0,6.153026e-38,3.0243787e-13,5.5226324e-15,3.857093e-09,1.324997e-15,3.3456473e-16,0.0,1.1156606e-09,4.774382e-12,2.3621402e-18
698,196,73,6,1.1193626e-21,0.0,7.611059e-37,1.5945208e-12,3.4136347e-11,6.7024294e-29,0.9721363,5.7653074e-06,3.5517135e-06,7.377632e-27,2.1066304e-09,1.2405045e-09,0.027772162,3.13714e-13,1.2945741e-09,0.0,8.054144e-05,8.147117e-07,5.954381e-13
699,522,220,6,7.345217e-22,0.0,9.851762e-39,2.2817544e-13,4.6808606e-11,3.9627587e-25,0.9971963,5.2311043e-05,0.0022673712,1.1391111e-24,2.473106e-09,7.4762035e-10,0.0004591514,1.2368543e-13,3.3447787e-09,0.0,2.3544997e-05,4.3994515e-07,4.5320813e-14
700,220,118,8,6.443317e-10,0.0,1.405396e-33,2.570338e-17,2.6667306e-09,5.981997e-28,0.00029540848,9.1092125e-14,0.9989705,4.173644e-33,1.7438501e-07,3.4661404e-08,7.733079e-12,6.1755836e-13,3.3709056e-11,0.0,1.354299e-07,0.00073370506,1.4983172e-15
701,118,670,8,6.909601e-13,0.0,1.2398476e-23,1.1653533e-12,6.0849076e-10,2.5075774e-34,2.973183e-09,1.2154979e-12,0.99213845,1.515723e-32,1.4852186e-06,1.9662949e-08,0.0005150399,4.923496e-19,3.5873975e-09,0.0,0.0073436624,9.9557745e-08,6.7460774e-17
702,670,671,8,3.0395865e-14,0.0,1.6962808e-31,6.383338e-15,1.8952811e-13,3.0738426e-38,9.647889e-07,4.086312e-14,1.0,1.810557e-39,3.0083894e-10,2.4781307e-16,4.0268716e-08,2.239351e-16,9.696009e-13,0.0,3.492741e-07,1.8210741e-07,5.345036e-19
703,671,130,0,0.99915725,0.0,1.606442e-30,2.6868227e-19,4.4602573e-12,2.65523e-39,1.6915336e-06,2.9515335e-15,1.372e-06,1.0527329e-34,1.1434168e-09,3.6931826e-14,7.3679816e-13,0.00019135606,1.2027085e-11,0.0,1.0418498e-05,0.0006378189,6.239592e-20
704,208,672,13,1.3133907e-14,0.0,6.719083e-25,1.6109478e-21,6.8314626e-16,2.7577116e-36,3.518644e-15,4.4961933e-11,6.4011217e-20,1.3472278e-32,2.2411118e-12,3.3603024e-14,1.820414e-15,1.0,2.6542458e-14,0.0,8.8185714e-13,3.5697373e-10,2.9065224e-19
705,672,673,16,1.6811282e-10,0.0,9.738447e-29,1.2760441e-19,8.0141465e-13,2.4156e-41,1.2664572e-11,7.100007e-05,0.001069022,3.222012e-22,2.517395e-09,1.8740923e-07,5.253173e-08,3.3841008e-10,5.3739136e-08,1e-45,0.99886006,2.0387231e-12,5.832217e-15
706,673,220,8,6.918655e-11,0.0,1.05362215e-24,5.4626816e-17,1.1361072e-18,0.0,2.2999533e-09,2.8520825e-16,0.9994699,1.3408537e-26,2.6975616e-14,1.0853376e-13,9.2802615e-08,5.494137e-16,3.321353e-12,0.0,0.00053082785,2.9721809e-12,6.358268e-19
707,522,674,7,9.8138375e-17,0.0,2.4563146e-31,6.2210523e-13,8.938055e-17,3.8663984e-34,5.846753e-11,0.9999962,3.7907216e-10,1.1953984e-20,3.6048428e-11,1.3781195e-09,3.96927e-07,1.2837475e-13,5.5652707e-14,6.6003816e-29,2.7973697e-06,9.098897e-14,2.1533833e-15
708,674,675,7,1.100883e-20,0.0,1.8037005e-29,5.0330393e-15,4.2777748e-17,2.0663326e-25,1.4386321e-16,1.0,5.00333e-15,5.8306956e-18,5.7539904e-14,1.7536946e-09,1.2908405e-10,8.899652e-15,2.1015556e-11,4.344256e-27,5.893399e-10,9.94517e-18,1.6245452e-18
709,675,676,7,1.3345233e-15,0.0,4.241987e-27,1.2627329e-11,1.5280586e-11,1.2179944e-28,5.0845717e-12,0.99648523,3.7304316e-16,1.0122586e-15,1.1041144e-10,2.1422259e-06,1.3946257e-08,3.5867835e-08,0.0035141718,5.4833495e-25,1.0359847e-12,2.2137101e-08,1.1086523e-16
710,676,304,17,3.3607062e-14,0.0,5.073899e-33,4.8036747e-16,2.680933e-06,5.084445e-31,6.643742e-10,3.423787e-15,6.3366693e-19,2.1589495e-32,1.2316963e-09,6.953767e-11,4.2124828e-17,6.072485e-08,2.4087504e-08,0.0,7.247265e-17,0.9999962,1.5719159e-19
711,208,676,13,3.6045264e-11,0.0,2.740488e-24,5.4327202e-15,3.8017176e-15,7.27e-43,2.0715385e-13,1.7766397e-12,1.680502e-15,2.9274812e-30,1.7768312e-10,8.2687633e-13,6.829484e-08,1.0,1.7014307e-11,0.0,7.9395805e-09,1.17466655e-07,6.568136e-20
712,85,677,13,6.5924073e-13,0.0,1.8288415e-24,2.9288822e-12,3.4008713e-11,2.609148e-35,2.7093884e-08,4.853477e-10,1.391999e-17,1.4003246e-38,2.2127846e-05,1.298067e-14,7.079407e-10,0.9852027,3.141143e-11,0.0,8.695927e-12,0.0147758685,9.916005e-10
713,677,678,13,2.4704188e-09,0.0,7.562288e-16,1.8722313e-18,1.0128149e-15,2.3447134e-34,2.1267872e-14,2.6534957e-11,4.1800815e-18,2.6907127e-32,3.1085914e-09,8.041393e-15,1.20222695e-11,1.0,2.4360784e-13,0.0,9.24703e-11,5.429863e-07,6.6807096e-13
714,678,280,17,6.7573654e-15,0.0,3.249735e-23,0.0003091523,1.2607003e-06,0.0,5.348291e-07,6.7477897e-13,2.5486225e-18,2.2092995e-29,0.0013957841,5.1939075e-10,0.00011820671,8.466691e-06,8.026326e-05,0.0,3.9267726e-13,0.99808687,8.935746e-15
715,454,679,5,2.1035006e-22,0.0,9.0535576e-33,3.312743e-23,5.8152945e-13,1.0,1.5104439e-14,1.2762948e-15,5.7485573e-19,4.73107e-34,6.3719125e-12,5.1004327e-16,3.5168165e-24,1.5984885e-16,1.8687137e-18,0.0,2.3889907e-18,5.106582e-17,2.6883597e-12
716,679,680,5,1.0833131e-24,0.0,1.0930655e-36,1.4684284e-24,1.5861776e-14,1.0,3.1693098e-17,6.3410534e-17,1.4643255e-20,3.3944094e-30,3.107059e-11,1.23102425e-17,4.370192e-24,5.8456167e-18,2.3665052e-18,0.0,5.2121866e-18,1.2053211e-20,1.6096918e-17
717,680,681,5,3.2893083e-23,0.0,1.8287198e-35,1.018142e-21,3.008788e-12,1.0,2.2956776e-15,1.8387044e-17,1.34325876e-20,5.5091314e-20,1.0287411e-07,3.698986e-17,2.6332458e-20,2.1498763e-17,1.4938436e-14,0.0,4.7881032e-17,2.5172682e-18,3.678915e-19
718,681,682,5,1.13287075e-17,0.0,5.2643617e-25,2.527856e-16,0.000334614,0.9792117,2.8714792e-10,3.2471967e-14,1.2977006e-14,2.1050175e-15,0.020450898,5.180274e-10,1.684875e-13,4.859168e-16,1.5167147e-06,4.549e-42,1.6848695e-12,2.4012686e-12,1.0641475e-11
719,682,683,10,2.0204115e-21,0.0,2.199499e-25,6.096466e-14,5.481088e-11,6.626728e-34,5.2204263e-10,2.2235026e-15,5.1649325e-14,4.5866238e-29,0.9999923,7.8125795e-10,5.7332873e-06,4.8499225e-18,1.2088024e-12,9.8e-43,3.957269e-13,1.9059554e-11,8.355607e-14
720,683,413,12,8.717671e-22,0.0,8.49284e-33,1.9194786e-08,2.4222158e-13,4.95767e-32,2.773337e-05,3.964688e-13,6.744811e-11,6.590656e-18,4.1675243e-08,8.568027e-14,0.99997336,3.4546309e-15,3.709134e-08,0.0,4.6587806e-07,2.4686503e-07,8.066694e-19
721,37,684,13,2.0611144e-09,0.0,7.1748985e-30,2.84301e-25,2.0590265e-14,1.3422887e-38,1.9016986e-12,1.8988957e-17,7.9565495e-19,2.327288e-30,2.5640614e-09,1.172991e-16,3.3201574e-15,1.0,4.1177954e-14,0.0,4.836529e-10,3.6449868e-10,1.6049566e-19
722,684,685,16,1.5568438e-09,0.0,3.0972645e-31,9.294018e-21,1.2529563e-15,0.0,2.0561058e-15,1.8282778e-15,1.453191e-12,4.826828e-35,1.2318695e-10,1.8270468e-12,3.4183276e-10,4.8489435e-10,1.1755077e-17,0.0,1.0,2.7998808e-12,2.5680714e-19
723,685,543,8,8.363963e-14,0.0,8.704406e-31,2.4038048e-14,1.8580795e-18,4e-45,2.1907113e-06,3.606887e-14,0.9999962,1.4e-43,1.3464046e-11,1.1406606e-14,5.8317295e-07,1.465621e-14,4.465358e-15,0.0,3.0137992e-10,1.3583036e-07,2.0172956e-18
724,238,686,13,8.347214e-10,0.0,6.7521154e-28,6.5258695e-23,6.7706643e-12,9.500515e-16,6.1927674e-10,8.6329294e-12,7.972703e-14,3.0314517e-33,1.3480621e-07,7.5400007e-14,1.1660563e-11,1.0,5.567506e-12,0.0,4.050596e-09,6.3060915e-12,6.922934e-18
725,686,687,16,1.6311441e-13,0.0,1.902403e-34,7.289555e-15,4.3904924e-10,9.317114e-31,2.4654456e-11,4.0276905e-06,3.3219597e-13,1.0365044e-31,1.2133369e-08,3.1249293e-08,4.06261e-06,3.697215e-06,4.9954797e-12,1.4145799e-37,0.9999886,2.9870736e-10,3.48721e-18
726,687,669,8,9.043467e-13,0.0,3.3237928e-31,3.5003407e-09,4.0162663e-18,0.0,2.0213069e-05,9.190337e-12,0.9935739,1.4542989e-36,2.0919254e-11,4.5817473e-13,0.0062719337,1.5501795e-13,5.820577e-13,0.0,0.00013515554,1.0561013e-08,1.5267704e-19
727,238,688,13,8.849052e-13,0.0,3.1459004e-28,2.059916e-20,3.0587602e-11,1.1976995e-19,1.9157678e-10,1.0127221e-15,1.8973795e-20,1.5e-44,1.2858731e-08,1.6887268e-16,7.639563e-15,1.0,6.30015e-13,0.0,5.565984e-17,2.2827253e-09,6.7917637e-22
728,292,454,6,2.4397903e-12,0.0,1.0174753e-34,5.0727755e-11,5.095091e-06,2.0428026e-12,0.9959646,2.9142764e-16,1.1780456e-07,1.655869e-30,0.003953366,4.3505393e-13,2.3741513e-06,1.1553075e-16,2.616543e-13,0.0,7.696316e-06,6.85123e-05,4.1791466e-15
729,454,688,5,3.715065e-24,0.0,2.1165736e-36,2.7369623e-20,1.1458378e-13,1.0,3.8028386e-13,1.6930862e-17,3.4245863e-21,1.3393449e-27,1.0809265e-10,1.745976e-19,9.866304e-19,7.7619675e-16,4.2735854e-16,0.0,2.0216537e-20,2.6888454e-17,1.7923983e-20
730,688,689,10,2.7242767e-19,0.0,3.9586268e-36,3.968821e-12,1.1629587e-06,1.1150068e-14,1.9121588e-05,1.2022532e-13,2.8576322e-19,1.7663253e-22,0.99997705,5.3125053e-14,8.960692e-09,3.320582e-11,7.2084254e-07,0.0,1.0298019e-13,1.7251699e-09,8.629396e-22
731,689,690,10,2.865515e-18,0.0,4.458216e-27,2.5161566e-09,1.0640115e-07,2.8981317e-33,0.01067808,3.9047297e-11,1.0465339e-13,1.8893229e-31,0.98886245,1.1750155e-08,0.00045899558,6.371316e-16,2.0651155e-06,0.0,2.8624743e-13,7.974822e-09,1.8129829e-17
732,690,196,8,1.2871282e-10,0.0,8.494384e-28,9.188939e-11,6.691141e-13,1.0663607e-36,0.029648917,2.3598476e-07,0.96732354,6.801755e-27,4.6481627e-08,4.1552582e-13,0.002968138,1.834694e-05,1.3435554e-06,0.0,1.2893507e-08,3.904622e-05,2.0484666e-13
733,73,691,7,5.8407514e-20,0.0,3.634184e-33,6.267447e-15,4.1056534e-15,1.24699755e-20,8.422375e-11,1.0,4.471031e-16,9.451013e-27,3.1819773e-12,1.5334147e-09,2.335751e-11,2.1037822e-14,1.21685134e-14,2.7838e-41,5.3003023e-13,1.7099888e-09,2.735032e-12
734,691,692,7,5.6995523e-21,0.0,2.5987772e-28,1.907738e-18,1.39931105e-14,1.6703748e-19,5.2571785e-17,1.0,7.374539e-19,6.240028e-25,8.869832e-14,3.3522896e-09,2.4298428e-12,3.2410572e-15,9.12508e-12,4.314869e-37,1.4814965e-12,5.257951e-13,3.7368675e-17
735,692,693,7,6.0229367e-21,0.0,5.133424e-22,6.9013332e-12,2.5357613e-12,1.9812107e-30,2.101357e-09,0.99997336,5.2044764e-11,1.4888955e-27,3.9688644e-13,2.9810096e-08,1.2703608e-05,4.432455e-13,1.1409183e-05,6.475161e-30,1.6127985e-06,2.4726816e-09,1.0032182e-13
736,693,292,17,5.5413356e-13,0.0,3.9152077e-37,6.8334714e-08,4.6652363e-07,4.5269396e-26,8.7437904e-05,8.162241e-13,1.0806431e-08,7.610852e-38,0.00034475804,8.251078e-15,2.9081498e-06,7.413056e-07,7.2382047e-09,1.8722583e-27,2.2399145e-09,0.9995653,3.7540107e-18
737,292,85,17,2.2063423e-15,0.0,4.2090383e-35,9.087932e-15,6.6999926e-09,4.2433e-41,0.00048335557,5.0673667e-16,6.3475607e-18,1.359215e-39,9.683798e-08,7.642295e-17,5.816848e-13,5.215122e-06,1.0224173e-10,0.0,1.8878162e-17,0.9995119,2.280253e-17
738,97,304,6,1.2450126e-17,0.0,2.6465e-41,7.4307965e-10,3.3109834e-10,2.853889e-39,0.9991306,2.194959e-15,3.7326275e-14,4.0695436e-36,6.1335975e-08,2.0675133e-12,6.247889e-10,9.109004e-14,3.2517013e-11,0.0,9.113492e-13,0.0008689264,7.754568e-16
739,413,280,12,1.081858e-19,0.0,1.8974088e-27,0.2495605,3.2218854e-17,4.2782866e-37,1.2893071e-07,4.4276174e-15,3.9845115e-17,2.710966e-26,7.579296e-09,2.5923214e-13,0.7504383,2.2544536e-16,2.1057377e-10,1.2162358e-34,8.2268095e-09,6.732598e-12,1.0347029e-16
740,694,49,0,0.9997215,0.0,4.19447e-27,5.4379946e-20,7.479948e-08,1.4126319e-31,6.48376e-08,1.2355479e-13,6.968124e-06,1.62e-42,0.00016180752,5.256891e-12,1.0534172e-09,6.042883e-08,1.7495093e-12,0.0,1.7020063e-06,0.00010701966,1.5192185e-18
741,250,679,5,4.4720375e-16,0.0,1.4053344e-29,4.2027813e-20,1.6956388e-10,1.0,4.835775e-09,2.485794e-13,2.0048378e-17,1.4493984e-27,5.117311e-08,2.6193057e-16,2.4312216e-14,8.602174e-09,4.9123344e-11,0.0,1.9297998e-17,6.0369434e-14,2.9029467e-17
742,694,695,10,2.0187218e-16,0.0,9.898631e-30,1.1048081e-20,2.4705222e-09,7.9434565e-17,9.3748325e-09,4.5334212e-18,6.1876134e-12,1.030159e-29,1.0,1.7149932e-16,5.147115e-13,5.130408e-15,1.564246e-13,0.0,3.2075054e-14,2.7624954e-11,4.0655487e-17
743,695,696,10,3.2604448e-19,0.0,1.27574755e-26,2.040574e-13,2.0879527e-06,1.004718e-16,5.016015e-09,9.327249e-16,2.0856095e-16,0.0020465404,0.9979498,1.6071311e-12,1.5055911e-11,7.424743e-15,7.917804e-09,2.8102397e-34,2.0167988e-15,3.4927092e-10,1.1642629e-15
744,696,160,9,1.3189654e-23,0.0,1.8785778e-32,2.2820253e-12,9.253196e-13,1.0961387e-36,5.946145e-12,6.2549414e-12,1.6484064e-23,1.0,3.2055468e-15,4.4314043e-14,1.8957676e-11,5.134008e-16,2.3234465e-08,3.3025511e-21,5.9170566e-16,1.1261894e-14,8.566877e-23
745,160,697,9,1.4925738e-21,0.0,1.450645e-32,1.3020544e-14,4.647753e-09,1.02026e-40,2.3844352e-13,2.4112893e-07,2.4217068e-21,1.0,2.7338323e-12,4.2519584e-08,2.4764864e-16,2.6431163e-14,1.1823529e-09,9.247865e-21,5.847181e-17,3.6060496e-13,1.586424e-16
746,697,698,11,1.7422127e-24,3e-45,1.6864397e-18,1.3482232e-12,9.696272e-12,3.5e-44,7.884162e-18,3.3646526e-09,3.026851e-19,2.844483e-19,1.608689e-12,1.0,2.5765234e-09,3.2409732e-21,1.41773935e-08,5.748835e-29,8.07853e-16,2.4020949e-18,4.3924453e-13
747,698,172,11,5.0796536e-17,0.0,2.9931185e-18,6.042134e-12,1.6440624e-06,2.811713e-31,7.678529e-10,0.029420657,1.4264344e-17,0.065090574,3.824335e-08,0.50890243,1.4770632e-09,6.879816e-09,0.39658618,1.9483003e-31,3.6095196e-12,1.3611667e-07,1.3516768e-15
748,172,699,13,6.1729125e-16,0.0,6.8452496e-27,3.9007632e-14,6.925977e-09,1.4291531e-23,3.699103e-07,8.306968e-10,4.230152e-15,3.3016142e-24,3.1052674e-05,3.138289e-13,1.1086968e-12,0.99996185,6.0480426e-10,0.0,1.6331115e-13,5.287094e-06,4.072573e-13
749,699,184,13,1.4911017e-11,0.0,4.912146e-34,4.738351e-18,7.3822152e-06,2.9447666e-28,0.00030633833,3.218985e-10,1.078037e-15,9.176238e-38,2.4367946e-05,8.4999036e-11,4.716941e-12,0.99959576,4.6283036e-11,0.0,9.504129e-11,6.788455e-05,2.3224458e-15
750,534,700,3,1.1877991e-26,0.0,4.043171e-31,1.0,6.285557e-12,7.734835e-38,1.8496652e-09,8.343309e-15,5.7961537e-15,1.3318033e-29,2.8549474e-07,1.6810248e-11,5.2472418e-09,3.1668353e-15,8.925968e-15,2.26793e-21,7.374252e-13,1.5404672e-10,1.5021332e-09
751,700,379,3,5.629054e-19,0.0,1.1240278e-34,0.9999923,2.4055985e-10,2.8983e-39,1.6537033e-08,4.6513838e-11,2.0777406e-08,8.7585815e-12,5.53565e-06,2.1054598e-07,8.8781725e-11,5.426184e-12,1.4220703e-11,5.47648e-22,2.5843067e-11,6.295838e-09,3.450573e-08
752,488,701,17,1.6702893e-07,0.0,4.3135305e-17,3.53384e-10,2.1407147e-06,2.7757248e-23,3.9313672e-09,5.2915544e-13,1.8800736e-12,8.223222e-34,0.28935394,5.8067795e-14,1.23055095e-08,9.285623e-05,6.8664636e-11,3e-45,9.1570715e-09,0.7105495,4.405913e-09
753,701,390,10,7.28065e-11,0.0,3.7862827e-26,2.1373108e-07,7.2683845e-11,2.5248158e-27,2.1057649e-07,2.1224905e-15,5.9463033e-12,6.696129e-33,0.9898665,8.1260736e-14,3.139113e-07,1.3705146e-06,6.701024e-14,4e-44,1.1114823e-06,0.0101301875,2.1740294e-12
754,160,715,9,1.1939648e-24,0.0,3.0214006e-30,6.532667e-16,1.8551603e-12,6.254963e-35,3.0648143e-16,9.597941e-12,4.06011e-24,1.0,1.2755175e-13,1.5778209e-12,9.626769e-18,3.885774e-16,1.1183562e-12,5.306202e-23,1.3265324e-18,2.3441906e-15,7.5827686e-16
755,280,702,3,1.0448049e-09,0.0,1.9155516e-22,0.9868728,2.7703284e-09,1.2536e-40,2.7839872e-07,7.024947e-13,6.945928e-16,5.613743e-34,0.00010337465,4.374033e-07,0.007805548,1.9440107e-07,2.598193e-05,6.4237e-41,2.0597792e-08,0.005191529,2.3486863e-13
756,702,703,11,7.00485e-13,0.0,6.714123e-22,0.04049143,4.482387e-09,8.9769e-41,1.6997949e-12,3.2431744e-06,1.5756075e-12,4.1757513e-23,3.9620563e-06,0.95901996,0.00038756867,6.167471e-10,9.529861e-05,2.6377786e-21,4.585959e-14,2.1327907e-07,1.074717e-12
757,703,488,3,5.7144854e-14,0.0,3.4353002e-22,0.9831567,1.03211315e-08,3.3256124e-35,3.399429e-05,9.452677e-11,3.3021725e-14,1.0484456e-25,1.0726753e-08,3.4029049e-13,0.0030925628,1.5092111e-07,0.011033821,7.895852e-30,1.8521791e-09,0.0026823077,2.1026358e-13
758,172,534,9,5.2182143e-18,0.0,9.562786e-34,1.1495186e-15,3.1433281e-16,7.0983547e-35,3.1593787e-15,1.9565063e-10,1.2855644e-15,1.0,3.4360913e-12,3.0538587e-14,3.092053e-12,8.9456756e-14,1.0552874e-09,3.446249e-36,3.5207035e-12,2.9351665e-13,1.13351565e-23
759,184,704,7,5.718105e-14,0.0,2.620396e-30,2.9907224e-10,2.2877227e-07,1.0227471e-21,4.5275383e-06,0.92472184,3.0622492e-12,1.7437772e-14,0.0008320377,0.07442202,1.07206155e-08,1.8754103e-05,2.1376625e-06,2.9599023e-36,2.9081704e-07,5.0345548e-08,1.9006063e-09
760,704,705,11,2.8389083e-21,1.2724325e-19,3.428362e-22,2.6874629e-08,2.6709911e-13,3.616775e-39,6.1516715e-13,1.0177682e-08,9.1455484e-17,2.2102072e-24,5.851684e-11,0.99997705,2.2661927e-05,3.325443e-15,6.002308e-09,5.1989913e-29,2.4980318e-10,1.7507492e-14,1.7483714e-16
761,705,706,1,1.7895831e-28,1.0,1.1602415e-30,5.4735105e-16,1.370578e-20,0.0,8.988393e-23,1.3160811e-22,5.845468e-23,4.875042e-39,5.4530625e-17,1.6122109e-10,6.4196673e-17,3.9952886e-24,6.6102676e-19,1.0417e-41,4.2803472e-20,1.7707664e-20,7.731117e-23
762,706,379,1,1.207488e-36,1.0,8.1819026e-38,3.4078346e-17,2.6428872e-27,0.0,1.8778089e-27,1.0525243e-26,4.160796e-27,2.8345044e-36,1.6333221e-22,1.7606395e-16,1.2934493e-23,4.809288e-30,4.1465537e-26,9.8e-44,4.7916923e-29,4.1166398e-26,1.0841988e-22
763,379,707,1,5.992331e-32,1.0,1.6401348e-36,1.5011098e-14,3.3649126e-22,0.0,3.3827362e-23,1.2285354e-21,1.1244421e-22,1.2847995e-30,1.7328797e-17,2.3726052e-12,3.0575895e-21,3.1094426e-26,1.6306575e-22,1.074244e-39,1.4364274e-24,9.289617e-22,6.5879414e-18
764,707,708,1,1.0976273e-38,1.0,1.392563e-39,8.045826e-19,1.5077958e-29,0.0,8.1635416e-30,9.943044e-26,2.6317851e-31,1.4201286e-35,3.3011985e-24,3.164719e-17,5.6002937e-25,2.3835224e-31,2.768614e-26,5.3995842e-36,2.7143326e-31,9.572702e-29,1.5758315e-25
765,708,390,3,3.6542053e-24,0.0,4.6822843e-28,0.9999886,1.511769e-15,3.9e-44,2.1690841e-12,2.5231123e-19,4.2278868e-18,1.4789777e-35,1.1036817e-08,1.066919e-12,1.2554984e-05,1.1737295e-16,5.8444504e-13,8.905961e-32,1.6973587e-12,1.0736433e-12,1.6031409e-17
766,534,488,3,5.168417e-23,0.0,5.583107e-23,1.0,7.4900134e-19,2.73101e-33,5.4398157e-14,9.223803e-13,1.7136068e-16,1.5636758e-25,2.2886834e-14,1.1127257e-13,1.8127164e-06,4.271055e-18,3.674782e-09,1.2144937e-17,3.0372468e-13,1.1948908e-15,7.8967296e-14
767,390,709,10,2.2027883e-12,0.0,2.892946e-29,8.01228e-06,2.0577843e-08,4.6421415e-29,4.4162832e-07,1.3967952e-12,2.0959103e-12,3.5542269e-25,0.9996529,1.2577099e-10,4.382668e-07,8.306093e-07,5.2589166e-12,7.872952e-33,6.104383e-05,0.0002752554,1.2594069e-14
768,709,710,13,2.290785e-17,0.0,1.8390397e-26,3.7709137e-13,1.0847531e-07,3.0374447e-20,9.153753e-09,8.039884e-09,3.2822386e-16,1.040051e-35,0.45808315,5.789776e-12,2.0293366e-10,0.5419057,5.4864195e-12,1.9493499e-37,1.5083792e-11,1.1249709e-05,8.495449e-14
769,710,477,10,1.6656744e-17,0.0,1.8084375e-25,2.1934187e-15,2.1248334e-06,5.7276e-40,5.0791458e-11,1.0255906e-15,1.6690199e-17,2.6055242e-30,0.9999962,3.373022e-07,6.197976e-07,8.100958e-18,3.9387507e-10,7.039891e-35,3.4227475e-12,3.7366102e-10,1.0004678e-18
770,184,61,12,1.0644644e-18,0.0,5.9888733e-27,2.3100499e-07,4.994734e-13,1e-45,9.778909e-07,5.741696e-12,1.6023101e-16,1.0818181e-24,6.3277134e-10,7.4715845e-10,0.9999962,3.6206394e-17,6.9828616e-07,6.61e-42,2.739298e-08,2.1943616e-10,2.9187137e-17
771,379,336,1,2.6561524e-31,1.0,1.2974078e-30,8.228025e-11,3.4176938e-22,0.0,3.600056e-21,2.0007103e-19,2.1411545e-22,6.420556e-30,1.6441912e-17,1.5979012e-11,2.34256e-18,3.0208583e-23,8.966689e-21,1.0554375e-37,3.4084723e-24,7.771102e-21,1.1562739e-15
772,390,341,3,8.989517e-17,0.0,3.6682816e-25,1.0,2.2990713e-13,7.109014e-32,4.491559e-10,5.248347e-15,3.0843217e-14,1.4089173e-33,4.3156234e-08,1.6137577e-07,7.657217e-07,1.03866886e-17,2.59374e-10,3.3348933e-38,1.4469141e-10,1.8100712e-12,3.205492e-11
773,534,711,3,8.6267254e-23,0.0,7.622464e-33,1.0,9.277968e-14,2.1913641e-35,9.63508e-09,1.1961353e-16,5.640291e-13,6.2215397e-24,5.261614e-09,1.8336229e-13,1.0095903e-07,2.851593e-16,2.5040184e-14,9.200063e-25,9.380444e-10,1.0367375e-09,2.870402e-13
774,711,712,15,4.367138e-26,3.4265744e-35,1.8657452e-31,0.0008450888,7.345348e-17,3.959754e-39,1.6783111e-15,5.6799176e-11,4.925363e-16,3.100622e-31,1.1107451e-13,1.86888e-08,5.500172e-10,1.1533232e-21,1.5086695e-15,0.9991535,1.1172087e-13,3.517839e-15,1.6685895e-14
775,712,713,15,9.702742e-28,4.4537486e-33,2.0901234e-33,5.910504e-12,1.4558227e-17,2.2194e-40,2.7384217e-22,4.0768162e-13,2.4771069e-26,3.538309e-30,1.3258155e-16,6.3425244e-11,2.1944533e-18,3.8218014e-21,9.129763e-16,1.0,2.027212e-22,1.0474333e-19,7.3776513e-22
776,713,714,15,3.5006177e-26,1.564435e-39,7.0236664e-34,1.8523388e-12,1.0384584e-18,4.6e-44,1.228666e-22,1.3440991e-13,3.0482652e-26,1.962243e-21,6.2954275e-17,1.3265263e-12,9.182345e-20,9.546776e-21,5.736146e-16,1.0,6.1538403e-25,4.241484e-20,3.6383123e-21
777,714,715,15,2.9482812e-23,0.0,1.600368e-38,9.717996e-07,6.1583075e-16,3.9908882e-38,3.7543317e-15,1.1775708e-12,5.336785e-19,2.3495448e-07,6.6577306e-15,2.0852716e-12,1.3720686e-13,1.3463638e-18,6.683011e-11,1.0,2.0696632e-16,1.4983068e-14,3.6518156e-20
778,715,413,12,8.971381e-20,0.0,1.5594815e-33,0.07271551,1.2538805e-13,4.1520835e-31,2.0974762e-06,2.1817268e-08,6.5109826e-13,2.9056458e-12,4.5500766e-08,3.629331e-13,0.9272828,3.191083e-11,1.0915108e-07,6.6134803e-31,1.1393382e-07,2.48062e-07,3.74816e-17
779,402,268,12,1.5230188e-26,0.0,3.9686825e-28,0.000110458954,8.556032e-16,3.8857048e-36,8.004857e-06,1.054867e-05,9.073085e-12,6.8250567e-23,6.596487e-12,6.288442e-10,0.99987036,6.537859e-14,1.0138053e-06,4.2868282e-38,9.948014e-11,2.903729e-12,1.6659619e-15
780,97,716,6,2.1563722e-18,0.0,5.1035572e-27,3.2074342e-05,6.04896e-12,3.004813e-31,0.99679315,9.9926e-09,1.2678703e-16,5.229836e-39,2.84687e-05,1.6279417e-07,0.0031441764,2.6605818e-10,1.681919e-08,0.0,2.2054738e-09,1.3612958e-08,9.2677595e-11
781,716,717,12,9.217381e-25,0.0,1.7677094e-27,3.744494e-06,1.1795478e-14,2.5576094e-35,1.4058013e-06,2.6142977e-06,3.73217e-15,1.1042301e-29,4.3830806e-09,1.6011255e-08,0.9999923,1.02978474e-16,2.535717e-09,7.2404873e-34,6.1469757e-07,2.4910922e-12,4.600886e-15
782,717,268,8,4.7760998e-17,0.0,6.9908326e-29,9.237253e-06,8.588861e-09,6e-45,1.503586e-06,3.87503e-07,0.9926458,8.067912e-22,1.3564867e-06,0.0008134149,0.0064431434,9.968655e-16,6.789388e-05,7.95688e-35,1.7472077e-05,6.8291975e-08,4.9877137e-11
783,268,718,11,4.3685834e-13,0.0,1.4414861e-27,2.437519e-13,9.8371354e-05,8.754299e-36,1.2604897e-12,5.9407244e-05,0.19096184,7.6132793e-26,2.5445374e-07,0.8088768,4.595418e-13,8.665705e-17,1.8481236e-06,5.0499994e-31,1.1394675e-09,2.4374138e-08,1.7321069e-09
784,718,719,8,2.3296786e-14,0.0,3.524001e-24,9.337698e-05,1.2805997e-10,0.0,4.0240003e-08,2.4305837e-05,0.7159611,4.7171064e-33,5.890432e-10,0.27400494,0.0047609815,4.1430424e-19,8.1073054e-08,2.77477e-32,0.00515333,7.512085e-09,2.9066533e-13
785,719,465,16,3.474542e-11,0.0,1.366482e-32,9.836547e-10,2.6377149e-16,0.0,5.972824e-08,4.049085e-15,7.7387224e-10,1.216883e-38,2.0765529e-07,4.3862193e-12,0.002541031,5.0312067e-11,7.561249e-16,0.0,0.9974589,1.1329585e-07,1.4781154e-19
786,500,720,13,6.4837615e-15,0.0,2.9800626e-25,4.701047e-18,1.5760388e-14,2.0663832e-37,1.3293264e-14,1.2569733e-07,1.04765065e-16,3.42214e-40,2.4369209e-08,6.5822375e-11,1.1610673e-11,1.0,6.896342e-17,0.0,3.6029474e-10,6.3801343e-12,1.9700848e-17
787,720,721,11,4.567646e-21,0.0,8.9902785e-23,1.9039778e-12,5.361827e-10,5.210759e-39,2.6951572e-12,0.005798887,1.8303095e-14,1.7096018e-34,5.3017993e-05,0.99413884,9.630355e-06,9.090897e-11,1.2299356e-09,1.05235765e-30,5.2148455e-13,5.1630682e-11,3.6561396e-11
788,721,402,7,2.7464597e-27,0.0,5.946957e-36,7.2628606e-13,3.100686e-13,4.059326e-21,4.4451784e-10,1.0,2.8171255e-15,2.2769713e-21,2.6248911e-13,6.553114e-07,1.12258626e-07,9.0391675e-18,2.3134966e-08,5.838737e-31,5.5039053e-11,5.364905e-14,3.4245148e-17
789,402,371,12,3.2601944e-20,0.0,1.5983881e-27,0.008724076,3.6469644e-16,6.064838e-33,4.773335e-08,0.0036293908,8.279906e-13,8.566424e-22,6.51063e-07,1.1322364e-08,0.98764485,1.7977066e-11,3.0297498e-12,8.26442e-26,5.951992e-07,5.180571e-10,1.2752067e-12
790,500,366,12,8.185238e-24,0.0,2.0767786e-26,2.3978055e-07,1.6043203e-11,0.0,7.120718e-08,8.304887e-15,5.228085e-15,1.77668e-40,1.082104e-07,1.9080162e-09,0.9999962,2.9783532e-13,5.949693e-09,0.0,1.1018044e-10,2.310236e-06,2.3040237e-20
791,477,346,4,4.9873054e-22,0.0,7.2044357e-23,0.00037822398,0.9342312,1.4627668e-29,6.623509e-07,9.813616e-09,3.8982045e-14,2.7066936e-22,0.016659731,0.012623967,0.007962718,6.5263935e-15,0.028144157,3.55003e-23,3.1709948e-07,4.1303902e-10,3.3609974e-16
792,511,351,12,1.7894897e-18,0.0,2.5438312e-35,2.5434684e-08,5.082242e-13,6.83e-42,2.169372e-06,1.4727528e-10,1.7628109e-08,1.21228215e-23,2.1747532e-10,1.1939462e-10,0.9998397,2.3514912e-14,7.579908e-08,5.904499e-38,0.00015788751,2.740727e-10,7.162107e-21
793,361,356,12,3.0152296e-22,0.0,1.2750781e-23,0.0013765476,2.7501933e-11,1.17078914e-35,1.553944e-07,1.9481556e-12,6.445636e-15,4.782891e-36,3.0380658e-08,3.606086e-08,0.9984563,2.8110883e-18,0.0001675199,2.5380486e-32,1.3975413e-12,8.654098e-12,5.986071e-17
794,61,722,11,7.0668283e-19,0.0,4.788493e-22,7.743461e-14,0.00015287637,6.0764693e-16,9.594587e-09,5.5359913e-05,2.9811894e-17,1.7556958e-17,6.056245e-08,0.99979013,7.043896e-12,1.1264312e-12,2.442972e-07,4.0353408e-25,8.8791263e-10,1.1661722e-11,4.204557e-07
795,722,723,11,4.0876693e-21,5.248102e-32,1.2386103e-21,3.8893264e-12,3.1521725e-12,1.1427941e-30,1.8162755e-12,2.182192e-09,9.484786e-19,5.3270282e-24,1.3289734e-11,1.0,6.6403003e-09,2.936069e-16,2.971301e-09,3.0481133e-34,1.0063848e-12,5.2164312e-15,1.1732869e-15
796,723,724,1,2.2967073e-33,1.0,2.4416263e-33,1.8292368e-19,3.852374e-23,0.0,2.772165e-26,3.9556602e-25,4.699409e-28,2.98753e-40,5.1223382e-20,6.6558326e-13,2.7582076e-20,4.141319e-27,1.9942466e-21,3e-45,6.3245523e-25,2.873508e-24,1.7124293e-25
797,724,336,1,6.743465e-36,1.0,1.9028631e-31,1.9879132e-20,2.3877953e-27,0.0,1.299906e-28,3.0186665e-25,1.6351126e-28,1.131343e-39,4.1823334e-24,6.9278015e-16,1.3632023e-24,3.416717e-29,8.405168e-27,0.0,5.7898965e-31,4.6952e-27,2.489569e-22
798,336,725,1,4.9923884e-29,1.0,4.1359312e-29,3.5810775e-18,1.9311443e-20,0.0,5.6815695e-24,2.0475309e-19,1.1291014e-22,3.7020468e-33,9.526854e-18,7.598308e-11,1.1116556e-22,1.8887389e-24,1.4093875e-22,0.0,3.5298635e-26,2.1365782e-21,1.9041265e-16
799,725,726,1,7.081903e-37,1.0,1.89402e-39,8.202786e-21,5.05967e-27,0.0,2.0454583e-30,1.1288714e-25,3.6192068e-30,1.0843808e-37,6.7489657e-23,8.8488645e-17,8.147189e-27,1.6790731e-30,6.1621265e-27,9.398116e-37,7.3085134e-31,1.3518643e-27,9.549124e-25
800,726,341,3,9.474134e-23,6.3441143e-28,8.1047696e-23,0.9999886,1.602731e-10,3.479693e-38,7.79416e-16,8.688135e-12,2.9113258e-20,2.6101276e-17,3.2459754e-11,1.0545853e-05,5.0316695e-10,1.6385935e-17,5.6575633e-09,2.6579e-13,2.7441005e-14,2.8521696e-16,9.062654e-16
801,341,727,3,3.9975174e-15,0.0,9.665879e-27,0.9998779,8.106231e-06,1.02906394e-35,7.045542e-10,1.1885896e-08,6.3064333e-18,4.0499543e-13,8.337008e-08,9.633005e-05,6.614088e-08,5.4242976e-13,1.7620538e-05,1.7988283e-07,5.466355e-08,6.7231277e-12,1.6588821e-18
802,727,728,15,6.051612e-20,0.0,8.616672e-28,2.162077e-06,7.197522e-13,4.2192066e-31,3.5791594e-14,1.5278403e-07,5.184417e-21,3.073171e-10,7.57452e-11,2.1974e-12,1.3449972e-12,1.7592131e-12,6.526634e-10,0.9999962,1.3088012e-15,6.576386e-12,1.2505641e-15
803,728,346,3,4.5891305e-20,0.0,1.1695608e-36,0.9996339,7.618247e-11,5.6153577e-31,0.00023938426,7.620419e-13,4.8743756e-15,9.9377955e-29,5.5687093e-07,1.147163e-13,6.200016e-05,2.4333062e-09,6.87997e-10,2.7941384e-36,7.106732e-11,6.331641e-05,1.374448e-19
804,346,729,13,2.2206312e-13,0.0,6.916743e-22,2.5234623e-16,8.305261e-09,3.5462134e-23,1.1281406e-08,3.3842026e-11,1.4060255e-15,6.1092544e-34,0.00016617376,7.0003096e-13,3.094329e-13,0.99981695,3.2952136e-14,0.0,1.0639157e-12,1.796862e-05,2.6215586e-13
805,729,730,13,6.0977066e-19,0.0,9.650285e-29,1.8458466e-15,8.680421e-11,2.225735e-22,3.9898324e-11,1.2603617e-09,4.682652e-16,1.946094e-39,2.4294435e-05,4.9143835e-16,2.7966114e-14,0.99997705,1.4105994e-12,7e-45,3.7139893e-16,2.5575676e-07,3.7928255e-14
806,730,351,6,2.0658623e-15,0.0,2.8336393e-36,0.00050009723,6.9637816e-09,9.4142745e-27,0.96932197,1.6241534e-05,1.7632479e-08,2.0091208e-29,0.0013691477,1.6691284e-09,7.613535e-05,0.026918009,1.4150926e-07,0.0,2.0907092e-07,0.0017969254,3.484003e-12
807,351,731,13,3.206018e-11,0.0,6.5192206e-32,1.091366e-13,1.0644809e-10,1.4590532e-24,2.8644412e-05,4.9849135e-05,1.4915512e-11,1.0152572e-27,2.2494912e-06,7.217821e-11,5.7198564e-12,0.9997521,1.565376e-11,0.0,1.01757304e-10,0.00016800564,2.7204112e-13
808,731,732,7,2.1833383e-19,0.0,1.9652101e-28,3.2280273e-15,1.2508398e-09,1.1338066e-21,5.003504e-14,1.0,2.6716032e-20,5.202135e-18,1.2303164e-08,6.748065e-08,9.50053e-13,8.919018e-09,3.777229e-08,9.136952e-21,1.6457086e-11,3.1049687e-14,8.226121e-16
809,732,356,12,1.3328625e-11,0.0,2.671161e-23,0.0026510581,9.974185e-13,1.44463e-40,1.2135585e-09,0.0024533435,2.3039287e-11,1.1074149e-14,1.6331905e-08,0.00045567562,0.562389,2.1760302e-11,0.4320515,4.0587956e-08,6.890404e-08,3.093494e-11,1.6063225e-19
810,402,733,7,2.749887e-20,0.0,3.0859367e-35,5.5743447e-21,3.774405e-16,3.735505e-14,1.3935268e-13,1.0,3.0141352e-16,2.2654052e-21,1.2559019e-11,5.1963624e-11,2.5596387e-13,6.3800367e-12,2.8108577e-14,6.9286792e-37,2.3582963e-10,1.192465e-13,4.0511066e-16
811,733,734,10,1.5129112e-15,0.0,3.875539e-19,6.7092325e-22,6.0087356e-12,4.2177125e-30,1.43946e-10,0.0003127237,3.0338093e-12,5.5934356e-34,0.99967194,1.3055093e-09,6.523928e-08,1.6179509e-05,2.2161546e-13,0.0,6.8560604e-07,5.703064e-10,2.4852455e-12
812,734,735,10,5.490529e-25,0.0,3.8095794e-26,4.812483e-14,2.4296574e-12,0.0,5.4926418e-11,6.8826855e-14,3.7235043e-18,2.1534057e-32,0.99997705,6.408362e-10,2.412635e-05,3.2128783e-16,5.739591e-13,0.0,1.4968235e-11,1.2906076e-12,5.8669157e-15
813,735,736,10,7.5423745e-25,0.0,2.2557142e-27,7.8261405e-13,1.5551817e-09,3.1275784e-37,3.030704e-08,9.954343e-13,1.6447433e-17,1.749184e-25,0.99997705,4.599196e-10,2.1368973e-05,1.3574337e-14,8.030221e-11,0.0,5.9468476e-12,5.294331e-09,5.1630412e-14
814,736,304,17,1.3272259e-18,0.0,3.8777384e-36,7.090667e-13,2.6799384e-08,4.5160226e-33,0.0003165283,4.440396e-19,2.1007246e-16,9.641414e-37,0.00011893269,3.1697603e-15,6.0855605e-09,2.2305742e-12,2.4957732e-11,0.0,2.1633612e-16,0.9995653,9.812475e-20
815,477,737,4,3.919649e-13,0.0,4.52716e-28,4.061755e-15,0.9999695,4.047656e-34,5.93361e-06,1.3948062e-16,2.1973515e-18,3.9746535e-35,1.3278164e-06,2.073011e-11,8.950053e-12,1.8570284e-13,2.3208544e-05,1.63866e-40,3.1779844e-13,2.9578575e-07,6.80409e-27
816,737,738,14,1.1740462e-18,0.0,7.3468416e-22,4.100436e-10,1.2952182e-06,2.1223991e-32,4.4944278e-07,0.00015603853,2.2167284e-14,3.529482e-21,8.2459435e-09,2.1054125e-06,0.03604062,4.4804286e-13,0.96379864,5.1112037e-31,5.240004e-08,3.574736e-08,8.3506044e-14
817,738,511,6,6.062616e-11,0.0,1.1592229e-32,5.817654e-18,0.0147229815,6.4824846e-20,0.9769095,3.7598486e-08,7.310831e-15,7.5323e-28,2.6621294e-07,3.69695e-12,7.32067e-11,0.0073031546,6.3294196e-05,0.0,2.9256788e-11,0.000999072,1.8069182e-20
818,511,739,13,1.748917e-10,0.0,1.4733397e-29,8.0245185e-20,0.0010055067,1.2328699e-19,0.0031369883,3.774062e-07,7.707227e-18,7.607806e-30,8.908283e-07,1.5913429e-12,2.9052357e-12,0.9954822,1.6536356e-06,0.0,7.2722904e-12,0.00037136718,1.3757437e-19
819,739,740,7,2.1881154e-12,0.0,1.0533628e-28,1.0642656e-10,1.5649738e-06,9.767919e-28,2.6382574e-09,0.999142,6.045736e-10,1.8204351e-22,5.383478e-07,2.3005973e-06,0.00043225693,1.2055188e-05,4.728936e-06,4.113719e-19,0.0003733786,3.2946507e-05,4.3091392e-17
820,740,361,4,1.7668977e-15,0.0,2.4184068e-32,2.3112273e-10,0.99988943,6.817795e-31,7.891763e-06,1.9602439e-15,5.9362304e-08,1.427739e-27,2.088279e-06,7.602056e-09,1.335532e-07,3.5964807e-17,9.57059e-05,2.4964132e-32,3.5318723e-10,5.7297016e-06,1.0018312e-18
821,361,741,4,2.2868135e-16,0.0,1.8821323e-28,3.1379987e-15,1.0,3.5191065e-19,3.5463907e-07,2.5835977e-18,1.8837576e-11,6.585839e-38,5.443987e-07,1.07667944e-10,2.1097234e-12,2.2222199e-17,3.5346641e-09,4e-45,3.733858e-11,1.7941538e-08,2.1162319e-16
822,741,366,4,7.398362e-23,0.0,6.505074e-28,1.3917402e-15,0.9999962,7.887345e-27,2.779518e-08,2.6104722e-20,5.201455e-20,1.3197812e-37,1.7024219e-06,1.5080084e-07,6.2013798e-15,1.1071579e-13,5.6911365e-09,0.0,5.1502326e-15,1.8727202e-07,2.9402766e-13
823,366,742,4,2.1805477e-21,0.0,6.5970396e-27,3.085284e-16,0.99997705,2.4619266e-29,8.508213e-10,1.0578511e-16,6.3330628e-21,1.0724659e-32,7.652862e-08,2.094511e-05,9.816421e-17,6.029148e-12,3.1279245e-07,2.03924e-39,7.080304e-16,3.5741377e-07,6.2474054e-12
824,742,743,11,3.197539e-20,0.0,1.12988015e-24,8.064326e-11,4.0796426e-08,5.443375e-33,1.8120344e-11,9.610883e-10,2.6336745e-15,8.799629e-22,3.3421273e-08,0.9999962,3.0989554e-08,2.0234699e-17,2.6782752e-06,8.438223e-20,6.7739644e-14,2.1377562e-10,6.915735e-16
825,743,371,7,9.480485e-18,0.0,1.737067e-27,5.6024448e-05,1.1295594e-12,1.7781381e-27,7.5350776e-08,0.9990925,2.986088e-14,6.344595e-14,1.8337244e-09,9.808161e-07,0.0008494586,1.5679054e-09,2.5588753e-07,1.5289044e-18,2.1971845e-10,2.4831522e-11,1.890636e-15
826,371,744,13,1.5496239e-13,0.0,1.59539e-28,2.9950622e-09,1.4875354e-09,3.9445985e-18,9.5434625e-06,0.0014791088,9.094846e-12,1.7705002e-23,0.033886746,3.1229585e-11,6.5152697e-09,0.9639016,2.8829363e-11,5.90165e-40,5.506651e-13,0.00072262494,6.995008e-10
827,744,142,12,4.0727655e-10,0.0,2.1134615e-34,3.0339598e-12,2.3088998e-11,4.363195e-32,3.402659e-05,4.155546e-12,1.0810673e-09,7.41181e-30,0.033314325,3.405211e-16,0.9666448,5.9901477e-06,2.8600675e-09,0.0,4.1696392e-08,1.6660641e-07,3.672766e-23
828,465,500,12,1.8115693e-13,0.0,2.4137208e-28,5.4620006e-07,7.716896e-13,7.6606e-41,3.6294387e-07,6.246494e-14,2.1926643e-09,6.28e-43,0.0008130643,1.9764507e-12,0.9985553,1.1611064e-05,8.8984397e-13,1.3e-44,0.00061797595,2.4578334e-08,4.2192167e-19
829,500,745,12,9.907527e-19,0.0,3.911996e-23,1.3441596e-07,4.35255e-12,1.781518e-36,3.0777747e-07,4.227666e-08,1.12605425e-10,1.88113e-40,3.6408688e-05,2.9551366e-09,0.99976736,0.0001910191,7.597786e-11,1.68e-43,4.267514e-06,2.2319605e-13,1.5363953e-16
830,745,511,6,2.4384357e-09,0.0,1.9975974e-28,2.6529813e-17,1.2064343e-05,1.7989716e-23,0.8813531,1.426185e-08,8.8169015e-14,6.799706e-27,5.4014535e-08,2.7734634e-13,7.047865e-07,0.11800507,0.00014269608,0.0,3.5083616e-09,0.00048510305,1.4469074e-19
831,465,477,4,1.0036101e-10,0.0,6.02675e-29,3.3153005e-13,0.99902767,1.017991e-35,0.00053165667,1.3843584e-16,6.011065e-15,1.6901284e-35,8.038516e-06,7.824208e-11,1.1684621e-09,5.7493667e-12,0.00035829475,0.0,6.537919e-11,7.265579e-05,1.4314433e-25
832,544,746,8,8.6586335e-17,0.0,1.92687e-34,5.8423883e-24,3.601662e-14,8.229839e-35,1.2303504e-06,2.2486807e-17,1.0,0.0,1.9971498e-11,1.4661143e-12,2.7292881e-13,2.0612688e-19,4.4245613e-15,0.0,1.7634124e-12,1.342144e-10,1.5596677e-16
833,746,195,8,1.0092412e-12,0.0,1.6812052e-25,7.813574e-15,1.4824926e-18,0.0,1.1795412e-10,7.0292865e-14,1.0,1.7668183e-36,3.7592186e-15,4.6750834e-09,8.3107986e-11,4.326646e-18,6.3955735e-15,0.0,7.993432e-09,1.0436754e-13,1.2317796e-11
834,195,72,6,1.0943256e-21,0.0,1.64925e-37,2.6721132e-12,1.6276233e-09,6.481981e-30,0.9999084,7.91594e-07,2.637836e-08,5.2691705e-30,3.7289758e-11,3.4157633e-08,8.942918e-05,1.98354e-15,3.8843964e-08,0.0,1.8900379e-07,2.6039863e-06,4.3041674e-14
835,521,219,6,9.512624e-24,0.0,6.483763e-37,1.488719e-13,4.0938388e-11,2.3187502e-26,0.9999962,3.9210667e-07,2.6195162e-08,1.7460015e-28,7.8180316e-11,5.236002e-10,4.3112677e-06,3.2746504e-14,5.8081233e-09,0.0,1.266769e-07,3.024375e-08,2.0197148e-09
836,219,117,8,8.13949e-11,0.0,2.806735e-35,5.427966e-19,1.8188679e-13,2.4200636e-28,4.1319763e-05,1.4885558e-11,0.9921801,7.718934e-34,7.8081996e-10,1.1647011e-10,6.045407e-12,8.669599e-11,1.5878424e-14,0.0,1.974488e-08,0.0077795973,2.817357e-11
837,117,747,8,6.240587e-14,0.0,3.250991e-28,2.382229e-18,2.2026662e-16,1.11850375e-30,1.9991305e-12,2.3762645e-12,1.0,4.813086e-38,8.0170294e-11,3.4100944e-11,9.207436e-10,6.1850093e-22,1.5258703e-16,0.0,3.215799e-07,1.5575803e-09,6.7118965e-14
838,747,748,8,2.8955438e-12,0.0,1.5342737e-33,7.5063573e-16,1.9883517e-14,3.285152e-34,3.0723655e-08,1.3310471e-13,1.0,7.701623e-38,1.7934658e-12,5.962032e-16,1.2419718e-10,6.1867955e-17,1.0601963e-12,0.0,5.1141082e-09,8.1691155e-08,6.161822e-19
839,748,129,0,0.99981695,0.0,1.230992e-31,2.2180424e-19,2.264802e-12,6.508886e-39,1.0944216e-06,3.9794706e-16,6.0308884e-07,1.0686749e-34,4.667345e-11,1.5961441e-14,5.921669e-14,4.5348156e-06,1.5915077e-11,0.0,1.652721e-06,0.00017406161,8.273084e-21
840,207,749,13,1.5938481e-13,0.0,7.6962414e-25,1.8380484e-21,2.9403057e-16,4.221025e-39,1.421328e-14,2.1748972e-11,1.755668e-18,3.3823704e-33,1.2897981e-12,3.7156066e-15,1.2812983e-14,1.0,7.289305e-15,0.0,3.4432773e-11,8.1983426e-10,1.0914625e-19
841,749,750,16,1.443876e-10,0.0,2.9019845e-31,4.6043486e-21,3.399776e-14,1.1166283e-37,6.7978375e-12,3.2389475e-05,0.0047193924,6.1021645e-22,2.313874e-10,1.6617081e-09,1.6198806e-09,2.3972178e-09,3.0969922e-09,1e-45,0.9952467,3.252976e-13,7.1575634e-16
842,750,219,8,6.5395623e-12,0.0,2.16305e-29,2.93394e-17,1.2260968e-20,0.0,3.3103773e-10,6.705243e-14,1.0,8.599597e-28,3.2875377e-17,7.1832476e-16,2.7435212e-09,2.6494242e-15,1.4482373e-13,0.0,2.6890638e-07,2.691862e-10,1.0999228e-18
843,521,751,7,2.7190809e-22,0.0,3.4223793e-36,9.131046e-17,1.4662633e-15,2.0627948e-19,2.4479115e-11,1.0,5.6753143e-15,7.425887e-27,7.35072e-12,2.2181794e-10,4.465226e-13,1.093378e-14,2.2432168e-15,0.0,6.870776e-14,8.7060546e-11,5.3680693e-10
844,751,752,7,2.7263096e-22,0.0,1.8727207e-29,2.7683405e-18,3.0687683e-16,2.661544e-19,7.846717e-18,1.0,7.980864e-20,2.8181918e-21,6.694914e-15,8.671745e-12,2.783977e-14,1.2616145e-13,6.338167e-12,3.256306e-34,2.4771396e-15,5.1249925e-14,2.209349e-15
845,752,753,7,1.1454384e-16,0.0,7.3055097e-29,2.0767468e-11,8.7993765e-11,9.5331985e-29,3.690426e-12,0.9971431,1.2594393e-16,2.714639e-19,8.6810537e-10,4.2263114e-08,2.2681524e-08,6.687485e-08,0.0028547898,1.9887503e-25,2.437426e-13,5.264169e-07,5.2082736e-17
846,753,303,17,4.2966315e-17,0.0,3.3522982e-34,1.9698702e-14,7.559983e-08,2.4877351e-31,2.3207866e-10,9.4643845e-15,1.652303e-16,1.686514e-29,4.0307713e-10,4.8152615e-12,2.7562687e-15,3.6066619e-09,1.0393916e-07,0.0,4.2139587e-18,1.0,2.6155344e-21
847,207,753,13,1.6924134e-11,0.0,1.4937962e-24,2.3624176e-12,4.4559285e-16,1.1e-44,4.9415394e-12,3.6491986e-12,3.9843066e-13,8.104312e-29,8.9194907e-10,3.3682655e-14,6.917881e-06,0.9999923,1.4479513e-11,0.0,3.1113693e-08,6.43203e-07,1.5323602e-19
848,84,754,13,3.1456435e-16,0.0,8.928186e-29,1.6467375e-12,2.1857662e-09,5.123362e-32,2.0801705e-05,0.00015383224,8.655443e-14,8.7567504e-33,0.0018952402,2.6554096e-11,3.4948283e-10,0.97705495,1.256535e-10,0.0,2.2998369e-11,0.020816026,6.036257e-05
849,754,755,13,2.9797187e-12,0.0,1.5316142e-24,5.974451e-20,9.0394476e-17,1.9426433e-33,3.2636745e-15,1.1501739e-12,1.2985794e-18,4.2725624e-29,5.416077e-10,1.0088575e-17,5.77933e-15,1.0,3.4043572e-14,0.0,5.3964976e-13,2.1936955e-07,3.730517e-16
850,755,279,17,3.2630908e-14,0.0,1.7949833e-29,0.036997195,1.9159097e-07,4.33554e-38,0.087929405,7.983712e-16,6.1917864e-14,1.6212567e-27,0.00035254622,4.680427e-13,0.041589767,2.0266844e-09,0.00034108222,0.0,8.4471506e-11,0.83278835,3.2519924e-15
851,453,756,5,5.784691e-22,0.0,3.3618292e-32,1.1585125e-22,7.218502e-13,1.0,5.832554e-14,3.763195e-14,3.2637582e-17,5.762795e-38,5.977666e-12,1.9233126e-15,2.686407e-23,6.9891187e-16,8.750936e-19,0.0,9.2378646e-18,6.2062517e-16,2.0558746e-11
852,756,757,5,1.2437591e-25,0.0,1.8632358e-37,5.621652e-26,9.099132e-16,1.0,1.9865584e-18,4.7228857e-18,4.0573132e-21,3.2271853e-33,3.347454e-12,1.1747535e-19,4.5801294e-25,1.0312343e-18,1.4031027e-19,0.0,1.5459346e-19,1.4526632e-21,1.0402386e-18
853,757,758,5,9.569727e-25,0.0,2.7924213e-37,1.4347304e-23,4.2597057e-14,1.0,5.2379412e-17,5.412561e-19,4.3409377e-22,1.2111503e-22,1.4099345e-09,5.2120224e-20,5.155148e-22,4.6754006e-18,3.8065772e-16,0.0,1.9269658e-19,6.403271e-20,1.9983207e-21
854,758,759,5,6.4613016e-20,0.0,7.289566e-27,1.2225911e-17,2.4466667e-06,0.99963766,9.609408e-12,6.2038853e-16,1.7914109e-16,1.3037626e-16,0.00035839726,1.1960464e-12,1.6001252e-14,3.1917187e-17,2.7938905e-08,4e-45,4.5162387e-14,2.7920705e-14,6.0337437e-14
855,759,760,10,1.9125807e-21,0.0,3.3124836e-27,3.570776e-12,5.3064953e-12,7.643454e-34,7.4992823e-10,1.2878172e-15,3.8344634e-13,6.879405e-29,0.99998474,4.537871e-09,1.45565955e-05,4.398185e-18,6.046696e-13,4.33e-43,2.9796377e-13,1.3791233e-10,4.954766e-14
856,760,412,12,8.0950796e-20,0.0,1.2395493e-31,6.1971924e-08,7.9609453e-13,5.7888937e-34,0.0001632297,1.9806168e-12,2.3816948e-09,7.3037434e-17,5.731485e-09,2.1806681e-10,0.99982834,1.3666873e-14,8.886425e-07,0.0,6.811331e-06,1.3162361e-08,2.7719347e-17
857,36,761,13,4.8900233e-06,0.0,1.1838501e-26,5.2145747e-25,1.1400206e-15,0.0,8.886834e-14,4.653e-18,1.1718862e-16,4.9245173e-31,2.8222202e-10,1.0280509e-14,4.6418405e-14,0.9999962,9.9801886e-15,0.0,7.2673726e-07,8.3125473e-10,9.038989e-19
858,761,762,16,1.35391085e-08,0.0,1.4868841e-30,3.1939761e-22,7.782276e-16,0.0,2.9138778e-15,3.1321846e-16,1.3509886e-11,1.648479e-34,2.141108e-12,3.9562897e-12,3.230966e-11,2.5967185e-11,5.799974e-17,0.0,1.0,4.2149178e-13,1.876907e-19
859,762,544,8,3.4178722e-17,0.0,1.6232576e-32,5.875278e-20,2.1490963e-18,1.15649e-40,2.8568977e-07,8.8166535e-17,1.0,4.2e-44,9.026717e-13,8.985207e-15,6.210013e-10,1.4112288e-20,3.3379583e-17,0.0,2.062166e-11,6.1533413e-12,6.0179623e-18
860,237,763,13,0.0007029885,0.0,9.022452e-27,4.1988166e-23,1.917528e-12,1.6947509e-20,3.682739e-09,1.4442774e-11,1.8505908e-08,3.357384e-31,2.6230158e-08,2.4600517e-12,4.90827e-11,0.9992831,7.736266e-12,0.0,1.2342857e-05,4.9579524e-10,9.0309005e-17
861,763,764,16,7.6902834e-10,0.0,9.736263e-35,6.091037e-18,6.050994e-11,2.8735197e-31,4.124041e-12,2.1586136e-08,1.5851087e-12,1.7055927e-30,3.8462164e-11,1.9459527e-09,8.722785e-09,2.675823e-07,1.850933e-12,8e-45,1.0,1.2556438e-10,9.227044e-20
862,764,746,8,3.7524583e-14,0.0,4.797378e-30,1.0322808e-11,3.5540074e-19,0.0,1.6932306e-07,7.233604e-14,0.9992792,6.703643e-33,2.3333062e-15,1.2093005e-12,3.0238145e-05,7.4675856e-20,5.9974175e-14,0.0,0.0006917439,1.8531365e-13,1.3319421e-19
863,237,765,13,3.0316736e-09,0.0,5.1995865e-29,1.2976712e-21,2.393066e-12,9.14386e-20,8.152758e-11,2.4639537e-16,3.3741117e-17,9.229e-42,9.758063e-10,1.3708736e-16,3.530085e-15,1.0,1.2546371e-12,0.0,8.362264e-16,1.2288389e-08,2.4472348e-22
864,291,453,6,1.1610448e-12,0.0,1.2750305e-29,2.0046484e-08,4.6652542e-07,1.0588365e-23,0.99900866,3.4683104e-15,3.5159058e-08,1.15e-42,0.00010177043,1.2879582e-10,0.0002635659,7.524904e-17,5.23276e-13,0.0,0.0006139158,1.1202687e-05,1.02991204e-13
865,453,765,5,2.1265736e-24,0.0,2.50985e-38,1.3999634e-20,1.3145963e-14,1.0,1.1464194e-13,8.722882e-17,1.5873175e-19,2.0968976e-31,4.639104e-11,5.4205556e-20,6.718796e-19,1.3098201e-15,2.6914824e-17,0.0,8.3647945e-21,6.9863165e-17,3.3801982e-21
866,765,766,10,7.128234e-19,0.0,1.13387135e-36,4.236796e-12,9.437383e-07,3.5951846e-13,3.1037634e-05,2.9456765e-13,1.7079014e-18,3.7084652e-25,0.99996567,6.003941e-14,5.6930034e-09,1.8911818e-10,5.9261197e-07,0.0,1.2926567e-13,2.906914e-09,9.663065e-22
867,766,767,10,6.8548226e-17,0.0,7.382052e-27,1.6705243e-08,3.7759773e-07,2.8534958e-32,0.19180727,1.6367885e-09,3.2145029e-12,1.754519e-30,0.8077729,3.2803616e-08,0.0004092807,3.695647e-15,1.0408091e-05,0.0,7.882408e-13,1.4481137e-08,6.891688e-17
868,767,195,8,1.8390808e-12,0.0,1.8543183e-27,2.599899e-12,7.858625e-14,0.0,9.1420465e-05,2.4328248e-08,0.9999084,5.4526495e-31,8.7934277e-13,9.6593955e-11,2.8555795e-07,2.922072e-14,1.2314673e-07,0.0,1.8730593e-11,1.8001112e-08,5.388413e-13
869,72,768,7,2.1353014e-19,0.0,8.1911276e-35,3.7186816e-16,2.4404524e-11,5.9213155e-19,4.4239016e-08,1.0,2.87982e-15,2.9576991e-30,3.827484e-10,5.013282e-08,5.9830867e-15,4.790861e-10,2.9020997e-13,0.0,2.7612887e-15,2.3522173e-07,1.935551e-09
870,768,769,7,8.297456e-20,0.0,2.7669052e-25,4.199564e-18,1.0961653e-11,9.147423e-19,4.441167e-15,1.0,3.0666354e-18,6.9346906e-27,4.9642094e-13,4.009994e-08,1.9644532e-13,4.1088072e-13,1.7479633e-10,2.669093e-38,6.8781976e-14,2.4729998e-11,1.7540977e-15
871,769,770,7,8.115862e-19,0.0,6.841254e-20,1.7159324e-12,1.0002396e-09,6.959989e-30,8.38241e-10,0.9999084,1.6495568e-09,4.4454454e-27,5.8462146e-12,2.9482726e-06,3.7807936e-06,4.1124607e-13,8.299577e-05,1.02078085e-32,1.2496113e-06,7.0542594e-09,1.4853783e-12
872,770,291,17,1.3106138e-09,0.0,1.14839e-40,1.4289057e-11,2.5797195e-09,1.5957294e-30,5.9521994e-06,3.2760386e-13,8.064535e-05,7.116209e-31,0.00013230901,1.9286167e-15,4.1468744e-09,1.6998965e-07,3.0635378e-10,2.5e-44,8.899327e-12,0.9997826,9.4029666e-20
873,291,84,17,4.8470948e-17,0.0,6.0977867e-38,1.4310084e-15,5.1735455e-08,5.8703173e-38,0.003382074,7.5376134e-14,7.8464335e-14,7.148151e-38,5.276473e-07,2.7431077e-13,1.0910923e-11,3.952949e-08,1.1313804e-10,0.0,5.064504e-17,0.9966183,1.594913e-16
874,96,303,6,3.796714e-17,0.0,6.70222e-38,7.648684e-09,8.755471e-13,1.0983822e-36,0.99997705,3.754387e-16,1.333767e-12,5.4968113e-34,3.0130753e-10,3.071969e-14,8.126565e-08,1.0973256e-16,1.4131167e-09,0.0,1.0402537e-12,2.2147267e-05,2.9198467e-19
875,412,279,3,6.7461406e-21,0.0,7.900177e-26,0.9976454,1.9196153e-18,4.682991e-39,1.9217278e-08,2.1492392e-15,1.26141e-17,5.9000036e-28,2.1226303e-13,1.0210955e-11,0.0023555981,5.1617673e-19,6.5523786e-10,1.8990489e-31,8.9535754e-11,5.1825736e-15,4.4667037e-15
876,771,48,0,0.9997978,0.0,4.903848e-28,1.2976181e-19,1.639001e-08,1.4445343e-29,4.144378e-08,4.65198e-14,4.3757373e-06,1.024e-42,8.806185e-05,5.261282e-13,1.9024697e-10,2.2103947e-07,1.0713646e-12,0.0,3.1314567e-08,0.00010943475,6.2005154e-19
877,249,756,5,3.85593e-17,0.0,1.7909929e-32,1.5618963e-21,4.515761e-12,1.0,1.7578665e-10,2.0108918e-14,2.7189946e-17,1.2719103e-31,6.018885e-09,4.702966e-18,2.9024164e-16,1.5560244e-09,8.2328203e-13,0.0,1.0400243e-18,9.276371e-15,1.1007832e-18
878,771,772,10,2.8421558e-16,0.0,3.46117e-32,1.4384708e-19,5.351551e-09,3.4126174e-12,1.0592363e-08,1.7836987e-16,4.714854e-12,7.6313573e-28,1.0,7.4073084e-17,3.390414e-13,2.743903e-13,3.26358e-12,0.0,1.678011e-14,4.259339e-11,3.4431267e-18
879,772,773,10,1.0235794e-19,0.0,5.7946335e-28,8.680378e-13,1.7233242e-06,5.427107e-15,1.102423e-09,5.5160217e-15,2.2455272e-16,9.6154145e-06,0.9999886,8.69317e-13,7.1544936e-12,2.9399709e-15,1.793921e-08,4.089471e-32,2.1214948e-15,9.964232e-11,7.235028e-17
880,773,159,9,4.491703e-22,0.0,1.1913224e-30,5.074513e-13,2.3974349e-11,1.9484049e-38,8.809687e-11,9.773775e-12,3.9162252e-21,0.9999962,2.832967e-15,3.0284223e-11,7.598482e-11,4.8984726e-17,4.9447035e-06,1.3084342e-19,1.0768586e-13,7.844458e-14,6.2722598e-21
881,159,774,9,7.124204e-21,0.0,2.0259302e-28,7.741926e-14,2.332511e-10,3.7947e-41,1.87652e-12,9.934225e-08,1.8920454e-20,1.0,4.6729852e-14,5.85116e-07,1.7336493e-14,1.1381651e-15,7.800881e-09,1.112075e-23,4.198097e-15,3.2177887e-13,6.400824e-14
882,774,775,11,2.6236502e-20,0.0,1.6584092e-16,8.0395655e-12,4.6134617e-11,7.562092e-37,8.926781e-16,8.422333e-06,1.8317805e-17,5.28904e-10,1.7896394e-11,0.9999923,1.0419357e-08,6.538972e-17,1.2471575e-08,1.7030813e-32,1.4725203e-13,1.4469098e-16,3.987154e-11
883,775,171,14,2.4840652e-16,0.0,2.2613287e-22,3.673431e-12,7.486963e-10,0.0,7.712472e-08,4.6185096e-06,1.1166835e-15,2.9171467e-08,6.335632e-11,0.007639086,0.0006001888,6.4045674e-12,0.99175626,5.9851124e-32,9.866575e-10,8.914291e-09,6.154149e-24
884,171,776,13,4.1585122e-19,0.0,2.572125e-23,1.9335122e-11,1.1705584e-10,3.3261526e-38,3.175389e-07,4.560074e-13,8.256752e-21,8.15557e-23,9.898743e-08,4.9385755e-14,2.1342442e-10,1.0,5.394962e-10,0.0,1.35147105e-14,5.5200854e-07,8.430728e-12
885,776,183,13,1.6632619e-09,0.0,9.726079e-30,8.120745e-14,0.00020835783,1.8031638e-29,0.06473696,0.0003072899,9.902456e-13,1.2659326e-23,0.0013587313,9.540368e-06,6.386338e-06,0.92450666,3.6171135e-05,0.0,6.0886286e-08,0.008829103,3.477415e-13
886,533,777,3,4.2339185e-20,0.0,1.116224e-29,0.99997336,1.309537e-05,2.00608e-40,1.3690992e-05,7.506165e-14,6.821775e-16,5.62786e-16,1.9750011e-07,5.0949085e-09,9.115115e-08,3.765006e-13,1.9960723e-07,5.337674e-14,7.700973e-09,2.7316682e-09,6.5732045e-11
887,777,378,3,9.820691e-17,0.0,2.747404e-26,0.99652714,6.94103e-08,1.115e-42,5.6699893e-08,7.113927e-09,3.7685237e-07,1.6882959e-15,2.1168726e-06,2.0372223e-05,2.3896476e-10,1.2662349e-11,2.310725e-10,3.3128423e-24,2.1154705e-11,1.6207645e-09,0.0034481478
888,487,778,10,1.4027468e-15,0.0,2.8262059e-18,2.141782e-16,0.0005296748,6.307237e-15,3.755002e-09,4.8550923e-16,2.880644e-15,1.6430961e-37,0.9994623,2.930511e-14,3.2403203e-12,1.7888242e-07,4.6825907e-12,0.0,6.3858283e-13,8.6769005e-06,6.9858124e-09
889,778,389,10,1.7609791e-12,0.0,1.4503893e-26,3.2698717e-05,6.2932777e-06,3.9048733e-21,3.6124645e-06,3.193037e-15,3.360884e-15,1.2156105e-25,0.99618495,3.2462444e-13,5.2171266e-08,2.827688e-07,9.657564e-09,5.0889596e-26,4.926814e-07,0.0037716231,2.017956e-12
890,159,792,9,2.38496e-23,0.0,4.5474565e-23,3.5085246e-15,5.802553e-13,2.6581513e-37,2.381071e-14,7.386672e-12,3.1374248e-22,1.0,6.782937e-14,4.3058185e-10,6.302255e-16,5.3194754e-16,1.35005115e-11,1.2161825e-30,1.4817591e-16,3.220084e-14,7.7514567e-10
891,279,779,3,5.471929e-14,0.0,4.380629e-29,0.9999427,5.057311e-14,1.2379431e-38,1.9473507e-07,2.5320375e-14,2.5989997e-17,2.6281585e-27,2.0760451e-08,4.8599915e-13,5.5364344e-05,2.6638773e-14,1.5756529e-08,3.1597433e-28,7.6018455e-11,8.811952e-08,7.512975e-16
892,779,780,11,1.4110461e-12,0.0,5.623514e-20,8.262459e-05,1.4167198e-05,5.9576345e-34,1.7328414e-08,2.0508814e-07,3.7901954e-13,2.167417e-16,1.1129322e-08,0.6288303,6.5765937e-10,4.0139042e-12,0.37107182,2.3790108e-06,3.4713072e-12,3.5835945e-09,7.0188244e-10
893,780,487,14,6.432861e-08,0.0,2.0165359e-31,1.8560162e-05,1.7458753e-05,1.9847254e-33,4.6112233e-05,1.8875844e-11,9.733527e-10,1.6126565e-14,4.5769926e-07,3.3489355e-12,8.883582e-06,5.4461e-09,0.99980927,3.6402e-41,1.1267858e-08,9.846184e-05,4.775902e-16
894,171,533,9,4.982229e-14,0.0,2.8505097e-28,4.1470397e-13,7.016618e-13,1.2864182e-37,7.097811e-13,2.48749e-07,1.8249559e-13,0.99998474,3.7202414e-09,6.860239e-09,2.0723362e-06,1.5048094e-12,1.2377276e-05,7.58113e-36,1.6284572e-07,2.4605505e-11,7.792527e-23
895,183,781,7,1.2614023e-14,0.0,1.6352545e-30,5.3035352e-14,1.1953521e-06,1.7788533e-24,8.36744e-07,0.7802579,2.648822e-12,2.672534e-10,1.826203e-05,0.21971777,8.763771e-10,4.0836753e-08,3.8206354e-06,2.5e-44,1.7197227e-09,1.0977786e-07,8.0067214e-13
896,781,782,11,2.4135347e-22,8.973949e-20,1.5700086e-21,8.6779084e-10,2.2701117e-13,3.980837e-39,1.607571e-14,2.4847753e-09,2.1753925e-17,8.7238543e-23,8.768176e-12,1.0,8.098403e-08,6.6696994e-16,1.1159202e-09,5.811246e-32,3.5960646e-12,6.395012e-15,4.201958e-15
897,782,783,1,2.3602287e-27,1.0,9.376587e-31,9.419922e-18,7.008801e-22,0.0,6.5242978e-24,8.4354064e-24,9.173199e-22,3.095163e-38,1.1566559e-18,5.203543e-11,5.7809497e-19,6.1664795e-26,1.8113763e-20,0.0,2.7756203e-22,7.5443426e-22,2.014715e-22
898,783,378,1,5.3386434e-32,1.0,1.696902e-31,1.0616974e-13,7.27627e-24,0.0,3.7222007e-24,9.220419e-22,1.7680915e-22,8.86315e-33,1.8454132e-19,2.3886324e-13,7.99174e-20,3.29027e-26,3.4653606e-23,4.016e-42,6.2042795e-26,2.655687e-23,1.8839808e-18
899,378,784,1,1.7877034e-24,1.0,2.8257157e-29,6.421895e-10,2.8515277e-16,0.0,1.3232827e-18,5.476228e-15,3.386985e-15,9.829153e-26,1.2587838e-12,8.425184e-08,8.877604e-17,1.6088606e-20,3.980939e-18,3.4672416e-36,1.8486048e-19,1.8192665e-17,2.7528486e-11
900,784,785,1,3.3279946e-37,1.0,1.323511e-39,6.811133e-18,3.3852706e-28,0.0,1.1936294e-29,1.25417475e-24,4.0128743e-29,4.3239214e-34,1.09256005e-23,7.8952715e-17,3.5542269e-25,5.61373e-31,6.406599e-26,2.2529062e-31,1.3258263e-30,1.8785173e-28,4.6172167e-24
901,785,389,3,1.119339e-25,0.0,1.2934151e-30,1.0,1.1872227e-13,4.113e-42,3.4280903e-13,9.0226225e-20,9.4541846e-20,5.154937e-35,6.1620355e-11,5.7215153e-12,1.35918e-06,1.0354639e-18,5.203325e-11,3.2871678e-28,1.736622e-13,3.3211994e-13,1.7981999e-19
902,533,487,3,1.9869625e-23,0.0,8.1608523e-25,0.9998131,8.6654314e-19,3.4946788e-34,9.803012e-12,7.703296e-16,1.8056882e-16,6.5569094e-31,2.8603005e-14,1.8477575e-13,0.00018726874,7.981709e-22,3.6473948e-09,8.73075e-22,1.4841607e-12,3.8240255e-17,1.331762e-15
903,389,786,10,1.2945178e-12,0.0,2.7623077e-32,4.172571e-06,0.00010080218,4.4006287e-21,3.4682732e-06,4.796781e-12,6.9973725e-13,3.8923132e-25,0.9966488,2.1634927e-09,6.045255e-09,5.4401255e-07,5.5250277e-10,1.352524e-28,4.2000407e-05,0.0032005934,1.7074675e-15
904,786,787,13,2.065947e-17,0.0,7.1319626e-26,3.9206363e-13,7.8236263e-07,6.2990664e-21,1.7056053e-08,2.4981284e-09,2.2803236e-16,6.9771637e-37,0.43844366,2.7698186e-11,2.7172106e-10,0.56154436,1.3479977e-11,5.14708e-40,1.4891179e-11,1.0007912e-05,5.3809333e-14
905,787,476,10,2.2612836e-16,0.0,1.0518471e-24,5.21659e-15,3.074008e-07,1.044462e-39,2.415069e-10,2.713991e-16,6.9853376e-15,3.946452e-32,0.9999923,1.6282459e-07,7.960306e-06,2.8123214e-18,1.6598953e-10,7.002e-41,8.630925e-11,9.989812e-10,7.579522e-18
906,183,60,12,1.5373011e-20,0.0,3.7588323e-22,9.95016e-07,5.836582e-14,1e-45,7.5904186e-06,1.1055782e-15,1.4001967e-15,3.9950344e-29,2.3554358e-11,4.609383e-10,0.9999923,5.421199e-19,3.2714533e-07,0.0,5.1990248e-09,8.611258e-11,4.3878045e-14
907,378,335,3,8.636082e-22,5.1872718e-11,4.799148e-17,0.9985401,2.5439568e-13,1.741471e-36,5.482614e-11,2.8678353e-09,2.151457e-12,4.798255e-23,5.826184e-10,0.001429004,1.34536e-07,3.48238e-13,2.729948e-10,3.103563e-27,1.0974146e-14,9.86855e-14,2.9830158e-05
908,389,340,3,1.0113617e-18,0.0,3.4871026e-26,1.0,2.7501183e-12,1.4528505e-30,6.398689e-10,8.29741e-16,9.053325e-16,1.0730622e-34,4.9486775e-09,1.7737925e-08,8.645998e-08,2.4568273e-18,6.3125005e-10,2.3654842e-34,2.9506505e-11,4.81517e-12,6.9273434e-11
909,533,788,3,8.5038476e-14,0.0,1.7039299e-35,0.99051994,4.6081614e-06,2.5169e-41,3.4852633e-06,9.356856e-10,1.8187067e-07,2.2220826e-11,1.7280101e-07,7.8042605e-05,3.1223604e-05,1.0895429e-15,5.583839e-05,2.9350796e-11,0.009306839,2.7805984e-09,1.4540634e-17
910,788,789,15,1.7058824e-26,0.0,5.0524606e-33,7.8720305e-08,3.2033444e-16,3.92173e-40,3.975946e-18,1.0156523e-12,1.781847e-18,2.5723336e-36,5.928263e-16,4.95835e-10,7.160876e-14,3.374243e-23,3.6655287e-16,1.0,1.820546e-15,4.9380595e-17,9.218222e-18
911,789,790,15,1.5253961e-27,9.613493e-39,2.4035706e-33,1.9677092e-12,2.5866068e-17,1.476708e-39,3.437634e-22,3.9407586e-13,1.8712882e-26,3.9428577e-31,4.3731593e-17,3.017272e-11,1.2873487e-18,3.2029455e-21,1.6441051e-15,1.0,2.7694544e-22,9.862498e-20,2.766118e-22
912,790,791,15,4.5064338e-27,7.1e-44,1.3204128e-34,6.506712e-13,1.3484705e-19,4e-45,2.5788647e-23,2.1013519e-14,4.633265e-27,2.0737824e-22,3.6844647e-18,1.1078676e-13,3.4938778e-20,1.5758528e-21,2.3680156e-16,1.0,1.6716065e-25,6.6458853e-21,2.0951401e-22
913,791,792,15,2.2750787e-21,0.0,1.8214451e-34,3.2701093e-05,1.7902776e-15,2.4716763e-36,5.4842168e-14,1.3166364e-10,1.2339021e-16,0.001894539,2.8152377e-13,3.1971162e-10,9.063779e-12,1.8789226e-16,1.6166211e-09,0.9980716,1.15801356e-14,1.5700509e-13,1.0856548e-16
914,792,412,3,1.4289988e-18,0.0,3.2742542e-27,0.9885646,2.980409e-14,5.9027798e-33,0.00018494512,2.0514838e-07,1.1713707e-11,1.5428856e-08,5.5691623e-12,2.2633707e-10,0.011224993,4.0798098e-10,2.5456076e-05,7.407827e-29,1.5820008e-08,3.8806185e-09,9.563262e-11
915,401,267,12,1.077358e-24,0.0,5.946468e-25,0.0012636826,6.9878965e-15,1.8852e-41,0.0044931513,1.2029523e-10,4.075026e-14,3.96191e-26,5.483009e-12,8.43321e-11,0.9942412,3.8774818e-16,9.660705e-07,8.64866e-40,5.2108932e-11,2.2854602e-10,1.5076866e-14
916,96,793,6,8.026455e-18,0.0,2.3063521e-29,3.3573482e-07,2.1967369e-13,8.512533e-32,0.9987801,1.5154054e-09,8.656495e-15,1.3796e-40,1.1761114e-05,8.4196214e-09,0.0012088264,4.7828946e-12,2.4873628e-10,0.0,2.7505318e-09,2.0843613e-08,3.0976961e-12
917,793,794,12,1.6594458e-25,0.0,2.0626136e-27,6.398995e-06,1.1180815e-15,2.8700272e-37,3.0130009e-06,1.7323524e-08,3.1574974e-16,7.3703804e-33,2.1964238e-08,1.8016766e-09,0.9999923,6.350373e-17,6.8868196e-11,2.618515e-39,6.5748196e-08,1.1548915e-12,3.1449611e-15
918,794,267,8,9.489288e-16,0.0,1.073988e-26,1.6442264e-05,1.4375306e-07,3.6e-43,0.045951806,1.6193431e-09,0.7840411,3.0547118e-20,0.00018448853,8.430273e-06,0.16952199,3.0264433e-14,4.1969156e-06,0.0,2.3401817e-05,0.00024646078,1.5439522e-07
919,267,795,11,5.3471147e-12,0.0,1.6735266e-25,2.2005228e-10,0.01493642,4.142e-42,1.2262873e-07,2.726696e-06,0.052119903,3.406407e-23,1.5622903e-05,0.9328886,1.2827649e-11,2.6869791e-17,5.9262807e-06,1.2995011e-33,1.165533e-09,6.0903744e-07,2.8832754e-05
920,795,796,8,5.8136845e-10,0.0,1.6929069e-23,2.0019096e-11,1.6718003e-07,0.0,6.264472e-11,1.4369336e-06,0.6651178,5.4304055e-28,1.7916e-11,0.33486095,7.084601e-08,8.1661405e-19,1.489361e-05,1.8056955e-38,3.8214225e-06,3.5395213e-09,2.7160844e-15
921,796,464,16,8.9257185e-10,0.0,2.571495e-32,1.4105356e-11,2.4157227e-18,0.0,2.0384687e-10,2.7335025e-17,1.15620624e-10,1.2048837e-36,1.0959735e-10,7.1412894e-14,3.0412824e-05,1.4089591e-12,4.2193815e-17,0.0,0.9999695,1.2439734e-09,1.1115164e-21
922,499,797,13,4.1571927e-13,0.0,6.3624095e-29,6.9184156e-19,2.387672e-16,6.14e-43,4.6164448e-15,1.7600827e-08,1.151033e-14,8.86876e-40,2.5628108e-08,8.5383073e-13,5.615758e-11,1.0,3.746e-18,0.0,5.716054e-07,6.353785e-11,7.8308646e-19
923,797,798,11,4.4784116e-21,0.0,6.7426383e-22,6.068232e-13,8.888717e-10,2.5680001e-36,5.633585e-12,0.14560068,4.6020997e-14,1.7413153e-32,2.5146262e-05,0.854367,8.591397e-06,4.4644835e-10,5.7016756e-09,5.793805e-32,2.756399e-12,3.9153493e-11,5.3249943e-10
924,798,401,7,2.1939254e-26,0.0,5.865949e-39,4.4281716e-09,8.6570134e-10,3.9740417e-30,0.00010354041,0.9998474,8.990942e-13,3.2073899e-25,1.9764312e-09,4.6696565e-05,2.9771698e-07,5.8410117e-15,1.3363984e-07,6.0491336e-38,7.244246e-11,3.4577528e-09,2.9832544e-13
925,401,370,3,1.0085574e-17,0.0,2.5504853e-29,0.49418306,3.708233e-13,4.1973604e-30,0.048537377,0.056974772,5.4667454e-10,5.108566e-26,3.423424e-06,5.2777665e-05,0.40024436,1.8700405e-10,2.237233e-09,3.07e-42,3.9508423e-06,1.6236808e-07,4.2831033e-07
926,499,365,12,1.3480339e-26,0.0,3.8320542e-26,1.5510952e-07,7.0592717e-15,0.0,1.569138e-09,4.7009055e-17,1.6992607e-15,5.6970964e-36,2.805521e-08,1.5600516e-12,1.0,1.8496034e-15,7.753726e-12,1e-45,1.7468169e-10,5.36801e-09,7.682503e-20
927,476,345,12,1.2044413e-23,0.0,5.8139474e-26,0.0015037087,8.333229e-07,4.038086e-23,1.1083962e-05,1.436602e-10,3.009673e-11,3.251405e-25,0.0039806506,7.2286366e-07,0.99449915,6.284367e-17,4.616695e-06,9.529992e-38,2.0063095e-07,1.2642188e-09,2.8663313e-13
928,510,350,12,1.1767242e-16,0.0,8.142297e-38,9.252941e-07,3.527287e-14,2.0803419e-38,9.911335e-06,4.6110555e-09,6.696112e-08,1.5885549e-17,2.5139115e-09,1.3478023e-11,0.99997705,4.3984334e-12,6.8042928e-06,2.23412e-39,3.7617463e-06,4.681988e-10,6.8494173e-23
929,360,355,12,1.6272895e-22,0.0,8.769123e-25,0.015050524,9.902839e-12,1.455e-42,4.1841568e-07,1.7486085e-12,4.386656e-11,3.9256633e-36,3.83147e-11,3.2606764e-07,0.9846054,3.9127376e-18,0.00034265628,1.4607418e-30,9.0569746e-11,3.7559154e-11,1.9573588e-16
930,60,799,11,1.788896e-18,0.0,2.370042e-22,1.7389687e-13,3.4993448e-06,2.3455287e-18,1.1580171e-08,0.0001927598,7.510712e-16,2.568719e-18,2.1165633e-08,0.9998054,1.8218217e-10,6.1816643e-13,1.2636987e-08,1.8573685e-28,1.0757322e-08,1.27274346e-11,1.1822819e-07
931,799,800,11,1.9213925e-21,2.986129e-32,8.205379e-22,2.8701403e-12,2.7165653e-12,1.2236922e-32,5.409296e-13,4.3585688e-10,4.399828e-19,8.533436e-25,6.679873e-12,1.0,5.3343894e-09,6.1281206e-17,4.731076e-09,1.8264547e-34,1.96608e-13,3.5929054e-15,2.0938602e-16
932,800,801,1,8.7560826e-33,1.0,1.8584553e-33,3.0128532e-20,4.981009e-23,0.0,1.7069175e-26,2.8992603e-25,7.4111667e-28,7.81497e-40,4.0399714e-20,6.6355e-13,3.6610755e-21,1.9420638e-27,9.285578e-22,0.0,1.1264195e-25,2.0477524e-24,2.7998517e-25
933,801,335,1,1.2325773e-28,1.0,4.7272047e-21,7.719609e-12,1.5356723e-19,1.297e-41,1.8455751e-19,8.273294e-16,5.9107697e-21,1.0171702e-31,3.292382e-17,4.086106e-08,8.871481e-16,5.468177e-20,4.734665e-18,0.0,2.7415977e-23,2.8385543e-19,3.5078704e-14
934,335,802,11,5.4651174e-18,0.020357106,2.5630351e-16,1.9440236e-09,2.8515486e-09,7.493419e-33,2.98223e-13,3.4755428e-07,1.1290388e-11,1.9016661e-23,3.1579077e-08,0.9795516,1.3755694e-13,4.4904727e-13,2.274178e-12,5.342e-42,6.452887e-17,5.5802238e-11,9.067304e-05
935,802,803,1,5.357307e-33,1.0,1.9022785e-35,2.5865054e-19,9.955503e-24,0.0,1.860951e-27,8.630384e-22,1.0580394e-26,6.757709e-35,1.9501924e-20,9.2817206e-14,2.8947737e-25,2.7524484e-27,1.1079037e-24,1.8720293e-35,7.5730924e-29,1.0589126e-24,4.3669825e-21
936,803,340,3,8.323642e-20,5.8343104e-37,1.4160983e-20,0.9999427,6.7698697e-10,6.2202236e-35,5.805868e-15,1.97793e-11,3.153006e-17,1.1425794e-17,4.3126032e-12,5.8517464e-05,2.995975e-10,3.6664956e-15,2.4632695e-07,1.3604258e-20,1.5226332e-14,8.0944556e-14,1.3423473e-12
937,340,804,3,2.4771868e-15,0.0,1.00045663e-25,0.9999809,3.816977e-07,3.615332e-36,3.1226605e-11,8.571533e-12,6.051272e-18,1.062191e-14,2.0506984e-10,3.2854743e-06,6.543611e-10,5.787035e-13,1.5201041e-05,5.049506e-13,2.2578343e-10,5.7570264e-12,2.7085803e-17
938,804,805,15,3.6333747e-21,0.0,4.952862e-27,4.9448516e-07,1.4071215e-13,5.7690726e-35,5.206945e-16,4.691287e-09,4.596256e-22,8.332499e-14,1.2948932e-12,1.9553701e-12,1.9916082e-14,1.6455177e-14,5.2990334e-11,1.0,9.776504e-18,3.6453707e-13,3.3335719e-15
939,805,345,3,5.1643874e-19,0.0,1.835597e-35,0.99351704,2.4636522e-09,4.5579742e-26,0.0043039788,1.03812354e-07,6.4041277e-12,1.4093834e-20,5.2007385e-06,4.9059884e-10,0.00018969533,7.9172986e-07,1.058466e-06,3.78842e-40,3.334078e-09,0.001981941,5.496424e-15
940,345,806,13,4.126283e-16,0.0,1.5547199e-23,2.1646469e-18,1.2254256e-09,2.332901e-19,1.8613931e-10,1.3055859e-06,1.5873754e-15,1.3288314e-26,4.3861506e-05,2.1914495e-11,1.12149085e-14,0.9999543,2.9930591e-12,0.0,2.9490497e-13,2.664373e-08,1.4335628e-11
941,806,807,13,3.9338864e-17,0.0,2.9855997e-28,3.0445535e-14,1.3151098e-11,5.5972794e-26,6.1185354e-12,4.2181318e-07,2.479276e-15,5.4616492e-36,0.0008572909,8.956978e-14,8.191847e-12,0.999142,9.20985e-12,8.258127e-39,8.2172886e-13,2.1928075e-08,4.6233584e-13
942,807,350,13,4.8627283e-16,0.0,8.416954e-32,7.344096e-07,1.1290652e-10,2.8702872e-24,0.00013694967,2.1664786e-05,1.910106e-09,2.863535e-27,0.009660099,3.347711e-11,2.8531867e-05,0.99013084,4.635502e-08,0.0,2.170454e-08,1.9670557e-05,1.4737009e-12
943,350,808,13,2.3806376e-12,0.0,1.2660585e-30,8.2666214e-20,1.036989e-12,6.4823195e-25,2.3781632e-09,4.8600828e-06,5.6416657e-14,1.814098e-23,5.7637404e-08,5.0229173e-13,7.677957e-14,0.9999962,1.09034335e-11,0.0,3.1802176e-12,5.4835013e-08,3.349323e-17
944,808,809,7,2.0420514e-15,0.0,2.1585252e-21,2.845965e-15,5.842096e-10,3.4572894e-25,4.5834582e-14,0.99993515,1.9966617e-19,8.005979e-15,7.335266e-10,6.0514278e-05,6.7785266e-10,7.407052e-10,2.5026056e-06,4.514771e-23,7.417538e-11,5.334417e-14,2.2891012e-15
945,809,355,14,1.248653e-14,0.0,1.0110538e-24,9.932156e-05,1.2960297e-12,7e-45,3.2825254e-09,5.867838e-06,1.4816845e-10,1.4574199e-21,1.1125183e-12,0.0064932317,0.0016119706,4.3183543e-17,0.99179035,2.7994295e-14,9.172375e-11,8.688993e-13,3.3194417e-19
946,401,810,7,1.6289479e-22,0.0,8.8005647e-38,1.1997997e-17,8.8101735e-15,8.188873e-21,2.6856053e-10,1.0,1.082287e-12,5.092419e-25,3.2963393e-10,5.166598e-10,1.5736246e-13,6.0736804e-11,2.463909e-14,1.365e-42,6.3993935e-11,6.007547e-11,7.0940326e-10
947,810,811,10,3.5088305e-16,0.0,1.3078703e-19,2.021516e-19,1.7136962e-11,4.690132e-28,3.5032025e-07,0.018312776,1.4191129e-09,4.607574e-39,0.9802244,2.213903e-09,2.3924538e-05,0.0014295329,2.1774073e-12,0.0,7.1495224e-06,3.9042308e-07,4.7607285e-10
948,811,812,10,4.2472695e-25,0.0,2.0050505e-26,8.2457655e-14,1.2990094e-12,0.0,7.490448e-10,1.3095718e-13,9.8487854e-18,7.3362947e-34,0.9999008,2.3887545e-10,9.84025e-05,2.4851657e-15,1.8833318e-13,0.0,8.10519e-11,5.551896e-12,4.2236375e-15
949,812,813,10,1.4137307e-25,0.0,1.1896894e-27,8.9398806e-13,7.3707757e-10,8.246361e-37,1.0391016e-08,1.7140212e-13,1.6311034e-17,3.0848443e-26,0.9999886,1.7792799e-10,9.769741e-06,6.4143865e-15,1.9586112e-11,0.0,4.0243143e-12,3.8260697e-09,1.926133e-14
950,813,303,17,3.2806314e-19,0.0,1.2867393e-34,3.383247e-11,8.197796e-10,1.9194104e-33,0.004472835,1.3516746e-18,9.475123e-13,1.5789067e-32,3.123647e-05,1.3338362e-15,4.4547255e-07,9.775704e-14,1.4653155e-11,0.0,4.684743e-16,0.9954974,2.4131712e-18
951,476,814,4,3.0267055e-16,0.0,4.284327e-23,8.0815324e-13,0.99728,7.658381e-38,3.368628e-05,5.017495e-14,4.4499913e-20,1.1662942e-30,6.667571e-06,8.5780844e-10,3.9042437e-08,2.4145599e-12,0.0026760122,6.424e-42,1.0425811e-13,2.7583742e-06,1.456057e-23
952,814,815,14,1.167397e-17,0.0,9.662601e-19,1.6819483e-11,1.3262269e-06,4.14655e-28,7.2748344e-07,0.00040965405,5.747407e-15,4.1998283e-22,2.5718418e-07,1.7204668e-06,0.23120756,1.2525007e-10,0.76837796,3.1778003e-37,3.7536597e-07,3.127149e-07,7.4343006e-13
953,815,510,6,5.068429e-09,0.0,4.2248625e-30,1.2436781e-18,0.028933723,2.755987e-21,0.9387468,3.2436734e-11,2.6688714e-14,7.6488804e-26,2.3489456e-06,9.098099e-14,4.899125e-10,0.012833972,5.0409813e-05,0.0,8.147629e-11,0.019433187,6.3588476e-20
954,510,816,13,3.0562777e-10,0.0,1.3266189e-25,2.8987797e-21,4.0616032e-06,7.509509e-23,4.214437e-05,8.431735e-10,2.3113225e-19,1.1438508e-28,1.8249199e-07,3.1701716e-15,9.7961335e-12,0.99993134,5.4066902e-08,0.0,1.3989389e-12,2.1825628e-05,3.734411e-20
955,816,817,7,8.554575e-13,0.0,6.183894e-24,7.0273676e-11,5.4045454e-08,6.1395186e-31,1.809577e-09,0.9723143,3.5960098e-12,6.597238e-28,3.252651e-07,2.1051486e-05,0.025376804,0.000106615844,2.8062396e-07,6.7303265e-23,0.0021812,7.206692e-07,1.5152844e-16
956,817,360,12,1.5772639e-16,0.0,4.0479172e-27,0.015520462,0.010044033,1.6082155e-36,3.496344e-05,1.8619053e-09,5.3488886e-05,4.377047e-25,2.8723083e-05,7.747988e-05,0.97298586,1.9978142e-17,0.001185658,1.3543e-13,7.27964e-06,6.2824154e-05,4.2698723e-15
957,360,818,4,3.2863348e-16,0.0,1.3478103e-22,3.3640565e-05,0.9954745,1.4798572e-21,0.00014268844,1.3131955e-10,8.16208e-07,3.6370532e-34,0.0005998249,1.3837272e-05,0.0035557044,6.63913e-18,2.505384e-07,2.2090632e-22,0.00013327095,4.6098165e-05,3.5618668e-11
958,818,365,4,5.5179167e-22,0.0,1.978277e-26,1.3035124e-11,0.9977062,1.193804e-19,5.5041914e-06,4.8089846e-19,1.0611516e-19,6.736045e-33,0.0022888621,2.8644817e-07,1.2962387e-10,7.148835e-15,1.4798882e-10,1.8032822e-35,9.148263e-11,6.028772e-07,8.340745e-12
959,365,819,4,1.4339056e-21,0.0,1.565299e-25,1.0887468e-12,0.99953854,3.2705512e-24,2.8536706e-09,2.091292e-14,2.4015887e-20,1.6621256e-25,2.5487936e-06,0.00046042827,8.412504e-14,1.6157114e-13,9.9487885e-08,7.09033e-24,1.1782852e-12,2.854893e-07,1.0158161e-10
960,819,820,11,1.4992125e-18,0.0,1.4436172e-25,3.1761333e-11,2.8175884e-07,1.263838e-39,2.467187e-10,3.910575e-10,3.5469464e-14,1.9089765e-17,4.0129962e-07,0.9999047,1.1271562e-07,2.1454524e-17,9.569496e-05,8.233921e-20,5.434648e-15,3.4078222e-09,4.4242023e-17
961,820,370,7,1.8861759e-16,0.0,4.8540597e-29,1.9287288e-06,2.228255e-10,1.4711703e-31,0.00071835105,0.97042453,5.716803e-12,1.2998032e-11,2.7765373e-10,0.000461427,0.009277454,3.2795577e-10,0.019117022,1.4177339e-23,6.5812436e-08,5.893621e-11,7.99603e-15
962,370,821,13,8.823607e-12,0.0,3.6802128e-23,3.6566294e-10,4.4925527e-10,5.198894e-21,0.015905075,0.010248542,7.9407505e-12,1.940025e-22,1.3451253e-05,1.9191408e-09,3.8609958e-08,0.9738251,7.411521e-09,0.0,2.1988006e-12,6.4898045e-06,3.0030165e-07
963,821,141,12,2.6608837e-12,0.0,8.7747406e-33,1.3446133e-11,1.0921625e-11,3.2536735e-34,1.8728293e-05,1.3104967e-12,1.6875994e-09,6.0483675e-32,1.2251425e-06,2.538845e-15,0.9999809,2.1796307e-08,6.994109e-08,0.0,5.1909588e-09,1.6788677e-08,5.794317e-23
964,464,499,12,1.6871607e-10,0.0,1.9531689e-29,5.7348814e-07,8.7119216e-14,4.413e-42,6.4256545e-07,1.57477e-15,9.177078e-08,4.059228e-39,0.00053659145,3.928209e-14,0.9836443,1.7731998e-05,3.476951e-13,0.0,0.015798345,2.3855991e-06,2.5870384e-19
965,499,822,12,1.23463605e-17,0.0,1.0238642e-27,2.1538685e-07,4.803164e-15,5.2988826e-37,5.534993e-07,6.642273e-10,3.9573673e-09,3.8757987e-37,6.994222e-06,1.8914037e-12,0.99992746,2.0483189e-05,3.8918196e-12,3.18099e-40,4.3876735e-05,2.6059049e-13,1.4912905e-17
966,822,510,6,5.8051165e-07,0.0,1.2675646e-25,9.056494e-18,5.8073565e-06,3.1323602e-26,0.9056779,5.407442e-12,1.0568454e-11,1.6605293e-24,2.9916285e-07,4.5490192e-15,1.7161023e-05,0.08722184,6.619702e-05,0.0,7.952559e-08,0.007008548,1.8626499e-18
967,464,476,4,2.6589673e-11,0.0,4.0181403e-23,2.591841e-10,0.65653193,6.190054e-39,0.051245745,1.6895588e-15,3.035359e-13,7.3123065e-31,9.29888e-05,2.3406146e-09,4.994907e-05,4.0947157e-10,0.25239438,0.0,1.0096163e-09,0.039686445,2.4963238e-20
968,31,823,8,3.0367788e-16,0.0,4.802761e-30,3.2486424e-24,4.274623e-11,9.517481e-33,2.5906786e-07,5.256557e-17,1.0,1.40843e-40,5.4276744e-12,2.1790798e-10,7.0240554e-15,5.630742e-22,2.701538e-13,0.0,4.3053097e-10,9.600573e-13,2.5564797e-11
969,823,205,8,1.271209e-13,0.0,8.3347846e-30,5.7119215e-19,4.836214e-18,3.7713e-41,1.4812325e-10,3.853917e-16,1.0,1.3112303e-37,2.48543e-16,1.4650236e-13,8.6753426e-14,1.557429e-20,1.6359593e-15,0.0,2.908954e-10,8.7374125e-15,2.181965e-11
970,205,79,6,9.354173e-19,0.0,8.923703e-34,2.3823636e-12,6.5565934e-13,3.6967167e-31,0.99943554,7.301099e-09,2.120943e-09,2.4037077e-26,2.2426728e-12,8.17312e-12,0.0005626135,1.5699355e-15,8.3515864e-08,0.0,5.780235e-07,1.8303151e-08,3.8346367e-14
971,528,229,6,3.070671e-20,0.0,8.9163835e-35,4.6789588e-15,7.508579e-12,6.3534846e-29,1.0,2.4294955e-08,4.2986326e-09,4.4594473e-24,1.287794e-13,2.4115394e-13,7.1959516e-07,7.030114e-15,2.5030996e-08,0.0,3.4592205e-07,3.1329968e-09,3.935932e-15
972,229,124,8,9.069801e-11,0.0,3.0809453e-30,3.531356e-20,1.856491e-12,2.1893326e-21,0.00028533186,3.5622064e-11,0.999466,1.2437702e-30,1.1355553e-06,2.3820649e-11,5.9815834e-14,2.0314616e-15,5.680943e-16,0.0,4.0948227e-11,0.00019775599,4.819744e-05
973,124,824,8,1.4804493e-07,0.0,5.6326966e-22,2.9001942e-22,1.8157195e-14,2.4662104e-31,1.8646693e-10,4.1405295e-12,0.9999962,5.6710638e-33,1.7417958e-07,4.268417e-10,2.4367593e-11,6.036615e-16,5.1006e-19,0.0,2.9886497e-08,2.4098836e-06,2.1357987e-11
974,824,825,8,5.1819543e-10,0.0,4.6672848e-29,1.472789e-14,1.0145317e-15,3.53e-43,9.534573e-08,3.8237984e-14,1.0,1.4546887e-34,1.1526209e-11,3.789409e-16,4.7680754e-08,6.5823276e-14,1.5969368e-13,0.0,7.851604e-09,6.49267e-08,2.950902e-16
975,825,136,0,0.9998588,0.0,7.9414576e-32,4.424639e-18,6.2557043e-12,9.288697e-37,1.6288928e-06,1.6097063e-14,2.9233894e-05,1.00864975e-32,9.580786e-12,1.0930993e-13,2.8488138e-13,3.543445e-06,1.951944e-10,0.0,1.597113e-06,0.000106547544,2.0048808e-20
976,217,826,13,7.092526e-15,0.0,3.606177e-26,1.1888578e-22,2.7009646e-14,1.5201352e-32,2.4563122e-14,5.234092e-11,9.077375e-20,1.1233124e-33,2.1916618e-12,1.2394418e-14,6.69933e-16,1.0,4.0766974e-14,0.0,7.8370296e-13,3.8846668e-10,7.2687113e-20
977,826,827,16,9.573415e-10,0.0,1.110125e-31,1.202382e-20,1.0129362e-12,9.188946e-32,5.999303e-11,0.00031974431,0.010031243,2.3708479e-21,8.221472e-10,5.741004e-09,6.568796e-10,1.1708818e-07,4.1031004e-08,3e-45,0.98964745,1.3205032e-12,5.0465545e-15
978,827,229,8,5.838074e-14,0.0,8.723765e-28,7.247032e-20,1.8576251e-19,0.0,9.868587e-14,1.2313003e-11,1.0,9.005427e-28,1.2663525e-16,2.1569383e-12,3.5451798e-11,1.0408697e-18,2.515085e-14,0.0,5.122386e-09,1.0350163e-13,6.7710893e-16
979,528,828,7,1.155879e-19,0.0,1.3339126e-30,3.9318184e-16,4.883328e-15,1.3018398e-23,1.13926694e-10,1.0,1.7828917e-13,3.02734e-24,9.695791e-12,1.9502172e-10,2.801294e-10,1.8080139e-13,1.6588917e-14,1.3382598e-38,6.0355713e-11,5.0054756e-12,3.227784e-13
980,828,829,7,7.3765493e-23,0.0,2.3357166e-25,2.7261637e-15,6.764794e-15,1.0105199e-20,9.738538e-18,1.0,3.3787985e-18,4.0940367e-21,2.7224135e-14,4.279294e-09,3.121063e-12,3.0357857e-14,7.3819467e-10,2.159552e-31,2.4509444e-14,9.254271e-17,9.6829405e-17
981,829,830,7,7.152382e-15,0.0,5.76975e-29,3.8573686e-11,9.781319e-10,4.1515276e-24,9.20718e-12,0.9974741,1.5206009e-15,8.3920385e-18,5.9541012e-08,4.708447e-08,1.4919518e-08,5.248311e-06,0.0025093874,2.7534103e-30,2.702601e-12,1.1741345e-05,1.759995e-16
982,830,313,17,2.1638294e-18,0.0,8.34968e-37,2.226706e-12,3.87187e-06,2.8198826e-34,1.3054272e-05,8.260306e-15,2.6610914e-16,6.105938e-29,1.5867218e-07,4.121825e-11,4.1741143e-14,3.973508e-09,2.017584e-07,0.0,2.9137163e-19,0.9999809,1.2903534e-17
983,217,830,13,4.375488e-13,0.0,1.3696056e-28,8.4655617e-13,9.918259e-13,4.353358e-37,1.4712149e-09,1.2173396e-13,6.8138687e-16,1.2011152e-30,3.2883552e-08,2.2426866e-15,9.792722e-07,0.9999809,8.123147e-10,0.0,2.3254103e-12,1.9817426e-05,8.212551e-22
984,91,831,13,4.42688e-20,0.0,8.3926595e-30,5.1720206e-10,2.245228e-08,3.612123e-27,0.00031200636,0.14704356,5.865065e-13,1.1216489e-22,0.0031339861,2.1604979e-10,7.069483e-08,0.84455186,1.3883847e-06,0.0,8.1628725e-11,0.004957422,4.5701012e-07
985,831,832,13,8.7568606e-16,0.0,1.768397e-20,3.0672376e-22,2.0865277e-13,1.6540415e-26,1.5830412e-13,8.060156e-08,8.633718e-20,8.097672e-28,5.723639e-10,1.0544718e-14,2.8484973e-14,1.0,1.1982664e-11,0.0,1.1456194e-13,6.57391e-10,8.888617e-17
986,832,289,4,1.3535453e-14,0.0,2.5990124e-30,1.6240298e-12,0.5736365,1.0370672e-36,0.17465582,9.118495e-14,7.6907554e-17,2.5040374e-29,1.1855156e-07,1.1430336e-08,1.4267415e-06,1.93486e-06,0.24906026,0.0,7.549855e-11,0.0026428287,4.108618e-21
987,459,833,5,1.1128175e-23,0.0,1.2253166e-34,1.8944755e-24,1.5168068e-14,1.0,6.108562e-17,1.3927501e-14,1.1246084e-16,2.3323622e-38,1.9755913e-12,9.806012e-18,7.056974e-25,7.502387e-14,1.9186334e-19,0.0,9.419616e-22,8.3622e-16,3.8768054e-14
988,833,834,5,6.2169607e-24,0.0,5.4478924e-37,1.573783e-25,8.531029e-17,1.0,6.6756747e-18,2.4164714e-16,6.573833e-18,1.909052e-37,2.3922456e-11,3.7167454e-20,1.7390007e-22,1.2284877e-15,1.7108219e-19,0.0,3.38455e-19,6.5628264e-20,2.0357939e-19
989,834,835,5,5.4960637e-24,0.0,1.4858866e-37,7.4712464e-24,3.3710918e-15,1.0,6.6823025e-17,7.448471e-19,3.8453018e-21,2.9325409e-25,1.5402681e-09,1.819735e-21,8.2081076e-21,9.922552e-17,2.1560455e-16,0.0,1.5277027e-19,1.3473702e-19,4.9100754e-23
990,835,836,5,7.3981435e-21,0.0,2.6308467e-27,3.7389333e-18,1.5576593e-07,0.999939,2.5080933e-12,1.538008e-16,2.2082683e-17,2.3605122e-16,6.026916e-05,5.790675e-14,1.8905575e-14,2.0897577e-17,7.743806e-09,0.0,8.844251e-15,5.593853e-15,2.1074677e-15
991,836,837,10,3.2713267e-23,0.0,6.271624e-25,9.665975e-15,1.9230972e-10,9.345624e-39,6.259435e-10,1.0870862e-13,2.4442313e-14,5.352749e-34,0.999939,8.903246e-09,6.020344e-05,4.4429397e-18,1.6965884e-12,3.95e-43,8.7744334e-12,4.2671574e-13,1.4456154e-13
992,837,421,6,8.245073e-14,0.0,4.673475e-33,2.020056e-07,0.010176045,1.4858586e-14,0.91642016,8.25158e-08,1.2849658e-08,2.3635462e-18,0.0011579052,1.659214e-07,2.143641e-05,1.9439939e-09,0.00031273803,3e-45,1.9211434e-06,0.07191003,4.9936953e-17
993,43,838,13,9.288847e-05,0.0,9.845976e-24,2.7717118e-25,2.0925917e-15,0.0,4.7434245e-14,1.0671571e-16,6.633925e-15,7.66379e-30,1.5646962e-10,7.5436e-13,5.0639544e-13,0.9998397,4.1057808e-14,0.0,6.865882e-05,3.869323e-10,2.0172503e-17
994,838,839,16,3.5944654e-09,0.0,1.2024394e-31,4.7814264e-23,2.3613417e-15,0.0,1.0529439e-15,4.880962e-15,9.4110844e-11,2.2327032e-34,2.0822421e-13,6.530092e-11,4.2389946e-12,2.6335165e-13,1.5538539e-16,0.0,1.0,2.8912484e-13,3.4518836e-19
995,839,31,8,2.2882272e-16,0.0,2.1818269e-23,1.6195571e-19,2.6747276e-17,1.840388e-39,7.6164786e-10,8.8616335e-17,1.0,8.518186e-39,1.4429324e-13,1.6805816e-12,3.8270293e-11,4.3904444e-24,2.756278e-16,0.0,8.755145e-11,3.46437e-15,1.0740366e-12
996,244,840,0,0.86730176,0.0,1.8260312e-25,1.8302332e-21,2.8953435e-13,3.9051635e-25,2.1368859e-08,6.9935977e-09,5.740422e-06,4.886277e-28,1.09266844e-08,1.5018634e-10,3.1659753e-09,0.098225266,2.8040828e-11,0.0,0.034465846,3.3718226e-09,1.4282215e-15
997,840,841,16,1.1233776e-09,0.0,1.292185e-33,5.248479e-18,7.2376406e-12,1.1149158e-32,7.0932136e-12,6.8735204e-09,8.896433e-14,8.80204e-31,1.1634528e-11,1.2282665e-09,7.047159e-09,1.3088408e-08,1.8994873e-12,7.985e-42,1.0,4.8971792e-11,1.3198286e-19
998,841,823,8,2.1236122e-11,0.0,2.5126172e-24,1.1196198e-12,1.9551733e-15,0.0,3.8785924e-08,3.0796664e-14,0.9999923,3.6107944e-30,8.042558e-15,1.6807755e-10,2.3907558e-06,2.6636845e-21,5.763185e-10,0.0,3.9079882e-06,2.9827553e-12,9.318566e-17
999,244,842,13,3.1365737e-08,0.0,3.7953892e-28,5.746359e-21,1.4848904e-13,8.595983e-22,9.939711e-10,3.9208118e-15,5.7566635e-16,6.46387e-40,9.111937e-11,7.920128e-17,6.606855e-14,1.0,8.10123e-12,0.0,9.533849e-15,1.09836506e-07,1.3986123e-21
1000,301,459,6,1.096869e-09,0.0,3.63403e-34,2.8739634e-05,3.3307874e-08,3.6365806e-27,0.9991497,5.2645685e-15,0.00028495875,1.6036608e-32,5.2610343e-08,6.431421e-13,7.815726e-06,9.665393e-13,1.0168247e-09,1.3744e-41,0.00032809316,0.00020043617,4.854036e-16
1001,459,842,5,2.8882922e-22,0.0,5.1351924e-35,1.4556762e-20,2.346482e-14,1.0,3.3107872e-14,3.5332948e-13,6.996534e-16,4.841189e-29,1.3931999e-09,1.1534174e-18,7.965327e-19,2.8831155e-09,1.0031368e-15,0.0,1.5225122e-20,6.682109e-14,3.6290725e-18
1002,842,843,10,2.978349e-16,0.0,3.0626762e-38,1.0666052e-13,2.8473544e-08,1.223622e-10,4.568084e-05,1.7053537e-13,6.133175e-16,1.451994e-27,0.9999543,2.3522524e-15,2.6221028e-10,7.1030803e-09,1.0960838e-07,0.0,2.1366604e-13,2.80121e-09,7.2065284e-22
1003,843,844,6,8.994839e-16,0.0,6.557648e-27,9.4645936e-09,6.3422954e-07,4.181357e-33,0.6680879,6.668117e-10,2.3821117e-10,2.2426093e-30,0.3318383,1.513875e-08,6.88516e-05,6.5324425e-16,4.3351147e-06,0.0,7.475169e-12,3.1247506e-08,3.2234726e-16
1004,844,205,8,2.0096333e-15,0.0,8.813521e-33,2.1893132e-16,3.4456774e-17,0.0,2.3493005e-09,3.8037996e-11,1.0,5.7550857e-30,1.8729923e-14,5.9639744e-13,8.0952134e-10,9.058917e-17,3.349576e-11,0.0,8.235369e-12,1.2356569e-12,9.855067e-17
1005,79,845,7,3.3220858e-21,0.0,1.8845394e-35,3.1905731e-18,4.2235746e-14,3.6162756e-18,6.453846e-10,1.0,5.5154533e-15,3.347733e-28,7.3190225e-11,3.1667846e-09,6.879483e-14,9.421024e-13,4.762024e-15,0.0,2.1761181e-14,1.0210965e-09,1.335439e-09
1006,845,846,7,6.240347e-22,0.0,1.1840087e-25,1.3706265e-18,9.287418e-15,3.7272523e-20,3.1691752e-18,1.0,8.977784e-20,1.8393132e-26,1.171432e-13,4.413214e-09,1.0546902e-12,1.8269256e-15,2.7185348e-12,1.1955424e-38,1.02276294e-13,3.0884424e-14,2.8859882e-16
1007,846,847,7,9.434482e-19,0.0,1.8195155e-18,6.4906224e-13,9.496948e-12,7.767095e-30,3.1110677e-11,0.999958,7.5046835e-12,2.3248894e-25,3.9585677e-13,2.1301074e-07,6.154675e-06,2.2752267e-13,3.2271324e-05,1.6275573e-36,1.8304287e-06,1.068289e-09,7.188162e-14
1008,847,301,17,2.5510378e-08,0.0,4.2631493e-38,2.6612886e-13,6.9499124e-06,9.086447e-36,1.172814e-05,2.1630395e-16,9.672626e-05,4.680245e-37,2.0220396e-05,1.6649036e-12,4.8764074e-13,4.9055184e-11,1.0919584e-11,0.0,1.2635804e-12,0.9998627,1.08616014e-16
1009,301,91,6,8.1275053e-13,0.0,2.039577e-29,1.0402139e-12,7.727086e-06,1.53e-43,0.97084665,2.0871864e-15,5.431545e-13,2.447891e-35,1.212828e-08,4.694599e-09,1.2114909e-09,1.4995805e-08,3.3654425e-05,0.0,2.0593092e-14,0.029112304,4.4352965e-13
1010,103,313,6,4.5846753e-17,0.0,3.1801624e-31,4.3300483e-10,1.821296e-15,1.779432e-37,1.0,1.5295236e-17,9.125493e-13,1.0057614e-30,4.4548116e-14,2.3259135e-14,9.605988e-07,1.3448644e-19,1.6734965e-08,0.0,4.1563405e-11,4.361332e-09,1.5118209e-15
1011,421,289,3,1.1767931e-21,0.0,4.477839e-25,0.994909,1.979061e-12,3.4535886e-38,6.589766e-06,2.1147006e-14,1.0249011e-17,1.3078077e-23,4.748152e-13,9.472431e-09,0.003625226,4.318331e-20,0.0014581897,1.5367842e-21,2.1710718e-11,2.111688e-12,3.8073016e-17
1012,848,55,0,0.9999427,0.0,3.0822017e-31,6.9678585e-21,4.604585e-10,2.5204551e-28,3.1404752e-09,2.2396866e-14,2.1531703e-07,1.887617e-37,5.434465e-06,2.3112581e-14,1.6328934e-13,3.825158e-05,1.8468495e-12,0.0,8.5291724e-10,1.3298752e-05,1.8863306e-20
1013,256,833,5,1.2628214e-16,0.0,8.039633e-33,1.0737598e-24,2.6727646e-13,1.0,9.678086e-13,4.2512787e-15,4.6298816e-16,4.3294013e-34,3.8710226e-09,5.8068782e-18,9.079665e-19,7.9656964e-10,8.149543e-14,0.0,1.2110967e-19,4.072429e-15,8.037907e-20
1014,848,849,10,1.4441312e-15,0.0,2.3847852e-32,2.077206e-19,6.6449117e-09,1.527832e-10,8.065473e-09,9.698884e-15,1.7645437e-11,6.002432e-28,1.0,1.8014845e-16,3.5080733e-13,8.448049e-12,1.39278936e-11,0.0,4.3906007e-14,6.304483e-11,1.5775272e-18
1015,849,850,10,4.3591455e-20,0.0,1.2233401e-28,9.960763e-13,1.4552083e-07,1.8804745e-13,3.6906828e-10,1.6463347e-13,1.6497837e-16,3.3166705e-11,1.0,2.270536e-13,5.2494567e-12,9.676931e-15,1.4821036e-09,5.9980034e-32,2.5618437e-15,2.4080316e-10,9.5462805e-18
1016,850,169,9,1.373349e-24,0.0,8.2432766e-30,2.4504302e-14,4.5967358e-12,6.61711e-40,2.3782557e-15,3.9962407e-13,3.3357523e-27,1.0,3.7867374e-15,1.732633e-12,6.0498045e-15,3.6540508e-17,6.981899e-08,1.9453997e-20,1.3526347e-17,3.1264428e-16,6.0703936e-25
1017,169,851,9,7.484237e-21,0.0,1.7439539e-25,1.201601e-15,6.7110584e-12,9.6440625e-37,6.645851e-16,4.4610662e-08,8.525562e-25,1.0,1.368749e-13,2.3436367e-07,1.4223557e-14,4.5097823e-14,3.7766384e-08,1.0704342e-25,1.2954493e-15,8.337964e-15,1.4542006e-19
1018,851,852,11,1.3003534e-19,0.0,4.7803446e-18,3.976123e-13,1.9911544e-12,1.4877385e-33,2.656012e-15,5.974219e-06,8.9312e-18,1.0018342e-12,2.5012726e-11,0.9999923,3.6405678e-10,7.1224044e-15,2.7670241e-08,1.4087007e-35,1.578197e-16,3.5409575e-14,1.6622635e-12
1019,852,181,14,1.622525e-12,0.0,2.6738795e-18,3.8740705e-14,4.840505e-07,9.966206e-34,2.004656e-08,0.00022070282,8.96616e-17,0.0141481,2.5247822e-08,0.007919611,1.3800521e-06,1.6892885e-07,0.9777074,1.419409e-34,4.2772746e-07,3.0596052e-08,6.471054e-17
1020,181,853,13,1.2952142e-12,0.0,7.2943216e-20,2.1372166e-11,2.8116073e-15,7.22e-43,5.6726073e-08,2.0549848e-07,1.1697536e-12,5.175e-42,1.0470328e-06,2.0635521e-10,6.628282e-08,0.9999962,1.841999e-15,0.0,8.864225e-12,2.5597355e-06,1.74542e-08
1021,853,193,13,3.2985335e-07,0.0,4.127768e-21,9.04117e-10,6.49546e-11,1.5e-44,0.0095326705,4.8838177e-05,2.1833339e-08,9.5227744e-35,0.00059720606,1.32254945e-05,0.00015338164,0.88747984,9.13543e-11,0.0,3.294366e-10,0.1021728,7.5927865e-08
1022,540,854,4,6.290644e-19,0.0,1.6387215e-21,3.5618297e-09,0.9979346,5.534612e-30,5.1945926e-06,7.048888e-14,1.577969e-15,1.2269845e-22,0.0020578366,2.9002952e-06,5.47455e-10,4.620925e-13,8.656795e-07,2.783306e-23,1.0679305e-09,2.1399684e-09,3.9223266e-13
1023,854,387,4,2.9299256e-24,0.0,4.781415e-28,1.8039558e-06,0.9998017,2.37e-43,4.5775637e-09,2.0058222e-12,5.307833e-19,1.6919719e-14,1.3094165e-06,0.00017686676,3.5765526e-14,1.4457257e-13,1.7580389e-05,7.5382456e-14,2.5705013e-12,1.0106055e-11,9.931326e-12
1024,497,855,4,1.3193316e-17,0.0,9.991235e-15,1.4159471e-20,0.95415205,2.434816e-12,4.1533177e-09,1.3011258e-14,8.992364e-17,4.864251e-38,0.04584728,6.370218e-10,2.6169583e-16,2.0340685e-06,8.304429e-11,0.0,1.365259e-15,7.815658e-08,1.3332256e-08
1025,855,399,4,4.5074966e-21,0.0,1.9824472e-26,6.693627e-18,0.9999809,9.048417e-32,2.94782e-08,6.372814e-19,4.0097497e-23,9.266086e-36,2.0639747e-05,5.0034238e-08,3.990618e-14,1.7057484e-08,4.4153162e-10,0.0,5.873413e-14,2.7614037e-08,1.5645772e-17
1026,169,869,9,8.981465e-24,0.0,1.2194967e-27,3.3894356e-18,3.789818e-14,2.2220215e-35,4.5516487e-19,7.041079e-11,2.2207785e-25,1.0,1.4115615e-14,9.970425e-12,2.4851645e-16,7.610385e-16,6.89781e-11,1.5618628e-26,1.0819427e-15,1.8222185e-17,6.099352e-21
1027,289,856,14,5.172318e-17,0.0,1.0468746e-33,6.5541563e-09,1.130624e-05,0.0,2.4461324e-08,1.4842194e-09,1.509749e-19,3.6813604e-25,2.3641937e-12,4.4546614e-05,5.7515944e-08,8.435766e-15,0.9999427,1.6808483e-15,1.2995198e-12,2.1297886e-09,5.438836e-23
1028,856,857,11,1.511428e-16,0.0,3.9800958e-22,1.9021097e-07,1.6246395e-09,2.5630114e-34,2.3560445e-13,0.004701441,1.0512312e-13,4.8764465e-20,5.631314e-10,0.9820884,5.3196854e-06,2.5405582e-09,0.0132059045,2.0072022e-17,8.625835e-16,2.8465015e-12,1.4106741e-13
1029,857,497,4,2.25717e-11,0.0,6.975983e-32,7.362005e-11,0.9847443,3.3623283e-25,1.28153435e-08,3.6578238e-13,3.3512487e-12,5.8731136e-24,1.7412253e-06,4.2983865e-09,2.64087e-13,4.951439e-07,0.015249153,0.0,1.0102581e-12,4.31469e-06,1.4980201e-15
1030,181,540,9,4.496019e-16,0.0,1.1464048e-23,7.5515317e-17,4.321051e-12,5.49047e-31,3.9568443e-14,8.2327695e-10,1.02718685e-17,0.9999962,1.4422685e-10,3.102961e-11,7.969496e-10,9.005363e-12,2.7562392e-06,3.7978776e-37,1.6837934e-08,1.3244483e-12,8.199639e-18
1031,193,858,7,5.376082e-10,0.0,2.5049312e-25,1.5860348e-11,2.0565366e-08,5.152224e-35,1.8093322e-05,0.9928351,9.598046e-13,0.0004935908,0.0025485447,0.00019997642,1.1746677e-05,0.0036921182,0.00019490853,0.0,4.901098e-06,2.7861556e-06,6.720659e-14
1032,858,859,11,1.8719204e-22,1.8710679e-25,7.811929e-24,1.5771193e-09,3.2196514e-08,7.3554793e-37,1.5285074e-11,8.216593e-07,3.6058687e-14,1.512986e-23,3.9715227e-09,1.0,9.529701e-08,9.040151e-14,5.3496527e-09,7.4316205e-32,4.1915353e-08,6.7890272e-12,2.2519988e-13
1033,859,860,1,4.9856476e-23,1.0,5.4097764e-26,1.1506523e-12,1.410503e-19,1.5e-44,1.3230852e-19,1.8293773e-18,1.1444196e-18,6.968278e-30,1.4806225e-17,4.0684859e-07,1.916983e-16,5.434461e-23,2.2487504e-16,4.5825e-41,6.3190394e-22,3.9123152e-20,3.2057517e-17
1034,860,387,11,6.275313e-24,3.302941e-14,4.804914e-19,2.3784207e-06,3.8533998e-10,3.08e-43,3.3757258e-14,1.5620602e-10,3.4786274e-18,3.3345288e-13,4.468758e-11,0.9999962,4.2761072e-11,1.0201501e-17,4.3173195e-08,3.9252625e-27,2.2040543e-15,6.4254776e-16,8.834216e-12
1035,387,861,11,6.3552307e-21,3.5893943e-32,2.2395471e-24,4.552748e-09,1.3842968e-06,7.07825e-40,1.6401986e-12,4.0106482e-10,2.0227458e-16,2.6520764e-13,1.982851e-08,1.0,1.0011037e-14,1.7995536e-17,5.9439764e-09,9.12812e-25,1.8328676e-13,2.9076388e-14,1.0900743e-09
1036,861,862,1,1.3119635e-33,1.0,5.9181055e-35,7.310803e-15,5.862146e-24,0.0,4.8969763e-25,1.3802802e-19,1.5021948e-26,3.8012807e-31,1.638573e-19,5.773455e-12,2.2516987e-20,2.6252226e-27,1.0593465e-21,4.112169e-25,3.476941e-26,1.0498708e-24,1.0848535e-20
1037,862,399,14,1.7702951e-18,0.0,7.0116737e-34,9.682584e-07,0.056875974,5.201981e-39,1.8169247e-07,1.38703e-13,3.0926263e-15,2.925486e-28,2.2971322e-07,2.2082562e-05,1.6986278e-05,5.8014e-14,0.943079,3.2497e-29,5.132105e-10,5.1532243e-06,3.350615e-24
1038,540,497,3,4.104744e-23,0.0,6.0880973e-22,0.99942034,8.430294e-16,4.7797538e-36,1.4585294e-10,4.0585933e-16,1.5877371e-17,1.3514233e-31,5.1508023e-15,2.331388e-12,0.0005781413,9.131371e-22,2.194249e-06,6.7653727e-19,2.524575e-12,7.1668497e-17,4.6000416e-16
1039,399,863,4,1.8938708e-14,0.0,4.0696763e-32,2.3754548e-22,0.9999962,2.4674205e-34,7.9772605e-08,1.6589761e-19,2.046942e-22,2.8945834e-34,4.941323e-08,1.9334857e-08,3.787918e-17,6.6053886e-08,8.739609e-08,0.0,7.188292e-16,2.227469e-06,1.2222236e-23
1040,863,864,4,1.7636217e-11,0.0,1.1668423e-29,1.5597245e-12,0.72675335,1.3866445e-12,0.00010937841,1.8820777e-10,4.4540444e-15,1.0541577e-30,0.085364334,4.5535145e-08,3.3538207e-11,0.18148519,9.558478e-05,0.0,2.3961811e-12,0.0061935456,6.8099534e-21
1041,864,483,10,2.6516727e-12,0.0,5.8932834e-26,3.113261e-13,1.3582109e-06,1.4195244e-24,6.5555072e-09,5.3338064e-14,3.0900705e-13,1.890099e-26,1.0,2.4543777e-07,1.6202407e-07,3.0757034e-18,2.4198947e-08,3.324709e-29,5.7899836e-09,1.6227814e-09,1.87836e-20
1042,193,67,12,1.2742728e-20,0.0,5.4674943e-18,4.415799e-05,1.6548411e-13,0.0,6.754178e-05,1.01575256e-13,1.5025077e-14,1.9633263e-31,7.91106e-12,6.297588e-10,0.9998856,3.8520565e-13,2.4583612e-06,0.0,7.6969453e-10,1.8605155e-07,1.6838494e-10
1043,387,333,11,1.8597838e-23,1.0815e-41,2.7976866e-16,0.007771737,1.2957325e-13,4.5072553e-36,5.8571423e-08,1.8015872e-09,9.051046e-16,1.5316916e-22,1.7606347e-14,0.99215734,5.7785433e-05,6.2570525e-16,1.3476162e-05,7.866353e-24,9.584587e-12,3.5904767e-17,7.209824e-08
1044,399,338,14,2.2640131e-22,0.0,9.0506805e-28,3.759822e-07,0.00020332637,1.8164867e-31,4.005993e-06,4.711494e-11,3.1617906e-22,3.3877873e-22,1.7541345e-11,4.0747032e-05,7.252743e-09,7.742778e-15,0.9997521,4.828381e-25,4.3894284e-14,8.295599e-10,5.1496527e-19
1045,540,865,4,3.4819532e-14,0.0,6.165685e-32,5.518043e-07,0.9997215,5.3011298e-36,2.221479e-05,1.8538586e-12,1.6739234e-09,2.8587194e-21,6.790317e-06,8.132497e-06,2.4322206e-09,1.8608426e-14,0.00012210564,1.3932954e-17,0.00011998122,3.1038399e-09,6.7991914e-18
1046,865,866,15,2.4196956e-27,0.0,1.0324466e-33,3.0519985e-12,7.51585e-14,2.538486e-38,1.6776418e-19,9.937194e-13,3.3868846e-21,3.7361208e-35,4.8666257e-16,2.9737943e-10,5.6248745e-17,1.0921934e-23,6.371559e-16,1.0,5.3825264e-17,2.2763756e-18,2.4646643e-19
1047,866,867,15,1.0535487e-26,1.3e-44,2.9221421e-34,4.3332288e-14,2.3002082e-16,3.5710284e-38,3.7630788e-22,4.9989846e-13,2.4418864e-26,1.473828e-30,1.7181167e-16,3.107166e-11,7.629584e-20,2.8492804e-21,9.257772e-16,1.0,2.332328e-22,3.194115e-19,2.674884e-22
1048,867,868,15,2.4849052e-26,0.0,1.8202644e-34,3.5546013e-13,7.486015e-19,1.63e-43,8.4892553e-23,6.0478e-14,1.1711026e-26,7.126592e-22,4.8654535e-17,2.681087e-13,4.8528415e-20,2.8531307e-21,3.2566585e-16,1.0,4.9631563e-25,3.489402e-20,6.7230674e-22
1049,868,869,15,4.0404833e-26,0.0,2.5464163e-33,1.71452e-11,4.4826466e-15,7.5816175e-37,9.994722e-19,1.0063991e-14,9.9910414e-23,2.5454044e-12,9.339498e-16,3.17813e-13,2.0052431e-17,6.827869e-23,6.9588584e-12,1.0,4.334172e-21,7.257193e-18,1.272097e-20
1050,869,421,3,7.682076e-17,0.0,1.7823255e-30,0.9649575,1.2535173e-05,1.9252552e-25,0.0001652124,0.004532626,3.6947485e-13,3.2051832e-13,5.42562e-06,0.00010157572,0.0058797225,3.2793984e-08,0.024273165,2.1762775e-20,1.21745e-07,7.1688075e-05,1.405406e-19
1051,410,277,12,1.1229258e-20,0.0,1.4243977e-21,1.3447963e-06,3.0174715e-16,1.2613e-41,0.0005158067,1.5078909e-10,2.3684869e-15,3.736386e-23,1.5874133e-13,1.5429363e-11,0.9994013,5.6544176e-15,8.2556864e-05,2.0355796e-31,8.1799584e-10,1.5560992e-12,4.1564386e-17
1052,103,870,6,6.106049e-16,0.0,1.9565844e-29,3.078162e-07,2.1900662e-15,3.5202917e-32,0.564993,9.027872e-09,3.3134093e-10,1.4089033e-30,0.00039839456,2.7020894e-09,0.43459707,1.537681e-14,2.7640673e-10,0.0,1.1965663e-05,9.505293e-10,2.7109337e-12
1053,870,871,12,1.2769709e-24,0.0,2.7720143e-28,3.3135552e-06,1.1932082e-18,2.4786065e-36,5.6614495e-09,9.248354e-07,1.03580867e-16,4.2515058e-30,1.6690983e-07,1.8798532e-10,0.9999962,9.271559e-15,8.71855e-11,3.138e-42,2.098908e-07,4.0758504e-14,2.0071356e-15
1054,871,277,12,4.2560637e-16,0.0,4.216168e-30,3.4690524e-07,1.5023659e-12,0.0,0.0004107478,6.818047e-11,0.031579535,3.1831352e-24,0.00042004912,7.412592e-10,0.9656829,1.7428204e-13,9.496705e-10,0.0,1.2376313e-08,0.0019049891,4.2684247e-14
1055,277,872,11,1.7309145e-13,0.0,1.4575672e-25,5.259476e-13,0.0019352246,3.8e-44,4.0124387e-10,1.8793708e-05,8.757339e-06,1.4115436e-24,6.582861e-05,0.99797267,5.8222426e-13,6.132046e-18,7.947883e-09,6.0407127e-32,4.3905838e-14,2.7523714e-07,5.5487533e-08
1056,872,873,11,1.1163375e-09,0.0,3.032032e-24,7.6607465e-16,0.0002495211,0.0,1.4642412e-13,2.3192792e-05,0.0022237622,3.16985e-27,3.3463335e-10,0.9972002,1.4049291e-11,3.1040153e-18,0.00030293348,2.7047003e-38,4.261716e-09,1.0154071e-07,4.710045e-16
1057,873,471,16,1.3421563e-07,0.0,4.093212e-27,6.508648e-13,2.2735986e-18,0.0,1.6087583e-10,4.6571403e-17,1.6216357e-10,5.356191e-30,2.650205e-13,3.4256306e-14,0.00030690213,5.5782197e-12,4.3916554e-14,0.0,0.999691,9.02983e-10,5.861395e-21
1058,505,874,13,2.8931421e-16,0.0,6.235421e-22,1.1861723e-13,2.272799e-12,7.657696e-34,1.2654243e-10,1.5698357e-05,8.320842e-14,3.4e-44,3.3272296e-09,9.305391e-09,2.5328083e-08,0.99998474,4.7254935e-13,0.0,5.698044e-09,3.281596e-11,2.2614058e-15
1059,874,875,7,3.6138235e-24,0.0,1.7648454e-20,2.0872236e-10,3.815979e-11,1.0029515e-33,1.4517013e-11,0.9873585,6.5558868e-15,3.3624303e-33,2.294751e-06,0.012492896,0.00014785722,9.811374e-08,5.5383275e-08,1.1618321e-29,1.5877488e-10,1.538245e-13,9.2395896e-11
1060,875,410,7,1.0064799e-21,0.0,2.8039432e-34,1.0065332e-07,3.4653368e-14,2.581e-42,9.954971e-09,0.99436635,2.4339166e-11,1.4476346e-21,6.3923455e-10,3.6192116e-05,0.005596256,1.30247155e-14,2.1575868e-06,9.253603e-24,2.0840025e-09,3.0052321e-12,2.079154e-21
1061,410,368,12,7.054643e-22,0.0,4.4515225e-11,3.4769503e-06,1.1245366e-14,8.0462704e-38,0.0020598785,8.537669e-10,2.3749403e-13,1.314088e-24,7.398601e-12,2.020373e-06,0.99623066,4.469799e-18,3.9711827e-05,5.635056e-31,7.132564e-10,1.1913466e-13,0.001662531
1062,505,363,12,1.4214482e-24,0.0,1.1593444e-21,2.441334e-06,2.4341808e-15,0.0,9.970739e-10,3.7247923e-13,2.1303133e-12,3.3406668e-35,1.3003898e-09,3.8655586e-11,0.9999962,1.0811898e-11,1.5247976e-11,0.0,1.8373797e-09,9.004759e-09,3.1077713e-18
1063,483,343,12,1.7296088e-19,0.0,5.9648933e-25,7.220589e-07,3.5887146e-07,1.4504362e-30,0.0018677798,3.306666e-18,5.3556126e-10,1.934e-42,0.08753616,5.9401656e-10,0.9104964,7.399009e-16,1.2530276e-08,0.0,3.0267395e-09,9.6734744e-05,1.1145365e-11
1064,517,348,12,1.1873644e-18,0.0,3.9444004e-27,3.1175338e-09,7.939482e-11,8.610245e-25,0.003384113,2.136039e-15,8.84106e-12,1.20602465e-20,9.286013e-05,1.0942805e-12,0.99652326,5.824452e-17,4.3659284e-08,0.0,1.4050157e-10,7.329483e-08,2.6068355e-16
1065,358,353,14,9.445456e-21,0.0,8.2059614e-25,0.00011668882,0.0019951551,8.91e-43,3.6392583e-05,2.697921e-07,3.820854e-21,7.2923214e-19,0.0010571844,0.0034228938,1.7216224e-06,1.9862283e-07,0.9919038,4.1435936e-20,3.5482962e-16,0.0014663393,9.758217e-09
1066,67,876,11,1.1025882e-22,0.0,1.9995212e-18,7.3341573e-07,5.3975814e-08,3.692155e-36,1.1745489e-09,2.4507031e-05,9.342614e-20,2.2672364e-15,3.9902336e-08,0.9999695,4.306205e-06,1.1046752e-09,1.9262048e-08,8.3167636e-33,1.6082595e-12,8.199453e-10,1.25601884e-08
1067,876,877,11,2.5957842e-21,1.017778e-34,1.3927664e-21,9.89841e-14,5.3520768e-11,4.1047e-41,1.1583798e-15,1.2392079e-10,3.98709e-20,3.1543816e-22,4.699824e-12,1.0,2.7105755e-09,1.6253226e-15,1.0350471e-07,1.0102616e-35,2.4605089e-14,1.8662667e-14,2.6148487e-19
1068,877,878,1,3.9724652e-30,1.0,1.59723e-27,5.5829444e-20,1.8140715e-22,0.0,9.193778e-26,4.5752273e-23,4.479376e-25,3.761039e-38,2.7928838e-19,3.43054e-11,2.4421454e-20,3.043606e-26,1.1193881e-21,0.0,6.642827e-26,1.3798984e-23,1.2288728e-21
1069,878,333,11,4.0022964e-21,1.4641415e-12,5.1937983e-14,6.4179273e-10,3.941839e-14,4.8970776e-37,1.825895e-14,4.3538684e-09,1.3639271e-14,1.0261499e-23,1.666535e-14,1.0,7.049064e-10,4.170229e-15,9.748985e-10,9.3108e-41,1.0118649e-15,2.4074272e-16,8.183147e-09
1070,333,879,11,2.3581936e-28,1.17323645e-32,1.1594669e-08,3.5566547e-10,3.3700973e-10,9.790395e-39,2.2259638e-15,1.4546026e-08,6.1553082e-21,7.624156e-24,2.0618278e-11,1.0,1.5443401e-08,3.6362383e-17,5.127685e-09,2.21985e-30,2.4978242e-16,2.2477642e-16,4.2089656e-09
1071,879,880,1,2.4516127e-33,1.0,6.8457547e-32,5.661222e-13,2.4718271e-21,0.0,4.271903e-25,2.5447266e-18,1.6005618e-25,2.6863088e-35,9.087809e-19,3.4200996e-11,5.7466967e-18,2.4646955e-24,7.9793726e-20,3.2024111e-19,1.6517362e-23,1.5649543e-23,4.4385814e-20
1072,880,338,11,1.3113252e-22,0.0,1.9807458e-19,0.040071778,3.4829884e-07,3.527812e-29,5.4369015e-10,0.0040547824,6.668363e-20,1.7882591e-13,1.6329023e-10,0.9320136,1.2222116e-05,9.655353e-09,0.023410425,0.00043496798,8.0069125e-11,4.684339e-13,4.4102468e-11
1073,338,881,14,4.429059e-20,0.0,5.288149e-26,2.5482894e-05,0.023676353,2.3077851e-23,7.3538797e-07,0.00034451747,4.6294478e-20,3.8258557e-14,5.250706e-09,0.022567756,8.845965e-09,8.174192e-09,0.9533844,7.979456e-07,1.3429019e-10,2.1856994e-09,1.8742205e-15
1074,881,882,15,7.599922e-21,0.0,1.9539763e-34,1.5716909e-08,6.2904576e-10,9.7843964e-29,9.1430864e-14,2.0320964e-08,3.3410251e-19,2.1557078e-09,1.7724454e-09,1.6241855e-11,3.579813e-15,2.7871785e-12,2.0706274e-08,1.0,4.5017485e-17,1.2348855e-10,6.394755e-19
1075,882,343,4,7.7172295e-18,0.0,5.7581864e-36,3.4134723e-07,0.99877626,1.5088879e-38,1.0791241e-06,4.261422e-17,4.6272173e-15,1.8126856e-32,4.9307862e-05,1.4056772e-07,5.5525856e-08,1.6459964e-12,0.0011150471,1.2836659e-33,4.0547968e-11,5.673568e-05,3.700021e-22
1076,343,883,4,1.4797723e-14,0.0,3.9380233e-28,7.716225e-19,0.9999809,2.5770951e-30,4.4747884e-07,1.0433173e-20,1.0474213e-19,7.934e-42,1.6404923e-05,2.4572686e-10,2.9435394e-15,2.0081482e-06,9.79491e-10,0.0,2.7404825e-13,3.372932e-07,2.0836997e-17
1077,883,884,13,1.6968453e-14,0.0,3.3474305e-26,1.1145019e-12,2.4211065e-06,1.7165915e-22,2.1349058e-08,2.2427957e-09,6.314194e-15,1.8921256e-34,0.114868954,1.9269755e-09,2.1871673e-09,0.88513005,1.2387934e-08,1e-45,1.3016093e-11,1.9113835e-07,1.1498914e-15
1078,884,348,10,2.1791324e-15,0.0,1.4951039e-36,3.059045e-08,1.8484259e-07,3.211066e-30,0.009166885,9.406809e-12,5.9619947e-13,1.5276859e-33,0.9763954,6.4891446e-11,0.014378742,1.9801933e-05,2.7702785e-07,0.0,1.9925557e-09,3.7597685e-05,5.5157784e-19
1079,348,885,17,1.0336499e-08,0.0,4.282709e-23,3.3501426e-16,0.14311387,4.1622707e-28,0.21225055,4.666628e-13,8.20722e-16,1.0988568e-27,0.0005459822,1.3607995e-05,1.6573416e-07,0.041781228,0.00022071038,0.0,2.5535583e-09,0.6020747,2.3663061e-11
1080,885,886,11,3.352149e-09,0.0,1.06733804e-20,3.3751502e-12,6.5000863e-06,1.0135569e-30,3.361154e-07,0.025664581,5.0831724e-13,4.362689e-20,5.8851604e-08,0.973866,1.0981771e-06,5.3279143e-12,0.00046208402,2.9522168e-25,1.4773013e-07,6.39366e-11,2.107507e-16
1081,886,353,14,5.5938866e-18,0.0,3.7017215e-26,2.5815913e-08,1.3230623e-08,1.7e-44,1.9672036e-07,5.703552e-07,7.8155255e-19,2.663145e-22,1.382252e-10,0.007488447,7.5993165e-05,1.9775281e-13,0.9924338,2.7320247e-15,1.6802464e-14,1.4698405e-09,3.854562e-17
1082,410,887,7,5.800278e-19,0.0,1.6701518e-34,1.5110229e-18,6.1045314e-17,2.3063793e-21,7.734344e-13,1.0,4.9784184e-11,6.820929e-20,8.938223e-10,1.4291192e-10,1.7435947e-10,2.8421332e-09,6.1085776e-12,3.3417338e-37,2.857136e-08,5.2529968e-14,4.329705e-16
1083,887,888,10,2.2778395e-14,0.0,4.557799e-19,2.0715005e-19,6.423597e-14,9.838733e-31,1.6867241e-09,0.00280632,7.778205e-10,8.357582e-37,0.9968008,4.738296e-11,4.879793e-06,0.00038867022,8.7985614e-13,0.0,5.0025295e-07,4.5808486e-09,5.3894084e-10
1084,888,889,10,9.5469333e-26,0.0,2.6737067e-25,7.059356e-14,6.1650153e-13,0.0,2.4977462e-10,1.404242e-13,7.645824e-17,1.2563813e-33,0.99996185,6.0028543e-10,3.952397e-05,5.960846e-17,7.5590365e-14,0.0,2.2352954e-10,7.479159e-13,6.7014326e-14
1085,889,890,10,1.1917477e-26,0.0,8.0647796e-28,2.3611215e-11,1.3060578e-08,1.9791156e-33,2.9302052e-09,2.8542636e-13,3.716099e-17,2.6809799e-24,0.9999923,2.9864144e-09,8.263684e-06,3.3584854e-16,2.8958452e-10,0.0,9.303212e-12,8.745671e-10,1.3053067e-14
1086,890,313,6,2.159837e-19,0.0,5.028201e-31,3.7624706e-10,1.9373088e-09,3.2714932e-28,0.9959874,8.963083e-17,1.5768048e-11,8.8199726e-27,0.000539716,1.4841996e-13,2.809938e-05,2.5934746e-16,1.0340431e-10,0.0,3.2819914e-14,0.0034429429,5.8146793e-11
1087,483,891,4,4.6125087e-12,0.0,5.2718174e-25,6.460929e-13,0.87848985,1.8081886e-33,1.575463e-05,4.51892e-17,1.7974062e-17,1.1307229e-28,0.11940973,9.8137935e-11,5.4868993e-05,7.3225515e-08,0.0014756091,9.8766e-41,9.853513e-12,0.00055391627,2.2044886e-25
1088,891,892,12,3.9455208e-16,0.0,2.2996069e-20,4.6824016e-09,1.9529931e-11,9.534125e-33,5.6998323e-07,1.6270864e-05,2.5190646e-18,1.2049435e-21,4.43495e-09,7.955702e-11,0.9940743,2.8323718e-08,0.005906925,1.5019765e-34,4.4734745e-07,4.0121847e-07,5.735421e-17
1089,892,517,17,0.005802184,0.0,1.2391942e-32,1.5279432e-17,9.965083e-08,2.8300148e-25,0.0017176825,1.0318969e-15,7.739356e-14,1.849791e-18,3.039157e-07,5.2299348e-17,5.4670397e-09,0.095021054,1.9106274e-05,0.0,2.2772535e-10,0.8974378,3.0117137e-21
1090,517,893,13,0.0049692173,0.0,6.945227e-27,2.3411494e-17,6.354554e-13,2.2016873e-35,2.351551e-09,4.092884e-12,2.6437577e-17,1.35879e-23,1.7012127e-08,1.5267495e-16,4.769196e-11,0.9949735,1.5951318e-09,0.0,1.3975975e-08,5.548719e-05,3.2463818e-20
1091,893,894,7,2.3942714e-12,0.0,2.157098e-24,1.8705165e-12,5.3902247e-12,5.5934176e-33,1.9704592e-11,0.9987343,2.777464e-14,5.24977e-22,9.476697e-09,4.152342e-06,0.0009671893,7.0497816e-05,9.005515e-09,6.146555e-29,0.000222742,5.300452e-10,5.006281e-18
1092,894,358,4,6.2345417e-22,0.0,4.106e-29,2.2612563e-10,0.954935,5.4594704e-33,0.018544195,6.121047e-15,1.3899621e-16,3.2828285e-30,0.00027378407,2.7642204e-06,1.533433e-08,2.5044342e-10,0.019590834,0.0,6.225794e-15,0.0066551305,9.083211e-09
1093,358,895,4,3.7303387e-20,0.0,1.5938086e-28,3.048707e-11,0.9944763,3.1323207e-28,0.00029571514,3.456122e-14,1.23276015e-14,7.537429e-32,0.002463735,9.613833e-07,6.9970297e-12,2.091768e-09,9.12856e-05,0.0,9.817704e-15,0.0025668973,0.00010446561
1094,895,363,4,1.62122e-19,0.0,3.5198843e-27,8.077314e-12,0.9904859,1.7760639e-27,8.934053e-05,1.611283e-17,5.2868097e-14,4.9437377e-30,0.009424775,3.1902484e-08,6.7662965e-13,5.8686226e-13,1.476507e-07,0.0,7.367307e-13,3.1319124e-07,1.6207971e-07
1095,363,896,4,3.1501108e-16,0.0,3.4364278e-22,6.2572847e-18,0.9898816,1.4689614e-38,3.6961094e-09,7.302839e-13,6.1504926e-15,1.685935e-29,1.9662904e-05,0.010080612,5.566205e-14,3.6916932e-12,1.1262487e-08,6.4e-44,3.889002e-11,1.6246118e-05,1.8542998e-09
1096,896,897,11,3.7390245e-15,0.0,6.5463514e-27,2.5295755e-14,1.7156235e-06,0.0,5.7532124e-10,8.627268e-12,5.576229e-09,2.784987e-36,6.059001e-06,0.9998397,0.00014496643,6.58352e-18,7.081096e-06,2.2e-43,1.4453535e-09,1.6873233e-08,3.511972e-19
1097,897,368,7,9.420744e-19,0.0,1.9778903e-28,3.4708887e-09,3.9599008e-11,1.1032703e-36,1.5454135e-07,0.9809875,1.2467798e-11,1.1222947e-15,6.453103e-11,0.012017556,0.006899444,1.2750547e-14,9.572818e-05,4.6945686e-29,2.913634e-07,2.4999919e-13,2.7113832e-16
1098,368,898,7,9.767457e-16,0.0,9.693442e-31,2.0217099e-18,5.3863524e-15,1.6804045e-24,2.1674167e-09,0.99992746,6.245949e-13,4.8951667e-24,3.6816752e-07,7.812397e-11,4.7210165e-09,7.10193e-05,9.8065924e-14,0.0,4.4133985e-09,9.63654e-11,2.9617893e-13
1099,898,148,12,2.9431725e-05,0.0,6.86706e-35,3.2753158e-12,9.5697384e-15,3.8679543e-38,2.0257598e-06,2.2933253e-13,1.8976236e-07,6.87841e-21,0.001784003,1.0613712e-17,0.9977556,2.2510287e-05,3.6267758e-10,0.0,4.1743722e-05,0.00036446782,3.494234e-22
1100,471,505,13,5.1410923e-05,0.0,3.1468804e-23,1.1435565e-09,3.422356e-12,1.2218322e-38,2.3005632e-05,1.209267e-14,5.8743746e-07,7.73675e-39,3.7440943e-06,1.9118874e-14,0.34458107,0.65254194,1.9895611e-11,0.0,0.0027902122,7.833216e-06,4.5597644e-19
1101,505,899,13,1.007076e-12,0.0,9.639454e-24,2.111071e-09,1.937343e-12,2.1176229e-29,9.091614e-06,2.3115194e-09,3.124238e-08,3.7710256e-37,4.388341e-06,6.823715e-12,0.018476197,0.9814965,1.1094431e-09,0.0,1.2731504e-05,1.4132284e-11,1.09402775e-16
1102,899,517,0,0.9442634,0.0,3.6564308e-27,8.968329e-14,2.2426386e-12,2.5145073e-38,0.0002397919,9.179776e-15,1.0272303e-09,1.8648955e-19,1.887752e-09,3.4182404e-15,2.1814046e-06,0.052602876,1.3700807e-06,0.0,6.0367864e-05,0.002830208,7.255615e-18
1103,471,483,17,3.9767875e-07,0.0,3.2071873e-29,9.859411e-13,0.00018599366,1.4096716e-38,5.288062e-06,1.1370177e-18,2.3521348e-16,6.888551e-27,0.0051204874,2.0197877e-13,1.0975274e-07,5.5758517e-07,0.00017503707,0.0,1.8470406e-11,0.9945106,1.6285416e-25
1104,39,27,17,8.348424e-10,0.0,2.1345102e-20,1.2695783e-09,0.00012195296,4.0280013e-34,0.015717736,2.5739244e-13,2.0507414e-06,5.8457655e-28,0.0067404658,1.1301149e-13,0.037894502,0.000109544184,1.481484e-06,0.0,1.4444133e-06,0.9394095,3.901319e-19
1105,900,901,17,2.7775133e-09,0.0,8.478938e-29,3.2286535e-16,8.378143e-06,1.1211462e-33,0.00010074912,5.259448e-16,5.3035593e-20,1.8587085e-35,1.1467284e-08,2.1222175e-13,2.3276747e-11,3.0609027e-07,1.6225145e-10,0.0,5.3715896e-11,0.99988943,1.4557142e-21
1106,901,27,17,3.4201275e-10,0.0,1.9249521e-27,5.291165e-15,6.4958493e-13,3e-45,5.9975726e-08,5.204684e-15,1.8737607e-10,3.472748e-36,4.8251562e-11,8.235956e-14,2.861541e-09,1.2194851e-08,4.178181e-12,0.0,4.8339256e-11,1.0,3.3866018e-20
1107,27,902,8,5.9098954e-12,0.0,6.462785e-26,2.6789946e-18,7.3967206e-09,8.044146e-32,6.2430394e-14,0.47737348,0.52166873,1.12175435e-17,1.7529198e-08,0.0009245546,2.6800684e-10,5.2435173e-10,3.1035266e-05,0.0,4.24716e-08,5.596159e-07,6.37208e-13
1108,902,903,8,3.190388e-12,0.0,1.5504737e-30,6.7431737e-16,1.1279318e-12,7.7442385e-34,9.545472e-12,2.0257268e-08,0.99997336,3.902723e-24,2.510496e-12,2.1306926e-07,4.930454e-10,2.6773945e-15,2.6173124e-05,0.0,9.651449e-09,6.6215605e-08,4.7327945e-15
1109,903,198,17,1.025007e-09,0.0,3.5893707e-30,1.7171085e-15,8.96669e-06,0.0,0.001755956,5.1798565e-11,0.0045557152,2.0498154e-24,1.450415e-06,1.0650477e-06,4.6986322e-08,0.00019179966,0.0035442207,0.0,9.088484e-08,0.9899419,2.1591988e-15
1110,198,904,10,1.605989e-22,0.0,1.3719049e-30,2.4187442e-13,0.22262684,8.299666e-29,0.029749183,2.8957817e-08,4.463117e-12,8.527078e-28,0.7471049,2.6862756e-07,6.074872e-08,2.7969418e-07,0.0005201736,8.97013e-39,1.0199365e-09,1.9653724e-08,5.633035e-09
1111,904,75,14,6.684485e-20,0.0,2.834474e-27,2.035007e-14,0.0013137814,1.2446914e-37,0.022602305,7.160921e-09,1.5957848e-14,1.9754994e-21,9.9713944e-08,2.7009486e-07,3.043017e-09,1.2464916e-08,0.9760826,4.1579075e-35,9.493692e-11,9.9791043e-11,1.4103272e-09
1112,75,905,4,3.0344776e-14,0.0,2.7461874e-27,1.2642335e-16,0.93811315,9.3849e-41,0.0021835477,4.7466336e-12,3.1131287e-14,2.8243023e-30,1.4013812e-10,6.279541e-05,1.7554782e-13,4.6428215e-11,0.059640534,1.1626633e-33,2.5235583e-09,4.1290153e-12,1.6137853e-11
1113,905,906,14,5.7888527e-18,0.0,1.12755394e-26,2.4413612e-14,8.429822e-06,0.0,3.497204e-09,8.517661e-18,9.8556085e-14,6.7819156e-25,4.2681936e-08,1.3179915e-05,5.8668693e-08,5.5742735e-16,0.99997705,6.393e-42,4.3867713e-12,3.6065326e-12,2.4721032e-19
1114,906,907,14,7.493791e-18,0.0,1.174979e-24,1.4887779e-10,1.1164201e-06,8.042369e-39,1.3808809e-11,2.0067472e-13,2.4246502e-18,2.334047e-21,3.9781167e-10,2.4187605e-07,1.3259436e-06,1.1300879e-15,0.9999962,7.592067e-29,2.3456165e-12,6.963433e-10,2.3459367e-21
1115,907,908,14,1.3686864e-13,0.0,4.894724e-22,7.222964e-13,0.0025475242,4.6222155e-34,3.603919e-05,1.8676247e-09,3.14026e-16,1.1288269e-20,1.5249522e-07,0.00020365474,0.0007427503,9.413089e-12,0.99603677,9.215656e-33,0.00043315813,4.7459913e-08,1.6825665e-16
1116,908,909,14,2.4532819e-15,0.0,6.5152975e-23,1.5522768e-10,0.009411158,1.0149155e-29,6.311168e-05,3.5623327e-09,6.3217605e-08,4.4866977e-24,3.2319003e-05,0.00057884306,0.00024556267,6.873172e-11,0.98495096,4.582887e-34,0.0047156126,1.3620192e-06,1.711963e-13
1117,909,524,14,1.17219856e-17,0.0,2.2616501e-35,1.5567071e-09,1.1402308e-05,9.88703e-40,0.00036238687,8.4655297e-13,3.01618e-10,5.321948e-25,1.5071175e-06,1.4224998e-10,0.0008970975,5.5452686e-13,0.99868864,2.34207e-40,3.4851894e-10,3.9241535e-05,4.959768e-25
1118,524,910,11,5.2287927e-19,0.0,3.787408e-27,1.0059379e-15,3.712096e-06,0.0,5.8514578e-12,3.17614e-07,9.977257e-15,1.8170379e-27,2.9866711e-05,0.999958,1.8654264e-07,1.4313742e-15,9.547103e-06,4e-45,2.9951736e-11,3.9451606e-08,5.3959838e-20
1119,910,911,11,1.0657218e-22,0.0,2.451298e-23,2.3978122e-09,1.817019e-10,6.6e-44,2.864623e-15,0.0003142676,1.6319213e-14,5.2733697e-31,1.2788838e-06,0.9986466,0.00013279037,1.0865906e-17,0.00090564543,4.03141e-21,1.2676032e-10,4.578602e-13,6.6249153e-17
1120,911,222,14,3.4967665e-15,0.0,2.4497222e-27,1.9995541e-08,1.30694495e-08,0.0,2.5752315e-05,5.123432e-05,1.9691126e-05,9.198357e-22,5.791873e-05,3.6407717e-05,0.059638485,0.00015961888,0.93020207,8.428862e-35,3.4349974e-08,0.0098081445,7.837114e-18
1121,222,912,6,3.0331406e-18,0.0,1.832305e-24,3.2013688e-14,0.001604125,6.699877e-28,0.8802778,1.102103e-10,2.1603731e-11,9.959965e-28,0.109802485,1.3125537e-11,3.4238365e-09,0.0077075213,1.9484896e-05,0.0,2.3651149e-11,0.00049136265,9.6471995e-05
1122,912,120,6,7.0756525e-18,0.0,7.8528734e-36,3.2298417e-20,1.2163863e-08,4.0988202e-35,1.0,1.7679734e-11,6.7616213e-07,6.428364e-33,1.0051662e-09,8.799228e-14,1.2393073e-10,1.05053126e-10,5.737632e-09,0.0,6.3857195e-09,2.3772495e-07,1.2334642e-09
1123,120,913,6,2.2372679e-16,0.0,8.653196e-37,1.3883597e-19,4.8320317e-09,7.1058787e-37,0.9998551,1.6009852e-15,1.4554725e-10,4.8784902e-36,7.928733e-12,4.0173773e-14,3.656237e-11,1.3671522e-13,1.646977e-11,0.0,5.5560518e-11,0.00014332836,1.5652727e-13
1124,240,903,17,2.8241724e-08,0.0,2.669102e-39,5.885243e-18,8.6488135e-13,4.581814e-37,1.740399e-09,3.1840748e-14,6.009369e-15,1.9871516e-31,1.018867e-09,1.8845495e-17,1.06092106e-11,2.8170294e-07,5.4286502e-11,0.0,4.89273e-13,1.0,1.819777e-28
1125,455,198,17,2.5018948e-17,0.0,8.286625e-38,3.4408639e-13,6.099119e-06,3.6422053e-26,4.135854e-06,3.5377593e-13,3.8526835e-08,5.3512546e-28,4.4364147e-05,1.1500028e-12,2.1146094e-09,4.929314e-07,5.6002653e-05,0.0,1.8397053e-12,0.99988943,3.5509836e-20
1126,294,75,6,1.1423353e-17,0.0,4.1968e-15,1.2288141e-10,8.326973e-06,4.57e-43,0.98649263,4.9823405e-15,9.056926e-14,1.1768109e-36,3.7366957e-10,4.113038e-07,1.0329019e-06,1.572762e-11,0.013498255,0.0,5.40217e-10,1.2532989e-10,3.8391e-07
1127,905,87,14,2.3165695e-16,0.0,6.9985405e-30,1.8144917e-09,0.15530893,3e-45,0.010827963,3.168491e-15,2.5072568e-08,2.9357415e-33,6.7520847e-07,2.85435e-06,1.4094211e-05,5.815704e-17,0.8338437,1.14e-43,1.7406599e-07,3.1765712e-10,4.6666367e-17
1128,907,927,14,3.247633e-20,0.0,8.496859e-18,1.29664855e-11,4.4250205e-06,6.887968e-28,6.7603473e-10,6.187777e-05,2.017589e-17,8.126879e-22,6.540036e-12,0.41590422,5.6661684e-06,1.9424628e-13,0.58402514,1.6430454e-15,1.6315396e-09,1.077176e-11,1.612972e-12
1129,909,99,6,3.1526124e-15,0.0,4.923225e-37,7.888105e-10,7.2452326e-06,8.188557e-37,0.66776687,2.7662426e-16,1.4116627e-08,2.0021224e-27,1.6591201e-06,2.1122588e-13,0.00019494793,3.9372918e-11,0.3232844,0.0,3.8006674e-11,0.008745668,5.137617e-22
1130,306,524,6,1.1503696e-15,0.0,5.707008e-16,9.790555e-07,3.7137174e-10,5.577591e-39,0.72923607,1.0965472e-16,3.826925e-12,6.5933366e-36,4.530866e-09,1.6346341e-11,0.26906526,3.1894236e-14,0.0016964992,0.0,4.344414e-08,4.783983e-07,6.629385e-11
1131,210,222,17,1.1415873e-15,0.0,3.479773e-38,4.6679896e-17,2.6654036e-05,1.1264e-41,0.0024796128,1.440333e-18,2.0563374e-11,1.2200846e-32,1.6926807e-08,2.3162536e-14,9.88001e-12,4.9232014e-09,1.0238981e-07,0.0,5.9714124e-15,0.99749315,3.9669995e-22
1132,132,120,6,7.856973e-15,0.0,3.5838552e-31,8.748434e-19,7.3850737e-10,3.5533126e-36,0.9999695,5.787625e-15,1.9562865e-06,2.521e-42,7.370435e-11,1.530689e-12,1.2176837e-12,1.4797207e-15,2.988414e-13,0.0,8.603342e-12,2.6303745e-05,3.8081798e-06
1133,913,914,17,4.2789956e-11,0.0,5.9815196e-35,6.545164e-16,3.416532e-08,3.3275302e-34,6.815128e-05,3.4115822e-16,3.719029e-20,1.964463e-33,7.292855e-10,3.9161925e-15,1.5741545e-11,2.1360453e-09,8.519608e-11,0.0,3.1961374e-12,0.99993134,2.0501128e-24
1134,914,132,17,1.2358986e-10,0.0,1.315734e-38,4.8274033e-18,3.5828805e-11,1.7422869e-30,2.1883393e-06,2.1063246e-17,9.121508e-17,7.0335e-41,4.9273324e-10,6.102882e-16,3.4831505e-13,6.8656222e-12,1.4089731e-15,0.0,3.4442278e-12,0.9999962,3.2422167e-24
1135,132,915,17,1.129342e-08,0.0,1.0409843e-34,3.273693e-19,3.1087648e-12,7.1417976e-24,1.4460011e-06,4.3386163e-16,2.326353e-10,2.23e-42,1.0916804e-09,3.449352e-14,5.0227064e-13,2.6643458e-13,4.9095068e-18,0.0,5.7474e-10,1.0,8.593373e-19
1136,915,210,17,6.5920474e-08,0.0,6.638273e-32,1.2019322e-13,1.2143424e-07,9.920787e-37,0.0009977922,1.0794515e-17,3.482531e-18,2.7617837e-30,1.2173466e-09,2.36585e-15,1.348545e-08,4.6771547e-08,3.730504e-08,0.0,1.4364491e-09,0.9990011,1.1077129e-25
1137,210,916,17,1.0377843e-12,0.0,1.4232118e-31,3.0634135e-15,7.7917235e-08,1.7206699e-29,1.0532907e-05,1.1422886e-15,6.1316095e-23,1.1059621e-30,3.4516265e-08,6.6599335e-17,3.0508478e-11,1.8486243e-06,5.355061e-10,0.0,2.3615977e-12,0.9999886,5.662208e-23
1138,916,108,17,2.4496353e-07,0.0,1.5935585e-29,1.6851352e-17,0.00015881474,2.1925555e-24,1.1071242e-05,6.564348e-14,4.0232042e-22,6.0422396e-30,0.000668982,3.435105e-14,9.241056e-14,0.0013515251,5.106734e-11,0.0,3.2855916e-11,0.99780893,4.337319e-19
1139,108,917,13,0.011205868,0.0,8.582393e-20,6.3981464e-19,0.00030149354,2.229384e-19,2.447075e-08,2.3320662e-10,2.7571705e-17,3.7055144e-30,0.0076613235,8.225702e-11,6.9154285e-13,0.9656572,1.7592677e-11,0.0,7.659224e-09,0.015174528,1.4365584e-17
1140,917,918,0,0.98988533,0.0,7.427715e-23,1.1435386e-17,1.4701169e-07,7.713147e-31,1.3100896e-08,4.1941654e-12,0.0045015235,3.5025835e-32,0.004478145,1.8493186e-10,6.523793e-11,0.0006712494,7.048953e-11,0.0,1.8052782e-05,0.0004457962,5.714437e-16
1141,918,144,17,0.33458132,0.0,9.79726e-26,7.723722e-15,2.349502e-13,3.3857e-41,1.9369036e-08,1.3625275e-15,1.5448798e-11,1.3e-43,6.1961494e-09,1.1060149e-11,1.0422328e-10,1.2379807e-08,5.197168e-14,0.0,6.438827e-08,0.66541976,1.7692615e-19
1142,144,450,17,3.2492853e-10,0.0,1.23886075e-36,1.22687e-18,5.0341443e-11,2.3341134e-25,2.0110765e-06,2.4932788e-12,2.6660409e-15,1.4641e-41,6.1916605e-09,8.287016e-13,1.3950099e-14,1.5442622e-10,1.8378797e-14,0.0,3.6056366e-13,0.9999962,1.6969602e-16
1143,144,132,17,2.9086241e-08,0.0,2.5154667e-38,9.509676e-19,1.772601e-09,7.1228463e-28,4.7860303e-06,6.885249e-17,5.789975e-12,2.5439e-41,8.784963e-09,4.1327952e-13,1.0572148e-14,3.1307425e-14,4.2563924e-14,0.0,6.9068904e-12,0.9999962,5.460798e-20
1144,914,450,17,8.270727e-11,0.0,1.3218011e-38,1.0851656e-17,1.1871435e-09,8.9325885e-35,1.944338e-06,2.3439772e-14,2.4162835e-19,4.5028558e-36,3.5905168e-10,6.716507e-14,2.2109614e-13,2.6733601e-10,1.2378136e-11,0.0,4.5463866e-13,0.9999962,2.1511096e-22
1145,450,426,17,2.780256e-11,0.0,1.4790371e-31,5.052897e-13,2.7322889e-05,0.0,0.0007589326,9.22951e-12,2.493e-07,6.7199104e-23,2.18637e-06,2.247293e-08,1.5262286e-12,5.5160116e-11,0.00042766935,0.0,1.6576015e-14,0.9987838,2.1847685e-14
1146,919,917,17,0.0184277,0.0,3.6799722e-24,3.6770358e-11,7.922199e-13,4.44713e-40,1.1663308e-06,4.7497233e-15,0.030062562,1.2444783e-36,2.0783214e-06,1.105007e-11,1.6979402e-06,6.099578e-08,1.049013e-11,0.0,0.0041755713,0.94733006,2.3338121e-16
1147,920,108,0,0.9534971,0.0,2.4863679e-24,1.9565515e-17,0.00011589785,9.590246e-29,6.812519e-08,1.6402534e-14,3.8188907e-19,3.2838625e-26,0.0073237717,2.7355956e-12,4.4323364e-13,0.0005668466,8.7405925e-12,0.0,1.3422119e-08,0.038496684,7.4007164e-20
1148,916,921,10,1.0573908e-09,0.0,8.804592e-31,5.0362223e-17,7.021922e-05,2.4171476e-36,2.2677384e-07,1.1485812e-14,3.0396646e-16,4.4125086e-23,0.8553486,1.35772045e-11,1.755788e-11,2.6886012e-08,1.06057364e-10,0.0,4.5536535e-08,0.14458172,9.857737e-17
1149,921,922,16,1.122598e-09,0.0,7.4403063e-23,1.2709797e-15,8.683584e-07,1.67102e-40,6.6456376e-12,6.1099477e-06,2.2922018e-09,1.5186639e-16,0.0022937832,0.0025509081,1.622345e-05,6.795015e-11,8.917211e-10,3.1514173e-33,0.99513286,5.600959e-09,1.5801466e-11
1150,922,923,12,4.943032e-18,0.0,1.6695438e-15,3.7186968e-08,4.5549218e-08,2.2107163e-36,1.4303291e-11,1.1053171e-07,4.877219e-16,1.5995936e-22,3.5494325e-09,8.25118e-06,0.9993937,8.58256e-12,0.0002634051,2.6687912e-28,0.00033318996,9.544645e-10,3.893007e-12
1151,923,924,17,1.5952757e-19,0.0,3.0541356e-31,3.2146916e-09,1.7062717e-05,3.7100093e-24,4.4105522e-10,1.07103465e-10,6.919516e-14,2.158298e-33,1.7853969e-05,6.6277164e-11,4.138505e-06,7.483487e-08,3.4012315e-05,5.5e-44,1.8027256e-12,0.99992746,2.145443e-18
1152,924,306,17,4.2322798e-16,0.0,7.283363e-36,1.1133449e-14,1.5495813e-07,0.0,4.7708726e-10,3.4338769e-12,5.9943155e-11,3.338333e-29,0.0013213961,3.378683e-10,1.495976e-07,4.6647513e-09,7.3266875e-08,0.0,2.1088634e-11,0.9986772,2.8377644e-26
1153,306,99,6,4.6709314e-16,0.0,9.5024676e-17,1.9555756e-08,2.2658327e-10,1.7816888e-35,0.98637974,1.9042563e-17,1.1068549e-11,7.831982e-31,5.4285138e-08,1.349015e-13,0.013420983,1.1561571e-11,0.00019649342,0.0,5.427289e-09,2.3537443e-06,3.845415e-08
1154,99,925,11,2.7681382e-19,0.0,2.479703e-29,4.5637192e-17,3.1328685e-07,0.0,9.191183e-11,0.00021638944,8.162452e-15,3.251988e-25,2.0191526e-09,0.9997635,7.343833e-10,4.3375972e-13,1.8307717e-05,2.1843056e-33,6.9213437e-12,5.967482e-12,1.1638682e-14
1155,925,926,11,6.4469685e-21,0.0,5.7611716e-22,5.4465584e-16,0.011267678,0.0,1.3052775e-13,3.7933563e-09,4.8820984e-15,2.0438781e-27,2.6348568e-10,0.84316444,1.0947528e-11,3.971122e-20,0.14556848,5.0451675e-23,4.543336e-13,7.1890156e-13,1.3523568e-16
1156,926,927,11,1.7132496e-21,0.0,7.870579e-18,1.3637732e-11,4.31984e-08,1.4066314e-38,1.5756015e-12,4.1017253e-07,4.1704993e-15,4.277398e-25,3.5452474e-11,0.8405696,0.00016798255,1.6337306e-18,0.15926029,1.8049846e-25,7.678306e-07,2.4972632e-15,9.617057e-15
1157,927,928,11,1.0399217e-17,0.0,5.5164547e-18,8.102272e-14,1.0383523e-09,9.3422e-32,2.338101e-14,1.8763118e-05,7.796033e-16,2.4640808e-27,5.1341775e-11,0.9996987,5.266418e-07,6.318363e-15,0.0002803526,9.682239e-32,1.1609762e-08,4.6626377e-15,4.6047316e-15
1158,928,929,11,8.435668e-23,1.93e-43,8.047722e-21,1.3920822e-12,1.0520306e-11,1.11995e-40,1.1239657e-15,3.2558753e-09,1.5966593e-17,3.811885e-29,1.9587511e-13,1.0,3.3777553e-10,7.2319264e-20,4.525982e-07,8.307368e-28,6.58743e-13,1.7558555e-18,3.2493512e-15
1159,929,87,14,2.0494955e-16,0.0,5.2077664e-21,3.7313217e-12,3.246411e-10,4.088042e-37,4.2966695e-07,8.536155e-06,3.43886e-11,3.693966e-17,5.3248284e-11,0.15114282,1.4600473e-05,1.00162744e-13,0.84883475,6.080517e-34,2.3876769e-12,1.0600599e-10,1.0595818e-12
1160,87,294,6,2.728689e-17,0.0,2.2053263e-28,2.4337227e-10,1.3523321e-07,1e-45,0.9992602,5.8905885e-18,5.879466e-14,3.00904e-40,1.3117085e-10,5.5956537e-12,1.3383378e-06,1.2923216e-13,0.0007394342,0.0,2.8310052e-12,1.8248771e-08,1.378557e-15
1161,294,930,4,9.93089e-16,0.0,4.3358515e-17,9.759528e-15,0.9998054,2.55974e-40,0.00013685883,2.9938164e-17,2.2033502e-13,0.0,3.6950172e-05,1.8970537e-05,4.710627e-13,2.9902287e-12,3.4043936e-08,0.0,1.4831369e-11,3.333851e-08,3.0330936e-11
1162,930,931,10,2.1308996e-11,0.0,2.98551e-27,8.5013086e-16,1.2149407e-06,1.3181103e-23,5.5785723e-08,1.16906826e-17,1.0549537e-08,1.9149759e-28,0.9998665,2.713668e-10,3.7427521e-06,1.7328586e-11,1.0649914e-05,0.0,0.00011950662,4.9234295e-08,5.6443724e-16
1163,931,932,10,2.0613491e-10,0.0,1.4291851e-24,2.7273675e-17,7.6074556e-08,2.2471034e-24,9.955171e-07,2.499638e-14,9.185426e-13,4.86366e-22,0.99977106,6.0066884e-07,3.9894483e-05,6.644228e-09,0.00013133348,0.0,5.7276502e-05,2.1305937e-08,2.4498112e-16
1164,932,933,14,4.403516e-14,0.0,5.3156225e-23,3.1642964e-17,6.659386e-06,5.1150875e-30,1.0750507e-09,4.8920574e-06,7.8195464e-20,2.446042e-13,0.00041620198,0.0059270584,1.8813576e-05,1.07957646e-07,0.993627,9.40778e-34,1.9761058e-10,5.8739907e-08,2.2655954e-21
1165,933,455,17,1.3520649e-13,0.0,2.9361472e-31,5.798999e-10,4.953704e-08,2.8111395e-27,1.5377831e-11,1.756925e-06,1.7939124e-10,2.4959288e-31,0.0012856604,3.719027e-06,2.3022994e-07,0.0034376145,0.024011526,4.294862e-39,3.9070964e-12,0.9712577,5.3117743e-22
1166,455,1021,17,5.1222394e-13,0.0,2.7150872e-32,1.0301265e-16,1.497459e-09,3.7361025e-07,1.8979021e-11,3.2440586e-10,6.6864285e-11,2.2582137e-32,0.0004925581,2.7186254e-14,6.7378866e-13,0.00070844806,1.6999088e-08,0.0,6.867389e-16,0.9987991,8.045462e-18
1167,934,162,10,2.0110847e-13,0.0,4.647105e-13,2.7192823e-19,9.030334e-05,3.6722485e-30,8.312647e-09,9.63983e-15,6.6828474e-14,0.0,0.9999008,8.0878756e-08,1.06961315e-11,3.8975625e-08,3.7015323e-14,0.0,5.9544947e-13,9.806932e-06,3.451004e-10
1168,935,949,10,6.6790764e-14,0.0,4.955561e-21,9.9682305e-17,0.03448544,4.968532e-34,0.008142131,1.3819214e-15,7.682945e-12,4.276636e-38,0.9465859,6.747546e-09,9.482324e-12,5.1393365e-09,1.0633284e-10,0.0,2.9682506e-11,0.010763965,2.2490374e-05
1169,936,252,10,7.4998355e-15,0.0,3.443173e-29,7.197138e-13,2.2241542e-09,5.5826e-41,2.5877957e-06,7.831718e-07,1.099046e-11,5.125162e-39,0.9982468,1.7403421e-06,3.0023163e-08,2.9126224e-07,1.817323e-11,0.0,4.422704e-08,0.0017493503,3.357257e-08
1170,931,945,4,1.4908207e-14,0.0,6.653541e-30,6.2185693e-18,0.52067274,7.351176e-25,0.0011301982,1.1154725e-18,2.3106697e-12,7.0566835e-31,0.47779068,1.8481357e-08,1.7527509e-10,1.7255507e-10,0.00038741642,0.0,2.5908128e-10,2.0744334e-05,1.1949756e-18
1171,87,282,14,1.817048e-16,0.0,1.2695545e-31,3.345131e-12,8.3134154e-07,5.26665e-40,0.0016664997,1.1729725e-17,9.180362e-17,2.9475005e-26,8.9171764e-10,1.0460756e-12,9.130357e-08,9.018344e-15,0.9983344,1.4955131e-38,5.3505404e-13,2.6923755e-10,3.301274e-24
1172,99,270,6,5.311423e-17,0.0,8.8293e-19,1.8898424e-08,1.54609e-09,2.360936e-38,0.9337609,7.466083e-18,2.2295681e-14,1.8504115e-26,3.055753e-10,1.3957512e-12,0.0012317846,7.597489e-13,0.0650072,0.0,1.5771848e-10,4.3484783e-07,4.041977e-12
1173,937,923,17,5.516873e-19,0.0,3.629e-41,1.1467174e-12,7.826739e-05,2.838365e-30,9.552584e-10,7.6258164e-16,1.2461338e-10,1.7634744e-33,1.0861248e-05,7.108569e-13,1.1648439e-09,8.595543e-10,1.2050446e-06,0.0,6.314751e-14,0.9999084,3.2829353e-26
1174,937,938,11,1.04194995e-11,0.0,2.2707762e-30,2.736785e-20,0.36939254,3.2231912e-30,0.0006304674,1.4636608e-05,0.0016727988,4.177029e-29,3.9928702e-07,0.6274692,5.1878407e-13,1.5914149e-13,0.00081956945,1.54112e-40,7.9042917e-07,2.0883487e-08,2.7286441e-12
1175,938,939,4,2.0442202e-13,0.0,9.0636264e-30,2.6435216e-20,0.82087547,8.757161e-31,1.5336445e-07,3.1470213e-10,6.5979777e-10,2.7909483e-32,8.1907126e-07,0.17912127,1.0202475e-17,1.7092728e-15,3.736803e-06,3.226e-41,2.925757e-11,4.03859e-10,4.0977093e-13
1176,939,403,4,6.1105786e-13,0.0,5.465217e-27,8.6954735e-17,0.99323285,0.0,2.0813192e-07,1.3018656e-14,1.049358e-17,6.072226e-32,1.842413e-08,0.0007897704,1.40028285e-14,5.850093e-13,0.0059772604,5.0818413e-33,1.6485665e-12,5.0403774e-08,3.5213054e-21
1177,403,940,10,4.431512e-19,0.0,4.8184953e-27,4.389196e-13,0.30873206,4.488838e-39,0.00035949683,1.354512e-13,1.6992383e-11,4.0202603e-36,0.6908774,2.308986e-05,1.583505e-07,9.041225e-13,5.3419676e-08,0.0,1.2028749e-09,8.450105e-06,2.442609e-07
1178,940,920,17,5.207923e-07,0.0,4.6680012e-27,1.6017556e-14,0.0012795543,2.28e-43,2.2970546e-06,1.9841811e-17,1.2864507e-10,1.5329525e-17,6.0345308e-05,1.39878695e-08,1.8452012e-05,6.907669e-08,0.02404122,0.0,1.2634251e-06,0.9745981,8.549304e-25
1179,920,919,17,0.0028095655,0.0,2.4162571e-33,7.598509e-19,2.1152376e-10,2.898963e-39,2.037329e-07,1.8165403e-18,1.16665705e-11,4.344097e-39,8.118407e-10,2.3796727e-14,1.664255e-13,1.7256071e-13,2.6157646e-13,0.0,6.3983957e-10,0.9971886,2.0377622e-24
1180,937,941,6,1.0814198e-13,0.0,1.03531e-40,4.9090386e-18,0.00015416769,4.3240887e-18,0.97960013,2.2114446e-11,0.016293436,2.783535e-26,0.0016483981,1.841615e-12,7.882864e-12,3.7614018e-06,1.2198546e-05,0.0,1.3294107e-09,0.0022894996,3.2309913e-18
1181,941,270,17,1.4631225e-16,0.0,1.3236764e-33,1.1432787e-14,0.0048578843,3.3307125e-37,3.598067e-05,1.1415469e-17,5.555008e-13,2.0532113e-32,0.055983942,1.1115813e-11,1.7834473e-08,1.3773319e-08,2.2352062e-06,0.0,3.0994592e-11,0.9391192,6.8315713e-22
1182,270,942,11,1.1337195e-22,0.0,1.08587534e-29,5.93983e-16,0.0014379667,1e-45,1.3656407e-13,7.2633743e-09,1.8666322e-19,4.2948727e-27,1.865903e-07,0.9985629,3.9697426e-13,2.2700757e-14,2.3067915e-07,2.154174e-28,4.976092e-15,8.162059e-12,1.5616502e-16
1183,942,943,11,2.9233685e-19,0.0,1.3386815e-26,1.0377817e-17,0.0058654295,6.6e-44,2.2745215e-15,2.0141092e-06,1.3296234e-17,6.6160843e-22,1.6728875e-11,0.99210054,8.139003e-16,1.5645139e-14,0.0020335983,1.6323019e-13,1.1748423e-13,3.6541421e-13,2.7648682e-18
1184,943,282,11,2.354189e-17,0.0,1.264788e-24,5.240452e-20,0.0002757094,4.83e-43,4.3660317e-14,1.9448172e-09,1.1496796e-17,1.3014796e-27,4.0763542e-11,0.999264,1.05495114e-13,5.87965e-12,0.00046121055,0.0,7.8724835e-15,1.7925355e-12,4.1637104e-23
1185,282,944,10,5.396607e-18,0.0,3.1383419e-25,2.1819263e-16,0.3901057,2.3239492e-10,1.699868e-10,4.192048e-15,3.4717444e-12,3.262765e-23,0.60989255,1.3488544e-07,2.971373e-14,1.4542887e-12,1.8696652e-07,1e-45,1.16222025e-10,1.0167006e-09,2.7340294e-13
1186,944,945,4,9.736814e-21,0.0,3.0478713e-25,2.5957625e-15,0.7087654,2.136066e-20,4.4134496e-09,2.2575938e-17,4.8180076e-16,5.474553e-24,0.2888984,3.5898202e-09,9.125439e-10,2.2214277e-13,0.0023367142,1.0831865e-36,2.0862355e-11,1.0364893e-07,3.1468283e-18
1187,945,946,11,6.0432997e-15,0.0,5.734825e-26,8.579092e-19,0.0003021533,1.8e-44,7.1918717e-12,1.0851063e-12,7.3670145e-16,1.9727286e-28,1.1005537e-08,0.9959988,8.632921e-14,2.3783372e-15,0.0036975169,9.597514e-32,3.755619e-16,1.15556245e-10,1.00217474e-19
1188,946,414,14,3.8109902e-18,0.0,6.8534698e-15,3.4256045e-14,0.0096650375,1.4415787e-28,1.999114e-06,4.462574e-11,7.94884e-20,3.6731962e-25,5.814397e-09,0.10210929,1.7183578e-10,1.6650779e-16,0.8882249,3.1611009e-31,4.4320618e-15,1.0863826e-11,3.026511e-15
1189,414,936,4,1.079936e-20,0.0,3.3375713e-20,1.1276198e-16,0.99760336,2.0955474e-30,0.00012065084,1.7812974e-17,1.1222743e-21,8.691929e-31,1.07459615e-08,1.7508775e-05,1.1650765e-14,2.6929321e-16,0.002259014,0.0,2.3782534e-17,3.201414e-09,3.6732187e-13
1190,936,949,4,2.0625585e-12,0.0,5.808915e-26,5.5536853e-16,0.99930215,1.89e-43,0.00057188544,6.1435655e-18,4.738302e-16,3.0068123e-36,4.50224e-05,2.1606155e-08,8.5389264e-13,3.7877253e-12,6.889889e-05,0.0,2.5740225e-13,1.2306844e-05,3.5280606e-18
1191,947,948,4,7.954102e-24,0.0,1.453349e-23,2.9164827e-13,0.8846237,1.4272852e-37,5.557433e-10,5.5670784e-13,5.282642e-27,9.224052e-20,0.11528599,1.8304845e-06,2.4435147e-13,1.7775151e-11,8.9008514e-05,3.9562494e-32,1.0283043e-17,3.278698e-08,1.8935683e-13
1192,948,162,10,2.1534293e-18,0.0,1.8258623e-27,1.1968838e-16,0.0016433125,1.7998676e-34,3.1042103e-07,6.8827207e-19,4.58463e-14,5.525113e-32,0.99825066,4.6503905e-11,1.934393e-08,2.249819e-12,4.19019e-09,0.0,1.2347475e-12,0.000105461,9.729123e-22
1193,162,174,12,4.967062e-16,0.0,1.0659392e-11,1.0261509e-06,2.928232e-06,9.340255e-29,0.00011580593,4.500041e-13,4.4541384e-11,2.15484e-28,0.23146527,4.8017e-07,0.767789,2.2929538e-09,0.00058015395,0.0,1.9867512e-07,4.5904435e-05,7.652441e-11
1194,949,947,10,8.2671805e-22,0.0,1.0421898e-31,5.756283e-11,1.215599e-06,8.9721613e-29,1.313919e-07,8.350355e-13,5.107697e-15,1.9472086e-23,0.99998474,2.4604013e-10,9.6389185e-06,6.262933e-14,3.5391759e-06,6e-45,1.00063985e-10,1.0608544e-07,9.5673576e-17
1195,947,963,12,2.0700499e-24,0.0,9.273731e-27,3.0871565e-08,0.00016247491,2.0023509e-35,0.0010672333,2.5429477e-13,9.696987e-17,2.1542407e-20,0.06449221,1.7964266e-09,0.9143285,4.404728e-13,0.019934446,1.18e-43,1.9663144e-11,1.4849191e-05,1.7853655e-17
1196,945,960,14,6.407138e-18,0.0,1.7154695e-25,4.8375206e-12,0.00086039014,7.371602e-37,2.2943573e-06,4.0155688e-22,7.092898e-17,4.170533e-29,1.292591e-08,8.024621e-10,5.3264565e-10,1.3517379e-16,0.9991383,3.249758e-39,1.0729549e-13,3.8710943e-10,1.5023542e-20
1197,282,490,14,1.4926908e-17,0.0,2.1908081e-24,6.0443534e-10,0.00436644,5.037416e-31,6.2100165e-09,1.0440213e-14,8.407777e-17,8.774706e-26,3.003167e-06,2.680533e-07,3.994024e-09,4.1255495e-13,0.99563026,1.3335785e-35,3.7856475e-11,1.4702891e-09,7.108652e-20
1198,270,467,17,7.8412945e-12,0.0,1.8784264e-33,6.620977e-16,0.020045703,1.8e-44,1.1202212e-06,9.431726e-16,4.0474606e-09,6.4905977e-28,0.045401208,1.7184851e-07,1.2719246e-09,9.3037894e-10,2.5043259e-05,0.0,1.7247946e-09,0.9345271,1.6647355e-23
1199,937,955,6,3.0705148e-15,0.0,3e-45,2.373768e-16,4.342018e-05,2.842423e-26,0.92124665,1.9613401e-11,0.006435209,1.2582327e-33,1.3919324e-06,7.982271e-11,5.8429786e-13,6.641409e-11,1.1271691e-07,0.0,1.3303024e-11,0.07227249,1.28567875e-20
1200,919,951,17,6.09488e-08,0.0,1.9435199e-31,8.022576e-16,8.49518e-09,2.1353556e-29,0.0032334325,7.396699e-15,5.9635314e-09,4.76e-43,8.781609e-10,2.9189342e-11,2.2565071e-11,4.8981412e-15,6.3045042e-12,0.0,6.2906974e-10,0.99676657,6.3907134e-17
1201,426,444,2,2.0520406e-21,0.0,0.9451211,3.5806759e-06,1.9534041e-10,2.0181477e-35,0.000838845,3.123056e-17,4.0907036e-17,1.2435981e-32,1.00045285e-10,1.2621817e-07,0.05382239,3.663743e-14,0.00020574823,0.0,3.0121788e-10,7.564911e-09,9.3443205e-06
1202,444,950,10,1.3910503e-15,0.0,0.000120504126,6.9876826e-15,0.00055187463,0.0,5.892756e-07,1.4577332e-11,3.293305e-13,9.522857e-33,0.9992488,1.5679385e-05,1.935939e-05,1.277401e-07,1.5912405e-11,0.0,4.1925705e-10,4.1998643e-05,1.379862e-07
1203,950,951,17,1.4014554e-11,0.0,3.8171117e-35,5.908525e-18,2.0778595e-08,2.623574e-32,0.00013950863,1.4285882e-13,1.9534367e-07,7.483974e-30,8.28018e-08,4.492734e-13,3.431011e-11,3.274735e-08,6.345843e-10,0.0,7.10963e-12,0.9998588,2.2208247e-22
1204,951,952,17,1.6057302e-09,0.0,2.2251171e-28,3.2598887e-17,6.4287956e-06,1.6073956e-26,1.3846439e-08,1.2272823e-10,2.8408447e-08,2.5015473e-35,4.7781783e-09,3.5148483e-07,1.0688259e-11,2.5341453e-13,5.9353895e-09,0.0,4.5876658e-10,0.9999923,1.3565871e-18
1205,952,953,14,0.0014381862,0.0,7.5519674e-16,1.5805369e-13,0.21378148,5.938878e-31,2.0291627e-06,1.1147454e-10,3.9499756e-10,1.6400467e-29,2.2777856e-08,0.0007462834,5.6028233e-07,1.2052392e-11,0.69480217,1e-45,0.00046184968,0.08876859,8.6610156e-16
1206,953,501,4,1.0016691e-06,0.0,7.317219e-23,3.5064373e-15,0.9905313,0.0,1.1770684e-11,2.2064864e-14,1.1314283e-17,9.738808e-31,1.0226729e-06,0.008070544,9.606847e-11,9.091223e-08,2.0422722e-05,7.92944e-40,1.44325195e-05,0.0013623487,2.865273e-19
1207,501,954,4,5.887099e-13,0.0,1.9776442e-25,3.8377038e-17,0.94751084,0.0,2.4070212e-10,2.5450744e-12,1.6945872e-15,4.6079837e-22,0.0005486839,0.050591554,5.10046e-13,1.15288215e-08,5.825087e-05,0.0,3.924291e-11,0.0012913918,5.845311e-16
1208,954,955,17,1.3254389e-12,0.0,2.1488415e-26,2.7994267e-16,1.0207091e-05,5.430263e-27,1.7226874e-05,5.320635e-15,2.4789742e-07,1.1326152e-33,0.06975424,0.00040804758,8.80506e-09,7.5740093e-16,1.4165371e-11,0.0,7.0792026e-07,0.9298083,5.9467996e-13
1209,955,956,17,3.1550285e-09,0.0,8.402152e-35,1.2302872e-17,1.9763603e-12,2.0004788e-29,8.4603903e-07,6.418321e-17,3.7161104e-11,1.1e-44,4.553495e-09,1.4589892e-13,3.0065735e-12,1.7118378e-14,8.0203995e-17,0.0,3.8061243e-10,1.0,2.4714619e-19
1210,956,467,17,0.00063008274,0.0,5.734417e-31,1.0776753e-15,3.1202717e-08,0.0,2.7826477e-08,1.3738232e-13,4.8589886e-06,6.440201e-31,2.7467703e-07,4.72738e-08,8.876896e-09,9.974538e-11,2.9951537e-09,0.0,2.0559435e-05,0.99934417,1.951595e-24
1211,467,957,11,2.1057775e-10,0.0,7.1603895e-20,1.718066e-14,4.5278122e-07,5.160879e-35,2.0975749e-11,6.1502185e-05,1.3139247e-06,3.8826633e-23,1.3267359e-09,0.53863704,5.237351e-06,4.077896e-10,0.46129397,6.096e-42,1.4503543e-06,1.7865123e-07,1.94461e-16
1212,957,958,11,5.355027e-15,0.0,3.7512813e-23,6.4192714e-11,8.461298e-06,2.4587038e-32,6.053296e-13,2.5987244e-08,1.2016224e-10,5.416317e-28,5.981279e-09,0.9803516,4.1753334e-10,7.832422e-18,0.019640297,7.852616e-33,1.0084461e-09,6.080009e-11,9.812382e-16
1213,958,490,14,3.0988985e-14,0.0,7.935106e-30,2.80226e-22,3.786637e-07,0.0,5.733357e-12,9.282711e-14,4.2172116e-16,1.949989e-15,3.696075e-12,0.00024165047,9.899625e-13,3.218344e-19,0.9997597,5.532273e-36,8.7785674e-16,1.6790115e-12,2.7470242e-28
1214,490,959,4,1.5991983e-13,0.0,1.3895054e-32,4.447571e-17,0.99982834,9.562929e-27,5.1662287e-08,2.7150653e-18,1.8247523e-15,4.4820515e-36,0.00016961293,3.1298056e-10,7.638652e-17,1.1985813e-12,1.7929447e-06,0.0,4.1826076e-15,9.664902e-08,1.0233314e-23
1215,959,960,4,1.1946702e-18,0.0,3.0025764e-25,1.2301759e-15,0.99993515,1.2239748e-28,3.1957277e-09,1.6103579e-21,4.999563e-18,7.5648516e-32,3.264899e-05,6.677867e-10,1.0870566e-14,2.910678e-15,3.0547584e-05,4.777722e-32,3.976743e-14,1.9545957e-11,2.6867495e-20
1216,960,961,11,4.7080746e-21,0.0,1.698265e-20,2.9346806e-16,0.033108454,6.7e-44,5.5264343e-12,1.0891486e-14,2.2914563e-26,2.8927726e-27,5.1553173e-10,0.96221167,3.5785997e-14,5.712194e-15,0.0046801297,6.327995e-20,1.263743e-14,1.655996e-14,3.6070447e-18
1217,961,541,11,7.1524554e-17,0.0,4.200494e-18,2.777225e-18,0.004213364,1.4765856e-30,1.4703957e-09,9.896014e-10,1.3590416e-19,6.533366e-23,1.6078618e-11,0.9903877,8.3475795e-14,1.9418054e-11,0.005397554,8.5764e-36,1.441154e-15,2.938867e-11,7.1099175e-15
1218,541,962,11,4.6674974e-22,0.0,9.580471e-09,4.1058813e-11,0.008341069,8.4496226e-36,1.5806987e-07,1.382869e-10,1.1791584e-18,2.2780992e-30,2.995619e-11,0.85548896,1.0914311e-08,3.3322307e-11,0.13616851,3.53e-43,9.129593e-15,2.2690579e-11,1.6256183e-10
1219,962,963,11,1.9404399e-29,0.0,7.720367e-14,7.994255e-09,1.8541832e-05,0.0,8.6057294e-14,4.3210674e-12,1.5858322e-22,5.0676543e-32,1.7231875e-12,0.99945843,1.711099e-08,3.0601545e-15,0.00052300695,1.1976458e-32,4.006356e-15,5.1348522e-15,1.148894e-11
1220,963,964,10,1.0105903e-18,0.0,5.4207277e-25,1.997382e-15,0.110808566,1.1211984e-24,6.814115e-05,7.167673e-16,8.7079216e-17,2.6940782e-27,0.88912326,6.46069e-11,6.619202e-11,1.5767215e-10,3.0842727e-08,4e-45,6.368031e-10,8.133388e-08,3.0958214e-10
1221,964,174,10,9.653308e-13,0.0,5.562927e-32,2.2610302e-19,1.9326406e-05,6.887499e-27,1.4182039e-09,1.8725832e-16,1.7081477e-12,8.503352e-31,0.99997705,5.087091e-13,2.8559206e-12,6.2123345e-10,3.657144e-11,0.0,7.3466865e-11,5.4106563e-06,1.11879e-22
1222,186,965,10,9.674837e-13,0.0,7.7831314e-10,7.596791e-21,0.00010296653,1.8731956e-18,2.2046589e-08,1.1707743e-15,2.361209e-13,4.5644e-41,0.9998931,1.4658587e-10,3.1972105e-12,2.116635e-09,6.5056664e-14,0.0,1.2726597e-13,3.8653184e-06,1.0306918e-10
1223,965,966,10,1.0009565e-18,0.0,4.993125e-24,3.6318357e-14,0.00037397872,8.033319e-25,7.511671e-05,2.2434948e-19,2.547721e-16,1.3097445e-31,0.9995499,4.0380316e-12,7.8668594e-10,8.087442e-16,1.0694132e-11,0.0,1.5176718e-11,7.211003e-09,4.26995e-09
1224,966,967,11,1.232747e-20,0.0,1.7252208e-26,8.931486e-15,6.736167e-05,2.032e-42,5.8483557e-12,3.8568978e-11,2.9336464e-19,4.7226266e-21,1.6094035e-09,0.99953854,3.3404814e-09,1.1750678e-18,0.00039578308,7.1884343e-22,2.360257e-11,2.148157e-15,1.4093949e-19
1225,967,380,11,1.4320816e-11,0.0,7.019822e-23,6.052447e-19,0.01360895,6.73609e-35,4.510502e-08,1.1872583e-14,3.6994147e-14,2.3532254e-27,1.7778602e-12,0.9471169,1.1732511e-15,1.4743574e-14,0.03927424,0.0,1.755886e-14,6.8075726e-11,1.7452986e-17
1226,380,968,11,1.460286e-21,0.0,3.6324665e-10,1.0687301e-15,0.024172356,1.1760891e-35,3.051405e-12,1.5485506e-10,1.24601524e-17,5.643132e-28,6.118232e-12,0.97208434,6.2939792e-12,6.907727e-14,0.0037429146,0.0,2.6364686e-15,9.456882e-14,5.9756967e-15
1227,968,969,11,1.2153209e-21,0.0,2.645983e-13,2.26864e-13,1.923601e-05,0.0,3.4260784e-12,5.3388317e-15,8.8834464e-21,6.4839465e-34,6.8647734e-15,0.99814016,1.5346822e-12,8.9508844e-17,0.0018411248,3e-45,1.420321e-16,5.158272e-16,3.9598753e-16
1228,969,970,4,1.8886168e-16,0.0,6.958405e-20,2.1813464e-21,0.998883,2.1691624e-16,1.8665146e-08,3.0470303e-20,1.8235682e-16,1.0855879e-32,0.0011170992,2.3343704e-11,5.6984995e-17,2.3151352e-11,1.0023982e-08,0.0,8.843407e-15,5.1357137e-08,1.0488033e-14
1229,970,392,4,4.985799e-16,0.0,3.963716e-15,6.2594365e-17,0.98493594,1.5241386e-21,5.10414e-05,9.515512e-20,8.0146533e-16,9.9468904e-23,0.013680677,2.0437378e-12,9.112866e-13,1.5055877e-08,3.0880415e-07,0.0,6.388718e-16,0.0013320649,7.2905804e-16
1230,392,971,11,1.274594e-12,0.0,1.8826707e-13,4.1715194e-14,0.10102484,2.3886407e-36,3.8593507e-06,1.914039e-15,2.031209e-12,1.6913465e-36,4.77108e-07,0.8981364,1.86781e-09,6.4154144e-15,0.00083443115,0.0,8.2007545e-13,2.3636124e-08,2.1140921e-10
1231,971,972,11,2.3500032e-21,0.0,1.3318604e-12,1.1069731e-11,0.011442106,0.0,6.4495387e-10,2.4245127e-17,2.1928821e-16,1.285943e-36,3.0681355e-09,0.9588297,1.4462644e-08,8.692418e-18,0.02972763,4e-44,2.544722e-14,2.4592271e-11,2.5074057e-11
1232,972,973,10,4.0143624e-20,0.0,9.011571e-22,1.0075894e-15,0.082150154,1.6294759e-15,1.8878638e-05,2.536298e-16,2.3498859e-14,3.4632303e-32,0.9177951,1.5037945e-11,6.568216e-11,2.6280422e-09,6.0530607e-07,0.0,3.9488698e-13,3.566677e-05,1.3144077e-11
1233,973,484,17,2.1573205e-16,0.0,3.545497e-30,2.2748003e-14,2.6154436e-07,9.211804e-15,7.5482285e-07,2.669216e-15,1.1512746e-14,1.535803e-39,0.35818323,3.7702662e-13,1.1607897e-09,2.2839035e-07,1.1900577e-11,0.0,1.3842186e-12,0.64181525,4.902643e-16
1234,484,974,17,5.1084703e-10,0.0,1.0787096e-34,1.0161487e-19,7.6187126e-11,2.0021196e-22,3.8859638e-10,2.1872693e-15,2.325352e-09,8.05148e-40,0.00016483468,5.006741e-10,4.1564114e-15,3.3816512e-16,1.8668273e-16,0.0,8.474836e-13,0.999836,2.7927923e-16
1235,974,975,17,5.0128665e-06,0.0,1.9529583e-31,2.1060491e-19,1.2510758e-13,2.2221253e-33,4.0509068e-08,9.656488e-18,6.667099e-10,0.0,1.2855676e-10,1.4458752e-12,1.4092587e-14,2.2214605e-14,7.6249033e-19,0.0,2.9171866e-11,0.9999962,5.779233e-18
1236,975,976,17,5.287567e-10,0.0,2.7551974e-37,1.3079849e-19,8.403336e-13,4.641245e-19,1.7165205e-06,6.774649e-10,5.707678e-10,5.8893493e-34,2.1229827e-09,1.7690577e-13,1.1333441e-13,5.0728366e-10,3.4768394e-16,0.0,1.3989082e-10,1.0,9.65472e-18
1237,976,518,0,0.99978644,0.0,2.1286517e-31,4.9517086e-20,2.230533e-11,0.0,2.830849e-08,1.2187343e-19,4.2713166e-10,6.7328395e-24,2.3740414e-07,1.1828106e-13,1.8569443e-12,3.680246e-13,5.9966225e-12,0.0,0.00016797679,4.4538974e-05,3.605502e-19
1238,518,977,0,0.8477442,0.0,1.3854751e-28,6.1057835e-19,0.00030249695,3.9703323e-36,8.5027345e-09,8.310668e-12,3.7681966e-05,3.5517807e-21,0.0002502847,0.00018425923,3.013496e-13,6.417599e-13,3.1242173e-06,0.0,0.15147643,9.1784136e-07,1.5790761e-16
1239,977,978,8,1.0074013e-07,0.0,1.11302636e-29,2.761632e-18,1.7765707e-06,1.5373671e-33,9.0978666e-12,1.9472438e-10,0.9857403,1.4751667e-30,2.1789263e-06,2.4446795e-06,1.1341584e-11,6.031669e-15,2.8742972e-09,0.0,0.014251236,2.6712743e-07,1.4529656e-17
1240,978,979,17,7.4824875e-08,0.0,7.847156e-28,1.2803688e-12,2.5671e-13,4.528508e-35,6.899376e-07,1.4664966e-17,3.6434792e-06,7e-45,1.1314204e-08,4.0939105e-14,1.2125087e-08,3.693039e-08,4.081827e-13,0.0,4.3690104e-08,0.9999962,1.8919246e-18
1241,979,980,17,1.8990183e-10,0.0,1.8510187e-26,3.215654e-13,2.3800642e-13,8.1060374e-38,2.024484e-07,1.8187313e-18,7.435913e-14,4.5e-44,3.618638e-09,1.1287528e-14,4.1048637e-11,8.801715e-06,4.4239417e-13,0.0,4.529079e-12,0.9999923,1.1062311e-17
1242,980,438,17,5.271872e-12,0.0,4.55155e-24,2.192813e-18,1.2547414e-06,3.477e-42,1.8194443e-05,1.4408226e-17,1.3267433e-13,1.24026676e-26,1.0330433e-07,1.3057114e-12,1.2232753e-12,1.4452346e-06,1.8625689e-06,0.0,2.885098e-15,0.99997705,2.421378e-18
1243,951,979,17,3.1792866e-10,0.0,2.3887628e-33,7.759987e-15,8.901335e-11,9.67393e-40,1.5285688e-07,2.3318865e-19,4.3319315e-10,1e-45,6.473571e-10,2.210381e-12,1.4054646e-12,1.267631e-12,3.3144301e-12,0.0,2.604316e-12,1.0,1.5053363e-21
1244,979,1006,17,2.5745346e-12,0.0,2.0637199e-30,3.5063643e-11,9.3657535e-09,1e-45,1.0611261e-06,3.5081276e-20,3.2847193e-08,6.072624e-38,3.711243e-08,2.7191584e-11,1.8082806e-08,1.2679073e-11,2.720077e-07,0.0,1.5123711e-12,1.0,2.1024863e-18
1245,975,1000,17,1.9361805e-07,0.0,1.21613245e-36,2.116715e-17,1.4786636e-10,1.7164143e-30,0.0026324952,1.0673402e-16,8.156612e-12,0.0,3.4884369e-09,1.7712303e-15,4.5098903e-12,1.9901464e-10,2.6977555e-15,0.0,6.006359e-10,0.99736756,4.717104e-19
1246,972,994,4,9.741347e-21,0.0,1.157983e-21,2.0549014e-12,0.955569,1.074858e-24,1.9204337e-05,2.5001297e-17,8.657003e-12,4.6913116e-36,0.040188275,1.9512237e-08,8.1617955e-08,2.542115e-12,0.004203603,0.0,1.1299774e-12,2.0427007e-05,4.9108708e-12
1247,969,988,4,9.786383e-20,0.0,4.6017977e-23,3.35618e-16,0.9999543,1.4238827e-27,9.153334e-09,5.466146e-23,7.3964545e-20,2.713688e-33,5.2577298e-06,3.4650228e-12,2.3994529e-14,7.4570975e-16,4.051825e-05,1.2584756e-36,7.626544e-16,1.2621131e-09,1.0696246e-20
1248,966,983,10,1.2736471e-18,0.0,9.994577e-25,9.1124096e-14,7.986464e-06,8.575794e-25,3.3317183e-06,2.6741421e-20,1.4802981e-13,3.1026877e-34,0.9999886,1.8780965e-11,1.7603587e-07,2.170111e-19,3.3119527e-12,0.0,3.7691075e-10,2.9566476e-09,2.1810485e-12
1249,186,981,10,7.366541e-15,0.0,7.3007186e-14,1.1399144e-18,1.9819306e-06,7.2616515e-18,4.608614e-08,1.2322352e-19,5.5579937e-14,3.327334e-30,0.9999886,1.6868026e-15,4.0618404e-11,7.653372e-12,1.89061e-12,0.0,8.273736e-16,9.615964e-06,1.5706132e-14
1250,981,63,10,3.0197632e-16,0.0,5.0718843e-19,6.156073e-17,2.1988733e-07,7.4350607e-22,1.9182718e-07,3.3793733e-21,1.4524745e-14,6.491978e-30,0.99998474,2.043256e-18,5.8086963e-10,5.5967423e-12,5.6063153e-12,0.0,5.9296008e-15,1.617272e-05,1.5678536e-14
1251,981,982,10,5.6344174e-14,0.0,2.688511e-29,4.131305e-17,0.0017623917,1.7928543e-15,2.05312e-07,1.4081972e-18,2.0470202e-07,1.8513528e-31,0.9982316,2.5613215e-11,3.0279243e-12,5.8261745e-13,1.6052518e-10,0.0,2.0628212e-09,5.3511308e-06,4.2830716e-14
1252,982,983,10,2.6966816e-18,0.0,4.228609e-27,3.152183e-13,0.0003421939,2.2766273e-18,8.417001e-06,1.0973722e-15,6.1735264e-08,1.18541e-32,0.99961483,3.563445e-10,3.1654145e-05,1.0226561e-16,5.8635806e-08,0.0,2.40879e-06,1.5884599e-07,7.470177e-13
1253,983,984,9,1.1141519e-07,0.0,2.8801534e-20,2.6751194e-14,1.6066273e-06,2.3944557e-33,1.5633672e-08,8.36595e-12,3.0324735e-08,0.99605584,0.0036927664,7.1455186e-05,2.1404172e-09,7.947957e-06,1.3222318e-05,4.27477e-40,9.907446e-05,5.6867644e-05,3.0871618e-12
1254,984,985,11,6.3961305e-16,0.0,2.9284045e-25,3.2143155e-14,3.5509274e-06,2.342e-42,6.4682606e-11,2.0358411e-11,2.1486674e-13,3.0663696e-31,1.2086532e-07,0.99998474,5.4726232e-12,7.522493e-17,1.0432339e-05,1.65429e-40,4.217487e-15,1.0890221e-10,1.1850455e-14
1255,985,986,11,3.1952956e-20,0.0,5.743622e-20,2.210305e-12,6.380032e-06,2.1815e-41,6.4004086e-14,2.0160401e-12,8.8082824e-17,8.558013e-33,1.51323065e-05,0.9999504,2.3151907e-09,1.596548e-19,2.629231e-05,2.14e-43,1.2231795e-16,1.4398318e-12,9.4421026e-14
1256,986,987,11,2.333013e-22,0.0,4.10397e-19,6.5880123e-12,5.5642136e-05,4e-45,2.4054181e-15,6.455618e-10,4.8456454e-20,1.0172383e-27,4.0666573e-06,0.99858576,6.8522628e-09,1.3871495e-16,0.0013561422,2.13e-43,1.3927048e-18,3.1922156e-11,2.6606198e-12
1257,987,988,11,2.4823926e-20,0.0,1.4668771e-17,5.9094385e-14,0.4036837,9.360924e-33,1.3073063e-12,3.3510933e-13,7.006093e-17,5.175997e-29,1.07145415e-05,0.59459513,8.531763e-13,7.835127e-14,0.0017114492,1.0887564e-32,1.187645e-11,3.6945672e-12,2.804476e-13
1258,988,989,4,2.5961797e-14,0.0,2.2171486e-24,4.7220727e-19,0.94752526,9.296274e-16,6.228661e-10,6.3152267e-16,6.7236517e-16,8.395509e-15,0.052345056,3.0080134e-08,1.1158572e-15,1.31526534e-11,0.00012976726,2.4516232e-32,6.537766e-12,3.7833453e-07,1.2352397e-16
1259,989,990,10,4.7049923e-11,0.0,1.2135236e-28,1.5669237e-18,0.045066286,9.531437e-25,5.208094e-10,7.35805e-10,2.38312e-18,8.60704e-22,0.9464668,0.0077144634,5.3344606e-13,9.130388e-09,0.00075231446,9.813095e-31,1.1214015e-13,6.1775586e-07,2.4781635e-20
1260,990,991,10,8.856912e-15,0.0,5.302788e-21,1.3109513e-13,0.0008159633,2.0154526e-30,9.944243e-14,1.4991908e-09,5.125943e-17,3.0600698e-32,0.8692758,0.12907922,4.22505e-10,2.0576535e-13,0.00082802906,3.97e-43,7.61837e-17,9.096496e-08,6.734392e-13
1261,991,992,11,1.7648808e-18,0.0,2.5258135e-15,1.918984e-12,0.014815775,2.143597e-38,5.665791e-17,2.899927e-08,2.7818298e-16,9.793371e-34,4.1760126e-05,0.98487204,2.8110982e-11,5.276489e-16,0.00027113376,1.07177e-40,1.1832098e-17,1.7356255e-09,1.0051787e-07
1262,992,993,14,2.778432e-19,0.0,5.4954807e-15,1.2809728e-07,7.242307e-05,4.268318e-33,4.3569932e-16,5.8271898e-08,2.905884e-16,2.4055656e-22,4.6271282e-08,0.0343358,1.6216125e-08,7.609497e-13,0.9655909,1.341902e-12,1.487187e-12,4.783353e-11,9.316209e-12
1263,993,994,14,1.1652336e-19,0.0,4.493669e-24,1.90581e-11,0.00018253682,1.0963955e-18,7.1150295e-12,1.4564478e-13,4.3300617e-19,8.851586e-20,0.0005166239,2.0419944e-10,4.7230877e-09,1.8350382e-11,0.99930215,4.033973e-24,6.00777e-13,1.1082894e-07,1.8461824e-17
1264,994,995,10,3.661659e-15,0.0,5.1980727e-24,8.602429e-18,8.122699e-06,0.49148336,1.4519984e-06,4.780473e-10,1.5022964e-13,1.8846086e-23,0.508427,1.150863e-12,1.4931075e-08,7.876905e-06,5.2025072e-05,0.0,2.2695425e-11,2.1975671e-05,7.959659e-16
1265,995,996,10,1.3742372e-13,0.0,1.7718258e-29,1.3308624e-16,1.162697e-06,0.0012497371,4.2294636e-05,6.601608e-16,1.19566e-10,4.5454723e-26,0.99868095,3.9601043e-15,3.77727e-09,3.4246056e-10,1.2640271e-07,0.0,1.1959427e-10,2.7479471e-05,8.2919596e-18
1266,996,997,4,3.602136e-18,0.0,3.306144e-36,2.0226705e-14,0.7268005,9.538161e-26,1.7777629e-07,1.3713071e-17,1.38e-13,3.237683e-30,0.27317524,3.509983e-08,1.3617332e-14,1.0274364e-12,1.31564e-06,1.7080598e-38,3.7922217e-12,2.2409446e-05,1.6809683e-17
1267,997,998,4,3.7448292e-10,0.0,4.343474e-21,2.1938025e-16,0.9951063,3e-45,3.835901e-11,1.239011e-15,9.71478e-13,2.0804637e-28,0.0030452907,0.0009771279,3.4818527e-11,1.2998547e-08,3.2966588e-07,2.5e-44,1.0407637e-08,0.0008707082,2.9547332e-15
1268,998,999,0,0.82646513,0.0,1.6633882e-17,5.3936776e-13,0.0014942623,1.15e-43,9.371133e-05,3.5501179e-12,3.1033127e-13,2.4210179e-33,2.2706717e-08,6.388695e-08,1.4789825e-06,0.010577255,4.023055e-05,0.0,0.14811827,0.013208322,4.7713108e-17
1269,999,1000,17,7.350282e-09,0.0,1.9449335e-34,4.4402424e-12,5.54852e-08,1.9034416e-26,0.00015743643,2.3239413e-17,6.3034396e-14,0.0,5.831109e-06,2.6896494e-14,1.8148508e-10,1.4711973e-10,7.4644506e-13,0.0,1.5832438e-09,0.999836,4.740059e-22
1270,1000,1001,10,4.303302e-12,0.0,6.6030924e-24,7.4027636e-16,6.2689824e-06,2.9691891e-12,0.00049936713,1.5636961e-07,3.2303497e-11,1.2212714e-33,0.9671502,1.4939265e-10,1.5841886e-06,0.0011582675,3.5371613e-08,0.0,6.9060948e-06,0.031179138,3.8440083e-15
1271,1001,1002,10,1.4038677e-12,0.0,7.023361e-22,3.981243e-18,0.0012156842,2.0612678e-20,2.372276e-07,0.0010603792,7.287309e-06,1.27676215e-23,0.96392,0.0019412728,1.1112359e-07,4.024035e-06,1.1825307e-06,7.916785e-37,0.03183062,1.910161e-05,6.1326968e-12
1272,1002,1003,11,1.8790128e-12,0.0,3.873689e-20,6.981959e-21,3.0527313e-05,5.506789e-31,1.1757036e-12,8.6172906e-07,1.5085706e-09,3.224031e-28,0.0021649525,0.99780506,2.5916083e-14,8.023522e-09,2.6387595e-10,0.0,5.128247e-11,8.1774395e-08,2.676236e-11
1273,1003,1004,11,1.8318853e-17,0.0,1.2472183e-17,8.4744214e-19,6.152723e-07,2.37721e-39,7.549119e-15,5.969059e-10,1.4854265e-16,4.6208145e-30,5.653936e-10,0.9999962,2.4030437e-14,1.13375496e-13,1.3812953e-06,2.7965754e-32,1.6735846e-17,4.6829125e-12,1.6615036e-11
1274,1004,1005,14,4.665915e-21,0.0,1.4331689e-19,4.899428e-16,8.8263645e-05,1.0695e-41,2.1178069e-08,2.963221e-15,1.5810054e-23,1.0062547e-26,1.6269618e-13,0.04711911,3.830107e-13,7.4641835e-16,0.95279175,4.4195233e-35,2.89862e-17,2.1226475e-12,1.6491641e-12
1275,1005,1006,11,2.821975e-16,0.0,2.025752e-21,4.2252007e-15,4.5351117e-05,0.0,1.3389502e-14,2.2832357e-12,1.6039518e-13,4.7017485e-32,2.5725247e-10,0.9989782,6.0718704e-12,2.47022e-17,0.0009760029,3.2e-44,1.9088465e-16,6.0718364e-08,9.011053e-15
1276,1006,1007,10,3.7938907e-17,0.0,2.7982452e-21,4.7826477e-16,0.008151486,1.6392812e-17,4.166952e-08,1.4120448e-16,7.5545344e-08,2.5183966e-37,0.9912343,7.36599e-12,1.9980129e-09,1.5726435e-09,3.5948375e-08,0.0,1.7747838e-12,0.0006136091,1.0066294e-14
1277,1007,1008,17,7.4026e-07,0.0,1.8444226e-32,9.249436e-17,8.232181e-08,1.6367755e-17,5.0316225e-06,8.238113e-17,8.5998115e-09,1.2035105e-28,0.0017818197,1.677286e-16,1.2089208e-07,1.34416105e-05,4.2722073e-05,0.0,6.12834e-14,0.9981554,3.333161e-25
1278,438,1008,17,1.8844126e-10,0.0,1.6975122e-29,7.2868124e-20,1.42230265e-05,7.467297e-36,0.010111114,1.4790962e-20,2.9891029e-10,8.8810655e-23,4.622861e-07,1.9178048e-13,9.268028e-14,9.967592e-08,9.923825e-05,0.0,6.677875e-15,0.9897759,5.853829e-18
1279,1008,432,6,8.250475e-09,0.0,2.7925515e-28,1.212558e-18,4.1178128e-06,3.92e-41,0.94595426,9.063812e-20,2.8885128e-07,2.66803e-19,1.8223094e-09,1.6504803e-11,1.5974981e-12,1.7371624e-09,0.052619334,0.0,7.913983e-13,0.0014237046,1.9939344e-14
1280,432,234,14,2.0585139e-16,0.0,1.6295314e-08,2.0761883e-15,0.00013914295,2.48e-43,0.019667286,3.929265e-18,1.7158989e-13,7.414411e-30,1.1165019e-12,2.4651332e-05,3.1292188e-11,4.4005964e-13,0.7306283,0.0,3.3062566e-14,3.0314904e-08,0.24953958
1281,1006,1393,14,3.0952447e-16,0.0,2.6002306e-31,3.9708827e-11,0.097758375,4.3986677e-35,2.55397e-07,2.0250519e-18,3.1404273e-09,2.3616504e-28,0.0008002635,1.2733282e-08,6.993144e-09,1.0494443e-13,0.90143496,1.372559e-38,1.4615418e-11,4.232754e-06,2.7146983e-21
1282,1005,375,11,2.5497128e-17,0.0,5.1245636e-21,1.0566054e-15,0.0071318005,8.4239304e-38,4.1514583e-12,2.4407552e-07,4.2040405e-16,1.1501982e-23,1.974403e-10,0.9925245,1.5099205e-13,2.5198483e-14,0.00034421662,6.336604e-32,3.8864704e-16,6.928173e-08,1.6914435e-13
1283,375,1392,11,2.6684666e-12,0.0,7.609797e-18,2.011402e-18,0.053938314,0.0,1.5653341e-11,8.363976e-11,8.983347e-17,2.6413606e-23,6.4760197e-09,0.9460408,4.0223287e-15,5.2193e-14,2.16188e-05,3.85578e-40,5.204803e-15,9.179979e-09,4.196034e-14
1284,1003,324,11,5.2547046e-20,0.0,3.3542322e-10,1.5709532e-16,0.000108366716,7.89e-43,1.9564661e-13,1.3063336e-13,1.2641357e-18,1.8204106e-26,8.633865e-09,0.99129105,3.8548698e-10,1.7362918e-12,0.00860033,1.1e-44,2.7079866e-13,1.2968613e-11,1.9119007e-15
1285,1000,1018,17,1.2577847e-13,0.0,1.4199797e-31,4.6908706e-11,9.483205e-09,1.8321411e-35,2.359571e-05,7.4430294e-16,8.434544e-15,1e-45,1.8747165e-05,6.2385644e-14,4.9826056e-08,3.7705942e-07,2.3924671e-09,0.0,3.828867e-12,0.999958,7.5320636e-22
1286,997,318,17,2.6058744e-06,0.0,2.4774186e-26,4.667504e-19,0.06688347,3.115e-42,4.9233804e-05,4.271916e-19,9.73915e-07,2.5246072e-32,0.016501416,4.3845736e-07,2.7316371e-09,1.0838567e-05,8.472054e-06,0.0,1.529047e-07,0.91654265,3.0832537e-20
1287,994,1015,10,9.307949e-16,0.0,8.348452e-26,1.38325e-16,1.9555933e-05,0.0028631329,8.655545e-06,1.5583514e-11,2.3230252e-12,8.175832e-27,0.9970404,1.2218157e-12,4.22093e-08,4.4327226e-07,1.9218627e-05,0.0,5.3024278e-12,4.7015797e-05,6.262091e-16
1288,991,330,11,6.7867274e-18,0.0,4.9279043e-22,2.6412342e-12,0.0001070368,0.0,6.111654e-12,1.795135e-13,8.090575e-12,9.4196394e-32,0.06601504,0.93373245,1.687358e-05,1.045884e-12,0.00012939109,0.0,1.3245917e-09,3.7243487e-07,2.9153517e-18
1289,988,1012,10,5.4202147e-16,0.0,5.7564906e-30,1.2683625e-18,8.7698456e-05,3.232021e-14,8.7156954e-10,1.6950776e-16,6.6803604e-11,8.78293e-29,0.99991226,1.6358584e-09,5.94748e-13,5.6281503e-12,4.9819184e-09,0.0,2.0361547e-08,6.5773746e-09,1.9319442e-16
1290,986,264,11,8.226256e-21,0.0,7.241401e-26,2.8054176e-13,0.00039720483,0.0,8.268169e-12,1.1635409e-12,6.547408e-17,4.3557015e-29,0.03198764,0.96750444,3.1129025e-07,1.3956379e-14,0.00011098142,0.0,2.007513e-13,8.610545e-09,5.500566e-19
1291,983,1010,10,3.0672253e-15,0.0,1.3421233e-25,2.9445435e-12,0.00021008577,1.1499797e-14,4.7731373e-07,4.831658e-11,5.801322e-10,6.968855e-32,0.99846387,1.0267847e-07,1.9651497e-06,1.38895865e-11,9.026572e-07,2.45796e-40,0.0013216027,9.823166e-09,3.2228152e-12
1292,63,156,6,1.7511174e-13,0.0,2.234314e-26,1.3554026e-18,3.0676926e-08,3.1956646e-18,0.999958,4.4766144e-15,1.114331e-06,1.0370647e-26,7.349452e-06,9.067159e-14,2.578605e-11,6.036127e-10,5.4503843e-08,0.0,8.23501e-15,3.3540487e-05,2.2990327e-16
1293,156,1009,6,6.639719e-16,0.0,1.2567319e-32,1.11647605e-20,2.5362367e-11,2.1959498e-20,0.99939746,1.5145684e-15,0.00056847715,1.451472e-29,3.2663313e-05,1.9737965e-14,8.2032204e-07,9.202786e-13,4.9187127e-10,0.0,6.317222e-10,1.859438e-06,1.9565293e-17
1294,1009,1010,6,8.2945934e-16,0.0,3.8718466e-33,8.984336e-18,1.0682553e-11,7.6960005e-19,0.9994051,4.308787e-20,7.2393755e-06,6.814638e-34,0.00044968355,7.552915e-17,1.3004116e-06,1.1325496e-12,1.9510264e-12,0.0,3.9910975e-10,0.00013790802,2.8138438e-19
1295,1010,1011,17,1.5696692e-11,0.0,4.268527e-27,1.6870278e-15,2.3261946e-09,4.205762e-21,7.6742026e-08,1.4513084e-18,2.4144733e-15,2.365867e-39,0.09149142,6.4994435e-13,2.6467526e-11,7.777174e-08,4.615184e-12,0.0,3.2696502e-11,0.9085085,6.846505e-19
1296,1011,264,11,1.3404547e-11,0.0,9.509663e-29,5.7529477e-18,3.4974207e-07,0.0,2.8919343e-12,2.2726677e-13,7.383866e-09,4.2897715e-31,0.0004590954,0.99953854,4.606799e-10,1.1799237e-10,1.1477169e-09,0.0,6.858931e-09,2.8067748e-07,1.7328242e-20
1297,264,1012,10,1.4781882e-12,0.0,3.5061976e-37,3.7311166e-15,5.1493896e-07,1.06900544e-26,1.1294006e-11,1.5776191e-16,1.5382549e-08,1.8480638e-17,0.99998474,1.07150155e-08,3.4171505e-12,3.588533e-09,4.999279e-10,0.0,5.6766552e-08,1.4748704e-05,1.0976326e-21
1298,1012,1013,10,8.372859e-09,0.0,1.3095703e-30,5.0226105e-13,0.0013088791,4.87522e-27,3.2911427e-07,1.5711417e-20,7.0425896e-09,4.3102261e-16,0.9736468,1.07957074e-10,7.570793e-11,4.1832906e-09,8.298904e-07,0.0,5.0557635e-08,0.025041481,3.0628142e-17
1299,1013,330,10,1.8434358e-12,0.0,1.634852e-34,2.6136413e-12,1.8191944e-05,1.7059859e-27,6.461436e-09,1.5518213e-17,2.8015426e-08,6.6796644e-21,0.99955374,1.2498948e-10,3.505527e-08,9.198394e-14,5.4010183e-09,7.4e-44,2.0853567e-07,0.00042749319,1.4277455e-18
1300,330,1014,10,2.6332598e-17,0.0,5.796407e-34,9.670604e-11,8.7122935e-05,1.0798151e-30,1.6944113e-09,3.6520515e-13,5.7567497e-09,5.141151e-35,0.9998856,7.3611245e-06,4.82412e-06,2.8268583e-14,9.09437e-10,8e-45,1.379211e-05,1.0463939e-06,1.2069615e-16
1301,1014,1015,4,1.557189e-08,0.0,1.0102714e-31,2.5078298e-16,0.75814664,5.3677807e-33,7.3831447e-06,6.4601064e-16,2.2993765e-07,6.806517e-31,0.22434725,0.0021198818,5.868271e-11,1.4530131e-05,0.0001987899,0.0,2.4593835e-06,0.015161797,4.342408e-16
1302,1015,1016,10,5.3835983e-08,0.0,1.4409663e-31,8.380186e-14,0.0013259051,2.209688e-36,0.00016987519,4.0735747e-17,1.1117186e-08,1.3898873e-32,0.73849374,3.8164674e-07,1.1759802e-07,6.28594e-05,2.8133489e-05,0.0,5.5720484e-06,0.259914,1.890964e-19
1303,1016,318,10,6.6698003e-09,0.0,1.4094409e-30,2.1705694e-16,0.012242572,2.793e-42,4.870102e-07,1.5374573e-15,7.010643e-08,3.7552752e-31,0.7232162,3.3570552e-06,1.7209901e-08,1.1160459e-05,1.2524555e-06,0.0,4.61282e-07,0.26452318,1.3661933e-20
1304,318,1017,4,6.2647128e-18,0.0,6.2148915e-26,4.669544e-15,0.998182,1.3997342e-27,5.996795e-08,1.234582e-13,4.292966e-15,2.1063255e-31,0.001819238,3.5651617e-08,4.4835747e-13,3.4399227e-11,6.2662466e-09,1.0086521e-35,1.3156102e-13,5.903981e-08,2.280188e-13
1305,1017,1018,4,2.010581e-18,0.0,2.753785e-25,1.8029136e-17,0.99998474,4.4768658e-32,8.4129155e-08,4.5513013e-19,1.2252425e-18,1.1823355e-38,1.0329182e-05,8.255007e-09,1.4175634e-12,2.746088e-08,1.014249e-08,0.0,2.860126e-14,6.1935125e-06,9.3813985e-20
1306,1018,1019,10,3.193117e-11,0.0,9.8626664e-24,9.178436e-17,0.002670485,4.3171397e-15,2.622857e-07,6.611995e-15,1.0419465e-10,7.643189e-27,0.9750443,7.328773e-11,2.0216653e-09,3.7751548e-08,2.6012944e-07,0.0,1.5330949e-14,0.022286208,9.554067e-20
1307,1019,324,4,4.6994987e-13,0.0,3.1588245e-30,2.0011332e-16,0.8778969,1.4916192e-34,7.128607e-06,2.2053035e-11,1.1412319e-12,0.014983444,0.060992483,1.7499084e-06,1.7050277e-14,2.2190026e-08,0.034757506,3.438614e-39,9.719582e-16,0.011359517,2.8412284e-20
1308,900,934,17,2.5045416e-08,0.0,1.2594687e-30,3.1710925e-14,1.6455148e-10,2.17e-43,4.5250667e-07,2.0021946e-16,3.2850494e-13,5.01198e-39,0.0001005092,4.5755576e-16,6.8947757e-06,0.04824479,7.394256e-12,0.0,6.504417e-09,0.9516475,1.5543869e-24
1309,51,39,17,5.812686e-10,0.0,1.852502e-26,2.1761194e-13,0.012247383,4.2599107e-32,0.023983056,1.7577806e-16,2.1403422e-18,8.838137e-32,2.3623527e-06,2.1564918e-14,2.5724685e-08,6.612682e-06,2.3686682e-07,0.0,1.5975964e-11,0.9637619,1.5174604e-22
1310,39,900,4,5.5364817e-11,0.0,1.9689304e-22,2.6139006e-12,0.54700667,8.554548e-27,0.10223986,1.9584298e-13,2.8120506e-20,8.112311e-32,5.1297495e-05,1.3887513e-12,9.251212e-07,0.010798347,1.6689028e-05,0.0,3.573873e-10,0.3398852,1.1549628e-18
1311,934,51,17,5.2586933e-13,0.0,8.2516744e-38,1.5760379e-15,3.1381245e-11,8.4e-43,1.545749e-08,9.661098e-17,1.1715802e-12,4.5169292e-36,2.2200718e-06,1.0567062e-15,7.612445e-09,0.000259088,2.6090692e-12,0.0,9.391068e-12,0.9997367,1.2479034e-25
1312,51,1020,17,5.0461296e-08,0.0,1.26914616e-26,4.9507876e-18,3.7082531e-10,3.516767e-29,3.9824138e-10,2.0918974e-15,7.4130575e-14,4.2412086e-35,0.016782133,3.150828e-11,1.5285441e-09,9.04151e-11,1.9922941e-12,0.0,1.5724294e-07,0.9832166,3.2544164e-20
1313,1020,935,17,3.4811447e-13,0.0,7.5186656e-35,4.5595194e-12,7.276437e-09,1.1185721e-30,1.7724751e-06,5.095284e-14,2.8217975e-12,1.0349555e-31,0.002397152,1.2722416e-14,2.3611339e-08,2.3414552e-08,5.9420273e-09,3.696363e-39,1.2744641e-10,0.9975996,1.7864237e-22
1314,935,252,17,3.7680414e-11,0.0,4.164901e-31,6.6198847e-18,1.9884142e-12,3.8303677e-29,9.321495e-07,6.4008937e-15,9.594798e-11,0.0,0.0044638356,8.97133e-16,3.2702505e-10,3.293694e-06,1.3574906e-14,0.0,6.511138e-11,0.99553156,1.5773724e-16
1315,252,1021,17,1.575284e-11,0.0,2.849682e-29,1.199576e-16,2.407541e-13,3.164847e-20,1.2743298e-07,1.7087488e-10,4.183624e-10,0.0,0.0018542135,1.2040569e-13,6.122394e-10,1.509805e-06,4.0413676e-16,0.0,1.71422e-10,0.99814403,1.22926825e-11
1316,1021,240,17,1.1394458e-09,0.0,6.132926e-36,9.7734094e-18,5.8048833e-11,2.5102937e-28,1.1729057e-09,4.918156e-15,2.4878543e-19,3.0209e-40,2.409781e-07,6.5586827e-17,1.9367278e-14,2.6872007e-05,4.046775e-12,0.0,2.3587852e-15,0.99997336,3.4542854e-24
1317,28,1022,8,1.4824567e-13,0.0,9.756923e-22,3.133818e-11,7.476955e-15,3.0234999e-37,6.1156776e-08,8.773152e-14,0.9998397,8.1976554e-36,4.7146895e-13,3.3105129e-12,5.8642104e-07,3.4443074e-19,4.534062e-10,0.0,0.00015971024,3.3036857e-13,1.989125e-07
1318,1022,199,8,1.8927676e-12,0.0,7.239736e-28,9.291503e-13,5.276707e-10,8.1444717e-38,0.05236323,1.2462703e-12,0.9307062,1.629554e-33,4.2592825e-07,6.7103636e-13,1.7197459e-05,9.702762e-09,4.8826557e-08,0.0,0.016912919,2.0087437e-08,2.6744044e-07
1319,199,76,6,8.369463e-19,0.0,1.4418142e-22,2.8614452e-15,1.1140482e-10,1.14663325e-36,0.9999962,2.6116157e-14,1.38403984e-11,1.2677862e-34,6.7686945e-14,1.0142702e-12,4.514321e-09,1.8425627e-13,7.631261e-08,0.0,5.3647325e-10,1.3843204e-10,2.0371513e-06
1320,525,223,6,5.958913e-17,0.0,3.651132e-13,5.1299714e-10,8.64176e-12,1.448246e-39,0.9996644,5.1252107e-13,7.644552e-14,2.4100104e-30,2.1456112e-14,5.200113e-10,0.00029883024,5.168522e-13,2.9412195e-05,0.0,4.8673e-06,7.124426e-12,2.621758e-06
1321,223,121,18,5.378468e-15,0.0,1.2957435e-19,4.2352774e-19,5.478801e-14,1.3632973e-37,0.007716553,5.6306545e-15,1.6083732e-08,1.0293364e-32,5.733729e-12,1.8590547e-14,1.0828449e-11,4.4210734e-13,5.1592463e-12,0.0,1.0357096e-09,6.374448e-10,0.9922823
1322,121,1023,8,5.356559e-15,0.0,1.1304178e-26,5.514484e-23,1.8245045e-12,2.688368e-36,1.0909874e-05,2.225164e-09,0.99997705,2.0525536e-32,2.344731e-12,2.6447668e-09,8.969296e-12,7.531303e-18,2.4575541e-14,0.0,6.826704e-06,1.7028266e-11,4.3930977e-06
1323,1023,1024,8,3.6887687e-10,0.0,2.698734e-22,4.784997e-18,1.4876621e-14,1e-45,4.6963007e-09,1.6110148e-14,1.0,2.525158e-38,4.0301e-15,7.87628e-12,5.80958e-11,1.062486e-23,1.323144e-14,0.0,4.0073644e-08,3.1721119e-12,1.8208454e-14
1324,1024,133,0,0.997242,0.0,9.581762e-29,4.4412178e-15,6.677427e-12,0.0,3.914717e-06,1.4547187e-16,6.440434e-05,1.3063487e-35,1.0818283e-13,5.7263404e-12,6.872202e-11,2.8443293e-13,3.2504754e-10,0.0,1.3158602e-07,0.0026900135,1.0359295e-19
1325,211,1025,13,7.5560204e-11,0.0,1.4616437e-24,5.0712895e-17,2.1821954e-06,5.7825685e-31,5.919313e-09,3.118829e-10,1.1938666e-21,1.0814677e-31,4.8218673e-09,1.1814268e-12,1.7826284e-11,0.9999923,4.3079074e-09,1.0641248e-38,2.9533784e-09,6.9351613e-06,2.2010898e-21
1326,1025,1026,16,1.3032432e-12,0.0,1.1336564e-34,1.6074549e-21,2.1172383e-11,3.015315e-34,7.084776e-12,4.038548e-08,0.00014399036,3.3303898e-25,2.1548197e-09,1.4913877e-09,6.4485514e-11,3.7245042e-15,1.10343644e-10,0.0,0.9998551,3.4093884e-13,6.6658015e-18
1327,1026,223,8,1.9777168e-13,0.0,3.5219496e-29,6.7337076e-18,1.1473825e-12,0.0,9.0987773e-10,1.287817e-08,0.9999962,3.6501528e-23,8.12968e-12,3.3824927e-07,2.8134945e-08,1.7545218e-12,7.488195e-09,0.0,2.9262776e-06,1.13982075e-07,1.7565173e-12
1328,525,1027,11,1.8134117e-17,0.0,2.824675e-26,6.5139956e-11,6.0496905e-07,1.565036e-33,5.684546e-07,0.0023646285,3.3810006e-12,8.2522454e-22,2.088746e-09,0.99760723,1.6894877e-08,3.12868e-12,3.8790254e-06,1.7976562e-36,2.334511e-05,8.711166e-12,1.0042195e-09
1329,1027,1028,7,2.032874e-21,0.0,7.425068e-26,1.7720024e-13,1.939275e-10,6.39627e-26,2.5239726e-16,0.9995462,5.98061e-19,7.391342e-22,1.2212983e-12,0.00016883957,4.6518987e-11,4.8331785e-15,0.00028627494,6.705808e-36,3.3061917e-15,1.62193e-13,5.4653497e-17
1330,1028,1029,14,3.7704947e-14,0.0,1.06075514e-26,5.69264e-07,5.217425e-08,9.693023e-26,5.496427e-14,0.00083598593,5.1618358e-08,1.7008816e-23,1.465492e-07,0.00012677377,0.0041073235,1.4734903e-08,0.9949203,6.845569e-33,3.189605e-07,9.73726e-06,3.8863946e-17
1331,1029,307,17,5.8981357e-13,0.0,3.549008e-34,3.3849663e-17,8.509484e-09,0.0,1.3849799e-11,4.0249326e-10,2.8575566e-11,1.6065794e-27,2.4147526e-05,1.43171235e-08,1.7040687e-10,1.3496618e-08,1.0355838e-08,0.0,2.1357556e-13,0.99997705,4.6321766e-24
1332,211,1029,13,4.933163e-10,0.0,6.248612e-30,2.1338371e-10,2.7446044e-13,1.371193e-39,1.1633785e-09,2.7740466e-12,3.2777817e-10,1.9420954e-25,7.40647e-07,8.3439733e-16,4.8028585e-05,0.99915725,6.446175e-08,0.0,2.500779e-09,0.0007941297,2.9589283e-23
1333,88,1030,7,5.248985e-16,0.0,5.2774795e-22,8.467437e-20,1.6114624e-08,2.560372e-20,6.013271e-06,0.9995271,8.0587725e-08,2.7301107e-28,0.00015689206,4.185621e-09,4.433863e-11,0.00030968347,3.796496e-10,0.0,5.829385e-10,2.5912887e-09,9.81818e-10
1334,1030,1031,13,1.1772899e-16,0.0,4.7536177e-16,1.3185927e-16,9.93416e-06,2.1461294e-19,4.261233e-07,0.27814373,1.2506762e-11,8.145837e-31,0.017910274,3.112687e-08,5.1555946e-09,0.7039342,2.1949596e-07,7.6e-44,1.6599966e-10,7.538639e-09,2.2234731e-11
1335,1031,283,4,4.665226e-19,0.0,2.4394135e-23,4.3799625e-21,1.0,4.3225304e-29,2.9406417e-09,8.22488e-20,2.5141646e-21,6.8523e-41,9.6399745e-08,2.8255703e-10,6.771961e-18,1.03378e-08,7.0728516e-09,0.0,1.4994299e-18,4.224023e-08,3.5777012e-20
1336,456,1032,5,1.9795201e-21,0.0,2.4934057e-32,7.0560736e-21,4.953384e-15,1.0,3.626917e-16,4.3479057e-11,3.3456745e-15,2.3706285e-38,2.8795653e-09,7.525449e-17,1.140514e-19,6.620896e-10,2.4696385e-15,0.0,8.093409e-21,3.140213e-08,1.6977261e-14
1337,1032,1033,5,2.7605657e-20,0.0,5.2334044e-33,9.032164e-27,5.331034e-16,1.0,2.068085e-16,3.629711e-17,4.0614277e-16,1.299e-42,3.535028e-09,3.3104237e-20,3.6325175e-20,1.9520015e-12,2.4131171e-17,0.0,4.2356975e-19,2.0480986e-14,2.8566732e-19
1338,1033,1034,5,1.2100023e-19,0.0,7.3342807e-34,1.2512865e-27,9.9869725e-14,1.0,7.102269e-16,1.6827069e-17,8.2397074e-19,4.6352158e-32,2.698227e-09,2.0440826e-18,6.17059e-21,2.1408132e-13,1.8092343e-14,0.0,2.4432276e-19,1.2039764e-17,2.4290599e-23
1339,1034,1035,5,1.1897324e-16,0.0,1.313306e-17,3.328812e-19,1.2606515e-07,0.99948126,4.689761e-11,1.065981e-09,7.6147375e-17,3.6803523e-16,0.0005114492,1.4316242e-09,4.0198841e-10,8.41044e-09,5.1703937e-06,0.0,1.116536e-12,5.5947305e-14,5.540952e-14
1340,1035,1036,10,5.1840897e-25,0.0,6.3831245e-28,1.4890036e-12,2.5446375e-12,2.8244969e-37,5.7177054e-09,7.326154e-16,5.6513615e-13,1.403e-42,0.99998474,6.971057e-11,1.6507058e-05,1.2931079e-17,1.0762667e-14,0.0,1.4366731e-10,9.015954e-11,1.7713469e-13
1341,1036,415,4,2.3529256e-15,0.0,8.844776e-33,2.5411788e-16,0.9965879,5.361273e-18,0.0033834546,4.4182892e-14,1.7002787e-15,3.5848493e-26,3.131018e-06,1.2590889e-08,3.3010877e-15,1.1734516e-09,2.1766013e-05,0.0,1.2245352e-13,3.0900578e-06,1.8896481e-15
1342,40,1037,4,6.82836e-09,0.0,9.989693e-26,1.0399335e-17,0.98687655,4.235042e-31,2.993081e-05,2.2681383e-13,2.410645e-15,2.2907727e-35,0.00047615237,1.6741835e-11,3.770069e-11,0.012613474,3.1420583e-08,0.0,4.011004e-08,3.1813433e-06,3.442928e-19
1343,1037,1038,16,2.5617515e-11,0.0,3.9101618e-30,2.310602e-17,1.247377e-07,1.5e-44,4.5886505e-08,2.4800732e-13,8.502807e-07,7.075105e-35,1.8728935e-05,4.5678483e-09,1.2651367e-07,4.4848408e-13,6.5527718e-12,0.0,0.9999809,2.9585106e-08,1.8440508e-16
1344,1038,28,8,3.2887182e-16,0.0,1.4609134e-24,6.224043e-13,2.2459568e-15,5.086713e-39,5.6911706e-12,4.1459345e-12,0.9999886,5.9377186e-25,1.3715139e-13,4.4845197e-11,3.7817148e-07,3.4826697e-22,1.7961192e-08,0.0,1.05566805e-05,5.0233553e-14,2.2398938e-12
1345,241,1039,0,0.9861578,0.0,8.615461e-27,7.739547e-18,3.0904204e-08,6.1007533e-27,9.652256e-10,1.0698714e-09,9.543231e-16,4.783088e-30,5.500867e-09,7.3843447e-09,2.6190508e-12,0.000117677635,1.9005266e-09,0.0,1.4380304e-06,0.01372427,2.854771e-16
1346,1039,1040,16,2.0157762e-07,0.0,7.177835e-28,4.2539762e-13,2.5020304e-08,9.975758e-33,4.327458e-09,7.702417e-08,2.0753024e-14,2.2319241e-30,8.521014e-09,3.302767e-05,3.8031712e-06,4.986722e-12,3.7499242e-07,1.3452877e-30,0.99996185,1.1141052e-07,2.4844916e-16
1347,1040,1022,8,6.5064783e-16,0.0,5.7750927e-32,2.986441e-14,1.9807528e-12,4.958476e-35,3.2505977e-11,1.5018372e-14,0.99998474,1.540603e-24,1.9352905e-11,1.4118761e-11,4.8872075e-06,1.5615398e-20,1.1884599e-05,0.0,1.4526839e-08,7.932614e-10,9.16799e-21
1348,241,1041,13,0.010797852,0.0,4.3834446e-26,2.7827838e-17,6.1294636e-06,5.6926345e-24,2.1055457e-09,1.1932364e-09,6.545014e-16,1.2848515e-33,7.0366056e-08,2.9777789e-10,2.1769827e-13,0.8441911,2.0146615e-07,0.0,5.297962e-11,0.14500315,2.5664946e-19
1349,295,456,17,3.7063237e-13,0.0,7.877097e-33,8.920234e-11,6.509754e-09,3.0872638e-22,2.0570184e-05,1.5926252e-11,1.07817314e-07,8.88557e-31,7.6605104e-09,3.3212883e-13,8.898521e-10,1.622058e-08,0.001268764,0.0,1.1315421e-14,0.9987115,1.8606249e-19
1350,456,1041,5,7.804093e-17,0.0,2.3181792e-30,9.145095e-17,7.212093e-12,0.9999504,2.3966355e-14,5.3697335e-08,2.4654926e-11,1.5024596e-32,9.110292e-06,9.4279585e-14,1.0262993e-14,2.62936e-06,1.2024025e-09,0.0,8.9703343e-17,3.7315487e-05,7.0009967e-15
1351,1041,1042,10,3.6368137e-06,0.0,1.0321562e-31,1.2929099e-18,1.0409277e-06,1.20945715e-05,1.0800632e-06,7.304853e-11,9.091561e-10,7.543673e-24,0.97093916,2.2977123e-13,9.572811e-14,0.011490394,3.0089232e-06,0.0,2.9268477e-13,0.017548654,1.0774774e-16
1352,1042,1043,8,1.513426e-06,0.0,3.2854345e-30,7.017418e-14,9.43885e-09,2.1063856e-35,0.007734028,1.5321351e-08,0.9898702,5.997204e-24,0.002373295,6.121227e-10,3.4950338e-07,3.684506e-11,3.2981433e-07,0.0,1.5132941e-05,3.3945025e-06,1.746566e-15
1353,1043,199,8,1.0463213e-15,0.0,9.5656734e-33,3.4604372e-13,6.263553e-07,0.0,0.00010144523,3.5113086e-08,0.9980792,1.3502399e-21,0.0001155879,0.00085629075,1.0256975e-05,1.7939134e-09,2.2742804e-06,0.0,2.395593e-07,0.00083306665,3.489388e-13
1354,76,1044,7,1.394747e-17,0.0,1.3004827e-26,2.3317835e-16,0.0017079796,1.3977606e-26,0.053508557,0.8867827,2.5323e-05,1.0687863e-24,3.121452e-07,0.0402584,2.9018432e-07,3.669765e-10,9.996776e-05,1.9132049e-32,0.017604575,1.11739045e-08,1.260172e-05
1355,1044,1045,7,7.430013e-15,0.0,2.2753385e-14,2.4689872e-16,1.8671633e-07,3.5849054e-25,1.8617017e-14,0.8820392,1.2827404e-11,7.789662e-26,8.465405e-12,0.11368931,5.3972723e-08,4.1030954e-18,0.0042694584,1.622107e-39,4.925961e-10,2.0725186e-13,1.83659e-14
1356,1045,1046,7,9.260748e-14,0.0,5.0798448e-18,1.750049e-13,2.014106e-09,1.889063e-24,1.5094591e-14,0.998982,5.3912113e-12,1.76816e-21,1.449272e-11,1.7733274e-06,2.3665999e-07,3.8345802e-13,0.0009941829,3.2956565e-35,2.2291191e-05,1.5003073e-08,4.048222e-14
1357,1046,295,17,1.2963877e-09,0.0,1.0430035e-34,2.4784304e-18,9.67938e-05,2.80375e-40,2.7128132e-07,1.4230552e-15,1.9604679e-08,3.3007855e-30,1.0434562e-06,1.1922302e-10,2.051531e-14,1.0521928e-08,4.838165e-05,0.0,7.180508e-16,0.9998551,1.25689105e-23
1358,295,88,6,5.276469e-16,0.0,2.6849945e-22,1.9655295e-16,3.3444377e-07,2.62445e-40,1.0,4.2801604e-16,9.336025e-12,2.20386e-38,3.215335e-13,3.453554e-13,4.5488526e-12,8.5624195e-11,6.499835e-07,0.0,9.897768e-14,8.836088e-08,1.5269149e-13
1359,100,307,6,3.6860342e-13,0.0,3.46854e-05,6.6888846e-09,1.0967849e-10,4.89995e-39,0.9800076,2.586587e-17,8.778346e-13,1.286613e-32,8.739338e-09,9.673777e-11,0.013492798,8.701871e-11,1.05988065e-05,0.0,1.999844e-08,0.00015734036,0.0062977066
1360,415,283,14,6.784529e-25,0.0,6.818665e-20,4.779939e-05,1.5393827e-07,4.1044666e-36,1.2872639e-05,7.941431e-16,5.6411047e-22,1.4457681e-23,7.023688e-13,3.7585457e-07,7.5887683e-06,2.7412358e-20,0.99993134,7.45966e-23,8.782728e-14,1.4904974e-13,1.6454217e-16
1361,1047,52,0,0.9874942,0.0,1.4511743e-27,1.6832808e-14,2.6397675e-09,3.014014e-35,7.2317853e-06,9.228646e-16,1.9977364e-11,1.3724988e-34,3.4305827e-09,1.8461651e-13,2.2141554e-10,0.0026660576,4.149262e-10,0.0,8.85001e-10,0.009833395,9.216908e-21
1362,253,1032,5,1.593499e-20,0.0,1.3460082e-35,2.9935544e-24,4.20305e-14,1.0,1.1694753e-15,1.02287604e-13,4.0351437e-16,5.4e-43,1.1253168e-08,5.1862438e-18,1.7652561e-20,1.4730554e-11,1.6132947e-16,0.0,7.321282e-19,6.863115e-10,2.8469178e-17
1363,1047,1048,10,4.0768826e-11,0.0,1.0623074e-31,9.7855764e-17,1.002337e-08,8.113861e-09,1.9497142e-07,2.5797908e-07,2.187445e-07,4.8728458e-32,0.99518603,7.367669e-14,1.8922353e-10,0.004805136,2.6619436e-09,0.0,8.543561e-11,8.948818e-06,2.669347e-16
1364,1048,1049,10,2.180961e-16,0.0,4.5087926e-33,2.3094106e-11,1.9985496e-06,2.2451915e-10,2.7157194e-09,3.06158e-07,4.5246584e-12,2.6390084e-12,0.9999084,9.392717e-12,3.894968e-12,2.3771047e-07,1.671291e-06,2.0009413e-32,2.328889e-13,8.915567e-05,6.6197907e-16
1365,1049,163,9,5.5223164e-15,0.0,1.0407484e-37,7.399263e-16,1.3447743e-08,1.1163e-40,2.3108582e-09,3.199602e-12,2.7305438e-16,0.9997826,4.3597024e-09,5.2302254e-13,3.927389e-12,6.9977966e-14,0.00021556637,8.512708e-29,5.870747e-14,1.0629974e-07,1.2339365e-29
1366,163,1050,9,3.5773886e-12,0.0,3.5323922e-28,3.5878305e-19,2.0713314e-07,1.1659678e-33,7.605873e-12,8.511862e-07,4.2899634e-18,0.9999504,1.2238019e-06,1.8993752e-08,5.882099e-11,5.8089787e-12,4.589988e-05,1.2332389e-38,6.33882e-12,1.8195515e-09,3.5104616e-25
1367,1050,1051,11,8.324397e-14,0.0,1.389085e-27,9.121652e-16,2.5603568e-09,1.18e-43,5.7976e-12,0.00028804954,7.453425e-17,0.07461105,5.09188e-08,0.9186218,1.0195518e-08,1.6326007e-13,0.0064785103,1.9709423e-24,7.151056e-12,3.1174371e-10,7.5515e-25
1368,1051,175,9,2.8587667e-11,0.0,9.237416e-31,2.4470276e-16,1.7220647e-11,6.979574e-33,1.5134296e-09,7.426457e-11,8.805487e-11,0.9999886,2.4823889e-08,5.109306e-11,2.4191538e-10,1.2760659e-08,6.2105464e-06,4e-45,2.7138554e-09,4.956525e-06,7.218737e-24
1369,175,1052,10,3.7740807e-05,0.0,6.272953e-21,1.0437813e-16,6.309277e-09,6.4733985e-25,4.752366e-09,1.2079786e-10,1.2885098e-08,2.3150228e-09,0.9971925,5.513292e-13,2.9387942e-07,0.00021916078,3.7717517e-11,0.0,1.1279832e-05,0.0025408082,9.6030805e-17
1370,1052,187,12,1.6665718e-08,0.0,3.0521507e-19,1.0221214e-09,6.050954e-09,7.837798e-34,5.9865843e-06,3.0510688e-11,1.0386582e-07,1.4319506e-11,0.0009084274,3.150817e-10,0.9836781,4.7928533e-10,2.0600217e-09,0.0,0.015407202,5.4961504e-08,1.0865699e-17
1371,542,1053,4,8.116081e-26,0.0,1.738031e-16,8.030603e-15,0.9994242,3.363677e-39,2.3599792e-10,6.4411837e-16,1.1047011e-23,1.6508833e-26,4.4163246e-11,9.819102e-05,2.3493022e-15,1.9149345e-18,0.0004758346,3.8765215e-23,4.7733657e-18,1.9664999e-13,3.6913374e-14
1372,1053,381,4,6.560192e-22,0.0,8.859008e-22,3.0471529e-16,0.98579293,9.91e-41,1.7517463e-12,1.4268121e-14,3.431583e-21,9.57425e-26,4.355905e-12,0.012237904,8.3455647e-16,3.4773422e-17,0.0019681535,4.1552763e-27,1.0160223e-16,4.2414344e-13,1.0630254e-15
1373,491,1054,4,1.6751304e-17,0.0,1.6386498e-17,5.2940056e-25,0.9999886,2.5160445e-14,6.5850574e-09,1.4266037e-16,5.0325274e-20,8.427916e-38,1.0887382e-05,8.7054614e-10,1.4848293e-19,1.8238393e-09,1.2563098e-10,0.0,1.223735e-16,3.1043463e-11,2.022148e-12
1374,1054,393,4,1.2853227e-17,0.0,8.608683e-14,8.668219e-24,1.0,1.5235367e-25,3.1263945e-09,6.625287e-19,3.0673212e-21,7.0562917e-35,4.4775696e-08,2.3880085e-09,2.9385214e-17,3.2447979e-12,5.6262266e-09,0.0,2.3256793e-17,1.6525602e-10,4.7486834e-18
1375,163,1068,10,3.263414e-07,0.0,1.0754106e-26,1.1983921e-15,0.0013419696,9.481098e-26,1.2556396e-09,0.00042775422,8.876175e-11,0.4551569,0.54248065,9.894793e-05,6.629193e-08,9.131223e-09,0.00046668274,7.08e-43,1.1846126e-05,1.588989e-05,1.8792489e-20
1376,283,1055,4,5.804134e-25,0.0,4.507399e-26,1.0163071e-20,1.0,7.3543645e-35,2.286959e-11,1.910692e-21,2.9386744e-27,1.0319224e-34,6.408334e-11,1.2629084e-08,7.5385965e-20,2.8323526e-14,1.7761488e-08,0.0,8.640538e-20,3.4095315e-13,1.5115244e-18
1377,1055,1056,11,1.0991941e-16,0.0,1.14149375e-26,2.504441e-12,0.31096956,6.067734e-39,2.4942396e-12,2.483554e-08,5.8102907e-18,6.701876e-19,8.6059566e-07,0.36620766,4.940602e-10,1.9497021e-12,0.32282102,2.1130186e-11,3.5269443e-10,7.604854e-13,1.782831e-20
1378,1056,491,4,5.444187e-17,0.0,3.550122e-32,3.8836636e-19,1.0,1.7047137e-31,9.690782e-08,2.8445904e-20,8.3383394e-24,1.7184998e-35,2.1789302e-10,3.288425e-11,3.5210944e-19,7.7201173e-10,8.2878313e-07,0.0,5.2836335e-18,2.8387308e-09,8.542377e-21
1379,175,542,9,8.228261e-22,0.0,3.370628e-23,2.6629498e-16,7.138372e-15,2.6421084e-29,2.473949e-14,1.9913946e-15,2.3300448e-20,1.0,2.3649244e-12,2.1073705e-16,6.3052704e-13,1.4469152e-16,6.069121e-10,2.039106e-33,8.470192e-18,4.823916e-14,1.178522e-22
1380,187,1057,16,1.6520244e-10,0.0,1.3327819e-25,4.6575406e-13,1.741751e-05,3.1102135e-26,1.8528947e-07,3.5856772e-07,1.3813881e-09,8.455675e-08,0.005050649,1.222341e-07,0.0074572596,9.320021e-10,1.9462452e-06,1.0971272e-34,0.9874715,3.5368067e-10,3.809346e-19
1381,1057,1058,11,3.682326e-12,0.0,2.5851548e-26,1.6525959e-20,0.004376128,3.02138e-40,9.893135e-12,1.521243e-10,3.8155073e-14,1.321149e-18,1.5463193e-10,0.99514043,6.745908e-14,6.586365e-16,0.00048427656,4.7847036e-26,2.7693579e-08,2.0554825e-11,1.4199885e-19
1382,1058,1059,11,1.5045529e-17,0.0,7.872347e-19,2.4003754e-16,6.4058474e-09,7e-45,1.4234779e-16,8.533623e-12,2.4527925e-17,1.3837502e-25,1.5947079e-14,1.0,7.663118e-15,3.382756e-19,9.011842e-08,6.0698354e-26,2.6081682e-16,5.3099036e-17,1.4733824e-17
1383,1059,381,11,3.141813e-19,0.0,1.9903085e-15,3.3259614e-16,9.09157e-08,0.0,1.5581825e-14,9.2241605e-12,3.032805e-18,1.1618561e-26,1.6586117e-16,0.9997367,5.304754e-12,4.0899905e-15,0.00026460452,2.5e-44,8.827158e-16,3.9878154e-15,6.4974686e-18
1384,381,1060,4,9.037809e-21,0.0,1.3305462e-18,2.5699693e-14,0.9952202,3.971232e-33,1.4801704e-10,2.9353203e-15,5.965461e-18,3.9300725e-34,4.350666e-08,0.0047791596,2.4927543e-13,3.5597064e-19,8.567207e-07,1.1365511e-30,1.5844616e-12,2.9849392e-13,2.6531503e-12
1385,1060,1061,15,1.3158133e-17,0.0,9.4053374e-27,1.13027006e-13,0.04326219,9.432934e-34,1.01451e-12,8.27405e-09,1.746395e-20,1.0766523e-15,5.4790365e-12,0.00073621154,1.7000834e-16,3.1761737e-16,0.0026034936,0.9533989,2.6985377e-15,8.892506e-12,8.326128e-18
1386,1061,393,4,3.925815e-20,0.0,1.5977322e-24,3.0760084e-18,0.99975586,1.9755269e-31,7.212076e-09,1.2962581e-18,7.0352184e-28,5.082993e-30,2.8833088e-12,1.4681601e-08,1.6969973e-18,5.6051548e-14,0.0002434278,5.764912e-36,9.529467e-19,6.265643e-11,2.0021055e-21
1387,542,491,14,1.1021246e-24,0.0,9.892997e-17,2.9423168e-07,0.0002691336,9.085615e-36,6.537533e-07,1.0097677e-14,6.497824e-23,4.4104323e-26,3.244612e-12,5.9471866e-05,7.870203e-07,7.138228e-17,0.99966824,3.1042592e-21,3.5277865e-13,5.742501e-14,4.463431e-16
1388,393,1062,4,2.3522219e-18,0.0,2.843333e-19,3.664016e-25,1.0,7.916272e-22,2.7394218e-09,2.5159587e-21,3.1506984e-24,4.001978e-35,1.44266075e-08,3.5600193e-11,1.5656852e-20,3.4820785e-11,9.865897e-10,0.0,6.173631e-20,5.361193e-10,6.935036e-19
1389,1062,1063,4,6.845699e-18,0.0,1.8583371e-23,9.143158e-21,0.999958,1.6351753e-20,1.1856862e-09,8.589088e-17,8.804225e-23,3.3355843e-36,4.0199713e-05,4.0780224e-09,2.0732122e-15,1.2630914e-08,1.115176e-08,0.0,1.4893926e-16,1.3625303e-11,6.975676e-21
1390,1063,485,10,2.3499404e-21,0.0,1.6430225e-20,5.248227e-15,1.9406523e-09,1.0892694e-21,1.5839557e-10,3.0103264e-12,4.1951652e-16,3.8895182e-35,1.0,5.7367106e-10,1.3564245e-06,1.6576259e-15,9.379397e-12,3e-43,2.1180394e-10,4.2766437e-12,3.422953e-14
1391,187,64,12,2.0044194e-15,0.0,1.9712283e-09,5.507967e-08,4.5447317e-09,1.5194744e-32,0.0004625055,1.5078772e-13,5.9240307e-10,5.843967e-18,3.9586896e-05,4.2287787e-08,0.99949276,1.866104e-13,3.9981592e-07,0.0,2.6552339e-06,3.9530565e-07,1.034825e-09
1392,542,1064,4,8.1643166e-23,0.0,4.693947e-27,9.233572e-17,0.9999886,2.234558e-36,5.0429877e-10,9.7931574e-17,3.830941e-20,7.6136957e-31,1.3582333e-11,2.397523e-06,5.7675383e-18,3.1454225e-19,9.407662e-06,3.266423e-25,1.0931308e-16,2.861459e-13,1.8346668e-19
1393,1064,1065,15,4.0850504e-21,0.0,7.7867423e-28,7.265751e-11,2.0607411e-05,5.9053923e-33,1.3862101e-13,4.503726e-09,9.588392e-19,2.6713537e-31,1.0078721e-11,3.1690513e-05,2.4277833e-14,4.74425e-17,3.3911604e-08,0.9999466,1.6145233e-12,1.1322817e-12,6.339675e-17
1394,1065,1066,15,4.022157e-24,0.0,1.479013e-33,1.0688406e-14,2.068954e-15,1.5635596e-36,1.2415864e-20,2.1259772e-13,2.234818e-25,7.6767073e-34,2.5919814e-16,4.3284256e-12,2.7263155e-18,6.785005e-22,1.5155981e-14,1.0,8.144919e-20,5.4912182e-18,6.5747407e-24
1395,1066,1067,15,1.7315926e-23,0.0,2.9741113e-33,3.436101e-14,1.6712696e-16,1.3884522e-38,2.2629878e-20,9.810934e-14,5.367557e-25,2.343969e-21,6.015905e-15,1.4695854e-13,9.922694e-19,9.999592e-21,1.05275955e-14,1.0,3.3094732e-22,4.2321164e-17,1.0299903e-21
1396,1067,1068,15,1.5983176e-16,0.0,4.544249e-30,9.773109e-11,2.0202739e-05,8.7836405e-35,1.1486498e-09,1.4635909e-09,7.658938e-15,2.1587299e-07,2.2948174e-09,6.0175566e-08,1.6866002e-11,8.370936e-18,0.0085132755,0.991465,1.5674716e-13,5.8356395e-09,6.898124e-19
1397,1068,415,14,1.6771837e-16,0.0,1.2536473e-26,5.8413014e-15,0.38525647,4.5025825e-28,6.026916e-05,9.836137e-17,2.7023692e-23,1.0227666e-21,8.416887e-10,9.796271e-07,3.1647823e-15,3.3211632e-12,0.61468065,0.0,5.3548377e-17,1.226937e-08,4.8754654e-18
1398,404,271,2,3.8416307e-24,0.0,1.0,1.3083656e-17,1.7180586e-15,2.8724e-41,1.5626186e-12,1.3469333e-19,1.2925184e-21,2.827463e-36,1.5284826e-13,5.8370023e-15,3.2685453e-08,1.10526146e-16,1.1047651e-14,0.0,5.2806776e-16,1.4522204e-13,4.1458716e-12
1399,100,1069,10,1.2645889e-11,0.0,1.4016578e-12,2.8585308e-16,7.847168e-10,4.3121847e-38,1.9513448e-06,8.464113e-12,1.469618e-07,4.087943e-32,0.9957556,7.91934e-10,0.0036349746,1.1460887e-10,1.6770255e-14,0.0,8.076357e-05,0.0005267913,6.7975174e-07
1400,1069,1070,12,1.8860627e-14,0.0,5.624519e-21,1.0183074e-09,7.0787407e-15,2.1148695e-37,8.4021394e-08,9.5939515e-12,4.0263672e-07,2.9430228e-30,0.11134245,3.4621557e-12,0.8883401,1.4492585e-07,6.562574e-13,0.0,2.400551e-07,0.000315488,7.8023943e-10
1401,1070,271,17,5.061361e-15,0.0,1.198475e-29,7.14709e-15,8.5608285e-09,0.0,8.01263e-10,1.7518706e-15,1.6401118e-11,1.3710814e-33,0.00017120817,8.435816e-11,1.6225229e-07,1.7328546e-08,2.2944227e-10,0.0,3.8622716e-11,0.99982834,7.3235223e-25
1402,271,1071,10,1.1106164e-16,0.0,2.7144578e-23,4.990425e-15,0.0003262149,1e-45,1.9593668e-10,6.10699e-13,7.4511653e-13,2.8897135e-37,0.9991954,0.00046577043,5.31207e-10,7.677349e-12,2.7338236e-11,0.0,2.1717003e-12,1.11000845e-05,1.2886197e-13
1403,1071,1072,4,9.957521e-08,0.0,6.014327e-21,8.406982e-15,0.902877,0.0,2.695921e-10,1.5852115e-12,0.0017105682,1.0945773e-34,0.00013268355,0.09349759,9.443356e-08,1.5857836e-15,2.2592012e-05,0.0,0.0015866464,0.00017434602,1.078121e-12
1404,1072,468,0,0.99991226,0.0,1.6211656e-25,4.270918e-21,3.1027597e-11,4.4633217e-34,1.1919172e-09,7.75907e-15,9.365911e-06,3.408605e-30,3.2793646e-13,1.5244728e-10,2.6978964e-10,2.3455706e-13,5.730258e-10,0.0,2.5512656e-05,5.2225107e-05,6.4611564e-19
1405,502,1073,13,2.3983573e-12,0.0,3.963933e-20,2.20066e-15,5.9129798e-06,0.0,2.5958512e-08,2.1215104e-08,5.3110003e-16,2.2281498e-35,2.2395152e-07,8.306035e-06,2.7027275e-10,0.9999504,5.0744237e-10,0.0,6.7088606e-11,3.3864726e-05,5.6175735e-13
1406,1073,1074,7,2.0221294e-15,0.0,9.293088e-30,4.0852543e-13,3.5732002e-05,1.3987802e-25,2.842796e-08,0.61561227,3.6396053e-05,8.4357695e-22,0.027261503,0.0002371212,3.595803e-05,9.1147456e-05,0.0029817903,2.255e-42,0.35370657,3.4152663e-09,7.369226e-11
1407,1074,404,17,1.2505477e-18,0.0,1.7521687e-33,1.5720189e-10,0.0091611175,0.0,5.3616894e-08,3.3460548e-09,3.776202e-10,9.079427e-33,0.0041592126,0.0382766,0.00091941614,5.2705073e-11,0.0020344986,2.1336438e-38,1.6102264e-09,0.94544923,1.487661e-23
1408,404,1075,10,1.4882309e-20,0.0,5.449037e-29,1.2369414e-17,2.9636421e-06,3.456043e-29,1.8518406e-08,1.5321985e-09,1.9854538e-09,4e-45,0.9999886,4.9761525e-06,2.3316024e-11,4.5435777e-13,2.9369905e-14,0.0,3.434599e-11,3.6742972e-06,3.219169e-10
1409,1075,1076,10,2.0266455e-09,0.0,7.0570884e-23,8.237597e-20,8.675113e-06,8.0450546e-20,2.639487e-08,0.00010054448,1.8399004e-06,4.7286776e-31,0.9626082,3.4387867e-08,2.3843518e-07,0.03697942,6.1108274e-08,0.0,1.7190948e-07,0.00030055194,3.9382638e-13
1410,1076,1077,12,1.17727945e-11,0.0,6.3954464e-24,2.1729703e-10,1.10313116e-14,3.1905e-41,3.7310077e-05,1.0399299e-09,1.146319e-05,1.8415358e-29,0.10513901,5.4713866e-14,0.89479524,1.6705243e-08,3.231114e-11,3e-45,1.7638291e-05,2.1107995e-07,2.626333e-13
1411,1077,1078,10,4.961207e-10,0.0,2.0075211e-35,1.8811825e-08,3.372004e-08,1.1660949e-36,0.0034878086,1.9983768e-11,5.7643183e-06,4.243788e-25,0.82804614,8.526175e-11,1.7226283e-05,3.7820178e-07,1.0108301e-09,0.0,6.5205504e-06,0.16843583,2.9338077e-16
1412,1078,1079,10,1.5496261e-10,0.0,1.00852895e-35,1.61663e-13,7.7427424e-09,2.5053587e-27,6.4029996e-06,5.2897147e-14,2.120232e-08,7.7263455e-22,0.9960633,1.2994946e-13,1.1344846e-08,8.938906e-10,9.596105e-13,2.511e-42,2.3188046e-10,0.0039316644,9.634916e-20
1413,1079,1080,17,6.3566936e-11,0.0,2.7087647e-33,5.580729e-13,2.5790898e-09,5.4822715e-29,2.7070457e-06,3.2731232e-16,1.9991813e-07,7.336965e-27,0.35302585,7.453518e-15,2.1646342e-07,7.2675005e-10,1.0417906e-12,4e-45,4.692571e-11,0.6469725,4.256071e-20
1414,1080,307,17,5.4269085e-12,0.0,1.3298652e-27,2.8556219e-15,1.4500748e-10,0.0,4.0478656e-07,1.9188045e-16,4.5366468e-07,5.908746e-27,0.06205634,1.115676e-12,1.3528701e-05,6.657874e-10,3.2521568e-13,0.0,6.5691252e-09,0.9379307,6.965799e-17
1415,485,1081,10,3.8283556e-12,0.0,4.9151627e-27,3.8949048e-14,7.060068e-11,2.5795154e-37,3.619794e-11,1.01135646e-13,4.3517927e-09,1.056091e-20,0.9999962,6.824981e-07,9.369443e-07,1.5392533e-22,3.8138962e-12,0.0,3.7365854e-08,1.0945259e-06,1.103151e-16
1416,1081,1082,12,1.5861426e-20,0.0,2.871899e-23,2.75675e-09,3.1085648e-11,1.1786979e-36,7.4176305e-09,2.1391314e-13,6.491549e-10,1.3082412e-24,1.5699644e-09,8.2236046e-10,0.999569,2.625797e-17,0.0004279909,0.0,2.0327188e-06,2.111834e-11,1.5891945e-13
1417,1082,519,6,0.008725207,0.0,1.8630345e-32,2.6303865e-11,6.2152153e-06,4.717142e-33,0.9875997,1.2293057e-11,1.5193429e-07,6.2488755e-22,8.940214e-07,7.298581e-12,1.8758733e-07,7.0198826e-06,0.0011991173,0.0,1.7547356e-05,0.0024438533,2.8722877e-19
1418,468,502,17,0.00013954747,0.0,6.519176e-23,5.276029e-15,0.00024455308,0.0,2.5822708e-08,1.4394824e-17,1.1472963e-17,1.4947096e-37,8.4639e-09,4.770589e-07,1.3677386e-10,0.000111090274,1.7314413e-07,0.0,4.0281257e-11,0.9995042,4.9580192e-21
1419,502,1083,13,3.443794e-12,0.0,1.4404743e-20,2.0478016e-14,1.5080896e-06,0.0,6.4131833e-09,1.11722255e-11,1.7751575e-18,6.412752e-36,1.55811e-08,4.4844947e-07,2.9411676e-10,0.9999962,6.9760614e-10,0.0,2.3173265e-11,1.2340497e-06,3.749294e-15
1420,1083,519,0,1.0,0.0,2.8112747e-30,3.7594776e-22,6.8439963e-12,0.0,5.2578817e-09,2.5506246e-19,1.2481067e-12,1.0248542e-32,1.5064987e-11,3.814125e-14,3.1751684e-16,6.4580416e-07,1.1445678e-11,0.0,1.8126048e-07,1.279332e-07,1.7674806e-19
1421,468,485,17,0.1359583,0.0,1.1316305e-33,3.1937268e-18,8.004957e-11,0.0,6.299222e-10,3.8939034e-17,2.7245914e-09,7.1256187e-28,1.1376152e-05,1.7286877e-09,6.684032e-11,7.7655464e-17,9.935276e-10,0.0,1.613866e-10,0.8640292,6.3162786e-26
1422,404,1090,10,6.834971e-19,0.0,1.8765538e-29,3.547853e-14,3.445051e-07,3.1684095e-28,1.7997824e-07,1.1738841e-12,1.4702156e-10,1e-45,0.9999161,1.4242488e-09,1.0193457e-08,2.2691767e-13,1.2293005e-12,0.0,5.4474475e-10,8.264698e-05,1.427777e-12
1423,502,445,17,2.2872555e-11,0.0,3.2903586e-33,7.82273e-15,1.864979e-06,0.0,3.48442e-09,4.1095396e-15,7.165587e-11,2.8151689e-31,2.1661563e-05,6.188024e-09,1.2453752e-07,4.2926657e-10,9.590432e-06,0.0,1.1390964e-12,0.99996567,2.2189857e-23
1424,519,1084,16,0.00018682847,0.0,6.1538167e-25,1.7014151e-14,4.2818105e-08,0.0,5.437327e-06,1.6703353e-13,6.508314e-09,1.5661567e-28,0.004674135,2.4298199e-08,4.9272595e-09,9.859592e-07,1.294103e-12,0.0,0.9951026,2.9062992e-05,6.2475075e-10
1425,1084,1085,11,9.6535094e-17,0.0,5.7201583e-28,1.2186724e-14,4.0267953e-08,1.117e-42,1.6773781e-13,0.0014138219,8.6490856e-11,1.4221387e-29,5.637125e-07,0.9985743,3.1063525e-08,1.016273e-11,2.6095224e-08,1.0424011e-30,1.2296004e-05,2.1332186e-10,5.4025057e-15
1426,1085,1086,14,2.1443068e-17,0.0,6.075226e-28,1.2332788e-12,6.258677e-08,4.551e-42,6.8333726e-14,2.1739687e-07,6.6370485e-12,1.9227313e-24,3.5809612e-07,0.45629033,1.8263066e-06,7.1176273e-14,0.54370713,9.823295e-28,5.8649396e-10,2.4665648e-11,4.537277e-19
1427,1086,439,14,7.735138e-21,0.0,2.2325933e-33,1.6787072e-16,3.2623063e-07,0.0,2.5399087e-09,1.0150373e-18,1.1260459e-17,1.4420019e-21,1.6627082e-11,1.10554e-08,3.080082e-11,5.2356864e-16,1.0,1.1081013e-33,3.360034e-17,1.935708e-07,1.507507e-23
1428,439,1087,4,8.179682e-24,0.0,2.7113026e-22,3.4396023e-14,0.9999962,1.2074e-41,4.4507846e-07,1.4091693e-19,5.0224077e-25,9.033824e-33,2.6569536e-08,1.9428672e-09,3.8102943e-17,1.8784259e-11,3.2642497e-06,6.42102e-38,1.0938186e-17,1.16932384e-07,1.9969777e-08
1429,1087,445,4,1.3681562e-17,0.0,1.1808282e-26,5.132502e-15,0.99991995,6.005e-42,4.8149616e-07,4.5131074e-20,1.129737e-18,2.3849907e-35,7.215888e-05,1.0241159e-09,1.8674141e-13,1.3713733e-12,1.4861029e-06,1e-45,2.5753753e-15,4.725654e-06,2.1747645e-15
1430,445,1088,4,5.3599486e-24,0.0,5.4127406e-29,1.0267795e-17,0.9999923,4e-44,9.573091e-09,4.3925685e-18,5.1357802e-20,5.360256e-31,6.8195463e-06,2.6015425e-07,4.0330664e-16,3.8241026e-15,5.4916893e-07,3.748e-40,8.395689e-18,2.0988029e-08,1.8307275e-15
1431,1088,1089,14,1.1713723e-16,0.0,3.0952435e-32,2.9051938e-18,4.770025e-07,1.27531e-40,5.0325377e-16,1.1708385e-12,5.4148652e-15,7.6943063e-17,1.2421375e-10,3.241109e-06,2.595389e-13,7.632198e-14,0.9999962,3.5791911e-34,1.3888332e-16,5.866601e-08,1.7815476e-26
1432,1089,427,17,4.540106e-16,0.0,1.3928337e-31,6.3232814e-15,0.00051022734,0.0,1.35314675e-08,6.7827064e-13,2.4670706e-13,4.9624882e-27,1.4595175e-06,1.9229103e-06,2.8164355e-09,1.11009445e-10,0.056027308,0.0,1.2381748e-15,0.9434604,3.107806e-26
1433,427,1090,10,2.6508758e-18,0.0,2.7499136e-31,2.5846182e-14,1.7995782e-05,2.7211458e-37,1.5834817e-06,7.030134e-17,9.360438e-15,1.1835279e-36,0.9979536,1.5643901e-12,3.7858264e-08,3.9270465e-11,2.5862819e-09,0.0,3.2068603e-12,0.0020277887,1.5301113e-19
1434,1090,1091,4,5.6230858e-12,0.0,2.5355633e-23,2.7876158e-11,0.76786226,7.758502e-39,8.8815534e-05,4.7118272e-07,1.4545493e-05,2.3095904e-38,0.20932133,0.013447682,0.00038248242,8.8491145e-14,6.44758e-07,0.0,0.008458826,0.00042335654,4.0212408e-14
1435,1091,1092,12,7.342393e-13,0.0,4.390461e-24,4.4143053e-10,1.5291047e-08,2.2370702e-32,0.0028491216,3.000076e-13,1.6713648e-09,7.548969e-17,8.542434e-08,1.343079e-13,0.99693,7.732898e-13,4.021091e-05,6e-45,0.00017895094,1.6524815e-06,5.3879935e-16
1436,1092,451,17,2.925584e-07,0.0,4.79763e-39,3.7284645e-18,2.3421115e-12,3.353573e-29,1.15527776e-07,8.1037474e-16,9.135651e-16,7.324997e-34,3.3611396e-08,4.171497e-17,4.5790416e-12,1.2042569e-09,1.1245116e-13,0.0,1.7155923e-12,1.0,2.923133e-20
1437,381,1093,11,1.3426222e-22,0.0,9.773601e-17,2.5630558e-15,1.2238999e-06,1.0724e-41,1.5182012e-15,7.3377804e-11,1.1696041e-16,2.9736248e-32,2.4200042e-09,1.0,2.389284e-09,1.2563922e-16,2.8577356e-08,3e-45,1.5548226e-13,1.779967e-16,6.326342e-16
1438,1093,265,11,2.5248838e-19,0.0,2.319275e-16,1.6912418e-15,4.3870935e-10,8.698992e-39,7.566389e-15,3.0026008e-09,6.9495164e-13,6.023258e-36,5.6308895e-08,1.0,1.7828818e-09,8.6997716e-13,1.20841115e-11,0.0,2.2333466e-15,1.7022599e-13,4.6064406e-13
1439,393,1094,4,8.566772e-17,0.0,2.4141917e-12,9.935747e-22,0.99785084,1.6195873e-35,8.20399e-10,1.8759273e-18,2.1226762e-23,4.7595973e-27,2.5116565e-11,0.00029335343,2.912366e-15,1.3269053e-13,0.0018557067,0.0,3.277257e-17,1.37483636e-11,1.482359e-15
1440,1094,331,11,1.193163e-10,0.0,1.4102091e-16,6.130399e-21,6.3750316e-10,0.0,5.2864795e-17,3.399185e-11,4.3283432e-12,4.302386e-33,1.1090279e-10,1.0,1.8366191e-13,9.813193e-11,2.1950806e-11,0.0,5.961051e-17,7.463889e-11,2.8048808e-14
1441,485,1095,0,0.8272253,0.0,5.9370613e-25,8.930553e-18,1.9370975e-06,0.0,2.1625808e-13,7.277084e-14,8.962821e-07,3.421073e-29,0.0104667945,0.00029418382,3.0280037e-13,1.9406326e-14,7.190978e-09,0.0,1.310264e-09,0.1620122,1.5049685e-14
1442,1095,319,11,5.706236e-12,0.0,3.706436e-21,2.1853964e-19,1.8411103e-11,2.8215156e-36,8.8720904e-16,6.37102e-10,2.4111406e-08,6.328391e-32,2.8096938e-11,1.0,6.3524724e-12,1.8115297e-11,1.737237e-07,0.0,1.9677092e-12,2.8764335e-11,8.4630396e-14
1443,519,1096,17,1.3140708e-05,0.0,5.653782e-26,1.7069416e-13,1.1334606e-06,1.0322665e-31,0.0041583083,2.862121e-08,0.037119478,1.3651333e-31,1.2459889e-06,2.9979344e-07,1.329634e-09,5.7141574e-07,3.3277376e-09,0.0,0.0020829279,0.9566231,7.822548e-08
1444,1096,325,11,7.213617e-09,0.0,1.8719713e-21,1.952934e-18,1.06427954e-07,4.41447e-40,6.6898947e-12,1.64666e-07,1.0347477e-06,7.439854e-30,1.5339398e-11,0.999466,3.8046562e-11,6.282445e-11,0.00050768594,0.0,7.291847e-12,2.3093122e-05,2.5689694e-14
1445,157,1097,6,1.6010495e-11,0.0,4.098343e-24,1.0862259e-17,8.254005e-08,0.0,0.97406656,7.485156e-12,0.0001395017,1.4493125e-31,2.1765554e-09,4.8533413e-05,1.3539742e-06,6.102907e-08,4.536842e-05,0.0,5.63731e-10,0.025699064,4.7219407e-14
1446,1097,1098,11,4.4090708e-18,1.9e-43,4.5335288e-24,2.577914e-13,4.7245224e-12,5.03e-43,1.1736921e-11,3.9504293e-09,1.6859139e-16,3.356569e-13,3.870786e-09,0.9999923,1.1113626e-08,1.8779501e-14,6.618688e-06,0.0,2.1195755e-17,5.97202e-10,1.3445117e-17
1447,1098,1099,11,9.185367e-18,1.55002e-40,4.2190123e-24,5.1888564e-18,2.7822402e-11,3e-45,2.5266508e-16,1.7660194e-10,4.2342962e-17,2.02912e-25,1.3608175e-09,1.0,1.8907614e-12,1.7983236e-19,5.800883e-09,6e-45,7.790084e-17,3.580866e-14,8.999944e-18
1448,1099,265,11,1.4641383e-09,0.0,1.4499504e-21,2.861274e-20,8.552133e-12,0.0,3.6104504e-15,3.5157834e-09,7.3737855e-10,2.0795856e-18,1.7815882e-11,1.0,1.0917537e-12,2.2895676e-12,1.0388768e-06,0.0,3.054124e-16,4.4495022e-11,6.498687e-17
1449,265,1100,11,4.5883075e-20,0.0,5.315173e-17,9.2602015e-10,0.0017801214,4.95e-43,7.0722703e-13,1.6286278e-11,2.542069e-10,1.8910394e-38,0.00077319006,0.9974474,7.864138e-08,1.9191204e-15,1.0958116e-08,0.0,1.273971e-13,6.314967e-07,1.8372044e-09
1450,1100,1101,11,1.8107927e-16,0.0,1.5675585e-24,1.6033441e-08,0.08785162,0.0,2.8582994e-10,6.736547e-14,5.145987e-09,8.085848e-36,4.685479e-07,0.9119007,7.799843e-08,6.5286455e-19,0.00024538103,1.9340866e-27,8.291803e-10,6.976947e-08,1.167661e-15
1451,1101,331,11,3.412337e-16,0.0,2.3844378e-26,5.4591446e-08,8.151633e-05,8.052684e-39,3.0856328e-11,4.5885035e-11,3.51391e-07,1.557871e-39,0.0017015414,0.9982087,8.476289e-06,2.550163e-15,3.6929823e-08,4.7455e-39,2.7287757e-07,2.922238e-07,1.2421214e-13
1452,331,1102,11,3.4754022e-19,0.0,2.2102055e-18,1.9043814e-08,0.076030694,1e-45,2.2745089e-11,8.7508716e-11,1.7320029e-07,1.5466e-41,0.0018834778,0.92207646,2.2494999e-06,9.24214e-16,3.131745e-07,3.05e-43,1.1266215e-10,7.105557e-06,1.6113694e-09
1453,1102,1103,4,1.4403995e-17,0.0,4.1564854e-25,2.871107e-10,0.8073139,0.0,5.1611583e-11,2.4934487e-13,4.2632598e-17,2.1034222e-28,1.4399706e-10,0.18918255,1.90581e-11,5.797494e-18,0.0035018872,4.8450584e-11,2.0506236e-14,3.0495229e-10,2.841256e-16
1454,1103,319,4,2.8763843e-22,0.0,1.1179948e-25,1.843296e-11,0.9999962,3.5715298e-32,1.0953054e-09,2.5185988e-14,1.2320485e-17,1.2148526e-36,8.139906e-08,1.110605e-06,2.9571633e-11,1.8777835e-16,1.2717228e-06,1.3987763e-23,3.7195103e-13,6.4574657e-10,1.6794335e-13
1455,319,1104,4,2.241608e-23,0.0,4.500284e-12,8.2510165e-15,1.0,3.80006e-40,3.500871e-11,8.149691e-16,3.0396866e-17,8.547e-42,2.8811819e-08,6.297763e-08,1.0361822e-12,4.887201e-16,1.7879421e-09,1.0096871e-36,1.5367588e-16,1.9454469e-10,7.4520905e-09
1456,1104,1105,4,7.0090225e-20,0.0,1.6178765e-28,1.0177922e-14,0.99997336,0.0,2.9569718e-11,2.2732776e-18,1.6576295e-18,3.852e-42,9.23047e-10,2.513159e-05,1.6551489e-15,1.8762799e-16,1.5008519e-07,3.7011187e-31,5.539911e-16,5.236102e-10,1.5990007e-16
1457,1105,325,4,9.519967e-22,0.0,1.1307229e-28,6.8432287e-15,1.0,7.22e-43,1.2857338e-11,7.716406e-18,4.482141e-19,5.006252e-37,7.5332013e-10,1.09577805e-08,9.908784e-17,8.51134e-15,8.221511e-08,9.370245e-34,6.210438e-18,7.8028106e-10,4.8798383e-18
1458,325,1106,4,2.622168e-21,0.0,3.7789325e-14,8.057545e-15,1.0,2.96e-43,5.3108893e-12,1.1137946e-15,1.229828e-16,2.4593e-41,5.083552e-09,8.400349e-07,1.1805258e-12,2.1104113e-16,9.108506e-09,5.5554513e-36,3.9782584e-15,1.6416213e-10,3.1785817e-11
1459,1106,1107,11,3.281539e-15,0.0,7.6210426e-32,4.5376544e-13,0.011579148,0.0,3.2019865e-10,1.2170104e-12,9.244009e-16,1.1535928e-34,5.972567e-10,0.9883383,1.7747644e-11,1.652954e-14,8.4277046e-05,4.0331085e-18,9.1931565e-09,5.138981e-10,2.086783e-20
1460,1107,1108,14,1.6355684e-20,0.0,1.4890725e-26,6.1940876e-11,5.3494805e-05,4.0440185e-24,1.2613592e-06,0.00042656146,9.66399e-21,4.5894537e-09,8.927294e-08,0.0020875654,2.4160617e-12,1.818594e-09,0.9974322,6.178977e-13,2.9757287e-14,2.520488e-10,1.5738482e-11
1461,1108,235,14,5.1824894e-17,0.0,2.6763312e-31,9.5533255e-15,5.133341e-09,4.914721e-31,5.7654526e-09,3.684395e-10,1.2231911e-20,2.9940478e-15,1.0492092e-11,3.516372e-10,1.0890412e-13,1.4952492e-10,1.0,1.926169e-37,3.290186e-16,1.3617269e-08,1.2046615e-16
1462,109,1079,10,0.012667577,0.0,2.9993939e-25,1.6505362e-12,1.0770872e-08,4.427075e-39,2.5478784e-07,2.0132886e-12,4.81144e-13,7.761626e-20,0.980202,1.1816978e-11,7.2699997e-09,4.274699e-06,6.43967e-13,2.7059914e-37,9.78313e-06,0.0071164463,2.4635844e-18
1463,451,145,17,3.3483072e-06,0.0,5.67782e-40,6.7852456e-20,1.2041724e-12,1.7546633e-26,3.1604024e-08,1.3311429e-14,2.8923818e-15,1.8629008e-38,5.246602e-09,2.9775654e-16,3.6923077e-15,2.9188676e-11,9.493126e-16,0.0,1.0702944e-12,0.9999962,4.3563384e-19
1464,109,145,17,0.3390952,0.0,2.2124156e-33,4.358722e-16,3.848552e-10,5.5718174e-35,1.2879896e-07,4.896084e-16,1.7018881e-15,1.0853158e-30,0.00016712162,1.8014786e-15,2.010433e-13,1.7109039e-07,6.904802e-14,0.0,1.5079614e-08,0.6607378,1.6619207e-20
1465,133,145,17,0.0012733655,0.0,5.818036e-39,1.4591062e-20,8.012604e-09,4.0199665e-30,7.730326e-07,6.1194775e-17,1.1491482e-11,8.710395e-36,3.0684653e-08,2.972915e-14,2.3786458e-15,1.7022542e-12,4.3695996e-13,0.0,1.1763956e-10,0.9987267,5.83625e-21
1466,211,1109,13,0.00018334354,0.0,6.620508e-28,2.0283842e-18,3.597185e-07,7.6e-43,2.9852214e-07,9.406928e-17,2.7918827e-19,5.839889e-33,4.4127777e-08,1.8242023e-15,5.579388e-13,0.99947757,3.2705624e-10,0.0,1.0081769e-09,0.0003401454,2.8590248e-21
1467,1109,109,0,0.9998551,0.0,6.4155437e-28,2.6327917e-14,2.9350927e-10,0.0,4.881145e-09,1.4600224e-16,2.2033721e-16,5.908929e-26,2.1953469e-05,1.6028568e-13,1.6381547e-11,8.222334e-06,9.34001e-13,0.0,1.2625635e-05,0.00010024041,2.091452e-21
1468,439,433,14,2.8154754e-27,0.0,4.0932143e-11,8.5630775e-10,2.556123e-08,2.13133e-40,2.872307e-06,4.3198965e-20,1.576054e-25,2.707725e-23,1.952557e-15,3.3517672e-08,1.4230548e-08,2.3546101e-18,0.9999962,1.2320551e-29,8.227439e-16,1.1188201e-14,3.4931794e-08
1469,1084,376,12,1.2346386e-13,0.0,7.701438e-18,4.1833566e-08,8.3813995e-07,3.177e-42,0.00084164314,1.2439897e-13,3.7671316e-06,2.7560857e-33,0.03491778,5.6998323e-07,0.92093045,2.7523359e-10,1.3568217e-08,0.0,6.5923024e-07,0.043302976,2.0956865e-12
1470,376,1106,11,5.6969225e-21,0.0,2.4161864e-23,5.3079054e-07,2.3550633e-07,0.0,3.5385475e-10,4.3217807e-10,4.3287447e-17,1.2590929e-32,5.804228e-08,0.99950033,0.00049495394,2.259957e-15,2.882229e-06,1.4439788e-20,8.4497936e-11,1.3067428e-12,1.555048e-13
1471,376,1110,11,6.861062e-21,0.0,8.545284e-27,4.3639365e-13,0.00013232366,3e-45,3.3043555e-12,9.639391e-07,2.0037238e-15,8.767153e-24,7.519949e-07,0.9998665,4.711561e-13,4.956103e-16,1.8165417e-09,1.1804516e-23,8.534671e-18,7.942754e-11,1.0599756e-09
1472,1110,1111,11,1.5392715e-14,0.0,1.1703043e-24,1.2993239e-16,0.0038346143,1.2738e-40,3.2703327e-13,1.09055045e-05,3.643913e-12,8.147695e-25,7.0584816e-10,0.960576,1.3012754e-13,5.4236896e-16,0.035580263,9.217423e-31,2.9656883e-14,1.7404599e-08,7.414694e-15
1473,1111,433,14,5.9363854e-24,0.0,2.4229205e-26,5.1918715e-16,5.058583e-07,0.0,4.8990557e-08,3.535101e-21,9.449271e-22,8.7949045e-28,2.913811e-15,2.382114e-08,4.6018584e-12,1.0076724e-18,1.0,1.7501818e-29,6.3683936e-18,2.6484381e-12,2.0351728e-19
1474,64,157,6,3.197308e-12,0.0,7.043441e-19,3.0179734e-19,9.7320886e-08,1.0266718e-28,0.99982834,1.2743086e-10,2.3675233e-05,1.2163124e-30,6.27335e-09,7.3475434e-07,2.1427956e-08,1.0544855e-11,1.4739649e-05,0.0,4.9417675e-11,0.00013264963,5.303593e-15
1475,433,235,14,1.4871043e-24,0.0,2.6381214e-13,1.3878033e-12,3.435838e-07,3.3844912e-38,0.0002335706,6.9262356e-18,2.4010743e-21,7.4280695e-19,8.2530705e-13,4.7048716e-09,1.2164786e-09,5.900602e-16,0.9989782,4.7923096e-38,1.5979475e-14,3.2516995e-12,0.00078651134
1476,133,211,0,0.99842197,0.0,1.22108105e-32,1.2739915e-19,1.3827688e-10,0.0,4.124958e-10,2.3758637e-21,1.2098524e-15,4.7133e-41,5.2397163e-11,1.2985015e-16,6.719194e-15,1.0866158e-09,1.9400932e-13,0.0,4.69617e-11,0.0015779607,1.7192234e-25
1477,40,241,13,0.083795674,0.0,6.867171e-26,2.119811e-16,0.10755473,3.356543e-36,1.5446725e-05,1.00213146e-14,2.3358408e-18,2.6521088e-34,3.4531313e-06,1.4232482e-11,5.9719e-12,0.8062091,9.033358e-07,0.0,8.515397e-08,0.0024209071,1.8541328e-21
1478,253,241,17,6.595755e-05,0.0,1.6386142e-37,1.2336609e-18,1.6008758e-07,1.3446956e-18,1.1116932e-08,7.946876e-11,3.4990804e-12,6.652526e-30,1.3178351e-06,1.0767735e-11,1.6374196e-16,4.5514824e-08,6.005465e-10,0.0,1.3410283e-10,0.99993134,4.5068866e-17
1479,253,52,17,0.00010916707,0.0,3.207087e-38,3.1292894e-19,6.6620984e-08,8.970189e-19,8.0413606e-08,3.2174842e-12,1.4535631e-11,3.0143553e-30,9.436772e-07,1.0130522e-12,5.506243e-16,5.2621356e-09,1.3846162e-10,0.0,2.5100388e-10,0.99988943,2.1729721e-16
1480,33,1112,8,8.991207e-15,0.0,2.7095821e-25,1.8166857e-18,2.173108e-13,8.6903265e-26,1.8193808e-06,2.4529634e-15,0.9999962,4.3055e-41,1.8042712e-07,3.219643e-13,6.578422e-11,4.342267e-20,1.786103e-15,0.0,8.210948e-08,1.798969e-11,1.0785192e-06
1481,1112,201,8,5.17238e-16,0.0,1.4970736e-35,3.887668e-18,2.0368322e-14,3e-45,4.275044e-05,1.617797e-12,0.9999427,7.1214695e-33,3.8091253e-13,1.8586018e-13,3.3290815e-10,3.7030256e-16,1.121099e-11,0.0,1.3909512e-05,3.1988805e-13,2.877871e-11
1482,201,81,6,5.1819726e-18,0.0,1.2793429e-28,2.3639953e-12,3.4774322e-11,1.3424215e-31,0.9999962,1.4433702e-09,1.2767085e-08,2.0066961e-33,8.114393e-15,1.3402304e-10,1.816302e-06,7.68334e-16,2.4508142e-06,0.0,7.4732455e-08,1.9426068e-10,2.082259e-12
1483,530,225,6,2.044293e-18,0.0,2.3202395e-16,4.620215e-15,5.923305e-11,5.8146364e-33,0.9999695,4.9176246e-10,5.8492065e-11,2.3587851e-30,4.2345935e-14,2.2832043e-09,1.1205289e-06,5.6415523e-16,1.0684625e-05,0.0,1.6227769e-07,1.0747626e-11,2.0195883e-05
1484,225,126,6,2.75018e-13,0.0,4.180315e-28,2.306868e-17,7.9653895e-11,1.7339765e-33,0.99916875,1.8503278e-10,0.0008128721,2.6319629e-33,1.9276911e-14,1.0376389e-10,2.570228e-11,4.483673e-15,2.0922638e-08,0.0,1.5165998e-05,2.6197546e-09,2.1706303e-06
1485,126,1113,8,1.073223e-17,0.0,2.3312409e-31,1.5653814e-19,9.876651e-13,6.4306315e-22,1.6346428e-08,1.1970074e-08,0.9999962,4.470138e-34,1.1506929e-10,1.1728877e-09,4.290484e-12,5.4629205e-21,6.720889e-14,0.0,1.9182141e-06,1.0746508e-13,7.3673144e-11
1486,1113,1114,8,1.3436455e-09,0.0,5.1046353e-24,9.522057e-18,1.449812e-14,8.843938e-32,3.0323513e-12,3.8590797e-09,1.0,8.9319066e-35,2.2878729e-13,1.4985147e-11,2.1436755e-11,3.4413618e-21,5.7599426e-14,0.0,5.9409196e-08,8.08644e-12,1.16661975e-14
1487,1114,138,0,0.9999962,0.0,6.6853808e-34,1.5734096e-19,2.9220062e-13,1.644e-42,1.7284371e-09,3.1470583e-17,5.7249324e-08,2.6794812e-36,3.5392001e-15,2.0027171e-13,5.81444e-17,8.303217e-13,9.415604e-12,0.0,8.626487e-10,2.4309443e-06,1.5165577e-22
1488,213,1115,13,7.310061e-12,0.0,1.3364715e-27,8.208412e-23,3.4826375e-10,3.8805154e-31,2.8565401e-13,2.2213486e-08,1.0720486e-17,3.1021362e-31,3.228331e-10,6.958805e-12,1.0192608e-14,1.0,4.445954e-12,0.0,9.618407e-09,1.1515108e-08,2.0373155e-20
1489,1115,1116,16,3.704755e-13,0.0,1.1785103e-34,1.1475398e-20,4.482722e-12,3.8588835e-34,2.1749012e-11,9.013501e-06,0.0016741905,7.283935e-24,1.5938484e-09,9.027626e-10,5.225427e-10,6.3194296e-13,6.187195e-10,4e-45,0.99831533,8.8532046e-13,3.4293912e-17
1490,1116,225,8,3.8867965e-16,0.0,5.0009177e-33,4.4085304e-19,6.5945644e-15,1.033e-42,1.05556876e-10,3.993887e-09,1.0,5.218375e-25,5.9960155e-16,1.0348842e-09,2.727471e-10,5.2231085e-20,8.437209e-09,0.0,2.6217566e-07,5.510661e-14,2.0135359e-18
1491,530,1117,7,3.6592587e-22,0.0,2.8187793e-31,1.1017747e-18,5.1882837e-10,7.26707e-14,2.117895e-09,1.0,3.4810635e-14,3.0903173e-21,4.291239e-11,9.218309e-07,1.9796189e-13,8.455562e-12,2.0587176e-09,1.321e-41,9.4972025e-12,1.0638587e-12,4.2770697e-11
1492,1117,1118,7,1.0456877e-21,0.0,1.6947273e-25,3.3476754e-17,5.080536e-13,2.3113986e-22,1.5324254e-18,1.0,4.5663197e-22,3.3793495e-20,8.879713e-15,3.648065e-08,1.5378225e-13,2.6439332e-14,9.2730076e-08,3.5659091e-31,2.5345378e-16,1.924495e-14,8.088764e-17
1493,1118,1119,14,2.6395005e-13,0.0,3.894151e-27,5.1068394e-08,2.7414302e-08,3.3675915e-25,2.342271e-13,0.22147736,6.084487e-11,4.8615157e-19,4.8206743e-08,2.845882e-05,8.2514984e-05,6.2014735e-08,0.77840865,1.7126554e-28,1.3895438e-08,3.1245988e-06,1.07995046e-16
1494,1119,309,17,8.435835e-14,0.0,1.1225045e-30,9.076905e-17,2.1763737e-08,8.264e-41,1.9825908e-11,4.4897405e-11,2.7714868e-12,5.0367206e-25,1.8980796e-07,1.7585927e-08,2.4957328e-13,3.0325298e-09,2.6315232e-09,0.0,9.95167e-16,1.0,2.4919684e-18
1495,213,1119,13,2.9601318e-11,0.0,8.921951e-30,1.4495859e-13,1.4502766e-14,6.938e-41,8.509433e-13,4.718416e-12,3.128373e-10,4.6606325e-28,3.05466e-08,3.2801247e-15,5.892981e-07,0.9999923,1.08438744e-10,0.0,2.1600046e-09,6.359208e-06,8.47531e-23
1496,93,1120,13,5.7100724e-18,0.0,1.0814951e-11,1.2931678e-16,0.020246284,5.3329774e-27,7.470949e-05,2.4754315e-06,1.6388522e-14,7.834892e-28,6.192074e-05,5.096547e-07,5.263834e-12,0.97266674,2.7359185e-05,0.0,2.3995539e-14,0.0069027604,1.6418571e-05
1497,1120,1121,13,2.6793904e-20,0.0,5.7291507e-30,6.151052e-16,5.711359e-10,3.6547524e-22,1.0136876e-09,3.8394878e-11,2.4118049e-14,1.79097e-35,0.0006535923,2.9516803e-15,2.8494988e-13,0.9993365,2.9174219e-10,0.0,1.9421921e-17,1.162028e-05,2.1157011e-14
1498,1121,285,4,2.2905209e-11,0.0,1.9838512e-29,6.1285176e-17,0.99695677,8.845586e-33,6.114721e-08,6.0763004e-18,3.3936284e-10,3.6582106e-30,2.1871292e-06,4.0373465e-08,1.8258742e-14,3.9195824e-09,0.00017168169,0.0,6.2191544e-13,0.0028698249,8.448788e-20
1499,461,1122,5,5.4201183e-21,0.0,1.7820483e-36,5.288997e-26,7.753884e-17,1.0,4.8119624e-17,5.1310715e-16,1.6808618e-14,2.5032905e-38,2.2815737e-11,2.120366e-19,7.672414e-24,2.4676139e-15,3.2980082e-20,0.0,8.50804e-20,3.3655795e-15,7.19183e-16
1500,1122,1123,5,3.7655897e-23,0.0,2.60387e-34,4.8976203e-29,3.669066e-17,1.0,3.32413e-19,1.5206847e-19,7.091913e-20,1.3084322e-37,6.3404615e-13,1.0004052e-21,2.8850077e-24,2.4825007e-17,2.2402533e-19,0.0,9.551177e-22,5.323725e-21,6.7664768e-21
1501,1123,1124,5,5.9734643e-22,0.0,4.7853936e-35,7.1129973e-26,1.411557e-13,1.0,4.47214e-16,2.5239892e-18,6.404242e-22,1.9213897e-24,2.0020327e-10,8.763727e-20,7.500124e-22,8.442946e-15,5.360139e-14,0.0,4.9174094e-21,3.6912715e-19,1.0603764e-23
1502,1124,1125,5,2.4293429e-19,0.0,1.00270196e-20,1.0026536e-17,9.818746e-09,0.99993134,9.636978e-12,1.4518556e-12,1.8492264e-18,3.1005424e-14,6.927048e-05,1.0306907e-12,1.3760701e-10,9.532699e-12,4.825939e-07,0.0,9.314175e-14,7.6892965e-15,2.630401e-15
1503,1125,1126,10,1.4208912e-22,0.0,5.363721e-28,8.351438e-13,2.0319761e-12,1.794479e-34,2.5365017e-08,2.8455622e-16,3.859015e-12,1.4088391e-37,0.9999886,1.703587e-11,1.1721118e-05,2.0161967e-17,2.221257e-14,0.0,1.2051013e-11,4.523524e-10,7.3413525e-14
1504,1126,417,4,2.0523709e-12,0.0,7.296878e-36,3.5216521e-15,0.92968416,2.0729576e-24,0.06600976,1.4178338e-12,2.7323507e-13,9.419278e-25,1.807441e-06,3.0141013e-08,1.098822e-14,3.6347018e-08,0.00025245853,0.0,2.1202106e-13,0.00405203,3.0782487e-19
1505,45,1127,13,0.0005212164,0.0,9.240819e-27,1.0078593e-21,2.0754374e-06,1e-45,1.4581901e-10,2.7699e-13,3.2342149e-15,1.983259e-31,9.663106e-06,7.4198625e-10,1.4312997e-12,0.9992449,7.2231096e-11,0.0,0.00021833299,2.2894524e-06,4.4508593e-19
1506,1127,1128,16,2.9840017e-08,0.0,4.203307e-29,9.2000514e-20,2.5104027e-10,0.0,6.7617813e-13,1.5036667e-13,1.9196157e-10,5.488831e-33,1.1809785e-08,7.2632396e-08,3.6791827e-11,7.904841e-13,2.104368e-14,0.0,1.0,6.87609e-09,1.6180027e-17
1507,1128,33,8,1.5821211e-16,0.0,5.6036088e-24,4.8564786e-17,1.6886826e-15,1.9056345e-27,9.923762e-10,1.923649e-16,1.0,3.4817106e-31,1.3468374e-09,3.2936945e-13,1.7754016e-10,2.0066069e-23,6.1026987e-15,0.0,2.2184092e-09,2.3924335e-14,3.5808172e-11
1508,246,1129,0,0.9999809,0.0,2.2353062e-23,6.146061e-22,6.0027136e-11,4.9838604e-23,5.4722897e-12,4.6089124e-08,3.615987e-10,2.1908873e-28,4.372391e-10,2.9813734e-08,6.8117705e-14,1.9267221e-05,2.0208613e-11,0.0,1.2792302e-06,9.323405e-09,1.204676e-15
1509,1129,1130,16,2.3789617e-09,0.0,2.3342766e-30,2.1291311e-16,6.0320924e-12,6.1639057e-37,9.6001375e-12,1.5556454e-08,1.962078e-14,9.006651e-31,2.0595166e-11,1.381784e-08,4.6825825e-08,7.750857e-12,4.5136768e-12,1.205405e-33,1.0,8.9744004e-11,2.4890708e-18
1510,1130,1112,8,1.2026791e-14,0.0,2.8612292e-28,2.3036217e-18,5.113175e-15,2.947649e-32,3.4731007e-09,5.67269e-17,1.0,3.366483e-27,3.8771918e-13,3.7321884e-13,2.994494e-07,9.704691e-23,2.5368778e-09,0.0,7.284828e-08,5.2524557e-14,2.456976e-19
1511,246,1131,13,0.038422454,0.0,1.2642524e-24,1.8035635e-21,8.714741e-08,2.0718536e-14,3.12657e-11,1.2263089e-10,1.9032445e-12,2.610192e-36,3.518551e-07,3.647934e-11,1.4331835e-14,0.9613825,6.99058e-10,0.0,1.2116099e-11,0.00019393399,9.489816e-19
1512,297,461,6,5.8321486e-08,0.0,2.80237e-35,4.93237e-11,2.5888975e-09,9.536111e-21,0.9993517,3.4003563e-16,0.00032495553,1.0793459e-37,1.0466518e-09,1.1271178e-14,7.1317516e-09,8.567382e-12,1.4485676e-07,0.0,1.0534946e-07,0.00032363186,2.7082808e-17
1513,461,1131,5,1.1444812e-17,0.0,2.3524595e-37,1.9555989e-22,2.3204976e-15,1.0,1.779955e-14,4.0730507e-15,6.6160168e-12,1.7572618e-34,2.114699e-08,2.6626613e-19,5.9677116e-19,3.3492823e-11,5.1721996e-17,0.0,7.044784e-19,3.35975e-11,4.454902e-19
1514,1131,1132,10,6.7597888e-15,0.0,6.0138633e-30,8.9172606e-14,9.0448066e-07,6.7578636e-05,5.059032e-05,3.300956e-11,1.4831864e-13,3.955304e-22,0.9998779,5.3983917e-13,1.2028697e-10,1.5511309e-07,3.2212643e-06,0.0,6.352685e-14,1.2248328e-08,4.127747e-16
1515,1132,1133,6,5.4035393e-14,0.0,2.5747014e-27,1.02887405e-08,1.835645e-06,8.221151e-34,0.96648633,6.135871e-07,1.2565471e-06,1.8731622e-23,0.03324248,1.1163039e-08,0.00018144339,7.4876615e-14,8.78086e-05,0.0,4.0322057e-08,1.4309697e-08,3.230331e-15
1516,1133,201,8,1.1511065e-16,0.0,1.0984828e-36,8.7980737e-17,3.5530728e-11,0.0,3.6567628e-06,2.0656966e-08,0.9999962,4.9571063e-23,3.1119611e-09,4.1934225e-08,1.3773528e-08,1.158054e-13,1.1394513e-07,0.0,2.0561924e-07,1.3108233e-10,4.9438807e-18
1517,81,1134,7,2.5902646e-21,0.0,2.2756748e-31,9.37268e-18,1.636786e-12,1.1044991e-15,2.4001356e-10,1.0,4.6851052e-14,1.4019975e-23,9.815697e-12,9.816841e-08,6.266736e-13,2.799559e-13,8.243164e-12,1e-45,1.7178114e-13,2.3877055e-11,1.8444213e-11
1518,1134,1135,7,8.8852904e-18,0.0,2.590492e-21,9.7704926e-20,1.4216297e-13,2.1980693e-21,1.1846532e-20,1.0,1.2834002e-20,3.6852686e-24,3.0237098e-13,1.3875581e-07,5.616416e-13,1.6287122e-14,3.027835e-10,1.9147468e-38,1.6440808e-14,4.7753603e-14,1.0119808e-15
1519,1135,1136,7,8.52206e-15,0.0,5.3817254e-17,4.8046533e-13,5.417939e-09,1.9400823e-24,2.473318e-13,0.99892867,2.6687734e-11,1.2554965e-23,8.62635e-11,7.987408e-06,3.939255e-06,2.46533e-13,0.0010297325,5.4736395e-37,3.1380863e-05,1.5627052e-08,2.0781554e-13
1520,1136,297,17,9.7498724e-11,0.0,1.7804742e-26,3.3232306e-11,0.0024382106,0.0,1.9043986e-05,2.093349e-16,6.986634e-10,4.4522776e-30,7.7064726e-08,1.6438797e-07,1.4770941e-13,1.13980596e-10,2.8113946e-06,0.0,5.5594597e-13,0.99753875,2.1988425e-12
1521,297,93,14,2.9577833e-19,0.0,3.8998912e-11,1.2521718e-09,3.1201916e-06,0.0,0.24415728,1.9005542e-18,5.466056e-18,2.172278e-29,1.5640008e-14,3.1588163e-05,2.2462368e-10,1.054577e-13,0.7159585,0.0,4.400661e-14,4.5705103e-11,0.03984922
1522,105,309,6,1.9943603e-14,0.0,2.034203e-11,3.479079e-10,1.5155254e-11,8.170861e-38,0.999264,7.738894e-19,2.3038461e-14,2.467867e-31,7.106353e-11,7.340913e-12,2.7504953e-05,5.153343e-13,2.440617e-06,0.0,5.368683e-10,3.2821424e-06,0.00070236664
1523,417,285,3,6.46757e-26,0.0,6.071832e-17,0.99748546,9.5667506e-14,4.668e-42,1.6296423e-09,4.429218e-17,2.879155e-19,5.1521336e-32,2.3818511e-15,8.119159e-08,0.00013600735,2.0343635e-21,0.002376683,3.501262e-24,6.468152e-14,1.8022415e-15,1.7442716e-12
1524,1137,57,0,0.9957405,0.0,2.1540657e-37,8.218361e-19,1.8331598e-07,3.9774205e-24,2.1267077e-05,9.03888e-13,7.174185e-08,7.3003044e-28,1.0033552e-07,2.2641001e-14,8.242392e-16,0.003899342,6.440006e-08,0.0,1.2123635e-11,0.0003391232,5.88961e-22
1525,258,1122,5,1.432302e-16,0.0,1.9802049e-31,1.3135455e-26,1.6752815e-12,1.0,1.6169431e-15,7.441585e-15,1.0632439e-16,4.6876e-41,2.9009657e-09,1.1879093e-16,6.2373554e-20,2.5132665e-11,9.186433e-15,0.0,2.1081643e-18,6.208082e-14,4.699845e-18
1526,1137,1138,10,4.092759e-12,0.0,8.843187e-34,1.4905505e-18,1.9563592e-08,1.068122e-09,7.672271e-08,1.438884e-09,6.883206e-08,6.3126434e-33,0.9999923,1.8025381e-14,8.868314e-13,6.245042e-06,2.5356575e-10,0.0,4.3461953e-12,1.6216505e-07,7.626075e-17
1527,1138,1139,10,2.3032704e-18,0.0,4.6126178e-33,8.537664e-11,4.3256327e-06,2.1736491e-11,8.287412e-09,5.077001e-09,3.664456e-14,6.4465473e-07,0.9999886,6.941965e-13,1.1132823e-12,2.523617e-08,1.8523513e-06,1.1430487e-27,2.7555536e-15,4.6099726e-06,2.4354892e-16
1528,1139,165,9,2.6082173e-24,0.0,2.5129284e-28,1.4538637e-17,1.2720726e-09,4.1862043e-35,1.00146645e-14,3.9426195e-15,3.524253e-26,0.99999815,9.92535e-14,4.3596537e-12,5.262762e-15,1.4129641e-19,1.927416e-06,8.590532e-24,4.4922455e-17,7.8243673e-16,8.9053845e-24
1529,165,1140,9,2.767051e-19,0.0,1.4992206e-30,1.7290077e-20,1.08946916e-13,7.286427e-34,3.4710883e-16,1.304506e-13,2.4188976e-23,1.0,4.9029883e-13,7.63511e-14,4.0900863e-14,2.6354505e-17,4.0462522e-11,2.7297512e-32,6.610637e-14,1.16742e-16,1.0504878e-24
1530,1140,1141,9,6.960665e-19,0.0,4.9049456e-23,1.906236e-14,4.5915725e-09,8.84983e-35,4.4538112e-13,7.4533245e-06,6.055308e-20,0.65280586,2.2345634e-09,0.34705722,3.2639944e-10,2.9957647e-13,0.00012958769,7.246882e-31,5.2522955e-14,3.8342438e-13,2.0268613e-17
1531,1141,177,9,2.427215e-17,0.0,2.4449698e-20,2.585754e-13,1.2918357e-10,1.999706e-39,2.8404178e-11,1.01214646e-08,1.10834724e-17,0.99973303,3.280934e-10,1.6541023e-06,6.783866e-07,2.47965e-11,0.00026398446,1.6083857e-38,5.5797583e-10,1.7212641e-10,7.226955e-22
1532,177,1142,10,6.3682955e-11,0.0,2.2461019e-23,6.172687e-13,7.0805e-14,1.5333e-41,5.1478715e-09,8.3634974e-11,6.3921195e-12,3.745403e-24,0.95636034,5.53453e-14,2.6518139e-05,0.043523896,4.7579876e-17,0.0,7.9780635e-05,7.6043298e-06,3.484385e-14
1533,1142,189,10,4.100966e-11,0.0,4.2250124e-20,4.579533e-11,1.3850528e-05,6.456318e-37,5.5311543e-06,1.9188753e-11,6.984156e-10,3.5704547e-24,0.9553941,7.884563e-08,0.0414202,2.253764e-10,1.9322796e-12,0.0,0.003165164,1.5033501e-07,3.2213002e-14
1534,536,1143,4,1.189361e-15,0.0,6.9421316e-11,1.1283272e-13,0.9994128,1.1491515e-28,3.7284162e-06,1.3065093e-11,3.958833e-16,6.490225e-21,4.9752627e-05,1.5730548e-05,5.8874537e-07,3.617428e-14,0.00051727076,1.5032294e-30,3.3941867e-09,4.7035996e-08,1.4700212e-15
1535,1143,383,4,7.323524e-17,0.0,2.4513814e-16,1.4461262e-16,0.9251841,3.9674e-41,2.0533509e-11,7.376306e-13,2.7904815e-16,4.946162e-26,2.5080684e-09,0.07394575,1.40340795e-11,3.9308282e-16,0.0008690557,1.7e-43,7.89023e-13,6.4189986e-12,8.518663e-19
1536,493,1144,4,9.993502e-19,0.0,4.551816e-14,1.1468128e-21,1.0,1.5212649e-19,4.285532e-10,3.3510468e-18,3.8454047e-21,2.5477994e-38,8.7640854e-07,1.1891553e-10,8.531254e-18,1.3337742e-09,1.2766113e-08,0.0,1.3714156e-19,5.376597e-09,3.759979e-15
1537,1144,395,4,2.1470357e-14,0.0,5.3095064e-14,4.5786386e-20,1.0,3.0056845e-31,7.2432593e-09,8.8332156e-17,5.5851994e-21,2.419372e-35,5.318181e-07,1.049463e-08,4.4615605e-15,1.1373607e-10,7.679943e-08,0.0,9.244296e-15,1.2736087e-10,4.514748e-18
1538,165,1158,9,3.2816808e-20,0.0,3.2700709e-28,2.0226333e-20,1.3753956e-14,2.723982e-29,1.0007665e-16,1.6721952e-15,2.99949e-22,1.0,4.404999e-12,2.7044724e-16,8.9813736e-14,1.04079134e-16,1.2750803e-12,2.9820148e-35,5.6976846e-13,1.6272697e-16,1.2990184e-21
1539,285,1145,4,2.367855e-22,0.0,1.6245977e-22,1.5299253e-18,0.9999962,1.0451862e-34,4.9087755e-11,1.5036328e-20,3.0057182e-24,1.1216582e-28,5.4425017e-11,3.752854e-09,8.7737955e-20,5.206193e-15,3.3757528e-06,1.5e-44,2.987265e-19,2.1652572e-11,1.5257823e-17
1540,1145,1146,14,2.5942934e-18,0.0,2.359293e-19,7.052318e-10,2.5845698e-06,1.3271806e-25,2.9295607e-14,3.036422e-07,1.24672836e-17,1.3242108e-12,4.1702755e-08,0.0036048028,1.3736948e-09,5.31168e-12,0.996394,2.051334e-08,2.559369e-10,1.5744891e-13,2.746584e-13
1541,1146,493,4,4.727062e-13,0.0,1.4673572e-26,2.0828358e-15,0.9991497,3.3421376e-32,1.1399948e-07,2.9862574e-15,2.2998298e-17,9.2025356e-29,2.6966026e-08,8.4166264e-11,7.961724e-16,2.0085378e-07,0.0008482961,0.0,5.639011e-17,4.2719748e-07,9.726021e-19
1542,177,536,9,1.2217194e-17,0.0,5.0276793e-25,7.643867e-18,6.177324e-14,2.6189344e-32,1.0026733e-16,1.492958e-10,2.254416e-19,1.0,8.663615e-11,6.367539e-12,2.2763677e-10,8.268443e-14,4.077616e-10,1.8122e-41,1.8099569e-09,3.90639e-15,9.8401235e-23
1543,189,1147,16,1.8677875e-10,0.0,2.6242895e-21,1.8303761e-10,0.18773252,4.2030292e-24,6.034087e-07,3.3762182e-05,2.409566e-10,4.3104247e-08,0.0029798797,0.008105007,0.00084743253,5.56144e-10,2.5890695e-06,9.7099896e-30,0.80029833,3.9760079e-10,1.5551771e-15
1544,1147,1148,11,8.352523e-20,0.0,1.5370816e-23,2.346934e-18,6.660533e-05,4.2853837e-33,2.03922e-13,4.9388333e-09,9.521545e-19,7.546204e-17,4.289895e-12,0.99993134,2.028659e-14,2.0277905e-16,2.9578255e-06,2.6111613e-26,9.0444676e-13,2.0121592e-13,1.6503637e-15
1545,1148,1149,11,2.1673511e-16,1.8541056e-35,9.950464e-22,5.91656e-16,3.5012486e-09,1.8e-44,9.056088e-16,1.3976594e-11,5.924265e-15,1.191404e-23,5.526471e-14,1.0,1.70124e-14,1.0251197e-18,5.2735725e-08,3.8475016e-29,4.4263845e-15,7.059726e-16,8.2659087e-17
1546,1149,383,11,3.8020002e-19,0.0,1.3618482e-13,3.823709e-15,2.4058003e-10,0.0,9.615957e-15,9.79378e-12,2.9005252e-15,4.461823e-27,1.4165397e-15,1.0,2.4278624e-10,1.8881855e-15,1.013577e-06,0.0,1.0470963e-14,5.3677664e-16,5.587632e-20
1547,383,1150,4,1.6981891e-18,0.0,2.1596125e-21,9.2890735e-17,0.9979041,3.157489e-36,3.9480603e-11,7.0508213e-15,1.2166035e-17,1.7226834e-32,1.5577765e-09,0.0020740635,2.6882136e-14,7.01157e-18,2.0207055e-05,5.7040175e-34,9.17142e-13,6.139782e-14,4.6230794e-19
1548,1150,1151,15,1.06694777e-19,0.0,5.6909396e-32,4.831169e-15,1.2455564e-06,9.1462935e-37,3.4255766e-15,1.53259e-09,5.0322365e-21,6.8557677e-16,6.382391e-14,6.286125e-07,1.3909692e-17,9.360352e-18,2.278918e-06,0.9999962,1.2812895e-16,6.5011513e-14,1.6355613e-21
1549,1151,395,4,5.2622223e-14,0.0,1.0606043e-28,2.652306e-15,0.9999695,6.4714295e-38,1.7049938e-08,3.755155e-19,5.462272e-22,1.873409e-34,3.238013e-10,2.889988e-08,2.1862263e-15,5.458946e-12,2.942544e-05,3.144131e-39,4.1722356e-14,4.2491494e-10,1.2845878e-24
1550,536,493,14,4.89566e-21,0.0,9.036921e-19,9.048887e-05,1.4323851e-07,3.396297e-32,3.2853978e-07,4.157546e-11,1.6865224e-19,4.03445e-24,1.2581592e-13,1.3912364e-07,9.993454e-06,3.67854e-17,0.999897,5.2563535e-18,1.5479703e-12,4.2138087e-13,2.2951124e-19
1551,395,1152,4,4.509606e-16,0.0,1.9482675e-19,1.5559783e-22,1.0,9.988844e-28,5.907715e-10,7.11305e-19,1.0410179e-23,5.298e-41,6.75059e-07,7.713612e-10,2.2753338e-18,2.5629575e-08,5.316348e-10,0.0,9.4641215e-17,2.4822444e-10,3.895846e-19
1552,1152,1153,13,1.7543126e-14,0.0,2.943591e-18,2.1891964e-16,0.0573284,2.1981318e-25,1.0007209e-08,2.2882614e-09,1.920582e-18,3.223829e-39,0.40138656,2.094638e-06,3.45107e-10,0.5412818,9.084493e-09,0.0,5.8938236e-11,7.659817e-07,2.0763791e-14
1553,1153,479,10,7.147556e-22,0.0,8.963598e-24,4.490669e-17,4.0504527e-11,3.4472693e-24,1.4120222e-10,4.4035078e-10,1.3851183e-17,6.3159e-39,1.0,7.282395e-12,1.08779474e-07,5.927735e-11,4.1861375e-14,0.0,5.1008564e-10,5.6487775e-12,5.9316815e-15
1554,189,69,12,7.33376e-16,0.0,7.433118e-11,7.0680434e-11,1.1147843e-09,4.13e-43,1.5761474e-06,2.7337374e-13,5.4450945e-12,9.877026e-21,7.781811e-06,1.3315171e-09,0.99997336,1.7296989e-14,1.0110466e-08,0.0,1.8384702e-05,7.603005e-11,1.4991078e-13
1555,536,1154,4,1.2094574e-12,0.0,1.4540971e-24,6.099629e-14,0.999386,2.9361669e-33,2.4866065e-08,2.0111855e-12,1.5840508e-12,1.601388e-23,8.47809e-08,0.000113580325,1.9856952e-10,3.516076e-18,0.00049963006,9.481863e-25,4.273423e-08,3.3181256e-11,1.6466232e-21
1556,1154,1155,15,9.1187663e-23,0.0,9.047629e-31,1.7547483e-13,4.598196e-10,2.370944e-39,9.37783e-18,6.089592e-12,4.3709997e-21,1.4960392e-29,3.266587e-16,7.23238e-09,8.313025e-17,3.0242953e-22,2.671177e-11,1.0,2.2407964e-15,2.6287737e-17,8.4789074e-21
1557,1155,1156,15,5.590923e-25,0.0,1.2032825e-33,1.6078585e-15,6.8514047e-15,2.5502415e-37,4.435093e-21,1.9357316e-13,3.2681307e-25,3.678454e-33,2.6739932e-17,5.2514998e-12,1.0268608e-19,2.3248486e-22,9.533448e-15,1.0,5.877381e-21,2.0131061e-18,6.6137095e-23
1558,1156,1157,15,3.9436044e-26,0.0,1.9705105e-35,5.0611675e-15,1.5736565e-18,5.789e-42,1.2862955e-22,4.7573394e-15,6.0676797e-27,6.825161e-23,7.949243e-18,3.4154514e-15,1.06671935e-20,2.7613736e-22,4.332051e-16,1.0,1.4739901e-24,1.1880344e-19,1.3889024e-23
1559,1157,1158,15,6.1758792e-24,0.0,2.5309795e-33,4.1441165e-12,4.583426e-13,3.551585e-39,2.6504247e-15,3.083994e-13,8.3698026e-22,0.00062676973,3.2194924e-15,7.391915e-12,1.1671355e-15,3.7249494e-20,2.7365614e-08,0.9993746,6.8284034e-19,2.3072839e-15,1.994963e-20
1560,1158,417,14,8.389231e-16,0.0,7.611322e-29,1.391709e-14,4.97963e-05,5.5777e-41,8.606027e-06,7.886701e-15,2.723463e-21,9.107176e-11,1.1680688e-11,1.9254471e-09,3.178953e-14,2.0160785e-12,0.9999427,7.6e-44,1.6537391e-18,2.677835e-07,1.2416658e-22
1561,406,273,2,2.5144439e-20,0.0,0.9514661,7.0749188e-12,4.1945295e-14,1.0595e-41,6.8794224e-09,1.5331316e-12,1.4812667e-17,1.7999284e-35,7.3069675e-12,7.028151e-09,0.04853275,1.7653644e-12,3.8648253e-09,0.0,1.7722956e-10,8.428547e-11,2.025461e-11
1562,105,1159,10,3.8048453e-11,0.0,1.2220288e-14,3.061487e-14,2.0915287e-09,2.8653266e-35,0.0003353475,1.1092674e-13,6.716088e-09,2.3289221e-30,0.87866074,4.9888413e-09,0.120007485,8.4989876e-13,3.9796456e-12,0.0,7.627634e-05,0.0009214351,1.1071654e-07
1563,1159,1160,12,2.2784456e-16,0.0,2.9886543e-20,2.0458626e-09,8.726524e-14,0.0,7.864947e-08,1.6169193e-14,1.0368437e-10,2.8354586e-34,0.035274297,2.3827568e-10,0.9647256,1.12748075e-11,2.2117967e-13,0.0,1.3194649e-06,1.16231945e-07,7.9149315e-10
1564,1160,273,17,1.154244e-12,0.0,3.280487e-23,9.260823e-13,9.076076e-09,0.0,8.224962e-08,7.47565e-13,3.3188923e-07,8.8136274e-32,0.096032634,1.01175655e-08,0.033958696,2.3987727e-09,9.287801e-09,0.0,2.2347436e-08,0.87000895,4.4636385e-22
1565,273,1161,10,2.0206817e-13,0.0,1.5068114e-23,1.7777074e-16,0.00036978672,7e-43,6.5579764e-11,3.271846e-11,1.9726123e-09,8.542461e-39,0.99648905,0.0031311421,8.378031e-10,1.6110034e-13,5.926989e-11,0.0,2.1479425e-09,9.458905e-06,4.0410936e-14
1566,1161,1162,4,8.5400786e-10,0.0,4.65774e-19,1.715929e-16,0.8483361,0.0,2.5295599e-11,3.8567023e-13,9.953349e-07,1.0654185e-34,2.8767258e-06,0.15156949,1.1879544e-09,8.2139733e-19,3.0902463e-06,0.0,8.7502965e-05,9.2821736e-08,2.447342e-11
1567,1162,473,0,0.99288046,0.0,9.665627e-18,4.9864482e-15,6.466214e-11,5.41e-42,1.08311825e-10,5.851901e-13,6.61753e-05,7.051938e-26,1.053826e-11,4.496194e-07,3.2550466e-07,5.361404e-15,9.5343875e-09,0.0,0.0070541194,2.8089707e-07,1.0338118e-15
1568,507,1163,13,1.2865474e-12,0.0,5.770973e-25,5.143488e-19,3.0222437e-14,4.770984e-39,2.0311513e-15,4.8686184e-06,3.288616e-17,5.36898e-29,3.7613365e-10,1.2995907e-10,6.250723e-11,0.9999962,7.057959e-13,0.0,6.522634e-08,1.1336669e-08,1.5921956e-16
1569,1163,1164,7,3.0459348e-22,0.0,3.0650396e-29,2.534985e-14,3.4858925e-11,4.455002e-20,4.5164648e-13,0.9999962,2.2920768e-11,4.034294e-25,1.9718534e-08,3.2142555e-06,7.1629465e-08,4.06848e-10,1.661977e-06,9.217111e-30,7.206335e-07,7.395316e-15,7.482441e-13
1570,1164,406,11,4.2409913e-16,0.0,1.5441882e-29,2.0037058e-10,5.4950447e-06,0.0,7.977929e-08,0.0091416035,1.4251191e-08,3.1280287e-24,0.00015260892,0.9283056,0.0127625475,3.3033e-10,0.049562138,8.578523e-37,2.7219424e-09,6.944748e-05,2.4593423e-24
1571,406,1165,7,8.5200046e-17,0.0,1.3785664e-24,3.404459e-23,9.1700697e-10,1.5382994e-26,2.5306012e-12,0.9999427,1.478512e-09,8.4186237e-32,2.8400147e-05,2.9168841e-05,1.87557e-10,1.2531096e-07,4.4186313e-12,0.0,1.5723633e-07,2.359925e-10,8.295144e-13
1572,1165,1166,7,2.79879e-13,0.0,2.3576995e-20,2.2740746e-19,8.416297e-13,6.4809687e-22,3.088491e-13,0.96480286,1.6491037e-09,6.8488424e-23,0.001758168,9.912184e-10,3.917284e-07,0.033428263,3.11563e-10,0.0,9.152161e-06,3.0871183e-10,2.8532104e-11
1573,1166,1167,10,7.593913e-16,0.0,6.093741e-23,5.4815424e-13,1.1015411e-15,0.0,4.679051e-06,1.7625649e-12,1.8518681e-09,2.3750924e-37,0.98529667,3.6704036e-13,0.014692908,1.6300582e-10,4.2603887e-14,0.0,5.488048e-06,3.691954e-08,3.5028312e-13
1574,1167,1168,10,4.437875e-18,0.0,1.5691352e-35,4.0084613e-10,4.31414e-09,1.5292769e-34,0.0007143205,3.2914337e-13,3.1289443e-11,3.1418225e-28,0.99629515,6.667064e-13,1.5926049e-06,7.364849e-09,4.1602267e-11,0.0,1.397031e-10,0.00298933,1.1349864e-16
1575,1168,1169,10,5.3424176e-15,0.0,1.2986659e-37,2.3055717e-12,8.540511e-08,1.30826176e-23,4.8419315e-05,4.2306057e-14,7.029673e-11,1.054694e-20,0.99784315,5.987242e-15,1.857848e-08,6.4331984e-10,2.699161e-11,9.156e-42,3.489987e-13,0.002109403,4.7837123e-21
1576,1169,1170,17,7.812454e-12,0.0,4.5879794e-33,2.2778494e-13,1.8768816e-08,2.6405654e-30,2.980262e-06,4.1560603e-16,5.3810467e-10,2.905114e-27,0.13011096,1.07816105e-14,3.4638933e-08,1.6829513e-09,5.0207937e-12,0.0,2.1725373e-12,0.8698863,3.115672e-21
1577,1170,309,17,4.2283672e-12,0.0,1.3695195e-24,2.2596908e-14,3.5209474e-11,7.72e-43,3.1909713e-05,3.7951626e-18,2.2852964e-08,3.9310204e-25,0.00014266885,1.5022334e-13,1.5364611e-07,8.744227e-12,3.9392364e-15,0.0,3.9157528e-11,0.99982446,8.510378e-12
1578,479,1171,10,1.843181e-06,0.0,1.0191791e-22,1.3224358e-09,1.3076931e-08,2.6205766e-37,9.585145e-10,2.2305011e-09,1.477048e-07,4.1278708e-17,0.9222734,0.00041201737,0.06421847,1.2545627e-16,4.851615e-07,0.0,0.013020175,7.429597e-05,1.0772397e-15
1579,1171,1172,12,4.784426e-20,0.0,1.437261e-23,2.9766575e-08,2.7575994e-11,3.615044e-35,5.057191e-08,1.476628e-11,9.83977e-11,1.22106336e-23,2.190197e-10,2.728782e-10,0.9992869,1.250115e-16,0.0007091023,0.0,2.6264727e-06,7.1748003e-12,4.064159e-14
1580,1172,513,6,0.017835138,0.0,8.386681e-36,1.2410078e-14,3.3863546e-06,4.261689e-29,0.9340245,3.555895e-10,1.4616801e-05,7.909963e-22,9.2248387e-10,3.1504792e-11,1.5577298e-08,1.6675835e-07,0.03753483,0.0,4.1995354e-09,0.010588074,1.8476885e-19
1581,473,507,0,0.9999161,0.0,2.9574613e-23,1.3049724e-15,2.106315e-11,0.0,1.4525339e-16,1.3769336e-14,2.6850324e-17,1.2532043e-31,2.226632e-10,1.2509788e-08,4.5499486e-11,1.7480469e-06,1.12174124e-10,0.0,2.834214e-05,5.2380936e-05,3.4848093e-22
1582,507,1173,13,5.259965e-10,0.0,6.912324e-26,3.1988217e-19,2.648363e-15,5.332e-41,2.4461502e-16,1.1343981e-08,1.7009843e-17,2.6949092e-28,8.9642384e-11,3.6469422e-13,2.0239482e-10,0.9999962,3.6153605e-13,0.0,3.2293226e-06,2.7847158e-10,2.2750215e-18
1583,1173,513,0,1.0,0.0,4.7838446e-34,1.6675213e-28,1.1438382e-12,4.5616688e-38,1.3048115e-10,2.5100477e-18,1.168447e-12,7.3340803e-35,4.8107903e-16,1.6554402e-14,3.9631312e-20,4.6170756e-09,6.6759497e-12,0.0,1.8455386e-13,8.713478e-08,2.4062272e-21
1584,473,479,17,0.013068992,0.0,7.695306e-39,5.354595e-16,2.7216516e-09,0.0,1.0596577e-06,3.2463207e-12,1.5076097e-09,3.4725494e-21,4.53814e-05,4.9323345e-10,1.6411149e-09,5.2686154e-12,1.8807744e-07,0.0,5.5145257e-08,0.9868842,6.700268e-26
1585,406,1180,7,3.8471057e-14,0.0,6.9717874e-30,5.580092e-20,1.0454387e-09,1.7012684e-26,9.191289e-11,0.9998474,4.797511e-13,3.1172222e-33,0.00014149219,3.2485943e-08,1.22896e-09,8.468757e-06,1.0691819e-09,0.0,9.177503e-07,7.7028324e-07,2.789511e-17
1586,507,441,14,3.0644248e-11,0.0,5.820812e-31,1.06425764e-10,0.00013059359,1.1537e-41,7.9821655e-07,3.2353304e-12,2.2392098e-05,1.06858875e-20,1.0284832e-05,6.359905e-08,4.9474015e-06,5.5941465e-09,0.8494696,7.0127e-41,1.2874135e-09,0.15036243,4.384982e-19
1587,513,1174,0,0.9999923,0.0,1.6351696e-27,2.3039434e-21,3.5079893e-15,0.0,2.8522174e-13,6.6909785e-16,2.435153e-10,2.8468667e-37,2.4607276e-12,6.807332e-13,7.8610234e-14,2.856269e-12,3.9401903e-19,0.0,3.0080105e-10,8.930982e-06,3.2843534e-17
1588,1174,1175,11,2.5869718e-17,0.0,3.3141518e-27,1.0704764e-15,5.361137e-08,1.71705e-40,7.444684e-14,2.1419655e-05,6.207093e-12,2.8382134e-30,2.9860316e-06,0.99997336,3.8274854e-09,3.2243628e-13,7.197067e-10,3.625165e-36,9.0076884e-07,6.3718464e-10,2.946889e-14
1589,1175,1176,11,1.6545736e-16,0.0,4.184563e-26,1.1413614e-14,3.8534753e-09,0.0,1.4943346e-13,2.299428e-08,3.0412467e-13,3.499284e-25,9.468426e-08,0.972882,3.8092386e-07,1.643717e-14,0.027118575,1.4342429e-31,5.6336956e-11,6.337487e-13,5.631527e-18
1590,1176,435,14,1.2426004e-20,0.0,1.09918104e-32,9.245107e-15,1.3202143e-07,0.0,4.5953902e-10,6.647559e-21,4.8598376e-15,6.65938e-23,6.982391e-12,7.3411993e-10,1.0137186e-09,1.4441275e-20,1.0,1.9850695e-37,3.1516968e-16,2.6835267e-10,5.3553905e-24
1591,435,1177,4,5.3475214e-20,0.0,4.50339e-28,2.5093227e-16,0.99996567,6.6840197e-37,1.4842267e-07,1.4619024e-21,8.125953e-21,6.2363655e-32,9.698839e-09,5.95334e-12,4.224515e-19,2.2291683e-14,3.544677e-05,6.6460624e-36,1.6148766e-17,1.268006e-08,6.566195e-16
1592,1177,441,4,2.17156e-19,0.0,1.5389778e-29,4.4204932e-16,0.9999962,4.041e-42,2.3995703e-08,2.4904847e-19,1.1394182e-19,8.468209e-36,6.133414e-07,4.6204236e-09,6.6275696e-17,1.152383e-12,3.0428823e-06,1.1759931e-38,6.860578e-17,3.1652425e-07,1.897796e-16
1593,441,1178,4,7.279994e-23,0.0,4.591371e-28,9.08976e-17,0.9999923,3.80231e-39,6.834116e-10,2.2204947e-14,2.8856766e-18,4.1116377e-24,3.1950135e-06,5.2826786e-06,2.0167023e-19,2.0859071e-13,5.324901e-07,5.8829203e-29,5.2709887e-19,4.6085432e-08,7.2266607e-12
1594,1178,1179,14,1.1169433e-15,0.0,8.496774e-30,2.8110973e-19,1.43344465e-08,0.0,1.4139845e-17,6.59636e-12,1.8702648e-14,1.8437976e-16,2.643975e-13,4.7599595e-05,1.6346752e-14,1.1237164e-16,0.9999543,5.366686e-29,6.7005534e-17,9.9026176e-11,3.7416595e-25
1595,1179,423,14,9.014217e-15,0.0,7.819019e-33,1.6424448e-14,7.5169405e-06,0.0,3.0172864e-09,3.6403938e-14,9.926737e-13,1.19032295e-23,6.0783485e-08,2.5881894e-07,1.2311655e-09,3.0534177e-13,0.992146,7.904828e-39,4.9662822e-17,0.007846118,1.0815688e-27
1596,423,1180,17,1.8074898e-13,0.0,1.8674156e-34,1.0085259e-11,0.0010545542,1.922525e-39,0.001987718,2.7696042e-13,6.7191685e-15,1.03166365e-32,0.2840259,1.3513534e-13,3.4422023e-06,1.2438364e-08,0.0045879446,2.516263e-39,1.4585329e-13,0.70834106,8.651692e-26
1597,1180,1181,7,2.5356672e-10,0.0,6.2550174e-18,3.9143487e-11,0.0049778875,1.2640619e-28,1.0896185e-06,0.9183414,1.2678106e-11,3.1495537e-26,0.00980676,0.0006309511,0.0008380581,3.897176e-08,0.06499877,5.425676e-31,7.089127e-05,0.00033409108,2.0638282e-17
1598,1181,1182,12,4.1215187e-15,0.0,1.758392e-30,3.9357767e-10,1.7538075e-10,3.1728056e-32,0.008020274,1.9498526e-10,1.881446e-10,1.7469707e-17,5.1781237e-09,1.8611913e-13,0.98896444,1.3042826e-12,1.6080874e-05,2.777e-42,0.003000366,2.3322656e-07,2.275414e-16
1599,1182,447,17,1.7303529e-06,0.0,6.129578e-37,7.762526e-17,1.9538e-09,3.7787075e-26,2.1829114e-06,5.3293164e-12,5.189741e-13,7.40043e-36,6.0531505e-08,4.9451975e-12,7.433653e-12,8.407201e-09,1.1400882e-11,0.0,2.795412e-10,0.9999962,4.0886425e-18
1600,383,1183,11,3.6344998e-20,0.0,1.1680709e-15,2.8713735e-15,9.1985547e-10,0.0,1.4519807e-15,4.827976e-10,9.406615e-15,2.662381e-31,5.5836546e-10,1.0,5.2751594e-09,7.676543e-16,6.581262e-10,0.0,8.0861844e-14,5.829253e-17,1.8759149e-16
1601,1183,261,11,2.3649134e-21,0.0,2.1952334e-24,2.001372e-14,8.04187e-11,0.0,4.4972175e-17,2.9980755e-12,1.1489932e-14,5.0148798e-34,1.4117791e-11,1.0,3.0078485e-11,6.5112206e-16,7.84603e-10,0.0,1.6946572e-16,1.0796509e-14,4.184678e-17
1602,395,1184,4,1.1709815e-12,0.0,5.632428e-11,8.287968e-12,0.93699366,0.0,4.8257873e-09,3.4132372e-15,1.7694059e-16,1.04750465e-35,6.849211e-07,0.062135454,1.9444325e-08,1.1030523e-12,0.0008706784,1.14249915e-35,1.5475764e-10,8.16088e-11,1.0522533e-15
1603,1184,327,11,2.6606186e-13,0.0,2.2024465e-17,1.0229442e-17,8.52075e-10,0.0,5.6870735e-18,1.08621574e-13,2.1309879e-12,3.8317e-28,5.875547e-12,1.0,8.114401e-13,6.1174994e-15,2.0027001e-07,0.0,7.3467805e-16,3.9030872e-13,2.364333e-16
1604,479,1185,0,0.99982834,0.0,9.143697e-25,6.077447e-22,1.7152095e-08,0.0,1.038983e-15,1.05964135e-14,1.0159523e-09,2.450194e-31,2.2003856e-05,1.6132915e-05,2.7204885e-17,2.7524814e-11,7.460612e-12,0.0,1.1696784e-11,0.0001352138,2.55432e-15
1605,1185,315,11,2.0851135e-11,0.0,6.3115113e-18,9.029263e-21,2.6678472e-11,1.2597148e-36,1.0410142e-15,5.4491884e-12,3.3896324e-09,1.043523e-30,2.6967823e-12,1.0,6.4270074e-13,3.674945e-12,1.4746496e-07,0.0,7.194087e-14,4.2278168e-13,8.651284e-14
1606,513,1186,0,1.0,0.0,5.705286e-17,1.2982684e-24,2.2892907e-10,0.0,4.216039e-15,8.074742e-16,1.6952733e-14,1.8500822e-31,1.1809594e-10,1.3378522e-07,5.392227e-17,1.6117075e-09,2.8262145e-12,0.0,1.565323e-10,1.1858457e-07,1.32635805e-14
1607,1186,321,11,1.6834816e-12,0.0,1.3382523e-19,1.4807372e-15,1.0457088e-11,1e-44,6.8434706e-13,2.294978e-14,6.09713e-10,1.428639e-33,6.217571e-11,1.0,2.4026636e-10,7.524377e-12,3.8467356e-08,0.0,9.891621e-13,8.6350746e-11,1.3551933e-14
1608,153,1187,6,1.2779521e-14,0.0,6.147065e-31,9.2633203e-23,3.7305306e-09,1.7838986e-28,0.9999695,8.259176e-14,3.0903662e-05,4.986605e-28,6.9807845e-07,4.1297417e-11,5.8659968e-08,4.413495e-11,3.0440304e-07,0.0,1.7799248e-10,9.943515e-08,3.5283395e-20
1609,1187,1188,14,5.0435984e-12,0.0,1.6943345e-23,7.6122875e-12,3.403032e-07,1.4658728e-36,0.026141932,5.5435357e-05,4.4045535e-08,0.013652628,9.741793e-06,0.0013462715,8.480492e-06,1.662458e-07,0.9585774,2.0005556e-36,2.1375521e-10,0.00020848188,4.655719e-17
1610,1188,1189,11,2.5964867e-14,2.166e-42,9.1738095e-26,3.841029e-17,2.0403483e-13,0.0,8.695085e-15,2.7080203e-11,7.778184e-15,2.103818e-18,3.2555614e-11,1.0,5.174186e-12,6.7939766e-19,3.2428636e-07,6.13235e-40,1.3439324e-17,1.9902268e-13,1.4711787e-20
1611,1189,261,11,1.6230157e-10,0.0,2.0635089e-21,8.116539e-20,2.2634373e-12,0.0,6.4420472e-15,2.075834e-13,1.559737e-11,6.321979e-30,1.6101563e-12,1.0,1.6221289e-12,1.6737031e-13,2.5931786e-08,0.0,2.8725333e-16,1.08863585e-10,5.8674635e-19
1612,261,1190,11,7.1126697e-19,0.0,9.346283e-28,1.2649995e-10,0.0153235,0.0,8.190219e-13,3.6915047e-15,1.9474368e-10,1.8258e-41,0.00021417378,0.9844588,1.6540817e-08,1.1779059e-15,1.9715546e-06,1.5758e-40,4.417824e-11,4.542773e-09,1.4716587e-16
1613,1190,1191,4,1.3208235e-15,0.0,1.0861806e-24,9.934941e-09,0.9987419,4.2061e-41,3.1545933e-10,4.0898518e-14,2.4125104e-09,2.1072942e-27,0.00036340576,0.00066425215,3.9641366e-09,2.1622804e-16,0.00023164952,8.423218e-17,2.8542867e-12,4.7675508e-07,2.7550717e-14
1614,1191,327,11,8.039157e-14,0.0,4.3729605e-24,0.0002891626,0.021944208,5.339482e-38,1.6620449e-08,3.596545e-12,0.00022514851,3.1648693e-36,0.014941663,0.9368614,0.022433342,2.3849877e-15,0.0011399015,1.5297073e-36,0.0021444447,2.0439167e-05,2.2661404e-13
1615,327,1192,11,1.3565723e-17,0.0,1.3550917e-19,6.744362e-07,0.17565206,1.88e-43,9.563127e-09,4.2665736e-12,3.9102097e-06,2.20256e-40,0.023354411,0.8008908,6.445128e-05,1.5639222e-15,5.0374033e-06,0.0,1.8293587e-08,3.0357996e-05,5.353162e-10
1616,1192,1193,4,8.0559955e-18,0.0,1.243854e-25,2.0904108e-10,0.9761832,0.0,1.9602726e-09,9.965721e-17,1.1492824e-14,5.0017607e-24,3.8509476e-09,2.5372894e-05,2.8826394e-11,7.8895437e-19,0.023792425,1.5545898e-15,1.0409154e-14,3.559237e-08,1.4143089e-16
1617,1193,315,4,2.0174455e-22,0.0,3.469183e-23,1.9043556e-12,0.9999962,3.4893736e-36,5.1531713e-11,9.655015e-18,1.5372975e-17,1.208117e-39,4.9644084e-09,6.6120194e-08,6.4556364e-12,5.867959e-18,4.4341623e-06,1.7725114e-26,1.0945429e-13,1.7684321e-11,2.1158383e-14
1618,315,1194,4,5.488736e-22,0.0,3.509691e-14,9.579235e-15,1.0,1.227e-41,1.10682115e-11,3.984616e-18,4.3199355e-17,1.628e-42,2.5017237e-09,3.928369e-09,1.8375582e-13,1.0988263e-14,7.1031887e-09,9.030144e-39,7.323193e-16,6.389076e-11,1.966532e-11
1619,1194,1195,4,2.7034356e-20,0.0,3.7486847e-27,2.9720306e-14,1.0,1.5e-44,5.2180965e-10,4.237471e-21,6.8819036e-20,6.616e-42,1.4755476e-10,4.2485357e-09,1.1786206e-15,4.3987768e-16,1.3141096e-07,2.6120476e-34,3.8887077e-17,2.454319e-09,9.0270725e-18
1620,1195,321,4,5.761925e-20,0.0,5.832026e-27,1.2913077e-11,1.0,3.7911452e-38,1.7713234e-09,2.1907323e-17,1.1748775e-14,4.564e-42,6.9346544e-07,1.3316092e-08,7.970222e-11,4.182293e-13,1.6539502e-07,5.633191e-37,2.246363e-12,8.366346e-09,2.8722061e-15
1621,321,1196,4,5.4765006e-22,0.0,3.5421354e-20,9.252922e-11,1.0,2.509647e-39,7.49728e-10,5.88009e-15,6.0112065e-14,1.5507e-41,3.5725833e-07,1.859423e-07,1.0160647e-09,2.5920544e-13,1.650169e-07,6.51518e-36,5.7358072e-12,1.9642761e-10,5.328954e-11
1622,1196,1197,4,3.7142706e-17,0.0,3.8284105e-29,1.0474651e-12,0.95386094,0.0,7.548649e-10,9.709592e-13,2.2733382e-18,7.9343894e-35,9.5963355e-11,0.04606378,4.3338594e-13,8.2280477e-13,7.6313016e-05,6.366396e-20,1.6226107e-13,1.2162923e-10,6.206743e-18
1623,1197,1198,14,5.817673e-19,0.0,8.903711e-26,1.294611e-13,1.6018846e-06,1.19465e-40,2.3064889e-10,1.6861524e-08,1.3066066e-22,1.2628598e-16,2.3933674e-12,0.17106614,1.7216565e-12,3.0295649e-12,0.82893103,9.988486e-16,1.2093211e-16,2.167e-12,2.4290475e-18
1624,1198,231,14,3.6827472e-12,0.0,3.1802664e-27,2.8107276e-15,1.316538e-07,2.913253e-24,3.0182207e-08,1.0263882e-09,9.011702e-16,1.6222894e-20,1.6195276e-10,2.467492e-07,1.440744e-12,1.0618984e-08,0.99997705,0.0,2.0694534e-13,2.3951567e-05,1.0419778e-11
1625,114,1169,0,0.9962381,0.0,2.2166586e-31,2.070382e-16,7.128399e-11,3.189324e-38,1.1882003e-07,4.253884e-18,3.2190953e-10,8.441873e-25,4.176188e-05,8.1835855e-16,8.702498e-12,5.953689e-09,6.428966e-14,0.0,2.0332898e-09,0.0037210195,9.429719e-22
1626,447,150,17,0.06162934,0.0,2.2971281e-33,5.2800504e-17,1.2382824e-09,1.2358756e-24,2.2074458e-07,5.1529156e-11,2.4005635e-12,1.51399e-40,5.568321e-09,5.497442e-11,6.9232916e-14,1.6207821e-10,5.0390383e-13,0.0,4.109689e-11,0.9383708,6.8519996e-17
1627,114,150,0,0.9999695,0.0,5.722019e-34,1.8296338e-20,3.0357148e-15,4.3e-44,1.8640985e-12,1.4284095e-19,1.3431766e-13,2.299506e-39,4.71971e-13,6.042948e-17,2.787949e-16,2.9303304e-15,6.236056e-17,0.0,1.5666355e-12,3.0470655e-05,2.6265603e-23
1628,138,150,0,0.9838357,0.0,5.0340582e-37,4.5450683e-21,4.3360318e-10,2.7702e-41,3.181096e-09,1.9721301e-17,3.2304693e-13,9.356254e-39,3.1783635e-11,1.9106269e-13,3.044295e-16,4.7880377e-14,9.303952e-13,0.0,1.7077843e-10,0.016165035,8.411636e-22
1629,213,1199,13,0.00010537172,0.0,2.3141076e-29,6.9562826e-20,2.974533e-09,0.0,2.5200576e-08,1.0343591e-17,1.5070404e-17,1.6012752e-34,7.446545e-10,8.4901e-15,1.0383585e-12,0.9998931,1.4640536e-10,0.0,6.8939237e-09,6.3274337e-07,2.5842038e-22
1630,1199,114,0,1.0,0.0,5.325254e-34,4.8662393e-22,3.1599587e-14,0.0,1.6158604e-12,1.114356e-22,8.568059e-14,3.4103226e-37,1.0834059e-13,1.8513166e-17,1.3974259e-17,9.914887e-14,7.6454194e-16,0.0,1.4772702e-11,4.636088e-07,2.7535015e-25
1631,435,429,14,6.943774e-26,0.0,5.95519e-16,2.2854352e-09,4.1717847e-09,5.3556e-40,7.327358e-08,9.814042e-21,4.6129738e-24,8.230536e-26,6.431534e-16,2.6649205e-09,1.9770852e-11,3.4963306e-20,1.0,8.339984e-34,7.610638e-18,7.654236e-15,6.525271e-08
1632,1174,373,12,7.455176e-20,0.0,2.4305316e-17,1.8419772e-08,2.6059943e-13,7e-45,5.285095e-07,1.2992849e-15,4.0643383e-10,9.73277e-28,1.4032182e-07,4.0444023e-10,1.0,2.1393149e-17,1.6508975e-09,2.2e-44,1.0426713e-08,1.0214583e-10,2.1309786e-13
1633,373,1196,12,2.2579434e-20,0.0,1.880508e-23,0.001153994,6.9369235e-09,1e-44,6.8951937e-07,1.9567463e-09,5.987454e-13,2.6083658e-32,5.9754957e-06,0.05372884,0.9450669,1.8492374e-14,4.4219345e-05,2.4697592e-24,3.5683595e-08,4.9696467e-13,2.004667e-12
1634,373,1200,11,1.9391496e-17,0.0,2.87496e-28,2.559523e-12,6.0079787e-05,8.4e-44,1.4183762e-10,1.1680973e-08,3.715104e-11,2.3155203e-29,0.00016910644,0.99977106,3.819285e-11,5.138257e-17,5.3536314e-10,5.770933e-31,2.3900554e-12,5.046854e-11,2.0150974e-09
1635,1200,1201,11,3.9935763e-12,0.0,2.2296006e-23,1.3579864e-16,0.0005689913,0.0,4.4515546e-12,1.9355584e-09,8.524451e-11,1.0000788e-25,7.2651163e-10,0.89304936,4.2977122e-10,2.0098045e-20,0.10638282,4.0685585e-32,5.528588e-11,9.1826724e-10,1.8022328e-17
1636,1201,429,14,1.2102567e-18,0.0,2.2694034e-34,1.8744798e-13,6.22619e-10,1.37e-43,8.809197e-08,9.1469434e-17,1.9684849e-17,5.931295e-23,8.049526e-15,2.6067327e-11,9.827012e-12,6.206222e-18,1.0,7.93419e-32,3.0729858e-16,4.3732892e-11,6.64233e-23
1637,69,153,6,1.5527517e-16,0.0,9.94703e-18,3.6648044e-22,1.9900923e-11,3.4838373e-23,1.0,1.0736106e-12,4.978464e-08,3.265158e-29,3.12927e-09,9.630362e-12,3.8745512e-10,1.2705635e-14,1.5218472e-09,0.0,2.9303223e-13,7.906908e-09,1.8916985e-13
1638,429,231,14,2.4189406e-18,0.0,1.7613776e-17,9.715446e-13,6.7817223e-06,7.2065774e-31,5.461653e-05,2.8618038e-16,1.4766799e-17,1.5912103e-26,2.5243466e-10,1.7793911e-07,1.7172496e-11,4.0925093e-12,0.99991995,0.0,3.5229688e-15,2.6054245e-08,1.8618452e-05
1639,138,213,0,0.99999815,0.0,1.752564e-32,1.2243616e-22,2.1862682e-11,0.0,2.6275217e-12,5.8022383e-22,1.3582137e-17,3.01e-42,2.4723886e-13,9.325013e-15,1.9962828e-17,9.256026e-08,2.1495075e-13,0.0,6.871379e-10,9.957394e-07,3.27568e-26
1640,45,246,0,0.99999046,0.0,2.9282884e-28,4.141985e-26,4.258973e-11,2.7e-44,1.2911326e-15,6.4207846e-20,5.9848813e-18,3.649e-42,2.9270465e-11,2.0288343e-13,2.598909e-18,9.031864e-06,5.0275505e-15,0.0,6.1050606e-08,1.2884631e-08,4.1803076e-24
1641,258,246,0,0.97971976,0.0,2.3790532e-31,2.3828514e-22,1.8628816e-06,1.435171e-19,8.070489e-09,1.5253802e-10,1.06880555e-11,1.7227248e-30,1.5225696e-06,2.6798118e-11,2.8126796e-15,6.19491e-05,1.7039218e-07,0.0,2.6671042e-11,0.020216571,3.5349732e-17
1642,258,57,0,0.9999466,0.0,6.249573e-35,1.9398593e-25,5.6796574e-11,1.782854e-32,5.300183e-12,3.2590323e-16,2.4037668e-15,1.5785302e-36,1.5268058e-11,8.555449e-15,2.632947e-18,1.0078923e-09,9.373138e-12,0.0,2.5397085e-14,5.3284013e-05,3.851585e-21
1643,34,1202,8,3.5891793e-15,0.0,1.3659658e-25,1.648258e-20,9.053758e-12,3.5186925e-33,1.43564e-07,1.1953558e-15,1.0,4.974076e-39,1.106771e-10,1.0268889e-10,4.8702704e-14,1.495844e-23,1.7954764e-14,0.0,4.8365862e-09,1.4462056e-13,3.824906e-07
1644,1202,202,8,1.9929349e-17,0.0,6.601145e-34,6.5037386e-19,1.132064e-15,2.97668e-40,1.7300417e-07,1.9847454e-13,1.0,1.3172476e-35,3.0477622e-13,1.065564e-13,1.1279491e-12,9.529216e-18,5.6082958e-15,0.0,2.4519805e-08,2.2112146e-13,3.1684871e-10
1645,202,82,6,1.5578762e-18,0.0,7.3708057e-32,2.6903255e-15,8.2574597e-10,2.4466927e-30,1.0,5.709247e-10,3.21147e-08,3.9351003e-33,1.7409866e-13,3.1084206e-12,4.30454e-09,1.614534e-14,5.9292596e-08,0.0,4.876583e-10,1.089925e-08,2.3563592e-13
1646,531,226,6,1.2202522e-17,0.0,1.2076864e-28,8.677617e-16,1.7002887e-11,6.6920065e-29,1.0,1.0363385e-08,3.862406e-10,2.9286921e-27,4.274696e-15,2.8168073e-12,2.4447703e-08,1.2885495e-15,3.437398e-07,0.0,2.5113167e-07,3.5049064e-11,1.7729828e-13
1647,226,127,8,6.250907e-13,0.0,5.3194174e-30,1.1698706e-18,4.1153685e-11,2.2934805e-30,0.35300702,1.2290304e-09,0.64698976,4.1201757e-33,4.3140678e-12,4.679932e-11,8.728726e-13,4.3706768e-16,1.3635137e-10,0.0,5.033501e-07,1.643277e-08,3.7604837e-06
1648,127,1203,8,1.3870761e-15,0.0,1.41373475e-27,4.1095232e-23,7.7800535e-15,4.6205917e-27,2.9388234e-10,5.2804688e-11,1.0,2.0699335e-37,4.9683417e-12,2.5222272e-11,8.3194503e-13,3.9368058e-21,7.1538755e-17,0.0,1.5238987e-08,1.2671179e-13,9.0390873e-13
1649,1203,1204,8,9.922129e-11,0.0,3.0387104e-26,2.4290661e-18,8.1705465e-16,4.793078e-38,3.6657913e-10,9.0509913e-13,1.0,2.5954575e-36,1.6799132e-14,1.26851e-14,7.433539e-12,2.0922523e-19,8.428466e-15,0.0,1.310094e-09,1.4255954e-11,8.0022506e-16
1650,1204,139,0,0.9999962,0.0,7.983278e-33,1.8343878e-18,4.0777654e-13,2.5146e-41,2.2792732e-07,5.648397e-17,1.8906447e-06,2.2706852e-34,5.1091397e-15,8.4656545e-14,4.055098e-15,5.382707e-11,6.614532e-11,0.0,5.9114182e-08,1.6382838e-06,8.504786e-22
1651,214,1205,13,1.3336925e-13,0.0,5.846568e-28,3.804662e-23,2.0217286e-11,7.5468985e-31,2.1788313e-13,1.1675644e-09,1.1133002e-18,5.7192065e-33,4.0442382e-11,3.543466e-13,9.796524e-16,1.0,6.518102e-13,0.0,3.1159315e-11,9.933779e-10,1.391052e-20
1652,1205,1206,16,3.823787e-12,0.0,2.684898e-33,3.603273e-20,5.7276735e-12,8.100852e-36,4.0338306e-11,2.3370327e-05,0.0044002323,7.5719855e-24,5.700498e-10,2.570966e-09,8.435434e-10,1.4606326e-12,3.5670238e-09,3e-45,0.9955771,9.570808e-13,5.6371853e-16
1653,1206,226,8,7.472556e-17,0.0,1.0481978e-32,3.2318386e-20,2.1931319e-17,3.497e-41,7.052043e-12,7.671005e-10,1.0,1.2716654e-27,2.240555e-17,5.5072205e-12,1.9956573e-11,3.00034e-20,3.8224476e-11,0.0,1.8567144e-08,7.1980606e-16,1.3701778e-17
1654,531,1207,7,1.605892e-21,0.0,1.9174528e-29,5.4138653e-18,1.10035895e-11,3.826448e-17,1.5167753e-10,1.0,6.250829e-15,9.01876e-22,3.1021544e-12,2.1553399e-07,1.663545e-12,5.6515742e-14,2.8634928e-11,7.398422e-37,9.766731e-12,7.174629e-14,1.7707321e-13
1655,1207,1208,7,5.966171e-24,0.0,7.890182e-25,4.1582037e-15,1.2117289e-13,1.3643177e-21,7.831885e-18,1.0,5.2853594e-21,5.9043726e-20,1.8820955e-14,3.3747195e-08,5.106167e-12,4.0230514e-14,9.6600736e-08,8.8934765e-30,2.2262866e-15,2.5530425e-16,2.2845627e-17
1656,1208,1209,7,2.1149911e-14,0.0,4.2656577e-29,7.026355e-09,7.9831315e-09,1.6214192e-25,1.743746e-12,0.86042756,2.9151592e-13,1.3645488e-18,5.1597493e-08,5.1554853e-06,3.8902876e-06,1.3082025e-07,0.13956258,1.2230973e-28,1.6410265e-10,1.3928938e-06,6.1974923e-18
1657,1209,310,17,1.1591494e-14,0.0,2.673795e-35,4.0990343e-15,6.079018e-09,4.067598e-39,1.4095473e-09,2.9743796e-13,2.635858e-13,2.8361734e-26,5.8231013e-08,2.9564998e-10,3.971513e-14,5.2368415e-10,1.2513267e-09,0.0,3.417481e-17,1.0,3.3554855e-18
1658,214,1209,13,5.994015e-12,0.0,3.0683118e-31,1.29987565e-14,8.52613e-14,2.883742e-39,8.020971e-12,4.6094286e-13,6.072215e-13,6.825995e-30,9.718468e-09,1.8276085e-15,6.0331864e-08,0.9999962,1.4648413e-10,0.0,9.386986e-12,3.29963e-06,7.749953e-24
1659,94,1210,13,1.699678e-20,0.0,5.4592183e-19,1.4254138e-14,1.2291589e-06,1.4193018e-25,0.000103451974,5.661288e-05,2.1940487e-13,2.0261522e-30,0.0004388061,1.8439368e-10,2.608415e-10,0.9909357,3.5865761e-09,0.0,4.5737475e-14,0.008460956,4.2560364e-06
1660,1210,1211,13,1.4049241e-18,0.0,2.2493173e-23,4.8060817e-21,5.46368e-10,1.4288384e-21,5.905298e-12,5.7204794e-08,2.1644155e-18,9.2172025e-33,2.7319422e-07,1.4142618e-14,2.9072807e-16,1.0,1.8598447e-11,0.0,6.634779e-17,1.7606946e-07,4.9630657e-16
1661,1211,286,4,2.3616867e-13,0.0,1.7577922e-33,1.2409769e-18,0.99975586,3.7675577e-31,4.6718617e-07,5.637865e-19,5.535589e-13,9.055413e-35,6.361704e-07,2.0487435e-10,3.328437e-16,2.1876856e-08,5.185284e-07,0.0,1.736429e-14,0.0002421257,1.780656e-20
1662,462,1212,5,1.692312e-24,0.0,4.3082754e-36,1.720141e-26,6.30266e-17,1.0,1.188901e-18,9.1198376e-17,1.302256e-17,1.2495493e-36,8.809338e-14,3.7279347e-20,1.7360676e-26,1.3022218e-16,3.9890813e-21,0.0,6.1226307e-24,4.969675e-17,7.876535e-16
1663,1212,1213,5,9.976717e-24,0.0,5.0067103e-37,9.2446876e-29,8.203581e-18,1.0,1.5627441e-19,1.640181e-18,5.333976e-19,6.1634555e-38,7.229359e-13,7.20062e-22,9.546865e-25,1.0468916e-16,3.3102217e-20,0.0,1.2266528e-21,1.427205e-20,5.188215e-21
1664,1213,1214,5,9.7125426e-23,0.0,1.052398e-37,1.9707534e-25,3.557636e-15,1.0,9.803735e-17,5.6407907e-19,4.0039455e-21,2.1645058e-26,3.7045486e-10,1.6319715e-21,1.1458114e-21,9.937179e-16,8.028485e-16,0.0,1.9195985e-20,2.1882326e-19,2.1151256e-24
1665,1214,1215,5,1.0423582e-21,0.0,5.65622e-26,1.3269873e-19,8.216017e-10,1.0,2.1812138e-13,1.0488264e-16,3.1488801e-19,1.8378566e-16,1.8199709e-06,1.1969072e-15,7.7269964e-14,3.9234428e-16,1.0696469e-09,0.0,1.3902916e-15,2.9199068e-16,2.914575e-17
1666,1215,1216,10,3.414892e-22,0.0,1.6137614e-25,1.01463725e-13,3.971606e-13,9.416131e-37,2.3786895e-09,1.8945203e-15,1.0458919e-12,9.910173e-34,0.99996567,1.3330862e-11,3.3558663e-05,2.5397047e-17,1.4669969e-14,0.0,1.244855e-11,1.7517005e-11,2.2962405e-13
1667,1216,418,4,5.6140413e-12,0.0,5.6807766e-36,7.022586e-14,0.9360077,4.514384e-19,0.056987166,8.62299e-12,2.1251489e-14,2.4058932e-24,7.702694e-05,2.8051891e-08,1.5775442e-12,9.716365e-07,0.0002462221,0.0,1.0760507e-11,0.0066817896,3.304306e-19
1668,46,1217,13,3.106666e-05,0.0,5.357899e-26,1.9932322e-24,4.1567843e-11,0.0,6.702152e-13,5.604682e-15,2.8822238e-17,4.0282687e-31,4.6568216e-09,1.1300168e-11,3.863255e-13,0.99993134,3.7776392e-12,0.0,3.797983e-05,6.1801444e-09,4.2558784e-19
1669,1217,1218,16,2.4867761e-09,0.0,4.246125e-30,2.935188e-21,1.5316169e-13,0.0,2.9835943e-14,2.3822703e-14,7.8102816e-11,2.6248327e-34,1.9152993e-11,1.8439519e-09,2.3329994e-11,1.3442119e-13,1.6575499e-15,0.0,1.0,1.9933367e-11,9.933455e-18
1670,1218,34,8,7.3063103e-16,0.0,1.3726749e-22,4.7642518e-18,7.587398e-16,1.0479454e-33,1.2422703e-10,2.019777e-16,1.0,3.214982e-34,3.4831925e-12,2.0057458e-12,9.5272835e-12,2.7468398e-25,2.0539734e-15,0.0,3.457619e-10,1.3325343e-15,4.6310414e-11
1671,247,1219,0,0.99953467,0.0,8.641806e-24,5.4255147e-22,1.6063588e-12,1.3894475e-24,9.261998e-11,4.8632117e-08,1.3756522e-07,9.244234e-28,1.68041e-10,4.5439e-09,1.243825e-11,0.0001116417,2.8291067e-11,0.0,0.00035423806,1.1303889e-09,1.8090608e-15
1672,1219,1220,16,4.571788e-09,0.0,4.941232e-29,2.2703433e-15,1.558732e-11,1.8094445e-33,1.2114718e-10,7.3424395e-08,1.7359656e-14,1.11043945e-29,1.7888954e-11,9.0144546e-08,4.625242e-07,6.3895417e-10,3.0579916e-10,3.9140806e-33,1.0,5.4742134e-11,1.0486858e-17
1673,1220,1202,8,1.9388798e-13,0.0,6.1957653e-26,7.283211e-17,2.8764932e-15,2.8058208e-38,5.642452e-10,3.9416115e-15,1.0,3.9603798e-28,8.873347e-15,9.646393e-12,1.7978748e-07,2.436188e-22,3.163561e-09,0.0,1.542563e-07,3.6943803e-14,3.557373e-18
1674,247,1221,13,1.4663323e-05,0.0,7.27779e-26,2.237884e-22,1.06628546e-10,8.001723e-18,2.0872701e-11,1.8935333e-12,2.0228018e-14,1.125077e-37,6.600092e-10,4.0426355e-14,6.3364896e-15,0.9999809,7.021498e-11,0.0,1.0228448e-13,2.7965482e-06,4.5457982e-20
1675,298,462,6,7.1033315e-07,0.0,6.686415e-30,9.1189406e-08,4.446588e-09,2.4358299e-26,0.99982446,5.959874e-15,8.2240644e-05,1.1699165e-31,1.6438709e-10,2.2122872e-12,1.3551936e-06,6.968262e-12,5.8823384e-06,0.0,1.1522817e-05,7.554632e-05,4.682882e-17
1676,462,1221,5,9.6208123e-20,0.0,3.276388e-36,5.549198e-23,2.3352385e-15,1.0,1.3939985e-15,8.269323e-15,6.558117e-14,2.708673e-32,4.5981607e-10,1.2655006e-19,1.0407217e-20,7.830448e-11,2.571662e-17,0.0,1.462304e-21,1.9213648e-12,1.0640543e-18
1677,1221,1222,10,1.1505684e-13,0.0,9.88341e-33,4.214094e-15,3.468351e-07,1.4381409e-05,2.1647684e-05,3.2573503e-11,2.3439323e-14,3.4531426e-22,0.999958,2.3925992e-13,3.5829198e-12,2.023659e-06,2.0111072e-06,0.0,6.278003e-14,8.6943155e-09,1.9856348e-17
1678,1222,1223,6,4.8225982e-11,0.0,5.023415e-28,1.9352102e-10,1.3104309e-06,7.977972e-35,0.9613971,3.879791e-08,2.0427208e-08,4.949449e-25,0.03858446,1.3487509e-08,2.9765908e-07,2.0656528e-12,1.7212751e-05,0.0,3.4799535e-11,5.189912e-08,6.3813615e-16
1679,1223,202,8,3.4025034e-20,0.0,8.6914674e-38,3.7372275e-15,4.6677116e-14,6e-45,1.9184986e-07,2.5937725e-08,1.0,4.066042e-26,1.5774984e-09,4.1797288e-11,2.1409244e-08,1.5482648e-13,2.984511e-10,0.0,3.5702774e-09,3.4459623e-12,2.0780253e-16
1680,82,1224,7,5.325937e-22,0.0,9.541557e-31,1.8139791e-17,2.932089e-13,8.74921e-17,7.880702e-11,1.0,8.743614e-15,6.4277866e-22,6.2960444e-12,9.1386415e-10,2.998327e-12,2.360894e-13,4.5559203e-12,4.1714528e-38,3.597545e-13,1.1301758e-12,4.845309e-14
1681,1224,1225,7,2.3969562e-21,0.0,1.317379e-19,1.4193602e-19,2.5505364e-12,8.3278897e-22,9.247759e-21,1.0,3.0170395e-20,2.423475e-26,1.6081624e-11,3.4565298e-07,1.7490021e-12,8.4680764e-14,2.4460645e-10,1.449e-41,1.9177098e-13,3.4544711e-16,2.2148581e-16
1682,1225,1226,7,1.4643341e-16,0.0,1.0244751e-17,3.632475e-13,1.863753e-09,1.460038e-25,8.0112425e-13,0.9993365,5.1013603e-11,4.2158456e-23,1.3460862e-11,8.187093e-06,5.9308917e-07,8.925127e-13,0.00065056497,5.924645e-39,3.6130573e-06,1.0867773e-09,1.4914358e-13
1683,1226,298,17,2.8665136e-08,0.0,5.9120956e-30,2.3746538e-10,8.070106e-05,0.0,0.000101121455,1.4067981e-15,2.1780941e-07,1.6912983e-32,1.8168832e-07,6.819852e-08,2.3872864e-11,3.724553e-12,1.4813129e-08,0.0,8.590916e-11,0.99981695,4.8564678e-14
1684,298,94,6,6.516855e-18,0.0,2.6060104e-16,5.292289e-10,6.955877e-07,0.0,0.990826,5.9233454e-20,1.2612506e-18,2.6742263e-33,5.8227274e-14,5.010207e-07,9.400142e-11,3.560654e-13,0.009132471,0.0,4.026658e-15,3.4285286e-09,3.9321403e-05
1685,106,310,6,5.733086e-15,0.0,2.3542084e-16,2.2345623e-10,2.3398677e-14,5.634247e-36,0.9999923,7.983548e-19,9.147656e-14,3.9837818e-32,1.0449309e-12,2.644782e-13,2.9908083e-06,8.351843e-15,2.7717888e-08,0.0,1.0844288e-10,7.750194e-08,4.408139e-06
1686,418,286,3,6.1609137e-24,0.0,4.5830944e-20,0.99760336,4.6222978e-14,3.0372e-41,3.4643165e-08,4.5533894e-17,3.8642642e-17,1.6253023e-32,1.2496777e-14,1.01939285e-07,0.001264295,7.5789283e-22,0.001133739,2.7653106e-26,3.05406e-12,1.1637212e-15,5.070098e-14
1687,1227,58,0,0.9991535,0.0,6.966449e-36,3.0402154e-20,3.4124275e-09,1.5565162e-25,1.12818434e-07,1.6460576e-14,1.8427926e-08,1.784596e-32,9.331843e-08,5.518105e-15,8.87107e-17,0.00074111164,2.6631103e-10,0.0,2.951628e-12,0.00010340265,1.2306883e-21
1688,259,1212,5,1.486497e-17,0.0,2.860468e-34,1.3614132e-26,1.4767448e-13,1.0,1.0041443e-14,3.1936565e-16,8.29269e-17,3.17701e-40,8.698391e-10,8.613458e-19,3.34509e-21,3.4909093e-11,1.4744016e-15,0.0,2.4606045e-20,2.0792167e-14,4.2625398e-19
1689,1227,1228,10,3.407178e-13,0.0,8.066201e-34,4.0474087e-19,1.2804201e-08,2.0988338e-09,3.8822638e-08,3.1168408e-11,3.93689e-09,5.405348e-31,1.0,2.1223044e-15,3.0792803e-13,8.358344e-08,9.4726386e-11,0.0,2.7817278e-13,1.0189842e-08,8.690263e-18
1690,1228,1229,10,2.2394087e-18,0.0,2.3948053e-31,7.8378337e-10,3.139246e-06,4.182662e-12,3.3390815e-08,5.030636e-09,2.4523566e-14,1.1993259e-06,0.9999923,4.380517e-12,4.2721594e-12,5.344531e-10,6.301539e-07,2.0774384e-24,5.100143e-15,1.073012e-06,8.2302004e-16
1691,1229,166,9,9.051039e-25,0.0,2.0205621e-32,4.2190396e-19,4.993975e-12,1.091876e-39,9.4576615e-17,2.0786925e-15,2.1223806e-27,1.0,5.7577204e-15,1.9236666e-13,6.6446313e-17,1.1998574e-20,1.7481184e-08,5.3597414e-25,2.4734342e-18,2.3859045e-17,8.9128825e-27
1692,166,1230,9,2.082213e-18,0.0,1.1574439e-29,7.751713e-20,5.695074e-14,1.7121e-41,6.1296434e-16,2.8954127e-11,2.8995827e-24,1.0,4.602473e-12,3.6575208e-11,7.7776284e-13,1.712817e-15,7.746643e-09,2.8694295e-34,1.39382905e-14,1.8663795e-15,6.5590337e-24
1693,1230,1231,11,7.223524e-18,0.0,1.7421564e-20,3.7891236e-14,6.3127585e-12,7.718252e-35,6.147868e-14,3.1592122e-06,1.3205697e-18,8.361724e-08,8.302369e-11,0.9999962,1.3638882e-10,1.667623e-13,1.0697588e-06,3.580459e-35,2.8952618e-16,6.275276e-13,2.0651148e-14
1694,1231,178,9,5.4140307e-18,0.0,5.941906e-19,3.5105426e-17,1.0490827e-08,6.8097008e-34,6.490991e-14,4.1167244e-08,9.23531e-22,0.9994623,7.632992e-12,8.6263775e-05,3.3086424e-13,1.4497587e-11,0.00045215193,3.105574e-36,5.8099505e-13,4.564586e-11,1.1342761e-17
1695,178,1232,13,5.361328e-13,0.0,8.650796e-20,2.060404e-19,2.726945e-14,2.2033457e-32,2.2733625e-12,1.1284617e-11,2.2881486e-16,1.2215453e-27,3.0627727e-06,2.3637223e-14,3.3693063e-14,0.9999962,1.5908662e-16,0.0,5.803685e-12,7.0599127e-09,1.2807609e-10
1696,1232,190,16,2.833843e-07,0.0,2.7715505e-27,7.291576e-10,6.703345e-08,0.0,4.018883e-05,1.3062735e-06,1.5538566e-05,1.8164427e-26,0.009784526,5.1670646e-05,0.4232587,0.00031353478,2.6744107e-10,0.0,0.56500804,0.0015279248,1.005283e-13
1697,537,1233,4,9.76204e-19,0.0,2.3751924e-14,4.558039e-13,0.9999427,1.979059e-29,2.8054075e-05,7.2174797e-14,6.8405865e-17,3.971917e-24,5.0283415e-06,8.1566634e-07,5.360641e-10,1.2630772e-15,2.3544728e-05,9.42746e-28,1.3667469e-11,1.6956205e-09,2.2081969e-13
1698,1233,384,4,1.2237442e-16,0.0,2.3594721e-20,1.871099e-15,0.98441386,3.395639e-38,9.252716e-10,1.0449946e-12,3.8022086e-16,1.1896544e-25,1.4800413e-09,0.014813062,6.992974e-12,5.451449e-14,0.0007743678,1e-45,6.781982e-13,5.4892483e-11,1.7722201e-19
1699,494,1234,4,1.5230633e-21,0.0,1.2883817e-16,5.3269297e-23,1.0,6.70593e-30,7.8200904e-11,1.2699248e-20,1.9128687e-25,1.433974e-39,1.8205305e-09,2.8387308e-09,2.1104888e-19,4.915331e-12,2.258921e-09,0.0,2.8276584e-20,1.7563643e-11,8.018083e-15
1700,1234,396,4,2.7644357e-18,0.0,1.2789089e-20,7.0256315e-24,1.0,8.683484e-30,1.0907397e-09,1.1960005e-20,4.5710032e-24,1.1074e-41,8.795492e-09,2.6030884e-09,5.1853916e-19,5.308621e-12,1.7695522e-11,0.0,1.4383468e-16,8.804576e-12,1.1227182e-16
1701,166,1248,9,2.0470066e-20,0.0,2.009526e-30,4.3686675e-20,4.2236977e-17,5.117487e-38,2.4525853e-18,2.2554205e-13,1.0027539e-23,1.0,5.4579437e-13,2.5712426e-15,2.6836042e-13,4.1325996e-16,5.7004267e-12,5.128162e-36,7.431773e-14,1.5885489e-17,6.3460123e-25
1702,286,1235,4,7.1199304e-23,0.0,5.4184657e-28,2.2185429e-18,0.9999962,2.7829869e-31,2.6245433e-11,2.785914e-19,9.4763254e-26,4.061571e-29,2.3189183e-11,2.9969365e-09,1.773423e-20,5.89622e-14,3.3000451e-06,0.0,4.6052117e-20,2.7594094e-11,3.8318196e-19
1703,1235,1236,14,5.3061097e-20,0.0,5.1157155e-21,5.0624355e-10,2.794044e-05,4.423585e-29,2.3787923e-14,1.0181031e-06,1.8320083e-20,7.0512816e-14,3.2910624e-10,0.010982002,2.489716e-11,2.3708771e-12,0.988855,0.00013236454,1.2356934e-14,3.570418e-14,1.9466436e-16
1704,1236,494,4,2.6249972e-16,0.0,2.5510803e-28,1.7618978e-14,0.99896294,9.4e-43,1.0881808e-07,6.8724764e-15,1.8023048e-21,2.1101466e-30,1.8787645e-09,1.1566133e-08,2.2379613e-14,3.0144331e-09,0.0010353336,1.3797508e-38,1.5451994e-17,1.2670154e-07,1.0185e-20
1705,178,537,9,4.2805736e-21,0.0,1.36675e-29,4.5821857e-20,1.4302061e-15,1.3894844e-32,3.588599e-18,1.7544471e-13,1.6831512e-23,1.0,4.4811614e-14,1.3436926e-15,1.4178972e-14,4.520612e-16,1.01565735e-10,4.7352953e-34,8.372901e-14,7.133981e-17,2.1307545e-25
1706,190,1237,16,2.7981617e-12,0.0,2.8018933e-32,9.076165e-12,5.8966183e-09,2.7100376e-32,3.3917127e-10,5.8470607e-05,4.2963987e-11,6.6239636e-07,1.7350068e-05,1.5390731e-05,0.0006044187,1.5709586e-09,7.597791e-10,4.932769e-32,0.99930215,1.0399651e-10,3.6935375e-20
1707,1237,1238,11,6.721023e-20,0.0,4.882839e-24,1.5277333e-17,1.1814215e-06,2.0310965e-31,1.2215074e-13,3.4217493e-08,1.5554595e-18,1.3167989e-15,8.169659e-12,0.9999962,3.2707444e-13,6.771115e-16,9.4370233e-07,8.3364546e-26,1.1381849e-11,8.4845996e-14,2.7059804e-15
1708,1238,1239,11,1.1714214e-16,3.0468196e-21,1.2453718e-20,1.898828e-12,1.1003727e-09,5.3e-44,1.983033e-15,9.0623575e-13,1.32621134e-14,2.582761e-25,2.9638125e-13,1.0,2.1037913e-13,2.043911e-18,5.1130378e-08,1.1493818e-24,3.290503e-14,1.6016877e-15,2.24319e-16
1709,1239,384,11,3.1235072e-18,0.0,9.9469315e-15,1.2760284e-13,3.3736491e-09,3.6e-44,1.310067e-12,1.699154e-11,1.511839e-14,2.1514337e-26,1.851143e-14,0.9999962,2.2333446e-09,2.1012075e-14,3.1765173e-06,0.0,1.944331e-13,9.574048e-15,1.9408484e-20
1710,384,1240,4,6.160748e-17,0.0,8.4741004e-26,4.6296013e-15,0.99383545,3.5781416e-33,3.2101927e-10,3.6186584e-13,1.1027351e-15,9.4073366e-29,1.9212589e-08,0.006072129,7.8911026e-13,2.1589754e-16,9.198682e-05,3.743629e-33,6.385372e-11,1.7105798e-12,1.2982611e-20
1711,1240,1241,15,2.2289967e-23,0.0,4.542542e-34,4.1850217e-13,3.9726917e-08,3.3814787e-34,2.6389325e-16,4.7561017e-09,1.0195529e-21,6.9790075e-20,5.3470073e-14,2.105773e-07,1.4894721e-16,9.100158e-19,1.03994635e-08,1.0,4.8941977e-16,5.003537e-16,2.1576454e-20
1712,1241,396,4,2.2185683e-18,0.0,1.6212826e-33,9.683305e-18,1.0,1.403172e-34,4.8277177e-10,1.6771436e-18,1.7807706e-21,1.0511588e-36,7.1983847e-10,9.686827e-08,1.0590104e-15,2.7581545e-13,2.1126924e-07,0.0,1.0564407e-14,2.3756594e-10,9.215246e-23
1713,537,494,14,2.4938758e-21,0.0,2.976148e-22,0.00051384675,5.332788e-07,1.4619332e-32,2.2615714e-06,5.112852e-12,9.7188966e-20,1.0401565e-23,1.0263553e-12,3.838395e-08,6.979723e-06,5.875821e-18,0.99947757,2.4012216e-13,1.0209976e-12,7.5772943e-11,4.9836427e-19
1714,396,1242,4,7.680984e-19,0.0,2.7668432e-24,8.479607e-24,1.0,9.573415e-25,9.297295e-10,2.3022161e-18,8.303994e-24,8.46702e-40,1.8711269e-08,1.0205791e-08,1.698699e-20,7.166246e-10,2.945444e-11,0.0,7.761248e-18,2.3060492e-10,2.1337575e-16
1715,1242,1243,4,1.7130857e-14,0.0,1.3238252e-22,1.1630513e-22,0.99996185,1.2518448e-20,2.5447687e-08,4.738485e-15,1.1424208e-20,3.954e-42,3.3899367e-05,5.2854546e-08,1.9543745e-16,2.523514e-06,1.6034585e-10,0.0,2.4750345e-14,6.6374095e-10,1.358395e-17
1716,1243,480,10,5.1118363e-20,0.0,2.9782461e-24,9.219449e-19,7.40112e-10,4.294271e-25,3.631938e-11,3.7875193e-14,6.407878e-16,1.6753387e-35,1.0,2.8943415e-11,9.365249e-10,1.7663644e-16,9.265584e-15,3.8e-44,1.5676124e-09,1.0004898e-12,3.7424473e-16
1717,190,70,12,9.485442e-18,0.0,1.4725776e-19,1.0240372e-10,1.655055e-14,0.0,1.6611712e-07,8.6510524e-14,2.9261e-13,1.7873548e-25,1.336606e-09,4.003351e-13,0.9999886,1.0869163e-13,1.1007296e-09,0.0,9.775295e-06,9.30882e-12,1.8876227e-16
1718,537,1244,4,1.308285e-18,0.0,1.1637777e-32,2.3990163e-12,0.99998474,5.743444e-36,7.536084e-08,3.5640867e-16,3.1033098e-15,1.6369546e-27,7.6538176e-10,1.3043706e-07,7.998257e-15,3.9645854e-19,1.4035139e-05,8.744525e-20,2.0605058e-12,8.8773267e-11,1.4182554e-20
1719,1244,1245,15,3.4958817e-25,0.0,1.8882465e-34,2.8591704e-11,1.8291117e-11,1.3018447e-38,2.0072178e-17,1.635288e-12,1.172685e-19,4.5614296e-36,1.3792776e-15,4.0526185e-10,1.5549508e-16,1.9314677e-21,4.47457e-13,1.0,1.353813e-15,6.2623777e-16,1.5527255e-19
1720,1245,1246,15,2.0759785e-26,0.0,6.970892e-35,5.0138193e-15,3.0262555e-16,2.9698296e-38,4.252918e-22,1.1652193e-13,3.300515e-26,1.9827663e-32,1.7175588e-17,3.0693367e-12,5.1554284e-20,2.6855993e-22,1.2475099e-15,1.0,5.505155e-22,2.3050008e-19,1.5501303e-23
1721,1246,1247,15,1.22831675e-26,0.0,1.351565e-35,1.551356e-14,4.3328372e-19,1.12e-43,4.1595828e-23,4.6426706e-15,3.1746176e-27,5.1395746e-23,3.2718966e-18,5.798343e-15,1.1138258e-20,2.4661935e-22,2.9188935e-16,1.0,4.877457e-25,2.6840245e-20,8.053575e-24
1722,1247,1248,15,1.6890429e-23,0.0,1.7987593e-30,2.5627067e-13,3.7193985e-12,1.2829443e-36,7.445553e-17,7.5260056e-14,2.680359e-22,3.4154002e-07,1.665753e-14,3.7272692e-11,1.8812671e-17,1.098802e-20,1.1626294e-08,1.0,6.4967185e-20,2.2235367e-15,4.7675397e-19
1723,1248,418,14,9.265473e-16,0.0,5.2958677e-31,1.08883104e-10,0.00062252354,8.998822e-38,9.785897e-05,1.9086281e-16,2.0568369e-21,7.2048005e-21,6.6826067e-10,1.7947492e-08,7.021411e-13,1.8955712e-12,0.9992792,2.02e-43,4.1716723e-17,3.5740673e-08,2.6267606e-23
1724,407,274,12,1.1409275e-19,0.0,0.00026098065,2.2727853e-09,3.9627356e-14,1.965161e-39,3.9353625e-07,5.636665e-10,5.3646924e-17,7.819597e-30,3.1219576e-11,4.1709594e-08,0.9997367,1.4846315e-11,8.3694187e-07,6e-45,1.7202543e-09,1.9728069e-10,2.7186283e-12
1725,106,1249,12,1.7347434e-11,0.0,1.0565813e-15,4.0222928e-10,6.366759e-13,5.321842e-34,0.02177759,2.06933e-10,3.2107714e-08,7.432219e-31,0.06433936,5.891382e-08,0.91359645,5.4709536e-12,1.4951214e-13,0.0,7.91305e-05,3.0588864e-05,0.00017864538
1726,1249,1250,12,2.8534015e-22,0.0,4.7623157e-22,2.0156685e-07,1.0713739e-17,3.2e-44,3.1916939e-10,1.6500468e-10,2.9138235e-14,5.865161e-33,4.6898647e-05,4.3551618e-10,0.9999543,9.5322174e-14,5.2785074e-14,0.0,2.7228802e-07,2.3795755e-12,1.4194912e-10
1727,1250,274,17,6.5724886e-15,0.0,3.0340654e-26,4.06536e-11,6.635078e-11,0.0,2.138364e-06,8.1254903e-13,5.122998e-07,4.5769515e-32,0.027968742,1.9162585e-09,0.17815769,1.9801041e-11,1.3379624e-10,0.0,2.1684419e-09,0.7938705,5.3296003e-20
1728,274,1251,10,4.1019766e-14,0.0,7.41952e-26,1.1637528e-14,0.007302709,2.03e-43,9.507874e-09,1.6836383e-09,1.849518e-08,1.7837757e-36,0.9008987,0.091767214,9.780083e-11,5.016746e-15,2.5588032e-10,0.0,9.609669e-11,2.9517403e-05,4.6456918e-11
1729,1251,1252,4,3.2986807e-09,0.0,2.0748506e-22,1.5046685e-16,0.7524161,0.0,8.402928e-11,2.0008254e-11,7.1425755e-05,5.4037526e-34,1.338103e-06,0.24750319,3.5027817e-11,3.7089577e-19,4.0349028e-06,0.0,1.8380413e-06,1.149559e-06,4.106913e-12
1730,1252,474,16,6.329178e-05,0.0,5.8746857e-23,1.7614021e-12,2.9604774e-14,7e-45,2.48633e-09,3.082146e-14,4.318574e-07,2.552537e-23,1.7979663e-12,9.271897e-11,7.524662e-05,5.502802e-15,6.6291576e-11,0.0,0.9998627,7.475355e-08,1.4882844e-17
1731,508,1253,13,1.453152e-12,0.0,1.8467094e-26,5.9764196e-17,6.476942e-14,2.939802e-38,2.222182e-13,0.0003431874,9.401091e-15,9.4164154e-30,9.157905e-10,3.1943367e-10,1.5507158e-08,0.9996529,4.4004328e-11,3.981e-42,5.1490383e-06,1.5250959e-09,2.0777864e-17
1732,1253,1254,7,1.1236825e-23,0.0,2.3221936e-26,1.2447588e-13,1.5640933e-10,2.5871292e-25,1.2996141e-12,0.9998856,8.273591e-13,8.458654e-28,3.3706425e-07,0.00011056097,1.0958963e-06,9.811215e-10,2.1599417e-06,2.596119e-30,4.286959e-08,2.0272434e-14,2.8668905e-12
1733,1254,407,7,1.4566678e-16,0.0,4.0834097e-31,9.711709e-12,6.017321e-10,0.0,1.0898372e-09,0.98762226,2.1038356e-09,3.3030914e-22,1.0750447e-05,0.011524503,0.00073420623,1.0411841e-09,0.00010922163,1.26366145e-36,2.4543096e-09,4.2002426e-08,1.0103021e-24
1734,407,1255,7,5.6450126e-18,0.0,5.7489415e-30,1.255052e-22,2.9759896e-14,2.9573086e-27,5.0645866e-15,1.0,9.458804e-12,7.65907e-26,1.5117233e-07,3.7447762e-08,3.0632444e-11,5.4182525e-08,8.0359737e-13,0.0,7.736956e-09,1.4990342e-12,4.405626e-17
1735,1255,1256,13,1.4679506e-11,0.0,1.6292274e-22,4.1448586e-20,2.1766008e-13,5.9472882e-24,4.647249e-12,0.06947912,2.3753968e-10,3.0339646e-24,0.021122467,2.011386e-11,1.8674126e-07,0.9093787,2.6245629e-11,0.0,1.7901571e-05,1.1759431e-09,1.2361561e-13
1736,1256,1257,10,9.370295e-16,0.0,1.467705e-25,2.6793052e-15,9.502078e-15,0.0,6.389138e-07,2.3334318e-14,4.206038e-12,3.492232e-39,0.9999504,1.8830011e-13,4.8818438e-05,2.9861394e-10,3.496008e-14,0.0,9.384426e-08,3.9578225e-08,2.0526653e-15
1737,1257,1258,10,4.2202424e-21,0.0,1.2987041e-32,4.077054e-11,1.5903993e-08,7.277958e-33,0.00022674825,5.183071e-14,2.4711853e-14,2.9822288e-29,0.9994623,8.7585446e-13,3.1149338e-07,1.0659403e-09,1.8277106e-10,0.0,9.326054e-13,0.00031166733,6.0396324e-16
1738,1258,1259,10,3.3795165e-20,0.0,1.1820041e-34,4.698018e-10,5.445794e-07,1.3429494e-23,2.36505e-05,4.5160493e-14,4.278628e-15,8.963723e-19,0.99991226,1.9880104e-14,1.0850132e-08,6.681711e-11,8.781038e-10,1.8877466e-37,6.525871e-15,6.5330525e-05,3.4010633e-20
1739,1259,1260,10,2.4637012e-15,0.0,1.9646898e-31,6.6462708e-12,6.37599e-07,6.5718124e-30,3.431545e-05,2.7277345e-15,1.1619042e-12,3.3576888e-25,0.5166346,3.5461617e-14,1.3317369e-07,1.2298887e-09,2.2124413e-10,1.15e-42,7.186928e-14,0.48333052,7.8146224e-21
1740,1260,310,17,9.646867e-13,0.0,4.581695e-28,1.8061122e-12,3.011511e-11,2.5306738e-38,0.013078018,2.3797585e-18,1.9162668e-08,4.557311e-27,0.00014752877,7.5810126e-14,7.6525157e-07,1.0829101e-13,7.018592e-15,0.0,4.2938734e-12,0.98677486,1.3391317e-10
1741,480,1261,10,6.704554e-06,0.0,4.8241858e-24,3.71845e-11,1.6955632e-08,2.056921e-38,1.5132144e-11,3.186815e-10,1.8916868e-10,5.7285226e-13,0.9894059,3.1363033e-05,0.0012714919,4.2064812e-15,7.54417e-07,2.3085e-41,0.009277666,4.6494442e-06,1.0712795e-18
1742,1261,1262,12,1.3160774e-20,0.0,6.9851793e-22,9.62039e-09,9.515328e-13,1.694906e-35,4.5003077e-09,1.8752543e-11,1.0144018e-12,1.2603775e-22,1.83681e-11,5.508442e-11,0.9998856,9.2890735e-17,0.000112557245,0.0,9.943557e-07,1.1356167e-12,1.08302505e-14
1743,1262,514,6,0.057350926,0.0,1.638384e-36,6.9187765e-14,1.2302935e-07,4.6213147e-27,0.8976124,6.537349e-10,7.4015034e-06,7.510352e-20,3.4822145e-09,6.7487717e-12,1.951798e-07,1.3627624e-06,0.028379614,0.0,2.1305138e-07,0.016649183,1.1935217e-19
1744,474,508,16,0.3331587,0.0,1.9034008e-23,2.2235982e-13,2.7033138e-11,0.0,6.240825e-14,7.654507e-13,4.2430485e-15,5.973104e-28,3.4127527e-09,1.2678947e-08,1.0406974e-06,4.8942435e-05,2.2468294e-09,6.7e-44,0.66668254,0.00010911087,1.3370468e-21
1745,508,1263,13,2.4183522e-09,0.0,2.1193374e-28,3.3217502e-17,1.6105603e-14,2.8187706e-37,3.938532e-14,3.0355318e-06,2.245882e-13,9.423267e-25,1.3275466e-08,2.5866035e-12,1.5654805e-07,0.9347089,2.2713354e-11,0.0,0.065286286,4.077896e-10,9.07105e-18
1746,1263,514,0,1.0,0.0,3.325982e-34,8.829124e-28,3.185654e-14,6.246e-42,3.177006e-11,2.9811647e-18,2.4369254e-12,1.4428744e-32,2.5713311e-15,1.0426721e-14,1.2590771e-19,1.512934e-08,2.0455475e-12,0.0,1.8654581e-11,9.095941e-08,2.4381892e-20
1747,474,480,17,0.004545664,0.0,3.046131e-38,5.989252e-15,2.1232513e-08,0.0,2.3287896e-07,7.655529e-13,4.354825e-12,5.7836435e-18,0.0011408541,1.1442453e-10,1.3384581e-09,1.3602881e-09,1.4940663e-06,0.0,3.3752488e-07,0.99431324,5.2184693e-27
1748,407,1270,7,3.555411e-15,0.0,1.7110485e-36,3.0199097e-18,2.7608596e-13,2.492058e-30,2.7247137e-11,1.0,5.3109475e-13,7.1092036e-25,9.653043e-07,7.373982e-10,1.0761422e-09,1.9204162e-08,6.737023e-10,0.0,7.961604e-08,1.1105614e-08,1.0315951e-20
1749,508,442,14,2.1407427e-10,0.0,2.1773511e-33,1.2569618e-10,1.5641502e-06,0.0,9.803619e-10,1.9192486e-11,0.004628234,1.0249538e-21,6.6195867e-09,0.00013849424,8.998269e-09,2.3443014e-12,0.99523157,6.9744476e-30,8.864581e-08,7.765404e-08,9.472383e-19
1750,514,1264,0,0.9999886,0.0,8.9083665e-26,3.4021008e-20,2.6830588e-15,0.0,1.4755291e-12,4.827887e-16,3.5920942e-09,3.8437975e-33,2.1373893e-10,1.645921e-12,8.343732e-13,6.1524325e-10,4.4102287e-19,0.0,4.1028676e-07,9.626975e-06,4.6508606e-15
1751,1264,1265,11,6.83e-17,0.0,2.5484469e-26,5.9332686e-14,1.4823862e-09,6.50806e-40,1.1281464e-13,0.0027756365,8.126336e-11,3.4985926e-31,2.2225631e-06,0.99722296,6.95529e-08,7.077942e-12,3.7490172e-10,1.575309e-32,8.544035e-07,6.748598e-10,7.7279397e-14
1752,1265,1266,11,5.9449338e-15,0.0,2.0153588e-24,1.1146618e-15,8.4640567e-10,0.0,7.37906e-14,1.674615e-07,9.888701e-16,3.515492e-22,3.086176e-10,0.98744905,2.220712e-09,6.204243e-15,0.012551891,3.376569e-33,1.7107868e-14,1.0142741e-12,1.5099815e-16
1753,1266,436,14,3.0734045e-18,0.0,1.5755254e-32,5.284748e-16,2.473265e-10,0.0,7.457454e-12,1.654169e-17,1.5648695e-17,1.0148001e-20,1.8332703e-16,1.1584325e-08,1.9394198e-13,1.5741996e-22,1.0,6.3713537e-27,1.5129906e-17,1.1535253e-14,6.797537e-24
1754,436,1267,4,1.0479025e-16,0.0,1.9421537e-26,2.434933e-15,0.99301696,5.305268e-39,2.1492712e-08,2.2221075e-19,1.8899193e-18,1.6044595e-28,3.326265e-09,5.5126914e-10,1.7541743e-19,7.7505166e-16,0.006984235,1.4277016e-26,3.206693e-17,4.4687622e-09,3.9343087e-16
1755,1267,442,4,1.5022761e-17,0.0,3.5603516e-30,3.1561232e-17,0.99993134,6.5264945e-37,2.245014e-08,2.7855514e-20,2.1173095e-20,6.259457e-33,8.823688e-09,2.4221096e-09,8.085389e-20,1.5262627e-13,7.020074e-05,4.533881e-36,5.913985e-17,8.402456e-09,1.3505857e-20
1756,442,1268,4,3.151859e-20,0.0,1.5361556e-23,1.602016e-17,0.9999695,6e-43,9.0038515e-12,9.422263e-17,2.1777867e-22,1.1068628e-27,3.2147653e-09,2.3549577e-05,1.3425935e-19,5.917243e-14,7.2542753e-06,3.4518646e-30,3.4080165e-17,1.8814972e-09,2.046432e-17
1757,1268,1269,14,2.7343902e-16,0.0,3.0985408e-31,6.638171e-17,8.1569124e-07,0.0,1.9367888e-12,1.990672e-16,6.9289116e-16,4.8034423e-21,4.3336484e-11,2.4219078e-08,2.8757284e-13,6.1462875e-17,1.0,1.7163828e-36,3.137746e-16,2.7594411e-11,5.232425e-26
1758,1269,424,14,2.1694562e-12,0.0,5.9633314e-30,3.898589e-15,8.448337e-05,0.0,9.5657946e-08,6.3188625e-17,6.6934747e-10,1.8976886e-22,6.181704e-08,1.7376024e-06,1.7283769e-10,5.3282753e-14,0.9998931,2.2052e-41,1.36117746e-14,2.1227765e-05,1.4578752e-22
1759,424,1270,14,8.028573e-17,0.0,3.5292855e-33,1.9404653e-11,0.025174133,0.0,0.00026731746,3.7103963e-14,1.0826492e-14,2.9447082e-22,0.00011521108,2.3098511e-11,1.3342423e-09,3.9794027e-12,0.97442704,6.7681094e-34,8.972602e-15,1.7671427e-05,1.0624617e-23
1760,1270,1271,7,4.6181253e-12,0.0,6.1256116e-27,2.4531568e-10,3.4918105e-06,8.897562e-27,2.4879064e-08,0.9369686,1.8785098e-13,3.9583325e-17,0.0001672058,1.0707707e-07,4.6521387e-07,2.085436e-07,0.06285734,1.1745748e-18,2.4056467e-08,2.0568682e-06,2.2538719e-21
1761,1271,1272,12,1.3790791e-13,0.0,3.3547612e-30,1.8595985e-09,1.8353831e-09,3.3398395e-27,0.03497897,0.00011882474,3.9775792e-13,1.4673278e-13,5.415504e-08,5.8524175e-12,0.9500225,6.234348e-08,0.008849974,2.8038335e-36,0.005974502,5.5338587e-05,2.7083494e-12
1762,1272,448,17,2.253081e-06,0.0,2.8489001e-36,3.633481e-16,1.5139905e-08,3.9955916e-25,3.0101877e-05,9.575126e-11,1.8927514e-14,1.6891726e-37,3.1948034e-08,1.4231613e-11,1.8542193e-12,4.4704525e-08,1.3040104e-10,0.0,8.6895977e-11,0.99996567,1.678399e-17
1763,384,1273,11,4.4055065e-18,0.0,6.69795e-16,5.9218045e-14,3.8422716e-11,1.1434262e-38,1.8937561e-13,5.7889205e-10,1.7263702e-14,2.680234e-31,8.991033e-08,1.0,4.2830317e-10,1.14337894e-14,2.4889457e-12,0.0,5.240182e-16,1.65778e-12,1.3313411e-14
1764,1273,262,11,1.312502e-21,0.0,4.793237e-25,5.2114817e-14,3.8917897e-12,3.88e-43,6.3372985e-19,3.9399978e-10,1.615049e-17,3.862089e-29,1.4853977e-09,1.0,5.596828e-12,5.044396e-16,8.2533663e-10,1.6313312e-35,3.1544635e-16,6.972293e-15,4.4772587e-17
1765,396,1274,4,1.0855063e-15,0.0,2.5565694e-17,5.2534865e-18,0.9922293,1.680097e-39,4.8046922e-12,3.8597412e-17,1.1142344e-19,7.366817e-39,3.3072503e-08,0.0077724475,2.0978118e-14,5.4867488e-14,3.5382815e-08,0.0,4.1999593e-13,5.745265e-13,4.3856746e-16
1766,1274,328,11,3.8152727e-15,0.0,1.26436116e-20,4.7224517e-19,2.0624593e-09,0.0,1.9653325e-18,1.5499888e-15,5.984981e-15,3.2221587e-30,6.3545114e-11,1.0,7.812833e-14,2.7593526e-14,3.7544003e-09,0.0,1.0071854e-16,3.1525195e-13,6.5352277e-18
1767,480,1275,0,0.99997705,0.0,8.501042e-25,5.7058367e-22,1.2677351e-08,5.2e-43,4.8486002e-14,1.1046678e-15,7.502852e-12,3.3232095e-31,2.6610849e-06,5.6402682e-06,9.492925e-20,2.4546654e-09,6.8678785e-11,0.0,7.711394e-13,1.3084784e-05,3.7367126e-16
1768,1275,316,11,5.2126927e-07,0.0,2.4427641e-17,4.3999643e-18,3.359351e-12,5.4560322e-34,5.829309e-13,6.4183894e-11,9.763141e-07,1.5407601e-26,1.6588318e-10,0.9999962,1.9914518e-11,7.3708005e-11,6.647987e-07,0.0,5.2589773e-12,1.7885143e-10,1.6671278e-12
1769,514,1276,0,0.9999962,0.0,1.1843252e-17,8.337476e-25,2.7096039e-09,9.629715e-39,5.082782e-14,7.7704394e-16,9.578839e-14,7.3149595e-30,9.104818e-10,2.8057486e-06,2.3891535e-19,3.6021799e-09,1.8325418e-10,0.0,7.266551e-12,4.754508e-08,5.9222536e-15
1770,1276,322,11,0.00011387534,0.0,2.3277385e-17,2.7423814e-16,8.935793e-12,1.812783e-39,9.320236e-10,8.482278e-12,6.007101e-07,1.595079e-29,1.0938439e-09,0.9998856,1.9473179e-10,1.1828773e-07,3.2864756e-07,0.0,1.9744106e-10,2.459204e-07,5.4590494e-12
1771,154,1277,6,1.3288041e-14,0.0,1.29192575e-30,3.0756399e-21,2.3282187e-09,1.1802003e-29,0.9999809,2.4709711e-12,1.318077e-05,5.276975e-30,4.5796673e-06,2.5120886e-10,5.482207e-07,1.0037484e-09,1.18350485e-07,0.0,1.372684e-09,4.70075e-07,6.956468e-20
1772,1277,1278,14,3.1570374e-10,0.0,8.4915836e-24,6.124093e-12,1.1140293e-06,7.83263e-40,0.04436337,0.00026106328,4.583407e-06,2.1519738e-05,9.879518e-05,0.05619598,0.0001837945,3.7279875e-07,0.898534,3.1456972e-35,5.8303023e-08,0.00033703135,2.1601522e-17
1773,1278,1279,11,1.3055569e-12,0.0,2.9834393e-26,3.0530405e-16,5.4005547e-13,0.0,1.10742395e-13,5.9863833e-12,4.521563e-15,4.6993256e-18,1.9837948e-10,0.9999962,6.4191485e-11,5.283939e-17,3.3893657e-06,4.259577e-36,4.488685e-16,3.763184e-12,5.338365e-22
1774,1279,262,11,3.0515182e-14,0.0,6.345483e-24,3.3481624e-16,6.9615856e-14,0.0,3.3258852e-16,8.365823e-12,6.603278e-14,7.363987e-29,5.5898536e-11,1.0,8.430278e-12,6.628841e-15,8.7366675e-10,0.0,9.420754e-17,3.4656577e-12,7.44677e-18
1775,262,1280,11,2.0884874e-20,0.0,1.9735877e-27,1.0134088e-10,5.0710564e-10,0.0,1.6391703e-15,9.034705e-14,8.912198e-13,9.365008e-38,7.704276e-06,0.9999923,4.0047816e-08,7.823157e-20,4.3412954e-10,8.061614e-35,6.6507602e-12,2.6778187e-11,1.01113896e-16
1776,1280,1281,10,2.4014126e-14,0.0,4.912345e-22,2.6139173e-07,0.35112676,1.0650168e-33,1.9709265e-10,1.2681892e-09,8.409671e-09,1.5568647e-20,0.51952595,0.12757978,2.0679052e-07,1.1852717e-14,0.0017550386,9.161793e-08,4.4670875e-11,1.3383589e-05,2.9166272e-13
1777,1281,328,11,1.16725e-17,0.0,2.3145613e-26,4.1582324e-09,3.5981024e-08,3e-44,9.0858175e-15,6.005705e-14,4.373938e-12,9.5954e-41,3.226714e-05,0.9999695,7.049501e-08,2.1469927e-16,4.2623682e-08,3.67619e-36,2.3368396e-10,6.6569826e-11,1.0440276e-17
1778,328,1282,11,2.0985291e-17,0.0,3.3196753e-23,7.526473e-12,0.00018055891,2.62e-43,1.3786748e-12,1.6119064e-14,1.25849635e-11,1.2880822e-38,0.0006261222,0.9991916,7.1906997e-10,5.763959e-16,1.516633e-07,0.0,1.8724074e-13,1.06918705e-07,6.244966e-15
1779,1282,1283,4,3.8741787e-19,0.0,4.1705094e-25,1.1687418e-11,0.8454448,1e-45,1.07195426e-10,1.803796e-15,5.584484e-18,1.8482031e-19,2.0260128e-08,3.907602e-05,1.8139767e-12,4.0077855e-19,0.1545153,6.8623296e-10,4.852053e-17,1.3351137e-08,2.0854164e-18
1780,1283,316,4,5.552409e-18,0.0,9.57891e-22,1.8976984e-12,0.88460344,3.90004e-40,3.0126455e-13,1.7705623e-14,7.711882e-16,2.017543e-39,1.7649242e-07,0.11206257,2.0196292e-10,2.5166358e-17,0.003332232,2.2923952e-23,6.7255645e-12,1.9753672e-10,1.9695148e-16
1781,316,1284,4,1.3897206e-20,0.0,1.03711336e-16,8.104516e-17,1.0,1.334e-42,2.1352763e-12,6.041714e-21,9.215314e-16,2.4e-44,1.3650972e-08,6.099625e-08,4.4271973e-14,2.2698485e-16,3.8888464e-07,4.6e-44,1.9422746e-16,8.112587e-10,6.3208485e-14
1782,1284,1285,4,2.3388108e-17,0.0,5.3878253e-25,7.641375e-14,0.9949583,8.8486e-41,1.4113819e-09,2.7380693e-20,9.317607e-17,9.558803e-28,2.8481363e-08,2.5285992e-08,1.0994559e-13,1.087059e-17,0.0050420444,4.544684e-22,8.767021e-16,1.3397207e-08,7.0826396e-20
1783,1285,322,4,9.639264e-18,0.0,5.043447e-26,2.2267642e-13,0.99997336,1.488e-42,1.6580284e-10,1.18727905e-17,2.287009e-13,1e-44,1.8306241e-06,1.7896382e-05,1.8544756e-10,2.7406271e-14,5.991999e-06,1.1932148e-37,9.863597e-11,1.4067762e-08,1.7374601e-17
1784,322,1286,4,1.370799e-18,0.0,1.6117984e-18,6.153406e-14,0.99997705,3e-45,1.6066425e-10,9.693145e-16,6.44508e-12,1.1e-44,2.2542318e-07,2.351762e-05,7.427222e-11,4.3165038e-12,2.1579231e-07,0.0,2.4283983e-11,6.792405e-09,1.4976574e-11
1785,1286,1287,4,3.3313822e-17,0.0,1.2290987e-27,6.5825974e-16,0.9863535,0.0,2.3146056e-11,2.1529892e-15,1.3659661e-17,3.9825358e-32,2.036215e-10,0.010584762,1.39945505e-14,1.32545266e-14,0.0030631162,3.593249e-22,1.1219963e-13,1.4791473e-12,7.385205e-20
1786,1287,1288,11,3.3128904e-18,0.0,8.135082e-26,2.9505752e-16,1.3926905e-08,2.8e-44,2.5475303e-13,6.83827e-08,1.6881776e-18,7.3947014e-21,5.1760224e-12,0.9987343,5.478218e-13,4.6548757e-13,0.0012666362,5.122479e-26,3.082059e-17,2.061882e-12,1.0519317e-16
1787,1288,232,14,4.0868307e-12,0.0,1.3686877e-26,5.3651046e-16,4.130944e-09,2.0779387e-23,2.8998576e-10,5.450215e-09,1.6953169e-16,3.8710805e-17,2.998556e-12,5.489218e-07,1.480552e-13,1.787533e-09,1.0,1.3e-44,2.0171545e-13,1.8940581e-07,7.559448e-12
1788,115,1259,0,0.9990697,0.0,1.5601139e-31,3.0349955e-16,1.6328269e-11,1.0702e-41,2.8163696e-10,3.3175968e-17,3.0300012e-14,1.0964937e-22,1.9833458e-05,7.472507e-15,1.2052196e-13,4.9695082e-08,5.714029e-14,0.0,6.0714134e-10,0.0009119446,9.239886e-23
1789,448,151,17,0.1676186,0.0,9.495516e-31,4.6603414e-16,1.9257126e-08,4.8410903e-24,2.3684072e-06,6.2922334e-10,2.0426e-12,8.289e-42,1.04361435e-08,1.069749e-09,2.9183638e-13,1.6421795e-09,5.856639e-12,0.0,2.4190983e-10,0.8323786,5.569449e-16
1790,115,151,0,0.99999815,0.0,3.6239795e-34,4.835967e-21,2.0473779e-16,1.65e-43,1.8187454e-14,2.3377918e-19,9.320776e-16,1.50604e-39,6.371287e-14,2.9789725e-17,2.5916423e-18,2.9173434e-14,2.8914512e-18,0.0,1.8142629e-13,1.5310587e-06,3.623832e-24
1791,139,151,0,0.99991035,0.0,2.5538434e-37,6.8128083e-22,4.6716954e-13,0.0,2.6464348e-11,6.4115325e-20,6.187713e-14,2.1115e-41,6.08839e-14,9.174591e-16,7.466031e-17,7.553872e-15,1.41562465e-14,0.0,2.4584076e-10,9.053497e-05,1.4827199e-24
1792,214,1289,13,6.00552e-07,0.0,2.4963668e-31,6.569135e-21,3.2743075e-10,1.1e-44,1.0434074e-08,4.636717e-18,2.5265147e-17,5.7808613e-34,7.0898387e-10,1.1178725e-15,3.3675347e-13,1.0,4.8678447e-11,0.0,6.5086804e-11,1.3120959e-07,2.4538906e-22
1793,1289,115,0,1.0,0.0,2.2674825e-34,4.4258626e-22,1.7060417e-15,0.0,5.05972e-15,2.3684151e-22,5.4781056e-16,5.1283965e-36,1.1475044e-13,4.8049555e-17,4.1656092e-19,1.7968342e-13,7.509877e-17,0.0,2.1112613e-12,1.1176936e-07,6.8209857e-26
1794,436,430,14,8.0345534e-23,0.0,2.7901366e-19,5.465682e-10,1.5934349e-09,3.175619e-37,3.0776125e-13,2.7512265e-15,1.5533343e-21,4.268463e-19,4.3268156e-16,2.4062617e-08,2.4280068e-13,2.7591036e-19,1.0,4.476134e-16,4.673052e-16,6.539424e-16,1.7517005e-11
1795,1264,374,12,1.6658633e-19,0.0,1.8747467e-18,8.79023e-08,1.7905322e-13,4e-45,1.403556e-06,3.1597297e-14,1.516371e-09,3.0458226e-27,1.6931723e-07,2.9901306e-09,1.0,3.171862e-17,2.8150822e-09,2.451773e-39,1.0591273e-08,8.9874524e-11,3.5525676e-13
1796,374,1286,11,1.2793047e-19,0.0,2.544743e-28,1.5928e-05,8.933992e-11,0.0,2.3136457e-09,4.6921103e-09,5.5184527e-11,6.289691e-32,1.4763333e-06,0.99972534,0.0002584375,1.35687e-13,4.51529e-07,2.1276144e-22,2.0678557e-09,2.7981925e-13,4.679619e-15
1797,374,1290,11,2.985034e-18,0.0,3.2081215e-34,7.1972784e-12,2.2404453e-08,0.0,2.0249503e-12,9.001741e-08,8.597211e-11,2.1143066e-28,6.6670373e-06,0.9999923,2.0201378e-10,9.3709326e-17,1.6351409e-09,1.9958246e-26,5.1305894e-13,1.961736e-12,8.083128e-15
1798,1290,1291,11,7.3932444e-11,0.0,8.7183076e-21,1.1434345e-16,3.473439e-05,0.0,2.4870677e-11,2.3906894e-08,5.7527705e-11,4.9709814e-25,2.797514e-10,0.83612746,1.4609531e-08,1.7888472e-19,0.16383943,8.8855526e-35,4.254193e-10,8.355848e-10,1.1408118e-16
1799,1291,430,14,4.7197003e-17,0.0,1.6439553e-29,2.4338225e-12,2.4223487e-10,2.54e-43,2.782122e-12,7.924773e-12,4.0350604e-19,4.7768394e-20,5.8844634e-16,1.2098516e-09,3.8454493e-13,3.1454726e-18,1.0,2.418746e-19,2.3981422e-16,6.7653196e-12,5.068204e-21
1800,70,154,6,5.3045036e-15,0.0,1.0815986e-18,8.113984e-24,8.566691e-13,1.1927322e-30,1.0,7.4085066e-14,2.0271955e-08,3.531548e-33,3.1984807e-11,3.0799614e-13,2.7411662e-10,2.471468e-14,1.1423306e-10,0.0,1.36474105e-11,5.9829453e-09,2.5822038e-14
1801,430,232,14,1.6920831e-20,0.0,1.3998e-17,8.684851e-13,7.481521e-07,3.0318513e-29,1.9949274e-10,4.230297e-15,5.2687146e-20,1.8443538e-23,4.483919e-12,9.063971e-08,3.130744e-13,6.9205445e-14,1.0,0.0,1.8902962e-16,2.3732866e-10,8.120398e-08
1802,139,214,0,0.9999923,0.0,8.901506e-33,6.679992e-22,6.021133e-10,0.0,7.3448975e-10,7.267432e-21,3.9122639e-16,6.892452e-39,8.278706e-13,3.904485e-14,9.631886e-16,5.684202e-06,4.694057e-11,0.0,9.321622e-10,3.6452304e-06,1.2718997e-25
1803,46,247,0,0.9999886,0.0,2.6032718e-28,9.393715e-28,2.1358455e-13,2.46e-42,6.3530896e-16,1.2659304e-19,1.1133226e-16,5.0944e-41,2.9603886e-13,3.7318022e-14,2.1526337e-17,1.0447591e-05,1.4678534e-14,0.0,1.0271216e-07,1.0516545e-09,3.2403497e-24
1804,259,247,0,0.9989859,0.0,5.1212863e-34,2.8182626e-24,2.9030705e-08,7.281247e-22,1.8282147e-08,5.2359744e-13,1.3427885e-11,2.206441e-32,1.1400724e-08,4.3253698e-13,8.184304e-16,0.00015599866,2.8456387e-08,0.0,3.61069e-12,0.0008566665,1.1263068e-19
1805,259,58,0,1.0,0.0,1.4231329e-35,3.68781e-26,5.997074e-14,1.4779271e-37,1.1872006e-12,2.973497e-19,5.823963e-17,2.9101668e-38,2.1313109e-14,7.8004667e-16,1.2128767e-19,1.35995e-10,2.0781079e-13,0.0,1.3137282e-15,1.355193e-07,2.7585283e-24
1806,30,1292,8,6.455226e-17,0.0,1.9878358e-29,1.7302462e-22,2.6547207e-11,4.1875335e-26,2.940356e-05,3.9073588e-15,0.9999695,1.1631539e-36,3.856931e-09,2.670934e-10,1.0076628e-14,2.2832699e-20,3.147843e-14,0.0,2.4376623e-10,1.9306956e-12,2.4353983e-07
1807,1292,204,8,3.0186028e-14,0.0,2.8181077e-27,6.124822e-18,3.1620038e-17,7.55e-43,8.709751e-09,4.5398682e-14,1.0,1.7641933e-34,1.2518909e-15,3.96531e-12,9.073016e-12,1.8758404e-19,1.4785936e-13,0.0,1.20071615e-08,2.4944928e-15,2.6446573e-08
1808,204,78,6,2.6010304e-19,0.0,3.7785597e-28,3.470384e-10,1.9991537e-12,8.077462e-36,0.99916875,1.02650506e-10,9.899822e-11,8.689647e-30,1.402791e-13,1.1906856e-09,0.0008301133,5.427699e-18,1.6881557e-06,0.0,7.661274e-08,3.459956e-09,1.6294844e-12
1809,527,228,6,6.8792564e-19,0.0,3.9382446e-30,1.6771231e-12,1.6204273e-13,2.385404e-32,0.9999466,2.6371996e-10,3.2732924e-12,3.4095645e-24,4.882287e-14,2.7358028e-13,5.2829837e-05,1.2608477e-16,3.9946983e-07,0.0,4.2487505e-07,1.5414547e-10,1.01821614e-13
1810,228,123,8,1.1497046e-12,0.0,5.136042e-32,6.529216e-20,4.6856974e-13,2.9247956e-27,0.20210719,9.528155e-12,0.79775316,3.0213905e-29,7.990096e-12,1.0163695e-12,2.0738314e-13,1.6224538e-16,5.6395817e-13,0.0,4.3120836e-09,2.2342344e-06,0.00013825673
1811,123,1293,8,2.7057046e-13,0.0,2.6090095e-27,1.64715e-22,5.2381634e-16,2.0221026e-26,5.8684946e-11,9.341862e-13,1.0,8.811054e-36,1.4678514e-09,8.787765e-12,5.879824e-14,5.9078655e-20,3.2830582e-20,0.0,7.8141556e-11,1.0154564e-09,1.669638e-09
1812,1293,1294,8,7.579202e-11,0.0,1.00249896e-28,1.0100858e-17,3.637697e-16,4.912826e-39,7.7533496e-10,2.7546513e-14,1.0,2.2662326e-38,3.391397e-13,1.3797617e-15,2.2397157e-11,3.1040153e-18,1.6939924e-15,0.0,3.90883e-10,1.6992076e-09,5.589349e-16
1813,1294,135,0,0.9998856,0.0,6.1955605e-31,3.8314728e-17,1.634115e-13,2.2e-44,1.8113398e-07,1.9448325e-16,5.3980224e-05,2.0840158e-34,1.824595e-12,5.0847634e-13,1.03822e-12,3.8782795e-09,2.4035059e-11,0.0,5.163045e-05,8.5112815e-06,3.492572e-20
1814,216,1295,13,3.480063e-13,0.0,2.7364648e-25,1.3407644e-22,5.818812e-13,5.3151415e-36,1.1991746e-14,4.1934078e-11,3.5475293e-21,7.1383024e-34,1.4301456e-12,1.3507896e-12,7.0459515e-16,1.0,2.0075627e-13,0.0,1.14976e-11,3.2453273e-10,9.173172e-20
1815,1295,1296,16,3.2802049e-12,0.0,2.6425868e-33,7.065555e-21,1.2363212e-13,2.3163183e-34,9.080352e-13,3.936357e-05,6.322108e-05,1.006169e-21,9.714455e-11,6.073803e-09,3.9607032e-10,6.73702e-11,4.579712e-09,5.0332e-41,0.999897,2.5802445e-14,4.891995e-16
1816,1296,228,8,6.758087e-15,0.0,9.154828e-33,1.6110846e-19,1.1770052e-19,0.0,7.898425e-12,2.788359e-12,1.0,8.451958e-25,2.372842e-18,5.98777e-14,1.0712512e-10,3.1633745e-20,3.6569883e-12,0.0,1.4523736e-08,1.8022855e-12,5.2677955e-18
1817,527,1297,7,7.9164786e-23,0.0,1.7549496e-35,6.348505e-18,9.8589926e-14,1.1986953e-20,1.0051355e-09,1.0,1.6513639e-16,3.522617e-24,8.7536055e-12,1.8504841e-09,1.2353364e-12,2.2703271e-14,3.9417076e-12,4e-45,6.1638424e-12,5.7787876e-12,1.1833682e-09
1818,1297,1298,7,1.4337517e-22,0.0,1.3997288e-27,1.1380641e-17,5.823147e-15,1.1172728e-20,2.1157301e-17,1.0,8.891147e-20,9.765685e-20,2.4851184e-15,4.1157314e-10,8.000336e-14,6.159418e-14,8.81386e-10,1.2156339e-32,1.2329383e-15,6.4597655e-15,1.983623e-15
1819,1298,1299,7,6.472532e-18,0.0,8.359338e-29,8.954054e-11,1.3087254e-09,8.352162e-30,7.448952e-12,0.94977254,4.731939e-18,1.5787683e-17,1.1363248e-09,3.2180182e-08,3.9651047e-09,8.5311335e-08,0.05021681,1.6645084e-21,2.744205e-14,8.866553e-06,6.616079e-16
1820,1299,312,17,1.599217e-20,0.0,6.0952677e-33,2.0374947e-12,2.8581742e-06,2.2209924e-31,4.515723e-06,9.822799e-15,2.3138028e-18,9.365545e-30,5.5216596e-09,1.1851603e-11,1.9918437e-14,7.504667e-09,9.9523945e-08,0.0,3.676502e-19,0.9999923,2.3625672e-15
1821,216,1299,13,3.2240537e-14,0.0,2.2175205e-24,1.3517626e-10,2.6302861e-11,5.2565e-40,3.6504157e-09,1.838274e-12,5.4923942e-17,4.6315944e-31,9.35908e-08,2.6620397e-13,7.86577e-05,0.99959964,1.54668e-09,0.0,1.0654478e-10,0.0003210435,1.2656122e-18
1822,90,1300,18,3.8415928e-21,0.0,7.001293e-22,5.034388e-13,1.8786876e-07,3.2036404e-22,9.248354e-07,0.0028256557,2.2237182e-12,6.035413e-25,0.00037296294,3.2781244e-07,2.1306555e-11,0.0013468673,7.844277e-07,0.0,2.809916e-13,1.823057e-05,0.99543285
1823,1300,1301,13,3.2138696e-17,0.0,4.1345434e-29,7.817147e-16,2.6486602e-12,1.2748061e-15,4.8593657e-11,8.697649e-05,6.2014413e-18,9.933212e-21,6.6424636e-06,2.7153398e-14,4.702873e-12,0.9999047,1.0236174e-06,6.674947e-30,1.078195e-12,2.394532e-08,1.4986266e-14
1824,1301,288,4,1.3405608e-13,0.0,3.4316047e-31,4.1996046e-14,0.94666547,9.153871e-36,0.0005081994,4.983068e-13,1.8498935e-14,4.036764e-29,1.5904851e-07,8.393422e-09,4.4973536e-10,1.0118199e-05,0.0033291318,0.0,3.0066654e-12,0.04948676,4.906445e-22
1825,458,1302,5,1.0171555e-22,0.0,1.7626134e-33,2.3934346e-24,5.3163544e-15,1.0,8.806473e-16,1.1281324e-15,5.084772e-17,3.264e-42,8.7773414e-13,1.5878278e-17,5.380554e-25,5.3261534e-17,4.7027613e-21,0.0,6.08822e-20,5.279348e-16,2.9275527e-12
1826,1302,1303,5,4.2045345e-25,0.0,3.7884305e-36,1.026645e-27,1.1885213e-16,1.0,2.7282702e-19,3.6849966e-19,5.1484683e-21,3.0782675e-37,3.6707678e-13,4.042606e-21,2.5535864e-25,1.105332e-18,4.5440992e-20,0.0,5.092371e-21,5.574257e-22,9.655225e-20
1827,1303,1304,5,9.022053e-24,0.0,1.4234851e-36,1.0715542e-24,5.7042252e-15,1.0,6.124708e-17,2.4519482e-19,4.0133938e-22,7.036866e-25,1.8345564e-10,1.4492315e-21,1.5048829e-21,6.5832976e-17,6.8534923e-16,0.0,1.822612e-20,2.791434e-20,2.3106392e-23
1828,1304,1305,5,3.3124792e-22,0.0,3.4892547e-28,2.2451985e-19,3.370819e-09,0.9999962,6.4877265e-13,8.155996e-18,3.4983623e-18,3.161458e-19,3.8745e-06,3.8828994e-16,1.8907309e-14,6.1019447e-18,2.7050792e-10,0.0,2.1017837e-15,3.6737598e-16,1.5662432e-17
1829,1305,1306,10,1.9243194e-21,0.0,6.949209e-25,2.2599507e-13,4.8177944e-13,6.817514e-37,2.3861966e-09,3.022947e-14,4.388828e-13,9.351298e-31,0.9999047,3.6446377e-11,9.642086e-05,1.4716476e-16,8.168342e-14,1e-45,8.662619e-12,1.3882065e-11,5.1027954e-13
1830,1306,420,6,5.5541324e-08,0.0,3.348905e-30,4.159259e-11,0.12207696,7.363832e-18,0.8580087,1.6189734e-08,9.8537385e-12,3.2398673e-17,2.6216192e-05,1.468481e-06,8.438129e-12,1.5894608e-06,0.01384701,0.0,5.8466665e-10,0.0060385894,4.3503999e-16
1831,42,1307,13,0.0036897107,0.0,1.2649285e-23,9.1082275e-24,1.176142e-14,0.0,3.272228e-14,4.971362e-17,3.3887556e-15,5.2588488e-30,4.498795e-10,4.0039946e-12,4.2082505e-13,0.9959684,1.1333009e-13,0.0,0.00034159003,4.251649e-09,7.477e-18
1832,1307,1308,16,3.6547647e-08,0.0,1.3569729e-29,1.1771875e-22,3.888193e-15,0.0,3.7549047e-15,9.301808e-16,2.1092104e-10,1.663343e-33,2.3278243e-12,7.9976026e-11,3.4742747e-12,4.5798256e-13,1.8674469e-16,0.0,1.0,8.754469e-13,1.2713802e-18
1833,1308,30,8,1.9244563e-16,0.0,1.5618701e-24,2.0460542e-20,1.5405689e-15,2.3052024e-27,1.8445797e-07,5.270273e-16,1.0,2.7482181e-36,3.1923755e-10,1.7456494e-12,4.0770985e-12,1.059439e-22,3.5174078e-16,0.0,5.314175e-11,2.0211895e-14,5.376123e-10
1834,243,1309,0,0.99738276,0.0,2.359403e-25,9.303021e-22,5.517897e-14,3.8454183e-29,1.2441964e-09,1.23697e-09,1.0978295e-06,4.8026376e-28,2.1583573e-09,4.6535137e-11,4.2656476e-11,0.00052592787,6.326328e-13,0.0,0.0020892543,7.88245e-10,3.992258e-16
1835,1309,1310,16,7.4062925e-09,0.0,1.0906769e-32,4.199757e-18,1.4666961e-12,6.9783345e-37,3.3461282e-11,2.0280233e-08,1.0070605e-12,4.9363503e-30,2.0095442e-12,2.9881564e-10,7.812405e-09,2.0940754e-09,1.3988053e-12,5.049136e-37,1.0,1.2887291e-11,1.0185898e-19
1836,1310,1292,8,4.710573e-13,0.0,8.6329005e-26,2.8969742e-16,3.0229801e-15,4.884199e-39,7.264348e-08,9.567732e-15,0.9999962,1.5011514e-27,8.97606e-15,4.120976e-11,6.60252e-07,6.063275e-22,4.430689e-09,0.0,2.1668081e-06,8.385687e-14,1.6043155e-17
1837,243,1311,13,0.00013331468,0.0,3.40371e-28,1.1989652e-20,3.5617582e-11,1.4749804e-16,5.0256654e-10,8.2542e-14,9.183429e-13,9.368764e-37,1.2235532e-08,2.1184148e-14,4.9714834e-14,0.9998627,9.163875e-11,0.0,1.4507317e-12,5.20731e-06,1.1643398e-20
1838,300,458,6,1.5792875e-08,0.0,2.5632154e-20,3.9754205e-08,9.816621e-07,2.1331388e-31,0.99993134,3.283824e-19,3.6964742e-10,0.0,2.5324496e-09,7.795879e-10,1.915706e-06,2.607641e-16,2.6300755e-11,0.0,4.317705e-05,2.2359578e-05,2.4576048e-11
1839,458,1311,5,2.3335015e-23,0.0,2.22156e-39,8.093069e-21,2.2434906e-15,1.0,7.002015e-14,2.619274e-17,2.1903145e-17,1.9709915e-35,4.5491843e-11,8.579542e-21,3.0027674e-20,1.6690669e-14,3.7719543e-18,0.0,7.229764e-23,3.592318e-14,2.6056669e-20
1840,1311,1312,10,2.2999e-17,0.0,4.0506837e-34,6.8079067e-12,5.8403447e-07,6.924316e-08,0.00016993092,5.3672444e-12,1.06169565e-16,7.115634e-25,0.99982834,1.1612213e-13,3.1783547e-09,7.4210874e-08,2.637658e-06,0.0,2.4647175e-14,1.46751065e-08,9.059526e-20
1841,1312,1313,6,1.6559392e-14,0.0,1.6595898e-27,8.0864835e-09,1.410098e-06,7.259436e-33,0.9495081,7.8837516e-08,5.767908e-12,4.2783427e-26,0.050380863,4.4505107e-08,6.769419e-06,1.1656245e-12,0.00010453298,0.0,9.660859e-13,7.1834383e-09,1.976869e-16
1842,1313,204,8,1.5510703e-16,0.0,2.8478967e-31,1.7121039e-16,1.1727007e-15,0.0,1.270848e-09,2.89665e-11,1.0,1.3727964e-28,1.7964629e-14,7.082456e-11,1.4598772e-09,4.9184296e-18,7.2436696e-10,0.0,1.5945531e-10,1.4188673e-12,6.4262124e-16
1843,78,1314,7,3.375085e-20,0.0,3.2414937e-35,2.6819189e-18,3.1521755e-10,1.8805907e-19,1.746553e-07,1.0,3.2992402e-13,1.06505255e-27,4.1458144e-09,4.799429e-07,4.307812e-15,3.4499115e-10,2.715612e-12,0.0,2.52945e-14,7.355167e-08,2.0435093e-07
1844,1314,1315,7,5.16878e-20,0.0,1.7053841e-23,2.0088637e-18,3.9451827e-12,1.2678877e-19,2.2294553e-16,1.0,1.0005403e-18,6.551122e-27,6.627052e-13,1.6922684e-07,5.962677e-13,5.6982685e-14,1.9200405e-10,5.469877e-39,3.3434305e-14,1.0193165e-12,1.1293897e-15
1845,1315,1316,7,1.0541927e-17,0.0,1.4035215e-17,2.2365566e-11,4.968157e-10,2.0417342e-28,4.6438162e-10,0.998201,8.079607e-09,2.0766845e-25,5.4182618e-12,6.890783e-05,0.00011070489,3.3365122e-14,0.001609034,2.824516e-39,1.0458398e-05,6.291417e-10,3.423111e-13
1846,1316,300,17,4.50083e-06,0.0,1.0168236e-26,6.964336e-10,1.0933576e-06,0.0,0.0020392616,2.9465951e-15,7.146173e-05,1.2667969e-31,2.3506924e-07,1.1057592e-08,6.187097e-11,5.649082e-11,1.4008459e-11,0.0,4.2492444e-11,0.9978851,1.8152314e-10
1847,300,90,6,9.849252e-15,0.0,4.9127804e-20,1.7044467e-09,4.017687e-05,0.0,0.9932669,5.543652e-16,8.340796e-15,6.249587e-38,5.1537417e-11,0.00010091029,6.1829475e-10,8.670757e-11,0.0065868353,0.0,9.291068e-15,4.0396303e-06,2.2706654e-06
1848,102,312,6,2.7381778e-17,0.0,3.1505487e-20,2.3178595e-09,1.1325964e-13,1.4080164e-38,1.0,4.627402e-19,8.157563e-15,2.0642063e-32,1.0438142e-14,4.9338164e-12,6.2103305e-07,2.3332848e-18,1.4683458e-07,0.0,1.1009054e-10,2.1108225e-08,2.7885545e-09
1849,420,288,14,3.5497357e-21,0.0,2.532061e-18,0.07692281,4.2694206e-13,7.658e-42,9.288504e-10,1.7079532e-11,4.8273483e-18,7.583692e-24,1.568451e-15,4.9653085e-05,0.000274928,6.457605e-20,0.922752,4.4794866e-14,3.8266916e-12,1.6682704e-15,1.649672e-14
1850,1317,54,0,0.9999695,0.0,1.9670728e-33,1.1438368e-22,2.0355004e-10,1.1008713e-26,7.10538e-10,6.7091286e-15,2.4516813e-08,1.957293e-37,4.0853738e-08,1.478925e-15,4.6298816e-16,2.6305148e-05,3.9978416e-13,0.0,5.864732e-12,3.7653929e-06,1.1357459e-21
1851,255,1302,5,2.5186855e-14,0.0,4.071016e-30,3.5799486e-23,3.7171471e-10,1.0,2.63886e-10,3.0815465e-14,1.6355663e-15,4.93669e-37,9.218305e-08,2.2336182e-16,7.088435e-17,6.238988e-08,2.250231e-12,0.0,2.633119e-17,1.1195257e-12,8.3883625e-17
1852,1317,1318,10,3.383681e-14,0.0,2.4731038e-33,9.670854e-20,6.693453e-09,5.310024e-10,1.2661643e-08,4.2231743e-13,2.0774928e-10,3.6571348e-31,1.0,3.397776e-16,2.8961276e-13,1.0775963e-09,1.5282275e-11,0.0,8.028034e-14,5.9081884e-10,3.4182612e-18
1853,1318,1319,10,1.1637937e-20,0.0,6.495539e-32,1.2967072e-12,2.5937638e-07,5.107764e-12,3.5887093e-10,1.9812138e-12,2.9460317e-16,3.9679756e-11,1.0,1.7494007e-14,6.0378248e-12,8.703689e-13,8.628927e-09,4.5370744e-32,4.400256e-15,5.8281624e-10,8.895256e-19
1854,1319,168,9,1.8549569e-25,0.0,1.0658947e-33,2.7646613e-15,2.590236e-13,3.8438e-41,1.10691655e-14,1.4373649e-16,1.1068972e-26,1.0,8.3717115e-16,9.716988e-16,1.1202337e-14,5.676512e-20,7.271109e-09,1.6088658e-21,2.4694167e-19,2.507237e-16,1.3587198e-27
1855,168,1320,9,1.498191e-23,0.0,7.2288963e-34,7.3322865e-21,8.492618e-17,1.4944538e-36,5.2862148e-18,5.497326e-15,1.9385266e-26,1.0,3.0343357e-16,4.0388725e-15,3.4873448e-17,7.8407587e-19,4.5388145e-13,1.3910192e-29,1.363098e-17,2.468382e-18,3.5322899e-25
1856,1320,1321,11,3.050533e-19,0.0,1.1767724e-18,3.5671954e-12,4.9592743e-11,1.0196166e-33,4.86548e-14,4.930332e-06,1.5623465e-17,2.9200011e-05,2.3786428e-10,0.99996567,3.2690192e-08,1.3790679e-14,5.3594016e-07,2.1544996e-31,8.08255e-13,1.2056465e-14,5.0844723e-13
1857,1321,180,9,5.5523323e-15,0.0,1.3462282e-21,3.4518527e-14,3.772689e-10,5.424985e-34,1.4922463e-10,1.2548809e-05,5.6516765e-16,0.9985781,7.998098e-09,9.2252037e-07,5.930125e-06,8.105198e-09,0.0014037831,1.5554332e-36,2.3975036e-07,2.121476e-10,1.13870515e-20
1858,180,1322,13,1.2081242e-13,0.0,2.160434e-23,9.738335e-14,1.0577824e-16,0.0,1.2490613e-09,3.491988e-11,1.6414245e-13,2.120845e-25,0.00038300807,4.8331e-17,5.4066516e-07,0.99961483,3.0242918e-17,0.0,1.3442775e-07,2.8518329e-08,7.139519e-14
1859,1322,192,10,9.7980285e-14,0.0,6.5436557e-19,1.0134039e-12,4.2592435e-10,0.0,1.4591454e-05,5.887079e-12,2.353614e-10,3.3251178e-20,0.994575,1.3860904e-10,0.005351629,3.7232855e-06,3.4092568e-14,0.0,5.126717e-05,4.131407e-06,6.689325e-07
1860,539,1323,10,3.697626e-20,0.0,4.726516e-15,2.0833348e-09,0.30957884,8.3913963e-26,0.00010534038,1.1121841e-10,2.1420139e-13,1.4405388e-22,0.6902689,4.485834e-05,1.7236099e-10,2.091662e-11,5.139437e-08,3.2311474e-28,4.8432286e-11,2.7817472e-07,1.2384261e-06
1861,1323,386,4,1.3741905e-20,0.0,1.936306e-22,8.699369e-14,0.99978644,6.8592883e-34,6.3975975e-08,1.3556973e-18,5.0843133e-22,6.446943e-29,0.0002149292,7.1005644e-08,1.1223405e-10,5.805783e-14,4.3375415e-08,2.6276064e-35,6.6468574e-11,8.086135e-11,7.593037e-18
1862,496,1324,4,9.9936345e-23,0.0,2.4269517e-05,1.3289129e-18,0.9999543,1.631489e-25,1.4304288e-09,1.04865425e-16,7.277478e-20,5.8908836e-32,1.9673334e-05,2.6271726e-07,9.133594e-16,2.9199906e-12,3.1551625e-08,0.0,8.642464e-17,8.440419e-11,7.0201463e-07
1863,1324,398,4,7.1995593e-19,0.0,6.908309e-13,7.3982826e-14,0.99977875,7.801517e-36,1.9185993e-09,6.978629e-14,1.8007825e-25,2.2333556e-22,3.969547e-05,1.671566e-05,1.4729719e-10,6.095322e-08,0.00016377107,4.663502e-33,4.500539e-13,9.1835074e-11,3.199391e-14
1864,168,1338,9,9.5899036e-24,0.0,9.090795e-33,1.8211872e-20,5.655469e-17,3.8894073e-31,3.695754e-18,1.7140122e-16,4.637587e-24,1.0,1.2723145e-14,5.462887e-18,2.7818404e-16,9.57454e-19,3.7197496e-14,3.747948e-31,4.883679e-16,2.903665e-18,1.6333401e-23
1865,288,1325,4,1.2373932e-19,0.0,1.8050097e-20,3.3546093e-14,0.9791966,8.4124347e-38,2.0945697e-10,1.0286605e-11,6.377954e-24,5.917781e-23,1.25766125e-11,0.00018578801,3.5329697e-14,4.7098384e-12,0.0206168,5.5788106e-29,9.569068e-18,4.2812834e-10,5.9505123e-16
1866,1325,1326,14,1.9526796e-19,0.0,1.0658855e-20,1.2474851e-09,4.0067416e-06,8.8994e-41,7.2211144e-14,1.3868092e-11,2.416597e-19,1.7332168e-17,1.3722054e-12,0.004762489,1.1144674e-13,1.30522695e-14,0.9952354,3.335868e-11,9.740953e-18,4.7727562e-14,1.3840733e-16
1867,1326,496,14,8.040497e-09,0.0,3.6380672e-26,1.7883778e-10,0.007399029,1.2428e-41,2.839941e-11,1.00031875e-11,1.6035197e-10,3.8381435e-17,3.05895e-09,0.0055230665,5.351153e-13,6.0827265e-10,0.9870761,2.6230826e-33,5.8162797e-10,9.660337e-07,8.051203e-18
1868,180,539,9,1.490284e-17,0.0,4.1515215e-27,1.8522137e-17,5.450513e-14,1.21964434e-29,7.760516e-16,4.286186e-10,2.4266303e-18,1.0,2.8950814e-11,1.0996619e-12,6.6520574e-11,3.040319e-13,2.3963673e-09,2.0826696e-37,8.593412e-10,1.8807032e-14,1.3184134e-21
1869,192,1327,9,5.62241e-16,0.0,1.0775133e-33,7.0346176e-16,7.506488e-12,9.159987e-28,3.1663796e-13,1.0656928e-08,4.8950402e-15,0.9998054,8.6180755e-08,5.6426645e-11,4.4921946e-09,4.282847e-12,6.754773e-12,1.7818905e-30,0.00019385557,6.642437e-14,6.2218817e-21
1870,1327,1328,11,4.317959e-17,0.0,3.348428e-25,1.0489473e-14,8.3065415e-06,1.0164443e-32,4.1473743e-12,1.5968197e-07,7.585864e-16,1.5359047e-14,2.486707e-11,0.99997705,5.204916e-10,2.8621518e-17,1.5787538e-05,1.1431417e-17,3.08125e-08,1.9726525e-14,6.903501e-17
1871,1328,1329,11,4.0668751e-13,0.0,5.9155806e-19,1.3055308e-14,0.00093967334,9.967281e-32,1.03592196e-11,7.9300416e-10,1.7588204e-16,4.95828e-30,1.1823433e-10,0.9990582,6.4168797e-16,1.6300167e-15,2.100703e-06,9.213411e-17,4.930449e-12,2.890061e-11,3.012104e-14
1872,1329,386,11,4.7119904e-14,0.0,4.9805923e-15,1.738915e-14,0.04151416,5.7418418e-37,2.0607144e-08,1.4800729e-12,4.049692e-20,2.4958595e-18,2.2625578e-11,0.9333585,1.3282074e-12,4.015795e-16,0.025127605,2.1545133e-26,1.4931908e-11,5.169922e-13,8.3490995e-16
1873,386,1330,4,1.8484827e-14,0.0,8.1639914e-19,8.218099e-14,0.995786,2.4105466e-35,5.924421e-08,1.5885322e-15,1.3026657e-21,5.038655e-20,8.348497e-08,0.0036777803,5.93214e-13,3.5830095e-15,0.00053649326,1.9901575e-29,1.9033118e-10,1.7806894e-13,1.3328889e-17
1874,1330,1331,11,7.945297e-19,0.0,2.6434728e-19,2.9945969e-07,4.6504374e-06,9.341967e-36,3.9862073e-13,4.2374992e-08,8.719613e-19,4.163673e-18,1.1140827e-09,0.9999695,1.2101815e-13,5.0406863e-15,2.6697591e-05,2.9797772e-11,3.609884e-16,8.006809e-14,1.3913669e-10
1875,1331,398,14,7.0346176e-16,0.0,7.032088e-18,6.2153926e-10,0.34014982,1e-45,2.8821164e-08,1.2333053e-15,1.6393779e-21,4.395373e-23,4.5151825e-09,0.025122043,4.1182954e-08,2.3541964e-11,0.6347276,4.498078e-31,2.901448e-12,6.0287365e-11,8.3267e-18
1876,539,496,3,7.5494916e-23,0.0,3.4513912e-22,0.9979536,5.132058e-13,0.0,2.7264602e-11,1.646078e-12,1.1297435e-14,2.666465e-25,8.4472707e-13,2.3363084e-07,0.0020206843,7.304182e-19,2.6866675e-05,3.187672e-14,5.055508e-10,1.9478014e-17,2.0328682e-19
1877,398,1332,4,1.1079969e-16,0.0,6.352256e-19,1.7029098e-20,1.0,5.517827e-39,6.959874e-10,1.3397533e-20,5.5093035e-26,1.9891864e-36,7.247768e-08,1.4961303e-07,2.6579578e-15,4.152827e-09,1.245879e-07,0.0,5.007356e-16,1.3006422e-10,3.8029157e-18
1878,1332,1333,13,3.6838135e-13,0.0,1.8520513e-17,1.911127e-16,0.06850771,7.830892e-27,2.90471e-08,6.305146e-07,7.044113e-19,7.11242e-28,0.18307823,0.0006991935,6.37243e-10,0.74770933,4.825758e-06,7e-45,1.03843094e-10,2.2440304e-07,8.582429e-12
1879,1333,482,10,4.475863e-15,0.0,7.311528e-15,3.7592494e-14,3.322868e-08,1.1668004e-32,2.6277474e-12,8.072846e-05,8.444129e-17,6.4973217e-25,0.9995156,0.00038755682,1.4491439e-05,4.913451e-07,5.1325802e-08,3.9519517e-24,1.0780039e-08,1.3403282e-09,2.7488177e-12
1880,192,66,12,2.9671926e-22,0.0,1.38354675e-14,0.012247851,1.7375915e-11,5.4931765e-37,1.16515615e-07,7.167349e-15,8.332896e-18,4.6833e-14,1.12471605e-08,8.414833e-10,0.98775035,8.797139e-16,6.640662e-07,7.1470117e-29,1.6719707e-09,2.4407436e-09,1.0664801e-11
1881,539,1334,4,8.223771e-15,0.0,1.8390928e-29,6.642692e-06,0.8386319,4.148e-41,4.4240227e-07,6.561343e-07,5.999469e-09,3.1488162e-14,9.0118165e-06,0.05392761,7.191945e-07,8.963614e-13,0.1067149,7.56379e-08,0.00070804555,4.970678e-10,1.5643733e-18
1882,1334,1335,15,3.2483714e-23,0.0,2.9951473e-28,2.4733663e-12,3.8829686e-11,5.0758e-41,1.9267977e-18,6.889755e-13,7.2192234e-19,3.19039e-33,2.3372792e-15,9.4286705e-08,9.960205e-18,1.4644015e-23,4.0374876e-14,1.0,8.286366e-17,4.4776494e-18,7.243727e-17
1883,1335,1336,15,6.187879e-25,0.0,2.636085e-31,3.5402145e-14,7.112386e-15,2.0742719e-38,2.2607864e-21,9.417898e-13,2.8790366e-25,2.1303183e-30,1.5784798e-16,8.2323925e-10,1.1172947e-19,1.4144941e-21,1.2307679e-14,1.0,5.0450353e-22,5.6079e-19,9.950582e-21
1884,1336,1337,15,1.3297899e-26,0.0,4.256593e-34,6.596707e-14,1.5334244e-19,3.5e-44,3.8415005e-23,5.488023e-15,2.5881627e-27,4.859098e-22,7.387885e-19,1.465576e-14,2.0249108e-20,3.3336742e-22,4.6793133e-16,1.0,1.830781e-25,8.625846e-21,6.1099644e-23
1885,1337,1338,15,4.3752225e-27,0.0,2.2236496e-35,1.591453e-11,8.9841e-17,1.92393e-40,2.6269664e-19,9.586803e-15,1.8542018e-23,2.5850984e-09,1.4882615e-17,3.5447166e-13,2.0366039e-17,1.6618114e-22,3.658663e-12,1.0,5.0680496e-21,1.9476073e-18,7.641843e-21
1886,1338,420,14,1.2664131e-12,0.0,2.8542028e-25,1.7971198e-08,3.405438e-05,7.830087e-34,2.9030068e-06,1.1235153e-08,3.1669154e-18,1.6267836e-11,1.9627868e-09,3.131378e-05,2.2115376e-11,8.172571e-09,0.99993134,5.149658e-32,1.6159775e-12,3.703662e-08,4.5648855e-17
1887,409,276,12,2.1783123e-20,0.0,9.436531e-12,1.5904435e-06,6.367627e-15,1.932068e-39,0.0023739557,1.4096325e-10,4.3244202e-17,3.5812836e-25,3.6781528e-14,4.2913086e-09,0.99693,5.0368835e-14,0.000693411,5.907536e-32,3.843463e-09,6.625817e-12,3.0218878e-13
1888,102,1339,12,1.4851721e-15,0.0,3.597345e-17,7.667268e-08,1.819542e-12,1.55931e-40,0.004507727,9.465807e-12,1.6311263e-12,5.8096124e-30,1.8814139e-06,3.0761096e-06,0.9954632,6.397756e-19,3.222281e-08,0.0,2.3808549e-05,6.726777e-10,1.4014887e-09
1889,1339,1340,11,1.8320335e-08,0.0,1.9420862e-27,1.358227e-13,1.0554023e-05,3.747e-42,3.8015844e-09,0.09391044,5.4357454e-08,2.381037e-27,0.31904912,0.58007735,3.1556833e-06,2.1073594e-11,0.005110477,1.133859e-35,7.309697e-05,0.0017654195,1.7528399e-15
1890,1340,276,6,6.0679543e-13,0.0,4.625535e-25,2.3941617e-12,6.263102e-06,0.0,0.94480747,7.175998e-14,5.1666205e-09,1.14228215e-26,0.00023785775,3.3571395e-09,0.019318033,3.775163e-11,7.016111e-05,0.0,1.2289848e-07,0.035560723,3.144622e-17
1891,276,1341,11,7.062258e-16,0.0,3.5071553e-25,7.075016e-15,0.00034221087,0.0,1.1752295e-10,0.0001112892,1.8110054e-10,1.811579e-25,0.00010307343,0.99944323,7.55916e-12,1.5223479e-15,2.9715036e-10,3.675536e-33,7.611758e-14,1.3511357e-07,1.6955494e-09
1892,1341,1342,11,8.453611e-08,0.0,6.9203085e-21,1.0566365e-17,0.00081246597,0.0,1.4907299e-14,2.5965457e-07,2.5019865e-05,6.831982e-24,1.8764164e-08,0.9873058,1.8882047e-10,3.6847936e-15,0.011854325,3e-45,1.9747277e-09,2.1951364e-06,6.2218163e-19
1893,1342,470,16,0.0026461072,0.0,2.5208308e-20,1.5383097e-13,1.7478624e-11,0.0,1.7727309e-15,1.7503695e-13,8.232491e-09,4.9759547e-24,1.432485e-05,3.0756738e-07,6.236927e-05,2.4192337e-05,1.3014418e-09,0.0,0.9968731,0.00037823123,4.760027e-22
1894,504,1343,16,8.183473e-13,0.0,3.3272468e-29,1.3232501e-14,3.5628722e-11,0.0,4.619403e-08,1.07535725e-11,0.0001809816,1.6669946e-34,0.00021188619,1.1456741e-09,6.329758e-05,1.3141384e-09,2.953136e-13,0.0,0.99954236,3.7697975e-10,1.4522958e-16
1895,1343,1344,12,8.2949685e-17,0.0,3.6880073e-26,1.717343e-09,4.0807074e-05,1.1492796e-34,9.079068e-06,3.6384893e-08,1.9507613e-09,4.4234017e-28,0.41564253,0.019740194,0.5575827,4.2275676e-09,0.00048919505,8.4952486e-38,0.0064957337,8.945669e-08,1.632874e-14
1896,1344,1345,14,6.239207e-14,0.0,1.144481e-25,5.3325827e-15,7.1737827e-06,1.9558709e-26,1.8081555e-09,0.00063230033,1.072316e-14,5.904833e-17,0.00030595064,0.04496823,1.0424496e-06,1.499306e-08,0.9540865,8.4327106e-30,2.9275238e-09,7.112431e-10,8.3522173e-17
1897,1345,1346,11,1.114335e-14,0.0,4.1975758e-19,4.481465e-16,0.0028457327,2.0112744e-15,2.4703797e-10,0.0021828315,1.697102e-17,9.5699065e-18,0.0011319328,0.89209944,2.9689122e-08,2.5223044e-11,0.10173875,6.9153707e-37,4.250923e-07,5.171903e-10,2.340064e-14
1898,1346,1347,11,2.664993e-23,0.0,4.8004507e-16,7.521314e-10,8.740619e-06,6.688922e-28,1.1839825e-16,0.0024448137,1.5051041e-17,7.128114e-22,3.3992822e-07,0.90356606,4.3619068e-05,1.6954908e-17,0.09393696,1.4461125e-27,2.7192233e-09,5.2648554e-13,1.1741668e-11
1899,1347,409,7,1.7149391e-18,0.0,4.8960248e-32,4.5638918e-10,1.7409485e-11,0.0,7.107933e-09,0.94945383,9.293492e-12,5.868921e-18,2.4271574e-11,0.00026446427,0.0005867105,1.116061e-16,0.049696937,5.0047244e-22,2.3147392e-10,1.1378902e-10,4.941638e-25
1900,409,1348,7,2.0078028e-14,0.0,7.2455006e-38,1.7639838e-20,6.747356e-12,2.0583203e-36,4.3991234e-11,0.9999809,4.749801e-13,2.9688616e-19,5.283932e-12,1.8247476e-05,6.0865497e-12,9.569812e-15,1.0031949e-06,3.1034865e-38,8.134519e-12,2.879399e-10,6.2597245e-24
1901,1348,1349,14,4.0341772e-07,0.0,5.5424756e-21,1.736366e-18,1.3614456e-09,3.6264963e-34,4.7449523e-11,1.2438572e-05,1.7893255e-11,2.3110035e-13,1.3331136e-08,0.11075955,7.379734e-07,1.2446562e-10,0.8892284,6e-45,3.1315778e-07,6.0595404e-11,8.729103e-18
1902,1349,1350,10,1.4163198e-20,0.0,2.2752657e-17,1.1094332e-19,4.0028897e-07,1.9372618e-12,1.2002749e-11,0.00020022219,7.3216845e-16,1.2565043e-28,0.9997978,2.9339539e-08,6.447539e-12,1.4557182e-08,2.3743457e-10,1.05827e-40,1.2371196e-11,3.9226317e-10,3.149315e-10
1903,1350,1351,10,4.78773e-28,0.0,6.2988955e-22,2.4692806e-15,5.0003495e-09,3.1067963e-35,3.4178025e-12,1.4433403e-12,4.2352294e-19,1.1549046e-27,1.0,6.373823e-08,1.3284687e-08,6.85129e-18,2.26981e-12,0.0,9.75355e-12,1.1847518e-14,4.1289975e-13
1904,1351,1352,10,6.97853e-27,0.0,4.8435425e-26,1.3741172e-12,1.1979163e-08,5.174402e-35,1.1284893e-08,4.2553413e-12,5.5960905e-16,8.92947e-24,0.99996185,1.00903975e-07,3.8629467e-05,1.6000128e-17,2.1483922e-10,0.0,4.9487334e-09,6.2791797e-13,5.598128e-13
1905,1352,1353,10,1.6672703e-24,0.0,1.9246912e-31,1.04093754e-10,1.962128e-09,7.070285e-25,1.1057652e-05,6.0968645e-13,3.4213958e-16,1.4123625e-31,0.9997406,2.2042162e-13,1.1754324e-08,2.353065e-11,2.580759e-12,0.0,2.7834646e-16,0.00024951634,2.725216e-16
1906,1353,312,17,2.7207999e-17,0.0,1.1869753e-25,9.761116e-10,2.3758147e-09,3.4054674e-33,0.13849448,5.582615e-16,7.761572e-11,3.1447947e-29,0.0006902414,2.4970481e-12,1.5858157e-05,4.5984896e-12,2.5456182e-12,0.0,2.1866387e-12,0.86079854,1.3692852e-08
1907,482,1354,11,2.6715888e-08,0.0,3.15119e-25,1.5899647e-13,2.8493363e-05,4.62e-43,4.2894464e-15,1.2215139e-10,2.1000367e-15,8.2650387e-29,0.014423405,0.9851313,2.4809665e-10,1.1313399e-13,0.00041609243,1.433268e-33,6.9436866e-13,4.968923e-07,3.522117e-18
1908,1354,1355,14,2.133458e-22,0.0,1.2759996e-20,4.0003516e-09,1.0974693e-06,1.6413e-41,3.4319336e-15,4.1333038e-11,5.8502796e-18,2.5698065e-26,3.638531e-08,0.020001782,0.0028815079,9.09947e-18,0.97711456,9.791535e-35,6.8368505e-11,1.21178545e-11,1.1167302e-15
1909,1355,516,14,8.0952645e-20,0.0,3.971294e-25,8.319321e-06,7.911705e-09,4.0008735e-30,2.2034364e-11,9.844633e-07,1.8333694e-15,2.1593806e-22,4.4424368e-08,7.678929e-05,0.3039781,7.4157125e-15,0.6959349,7.4086536e-35,5.3535727e-09,9.856751e-11,2.1939854e-17
1910,470,504,16,0.00036742445,0.0,1.4617607e-24,1.9954343e-13,5.2791573e-12,0.0,5.0070603e-12,4.3648616e-16,1.6799982e-12,4.561791e-30,0.0007921299,2.4976875e-11,1.317886e-05,0.00019214752,3.6271736e-12,0.0,0.9978699,0.00076338963,3.0225886e-22
1911,504,1356,16,1.4860203e-10,0.0,3.0646118e-26,8.280055e-15,1.4110723e-13,0.0,7.1001005e-09,1.220423e-12,5.321116e-10,4.62706e-37,2.4059427e-06,7.090748e-13,0.0011071971,9.207209e-06,1.8154703e-14,0.0,0.998883,9.675969e-08,3.9119423e-20
1912,1356,516,13,0.14870423,0.0,3.168852e-31,3.3219582e-14,1.2581616e-09,7.956724e-36,5.8773618e-05,1.0051614e-11,6.824138e-10,2.7330875e-23,1.2817465e-05,1.5211252e-12,2.8878404e-07,0.7771063,3.4711207e-05,0.0,5.9924787e-06,0.0740776,1.8032205e-20
1913,470,482,10,8.523664e-05,0.0,5.054891e-25,1.4667864e-11,9.18164e-06,1.7e-44,4.1384925e-12,3.6314396e-11,4.0530272e-14,2.005734e-31,0.9865529,0.0019728965,9.477283e-07,2.227747e-08,4.783605e-05,1.0830932e-33,2.6318185e-06,0.011329139,6.5459154e-23
1914,504,362,12,5.85834e-26,0.0,1.31613e-24,3.0523804e-06,4.636595e-17,1e-45,1.1873473e-09,3.3058327e-11,3.621828e-09,1.0461332e-31,1.8016558e-09,2.1827392e-11,0.9999962,1.1378586e-12,1.3643045e-10,3.831489e-39,1.0830827e-07,1.0019395e-08,2.3545316e-16
1915,362,1385,11,1.0634632e-23,0.0,2.663737e-05,0.0008923363,5.7962763e-11,0.0,7.976343e-09,1.5941379e-12,2.7085003e-15,1.6797393e-30,1.1450365e-16,0.9676816,0.0014693964,5.1523325e-16,0.029890692,1.3737228e-29,8.678472e-10,1.3717696e-14,3.8444094e-05
1916,516,1357,16,0.00013601722,0.0,6.533102e-20,5.0197975e-12,2.197943e-14,0.0,9.3189655e-08,4.4519255e-13,1.6658706e-10,9.173553e-21,2.161443e-05,5.9075765e-11,0.031317055,0.0026287623,3.9827803e-09,0.0,0.96579343,0.00010302035,1.1635854e-12
1917,1357,1358,11,3.3098795e-13,0.0,7.934214e-26,2.591433e-12,1.3635234e-11,0.0,1.3983465e-12,2.1355087e-08,1.213228e-12,3.0582594e-33,5.799492e-08,1.0,8.6244927e-07,5.0810347e-15,2.0848692e-09,7.6648324e-25,1.5642374e-09,4.3147114e-11,1.882861e-17
1918,1358,1359,11,1.599713e-18,0.0,2.2023076e-21,3.1053292e-11,1.2488707e-09,0.0,1.4577271e-12,1.263393e-11,6.445513e-15,9.951162e-34,1.959294e-08,0.99915725,7.099326e-06,8.241404e-19,0.0008336738,1.4367116e-25,5.9549235e-14,1.9586763e-13,1.6322674e-17
1919,1359,357,14,2.05974e-23,0.0,1.286021e-22,3.54613e-09,3.1718038e-08,1.708e-42,2.5062773e-11,2.6181333e-11,1.32518e-21,2.9208198e-24,2.0456822e-10,0.028605802,5.722643e-07,4.1861011e-16,0.9713949,3.4693326e-13,4.87803e-19,2.3724588e-13,2.3614772e-15
1920,357,1360,14,3.0177872e-20,0.0,7.0206804e-30,2.2484687e-15,6.273022e-07,6.7e-44,5.140819e-12,1.2940383e-13,1.4236372e-21,4.901787e-22,1.3016526e-13,0.00027115032,4.404087e-14,1.1671577e-15,0.99972916,8.476185e-30,2.043068e-19,6.5523253e-11,8.302689e-18
1921,1360,1361,14,4.6044734e-20,0.0,4.2624922e-26,1.071605e-13,0.21106368,0.0,3.724544e-09,1.0992081e-21,1.2118685e-19,1.142051e-34,2.2056218e-12,2.9582993e-06,1.8431655e-15,7.7174907e-19,0.7889344,7.45572e-40,8.654869e-17,8.9013685e-11,2.405973e-19
1922,1361,1385,14,2.8752038e-19,0.0,5.193247e-20,7.326812e-12,0.030764678,0.0,3.7839312e-10,1.6490834e-18,1.3740129e-19,4.2308015e-28,7.163885e-13,0.00051758264,1.9087111e-13,3.6128993e-17,0.9687195,2.75516e-26,2.460171e-14,1.3038854e-11,5.825963e-17
1923,386,332,11,8.532622e-25,0.0,6.9841265e-11,2.919512e-12,1.2362793e-12,1.54e-42,1.425605e-13,1.4825416e-13,9.024709e-23,1.0284917e-26,1.8162085e-17,1.0,4.3674547e-11,2.1418767e-19,1.4038025e-06,2.0708784e-32,1.07174655e-16,2.2952425e-20,7.590523e-09
1924,332,1366,11,1.7840234e-18,0.0,9.432354e-20,1.6924479e-16,1.6417135e-12,0.0,3.0193715e-16,1.1019606e-09,2.813471e-17,6.648068e-28,4.9509923e-12,1.0,3.350955e-12,5.189325e-13,1.3830911e-09,0.0,5.7493714e-18,2.2314422e-12,1.010947e-14
1925,398,337,11,1.0689179e-22,0.0,8.058233e-12,1.442737e-09,0.00014454842,0.0,1.4471004e-12,2.5585635e-14,1.5354274e-25,7.651762e-28,6.0350618e-12,0.8811749,1.5853114e-08,3.780084e-15,0.11867907,3.559753e-23,4.26953e-15,1.9830028e-15,6.3458814e-13
1926,337,1369,11,1.8908072e-17,0.0,4.4051514e-19,2.1624455e-16,5.760927e-08,1.2871e-41,2.4472195e-12,6.799631e-11,1.6576232e-18,3.9433212e-25,5.224504e-12,0.9998017,3.4409051e-12,9.1583185e-11,0.00019686705,0.0,3.8951832e-16,9.457542e-12,7.959875e-15
1927,482,342,11,7.0760645e-16,0.0,2.6013725e-23,3.833694e-10,0.0002772767,3.52e-43,1.132723e-11,2.5500194e-13,1.6654894e-10,2.6049e-40,0.014267553,0.9854546,1.898085e-09,2.304557e-15,3.2950854e-08,1.5093977e-34,3.7396742e-11,2.0699886e-07,4.9456367e-10
1928,342,1372,11,2.1285875e-23,0.0,1.9242194e-18,5.122995e-08,3.2941702e-07,0.0,7.669947e-11,3.924768e-12,5.406827e-18,3.0803017e-36,8.213921e-09,0.99671334,2.3025816e-06,3.3963188e-12,0.0032858306,4.61e-43,1.7341653e-14,6.4429234e-10,2.1135739e-12
1929,516,347,12,1.8491479e-19,0.0,2.575452e-24,4.9657366e-08,2.9252496e-07,9.381342e-32,0.00030190556,1.2477205e-13,5.6320033e-09,6.3283363e-34,0.0096671395,4.442231e-09,0.99000615,6.1391735e-14,2.1944047e-09,4.04783e-40,1.6457874e-07,2.508064e-05,1.35807e-15
1930,347,1375,11,3.6768022e-16,0.0,1.9578432e-17,8.57944e-07,5.4382266e-11,0.0,5.4315224e-06,4.7376634e-11,3.7510944e-16,2.2469628e-27,9.275743e-13,0.86351186,8.979152e-05,5.841965e-09,0.13639362,7.3e-44,3.276169e-10,9.023391e-10,2.9778863e-14
1931,1362,1363,6,1.3504719e-13,0.0,6.7764936e-30,5.1910423e-15,2.0753166e-08,1.0992053e-26,0.9939909,6.148183e-11,3.282563e-09,3.5877473e-12,9.472157e-06,5.910098e-12,2.56659e-06,7.307073e-06,0.0053880294,3.4e-44,6.5509226e-12,0.0006003674,6.5101614e-21
1932,1363,1364,9,1.928339e-21,0.0,6.922775e-33,8.267662e-20,3.116802e-13,1.0739247e-37,2.2833402e-12,6.4351206e-15,1.0108398e-20,1.0,2.496618e-13,2.3303578e-11,2.782456e-16,8.5804014e-19,3.1746104e-09,7.0064326e-34,8.756008e-20,8.8773514e-13,8.897193e-26
1933,1364,1365,11,8.6309735e-15,0.0,1.320524e-26,4.4655746e-17,1.2323778e-09,2.939e-42,7.154712e-12,9.9000114e-11,9.27343e-16,3.1212164e-13,1.7242225e-09,0.9999923,7.955455e-12,5.496542e-18,9.232673e-06,4.068094e-39,3.5863324e-15,8.700373e-12,4.0417e-19
1934,1365,1366,11,1.5492033e-14,0.0,9.98605e-23,2.3043777e-18,4.5483274e-14,0.0,3.637045e-16,1.9812148e-11,3.7683464e-17,5.647146e-25,2.4120651e-12,1.0,2.9612597e-12,2.843015e-14,1.4312483e-08,0.0,4.1183394e-17,5.795761e-13,1.19093056e-17
1935,1366,1367,11,1.5038449e-20,0.0,3.1575295e-26,4.7431172e-14,1.8217574e-12,0.0,7.0204395e-15,3.70754e-13,3.0369857e-17,7.830147e-34,1.8466356e-07,1.0,2.7074315e-11,2.0899193e-15,3.7246803e-12,0.0,6.0396816e-15,5.6054633e-11,2.2100136e-16
1936,1367,1368,11,8.860633e-14,0.0,4.294697e-25,2.0623974e-08,0.0001192889,1.792156e-39,5.648581e-13,8.087074e-08,4.998668e-10,1.712456e-17,0.076299734,0.9235796,2.5865285e-09,9.456594e-14,1.6073321e-06,2.0149812e-10,4.238428e-12,4.0219574e-09,2.421576e-15
1937,1368,1369,11,2.6430157e-14,0.0,5.064503e-25,5.928608e-14,1.5873871e-08,0.0,5.863697e-14,9.328981e-11,1.062502e-16,2.5807274e-36,9.63287e-10,0.9999962,2.0214492e-09,3.959989e-12,5.451013e-06,3.896e-42,9.592556e-13,1.0545866e-10,1.0942264e-19
1938,1369,1370,11,3.977459e-20,0.0,1.3368451e-25,3.5979305e-12,1.4794204e-09,0.0,3.0107352e-15,1.2890738e-10,1.9361633e-17,1.7377663e-38,4.2124373e-08,1.0,3.8066923e-09,2.9106142e-13,9.817921e-09,3.3276494e-31,5.751138e-14,1.9361701e-10,2.9146973e-17
1939,1370,1371,11,1.0948603e-13,0.0,1.6051239e-24,2.2593247e-10,0.05587449,3.0408864e-36,6.308567e-13,0.0004122768,6.7820466e-17,2.9976797e-09,5.7518414e-06,0.84563184,9.1819713e-10,6.519955e-13,0.09807587,6.951314e-07,1.7802084e-12,4.7374357e-08,1.5529117e-16
1940,1371,1372,11,1.7005641e-15,0.0,8.982134e-20,1.8619646e-14,1.2419364e-06,3.974888e-39,3.961734e-16,1.255123e-08,6.9541825e-21,8.9027284e-33,6.9739325e-10,0.99978644,5.2139776e-10,6.0664295e-12,0.00021307447,1.8291866e-28,1.04152764e-13,7.457909e-12,7.873432e-18
1941,1372,1373,11,1.2296826e-16,0.0,8.924767e-17,1.2029224e-14,0.0059031853,2.5542523e-37,9.07865e-14,3.0637047e-08,3.3850423e-18,1.0857241e-33,1.534968e-06,0.9940743,2.8485683e-10,5.2401038e-08,2.0731122e-05,5.4581548e-27,1.1758663e-10,3.9327626e-09,1.1683343e-14
1942,1373,1374,4,5.4074666e-18,0.0,4.5997444e-23,1.0310559e-13,0.9637104,4.7194615e-34,2.0163699e-13,6.081453e-09,5.435357e-21,1.4644347e-16,1.301373e-08,0.0077241804,1.06385014e-13,5.1352274e-14,0.028566869,9.0131397e-10,5.3895615e-14,3.0732545e-09,7.101345e-17
1943,1374,1375,11,3.7045552e-14,0.0,6.847879e-22,3.0932754e-15,3.786592e-08,0.0,6.5466656e-15,1.4185556e-09,4.8398156e-17,7.7253225e-35,1.1687296e-09,1.0,1.3755078e-11,7.82553e-09,1.8206434e-07,3.72034e-40,2.5587822e-11,1.8226698e-10,2.8541162e-17
1944,1375,1376,11,3.4752748e-16,0.0,9.647955e-16,1.0696703e-11,1.7969148e-07,0.0,1.542189e-11,2.8249374e-08,6.853813e-14,4.5240332e-36,3.234959e-05,0.9990391,8.752183e-09,0.00092850963,1.760901e-09,3.43e-43,1.0182314e-06,6.313012e-08,4.1029238e-10
1945,1376,1377,11,2.2682373e-17,0.0,1.5676012e-23,5.206906e-16,0.020717083,1.1e-44,1.8538029e-11,2.700809e-11,4.926748e-18,7.7005204e-27,4.7007096e-09,0.97927505,1.6101364e-14,3.1255207e-11,7.995792e-06,2.5988953e-21,5.7352816e-12,5.188674e-12,7.512001e-16
1946,1377,1378,11,1.238774e-16,0.0,7.764711e-26,2.553139e-17,1.577789e-07,1e-45,1.5148828e-12,1.0801928e-10,1.6805105e-20,6.413933e-19,1.3062302e-11,0.99640167,2.1846457e-12,7.866029e-15,0.0035993885,3.8865994e-26,6.516635e-17,1.6608046e-13,9.754414e-18
1947,1378,1396,14,1.6021537e-13,0.0,5.831428e-26,2.4176124e-18,5.306833e-07,2.34716e-31,1.9434982e-08,1.6688314e-14,2.12434e-20,5.051593e-18,1.4110294e-13,3.7482102e-06,1.1344676e-15,3.9836228e-13,0.9999962,0.0,7.831175e-16,5.8030962e-09,4.3770716e-14
1948,111,1352,10,8.897329e-11,0.0,5.6266493e-34,2.5790166e-12,1.1359732e-10,8.682871e-26,1.75993e-06,2.3547316e-14,2.6579999e-14,9.388534e-25,0.99325174,5.638263e-15,7.435418e-10,2.6525257e-10,3.478198e-13,0.0,2.770599e-12,0.006745945,1.7213941e-19
1949,1379,147,17,0.093182474,0.0,9.384693e-27,1.9522637e-18,5.3696687e-09,4.3880788e-26,5.835846e-07,6.8646304e-11,1.7357695e-11,3.353e-41,2.3582357e-08,3.947232e-11,1.0606454e-12,4.786883e-08,4.1365467e-14,0.0,3.173386e-10,0.9068188,3.019111e-13
1950,111,147,0,0.9999962,0.0,1.9244332e-32,5.4452506e-23,3.8444758e-16,6.41656e-40,7.202765e-14,1.2046827e-19,5.1741385e-15,1.043e-41,7.879939e-14,1.167121e-17,5.834812e-18,1.7098744e-13,1.5164567e-18,0.0,1.9812205e-13,3.0622823e-06,1.18067676e-23
1951,135,147,0,0.9998474,0.0,6.437121e-34,1.4103798e-18,1.31240565e-08,2.06e-43,9.306238e-10,2.2687827e-17,6.1716414e-16,2.09e-43,3.4613788e-11,1.3595345e-11,3.8016035e-14,4.383292e-12,5.6834255e-12,0.0,8.815496e-05,6.2885054e-05,8.025329e-24
1952,216,1380,13,3.967699e-09,0.0,8.846423e-27,2.543905e-23,6.89458e-13,9.37e-43,2.3361032e-11,6.4946153e-19,2.8642853e-22,3.6924806e-35,2.8450754e-11,6.985384e-17,1.8775982e-15,1.0,2.6025818e-13,0.0,4.6898726e-13,4.1151802e-07,4.0774395e-20
1953,1380,111,0,1.0,0.0,5.41793e-35,1.262803e-22,1.7898065e-15,0.0,4.7064393e-14,2.1848264e-22,3.0835087e-15,1.3643749e-36,4.334518e-14,6.1438468e-18,8.0866273e-19,2.566062e-13,1.5111744e-16,0.0,1.7496437e-11,3.0339095e-07,6.114596e-26
1954,1360,1384,14,7.041265e-19,0.0,1.2693681e-27,2.89606e-14,0.00022258573,4.3e-43,6.9827935e-11,1.4619604e-18,6.2597584e-21,7.8263014e-25,3.9695132e-14,4.7652236e-07,1.901497e-18,1.3134501e-19,0.99977875,1.372442e-33,7.4939e-19,6.389727e-13,4.765651e-18
1955,1357,1381,12,3.5181705e-17,0.0,2.1787545e-26,3.1097926e-07,5.250057e-12,0.0,8.581038e-08,9.210021e-13,3.7447762e-08,1.0489617e-25,8.949189e-07,2.6884882e-08,0.9999962,1.3086645e-18,2.806507e-07,1.632562e-30,1.2136437e-06,4.63714e-11,1.026709e-17
1956,1381,1376,11,1.6218106e-23,0.0,1.04083205e-29,1.5046273e-10,8.925306e-11,0.0,1.0916454e-12,1.5674262e-10,1.5599667e-14,3.0638275e-34,1.707643e-08,1.0,5.929005e-10,1.4670432e-12,3.4614858e-10,5.181422e-32,4.2616444e-12,1.005763e-12,4.962933e-16
1957,1381,1382,11,2.4821082e-13,0.0,9.1068917e-35,4.882715e-14,4.4452268e-11,0.0,1.5504642e-12,1.2123839e-08,1.0890588e-11,4.0953935e-22,4.4461835e-08,1.0,8.018353e-09,2.3926883e-15,1.5633389e-06,1.5044895e-25,5.0558277e-13,1.5658401e-13,1.1128867e-21
1958,1382,1383,11,1.06349866e-10,0.0,3.3477947e-22,8.741136e-17,0.0002889079,4e-45,5.193718e-07,3.4201388e-11,5.2810048e-14,1.2202145e-25,3.736329e-08,0.78404707,1.8364256e-10,2.7479971e-14,0.21566375,0.0,3.00796e-13,1.6938507e-07,5.6048927e-16
1959,1383,352,14,1.4399962e-20,0.0,3.72875e-25,7.829224e-11,3.9664243e-07,2.053e-42,1.64716e-10,6.4389707e-09,8.9780055e-24,5.8311314e-21,8.991359e-12,0.0001956445,1.3790076e-10,1.035171e-12,0.9998054,3.9029367e-14,6.400295e-19,1.5099818e-08,1.2468634e-14
1960,352,1384,14,3.4099062e-22,0.0,2.7933413e-27,3.056604e-10,2.225793e-08,1.3e-44,3.0431267e-13,5.062006e-12,7.5657696e-26,8.762069e-17,1.0324329e-14,2.0877363e-07,9.99307e-14,1.1619107e-16,1.0,1.4910001e-10,3.052129e-18,1.7090276e-12,2.0535404e-17
1961,66,1362,6,2.1825744e-17,0.0,1.1040779e-15,1.0724626e-08,2.5616465e-09,5.6936315e-32,0.9977177,2.982828e-09,3.2185132e-13,4.3002376e-25,1.9752562e-08,9.05426e-08,0.0016416708,3.8624415e-07,4.7275653e-06,0.0,1.2107339e-08,0.00063641655,1.3567723e-12
1962,1384,1396,14,3.4807963e-15,0.0,5.1563253e-23,3.9055832e-16,0.06342505,4.8885112e-29,1.3284591e-07,1.1833458e-16,8.206649e-18,4.6775074e-25,1.236885e-09,3.0925341e-06,1.2899309e-16,9.5500146e-14,0.93656844,0.0,1.1887027e-16,2.3866733e-06,4.5546522e-12
1963,135,216,0,0.9999923,0.0,1.7245715e-31,6.5634925e-23,1.4752534e-12,0.0,1.1473781e-12,4.5103154e-22,1.4348756e-19,2.5115e-41,1.230417e-12,1.7276407e-15,4.5322324e-16,5.191958e-06,2.1990344e-13,0.0,6.3798794e-08,1.4395232e-06,4.430634e-26
1964,42,243,0,0.99993515,0.0,6.633347e-29,3.896919e-25,6.589585e-15,6.092e-41,1.1124789e-14,1.7924463e-20,3.2322554e-14,8.88841e-40,7.926526e-12,1.9202555e-15,4.494236e-16,6.4443906e-05,1.9960492e-15,0.0,2.8400444e-07,4.0542907e-09,1.6186646e-23
1965,255,243,0,0.97004336,0.0,6.916546e-33,4.666264e-24,5.8962644e-07,1.2359744e-17,3.3235832e-05,5.1097266e-14,4.2013443e-10,4.3962754e-32,4.5014435e-08,5.747106e-13,7.109162e-14,0.029471092,6.396429e-07,0.0,1.252782e-11,0.0004510924,8.3910694e-20
1966,255,54,0,1.0,0.0,6.428484e-34,3.3340509e-25,5.773279e-12,6.9648623e-34,1.1938055e-09,1.1235611e-18,1.9527072e-14,7.4184556e-38,2.4062727e-14,3.995583e-14,1.5993233e-17,5.518477e-10,2.020075e-11,0.0,1.5410156e-15,4.669311e-08,6.2456516e-24
1967,1385,1386,4,1.3226474e-17,0.0,1.7463775e-17,2.4887339e-14,0.97597086,0.0,5.635934e-10,5.591927e-17,1.4609275e-20,2.3977928e-25,3.4059474e-11,0.003947218,6.8130894e-16,3.774868e-15,0.020082211,6.888288e-27,1.897227e-13,1.8561522e-11,3.1939614e-16
1968,1386,1387,14,7.509218e-17,0.0,9.044975e-30,1.8784802e-14,0.08992123,1.5257304e-24,5.1103716e-06,1.8884404e-12,3.9733343e-20,1.1218288e-14,8.003361e-06,1.6336962e-07,1.0686286e-14,3.7932657e-11,0.9100659,2.2790481e-36,6.8611083e-15,3.0300335e-08,8.6888e-19
1969,1387,1388,14,1.2635687e-15,0.0,2.653002e-32,9.240527e-14,0.012433136,1.9261627e-36,0.00020470623,2.5818771e-15,6.8884015e-17,7.547303e-23,8.1311e-06,4.2518128e-08,2.1876147e-12,1.3152245e-12,0.9873548,0.0,1.7947292e-15,7.07496e-08,7.8267613e-22
1970,1388,1389,11,6.841213e-17,0.0,4.982953e-21,2.9819558e-14,0.02815103,3e-44,4.7425974e-12,1.3445195e-13,5.585954e-18,6.901869e-32,1.8371134e-09,0.97127265,4.567205e-16,5.766488e-16,0.0005757621,3.4863405e-21,3.019998e-13,2.4451464e-13,3.56704e-15
1971,1389,1390,14,3.4742026e-08,0.0,8.8890945e-24,2.6224516e-11,0.003985452,3.533102e-23,9.206422e-09,4.0664048e-08,2.97453e-11,1.2771437e-13,0.24503155,0.0555004,1.2984664e-09,5.5638868e-08,0.69548106,2.0024686e-32,1.1546043e-06,9.862149e-07,3.535242e-10
1972,1390,1379,17,7.1594425e-10,0.0,5.9058565e-36,2.5443089e-11,1.9273818e-07,8.281855e-30,0.0006864236,8.5617105e-09,1.3348265e-11,5.9718103e-19,0.16702308,2.0127908e-11,5.179018e-07,0.008155965,0.00034391214,0.0,3.5145666e-07,0.8237896,3.9136816e-16
1973,1347,1388,14,1.0105711e-18,0.0,8.56504e-32,6.694512e-13,7.574032e-10,0.0,1.382114e-11,3.965038e-12,5.0386514e-14,1.397746e-24,2.8547115e-12,1.715245e-05,3.804239e-09,1.0680951e-21,0.99998474,1.5484393e-24,2.1682309e-13,4.0722716e-16,7.290822e-26
1974,54,42,0,0.99997336,0.0,1.1108853e-35,1.8557242e-22,7.005316e-10,1.25e-43,7.959418e-08,3.8058477e-18,1.6507762e-11,4.837202e-29,1.9652262e-12,4.715155e-14,4.3563447e-16,2.5419007e-05,1.1801274e-08,0.0,1.4935854e-09,1.1343553e-07,8.81373e-24
1975,39,1391,4,3.143621e-13,0.0,6.8217016e-22,1.7936564e-13,0.9991497,1.4015609e-28,0.0003549076,3.578845e-14,4.3278607e-21,4.3927647e-35,1.7203693e-05,1.2555659e-12,2.381469e-08,0.00037186051,1.7304387e-06,0.0,4.5707892e-11,0.00010588588,3.0584677e-19
1976,1391,240,17,3.318966e-08,0.0,1.4036185e-31,3.2771385e-13,5.0779963e-06,1.6465039e-36,4.4274857e-06,4.3022286e-15,2.8442293e-22,8.393767e-33,1.2228912e-07,1.1132563e-13,1.6502662e-11,5.5655454e-07,8.93892e-07,0.0,9.699375e-13,0.9999886,2.239719e-23
1977,593,595,9,1.1856502e-16,0.0,1.070393e-33,1.141133e-10,8.707129e-16,1.5205563e-35,1.140188e-11,1.7433336e-12,7.4885625e-10,1.0,9.28096e-10,3.031851e-14,7.456441e-09,9.986444e-13,3.8124348e-08,2.3449996e-34,2.8301014e-10,9.341873e-11,8.184711e-23
1978,324,1392,11,1.5105223e-17,0.0,1.4736479e-23,6.4295165e-18,0.031512387,1.278e-42,4.168595e-13,6.5447966e-14,4.5291566e-16,2.0870612e-28,1.3417685e-05,0.96847194,2.6036578e-14,1.36717225e-14,1.1790172e-06,0.0,1.39089705e-14,4.7779622e-08,2.7393672e-18
1979,1392,1393,4,3.0028027e-12,0.0,4.148256e-29,1.4295844e-15,0.98873055,1e-45,7.027129e-10,3.2368715e-13,1.0189056e-17,2.7566383e-29,7.811068e-08,0.009450841,1.6100793e-16,2.9623542e-13,0.0018175592,2.7232466e-20,8.37454e-12,1.4763832e-07,9.625979e-22
1980,1393,1394,14,2.2468143e-07,0.0,1.0501645e-29,2.5483915e-16,0.03199252,8.235258e-31,1.4929603e-07,6.0158654e-13,2.9858987e-11,2.9230327e-20,0.010043841,9.643732e-07,2.4386459e-12,2.4570413e-12,0.9577404,9.769722e-25,2.2718847e-08,0.00022061358,2.6674457e-22
1981,1394,234,14,7.714326e-08,0.0,4.5911477e-26,5.6016356e-19,0.011169677,1.92741e-23,0.011011031,2.0615484e-15,4.07158e-05,1.5365767e-24,6.3248575e-05,3.2540163e-07,6.6714474e-11,9.7737946e-08,0.7866235,0.0,1.891152e-11,0.19109082,1.383892e-11
1982,130,208,13,0.01945017,0.0,9.9631615e-27,2.0258602e-21,1.5407821e-13,0.0,4.277086e-11,1.3689902e-19,5.808698e-17,4.6999093e-36,1.1342498e-10,3.1946715e-14,2.766521e-13,0.98054236,2.926111e-13,0.0,3.0547787e-07,5.9986774e-06,1.5912688e-21
1983,142,130,0,0.9999962,0.0,8.9878437e-38,8.840214e-20,3.5739e-10,0.0,9.243346e-07,6.8638467e-18,9.380552e-10,2.1830483e-25,3.9173362e-11,4.0771097e-14,2.7296302e-14,1.1683653e-07,2.1780016e-08,0.0,1.7741037e-08,1.8706221e-06,2.0707764e-24
1984,142,2,0,0.9999962,0.0,1.3714563e-28,1.8385824e-20,6.287e-11,3.510212e-37,5.5561365e-11,9.067391e-16,1.9461996e-07,6.3803498e-28,6.102711e-11,3.5228015e-11,5.436105e-13,3.614181e-17,1.8660701e-11,0.0,2.9298299e-06,4.3557474e-08,1.4763284e-20
1985,208,2,0,0.9960785,0.0,1.2796403e-36,2.7094675e-18,4.377123e-06,3.45414e-40,0.00035968475,8.43487e-14,6.551039e-07,1.14317936e-20,1.6603394e-09,7.032566e-12,6.0871006e-14,3.1617543e-07,3.1225015e-06,0.0,5.0615146e-08,0.0035518138,4.1855617e-22
1986,129,207,0,0.78455573,0.0,1.765291e-26,6.487308e-20,4.3913733e-13,0.0,7.068128e-10,1.6468887e-19,2.3114068e-15,7.249656e-36,1.12641084e-10,4.7797344e-14,1.446725e-12,0.21539491,9.0035726e-13,0.0,1.0574011e-05,3.9325e-05,3.4980236e-21
1987,141,129,0,0.9999923,0.0,5.271096e-39,4.651877e-20,8.7635996e-11,0.0,1.9697418e-07,1.622124e-18,7.439135e-10,2.3712128e-26,9.21238e-12,1.09756115e-14,6.1312137e-15,2.4427381e-08,4.6098774e-09,0.0,4.836365e-09,7.954175e-06,2.0045085e-25
1988,141,1,0,0.9999923,0.0,8.236487e-30,1.5108204e-19,1.8083124e-11,2.9422924e-38,1.1375473e-10,8.702181e-16,3.8708954e-06,3.093395e-29,1.1738181e-10,8.4202515e-12,2.3713655e-12,1.5089674e-17,4.086519e-12,0.0,1.605255e-06,3.3411092e-07,6.7036336e-21
1989,207,1,0,0.9987991,0.0,1.9338701e-37,3.0151095e-18,1.209765e-07,1.05934e-40,0.00021731677,3.3867655e-15,2.8591667e-06,4.6017803e-23,4.005893e-10,1.7869227e-13,4.200905e-13,6.7978996e-09,1.0905369e-07,0.0,1.9166187e-07,0.0009809411,2.285497e-23
1990,136,217,0,0.8243775,0.0,5.4422236e-29,5.2160967e-21,9.527688e-11,0.0,4.1295887e-09,2.7535413e-19,1.0835412e-15,5.717518e-36,4.101107e-11,1.6018972e-13,7.942014e-14,0.17556162,5.1690794e-11,0.0,4.4337686e-08,5.9566548e-05,1.787794e-22
1991,148,136,0,1.0,0.0,2.1831091e-38,1.282655e-22,1.0157992e-13,0.0,4.0065177e-11,1.0896933e-21,7.7672765e-14,7.453684e-31,4.523187e-14,8.3801464e-16,1.0595139e-18,6.691911e-12,5.5937967e-12,0.0,7.6846535e-10,2.7172663e-07,1.2951904e-26
1992,148,112,0,1.0,0.0,5.4081472e-33,9.931805e-22,2.5178375e-16,0.0,6.261381e-14,1.429411e-21,8.845509e-13,2.9706476e-29,3.3765905e-13,2.5680766e-15,5.3215606e-18,2.5845874e-15,7.5272615e-16,0.0,2.0960815e-09,2.5251181e-09,9.3059586e-24
1993,217,112,0,0.99971396,0.0,3.308577e-37,2.7451016e-17,1.418684e-11,0.0,6.6949923e-07,5.8652255e-19,1.7091476e-09,3.0128223e-25,7.6230183e-10,6.1294565e-16,7.683964e-14,5.0023004e-07,1.3118336e-10,0.0,1.1553167e-08,0.000286688,7.3236976e-23
1994,238,37,13,4.270867e-07,0.0,9.65845e-31,1.0731957e-22,5.0249152e-11,1.1046336e-23,1.1134832e-10,9.585618e-18,2.267796e-17,3.972072e-37,2.939118e-08,5.8101193e-16,3.7484664e-14,1.0,9.987782e-12,0.0,9.144769e-12,1.881734e-09,6.529256e-23
1995,250,238,13,0.00010374205,0.0,3.9354513e-30,2.8493672e-21,9.906464e-05,4.484008e-18,0.014556617,4.8486744e-14,2.140112e-12,1.1524857e-32,1.7900939e-07,2.1555975e-12,4.922802e-11,0.984673,4.853415e-05,0.0,3.099954e-12,0.0005190141,7.35319e-19
1996,250,49,0,0.9999962,0.0,1.8822813e-30,1.4668622e-22,4.81751e-09,7.793468e-33,1.0904835e-06,6.3621534e-18,1.3878192e-12,1.9758632e-34,2.4465566e-12,1.3032879e-12,3.4165379e-12,1.0879347e-09,5.2022216e-08,0.0,8.872857e-11,1.7296336e-06,3.4812864e-23
1997,37,49,0,0.99681216,0.0,1.8556057e-35,2.2391428e-19,7.3094984e-06,2.402114e-39,3.882625e-05,1.0987252e-15,3.374843e-11,4.361664e-32,2.1496741e-07,6.624802e-13,8.317836e-12,0.0030985142,9.336365e-08,0.0,1.236858e-07,4.2756474e-05,5.504669e-23
1998,237,36,13,0.0051595457,0.0,1.6612927e-28,5.942914e-23,5.754128e-12,9.368262e-30,3.6262205e-11,3.8179894e-18,1.4958744e-13,1.678261e-36,5.047109e-09,8.16186e-15,3.7694752e-13,0.9948407,6.030666e-12,0.0,1.514031e-08,2.1225384e-08,3.5891258e-22
1999,249,237,13,0.020454409,0.0,2.1671938e-31,7.2170135e-21,5.388702e-05,8.820253e-17,0.054191366,2.0721234e-13,3.1914638e-09,8.9265724e-32,2.348998e-07,5.7965156e-12,9.921523e-11,0.9239848,0.00014664336,0.0,6.357955e-11,0.0011690543,9.45473e-19
2000,249,48,0,1.0,0.0,8.669044e-32,3.5295205e-22,1.0969904e-09,5.2030682e-33,8.1833105e-07,7.487647e-18,1.0212936e-12,1.8766338e-35,8.7165474e-13,6.8946194e-13,3.215286e-13,2.6877587e-09,2.022862e-08,0.0,3.084078e-12,6.924927e-07,2.741849e-23
2001,36,48,0,0.99922585,0.0,2.3367206e-35,6.474254e-20,1.17521786e-07,4.886e-42,4.176664e-06,1.4404552e-16,4.389686e-11,4.276602e-31,1.8902742e-09,2.5489886e-13,6.541779e-13,0.0007675096,4.111624e-08,0.0,1.9811043e-08,3.881112e-06,2.102882e-23
2002,244,43,0,0.990316,0.0,2.3191736e-27,3.5453322e-24,1.3280143e-13,6.031654e-35,1.2014103e-12,2.3465309e-18,1.3787275e-12,6.3264675e-37,3.628864e-11,5.4112127e-14,1.5733184e-13,0.009682272,1.6213124e-12,0.0,2.0099185e-06,7.180972e-09,2.6125915e-22
2003,256,244,0,0.99688065,0.0,6.5118075e-34,3.1770093e-24,2.2020028e-08,8.902928e-19,0.00014678497,2.421742e-15,5.513766e-09,1.327638e-30,6.4721175e-09,5.714443e-14,8.49902e-13,0.0029221885,2.0983805e-06,0.0,9.175174e-11,4.7501464e-05,4.413692e-21
2004,256,55,0,1.0,0.0,2.556684e-34,1.1965176e-25,4.2395558e-14,7.273368e-36,3.4993908e-10,1.3837748e-20,8.184026e-15,2.3568891e-36,6.182979e-15,1.4241631e-15,4.1292568e-17,1.5546352e-10,4.3674855e-12,0.0,5.33226e-14,4.174236e-09,2.210324e-25
2005,43,55,0,0.9994128,0.0,1.5206209e-34,1.9826564e-21,5.1759486e-10,9e-44,1.5708466e-07,4.4938737e-17,2.5408557e-11,2.2402188e-27,2.5983335e-11,2.8680376e-13,5.901506e-15,0.0005882434,2.8766463e-08,0.0,1.4707387e-08,1.4257235e-07,9.5514654e-23
2006,518,501,0,0.96289104,0.0,3.1911063e-27,3.1127257e-21,9.946365e-07,0.0,6.6216916e-14,2.4563614e-16,2.3045342e-12,1.5472773e-22,5.310498e-07,3.001011e-08,2.7978445e-10,1.9869992e-09,1.367093e-08,0.0,0.03667653,0.0004304239,9.4746715e-24
2007,467,484,17,1.5942488e-10,0.0,1.0826118e-37,1.7734992e-18,3.6924291e-10,2.3321582e-30,1.9893582e-09,8.096509e-18,2.849801e-07,4.962774e-34,0.00010984211,2.869629e-10,1.2719281e-11,3.6926415e-17,1.403337e-13,0.0,2.514927e-10,0.99988943,4.36933e-22
2008,40,52,0,0.9965727,0.0,4.9322542e-27,1.2377256e-16,0.0010353178,4.20282e-40,8.08249e-05,2.3554378e-17,1.2531577e-14,7.490381e-35,2.705393e-07,1.5203935e-13,1.0191775e-10,0.0019993992,6.605539e-08,0.0,4.9192266e-07,0.0003120171,1.0219086e-21
2009,45,57,0,1.0,0.0,5.7227175e-34,1.973682e-23,1.7381102e-09,0.0,2.2777238e-09,4.931369e-20,1.8397244e-14,7.215885e-36,1.176781e-11,2.1310182e-14,1.1357531e-16,1.2972704e-06,3.0067702e-11,0.0,2.6379775e-08,5.4991705e-08,9.347087e-24
2010,46,58,0,0.9999962,0.0,1.0369575e-34,7.4699645e-24,1.2298929e-10,0.0,2.4253644e-09,1.512458e-19,1.0488559e-13,7.4600233e-32,2.4347234e-12,2.4945129e-14,2.9999326e-17,4.701757e-06,3.099307e-10,0.0,5.8526943e-09,2.0526803e-08,1.05849325e-23
2011,557,553,8,1.3287736e-14,0.0,5.369402e-32,1.7344536e-17,5.2627295e-12,8.345e-41,5.0660734e-08,1.1845039e-13,0.99970627,3.1556278e-33,1.5590842e-09,3.8935996e-13,3.3332135e-09,3.1155192e-20,5.5726927e-11,0.0,0.00029297319,5.4718305e-12,8.366172e-20
2012,556,554,8,1.1400002e-05,0.0,4.0200274e-30,2.5887364e-19,4.1802672e-13,3.0859672e-38,2.8270965e-06,2.9304276e-10,0.999939,1.6649954e-31,2.9264293e-09,5.4642976e-13,1.1672988e-10,8.795832e-08,3.699872e-11,0.0,4.46303e-05,1.0319804e-06,1.34647765e-17
2013,575,579,6,1.7119164e-14,0.0,9.7129335e-34,2.5490917e-16,2.3880514e-11,3.216359e-32,0.9997367,5.1500807e-13,1.4700081e-10,1e-44,4.781976e-07,1.0900844e-13,8.425152e-08,1.3824054e-09,8.4806615e-12,0.0,2.410044e-10,0.00026297435,1.2232342e-18
2014,558,557,16,2.178324e-17,0.0,1.2874113e-35,3.0742434e-14,9.9163093e-17,3.56373e-40,1.2345099e-08,3.133149e-11,7.767961e-06,5.0909284e-23,3.4792935e-09,4.776201e-13,0.000104920095,6.4971464e-18,1.7551796e-10,1.136e-42,0.9998856,6.707714e-17,3.8374385e-18
2015,574,578,6,4.6056295e-14,0.0,1.1962498e-30,3.77983e-12,1.005462e-08,1.7208786e-38,0.98271036,3.2515384e-12,1.0820748e-15,2.9170442e-32,0.017070815,1.3132793e-12,0.00016444153,3.295136e-08,1.8359663e-07,0.0,4.5389227e-11,5.2929285e-05,4.6124373e-20
2016,559,556,16,9.66638e-15,0.0,1.4393387e-33,2.813423e-13,3.2762195e-17,4.6547e-41,6.2705957e-10,1.3103382e-10,1.6251434e-07,4.0568605e-23,1.6173799e-09,5.774091e-13,0.0003219265,5.4953366e-14,1.0685376e-09,0.0,0.9996796,8.781246e-16,1.3208575e-17
2017,577,583,6,2.9322568e-13,0.0,1.3187128e-32,3.694645e-08,1.5428807e-07,2.904201e-15,0.9421082,1.1048e-12,1.959311e-06,6.518259e-22,0.00026316705,2.0284577e-14,0.057602193,2.3593862e-09,1.8343371e-05,0.0,5.6037397e-08,5.0993494e-06,7.220318e-21
2018,579,581,6,9.3760604e-14,0.0,6.7607e-40,6.2505774e-19,1.4878775e-07,5.8630905e-30,0.9999809,4.081903e-14,1.3457052e-05,4.533663e-33,3.5792266e-07,5.8671454e-13,2.8049402e-10,2.5209898e-16,6.7124004e-09,0.0,1.8939335e-09,3.811726e-06,9.31435e-22
2019,572,575,16,3.0349461e-18,0.0,2.3884999e-32,9.555689e-09,4.060372e-17,0.0,1.4265185e-06,3.9476948e-13,2.2218765e-06,3.033878e-35,2.4326646e-10,2.7720582e-12,0.016730102,5.3605835e-16,4.405614e-15,1.557e-42,0.9832654,1.3181779e-12,5.148378e-18
2020,571,574,16,9.112053e-16,0.0,1.2804411e-36,2.8690662e-13,2.4470235e-12,2.5e-44,1.2757148e-09,1.542242e-11,1.0596192e-10,2.138803e-30,9.869672e-08,1.1475056e-11,2.8407935e-06,2.1580444e-09,4.3431434e-13,2.5786805e-36,0.9999962,1.6785648e-10,3.844648e-18
2021,566,562,12,3.289312e-21,0.0,1.5450709e-23,7.166898e-11,9.128079e-11,2.2225914e-26,1.9801836e-07,9.834829e-16,6.213859e-15,1.8396627e-35,7.3494252e-06,2.071332e-14,0.9999923,2.6213357e-15,1.6648886e-07,0.0,2.504778e-10,2.588902e-13,7.045756e-18
2022,568,563,12,5.187075e-18,0.0,4.0823984e-23,2.3867491e-11,7.4205954e-11,4e-45,2.7990201e-09,1.5273184e-11,5.1138244e-13,6.148306e-39,0.0061381776,2.1301562e-07,0.99386203,1.7914391e-15,1.1488871e-08,8.97725e-39,3.981702e-09,2.969247e-11,6.074201e-15
2023,569,589,9,1.5142669e-24,0.0,3.85334e-33,4.3797817e-12,3.2001937e-16,3.9455827e-30,2.4078007e-11,6.148619e-14,7.196453e-20,1.0,1.0014297e-11,8.897742e-17,2.133644e-08,8.858697e-16,4.823555e-11,1.6361875e-26,6.035838e-14,3.999655e-14,3.0243565e-20
2024,567,588,9,1.1476049e-21,0.0,4.191116e-32,2.3457e-17,7.3673875e-14,1.7058184e-25,2.9355248e-13,1.834295e-20,4.1591726e-22,1.0,5.574038e-09,9.231669e-17,1.3953026e-14,1.661687e-19,7.404558e-12,8.389196e-39,7.5470894e-19,3.3829693e-15,4.516531e-22
2025,615,600,3,3.6774622e-23,3.2e-44,9.781612e-26,1.0,1.5984822e-16,2.45572e-40,2.5077752e-14,7.013212e-15,1.0127448e-16,2.4258e-41,1.5589145e-13,7.8183343e-10,1.5974786e-06,3.3129015e-19,1.7259775e-11,2.0774225e-09,6.580294e-14,7.601804e-14,1.5184076e-18
2026,613,601,3,4.658872e-21,1.1265915e-17,1.7037104e-26,0.99997336,2.8002917e-16,4.22e-43,6.696644e-17,7.975985e-15,1.3504347e-15,9.823282e-31,8.204201e-12,7.63339e-07,8.20894e-09,2.406377e-19,5.881919e-11,2.5256819e-05,2.0740982e-15,3.3282242e-14,2.4297267e-16
2027,592,612,9,1.4003404e-23,0.0,4.0096356e-34,1.9810898e-15,3.243628e-16,2.84429e-40,1.6132933e-18,3.353765e-14,1.775955e-20,1.0,9.693114e-15,3.4266163e-11,5.0701533e-15,1.0465821e-20,1.0935012e-10,1.4381905e-12,1.3357553e-16,1.3523347e-18,1.1725343e-24
2028,591,614,9,3.3250507e-22,0.0,7.0997626e-35,9.47024e-14,1.5063556e-18,5.292822e-37,1.1853106e-17,2.6676064e-16,4.7744535e-20,1.0,2.6397004e-14,2.4596563e-13,3.7597228e-14,1.2649884e-20,1.8617382e-13,1.8853804e-13,1.4459993e-16,1.5739636e-17,5.3910815e-22
2029,594,596,9,3.690819e-20,0.0,1.6499855e-38,2.1290255e-16,6.8878465e-18,1.2309038e-37,7.0190163e-16,1.7566698e-14,2.3984884e-17,1.0,4.2103544e-13,3.1757152e-15,2.3538078e-13,4.571124e-17,4.0972113e-12,5.723452e-29,2.8317043e-14,4.7937004e-15,1.1493587e-26
2030,596,598,3,2.274784e-28,1e-45,1.3695578e-29,0.99992365,3.7174547e-20,3.52e-43,4.5073207e-15,2.3947571e-18,1.4422524e-17,3.4378148e-31,3.5805194e-13,3.9682403e-11,7.6378106e-05,2.8107191e-21,1.4494898e-12,6.0618484e-20,3.5232058e-14,4.5080043e-17,2.1028151e-18
2031,603,630,11,5.8101133e-18,5.54828e-33,5.816716e-20,0.00014109873,4.3258196e-11,1.9707119e-29,1.39015865e-08,6.5200004e-07,1.9726438e-15,4.1849322e-25,1.8848756e-07,0.9788083,0.021036748,1.1802016e-12,4.5469182e-08,6.7605905e-22,1.3246551e-05,1.875568e-12,4.3109705e-14
2032,604,631,1,3.2293448e-30,1.0,2.5579853e-31,7.30921e-16,4.3936697e-20,3e-45,1.143461e-23,1.6968061e-22,6.3016733e-25,4.8000313e-38,1.9052454e-16,7.3389e-11,2.6533661e-17,4.6679728e-24,1.6463494e-18,3.4435678e-36,2.2045518e-21,7.056692e-21,1.224389e-23
2033,607,634,1,2.994435e-39,1.0,1.83183e-39,3.6407732e-19,1.5916925e-30,0.0,2.1124572e-31,1.073369e-27,5.1431005e-32,5.853814e-38,1.8070031e-25,3.7321645e-18,9.116844e-25,4.8177292e-32,1.4160885e-26,2.8615252e-35,1.4214537e-31,3.209744e-30,2.318236e-27
2034,608,635,1,2.2555226e-29,0.9999943,6.8363223e-28,5.563669e-06,2.0283347e-21,9.9e-43,1.2764664e-21,9.153955e-18,8.1655327e-23,4.1624175e-26,1.0594577e-17,1.518342e-09,2.26256e-13,3.6521704e-24,2.139529e-15,1.8665408e-14,9.906077e-22,3.986691e-22,7.5546643e-19
2035,610,637,3,2.297696e-27,0.0,9.665713e-23,1.0,1.0701731e-17,3.316459e-39,4.4771414e-16,9.703583e-15,7.0397574e-20,1.39767885e-36,3.2387894e-11,1.9605902e-13,1.0499647e-06,1.9889146e-20,6.4710857e-15,1.667481e-08,4.8959156e-16,2.6056336e-15,5.054974e-15
2036,647,618,12,3.928277e-25,0.0,1.184502e-31,6.283985e-09,2.5954976e-13,4.3e-44,2.8150635e-07,1.0279735e-12,7.0632746e-18,8.739538e-24,1.3356347e-06,5.3801944e-14,1.0,3.407901e-16,5.5539378e-09,1e-45,3.918476e-09,6.4441494e-11,8.877319e-20
2037,645,619,12,3.8862238e-21,0.0,1.9941372e-24,4.240519e-10,4.710132e-17,6e-45,2.2228563e-09,3.070126e-09,1.5408022e-10,8.250109e-36,2.5035415e-06,5.343272e-08,0.9999962,1.4814257e-16,7.092541e-11,0.0,1.9252002e-06,1.8749991e-16,8.123056e-17
2038,625,621,12,2.2773142e-25,0.0,7.156115e-24,4.249059e-07,1.7932072e-18,3.4e-44,1.9059136e-09,0.0009137624,4.357044e-08,4.1761425e-34,3.0946475e-13,2.7770318e-05,0.99905443,1.011751e-19,3.3625227e-09,2.3565496e-34,3.983242e-06,4.5168418e-14,1.555961e-14
2039,624,622,12,1.1195755e-22,0.0,1.7159112e-29,1.2488474e-08,5.5851104e-15,0.0,3.1183455e-07,4.0622592e-11,6.9136426e-11,2.7e-44,6.5518166e-06,4.49655e-09,0.99996185,9.71062e-15,4.9198472e-14,3.43865e-40,3.1082185e-05,4.8312892e-11,1.3142883e-17
2040,646,659,10,1.07095155e-20,0.0,2.1387888e-28,3.5390786e-15,6.203158e-14,1.352542e-39,5.8592624e-09,3.8811046e-10,5.4427606e-15,1.3246618e-25,0.99998474,8.7979777e-16,1.4161686e-05,2.539985e-10,9.984191e-14,5.88325e-39,4.263342e-09,5.963799e-11,3.1684362e-19
2041,625,657,12,3.1939559e-27,0.0,3.89769e-26,5.38356e-07,2.8741635e-18,0.0,1.287801e-10,4.060439e-07,3.6051708e-12,2.153981e-32,2.0300558e-11,3.1628284e-07,1.0,2.1696132e-20,2.9793465e-10,1.22986795e-27,3.6389473e-08,4.1522713e-17,1.692723e-19
2042,624,656,12,4.8908177e-24,0.0,2.8083833e-28,1.9913134e-05,8.124428e-15,0.0,6.890292e-10,3.83113e-13,3.2371665e-14,1.05e-43,3.616349e-08,4.545913e-08,0.9999809,1.440427e-17,1.3713584e-11,4.7415432e-29,1.5110242e-09,5.3543373e-13,1.3864326e-20
2043,661,654,12,4.8679473e-22,0.0,1.9580224e-32,1.0362956e-07,1.0609736e-11,1.50355e-40,5.2797895e-09,1.175453e-11,2.93611e-11,1.208839e-35,8.521145e-09,3.984628e-12,1.0,5.9067054e-16,6.85453e-11,8.602322e-35,1.1934294e-06,4.1023253e-12,4.7422476e-22
2044,611,638,3,5.5039284e-25,0.0,3.6795096e-24,0.99944705,3.4005648e-08,2.7748156e-37,3.1883715e-10,1.12455435e-13,4.3007126e-18,1.9699967e-30,4.932926e-07,1.3794902e-12,0.00053668366,7.139631e-13,1.5433354e-05,2.4227547e-18,1.187923e-16,3.5174204e-09,1.6272309e-18
2045,651,641,12,7.2267555e-24,0.0,7.401907e-26,0.002919503,1.2250106e-15,8.537389e-37,6.7295525e-09,1.5417511e-07,1.609111e-14,3.2508242e-24,6.10685e-13,4.7006177e-10,0.9970784,6.995384e-17,1.067377e-08,1.7758863e-21,4.579959e-08,5.4950012e-14,8.893777e-16
2046,652,643,12,2.1075407e-22,0.0,1.2475257e-20,2.699334e-05,6.6264033e-18,3.49e-43,1.6178657e-11,7.6008995e-08,2.1676331e-15,3.706908e-18,1.9771455e-11,1.81402e-10,0.99997336,4.7112486e-16,3.2146025e-11,4.0389353e-22,6.8346445e-08,5.141257e-17,1.5630106e-14
2047,653,644,12,1.6062628e-17,0.0,9.3150295e-21,2.8538614e-05,1.0119745e-12,1.3969888e-32,8.033263e-09,9.618691e-11,3.6454677e-13,1.552197e-06,3.083474e-07,4.6610384e-07,0.9999543,6.9563454e-17,1.6234595e-05,7.635397e-15,8.460732e-10,4.7604824e-14,2.3161555e-15
2048,649,664,17,6.9611787e-09,0.0,1.5949177e-33,2.3824456e-12,6.432689e-08,2.1e-44,3.752189e-05,6.7182617e-18,2.8750342e-15,7.17647e-27,3.0356146e-05,8.3602544e-16,6.489228e-08,1.7900205e-05,8.968386e-09,0.0,2.2912838e-09,0.99991226,5.345966e-22
2049,632,605,1,1.6334646e-38,1.0,2.4495617e-36,1.1828741e-20,2.3435914e-30,0.0,4.644475e-31,4.4216613e-29,7.724572e-31,1.10359e-40,3.1984442e-26,6.7711863e-18,1.812527e-24,3.0167446e-32,8.1521025e-27,0.0,1.0813522e-31,3.2660157e-30,7.0868845e-27
2050,662,661,12,1.3256067e-18,0.0,2.3983928e-28,1.6075163e-06,9.427896e-12,6.7768935e-34,0.00090723264,1.642159e-11,1.2711314e-13,1.0463955e-33,1.1796144e-08,5.10706e-13,0.99908876,7.9612965e-09,1.9215675e-07,1.554e-42,1.8412064e-06,6.405213e-09,1.7488623e-19
2051,673,670,8,1.4656543e-14,0.0,1.20874394e-32,1.1448568e-17,6.0266584e-14,1.509e-42,1.511705e-08,1.8989546e-16,0.9999923,3.5266591e-34,4.1536917e-12,3.1842914e-15,6.5479805e-10,3.241033e-22,9.357455e-12,0.0,6.146932e-06,2.127747e-12,2.1081209e-21
2052,672,671,8,1.8938796e-05,0.0,7.103299e-31,9.435521e-20,2.9056347e-12,2.7103126e-35,5.0830745e-06,4.887682e-10,0.999958,4.495848e-31,2.2348106e-09,3.5406758e-13,2.5730043e-11,4.289955e-07,8.9604775e-11,0.0,1.2373171e-05,5.7348184e-06,1.2799407e-17
2053,687,690,6,3.720662e-12,0.0,2.3711624e-30,9.9296655e-18,1.791388e-11,3.4258945e-35,0.99934417,2.6810167e-12,1.5805462e-09,0.0,3.3832652e-08,5.2474713e-13,5.260049e-09,5.9996125e-07,2.482745e-11,0.0,2.5054158e-12,0.00065712974,1.5877628e-15
2054,674,673,16,9.398238e-19,0.0,1.1686372e-37,3.137882e-13,2.3496045e-17,1.0444368e-34,1.0902291e-07,2.927838e-08,2.1336065e-05,7.17706e-23,9.619865e-11,2.6079933e-13,9.829558e-05,1.5545705e-17,4.3715237e-10,4.078224e-39,0.99988174,1.2541457e-17,8.990232e-18
2055,686,689,6,4.71854e-13,0.0,2.4269936e-31,7.9442003e-13,7.162533e-09,2.7671e-40,0.99922216,3.5225826e-13,6.1644416e-16,3.7692376e-32,0.000676496,1.9981689e-13,3.0064695e-05,1.2212875e-07,5.702051e-07,0.0,6.9668793e-12,7.197332e-05,9.156666e-21
2056,675,672,16,1.2181791e-15,0.0,9.813907e-33,4.6738685e-10,6.035375e-15,2.9349732e-30,5.9585318e-08,4.9196983e-06,7.463848e-07,3.3807786e-21,8.4476115e-09,1.4082029e-10,0.00300253,2.1089992e-12,1.9797542e-06,6.66809e-40,0.996991,5.7784914e-15,5.03348e-15
2057,688,693,12,6.3066225e-19,0.0,1.0180276e-32,5.93215e-10,3.6211318e-12,2.0926987e-27,0.00019169944,1.5758094e-15,3.9343394e-08,3.4290543e-30,5.0890475e-07,1.4929876e-16,0.99980927,2.5794065e-15,4.286744e-09,0.0,7.882428e-08,6.483824e-11,1.00797024e-22
2058,690,691,6,5.3962076e-21,0.0,1.1176633e-38,1.0343284e-15,4.4727464e-12,7.188025e-29,1.0,2.750259e-09,3.6980154e-08,4.3451377e-33,7.257658e-12,3.730692e-14,3.5695044e-07,2.2125868e-16,3.5144023e-09,0.0,5.4841653e-10,5.5770584e-09,1.4415133e-20
2059,685,687,16,2.8651684e-16,0.0,1.7072778e-31,1.7503264e-09,3.0829763e-17,0.0,1.0715108e-06,2.6852616e-14,1.40477805e-05,2.4636078e-37,1.05985715e-11,2.0203205e-12,0.0061425813,1.2100602e-15,6.3822908e-15,0.0,0.9938431,5.6284083e-12,1.8589162e-18
2060,684,686,16,5.217278e-11,0.0,6.3782617e-34,8.247546e-17,9.531349e-13,1.1e-44,1.3687824e-10,1.6911854e-13,3.5373045e-11,1.3900523e-31,2.8064387e-10,1.7293444e-12,5.9911926e-08,1.8135732e-07,8.236181e-13,0.0,1.0,2.441534e-10,2.2906603e-19
2061,680,677,12,1.1483636e-19,0.0,6.128952e-20,4.4029013e-11,2.333451e-13,1.9405097e-26,2.618668e-07,4.3838033e-15,1.0665635e-15,3.4680575e-31,5.990902e-06,3.3737418e-15,0.9999923,1.7497286e-13,1.2089578e-07,0.0,9.434052e-11,5.4077257e-14,3.2793222e-16
2062,682,678,12,1.2668853e-14,0.0,1.2497139e-17,1.4007345e-10,1.0019002e-10,1.12e-43,9.638347e-10,1.6547537e-12,2.2283778e-14,5.475734e-35,0.0010864242,6.403164e-08,0.9989134,6.174359e-13,1.6331859e-06,4.248246e-38,1.4421373e-09,3.7188347e-10,2.0844901e-14
2063,683,696,9,8.182037e-28,0.0,5.7845673e-34,1.912126e-16,4.0347742e-16,2.132802e-34,2.8036936e-14,7.678866e-21,4.991085e-25,1.0,6.3477153e-15,1.5601532e-19,8.7436093e-16,3.074941e-18,3.1713738e-12,2.1541453e-32,1.0335016e-20,8.991168e-16,1.2769289e-21
2064,681,695,9,2.4996515e-18,0.0,1.668945e-30,1.710857e-16,5.530908e-11,9.067884e-22,1.9382015e-11,1.392159e-16,1.3147282e-19,0.99996567,3.399027e-05,5.875138e-14,2.5126887e-13,1.7284564e-17,2.1479249e-10,8.200491e-39,2.18565e-16,5.6295436e-13,1.1148764e-19
2065,714,702,3,1.8263327e-23,0.0,2.7749082e-24,0.9999962,7.232517e-17,7.5408e-41,8.7539635e-14,1.0077744e-14,4.3532175e-18,6.315927e-38,2.0591127e-14,4.580546e-11,3.204889e-06,1.9949411e-19,1.1857805e-10,4.703936e-10,7.281857e-15,3.1902632e-14,1.081842e-18
2066,712,703,15,2.1497923e-19,2.5044e-41,6.5789307e-24,0.00020895404,3.068419e-15,4.125983e-39,3.5790157e-18,3.95427e-11,1.8299975e-19,4.5552243e-35,1.66662e-11,8.6664045e-08,1.5396506e-10,1.3185619e-17,6.1630427e-12,0.99979013,1.5704676e-16,2.5806282e-14,4.828384e-16
2067,698,711,9,1.426947e-23,0.0,4.7036046e-36,3.3444222e-16,6.1219484e-18,1.0826614e-37,3.8804836e-17,3.4620133e-18,1.7654195e-18,1.0,1.5497354e-14,1.7458082e-13,1.0425914e-16,9.477149e-20,6.4593274e-13,6.730891e-23,3.6484115e-16,3.8586665e-17,3.2513215e-23
2068,697,713,9,1.2585757e-22,0.0,3.07813e-35,7.6429403e-16,5.973109e-19,7.2217224e-36,2.0885452e-18,2.2315814e-17,3.7717614e-21,1.0,9.189973e-15,1.0184485e-14,2.016582e-16,2.0832117e-20,1.1754647e-14,5.2386637e-16,6.5231728e-18,1.3396532e-17,6.2994004e-22
2069,699,700,9,4.0572247e-19,0.0,1.4079258e-37,2.1382447e-18,8.181646e-17,2.2757027e-37,1.0487029e-15,1.8588996e-13,5.8596825e-18,1.0,5.5175845e-13,2.2693821e-15,3.2388216e-14,4.031943e-16,4.1095013e-11,1.466368e-32,1.0759793e-14,5.2350726e-14,1.8961364e-26
2070,700,701,3,1.0290054e-27,0.0,3.1095087e-29,0.9999886,1.0206971e-21,7.3551e-41,3.6452694e-15,1.2624683e-18,3.8595167e-19,6.394368e-33,3.9700658e-14,1.4170734e-13,1.07239675e-05,5.1008282e-21,5.3451618e-14,7.412098e-21,7.37191e-15,1.6165352e-16,4.090138e-19
2071,704,722,11,2.92122e-17,1.2205565e-29,2.4545392e-20,0.0061503653,3.3960318e-13,5.3224157e-32,5.391143e-07,6.084012e-07,5.244587e-14,7.329867e-25,3.5991462e-08,0.62555254,0.36829504,8.790989e-11,4.591452e-08,6.0388157e-27,2.2942172e-06,2.22365e-12,1.5477627e-13
2072,705,723,1,4.4319436e-30,1.0,7.766257e-32,4.5449954e-15,1.083621e-20,0.0,3.2790105e-23,2.395913e-22,2.1970348e-24,1.0231802e-36,2.1937847e-17,1.1208345e-10,2.6035064e-16,1.86133e-24,7.90256e-18,2.1855538e-35,2.4104547e-20,1.5864987e-21,9.711611e-24
2073,724,706,1,3.4902222e-38,1.0,4.7377318e-35,1.980367e-20,4.4106587e-30,0.0,1.5255627e-30,8.5998556e-29,4.122305e-30,2.41765e-40,3.952747e-26,1.6011485e-17,4.515785e-24,4.5428237e-32,1.3478538e-26,0.0,2.1589423e-31,5.4017847e-30,3.804076e-26
2074,707,725,1,5.87643e-39,1.0,3.781e-40,1.763513e-20,2.5206447e-30,0.0,8.749376e-32,4.5208455e-27,5.0886915e-32,2.4857056e-38,1.8465343e-25,2.74532e-18,2.5557288e-26,2.5841806e-32,7.220402e-28,7.7501424e-36,2.2662912e-32,3.124358e-30,7.824323e-27
2075,708,726,1,1.3412732e-26,0.99957854,1.1946836e-26,0.00042050047,8.95067e-19,6.93494e-40,6.9287946e-19,1.7811336e-14,2.884231e-21,4.7085575e-22,6.847064e-16,6.343832e-07,1.4006938e-11,1.9055897e-21,1.2595115e-12,1.02473086e-10,3.1758904e-19,4.81313e-20,9.47752e-18
2076,709,727,3,4.0520503e-23,0.0,1.9296246e-23,0.9999962,7.948909e-18,2.618e-42,5.589373e-15,3.1461677e-11,7.336235e-20,4.5989835e-33,1.8565365e-09,1.6707512e-11,3.5084338e-06,3.572458e-16,9.34795e-15,8.109718e-08,2.1568714e-13,1.4439776e-14,9.2059725e-15
2077,735,716,12,1.4520508e-25,0.0,3.416963e-30,1.3767061e-09,3.7822185e-15,4.46e-43,1.00320584e-07,2.3147443e-13,8.482059e-18,1.1371579e-23,1.2325529e-07,3.2921716e-15,1.0,8.728341e-17,3.4678696e-10,0.0,2.6874205e-09,1.0161103e-11,3.116079e-19
2078,733,717,12,2.3407366e-19,0.0,1.060691e-25,2.29275e-11,3.575781e-18,2.742e-41,4.9142326e-09,3.2497685e-10,1.0292779e-09,4.6232078e-32,4.2010598e-08,1.6815715e-09,0.9999962,1.1217029e-17,1.0302245e-09,0.0,1.9217885e-06,5.8251184e-17,2.1871156e-18
2079,721,718,12,4.6114532e-27,0.0,9.948366e-24,3.733711e-06,7.05337e-17,2.279e-42,8.263159e-11,4.3478856e-05,1.0415213e-10,4.3075473e-31,4.1722696e-13,3.958478e-05,0.99991226,3.1798511e-21,7.455421e-08,2.8077085e-28,2.1137406e-07,9.0924e-16,2.6596808e-16
2080,720,719,12,3.3635432e-20,0.0,5.889791e-29,2.3707642e-08,4.0287492e-14,0.0,1.5048632e-09,4.019639e-10,5.882618e-10,1.01e-43,2.2559887e-05,1.0604867e-06,0.999062,1.0406976e-13,7.196558e-14,4.1550038e-36,0.000915245,6.298089e-11,1.8403052e-16
2081,734,744,10,6.5336934e-22,0.0,1.5764733e-27,5.5864987e-14,6.633372e-14,3.215e-42,3.4950202e-07,6.3612116e-09,2.3207443e-16,9.975354e-30,0.99366486,1.24991595e-14,0.00633544,6.822186e-10,1.9746947e-12,2.24e-43,2.4703715e-09,9.2117175e-11,3.2093716e-18
2082,721,743,12,1.6951124e-28,0.0,2.7850007e-26,1.8924693e-07,2.5717233e-15,9.1298e-40,3.8026848e-10,2.8328708e-07,5.778013e-13,2.954629e-32,3.1912903e-11,2.7952685e-06,0.9999962,8.5685106e-23,3.2011467e-08,1.8145573e-28,4.393946e-09,2.6573583e-16,1.9053816e-18
2083,720,742,12,7.934582e-25,0.0,4.3881436e-27,0.0002206506,2.4892647e-15,0.0,1.02948934e-10,3.6647795e-13,2.6241687e-14,3.4e-44,4.202693e-09,2.04777e-07,0.99977875,1.9427703e-17,1.5658953e-11,9.9570116e-26,1.735221e-10,3.154372e-13,5.655287e-20
2084,745,741,12,4.4023033e-23,0.0,3.357783e-30,4.2605315e-08,4.899293e-10,1.027e-42,1.10476e-08,2.1735237e-12,4.886298e-12,3.9166e-41,4.005607e-08,1.6800512e-10,1.0,2.1516765e-14,1.7260313e-10,6e-45,4.5194432e-07,1.10547925e-11,1.1689148e-20
2085,710,728,3,1.2753243e-26,0.0,2.3565987e-23,0.9975121,9.512844e-09,1.55915e-40,6.7873437e-12,9.2251505e-11,8.1614964e-20,1.0302041e-33,2.6617127e-07,4.696894e-08,0.00248054,1.3327485e-14,5.2219107e-06,1.577319e-15,1.9740158e-13,2.3899473e-11,1.05084016e-17
2086,738,730,12,5.1859515e-24,0.0,3.6401097e-25,0.00016795628,3.0078754e-16,1.76132e-40,4.6569437e-10,0.000117927026,1.8621279e-14,1.9892073e-23,2.058848e-12,6.2740204e-09,0.99971396,1.6195985e-14,2.8828103e-07,1.1203958e-22,3.1208668e-08,3.5997515e-15,1.3443283e-15
2087,739,731,12,1.0847124e-21,0.0,7.509317e-21,1.5901767e-06,3.5575684e-15,1.641868e-37,8.12863e-11,0.0037660883,2.7771039e-14,2.6005495e-15,1.0919204e-12,8.573709e-08,0.99623066,1.9741656e-14,2.319331e-06,2.3505637e-17,5.3389147e-07,3.3719003e-16,1.8115746e-15
2088,740,732,12,8.888018e-22,0.0,3.9557265e-22,3.0526848e-05,6.613982e-17,0.0,9.420674e-11,1.9799412e-08,1.5818823e-13,1.9141699e-23,1.3149643e-11,4.1430976e-08,0.9999695,1.7125342e-17,2.473703e-07,1.8493052e-17,9.165449e-11,1.10205326e-16,1.4386415e-18
2089,750,747,8,1.8946848e-13,0.0,6.944109e-36,3.2992306e-19,7.841339e-16,2.234e-42,2.7996006e-10,1.340989e-15,0.99999815,4.6495554e-34,3.5388355e-15,1.2989877e-15,1.16025e-12,4.9554803e-23,2.0617284e-12,0.0,1.6813016e-06,1.363431e-13,1.0504412e-21
2090,749,748,8,3.4811324e-05,0.0,1.8847016e-31,1.6771364e-19,5.155272e-12,3.806575e-32,5.850471e-06,6.990366e-10,0.999939,9.006453e-29,2.9705531e-09,6.2855304e-13,8.764799e-12,5.9958174e-06,3.445887e-10,0.0,6.180814e-06,8.648877e-06,3.992271e-17
2091,764,767,6,2.942716e-10,0.0,1.9956357e-32,1.1293056e-19,1.08287865e-10,3.1573e-41,0.9999466,1.9271114e-13,1.4762803e-09,7.908748e-39,1.6932586e-12,2.3117353e-13,8.9944745e-13,3.435636e-10,1.6317022e-08,0.0,4.4711895e-14,5.438969e-05,3.4200517e-16
2092,751,750,16,7.7267446e-18,0.0,6.652622e-39,1.2354825e-12,9.689047e-15,6.90835e-24,0.00016315623,4.9725306e-05,0.00023076225,3.6741269e-22,1.391564e-09,4.707501e-13,0.0004104706,1.4858991e-13,2.0806206e-07,0.0,0.9991458,5.3176777e-13,1.5479156e-14
2093,763,766,6,2.1618499e-10,0.0,2.5497128e-32,1.2460599e-14,3.4045458e-10,5.8335e-41,0.99997336,2.1900753e-14,6.898533e-15,3.9205701e-31,4.618351e-06,1.0326969e-14,5.050273e-07,3.709093e-07,3.3003835e-07,0.0,5.302812e-12,1.9528725e-05,1.5624685e-21
2094,752,749,16,8.3173744e-16,0.0,8.2548485e-32,1.3670776e-08,3.190155e-13,7.4817054e-26,5.443551e-07,0.00040828425,1.4533505e-06,7.4807584e-20,2.5263239e-08,1.3679322e-09,0.027595272,1.4611803e-10,0.000103337996,7.536059e-37,0.9718915,3.481397e-13,8.030914e-14
2095,765,770,12,1.6773365e-17,0.0,6.454312e-33,6.1102384e-10,5.038884e-13,1.4527538e-26,0.001441795,9.400404e-16,5.601608e-06,4.4451163e-30,1.770258e-07,6.758236e-17,0.9985515,9.604916e-16,6.2402217e-09,0.0,2.2475515e-07,1.2015627e-10,3.9884252e-22
2096,767,768,6,4.76892e-20,0.0,6.1112935e-38,5.595752e-15,4.0454362e-10,8.182578e-33,1.0,1.1783865e-08,4.8095044e-09,2.9178108e-33,9.25715e-13,1.2073784e-12,6.991944e-09,1.83262e-16,1.0973014e-07,0.0,1.2872698e-11,3.0557676e-08,2.4973523e-20
2097,762,764,16,8.529578e-14,0.0,1.45282845e-30,1.12280126e-13,4.515233e-17,0.0,1.1566352e-08,6.847743e-16,3.3914093e-06,1.1405085e-36,4.450868e-15,1.146385e-12,8.269546e-07,1.281328e-17,8.252298e-17,0.0,0.9999962,1.4991478e-13,1.3906395e-18
2098,761,763,16,9.4754404e-07,0.0,5.1410216e-32,5.3127122e-20,6.117132e-13,2.1e-43,1.0167078e-10,9.411568e-15,1.497122e-09,1.5479376e-31,8.674822e-12,3.4092865e-12,4.985947e-10,6.7366706e-08,9.134828e-13,0.0,1.0,3.12439e-10,1.8864538e-19
2099,757,754,12,1.2148446e-19,0.0,7.5210675e-22,6.6559883e-12,1.6885553e-13,1.6472346e-26,5.9409e-07,1.6652694e-15,2.5536785e-14,2.3167019e-31,9.312614e-06,2.4977492e-15,0.9999886,1.0189854e-13,2.5071516e-08,0.0,8.382027e-10,8.140281e-15,2.4955561e-17
2100,759,755,12,1.9794874e-16,0.0,2.2490686e-23,5.1741916e-10,5.334562e-13,3e-45,8.5511304e-10,2.188229e-15,6.7555906e-14,2.9868292e-36,7.5561265e-06,2.7875625e-11,0.9999923,1.3839941e-16,1.1420405e-07,4.673e-42,1.8856503e-09,4.5708937e-11,3.8253642e-19
2101,760,773,9,1.5305329e-25,0.0,2.941558e-34,1.0223265e-12,6.07684e-16,2.4546772e-37,1.9092727e-12,2.3875057e-18,2.0571428e-21,1.0,3.228409e-15,6.078112e-17,4.0847577e-12,2.0148116e-18,6.3632204e-11,1.5827288e-26,4.330826e-17,5.3595226e-15,3.172035e-22
2102,758,772,9,3.8724037e-20,0.0,7.907238e-32,6.826405e-17,4.8619034e-12,2.4401342e-20,4.0689726e-12,1.441334e-17,4.443916e-21,1.0,9.698738e-07,3.109648e-16,2.2533036e-14,1.7185615e-17,4.636963e-11,2.4084198e-38,1.1444071e-17,7.0752086e-14,9.188017e-21
2103,791,779,3,9.866327e-22,0.0,1.0928101e-23,0.9999962,1.7915329e-17,3.25398e-40,2.5705195e-13,1.0869204e-13,2.3713966e-16,8.882405e-34,3.6087272e-16,4.768817e-10,2.0857941e-07,1.05809163e-19,1.5544759e-09,3.717878e-06,2.8281636e-14,4.33164e-15,2.8653308e-17
2104,789,780,15,1.5525039e-22,0.0,1.0062558e-24,1.0321517e-06,6.9119303e-18,5.508e-40,2.4290727e-20,3.683106e-12,8.897614e-23,1.5152654e-33,1.5298226e-15,5.170295e-10,5.499775e-13,1.0785162e-19,7.469336e-13,0.99999815,5.270345e-19,1.9686865e-18,1.6374616e-18
2105,775,788,9,3.0431792e-24,0.0,4.7007546e-35,2.6168972e-17,1.6427976e-19,1.22708e-40,1.9593963e-18,7.249169e-18,1.0309181e-21,1.0,5.6039737e-16,1.3359764e-13,5.5840396e-17,4.292267e-20,1.6606584e-14,4.9329183e-25,3.678412e-18,2.3062783e-17,6.211773e-23
2106,774,790,9,2.4718448e-22,0.0,1.8520496e-34,1.2078787e-15,2.009729e-19,4.9330226e-36,1.7886435e-18,3.8521534e-16,1.4226065e-20,1.0,3.0932519e-15,7.7199254e-14,5.287087e-16,3.9125394e-20,3.3720067e-14,2.821555e-16,1.8051433e-17,3.5342028e-18,4.918047e-21
2107,776,777,9,1.1747663e-20,0.0,1.074153e-39,3.3889554e-19,8.486012e-17,1.883802e-39,4.262203e-17,1.5436877e-14,1.4322287e-19,1.0,5.7091044e-14,1.5916994e-14,7.699561e-17,1.0961452e-17,3.286041e-12,1.7353715e-27,4.922787e-17,1.5751133e-14,2.4228176e-27
2108,777,778,3,9.655928e-27,0.0,1.6333288e-29,0.99995995,5.425393e-21,2.16e-43,1.531364e-15,3.7551033e-16,2.5116556e-19,8.264281e-29,6.2336128e-15,1.5428002e-12,3.9148836e-05,8.202223e-21,1.486717e-11,1.2715187e-14,1.624846e-14,5.841092e-18,1.977686e-21
2109,781,799,11,1.0456083e-20,7.9738405e-26,3.8997417e-19,8.32631e-05,6.366173e-14,4.8864397e-30,4.5439838e-10,3.6265444e-08,1.7352951e-16,1.1255621e-22,6.6252925e-10,0.9995119,0.0004045109,1.6744372e-13,2.6708946e-09,6.498554e-27,2.4149507e-09,4.786266e-14,8.9837426e-13
2110,782,800,1,1.6913315e-31,1.0,3.0431639e-34,3.9304496e-18,3.0449693e-23,0.0,7.924202e-26,4.3151747e-25,8.65866e-26,3.1428496e-38,4.063248e-20,8.4437275e-13,1.5074066e-19,1.1557728e-27,1.0348034e-20,7.23748e-40,1.1773666e-23,3.1211154e-24,1.4782124e-25
2111,801,783,1,2.532376e-36,1.0,3.4431923e-33,1.0060625e-19,8.628838e-29,0.0,1.9261329e-29,2.7624414e-27,2.9672285e-28,4.760295e-39,4.944165e-25,2.1870761e-16,3.4111665e-23,7.88384e-31,1.0498502e-25,0.0,1.2350518e-30,5.642763e-29,1.8157312e-24
2112,784,802,1,3.5720522e-37,1.0,2.1980335e-38,1.2496506e-19,7.4180646e-29,0.0,7.7198584e-31,4.439603e-25,5.8219474e-30,1.0636307e-36,1.1569922e-24,4.0674565e-17,8.759456e-26,4.947791e-31,5.0648452e-27,2.086443e-33,1.4264295e-31,2.1604112e-29,7.213999e-25
2113,785,803,1,3.2860961e-24,0.935822,1.2352682e-23,0.0641186,7.153657e-17,3.3121996e-38,7.709672e-17,2.030504e-12,4.2128637e-19,9.1259444e-21,2.3834064e-14,6.0805378e-05,1.0726052e-09,5.606317e-19,2.2871259e-10,7.831681e-09,1.3799393e-17,6.3883953e-18,1.4603574e-15
2114,786,804,3,1.9106391e-23,0.0,5.465059e-24,0.9999962,7.030318e-18,4.581e-42,1.1868908e-15,2.004301e-11,1.6810685e-20,1.5348825e-33,1.6273058e-10,2.921296e-11,7.0154886e-07,3.8439454e-17,3.1413057e-14,1.3495035e-06,3.3133774e-14,3.709064e-15,2.7205745e-15
2115,812,793,12,1.8422694e-26,0.0,4.3935638e-30,1.4882563e-09,8.0375555e-16,1.523e-42,8.6102865e-08,1.4564525e-14,2.084638e-17,2.9468722e-25,3.5173298e-07,7.407255e-16,1.0,5.069781e-17,2.1945532e-11,0.0,1.3726368e-09,1.15609085e-11,6.619805e-19
2116,810,794,12,9.5280434e-20,0.0,1.6471208e-27,3.3246763e-11,2.0585903e-18,1.461e-41,3.4153462e-08,1.0631695e-11,1.6352648e-10,5.617519e-32,1.11125225e-08,2.5590653e-11,1.0,2.976214e-16,1.59507e-10,0.0,1.8541603e-07,7.566562e-15,5.09123e-19
2117,798,795,12,2.9787442e-25,0.0,2.726766e-23,1.979573e-06,2.1179856e-15,2.1436e-41,1.5562493e-10,0.002352976,1.1036218e-10,5.662777e-28,8.62818e-14,0.00010235639,0.9975121,2.1380643e-19,2.9772526e-05,3.3175037e-27,4.8037307e-08,3.569517e-15,7.361445e-18
2118,797,796,12,2.3766274e-19,0.0,1.23089e-29,2.8046435e-08,6.1679965e-15,0.0,5.0422955e-10,5.857225e-10,1.6570176e-09,3.528e-41,1.3004067e-06,2.3937568e-07,0.9786775,4.475934e-14,1.9049359e-13,4.4476958e-37,0.021319663,1.9690007e-12,2.7427986e-17
2119,811,821,12,1.4302229e-22,0.0,9.2340224e-26,3.7688285e-13,9.973576e-13,6e-45,0.0004457826,8.336114e-09,1.00219685e-13,4.7378506e-38,0.039065797,9.46382e-12,0.960488,5.216502e-11,5.4777224e-11,0.0,1.1610249e-08,5.1515425e-10,1.6217976e-16
2120,798,820,12,6.248618e-28,0.0,5.368668e-23,6.414511e-07,5.096376e-13,4.604692e-39,4.2302106e-10,3.3828169e-06,3.5614282e-13,4.9400165e-33,9.350929e-11,0.0003296576,0.9996644,5.4673584e-22,2.1046417e-06,1.8171555e-27,1.568031e-09,1.9388262e-15,2.130684e-15
2121,797,819,12,3.271771e-26,0.0,1.023997e-27,0.00012289398,1.009424e-16,0.0,5.7854076e-11,2.6642734e-14,1.3979132e-14,4.83e-42,1.6377191e-09,3.6684373e-09,0.9998779,2.6337307e-18,8.0535925e-12,2.793685e-25,1.6208061e-11,1.5588306e-14,1.8562285e-20
2122,822,818,12,6.717799e-26,0.0,4.888709e-32,4.5176826e-08,3.1667148e-15,0.0,2.0443491e-09,2.831672e-14,9.330929e-13,7.215e-42,5.2781357e-10,8.747459e-13,1.0,7.835979e-18,5.051799e-13,2.6518e-41,3.566019e-08,8.9997556e-14,9.381496e-22
2123,787,805,3,8.40096e-29,0.0,4.7115424e-21,0.99679315,1.9416925e-13,2.025594e-39,5.927865e-13,3.3954006e-11,3.9470936e-20,4.3342557e-28,5.5330873e-09,4.388064e-10,0.003205823,3.1990357e-15,1.067483e-08,6.2287844e-16,2.9017316e-15,3.709604e-14,1.1889902e-13
2124,815,807,12,1.1764104e-23,0.0,8.753494e-22,2.00488e-06,3.5182682e-15,5.5026e-41,1.8566974e-11,0.0003015062,1.1198437e-16,3.0308888e-23,4.3230156e-11,4.312875e-08,0.9996948,4.9851382e-14,2.1102277e-07,3.102974e-25,7.872177e-09,2.9793717e-16,1.5007435e-14
2125,816,808,12,1.6106849e-19,0.0,6.423146e-17,5.6672e-08,3.717962e-14,1.2324825e-37,1.5256246e-10,0.001624062,1.5925256e-14,3.5880173e-14,2.1875312e-12,1.6631756e-06,0.9983192,1.8318052e-13,5.2823994e-05,1.07374196e-19,6.222353e-07,5.0659754e-16,5.720353e-14
2126,817,809,12,3.4539742e-21,0.0,2.4586119e-23,1.9382285e-06,6.850222e-17,0.0,2.5309127e-10,2.113326e-10,1.0292218e-11,1.7283781e-31,5.6004618e-11,5.86327e-07,0.9999962,2.1395014e-18,3.9388595e-08,7.808345e-26,2.7348993e-10,5.482036e-16,1.5591545e-18
2127,827,824,8,4.1925183e-12,0.0,2.9696702e-31,3.335513e-18,1.9392002e-18,0.0,1.4515635e-10,1.9125784e-16,1.0,1.01193e-31,1.6576882e-16,5.973047e-17,1.0043033e-10,4.7905994e-20,6.814812e-14,0.0,1.2628277e-06,5.458899e-14,9.759919e-19
2128,826,825,8,1.5143567e-05,0.0,2.9166117e-31,1.136215e-19,8.969672e-12,2.249128e-31,9.841367e-07,4.0824895e-09,0.99997336,6.4340476e-28,1.1102348e-09,1.1693344e-12,4.342483e-12,4.89327e-06,4.682006e-10,0.0,3.7525162e-06,1.5600028e-06,1.3299792e-16
2129,841,844,6,1.403602e-09,0.0,1.7462853e-31,5.058747e-18,4.7356625e-09,0.0,0.99997705,1.941572e-15,3.9127981e-10,2.054698e-34,3.2912976e-12,9.088842e-13,2.5301766e-12,1.271195e-12,3.6144359e-06,0.0,1.4908272e-13,2.015655e-05,6.5419684e-16
2130,828,827,16,3.1140775e-15,0.0,1.6249783e-34,1.2964946e-12,2.7049677e-16,1.9662544e-26,4.308473e-06,1.4594173e-06,0.019646514,6.458162e-23,1.801565e-11,1.1634122e-12,0.0006120662,4.038071e-15,1.6156304e-07,0.0,0.97973466,1.4103445e-15,3.801662e-14
2131,840,843,6,1.0211978e-09,0.0,3.230683e-33,2.808425e-14,1.3885303e-10,4.9313e-41,0.9999962,1.6815481e-14,4.689734e-15,4.5351057e-30,2.4531792e-07,1.7446822e-14,1.7486721e-08,1.4391211e-08,1.3084478e-06,0.0,1.9360577e-12,1.2751524e-06,1.1803172e-22
2132,829,826,16,7.210211e-15,0.0,3.5041185e-33,3.5921215e-09,1.5346874e-13,3.8436826e-24,4.403596e-08,0.0002395158,3.8087899e-06,5.9574045e-20,7.892894e-09,8.8806845e-10,0.0019034564,8.788641e-11,8.9100584e-05,5.091744e-38,0.9977633,5.168519e-14,1.2441885e-14
2133,842,847,12,6.6879006e-13,0.0,1.0822105e-31,1.2924715e-10,1.2925144e-12,1.8771535e-23,0.26512125,2.3821328e-15,0.0054812147,1.4087289e-26,7.3327027e-07,1.3750157e-17,0.7293947,6.3355533e-13,2.0853643e-07,0.0,3.7315164e-07,1.9004624e-08,1.008152e-20
2134,844,845,6,3.072253e-20,0.0,4.082614e-39,1.3779675e-16,1.2535661e-11,4.922585e-30,0.9999962,9.955992e-10,3.0641168e-06,5.084135e-31,7.3305025e-12,1.3811113e-13,1.2193232e-07,8.0656164e-19,2.5403558e-08,0.0,2.2359787e-09,3.849653e-10,2.906665e-20
2135,839,841,16,1.8218347e-11,0.0,6.9882955e-30,3.4750914e-15,1.7513111e-13,0.0,4.9542686e-09,1.893588e-15,6.8534227e-06,8.0208426e-36,5.9547386e-15,4.082392e-11,6.569805e-08,6.0386524e-20,5.175427e-13,0.0,0.9999923,1.6834496e-12,4.5707007e-19
2136,838,840,16,3.162311e-06,0.0,9.230795e-31,2.483746e-21,1.7366288e-13,1.88e-43,2.95994e-11,7.7324765e-15,1.1735725e-09,1.9428822e-31,8.01002e-13,7.300531e-12,7.777874e-11,6.9960754e-10,4.7106085e-13,0.0,0.9999962,9.633086e-11,1.1521459e-19
2137,834,831,12,5.7142753e-19,0.0,5.4051586e-25,5.2393105e-13,1.1673047e-15,7.883659e-31,1.388919e-07,4.029022e-16,1.5897367e-10,5.4161337e-27,1.818367e-07,2.9276362e-16,1.0,1.6442933e-15,7.264146e-10,0.0,4.5999375e-08,9.837569e-16,1.7578585e-19
2138,836,832,12,4.63387e-18,0.0,1.7281667e-24,5.3492746e-13,8.7591794e-13,1e-45,4.4408925e-09,3.4406015e-13,5.544909e-13,2.7956246e-33,1.472133e-05,2.2139706e-09,0.99998474,3.270481e-14,7.449508e-08,7.1702e-40,2.64923e-09,1.1113688e-12,6.0433365e-18
2139,837,850,9,1.1390014e-26,0.0,1.2030411e-30,2.2701874e-15,7.122564e-16,2.3881979e-33,8.275828e-14,2.3416344e-15,1.9485377e-24,1.0,4.139501e-13,1.2186194e-17,1.1165148e-12,3.7707766e-17,4.6111717e-12,4.479448e-31,3.895731e-17,5.423878e-15,1.416719e-21
2140,835,849,9,2.4228172e-20,0.0,1.3615597e-32,1.0813976e-16,5.9160307e-12,7.4258035e-19,4.0132763e-12,9.313557e-17,2.4233242e-21,1.0,7.0417104e-07,4.104052e-17,1.2013632e-14,2.3062357e-16,6.083953e-11,7.896516e-37,1.27523275e-17,8.367825e-14,3.0908831e-21
2141,868,856,3,1.8315381e-22,0.0,7.9359553e-22,0.99996185,4.130265e-17,2.7706e-41,1.9944909e-13,6.2146985e-12,1.7223756e-16,3.1597816e-34,1.6321205e-14,5.270714e-09,3.979341e-05,2.570111e-18,1.64826e-10,5.5498113e-08,7.223343e-15,1.8301688e-15,1.1724899e-16
2142,866,857,15,9.310748e-25,2.58e-43,7.548756e-27,9.5261447e-07,1.4522894e-17,2.14e-43,2.198346e-21,1.4839971e-11,8.933558e-24,4.049743e-33,1.1267045e-15,2.8288058e-10,1.9582218e-12,8.321673e-20,1.4761542e-12,1.0,3.7298853e-19,2.1484067e-19,2.791571e-21
2143,852,865,9,2.2042867e-25,0.0,7.7280415e-33,9.922812e-18,4.277752e-20,4.7713006e-36,4.671425e-18,1.9403759e-19,1.2893175e-21,1.0,2.1780511e-16,1.2598044e-16,2.3614203e-17,2.3339066e-19,5.7056398e-15,3.0046257e-26,4.8131717e-18,2.0500799e-18,4.3904317e-22
2144,851,867,9,1.8090354e-20,0.0,4.748645e-34,3.878987e-18,8.7889785e-18,4.0233944e-34,5.35557e-18,2.8153083e-16,1.5996868e-20,1.0,3.215542e-14,5.731977e-13,1.6519366e-17,9.553634e-19,7.337157e-13,5.3000055e-18,1.1849985e-17,5.115804e-17,2.13262e-22
2145,853,854,9,5.4800386e-20,0.0,1.4576535e-36,4.990931e-18,6.448141e-16,1.66318e-38,2.73702e-16,9.696114e-14,4.3830944e-18,1.0,1.23374e-12,9.663061e-15,3.5033774e-14,3.206548e-16,1.1711562e-11,5.396466e-32,2.739103e-13,1.34140415e-14,9.228282e-26
2146,854,855,3,1.5122558e-27,0.0,5.697796e-27,0.9996796,3.1625546e-12,7.83687e-40,3.3535088e-14,9.434016e-11,2.7350719e-21,9.213374e-25,6.676236e-10,5.8145293e-09,0.00031928238,2.0705004e-16,1.5381682e-06,5.5823315e-11,7.4542315e-14,6.1819654e-15,4.3977736e-22
2147,858,876,11,7.073206e-23,2.0149e-14,1.0562825e-16,0.0118870195,1.4458816e-11,4.724634e-33,1.2811363e-11,1.2665515e-07,1.0652657e-16,1.6806631e-14,7.896991e-09,0.98673356,0.0013786496,5.7388965e-11,4.430539e-08,2.977013e-28,2.3365812e-10,9.817645e-12,2.3603495e-09
2148,859,877,1,3.181206e-31,1.0,1.4126428e-31,7.66296e-18,7.8936175e-24,0.0,6.297897e-26,1.6498147e-24,7.9098263e-26,3.4921438e-36,2.9742315e-21,2.2072125e-12,2.4879956e-20,2.665942e-28,8.254076e-21,5.2807e-40,1.2198097e-25,1.9129198e-25,5.0123993e-24
2149,878,860,1,4.8650146e-37,1.0,9.979607e-32,1.244011e-17,6.202664e-28,0.0,5.2083636e-28,2.267216e-25,2.41234e-28,1.3222002e-37,1.3963604e-24,5.851784e-15,6.2197693e-21,1.9159028e-29,2.0164749e-23,1.362e-42,8.208293e-29,1.5829747e-28,5.547967e-24
2150,861,879,1,7.9824705e-37,1.0,5.1098624e-37,2.4060305e-17,1.7099993e-27,0.0,1.2047875e-28,1.3475173e-22,1.3431091e-29,3.338741e-36,4.1106516e-23,3.0390403e-15,9.692926e-23,2.752204e-29,9.233675e-25,1.1009547e-27,6.012146e-29,5.04477e-28,5.6647766e-24
2151,862,880,3,1.5446037e-25,0.0,3.1503727e-25,1.0,3.8102026e-12,1.2937652e-38,1.1864304e-13,7.545677e-12,2.0840395e-19,1.5467e-36,5.9877054e-13,4.7277048e-08,2.5369965e-07,7.1318124e-15,5.3390573e-07,1.2334602e-08,9.933091e-15,1.2113585e-14,4.488952e-19
2152,863,881,3,2.611362e-25,0.0,4.8768142e-29,1.0,7.4655544e-15,5.787166e-36,3.002379e-12,8.482153e-11,7.443838e-20,6.478304e-28,1.4107346e-11,1.3052482e-12,7.138836e-07,4.045324e-12,2.1064144e-08,1.5611977e-08,9.604661e-16,1.8466801e-12,4.0159994e-21
2153,889,870,12,2.6700464e-26,0.0,2.233613e-28,8.073041e-10,5.084137e-15,1.2417604e-37,3.428112e-08,8.96128e-15,6.435608e-16,4.8401328e-23,7.8075645e-05,6.958158e-15,0.99992365,8.979886e-17,6.2728656e-11,0.0,2.794262e-09,2.0569494e-11,3.2797337e-17
2154,887,871,12,1.6897571e-17,0.0,3.9984975e-28,2.0560895e-08,2.7148342e-20,1.2052962e-38,8.736539e-09,1.0092846e-10,1.770978e-10,3.676461e-26,1.298625e-09,2.1849874e-12,1.0,1.3311132e-13,1.4613602e-08,0.0,3.0789238e-08,8.14388e-16,1.506854e-20
2155,875,872,7,1.3413387e-20,0.0,4.2501427e-23,1.4030414e-07,1.716737e-13,1.733813e-39,2.980516e-11,0.9106006,6.051782e-10,6.785649e-23,2.1131052e-13,0.0015311925,0.07251551,1.1386943e-16,0.0153517015,1.4027451e-25,1.6698234e-08,8.56077e-15,7.527361e-20
2156,874,873,12,1.5737638e-19,0.0,5.515949e-26,3.210628e-06,1.3854639e-14,8e-44,1.2684365e-08,8.302735e-07,3.5668996e-10,2.744998e-39,4.311162e-09,1.7896781e-06,0.99584305,1.4086643e-11,2.0023382e-10,1.6041417e-35,0.0041502896,5.2646892e-15,4.913278e-16
2157,888,898,10,4.1468764e-23,0.0,2.544019e-25,8.1548224e-16,2.6184476e-15,0.0,4.7535103e-08,3.762011e-10,1.2013135e-13,4.4206466e-38,0.9988029,5.337144e-14,0.0011966088,7.773806e-12,1.067325e-14,0.0,6.464e-09,1.336773e-11,3.4514824e-15
2158,875,897,12,5.3089476e-26,0.0,1.8151235e-22,5.35781e-06,2.202851e-16,2.07465e-40,1.7387063e-10,0.000100613164,7.7977105e-13,3.109055e-31,1.9541547e-12,3.254715e-05,0.9998588,7.762155e-21,7.104388e-07,1.5040183e-26,1.7762358e-09,3.454996e-17,4.3649927e-17
2159,874,896,12,7.950544e-26,0.0,9.96397e-25,1.8923774e-05,1.9235882e-18,0.0,1.8687497e-10,6.774846e-13,4.063555e-14,6.29274e-40,9.6348866e-11,3.393462e-09,0.9999809,4.4626164e-15,1.00849176e-10,2.0547963e-30,2.7284464e-12,3.4156972e-16,2.751032e-19
2160,899,895,12,3.6047265e-22,0.0,2.1654799e-34,4.0578223e-07,3.9285626e-17,3.7335237e-37,2.8073728e-08,1.5179472e-14,4.7648815e-13,1.8888247e-32,3.8104095e-10,5.2548127e-17,1.0,9.778005e-16,1.4637848e-11,1.7614205e-29,4.912112e-10,7.2562385e-14,2.6093545e-22
2161,864,882,3,7.4943063e-25,0.0,1.5743286e-26,0.95469093,1.383991e-13,9.42419e-35,7.7127256e-11,3.841989e-13,6.976992e-18,6.291636e-24,1.1554099e-07,2.8705345e-12,0.045308992,1.0992366e-15,2.07878e-07,1.232392e-09,1.8266467e-15,1.8155285e-11,6.397363e-20
2162,892,884,12,2.726922e-23,0.0,4.7507866e-25,3.1245953e-08,1.7149138e-17,1.516533e-39,1.590702e-09,1.44656225e-08,1.9187312e-16,1.3325249e-29,5.4574962e-09,6.397528e-14,1.0,2.030223e-14,2.7774578e-11,2.4828075e-29,2.5318287e-11,5.5851104e-15,9.8235324e-18
2163,893,885,12,3.1794783e-19,0.0,1.10289245e-27,4.283344e-09,3.2601357e-18,2.17e-43,2.389194e-08,4.301281e-13,1.5043273e-12,1.817098e-22,2.6171133e-12,1.9483245e-14,1.0,2.9018379e-18,1.3900314e-08,2.0149848e-29,3.2771328e-09,1.0490795e-14,2.1154426e-22
2164,894,886,12,3.7983945e-17,0.0,1.2098829e-18,5.153246e-05,2.643525e-10,3.73897e-40,4.892185e-07,4.031158e-09,8.8199206e-16,1.0858331e-23,2.5256202e-08,0.00042458248,0.9102707,1.5134661e-14,0.08925108,4.819242e-15,3.878316e-13,5.020676e-13,8.96066e-16
2165,1391,902,8,5.491647e-07,0.0,5.225186e-33,4.3835116e-11,5.731797e-07,1.3144996e-31,0.01961873,1.8786725e-08,0.97166544,8.440029e-27,1.5765547e-08,2.5697085e-11,9.186786e-07,2.9822138e-09,0.007912967,0.0,2.5614158e-06,0.00079993694,6.109837e-19
2166,904,932,14,4.4564576e-15,0.0,1.1768547e-38,9.724605e-13,2.4125416e-06,1.3228889e-33,9.368306e-06,1.015721e-14,3.8743405e-12,1.4029367e-19,1.9904684e-07,3.6369727e-10,3.7334548e-06,1.2725632e-12,0.99997705,6.2e-44,3.6121364e-12,8.259872e-06,1.8178342e-28
2167,929,906,11,4.455647e-20,0.0,1.29635075e-20,5.8189073e-07,2.4563315e-10,1.2736683e-38,8.820856e-10,7.321626e-09,1.4925748e-12,6.7991126e-26,4.726358e-13,0.83419687,1.0773438e-05,1.2562278e-18,0.16579285,1.4395775e-22,2.476155e-09,8.559161e-17,4.7579742e-15
2168,925,908,14,8.251723e-19,0.0,7.612441e-25,1.037961e-15,0.00078327465,1.679e-42,2.8791244e-10,1.028109e-08,3.0889289e-12,1.0727357e-25,1.6457666e-09,0.0036323823,2.5704772e-08,2.3680214e-19,0.9955847,1.4972347e-26,5.014736e-08,5.0636696e-11,1.699976e-20
2169,910,922,12,1.9529302e-22,0.0,6.9878215e-21,6.7692605e-07,1.1471724e-12,7.4654e-41,2.4526504e-11,5.9682626e-10,3.5973426e-11,1.5717547e-18,2.720414e-11,2.94105e-06,0.6096855,7.2671343e-19,0.39031258,2.9867726e-28,1.2254691e-07,3.5277987e-14,1.4021637e-15
2170,921,911,12,9.987813e-21,0.0,5.0523075e-25,2.6195945e-09,1.8696431e-15,4.83e-43,7.2027e-09,1.7810324e-17,4.4929833e-09,1.893611e-21,1.1341151e-11,1.3034457e-14,0.9999962,8.9370196e-20,2.5916386e-06,1.047535e-39,8.403161e-09,4.7179305e-12,6.224069e-20
2171,915,912,17,5.39345e-06,0.0,2.0762937e-35,8.279853e-18,3.8921986e-08,7.5903397e-34,1.3519156e-05,4.4169997e-18,1.2168244e-05,1.6653202e-30,2.565481e-08,1.2653603e-12,1.5338426e-08,3.7405625e-09,6.0797825e-09,0.0,9.080587e-07,0.9999695,2.997118e-25
2172,1395,918,0,0.9982201,0.0,1.3963884e-22,1.9171364e-16,1.9305052e-11,0.0,6.95211e-07,1.2128593e-17,9.559863e-05,1.4645294e-31,1.4210701e-07,1.2009992e-10,1.4453806e-10,4.6638593e-10,3.4395517e-13,0.0,0.001662639,1.9207926e-05,1.7415021e-16
2173,921,939,11,4.4192277e-09,0.0,6.8500393e-32,6.6984355e-16,0.16112469,6.11171e-40,1.6211796e-08,5.902714e-10,1.8065932e-06,1.1773447e-22,0.012243179,0.62357503,2.2608066e-11,4.393386e-12,0.20305385,0.0,7.9073345e-08,2.3983373e-06,1.3502381e-16
2174,1020,948,14,1.0615958e-21,0.0,5.911666e-23,2.883711e-08,0.040731706,3.6203318e-34,0.00028108613,3.1321178e-13,6.0857014e-16,5.470436e-18,0.18412882,2.3902333e-08,0.23665617,6.749154e-13,0.5378506,1.2536865e-32,1.7518859e-13,0.0003502874,5.291316e-19
2175,933,946,14,1.8563452e-09,0.0,1.1769337e-26,1.248899e-17,0.47973207,2.0248454e-31,1.0685719e-06,3.6969885e-14,2.0388467e-13,1.1193415e-28,5.663402e-06,0.00089838175,6.324277e-13,1.155953e-13,0.5193634,2.033043e-30,9.187248e-13,5.2688474e-08,1.192485e-25
2176,944,930,10,2.4372668e-14,0.0,2.1367174e-28,4.206876e-18,0.015908107,5.21831e-27,4.3838045e-07,5.814742e-20,3.1705666e-10,4.3910023e-29,0.9834379,2.109309e-08,3.2313775e-08,9.688239e-14,0.0006529991,0.0,2.0558787e-07,1.88586e-08,2.754739e-19
2177,943,928,11,1.097313e-16,0.0,4.7476025e-23,2.851863e-10,1.2962918e-12,0.0,3.6224895e-10,5.8645617e-09,3.8161121e-10,2.0785725e-16,1.1491822e-13,0.9676594,0.003445886,2.7788994e-18,0.028894456,2.3405736e-21,1.2335651e-06,7.677272e-17,1.2070241e-19
2178,942,926,14,8.1619735e-25,0.0,1.0819884e-22,4.4690843e-10,1.1005112e-09,0.0,1.2559341e-13,1.2853575e-09,2.2566551e-17,4.0786713e-26,1.6437359e-14,0.0015914898,2.1656336e-07,1.3639548e-19,0.9984067,1.06620645e-13,1.3832038e-14,6.323685e-17,4.566705e-21
2179,924,941,17,6.9558057e-12,0.0,3.6912976e-35,8.746782e-15,1.03793685e-08,5.1851e-41,6.3863956e-11,6.4389383e-19,5.456094e-12,2.264832e-31,6.0849197e-06,4.7991555e-14,1.17386865e-08,5.130566e-07,3.0182335e-07,0.0,2.0982051e-13,0.9999923,8.912805e-29
2180,948,964,10,1.7675614e-19,0.0,3.4398553e-27,6.402436e-14,9.950511e-05,5.874667e-29,0.000112044036,4.9073304e-20,6.424923e-13,7.134965e-31,0.9799889,3.878629e-12,0.019760838,1.0973722e-15,4.0125255e-05,0.0,9.061744e-11,1.3971024e-07,3.702822e-19
2181,936,962,14,2.2393519e-23,0.0,4.9340057e-19,5.8011587e-13,1.6593543e-06,0.0,8.29217e-13,2.508725e-12,1.5139401e-21,3.3609906e-20,2.4019467e-12,0.00026072393,2.4744085e-09,1.3451031e-15,0.9997367,1.4863416e-20,3.2492645e-15,1.937813e-15,5.167493e-22
2182,946,961,14,8.375536e-18,0.0,2.5844178e-24,2.125682e-16,0.022988472,7.3682e-40,1.5613085e-11,1.7724747e-14,1.9987639e-20,8.086564e-27,2.0028434e-09,0.08317688,1.2243205e-13,9.709526e-19,0.8938332,9.041244e-24,1.3775207e-16,3.1366272e-12,1.3527027e-23
2183,944,959,10,1.326561e-13,0.0,5.181529e-29,1.0496354e-15,0.11166785,1.7437574e-29,1.8651267e-08,9.756908e-18,3.9602932e-11,2.9109615e-26,0.88421553,8.9182495e-06,4.8516494e-08,9.788359e-13,0.0041060545,6.63486e-38,2.620868e-06,6.4178325e-09,7.6754404e-21
2184,943,958,14,1.1816555e-14,0.0,3.871652e-27,5.4648074e-17,4.855236e-10,0.0,1.4982445e-13,2.0725298e-10,6.32849e-16,5.4509457e-08,9.697155e-13,0.0007318685,8.314323e-10,3.6067974e-18,0.9992678,4.9620253e-23,5.0311416e-14,4.1792625e-13,5.591082e-29
2185,942,957,14,8.3897936e-19,0.0,4.8974545e-28,5.524227e-10,1.4212569e-11,0.0,3.0884388e-09,1.2290044e-13,3.031854e-12,1.2386292e-21,5.285623e-13,7.540668e-05,0.00016226925,7.575253e-23,0.9997635,1.6176176e-20,1.1980568e-10,1.03106614e-16,4.5855688e-24
2186,941,956,17,1.4665776e-06,0.0,1.3153811e-33,3.6074494e-15,3.9322376e-09,1.62625e-40,4.2955017e-09,4.273222e-18,1.2834276e-08,1.5055723e-28,7.59823e-09,1.8112248e-12,1.078304e-08,4.5168185e-09,3.3717633e-06,0.0,3.5842762e-10,0.9999962,2.6632397e-27
2187,938,954,4,2.2772522e-11,0.0,7.5702035e-29,1.05579744e-19,0.8111232,5.116845e-37,2.1734365e-08,5.45753e-12,1.8077772e-08,2.38047e-23,7.259844e-05,0.15476954,1.984262e-12,3.1664352e-16,0.034034435,0.0,1.4310837e-09,8.9701405e-07,7.220219e-18
2188,940,953,4,1.1149927e-09,0.0,1.5782484e-27,4.413448e-17,0.9612615,1.7e-44,3.3718063e-11,1.2384516e-18,1.3833659e-16,2.5113138e-24,8.529129e-05,1.882657e-05,2.7288107e-12,1.2287217e-08,0.0012819093,0.0,3.0478613e-09,0.037352428,1.4022549e-22
2189,1395,950,8,0.0026161273,0.0,8.527787e-22,1.7529431e-12,4.6031973e-10,1e-45,3.3306126e-06,8.028297e-17,0.66682756,5.810839e-20,0.00017166072,1.3204748e-09,0.08673774,1.7618821e-09,1.9001008e-07,0.0,0.14875415,0.094887756,7.674419e-20
2190,950,980,17,8.357091e-10,0.0,2.2284265e-31,9.804829e-15,6.081911e-11,2.211e-42,8.807109e-09,5.8922906e-20,1.5147523e-09,4.6274188e-27,8.4538414e-07,2.668066e-15,3.4286332e-09,5.742324e-07,3.2953604e-09,0.0,7.6947915e-13,1.0,3.4199564e-26
2191,952,978,17,0.017405912,0.0,2.4031864e-25,2.7225657e-09,2.6865404e-08,1.7e-43,0.012217613,7.0475445e-14,0.29212216,1.0010317e-35,3.2816475e-10,2.579374e-10,1.519472e-05,6.6035677e-10,1.0137864e-05,0.0,0.00067125453,0.677556,1.5029396e-19
2192,980,1007,17,1.0167128e-08,0.0,1.0698779e-27,1.5737559e-14,4.4965645e-10,3.6406624e-34,4.0412468e-07,1.6867882e-17,9.589125e-11,6.291837e-29,3.5440107e-07,5.3740785e-15,1.81165e-08,8.882227e-06,4.3397493e-05,0.0,7.610277e-14,0.9999466,2.2715294e-23
2193,977,1004,14,3.0807221e-15,0.0,8.518165e-29,1.01882056e-16,2.3224983e-08,4e-45,1.5336544e-09,2.714047e-13,7.329831e-12,6.251288e-28,5.435628e-13,0.0014876646,1.7784316e-10,2.0219642e-18,0.99851334,0.0,1.4918974e-12,1.875931e-14,4.53168e-16
2194,976,1002,16,4.040283e-11,0.0,5.4216457e-37,3.1227494e-15,0.00082588714,3.654062e-26,4.555813e-06,2.7671866e-05,4.5500965e-07,1.6729584e-18,0.13203242,0.032655142,2.804185e-07,2.1338983e-06,0.00010734552,4e-44,0.8341937,0.00014977598,1.686074e-17
2195,974,998,0,0.9987458,0.0,1.4007743e-29,2.1241187e-15,1.0777197e-09,0.0,3.7018012e-06,1.8273826e-18,4.5529067e-08,1.2669533e-36,1.3909568e-12,5.7783216e-13,9.514027e-12,3.996243e-12,1.8017865e-09,0.0,1.6546624e-08,0.0012485745,4.5515673e-24
2196,973,996,17,9.2603546e-15,0.0,1.5352823e-31,1.2532252e-13,0.0044051367,2.108026e-12,1.8634439e-05,3.57409e-18,1.7557443e-15,3.0246156e-24,0.29657757,1.4989239e-14,6.042834e-09,5.894414e-09,0.00022978194,0.0,6.227864e-14,0.6987679,2.0424749e-20
2197,971,992,14,6.2489375e-25,0.0,1.5027963e-19,2.6253066e-09,0.0001256721,0.0,3.8391235e-10,5.2629972e-17,9.097026e-21,1.1979161e-31,1.40993615e-14,0.0018104595,4.1291272e-11,4.7287016e-21,0.9980639,2.4414735e-21,3.8739465e-17,9.616292e-14,5.5503757e-18
2198,970,990,10,3.4462874e-14,0.0,1.9631351e-20,2.54707e-16,0.003760819,5.1772503e-33,3.8620487e-12,1.8928338e-11,1.0018422e-19,7.160937e-27,0.99227095,0.0007593062,1.1056248e-07,1.3698377e-10,0.0032069115,3.535052e-33,2.3241766e-13,1.127195e-07,7.985736e-20
2199,968,987,14,1.5560217e-20,0.0,2.2048037e-14,1.4524941e-10,0.030261844,0.0,2.5673401e-09,9.136756e-18,1.06798565e-20,1.8640203e-27,2.012544e-12,0.32892448,4.711438e-12,1.5897196e-16,0.6408147,1.4798286e-29,1.4643858e-14,4.3347313e-15,7.4230955e-16
2200,967,985,11,1.5379763e-19,0.0,4.287527e-25,4.3219018e-15,4.915649e-05,4.053533e-39,1.0603991e-11,3.0510688e-11,2.4671667e-19,6.9921855e-16,3.138273e-08,0.61890405,1.2760847e-09,3.247783e-19,0.38104564,1.0612945e-24,6.907598e-13,3.7248474e-14,5.872714e-23
2201,964,965,10,5.858232e-17,0.0,2.0603533e-30,1.9212362e-16,3.346518e-07,1.2836806e-18,1.4707401e-06,2.5919084e-19,6.9312487e-13,1.1918903e-31,1.0,7.134229e-16,3.3814462e-08,1.3211922e-14,2.9554623e-10,0.0,6.643309e-11,7.274855e-09,1.7460731e-15
2202,965,982,10,4.178451e-20,0.0,2.2472617e-28,1.9049028e-17,3.9363704e-06,1.1647219e-20,2.9727018e-05,1.5189397e-19,1.7411859e-13,2.0378062e-34,0.99996185,1.1420022e-13,4.281096e-06,9.182718e-15,4.3614005e-08,0.0,2.5050158e-11,5.3183173e-09,1.4919522e-15
2203,1007,1394,14,1.4394024e-06,0.0,1.2503388e-24,9.750582e-18,1.3295498e-06,6.744256e-23,1.4485857e-05,1.5120213e-17,9.722737e-08,1.1297036e-16,0.0006614505,7.7803666e-11,3.7370046e-05,2.876062e-10,0.86950463,0.0,1.5883674e-09,0.12978083,1.9685064e-18
2204,1001,1019,9,3.5185438e-11,0.0,1.3269191e-30,7.592972e-12,3.619843e-07,2.579296e-39,2.1601467e-07,2.6080454e-11,2.0643508e-14,0.9721882,0.000183592,3.8756898e-10,3.0147814e-07,1.0627494e-08,0.002954244,3.7453544e-27,4.264641e-10,0.02467376,1.3896703e-24
2205,999,1017,17,5.3781324e-10,0.0,6.52082e-30,3.345831e-13,0.115905985,4.420222e-39,6.3527074e-07,1.8738104e-18,2.425387e-13,2.803277e-36,8.875216e-06,1.6578395e-09,6.5757725e-08,5.494812e-07,0.000363808,0.0,2.2276174e-10,0.8837198,6.638264e-27
2206,995,1016,10,2.4172625e-10,0.0,1.2428395e-32,1.1579568e-13,1.6969171e-06,4.0880803e-26,2.6528156e-05,2.3448194e-20,1.3778041e-09,1.238134e-27,0.98342294,1.0524786e-14,0.00046371567,6.1338983e-09,1.0139333e-05,0.0,1.3891887e-08,0.01607403,2.5748995e-26
2207,993,1014,4,5.4151267e-10,0.0,7.260987e-33,2.9024497e-16,0.9821408,1.23e-43,1.6436336e-09,2.905051e-17,1.9966908e-13,3.359636e-25,2.5644771e-05,0.000106314495,9.1279266e-14,6.2302975e-11,0.017719517,1.6145784e-35,8.9975094e-10,6.3236243e-06,6.552403e-25
2208,989,1013,10,1.493245e-07,0.0,8.6598357e-29,1.5324678e-16,0.0011982257,2.3095477e-37,6.357573e-09,4.708304e-15,2.530572e-12,1.6227838e-06,0.9955544,6.356083e-05,8.193094e-13,1.5371118e-07,0.0026579539,0.0,8.843661e-11,0.00052368373,6.4736124e-20
2209,984,1011,9,2.7637839e-09,0.0,2.4405405e-30,5.76309e-20,2.1061032e-06,4.2943243e-38,1.5108215e-10,9.284381e-13,3.9490932e-14,0.99879533,4.903847e-06,1.70178e-05,1.5682373e-13,2.305838e-10,0.0011802656,3.4035824e-34,6.018144e-11,2.782564e-07,5.1012267e-25
2210,982,1009,6,4.2739602e-16,0.0,1.2769469e-31,9.037832e-16,2.470645e-09,1.0392077e-10,0.923932,6.0307398e-18,0.0005581415,1.0988852e-21,0.068953685,1.3608029e-15,0.0065469057,1.3663494e-13,8.8499235e-07,0.0,1.0617971e-08,8.6893215e-06,1.2523374e-19
2211,1026,1023,8,2.9647864e-12,0.0,1.927899e-27,6.831068e-17,2.7224221e-15,0.0,1.1640627e-08,4.083608e-18,0.9999504,2.9783443e-34,3.2315508e-15,3.1509447e-13,9.764101e-09,2.0774926e-25,3.7083483e-12,0.0,5.0849583e-05,8.477547e-14,1.198148e-18
2212,1025,1024,8,1.582643e-05,0.0,5.1272676e-34,8.954017e-19,1.7027635e-09,4.5309118e-34,4.441308e-05,6.280719e-11,0.99991995,2.5654623e-30,1.17361156e-11,4.8274184e-12,2.8496614e-13,2.6695242e-13,4.8257687e-09,0.0,1.8398523e-05,5.045745e-08,5.677988e-19
2213,1040,1043,14,6.660236e-10,0.0,7.3365736e-27,6.735535e-17,2.4979557e-10,0.0,0.00025816262,1.125995e-16,1.5249522e-07,1.6798762e-20,1.3578376e-14,1.4897998e-11,7.269671e-08,3.3589597e-16,0.9997406,0.0,1.3532491e-09,2.972833e-08,2.0132192e-20
2214,1027,1026,8,1.6681473e-10,0.0,1.7774487e-32,1.2295914e-12,1.3791601e-10,1.931961e-29,2.5309288e-05,3.3120482e-08,0.8735841,1.1300623e-22,4.984214e-11,1.3336426e-08,0.0033192786,1.3877099e-17,0.061219517,0.0,0.061851196,1.917743e-09,1.3704234e-17
2215,1039,1042,0,0.99909633,0.0,3.8284738e-34,2.0885552e-16,1.7542426e-10,5.408e-42,0.0004202623,8.662681e-13,5.636318e-11,1.0666391e-18,2.0795653e-07,3.3955545e-12,8.572915e-10,1.51882305e-05,0.00022692564,0.0,4.367901e-05,0.00019900386,1.3002869e-22
2216,1028,1025,16,3.6463943e-16,0.0,4.858268e-35,4.2675802e-13,7.180852e-12,9.439938e-30,4.520242e-12,2.0426208e-07,3.1610823e-05,5.7843317e-24,1.3590686e-10,5.2046008e-09,3.1694365e-06,9.031201e-19,3.59753e-06,3.120044e-39,0.99996185,2.037414e-15,1.1812565e-18
2217,1041,1046,8,0.00028298615,0.0,3.8184009e-31,1.4900774e-12,2.8201244e-08,2.0345403e-15,0.0033781796,5.229803e-14,0.89728713,4.9685035e-23,0.00017686543,2.0034037e-14,0.00019728956,3.5821032e-10,0.0011566735,0.0,6.5932835e-07,0.097519994,8.03637e-21
2218,1043,1044,14,5.0857213e-10,0.0,1.7225507e-26,3.163269e-18,1.14560095e-07,2.4574717e-35,0.0041419542,5.14886e-14,0.02392421,1.713779e-21,3.4889504e-12,7.4447026e-09,2.547616e-07,1.579272e-20,0.97192866,0.0,3.824616e-06,3.8162994e-11,1.9122543e-19
2219,1038,1040,16,4.490824e-09,0.0,2.8707173e-22,5.36639e-10,1.3031267e-08,8.421626e-36,0.00015171965,1.19127e-12,0.041718,1.7731162e-30,3.1861966e-09,8.9458396e-08,0.03904807,3.8110612e-19,0.0002411753,0.0,0.91883904,2.596288e-07,2.0681276e-13
2220,1037,1039,16,0.02074951,0.0,1.1327693e-28,8.983132e-19,4.676923e-08,0.0,3.8215915e-09,2.711033e-15,1.6116566e-11,1.3511939e-35,9.200725e-11,4.7532156e-10,1.3242822e-11,3.9045506e-11,1.05137725e-10,0.0,0.979249,7.414017e-07,4.1439413e-20
2221,1033,1030,12,5.829043e-13,0.0,8.28392e-20,1.6286741e-15,1.5409674e-09,2.4195106e-20,0.0011182461,2.0373336e-10,0.00021901117,1.6380655e-28,0.0037701558,2.2517756e-13,0.99487853,6.481453e-10,9.273679e-08,0.0,1.540424e-05,5.0607174e-10,3.534638e-16
2222,1035,1031,12,2.7161631e-18,0.0,3.4835742e-29,4.3096287e-11,5.197181e-09,2.70665e-39,4.9576148e-09,2.7603375e-10,8.7539015e-13,6.726573e-32,0.0013294301,1.2781608e-08,0.99858576,1.5403194e-11,3.453907e-07,1.7943869e-30,8.541013e-05,1.2411937e-12,6.2310766e-20
2223,1036,1049,9,8.5759837e-19,0.0,1.8233137e-28,6.500245e-18,9.666764e-12,8.909e-41,2.5495456e-11,4.338856e-20,2.8455967e-22,1.0,6.190189e-11,2.6135265e-16,1.123226e-12,1.1038926e-15,9.468462e-08,3.45e-43,7.661181e-17,1.7170024e-09,5.2040424e-25
2224,1034,1048,9,1.5183857e-16,0.0,6.630413e-36,3.1776212e-13,8.7056606e-10,5.4630027e-14,2.6651645e-09,3.067514e-10,5.2432735e-19,0.9997024,0.0002981482,5.9864853e-16,4.510643e-14,7.760485e-09,5.5889878e-08,3.886119e-29,4.7888543e-16,8.319209e-10,1.776712e-22
2225,1067,1055,15,4.548186e-15,0.0,6.398139e-29,8.6898224e-05,6.3887064e-12,6.7e-43,1.8870866e-12,3.962175e-07,2.7942885e-13,2.6841066e-20,7.570587e-12,5.018948e-07,0.00039093336,4.4226864e-16,1.8625058e-05,0.9995042,1.3986795e-09,3.9671105e-12,2.2421906e-22
2226,1065,1056,15,1.9757953e-19,0.0,1.1368499e-31,4.1169915e-08,1.1291587e-12,3.785e-42,1.7462845e-17,2.4215253e-11,7.4164616e-19,9.4881e-37,2.276277e-13,4.2472898e-08,7.7457776e-11,5.484828e-20,1.2351399e-10,1.0,5.250933e-14,4.0894755e-15,1.6175102e-23
2227,1051,1064,9,3.518992e-23,0.0,4.97778e-38,5.854707e-23,3.0288493e-19,8.264176e-39,2.1120442e-18,3.40959e-17,1.128576e-22,1.0,3.1882264e-17,3.1231633e-17,2.662306e-19,5.68854e-21,1.4828745e-14,9.682348e-25,3.7389313e-19,9.133237e-18,2.238698e-27
2228,1050,1066,9,8.098593e-22,0.0,3.714998e-37,1.888121e-22,2.140383e-18,9.884522e-37,5.6514303e-19,1.2110292e-16,5.4714627e-24,1.0,2.645141e-16,3.8507425e-16,5.1579095e-19,2.5881044e-19,5.7997866e-13,7.109489e-21,4.5094614e-19,1.40485e-17,3.9419915e-28
2229,1052,1053,9,1.3027328e-17,0.0,8.627419e-30,1.6283395e-14,4.3708106e-08,1.2080012e-33,1.7728477e-13,5.7466046e-12,4.900344e-16,1.0,5.2253128e-08,3.0346008e-09,4.3841395e-14,1.3573339e-16,2.5181071e-08,2.0027962e-18,2.2469006e-14,1.5916526e-12,1.041898e-19
2230,1053,1054,4,3.7432252e-20,0.0,2.8395418e-25,8.337627e-12,0.5785856,4.3521626e-37,3.8558406e-10,3.9515687e-12,1.5502812e-19,5.4937702e-27,3.609397e-11,0.007700292,2.4853414e-11,5.309681e-17,0.41371423,7.542001e-25,6.552765e-14,1.9793112e-11,2.0097871e-22
2231,1078,1069,12,4.687118e-17,0.0,7.3466963e-31,2.1517826e-07,2.2436274e-15,2.8194835e-35,4.987819e-07,9.96671e-17,9.2921554e-10,4.858102e-20,6.522271e-05,2.4984314e-18,0.9998436,1.9636224e-12,5.3803637e-12,0.0,2.7947923e-11,9.184446e-05,7.3788724e-19
2232,1076,1070,12,1.0442091e-13,0.0,9.259794e-29,5.780339e-09,1.4517994e-13,1.030303e-39,2.8923827e-07,3.008696e-12,6.543169e-08,1.454039e-20,2.8484668e-05,9.9012e-15,0.9999008,1.1344301e-05,4.373868e-06,0.0,6.85639e-10,5.591257e-05,3.8420762e-21
2233,1074,1071,14,9.4573685e-18,0.0,3.863179e-29,1.338222e-11,3.2872496e-09,0.0,9.653824e-13,5.9752013e-13,1.8616212e-09,2.53999e-21,3.018298e-10,3.2455367e-07,4.1857413e-05,2.9089242e-15,0.999958,5.1743235e-35,8.828215e-13,2.2331925e-08,1.6399429e-26
2234,1073,1072,12,4.872017e-14,0.0,2.7834604e-19,6.2572864e-10,3.676645e-10,1.1019485e-38,1.4679034e-07,1.2434069e-12,6.850936e-07,2.6362704e-28,1.9960161e-10,3.2040177e-08,0.95189434,3.1371847e-15,0.012724143,2.3822631e-35,0.035381168,3.988947e-12,2.54864e-12
2235,1074,1089,14,1.0896747e-17,0.0,1.143867e-30,3.1745053e-14,3.0665326e-09,0.0,1.2533007e-15,7.5500535e-12,2.117165e-12,3.289414e-20,3.927539e-12,3.9006707e-08,2.5473703e-09,3.4040812e-16,1.0,9.381484e-32,8.646788e-16,3.9689613e-10,1.1532972e-28
2236,1073,1088,14,4.9768545e-21,0.0,6.290733e-29,5.027096e-13,5.5223486e-11,0.0,5.107352e-13,3.2306635e-15,4.2898248e-14,4.871793e-22,8.130816e-15,2.1814002e-10,1.587612e-07,7.118967e-19,1.0,5.1760764e-29,1.5424581e-13,1.1524484e-13,5.5402474e-24
2237,1083,1087,11,0.0058355685,0.0,1.6815683e-28,1.1471505e-12,0.0001663539,0.0,1.897571e-09,1.72528e-11,4.559725e-06,3.888432e-29,5.225876e-06,0.9569953,1.697721e-05,5.9432992e-08,0.033296287,8.2294e-41,0.0006351336,0.0030456507,2.72709e-22
2238,1057,1097,11,3.075457e-18,0.0,1.9735043e-20,7.9580995e-11,3.8067988e-14,0.0,3.8506056e-11,1.4062074e-08,2.0711493e-15,1.691746e-14,2.1743954e-11,0.9999466,4.572966e-05,2.6942747e-11,8.8539455e-06,0.0,8.5415653e-13,4.8373545e-12,4.2173082e-16
2239,1058,1098,11,1.0104757e-16,0.0,1.9017966e-23,5.1431085e-14,9.9818084e-11,1.2893027e-36,3.0752902e-12,7.957418e-07,4.877684e-16,0.007861158,3.3696473e-10,0.99153686,1.0112786e-07,4.1294164e-16,0.0006008256,8.998464e-19,3.7951184e-11,4.621698e-14,7.9063557e-19
2240,1099,1059,11,2.8529066e-18,0.0,2.42593e-23,3.3605086e-17,5.8571496e-13,0.0,3.768623e-15,1.2710279e-08,9.0734077e-17,7.997475e-12,1.5102999e-14,0.99998474,3.2445026e-11,2.5456407e-17,1.3687494e-05,1.9682416e-35,3.4910868e-16,7.133771e-15,8.159687e-21
2241,1060,1100,11,2.025308e-17,0.0,1.0157343e-26,7.5887824e-10,1.9188215e-06,6e-45,2.7200466e-14,6.216741e-11,3.0832178e-13,2.5990401e-24,1.7783919e-09,0.9999886,8.162655e-11,8.6321174e-17,7.972644e-06,6.204478e-23,2.6447833e-12,2.117414e-13,9.041473e-19
2242,1061,1101,11,4.4988474e-17,0.0,2.933142e-27,7.287004e-13,1.4733296e-05,0.0,2.7656332e-14,4.7337974e-11,1.024824e-15,3.0220439e-24,3.265825e-10,0.99996567,1.7287434e-13,7.5556557e-16,2.0695721e-05,1.8582081e-17,8.981712e-15,9.926326e-12,3.1336618e-19
2243,1062,1102,11,1.8405466e-13,0.0,3.4646344e-30,1.035741e-17,3.5256395e-10,0.0,3.9899952e-13,6.0999583e-13,7.034812e-14,4.2786594e-23,1.0890007e-11,0.99997705,6.1043406e-11,1.16781305e-14,2.3552544e-05,0.0,7.5815907e-14,1.598741e-13,7.095254e-24
2244,1063,1103,14,1.3025588e-10,0.0,6.1713324e-32,1.4675711e-17,1.03787016e-07,0.0,2.3899496e-09,3.944342e-11,1.3929481e-12,1.6711898e-05,1.8335296e-08,0.004895369,6.0709766e-09,5.1745558e-14,0.99508727,5.781246e-38,7.161511e-12,3.317863e-09,2.6729928e-25
2245,1082,1105,11,8.422262e-15,0.0,1.392513e-26,4.975193e-10,2.4174162e-05,0.0,2.4870237e-08,4.628891e-09,2.9705418e-09,1.8232327e-33,1.1584905e-07,0.9131051,4.2112388e-05,2.4329536e-09,0.08681288,7.0666e-40,9.80097e-09,1.3758112e-05,1.6815173e-20
2246,1080,1109,17,6.8815066e-06,0.0,1.0991558e-32,2.3581355e-09,1.4935447e-10,1.42909e-40,1.2557572e-05,8.206961e-18,5.6508395e-07,3.23567e-23,0.0003449001,3.908637e-17,0.0081626875,2.902042e-07,1.965274e-09,0.0,2.3112663e-07,0.9914726,4.3600015e-24
2247,1077,1092,17,4.5719867e-06,0.0,5.153554e-30,8.9149455e-07,8.863124e-09,5.27e-43,0.0027626117,6.393671e-15,1.2311795e-09,1.3652625e-10,0.0005816319,1.20541665e-14,0.3063248,2.7393932e-07,0.004874331,0.0,5.5217066e-07,0.6854486,4.1843842e-20
2248,1075,1091,14,8.492639e-12,0.0,4.9660245e-29,9.030106e-10,2.56248e-07,4.195513e-33,4.610465e-06,1.2571654e-14,4.953834e-09,5.855659e-11,3.6394645e-06,4.1858043e-13,0.041891664,3.1425554e-12,0.95364267,0.0,1.14557294e-10,0.004457488,1.3304712e-24
2249,1085,1110,14,1.9526957e-18,0.0,7.5658984e-30,1.3311698e-12,2.064804e-10,0.0,7.528257e-11,2.5259096e-08,5.906818e-16,3.2158252e-21,1.6996903e-13,5.2732787e-05,3.5030956e-07,5.891066e-16,0.9999466,3.7144787e-27,3.2117785e-14,4.582414e-12,3.8965642e-24
2250,1111,1108,14,1.3313224e-19,0.0,3.7029304e-29,9.474576e-14,1.0148378e-07,8.42e-43,7.566581e-10,2.8391368e-13,1.3345625e-25,4.400434e-18,1.934425e-13,2.3205045e-09,3.5915603e-16,3.0596207e-13,1.0,2.7831222e-18,4.2535533e-21,4.997391e-10,6.282748e-21
2251,1086,1111,14,1.0208514e-16,0.0,1.0125246e-31,2.2532707e-13,2.9138243e-06,1.68e-43,4.5010393e-12,2.351878e-13,4.494831e-18,1.1900738e-22,5.9741786e-12,5.6488076e-09,5.3633324e-13,2.0374539e-14,0.9999962,1.9950372e-22,1.8827316e-17,6.4707852e-09,4.7244675e-27
2252,1110,1107,14,3.2675477e-23,0.0,1.459227e-30,8.5536417e-10,7.120276e-10,0.0,8.7103864e-08,7.212489e-09,1.8394443e-21,1.164487e-19,1.6084183e-13,1.090355e-05,2.2428814e-09,7.309827e-15,0.9999886,8.5190036e-23,2.263697e-19,3.3318478e-12,1.487935e-21
2253,1116,1113,8,1.9862289e-14,0.0,2.3431678e-33,8.861431e-17,9.675117e-16,6.41617e-40,1.8034437e-09,3.978987e-15,0.99998474,1.236818e-33,1.1825799e-14,1.1464931e-14,1.996671e-10,3.370779e-25,1.5784831e-12,0.0,1.5607358e-05,7.3709264e-15,8.910165e-19
2254,1115,1114,8,1.8100492e-06,0.0,1.6147754e-35,6.939005e-19,2.6783004e-10,1.427229e-32,1.3982874e-05,3.6365705e-10,0.9999809,1.012445e-28,1.8527282e-11,1.3366346e-12,3.354675e-13,8.0346285e-12,5.515007e-09,0.0,3.2065398e-06,2.364398e-07,1.4339564e-19
2255,1130,1133,14,3.0899034e-07,0.0,5.325276e-26,4.1159812e-18,9.303688e-09,1.36e-43,0.32671857,1.8167093e-15,1.3854115e-06,7.4088184e-21,7.893989e-14,1.1986193e-10,1.865831e-08,3.2794758e-14,0.6732764,0.0,3.7081154e-08,2.9623195e-06,5.3070687e-17
2256,1117,1116,16,8.556865e-12,0.0,2.103802e-33,8.907474e-13,1.6806017e-11,5.2152017e-21,1.0892241e-05,0.00052172365,0.022024047,1.1388826e-21,9.808516e-11,8.967018e-09,0.0010870296,8.623828e-16,0.022045314,0.0,0.9543122,1.7164832e-11,3.2058526e-15
2257,1129,1132,6,0.0031635948,0.0,4.0852302e-32,1.0710626e-11,2.036279e-08,2.3520467e-37,0.9813992,3.62213e-10,7.503911e-12,1.1408665e-19,0.00030925847,1.0286723e-11,3.4301688e-06,0.0050103506,0.004793456,0.0,2.491776e-05,0.005296185,3.4733576e-21
2258,1118,1115,16,2.1330332e-16,0.0,3.2311237e-35,1.3154955e-12,4.683088e-13,2.9243465e-29,2.5667987e-11,3.300925e-07,5.8780984e-06,1.2074137e-22,6.062315e-11,8.43434e-10,1.12960215e-05,8.718188e-18,2.759248e-06,1.3804354e-38,0.9999809,6.6034726e-16,4.1880134e-18
2259,1131,1136,8,2.9822025e-09,0.0,3.0383548e-31,6.9410155e-12,1.160732e-09,3.505412e-20,0.09376153,8.4485475e-16,0.6163054,2.1791618e-26,8.54417e-06,4.6577135e-15,0.28988865,8.895885e-15,9.393784e-06,0.0,2.4415305e-05,1.6740985e-06,1.1109525e-21
2260,1133,1134,14,2.5234882e-11,0.0,8.7504916e-29,2.2054659e-16,5.9838413e-07,8.5225465e-23,0.16367139,3.4883206e-07,0.0030207047,2.840979e-20,7.843996e-10,1.5782344e-07,1.9453469e-06,3.1762812e-17,0.833176,0.0,0.00012822852,8.7508095e-10,4.890577e-16
2261,1128,1130,16,0.001394209,0.0,2.8775491e-21,9.062517e-16,1.65719e-07,6.0626046e-37,8.6957916e-05,5.4988393e-14,0.004253057,3.588065e-33,1.3986192e-11,9.967863e-07,1.7107669e-07,4.4568734e-19,7.496262e-07,0.0,0.994264,3.1577045e-07,2.769508e-14
2262,1127,1129,16,3.3540742e-05,0.0,9.173155e-31,2.3319745e-20,4.7445515e-12,0.0,4.1990302e-13,1.37781115e-14,3.2043044e-12,4.332875e-32,1.9932367e-12,4.659393e-11,3.1850724e-13,1.8031246e-12,3.6487357e-14,4e-45,0.99996567,1.3862392e-09,4.4264725e-21
2263,1123,1120,12,2.5802246e-14,0.0,4.0074405e-23,6.558992e-14,6.4174956e-15,2.094442e-25,4.0238794e-07,7.127055e-14,2.328665e-07,1.8523352e-23,1.4551806e-07,7.678133e-14,0.9999962,1.5739127e-13,8.330809e-08,0.0,1.0579331e-06,1.6432287e-13,1.8901499e-18
2264,1125,1121,12,8.0992237e-19,0.0,6.1280334e-30,4.13782e-09,5.841759e-11,1.8735683e-32,1.13940715e-08,1.236274e-13,2.2197359e-11,4.4071696e-26,3.908899e-05,4.074036e-12,0.99987036,1.4792136e-14,9.111894e-05,3.6905328e-30,6.676473e-08,7.006962e-13,2.2672984e-21
2265,1126,1139,9,4.1221753e-24,0.0,5.7637667e-29,2.2362073e-18,8.562337e-15,9.142028e-39,1.097399e-12,1.4669581e-21,7.076302e-25,1.0,3.0157714e-14,1.3450446e-18,1.3410658e-15,1.7062621e-16,2.60947e-10,1.1321e-41,7.20299e-20,9.29331e-13,3.7499098e-22
2266,1124,1138,9,1.5636515e-18,0.0,6.5984694e-36,5.146717e-15,6.528897e-11,2.2801337e-15,1.2568514e-10,1.0495489e-12,2.2221401e-20,0.99998474,1.686451e-05,4.9105395e-17,5.1841157e-15,7.605554e-12,1.2648121e-09,1.9533672e-32,4.918151e-17,1.1358556e-11,1.4410169e-22
2267,1157,1145,15,9.026198e-21,0.0,2.4219318e-26,0.0005512266,4.1691428e-17,2.00157e-40,9.258523e-14,7.082783e-10,1.2190105e-16,1.6992581e-18,9.846208e-15,4.9968574e-10,1.2003283e-06,1.9574783e-16,4.8876154e-07,0.99944705,4.609815e-13,5.1616377e-16,1.9714061e-19
2268,1155,1146,15,5.791271e-22,0.0,1.1700857e-24,8.028089e-08,3.1930845e-16,1.505971e-39,8.2682963e-19,2.9483506e-14,3.7257576e-21,1.109074e-33,1.5675291e-16,6.6588907e-10,7.3555685e-13,4.8980886e-21,7.69433e-11,1.0,1.07784744e-16,5.9491897e-18,2.522785e-19
2269,1141,1154,9,9.186671e-24,0.0,1.4881718e-38,5.484027e-22,1.8817391e-19,1.9877e-41,4.5448643e-19,8.6340844e-19,2.848995e-23,1.0,6.143381e-17,9.0373796e-17,5.2956573e-19,1.3995043e-20,5.287796e-15,4.6694056e-28,4.491264e-19,5.890184e-18,6.3370515e-28
2270,1140,1156,9,1.0836484e-23,0.0,1.6183574e-36,1.372357e-20,8.370353e-20,4.6819592e-37,1.9362721e-19,2.182e-17,4.8492597e-24,1.0,5.1560067e-17,2.3861058e-16,6.7171817e-19,3.753578e-20,2.3389395e-14,6.142411e-20,9.661084e-20,1.2563142e-18,3.5478334e-25
2271,1142,1143,9,4.1615e-17,0.0,2.8366026e-36,5.2797044e-18,1.794063e-10,3.922425e-31,2.1858928e-15,5.6536254e-13,1.9803183e-16,1.0,3.0356546e-09,4.785071e-10,1.1926834e-13,1.8253909e-17,1.1039032e-11,1.5683945e-26,6.683419e-11,5.2565445e-14,7.41092e-26
2272,1143,1144,14,6.379147e-16,0.0,6.6289515e-27,3.0654097e-09,2.1422832e-06,5.6e-44,6.186652e-10,7.1433706e-11,5.249346e-16,1.1914222e-23,8.503458e-14,0.00027496996,4.2753964e-08,1.1532063e-18,0.9997215,2.4997553e-19,1.74935e-11,2.0662978e-13,3.306766e-26
2273,1168,1159,12,9.940452e-21,0.0,1.0261932e-30,1.6320018e-07,5.1157285e-16,7.666943e-39,5.393815e-08,4.034464e-17,4.51037e-13,4.937708e-22,1.5882064e-06,1.32917725e-17,0.9999962,6.226415e-14,4.2650436e-12,0.0,2.7766735e-11,2.2801515e-07,1.405926e-19
2274,1166,1160,12,1.4920296e-18,0.0,6.9602617e-28,7.042905e-11,2.9325637e-17,2.39789e-40,1.1158272e-08,8.973153e-14,2.4188655e-12,8.180498e-23,1.2276734e-06,2.7558981e-17,1.0,9.940925e-10,6.945896e-10,0.0,5.37399e-10,8.018501e-10,1.2706711e-20
2275,1164,1161,14,2.1275769e-19,0.0,5.404752e-23,1.151058e-09,1.3076254e-12,0.0,1.35352e-13,1.2450191e-07,1.8629487e-10,2.9613365e-21,2.7706307e-12,4.049306e-05,0.0059887404,3.4456003e-16,0.99397194,3.98677e-28,8.107939e-12,1.4839108e-13,2.5736083e-22
2276,1163,1162,16,8.59214e-16,0.0,1.8127086e-22,4.9460488e-11,2.5612866e-15,0.0,3.9613227e-10,9.206935e-12,5.28088e-08,9.6571435e-27,6.5307863e-12,2.1147948e-09,0.079989806,3.356731e-16,4.5902985e-07,9.1386995e-35,0.92001045,2.8643377e-16,4.2630386e-14
2277,1164,1179,14,1.7989469e-20,0.0,9.4428376e-26,2.959037e-11,3.6458315e-12,1.8e-44,8.0324976e-16,1.2165077e-07,9.664615e-14,1.964535e-21,3.445735e-14,3.6128226e-06,2.3082277e-06,3.8057893e-18,0.9999923,2.9786937e-21,1.2415198e-13,4.6138922e-15,6.858561e-25
2278,1163,1178,14,2.164556e-18,0.0,2.2099615e-25,5.0357407e-10,1.4857638e-12,8.9855125e-38,1.0075262e-11,4.0488963e-09,1.1208429e-10,1.0695483e-18,6.273693e-14,9.402625e-09,0.0002548388,2.284844e-15,0.9997444,1.2445143e-24,8.909195e-08,3.0330427e-14,1.5881653e-19
2279,1173,1177,14,0.0012316296,0.0,1.6205463e-26,1.2943119e-10,1.1250384e-07,0.0,2.9157576e-07,1.8808925e-11,7.503708e-05,1.9619322e-25,1.0775041e-05,0.014205643,0.0057710814,7.226707e-07,0.9784498,3.4913327e-35,0.00019467222,6.144918e-05,2.5013948e-20
2280,1147,1187,12,1.0799288e-18,0.0,1.8181635e-17,0.002620812,4.6691634e-10,2.4e-44,1.0368057e-07,0.0075099017,8.585297e-15,1.5360054e-05,6.799411e-07,0.045741595,0.9434137,3.1988154e-08,0.00069653935,1.085087e-17,4.5074872e-10,2.6928918e-08,1.1296212e-17
2281,1148,1188,9,2.6619835e-17,0.0,5.01628e-25,1.906126e-15,2.2294005e-12,8.9050505e-38,1.373871e-12,3.328463e-08,9.453405e-17,0.9948254,1.5378879e-12,0.005125236,2.3428376e-10,2.8157705e-16,5.0306466e-05,3.5275324e-20,1.0669836e-13,1.1502254e-14,1.2285461e-19
2282,1189,1149,11,1.7509003e-17,0.0,8.930249e-25,1.8290331e-13,2.5714374e-16,0.0,5.27661e-16,1.2236693e-09,1.1570157e-14,1.2986269e-21,4.334343e-11,1.0,8.9640034e-10,6.9191578e-18,9.586498e-10,7.0777185e-29,4.2815013e-15,2.417025e-16,5.9652073e-19
2283,1150,1190,11,9.413906e-14,0.0,8.1171026e-26,5.843576e-07,9.151998e-11,0.0,9.605293e-14,6.0067973e-09,3.128457e-10,1.5368102e-18,6.117551e-06,0.9999923,1.3394147e-07,7.1541e-15,5.2249142e-08,1.374678e-20,2.827231e-10,1.4472217e-12,2.3381688e-17
2284,1151,1191,11,9.187183e-12,0.0,1.1466698e-26,2.0151195e-10,5.5061395e-08,0.0,2.9651355e-13,5.331722e-10,7.896471e-11,7.229297e-15,1.03621254e-07,0.999958,6.709936e-11,1.570745e-14,4.2128457e-05,1.0662794e-21,1.502682e-11,1.9217553e-10,2.4771618e-20
2285,1152,1192,11,2.9994773e-08,0.0,1.64358e-28,2.5339192e-16,6.750526e-11,0.0,4.2391053e-13,1.9552454e-10,3.72548e-10,7.0821944e-16,4.8175286e-09,0.99979013,7.7210266e-11,2.934317e-12,0.00021132518,0.0,1.262916e-11,9.182632e-11,6.757496e-22
2286,1153,1193,11,5.787309e-10,0.0,1.3955854e-28,3.1101193e-18,1.430572e-07,0.0,5.0452944e-11,7.964668e-09,6.099453e-11,2.9809284e-09,4.0656158e-07,0.991431,5.6393254e-12,3.0783114e-09,0.008569219,0.0,8.429824e-13,6.8069374e-07,3.3315042e-20
2287,1172,1195,11,1.7515611e-10,0.0,4.0241873e-29,4.7102986e-15,3.071128e-05,0.0,2.1155615e-09,3.9003763e-14,1.4776542e-10,4.933371e-32,9.214407e-07,0.9980412,1.038792e-09,8.232083e-09,0.0019245645,0.0,6.420208e-09,3.356389e-06,7.106964e-22
2288,1170,1199,17,5.183606e-06,0.0,2.667194e-35,4.5050956e-11,2.1920262e-11,3.0457e-41,6.5510886e-07,2.320609e-18,2.1393398e-09,1.0755588e-25,6.86973e-06,8.514184e-18,8.094859e-06,2.6044322e-07,6.638293e-11,0.0,3.0744254e-10,0.99997705,2.487733e-25
2289,1167,1182,12,1.812762e-09,0.0,1.6787088e-29,4.7227684e-07,2.9996947e-08,1.84275e-39,0.010678243,2.5281382e-14,2.9789587e-11,4.7099664e-11,2.5302626e-05,1.0220447e-14,0.8132796,1.8848386e-08,0.083514854,0.0,1.8685304e-08,0.092502125,2.8860926e-20
2290,1165,1181,12,2.0546149e-16,0.0,2.4918194e-23,5.0612964e-10,2.3848707e-14,1.9503253e-36,5.494321e-10,2.9785382e-11,3.2932587e-11,1.9964577e-10,3.4249565e-11,1.7686267e-12,0.99337304,5.186151e-16,0.00662835,8.067239e-36,9.3667936e-08,2.7291019e-12,2.6054283e-20
2291,1175,1200,14,1.1735549e-16,0.0,9.165933e-27,6.444567e-11,1.10174564e-10,0.0,2.0405247e-08,6.8709216e-10,1.3797639e-12,4.0192753e-23,2.2149409e-10,0.0012893194,0.01317521,2.4920853e-16,0.9855373,8.900992e-34,1.00663144e-10,2.1535766e-11,4.800601e-22
2292,1201,1198,14,6.0717155e-17,0.0,3.3627564e-30,5.0768363e-13,3.78652e-08,3.7633555e-35,1.3852522e-07,3.5801423e-14,1.1749321e-20,9.136529e-22,1.8905379e-12,5.803555e-11,2.8145058e-14,1.4080666e-13,1.0,1.3909812e-30,1.4503225e-19,1.259824e-08,7.708586e-24
2293,1176,1201,14,6.123681e-17,0.0,4.4957106e-31,1.1438475e-11,3.7749118e-07,2.5455845e-38,5.5609106e-10,1.0363437e-13,3.1645829e-19,5.6734457e-25,3.847963e-11,6.0688893e-10,4.194918e-12,8.1337e-15,1.0,8.2144696e-20,3.5696615e-18,1.7590279e-09,2.1753069e-27
2294,1200,1197,14,2.3420394e-20,0.0,7.9306044e-28,9.214222e-09,2.8999905e-10,0.0,2.0208732e-07,3.659239e-10,9.026964e-19,2.69437e-24,9.700152e-13,0.00020131511,1.5618963e-06,3.0604027e-13,0.9997978,3.6642497e-27,6.119944e-17,6.854997e-12,4.70177e-23
2295,1206,1203,8,1.8936127e-12,0.0,5.9171696e-31,4.529428e-18,6.2648595e-17,0.0,4.9167614e-10,2.782509e-16,0.9999962,2.9559686e-33,2.3563017e-16,3.3173848e-15,1.5945523e-11,1.6493806e-24,1.9834285e-13,0.0,2.1276398e-06,5.277075e-15,3.582975e-19
2296,1205,1204,8,2.0340453e-06,0.0,3.5939674e-34,1.9661788e-19,3.5494423e-11,5.8951288e-33,2.5740612e-06,6.3134875e-10,0.9999923,3.530316e-29,2.2912637e-11,4.3687666e-13,5.688954e-13,1.6612889e-10,9.0818203e-10,0.0,1.7945868e-06,1.6624453e-07,1.1940734e-18
2297,1220,1223,14,1.4556739e-08,0.0,9.613744e-25,8.538485e-17,7.932289e-08,5.3e-44,0.27106696,3.683697e-15,6.5567574e-09,6.651107e-22,1.1275614e-13,2.4879512e-10,4.4460263e-10,2.230737e-11,0.7289134,0.0,1.651766e-10,1.9067538e-05,4.4500556e-14
2298,1207,1206,16,2.0628326e-13,0.0,3.499283e-33,3.3581976e-12,5.6571203e-13,7.7206304e-22,3.9333405e-05,3.0118534e-05,0.032018527,2.3243518e-22,1.4123723e-10,1.7938985e-10,0.0030919965,3.3314613e-15,0.0003351403,0.0,0.96448636,3.3115971e-13,1.3185941e-14
2299,1219,1222,6,0.0003907649,0.0,7.357522e-31,5.4945637e-13,2.1128926e-08,1.031665e-37,0.9817811,2.0516831e-11,5.5773637e-14,1.7612136e-20,1.3916783e-05,2.5599148e-11,2.9592558e-08,0.0058319634,0.011213265,0.0,2.0243672e-08,0.00076906587,3.594802e-20
2300,1208,1205,16,5.45396e-16,0.0,8.125895e-35,4.3905234e-11,1.2629195e-13,3.1591543e-27,2.2178326e-10,2.1305068e-06,2.6188593e-06,9.7034045e-21,1.9378624e-10,4.9166493e-10,5.5079756e-05,5.2321527e-16,7.575521e-06,5.649891e-37,0.99993134,4.0095194e-16,3.4406472e-17
2301,1221,1226,6,2.09007e-08,0.0,1.4109995e-32,2.2692805e-13,2.5499652e-10,1.500271e-18,0.71563625,8.294589e-17,0.2742863,3.455323e-26,1.1545602e-06,5.0408734e-17,0.010064896,1.7661178e-13,7.308132e-06,0.0,2.2206804e-07,2.394242e-06,9.224536e-22
2302,1223,1224,6,6.4130506e-12,0.0,7.2538027e-29,2.1527394e-18,3.5368508e-08,3.334639e-23,0.98807824,4.789493e-09,0.010888396,1.922176e-22,6.9485734e-10,3.6075802e-11,5.594833e-08,1.985597e-17,0.0010283311,0.0,4.2186e-06,2.2551731e-11,6.179315e-18
2303,1218,1220,16,1.0830672e-05,0.0,7.8973e-22,1.0951307e-15,2.6177165e-09,3.444285e-39,2.2386292e-05,3.592921e-14,0.00035745517,2.5377774e-32,1.0203079e-13,1.0458187e-07,2.437694e-07,5.1320813e-19,2.6809826e-07,0.0,0.99960715,5.012706e-09,2.6581622e-14
2304,1217,1219,16,3.8032456e-05,0.0,1.5750583e-30,7.8798465e-22,6.306931e-13,3e-45,1.8422757e-12,2.9432826e-14,2.3528674e-11,5.1166486e-30,2.3766893e-13,4.4367225e-11,2.167777e-12,4.114913e-11,9.098972e-13,0.0,0.99996185,2.6243444e-10,2.2248036e-20
2305,1213,1210,12,6.105962e-14,0.0,4.3675275e-23,5.3839485e-15,4.8486744e-14,1.4908856e-26,1.9016682e-06,9.501898e-15,2.7419338e-07,3.0997122e-23,1.8535378e-07,2.4679166e-14,0.9999962,1.2770853e-13,3.5921367e-08,0.0,1.8835469e-06,3.375702e-13,2.883926e-19
2306,1215,1211,12,2.3373994e-19,0.0,2.5957031e-30,6.2409606e-09,4.0458643e-12,1.7821645e-35,7.5226945e-09,1.8309756e-11,1.02008605e-13,2.4707328e-29,2.4354738e-06,3.015842e-13,0.9999962,1.7569118e-13,1.5574045e-06,1.31379035e-27,2.8863507e-09,6.4131453e-13,1.849751e-23
2307,1216,1229,9,5.7641116e-24,0.0,7.8317926e-26,1.7374528e-18,6.047088e-13,5.81394e-36,9.111753e-13,8.443339e-21,3.0174807e-25,1.0,2.122267e-12,1.5529236e-16,6.055389e-16,8.938571e-16,1.1491625e-09,2.5e-44,5.0282096e-20,1.1080843e-11,2.4643448e-19
2308,1214,1228,9,6.3474086e-20,0.0,4.5152945e-35,8.343528e-16,1.1144344e-11,3.1371475e-16,2.6760523e-11,1.8614676e-14,3.9085096e-21,0.9999962,2.0061343e-06,1.4704236e-17,6.277617e-15,4.9498918e-14,1.5437733e-10,2.7808495e-34,2.0330252e-17,6.307556e-13,1.614318e-22
2309,1247,1235,3,6.499591e-21,0.0,5.1482443e-24,0.9195473,2.0137225e-16,1.72916e-40,6.576436e-12,2.4319329e-09,1.2329148e-15,8.2644564e-25,1.680413e-14,6.4734507e-09,0.00015280757,1.169172e-15,4.1366743e-06,0.08029707,4.925145e-13,3.3263185e-15,4.1707154e-18
2310,1245,1236,15,7.8557097e-16,3e-45,1.4270497e-24,0.006422163,5.6798094e-11,7.52935e-33,1.5333764e-13,2.1779934e-08,8.315789e-16,1.482252e-37,1.769608e-09,5.6421213e-05,1.7344436e-06,1.5064842e-15,2.024514e-08,0.99352086,6.536722e-11,1.5205873e-10,1.5037217e-16
2311,1231,1244,9,4.9241383e-25,0.0,1.0310005e-36,5.599194e-21,8.2122496e-19,4.3309116e-38,9.82166e-18,6.5235925e-19,1.2081225e-23,1.0,2.2475058e-17,1.9513712e-17,6.069367e-20,1.2970335e-20,6.555315e-14,7.991446e-25,6.007471e-21,9.087016e-18,3.2575493e-26
2312,1230,1246,9,1.04351537e-22,0.0,1.1047455e-34,1.992172e-20,5.1978086e-19,7.543487e-35,3.913586e-19,1.0552072e-16,1.4844638e-23,1.0,4.3108344e-16,1.9693431e-15,1.3043483e-18,4.1702202e-19,7.872397e-14,1.6769756e-20,5.28478e-19,5.3593102e-18,3.0477452e-24
2313,1232,1233,9,2.0263162e-21,0.0,2.186317e-39,6.638027e-22,6.931529e-16,1.0359013e-35,1.2933588e-18,7.5116285e-16,1.755317e-21,1.0,6.33775e-14,8.833288e-16,7.3946555e-18,1.4020378e-19,3.9063025e-14,4.6847164e-27,4.69068e-16,3.7395486e-17,9.429613e-29
2314,1233,1234,14,5.4542483e-17,0.0,6.707612e-32,1.4085773e-05,0.1096037,9.47678e-29,2.0133873e-06,1.7673491e-08,2.0506617e-15,5.121666e-23,3.6389488e-07,1.7023838e-05,4.8685017e-08,7.558662e-14,0.890335,4.2247932e-17,5.1235123e-12,2.7887518e-05,7.5494916e-23
2315,1258,1249,12,3.7093865e-24,0.0,2.124459e-30,8.541521e-08,4.646936e-17,3.511272e-36,3.35421e-08,7.353731e-17,2.1524976e-14,1.0781936e-22,1.3778377e-06,2.337579e-18,1.0,8.1104624e-15,1.8689687e-12,0.0,7.267022e-12,3.7124586e-09,1.0310848e-18
2316,1256,1250,12,8.4491795e-19,0.0,3.4112117e-27,6.656728e-11,9.7661054e-18,3.95693e-40,2.9132323e-08,8.670876e-14,2.2425432e-13,7.313025e-25,4.3511022e-06,1.768683e-17,0.9999962,9.828895e-10,2.2403064e-10,0.0,7.519507e-10,3.2050168e-10,2.748859e-20
2317,1254,1251,14,6.919864e-20,0.0,3.3367373e-24,3.4047186e-08,1.3745525e-12,0.0,8.405264e-12,1.2407862e-05,6.2931424e-11,1.2503694e-21,3.0860434e-12,4.4175846e-05,0.037611224,1.6405206e-16,0.96233284,2.7691873e-24,6.515735e-11,5.432102e-14,3.4227674e-23
2318,1253,1252,12,2.793639e-20,0.0,1.29341965e-23,1.1024908e-08,1.1888529e-15,0.0,8.063504e-09,3.3081538e-11,3.662254e-11,1.0604946e-29,9.4821425e-12,2.2305264e-09,0.97712946,1.9480477e-16,1.25612e-07,9.527008e-31,0.022870827,3.6728894e-17,5.604553e-15
2319,1254,1269,14,1.2942107e-21,0.0,7.346596e-28,7.564359e-10,1.0735456e-11,1e-44,4.3129983e-12,2.069805e-09,8.605696e-14,3.8948252e-24,1.4663374e-13,1.9950295e-07,2.0291018e-05,8.84767e-20,0.9999809,7.4052797e-23,7.6952024e-13,3.770795e-15,8.568469e-25
2320,1253,1268,14,1.7127277e-20,0.0,2.5541023e-25,2.594482e-10,1.338718e-10,1.0010537e-37,4.7162236e-11,4.2803787e-13,1.0458082e-12,9.58866e-24,4.0899208e-11,1.6850521e-09,7.0378774e-05,3.319825e-17,0.99993134,3.3160134e-33,2.5406924e-10,7.0485885e-15,2.0380705e-19
2321,1263,1267,14,3.4573178e-09,0.0,4.438711e-30,1.2205193e-14,2.7793894e-09,0.0,2.0598823e-07,2.6097307e-16,2.9632787e-07,1.937611e-25,7.541408e-07,9.591195e-07,8.2118925e-07,1.6220423e-12,0.9999962,0.0,5.7793886e-10,2.4203273e-09,5.94022e-22
2322,1237,1277,12,7.656151e-18,0.0,5.759428e-17,0.0052760807,3.9407175e-11,0.0,1.18960635e-07,0.023176907,7.810747e-14,9.823354e-09,3.3524466e-07,0.27029356,0.7008502,2.3115747e-07,0.00040176278,3.393762e-15,1.2526495e-09,2.0261053e-08,5.956803e-16
2323,1238,1278,9,2.358163e-16,0.0,1.7610564e-23,5.8930725e-14,9.721235e-12,2.8291985e-37,1.5527614e-11,4.254914e-07,1.4418414e-15,0.91795266,3.2057367e-11,0.0815765,8.208972e-09,1.3526832e-14,0.00046958466,2.7649074e-20,1.0842458e-12,2.0544848e-13,3.1800624e-18
2324,1279,1239,11,5.0646755e-18,0.0,7.937336e-25,3.3652122e-12,1.8834663e-15,0.0,5.1091953e-16,1.8572093e-09,5.9728515e-14,2.7801393e-26,2.451632e-10,1.0,7.985291e-10,6.958044e-17,6.8629835e-10,3.0896855e-33,2.0514363e-15,1.2578218e-15,1.9627646e-16
2325,1240,1280,11,7.8324004e-16,0.0,7.7545696e-23,5.0142244e-06,2.4937745e-11,8.61e-42,2.236034e-13,1.9307008e-07,1.1971145e-12,8.5500425e-20,4.49395e-06,0.9999886,3.2172713e-07,4.0740608e-15,1.8477982e-07,3.5748708e-16,4.904805e-12,8.208079e-13,1.9263091e-14
2326,1241,1281,11,5.691485e-16,0.0,4.213845e-26,1.5237701e-09,1.5024419e-10,0.0,1.0055356e-14,2.6751261e-09,8.5789226e-13,1.4095117e-21,1.4623869e-07,1.0,9.213936e-10,5.2599894e-16,7.749487e-07,3.9430133e-21,4.2425814e-14,1.7520005e-12,6.1850015e-17
2327,1242,1282,11,6.102664e-11,0.0,3.5981382e-26,2.6171393e-15,2.4424282e-10,0.0,2.1952793e-13,5.2442584e-10,4.5292867e-12,1.847386e-18,1.439423e-08,0.99954236,3.7442847e-11,3.644107e-12,0.0004583534,0.0,9.3246215e-15,1.6066416e-11,2.5570096e-16
2328,1243,1283,11,4.8669483e-13,0.0,1.389765e-25,1.6921243e-17,4.0702186e-10,0.0,1.4432626e-13,3.1225666e-10,1.1106815e-13,2.3604773e-15,9.07715e-09,0.99998474,1.6729443e-12,2.9003746e-12,1.6631828e-05,0.0,1.6970389e-15,4.2297105e-10,9.759964e-17
2329,1262,1285,11,1.5336771e-10,0.0,5.5787307e-27,2.242899e-16,3.0850814e-10,0.0,1.504861e-12,1.5813339e-12,1.4287048e-10,1.6476378e-25,5.0750288e-08,0.99996567,6.86615e-11,2.857502e-11,3.4197838e-05,0.0,5.157534e-12,5.1737405e-09,8.246868e-21
2330,1260,1289,17,4.0786002e-08,0.0,2.6041054e-36,3.6984488e-10,1.2195445e-10,6.35885e-40,3.150403e-06,8.99806e-17,1.4307609e-10,1.9266888e-24,1.21030625e-05,3.4020155e-17,1.7563561e-05,1.8436382e-06,4.12735e-10,0.0,7.4712105e-11,0.99996567,1.5455181e-24
2331,1257,1272,12,7.502084e-11,0.0,7.22494e-30,6.760484e-08,7.3089886e-08,3.71868e-39,0.02037412,4.6664122e-14,3.8474744e-13,3.7440095e-13,1.7768427e-05,2.0948448e-14,0.8248431,1.9486949e-08,0.07386625,0.0,3.579416e-08,0.08089998,3.6179003e-20
2332,1255,1271,12,1.826713e-11,0.0,4.7068773e-26,3.7621545e-10,1.8284602e-14,5.208822e-35,6.6739743e-09,6.732945e-08,2.7730986e-09,1.2901864e-09,3.3384925e-10,8.091654e-12,0.9920098,7.898304e-12,0.0079593165,1.5772e-41,3.0663166e-05,8.054761e-12,1.5515577e-21
2333,1265,1290,14,5.0133e-16,0.0,1.0905452e-22,1.3029476e-08,1.9311525e-12,0.0,2.1174273e-08,4.5040714e-08,6.5288187e-12,5.312356e-24,3.451529e-11,0.007266834,0.3604311,1.8580966e-15,0.6323013,2.1428863e-30,1.4553336e-10,6.2484067e-12,2.0965736e-20
2334,1291,1288,14,2.1741444e-13,0.0,2.4049525e-28,7.612368e-14,8.750719e-08,1.985242e-31,3.565898e-07,4.6110437e-14,5.629373e-20,3.158667e-23,3.446424e-11,5.6600405e-11,8.891615e-14,1.0295595e-11,1.0,1.122332e-39,1.05864585e-17,6.3136656e-07,1.760876e-22
2335,1266,1291,14,9.144577e-16,0.0,2.2180651e-29,9.698302e-13,1.16028616e-07,1.4809876e-35,4.1216413e-09,1.9601768e-15,5.745172e-22,3.1582747e-27,2.2240246e-11,1.5504835e-10,1.3180414e-13,1.6399215e-14,1.0,1.8294757e-25,1.1335525e-19,2.7455207e-09,1.0693079e-25
2336,1290,1287,11,2.5974948e-16,0.0,1.4984026e-23,8.938803e-10,1.5497977e-10,0.0,3.708384e-08,1.1447016e-06,2.4079545e-13,1.2031869e-24,1.3396164e-11,0.88509965,1.241278e-06,3.890441e-11,0.11489875,1.598013e-31,9.605069e-15,2.863396e-10,2.698122e-18
2337,1296,1293,8,4.1619768e-13,0.0,1.0958818e-32,2.2726967e-18,5.4314482e-18,0.0,4.861767e-11,2.766009e-17,0.99999815,1.9641934e-33,3.1411584e-16,2.9764862e-16,1.2326092e-11,2.2747713e-24,1.6652226e-14,0.0,2.0540965e-06,1.8919538e-14,8.9823045e-20
2338,1295,1294,8,1.8385965e-05,0.0,9.364495e-33,1.8039919e-19,5.179676e-12,1.1303188e-33,8.279078e-07,7.698179e-10,0.99996185,2.8785394e-27,1.4277622e-10,1.606561e-12,2.2887731e-12,7.740591e-08,1.0848513e-09,0.0,1.8667166e-05,4.2905603e-07,4.755046e-18
2339,1310,1313,6,1.3401201e-07,0.0,2.0397347e-27,4.783044e-18,3.7033654e-08,1.543e-42,0.99542904,1.7907304e-13,1.049479e-08,1.0090531e-26,2.353781e-13,2.1576893e-10,1.3527162e-11,3.0379585e-10,0.0044598524,0.0,5.327084e-11,0.00011084306,2.6617147e-13
2340,1297,1296,16,4.881819e-15,0.0,9.374055e-37,2.3717443e-13,1.08403426e-13,2.7599823e-23,0.00022014447,8.519536e-05,0.0021982486,1.0741096e-21,2.0008645e-10,1.6319175e-11,0.0006678015,1.0558248e-13,3.417528e-05,0.0,0.99679315,1.6541856e-12,2.8168692e-14
2341,1309,1312,6,2.888843e-07,0.0,1.8095628e-32,9.644506e-14,3.0076106e-09,3.767287e-37,0.9992183,2.3924636e-12,4.896177e-16,2.0357256e-25,4.27899e-06,2.0724553e-13,1.594579e-08,0.00037768765,0.0001577346,0.0,7.158756e-11,0.0002406643,2.0253501e-21
2342,1298,1295,16,3.921393e-16,0.0,4.276714e-32,7.1710353e-09,9.2651296e-14,7.817141e-25,1.8325018e-08,0.0008630463,8.955844e-08,7.175592e-20,2.1455593e-09,2.0232622e-09,0.0040291254,4.1080256e-12,0.00029187332,2.4023712e-32,0.99481404,7.0508746e-15,3.0454144e-13
2343,1311,1316,12,2.1616757e-11,0.0,1.603416e-32,7.503772e-11,1.7708293e-10,2.9520922e-18,0.2981316,2.786984e-14,0.038763262,7.815911e-27,3.1771594e-06,4.982072e-16,0.66309613,1.2239708e-12,5.4004704e-06,0.0,4.1023827e-07,2.8291123e-07,1.4507416e-21
2344,1313,1314,6,7.549652e-19,0.0,1.6024452e-38,3.551382e-17,5.0582666e-10,1.8090009e-35,0.9999962,8.9915386e-10,3.797387e-06,1.0656645e-30,2.7031268e-12,2.5897923e-12,7.356482e-09,6.228754e-18,6.010654e-07,0.0,2.2800958e-10,5.761034e-09,4.0287855e-19
2345,1308,1310,16,1.8806597e-07,0.0,3.753597e-25,9.5652726e-18,6.8466604e-12,2.8e-44,1.5064796e-06,4.0166705e-15,5.32054e-05,2.580004e-32,3.5366224e-15,6.121367e-10,1.0896173e-08,4.962133e-18,1.1420213e-10,0.0,0.9999466,5.3955763e-11,1.4653735e-16
2346,1307,1309,16,2.0787505e-05,0.0,1.1488085e-30,2.6276553e-21,5.663898e-14,0.0,1.0241734e-11,1.1121437e-14,5.1680565e-10,4.123406e-30,7.869878e-13,3.3072308e-12,9.694201e-12,5.5746313e-10,8.475057e-14,0.0,0.9999809,7.783008e-11,5.4308834e-20
2347,1303,1300,12,7.414489e-17,0.0,7.4025327e-25,4.7033547e-13,9.7700685e-15,9.3832305e-26,8.554308e-07,1.2186352e-14,1.5097736e-09,7.554057e-27,3.1985851e-07,2.964885e-14,1.0,1.348402e-14,9.9696834e-08,0.0,1.5728192e-07,3.791985e-15,1.0722444e-18
2348,1305,1301,12,5.7666555e-19,0.0,7.7406674e-26,8.630069e-11,3.3200217e-13,3.559e-42,7.87542e-09,8.1292984e-14,2.5452657e-14,3.3389884e-33,7.3633964e-07,3.3130627e-13,1.0,3.0341868e-15,9.070127e-08,7.740089e-38,1.0263334e-09,2.1158476e-13,2.4840492e-21
2349,1306,1319,9,2.9861509e-25,0.0,8.8209385e-29,1.211694e-17,1.0034315e-15,1.776109e-37,2.4622567e-13,1.7783955e-20,1.736287e-25,1.0,6.611394e-14,4.9048084e-18,2.3556928e-14,1.7630448e-17,1.774453e-11,2.44e-43,5.149869e-19,4.9517617e-14,2.989863e-20
2350,1304,1318,9,3.7488678e-21,0.0,3.2894657e-34,2.2405303e-16,1.5176014e-12,9.840932e-19,3.4721017e-12,2.1063898e-16,3.850746e-22,1.0,1.4265339e-07,4.204774e-18,6.7317147e-15,7.127239e-16,3.501686e-11,1.3854332e-35,3.4799013e-18,5.698943e-14,1.0757862e-22
2351,1337,1325,3,4.1500887e-23,0.0,1.1650152e-20,0.99997705,9.880891e-17,7.20124e-40,6.094493e-13,1.898916e-11,4.547421e-16,1.4721213e-28,1.9004692e-16,1.5951143e-08,1.4758384e-05,1.1970835e-18,6.060131e-07,9.080799e-06,1.5361391e-14,1.1939652e-16,7.525165e-16
2352,1335,1326,15,5.0678727e-22,0.0,3.4223333e-25,2.3906143e-06,2.0401739e-16,0.0,2.15237e-18,4.207685e-11,4.1362365e-19,6.202336e-27,2.6954513e-15,5.9813395e-08,7.262522e-11,3.998335e-18,1.6954427e-09,0.99999815,3.671154e-16,1.6862595e-18,3.5385972e-20
2353,1321,1334,9,1.25327145e-23,0.0,1.7846563e-33,8.910098e-19,6.864e-19,4.988213e-39,4.182761e-18,2.9873106e-19,1.883396e-21,1.0,1.0289842e-15,1.1993027e-14,6.6050815e-17,2.4644856e-19,1.1399907e-14,5.91014e-28,6.713679e-17,1.7567005e-17,1.3256748e-22
2354,1320,1336,9,9.339897e-22,0.0,8.192475e-34,1.2628592e-17,8.399913e-19,4.4023415e-36,2.2861047e-18,6.304972e-16,2.4339412e-21,1.0,2.2884988e-15,4.5108174e-13,9.08761e-17,8.000616e-20,3.8300485e-13,1.00100706e-16,4.984557e-18,4.379568e-18,9.734284e-22
2355,1322,1323,9,5.655115e-20,0.0,9.96e-43,9.988226e-22,4.9499245e-16,1.5282119e-31,5.650208e-17,1.2818426e-15,1.1677788e-19,1.0,1.8481946e-13,3.2954978e-17,5.967467e-17,8.8996734e-18,4.1097635e-13,2.3337812e-27,1.3793046e-14,7.4012394e-16,2.2576058e-29
2356,1323,1324,3,8.5598205e-23,0.0,5.608761e-17,0.8576814,2.0773771e-07,2.4e-44,3.5716867e-13,1.5675473e-08,2.0227426e-19,4.4270997e-20,6.167783e-08,0.00074744865,0.113360174,1.3772659e-12,0.028209615,8.843863e-11,2.244361e-10,2.3149992e-14,3.978937e-17
2357,1351,1339,12,5.4628495e-24,0.0,9.226056e-28,3.1073336e-10,4.787451e-15,3.6e-44,2.10123e-08,2.166411e-14,1.2671303e-16,1.6196095e-23,0.00023605625,1.883577e-12,0.9997635,8.16593e-17,6.791051e-11,0.0,6.612545e-09,8.940943e-12,2.1124146e-18
2358,1349,1340,12,6.469577e-16,0.0,1.7880923e-24,3.912378e-11,4.4138545e-16,4.8e-44,5.9987195e-07,3.5828493e-13,3.946434e-11,3.8920858e-20,5.6818983e-08,1.3307148e-09,0.99998474,1.5730176e-14,1.37612615e-05,0.0,1.14086916e-07,8.95387e-14,6.3337155e-21
2359,1346,1341,12,1.5622277e-24,0.0,2.4013425e-19,1.412423e-07,5.5865013e-13,1.0615e-41,8.416562e-11,1.2307918e-06,1.9655035e-12,2.3911497e-27,6.0750184e-13,3.2372784e-06,0.9992869,2.747161e-20,0.0007092403,6.8180494e-25,2.1362338e-08,1.6453286e-15,8.517201e-19
2360,1344,1342,14,4.956097e-11,0.0,2.5205358e-25,7.266804e-11,6.666755e-07,4.0384154e-35,9.533978e-11,1.6853596e-10,1.1435844e-06,6.1093607e-15,0.002148449,3.6663325e-05,0.42565668,3.924871e-13,0.54775,2e-44,0.024405563,3.8298975e-08,1.6652913e-19
2361,1356,1361,14,6.9104504e-19,0.0,3.1750505e-29,9.067321e-09,1.2808231e-12,5.396e-41,7.3495016e-08,1.4003836e-15,3.7823872e-10,7.977522e-26,1.0895445e-12,1.7683992e-10,9.828161e-07,3.312437e-17,1.0,5.74773e-40,2.1228316e-14,4.0478848e-13,2.366062e-19
2362,1327,1363,9,8.544972e-24,0.0,1.3726452e-27,4.57211e-13,5.67226e-16,4.85195e-36,1.09266505e-14,5.748277e-10,5.4089e-22,1.0,1.1838766e-12,3.4417996e-11,4.325591e-10,2.2550914e-15,2.1812838e-10,1.6872599e-22,2.0277374e-15,5.450344e-15,6.0616506e-24
2363,1328,1364,9,4.5130307e-16,0.0,5.131565e-29,1.7314251e-18,5.3923614e-13,3.8097055e-36,1.3610951e-13,2.6104445e-11,6.553052e-18,0.9999923,9.21702e-12,8.200315e-06,3.2075332e-12,9.808817e-18,2.9057848e-08,5.563674e-23,8.961943e-12,7.3171124e-14,6.0858953e-21
2364,1365,1329,11,1.413762e-19,0.0,7.12928e-23,8.5257397e-14,3.48739e-14,0.0,5.814354e-16,2.4310077e-07,2.5512014e-17,4.328747e-16,2.398104e-10,1.0,6.438059e-10,1.8321098e-16,9.412782e-09,4.721934e-24,1.5384489e-15,7.932317e-16,4.4494376e-17
2365,1330,1367,11,1.8236397e-14,0.0,5.1093554e-22,1.5201952e-07,1.20058625e-11,0.0,7.981676e-15,5.073712e-08,3.867354e-13,1.9776277e-19,6.648719e-08,1.0,1.3671557e-08,4.523461e-15,2.0068988e-07,1.6550501e-20,5.713878e-13,2.2767113e-13,9.553284e-16
2366,1331,1368,11,2.650334e-15,0.0,9.08137e-25,3.9271347e-12,1.150691e-06,0.0,1.6213283e-15,2.472823e-09,4.9345383e-17,2.0157053e-16,3.500047e-09,0.9997826,1.9166713e-13,1.4256042e-14,0.00021485543,3.7488058e-16,1.4167334e-16,1.00305085e-11,4.1110973e-20
2367,1332,1370,11,2.969359e-12,0.0,1.6875166e-23,1.9367032e-09,4.652251e-12,0.0,1.56157e-12,8.6066546e-05,1.2071336e-13,2.1590663e-08,5.04536e-08,0.9957518,2.224879e-06,8.42909e-12,0.004159181,4.9001698e-26,7.835917e-11,4.671422e-12,2.8779736e-16
2368,1333,1371,11,7.5917933e-10,0.0,2.4488679e-23,4.85487e-16,3.7421767e-08,8.592597e-39,3.1530282e-11,5.6311557e-05,1.3420292e-13,0.0065598297,2.486589e-07,0.93432736,5.3772714e-10,1.785579e-07,0.059056204,2.061264e-39,9.752658e-12,6.497282e-07,2.3140522e-16
2369,1355,1374,11,3.3037097e-14,0.0,5.9820974e-25,4.4273984e-15,1.1033222e-11,0.0,1.4896846e-13,9.400934e-10,1.0754617e-15,2.2458419e-18,2.6908338e-11,0.99992365,1.1935454e-10,1.5537799e-12,7.79031e-05,1.0357343e-37,3.822063e-14,2.3681121e-11,3.069207e-20
2370,1353,1380,17,9.323213e-12,0.0,9.1404034e-36,1.14076855e-08,2.758969e-10,6.748973e-36,1.3170366e-05,2.3641259e-16,9.0814075e-17,5.851644e-32,2.0850324e-05,9.403084e-18,6.922652e-08,1.7771952e-05,2.608725e-09,0.0,8.7575035e-14,0.9999466,2.2938364e-25
2371,1350,1390,9,4.4017436e-18,0.0,9.484199e-28,2.936898e-16,2.4125872e-14,7.6971235e-32,2.9382599e-12,1.7181052e-14,6.926863e-20,1.0,6.998962e-09,9.23858e-16,2.2657907e-09,1.07148415e-10,1.1064132e-08,0.0,3.5476537e-12,7.570967e-11,3.496651e-20
2372,1348,1389,14,1.4439413e-11,0.0,2.9172446e-32,1.6819442e-16,1.2389628e-09,1e-45,1.5076329e-09,2.3262543e-11,6.3939176e-14,2.6988174e-14,1.5069551e-08,0.00014505384,1.0778471e-09,3.118253e-13,0.9998551,0.0,8.977957e-12,2.775391e-12,2.999884e-19
2373,1358,1382,14,1.1531684e-15,0.0,1.959753e-20,4.556975e-07,1.8614325e-06,0.0,1.3048497e-05,2.6494685e-12,6.435622e-12,5.9149714e-34,3.6471243e-05,0.020143514,0.017378114,2.4771303e-15,0.96242464,4.652258e-39,1.1574369e-11,3.527715e-08,5.4169225e-18
2374,1359,1383,14,1.1986672e-21,0.0,2.4745549e-20,5.6048055e-09,2.8870612e-05,2.38e-43,2.8729161e-09,1.3898157e-13,2.212006e-22,8.0658577e-35,7.7337947e-10,0.0004874589,2.5922983e-08,3.4222966e-16,0.9994851,3.6082621e-22,9.063164e-18,2.2539877e-10,2.5136025e-18
2375,1382,1377,14,8.464505e-11,0.0,5.4418678e-30,1.5531909e-15,1.9625277e-06,0.0,4.895938e-07,1.5279894e-10,2.7899611e-15,6.7329814e-20,1.6932548e-09,0.1589932,4.2578328e-09,4.1557067e-11,0.8410058,6.96e-43,3.446618e-13,1.8491804e-07,6.6398984e-23
2376,1343,1386,14,4.6730497e-17,0.0,8.944998e-28,6.949527e-10,2.078941e-05,2.340806e-28,1.908252e-06,1.1414055e-13,2.4263125e-13,1.5969291e-15,5.1893635e-06,6.205138e-09,1.7984577e-07,3.6466764e-14,0.99997336,1.3357703e-24,5.1308153e-09,1.517909e-11,4.3683888e-18
2377,1345,1387,14,1.3199702e-18,0.0,2.3952018e-28,3.8643017e-13,2.2047082e-09,6.747898e-34,1.302352e-07,2.683021e-13,7.247534e-19,4.8832377e-21,3.4766284e-08,1.07893365e-08,1.6257883e-07,5.6918105e-16,1.0,1.6e-43,1.7643039e-16,7.936476e-13,1.2757989e-22
2378,1383,1378,14,1.7546637e-18,0.0,4.7315227e-26,4.3130222e-16,1.2406815e-06,1.3696e-40,9.4736286e-08,7.582563e-17,8.085342e-24,3.602963e-24,1.2303366e-13,3.575772e-08,1.05079375e-14,4.1986576e-15,1.0,6.92e-43,1.2539389e-19,1.4692248e-08,7.660673e-20
2379,1081,1104,11,1.2082122e-12,0.0,2.002689e-33,1.1371996e-11,0.00016154972,0.0,4.470058e-09,3.8078175e-13,1.9308995e-07,3.1752137e-33,7.4154636e-06,0.9722773,8.063889e-05,6.648825e-14,0.027439915,1.69532e-40,3.39255e-05,1.0346449e-06,1.0280703e-22
2380,1171,1194,11,1.9814352e-10,0.0,4.731889e-31,4.4029575e-16,4.6324312e-06,0.0,2.5350276e-11,6.1478387e-16,1.2086192e-10,5.6984495e-34,5.293849e-08,0.99993134,9.260656e-11,7.4080096e-11,6.1496554e-05,0.0,4.9911257e-09,7.9830477e-07,1.642157e-21
2381,1261,1284,11,1.5425561e-08,0.0,8.545475e-28,1.4872351e-16,2.2082088e-10,0.0,1.88369e-14,6.8389264e-14,1.3046714e-11,4.6312258e-30,4.686049e-08,0.99997705,1.977055e-11,3.0166245e-13,2.3894532e-05,0.0,1.1058709e-12,1.5711744e-09,3.891386e-21
2382,1354,1373,11,1.1162069e-14,0.0,7.7783404e-28,2.2101066e-16,1.0553709e-11,0.0,7.151938e-17,1.528958e-09,1.1261159e-15,4.6367635e-28,3.852283e-10,0.9999962,9.777243e-12,4.2326877e-14,4.130887e-06,8.2123046e-36,9.9276415e-14,1.02861635e-13,1.6424639e-21
2383,578,582,6,3.6229717e-11,0.0,1.9598906e-32,9.129584e-17,4.8359223e-09,2.3270041e-30,0.9999047,4.1407145e-14,1.10657425e-07,4.169e-42,5.9890285e-06,7.599688e-14,4.4350013e-09,2.2459665e-14,1.9782254e-10,0.0,4.8314006e-11,8.785651e-05,1.1310467e-20
2384,689,692,6,1.0875745e-15,0.0,1.3697864e-31,9.728193e-15,2.7441166e-10,2.7913408e-33,0.9999962,3.6636594e-14,2.4245606e-08,1.5372751e-38,5.713476e-09,4.2547207e-14,1.2229477e-06,1.7030487e-17,1.8154331e-09,0.0,2.1917598e-10,7.491803e-07,6.3486854e-22
2385,766,769,6,5.0622878e-15,0.0,1.756023e-33,6.3549314e-16,2.2462953e-11,1.4542891e-34,1.0,4.6052084e-14,1.6651555e-07,1.7927648e-38,9.718088e-11,2.5311475e-15,1.7365745e-07,3.6273303e-17,5.4769106e-10,0.0,9.658732e-11,2.4394242e-07,8.338312e-23
2386,843,846,6,2.2760775e-13,0.0,1.389383e-33,6.482914e-17,1.14791766e-10,7.091186e-34,1.0,9.608326e-16,2.6988783e-07,3.9330384e-36,4.515057e-11,6.648134e-16,7.929165e-10,1.3452703e-18,8.606141e-10,0.0,8.769648e-12,1.7549816e-07,3.0895952e-23
2387,1312,1315,6,2.2913065e-12,0.0,1.362014e-36,1.784181e-17,3.455679e-11,6.0479258e-33,0.9999962,6.8840744e-15,2.034286e-06,4.6668945e-36,2.0099901e-11,2.1853999e-16,7.921395e-10,5.734477e-18,1.5535215e-09,0.0,1.1720904e-11,9.203196e-08,7.298673e-25
2388,1222,1225,6,4.173327e-10,0.0,5.335845e-35,1.1337563e-18,4.6080268e-11,2.4866723e-31,1.0,1.0577023e-15,1.7328034e-06,4.1182e-31,1.3433104e-12,3.2090058e-17,1.5573106e-12,1.2549977e-17,4.5631112e-09,0.0,2.6820909e-12,1.8267924e-08,3.7425604e-24
2389,1132,1135,6,3.9352945e-11,0.0,3.3864247e-33,8.168455e-17,8.711939e-10,1.5809732e-33,0.9999886,1.1069752e-15,1.078993e-05,2.9390962e-30,1.309678e-11,6.119037e-16,1.9144968e-10,2.6128648e-19,4.3025555e-08,0.0,5.0386806e-10,1.2037431e-08,2.4072073e-23
2390,1042,1045,6,1.66391e-08,0.0,9.826644e-33,7.006142e-18,8.2885726e-11,3.5541446e-33,0.99973303,2.0798426e-15,0.00026601943,2.7976921e-27,2.1367756e-12,1.2108774e-15,8.981729e-11,8.978375e-18,1.697091e-07,0.0,5.3185644e-08,4.9501123e-09,1.5306877e-21
2391,650,640,14,4.349539e-15,0.0,2.4141835e-26,0.0039492813,0.0015242922,1.4695628e-28,0.00013833691,8.52316e-09,6.4962175e-14,3.6224635e-24,1.5886843e-07,3.0764113e-08,8.7203734e-05,7.701108e-12,0.9942981,1.1045166e-14,3.0911733e-09,2.3088264e-06,2.1519961e-22
2392,737,729,12,4.3133713e-22,0.0,2.6459667e-25,0.01627542,4.728329e-11,1.5646216e-36,8.703549e-07,1.0611019e-06,5.394274e-13,2.7554482e-23,5.887874e-09,3.8098139e-10,0.97968614,1.5689695e-10,0.0040357243,1.2492772e-14,1.787268e-08,2.427697e-09,1.9082559e-17
2393,814,806,12,2.5030653e-20,0.0,2.527114e-23,0.0013833223,4.9722565e-16,0.0,7.8102816e-11,2.5131963e-06,8.328759e-12,2.5676775e-28,1.0178225e-08,1.1191261e-09,0.99860865,2.126401e-11,4.3918076e-06,4.2109174e-20,2.7218817e-08,5.5693297e-13,1.3925807e-13
2394,891,883,12,8.177261e-21,0.0,4.637134e-21,0.0021461144,5.9804083e-18,0.0,5.528588e-11,4.0111187e-12,1.1886824e-12,4.7948378e-36,2.1546809e-08,1.0172738e-11,0.99785465,2.885475e-13,1.2981544e-09,3.7571032e-19,8.5567706e-11,5.4257854e-14,4.8925013e-15
