beam_id,start,end,cluster,p0,p1,p2,p3,p4,p5,p6,p7,p8,p9,p10,p11,p12,p13,p14,p15,p16
0,0,1,7,2.1357055e-22,6.3201805e-12,0.0,1.4070163e-10,2.010921e-08,5.056754e-13,3.3868379e-18,1.0,2.0524372e-16,1.0248375e-19,2.6831454e-19,1.7511812e-09,1.2910193e-15,2.8127857e-16,9.089014e-21,1.2932009e-18,4.96622e-19
1,1,2,7,3.037786e-24,5.1462063e-15,0.0,1.120759e-15,1.0590945e-09,3.6388823e-13,2.6512299e-18,1.0,9.179207e-17,2.5777473e-20,2.2940537e-26,4.5635936e-11,6.9244957e-17,5.0515023e-16,9.99598e-19,3.883486e-19,4.8456454e-20
2,2,663,7,1.06753434e-26,7.0804055e-18,0.0,1.9474829e-16,7.6841804e-11,1.846283e-15,1.4175273e-17,1.0,1.3635244e-17,6.169269e-22,5.9886557e-31,9.580671e-13,1.6316038e-14,5.491457e-15,2.1242782e-17,1.0549243e-18,6.986256e-19
3,3,900,4,2.2659905e-23,3.1943035e-08,0.0,6.1904665e-28,0.9961166,9.869684e-13,7.155453e-11,0.0037024708,7.34572e-15,3.948555e-12,4.9883272e-24,0.00017748313,4.6058296e-11,9.391775e-14,1.77897e-15,3.315934e-20,1.787488e-06
4,4,983,4,5.702062e-18,0.0002543823,3.984929e-06,2.7178026e-09,0.97985053,0.0022086126,4.735549e-11,9.96662e-12,0.0052444967,7.508135e-08,0.012321002,6.144072e-06,1.1998371e-08,3.071056e-06,0.000105339175,3.0830254e-08,3.1759719e-06
5,5,907,7,7.644642e-21,6.4660794e-14,0.0,1.7240561e-11,6.6913124e-08,1.9435323e-11,2.7910347e-16,1.0,4.3360375e-15,1.04272354e-22,1.04569515e-22,2.2639773e-08,3.3108807e-11,8.232043e-11,8.1166674e-19,2.5987084e-20,4.1553273e-18
6,6,913,4,8.326636e-18,1.9845894e-10,0.0,1.4875192e-23,0.99996567,1.0005219e-09,2.4551777e-11,2.6142592e-05,9.87944e-13,1.0615451e-10,1.0475897e-18,7.741692e-06,2.4310111e-12,3.245507e-10,1.5550133e-12,4.5599402e-18,4.537478e-07
7,7,914,4,3.82326e-21,2.4538777e-10,0.0,3.9286824e-17,0.9988982,2.0307947e-08,2.417185e-13,0.00011716743,2.6691258e-14,1.424971e-10,4.819003e-15,0.0009852201,1.2005043e-10,4.8932577e-11,1.3015712e-16,4.720704e-19,7.144721e-07
8,8,1000,10,1.69918e-26,9.641963e-15,0.0,4.74808e-09,1.5268072e-13,2.1079158e-17,2.1988944e-18,1.3469629e-21,2.5757683e-15,1.9676852e-21,1.0,1.6560941e-14,3.5981355e-20,3.1273413e-21,3.2677629e-21,4.959986e-21,3.6833982e-17
9,9,994,10,6.788782e-23,7.2868305e-15,1.7207079e-23,5.352447e-10,3.433132e-11,8.27507e-14,2.1834466e-19,4.4680387e-20,6.5150316e-13,1.3697313e-20,1.0,1.4474308e-13,1.7493047e-17,2.3317922e-16,6.753393e-16,9.979726e-16,1.1647725e-17
10,10,988,2,1.5632235e-31,2.4968912e-23,1.0,7.0796177e-34,1.5585411e-19,5.430472e-19,3.1008986e-28,2.5031995e-27,6.638877e-18,9.179646e-28,1.483203e-21,2.2306151e-21,1.3534971e-24,2.2343453e-21,5.8695844e-21,1.4213499e-25,3.088035e-26
11,11,966,2,4.9595302e-37,1.5276506e-26,1.0,1.89e-43,1.2506646e-22,1.0458501e-23,1.2018405e-28,5.810657e-29,3.110589e-21,6.964786e-33,1.8466755e-32,2.0002322e-24,4.406579e-27,4.8206903e-24,5.6141327e-25,1.1897603e-30,7.386238e-30
12,12,963,2,8.9765364e-38,2.3116493e-26,1.0,2.7519e-41,4.613678e-24,5.6315927e-25,1.269275e-29,4.0357305e-30,1.6732867e-22,4.499667e-34,7.995111e-31,1.0371607e-24,7.6097874e-28,3.0954552e-25,6.225118e-26,6.186134e-32,3.743363e-30
13,13,949,2,1.3736693e-38,1.1704428e-24,1.0,6.672177e-36,4.3461216e-23,2.2273892e-24,2.1300672e-29,1.364156e-29,2.1920821e-21,1.2084673e-32,2.8224033e-25,1.4987855e-23,1.7469949e-27,3.8372494e-25,3.936648e-25,1.0589215e-30,4.4262182e-29
14,14,969,2,6.482576e-37,1.2117987e-27,1.0,1.097e-42,7.7800214e-23,1.1993659e-23,2.5850902e-30,1.5642221e-28,1.9569357e-21,3.5597624e-33,3.206985e-33,2.1855744e-24,1.4978632e-26,4.9139696e-24,7.124535e-27,3.427578e-29,4.64765e-30
15,15,955,10,5.951889e-26,4.660171e-13,0.0,0.3742219,5.328042e-10,8.6097394e-13,3.519446e-17,4.623336e-15,5.838946e-13,2.818919e-16,0.6257768,1.3419692e-11,4.6663918e-15,1.00696195e-17,1.207586e-19,6.861183e-16,1.6012112e-15
16,16,975,10,6.2970013e-28,1.3962177e-15,0.0,0.00012167716,1.4066626e-13,1.6309355e-17,6.8799875e-20,9.0213823e-20,4.4471983e-17,3.1041745e-22,0.9998779,3.9410554e-15,9.376676e-20,3.0285835e-19,5.1344674e-20,8.3997404e-22,3.8359608e-18
17,17,979,10,2.2028146e-26,3.0114504e-13,0.0,0.15828998,1.454371e-06,8.889711e-15,9.8746724e-17,1.5233726e-12,4.995058e-13,1.7760942e-16,0.84170866,1.25903e-10,9.76199e-14,1.3630896e-14,8.3752756e-19,4.391211e-18,3.4062057e-12
18,18,951,10,9.2691736e-26,4.1693819e-13,0.0,9.413419e-07,2.8008185e-10,4.8273924e-15,1.6092557e-17,3.351993e-18,1.2653386e-12,4.3724565e-18,1.0,9.376834e-13,1.3716321e-16,6.483751e-18,1.9327963e-19,9.545287e-20,1.3926219e-15
19,19,919,10,4.0722623e-28,1.3954223e-14,0.0,0.0005867183,4.875543e-13,1.3175771e-16,2.1077211e-19,5.272597e-19,7.8881415e-16,1.0676964e-20,0.9994128,1.35183985e-14,7.242535e-18,4.8936486e-19,1.5149296e-19,7.7229015e-21,9.0762765e-18
20,20,972,2,1.9283843e-27,2.5377929e-20,1.0,7.9568064e-23,1.9957416e-14,3.6139068e-16,2.395648e-22,3.0018925e-23,4.6748663e-14,3.15605e-25,1.0031451e-10,3.687391e-17,4.1789766e-20,1.2416594e-17,8.800146e-19,9.256199e-20,1.4832871e-22
21,21,945,2,6.025938e-39,4.1347232e-26,1.0,1.0860911e-36,8.5045824e-24,1.1681017e-23,2.437377e-30,1.5338439e-29,1.9185938e-22,6.439064e-33,2.4762835e-27,2.0341352e-24,6.18815e-29,1.6819812e-25,2.7423376e-25,1.4267841e-30,2.5701836e-30
22,22,960,2,1.124078e-36,2.6295738e-26,1.0,1.226e-41,6.565396e-23,3.1497613e-24,2.6414317e-30,4.142184e-29,2.5538727e-22,1.3376966e-33,5.6908526e-32,2.1216795e-24,4.287733e-28,6.851501e-25,4.5751504e-26,1.9039315e-30,5.9339226e-30
23,23,937,2,1.7209229e-25,6.3159554e-14,0.9999047,2.8490312e-13,1.0870707e-11,1.5422066e-11,1.71638e-17,5.5773736e-18,6.684236e-11,3.12714e-20,9.352669e-05,3.8430613e-12,1.7406975e-17,8.958682e-15,2.4019347e-14,5.8823725e-17,2.4255012e-18
24,24,1006,2,3.851123e-32,1.1890922e-24,1.0,2.930387e-37,3.9714854e-20,1.0162834e-21,5.0217867e-28,1.419667e-29,5.2176317e-20,2.2057847e-32,1.1798541e-21,2.9783172e-22,3.3799704e-26,7.15762e-23,1.5377555e-24,6.997853e-28,9.061079e-28
25,25,544,3,3.913203e-24,4.077637e-15,0.0,1.0,6.1063844e-13,1.9529818e-15,6.3377576e-19,1.1796378e-14,3.2346322e-16,6.997543e-18,5.9965995e-12,9.672862e-17,1.0149985e-18,6.780469e-17,1.1783906e-16,2.299117e-19,6.77323e-17
26,26,27,10,7.9593994e-20,5.7522964e-08,0.0,0.0048776977,2.1543133e-06,8.269289e-08,6.494196e-11,1.2985516e-15,8.418831e-06,6.151229e-12,0.9951101,1.4438044e-10,1.6438863e-14,4.728901e-13,5.3423058e-11,2.0213711e-10,4.4871162e-13
27,27,28,10,1.1274503e-19,1.339573e-07,0.0,0.002294492,1.6923651e-07,6.044434e-06,1.1948328e-13,5.410379e-17,5.5218366e-06,3.9848297e-10,0.99769473,1.6896075e-11,1.5286924e-13,1.8247541e-13,3.053201e-10,1.3435387e-08,1.2284768e-10
28,28,32,3,8.078026e-26,1.9950919e-13,0.0,0.9999466,4.147849e-12,1.3644541e-12,7.451687e-18,3.897882e-19,5.0125568e-15,1.8962338e-15,5.348848e-05,1.847797e-16,5.014344e-19,8.148128e-18,4.2661602e-15,2.1516157e-17,1.2322229e-16
29,29,30,3,1.0992682e-26,6.4379786e-12,0.0,0.99960333,7.433489e-10,2.0686148e-15,3.6261027e-15,6.9862973e-15,1.0219484e-12,2.0340836e-14,0.000396693,3.4598548e-14,4.5086775e-16,5.285214e-15,1.7926712e-13,2.4994692e-19,3.2321918e-15
30,30,31,3,5.4212444e-25,1.888003e-10,0.0,0.9997444,8.4419693e-10,4.1252798e-14,1.2328572e-17,1.8478695e-14,1.9326128e-11,9.951083e-12,0.00025618778,5.2210925e-14,5.819575e-14,4.2693836e-15,6.774352e-14,4.5803207e-18,9.813108e-13
31,31,25,3,9.194483e-25,7.199883e-13,0.0,1.0,4.1785954e-12,5.610754e-16,3.0606284e-18,2.5242614e-16,3.706094e-15,3.5639914e-16,7.3092363e-09,1.5066846e-16,6.92912e-17,1.0525899e-16,4.0753018e-16,1.0353804e-19,1.306921e-14
32,32,33,3,5.42916e-29,5.304015e-16,0.0,0.9999923,5.941377e-14,6.7378506e-16,1.070899e-19,5.6167637e-19,5.716679e-17,7.744302e-18,6.9114185e-06,3.6741924e-17,3.0423168e-19,1.8731303e-19,3.478815e-17,2.6768962e-21,8.7282e-19
33,33,34,3,1.1870433e-25,1.8760117e-12,0.0,0.989153,5.6299788e-11,9.584546e-13,2.0704045e-17,1.4774469e-16,4.904412e-12,2.9533177e-12,0.010846029,7.0766384e-14,1.8584023e-14,1.9469333e-16,1.2873127e-13,2.6807749e-17,4.9191743e-13
34,34,29,3,7.8334997e-25,3.9716706e-11,0.0,0.9988029,1.2982931e-09,3.2413677e-14,1.2923997e-14,2.5164656e-15,6.6240256e-11,5.129041e-14,0.001197225,1.1013616e-13,5.1427165e-14,2.6115557e-14,5.3425043e-13,3.481322e-18,5.076136e-14
35,35,36,7,1.2996757e-24,3.1813339e-12,0.0,8.56266e-16,3.5320798e-07,3.4722344e-12,1.2063498e-15,1.0,1.0939104e-17,9.327062e-18,4.6413343e-26,3.6491348e-09,2.3503756e-17,8.561586e-15,3.034926e-16,1.6893419e-20,1.9739062e-17
36,36,37,7,1.2287926e-22,5.269824e-11,0.0,5.458418e-22,0.0010794551,1.5076897e-10,2.6022096e-13,0.9988487,2.5769773e-15,1.7465286e-12,1.3264771e-25,7.138244e-05,2.0492455e-16,2.5387593e-14,2.8526308e-13,9.617978e-22,1.3226167e-10
37,37,570,4,2.5903074e-26,2.4973636e-11,0.0,2.9294786e-24,0.9889871,1.2875055e-11,1.8772182e-08,0.0006931571,9.922487e-15,1.3021457e-11,2.1312911e-25,0.010320415,2.0375093e-13,2.3761928e-11,1.6142601e-10,1.5364383e-21,3.0084824e-09
38,38,39,12,2.347191e-20,4.7055406e-07,0.0,1.5074884e-10,0.00017210068,2.213679e-13,1.4546757e-14,0.010957981,1.3276306e-11,5.9578676e-17,1.4872294e-16,1.1425296e-05,0.98871166,1.3188936e-10,7.203836e-14,1.6751088e-20,0.0001456888
39,39,40,12,2.9684557e-25,9.644296e-12,0.0,1.33314615e-20,6.121433e-11,2.2994209e-14,1.3767382e-23,3.0167855e-13,2.4542908e-09,9.277501e-23,5.911469e-21,5.5924428e-08,0.9999886,1.2511482e-12,1.5029942e-15,1.1958807e-22,1.2017354e-05
40,40,44,12,1.0113297e-20,1.7517932e-12,0.0,1.752399e-07,3.359909e-08,1.2025749e-12,3.1256984e-19,0.0015493125,5.8318954e-11,4.5467197e-19,6.6904064e-19,4.8598366e-08,0.9984486,8.451208e-12,8.5549216e-16,5.363099e-16,7.239672e-08
41,41,42,7,2.7637498e-26,9.811046e-14,0.0,2.5034685e-18,7.716294e-09,1.5894605e-14,5.675723e-16,1.0,9.846977e-19,4.8256308e-20,2.2427089e-25,7.684301e-10,2.2329694e-17,4.2247955e-16,3.1172783e-20,7.139435e-22,1.3246469e-17
42,42,43,7,3.5623307e-25,1.576421e-10,0.0,2.1113582e-19,5.397363e-05,1.25825635e-11,7.605985e-13,0.9998779,3.0918363e-15,2.2685609e-14,7.497378e-22,6.678113e-05,2.3156428e-15,3.007075e-14,4.5861623e-17,3.619032e-20,9.807436e-10
43,43,35,7,6.4522457e-25,5.379997e-11,0.0,6.695114e-16,7.806697e-06,1.5923692e-12,4.0082713e-13,0.9999923,7.3280547e-16,5.073401e-16,3.20381e-23,4.0447304e-08,6.3724104e-16,5.3458625e-15,6.7019116e-16,4.772835e-19,2.4419692e-12
44,44,45,7,4.1900943e-24,5.090888e-16,0.0,2.0365498e-09,2.2211091e-10,7.329932e-15,2.5033802e-20,0.9999886,1.8016652e-14,1.1479037e-19,2.8574425e-22,1.1900079e-11,1.18708695e-05,3.694211e-14,5.7013636e-19,7.182669e-17,4.2740297e-14
45,45,46,12,2.57418e-28,3.328748e-12,0.0,1.6624791e-27,6.619764e-09,1.3163876e-14,9.910551e-19,6.9231082e-06,2.2294099e-11,2.2379142e-18,1.7728231e-25,2.3835605e-07,0.9999923,1.7713436e-09,1.776705e-15,1.18909935e-20,1.7149301e-06
46,46,41,7,4.744714e-27,8.3990364e-14,0.0,1.6254032e-30,7.188132e-07,2.2989364e-16,9.721372e-14,1.0,8.945292e-16,2.984512e-17,3.3401418e-29,1.5892228e-08,1.8145028e-12,1.2465876e-14,1.7209159e-18,2.594083e-20,2.5285676e-10
47,47,48,7,7.027987e-25,7.896463e-13,0.0,1.1258692e-18,1.5155218e-08,2.329609e-13,5.624748e-16,1.0,7.249584e-18,3.2223981e-19,9.6163283e-29,2.3948857e-10,3.4026256e-17,1.9647433e-15,1.6354596e-16,5.6167365e-21,7.5210503e-19
48,48,49,7,1.6921393e-22,7.859833e-12,0.0,1.8427715e-23,2.3331656e-06,1.1020939e-11,5.193957e-14,0.9999962,1.7083666e-15,1.9216247e-16,7.5009877e-28,3.7326268e-07,1.9074626e-17,7.7635657e-16,8.980174e-14,1.5433523e-21,5.362739e-13
49,49,667,7,2.8928558e-23,1.6220687e-10,0.0,3.2880287e-23,0.0041875024,4.948934e-12,1.43951e-09,0.99568343,3.7936234e-13,1.2158074e-14,1.5066712e-26,0.00012841747,2.72286e-14,1.6786647e-13,2.3805569e-11,1.9171023e-21,1.8252669e-08
50,50,51,3,1.060573e-26,2.7448245e-13,0.0,1.0,8.737896e-11,2.2863437e-15,2.5541894e-18,7.637926e-09,3.727683e-18,4.451262e-21,2.4534164e-12,2.1275997e-13,2.9583293e-16,1.1682211e-17,1.1677503e-22,1.660799e-20,1.5540528e-19
51,51,52,3,3.2495823e-25,1.3566036e-09,0.0,0.99977106,1.9223237e-06,4.925265e-10,2.4104504e-16,0.00022705206,4.2282042e-13,5.1374776e-15,2.8742068e-11,9.382494e-08,9.588624e-09,1.4325611e-13,8.2151634e-19,6.066863e-14,6.558492e-14
52,52,56,7,2.5193631e-25,3.0466083e-15,0.0,1.875945e-07,4.88211e-10,3.4984247e-13,3.839472e-19,1.0,6.498045e-16,2.0326577e-20,1.5733189e-20,3.232951e-11,7.3923694e-11,2.5987744e-15,2.8513356e-21,2.0987151e-15,4.797844e-19
53,53,54,7,2.053429e-26,3.3765505e-14,0.0,2.9784194e-22,5.974869e-10,1.7056837e-15,9.395277e-16,1.0,7.745126e-19,3.4425287e-22,1.4445954e-28,1.14231326e-10,9.808967e-18,1.8069217e-16,3.8481062e-20,2.7080981e-22,1.7905267e-19
54,54,55,7,2.911006e-26,1.3745846e-11,0.0,1.0931723e-24,3.1743593e-07,2.084332e-13,9.510829e-13,1.0,1.4517703e-15,1.2236783e-17,1.7562236e-26,4.0014547e-07,2.4301158e-16,4.342195e-15,1.4755825e-16,1.0835839e-20,1.9275744e-13
55,55,47,7,5.466993e-26,4.0836987e-12,0.0,2.1983469e-20,7.352614e-08,1.1286581e-14,2.8406533e-13,1.0,9.2092995e-17,2.2136723e-19,1.7395005e-27,3.474265e-10,1.3733756e-16,7.3654406e-16,4.2157317e-16,6.948273e-20,1.6593086e-15
56,56,57,7,8.337722e-27,2.7353473e-18,0.0,3.6140487e-14,6.584871e-12,7.0504947e-16,1.4382834e-20,1.0,1.2620164e-17,8.938403e-23,5.998665e-25,7.06809e-13,3.7532227e-11,5.0199593e-16,6.851743e-23,2.6203421e-18,6.185441e-20
57,57,58,7,1.2646702e-27,1.4598584e-12,0.0,1.4794497e-30,2.896048e-07,3.4668027e-15,3.3540444e-15,0.9999161,2.7751445e-14,1.3991494e-16,1.2658183e-28,2.1692468e-07,8.4312414e-05,2.4783936e-10,4.007014e-15,3.9115564e-19,1.5143572e-12
58,58,53,7,1.1429049e-27,1.487963e-14,0.0,6.1079026e-34,1.0661847e-08,1.1741633e-17,2.8814825e-13,1.0,1.8148372e-17,3.5169846e-20,7.852736e-33,1.4713489e-10,9.868282e-15,3.7044825e-15,5.0668005e-18,7.161014e-21,2.0427283e-16
59,59,60,3,5.1016166e-17,9.1271435e-10,0.0,0.99929076,1.8803503e-08,1.3627995e-05,3.140758e-12,5.277541e-14,1.3629385e-07,3.2880832e-13,0.000692573,1.3809154e-07,1.1055963e-13,4.384013e-11,3.4876573e-06,1.702763e-17,2.4897678e-15
60,60,61,3,1.8827576e-20,2.9046737e-10,0.0,0.9961774,1.2799276e-07,3.2196547e-06,1.6363435e-11,3.2851868e-13,1.2828061e-08,1.9578024e-13,0.0038178437,1.938464e-07,3.2264637e-15,6.02717e-12,7.78641e-07,1.7127947e-18,3.4451553e-15
61,61,629,3,6.529057e-23,3.2119932e-10,0.0,0.99965674,1.8965451e-07,3.4865362e-08,1.0615667e-15,1.9119788e-10,4.41254e-09,4.929522e-14,0.0003440814,3.599036e-08,4.7251636e-15,2.586691e-13,1.9647024e-11,1.16391095e-17,5.108964e-15
62,62,63,2,1.191928e-36,2.05173e-26,1.0,2.77e-43,9.914242e-22,7.099071e-24,1.9128148e-28,2.931239e-28,1.9359591e-22,5.565984e-32,2.5031346e-33,1.9518937e-23,5.631047e-28,3.3603554e-24,1.4240417e-25,5.7625296e-31,1.8470597e-28
63,63,64,2,1.6111383e-36,4.5631936e-26,1.0,2.116e-42,1.8677769e-21,8.4926525e-24,1.7832794e-28,5.1708884e-28,6.0293697e-22,1.7217449e-31,7.855279e-34,3.1765867e-23,9.6890986e-27,4.7936237e-24,2.0705937e-25,4.5756996e-30,4.692604e-27
64,64,68,2,2.7673528e-37,9.111168e-27,1.0,1.439e-42,1.3353188e-21,2.211759e-24,9.930639e-28,1.4836448e-28,1.4023993e-22,7.537372e-32,5.117966e-34,2.4120333e-23,6.887658e-27,2.1676563e-24,1.057028e-24,1.0900006e-29,1.4132709e-27
65,65,66,8,3.2099131e-16,4.554425e-05,0.00061544694,7.8310974e-13,0.19505237,2.227096e-05,4.3204784e-10,1.379787e-09,0.8039242,7.9285216e-12,1.6712319e-08,3.496611e-05,4.310028e-09,2.3610464e-06,0.00030163274,1.7469977e-09,4.587556e-12
66,66,67,8,1.6079496e-16,5.0511617e-06,1.5359358e-19,2.791034e-09,0.019995067,7.394843e-06,3.9670847e-10,2.397637e-10,0.9781513,1.3756652e-11,2.2242e-06,5.0037916e-06,3.044644e-08,4.117151e-07,0.0018324226,1.9603527e-11,3.1352275e-12
67,67,59,3,8.8127666e-14,2.029727e-07,0.0,0.9995728,1.431713e-07,2.61041e-07,4.5005263e-11,4.0741114e-13,2.7899434e-05,4.882715e-14,0.00038214846,1.3266404e-08,9.8567134e-11,2.8193178e-08,1.6165937e-05,1.4778021e-16,2.0518296e-13
68,68,69,2,1.9428531e-38,4.0392637e-27,1.0,6.725e-42,3.9143268e-22,9.373612e-25,2.7926793e-28,2.5440915e-29,1.2165349e-23,1.4544794e-32,3.447398e-33,2.999191e-23,4.844092e-28,1.1089142e-24,8.924254e-25,1.8116644e-30,1.4109547e-27
69,69,70,2,2.8487016e-38,4.1202378e-26,1.0,8.4999e-41,6.1642376e-21,5.712234e-24,7.2106625e-27,1.9152765e-27,7.349697e-23,1.3415307e-31,1.0587024e-32,1.1413398e-21,9.4399156e-27,5.1352403e-24,2.4345782e-24,1.869737e-29,2.775816e-26
70,70,65,2,7.943241e-33,3.1543337e-22,1.0,4.4501925e-36,1.27139e-18,1.8980238e-20,3.627468e-25,2.9070775e-26,3.333427e-18,4.4731875e-28,8.2471486e-29,5.2656602e-20,3.89933e-24,2.0024722e-21,1.6534788e-20,1.1173643e-24,1.1429931e-25
71,71,72,10,2.4467482e-23,2.1067053e-14,0.0,0.018284993,1.3602497e-12,3.693271e-12,1.5539921e-21,1.1809011e-17,1.8634364e-13,1.4145604e-19,0.98171383,5.662777e-13,3.9832675e-16,1.2737171e-15,9.681252e-15,9.130719e-20,3.3735986e-16
72,72,73,3,5.0561854e-24,5.556213e-14,0.0,0.9987115,7.645901e-12,8.504667e-12,9.923436e-22,4.6821165e-16,1.5158244e-13,1.3311302e-18,0.0012881887,3.179403e-13,1.4474783e-16,6.3639843e-15,4.054278e-15,1.0474088e-20,5.0775615e-17
73,73,580,3,1.8724906e-23,5.8054093e-13,0.0,1.0,1.1564709e-10,7.6678996e-11,1.5517301e-20,5.971099e-13,3.210788e-13,8.80633e-18,2.7800866e-11,1.1909875e-13,1.02464856e-14,3.0784828e-12,2.0771944e-15,1.3360037e-18,6.4646326e-19
74,74,75,2,9.19184e-28,2.1516989e-16,1.0,1.2225986e-20,3.0679246e-13,2.9569294e-13,1.7175121e-18,4.641948e-21,4.9238586e-13,2.3816337e-22,6.766959e-12,9.201158e-16,2.4672203e-21,1.12995e-15,1.3996615e-13,7.7583436e-19,1.4401981e-22
75,75,76,10,2.8450244e-20,3.0738473e-05,9.793294e-12,2.430453e-06,4.79839e-05,7.281616e-05,7.6036686e-12,1.2045997e-12,0.00027326445,5.984263e-11,0.99936694,5.355028e-07,1.410644e-10,8.781781e-09,0.0002049117,1.9848025e-09,1.8812226e-11
76,76,80,10,7.598602e-25,8.6232896e-11,3.1218e-41,1.3620764e-06,1.1588872e-09,5.922107e-11,1.9326897e-15,1.62851e-18,2.3376154e-10,3.762362e-14,1.0,4.469313e-14,1.858763e-15,5.1775545e-15,6.264185e-11,1.9138201e-15,1.8527033e-15
77,77,78,10,8.1082084e-29,6.381484e-16,0.0,2.4152291e-11,4.0748942e-14,3.1790453e-17,4.301282e-20,1.4113096e-20,3.086261e-16,1.02568856e-22,1.0,3.806171e-16,4.8000015e-20,9.3138006e-18,3.2200295e-17,2.3201685e-24,2.4407019e-20
78,78,79,10,5.825686e-28,8.953545e-14,0.0,1.5605979e-10,2.9408895e-12,6.481928e-16,1.2881292e-19,3.1182907e-19,1.0059077e-14,4.064147e-20,1.0,8.571031e-15,4.2093616e-19,1.6588142e-16,3.1528994e-16,8.782718e-24,3.1800016e-18
79,79,71,10,8.327582e-27,2.9892434e-15,0.0,1.6161466e-05,1.3578927e-13,1.404112e-15,2.5579874e-22,1.1342056e-19,6.104305e-15,8.037167e-21,0.99998474,1.8195392e-15,2.3330725e-17,5.7879945e-17,2.2669842e-16,1.0996648e-22,1.5430553e-17
80,80,81,10,1.1886505e-27,2.4012545e-16,6.8931e-41,1.0580495e-11,4.0617337e-14,4.2880207e-16,1.6870686e-20,3.7625456e-23,5.640902e-14,7.8466834e-19,1.0,6.8508194e-18,1.7851457e-19,3.6069464e-19,1.1542372e-16,1.3299969e-20,1.0887061e-18
81,81,82,10,1.3692354e-27,3.7375557e-15,0.0,2.3991593e-11,1.343297e-13,5.9036645e-16,9.1839165e-21,2.9282083e-22,6.25719e-14,7.371685e-15,1.0,1.9492147e-16,2.6982264e-17,2.2477865e-19,1.1967971e-16,2.6402852e-21,8.75352e-16
82,82,77,10,1.5610442e-29,5.0624396e-16,0.0,5.4407234e-12,1.3238281e-14,1.0680397e-18,4.0917567e-21,9.550741e-22,3.527983e-16,1.6983298e-20,1.0,4.019272e-17,1.758121e-18,3.5601135e-19,5.4901086e-18,5.4988528e-24,1.5153522e-18
83,83,84,10,1.5854714e-27,1.115844e-16,0.0,4.4395268e-10,7.228112e-15,1.1758614e-18,1.9892462e-22,6.741617e-20,3.700484e-16,2.8461054e-23,1.0,2.7463923e-15,5.8443487e-17,1.434078e-17,5.1499914e-17,9.455062e-25,6.4055316e-16
84,84,85,10,4.4724652e-23,4.640374e-13,0.0,0.0031383766,8.7038966e-11,2.8924248e-16,4.1836886e-17,4.4658347e-15,6.033188e-15,1.7557524e-21,0.9968616,1.0156336e-11,1.7140185e-16,3.705302e-15,1.4568298e-15,1.7350721e-21,7.936325e-13
85,85,561,3,5.128048e-27,3.7387535e-15,0.0,1.0,1.6172803e-10,1.4759766e-16,6.527856e-17,2.3863658e-12,1.4700637e-18,2.4491122e-22,1.8225725e-10,1.0249155e-12,1.254059e-18,1.131589e-15,1.0254681e-17,8.110179e-24,1.0013328e-14
86,86,87,2,4.1438427e-37,6.6177116e-26,1.0,1.8979088e-34,1.250741e-22,5.2505884e-23,6.3307634e-30,2.2267196e-30,2.279057e-21,6.9541435e-32,9.0989205e-24,3.5419934e-24,6.781207e-28,1.9982558e-25,2.4554144e-24,1.0908991e-29,5.5636118e-30
87,87,88,2,9.811372e-31,7.8255616e-16,1.0,8.488062e-22,1.5755331e-15,3.5876003e-14,8.3502574e-21,1.0756132e-23,1.791417e-13,4.986873e-20,5.9493355e-11,5.4272107e-15,1.9976675e-19,1.6825658e-17,1.4465394e-13,3.112441e-21,3.127273e-19
88,88,92,10,1.4994345e-27,5.201749e-14,4.283977e-26,7.982918e-09,2.240038e-13,3.1282716e-14,7.9443697e-16,5.3381636e-21,4.2880786e-12,1.8118688e-18,1.0,1.0118587e-12,2.687133e-17,2.9286416e-16,3.3184152e-12,7.025033e-19,1.1552604e-14
89,89,90,10,6.7803725e-30,4.474888e-16,0.0,2.29472e-14,8.98435e-15,4.1727366e-18,2.4563831e-21,1.0448189e-20,2.7384418e-15,6.885727e-23,1.0,1.1932789e-14,1.0261099e-17,4.5441734e-18,2.1705e-19,1.3416342e-22,8.153044e-17
90,90,91,10,4.7156043e-29,2.0398996e-14,0.0,3.3308228e-13,6.3068707e-13,4.579709e-18,7.2953546e-19,6.6865284e-19,5.393541e-14,1.4203927e-22,1.0,7.403043e-13,1.3394291e-16,1.2012612e-16,1.2768724e-18,1.9772194e-20,4.4289967e-14
91,91,83,10,2.8377398e-28,3.4994335e-16,0.0,5.103297e-11,4.1453115e-15,1.2988464e-19,4.598185e-22,8.151349e-21,8.1533295e-16,3.8188826e-23,1.0,5.005943e-16,1.047351e-16,1.0174569e-17,3.9968404e-18,4.8394682e-23,2.7616467e-15
92,92,93,10,4.3543392e-29,8.270415e-18,2.172804e-33,3.883189e-08,8.3451245e-15,9.492323e-17,5.2668427e-21,5.2253775e-21,6.7913217e-15,1.4787577e-20,1.0,3.950478e-15,3.6449042e-17,2.473925e-18,3.0396418e-16,7.002445e-21,1.4658765e-16
93,93,94,10,1.9879572e-29,5.2282993e-17,0.0,3.7544705e-06,2.2559346e-15,6.4149214e-16,3.691932e-20,8.754133e-21,1.4801872e-14,1.12844e-19,0.9999962,3.354065e-14,5.3897617e-16,1.5769987e-17,1.0822983e-14,1.7207441e-19,1.9667305e-15
94,94,89,10,1.6755867e-29,6.195321e-17,0.0,1.8131727e-10,2.4945783e-15,1.5304631e-17,2.0154627e-20,3.2325766e-21,2.0112977e-15,7.7543967e-22,1.0,1.0039681e-14,1.4017237e-17,3.154402e-17,2.3897666e-17,2.3896343e-21,2.9223028e-16
95,95,96,10,2.2319361e-27,3.341819e-17,0.0,1.0640455e-08,1.8049662e-15,5.40468e-19,2.930111e-20,1.5830952e-21,7.51644e-17,7.751203e-22,1.0,2.3478676e-16,3.1017396e-20,9.2344335e-21,1.29397145e-17,2.292028e-23,2.048313e-18
96,96,97,10,1.5621979e-24,1.9737051e-15,0.0,8.692193e-05,4.0457594e-14,8.690694e-18,1.8043173e-17,3.8550727e-19,4.2736035e-15,1.3111966e-20,0.99991226,1.2448342e-14,4.2490676e-18,4.4860414e-19,4.5251693e-15,5.8921266e-22,2.2387277e-16
97,97,584,3,1.6803379e-27,2.862362e-15,0.0,1.0,4.0979417e-14,2.5160872e-18,5.0805372e-20,8.87997e-18,3.8728825e-17,2.2665203e-21,3.396988e-07,6.223604e-17,4.67681e-18,5.874249e-19,4.247354e-16,1.0995388e-22,8.6739066e-17
98,98,99,2,9.614529e-37,3.9914303e-26,1.0,2.6839263e-32,2.0304471e-22,2.2563653e-22,2.7929442e-29,4.2797723e-29,1.6916496e-21,2.1125447e-32,1.1477455e-20,2.4001743e-23,3.451473e-28,7.3752485e-25,5.831631e-25,2.6128726e-28,1.6854078e-29
99,99,100,2,3.7095717e-31,3.8006538e-18,1.0,2.384852e-22,4.443264e-17,7.490025e-16,1.9134856e-21,1.3870283e-23,2.629828e-16,5.9878507e-25,9.89047e-13,1.8387614e-16,7.4393086e-24,5.3478307e-19,1.2836372e-17,3.7916389e-22,3.0334567e-23
100,100,104,2,2.419954e-27,2.9597644e-15,1.0,1.467704e-19,7.895943e-15,2.3549605e-14,5.2483217e-17,1.8504727e-21,2.407113e-14,9.96467e-22,1.585539e-07,4.403245e-15,1.180873e-19,1.8429379e-14,4.752295e-12,7.912442e-21,3.1351086e-19
101,101,102,10,1.3485526e-27,1.6830793e-17,1.7314683e-29,7.738219e-18,4.995358e-15,3.2741474e-16,1.0301004e-21,3.85113e-21,4.2803848e-14,2.229694e-23,1.0,2.3321038e-16,4.783524e-16,4.035346e-15,1.943104e-13,1.4266545e-21,9.0147785e-20
102,102,103,10,2.5507298e-28,1.5405028e-17,0.0,2.466774e-13,4.827314e-17,4.1255743e-16,4.9038307e-20,2.2264909e-22,1.3062225e-15,9.045397e-21,1.0,2.136975e-16,4.0249448e-19,2.8014856e-18,6.6116893e-16,2.5021845e-22,6.3993645e-20
103,103,95,10,1.6579509e-27,7.809509e-18,0.0,8.473184e-10,4.8168127e-16,1.761343e-18,2.988221e-20,4.5825306e-22,6.303021e-17,1.0308393e-21,1.0,4.9381726e-17,7.03307e-21,1.3973383e-20,3.88663e-18,1.0511744e-22,4.40848e-19
104,104,105,2,3.6008743e-24,3.4445116e-15,0.9840872,2.332663e-17,1.3778966e-12,2.204638e-12,5.184402e-19,6.908157e-19,3.1853065e-11,4.0969424e-21,0.0159143,3.1294547e-13,5.2912085e-14,2.6778072e-12,9.0743e-11,3.154928e-19,5.708138e-17
105,105,106,10,7.8099877e-25,2.52859e-15,1.284227e-29,3.6427118e-15,1.4975066e-14,2.487065e-13,3.0538275e-19,2.1357248e-19,4.841986e-13,3.4254486e-21,1.0,6.105636e-14,1.5755046e-13,2.0055392e-12,1.6505008e-09,2.3414129e-21,5.7735474e-18
106,106,101,10,1.6314515e-25,1.6522589e-16,2.4373933e-32,3.0833426e-16,9.118665e-15,9.01518e-15,1.9861935e-19,4.0647358e-20,5.6483735e-14,1.6520214e-21,1.0,7.089821e-15,2.5244458e-15,1.4693303e-13,1.4214176e-10,4.6001854e-22,3.015915e-18
107,107,108,12,6.389147e-19,2.2956997e-11,0.0,0.4476441,8.365028e-11,1.7622854e-09,9.987272e-15,1.2077086e-07,5.4235616e-10,1.3617473e-16,1.2759178e-11,7.431849e-09,0.55235565,2.1513515e-11,1.5858837e-11,1.0203619e-14,9.994576e-10
108,108,109,12,1.4026944e-21,1.7591496e-08,0.0,0.03519164,2.8530174e-09,8.096117e-08,1.2065134e-11,8.516742e-05,4.875785e-09,3.5599304e-15,3.5696898e-10,1.5456626e-05,0.9647072,2.0965942e-08,2.7530298e-09,3.7299858e-11,2.0542932e-09
109,109,113,7,1.7940409e-19,2.9740324e-10,0.0,5.5546884e-06,1.418425e-10,1.271012e-10,2.132116e-14,0.99278957,6.685459e-11,3.8239527e-17,6.8931336e-17,6.6091116e-10,0.0072043166,1.4989329e-10,1.2384647e-12,8.0789124e-13,3.0847118e-13
110,110,111,7,4.0129602e-17,2.7674076e-13,0.0,5.752752e-10,7.003536e-07,1.09216005e-08,1.2905601e-17,1.0,2.4400867e-13,1.9603533e-18,3.3963697e-20,1.8192333e-08,7.739634e-11,2.9341716e-12,6.523524e-17,2.9731788e-12,7.4162254e-14
111,111,112,7,1.033408e-18,3.6184928e-13,0.0,1.8737926e-14,1.5016485e-06,1.7198662e-10,1.4242064e-15,0.9999962,3.3427787e-15,3.8271178e-18,1.591504e-23,1.4438239e-06,9.337018e-13,4.2607787e-14,2.291247e-18,4.855113e-15,3.274518e-11
112,112,0,7,4.206787e-22,4.2286676e-15,0.0,9.165125e-13,8.3390034e-10,8.072374e-15,3.8598e-17,1.0,3.5830313e-18,3.4567145e-22,3.385521e-25,1.1877039e-11,1.8713905e-16,3.2435785e-16,2.4627833e-20,5.8560593e-19,3.0484622e-19
113,113,114,7,3.541828e-18,8.550478e-10,0.0,1.431906e-12,4.7721466e-10,1.9514218e-11,4.5209574e-16,0.9177286,1.0070123e-09,1.28524925e-17,4.0751848e-20,9.374358e-11,0.08227058,1.2537053e-10,2.28367e-13,1.00124546e-13,6.3890164e-14
114,114,115,7,1.1676459e-18,3.5272943e-10,0.0,1.4537763e-15,2.306323e-09,2.3171774e-10,1.1004628e-13,0.8074525,3.1512737e-10,1.055707e-15,1.6446952e-22,1.0171006e-08,0.1925477,5.032879e-10,7.87153e-13,7.1291293e-12,2.2809298e-11
115,115,110,7,6.988487e-14,6.272282e-14,0.0,2.880962e-08,5.452526e-08,7.286214e-09,3.4584846e-13,1.0,7.044725e-13,3.5251258e-19,1.4720528e-22,1.3484613e-10,1.497232e-07,1.583184e-08,7.840727e-12,5.894478e-10,8.152995e-14
116,116,117,3,1.5512526e-25,6.3698927e-13,0.0,0.9992792,2.3438903e-12,2.8911134e-15,6.197504e-22,3.3558906e-13,1.3534265e-14,3.4641383e-19,0.0007215094,3.933461e-12,7.069612e-17,3.1910945e-19,5.2480184e-18,1.2171448e-20,8.215145e-16
117,117,118,3,2.8723639e-27,8.6619744e-16,0.0,1.0,2.801331e-14,2.5715173e-15,5.1080617e-25,1.0658608e-13,1.5864794e-15,2.9337343e-20,3.1547707e-12,1.9082815e-13,3.170882e-17,6.324375e-20,6.9166775e-18,1.513258e-22,1.2436184e-15
118,118,552,3,4.9254582e-23,4.873525e-13,0.0,1.0,1.1178289e-09,1.5294749e-12,2.05129e-20,1.0539126e-07,7.577521e-12,3.0662099e-21,5.1229156e-16,1.59571e-09,2.223117e-11,7.48603e-15,7.693844e-15,1.3278423e-20,1.7306068e-10
119,119,120,10,4.233195e-26,7.0081846e-15,0.0,8.5947346e-11,2.6983504e-13,8.1776796e-14,4.267223e-20,1.948733e-22,2.7810781e-11,1.5632926e-19,1.0,2.6019984e-15,1.5300296e-19,2.322688e-20,2.9822472e-17,2.980811e-19,1.16980875e-17
120,120,121,10,1.1041738e-24,2.7794488e-12,0.0,2.3902827e-05,8.3476603e-10,2.0506523e-09,8.7854965e-17,1.1271622e-19,1.6045547e-09,6.8092016e-13,0.99997705,2.462756e-12,3.2567315e-17,2.474843e-16,5.2842724e-13,2.1870284e-14,1.9648203e-13
121,121,125,10,7.6222216e-28,2.653078e-13,0.0,3.093964e-05,4.4286545e-12,7.153718e-15,1.3084511e-16,2.2816939e-20,1.1434668e-13,1.3261651e-15,0.9999695,1.2971059e-15,5.15011e-17,1.10597e-16,2.7210635e-14,2.8294715e-20,8.672195e-15
122,122,123,10,1.114629e-28,5.594597e-16,0.0,1.401092e-07,4.880497e-15,1.487955e-17,6.8829727e-22,5.966886e-21,3.7374986e-15,6.1670803e-22,1.0,7.4246535e-16,9.611904e-19,8.643537e-20,2.7570008e-18,9.21268e-23,6.7386405e-18
123,123,124,10,7.664433e-30,3.2847953e-15,0.0,5.35745e-07,2.5486906e-14,1.0057149e-16,1.0172208e-23,1.2730055e-19,1.5730445e-14,4.3099114e-17,1.0,9.398252e-16,4.641942e-16,1.707009e-18,5.464998e-16,9.373376e-22,1.8548035e-15
124,124,116,10,3.9815044e-24,6.614272e-13,0.0,0.11628154,6.817887e-12,1.11385964e-13,7.462513e-21,3.0627824e-15,3.7364475e-13,7.7560736e-17,0.8837198,3.7316634e-12,3.1519496e-16,4.707938e-18,1.0024172e-16,5.0903616e-17,3.2668275e-14
125,125,126,10,5.583342e-30,8.550913e-15,0.0,1.8550613e-08,1.2709684e-14,2.9676852e-18,1.1723041e-20,5.3823718e-21,2.1732216e-15,1.4981486e-19,1.0,3.956355e-17,1.4646804e-16,1.2914312e-18,4.5945674e-17,2.3128438e-23,6.256712e-18
126,126,127,10,3.158936e-28,4.656741e-13,0.0,0.0017870818,1.396748e-11,1.9515698e-12,1.8800096e-19,2.050557e-18,1.3446582e-13,7.85288e-12,0.9982126,4.0941443e-14,3.4905559e-15,5.235704e-17,2.8583137e-15,8.624177e-19,1.1155296e-15
127,127,122,10,9.0855444e-29,6.4869777e-15,0.0,1.3425104e-06,4.606842e-14,1.6305383e-16,4.5427107e-21,3.0044176e-20,9.609944e-15,2.6056696e-18,0.99999815,4.730193e-16,7.566955e-18,7.87763e-20,3.5422876e-18,7.0060744e-22,2.0313974e-17
128,128,129,7,2.7235588e-27,7.8431037e-16,0.0,1.08969e-12,1.04330225e-11,1.0344553e-14,7.930906e-21,1.0,3.0571295e-17,1.8595941e-21,1.5125377e-28,1.419766e-12,2.4519787e-17,4.1562484e-17,4.3659016e-20,1.5012598e-20,4.4977895e-22
129,129,130,7,7.599427e-29,7.1694234e-16,0.0,3.6086493e-21,1.7081493e-10,2.3446389e-14,3.4974515e-20,1.0,5.2426617e-16,6.605475e-20,1.7897168e-31,1.06375785e-11,2.5078956e-17,7.9345216e-17,3.1520683e-17,1.6245383e-19,2.1823558e-19
130,130,666,7,6.781747e-29,8.0729804e-17,0.0,1.4950356e-21,1.7539482e-10,1.4238487e-14,2.6820431e-17,1.0,1.6452208e-16,1.0814607e-21,3.110536e-32,8.990162e-11,1.4220783e-15,4.1925962e-13,1.14671444e-17,4.8574534e-20,2.7746704e-20
131,131,132,3,8.8409e-25,5.0531834e-14,0.0,0.9999923,6.3422724e-14,4.5977656e-14,3.2612628e-21,2.6905588e-17,3.5772635e-13,1.7085205e-18,6.0690404e-06,7.961341e-13,1.6569013e-12,2.4777514e-17,1.3013925e-16,2.8197123e-18,1.11973385e-14
132,132,133,3,1.2096063e-25,2.8991426e-15,0.0,1.0,7.425142e-14,9.611241e-12,2.5024637e-20,1.4987502e-17,9.008481e-14,7.5115634e-18,1.467526e-10,2.8858745e-11,2.5808267e-13,8.169389e-17,9.1012446e-17,1.3322505e-14,3.5597966e-14
133,133,137,3,1.6231467e-24,9.6075506e-17,0.0,1.0,3.6192738e-16,8.9751394e-14,2.3384941e-21,7.084121e-14,2.461004e-16,8.526397e-20,9.395067e-15,3.5314589e-15,6.1694647e-12,6.2851545e-18,1.0813226e-17,2.272455e-17,1.9062486e-16
134,134,135,7,2.4383915e-22,4.1913464e-14,0.0,0.00085807615,1.1373216e-10,3.0222695e-12,8.541171e-21,0.999142,1.3276229e-15,8.495096e-21,3.0985359e-19,1.236511e-11,5.6148983e-12,3.8869342e-14,2.8166346e-20,4.70274e-15,7.509669e-19
135,135,136,7,6.049681e-25,2.9874567e-13,0.0,1.0962188e-05,1.6918987e-09,1.0879616e-13,4.186442e-21,0.9999886,8.9643225e-15,2.5881833e-19,3.1021774e-20,8.150676e-11,3.9651307e-11,8.413174e-15,1.7915516e-19,6.385648e-16,2.4452103e-14
136,136,128,7,1.5087244e-26,5.9530948e-18,0.0,8.100824e-13,1.3665018e-11,2.9580952e-14,1.264366e-20,1.0,2.3250583e-17,8.355583e-20,1.137628e-28,8.6527075e-13,2.1835165e-16,4.9865187e-17,2.828824e-20,2.423736e-17,6.367076e-20
137,137,138,3,1.4891315e-23,7.9926405e-16,0.0,1.0,8.5083814e-16,8.736215e-14,3.8188826e-23,4.3421727e-10,5.258181e-17,1.0626335e-20,3.137997e-16,1.3644214e-14,4.7978635e-11,6.985277e-17,2.781539e-19,8.390306e-19,2.0309625e-18
138,138,139,3,6.987148e-23,1.5237081e-14,0.0,1.0,1.541728e-14,1.0080297e-11,3.1780636e-24,4.3976285e-12,5.1463414e-16,3.871817e-18,8.410122e-16,3.1785436e-12,2.0440286e-10,1.9380116e-16,2.6772564e-19,1.2970502e-17,1.09225725e-13
139,139,134,3,8.13771e-21,9.18398e-15,0.0,0.9999809,1.3532008e-12,2.1606029e-12,8.857784e-24,1.9405303e-05,1.7867563e-16,9.387552e-21,1.1850664e-17,2.8108055e-13,7.826412e-12,7.339021e-16,1.1022655e-20,5.573317e-16,1.4234833e-16
140,140,141,7,8.9363396e-27,4.804772e-17,0.0,8.9950025e-10,9.738345e-12,7.580253e-16,2.738602e-20,1.0,2.4594917e-17,1.96359e-22,3.8986438e-25,2.0972929e-13,8.951533e-17,8.230699e-17,2.1614927e-20,2.6126141e-20,3.5091716e-20
141,141,142,7,3.992945e-30,1.1291868e-16,0.0,4.519226e-19,1.09841e-09,9.781262e-14,1.12767515e-17,1.0,3.180625e-15,2.1209971e-19,1.2272382e-28,1.2205073e-11,2.7132131e-17,3.9831348e-14,5.855443e-16,1.0148906e-17,6.965876e-18
142,142,665,7,2.6391355e-30,2.6198552e-16,0.0,2.6937037e-15,1.8371272e-09,4.1573353e-13,2.2346323e-16,1.0,5.55193e-15,1.1853914e-18,4.681539e-26,2.4902123e-09,1.5348637e-12,3.5433428e-10,7.7729005e-16,5.992726e-15,3.860093e-18
143,143,144,3,4.149099e-27,7.7607827e-16,0.0,1.0,2.5830596e-15,1.0209955e-16,9.575229e-20,3.421704e-19,1.4246831e-17,1.5814541e-20,7.197654e-07,1.3206674e-15,2.310807e-15,6.5286996e-18,6.509451e-18,6.5864706e-22,5.616233e-17
144,144,145,3,4.8230744e-27,7.460455e-16,0.0,1.0,3.934311e-15,1.6196671e-13,1.0211036e-18,1.1205429e-19,4.1969903e-16,1.5251005e-18,6.00503e-10,1.01341875e-13,6.1716244e-14,6.476339e-17,2.4053525e-16,5.547349e-18,2.5464688e-15
145,145,149,3,1.9216735e-26,1.6343102e-18,0.0,1.0,7.913816e-17,1.9536234e-14,8.607726e-23,1.0854767e-16,8.409444e-17,4.4624856e-20,2.993354e-13,1.6596179e-16,4.6386386e-13,1.9031079e-18,4.276924e-18,8.411361e-19,1.9425774e-17
146,146,147,3,1.860764e-22,4.45673e-15,0.0,0.9704023,3.1139072e-10,6.0160297e-12,1.2124451e-21,0.02959897,3.3159805e-15,2.4771618e-20,6.3718265e-16,3.6036588e-12,2.4157577e-12,6.6042596e-14,2.1646707e-19,1.5753948e-15,6.230088e-17
147,147,148,7,3.2185324e-24,6.0633325e-11,0.0,0.097471654,4.1181134e-05,4.874367e-11,1.4188313e-17,0.9024878,1.0935806e-10,3.1003976e-16,1.2728829e-13,1.113591e-07,6.272014e-08,1.1829838e-10,1.2513324e-15,1.805092e-13,9.009612e-07
148,148,140,7,1.4819163e-25,8.366467e-18,0.0,2.6086864e-08,6.8812005e-11,4.4546242e-14,7.411423e-20,1.0,6.288635e-17,2.1221936e-20,4.2903384e-26,1.5281917e-12,2.1554462e-15,4.0762995e-15,9.252886e-19,4.0544903e-17,1.1093836e-17
149,149,150,3,6.442232e-26,1.0723712e-18,0.0,1.0,8.929229e-17,3.591357e-15,3.5953e-25,2.0645016e-13,5.7741617e-19,4.5266035e-22,9.24556e-16,7.478373e-17,1.4475183e-14,4.2871497e-18,1.6283718e-20,2.0420062e-21,2.680556e-20
150,150,151,3,2.2502075e-25,1.6542888e-17,0.0,1.0,7.086303e-16,1.09882684e-13,2.4614716e-25,2.7081771e-17,4.142934e-18,9.122051e-20,1.5919119e-14,6.0182695e-15,1.34502174e-14,3.7584812e-18,2.6549111e-20,2.5189945e-20,5.711846e-15
151,151,146,3,3.0151334e-25,5.547304e-19,0.0,1.0,2.8540754e-15,1.53903e-15,1.930115e-26,3.958375e-11,2.3402364e-19,2.510434e-23,1.0146009e-16,8.046693e-17,2.8756033e-16,8.301101e-19,1.6120963e-22,1.0985553e-19,8.910578e-18
152,152,153,4,3.4274746e-21,0.007865597,0.0,1.8202338e-07,0.976671,5.5685976e-09,4.8643286e-14,0.015459363,5.316977e-10,3.1369654e-10,4.254574e-14,1.5142115e-06,2.2822836e-07,5.9340823e-07,1.10274585e-11,1.2304135e-10,2.2622928e-09
153,153,154,4,4.22116e-21,0.027109887,0.0,2.9190077e-14,0.9728634,4.1123393e-11,1.363959e-13,2.5438021e-05,5.9516454e-09,2.4274072e-11,1.840243e-15,7.9921597e-07,3.2047005e-09,4.0433882e-08,2.5747995e-12,1.0815399e-12,3.7616152e-07
154,154,1362,4,4.0042702e-19,0.0008283355,0.0,1.369863e-11,0.9973446,4.138986e-10,1.3903833e-13,0.00019778313,3.5340374e-05,1.4691552e-11,2.2366982e-14,0.0010481054,0.0004469609,5.3364533e-06,5.874836e-10,9.218825e-17,9.299093e-05
155,155,156,3,2.3759452e-21,1.0616285e-13,0.0,1.0,2.6304807e-08,4.728476e-10,9.556874e-20,2.6698006e-12,2.904568e-14,5.7548497e-13,4.808451e-12,6.241644e-11,5.563681e-13,6.5126402e-15,1.5854122e-18,1.6464273e-15,2.3467095e-11
156,156,157,3,4.5593666e-18,4.3296353e-10,0.0,0.99937844,0.0006205225,9.102953e-08,6.250015e-16,2.8797533e-08,2.312708e-11,5.1786315e-11,1.9442106e-15,1.1437152e-06,1.9512834e-08,2.4355444e-09,1.0620491e-14,3.0644215e-13,2.4517576e-07
157,157,152,3,3.4673395e-18,2.2999183e-09,0.0,0.9999008,7.217155e-05,1.6234484e-11,8.903922e-17,2.7451077e-05,2.4393142e-13,4.1118175e-13,1.4520923e-14,1.3267366e-08,2.2888988e-09,5.6594784e-11,6.974584e-14,1.3128602e-17,1.516058e-10
158,158,159,10,1.6295718e-19,6.027964e-08,2.8021809e-25,0.0023292475,8.88767e-09,4.7464513e-05,4.920439e-10,9.497264e-14,7.8562255e-07,1.7982436e-09,0.98644376,1.3730369e-06,3.0122103e-12,9.9051585e-09,0.011178926,9.591092e-13,1.3618502e-10
159,159,160,3,1.1279477e-22,1.9429605e-12,0.0,0.99978644,2.1343386e-13,2.5723114e-08,5.12839e-16,9.909125e-17,7.769063e-12,9.318435e-15,0.0002153305,1.2731654e-12,2.9206008e-14,5.7773265e-14,2.8340024e-09,1.076669e-14,5.12849e-15
160,160,590,3,1.786752e-21,2.589011e-13,0.0,1.0,6.1582866e-15,4.370409e-09,2.612638e-17,5.204937e-17,6.4544507e-13,3.960817e-21,1.7032905e-08,9.775588e-15,1.1664565e-19,1.578861e-14,6.1077125e-13,1.7000073e-14,1.453905e-21
161,161,162,2,3.2340164e-38,1.1034565e-27,1.0,6.11e-43,3.4884518e-23,5.770775e-25,8.289505e-30,2.875409e-29,4.012152e-23,4.788263e-34,2.966361e-33,1.1324346e-24,3.4200178e-28,3.4476227e-25,1.8184256e-26,4.323878e-31,8.928654e-31
162,162,163,2,3.203234e-39,5.5696727e-27,1.0,1.136e-42,1.6349672e-23,4.8063106e-25,6.553537e-30,1.6484644e-29,3.221617e-23,2.8765217e-33,2.1763045e-33,1.8305235e-24,6.472598e-28,2.119114e-25,2.274665e-26,1.0663559e-30,6.128781e-30
163,163,164,2,2.82288e-39,2.392045e-26,1.0,4.43e-42,3.0845197e-23,2.8636268e-24,5.616735e-29,2.9198876e-29,9.298264e-23,5.293381e-32,1.9613566e-32,8.283461e-24,2.7011167e-27,7.3969993e-25,5.645832e-25,2.9699678e-29,1.1457198e-28
164,164,165,2,9.62871e-40,2.0557796e-27,1.0,1.71e-43,5.734547e-24,1.4497878e-24,8.155013e-30,4.9072484e-30,2.4103591e-23,4.1060543e-33,1.8197306e-33,2.3367427e-24,2.539177e-28,2.1968492e-25,1.3331378e-25,6.2753655e-30,3.5438628e-29
165,165,166,2,2.495575e-39,1.2671778e-25,1.0,1.215e-42,5.6399825e-23,1.4823984e-23,1.0860873e-28,5.1111695e-29,3.8662154e-22,1.404797e-31,2.976767e-33,2.3446103e-23,1.094076e-27,6.8537493e-25,4.824128e-25,2.1436407e-28,6.0436284e-28
166,166,167,2,9.96997e-40,2.4446e-25,1.0,9.87e-42,8.6338037e-23,1.8785075e-23,1.238176e-28,4.0645336e-28,1.0812009e-21,9.79951e-32,2.4487631e-32,2.1981593e-23,9.944058e-28,1.1174495e-24,1.1849536e-24,3.332814e-27,5.348479e-28
167,167,168,2,6.68852e-40,3.9979523e-26,1.0,6.11581e-40,3.4978594e-23,2.8598183e-23,1.963921e-28,3.1744586e-28,7.4756736e-22,2.890482e-32,2.7050026e-28,2.9692516e-23,3.7937394e-28,2.5762775e-24,2.2297111e-23,4.835931e-28,1.7890575e-28
168,168,169,2,2.4395656e-28,2.6545892e-11,0.9999923,2.1922796e-24,8.673172e-11,5.7793534e-07,1.8044222e-15,2.464982e-13,8.264536e-06,1.7170994e-18,5.105657e-13,1.3592091e-09,3.1888395e-14,1.7333015e-11,9.738614e-10,1.1270046e-09,3.8224655e-17
169,169,158,14,7.9171815e-21,1.540518e-05,0.00017807045,1.751418e-13,7.1147247e-06,0.05265809,9.644174e-07,2.9411913e-09,0.1331995,3.7097367e-11,0.0002355705,8.804742e-05,7.005102e-10,6.2335974e-05,0.8134254,0.00012963812,5.598539e-11
170,170,171,2,1.7468956e-19,9.583811e-06,0.9897343,9.0734154e-08,0.00019135387,8.537948e-06,4.5017826e-10,2.5741737e-10,0.00665866,2.4642124e-12,0.0026480863,2.6881951e-05,6.165189e-10,6.9900875e-06,0.00071720383,4.356643e-09,8.779585e-13
171,171,172,10,3.2208243e-27,1.883236e-08,0.0,0.04876267,2.5188e-07,1.40008405e-08,6.984089e-14,1.3533239e-13,2.7213314e-08,2.3498616e-12,0.95123744,4.3464174e-09,3.2932552e-13,1.3331472e-11,1.1477038e-09,7.890238e-11,4.9782257e-12
172,172,593,3,2.6814374e-26,9.177169e-11,0.0,0.9983077,9.3896855e-09,1.2102696e-12,1.9891892e-11,1.004443e-14,1.7827255e-09,3.703151e-17,0.0016924334,6.539668e-10,3.6088846e-13,5.386384e-11,1.7190079e-09,1.1159327e-17,7.052073e-11
173,173,174,2,2.0322837e-37,1.716633e-27,1.0,1.11e-43,1.0303945e-22,1.4853241e-24,2.8052235e-29,7.070325e-29,8.376729e-23,1.2092646e-33,9.017878e-34,2.9022494e-24,8.593661e-28,1.2878261e-24,2.7823673e-26,1.1380348e-30,5.231317e-30
174,174,175,2,5.775471e-38,4.4911943e-27,1.0,1.64e-43,1.471542e-22,2.3888195e-24,1.3191279e-28,1.2229948e-28,8.843472e-23,5.7528157e-33,1.3387834e-34,8.0929335e-24,8.9955435e-27,3.2631117e-24,1.8252722e-25,1.8760527e-29,9.071414e-29
175,175,176,2,1.2603726e-37,2.2319627e-26,1.0,3.39e-42,9.207871e-22,1.0206725e-23,2.8864107e-28,3.8384292e-28,4.1362459e-22,1.0568911e-31,4.306867e-34,4.0764223e-23,2.569651e-25,2.576662e-23,1.0840695e-24,1.430694e-27,4.5951402e-27
176,176,177,2,3.395235e-39,4.8921355e-27,1.0,2.5373e-41,8.970341e-23,8.356678e-25,2.570038e-29,8.428915e-30,8.400052e-24,1.0422012e-32,4.2697187e-33,7.7574065e-24,3.818917e-28,9.101103e-25,4.756444e-25,1.1366687e-29,4.265578e-28
177,177,178,2,3.901846e-39,3.1135135e-26,1.0,1.15864e-40,2.4364576e-22,1.03456504e-23,1.0168265e-28,1.293821e-28,4.4966892e-23,2.4904397e-32,5.9973817e-33,1.3862302e-22,5.0559463e-27,3.5821594e-24,8.316226e-25,3.218452e-28,9.381575e-28
178,178,179,2,6.959507e-39,9.588395e-26,1.0,6.41872e-40,8.815622e-22,3.408188e-23,6.920337e-28,2.7383833e-27,3.990934e-23,2.5516197e-32,3.2087857e-32,8.770206e-22,3.8955034e-27,1.472715e-23,3.410514e-24,2.2372554e-27,2.9956957e-28
179,179,180,2,3.914488e-39,4.5916555e-26,1.0,3.424006e-39,1.1239279e-21,1.6809368e-24,5.215842e-27,4.7472825e-28,5.4768297e-24,5.5001076e-33,6.123847e-31,1.6233278e-22,4.059234e-28,1.959309e-23,1.3130015e-23,2.5703515e-29,1.0755408e-28
180,180,181,2,8.590173e-39,2.1569898e-25,1.0,1.729704e-39,2.0123965e-21,8.463997e-24,2.5963197e-28,1.727393e-27,2.7615726e-23,1.1818971e-32,2.7270775e-31,7.1091594e-22,3.9094502e-28,5.0708847e-24,1.9546125e-24,1.6997486e-28,1.2683069e-29
181,181,170,2,3.8287072e-34,1.8448562e-20,1.0,2.5334743e-31,4.7595286e-18,8.737185e-21,1.9539714e-24,7.1464817e-25,2.7966166e-18,9.46916e-28,4.2347824e-24,6.3352197e-19,2.5886508e-24,8.079685e-20,6.5858996e-20,4.680064e-23,3.1628476e-25
182,182,183,8,3.906137e-15,4.863458e-06,9.66488e-05,9.539007e-09,0.000742501,0.004887159,7.6325705e-08,7.635974e-09,0.9769916,8.9514144e-13,0.0002974087,0.00062297255,1.9679963e-10,0.0012334539,0.015123789,2.0597712e-08,1.9595957e-13
183,183,184,10,1.4060127e-18,4.985349e-06,0.0,0.01668504,4.7523758e-05,3.230076e-05,1.1368512e-06,1.1350809e-10,0.011268925,6.1855837e-12,0.9719101,4.687484e-06,8.740297e-11,9.9880035e-06,3.7144917e-05,2.8475253e-10,4.925926e-09
184,184,602,3,1.5898588e-09,0.10019583,0.0,0.5605492,0.089019515,0.0020755199,0.13837934,0.005337846,0.064161666,7.0705437e-13,0.000775784,0.027013056,2.2649652e-05,0.0023817385,1.2738889e-05,1.3117964e-06,0.010075268
185,185,186,2,2.9252718e-37,4.0673738e-27,1.0,4.95e-43,6.3011543e-22,7.897141e-24,9.6069424e-29,3.3503906e-28,2.7505242e-22,2.6371602e-32,3.0932234e-33,8.2173684e-24,2.5672184e-27,6.3047546e-24,5.654084e-26,2.9600919e-30,3.2691213e-29
186,186,187,2,6.589939e-37,7.534372e-27,1.0,2.444e-42,7.7931844e-22,1.123481e-23,1.5889158e-28,6.277096e-28,1.5446657e-21,8.9743046e-32,9.976172e-34,2.7663383e-23,1.2132709e-25,1.3414644e-23,9.068003e-26,3.6267406e-29,1.0669637e-27
187,187,188,2,4.4924587e-36,2.7981234e-24,1.0,7.612736e-39,2.5298394e-19,1.0154894e-20,9.2663454e-26,2.8567624e-25,1.0313439e-19,6.0774025e-29,2.6305003e-31,6.3943097e-21,3.8515244e-22,3.275965e-20,1.8998327e-22,6.270196e-23,1.8173456e-24
188,188,189,2,4.0946726e-38,1.7737695e-26,1.0,1.2479e-41,7.9195334e-22,3.8254437e-23,2.8239944e-27,1.2018457e-27,4.3036225e-23,2.2851469e-32,2.0398996e-33,1.406546e-22,1.6281618e-26,4.100284e-23,3.7554177e-24,9.355271e-28,8.672633e-28
189,189,190,2,8.554312e-36,2.665025e-22,1.0,6.15885e-40,7.7815217e-19,6.13349e-20,1.2276113e-23,4.9277865e-24,1.7479753e-19,1.5468767e-29,6.130906e-31,1.4309509e-19,1.3373056e-23,1.2824263e-20,6.310343e-22,2.7183729e-24,8.130862e-26
190,190,191,2,2.1325672e-33,8.832837e-19,1.0,2.0495046e-37,2.1182752e-16,1.3080919e-16,8.44646e-22,8.0807256e-22,2.5067588e-16,9.064683e-26,5.6439507e-28,3.85055e-17,2.8538056e-21,7.240768e-18,7.9034605e-19,1.7338698e-19,1.2147408e-22
191,191,192,2,1.1788007e-37,1.0456256e-25,1.0,5.256e-42,1.230172e-21,1.9519108e-21,6.2325524e-27,8.740092e-27,7.698573e-22,3.6593515e-32,3.6917561e-31,3.449167e-22,6.519561e-27,3.4129387e-22,1.3160459e-22,1.0935679e-25,4.2180523e-29
192,192,193,2,7.768484e-31,7.1206934e-15,1.0,4.1436895e-27,7.3715874e-11,2.2702538e-10,1.0114986e-14,5.883997e-14,1.4010818e-10,8.744478e-23,6.899763e-17,9.628085e-12,1.2326462e-16,6.186035e-11,3.674987e-12,9.189075e-12,9.7194465e-21
193,193,182,2,4.892673e-21,5.2984955e-08,0.9999504,1.4326768e-19,1.6180928e-05,1.3681678e-08,7.15443e-07,1.5319867e-11,5.9973736e-06,3.5907544e-15,5.0703185e-11,5.8716864e-07,8.207009e-14,5.209813e-06,2.1684793e-05,4.493013e-11,3.2720641e-15
194,194,195,3,2.0744584e-26,3.4119745e-15,0.0,0.9999962,3.4611767e-13,5.5587325e-15,1.014413e-20,6.5261557e-19,3.4892493e-16,1.2985491e-19,2.9692999e-06,3.1703287e-15,1.08432e-20,8.725907e-18,1.7792058e-17,4.9857096e-21,1.7455202e-15
195,195,196,3,9.878328e-32,3.0655978e-16,0.0,1.0,3.695679e-13,3.0505375e-16,5.840278e-22,2.9203274e-18,4.954737e-18,2.467749e-20,5.3922045e-10,2.6104761e-17,1.2743123e-19,9.906895e-17,7.728337e-18,2.815771e-23,2.0656937e-18
196,196,549,3,3.349296e-33,5.9003574e-15,0.0,1.0,2.7699257e-10,3.2433696e-15,4.2685256e-20,5.5414983e-15,1.698696e-16,8.1863837e-19,3.246595e-11,6.6965197e-16,2.0191927e-15,3.2961204e-13,1.1475201e-16,1.9029101e-20,2.7565261e-19
197,197,198,2,2.8585888e-36,7.253596e-25,1.0,1.6205955e-34,3.4202254e-21,7.463933e-22,6.4437735e-28,2.0241855e-27,2.2108189e-20,1.1871347e-31,1.76753e-24,4.1782526e-23,2.0952616e-28,7.744574e-24,3.195961e-23,1.3518695e-27,1.5616689e-30
198,198,199,2,1.8635604e-32,4.1192938e-19,1.0,1.9654134e-27,1.6741914e-17,7.993974e-18,3.860241e-25,3.7199878e-23,1.0831445e-15,1.6462233e-26,1.1814187e-18,2.4520524e-18,4.6242695e-23,1.1940037e-20,1.5190447e-18,4.5738487e-23,4.8282887e-25
199,199,200,2,1.332476e-26,4.850289e-12,1.0,1.9736438e-16,1.3441166e-10,9.36456e-12,4.3579385e-17,4.0775078e-17,2.1738753e-09,5.607389e-18,9.703836e-09,7.8908017e-13,4.853108e-17,3.050622e-14,2.190105e-10,1.1080687e-16,6.851682e-18
200,200,201,10,8.4782155e-24,5.5738837e-11,0.11132249,1.6646129e-10,2.0181526e-08,5.726499e-10,1.088401e-14,3.2625913e-15,1.3144405e-07,9.365797e-15,0.88867563,6.296888e-11,1.4663142e-14,1.4478354e-11,6.3496515e-08,4.2988493e-15,4.629901e-15
201,201,202,10,2.8242882e-25,1.9940307e-09,5.75879e-25,2.3778662e-07,8.898832e-09,2.9442207e-10,4.8012537e-17,5.347902e-15,1.8968275e-07,6.62838e-09,1.0,1.3616678e-11,7.0520157e-12,8.089125e-12,4.263119e-07,1.2955186e-15,2.3705423e-12
202,202,203,10,1.8591416e-27,1.9428196e-12,0.0,0.0013512726,6.3751704e-12,3.9878935e-14,1.2229584e-19,3.8950175e-17,1.6977602e-12,3.1252348e-11,0.9986505,1.9726815e-15,5.200616e-15,1.513477e-15,1.7303147e-12,3.2254848e-19,9.420291e-16
203,203,204,10,5.346702e-29,4.435715e-15,0.0,4.0289677e-05,8.480911e-14,2.3669772e-16,3.1614308e-21,9.39727e-19,4.6349376e-15,1.6095713e-14,0.99995995,1.2788822e-16,6.63012e-18,1.8191487e-17,9.688377e-16,1.8163295e-21,1.0023588e-18
204,204,205,10,2.6610726e-30,5.7757764e-13,0.0,0.00093074556,5.10614e-11,3.3932574e-15,9.019172e-22,1.5507145e-17,1.4657641e-13,1.15529955e-11,0.9990697,6.1047244e-15,7.1131423e-16,6.0848893e-16,5.9048158e-15,3.8947886e-20,3.4630883e-15
205,205,194,3,3.1402528e-28,2.1780251e-13,0.0,0.99472487,1.1730588e-11,5.41635e-16,7.096131e-21,1.792113e-18,5.9013035e-15,6.0488783e-16,0.0052746423,1.6530855e-15,2.2067021e-17,1.1115954e-16,5.783297e-16,2.696154e-20,4.4259562e-14
206,206,207,7,1.9588895e-24,5.81596e-13,0.0,9.635436e-19,5.107755e-08,5.220062e-12,3.370484e-17,1.0,7.603214e-17,8.021121e-20,3.3108632e-29,1.7179e-09,3.716099e-17,3.921784e-15,1.702905e-18,1.6543052e-20,7.4512494e-21
207,207,208,7,5.371454e-23,5.844743e-12,0.0,3.6440554e-25,9.781862e-06,6.448481e-10,9.624136e-16,0.9999886,3.0733976e-15,5.264988e-16,2.091203e-30,4.8534844e-07,1.7341909e-15,4.9574883e-14,1.6775374e-14,5.5001043e-19,7.737781e-17
208,208,555,7,3.918777e-23,2.3010643e-12,0.0,2.8769149e-27,3.931975e-05,1.9020696e-11,1.5151876e-14,0.9999084,3.2343612e-16,1.5591449e-15,2.147083e-31,5.1986186e-05,4.831211e-13,1.5734625e-13,5.1808124e-16,8.765795e-21,7.958699e-13
209,209,210,12,3.602769e-25,6.9088667e-12,0.0,3.8266378e-17,1.021905e-13,5.262122e-14,1.4937764e-20,4.5053013e-11,7.191742e-10,9.905789e-19,6.4882517e-19,1.1503934e-12,1.0,1.1015747e-15,5.5565277e-15,2.6418119e-17,1.662874e-10
210,210,211,12,8.583009e-29,9.351856e-11,0.0,6.5684336e-21,2.425415e-13,1.6818826e-13,2.7247574e-17,1.4114008e-13,8.7964613e-10,2.093365e-16,1.0610174e-20,1.819994e-11,1.0,3.6770303e-14,6.542125e-14,1.1197418e-15,2.6969793e-11
211,211,212,12,5.3308525e-23,1.9292545e-10,0.0,3.244703e-17,8.771689e-12,4.242877e-12,4.951643e-16,1.3235634e-06,2.2425906e-09,5.048458e-16,1.6591319e-22,3.0686592e-11,1.0,4.3398642e-13,5.6811652e-14,2.741286e-14,1.1284065e-10
212,212,213,12,1.678305e-22,1.06010846e-10,0.0,1.3066292e-18,1.2765794e-12,1.5710941e-12,9.0279e-18,3.2200217e-07,3.5679628e-09,2.70213e-17,1.3243449e-23,2.1772507e-11,1.0,7.2740865e-14,3.5132237e-16,2.9745807e-15,1.9895828e-12
213,213,214,12,1.9588791e-27,4.1256797e-11,0.0,2.084084e-22,5.192513e-13,5.8115086e-11,2.9809945e-18,3.5739235e-12,1.6676582e-09,8.227785e-16,4.2375414e-26,1.0954825e-06,1.0,6.514205e-15,4.901311e-18,4.0594912e-16,2.5807134e-09
214,214,215,12,2.6026839e-22,9.937351e-12,0.0,3.1108757e-20,1.6958977e-10,8.563236e-11,4.2199696e-13,5.564584e-09,1.9355943e-10,1.2153065e-14,3.113359e-26,3.6173859e-07,0.99998474,1.3413798e-12,3.6797404e-13,2.6947125e-14,1.3887933e-05
215,215,216,12,8.546958e-17,1.0383766e-08,0.0,5.430725e-25,2.0673765e-07,1.2036421e-08,4.685639e-15,2.0329813e-07,8.6090395e-08,3.0361665e-15,1.5899263e-23,0.00012181162,0.9998779,5.8498703e-13,1.3652909e-14,7.806397e-14,1.0340098e-06
216,216,217,11,8.15961e-17,3.600176e-08,0.0,1.3608317e-26,0.00075489894,2.973447e-07,2.3387176e-13,0.00020046448,4.1813739e-10,3.786873e-12,1.455674e-23,0.9942981,1.7401639e-05,3.7852103e-13,1.032425e-14,6.9617114e-16,0.0047279154
217,217,206,7,9.682689e-23,1.1216699e-15,0.0,8.140527e-23,7.2399167e-09,3.5243319e-12,1.1748724e-15,1.0,1.2598525e-16,8.7140557e-20,2.1263633e-31,4.106821e-11,2.711776e-16,1.2336218e-13,2.9698954e-17,1.1902305e-18,2.0157002e-21
218,218,219,3,4.227079e-26,1.6849465e-12,0.0,0.98581177,1.0880706e-11,1.2266431e-14,1.8816252e-18,4.4328182e-17,2.3246984e-14,1.0641361e-17,0.014187393,1.4154892e-11,2.195306e-19,7.6005966e-19,5.698983e-15,4.9160774e-21,3.2893472e-15
219,219,220,3,8.94961e-27,3.7400698e-13,0.0,1.0,1.2077336e-11,1.0562242e-12,2.6517544e-19,8.852545e-17,2.6673547e-14,1.8323894e-16,1.4190866e-08,1.9217542e-11,1.970271e-19,7.095465e-18,1.5521685e-12,1.1610849e-19,6.337197e-13
220,220,551,3,5.135087e-23,8.18173e-12,0.0,1.0,1.2892585e-06,2.1928324e-08,2.5370277e-13,9.3082264e-10,2.8340646e-11,5.807612e-17,8.474069e-11,1.2729591e-08,1.3482176e-13,1.1004363e-08,6.6020345e-09,1.6372659e-13,1.5498264e-11
221,221,222,2,6.122573e-35,3.304622e-26,1.0,9.756222e-36,3.969469e-21,2.5330124e-22,3.259135e-29,6.998197e-29,1.8790768e-20,3.1730343e-33,5.4979773e-22,4.4328215e-23,1.023673e-27,1.7120122e-24,6.321874e-25,4.546266e-28,1.4823711e-29
222,222,223,2,2.1012625e-30,1.4917223e-18,1.0,1.7624516e-26,6.165594e-16,1.0941243e-15,4.9847543e-23,7.262654e-24,7.315379e-15,1.1930128e-25,3.2629899e-15,1.0972628e-16,5.2006117e-24,5.2701215e-20,1.3383303e-17,4.7057404e-21,4.458055e-23
223,223,224,2,7.457528e-30,6.3748936e-15,1.0,7.546725e-24,2.410036e-13,2.0703582e-16,6.6135497e-18,4.1375852e-23,1.8215506e-14,7.9883483e-22,8.1027324e-11,1.7679689e-16,2.0927188e-23,1.8845712e-17,1.1308603e-14,2.0211516e-21,3.9694386e-21
224,224,225,10,1.9382486e-23,2.3827296e-10,0.005728814,7.673619e-15,6.065678e-08,7.139359e-13,1.3669169e-14,7.371031e-17,1.2522011e-08,1.8276276e-17,0.9942715,1.464349e-11,1.9829131e-14,4.8814355e-12,7.5694936e-11,3.91846e-17,4.9698096e-16
225,225,226,10,1.8837115e-29,1.3002062e-09,0.0,8.887297e-09,2.9143328e-08,6.984926e-11,9.6089535e-15,5.7736386e-17,2.7232913e-10,1.860088e-09,1.0,3.9188867e-13,4.572698e-15,3.799429e-14,2.7406495e-13,4.8826547e-16,3.3339913e-15
226,226,227,10,1.4902813e-28,3.2876774e-12,0.0,1.886807e-07,2.893959e-12,3.4829722e-16,2.6449164e-18,5.7924946e-19,6.4261124e-13,2.627513e-15,1.0,7.595623e-16,8.959326e-16,3.5900503e-18,3.731882e-17,1.23943806e-20,9.1190025e-17
227,227,228,10,1.0256116e-27,2.44226e-14,0.0,6.249641e-10,6.1993456e-15,4.434406e-18,2.2556177e-21,5.97588e-22,6.263304e-14,1.8451236e-20,1.0,4.2543919e-16,2.0942174e-18,1.8692534e-20,5.3167494e-19,1.6684864e-23,4.2684e-18
228,228,229,10,3.034195e-32,9.929138e-14,0.0,5.1132987e-09,3.2205212e-13,5.286563e-16,4.8555563e-23,7.9131994e-20,3.760906e-14,1.8978188e-15,1.0,6.379586e-16,1.8994327e-16,1.7036262e-18,9.665743e-17,4.3747357e-21,6.763909e-17
229,229,218,10,5.0001918e-26,1.8631049e-14,0.0,0.012453428,1.3267819e-12,1.0023135e-13,3.5717845e-19,6.850424e-19,6.30124e-14,8.2786565e-17,0.9875469,4.7022873e-13,1.0974961e-18,5.137607e-18,2.0827088e-15,2.9147735e-18,5.8016807e-16
230,230,231,10,1.5632821e-25,1.2488027e-11,0.0,2.977949e-10,9.836172e-10,4.0964947e-11,1.6111592e-18,3.9380215e-14,2.0867209e-11,2.379139e-20,1.0,4.0196717e-09,5.937992e-17,2.01703e-14,3.3938916e-15,4.9081327e-21,2.2672482e-12
231,231,232,10,6.301773e-24,7.7808754e-10,0.0,4.822944e-05,1.2495057e-07,3.9298959e-10,2.2574744e-16,8.062231e-12,9.0295205e-10,2.3813295e-18,0.9999504,3.0977043e-07,2.0803741e-15,9.869464e-12,3.1917482e-14,4.0894204e-19,4.327621e-10
232,232,1396,3,2.4590175e-21,1.4997743e-09,0.0,0.9999923,4.950061e-07,2.0897171e-10,6.022351e-17,2.5660463e-10,4.1607414e-08,3.387229e-16,4.5850506e-06,2.9973871e-06,3.0235844e-12,1.1162858e-10,3.8273425e-15,7.1070935e-16,1.1854658e-07
233,233,234,10,3.0264824e-26,1.3050571e-15,0.0,5.3577687e-10,3.1050715e-13,2.943357e-13,1.6027653e-20,7.0065894e-20,6.1982293e-13,1.0968671e-20,1.0,4.786333e-13,8.520586e-18,4.6194987e-20,1.9625745e-19,3.5321928e-19,3.6806857e-18
234,234,235,10,3.1801845e-25,3.002927e-13,0.0,8.126889e-12,2.0111942e-11,5.634149e-10,7.1388235e-18,7.8668537e-19,3.6277306e-10,5.942065e-19,1.0,1.05411214e-10,4.5733613e-15,9.942142e-17,1.4680647e-16,1.3530445e-14,1.10082814e-13
235,235,230,10,6.208985e-28,9.736329e-14,0.0,1.0355229e-11,1.0899441e-11,1.1889772e-12,1.0793476e-19,2.7514441e-17,1.7323422e-12,1.6932637e-21,1.0,1.0648743e-11,1.3884465e-16,9.394597e-16,1.2128368e-16,8.221461e-20,6.530207e-14
236,236,237,7,2.0447334e-22,7.9571766e-14,0.0,2.5702164e-05,2.953448e-08,2.5180866e-09,5.78058e-17,0.99997336,4.0461315e-17,1.8393287e-17,9.122215e-22,1.3971603e-08,6.8494447e-15,8.3528795e-11,4.831024e-14,4.3189307e-17,3.1750319e-18
237,237,238,7,6.4209364e-26,7.965434e-15,0.0,8.455013e-12,5.2701537e-08,1.0055766e-09,1.2081684e-16,0.9999923,3.094417e-17,5.4512294e-18,1.0089853e-23,6.386655e-06,1.1997506e-15,7.2481924e-13,3.2815767e-15,6.8351246e-20,1.5582753e-17
238,238,573,7,5.571999e-31,4.492347e-10,0.0,1.9415286e-14,0.002768203,4.47676e-11,1.9844598e-11,0.7756728,2.9138015e-14,6.85767e-18,1.6914303e-21,0.22155933,7.7489105e-11,1.2606834e-10,1.0205175e-14,3.3098336e-18,7.3531804e-14
239,239,240,3,5.334803e-29,4.5499473e-19,0.0,1.0,9.88987e-16,3.9525386e-17,4.4131632e-24,1.0029603e-16,6.6963744e-21,4.7677278e-24,7.7476565e-14,1.859293e-17,1.4234438e-18,1.08243175e-19,1.3941637e-22,3.0450044e-23,2.4471985e-21
240,240,241,3,1.5351717e-30,3.2119804e-18,0.0,1.0,1.9518646e-15,4.4620356e-16,7.1920163e-25,3.492429e-18,4.22495e-19,2.8386996e-23,5.326591e-13,3.1117026e-15,7.838501e-15,2.0170109e-18,2.1429051e-20,3.5189002e-22,6.0630535e-19
241,241,245,3,1.0562634e-29,4.4323698e-21,0.0,1.0,3.9763426e-17,3.5412607e-18,1.9303368e-25,3.4347607e-16,5.2712444e-21,6.466192e-25,1.9596459e-15,2.9515422e-17,6.785647e-16,1.8579934e-19,3.7238801e-22,8.8652875e-24,9.495456e-21
242,242,243,3,1.9311092e-26,1.0267124e-18,0.0,1.0,1.6326873e-14,1.22690994e-14,7.37727e-26,1.0999793e-07,6.5343952e-21,7.259199e-22,2.8843746e-13,4.469365e-14,5.4903203e-17,6.0211767e-18,2.3742667e-23,9.792571e-22,4.9663504e-20
243,243,244,3,1.0149829e-26,4.56872e-16,0.0,1.0,4.856602e-12,4.3206514e-14,5.1321293e-23,3.0854977e-07,1.1916156e-19,1.5882487e-21,1.8650356e-14,3.6795615e-11,7.068857e-17,1.7932286e-17,1.1956343e-22,1.0613361e-22,3.443907e-15
244,244,236,3,1.554015e-22,5.256923e-15,0.0,0.99993134,3.6894885e-09,4.2476864e-12,4.343182e-18,6.922663e-05,3.4258458e-18,3.912243e-19,1.2716761e-18,9.9443336e-11,9.528027e-16,6.779033e-13,3.1138265e-16,9.418551e-19,2.5193867e-14
245,245,246,3,3.6442702e-29,1.1996553e-21,0.0,1.0,8.250594e-18,8.852507e-18,1.0363612e-25,4.0933754e-16,7.9597595e-21,9.828971e-25,5.215516e-15,1.1969881e-17,1.5482456e-15,5.8917764e-19,1.0492645e-20,1.2760706e-23,5.1589276e-21
246,246,247,3,5.2420127e-27,2.743162e-19,0.0,1.0,2.4720408e-16,5.797082e-15,1.0818929e-23,2.7246755e-16,6.7957946e-18,5.312058e-22,1.2316709e-12,1.8440193e-12,6.1612506e-14,3.136667e-17,4.5422126e-19,1.9072684e-22,1.5477613e-15
247,247,242,3,2.1691853e-25,1.0068184e-20,0.0,1.0,2.2253938e-16,7.174789e-15,8.373489e-26,4.7067622e-14,1.2022948e-20,1.3023223e-22,1.0491395e-14,2.3287356e-15,9.6847874e-17,8.2517936e-17,2.8797233e-21,2.0678982e-21,9.558446e-19
248,248,249,7,1.622622e-22,2.8780973e-14,0.0,5.895505e-05,1.3363716e-09,8.020031e-10,7.4100137e-19,0.9999427,4.4999975e-17,3.8307545e-18,6.721346e-23,3.0522596e-09,1.2812957e-14,1.0072066e-12,4.0491754e-16,6.182781e-18,1.5140002e-18
249,249,250,7,5.7096604e-25,3.7485646e-15,0.0,5.3149737e-08,5.8691246e-10,1.574943e-09,5.336887e-19,1.0,4.0046566e-17,5.4871745e-19,1.9818377e-23,1.4078614e-07,2.6744242e-15,9.434434e-14,8.6244484e-17,2.5211397e-19,1.7707278e-18
250,250,587,7,3.0732748e-26,1.05827246e-13,0.0,0.011371788,6.702658e-07,7.5473816e-10,4.8398526e-17,0.98826665,5.7613898e-15,3.5023833e-17,1.686833e-17,0.00036196964,3.9291747e-11,5.285484e-12,8.7916027e-16,1.1579809e-17,9.23736e-13
251,251,252,3,2.5685398e-28,1.9985797e-14,0.0,0.9999962,2.0841718e-14,1.763578e-15,1.3515245e-19,3.9942755e-20,3.5588965e-16,8.0429065e-20,3.4052805e-06,3.961477e-16,8.1727786e-19,5.953341e-19,1.1689828e-18,5.3353366e-20,1.0246738e-18
252,252,253,3,2.0105315e-29,2.9995039e-13,0.0,1.0,1.2775809e-15,4.9270223e-14,2.100234e-18,4.6303513e-19,1.0500633e-16,8.1190465e-20,1.7779113e-08,9.725522e-15,2.5106143e-17,8.426114e-16,6.292334e-16,1.0957094e-19,4.8175908e-21
253,253,257,3,5.031194e-31,6.512031e-19,0.0,1.0,1.0746978e-17,6.552202e-18,1.8589265e-22,5.522095e-19,6.128178e-21,1.4757404e-23,7.293266e-12,8.544802e-18,1.2284435e-18,8.930753e-19,1.4517561e-19,2.4879728e-23,8.7791384e-23
254,254,255,3,7.251155e-27,2.821123e-17,0.0,1.0,4.416773e-14,2.1816787e-14,2.6490166e-25,1.3581274e-07,3.7908902e-20,1.3850794e-20,2.9527897e-11,2.6112383e-13,2.5113913e-16,3.9937616e-18,7.2447547e-23,1.4147533e-21,1.1768615e-19
255,255,256,3,7.003942e-28,2.7263389e-16,0.0,1.0,2.1383737e-12,2.0735388e-13,3.2185954e-23,6.5847127e-07,5.436127e-20,2.1841786e-20,3.3094884e-13,8.743631e-11,7.1213647e-17,1.750553e-17,1.4645196e-22,2.3787827e-22,6.841135e-17
256,256,248,3,1.785762e-23,9.876486e-16,0.0,0.99921066,1.10744254e-10,1.3053429e-12,1.1118821e-19,0.0007893066,4.571468e-19,1.00874876e-19,4.71577e-20,4.279583e-11,1.1826289e-15,1.13594055e-14,4.401559e-18,7.984549e-20,2.2334136e-16
257,257,258,3,6.3800266e-30,6.2240894e-21,0.0,1.0,5.057011e-18,1.9190744e-17,4.8366923e-26,1.1993689e-18,1.0552131e-20,3.2332764e-23,2.0394487e-10,1.1254019e-17,4.930514e-16,3.215546e-19,1.079047e-19,4.488172e-23,1.167177e-20
258,258,259,3,2.2662626e-27,1.3855405e-18,0.0,1.0,8.41169e-17,1.781531e-14,1.1451335e-22,3.6168016e-17,2.3641132e-19,5.106471e-22,6.946631e-12,2.810311e-14,1.9924575e-16,3.648481e-16,1.2785108e-17,1.0902208e-22,4.113482e-20
259,259,254,3,1.219567e-26,1.3269057e-20,0.0,1.0,1.9606244e-16,1.7012648e-15,9.020462e-26,9.592299e-13,1.4393256e-21,1.25231085e-23,1.0356087e-13,1.016969e-15,2.0241338e-17,1.465926e-17,6.038577e-22,1.8971096e-22,4.702905e-21
260,260,261,2,3.3604445e-32,7.3670374e-25,1.0,6.9125e-41,2.7262799e-21,2.762933e-22,5.707455e-27,1.2774519e-26,1.6526085e-20,5.3883783e-33,8.7626703e-32,2.108346e-21,2.5809067e-27,6.657021e-22,7.306257e-23,4.7314252e-29,8.65908e-28
261,261,262,2,2.8087812e-27,6.600056e-21,1.0,2.1841012e-37,1.0242562e-17,6.443386e-19,2.5490922e-23,3.7139193e-23,5.018294e-16,1.1418578e-29,5.4044874e-29,6.7621254e-18,3.2170596e-24,5.9260155e-19,1.5098525e-19,9.010114e-25,1.20776774e-23
262,262,1366,2,2.2385016e-27,4.029018e-18,1.0,6.4295624e-34,3.9860338e-16,1.4253192e-17,5.8259703e-22,5.2707995e-22,8.057207e-15,5.2616056e-27,1.8621104e-25,4.762512e-16,2.939893e-22,1.0025882e-18,8.326827e-18,1.5425627e-22,4.1798834e-21
263,263,264,2,3.1495842e-37,1.3226408e-27,1.0,6.7e-44,1.7544861e-22,6.237057e-24,1.028899e-28,3.5459064e-28,2.5216745e-22,2.8382414e-33,5.7934005e-34,6.795775e-24,1.2620822e-27,9.300919e-24,5.824803e-26,1.2421865e-30,2.730712e-30
264,264,265,2,4.6551234e-36,5.462469e-26,1.0,1.06e-43,9.757037e-22,4.1236877e-23,3.4343992e-28,7.065209e-27,3.3631179e-21,4.9693877e-33,2.148579e-34,8.217153e-23,4.018424e-27,1.089111e-22,3.9549512e-25,5.013802e-29,2.1935787e-29
265,265,260,2,5.4025495e-29,2.8711553e-22,1.0,7.6598e-41,9.176572e-19,1.4903395e-19,3.555178e-24,7.1549684e-24,8.517762e-17,1.575527e-30,1.9266369e-32,1.8683207e-19,6.531145e-24,1.7470497e-18,9.570623e-21,1.3080908e-25,2.8121506e-25
266,266,267,10,9.467562e-30,1.278754e-18,0.0,8.650856e-10,2.4438292e-15,4.1665973e-18,8.50055e-19,9.931124e-22,9.138225e-17,4.221823e-20,1.0,9.361113e-16,3.411079e-21,2.7613793e-18,1.001699e-15,3.54659e-24,3.8039604e-18
267,267,268,10,3.1554545e-21,3.7352344e-14,0.0,0.008619543,7.0498676e-11,2.812405e-12,4.818537e-10,1.1444736e-15,9.573217e-13,1.5598223e-16,0.99138176,4.0287227e-12,7.8512344e-19,4.5189705e-10,6.304036e-08,3.3412148e-20,1.6682386e-15
268,268,620,3,5.0156884e-17,5.945782e-12,0.0,0.9999543,7.497918e-08,1.3691166e-10,2.9252189e-05,2.4213578e-12,4.2206202e-10,7.3133586e-18,1.9988317e-06,3.884522e-12,1.3574582e-16,1.0523871e-05,2.11983e-06,1.5180789e-16,8.1271786e-17
269,269,270,2,1.7901132e-38,2.2633833e-29,1.0,4.421e-42,3.6618083e-25,4.268889e-25,5.547415e-32,2.641783e-31,3.0309683e-24,3.049612e-35,3.2677855e-30,6.645336e-26,1.1314083e-29,2.24621e-26,3.2201606e-27,1.0984395e-31,2.866566e-32
270,270,271,2,2.4188898e-37,1.2170389e-26,1.0,2.6057e-41,1.2546006e-24,1.5220331e-24,3.1044936e-30,1.0671535e-30,3.565092e-24,9.094055e-33,1.2595457e-30,6.5981795e-25,1.5969176e-29,1.0880587e-25,2.676605e-25,1.3266907e-31,1.9742849e-30
271,271,272,2,1.7706986e-35,4.7337457e-25,1.0,1.118e-39,1.3294723e-23,5.7382677e-24,1.3542276e-28,1.08118826e-29,1.7861094e-23,1.5086803e-31,1.996782e-28,3.523638e-24,1.5890007e-28,3.1989481e-24,3.7892508e-23,2.587822e-31,8.24262e-29
272,272,273,2,5.8649764e-35,5.433457e-26,1.0,1.779981e-38,1.0117179e-23,2.2340189e-23,8.904068e-30,8.952634e-30,1.04774745e-22,3.5875056e-32,2.5053335e-24,1.4936081e-24,1.339018e-27,1.1981038e-23,7.894404e-23,1.2302086e-30,2.7335795e-29
273,273,274,14,5.4840255e-15,4.1250923e-06,1.8799372e-05,1.1744091e-18,5.9066814e-09,3.7754053e-05,6.1150185e-10,1.2498369e-11,1.3448476e-06,3.2080102e-12,4.0663117e-08,5.263684e-08,4.9101777e-12,9.404725e-05,0.9998436,1.0650312e-14,1.4792778e-11
274,274,275,14,7.526573e-16,2.8307654e-06,0.2717679,3.303865e-19,3.269493e-08,2.8414126e-05,1.4955802e-10,1.808802e-11,5.3332383e-06,2.8405572e-12,1.0699045e-08,5.303632e-08,7.1310104e-11,1.7075023e-05,0.72817695,5.653065e-13,2.1673006e-09
275,275,276,2,6.1221315e-27,3.075928e-17,1.0,5.0524876e-30,2.1867842e-16,8.5358845e-16,2.0816608e-22,1.0464818e-21,9.962539e-15,5.312985e-24,2.1589733e-14,4.491286e-17,3.3910763e-19,1.0287997e-15,3.1737988e-13,7.5332954e-23,2.6789014e-19
276,276,277,14,2.4219428e-17,1.9030397e-06,6.16485e-28,1.4663958e-17,9.899293e-11,7.726703e-06,1.0270283e-13,3.1778772e-12,8.2868826e-07,4.314216e-12,2.4224926e-06,1.1498873e-07,1.2560367e-10,1.3521521e-06,0.99998474,8.0210274e-13,1.640008e-08
277,277,266,10,4.490734e-26,4.261427e-15,0.0,7.407422e-13,1.7612367e-13,2.5138943e-15,7.38077e-16,4.6660063e-20,9.1386046e-14,1.0501069e-17,1.0,2.3550698e-13,9.535171e-20,2.435162e-14,2.212564e-10,5.4119603e-20,3.1287903e-14
278,278,279,10,1.0713779e-25,2.4383376e-13,1.348e-42,1.2425708e-22,3.3249008e-13,2.1295333e-12,1.7708677e-20,6.927414e-21,1.137634e-10,7.5471926e-22,1.0,1.4210705e-14,1.5420093e-15,1.1153211e-15,3.7032711e-13,5.0834065e-20,1.6135218e-17
279,279,280,10,5.9111805e-27,5.9647366e-13,0.0,1.0836181e-18,2.68581e-14,1.8441644e-15,6.731909e-18,5.463129e-21,4.0021805e-14,2.6760679e-22,1.0,1.6471668e-13,2.3514786e-17,1.0355326e-15,2.3602848e-14,1.5769043e-22,1.4944463e-16
280,280,599,10,1.5015996e-25,5.7103515e-12,0.0,2.2174e-11,9.503264e-10,2.5007059e-14,2.2942593e-15,6.5361636e-14,1.4102706e-13,1.2570615e-19,1.0,6.5831482e-09,4.7741535e-16,1.8647072e-15,7.4451477e-19,9.242045e-21,1.0705581e-15
281,281,282,2,6.579985e-39,5.618149e-29,1.0,6.4803e-41,2.315313e-25,9.90693e-25,2.2166586e-31,1.1275687e-30,9.390259e-24,3.8396602e-35,3.027446e-30,1.4630262e-25,4.2097075e-30,3.724597e-26,1.27005666e-26,1.6321066e-31,2.4909148e-32
282,282,283,2,4.533268e-39,1.0019068e-27,1.0,3.08702e-40,8.953853e-25,5.89311e-24,1.5979885e-31,5.4155675e-30,5.898848e-23,9.439342e-34,4.3139274e-31,9.187121e-25,1.4140091e-28,1.1576317e-25,3.5737756e-26,5.8551332e-30,8.15504e-31
283,283,284,2,4.5664738e-38,3.8025484e-28,1.0,8.4631e-41,3.1300458e-24,3.3106315e-24,1.0169263e-30,2.687105e-30,5.587731e-23,1.4889991e-33,1.4370797e-31,2.605203e-25,8.783237e-28,2.7141546e-25,3.920642e-25,2.1762997e-30,1.464223e-30
284,284,285,2,1.2497059e-37,1.1700336e-29,1.0,1.101e-42,2.5472344e-24,4.2460547e-25,1.0946964e-30,3.9588633e-31,1.0684486e-23,1.730612e-34,1.866636e-30,4.7530866e-26,3.6473456e-28,1.2334401e-25,5.853894e-26,1.8252248e-31,3.4678985e-31
285,285,286,2,2.2475774e-37,2.4622942e-28,1.0,3.8e-44,3.4274172e-24,3.2056177e-24,3.0879247e-29,7.2752446e-31,1.7266059e-23,2.2891155e-33,9.3656084e-32,4.066075e-25,8.060996e-28,5.35455e-25,1.4518244e-24,1.26568185e-30,9.656608e-31
286,286,287,2,4.7026514e-37,7.183615e-28,1.0,4.54e-43,1.7304831e-23,9.087435e-25,2.40833e-29,3.0020307e-30,1.086986e-22,1.31053285e-33,1.3822068e-29,1.8517117e-25,5.3842854e-27,1.2158615e-24,3.1940076e-25,1.2879401e-30,1.2615074e-30
287,287,288,2,9.993236e-34,3.68049e-25,1.0,2.355934e-38,1.5016666e-20,3.9433117e-22,1.200297e-27,8.5320555e-28,1.3722527e-19,2.0819608e-31,2.705878e-22,7.6467336e-23,2.0803568e-24,2.5671957e-22,1.5028965e-23,4.3653013e-28,9.933442e-28
288,288,289,2,7.7043914e-29,8.564746e-17,1.0,1.7928696e-28,3.1688534e-15,3.89847e-15,8.305092e-19,1.7280648e-20,1.373789e-13,4.014632e-23,5.066325e-15,1.2212598e-14,3.2489762e-17,9.139908e-15,8.12914e-15,2.5287368e-21,3.615708e-19
289,289,278,10,2.2024913e-22,2.579247e-09,3.0150253e-13,1.0963358e-20,8.5659934e-08,4.5219046e-09,7.643819e-15,4.4912393e-15,6.174731e-07,3.894035e-18,1.0,1.15727844e-10,4.989864e-11,5.771042e-09,2.6110672e-07,2.0242761e-14,5.400984e-14
290,290,291,10,6.151018e-27,5.3085723e-15,0.0,0.0022495803,1.2538578e-11,1.0943999e-15,5.04504e-20,6.3802667e-16,4.2116649e-16,4.1496387e-19,0.9977519,1.2490021e-12,5.1687845e-18,3.2229087e-15,3.0246544e-14,1.2813352e-21,7.6160276e-14
291,291,292,3,1.18657454e-29,3.4427233e-16,0.0,0.9993517,2.4657665e-10,6.151363e-14,1.3476213e-20,5.457334e-15,7.733947e-16,4.904907e-16,0.00064997457,3.4428992e-13,5.956135e-19,1.002227e-14,9.372592e-14,6.83616e-22,5.171083e-14
292,292,576,3,8.9937114e-30,1.864439e-13,0.0,0.9999695,2.8787912e-05,3.5702752e-10,3.5722907e-18,2.2050135e-07,8.2368765e-12,4.4501937e-13,3.305519e-10,8.5818147e-10,1.05180435e-14,8.7740455e-09,9.526329e-14,4.780636e-18,5.7572214e-13
293,293,294,2,1.427435e-39,7.26865e-29,1.0,2.189722e-39,1.7937628e-24,1.6168864e-24,1.7974424e-30,1.3360005e-30,1.9769523e-23,1.6249659e-34,3.382031e-28,1.2121607e-25,6.363838e-30,2.7140806e-26,7.9305826e-26,5.5146093e-31,3.3550137e-32
294,294,295,2,3.594218e-39,1.1323211e-26,1.0,7.629314e-37,3.5735068e-24,1.47412e-23,3.2104293e-30,3.7988908e-30,2.3552521e-22,8.981252e-33,5.4449935e-26,3.6772503e-24,2.696831e-29,3.006621e-26,1.0755594e-24,2.9595502e-30,9.7131764e-30
295,295,296,2,5.3231417e-34,2.1694877e-21,1.0,9.0773084e-27,6.838123e-20,1.1559672e-19,8.0818183e-26,6.7291604e-26,1.1858578e-17,2.2383308e-27,1.1354981e-15,7.579572e-20,3.1546672e-24,7.676754e-22,4.9623004e-19,1.237767e-25,1.7722773e-23
296,296,297,2,1.4489162e-29,2.7779792e-17,1.0,1.051895e-17,8.664325e-15,2.979835e-14,1.7308942e-21,1.7852333e-20,4.922807e-13,3.0914258e-21,7.861126e-07,8.101526e-15,1.1388545e-17,1.747678e-16,2.2552268e-13,3.4217806e-20,8.414445e-18
297,297,298,10,1.5304159e-25,1.3258289e-11,1.504657e-16,1.7242158e-09,5.9237115e-11,3.6734665e-08,1.1466356e-17,2.1619611e-14,3.2036527e-07,2.646962e-13,1.0,7.4502466e-08,1.5839617e-10,9.359199e-13,1.4164642e-07,3.1867616e-13,2.2428386e-09
298,298,299,10,1.4957603e-28,1.0908113e-15,2.0881129e-35,3.4319048e-09,6.570687e-14,1.5370601e-13,7.856915e-22,5.0366035e-18,9.620778e-12,2.3685127e-16,1.0,1.0333605e-11,2.700372e-14,1.5850018e-17,2.289846e-13,1.7186009e-17,5.2611036e-12
299,299,300,10,1.4815846e-30,1.6530766e-18,0.0,7.897273e-10,1.5406336e-15,4.2580243e-18,6.1084e-24,5.6114895e-21,1.2536011e-16,1.2706281e-19,1.0,3.8675715e-15,2.7627372e-19,8.2452685e-20,1.1970698e-18,4.3486753e-23,1.9845683e-16
300,300,301,10,4.226359e-31,8.774344e-17,0.0,5.092409e-10,3.4662174e-13,7.516842e-17,4.2095177e-21,6.577865e-20,2.4486313e-14,9.4506285e-17,1.0,1.1468727e-12,6.4111965e-18,2.2955426e-18,2.631993e-18,7.649893e-21,2.7780642e-13
301,301,290,10,1.00957135e-29,4.7091975e-17,0.0,7.915717e-06,3.9977884e-13,1.401991e-17,2.7390602e-21,1.1175979e-18,8.2100696e-16,1.6449997e-18,0.9999923,4.7726193e-14,4.6307246e-18,3.371037e-17,6.292163e-17,2.1439017e-21,1.1949125e-13
302,302,303,10,1.8909997e-27,2.1790045e-18,0.0,9.391669e-10,6.597424e-14,1.915403e-17,1.4802879e-19,4.6196748e-20,4.522457e-16,4.2723515e-21,1.0,1.2637526e-14,2.3746869e-20,1.2886797e-19,1.1197791e-17,6.3788295e-24,2.1783894e-18
303,303,304,10,5.320994e-25,4.9771305e-17,0.0,0.00019425643,1.1563748e-12,6.540575e-15,1.1134107e-18,6.656403e-17,4.929212e-14,9.301333e-19,0.9998054,3.8299098e-13,2.5186994e-18,5.483871e-18,3.9342753e-14,1.5592649e-21,6.9398064e-17
304,304,1397,3,1.226524e-25,4.1331137e-19,0.0,1.0,5.930087e-11,4.2094228e-13,7.0365426e-18,2.7393654e-12,8.175855e-14,8.7814625e-20,4.215419e-12,2.139832e-14,6.449463e-18,3.6963816e-14,9.814905e-13,7.51935e-21,3.1340221e-18
305,305,306,2,6.101577e-39,6.0765214e-29,1.0,3.94824e-40,6.694216e-25,6.32144e-25,1.1894194e-31,5.979342e-31,3.092282e-24,5.2457916e-35,2.239927e-28,9.541618e-26,2.4878975e-30,1.571113e-26,2.6166743e-27,4.35377e-31,3.5522625e-32
306,306,307,2,3.8939676e-37,1.2343115e-24,1.0,6.083806e-36,2.2964388e-23,1.357542e-22,2.5846874e-29,5.8467664e-29,1.3155943e-22,1.8841121e-31,4.6254095e-26,4.8086995e-23,1.2024223e-29,4.869723e-25,1.4340456e-24,2.3915211e-29,3.8934488e-29
307,307,308,2,8.912875e-36,2.728816e-23,1.0,1.00544155e-33,1.6994557e-22,2.1796484e-22,1.2879764e-27,7.98372e-29,8.532928e-22,6.609423e-30,7.63907e-22,1.2348495e-22,1.9046163e-28,1.1245701e-23,3.0872638e-22,4.9162266e-29,5.718788e-27
308,308,309,2,9.0484865e-32,7.81507e-21,1.0,1.2411606e-27,1.2173224e-18,9.578376e-19,7.615984e-25,4.3749605e-25,1.693784e-17,3.914033e-27,1.2130267e-12,4.666169e-19,6.229855e-23,2.698656e-19,2.9607877e-18,1.9093402e-25,8.81817e-24
309,309,310,10,3.8337947e-26,2.051871e-11,6.67836e-30,1.1124152e-14,1.2269159e-12,2.4236876e-11,3.891782e-16,4.8680687e-18,4.4899976e-11,1.0587427e-17,1.0,1.3053293e-10,6.3801665e-17,3.7600847e-12,2.20655e-10,3.200201e-19,3.399252e-17
310,310,311,10,8.682167e-28,2.2702707e-14,0.0,4.2310332e-14,1.1965911e-13,2.8983437e-13,2.0142812e-18,3.9361018e-20,9.286915e-13,9.201118e-17,1.0,1.3729724e-12,1.040497e-17,4.9253094e-15,4.9643514e-13,5.774687e-20,4.7055704e-17
311,311,312,10,1.7740788e-28,2.7674774e-16,0.0,4.868464e-16,4.5564633e-14,2.456399e-16,7.604388e-21,7.393541e-22,2.5435042e-14,3.141214e-19,1.0,3.048511e-14,1.44152e-18,4.4825903e-17,5.903304e-16,6.468592e-23,1.411554e-17
312,312,313,10,1.6110588e-28,3.6080275e-15,0.0,2.2244508e-13,1.1352898e-12,1.2044778e-12,2.5069773e-17,8.504564e-21,8.1735985e-13,3.0026837e-15,1.0,2.9436841e-12,5.1591105e-19,5.3294254e-17,5.5502304e-17,5.250559e-19,2.1325032e-17
313,313,302,10,1.4539561e-27,7.534206e-18,0.0,3.4620192e-11,2.4632385e-13,6.436001e-16,9.22367e-19,8.907403e-21,2.5379443e-15,1.5737587e-18,1.0,4.1729278e-14,1.3955805e-20,1.5225191e-19,9.65814e-19,7.044263e-22,3.7433004e-18
314,314,315,2,1.0700455e-34,9.452929e-26,1.0,1.0263926e-38,4.514358e-23,8.254819e-24,8.493274e-30,2.14811e-28,8.1209603e-22,5.1424287e-34,7.805504e-29,1.7677806e-23,9.08492e-29,1.890311e-23,9.892731e-25,1.2663772e-30,2.3465895e-29
315,315,316,2,1.1917383e-34,5.0316148e-24,1.0,1.9778906e-35,1.5675122e-22,1.4246796e-22,1.8035845e-28,2.2764434e-27,4.062814e-20,4.0049754e-33,3.2054922e-26,2.7925815e-22,2.0719505e-27,3.556918e-22,8.565504e-23,3.0967482e-29,5.3489863e-29
316,316,1372,2,5.7975833e-25,4.71e-12,1.0,1.3568607e-19,1.1427866e-13,2.610432e-13,4.8475524e-19,1.1492494e-18,2.3371438e-09,2.8416685e-23,2.232728e-12,1.5322078e-12,2.802898e-17,7.5223074e-13,2.0311003e-12,2.654396e-19,2.1573174e-19
317,317,318,2,1.8082419e-35,1.0167611e-27,1.0,3.0056e-41,3.6278746e-22,8.9782445e-24,2.1834937e-29,2.4467408e-29,1.8395917e-21,4.569829e-34,6.427173e-30,3.1925597e-24,2.2103735e-26,7.486567e-24,3.422762e-26,9.359117e-30,1.0903786e-30
318,318,319,2,9.007212e-36,2.3338257e-27,1.0,5.9733e-41,3.9086395e-23,1.093064e-24,4.589089e-30,5.1663485e-30,4.6919897e-22,7.967996e-35,2.100846e-30,1.0774895e-24,1.6305042e-27,9.540058e-25,1.6338362e-26,8.6488e-31,1.5106794e-30
319,319,314,2,4.238215e-36,9.880727e-27,1.0,8.59289e-40,9.2776724e-24,1.4575735e-24,1.8353704e-30,1.5057036e-29,2.6182286e-22,5.4884067e-35,7.4242606e-30,1.4034575e-24,1.0380848e-28,2.9787003e-24,1.0406278e-25,4.7949054e-31,3.174165e-30
320,320,321,2,2.808509e-30,1.9391223e-22,1.0,1.8661479e-34,1.09938055e-20,4.462892e-21,2.407642e-28,6.862039e-26,1.4117093e-18,9.623102e-32,1.7984296e-23,2.3580413e-20,2.4806813e-26,5.606098e-21,2.938682e-22,2.390739e-27,2.7526808e-26
321,321,322,2,2.9086846e-27,5.3743814e-17,1.0,1.9084955e-25,1.0035337e-17,8.079728e-17,8.50069e-24,2.4949406e-22,5.30794e-13,4.2138754e-27,1.5617038e-16,1.6818799e-16,2.872188e-20,2.6403827e-16,3.608452e-16,6.5202705e-23,2.818975e-22
322,322,1375,10,3.6797133e-20,2.2074553e-06,0.0,0.011345573,1.9909817e-10,4.8955247e-08,1.0896015e-14,7.653681e-15,0.00080149167,2.0410264e-12,0.9878521,1.6427192e-08,2.1557828e-08,7.583635e-09,1.3140737e-08,8.0071794e-13,1.154853e-10
323,323,324,2,1.2113224e-35,6.0440434e-28,1.0,1.8655e-41,5.164692e-23,8.325467e-24,1.2121212e-29,2.996196e-30,1.0892902e-21,5.9004324e-35,1.5164894e-28,2.1805944e-24,1.2163137e-28,1.1592187e-24,2.2412967e-26,2.6001032e-30,1.6601624e-31
324,324,325,2,7.050181e-36,2.8981846e-27,1.0,3.974e-42,8.4489646e-24,1.3715429e-24,7.72298e-31,4.8403716e-31,2.8565378e-22,4.6493582e-35,2.2374214e-31,5.7660215e-25,2.9749798e-29,8.109613e-26,1.3338544e-26,6.2831955e-31,1.0634103e-31
325,325,320,2,2.4006854e-32,4.8714906e-24,1.0,1.0630825e-37,1.4910366e-22,5.494204e-22,5.2262505e-30,5.2441898e-28,1.6392419e-19,2.7085373e-33,3.2395398e-28,5.064858e-22,4.133903e-26,1.6032408e-22,6.3895726e-23,3.9965456e-28,3.740569e-28
326,326,327,2,1.8379811e-33,1.3718777e-24,1.0,5.383678e-39,9.964897e-22,6.255267e-22,1.8900331e-27,1.3899446e-26,1.4588892e-20,2.2829336e-32,2.6519724e-30,1.0454044e-21,3.0933746e-27,9.585562e-22,4.0050127e-22,1.4501056e-28,1.0970181e-27
327,327,328,2,2.2641116e-34,3.0589517e-23,1.0,1.5602638e-37,2.5819387e-21,8.58543e-22,1.2806082e-27,3.0694553e-26,4.6821605e-20,7.498484e-32,3.2910682e-29,3.8664385e-21,2.5512272e-27,7.985485e-22,5.454318e-22,1.086125e-27,1.6794535e-27
328,328,1369,2,5.2587645e-24,1.4259381e-11,1.0,7.882055e-26,6.8475965e-13,5.365888e-14,1.4306725e-19,2.3293007e-18,2.199071e-10,6.890168e-23,2.242434e-19,5.4313796e-13,1.1953625e-19,5.6803883e-13,8.802384e-14,9.692059e-19,1.0286882e-18
329,329,330,2,2.4249794e-36,3.7707412e-28,1.0,7.8e-44,4.5219757e-23,5.0554333e-24,1.9295009e-29,5.296156e-29,5.9637647e-22,3.306904e-34,3.0972377e-33,2.1648467e-24,1.2185759e-27,5.0326127e-24,1.805142e-26,1.0689544e-30,9.160707e-31
330,330,331,2,3.2553976e-35,1.8381208e-26,1.0,1.26e-43,2.1631154e-22,2.9980015e-23,6.838901e-29,1.0352419e-27,6.4512987e-21,8.485938e-34,3.0428156e-34,2.5592254e-23,3.9542527e-27,3.5418734e-23,1.2065048e-25,4.968147e-29,1.1983743e-29
331,331,326,2,8.782595e-29,2.1245902e-21,1.0,8.65222e-40,9.462884e-19,2.1787218e-18,1.6090106e-24,1.3074337e-23,5.955417e-16,7.368115e-30,2.7045755e-31,2.2110137e-19,1.4719286e-23,7.092326e-18,1.3439156e-19,4.8634687e-24,1.2431858e-24
332,332,333,2,7.497485e-24,2.025308e-17,1.0,1.0532216e-29,1.7139346e-15,1.0448882e-17,2.068906e-23,2.6881294e-23,1.33825e-15,7.3250826e-26,3.0638095e-23,1.5000095e-16,8.322899e-23,1.3401548e-16,8.043099e-18,4.6446354e-23,1.7401233e-21
333,333,334,2,1.0384208e-29,1.3422132e-21,1.0,1.8444508e-32,6.96627e-19,1.7071507e-20,2.8923344e-25,1.7153257e-25,6.9611934e-20,2.0308902e-28,1.47071e-24,1.8583409e-19,1.3548653e-25,2.203184e-19,4.0628938e-19,5.206482e-26,6.4792533e-25
334,334,335,2,1.2164832e-24,1.05124975e-16,1.0,3.964709e-25,2.9501565e-14,1.8824174e-15,2.110399e-20,2.2943147e-20,9.489613e-16,4.7235404e-23,7.131393e-18,7.520797e-14,1.9297949e-22,1.0275724e-14,9.8221866e-14,4.2239445e-22,1.005349e-19
335,335,336,3,4.5721966e-13,2.3791808e-08,1.823694e-38,0.6155677,4.506948e-05,0.000107185944,2.4867248e-12,5.4155397e-10,8.808264e-06,2.4446333e-13,0.38421738,5.1409745e-05,7.729259e-16,2.311911e-06,1.7437635e-07,3.832403e-12,9.607534e-13
336,336,633,3,1.7543223e-18,5.814718e-13,0.0,0.99777853,8.1128976e-10,7.13232e-10,4.8503526e-16,7.709154e-14,1.522359e-08,1.2162555e-17,0.0022206171,1.0444616e-10,3.6083402e-17,1.1050945e-13,6.9049304e-15,1.3606323e-14,5.3112378e-18
337,337,338,2,1.772647e-18,8.453562e-12,1.0,3.1316208e-25,7.6333745e-11,1.4351331e-11,1.24743725e-17,1.8565705e-18,2.4249006e-10,6.8401773e-22,1.7597573e-19,2.8315914e-10,7.935877e-19,7.864186e-11,3.116114e-12,5.5299816e-18,1.725933e-17
338,338,339,2,2.4302073e-32,1.5448779e-21,1.0,1.3345495e-29,3.1986646e-18,1.9266947e-18,9.006991e-24,3.1418515e-25,8.912413e-18,1.9544892e-28,4.3259173e-19,2.2299197e-19,7.150852e-23,2.5151388e-17,5.252488e-17,1.4824274e-22,7.994029e-27
339,339,340,10,1.2701833e-25,2.5420178e-12,2.0472939e-14,1.964649e-12,7.032757e-11,1.5544446e-11,1.5391391e-18,7.3638683e-16,1.4050592e-09,1.1635685e-18,1.0,4.8667306e-11,1.2919216e-14,1.3166546e-13,3.881898e-13,6.6980336e-14,9.856377e-18
340,340,341,10,8.747568e-26,9.924158e-14,0.0,8.600055e-06,6.6706195e-15,3.127426e-13,2.159291e-21,1.2555339e-17,2.2696616e-13,6.077715e-18,0.99999046,1.3397544e-11,2.8159975e-15,1.6372611e-19,6.0065606e-19,1.248939e-14,1.9892275e-18
341,341,636,10,4.908924e-19,2.742233e-10,0.0,0.20954265,1.3690683e-12,1.6010581e-08,7.619358e-17,1.5682679e-12,1.512352e-07,1.52942e-15,0.79045576,1.1555869e-06,5.5900536e-08,7.7751844e-16,4.7578294e-15,4.4265165e-09,1.3239012e-14
342,342,343,10,7.587562e-26,2.1885662e-12,0.0,9.081139e-15,2.1958562e-14,5.924865e-11,2.42224e-16,4.563976e-19,7.748741e-09,2.5611323e-21,1.0,5.314728e-09,1.5288923e-11,8.8389647e-13,9.828559e-10,2.6494303e-18,2.0249074e-16
343,343,344,10,6.8526663e-28,3.721034e-14,0.0,1.8217579e-19,5.928218e-16,1.9030012e-12,1.0326947e-18,3.4202368e-22,1.3249971e-11,5.38594e-23,1.0,3.7716688e-13,1.8264514e-15,5.309441e-16,1.0460583e-14,2.7706408e-20,4.4543436e-18
344,344,345,10,8.139917e-28,3.854257e-15,0.0,4.6575614e-19,1.298631e-15,2.284868e-13,1.2197157e-19,5.6689115e-22,7.127213e-12,9.492408e-22,1.0,1.838446e-12,4.6146317e-15,7.772833e-18,7.2587505e-16,3.805653e-21,6.2367015e-16
345,345,346,10,2.1941334e-27,9.591192e-15,0.0,2.3902123e-14,3.4503355e-16,3.1064323e-14,3.9194576e-19,3.7973997e-22,3.0834943e-13,1.2027655e-23,1.0,2.5285507e-12,7.472584e-17,6.9371295e-18,3.1429806e-16,2.1220794e-21,7.171144e-17
346,346,639,10,2.987054e-23,2.673514e-09,0.0,0.03809408,8.939217e-09,1.0876495e-07,2.7122473e-12,2.894671e-12,1.3072186e-09,5.0757798e-17,0.961874,3.1053863e-05,4.9148814e-12,3.0689767e-10,1.6290564e-11,4.5095984e-12,8.0235677e-13
347,347,348,10,2.9062696e-25,2.8303962e-15,1e-45,7.6521526e-14,6.520019e-16,4.9036537e-16,3.1684742e-18,9.385367e-21,5.42607e-12,4.691197e-24,1.0,4.7545023e-14,4.5696115e-15,2.730669e-16,1.8016204e-14,2.1572996e-20,1.1673658e-17
348,348,349,10,1.460299e-26,5.950583e-15,0.0,1.0636926e-19,3.5774217e-16,4.3339493e-17,1.531992e-19,1.4244189e-22,6.6685264e-13,2.1491776e-26,1.0,3.2950468e-16,3.4446805e-16,1.9664219e-16,3.5611102e-16,1.9208721e-21,2.303111e-19
349,349,350,10,2.3804922e-27,6.720502e-15,0.0,1.4205412e-19,3.3546827e-16,1.5436389e-16,5.3884755e-20,6.047219e-23,3.608836e-13,1.4394497e-24,1.0,2.2673573e-15,6.497277e-16,2.1960204e-17,4.1055107e-16,2.6184883e-22,1.7684738e-17
350,350,351,10,4.073203e-24,6.055291e-14,0.0,1.4939277e-12,5.135793e-15,9.134779e-16,1.209935e-16,4.1654125e-22,1.4089451e-13,3.8691494e-23,1.0,4.5685074e-14,1.8413927e-17,1.951668e-18,1.386319e-16,6.443969e-21,3.2366937e-16
351,351,642,3,6.546849e-20,3.1670354e-11,0.0,0.999939,2.9841354e-10,1.85393e-11,1.9299604e-11,3.530824e-16,1.1172038e-14,1.4468441e-15,6.171158e-05,8.025168e-11,1.0768194e-17,9.835473e-15,1.363725e-13,4.713401e-18,6.8710983e-12
352,352,353,10,4.929837e-16,0.008931915,0.0,1.4119661e-13,2.1463299e-08,3.313909e-06,5.152382e-12,2.735074e-12,0.017965425,4.8653546e-12,0.9730972,4.6012912e-07,5.488013e-11,1.8201554e-09,3.2762605e-15,7.1295647e-12,2.1644161e-10
353,353,354,10,1.672975e-21,2.9134353e-06,0.0,7.6102725e-15,1.0422929e-09,2.2624458e-11,2.6782146e-13,1.2744505e-16,1.350862e-08,8.221379e-17,0.9999962,8.648285e-13,2.8935656e-13,1.5839972e-11,1.955381e-16,4.920169e-13,2.967387e-13
354,354,355,10,1.7247628e-23,1.150004e-10,0.0,2.2755404e-12,1.0547833e-11,4.7573034e-15,1.03709364e-16,7.232092e-20,1.2193333e-13,3.1237067e-20,1.0,2.4738166e-14,1.3516818e-15,3.4186038e-16,2.9522388e-18,9.476662e-16,9.6062095e-14
355,355,356,10,8.2086754e-20,7.534449e-07,0.0,0.00011116488,2.738756e-07,6.742574e-11,2.1052075e-10,3.3396924e-16,2.277112e-12,2.0811521e-15,0.99988943,2.7001383e-12,2.9750656e-17,2.0329131e-13,1.13510946e-13,5.6701207e-15,7.262592e-11
356,356,1398,1,9.401838e-16,0.9883195,0.0,0.00037927,0.010495223,7.067603e-06,0.00079740206,9.720582e-09,1.4715237e-09,3.367214e-13,9.183342e-09,2.531667e-09,3.0025003e-15,9.956007e-07,4.746172e-08,7.892458e-13,3.03452e-09
357,357,358,10,1.1225505e-17,3.3161872e-05,0.0,5.3895164e-08,8.656781e-10,4.0723927e-10,2.6838691e-14,4.0839277e-14,0.0010822464,8.712174e-17,0.998883,1.1362957e-07,5.4565183e-09,1.250033e-10,5.93143e-16,3.829544e-17,3.1683148e-12
358,358,359,3,5.6223285e-22,2.8953715e-09,0.0,0.70617193,4.9997145e-11,1.2834335e-14,1.8431869e-15,1.0140032e-12,4.9613907e-12,6.148406e-22,0.2938299,1.819286e-11,2.8666376e-13,3.7764412e-13,3.7245855e-17,1.394102e-19,8.42538e-15
359,359,360,3,5.0413503e-26,3.4695393e-16,0.0,1.0,4.3897444e-15,2.363828e-16,2.0475043e-22,3.7302115e-12,9.678759e-19,3.7110444e-23,1.5568971e-09,3.032763e-15,4.416427e-18,9.259634e-18,1.8881292e-21,4.3255996e-21,8.9904296e-20
360,360,361,3,5.8515617e-22,1.9767974e-12,0.0,1.0,6.9937207e-12,5.6482635e-11,1.0280224e-16,2.836409e-13,2.941439e-16,1.1889178e-20,1.5849626e-13,5.3353504e-15,1.0290415e-18,1.0184818e-10,4.630186e-14,1.8394822e-18,1.415434e-20
361,361,628,3,1.2953294e-17,2.9396658e-09,0.0,1.0,5.20115e-08,8.2032745e-09,6.739863e-14,1.2207629e-12,1.0113118e-10,2.3584792e-15,4.0762854e-14,5.3172782e-11,1.2347724e-10,1.6299433e-06,1.08087705e-10,3.8830406e-12,1.0188265e-12
362,362,363,10,6.262102e-20,6.7537117e-06,4.8272345e-12,9.4105195e-09,1.1748861e-07,4.5710702e-10,1.6808243e-13,1.0097557e-15,0.00027963484,4.2559214e-14,0.99971396,7.8239815e-08,1.1839552e-09,4.869765e-08,3.182955e-08,1.234786e-11,5.4135868e-14
363,363,364,10,2.9161186e-26,1.5020457e-11,0.0,0.0016300825,8.6085896e-13,4.304114e-16,1.597037e-17,5.4645935e-19,4.6725217e-14,1.4093834e-20,0.9983687,4.599206e-13,2.1412088e-17,2.086686e-14,5.796618e-15,8.3605204e-21,1.085546e-18
364,364,365,10,2.2328313e-26,9.907193e-14,0.0,0.19911997,6.2522985e-14,3.568224e-15,3.0148995e-20,4.3338648e-18,5.796706e-15,8.941652e-21,0.8008801,1.3339374e-12,3.2611338e-16,1.4756677e-15,1.8904918e-15,2.3803178e-21,6.4828823e-19
365,365,366,3,3.381883e-24,3.1330752e-12,0.0,0.9998931,1.535097e-13,7.6704664e-13,4.365047e-15,5.215488e-18,3.247011e-14,2.4981728e-19,0.00010736477,3.2789914e-12,2.787065e-17,4.3029716e-13,1.8772217e-12,1.0283886e-21,1.03831523e-19
366,366,655,3,8.194732e-25,7.1014903e-14,0.0,1.0,7.2797575e-12,2.178388e-12,4.729613e-17,1.5673393e-14,5.329619e-13,1.3371801e-20,3.133046e-08,1.4970169e-12,3.8039992e-13,1.38848716e-11,6.9026917e-15,1.1627932e-16,4.4899697e-23
367,367,368,10,5.601201e-29,1.5524836e-18,0.0,1.907428e-15,5.339071e-17,2.6191928e-18,7.4725363e-22,8.100875e-23,1.2515179e-16,1.4384759e-27,1.0,8.3694723e-17,9.105367e-19,4.3186153e-18,1.4444941e-16,6.103482e-25,5.616886e-21
368,368,369,10,5.2552616e-29,3.1863156e-18,0.0,2.9881604e-11,1.7343742e-17,7.878209e-18,5.5909344e-21,2.3229515e-22,3.7474597e-17,4.4775628e-26,1.0,5.987738e-17,7.970372e-19,1.1967501e-18,2.2419583e-16,2.695006e-25,2.878603e-21
369,369,370,10,7.522827e-27,2.677821e-17,0.0,7.81207e-07,8.142105e-17,6.7572556e-17,1.5759558e-20,3.0013459e-21,5.0875466e-17,1.5494496e-24,1.0,3.2631997e-16,3.000734e-17,1.89988e-18,1.0284858e-15,6.894844e-24,4.3460787e-20
370,370,371,3,8.369219e-24,1.4974252e-16,0.0,0.9999675,1.3249602e-17,5.593853e-15,1.7692084e-18,5.484284e-20,7.117346e-17,4.6935447e-23,3.2402517e-05,2.690568e-14,5.9615734e-17,1.1487892e-18,6.2114184e-15,8.2930454e-23,2.7999136e-19
371,371,658,3,2.2129005e-22,1.1834323e-15,0.0,1.0,1.0526421e-16,2.5999185e-12,1.1648131e-16,6.036678e-18,1.0551956e-15,6.1510804e-22,8.3750465e-13,5.6250816e-12,2.6228336e-17,5.776899e-17,1.4901548e-15,1.0167105e-20,2.8446025e-19
372,372,373,10,1.5572322e-21,8.396003e-12,0.42415252,1.9068959e-16,8.4125545e-10,7.073846e-10,9.9761e-18,1.7223484e-17,1.4072485e-08,3.6610253e-18,0.5758465,3.1083427e-09,1.316288e-13,3.4512e-11,1.7281525e-10,1.6130295e-17,2.6603746e-13
373,373,374,10,2.7885283e-20,3.156315e-10,1.1830031e-08,1.3817836e-16,1.2336189e-10,1.949655e-07,9.264237e-16,4.7309305e-17,1.102e-06,9.069744e-16,1.0,7.5102264e-08,1.6636908e-12,1.6068079e-10,9.096115e-08,2.3658038e-16,1.239179e-11
374,374,1381,10,1.2777788e-18,1.6076303e-09,8.4241325e-36,1.7223537e-11,6.2344986e-13,7.02712e-05,1.431687e-13,3.3637405e-17,5.407314e-06,2.3438734e-11,0.99991995,9.565143e-07,2.5457067e-11,4.0371267e-10,5.2922996e-06,4.0561362e-14,1.1139978e-09
375,375,376,8,4.4658393e-13,3.6194285e-07,0.0004205542,1.0187929e-17,3.7115984e-07,0.001307866,6.8770306e-10,7.2292144e-15,0.8200242,2.2209184e-14,0.17822023,1.3073559e-05,7.9834017e-10,7.2744497e-06,7.41337e-06,3.0309276e-13,5.710619e-10
376,376,372,2,2.4362754e-19,3.3742762e-11,0.93730825,3.5150552e-19,2.6062283e-09,4.8638955e-09,3.835895e-14,5.0446793e-18,9.365263e-07,3.2887775e-18,0.062690906,1.7243078e-09,7.3007186e-14,5.333044e-10,1.6000377e-09,7.606986e-17,1.0339745e-13
377,377,378,10,5.777183e-18,1.0320918e-11,0.0,4.799408e-08,3.5196813e-13,1.9085727e-13,6.1407246e-20,1.1990041e-16,1.4696197e-12,1.2695848e-14,1.0,2.9297887e-11,1.8335792e-15,1.3818017e-13,1.0417677e-10,1.706839e-19,4.4171503e-11
378,378,379,10,3.2813956e-11,1.0257148e-09,0.0,0.14296709,4.66359e-11,1.5682164e-09,7.546978e-18,1.9237021e-14,4.749663e-10,3.3003624e-12,0.8570339,3.1524658e-09,9.553226e-13,3.244725e-11,4.3133358e-08,1.1994531e-15,7.8992163e-10
379,379,606,3,4.7309326e-16,3.5610326e-14,0.0,1.0,3.5949366e-14,1.23068986e-11,1.279744e-19,3.0352917e-19,2.0876116e-12,7.338874e-18,6.457004e-08,4.1294835e-14,5.6579535e-16,8.4137206e-15,1.27113065e-14,4.4145618e-16,1.658308e-16
380,380,381,2,5.4516816e-35,3.1190462e-23,1.0,2.632e-41,5.185351e-19,1.8037983e-20,7.9588024e-25,2.7617197e-23,5.570612e-18,4.2583415e-29,4.3396242e-32,3.0055424e-19,2.2449713e-23,1.4631584e-20,1.2204539e-22,1.784057e-26,5.686201e-27
381,381,382,2,3.9169443e-35,1.2310198e-24,1.0,1.1e-42,2.8664962e-20,4.8105387e-21,2.1031112e-26,1.05269e-24,4.439837e-19,1.0501325e-29,3.556586e-33,1.1461879e-20,6.2639047e-24,2.359849e-21,4.2330882e-23,3.1630131e-27,4.500642e-28
382,382,383,2,2.3122475e-35,9.179895e-27,1.0,4.5e-44,2.1466422e-22,3.975453e-22,5.0250997e-29,4.19012e-27,4.81142e-21,2.2289364e-31,1.6065247e-34,4.283379e-23,5.711182e-26,3.8284802e-23,2.2524073e-24,1.800601e-28,3.8552886e-29
383,383,384,2,1.5708908e-34,1.3208527e-24,1.0,6.21e-43,3.8625764e-21,5.4182576e-21,5.8652434e-28,1.545087e-25,1.0172773e-19,1.3082478e-29,6.7061213e-34,1.3756732e-22,4.8703543e-25,4.439373e-22,6.439118e-24,6.823325e-27,5.667683e-28
384,384,385,2,1.6575016e-35,3.4498066e-25,1.0,2.86e-43,5.5198986e-21,3.2954643e-22,2.7792155e-27,2.6095084e-26,2.69748e-21,8.537452e-30,2.5063914e-34,1.531428e-23,7.631074e-26,1.1146323e-22,1.9856593e-23,1.45291375e-27,2.775178e-28
385,385,386,2,6.696685e-35,1.0835935e-25,1.0,5.06e-43,3.7087984e-21,7.164425e-22,2.912679e-29,1.8958966e-27,3.5280958e-21,8.922322e-31,2.3801967e-31,1.6570366e-24,8.196322e-26,2.043439e-22,4.7605306e-24,3.6764887e-26,3.4599473e-29
386,386,387,2,1.8930394e-30,4.3551677e-15,1.0,4.5360597e-29,6.3991607e-15,2.0458155e-13,2.6043994e-24,5.301127e-22,1.9699884e-12,1.2636179e-21,1.7266827e-18,5.455684e-17,5.7040204e-18,2.053853e-14,7.831406e-18,1.0279939e-18,6.3396346e-22
387,387,377,10,3.5724136e-18,4.6402746e-10,0.0,4.135248e-09,2.3058346e-13,5.0605027e-11,6.434484e-22,4.3984705e-18,2.211413e-09,2.466213e-14,1.0,5.1866363e-12,2.3375938e-13,1.1231794e-11,1.7530594e-09,3.6954883e-17,2.191257e-11
388,388,389,10,3.2643925e-25,1.5597066e-12,0.0,1.5993399e-19,1.9786828e-13,7.574173e-11,1.5514907e-16,1.9158477e-18,1.6840431e-09,3.0449638e-19,1.0,2.1072552e-11,8.8633967e-16,8.6091354e-16,1.6742148e-12,8.890701e-21,1.57824e-15
389,389,390,10,7.5125034e-27,6.1099346e-14,0.0,3.9440459e-16,8.715071e-16,3.232263e-13,1.0279401e-16,2.9318645e-21,2.3971808e-13,2.8824902e-23,1.0,2.0692135e-12,7.08027e-18,4.9065938e-15,1.7379178e-13,2.4070166e-21,2.0351679e-16
390,390,609,10,4.174587e-24,3.6867693e-11,0.0,5.892214e-08,2.5571234e-11,1.5218392e-12,1.7925775e-11,3.2302706e-14,4.025036e-12,6.766576e-22,1.0,2.7532836e-08,4.6233184e-15,2.1264627e-14,6.6765763e-15,1.6732545e-15,2.7839756e-15
391,391,392,10,8.987917e-22,5.949532e-10,0.0,1.3341739e-05,8.419927e-05,4.8091164e-10,1.0342322e-18,4.990476e-10,2.803809e-08,1.1561873e-12,0.9987838,0.00027577355,3.9571754e-07,1.9897442e-10,2.3669755e-10,1.3834029e-16,0.0008423402
392,392,393,2,8.4278367e-19,2.1362105e-07,0.9118138,1.30973694e-20,0.07310378,0.00048093332,1.7690248e-12,3.1080225e-09,0.0070886477,2.5299736e-12,8.615678e-15,0.0074386504,1.33710355e-05,4.4183267e-05,1.5087694e-05,8.198793e-11,6.145124e-07
393,393,394,2,4.913774e-20,4.256462e-12,0.999939,8.262166e-30,1.2621396e-05,3.8542912e-05,7.977518e-12,1.0589711e-13,8.016376e-06,2.887358e-13,1.4717112e-21,5.598868e-08,1.3738456e-11,2.6368417e-07,1.8529511e-07,2.3673534e-11,3.892096e-15
394,394,395,2,2.6974983e-30,2.262951e-22,1.0,2.41735e-40,7.012479e-18,3.4573562e-17,2.299314e-23,4.143696e-24,5.8017696e-16,4.6687697e-26,1.3831411e-28,1.0280601e-19,1.2243054e-22,3.745484e-19,3.4736126e-19,2.4523358e-23,1.0523518e-26
395,395,396,2,1.9026971e-30,1.2461891e-20,1.0,6.862654e-37,1.372694e-17,5.7035853e-18,4.050973e-21,1.19871635e-23,2.7458778e-16,1.4155862e-26,9.210252e-24,1.8953775e-18,7.545005e-22,1.2921464e-17,9.848372e-18,6.374083e-25,3.998759e-27
396,396,397,2,7.306859e-26,1.2526212e-16,1.0,4.4948338e-32,1.6744001e-12,2.3999225e-12,2.5275339e-19,1.9853375e-19,3.3290687e-10,4.4092996e-21,3.2532018e-19,4.3114125e-15,2.2550728e-16,1.3852796e-13,4.2702306e-15,2.6427478e-18,1.6422492e-23
397,397,398,2,1.8013202e-23,1.2706216e-14,1.0,2.862807e-32,6.2747085e-11,3.2513311e-10,1.1745696e-19,9.813565e-19,2.0644515e-08,1.4193008e-19,9.034691e-17,2.127348e-13,1.7219494e-15,8.232815e-14,7.048458e-14,5.0422773e-17,5.6481055e-21
398,398,399,10,2.4183675e-19,3.1581654e-05,9.646605e-21,8.2592575e-17,1.0715973e-05,0.00071506755,3.4135902e-14,1.3001243e-13,0.4410236,1.0321189e-12,0.5581785,1.4378063e-05,9.260645e-06,7.635112e-06,7.965926e-06,6.705169e-13,7.417191e-13
399,399,388,10,2.4539793e-26,1.8517481e-09,0.0,3.5079175e-18,4.2118826e-12,2.374664e-09,2.4661247e-17,3.0186457e-16,2.8721395e-08,1.9709699e-19,1.0,4.1992287e-10,1.2804818e-11,1.4485205e-11,1.3063754e-10,4.8430216e-20,1.7708181e-15
400,400,401,10,1.6962842e-27,7.1080896e-18,0.0,1.3798252e-11,1.5375975e-16,1.9837489e-18,6.868299e-18,7.69754e-23,5.8834505e-17,1.3047077e-24,1.0,1.2209419e-16,3.5047816e-21,2.0921803e-19,1.0356896e-17,3.6607347e-24,1.1103229e-18
401,401,402,10,1.2976837e-17,5.9204325e-12,0.0,0.07126012,3.0006297e-10,6.157758e-11,1.5831685e-05,9.351328e-17,1.2641596e-11,9.4665415e-17,0.92872363,1.1252481e-08,3.479943e-17,1.0550323e-12,1.1284501e-09,4.120948e-17,2.5419525e-10
402,402,617,3,5.5522216e-17,3.102026e-11,0.0,0.99997705,7.2135505e-12,2.6670705e-06,1.811639e-05,6.5592363e-16,1.7984345e-10,5.111089e-15,9.578858e-10,1.2525798e-06,2.2558754e-14,1.8800963e-11,7.887236e-09,6.8720345e-14,2.9683961e-12
403,403,404,2,1.4085239e-27,8.0090955e-15,1.0,1.08588745e-30,1.6468095e-16,4.641128e-16,5.1430363e-19,2.7847003e-21,6.5964226e-16,7.6250947e-22,1.6720928e-23,1.6898932e-16,3.03509e-22,5.971842e-16,2.0242906e-15,2.8630617e-22,3.6545312e-21
404,404,405,2,1.1983954e-32,6.4609253e-22,1.0,2.6279961e-36,3.38074e-21,2.1006072e-21,1.3914738e-24,5.0056656e-27,2.7588376e-21,2.054234e-28,1.881604e-25,2.6938487e-22,1.974033e-26,6.090563e-21,1.402011e-19,3.0429876e-28,2.6433005e-27
405,405,406,2,3.5756312e-33,4.0719114e-25,1.0,1.4590269e-37,1.1128781e-21,1.3075989e-22,1.4504107e-27,6.505294e-29,1.2715579e-21,9.1129865e-32,2.7905368e-22,7.318499e-24,1.639975e-25,7.1429217e-22,2.6396608e-21,2.7384015e-29,7.036959e-29
406,406,407,2,3.7734116e-16,1.1265151e-08,0.98040015,3.0984957e-22,3.6142374e-09,1.126679e-07,3.1442002e-11,3.0623267e-15,2.1191418e-07,3.271686e-17,1.7701921e-05,1.8030034e-09,3.184395e-11,4.561639e-06,0.01957552,1.5707972e-16,3.7821773e-14
407,407,408,10,3.346694e-16,3.1030382e-07,0.00010878669,5.5434326e-19,3.6329e-08,1.2601033e-07,2.6144617e-10,1.2308577e-13,2.4471146e-06,2.0422684e-16,0.53609926,4.6009376e-08,2.0145759e-08,9.212167e-05,0.4636969,4.378305e-15,1.7290487e-11
408,408,409,10,1.4271443e-21,7.7695624e-13,2.6556997e-06,1.1653574e-20,1.7153058e-10,1.6006283e-11,1.6780092e-16,4.3603496e-17,3.2179432e-09,1.3192888e-21,0.9999962,9.913308e-12,3.060896e-11,4.327392e-09,8.062585e-08,5.144746e-18,1.4628776e-15
409,409,410,10,1.3428629e-22,8.321671e-13,0.0,3.4348506e-17,3.140238e-15,1.3975634e-11,8.741049e-14,8.4892364e-20,5.7009276e-12,6.8902237e-22,1.0,4.0807063e-13,1.8851629e-15,2.2839783e-10,1.6460203e-06,2.4201485e-19,5.5376076e-16
410,410,400,10,2.1640281e-25,5.096232e-16,0.0,1.4513418e-14,9.9557665e-17,2.1028014e-16,7.2202534e-16,5.593233e-23,1.8719341e-15,1.1184389e-24,1.0,4.504723e-16,7.9022806e-20,5.269971e-16,8.8421126e-14,9.677709e-22,1.805287e-18
411,411,412,10,3.265592e-30,4.0736856e-16,0.0,2.1069121e-16,1.07957565e-16,1.1742321e-14,1.5769541e-20,5.978454e-23,1.995483e-14,1.62786e-23,1.0,4.7259034e-15,4.6592017e-17,1.2709451e-16,2.3132218e-13,1.4222686e-22,1.3621245e-19
412,412,413,10,2.7319205e-30,1.2446998e-16,0.0,2.485639e-12,1.9136211e-17,8.956116e-16,9.4756625e-21,3.6246892e-24,4.6715016e-16,5.966125e-24,1.0,1.4607474e-15,1.3332696e-18,1.2687211e-17,1.1169863e-14,9.673164e-23,1.3050345e-19
413,413,585,10,8.982782e-28,2.3464743e-13,0.0,0.024946995,3.274502e-13,1.3231346e-13,3.151015e-14,1.6059136e-17,6.199985e-15,6.0550696e-22,0.9750517,5.1202497e-12,1.399363e-16,2.602238e-14,2.5651714e-13,4.6250172e-20,1.0765437e-18
414,414,415,2,1.921828e-33,6.232163e-22,1.0,2.9687e-41,1.446101e-20,9.7680264e-21,1.4508754e-27,4.505781e-27,4.8639083e-19,5.6141694e-27,5.6970645e-32,8.7233975e-21,8.0411373e-25,1.9792548e-22,3.2817008e-23,1.578146e-27,5.124769e-25
415,415,416,2,6.276927e-36,1.0612565e-27,1.0,5.6e-44,1.8643156e-23,1.6795393e-24,7.248793e-30,4.401597e-31,8.8321454e-23,1.0109225e-32,2.2621897e-31,4.8523293e-25,7.390135e-28,3.7485023e-25,4.5886436e-26,6.1674516e-31,1.0223796e-30
416,416,417,2,3.0158671e-34,6.741104e-27,1.0,3.1504e-41,9.788425e-22,3.569571e-23,3.991914e-28,6.640913e-30,4.1064243e-21,2.5520288e-32,4.394664e-25,5.9348455e-24,1.795212e-26,2.4584992e-23,3.1123052e-24,2.882635e-29,6.2647458e-30
417,417,418,2,1.9836288e-32,8.169761e-25,1.0,1.40168e-40,1.7193196e-20,5.5195198e-21,1.4027618e-24,8.9644973e-29,3.4110566e-19,8.463612e-31,2.6324784e-23,2.024099e-21,4.1478533e-25,6.6236633e-21,1.0649304e-20,2.8298607e-27,3.045881e-27
418,418,419,2,7.2532184e-30,2.4747508e-22,1.0,1.5991475e-38,4.539253e-18,2.3987617e-18,1.428788e-23,2.3662159e-26,2.6608275e-16,1.6308508e-29,3.929608e-19,3.540866e-20,6.497009e-22,5.8219383e-18,3.2502017e-18,7.0101885e-23,2.5631503e-25
419,419,420,2,3.2525605e-24,3.608328e-16,1.0,3.7590934e-28,5.086163e-12,3.761577e-12,3.4766753e-19,1.8748595e-20,8.613301e-10,5.2344894e-23,1.804946e-07,3.2142176e-14,1.577283e-15,1.0954666e-12,7.2835585e-13,3.4193066e-17,4.5038914e-19
420,420,421,10,3.7690066e-25,1.6194362e-16,8.050521e-27,1.5896408e-16,1.7916716e-15,7.640165e-14,4.8158113e-20,3.3654901e-22,7.124848e-12,6.2391983e-24,1.0,4.9681066e-15,1.5749012e-16,6.4114757e-15,6.569876e-13,6.3381e-18,1.12140355e-17
421,421,411,10,1.09969005e-29,8.814699e-18,0.0,5.247006e-15,1.1386845e-18,4.976355e-16,6.299952e-22,1.0550057e-24,1.6788745e-15,1.0837471e-24,1.0,5.270753e-17,2.7750435e-18,1.673571e-18,3.297375e-15,4.5162375e-22,2.0814089e-20
422,422,423,2,1.0134356e-33,2.2756988e-25,1.0,2.2058305e-36,1.1702271e-19,3.2830283e-23,6.516009e-26,1.22681285e-27,1.8195416e-20,1.5349126e-32,9.622753e-21,1.1642276e-22,3.4523078e-25,1.0286631e-21,1.2067138e-22,1.2918188e-28,2.3087918e-28
423,423,424,2,3.2059504e-30,5.767661e-21,1.0,4.8601903e-30,1.38014994e-17,5.406884e-20,5.98932e-23,9.3871687e-26,5.762615e-17,1.0196541e-28,4.6906424e-13,1.3052835e-19,4.0624863e-21,1.725471e-18,9.45066e-18,4.4098603e-26,3.1890542e-24
424,424,1388,10,9.600207e-28,3.3331697e-12,7.056229e-30,2.1486723e-16,1.8407995e-13,8.966892e-14,2.0697933e-20,2.3269738e-18,2.1013322e-10,4.669982e-18,1.0,1.0644747e-14,1.1078614e-09,6.3326774e-13,8.4829344e-10,8.3320337e-19,1.0412633e-17
425,425,426,2,4.2828255e-37,9.2503324e-29,1.0,1.781e-42,9.863607e-24,7.3234385e-25,7.908901e-31,3.634065e-30,1.734303e-23,3.6969065e-35,5.088248e-31,2.4690984e-25,7.688889e-29,1.2318413e-25,5.0901604e-27,6.898108e-31,1.1451457e-31
426,426,427,2,5.4893407e-38,3.7284316e-28,1.0,9.12e-43,2.3088846e-24,1.4050907e-25,9.950684e-31,9.312922e-31,3.315004e-24,4.356918e-35,3.6235407e-32,9.055144e-26,9.050566e-30,3.1462515e-26,9.921669e-27,7.164662e-32,2.3528615e-31
427,427,422,2,6.1828867e-37,8.701929e-28,1.0,1.86507e-40,6.96599e-23,1.0405801e-25,4.2051356e-29,3.029387e-30,1.9917889e-23,8.917403e-35,2.479554e-27,2.0773185e-25,1.1155051e-28,4.2027704e-25,1.0322618e-25,1.6267609e-31,8.039641e-31
428,428,429,10,3.3772934e-24,3.721426e-13,3.356679e-39,1.0816723e-19,3.2162585e-11,1.0795748e-10,2.0049352e-19,3.721443e-19,7.9754224e-11,1.906809e-23,1.0,3.1466597e-11,1.8881773e-16,1.695642e-14,2.4996268e-15,3.7342577e-18,1.3576601e-16
429,429,430,10,9.947938e-26,1.8102914e-13,0.0,4.548841e-17,9.98393e-13,1.0044063e-11,5.3581985e-21,7.245537e-21,1.0454456e-11,2.6478388e-22,1.0,1.2969306e-11,1.8341239e-16,8.90848e-16,2.5327966e-17,1.19750424e-17,5.37092e-16
430,430,1384,10,3.751337e-24,7.3728775e-12,0.0,3.4913335e-12,3.2693133e-11,2.8068134e-10,6.067655e-20,6.074583e-19,1.4069595e-07,5.0748004e-14,1.0,3.4459396e-10,3.82017e-13,7.046999e-16,6.844427e-16,1.04966444e-13,3.3139622e-12
431,431,432,2,4.302428e-29,5.501988e-21,1.0,9.382343e-32,1.0183743e-15,1.4624361e-16,9.506831e-22,2.6947183e-25,1.3503193e-14,4.840213e-28,6.860503e-16,5.963823e-18,3.1680913e-23,3.2839117e-19,4.4133404e-20,4.8072164e-22,1.9603771e-24
432,432,433,2,8.58402e-30,3.2332813e-20,1.0,8.083794e-33,3.5598338e-16,5.5126953e-16,3.242528e-23,1.6057784e-25,1.3153813e-14,9.176565e-28,9.103532e-18,2.6766772e-17,7.855292e-23,1.0613012e-19,1.7645695e-20,2.9134907e-21,7.570689e-23
433,433,428,10,1.0826578e-21,6.014053e-13,1.03312765e-19,2.627088e-18,2.2363713e-09,1.3048078e-08,1.5511161e-18,8.720645e-19,1.6833246e-08,2.5182922e-21,1.0,2.7576535e-10,8.382648e-14,2.4207112e-12,5.6129224e-14,6.298656e-14,2.4415383e-14
434,434,435,10,3.7350465e-23,4.838805e-15,4.8362596e-22,5.2825575e-21,2.0076607e-11,4.4732607e-11,2.0000522e-21,1.5290386e-18,3.631928e-09,3.38191e-23,1.0,4.3104157e-12,4.0546733e-11,1.8340846e-13,2.3162446e-14,5.607242e-17,1.5868235e-16
435,435,436,10,8.661604e-25,1.5252601e-15,7.4081126e-36,1.8107685e-20,1.4551101e-12,9.35278e-12,2.0400754e-21,1.2957095e-18,3.6577337e-09,1.6033064e-24,1.0,3.6001415e-12,2.532691e-09,9.064081e-14,2.5275114e-14,1.8379209e-15,4.0494825e-17
436,436,1360,10,2.3863955e-25,3.1707692e-12,0.0,2.0832161e-16,6.7897784e-12,2.6923858e-10,1.5781241e-17,2.6646365e-16,3.734692e-07,1.366041e-14,1.0,3.73856e-12,7.1221075e-07,7.3840165e-14,7.583598e-11,1.4203403e-12,2.905808e-15
437,437,438,2,4.484216e-32,3.1176392e-25,1.0,2.3467155e-36,5.568506e-19,1.1360887e-20,5.214097e-25,3.4699814e-28,7.08694e-19,1.8294549e-32,2.6083905e-21,1.5393483e-21,1.4306955e-25,4.539194e-21,1.1760744e-22,1.5612431e-26,9.5532944e-29
438,438,439,2,1.6487825e-32,6.845515e-26,1.0,4.893732e-38,3.6561367e-20,4.446782e-21,1.0733123e-26,5.57647e-29,3.1206707e-19,3.5424228e-33,6.5672494e-23,1.3162223e-21,2.014721e-24,1.3242603e-21,8.645405e-23,6.5891393e-28,1.8241424e-27
439,439,434,10,1.1520322e-18,7.191566e-13,0.013140126,3.8158178e-19,1.9062718e-07,4.4697046e-07,3.3547064e-17,1.792868e-15,9.722826e-05,7.998451e-20,0.98675984,8.005607e-09,1.7376356e-06,4.4900556e-08,1.1470166e-09,8.354465e-13,1.3285267e-12
440,440,441,2,9.3145156e-32,5.9298225e-24,1.0,4.7954447e-35,1.2140484e-18,6.1062893e-21,2.2704344e-26,7.743174e-27,3.0859515e-18,2.2725343e-31,9.054559e-18,1.1089334e-20,3.9595615e-22,5.091674e-20,3.3110535e-21,3.1117905e-27,3.1507197e-26
441,441,442,2,9.491855e-24,3.8632216e-15,0.99996185,2.2065015e-23,4.2450782e-12,5.4735817e-13,3.7027654e-19,4.5617974e-20,5.783314e-10,5.6281837e-23,3.9100774e-05,8.8586777e-13,3.3307933e-12,3.2495916e-12,3.6038236e-12,7.4200796e-20,3.387137e-17
442,442,1385,10,1.3080714e-24,3.749169e-13,1.4872535e-29,1.492019e-17,4.3239015e-13,3.7545527e-12,3.5880613e-20,8.999871e-19,5.2942704e-09,9.876885e-19,1.0,4.8867426e-13,2.5700164e-08,4.7312315e-12,4.3489035e-10,3.9739768e-17,3.655138e-17
443,443,444,2,8.932988e-37,1.3182025e-28,1.0,1.816e-42,1.4910415e-23,7.1037546e-25,2.4402051e-30,1.2916007e-30,1.6046289e-23,2.0263868e-35,1.8130193e-30,3.186244e-25,3.868134e-29,1.9904654e-25,1.1519441e-26,3.4808341e-31,1.3852987e-31
444,444,445,2,1.8591685e-36,1.7533243e-27,1.0,3.009e-42,1.265218e-23,4.8566626e-25,9.79354e-30,6.9434114e-31,1.592263e-23,4.08091e-35,5.9553487e-31,6.7266233e-25,8.948099e-29,3.3327157e-25,8.828459e-26,4.226824e-32,2.4268006e-30
445,445,440,2,2.568277e-34,1.7269392e-26,1.0,9.87705e-39,9.040597e-22,4.6995797e-24,4.1939535e-29,7.44877e-30,1.8936907e-21,4.0208478e-34,2.1223108e-24,1.0204778e-23,1.0364443e-25,2.1370406e-23,2.0028127e-24,7.7561064e-31,7.5119224e-29
446,446,447,3,1.4957527e-23,4.6945795e-17,0.0,1.0,4.3023476e-13,1.3331706e-14,2.6710984e-24,1.5854965e-11,3.5533161e-19,5.4864988e-21,8.4218077e-16,7.574331e-15,2.4543678e-15,4.6927044e-15,2.8682572e-20,2.4114245e-24,2.2312406e-17
447,447,448,3,1.354426e-25,1.1463433e-16,0.0,1.0,3.5630995e-13,1.9449764e-13,5.9473984e-25,4.89079e-13,2.0727576e-19,2.2181184e-19,1.2325487e-14,3.2697713e-13,2.2849127e-16,3.9911001e-16,1.3270162e-21,5.603908e-24,7.8509467e-16
448,448,1379,3,1.4377279e-22,5.7479477e-10,0.0,1.0,1.2566267e-09,2.390877e-11,2.9920339e-18,2.151001e-09,1.8848895e-15,1.2313549e-14,6.656602e-11,6.618674e-10,3.3509656e-13,1.3108319e-12,9.30762e-18,8.840002e-22,8.3889227e-13
449,449,450,3,2.2040335e-26,1.9398098e-15,0.0,1.0,2.0272698e-11,3.740007e-16,5.710337e-17,1.0917212e-18,1.210161e-16,2.1432579e-19,5.1237766e-08,1.781306e-15,1.324232e-18,8.620962e-17,5.423058e-20,3.8895014e-21,3.2347329e-15
450,450,451,3,1.8118201e-26,2.6604735e-15,0.0,1.0,4.6077104e-11,3.0962906e-12,2.411975e-18,1.1892684e-18,3.6685122e-14,2.129992e-16,8.4988745e-09,1.7452499e-12,9.116994e-15,2.2437475e-15,7.326814e-19,3.5901204e-17,1.279075e-12
451,451,446,3,1.8481489e-24,2.2408271e-18,0.0,1.0,3.5346417e-14,8.070835e-15,5.7074856e-24,1.6000206e-15,8.402962e-18,1.581188e-21,1.9454653e-14,8.590763e-16,1.0081473e-14,6.9041634e-16,4.6650806e-20,1.9702218e-23,2.3005065e-16
452,452,453,3,1.3723032e-22,4.609899e-15,0.0,1.0,4.4967806e-13,7.492915e-15,2.836807e-22,9.6723705e-12,2.1344066e-18,1.2815999e-20,2.3825904e-20,1.0096713e-14,3.6122236e-17,5.564649e-16,2.0302221e-15,4.429076e-20,1.6374055e-18
453,453,454,3,7.397131e-20,1.1415602e-09,0.0,1.0,3.230675e-08,1.8053131e-12,3.7996658e-19,2.9377362e-10,1.3144809e-14,1.0954853e-16,2.3846374e-19,8.102872e-11,1.6009364e-15,8.48039e-15,1.1325149e-12,8.349796e-17,1.6115451e-12
454,454,564,1,1.1482622e-20,0.99762243,0.0,1.1819092e-12,0.0023765925,1.0594622e-09,9.828266e-16,9.387379e-12,9.842259e-09,1.0568998e-15,1.047761e-19,1.303684e-07,8.05639e-12,3.7449438e-10,2.4009194e-13,6.783975e-13,1.7098657e-08
455,455,456,3,1.8291517e-28,1.7045561e-10,0.0,1.0,2.482837e-13,2.1311878e-15,1.730481e-18,2.4162436e-14,1.06926375e-16,8.945132e-21,3.419462e-10,2.3989534e-11,4.582994e-18,6.0617244e-15,8.608666e-18,3.8193656e-22,1.4004288e-19
456,456,460,3,6.4319097e-29,2.4999377e-18,0.0,1.0,4.6543493e-18,6.0354313e-19,1.00425835e-23,1.6430609e-19,3.925815e-20,9.0107716e-24,3.3660084e-12,1.9185619e-17,3.9820307e-19,2.0688787e-19,2.5527758e-19,1.237446e-25,1.452603e-20
457,457,458,3,5.988253e-28,4.531673e-19,0.0,1.0,1.6872393e-16,3.4713117e-17,4.891637e-25,3.5036128e-17,1.0871772e-21,7.8833937e-22,4.3496738e-14,7.781467e-18,9.897166e-21,1.5033753e-19,1.1238011e-18,2.1902826e-23,6.789047e-21
458,458,459,3,1.6122348e-26,3.5203457e-17,0.0,1.0,7.4018963e-14,5.6965025e-16,9.264875e-23,4.5512338e-18,4.4379574e-19,2.3235323e-18,1.4099316e-13,5.9056244e-16,2.0403176e-20,6.215432e-20,3.7373668e-17,2.4345818e-21,4.580971e-16
459,459,452,3,2.940789e-23,2.8446612e-16,0.0,1.0,6.1060545e-14,8.006923e-16,8.576494e-22,6.7396535e-15,1.144537e-19,5.3510286e-21,1.2795591e-18,3.5804665e-16,2.8082678e-19,4.7003496e-17,8.175036e-16,2.2660795e-21,3.73188e-18
460,460,461,3,5.6239815e-29,1.05217884e-19,0.0,1.0,1.9287904e-18,8.585382e-18,3.3592259e-25,3.9738645e-20,1.2753963e-20,1.8010944e-22,2.09508e-11,8.704264e-18,5.52802e-18,3.0281792e-19,4.499549e-18,6.1861565e-25,6.434049e-20
461,461,462,3,9.316769e-29,4.633998e-16,0.0,1.0,5.1710526e-18,1.1570056e-16,8.147304e-22,5.372223e-19,5.806075e-20,1.6257827e-21,1.6513815e-10,3.0457584e-16,1.9930318e-19,2.9889195e-18,6.0578547e-18,1.5887674e-24,2.2371512e-21
462,462,457,3,4.0041316e-27,1.7386991e-18,0.0,1.0,4.7213573e-17,2.4934627e-17,1.0971076e-24,3.212444e-19,2.9509168e-21,9.8111874e-23,1.2530007e-13,2.78715e-17,2.202351e-20,2.463574e-19,1.0963077e-18,3.2751836e-24,2.3675333e-19
463,463,464,7,1.5040618e-29,1.1085042e-16,0.0,6.0658923e-21,8.4610704e-14,6.538326e-16,3.7344574e-18,1.0,3.566611e-19,8.666103e-24,1.3687221e-29,2.1318975e-13,2.4963085e-17,2.4296047e-17,2.7912087e-21,3.0392645e-20,3.3661034e-24
464,464,465,7,7.883023e-32,3.1872032e-18,0.0,1.971329e-21,7.1449946e-14,1.4050443e-15,3.003083e-16,1.0,4.2467644e-19,9.76384e-24,5.1085356e-30,4.3352976e-13,2.0571312e-17,2.6175688e-15,8.212806e-21,2.4239463e-19,5.7091623e-24
465,465,660,7,1.1717604e-32,1.4515147e-16,0.0,3.4183378e-19,7.1094944e-12,4.344266e-15,7.789935e-17,1.0,3.1884226e-16,5.0511397e-22,3.9314795e-28,1.3159084e-10,5.568966e-14,6.782112e-13,5.3927503e-21,2.3176566e-16,3.7495544e-21
466,466,467,3,1.1218e-27,2.351094e-16,0.0,0.99089026,1.233537e-13,1.8022062e-16,2.2126243e-20,2.697897e-17,3.182661e-17,3.4991326e-20,0.009110027,1.3861036e-14,1.2427248e-18,5.02271e-19,7.849788e-21,6.2897025e-21,4.2630626e-18
467,467,468,3,3.6005239e-28,1.266928e-15,0.0,0.9999886,6.582908e-13,2.6770923e-12,4.3135892e-20,3.5283774e-14,2.6734043e-15,1.5254746e-16,1.1947647e-05,7.445093e-11,1.597527e-14,2.6045082e-17,9.8085405e-21,7.7103816e-16,8.926679e-16
468,468,472,3,5.1600023e-24,8.190179e-15,0.0,0.9934602,5.7877255e-11,3.5273715e-12,1.8507137e-20,0.006541014,1.8143753e-15,1.9608629e-17,4.9316367e-11,1.034272e-10,6.8062452e-12,1.2436048e-14,1.9406413e-20,3.9082063e-16,4.076637e-17
469,469,470,7,1.38043e-23,8.656e-15,0.0,5.500344e-16,2.7167401e-13,2.2482318e-12,6.4336383e-18,1.0,4.7630363e-17,1.0880028e-21,7.752066e-28,3.3737986e-12,3.1326812e-12,1.9391027e-12,3.1612682e-17,1.6159628e-15,2.727332e-20
470,470,471,7,1.4581138e-23,8.041064e-13,0.0,1.3830756e-16,4.821802e-13,6.524466e-11,5.9973914e-15,1.0,9.282738e-16,2.945506e-22,4.9999025e-27,8.107603e-11,1.7497353e-13,9.1646093e-11,1.2105442e-16,1.4681725e-14,1.4081797e-20
471,471,463,7,1.9501258e-27,8.947953e-16,0.0,3.1791677e-16,4.2556294e-14,4.1380126e-15,1.56705e-17,1.0,7.689075e-19,3.0877672e-24,1.5081129e-28,4.0323953e-13,5.3777677e-16,1.0108656e-15,5.900767e-21,3.0036872e-18,3.8765215e-23
472,472,473,7,4.8593545e-23,3.7919704e-15,0.0,0.00038158472,1.1600227e-11,8.6290404e-13,2.9339696e-20,0.9996186,4.4986613e-16,1.5115986e-19,1.9203642e-16,3.861739e-12,4.418176e-12,3.87753e-14,1.3743117e-19,1.2721571e-17,1.8143657e-18
473,473,474,7,4.853183e-24,2.5617876e-13,0.0,5.5925837e-11,7.636566e-14,4.0997284e-12,1.3437201e-20,1.0,2.8155464e-15,5.4843226e-21,2.61718e-22,3.5946246e-12,5.6671393e-14,1.5405757e-14,1.0304477e-18,1.6318023e-15,4.8717257e-19
474,474,469,7,2.0226381e-23,8.423524e-13,0.0,2.1304352e-12,2.4464152e-13,2.3735373e-12,6.9863623e-19,1.0,2.0497144e-16,9.850719e-22,1.5919272e-25,1.6356998e-12,3.2977447e-12,2.463619e-13,1.10315956e-16,1.7330675e-14,1.0408777e-18
475,475,476,7,4.1186956e-27,1.1436315e-15,0.0,8.80874e-20,8.369713e-13,1.3646967e-15,6.4059406e-18,1.0,2.191443e-17,4.3283824e-24,1.7015069e-28,1.0976455e-13,3.0867922e-15,8.591481e-17,5.55329e-21,2.2031418e-19,1.8906583e-22
476,476,477,7,1.4370484e-29,1.3162579e-13,0.0,6.8700826e-25,4.121181e-11,2.559841e-15,2.7579633e-14,1.0,1.4143581e-15,8.255359e-23,2.7405094e-31,1.8161429e-13,1.4589167e-13,7.691119e-14,1.9110157e-18,1.2869473e-16,2.8015591e-19
477,477,626,7,2.8217748e-28,2.4749394e-07,0.0,2.1794855e-19,3.144818e-07,2.9794346e-12,2.2521007e-14,0.9998436,2.2984107e-08,1.1876409e-18,1.0527583e-24,6.24953e-11,0.00015394614,1.147161e-09,1.796565e-15,2.2476251e-10,1.2732042e-12
478,478,479,3,5.069313e-26,7.643662e-18,0.0,1.0,2.431137e-15,1.7037858e-14,1.2720452e-25,2.1807047e-07,3.556342e-18,4.917975e-20,7.721722e-14,8.2737086e-15,4.4016039e-13,1.3030113e-17,3.801141e-21,1.2496036e-18,5.183077e-19
479,479,480,3,3.1062737e-28,3.8615695e-16,0.0,1.0,8.7599343e-16,2.2207064e-14,1.1756963e-24,1.4857676e-07,3.928066e-18,2.8344316e-19,9.891837e-15,2.0085001e-14,6.5097407e-13,4.0412397e-18,2.1461857e-20,4.7959795e-18,1.0349743e-18
480,480,481,3,3.2365324e-24,8.7955994e-15,0.0,0.9999695,4.6527256e-14,1.4947336e-13,2.8476601e-22,3.178919e-05,5.0156692e-17,6.2402105e-20,4.568059e-16,1.8188808e-14,3.3121804e-12,8.459088e-17,1.2469703e-18,1.06275735e-16,6.136659e-17
481,481,482,3,2.3550196e-21,6.0418765e-13,0.0,0.7921794,1.9504842e-11,4.836875e-12,4.0154477e-21,0.20782234,1.004991e-14,3.2696382e-18,1.9504014e-12,3.603867e-11,3.5916967e-09,9.328108e-15,1.0488892e-18,1.4328226e-14,5.050329e-15
482,482,483,7,3.1492929e-24,1.9726993e-12,0.0,0.0013414577,1.2216811e-11,5.2899194e-13,3.9247133e-17,0.9986581,9.880372e-15,8.743124e-20,1.7362816e-16,2.6626532e-10,9.466534e-11,1.4787276e-15,1.9328755e-21,8.968799e-16,2.1123444e-16
483,483,475,7,2.1647394e-24,1.1728567e-16,0.0,2.8371909e-11,1.6878984e-13,2.5430142e-14,1.47427e-18,1.0,2.2279164e-16,4.10313e-24,8.2376745e-24,8.298716e-14,1.4211803e-12,1.3884791e-15,1.8727498e-21,2.3297904e-17,8.147801e-22
484,484,485,3,3.488441e-29,2.1821146e-19,0.0,1.0,1.5605783e-16,1.4123034e-16,1.8164871e-23,7.6731556e-14,7.3220044e-20,3.7743071e-22,5.893267e-09,5.6389084e-15,1.356604e-16,3.0534434e-19,1.6916819e-21,2.649702e-19,7.311733e-20
485,485,478,3,1.3680554e-27,3.3005897e-19,0.0,1.0,5.032864e-16,7.6742264e-17,1.9721296e-25,2.3913985e-10,2.1634642e-20,1.839704e-21,1.3930081e-10,4.3991625e-16,8.923099e-17,7.1686196e-19,8.1262543e-23,2.0961726e-21,3.784504e-20
486,486,487,2,3.0049286e-23,6.6991294e-15,1.0,2.4509644e-28,2.5990772e-11,6.496872e-11,8.424425e-20,3.9714098e-20,2.804439e-09,6.887757e-21,4.996414e-12,9.762071e-13,8.98557e-18,2.2285455e-16,1.2850936e-15,7.4670773e-19,1.5073836e-19
487,487,488,10,1.7511625e-15,9.488064e-07,7.5870795e-16,1.398355e-15,2.558751e-05,0.0044822637,2.1171544e-14,7.828278e-16,0.01981889,1.1827846e-11,0.9756657,4.823402e-06,6.2070356e-08,5.1836402e-08,8.609991e-08,4.819052e-10,3.3227124e-10
488,488,597,10,2.1783529e-21,6.9402915e-07,0.0,1.277376e-08,4.206801e-08,6.2065113e-09,1.5638046e-13,2.0634092e-11,6.4172275e-07,1.41345286e-14,0.9999923,7.763576e-06,1.1846238e-09,1.7720034e-12,9.195158e-16,1.3181447e-09,7.2712574e-14
489,489,490,2,4.0781045e-37,2.9602754e-28,1.0,1.77e-43,3.264346e-23,3.4709683e-24,2.2981394e-30,3.6825047e-29,1.6279166e-22,1.9129778e-33,1.261828e-33,8.437333e-25,1.8171973e-27,7.161818e-25,2.1714114e-26,3.1442776e-30,7.7038543e-31
490,490,491,2,4.9282073e-36,4.990071e-27,1.0,6.01e-43,1.0690647e-22,2.5302395e-23,8.1211476e-29,1.9104812e-28,3.9122537e-21,2.2333017e-32,4.1176754e-34,1.0301622e-23,1.791717e-25,1.4671077e-23,2.0856716e-25,3.0152194e-29,1.0624266e-28
491,491,492,2,8.421663e-35,5.834874e-27,1.0,7.636e-42,1.138939e-21,4.2388087e-23,2.240415e-27,1.3332279e-27,8.965287e-21,5.267115e-32,1.6098812e-33,1.064624e-23,1.4927081e-24,2.5624408e-22,1.9490282e-24,3.3800814e-29,2.0256442e-28
492,492,493,2,9.590802e-35,1.0281735e-27,1.0,6.387e-42,8.542178e-22,4.160122e-23,4.370333e-28,1.079228e-27,4.2615436e-21,2.8443666e-32,1.4162626e-32,3.534381e-24,4.906061e-26,6.506257e-23,3.3259589e-25,2.2373554e-29,4.2259906e-30
493,493,494,2,7.102563e-32,4.5943436e-23,1.0,1.644386e-39,4.6839516e-18,4.6562627e-20,1.0203144e-23,5.8830028e-24,1.3548191e-17,2.6520878e-27,1.2233295e-30,4.5089777e-20,1.5931465e-20,8.393187e-19,1.6111637e-20,3.5859997e-25,1.2683565e-27
494,494,495,2,4.0760464e-32,2.596209e-22,1.0,7.689202e-39,5.278899e-18,1.0265072e-21,2.708714e-25,2.4947095e-24,1.1315744e-18,7.1094096e-28,1.3370727e-28,8.451975e-21,6.7588916e-21,5.9281605e-20,6.2393475e-22,2.2610997e-26,1.3212994e-27
495,495,496,2,2.3242492e-34,3.1760366e-26,1.0,1.42e-43,8.959845e-22,3.661824e-24,2.8840434e-29,1.5987532e-28,3.2719648e-22,2.358207e-32,1.2821207e-31,3.0507811e-24,7.026988e-27,1.5068114e-23,1.4685459e-24,1.9892229e-30,6.30952e-31
496,496,497,2,2.5147381e-15,2.3291104e-06,0.9953911,2.0962001e-25,1.7393211e-05,7.7606155e-06,9.2621215e-15,1.2640308e-09,0.004581561,4.1143122e-13,3.6026564e-19,6.1171045e-07,1.8492227e-07,1.007083e-06,2.7119915e-10,1.1214839e-11,1.6401209e-15
497,497,486,2,6.92468e-17,1.2225635e-09,0.9990582,8.680851e-26,6.4560965e-07,1.5698955e-05,2.7254384e-13,8.010658e-14,0.0009242549,1.9855007e-15,6.2185788e-15,1.8687802e-08,1.5771823e-13,2.0924373e-10,2.1434968e-10,1.7358206e-13,3.440842e-18
498,498,499,7,4.6395213e-29,1.1987234e-19,0.0,8.199507e-27,2.7019606e-13,8.980238e-15,1.2216081e-16,1.0,4.3533006e-18,4.767278e-22,1.1471519e-32,3.1966723e-13,1.7605034e-18,3.439704e-16,1.31150876e-17,5.7363993e-19,8.494638e-22
499,499,500,7,6.976918e-31,1.1115234e-16,0.0,3.2659553e-29,5.805883e-10,1.4145123e-11,4.3345932e-10,1.0,6.021321e-16,3.0057013e-20,1.9076808e-32,3.179219e-07,2.464045e-18,1.0598578e-10,1.9481834e-14,6.2168136e-18,4.179603e-18
500,500,623,7,6.9078214e-32,3.6677744e-12,0.0,4.0267538e-28,2.504696e-07,3.244584e-14,5.506097e-08,0.99996567,1.473103e-15,8.240363e-20,1.0892514e-31,3.4317807e-05,2.1325543e-15,9.803808e-10,3.8387165e-16,5.3892448e-17,2.4323417e-16
501,501,502,13,8.724167e-20,4.4677522e-11,0.0,2.4907612e-18,0.00010674608,4.4944492e-05,1.6901472e-13,0.0062570698,0.000877996,1.7784222e-13,1.03675574e-19,0.3482707,0.038218092,0.6062253,2.9196823e-10,2.583255e-09,1.8477472e-09
502,502,506,7,8.634326e-24,8.277994e-17,0.0,4.0560856e-16,1.2661824e-10,1.4363756e-12,1.9246976e-17,1.0,3.822369e-14,3.1248828e-22,8.652518e-26,4.3864912e-10,1.0898454e-09,2.2053646e-09,3.168127e-16,1.0210066e-17,1.4778738e-18
503,503,504,7,3.779964e-25,8.1050995e-18,0.0,3.3830157e-18,5.0288387e-14,9.0985814e-15,1.6596234e-17,1.0,1.0668175e-19,1.3817525e-23,1.1848517e-28,1.0863074e-12,2.4992524e-17,2.0846322e-15,3.8034943e-19,1.3349484e-19,2.7517217e-21
504,504,505,6,5.6297816e-20,1.1164859e-10,0.0,1.4763858e-26,7.92912e-06,2.6124335e-06,0.85143876,0.14765567,3.5382526e-09,1.7006468e-17,8.28588e-20,0.0002884443,2.774647e-14,0.00058023364,2.7653927e-05,6.1963265e-13,1.0452832e-09
505,505,498,7,2.2068686e-26,1.1746907e-19,0.0,1.2197092e-22,4.510301e-13,5.9846617e-15,4.8389943e-13,1.0,8.052124e-18,1.7368849e-23,1.7028436e-29,6.5190344e-13,2.1128821e-18,9.1494005e-14,3.3291097e-16,6.928161e-19,3.0503914e-20
506,506,507,7,7.1629936e-25,1.3060626e-16,0.0,2.7057107e-16,6.6290745e-13,2.5078697e-15,7.4790175e-20,1.0,2.0270006e-17,7.8575324e-25,6.0638617e-27,2.099391e-12,4.6708336e-12,4.5032698e-13,4.885945e-19,1.9180093e-21,1.2389606e-20
507,507,508,7,2.756423e-25,1.4868807e-12,0.0,3.0342218e-22,1.925461e-10,5.2180114e-12,1.4406256e-16,1.0,4.571074e-16,2.4031442e-22,1.6969526e-25,1.422191e-09,8.434718e-12,4.1011403e-10,1.5781925e-14,3.1218126e-20,5.674681e-17
508,508,503,7,8.630976e-22,5.4498866e-15,0.0,2.4563895e-16,5.2344565e-13,6.7553324e-14,1.1616271e-16,1.0,2.939987e-19,4.2961038e-26,2.3816355e-28,1.4647673e-12,6.68149e-16,6.7724943e-13,1.8860967e-16,5.756279e-20,2.0994638e-19
509,509,510,7,1.9737402e-25,1.5211108e-16,0.0,2.4968126e-25,2.8793738e-12,4.322615e-13,4.0973885e-17,1.0,3.1472036e-16,9.78993e-20,3.097653e-32,1.3268452e-12,2.4510154e-17,1.1619418e-16,4.4637376e-16,9.298251e-18,2.0924836e-19
510,510,511,7,4.498932e-25,4.2648299e-13,0.0,2.694749e-25,1.5208839e-09,3.8210504e-10,5.5580866e-11,1.0,1.3326615e-15,5.699754e-19,1.4549851e-31,1.8167773e-09,3.9519014e-19,1.13942284e-11,2.1552675e-13,2.105256e-17,3.4915648e-17
511,511,627,7,2.0693922e-26,9.721689e-10,0.0,1.911244e-23,2.5065873e-08,1.01134114e-13,7.546573e-11,1.0,8.088155e-15,9.802289e-22,4.0610405e-31,5.5938294e-08,5.867744e-15,5.78746e-11,1.9455884e-17,5.7353933e-19,1.5992447e-16
512,512,513,7,2.4152626e-25,3.0800255e-17,0.0,2.5963078e-07,1.2653645e-13,2.833489e-13,3.955621e-22,1.0,5.496817e-17,1.273417e-21,6.348149e-23,2.607419e-11,1.7548105e-11,7.864709e-15,5.0567526e-21,1.5455827e-17,1.4698723e-19
513,513,514,7,6.6982195e-27,9.1699674e-17,0.0,1.3270642e-10,1.5521745e-12,6.52262e-12,1.5803256e-21,1.0,2.30886e-15,1.3442956e-18,9.7581476e-23,2.8560025e-08,5.2074553e-11,1.2800933e-15,2.2428002e-20,1.0066674e-15,1.1298595e-15
514,514,515,7,7.4310435e-27,2.0416823e-18,0.0,3.3393184e-11,1.5747586e-14,8.9549585e-15,2.0076819e-20,1.0,8.1689136e-19,2.0863897e-23,2.5930758e-26,2.4082206e-13,8.945876e-15,3.311894e-17,3.2736771e-21,1.12145475e-17,1.9458081e-20
515,515,516,7,4.1334322e-25,3.587381e-18,0.0,4.4580818e-11,1.3500644e-14,4.4702174e-14,2.4346934e-21,1.0,1.5796951e-18,4.1888199e-22,7.832693e-25,3.1690503e-13,7.2373265e-15,1.26117895e-17,1.1769188e-21,8.28611e-18,1.9309234e-20
516,516,517,7,1.35920705e-27,4.3454594e-15,0.0,8.241228e-16,4.398115e-12,3.4968268e-11,5.6376175e-15,1.0,9.871138e-16,1.1147153e-18,1.7089536e-22,3.8716133e-09,1.9719516e-15,4.103428e-16,2.724244e-20,1.2766114e-15,8.043532e-17
517,517,509,7,7.609331e-26,1.9684397e-17,0.0,1.974267e-18,2.0895147e-13,3.799574e-14,1.1850217e-16,1.0,1.7170084e-17,1.8544947e-20,6.7980133e-29,3.6787562e-14,5.183617e-17,1.1477216e-16,1.276508e-17,5.9788114e-18,8.594119e-21
518,518,519,7,7.570414e-27,2.794844e-12,0.0,6.101496e-20,0.0036936258,2.1817402e-11,4.734367e-07,0.99626863,1.3269015e-11,1.7981085e-14,7.2965295e-25,3.690453e-05,3.4544534e-11,1.1986752e-08,2.678143e-13,1.07465245e-10,4.1515413e-10
519,519,512,7,9.986102e-28,2.1704266e-18,0.0,1.9610663e-08,1.7866092e-13,2.2181146e-15,7.567611e-20,1.0,1.935771e-18,2.804205e-23,1.5037156e-24,1.1258127e-12,4.9156263e-14,1.9323875e-15,1.1342564e-21,2.8755453e-18,1.2688981e-20
520,520,521,10,6.3857716e-23,7.017324e-14,0.0,2.2186757e-09,1.5550925e-13,8.3230845e-13,4.2159e-20,5.3242126e-21,1.8177969e-12,3.279987e-15,1.0,3.2981299e-15,1.0573478e-14,2.1375108e-18,3.947098e-14,2.0115716e-17,3.4222685e-17
521,521,522,10,4.6639547e-22,4.1923763e-11,0.0,0.0013324356,4.5254373e-11,1.5077479e-09,3.0603334e-20,1.317562e-16,2.6410242e-11,3.3570723e-11,0.9986657,2.7884425e-13,3.6059707e-11,3.807447e-17,8.79662e-12,2.1411562e-13,7.838891e-15
522,522,550,3,1.9398254e-22,6.855011e-08,0.0,1.0,1.5823087e-08,1.3323016e-06,3.6092918e-16,9.914027e-12,7.303846e-12,1.378527e-13,2.5156504e-07,5.403586e-12,1.9307335e-11,9.713885e-14,2.7014375e-11,9.979941e-11,4.1301567e-16
523,523,524,2,4.2450245e-37,7.2459253e-28,1.0,4.5940653e-37,1.2224481e-22,9.9359634e-24,7.5235904e-30,2.3690572e-29,6.4368657e-22,3.098028e-34,2.6162377e-25,2.4843204e-24,6.2354e-29,1.4421696e-25,1.1205644e-26,3.3037727e-29,1.6905057e-31
524,524,525,2,4.1585736e-35,6.080986e-25,1.0,4.0933827e-35,6.564701e-21,3.0076725e-21,8.68956e-27,3.1807133e-28,1.7121667e-19,1.6941727e-31,6.122771e-24,2.46467e-22,1.8077172e-28,9.072441e-24,3.9818707e-23,2.2499832e-26,3.929738e-29
525,525,529,2,1.0676002e-32,8.0712365e-22,1.0,2.494909e-32,1.3702397e-18,8.6929024e-21,2.0003106e-22,2.6514e-27,3.7513625e-18,7.0112366e-29,2.180261e-17,9.021718e-22,2.2256033e-26,8.247938e-21,6.7178734e-19,2.9192032e-25,8.075127e-27
526,526,527,10,2.75446e-23,1.24964905e-14,0.0,3.7214187e-17,1.7355378e-11,6.155551e-11,7.8899467e-16,4.348201e-20,3.1585068e-10,4.4614226e-16,1.0,6.044245e-15,2.072609e-17,8.946797e-15,1.6296701e-13,5.46585e-17,1.1856756e-19
527,527,528,10,1.7714267e-22,3.6521353e-13,0.0,1.2913619e-11,2.1537583e-10,6.101417e-08,4.3713584e-17,4.054999e-18,8.199891e-10,4.9242157e-09,1.0,6.0473187e-13,2.2390972e-14,1.4202087e-14,1.2452634e-11,1.59388e-15,7.2534645e-16
528,528,520,10,4.79632e-21,2.373165e-13,0.0,1.470311e-10,2.509146e-12,4.631591e-10,5.6164443e-18,2.790774e-20,2.3041838e-11,2.2965306e-12,1.0,1.17936785e-14,1.891914e-14,3.775341e-16,2.0546898e-12,1.4863227e-15,2.0172976e-16
529,529,530,2,7.6186865e-25,3.1450556e-16,0.99999815,1.4086718e-23,3.9793112e-12,4.2589405e-15,2.9132507e-18,8.2127435e-21,1.2739142e-11,4.1965247e-24,1.580217e-06,1.747759e-15,4.2938602e-18,5.4547118e-15,7.306092e-15,2.1676525e-20,2.9615738e-21
530,530,531,10,1.0567544e-23,3.1586588e-13,8.261968e-17,6.033251e-17,4.819693e-11,1.7443514e-12,3.6147326e-17,1.8914039e-19,2.1141325e-10,3.0341225e-19,1.0,1.499147e-14,2.426716e-16,4.045767e-14,1.9658247e-13,1.972573e-18,6.63363e-20
531,531,526,10,3.595686e-24,3.534345e-14,7.52e-43,7.469189e-18,1.003602e-11,2.8724187e-12,8.910412e-17,3.7665585e-20,3.247561e-11,6.6558153e-18,1.0,9.198841e-16,3.370857e-17,8.3282685e-15,3.3765376e-14,2.1474583e-17,4.9016238e-20
532,532,533,10,1.1105785e-23,5.7737107e-15,1.3398031e-22,2.5610384e-18,1.2399105e-13,1.3273754e-14,7.4085365e-21,4.1498917e-19,4.1732746e-12,1.3332175e-20,1.0,3.4522874e-14,2.7041232e-15,2.3651304e-13,1.2572446e-10,1.97695e-18,7.0393116e-17
533,533,534,10,2.2400608e-23,4.028886e-15,0.0,5.7320837e-10,7.193916e-16,3.9562217e-16,4.889581e-19,5.3440142e-20,1.1212982e-14,9.903106e-19,1.0,1.7910344e-13,6.670333e-17,2.5247539e-15,3.4487174e-12,1.0397932e-20,1.0182035e-15
534,534,595,3,1.0517364e-21,3.528685e-15,0.0,0.99945843,1.4282476e-09,5.918691e-13,4.523591e-11,3.1425716e-17,2.9985004e-11,5.9737985e-17,0.000539889,4.78618e-12,1.6664948e-16,7.6117864e-14,4.569948e-13,1.8591379e-16,1.3354706e-15
535,535,536,2,7.881102e-39,7.653222e-28,1.0,1.5339e-41,6.231872e-24,6.752052e-24,2.3450046e-30,1.1106259e-29,2.010599e-23,8.370298e-33,1.4755093e-31,1.1482023e-25,1.157445e-27,1.6825405e-24,7.908408e-26,8.810782e-29,3.4886923e-30
536,536,537,2,4.2315128e-35,9.016566e-20,1.0,2.6259745e-34,1.3705743e-18,2.6259957e-18,7.3383717e-25,1.7508683e-23,1.6869874e-17,8.120297e-25,1.9622585e-28,9.9020815e-20,2.715518e-20,3.182609e-19,2.790293e-21,9.514119e-23,3.540538e-22
537,537,538,2,2.5575532e-33,7.335459e-18,1.0,1.2480751e-32,7.6015284e-18,1.355398e-17,5.115003e-25,5.1455607e-22,5.37836e-17,3.496137e-24,1.2970146e-26,3.3561496e-19,1.3994142e-19,4.5262504e-18,1.3310989e-19,2.4753736e-22,1.6174009e-21
538,538,539,2,2.5629726e-34,2.242115e-21,1.0,2.406386e-34,1.1643137e-19,2.0669698e-19,3.3140615e-28,5.3025144e-25,2.8634703e-19,1.426089e-28,1.1215932e-22,2.8685182e-21,3.538929e-23,8.369364e-20,7.863635e-21,1.1296263e-23,8.185733e-25
539,539,540,2,3.7420192e-16,0.004903031,0.9836818,7.9861977e-19,7.6754695e-06,0.00636837,3.3408716e-12,2.3237987e-10,0.00043153032,1.5614227e-10,5.425483e-11,0.0039660996,1.5799917e-09,7.1342154e-05,0.0005684728,1.2272736e-09,1.9054079e-06
540,540,532,2,1.0076109e-18,7.79246e-10,0.9992565,2.2221414e-19,7.807456e-10,3.218522e-08,1.017602e-14,2.1041423e-15,9.01191e-08,2.0948749e-16,0.0006472356,4.3314214e-09,1.2482062e-13,8.697964e-09,9.552755e-05,4.5994523e-13,4.7667746e-12
541,541,542,2,4.350525e-27,8.40768e-17,1.0,2.9618804e-35,1.3627717e-15,6.057006e-16,7.2339225e-25,4.292983e-22,4.9233697e-13,6.734971e-24,2.7790127e-28,7.927659e-16,1.7264793e-17,5.294711e-18,1.5748688e-19,1.4364123e-22,7.4550376e-19
542,542,535,2,2.71785e-35,1.39796e-23,1.0,5.2424e-41,2.6127437e-20,2.1473814e-20,6.8720907e-28,9.435812e-27,1.4067576e-19,1.0151909e-28,4.4145928e-32,2.7721602e-22,1.6009916e-22,2.1466185e-21,3.4723756e-22,1.5372091e-25,8.1985106e-26
543,543,547,3,9.89815e-28,1.24043416e-08,0.0,0.6000546,0.39982474,6.398612e-11,7.5006557e-10,0.000118264456,1.11802456e-10,3.2694455e-14,6.6335553e-12,1.9814985e-07,5.5885774e-10,8.581959e-07,8.2475617e-13,2.5968236e-14,3.6201374e-12
544,544,543,3,1.267906e-28,1.2967066e-13,0.0,1.0,1.5918205e-07,2.5233494e-14,1.0712356e-16,3.8025832e-10,4.167448e-14,3.454484e-16,2.7915302e-12,1.3494157e-14,5.359444e-14,2.3833544e-12,4.062979e-15,3.8238945e-17,4.3975545e-15
545,545,484,3,4.5903038e-27,5.430951e-18,0.0,0.9999923,6.5818475e-15,9.6042525e-17,2.8371424e-22,6.686561e-17,9.173802e-20,4.7483843e-22,8.177199e-06,7.325648e-17,7.598994e-21,1.5465305e-19,3.7809502e-22,8.725356e-22,6.748689e-21
546,546,901,4,1.1654992e-21,1.9799478e-09,0.0,4.013841e-13,0.99545187,7.7179894e-12,1.0065168e-09,0.004546393,5.302255e-16,7.564495e-12,9.698462e-18,6.848376e-07,1.0233807e-11,3.1116852e-11,1.1142755e-14,2.7379216e-21,1.5514628e-06
547,547,548,4,3.0608262e-26,2.3631241e-09,0.0,1.8193949e-21,0.99998474,8.25016e-09,2.0565278e-09,2.395629e-15,3.9778586e-10,3.0949504e-08,4.6309117e-21,1.8551721e-07,5.8579914e-08,1.4099642e-05,3.6262363e-10,3.5927348e-11,1.2590012e-10
548,548,549,4,4.332118e-23,7.9134216e-10,0.0,7.2056484e-22,0.9999543,2.4563914e-07,2.1141011e-09,3.5568745e-16,1.6007207e-10,7.887368e-06,3.2838365e-19,3.1198297e-09,2.2845906e-08,3.4671903e-05,1.7800438e-06,1.3856206e-09,1.13097e-11
549,549,580,4,9.406803e-28,3.720181e-11,0.0,1.7435707e-22,0.9999886,3.5477132e-09,6.453227e-11,6.578832e-16,4.955794e-11,2.3301745e-08,2.1617648e-20,1.1997106e-13,3.6871228e-10,1.1862903e-05,2.2138271e-09,2.7617368e-11,1.0502418e-12
550,550,551,5,1.6354166e-15,3.0476467e-05,0.0,7.306681e-14,0.0046706414,0.99520504,9.160539e-07,6.859339e-12,4.9106723e-09,4.461759e-10,4.3527317e-20,4.165508e-07,2.8263585e-09,2.7746704e-05,6.52939e-05,6.8795534e-09,2.1660716e-07
551,551,552,16,2.0532892e-25,1.6660995e-10,0.0,1.8197418e-21,1.2095903e-06,1.1785235e-12,2.3719472e-17,1.7486709e-17,7.888522e-11,1.1830705e-16,1.4361478e-24,8.533453e-06,6.514375e-09,7.525375e-14,1.8622922e-13,2.747486e-20,0.9999886
552,552,553,1,6.5597314e-25,0.99980927,0.0,1.01319e-22,3.400025e-05,3.4146592e-06,3.3926075e-09,1.4653175e-16,3.5027108e-13,1.5126042e-09,4.8691013e-21,0.00014686842,4.5022878e-14,1.0221794e-10,5.4895554e-06,5.3509784e-17,1.7066383e-10
553,553,554,1,1.5231181e-18,0.9989248,0.0,1.4949435e-22,1.4965826e-05,3.956787e-05,1.0763376e-12,1.300838e-14,1.9384032e-09,1.02456085e-10,3.1971e-20,0.0007960375,1.1457933e-07,4.182949e-12,1.4456245e-08,3.796074e-11,0.00022327286
554,554,666,11,8.550104e-21,0.00048609963,0.0,1.1501839e-25,1.1849916e-06,7.730499e-08,4.041878e-15,1.9045797e-13,9.5220186e-11,1.1161223e-13,6.7565424e-22,0.99949664,1.0632395e-09,5.559311e-13,1.2047841e-11,3.210596e-18,1.7038974e-05
555,555,556,11,3.2391262e-24,3.8948383e-10,0.0,2.888085e-28,0.0022229564,4.3647065e-11,7.211361e-09,1.4871179e-06,1.0765617e-15,5.813822e-16,1.0379239e-25,0.99777466,5.915006e-15,5.2789635e-09,1.5905938e-15,1.7950198e-19,3.5054228e-14
556,556,557,6,7.446447e-21,3.3629913e-05,0.0,3.102227e-26,0.0002514829,7.5597054e-05,0.5498204,6.278761e-09,1.6574943e-06,5.2797543e-07,1.8168607e-24,0.4305116,2.7765465e-11,0.019303374,4.3443387e-12,1.8456841e-08,1.8531198e-08
557,557,551,6,1.1934495e-18,1.3198072e-06,0.0,1.8885071e-25,1.2335467e-05,1.5640257e-05,0.99977875,2.0851115e-13,1.3641119e-10,2.7876327e-14,4.8730514e-24,8.879182e-05,2.0559936e-17,0.0001016901,1.2462212e-07,1.9677166e-12,1.0474661e-10
558,550,558,5,1.0312017e-20,2.5014865e-08,0.0,5.4153676e-20,2.6988358e-08,1.0,3.3556572e-15,2.3734488e-18,2.6108355e-09,3.0248004e-09,2.0872575e-23,6.8777026e-13,8.8557625e-15,1.2627157e-08,6.6320083e-13,6.933359e-07,6.661792e-16
559,558,559,5,1.55428e-17,7.829833e-08,0.0,1.8714349e-22,1.10388625e-11,0.9997521,1.3608082e-15,3.4243548e-19,1.3659559e-09,1.6692516e-14,1.5480686e-22,2.3912125e-13,3.3526025e-13,3.294251e-11,1.7426961e-11,0.00024693322,1.1265928e-15
560,559,560,5,6.815633e-17,7.234316e-08,0.0,1.6520333e-22,1.258035e-12,0.9980602,6.326735e-14,7.457154e-16,4.2477458e-07,8.5964265e-18,2.4897914e-19,1.604893e-07,2.561814e-08,7.320638e-12,1.4601557e-09,0.0019372926,1.2934811e-12
561,560,1397,11,2.689776e-19,1.7167496e-06,0.0,9.179464e-22,3.0705624e-07,0.00012389424,1.1463774e-10,1.1682782e-11,6.033808e-08,3.658891e-17,2.3457165e-18,0.9997101,1.423919e-07,3.7462955e-13,1.4102512e-10,1.1730526e-10,0.00016482589
562,555,560,11,3.6304688e-19,2.843481e-07,0.0,2.679711e-25,1.6347684e-07,2.726133e-07,1.771705e-13,6.8772794e-14,6.793845e-12,2.5238983e-14,1.5727541e-21,1.0,1.8552946e-12,7.428635e-12,1.5505116e-12,6.3558097e-22,4.9570144e-07
563,561,562,4,1.7718217e-26,2.1480078e-09,0.0,4.984509e-22,0.6681057,4.4649795e-09,6.4872454e-09,0.26110652,5.3460288e-14,2.4308126e-15,6.20811e-20,0.07078599,1.956645e-13,1.9506137e-08,1.0623739e-13,9.71006e-16,3.1567363e-10
564,562,563,7,2.9090192e-26,2.0957248e-06,0.0,1.1575184e-30,0.08647608,2.2051182e-11,5.4139342e-08,0.80111694,2.000998e-14,4.034882e-16,3.7372538e-24,0.11238237,2.0712898e-09,2.3338876e-05,2.0474924e-11,6.290061e-14,1.5122442e-12
565,563,599,7,7.643938e-22,2.0123966e-06,0.0,6.341301e-30,0.0019972343,2.0023374e-11,1.7010707e-07,0.9977633,3.8649778e-14,5.727965e-17,1.8620445e-27,0.00023604635,8.4032396e-13,1.8153805e-06,3.9244987e-12,1.6009241e-15,1.1327682e-15
566,564,565,1,3.644653e-25,0.9999809,0.0,3.1317228e-21,7.567867e-06,7.651599e-10,2.154556e-17,1.4699762e-15,5.4399116e-09,3.8967903e-15,7.3336334e-20,1.3375678e-05,7.803513e-13,3.1278705e-11,5.3629965e-16,1.8604452e-14,3.3525165e-11
567,565,566,1,2.3305074e-27,1.0,0.0,1.8067255e-27,1.8768653e-10,9.220136e-15,6.266679e-16,1.365434e-18,2.6071168e-14,1.4477135e-19,3.4364375e-24,1.960967e-10,1.592628e-15,6.737193e-13,1.3530535e-16,1.8778346e-15,3.1842033e-17
568,566,567,1,2.7181836e-26,1.0,0.0,4.2828946e-28,4.6838786e-11,6.940248e-12,3.2388257e-19,2.3789144e-18,1.228096e-12,2.2676986e-19,5.5346764e-22,2.4701818e-10,2.205849e-12,7.360826e-11,3.9343688e-16,4.704726e-10,1.1190116e-15
569,567,568,1,3.591505e-24,0.9999962,0.0,3.0531047e-27,1.6310487e-08,4.090908e-09,3.125857e-17,2.0918686e-12,3.5386135e-11,1.8882114e-18,5.601507e-19,1.3802735e-06,9.009539e-08,1.0669914e-06,3.967688e-11,4.2173713e-09,3.2724188e-12
570,568,569,1,2.923303e-18,0.8924364,0.0,1.0883954e-24,0.000119819306,3.6352444e-07,2.9631672e-06,0.0001259519,7.9804174e-10,3.192524e-16,6.724804e-17,0.00014231607,3.5534613e-06,0.10710355,6.3751206e-05,9.2491655e-07,5.624615e-10
571,569,585,6,4.3003472e-20,2.9740552e-10,0.0,3.8537025e-28,4.8089267e-05,2.8977173e-14,0.9999504,8.996783e-11,7.6070434e-17,6.859245e-24,7.231349e-27,7.031171e-12,1.452944e-16,9.012427e-08,1.3467882e-06,2.096799e-11,3.675852e-14
572,570,571,11,1.05172324e-23,2.9148967e-10,0.0,2.437669e-27,0.00037429843,8.5918765e-09,9.1987405e-15,7.115025e-13,4.726279e-16,1.0016715e-09,5.1302674e-24,0.9996263,7.882154e-09,4.2553273e-11,4.1654925e-14,7.389343e-21,8.464477e-10
573,571,572,9,2.8562682e-20,8.130135e-07,0.0,4.0070333e-28,0.026383173,7.892339e-05,8.3511446e-07,1.0562082e-12,6.1450606e-12,0.97285604,1.2309641e-23,0.0006440756,1.6832194e-11,8.855225e-07,3.3822642e-05,9.436788e-11,2.7414497e-09
574,572,547,9,1.4882812e-21,6.4168084e-08,0.0,1.0797997e-28,0.00014235193,6.638363e-05,1.502018e-10,7.9581055e-17,4.5232654e-10,0.99978644,6.340236e-23,1.0654535e-07,3.575959e-10,8.249696e-07,3.5476644e-06,4.6609472e-08,7.464687e-11
575,573,574,11,2.0823417e-24,5.0222476e-05,0.0,9.306183e-29,0.000100899895,1.7332182e-08,6.140787e-15,1.1676066e-09,1.2619563e-13,5.1331683e-15,8.013218e-23,0.9998474,9.082999e-10,3.8283304e-10,6.6416695e-16,1.2699939e-18,4.049493e-12
576,574,575,4,1.1562815e-17,0.00018693185,0.0,4.3429184e-25,0.980879,2.4570102e-07,4.4090379e-10,2.4638483e-10,6.72559e-12,1.0369573e-12,4.411169e-20,0.01893261,3.9327716e-12,6.967027e-08,5.043568e-09,2.1558714e-17,7.21285e-08
577,575,548,4,1.1950697e-13,0.00022238799,0.0,3.03843e-20,0.9976149,1.2987539e-09,8.865249e-10,8.302511e-15,2.718837e-11,4.085646e-12,7.364812e-19,3.3557876e-06,2.7164292e-13,2.0821091e-11,6.2635735e-08,8.614992e-14,0.0021601676
578,573,577,11,1.5157361e-30,4.6887712e-06,0.0,1.982412e-31,0.00010963657,1.6094779e-08,3.1227184e-12,9.0436145e-11,1.1155094e-13,1.2753174e-14,1.3792886e-22,0.9998856,4.9431653e-10,2.7147669e-09,1.9994794e-14,6.411546e-16,2.6410906e-14
579,576,564,4,2.5072108e-29,6.0126664e-09,0.0,1.6418225e-24,1.0,5.104959e-12,4.223299e-15,1.3971781e-13,9.700342e-12,1.2825e-12,2.3446562e-22,1.4233812e-07,1.713997e-11,1.1731882e-08,1.7965678e-12,3.2563246e-15,2.3405039e-12
580,564,577,1,8.580041e-19,1.0,0.0,6.5721265e-26,4.154096e-08,5.3616577e-12,1.3021032e-15,9.75374e-19,4.511805e-10,8.165744e-17,1.6783315e-21,2.1682611e-08,1.3288244e-14,2.7216166e-12,1.8929868e-17,2.9591164e-18,1.0012941e-15
581,577,578,1,1.8319114e-19,0.99991995,0.0,1.2001694e-26,8.1026796e-05,9.257928e-13,1.117416e-08,4.363461e-17,9.003027e-12,4.493726e-14,4.3314117e-21,6.10277e-07,2.1358444e-14,3.6938204e-12,1.6271559e-11,1.6845576e-16,6.1371166e-13
582,578,579,4,3.7224985e-24,4.426398e-09,0.0,3.353986e-27,1.0,2.6590648e-14,1.3919849e-07,5.815985e-12,8.5425576e-17,2.2617473e-18,1.01042876e-25,1.652026e-08,4.624989e-17,1.7074245e-12,5.208846e-11,3.5252168e-21,1.868598e-12
583,579,549,4,1.2473766e-15,1.850389e-05,0.0,5.356032e-21,0.99688065,5.2582334e-05,1.7492383e-09,1.7036167e-14,7.0016484e-12,3.8816413e-08,1.9352542e-18,0.003046197,8.709031e-14,1.5687884e-12,3.838293e-08,8.8935874e-13,3.5723107e-07
584,580,581,5,7.289509e-20,2.599267e-10,0.0,1.3957852e-24,6.309717e-07,1.0,9.623942e-18,7.996619e-20,1.8479585e-09,7.3567975e-07,2.0796477e-19,4.8318316e-08,1.06671284e-17,2.7778814e-11,5.8611915e-14,4.8494635e-09,4.5470047e-16
585,581,582,5,1.4839804e-18,1.900513e-08,0.0,1.3271662e-24,0.0013332289,0.99779755,1.03236964e-07,1.1996361e-15,4.868571e-10,4.440198e-09,2.1302012e-18,1.0898792e-08,1.170676e-15,1.401342e-05,0.00085602625,1.9841156e-07,2.3036229e-17
586,582,583,5,9.659845e-17,2.0462326e-06,0.0,2.4219147e-25,0.00057707704,0.99048966,3.4156216e-07,9.598228e-13,1.3767698e-08,1.9033824e-12,1.10687685e-17,1.0283492e-06,1.684426e-12,0.0007663043,0.008154534,7.843382e-06,3.3190523e-17
587,583,576,4,1.2420652e-27,8.094265e-08,0.0,2.3091705e-28,0.9996987,3.2604366e-09,1.7496755e-05,1.449054e-07,1.07550796e-13,2.1579873e-16,9.521385e-22,0.00028191943,3.1686275e-13,5.3660705e-07,1.221199e-07,1.3883745e-13,2.1584863e-19
588,576,561,4,1.8226938e-29,4.5593087e-13,0.0,3.7923503e-28,1.0,1.0918479e-15,4.9541167e-09,9.9100624e-11,1.0013322e-15,6.4028233e-15,3.0028416e-24,8.5094465e-10,2.3981183e-13,1.2087674e-09,2.422783e-10,6.0524663e-20,3.137803e-10
589,584,1397,16,1.0736567e-25,7.5597e-14,0.0,8.8472384e-26,1.8545361e-06,1.0135249e-17,9.185342e-16,4.26438e-18,1.3847024e-15,3.2318345e-15,1.4796729e-26,2.104574e-09,1.2021682e-17,1.1740104e-18,3.1545646e-13,4.781907e-28,1.0
590,585,599,14,3.437565e-09,2.2555897e-08,0.0,7.9126323e-26,1.3940162e-05,1.5009483e-08,0.0006799655,3.5405403e-13,1.7413351e-17,2.7180404e-17,3.7916727e-27,8.776878e-12,2.0507745e-12,1.19035526e-07,0.99930596,5.1178837e-13,6.1391936e-15
591,586,667,16,4.731839e-22,1.3709853e-06,0.0,4.8966026e-25,6.0517013e-06,1.5055789e-12,4.6542913e-20,4.5425766e-19,9.184774e-10,8.134089e-11,2.3399957e-19,0.0063441955,1.1257971e-09,3.0053437e-14,3.1261257e-13,9.275675e-20,0.9936497
592,587,565,1,1.618493e-29,0.9999962,0.0,3.848225e-27,1.0998749e-06,4.1143058e-16,2.181087e-15,7.7056005e-13,2.6936968e-13,1.7445162e-21,8.395755e-25,2.5791232e-06,6.9528716e-09,2.4686629e-12,1.0577322e-12,4.027351e-14,4.637438e-12
593,586,588,1,2.6797487e-27,1.0,0.0,1.8019849e-25,1.234697e-10,2.9230652e-13,1.1582499e-18,3.1276618e-22,2.2324929e-09,2.9624306e-15,2.594141e-21,8.973207e-10,9.6907845e-15,2.2977878e-16,3.856132e-19,1.0687277e-12,1.14812725e-11
594,588,589,1,8.408439e-27,0.9997367,0.0,4.5331957e-26,7.799712e-11,9.228001e-11,6.4115146e-18,3.3066767e-19,4.7162175e-06,3.1595924e-17,1.0075786e-21,1.77696e-10,3.448252e-11,2.871494e-15,1.5535558e-18,0.00026010504,6.471166e-13
595,589,590,15,1.6774977e-23,2.4599345e-08,0.0,1.5411717e-26,2.683863e-11,1.1914118e-10,1.88414e-17,1.903698e-16,0.006343857,9.5498984e-23,1.4381213e-24,1.6310438e-14,2.4466548e-08,8.392957e-13,4.5962857e-17,0.9936573,1.9360703e-14
596,590,591,8,7.131835e-16,5.6014713e-09,0.0,2.3815792e-22,1.4800972e-10,1.1431919e-06,1.1792035e-18,4.136056e-15,0.9722883,4.821394e-22,4.5817817e-21,6.351604e-11,5.07125e-10,4.4807338e-14,1.5366693e-18,0.027710782,1.2844124e-15
597,591,592,8,2.0563871e-16,2.640139e-10,0.0,3.975763e-26,1.2982905e-13,2.4677801e-10,2.732603e-19,5.4572633e-18,1.0,3.6234828e-26,1.7813726e-24,1.2266953e-13,2.5528363e-10,1.7273311e-15,9.681997e-21,1.0063764e-06,1.8737292e-13
598,592,593,12,8.235507e-24,6.441685e-13,0.0,1.7862069e-28,5.3655425e-13,7.8241635e-07,4.0937855e-14,1.323602e-16,0.0011683141,1.1292716e-18,1.5884651e-23,4.4028116e-06,0.9733942,1.849718e-13,7.069944e-15,0.025433017,1.6375828e-15
599,593,594,12,1.8960181e-21,1.643236e-12,0.0,2.3135876e-21,1.6114178e-10,1.03891535e-08,3.505759e-13,6.1155855e-15,2.7059307e-06,3.987803e-21,1.362754e-18,0.2353077,0.76469064,1.068313e-10,2.4838345e-11,1.2423347e-13,8.814696e-11
600,594,602,12,5.7598985e-29,6.4850265e-14,0.0,6.744067e-33,2.6724486e-13,1.2112944e-13,2.8251093e-16,1.1349308e-15,7.3643754e-08,3.385521e-25,1.3038782e-22,3.2220967e-08,1.0,4.2275008e-10,3.9278755e-16,2.6291846e-17,1.9095525e-09
601,595,596,6,2.759613e-16,2.2222985e-15,0.0,7.635284e-29,4.211616e-09,1.8286605e-16,1.0,3.6124465e-16,2.624519e-14,1.5907659e-20,1.2856283e-22,2.4419342e-10,1.3882272e-19,2.0037975e-10,1.0316443e-09,1.08365e-20,2.631973e-18
602,596,606,6,4.378047e-11,1.7091172e-14,0.0,1.3832955e-26,1.4913194e-09,1.3933452e-14,1.0,2.5228463e-16,4.3268714e-13,3.7089696e-20,1.5738763e-21,6.631055e-11,2.7883276e-19,9.692769e-10,1.1290835e-08,3.0785892e-19,5.0266997e-18
603,597,598,7,3.8461382e-21,1.876577e-12,0.0,5.2375858e-23,1.1474685e-07,1.0325925e-10,7.124562e-12,1.0,3.704322e-10,1.17560015e-20,5.7994447e-24,5.599704e-07,1.6990106e-12,3.6071575e-09,3.9916987e-14,3.4602133e-13,3.6202074e-19
604,598,609,7,9.4521856e-23,2.945592e-17,0.0,3.032342e-18,1.277248e-10,5.3183277e-13,1.3832224e-10,1.0,2.096389e-13,1.4822125e-22,1.0005448e-24,5.6801586e-10,6.0281986e-14,1.6206594e-09,1.0533336e-15,2.2489328e-14,1.5125158e-19
605,590,616,15,4.487865e-15,4.6233852e-09,0.0,7.443794e-24,1.0071692e-10,8.687585e-09,2.0517405e-16,8.985634e-19,0.053432267,8.280681e-24,9.250815e-24,6.035996e-15,1.3470436e-08,7.585482e-10,2.3999095e-15,0.94656795,1.2469198e-15
606,599,600,7,1.3598879e-10,2.2255862e-11,0.0,2.9617161e-24,4.3768534e-07,3.5826655e-09,4.9809955e-06,0.9578975,8.814638e-09,1.4667614e-22,1.6794399e-28,2.2197563e-08,1.7148553e-09,0.04209639,6.7280377e-09,5.287372e-15,3.829283e-16
607,600,601,13,3.999168e-06,1.791125e-07,0.0,6.58368e-23,4.426073e-11,2.2213486e-08,3.5968867e-05,4.6724114e-08,1.2695465e-06,9.795401e-24,5.677565e-23,4.9424704e-09,3.2423975e-12,0.9999504,9.246454e-06,6.100206e-16,2.80637e-13
608,601,597,7,3.3481206e-18,1.5713564e-14,0.0,1.8565629e-26,1.1530806e-07,9.110206e-17,7.755322e-05,0.99992365,2.0358478e-12,6.951993e-25,6.8746864e-28,1.512587e-09,1.5676084e-14,2.9527591e-09,2.0440585e-11,7.5797496e-19,6.5880054e-14
609,602,603,13,0.005850659,6.2728814e-06,0.0,1.5584028e-21,7.7283585e-05,0.0033274302,3.7732994e-07,1.5465207e-09,0.008387174,2.4689377e-18,5.070136e-22,3.517583e-08,3.1834358e-11,0.98235065,4.9859825e-11,8.893406e-08,1.980971e-13
610,603,604,0,0.99955374,1.810004e-10,0.0,2.2686965e-24,2.4574184e-10,1.0051896e-08,3.313689e-09,1.1061983e-15,1.1775641e-08,2.2481602e-22,1.0698337e-26,1.122879e-12,4.4904118e-17,0.00044524722,9.359921e-11,3.8288068e-13,3.5390921e-15
611,604,605,0,1.0,2.4517535e-14,0.0,6.67758e-27,1.19347e-14,1.0159482e-13,1.0581983e-12,1.6120347e-15,6.532572e-11,6.9721366e-29,3.7815857e-29,7.29103e-15,2.172109e-17,4.2070496e-08,1.7099895e-12,5.3596576e-18,4.9938283e-17
612,605,606,0,0.9948634,3.8092867e-12,0.0,2.7319916e-24,3.0015816e-09,9.4434134e-11,0.005136863,2.266631e-15,7.93686e-08,5.149426e-23,1.721399e-21,1.3380135e-10,1.3579132e-17,9.317397e-09,2.1083356e-08,7.018595e-14,9.8419655e-15
613,606,607,0,0.94539875,1.1385186e-12,0.0,6.3253094e-22,3.4187206e-09,5.15768e-09,0.05441654,4.0141908e-14,0.00018481254,1.1404987e-23,1.8625981e-20,2.696425e-10,3.6611983e-15,4.3935287e-08,8.2155545e-08,8.910911e-12,4.281042e-16
614,607,608,0,0.9999962,2.590548e-16,0.0,7.6274514e-22,6.2250577e-15,8.022413e-11,6.3641556e-07,7.142021e-15,2.4452859e-06,8.544024e-32,8.9427986e-24,6.438537e-14,9.401843e-15,5.0176774e-10,3.2694022e-10,4.4386624e-14,3.3144705e-18
615,608,609,6,2.5793187e-22,1.231553e-13,0.0,1.9766173e-26,1.8877701e-05,2.101989e-18,0.99848294,0.0014990637,1.1008066e-14,4.0973603e-23,1.585892e-23,3.1191174e-08,2.445797e-15,1.6713722e-08,6.1835376e-10,2.504756e-20,5.8557834e-14
616,595,597,6,2.8367953e-15,6.1455005e-14,0.0,9.8284635e-29,2.8746306e-06,1.850436e-15,0.9999923,3.1613222e-06,3.2719334e-11,3.5033232e-22,1.7670177e-24,3.9035547e-10,1.592785e-16,3.343226e-07,1.2780401e-06,9.215239e-17,1.2516785e-11
617,609,610,7,1.3998659e-22,4.5567353e-13,0.0,1.3507222e-24,1.1039102e-06,2.0238909e-13,5.1154257e-05,0.9999466,6.017757e-10,1.6211882e-20,2.5583275e-23,2.2861013e-06,9.309865e-09,7.0289093e-07,4.878789e-13,1.5961373e-15,1.7026998e-15
618,610,611,7,6.925581e-16,1.0023414e-07,0.0,1.9844618e-24,0.00051179854,4.3930813e-06,0.00035475055,0.9244503,4.447708e-09,5.48367e-15,3.5499135e-20,0.028780818,1.02783215e-05,0.045824025,6.220485e-05,2.1049598e-09,9.996653e-14
619,611,626,1,1.0569421e-26,0.98557484,0.0,2.1044901e-20,3.2668177e-05,4.9692424e-08,2.1279231e-14,5.673015e-09,6.412948e-06,1.10839594e-13,1.6164057e-16,1.2033357e-06,0.0143378815,4.7510162e-05,9.718152e-13,3.4993158e-07,2.1957483e-13
620,602,629,1,8.529782e-12,0.93581486,0.0,1.1697221e-20,0.0016900784,9.889803e-07,2.0048624e-08,0.001752122,0.051419824,4.5214582e-23,1.9375291e-18,4.7768847e-09,1.8887263e-07,0.009321371,2.3620248e-09,3.7924928e-14,3.5052312e-09
621,606,633,6,0.45558417,2.5496735e-10,0.0,1.2204492e-22,2.864042e-09,5.9497745e-12,0.5422221,7.7755736e-15,1.864162e-05,2.3680822e-21,1.7969254e-18,5.2266604e-11,4.1341126e-09,5.908947e-05,0.00211669,6.7307898e-15,1.4948721e-11
622,609,636,6,7.279516e-17,2.8599295e-14,0.0,4.3204006e-23,1.4695666e-08,2.658995e-13,1.0,2.8375528e-15,1.7004785e-09,5.936746e-17,2.4083817e-24,2.679956e-10,3.6206604e-13,5.1255167e-08,2.412187e-10,8.1699275e-15,5.2815516e-13
623,595,612,6,4.7422668e-14,9.870965e-13,0.0,3.714323e-27,3.36013e-06,3.9297677e-14,0.99998474,4.0245047e-09,2.2425243e-07,8.797868e-18,4.4101744e-21,1.0467497e-05,2.4011093e-15,6.653891e-09,1.3886785e-10,2.57435e-18,5.55416e-13
624,612,613,6,2.800521e-05,7.69361e-15,0.0,2.885745e-24,3.708683e-07,1.4756987e-11,0.9999695,1.1393093e-12,1.1051046e-10,2.116707e-17,1.707749e-21,7.442123e-08,2.9724551e-18,9.13632e-07,2.5162729e-08,7.126959e-18,1.0218181e-15
625,613,614,0,0.9928692,8.347552e-13,0.0,3.6574442e-22,4.3489928e-07,4.985843e-06,0.0027484004,5.7588027e-13,9.983303e-09,7.481401e-16,8.293876e-21,4.2662748e-07,4.9197245e-18,0.0043765283,1.9228737e-06,2.5018345e-12,1.2329813e-14
626,614,615,0,0.9951822,8.0348517e-10,0.0,1.8339723e-21,1.6003752e-07,9.70156e-05,2.060246e-05,9.318835e-13,5.560476e-06,2.9293215e-17,2.3941337e-20,2.829405e-06,3.985061e-16,0.004690496,1.248363e-06,6.7702515e-12,9.6245225e-12
627,615,616,6,9.4827625e-11,9.75389e-11,0.0,5.0313156e-21,1.0590765e-05,1.9998079e-06,0.98067325,1.2729019e-14,4.5184537e-10,5.99714e-15,1.1785272e-21,1.1194773e-07,5.149074e-15,0.01924345,7.003383e-05,1.616363e-08,6.440966e-15
628,616,585,6,9.797945e-16,1.00220984e-10,0.0,1.926878e-26,1.8651295e-05,7.0235306e-12,0.9992069,1.715454e-13,3.3869464e-15,1.9373267e-21,7.8533926e-26,2.7719115e-11,1.9626284e-10,0.00023464761,0.00053947105,8.0172e-14,5.681472e-13
629,617,620,6,7.663227e-17,1.9141088e-11,0.0,1.991087e-11,5.1712565e-08,1.1269099e-09,0.9999962,3.8996605e-15,1.3712453e-08,2.2991029e-16,6.787459e-16,5.0965752e-11,4.0704678e-17,2.9643543e-06,1.4428204e-08,5.636594e-12,2.439776e-16
630,584,618,6,5.9444876e-20,2.4684418e-08,0.0,4.532024e-24,0.337647,9.364436e-08,0.6414335,3.4172044e-11,5.681177e-10,6.638365e-12,2.8828214e-22,2.9264343e-06,3.8740074e-16,0.0040156837,0.016900921,6.954985e-19,5.8783756e-11
631,618,619,13,5.6914443e-15,5.5535567e-09,0.0,2.3564076e-25,4.8229995e-05,0.0040562213,5.329903e-06,2.9702834e-15,5.3103504e-09,1.2455533e-11,5.4980854e-21,6.24636e-11,5.4495566e-14,0.9929487,0.0029428499,2.7230274e-13,5.8967725e-10
632,619,620,13,1.3600356e-14,6.076525e-13,0.0,3.394379e-25,4.808447e-06,0.00015704354,0.0019925237,6.770111e-15,2.9832393e-08,3.187795e-13,1.603571e-22,1.1839488e-12,9.982952e-18,0.99777085,7.329913e-05,1.1338528e-08,8.770948e-13
633,620,621,13,1.8557509e-16,6.621088e-13,0.0,3.637946e-24,4.6382817e-07,1.61163e-06,0.0004673776,4.809961e-10,1.475471e-07,5.563848e-14,3.5234366e-24,7.296971e-11,2.7677956e-15,0.999531,4.8902237e-08,1.1871072e-09,1.6161136e-19
634,621,622,13,1.511237e-17,2.66244e-10,0.0,6.849328e-26,1.04218664e-07,5.0367663e-07,9.195835e-06,3.2646916e-10,5.234088e-09,1.4458047e-18,8.151632e-20,9.466926e-12,3.6289293e-13,0.999794,0.00019553633,2.3556672e-13,3.2199167e-11
635,622,660,7,2.4824041e-26,1.7157435e-11,0.0,5.8950313e-28,4.073735e-07,7.6084344e-10,1.890753e-06,0.996451,9.080499e-11,4.243564e-16,5.7147065e-28,1.8566234e-07,3.1634628e-10,0.0035466552,2.2223463e-10,9.829754e-11,3.697508e-15
636,623,624,11,2.256817e-26,0.00013182941,0.0,4.4590055e-24,2.9775674e-07,5.1315783e-09,3.153506e-13,7.741807e-14,2.3724945e-06,7.075104e-13,1.6759012e-20,0.9998665,7.5262335e-07,4.847034e-12,7.291512e-20,9.597313e-13,8.882103e-11
637,624,625,8,1.1199811e-15,1.6303053e-12,0.0,6.6686946e-20,5.899177e-11,0.00016081189,3.2086394e-09,1.38280805e-14,0.9998397,2.325982e-16,2.5051547e-22,1.0583408e-06,5.9975926e-09,1.4499018e-12,1.9634397e-15,3.9682972e-09,4.242314e-18
638,625,617,8,9.694603e-13,1.5812398e-09,0.0,4.1802862e-19,1.1403067e-09,0.055236597,0.0036485752,9.362657e-14,0.9383029,2.390638e-13,9.3313534e-21,0.0028123965,3.6937955e-10,1.874254e-10,9.230642e-11,3.052577e-07,7.2058706e-14
639,617,658,6,2.0162976e-16,1.648014e-11,0.0,7.522539e-20,4.4965304e-10,6.530142e-11,1.0,1.137769e-17,2.3960337e-13,1.0328715e-19,1.15414066e-23,1.2888084e-10,4.2353263e-19,4.072752e-09,5.0236775e-08,8.101676e-16,1.0881223e-15
640,623,655,6,1.835351e-21,2.2560509e-11,0.0,8.43926e-26,3.700109e-05,1.034669e-13,0.99996185,5.7779337e-10,2.824921e-12,3.152142e-16,4.5418998e-27,1.3174619e-08,1.157907e-15,2.392845e-06,3.9700687e-09,9.089179e-15,9.962035e-17
641,626,639,12,1.1344047e-19,1.9463294e-11,0.0,4.2455083e-23,1.6266637e-06,4.336689e-12,8.415141e-13,4.4600126e-15,1.7600385e-05,1.039366e-18,9.536855e-25,6.070732e-13,0.9991192,0.0008612604,1.3781564e-09,7.791552e-14,1.6803002e-11
642,627,642,6,2.289301e-16,4.7896843e-13,0.0,7.7392244e-25,1.0402086e-07,1.2643257e-15,1.0,9.601254e-16,4.0165042e-14,3.0120317e-16,3.6740373e-25,2.5902607e-09,4.6817417e-16,4.771471e-11,2.7747191e-08,1.2358811e-23,2.2537628e-11
643,628,1398,1,7.522573e-11,0.92154896,0.0,2.9666484e-15,0.010854058,0.0040499438,4.330949e-06,7.482841e-13,6.1078614e-10,1.2940014e-09,4.9289004e-22,1.529653e-08,2.081727e-12,0.000110936555,0.06333221,3.352249e-10,0.00010022473
644,629,630,13,9.771311e-05,4.848789e-05,0.0,6.702829e-17,0.04874445,0.4011554,2.1888678e-11,4.849519e-09,0.005040006,1.7057142e-10,5.037512e-16,0.00029220976,2.2633695e-11,0.5446226,8.283736e-11,9.268754e-10,6.8279625e-11
645,630,631,0,0.9999543,2.909206e-12,0.0,6.702042e-23,2.4942898e-10,2.1807794e-07,4.8902458e-14,1.8438046e-16,1.1577892e-05,7.3085426e-23,3.2086377e-25,6.0505263e-13,3.2453977e-16,3.2832588e-05,4.2939692e-13,1.7340338e-13,1.1289934e-15
646,631,632,0,1.0,2.8568175e-17,0.0,9.756974e-27,6.031197e-19,4.673424e-13,4.5209546e-17,1.4910494e-20,6.01254e-09,9.864964e-31,1.075031e-30,6.368713e-17,7.630506e-15,5.545663e-12,4.0542588e-13,2.78029e-17,2.2101224e-17
647,632,633,0,0.7632306,2.8338683e-12,0.0,2.1713165e-22,2.0483975e-12,3.5261913e-10,6.290976e-13,1.359391e-16,0.23676908,7.868858e-28,5.999825e-20,5.6973397e-12,1.25021365e-11,1.0927793e-11,5.247292e-13,2.6555486e-13,2.6915792e-14
648,633,634,8,9.09671e-07,3.49685e-13,0.0,2.722609e-23,2.5629913e-12,7.9023125e-12,3.2831325e-13,1.5542875e-15,1.0,1.3428634e-29,4.044966e-21,9.599909e-14,5.207495e-11,1.6061872e-12,3.4298916e-15,1.1077367e-13,3.1345156e-16
649,634,635,8,0.043730095,3.3600301e-12,0.0,1.1687733e-18,1.1543986e-11,3.895097e-07,7.25787e-07,2.81277e-12,0.95626915,1.0934674e-26,4.391362e-18,3.324727e-11,1.4517208e-07,1.1891649e-09,6.519325e-08,1.757198e-08,1.13394516e-13
650,635,636,12,1.3259592e-13,1.1160232e-15,0.0,1.28281286e-20,4.168983e-10,2.060228e-07,3.3958185e-09,1.3657657e-13,0.37675288,1.8187233e-19,5.160761e-20,1.3231076e-08,0.62137383,1.6106073e-09,5.880798e-11,0.0018736102,9.218958e-11
651,636,637,12,1.1884839e-18,6.997129e-14,0.0,1.2826159e-22,7.321667e-13,6.7718364e-09,5.092753e-16,3.797802e-16,0.03159279,8.3753804e-17,3.0008862e-22,9.541877e-10,0.9684054,4.3068473e-13,9.923055e-15,8.450134e-07,2.7399222e-10
652,637,638,15,1.0843637e-08,0.0035492266,0.0,1.925386e-19,5.1839396e-07,0.03281711,1.4355091e-06,2.3123979e-12,1.0177193e-05,6.017759e-17,2.0538517e-19,1.7078392e-07,3.12899e-05,9.2112735e-08,0.0011937363,0.96239525,2.5582226e-06
653,638,639,4,4.4464267e-28,9.187482e-08,0.0,3.175561e-28,0.99235034,6.4261004e-13,1.1615693e-09,7.8930376e-11,8.409783e-13,1.5067378e-14,2.1015819e-24,0.007644566,1.2443293e-09,3.4511957e-06,2.310501e-13,9.00346e-15,2.222869e-13
654,639,640,11,2.2258023e-30,1.13633405e-08,0.0,1.5558796e-27,0.0009251402,3.856122e-09,1.718374e-14,4.7667585e-11,1.6871719e-12,2.9589758e-14,5.9801646e-23,0.9990734,6.948759e-10,1.4673876e-08,4.4334803e-16,1.3230386e-13,1.1337414e-14
655,640,641,11,1.7047809e-21,2.9909195e-08,0.0,3.6904094e-21,2.7974142e-05,0.07913876,2.7527136e-10,1.4845559e-06,1.7664498e-11,1.275382e-12,1.1387125e-22,0.9208216,1.6214908e-13,9.485247e-06,3.3582797e-09,7.213279e-11,1.8533739e-16
656,641,642,11,1.6003574e-21,3.043485e-14,0.0,3.6303092e-23,2.9105108e-08,3.7239653e-07,2.2437177e-11,2.3185462e-19,5.6992093e-12,3.1586725e-12,3.2893443e-24,1.0,1.9287357e-14,1.4692202e-14,2.467568e-14,4.5718016e-18,5.411198e-12
657,642,643,11,6.8976995e-20,1.7034404e-15,0.0,3.3389069e-21,2.1537678e-09,0.0015478828,5.122242e-12,2.4911498e-19,1.6198743e-09,5.161859e-14,8.115916e-21,0.9984525,1.0273608e-14,1.840688e-12,1.625466e-14,1.3769883e-11,2.096211e-15
658,643,644,5,6.3961347e-15,2.618676e-16,0.0,5.433876e-17,3.3265665e-11,0.9999962,6.838735e-09,1.4292347e-16,3.5660985e-09,1.4743623e-15,4.1404173e-20,1.0021464e-07,8.089007e-18,4.1299234e-07,1.6884454e-06,2.6673106e-09,5.017513e-22
659,644,1398,5,1.727991e-14,7.307513e-15,0.0,6.2808515e-22,4.727325e-16,0.9987267,1.4588652e-15,7.947446e-20,1.6419477e-09,2.6582332e-14,1.2533898e-25,4.235285e-08,2.0140569e-12,3.6360238e-13,5.207086e-08,0.0012714966,2.9568236e-12
660,617,645,11,7.294767e-20,7.671465e-12,0.0,6.355865e-20,1.8508149e-10,0.20391157,3.8229415e-12,5.186797e-11,0.00026693734,3.2240892e-15,2.0650535e-20,0.7956623,1.8234846e-09,1.3701197e-10,1.33334345e-14,0.00015894808,5.309261e-15
661,645,646,11,2.141075e-20,5.15284e-10,0.0,2.0381308e-21,2.6978269e-08,0.0008469057,0.1732874,7.895406e-06,0.0012748431,3.2586952e-17,8.3110817e-19,0.8245568,2.7232049e-05,3.827957e-07,2.5353796e-08,5.633188e-08,3.5006674e-13
662,646,647,6,1.5120799e-23,0.02309289,0.0,9.027764e-25,7.320653e-08,7.892461e-12,0.95619255,1.4745475e-08,0.016676325,2.4017088e-19,2.2139595e-19,3.995724e-05,0.0039914623,7.992133e-06,1.3151369e-08,4.8131884e-11,1.5798084e-12
663,647,648,1,2.1562259e-24,0.9116782,0.0,4.731146e-25,1.2846333e-07,5.2835666e-13,0.032268174,2.3237313e-07,0.052819837,8.294988e-20,1.4572936e-19,1.6386723e-05,0.0032015704,1.4715996e-05,2.377527e-10,3.7667588e-13,4.4151138e-10
664,648,649,1,2.8562111e-22,0.9706022,0.0,3.824623e-25,7.116428e-08,2.0142039e-11,0.02663639,0.0001656175,0.002211614,6.1683365e-19,1.3224026e-21,0.0002353271,0.00014492995,4.9184596e-06,1.5553047e-11,1.7236795e-13,2.0152273e-10
665,649,1397,11,3.753736e-27,9.5902394e-08,0.0,5.327447e-27,0.00049021124,7.875761e-14,0.027437402,0.000646446,5.8929014e-11,2.673205e-19,6.6772816e-25,0.97085035,3.380809e-11,2.0370452e-11,9.598605e-11,1.3405376e-17,0.0005739223
666,626,650,12,4.6941392e-29,1.1892948e-12,0.0,1.7916358e-24,9.4347325e-12,2.539848e-11,1.135296e-20,2.0652478e-15,1.4177686e-05,4.2859396e-18,2.1186648e-22,4.544982e-13,0.99998474,1.4476223e-08,5.9452963e-15,5.894453e-11,2.299851e-14
667,650,651,12,1.4779699e-25,1.5594444e-05,0.0,4.9777122e-20,1.218238e-10,6.230161e-09,7.42209e-20,5.339094e-16,0.00013455468,8.2919424e-22,2.5405437e-20,1.6833084e-12,0.9998513,1.8340691e-07,2.594533e-09,1.0339479e-11,1.1846011e-09
668,651,627,16,5.0643225e-20,7.473552e-10,0.0,5.537929e-22,2.5524812e-06,5.0319356e-11,2.050473e-16,1.6022551e-16,1.2458023e-08,1.6685424e-17,1.5850115e-20,4.861383e-05,2.1787675e-07,9.605115e-13,1.3336515e-10,4.717603e-21,0.9999504
669,627,652,11,1.7666766e-21,0.00016134155,0.0,1.3646002e-19,6.4688693e-06,1.1963506e-07,5.5869373e-17,2.6249684e-15,1.2550692e-10,3.487937e-13,6.100336e-19,0.99983215,9.911367e-07,1.6487347e-14,4.0706408e-16,8.72101e-19,1.8686526e-07
670,652,653,14,1.0532072e-11,0.035663564,0.0,3.1001913e-19,1.4525344e-08,3.6447823e-08,1.7414618e-09,1.026714e-15,5.283607e-13,4.997721e-15,8.069416e-23,1.4869484e-05,1.00096424e-10,1.5349165e-12,0.96432084,6.9937396e-14,1.7874609e-06
671,653,628,16,4.858674e-21,2.7208202e-10,0.0,3.5460102e-23,8.188521e-08,6.946741e-11,1.54322e-17,3.8897742e-18,3.9823336e-12,5.0640678e-14,1.8896458e-25,2.821128e-06,6.7399575e-09,3.1075625e-15,5.4925664e-08,2.2973618e-13,0.9999962
672,628,654,12,1.1452415e-24,7.078084e-10,0.0,1.0509498e-22,3.52442e-08,2.908249e-14,1.2143896e-13,1.1101231e-12,1.0839548e-07,1.3772558e-19,9.6646814e-23,5.7637184e-08,0.9999962,6.717565e-12,3.633172e-11,1.4775102e-14,3.751486e-06
673,654,655,12,3.12094e-22,1.0233153e-09,0.0,2.3631796e-23,1.0162591e-08,1.2059048e-13,5.3339073e-07,2.710012e-13,7.02152e-05,8.043117e-21,1.0426734e-19,8.419433e-08,0.99992746,7.400926e-09,3.7333617e-10,1.2589066e-15,1.8347574e-12
674,655,656,12,3.6325256e-23,3.425502e-13,0.0,1.5739572e-25,2.4171231e-11,6.661014e-13,9.778949e-14,3.9346932e-19,6.2328596e-05,1.2516866e-21,1.7153357e-21,3.4725858e-08,0.999939,1.9040299e-11,1.4536663e-14,2.4404847e-15,7.013109e-14
675,656,657,8,7.072321e-14,5.2086563e-15,0.0,1.592387e-20,2.3596383e-09,3.083839e-07,4.929728e-07,5.168431e-10,0.99998474,4.7532748e-23,2.9804939e-18,9.797807e-06,5.82624e-06,2.7536258e-11,6.0624045e-12,1.495625e-11,1.3144866e-13
676,657,658,11,1.089145e-13,3.0042448e-13,0.0,6.9367064e-18,1.766695e-08,0.0014159053,0.006731807,2.4919476e-12,0.011316051,1.07348145e-16,1.1445113e-18,0.9805348,4.042877e-09,1.416873e-10,1.542295e-11,2.0796007e-11,3.105859e-13
677,658,659,11,3.3983508e-21,4.380126e-15,0.0,5.91415e-22,1.2000151e-09,2.0905347e-06,2.6777032e-06,1.11789605e-11,2.7795819e-08,1.8242536e-20,7.7588355e-22,0.9999962,1.5560057e-10,1.3192854e-11,7.8288276e-13,3.43824e-13,5.97468e-12
678,659,665,6,7.939262e-28,7.8830027e-07,0.0,7.26034e-28,2.4814162e-06,1.1546805e-11,0.9995042,0.00011397269,1.9807765e-11,7.669148e-21,2.1128443e-23,0.0003251502,1.2479855e-08,5.2398118e-05,2.8745275e-09,1.1631321e-13,5.6532847e-19
679,660,623,6,4.484082e-23,2.4221455e-10,0.0,2.7045603e-27,1.6243268e-05,3.731625e-17,0.99998474,6.8776647e-09,2.1524398e-14,2.1792467e-17,1.7867385e-28,2.0439894e-10,6.96041e-16,2.338447e-08,4.9127543e-08,7.6378875e-19,9.043782e-12
680,623,661,11,1.7646583e-26,4.777858e-06,0.0,4.444931e-22,3.9831317e-08,4.7168576e-09,1.2284914e-09,1.6373558e-10,1.07535065e-08,2.9726608e-17,1.30972684e-20,0.9999962,6.258227e-07,3.1185787e-10,9.391279e-13,4.1451755e-12,2.7261483e-11
681,661,627,11,8.208053e-19,1.8298073e-06,0.0,2.804319e-18,3.206052e-05,1.8446634e-08,8.473014e-08,7.8561676e-14,1.7066233e-05,2.5602782e-17,3.9691458e-16,0.66015077,0.33956644,9.517245e-07,8.6133885e-05,1.1028565e-16,0.00014343885
682,660,662,11,3.8151109e-31,0.36371696,0.0,1.2017858e-20,0.00013873854,2.3016131e-08,6.3745565e-14,6.429458e-06,7.841665e-09,3.8557004e-14,4.1555155e-19,0.635886,0.0002499555,1.5947805e-07,5.3004055e-12,1.6936697e-07,3.3958965e-09
683,662,626,12,4.8263015e-32,2.490697e-09,0.0,3.1547997e-24,4.1604175e-11,1.2099234e-12,2.5888635e-20,3.6446876e-14,3.6116774e-07,2.4421e-19,1.1779197e-22,6.269083e-12,1.0,9.683392e-08,5.3837458e-14,4.973559e-11,2.3581294e-14
684,663,664,11,4.3133623e-26,4.2807486e-08,0.0,8.0066374e-26,0.003398382,6.901284e-11,2.2831954e-09,0.28863403,2.5841307e-10,1.0752484e-15,2.7558924e-21,0.7064171,1.610788e-06,3.228014e-08,1.8002508e-13,4.6109165e-16,0.001549023
685,664,555,16,1.3964574e-30,3.7658756e-09,0.0,1.9029912e-26,1.36631315e-05,2.3298018e-15,2.4324716e-16,4.1002974e-09,3.7204484e-12,1.5703592e-17,1.3456422e-22,0.0027646043,1.6389691e-09,2.551916e-14,1.2837114e-16,5.597373e-23,0.99722296
686,648,663,7,3.119346e-29,0.00046818054,0.0,3.6772304e-27,9.271991e-06,1.1265092e-11,0.0002200832,0.9714393,2.2283846e-08,3.6426925e-18,9.974134e-23,0.02786289,8.026164e-07,1.0110592e-06,1.1135234e-14,7.920628e-13,4.9388445e-12
687,663,665,16,1.67997e-30,1.3782331e-12,0.0,7.358067e-28,3.9450915e-05,1.7527942e-14,1.1727152e-13,1.8044571e-07,1.8611213e-12,3.5409843e-14,2.4280993e-28,2.0547116e-06,2.5295684e-12,5.7168463e-12,2.1327656e-15,5.34459e-18,0.999958
688,665,666,16,3.3022067e-31,1.2172472e-12,0.0,4.2441673e-29,3.6689866e-07,8.137097e-19,1.2073903e-15,8.8891385e-14,3.5046723e-15,1.3871374e-18,6.8474634e-29,4.420545e-08,3.2069146e-16,1.9154477e-16,7.991391e-16,3.3363408e-25,1.0
689,666,555,16,1.546887e-31,9.311421e-14,0.0,5.4149947e-28,4.5558495e-09,5.097937e-18,5.5214572e-21,5.234845e-17,1.1039168e-13,3.7557315e-17,5.234921e-26,4.4394803e-08,6.675039e-14,1.5792192e-18,5.172352e-19,9.7171245e-26,1.0
690,570,573,4,1.863705e-37,3.95732e-10,0.0,8.978119e-29,0.9992183,1.191171e-10,4.0897453e-13,1.0145842e-11,3.8582852e-09,1.9707208e-05,2.9822181e-21,1.597583e-05,0.00067412347,2.0241444e-07,2.2832207e-10,1.1381556e-09,7.0632675e-05
691,667,587,16,3.809543e-30,7.3719086e-08,0.0,1.0525043e-26,0.00046994307,1.0285475e-17,3.6818094e-18,5.6278224e-14,3.862213e-11,4.1241406e-17,7.897141e-24,8.8181775e-07,0.00047352412,5.221175e-13,3.964919e-11,2.3364415e-15,0.99905443
692,587,668,1,1.3346104e-22,0.99756914,0.0,5.5874205e-27,1.1632522e-05,7.683549e-15,8.324013e-15,2.4695116e-11,4.4356376e-12,4.268065e-22,4.1759904e-23,0.0023714486,4.9274953e-05,1.1908258e-10,8.6146056e-12,2.5364237e-16,8.5937063e-10
693,668,573,11,3.8042982e-31,0.00013095526,0.0,6.103603e-31,0.06697793,3.433366e-12,1.415949e-10,3.467418e-11,1.7404687e-13,2.490453e-14,3.9719816e-22,0.9328602,3.0332532e-05,8.6350466e-10,3.2228536e-11,8.963101e-13,1.5272335e-08
694,667,570,16,2.0146445e-31,6.681711e-11,0.0,7.546767e-28,0.009240791,1.6919978e-14,4.223009e-15,5.5064375e-14,2.4147293e-09,2.9290335e-08,1.6786757e-23,6.7198584e-08,0.0061313906,2.0817221e-09,3.0405556e-10,3.3093997e-13,0.98462784
695,564,668,1,1.8099743e-20,0.99996185,0.0,2.1000992e-24,3.6915095e-05,2.3450234e-14,5.71184e-17,1.4609895e-19,2.1507453e-10,1.2234409e-16,2.3461259e-20,1.1072155e-08,8.1904735e-12,3.4437378e-14,5.509938e-17,1.6655679e-15,5.8904357e-09
696,543,669,4,1.1503384e-31,3.7354113e-11,0.0,1.6259494e-22,1.0,1.2354603e-10,2.0456599e-09,5.651811e-14,5.2964157e-15,7.263683e-08,6.7275346e-21,1.0729741e-08,1.0709181e-14,5.9819605e-10,1.6562457e-10,3.410359e-16,7.3224494e-13
697,669,196,4,8.346019e-29,1.9116004e-09,0.0,2.6890937e-23,0.66685045,7.727348e-07,1.0174023e-10,9.7899817e-17,1.8800514e-13,0.3331447,6.0464727e-18,6.886873e-11,1.6050182e-11,2.9147247e-06,2.411732e-06,2.1055435e-11,7.387634e-11
698,196,73,4,9.7020856e-26,9.324503e-10,0.0,2.5454271e-17,0.9999886,3.0638564e-08,3.251937e-11,6.829847e-16,4.0829996e-11,8.725361e-06,3.339081e-16,1.8666797e-14,1.0381724e-12,3.5241676e-06,1.8152612e-08,7.459872e-12,4.0193346e-09
699,522,220,5,2.4726135e-18,0.005839822,0.0,0.0004955169,0.008269626,0.9847218,4.1067919e-10,5.1514365e-13,4.1565013e-10,5.559628e-06,5.3401433e-12,6.720599e-09,9.612272e-11,2.675394e-07,0.00064826355,1.7463248e-09,1.8741444e-05
700,220,118,16,1.513255e-26,6.579935e-09,0.0,5.109758e-17,3.0854422e-05,1.1365008e-12,1.286946e-18,5.3277535e-19,1.4732907e-12,4.2397174e-14,7.4581766e-24,3.2650558e-08,1.6218063e-13,5.6431856e-17,1.319586e-13,3.531915e-16,0.9999695
701,118,670,9,1.0455163e-28,4.66289e-06,0.0,2.7298557e-24,0.0019834007,8.5575484e-05,9.809832e-17,3.0754972e-15,6.206386e-11,0.9979194,3.6760217e-21,8.758742e-06,7.2489107e-13,4.8423834e-09,9.5259065e-11,1.0624498e-15,6.9362246e-12
702,670,671,9,4.209548e-22,2.815496e-05,0.0,4.3056383e-25,0.00031036942,4.8002553e-06,1.8566653e-15,4.0090493e-14,4.543585e-10,0.99943167,5.227648e-22,0.0002128957,4.4825038e-10,1.9782677e-13,4.8780524e-10,6.15002e-16,1.0675702e-05
703,671,130,11,2.488072e-27,2.610492e-05,0.0,1.779766e-28,0.00033646097,1.7306538e-09,2.8604488e-17,1.03810854e-13,1.6317611e-12,1.10001235e-08,2.4393102e-24,0.99963766,1.9838468e-11,1.5712365e-14,3.590537e-14,4.119997e-21,2.8198556e-08
704,208,672,11,3.1733287e-23,1.4256567e-09,0.0,4.727463e-26,0.01033172,2.8779853e-08,2.531586e-12,1.9690638e-09,1.3735072e-15,6.1684056e-12,1.1070866e-27,0.98966634,5.589133e-17,9.128776e-11,2.1274779e-13,2.894694e-19,1.4815974e-13
705,672,673,9,1.4614779e-22,1.3809085e-09,0.0,8.2499936e-26,0.00025564595,7.9581805e-06,3.4700645e-11,1.6543733e-14,6.965794e-11,0.9991954,1.797921e-24,0.0005413718,1.2306446e-16,9.075631e-08,4.15503e-16,1.9789167e-13,1.0694796e-09
706,673,220,9,8.791985e-28,3.7421264e-12,0.0,3.9402774e-28,2.021197e-07,1.2749524e-07,8.0276277e-16,1.6118407e-19,9.49492e-12,1.0,1.13911e-26,5.8424366e-08,1.2091354e-18,1.581389e-11,1.4794434e-16,8.961792e-15,1.6965698e-11
707,522,674,5,6.882808e-24,3.4702665e-09,0.0,5.1840802e-21,1.581212e-06,0.9993708,6.142561e-17,1.5467814e-15,3.5102492e-09,0.0006285967,1.8649861e-21,6.1093763e-10,4.1009305e-13,1.0361567e-08,8.162771e-13,2.3644047e-09,2.261518e-15
708,674,675,5,1.749056e-19,1.5882082e-11,0.0,3.755061e-23,4.771289e-11,1.0,3.4309104e-16,2.158791e-19,1.6689485e-11,8.399896e-08,1.0446505e-22,5.519145e-12,1.240515e-15,3.369929e-11,1.8277996e-12,4.9100187e-08,4.979084e-18
709,675,676,5,4.2022727e-18,2.2441274e-12,0.0,5.5505556e-22,1.4774498e-12,1.0,1.3509358e-13,2.2349794e-18,3.4324772e-11,4.7769865e-12,2.1446554e-20,2.8336163e-07,2.5123573e-10,9.466632e-13,1.989305e-09,7.853486e-10,3.9655654e-13
710,676,304,11,2.3851473e-26,4.052444e-12,0.0,1.13095004e-23,8.876599e-07,8.436713e-12,3.7167426e-14,3.9458196e-17,2.0608112e-13,1.254646e-13,1.10733376e-23,0.999508,3.9449547e-13,3.0479707e-21,9.654736e-15,5.151123e-20,0.00049133267
711,208,676,11,2.2064523e-22,2.2772806e-09,0.0,2.0403658e-26,8.129983e-06,5.400279e-08,1.139833e-16,1.7170084e-17,1.9924222e-13,1.980674e-08,4.343366e-25,0.9999923,1.08591276e-14,3.9303394e-13,3.417263e-15,5.2371065e-23,1.9446697e-08
712,85,677,11,3.868454e-24,5.07566e-11,0.0,4.101566e-16,0.43962947,5.4601024e-08,1.7464037e-10,0.00027358573,1.3383271e-14,1.4605914e-15,2.2105513e-18,0.5600982,1.61616e-15,1.3643104e-09,7.4276387e-13,1.4369227e-21,3.4816832e-09
713,677,678,11,6.32082e-23,1.7677873e-08,0.0,3.2285808e-23,0.37842372,3.5556698e-07,1.8080769e-12,0.00014718082,1.6343517e-13,3.658743e-14,1.044927e-19,0.6214283,5.412248e-13,3.5523618e-07,2.5468226e-12,5.5201996e-19,4.4715377e-11
714,678,280,4,1.9379307e-23,3.6465242e-06,0.0,2.0242867e-26,0.9987458,3.2785505e-14,2.2478014e-06,3.8191658e-05,1.00922526e-13,3.4839826e-16,2.636639e-23,0.0012101597,1.170301e-15,4.5150617e-09,2.4938118e-12,5.826701e-23,6.5714712e-12
715,454,679,1,1.3601546e-22,1.0,0.0,7.361778e-19,1.5659344e-07,1.4955744e-10,3.668683e-20,7.312023e-17,3.138641e-10,3.5273102e-16,1.1249966e-20,6.2530695e-08,1.2119316e-14,5.4016405e-15,2.609442e-16,2.8596116e-15,8.3527525e-11
716,679,680,1,2.7676472e-23,1.0,0.0,2.9861864e-24,1.0178832e-11,1.01095544e-13,1.036393e-17,2.0228793e-21,5.1030095e-13,6.2340513e-19,1.4963471e-22,2.0116226e-12,1.1382601e-16,1.1280856e-14,1.8944686e-16,3.4498467e-17,1.6564873e-16
717,680,681,1,4.670979e-26,1.0,0.0,4.6368322e-29,3.5044973e-12,1.830601e-12,1.051023e-20,3.8674546e-22,4.419632e-13,1.1208623e-21,4.7839996e-23,4.836676e-14,1.0238891e-13,5.0526592e-12,2.4743508e-17,1.894953e-12,9.954822e-16
718,681,682,1,2.8382503e-27,1.0,0.0,1.1504399e-30,5.6550953e-12,1.50566e-11,2.1556708e-20,8.985673e-18,1.6125852e-11,2.5256989e-22,4.955934e-23,3.422346e-10,2.1815333e-10,2.2527777e-08,3.4147757e-14,1.68564e-13,9.987763e-16
719,682,683,1,6.757518e-23,0.9999427,0.0,4.0317093e-25,1.18060534e-07,2.949157e-09,1.2347475e-12,3.459276e-13,1.833317e-11,1.1170188e-17,5.129302e-19,2.2948603e-10,2.711737e-07,5.641777e-05,1.3270062e-06,1.4962493e-08,1.2544025e-12
720,683,413,15,1.4710784e-19,1.6907861e-05,0.0,1.3553598e-20,0.01887226,1.226887e-06,0.08620009,9.739566e-13,1.08503706e-10,2.2742797e-14,1.3626204e-16,1.352321e-08,2.181732e-11,8.7396555e-05,0.2595573,0.6352654,2.9923115e-08
721,37,684,11,3.0139366e-18,6.3339195e-10,0.0,8.925948e-27,0.00012411135,1.2733338e-07,1.062661e-14,3.675225e-12,3.174115e-16,5.83604e-09,3.2027435e-25,0.99987406,2.5940922e-13,1.9453623e-13,1.5770996e-11,7.572332e-24,1.671886e-11
722,684,685,9,4.5853015e-26,2.997744e-12,0.0,6.619257e-32,1.450624e-08,9.88199e-08,9.842838e-13,3.0523618e-18,1.7765229e-14,1.0,1.0777685e-25,7.126643e-08,2.0351293e-16,3.1154263e-11,5.665233e-08,3.855625e-15,1.5491863e-13
723,685,543,9,7.371218e-27,1.2172153e-11,0.0,9.758592e-31,1.3673233e-07,9.977374e-07,3.428232e-14,2.1297775e-19,4.8484177e-13,1.0,4.5073e-24,2.7257233e-10,6.2411854e-13,9.73401e-10,5.711605e-08,4.3634745e-11,6.067051e-13
724,238,686,11,1.2587384e-23,9.637117e-06,0.0,1.9599799e-25,1.2107033e-05,4.6816197e-07,2.7839013e-15,1.2708679e-08,3.6891554e-14,5.0304238e-17,6.496684e-23,0.99997705,8.381502e-13,4.455855e-11,2.705022e-14,1.8558534e-20,4.6094944e-15
725,686,687,11,1.2158006e-25,6.919887e-06,0.0,5.69239e-26,0.015997993,0.0006827831,6.9127724e-11,4.0784736e-09,4.7014222e-11,2.768946e-08,4.3278794e-20,0.98331034,2.7434543e-12,2.1173084e-06,3.782061e-07,2.85631e-14,1.6878994e-12
726,687,669,16,7.401563e-20,4.0479872e-08,0.0,1.6543406e-23,0.46343872,7.714502e-08,4.1348566e-15,1.7101988e-15,1.06661895e-10,0.00023770447,1.7043338e-19,1.9929691e-06,2.7279857e-14,1.2602781e-12,2.8049738e-09,1.9190133e-12,0.5363202
727,238,688,11,2.0746511e-31,2.979512e-06,0.0,2.4509963e-25,3.799041e-05,1.6653032e-05,4.4079386e-13,1.5222065e-10,3.2870564e-12,3.8178516e-14,6.7700946e-20,0.9999427,2.6235106e-12,5.280492e-10,3.5213887e-12,1.0443832e-15,3.4885973e-16
728,292,454,4,1.1813565e-24,5.3388743e-07,0.0,8.154952e-22,0.9986466,1.6985301e-13,1.1793853e-15,8.631831e-15,7.2402886e-13,6.7622813e-10,2.9357547e-24,5.702107e-10,2.9156997e-16,2.5949422e-14,2.374535e-11,9.559877e-17,0.0013542449
729,454,688,1,1.1223097e-19,1.0,0.0,1.0689878e-21,4.0130685e-09,6.017505e-10,9.920348e-19,1.4227009e-17,3.9504577e-10,6.1956516e-17,1.2278427e-20,5.4997605e-07,2.6180992e-14,6.67984e-14,4.3239465e-15,7.8537496e-19,2.7136505e-15
730,688,689,1,3.489287e-25,0.9999886,0.0,4.2172726e-25,2.983262e-08,3.077054e-10,5.1675582e-12,3.4106192e-16,3.9340808e-10,6.849508e-12,6.058793e-21,1.1178355e-05,2.9254526e-13,1.3079363e-10,9.224829e-12,1.2777753e-16,1.8847797e-17
731,689,690,4,1.26860595e-23,8.147788e-10,0.0,8.8712865e-29,1.0,5.1851893e-13,3.568645e-08,1.3919176e-12,5.0972014e-17,2.0600006e-14,1.07767336e-26,1.965887e-11,1.7659534e-16,2.8599137e-10,7.2499766e-09,8.936678e-20,1.0072922e-10
732,690,196,9,1.9851336e-26,2.6601454e-10,0.0,1.3804964e-26,0.0005454971,0.00025902674,1.0191014e-14,1.1151253e-15,2.4854812e-13,0.9991916,3.3613114e-20,2.1810802e-06,1.04313e-13,5.2966485e-11,1.6450958e-08,1.2456197e-11,1.5302278e-12
733,73,691,5,9.594964e-22,9.2502095e-10,0.0,1.0878849e-24,1.931954e-06,0.9988067,2.6282795e-19,1.6244168e-16,2.7743592e-08,0.0011883796,8.120856e-17,4.5753886e-06,1.8028202e-14,2.15113e-11,4.1542914e-13,1.6549214e-08,1.2740567e-16
734,691,692,5,1.6327491e-22,3.5160464e-12,0.0,3.1523077e-25,1.1041719e-05,0.9999809,1.2456899e-13,1.0677154e-15,8.746567e-11,1.1672739e-07,4.5213663e-18,2.8809797e-11,3.9208225e-17,8.161013e-09,7.058496e-06,7.153744e-08,9.305383e-18
735,692,693,5,1.1150385e-18,5.4096194e-08,0.0,1.13195515e-24,0.0001847653,0.99972534,2.950673e-11,1.3759268e-12,2.046166e-10,2.519178e-12,5.5672336e-18,2.6141228e-10,5.173961e-15,1.3641303e-06,8.931736e-05,1.3856956e-08,2.9430454e-15
736,693,292,4,9.081802e-29,1.2824244e-08,0.0,6.0708874e-23,0.9785208,2.3875257e-09,6.351773e-11,9.714349e-10,1.7286502e-14,6.479209e-16,1.0553701e-20,0.021479664,2.978927e-17,5.722757e-13,1.9512227e-09,7.209293e-18,1.5000009e-12
737,292,85,16,7.028124e-24,1.6523638e-11,0.0,4.3292746e-24,0.09187088,1.7194682e-15,2.7600188e-12,6.277048e-13,1.1146544e-13,5.503495e-15,1.7437486e-24,2.4472977e-09,1.589477e-16,4.431542e-13,1.9368351e-10,8.548926e-22,0.90813076
738,97,304,16,4.2779024e-26,1.588811e-15,0.0,1.0105631e-26,9.148543e-07,4.4039225e-20,3.0496066e-16,2.0153658e-17,1.0496744e-17,8.1309306e-17,3.3767013e-31,3.0481564e-10,3.7453123e-19,2.1111467e-21,4.9843517e-13,3.4459624e-27,1.0
739,413,280,14,4.346948e-09,5.0884818e-08,0.0,1.4271122e-28,6.3901365e-07,1.7952825e-09,8.29833e-08,2.3032713e-17,4.192951e-19,8.9444463e-14,2.2141204e-26,7.1770445e-12,1.5519893e-14,1.4193459e-09,1.0,2.331054e-16,1.058592e-12
740,694,49,11,4.3186276e-20,5.5095484e-06,0.0,4.8167176e-25,0.007593413,1.065619e-09,1.01891e-16,1.0385996e-13,3.0469662e-09,0.0012918697,1.5209458e-19,0.6996242,8.373326e-12,1.1953024e-13,3.6597417e-10,5.3077256e-21,0.2914832
741,250,679,1,3.7319765e-27,1.0,0.0,2.2555198e-24,1.5055186e-08,1.1178048e-14,4.1032513e-18,2.0400717e-17,1.7341115e-15,2.4428549e-19,2.665603e-23,1.622844e-08,1.601384e-13,1.5243336e-17,3.1433948e-12,2.8984017e-15,5.4097915e-13
742,694,695,1,8.0831293e-22,1.0,0.0,2.2828733e-24,2.8022756e-11,4.6917813e-12,2.9714334e-19,6.76585e-23,4.17849e-09,1.5244713e-12,2.969902e-20,3.4115666e-10,1.4944984e-15,3.2508246e-16,1.244875e-17,3.1683217e-15,8.106423e-12
743,695,696,1,1.5518445e-25,1.0,0.0,2.2066834e-26,4.2023334e-12,3.5178982e-12,2.8672425e-18,6.1771845e-21,2.9415856e-08,3.622007e-17,3.856641e-22,7.47554e-12,3.490293e-13,1.1099561e-15,3.6269967e-18,5.0733256e-08,3.5580723e-14
744,696,160,15,3.3322149e-28,4.503661e-07,0.0,3.526739e-27,2.1152202e-11,1.5486377e-12,3.427439e-19,6.346062e-17,4.5651377e-06,7.916574e-22,1.712882e-23,2.1090372e-14,3.5820893e-10,1.2156729e-14,2.862512e-17,0.9999962,5.791032e-13
745,160,697,5,1.8211838e-16,5.9412365e-08,0.0,5.5472247e-17,7.407387e-11,0.71933115,5.107052e-16,1.0807728e-12,0.0078137405,4.836451e-19,1.284884e-13,1.3133786e-06,1.13726286e-14,1.9170839e-10,2.3348956e-11,0.27285445,1.8401008e-17
746,697,698,8,9.4717645e-05,3.524058e-07,0.0,8.374821e-21,3.0940942e-12,2.8305171e-06,1.0404311e-14,5.3439436e-16,0.95135355,5.449963e-25,3.676733e-23,4.184495e-13,5.4458865e-11,2.0830466e-11,1.2192874e-12,0.048549045,1.23629405e-11
747,698,172,15,7.050389e-23,3.490727e-16,0.0,2.44739e-25,6.409348e-15,0.0008152632,1.59902e-15,1.0207919e-18,2.7819593e-07,5.0715653e-15,7.690484e-26,3.574289e-06,1.9564657e-06,1.3373614e-16,7.697374e-13,0.99918014,8.574705e-12
748,172,699,11,1.3895596e-23,6.312948e-13,0.0,1.2214929e-14,3.1345235e-11,5.9186414e-07,2.7888665e-14,7.3663196e-14,2.6574984e-10,6.5228143e-21,2.7722863e-15,1.0,2.3073424e-10,2.2468747e-14,1.9318291e-13,8.9053146e-17,4.4574233e-09
749,699,184,16,1.1534833e-18,2.7321465e-10,0.0,9.18312e-19,3.2617926e-09,1.4107906e-08,1.8815833e-09,3.8286605e-13,5.483337e-07,1.2365566e-21,3.502973e-16,0.1168993,4.948062e-06,2.630749e-10,1.9025059e-10,6.784394e-19,0.8830963
750,534,700,6,4.7216865e-15,4.026835e-11,0.0,2.7843962e-18,9.471258e-05,3.987934e-09,0.9998513,1.5559713e-16,4.6243686e-11,1.5888075e-12,8.562701e-14,8.4909766e-07,2.947525e-17,1.5719178e-09,5.2814525e-05,1.3831372e-11,6.3256274e-13
751,700,379,0,0.93101513,2.4983788e-07,0.0,2.4743353e-22,2.711137e-07,0.00038212806,0.00711517,1.22624836e-17,5.3218344e-07,9.831403e-11,6.9528737e-16,2.4128087e-06,3.5711145e-13,1.0357858e-07,0.06148398,1.1246258e-08,4.4735503e-11
752,488,701,11,7.7805015e-22,4.2250125e-05,0.0,7.4838616e-22,0.014512151,7.020427e-11,3.204924e-07,0.0069367066,7.356463e-14,2.6924582e-17,1.1054115e-19,0.9785096,4.6354265e-10,7.561078e-08,1.6241012e-08,1.3995139e-14,4.2002294e-14
753,701,390,7,6.8261273e-22,2.4880367e-10,0.0,2.1354761e-23,0.00030806335,1.27391e-10,5.1065496e-07,0.9948975,1.0305516e-15,4.0088074e-20,6.803822e-22,0.0047940775,3.5039993e-10,5.322809e-07,7.357324e-09,6.9162465e-13,7.083195e-16
754,160,715,15,1.4854177e-20,1.2167292e-09,0.0,1.812367e-25,2.3272738e-12,6.8007597e-07,1.6756864e-17,1.0133665e-17,5.131855e-08,5.468717e-21,4.21955e-21,4.3503233e-13,8.462813e-14,6.925838e-11,3.0818334e-11,1.0,3.6383593e-18
755,280,702,6,1.3970082e-12,4.9168856e-13,0.0,1.3063804e-25,0.0005120856,2.5877085e-12,0.9985477,0.00092431833,2.543729e-09,3.137931e-20,1.6394074e-23,3.9077005e-08,5.1691133e-13,1.46892435e-05,6.543393e-08,5.681154e-18,1.1908733e-14
756,702,703,0,0.9999962,9.764826e-13,0.0,5.883737e-26,1.6240041e-13,1.4328278e-07,1.0819341e-08,1.5764973e-12,1.5665859e-07,5.9259295e-25,3.8881413e-26,5.5741176e-11,8.224359e-17,2.2417644e-06,7.336448e-08,1.6006922e-15,2.6760862e-16
757,703,488,6,2.3902968e-16,1.5497215e-09,0.0,4.022089e-27,0.008257143,1.2015511e-14,0.97974956,0.011983543,1.1453053e-12,5.8039237e-21,2.9200412e-23,3.898072e-06,4.751652e-12,1.9349981e-08,4.1260364e-06,1.5128312e-14,2.3438849e-09
758,172,534,15,1.0371667e-20,1.0222926e-10,0.0,1.5932255e-20,7.35691e-07,0.07204677,2.604997e-08,1.7443184e-19,5.696824e-10,2.3754951e-11,1.686821e-16,2.2277737e-07,2.3248593e-13,1.7965772e-09,1.2834753e-10,0.9279516,8.8740534e-16
759,184,704,5,8.1307946e-05,1.2107103e-09,0.0,7.3306716e-19,3.9644274e-07,0.9998513,3.5618006e-10,5.0672646e-18,6.427058e-05,1.9932803e-14,2.1464807e-20,7.98774e-07,4.990232e-16,3.3103713e-06,5.852125e-13,3.8971186e-07,8.194192e-12
760,704,705,0,1.0,1.6956141e-09,0.0,7.7293284e-28,1.4300625e-10,1.4730295e-08,9.183874e-15,5.721773e-21,2.5215565e-09,1.8776374e-19,7.927369e-28,2.6288477e-14,2.7005652e-16,4.133044e-07,4.844525e-10,4.911789e-12,1.1150213e-11
761,705,706,0,1.0,2.2783511e-15,0.0,6.293366e-31,5.8290113e-16,9.642574e-14,2.422009e-16,2.3414409e-20,1.02751236e-13,1.0563623e-25,3.6814334e-31,2.063656e-16,1.8587865e-20,9.219675e-12,2.191018e-12,3.4899648e-18,5.792766e-17
762,706,379,0,1.0,1.8367206e-13,0.0,5.9131394e-28,5.1846107e-15,1.0026821e-10,1.31558246e-17,1.0481985e-23,7.860845e-10,6.765304e-24,2.0630315e-26,7.7778245e-16,9.549034e-21,4.0431866e-16,3.7927462e-14,2.1351734e-13,4.3479253e-17
763,379,707,0,1.0,1.200411e-13,0.0,4.434119e-25,3.2965214e-14,6.785364e-08,4.774921e-15,6.441606e-22,5.769683e-07,5.403388e-24,3.542899e-24,4.1734436e-15,1.3022943e-19,1.0626282e-15,1.1352312e-12,2.4771554e-10,1.00832655e-17
764,707,708,0,1.0,4.951792e-17,0.0,9.934168e-27,2.1931643e-18,1.375952e-10,8.994431e-15,1.7335506e-21,9.852977e-10,1.2517627e-29,5.124954e-29,8.2105e-18,8.670552e-20,4.0143554e-16,5.7370653e-12,6.202013e-13,1.10506515e-20
765,708,390,6,2.7108295e-20,6.324341e-08,0.0,1.0591782e-26,0.0022382985,2.2787718e-12,0.9977556,2.8132452e-10,1.9815388e-12,1.3767642e-16,3.3901579e-19,4.021242e-06,8.07827e-12,6.538527e-08,1.0481438e-06,1.4263142e-10,4.5066813e-09
766,534,488,14,6.112165e-05,9.17045e-11,0.0,1.202443e-25,3.167584e-08,1.0857333e-09,0.013450452,3.5653787e-16,1.5524172e-12,3.533013e-20,8.152336e-23,3.932516e-12,2.3547763e-14,4.337161e-08,0.9864889,2.924931e-11,1.2542316e-10
767,390,709,11,3.2060948e-24,5.779511e-06,0.0,2.7507976e-29,0.14466448,2.0300005e-12,0.001300999,0.08336334,5.7033878e-11,2.6068455e-16,4.4381365e-22,0.7706647,4.79021e-07,2.6187266e-08,1.1371607e-11,3.8575284e-12,4.467375e-12
768,709,710,11,1.5282976e-11,0.0007420168,0.0,4.5264293e-30,0.02841157,4.2413966e-08,2.983717e-08,8.464522e-07,4.4759508e-14,2.4141572e-10,7.706314e-26,0.9705911,8.3412943e-10,2.0186617e-07,0.000254796,1.788191e-13,1.828776e-12
769,710,477,1,1.457957e-32,0.9999923,0.0,3.9182744e-20,3.9147767e-06,1.1605904e-09,1.11355145e-17,1.4085139e-11,9.936765e-08,6.9797744e-14,1.2706707e-13,1.5044e-07,4.0775462e-06,6.050103e-08,5.2070868e-15,3.6917127e-09,7.4481816e-13
770,184,61,1,1.7799799e-09,0.91386133,0.0,4.90872e-18,0.00081986026,1.13228886e-07,0.06250442,4.8456074e-13,2.191479e-07,1.6125155e-21,4.1248213e-15,1.8321085e-10,1.0135758e-16,0.00038421384,0.022431716,8.803874e-19,1.2043448e-08
771,379,336,0,1.0,4.907535e-13,0.0,9.502959e-28,4.142394e-12,3.4855452e-12,3.4890624e-09,8.6363537e-20,5.772038e-07,1.6629727e-21,1.4382861e-24,1.7406081e-13,3.5180858e-12,5.8509475e-11,8.6634635e-08,5.9089933e-12,1.4891682e-12
772,390,341,6,9.38116e-10,2.774925e-12,0.0,2.686475e-26,1.3339218e-09,4.946304e-07,0.99944705,9.560175e-16,5.3423873e-11,1.3089503e-16,2.4911124e-26,1.5456301e-09,3.7174249e-13,1.4040481e-07,0.0005533925,8.349607e-09,8.7873583e-13
773,534,711,4,4.1219274e-15,2.7549345e-07,0.0,3.2851669e-25,0.98788595,5.793635e-07,0.011103234,7.995841e-09,2.7721664e-10,5.761172e-07,9.924711e-17,0.00043261485,1.037958e-13,1.3149262e-08,0.0005755931,2.262529e-06,4.0682333e-09
774,711,712,14,0.48189268,5.3072116e-09,0.0,1.2964804e-26,7.749724e-07,1.3276246e-05,0.0024081594,1.2533634e-14,6.989273e-10,3.9471247e-12,5.761875e-22,2.9484271e-08,3.3801237e-12,1.5152682e-07,0.5156836,1.1381072e-10,3.5831693e-10
775,712,713,0,1.0,8.4469365e-16,0.0,2.8528144e-29,5.094077e-15,3.2652008e-07,1.3650121e-18,5.5411944e-18,2.9444862e-09,6.092681e-20,5.975204e-27,4.759586e-13,2.45558e-19,1.2749472e-11,3.8956143e-12,1.7423246e-14,1.0255385e-17
776,713,714,0,1.0,6.9598494e-17,0.0,4.172242e-26,1.0684479e-13,4.723696e-07,1.6270969e-15,9.7853845e-18,2.884779e-11,1.4935591e-21,5.71229e-27,1.1168788e-12,3.3691163e-20,1.2582738e-10,4.781898e-13,2.9732154e-14,3.310916e-20
777,714,715,15,9.353452e-13,2.8959224e-10,0.0,9.337322e-24,5.0451144e-06,0.14685407,7.1522166e-08,5.9246005e-16,4.3125233e-11,9.859647e-11,5.0740684e-20,4.721629e-09,2.4541291e-11,0.0001581648,0.00029340046,0.8526902,2.1426888e-16
778,715,413,14,5.5172873e-14,5.4477384e-10,0.0,1.926735e-22,7.316979e-05,0.008229909,1.7570522e-06,1.908549e-15,2.8101117e-11,1.1869928e-11,1.17757225e-17,2.710162e-09,8.532268e-09,1.0966705e-05,0.9662688,0.025416723,1.9487557e-14
779,402,268,6,8.950679e-17,2.8082013e-13,0.0,3.8302824e-13,7.4442164e-10,5.106834e-10,0.9999427,1.5967065e-19,8.5413e-14,4.211661e-18,2.870247e-14,9.92677e-14,1.3547853e-21,2.5617172e-07,5.6536912e-05,2.5364152e-15,1.2336103e-16
780,97,716,4,1.4147614e-17,3.1184107e-11,0.0,5.2507864e-24,0.99392265,8.475545e-06,2.6755502e-05,2.2295388e-10,3.1433753e-09,8.663311e-05,1.02761155e-22,1.8035782e-05,2.6069932e-17,6.648874e-07,0.0059350673,4.8939975e-14,1.36317695e-08
781,716,717,14,1.636632e-17,1.0160405e-11,0.0,3.599187e-23,0.021112317,0.0056241197,0.00014443486,9.964136e-15,2.7916824e-10,8.899829e-06,1.2044063e-20,5.515244e-07,1.3565239e-12,0.00013210275,0.97290796,3.0542596e-11,6.851518e-05
782,717,268,14,1.3582914e-17,7.454463e-13,0.0,3.9204048e-24,1.504149e-05,0.0009026792,7.1729104e-05,1.1502768e-16,1.4194054e-09,9.558157e-11,4.363457e-19,7.789287e-08,1.7395585e-14,0.009610992,0.98939836,2.5051616e-09,8.580306e-11
783,268,718,13,7.144255e-15,4.1948592e-17,0.0,1.1714479e-24,1.0400416e-08,6.839819e-05,9.978472e-08,6.310585e-14,1.16816466e-07,2.1582272e-15,1.0411535e-22,1.2077152e-11,3.1789252e-16,0.99988174,4.854767e-05,7.2141605e-11,2.9497314e-16
784,718,719,14,1.8220536e-15,7.4351224e-13,0.0,7.422269e-25,1.4194988e-07,1.4400835e-06,9.0611746e-07,9.606424e-15,9.828694e-13,7.0886006e-16,2.0832697e-18,1.1645051e-11,8.9625784e-15,0.048029758,0.95196706,3.0788657e-15,1.3717462e-10
785,719,465,13,2.4016307e-23,8.45995e-12,0.0,3.5668585e-25,0.00044771688,3.6836417e-07,1.2010473e-06,0.028052941,2.7948133e-11,3.423602e-16,4.7591375e-22,1.6386472e-05,2.8632787e-08,0.9714801,1.8540906e-06,9.492108e-09,5.813318e-14
786,500,720,11,2.739915e-30,2.0244984e-08,0.0,4.4226886e-30,6.7676205e-11,9.254415e-09,3.2819238e-17,2.5793375e-15,1.4817643e-09,2.8372823e-15,4.1413595e-23,1.0,1.1673693e-11,4.116371e-12,2.209984e-20,2.8863986e-14,2.5170276e-11
787,720,721,8,1.6827306e-12,2.3418814e-10,0.0,2.902575e-21,1.8866115e-12,0.02937098,1.1249256e-09,3.233817e-17,0.97062814,4.2565527e-15,2.3756527e-23,2.3565731e-07,5.4954474e-12,2.1828415e-09,7.9583996e-12,3.3579592e-09,8.222948e-17
788,721,402,5,1.2948135e-13,3.542648e-13,0.0,3.5929353e-21,7.423131e-14,0.9889493,3.9235424e-11,4.742508e-19,0.010938479,3.149286e-13,5.936366e-23,0.0001104619,3.4819968e-12,3.180469e-14,3.4103119e-13,2.247619e-08,6.476053e-14
789,402,371,6,1.0510137e-15,3.1013367e-13,0.0,3.7931923e-19,6.570268e-12,9.2823714e-11,0.9999886,1.6553648e-21,4.785239e-16,2.9335456e-19,2.6988062e-22,9.610467e-13,4.79621e-21,8.6034496e-10,1.2072813e-05,1.8459784e-17,1.929073e-15
790,500,366,6,3.2042328e-26,2.716398e-13,0.0,9.85872e-31,1.1700512e-07,2.3011322e-14,1.0,2.944712e-12,4.3028973e-17,1.1258376e-21,8.2371284e-27,4.4940437e-10,1.4512841e-21,5.324553e-08,2.3785716e-09,2.4385733e-18,1.6917741e-19
791,477,346,6,3.549104e-11,1.724853e-10,0.0,1.7832101e-22,1.1425296e-05,1.11086225e-08,0.9147507,1.2271393e-14,1.658181e-09,1.29124465e-17,3.7458296e-25,1.979415e-13,1.2600115e-08,0.047466215,0.037771396,9.8531e-12,1.5034931e-15
792,511,351,6,1.2506881e-15,3.4377844e-11,0.0,4.8388006e-24,2.06933e-10,8.699411e-12,0.9990391,8.721909e-19,6.0258447e-17,8.313472e-16,1.0964376e-25,4.8821217e-13,4.1111993e-16,1.7449129e-09,0.000961348,2.5972515e-20,7.347601e-14
793,361,356,1,1.2998139e-10,0.967988,0.0,5.0895177e-13,0.00027414673,0.0025960258,0.006172106,1.04554266e-16,1.2659795e-10,1.7544597e-14,5.7303255e-17,1.6221909e-12,5.48272e-18,0.00017979874,0.02278992,1.4173141e-13,1.952064e-09
794,61,722,5,1.514257e-07,4.076967e-08,0.0,1.2158572e-16,7.2512354e-05,0.9997367,1.8716995e-14,3.360655e-14,5.815027e-06,6.639113e-08,1.0038081e-12,0.00018565552,4.566421e-16,1.1068107e-07,3.5660544e-11,4.1442275e-12,1.4866255e-12
795,722,723,0,1.0,1.0258933e-12,0.0,1.0829742e-24,3.944263e-13,1.2580286e-07,1.393836e-19,4.157418e-19,1.3569938e-06,1.3892318e-22,3.2997223e-26,2.985666e-14,2.2957364e-17,8.0061224e-10,7.541865e-15,1.4815281e-15,5.016858e-16
796,723,724,0,1.0,8.541804e-18,0.0,8.4012246e-27,3.6197773e-20,8.466838e-13,2.326227e-19,7.586507e-22,2.3865834e-09,1.8348664e-30,6.4606246e-31,3.71162e-18,1.4398949e-16,2.2539787e-14,3.9217636e-14,4.7868614e-17,3.9034625e-19
797,724,336,0,0.9844288,4.5203327e-10,0.0,5.8511574e-23,2.823394e-10,1.566048e-07,1.1337705e-16,8.048324e-16,0.015569383,9.041494e-22,8.811222e-21,5.332411e-11,1.8121293e-13,8.0100813e-13,2.071087e-14,3.488154e-11,4.320785e-13
798,336,725,8,0.0019790174,2.3084418e-11,0.0,9.2946104e-23,9.3240714e-11,1.909315e-06,3.3005555e-17,6.570652e-17,0.9980183,1.3998346e-21,4.531945e-21,9.9054836e-12,1.7503704e-12,3.3453841e-13,6.3769604e-15,8.024992e-09,1.376524e-14
799,725,726,0,0.9509363,3.1871383e-13,0.0,1.1460566e-20,4.864867e-14,2.9159497e-05,4.6166634e-12,1.0804043e-15,0.049028467,8.563964e-24,1.6869841e-21,9.911494e-12,2.2736608e-09,8.0462194e-13,1.0658961e-08,6.513043e-06,8.76171e-15
800,726,341,15,2.4843942e-18,7.259412e-17,0.0,5.40802e-27,5.744188e-14,4.610392e-07,4.942606e-15,5.567107e-18,3.8159305e-06,4.4173177e-19,8.540935e-23,4.3198525e-10,1.8252689e-06,3.4428726e-13,1.296301e-13,0.9999923,2.2269066e-15
801,341,727,15,1.137291e-18,6.8861195e-16,0.0,1.8678641e-27,5.044784e-15,8.74739e-06,6.8993117e-18,2.1720178e-17,8.009198e-05,1.829156e-16,6.810378e-26,2.2876058e-10,1.9985685e-10,2.8742965e-17,1.915972e-18,0.99991226,7.41148e-20
802,727,728,15,9.760443e-18,6.613197e-10,0.0,1.2160013e-23,1.6759135e-13,7.719312e-05,2.3327127e-20,1.0967757e-19,1.2111589e-08,5.1814837e-16,3.080993e-22,7.373082e-10,8.2402704e-12,6.1377794e-18,2.5008324e-12,0.99992365,1.9611925e-09
803,728,346,11,5.4761266e-29,9.29349e-05,0.0,7.010208e-25,0.00011753452,1.0151896e-08,4.607442e-13,5.8831e-14,2.221234e-12,9.636149e-16,4.9159275e-21,0.99979013,3.8212776e-13,2.2759333e-10,8.433647e-14,3.823644e-11,1.1929298e-12
804,346,729,11,7.871218e-31,8.6400215e-10,0.0,8.597237e-20,2.867629e-08,1.8856081e-08,2.796254e-18,2.5369596e-13,1.2446598e-12,1.0747998e-18,5.03675e-21,1.0,1.83096e-13,6.4061065e-12,6.2765055e-18,1.9346694e-12,1.9922683e-15
805,729,730,11,1.1807734e-27,2.830425e-10,0.0,6.4959284e-19,1.4844341e-10,0.0012991838,7.204206e-18,3.326293e-15,8.0727904e-11,1.03477396e-16,6.2174714e-20,0.9987,1.2342902e-13,3.2592627e-12,1.1428525e-12,1.5504481e-10,2.331838e-15
806,730,351,11,3.0750605e-24,1.49343e-11,0.0,2.4696178e-24,7.148117e-10,1.4410946e-06,4.053235e-11,7.34755e-20,8.63547e-11,4.450563e-15,9.932184e-22,1.0,2.3528213e-12,3.423813e-15,2.1508333e-12,5.9963254e-12,8.722248e-10
807,351,731,11,1.0639288e-25,5.790811e-13,0.0,4.2423688e-15,9.095238e-10,4.1076444e-07,1.5839948e-14,1.4372271e-17,1.5548607e-10,5.5861548e-15,8.735228e-19,1.0,1.8208057e-12,3.9535035e-17,6.0011813e-18,2.7305601e-12,8.61163e-09
808,731,732,5,1.7928405e-15,3.8280434e-15,0.0,2.5191597e-19,1.9260216e-15,1.0,1.2754237e-15,2.8165502e-19,3.357026e-08,1.2567715e-15,6.014986e-23,5.287192e-07,1.2008246e-18,1.8958893e-12,4.0905312e-10,5.103677e-11,3.7491824e-21
809,732,356,5,4.516079e-16,1.08644776e-13,0.0,7.675107e-24,3.5779525e-17,0.9998665,7.2503315e-18,2.252385e-21,2.3148033e-08,1.5665024e-14,1.110489e-24,7.2185165e-09,1.2173448e-12,1.5575816e-15,1.1424272e-09,0.00013344646,6.64776e-14
810,402,733,5,2.5098334e-21,7.5958657e-13,0.0,5.683533e-20,5.952136e-12,0.83858705,1.5593421e-14,1.0269294e-15,3.963765e-06,1.4049714e-12,3.784387e-21,0.16101103,1.9519197e-12,2.619903e-10,4.8283158e-14,0.0003990303,1.4500931e-15
811,733,734,11,5.630325e-25,8.020901e-14,0.0,3.7142613e-22,4.5694538e-08,0.007112891,0.0011711209,1.0124307e-11,2.9847888e-07,8.731152e-14,7.36753e-21,0.9917146,2.6910904e-11,6.226458e-08,1.5652827e-08,2.0425486e-09,2.6295884e-15
812,734,735,1,7.703001e-24,0.99308515,0.0,1.5811839e-26,3.0948934e-07,5.7278204e-14,0.00691404,3.40602e-14,3.9765564e-09,4.0546318e-16,6.820509e-21,1.6580564e-07,1.5924541e-12,7.392546e-09,5.200572e-09,3.2398858e-13,5.805688e-16
813,735,736,1,8.129152e-27,1.0,0.0,2.9760694e-29,2.1549358e-08,2.9443238e-16,4.151263e-07,3.1904788e-16,2.3568775e-08,4.167505e-17,1.6244497e-21,1.7178213e-09,3.6327404e-12,2.1314697e-10,6.48498e-13,8.691167e-16,9.933546e-15
814,736,304,11,1.1859512e-27,1.3152177e-07,0.0,3.8406596e-26,0.17375076,4.4957666e-14,2.3602809e-06,5.1725387e-08,1.7570803e-12,1.393677e-11,5.72246e-25,0.8262224,5.6175276e-14,1.6934222e-17,4.712411e-11,1.3703486e-19,2.5110605e-05
815,477,737,12,3.5486482e-31,2.0134905e-10,0.0,2.3405071e-24,3.279969e-11,1.00627444e-10,5.576062e-23,1.9868428e-14,3.440535e-06,2.0096607e-18,1.1853177e-20,7.2419806e-11,0.9999962,1.4397022e-09,3.4065495e-16,1.3896045e-12,9.003821e-11
816,737,738,1,4.3394506e-13,0.5360297,0.0,2.9660395e-21,1.971562e-06,6.818886e-09,2.3396781e-08,1.1305658e-16,1.7929743e-11,2.12393e-17,3.71615e-20,3.718766e-09,6.987304e-09,7.947831e-07,0.46396583,3.1688292e-15,1.6364038e-06
817,738,511,16,7.4252296e-21,1.138833e-09,0.0,1.3525798e-22,5.9857625e-06,1.00153955e-13,1.1143659e-12,6.2257875e-17,1.8084062e-14,2.8752947e-17,1.5385782e-22,2.866354e-05,2.967628e-11,6.2638616e-15,7.753856e-09,1.8959604e-21,0.99996567
818,511,739,11,6.7872154e-19,0.0006533206,0.0,2.5195316e-21,2.8901107e-07,1.1790661e-07,1.4065613e-16,5.6900856e-12,1.251669e-11,3.4111788e-16,1.4667398e-21,0.99934417,1.8808452e-08,1.1291151e-13,7.610099e-15,7.191541e-20,1.8805458e-06
819,739,740,14,2.6988303e-12,2.9319765e-06,0.0,3.2983948e-22,1.9343985e-10,1.5970392e-07,1.4247596e-09,4.8709613e-20,1.3336538e-14,5.2241035e-13,4.1373936e-24,3.732723e-09,2.3547834e-16,1.9859517e-11,0.9999962,2.0625845e-17,1.1415384e-09
820,740,361,16,8.9063006e-17,9.261054e-09,0.0,7.7923564e-21,4.2928008e-08,4.4660614e-05,4.9271367e-13,6.982572e-21,9.780092e-09,9.23043e-11,1.6514103e-21,9.969802e-07,6.898742e-08,1.371531e-11,0.004620032,3.1287088e-09,0.995334
821,361,741,12,1.6595074e-27,4.1998696e-10,0.0,3.274295e-25,2.1826592e-08,4.0306513e-16,1.2981795e-16,3.7539306e-15,2.9023759e-06,8.7631915e-20,2.356816e-22,6.3425754e-10,0.9999962,1.2096696e-12,7.77074e-15,6.5448178e-15,3.9746186e-07
822,741,366,12,6.119572e-24,8.544785e-07,0.0,3.5820915e-24,4.4700333e-05,1.6805118e-11,8.958347e-06,1.252935e-11,0.0008197727,5.800148e-18,2.1185487e-17,0.00029827445,0.9988257,1.5670997e-07,4.2422985e-10,5.0792934e-14,4.612844e-12
823,366,742,12,1.6067221e-25,1.2376113e-10,0.0,6.214319e-27,1.9609532e-09,2.824462e-09,9.057994e-15,6.452044e-19,6.618893e-05,3.4169354e-16,6.289633e-20,0.00095805316,0.9989744,9.363478e-14,6.6547847e-15,3.1191469e-12,4.1637357e-11
824,742,743,8,4.56712e-15,7.3053357e-16,0.0,1.3302194e-21,3.205321e-11,4.607072e-06,4.739747e-09,4.0915085e-13,0.9999923,9.021487e-20,4.8577128e-20,1.6917078e-06,3.8456963e-07,6.8191546e-14,8.405191e-14,1.0197964e-09,1.9157484e-15
825,743,371,11,1.6933811e-12,4.6142837e-13,0.0,8.365933e-16,1.9585822e-10,0.06357281,4.1943684e-07,1.520479e-15,0.026633143,1.5940823e-13,1.4593646e-17,0.90979517,1.6581938e-09,6.337097e-14,1.5294341e-12,2.4405547e-11,4.222323e-12
826,371,744,11,2.6011468e-21,1.3824494e-14,0.0,1.2134882e-18,3.8679316e-12,0.00010830967,3.4480682e-11,4.791666e-17,2.3523235e-08,6.422313e-17,2.921706e-20,0.9998931,1.485486e-12,1.2252322e-12,8.1857786e-14,1.2775354e-10,2.0288016e-11
827,744,142,11,3.874573e-29,7.3034465e-07,0.0,3.666734e-22,0.002194512,1.3546709e-07,0.07015078,3.743468e-05,1.10153976e-10,1.6645889e-16,6.9032834e-19,0.92575246,2.1635589e-09,0.0018643914,2.5450032e-07,9.797938e-10,3.2210143e-16
828,465,500,6,3.5229742e-27,1.3398216e-10,0.0,2.9411917e-31,2.2991508e-05,2.0316775e-16,0.99997705,2.6349412e-07,3.619643e-18,5.23666e-18,4.326221e-31,3.6526007e-10,4.2978565e-19,5.9238077e-09,7.56642e-07,2.2302092e-19,4.7455627e-13
829,500,745,11,4.6801927e-29,1.5096686e-11,0.0,1.716213e-28,7.2336937e-12,4.4960697e-09,2.4470208e-14,2.0804638e-13,1.8216452e-13,4.0885935e-19,6.553382e-24,1.0,4.0681766e-14,1.2949523e-12,3.528081e-14,8.503454e-15,7.196517e-10
830,745,511,11,1.1330424e-19,1.193969e-10,0.0,3.674283e-21,1.253234e-07,4.2955817e-10,7.09363e-09,2.4341887e-16,1.083473e-11,3.1081302e-16,3.7645866e-22,0.9285288,1.5266575e-07,6.1458577e-12,1.0780827e-07,1.678647e-19,0.071471915
831,465,477,4,1.126851e-22,4.8632748e-05,0.0,2.9714113e-26,0.9995767,5.1365716e-17,0.00037061993,1.6874915e-07,1.2473006e-15,6.692944e-16,4.763121e-27,1.7263455e-12,8.125587e-12,8.5073445e-08,2.0713167e-06,4.2622905e-14,3.9957783e-08
832,544,746,9,6.954343e-28,4.1737978e-13,0.0,1.5022685e-27,1.96434e-06,1.0818346e-09,8.2101276e-17,4.9827244e-21,2.591077e-12,0.9999962,1.8808174e-22,3.5415423e-12,2.1837964e-19,1.9163508e-12,9.5848425e-12,1.8805175e-13,4.50043e-08
833,746,195,9,7.733846e-27,4.893969e-14,0.0,2.3829848e-32,1.391939e-08,1.5624266e-10,3.6908373e-18,3.920915e-23,1.9517528e-15,1.0,9.08386e-26,9.615297e-15,7.744058e-20,3.2207566e-12,5.5929147e-11,5.1150416e-14,1.9499977e-10
834,195,72,4,1.2363013e-22,6.461436e-09,0.0,8.192239e-23,0.96428776,5.201844e-08,1.13671e-10,1.8614441e-16,6.2532773e-10,0.035441145,1.0054617e-16,8.558791e-12,1.5470192e-13,2.9354903e-06,3.9428173e-06,8.740163e-11,0.00026352168
835,521,219,9,2.5589658e-20,6.5987e-05,0.0,2.8430721e-12,0.00078858726,0.00094331143,4.811907e-17,1.1440147e-16,5.3221125e-09,0.99028945,6.5006767e-15,1.5548741e-08,3.0784828e-12,4.173227e-12,2.6627183e-07,2.0169788e-12,0.007912846
836,219,117,16,6.539725e-23,1.1396209e-07,0.0,2.3475572e-21,5.6475883e-06,2.8438656e-11,9.885393e-21,1.2783284e-20,1.3683021e-10,8.0565013e-07,1.0683676e-22,2.3318653e-07,8.088526e-15,2.7034706e-17,5.586562e-14,4.655402e-16,0.9999923
837,117,747,9,1.5357525e-29,6.2089467e-10,0.0,1.584977e-25,1.5819601e-06,1.0177382e-06,2.4272735e-22,7.620284e-18,8.3430355e-12,0.9999962,8.1056966e-23,1.3581104e-09,3.4388921e-15,7.77265e-12,5.734027e-15,6.360777e-16,1.0714906e-13
838,747,748,9,4.628675e-26,1.2829088e-08,0.0,5.423902e-29,3.4647393e-08,1.0520885e-08,1.9576853e-18,7.18982e-18,7.222854e-13,1.0,2.714715e-24,5.0629956e-10,2.8137974e-14,1.6079259e-15,3.0003751e-12,1.671084e-17,4.729966e-13
839,748,129,11,1.5164207e-27,0.00010765759,0.0,1.4320488e-26,0.005234663,3.701337e-05,5.6203423e-19,3.662068e-13,1.1096082e-09,0.0017183641,3.8281027e-22,0.9929033,4.0529455e-09,3.7763296e-11,1.2084198e-12,3.9758745e-16,5.828181e-11
840,207,749,11,7.492738e-24,5.367232e-09,0.0,5.05707e-25,0.00020296525,6.093747e-06,8.6464203e-17,8.805239e-14,6.809562e-14,1.9381137e-10,4.4721045e-24,0.99979013,7.776807e-18,3.662519e-11,5.553268e-14,1.5595283e-19,4.0043933e-11
841,749,750,9,3.8563199e-28,1.4263189e-11,0.0,1.5127044e-29,2.2232982e-08,6.583177e-08,4.537267e-16,1.120637e-19,3.3291653e-13,1.0,3.105517e-27,4.599148e-08,2.7773324e-17,2.1231044e-09,7.222808e-18,3.2293203e-15,2.7956424e-13
842,750,219,9,4.597831e-31,5.960563e-13,0.0,1.596632e-28,1.6890163e-09,3.1365601e-09,3.1126325e-20,3.266344e-20,3.7932613e-13,1.0,4.3399705e-25,4.439156e-13,1.6626707e-18,1.3043473e-12,6.3166963e-16,5.8026136e-15,8.448358e-15
843,521,751,9,2.9716622e-25,9.9690596e-11,0.0,1.3228561e-22,7.4890306e-07,0.026972076,7.143774e-20,2.14023e-16,1.3289907e-08,0.97302675,3.9236443e-20,3.302116e-10,1.0947141e-13,2.9088332e-09,7.4313196e-14,6.0888783e-10,3.4727738e-14
844,751,752,9,2.1234731e-20,2.9024583e-10,0.0,4.224007e-23,7.699094e-09,0.3699806,6.1437825e-16,1.809411e-17,5.0199396e-09,0.6300212,1.0835668e-21,5.7997482e-11,3.8220193e-14,1.5214517e-10,2.5930954e-11,1.3622673e-08,5.8431225e-17
845,752,753,5,3.9051346e-17,4.940147e-11,0.0,1.2637337e-21,1.0801969e-10,0.9999962,3.1728138e-12,9.861379e-18,9.7777696e-11,3.4277179e-09,2.3565587e-19,4.9545597e-06,1.188657e-09,1.3846788e-11,1.5706068e-07,9.161569e-11,8.862265e-12
846,753,303,11,7.9937705e-23,7.381834e-10,0.0,2.9304188e-23,1.2176968e-06,1.1030529e-11,4.8843735e-14,3.6144295e-17,8.612207e-12,1.9234977e-13,8.4600075e-21,0.9999962,3.3385252e-13,4.394355e-21,2.031656e-14,2.517597e-16,3.1644593e-06
847,207,753,11,1.4768732e-22,6.858385e-08,0.0,3.47185e-27,3.5723533e-06,3.7613875e-06,1.5483501e-17,7.638036e-18,1.1105343e-11,5.8624398e-08,5.1001953e-25,0.9999923,5.34583e-12,2.7060272e-11,1.8861635e-14,2.2735194e-19,8.7797276e-11
848,84,754,11,1.581304e-19,7.42668e-12,0.0,5.3356827e-20,0.0030701705,1.868226e-06,1.0925291e-11,1.6779092e-13,2.7926101e-09,1.3538822e-12,4.655224e-16,0.78317124,4.0165237e-12,2.564e-11,1.5603806e-10,5.756291e-16,0.21375781
849,754,755,11,2.1959224e-22,2.8610515e-08,0.0,6.1320667e-19,0.017536074,2.670436e-09,2.7512696e-14,3.0462775e-11,5.1353842e-14,6.667672e-14,1.8488154e-20,0.982448,9.457531e-14,1.5700165e-11,2.3487042e-13,8.337879e-20,1.4100934e-05
850,755,279,16,1.3871325e-25,7.440998e-05,0.0,3.909109e-27,0.2583078,3.637376e-17,4.5053386e-10,3.58383e-15,3.202749e-14,8.771579e-14,2.2352318e-21,7.117606e-05,2.7702216e-10,4.9282464e-13,2.710125e-06,1.7705317e-18,0.7415425
851,453,756,1,3.359643e-21,0.999958,0.0,8.6703e-17,3.095708e-07,3.2695893e-10,5.2401918e-20,1.3643791e-15,4.0864606e-10,6.302928e-16,4.055242e-20,4.234355e-05,1.7112642e-13,5.020036e-16,1.2613837e-13,4.939628e-15,3.26549e-09
852,756,757,1,1.8567802e-21,1.0,0.0,3.083968e-22,6.0396015e-11,1.1333362e-12,2.8978238e-17,2.0995886e-22,4.713811e-12,1.3898879e-16,1.9625276e-21,9.117044e-12,5.675872e-17,5.6025224e-15,4.01073e-15,2.1461224e-18,3.6192085e-14
853,757,758,1,2.4655032e-25,1.0,0.0,1.018892e-28,1.4890789e-10,4.918973e-11,2.7714984e-19,1.3124519e-21,3.955852e-12,1.1761434e-19,1.17465254e-23,4.503888e-13,6.5277915e-14,2.3122769e-10,6.125579e-15,1.5713623e-14,2.705973e-13
854,758,759,1,3.466606e-29,1.0,0.0,5.5708754e-30,1.2640541e-10,9.029924e-12,2.403394e-20,7.034365e-19,1.1307856e-09,1.02112876e-22,5.7658707e-24,8.388768e-12,1.150614e-10,7.447884e-09,8.3392045e-15,3.5737157e-14,7.871741e-13
855,759,760,1,2.0717618e-26,0.9999962,0.0,6.6260224e-26,3.067131e-08,1.931288e-09,2.9476744e-15,3.952914e-18,6.054576e-10,1.7375139e-16,1.2313424e-19,1.5674732e-11,8.04934e-08,3.4068917e-06,1.3185944e-06,1.33384415e-11,1.8341993e-10
856,760,412,14,7.120954e-18,7.7705196e-11,0.0,1.9540846e-30,2.4073623e-09,2.7729866e-06,3.5934884e-11,1.5112586e-19,2.9290814e-13,1.4273911e-11,4.6026276e-21,1.202774e-09,9.830343e-13,3.8075453e-11,0.9999923,3.1310537e-06,9.9182465e-08
857,36,761,11,1.2435271e-17,1.9593742e-10,0.0,8.2846804e-27,2.3498607e-05,1.4425522e-06,2.7898304e-17,2.2908685e-13,5.4353555e-14,1.8281189e-06,2.4274851e-23,0.99997336,1.5103475e-12,1.859475e-12,1.4676715e-10,1.3300767e-22,1.0496792e-08
858,761,762,9,5.1137834e-29,7.868099e-15,0.0,4.9834467e-36,1.1015701e-12,2.9644884e-11,4.698626e-18,3.7397815e-22,5.680272e-16,1.0,1.7875158e-28,9.9529676e-11,1.0266683e-20,6.1028765e-14,4.4033085e-13,1.8812795e-19,7.739619e-15
859,762,544,9,6.2433557e-27,1.9102597e-16,0.0,1.6502298e-32,2.4640576e-12,7.731065e-10,1.1505987e-21,2.954486e-22,4.384084e-13,1.0,7.238055e-27,2.5578964e-13,3.1673037e-17,9.366998e-14,2.8388075e-12,5.3333084e-14,8.89293e-12
860,237,763,11,2.715101e-22,4.1402217e-08,0.0,1.7357516e-24,1.0805329e-06,6.236731e-07,1.7711668e-18,1.016956e-10,7.276026e-15,5.280637e-16,9.349878e-22,1.0,2.9284783e-13,1.4170229e-12,1.04937225e-13,1.1091317e-21,2.1675219e-11
861,763,764,9,3.8284623e-25,2.254406e-05,0.0,6.657309e-27,6.990304e-05,0.00051870727,5.3493946e-14,2.6669083e-13,6.782071e-10,0.86670315,2.0726557e-18,0.13268274,1.1740677e-12,2.539099e-06,5.0517535e-08,4.5979408e-14,1.9741837e-11
862,764,746,9,1.6898114e-21,1.4438809e-11,0.0,7.998535e-29,8.196338e-07,1.08438744e-10,6.130639e-19,7.337974e-19,1.2991248e-10,0.99978644,1.745026e-24,6.2093e-11,1.5488995e-17,4.8198717e-13,2.0948644e-11,6.4309555e-13,0.00021308828
863,237,765,11,2.4400136e-27,1.3898253e-07,0.0,2.0851645e-23,5.477922e-07,1.6464527e-07,4.6908744e-17,1.8871216e-13,1.474155e-14,7.217751e-15,1.1583774e-19,1.0,8.663701e-14,6.913872e-13,1.0314301e-12,4.1539915e-20,1.1939182e-11
864,291,453,16,1.439259e-22,3.6124746e-08,0.0,4.1382585e-18,0.0002193724,4.1808276e-12,7.7867705e-21,4.0236133e-17,9.14606e-12,3.2857062e-10,9.169209e-22,3.2350282e-08,1.6771454e-16,1.8003442e-16,1.4723025e-11,1.247115e-15,0.99977875
865,453,765,1,6.944083e-21,1.0,0.0,8.078699e-20,5.5808863e-10,1.7311019e-10,1.224858e-20,4.3600975e-18,3.9451695e-11,1.10683946e-16,3.0170395e-20,1.1978628e-06,3.942125e-14,2.3274212e-15,8.050078e-15,6.3439538e-18,7.401618e-13
866,765,766,1,1.24119154e-23,1.0,0.0,1.7554676e-25,2.4419237e-11,1.3771302e-11,5.712369e-15,1.18623144e-20,1.0243917e-12,4.91625e-12,2.9975244e-21,1.1415919e-07,6.949002e-16,5.1973085e-13,1.7880136e-13,4.256108e-18,3.183816e-16
867,766,767,4,3.1804764e-17,1.8801781e-08,0.0,3.7919038e-27,0.9995881,1.0251897e-11,2.1626347e-09,8.50764e-15,9.015729e-15,2.0098838e-10,4.9113257e-25,2.9258908e-11,8.1920575e-14,1.7804496e-08,1.0397638e-08,2.749241e-17,0.00041160893
868,767,195,9,2.5266267e-27,1.8734995e-14,0.0,4.7562322e-30,1.1724588e-08,9.151204e-09,6.7358073e-20,9.9815716e-20,1.180237e-13,1.0,9.990999e-24,4.2871973e-11,5.1712183e-15,1.7918107e-12,4.552587e-11,6.456467e-14,4.4949502e-11
869,72,768,5,5.102955e-19,2.70543e-10,0.0,3.7541584e-23,3.2871404e-07,0.99459785,9.3270834e-21,3.509607e-16,9.0287074e-07,0.005391216,5.1794117e-15,8.463074e-06,2.1982552e-12,3.6532537e-11,2.0556247e-10,1.1024704e-07,7.81796e-14
870,768,769,5,3.3980432e-19,5.2257976e-13,0.0,5.2633776e-25,2.8740044e-07,0.99943936,1.7187589e-16,1.2660193e-16,1.4782244e-09,0.0001221406,6.8079155e-17,1.2775392e-12,1.5007091e-14,2.5660192e-08,0.000436136,7.536807e-07,1.6668916e-13
871,769,770,5,2.346641e-16,3.099084e-09,0.0,1.1743114e-24,1.9764632e-07,0.99959964,7.600927e-16,4.8007096e-15,1.6127653e-09,1.523688e-10,8.6347194e-17,6.969431e-12,2.1711608e-13,7.514841e-08,0.0004013002,1.5249273e-09,5.7947723e-11
872,770,291,11,2.9645743e-25,7.356566e-09,0.0,5.3302657e-22,0.03734588,4.0211634e-07,3.4012826e-13,1.4918855e-13,2.0388476e-12,6.8584727e-13,2.230108e-18,0.96265227,3.9381808e-17,2.5091352e-13,5.1313633e-09,3.3355543e-16,2.4385682e-07
873,291,84,16,2.7895867e-24,5.7855115e-13,0.0,8.6030175e-26,4.2617717e-06,2.5024009e-17,1.1915343e-18,3.8113083e-19,5.1349146e-14,2.7693676e-16,4.0506887e-24,6.88614e-10,1.4835398e-17,1.5377625e-15,1.1815891e-12,3.559972e-22,0.9999962
874,96,303,16,3.814615e-24,5.294929e-12,0.0,3.6638882e-26,1.5971991e-05,3.2098198e-21,1.03387195e-13,2.6015307e-16,3.0036328e-16,4.513978e-16,1.193472e-26,2.0247543e-07,1.542319e-18,8.413245e-21,7.2184197e-13,4.8192306e-27,0.99998474
875,412,279,14,3.1230994e-12,1.8747413e-09,0.0,1.21475314e-32,2.1853459e-12,4.4047155e-11,5.4487048e-14,2.1793942e-19,9.721952e-17,3.023438e-17,2.5965627e-24,3.2680866e-14,2.2508628e-15,1.8336319e-11,1.0,1.8901438e-17,1.4552253e-14
876,771,48,11,1.4749099e-20,1.6576903e-06,0.0,2.428548e-25,0.0034824642,4.911536e-08,8.990536e-19,1.5571101e-10,1.6887391e-09,0.035292875,1.01691985e-20,0.9602207,1.742942e-11,2.744679e-12,5.6215477e-10,2.4285925e-19,0.0010039047
877,249,756,1,6.5216284e-26,1.0,0.0,1.8154845e-21,6.2425826e-08,7.2418315e-14,2.8612674e-17,3.549892e-17,8.8187514e-14,3.1321713e-17,6.1996313e-22,8.2751944e-07,1.9375267e-13,4.5416282e-17,1.536962e-11,1.3276778e-16,1.2585623e-13
878,771,772,1,2.5462667e-21,1.0,0.0,1.8835358e-25,2.68287e-11,1.1080921e-12,8.626677e-19,3.0536033e-21,3.2958005e-09,2.6808033e-11,6.6901706e-21,2.446595e-11,3.876685e-15,3.19989e-15,9.74125e-18,8.2482104e-16,3.9939982e-14
879,772,773,1,3.6668002e-24,1.0,0.0,6.887477e-26,3.3016595e-12,3.2992168e-12,4.3397726e-17,3.4308253e-20,3.5080805e-09,3.156331e-15,9.112756e-22,2.1343725e-12,2.7331727e-14,8.775692e-15,2.3014446e-17,1.1710324e-09,1.3269545e-15
880,773,159,15,1.9775139e-27,2.9821726e-06,0.0,2.830155e-25,1.20963335e-11,3.2416077e-11,8.389973e-22,2.2444632e-18,4.2893004e-07,3.5298893e-19,3.7578757e-20,1.5112523e-12,3.1629182e-11,8.381873e-16,1.4523407e-15,0.9999962,2.091066e-09
881,159,774,5,6.934742e-20,1.4509537e-11,0.0,1.4597369e-18,4.0365817e-13,0.99902016,6.0695096e-19,5.7887506e-15,7.3458373e-06,2.1576899e-17,1.509472e-12,2.0509372e-06,1.1569528e-16,1.5403531e-13,2.1490314e-10,0.0009702749,1.5192498e-15
882,774,775,8,0.00017292064,1.0788407e-05,0.0,4.9657983e-21,4.498381e-11,0.0001961422,1.152831e-13,8.5587495e-14,0.81600183,8.2447805e-24,2.027074e-21,1.0768521e-10,2.5706595e-11,1.6315388e-10,2.279425e-11,0.18361747,3.3931848e-12
883,775,171,5,1.6819937e-18,6.8815597e-13,0.0,1.1897133e-25,4.592689e-11,0.63800234,2.9644817e-19,5.0890825e-16,9.542574e-09,5.871982e-13,1.38321e-20,3.9214898e-05,1.5735541e-11,1.7677854e-10,8.225456e-10,0.36195916,7.455023e-08
884,171,776,16,3.830699e-24,2.576109e-10,0.0,3.0506863e-25,6.6037296e-07,7.6758544e-05,9.1526425e-15,2.285306e-15,2.7607824e-08,7.9513815e-14,4.351958e-17,0.0028950046,1.6214112e-12,1.5326076e-09,5.9435656e-10,6.8488876e-10,0.997029
885,776,183,16,1.2903444e-23,1.3311196e-11,0.0,6.682738e-24,0.00020320852,7.068628e-06,3.006998e-12,6.2387785e-14,2.620097e-07,1.3591559e-11,3.2917824e-15,0.0017607252,6.374466e-12,3.1873533e-08,1.2115886e-08,1.399584e-13,0.9980297
886,533,777,14,2.6022968e-07,2.7178069e-06,0.0,1.6994842e-19,2.8948097e-08,3.0398191e-06,1.9249909e-10,3.961993e-15,2.8491147e-08,1.1234847e-09,1.990997e-10,0.000119027536,2.1702334e-13,7.988062e-10,0.99950033,2.705483e-09,0.00037387598
887,777,378,0,0.99757296,4.4546447e-05,0.0,2.7166798e-19,5.056458e-08,0.0008483123,8.8688704e-17,4.699028e-15,7.37071e-05,5.203663e-11,1.592496e-13,1.6341963e-05,3.7875128e-10,1.6399056e-11,0.000676798,3.1011787e-08,0.00076803094
888,487,778,1,8.404441e-17,0.6317395,0.0,2.0819931e-23,0.00037321055,6.334192e-08,7.3706296e-19,2.2327271e-13,4.7488684e-09,6.2492234e-10,6.80283e-16,0.36788782,9.609119e-11,1.5610987e-13,1.1491953e-13,1.1760798e-13,5.2675637e-07
889,778,389,16,2.8883966e-11,0.033905108,0.0,1.7186201e-25,0.0004561904,3.673887e-08,1.3344114e-15,4.5439076e-13,1.553105e-11,1.7500707e-11,2.1096112e-19,0.06860997,2.9485448e-12,2.2309997e-12,4.266196e-06,6.6475097e-13,0.8970236
890,159,792,15,1.1337498e-22,1.1534913e-12,0.0,8.43907e-25,2.6497691e-14,0.0005270386,1.4515789e-19,1.0673239e-16,5.8718175e-08,3.9096956e-17,8.397131e-18,1.1174063e-10,2.5383041e-14,5.8516085e-14,1.0126297e-07,0.9994737,5.398968e-13
891,279,779,14,1.9470424e-11,5.3034018e-11,0.0,2.798566e-28,2.421925e-09,2.1888022e-10,3.729801e-11,8.505221e-19,1.7723481e-12,4.6297904e-17,1.4378687e-17,4.5464955e-11,3.682872e-13,5.934257e-09,1.0,2.4926568e-15,1.21776536e-08
892,779,780,0,1.0,1.989082e-12,0.0,1.8161171e-26,8.1776563e-16,1.8638605e-08,5.326832e-14,3.3114197e-21,4.3799487e-12,1.9626378e-23,4.2860488e-28,3.0789043e-13,4.1497848e-17,1.9266336e-13,5.8796434e-07,7.0541907e-13,1.018624e-13
893,780,487,16,0.00021025333,2.8058769e-06,0.0,4.1565397e-22,7.55013e-07,1.2089543e-05,9.769809e-15,3.100301e-17,1.1141258e-08,5.6467553e-11,5.412966e-22,0.010519593,4.2053426e-07,1.023771e-11,9.740944e-05,4.277435e-08,0.9891568
894,171,533,15,3.0400581e-24,3.250759e-11,0.0,4.161136e-24,2.1027297e-08,5.1716197e-05,3.7796368e-15,2.1848059e-18,1.2815525e-10,6.83779e-11,1.4177855e-19,1.776356e-11,2.9620475e-14,1.3314981e-07,2.236836e-13,0.9999466,1.1769083e-16
895,183,781,5,1.29521e-11,1.3275866e-16,0.0,6.4281583e-21,1.9454998e-09,1.0,3.9636403e-15,1.303299e-18,1.9705976e-08,3.6789528e-14,1.3831738e-19,1.23387895e-08,4.0047767e-18,3.3757107e-08,3.8575365e-08,3.4474027e-08,2.903647e-15
896,781,782,0,1.0,9.5124875e-15,0.0,4.0868286e-28,1.6288605e-15,3.1635878e-11,6.782254e-17,1.3438967e-24,1.4194398e-10,1.0833455e-25,4.6324273e-30,1.9289453e-18,1.0019142e-20,2.9565814e-12,9.333475e-13,8.900027e-15,1.6753151e-14
897,782,783,0,1.0,1.2602851e-16,0.0,5.3416637e-30,7.46822e-18,7.226236e-15,1.9737181e-17,5.573898e-21,3.460761e-13,2.5455002e-28,1.10488145e-32,1.06725415e-17,6.6247756e-21,2.4784025e-14,1.7504262e-13,3.0010183e-18,2.3605199e-17
898,783,378,0,1.0,1.5315112e-10,0.0,2.2429122e-27,8.753646e-14,7.851816e-12,2.516488e-20,2.56862e-19,1.2175301e-09,8.3331284e-23,3.9122287e-26,7.600485e-14,1.9706336e-17,1.3564753e-15,1.6828685e-12,6.030171e-16,5.231752e-13
899,378,784,0,1.0,1.1308707e-11,0.0,1.9213173e-23,1.0741338e-14,3.7891205e-08,1.8742384e-19,9.2553866e-20,2.598407e-08,2.1543522e-23,2.0960415e-24,7.240116e-15,1.1161925e-17,1.6457679e-15,7.449098e-11,3.8493262e-12,3.3130074e-16
900,784,785,0,1.0,9.545348e-15,0.0,9.581175e-22,1.890562e-17,3.018883e-08,6.2708364e-17,6.902829e-21,4.8816545e-10,8.3561305e-26,3.334329e-26,1.614366e-16,2.5275904e-20,1.0499557e-15,7.183746e-11,5.2851113e-12,6.406817e-19
901,785,389,14,4.096862e-07,2.9270366e-06,0.0,9.917943e-23,1.14188624e-10,7.47336e-08,1.4246611e-10,1.3224002e-17,5.7376616e-14,1.8674194e-15,5.554161e-20,3.150939e-09,5.1127567e-11,9.9672354e-11,0.9999962,7.162669e-09,3.6504196e-07
902,533,487,14,0.005552875,2.9207655e-08,0.0,6.527222e-28,1.7852686e-11,3.830749e-06,2.1386908e-13,7.963256e-20,1.598443e-12,2.3258937e-16,6.293239e-26,1.21732685e-11,1.9200815e-13,3.9129006e-11,0.9944422,9.985285e-09,4.684992e-09
903,389,786,16,1.3959987e-16,0.00016349267,0.0,2.8115686e-27,7.90052e-08,1.0606429e-09,1.085778e-18,5.934262e-15,3.0864453e-11,4.483318e-13,8.700409e-19,0.00845273,5.0384624e-05,5.190728e-14,5.2953087e-06,1.982743e-10,0.9913289
904,786,787,11,6.572302e-11,0.28202638,0.0,1.6658988e-22,3.1913578e-07,3.9700105e-08,1.3483505e-14,5.342394e-16,2.9202166e-10,1.9593404e-14,4.0707124e-19,0.71796864,3.8344018e-07,9.474306e-10,4.194467e-06,4.9131706e-14,2.541789e-09
905,787,476,1,3.3303813e-30,1.0,0.0,3.0721926e-21,3.7743483e-08,1.2624013e-10,6.1089584e-17,3.2818145e-15,5.372432e-10,4.365742e-17,1.7282603e-15,2.8630055e-08,1.3967234e-08,2.0392486e-08,7.281007e-12,1.1039537e-11,7.662106e-12
906,183,60,14,1.3085372e-14,5.1365557e-08,0.0,1.4976075e-24,1.698917e-08,2.2733825e-10,5.42078e-06,8.978267e-19,1.8134778e-13,9.357956e-19,9.829718e-18,1.6473773e-13,2.6737864e-19,5.596391e-08,0.9999962,2.8299326e-22,4.8683225e-13
907,378,335,0,1.0,6.4393843e-14,0.0,3.800228e-28,6.747239e-16,5.521153e-13,3.548975e-15,3.6878216e-20,3.7327865e-09,6.846037e-26,7.042506e-25,9.348337e-16,5.176994e-18,3.7245418e-14,4.822389e-10,6.4818515e-17,7.5295014e-16
908,389,340,14,0.0007883346,1.4146484e-09,0.0,1.3771693e-30,1.1604198e-13,8.0179626e-07,1.163433e-07,1.3567676e-19,1.4937597e-12,4.211677e-18,3.9171357e-29,2.7194165e-12,2.5711558e-14,1.7343283e-09,0.99921066,5.455615e-12,2.2093704e-11
909,533,788,16,8.4608244e-11,1.8612984e-05,0.0,7.8032354e-23,9.298308e-06,1.4055769e-05,7.5530616e-16,3.3352126e-15,2.2326328e-06,5.4413856e-09,4.0285014e-15,4.9387463e-06,6.813968e-10,1.455467e-10,3.05498e-05,0.009448677,0.9904708
910,788,789,0,0.9470266,1.7426656e-08,0.0,3.350971e-25,9.835198e-10,0.050300784,2.9589803e-11,8.53037e-19,8.536046e-09,1.1851597e-12,1.059629e-22,2.6304092e-09,5.656831e-16,1.8943886e-09,0.0026674103,5.9705744e-06,8.77167e-09
911,789,790,5,6.889916e-05,1.0859334e-14,0.0,2.1293786e-20,9.115161e-13,0.9999161,7.563756e-17,1.1892274e-18,7.7426876e-08,8.473449e-12,7.240314e-21,2.5091484e-10,4.04815e-19,4.970678e-10,1.6302463e-08,1.5207013e-05,3.9802446e-16
912,790,791,5,0.00017517735,6.211866e-16,0.0,8.5465624e-18,2.4259345e-12,0.99982077,1.7909472e-15,5.5073085e-18,1.2757306e-07,5.715557e-13,3.5573403e-21,4.9453347e-10,2.7891498e-17,8.951053e-10,7.788392e-09,4.9602513e-06,2.4784887e-17
913,791,792,15,3.542126e-18,1.647013e-13,0.0,5.658224e-27,9.687431e-13,0.0068120426,2.1771488e-13,2.4591139e-19,1.527808e-11,1.8023584e-15,8.717263e-24,2.5725683e-14,5.526571e-16,9.345228e-10,7.872387e-09,0.99318737,8.941276e-21
914,792,412,15,4.0132683e-16,2.15173e-10,0.0,1.4986397e-27,1.3418987e-09,0.004540344,2.4257801e-17,5.2452023e-16,2.0936849e-08,1.460896e-10,6.439479e-19,8.9289976e-08,1.210211e-10,3.1839564e-12,0.008776851,0.9866809,1.1278014e-07
915,401,267,6,1.2694485e-15,5.027945e-11,0.0,2.1966543e-12,4.0426307e-09,4.277158e-08,0.9693627,4.0463168e-17,4.608451e-10,3.7241088e-14,5.310483e-05,2.4566045e-09,9.729138e-19,5.1186835e-06,0.030580625,5.1316805e-15,4.6243706e-10
916,96,793,4,6.246683e-22,2.0461924e-07,0.0,1.2192055e-24,0.99949276,3.009842e-06,2.3222703e-06,1.0083258e-11,2.170396e-08,3.2293738e-05,4.4548636e-21,0.00046217567,3.387463e-15,7.9164755e-09,8.53658e-06,3.1150668e-13,1.6003893e-12
917,793,794,14,1.6781622e-17,5.57512e-10,0.0,1.9715504e-25,1.0568084e-05,5.3063315e-05,0.011211767,8.586623e-19,7.32835e-12,8.9621455e-05,1.4102709e-20,6.1012674e-11,9.478827e-17,2.3295826e-05,0.9886098,3.33846e-14,4.6246483e-12
918,794,267,14,1.6736077e-20,2.8413467e-13,0.0,4.062992e-24,2.0340453e-06,3.3398624e-06,0.08600499,1.6287983e-15,2.3229312e-09,9.69631e-12,1.0256203e-18,2.6479094e-07,1.9808187e-14,0.002861899,0.9111288,5.8587363e-13,6.415998e-16
919,267,795,13,5.0819842e-15,1.319026e-15,0.0,2.463511e-24,1.4345724e-07,0.00071252434,1.1011385e-06,2.8765276e-14,3.6981e-08,3.018106e-15,6.732677e-19,3.5643186e-08,1.1018438e-15,0.90122867,0.098059036,5.7664803e-11,4.30666e-16
920,795,796,14,9.679754e-19,7.73729e-14,0.0,1.0715496e-25,1.2534382e-09,5.645819e-07,2.9835905e-09,6.70467e-17,4.237666e-13,1.0263996e-17,2.9628669e-18,3.977597e-12,3.0915797e-13,0.005960025,0.99404013,1.4930837e-17,2.1436814e-13
921,796,464,13,3.8481208e-20,5.5436216e-12,0.0,1.2785801e-23,2.268934e-06,1.6946733e-05,2.0294472e-08,2.3358104e-06,1.2854008e-10,1.4750828e-22,9.260658e-18,3.7172416e-05,5.1768994e-09,0.99302065,0.006921244,1.3542328e-13,8.2858686e-15
922,499,797,11,2.455384e-26,1.0413983e-10,0.0,5.1168295e-28,6.0438854e-12,1.3031485e-05,5.0404813e-20,3.1425985e-15,7.599554e-11,1.1010994e-16,4.1283663e-21,0.9999886,1.5432527e-13,3.976199e-13,3.5045618e-17,4.040938e-15,4.8982096e-10
923,797,798,5,2.7092382e-12,7.1522672e-09,0.0,3.7427095e-21,2.1281862e-11,0.8729311,1.4235535e-09,1.5854137e-16,0.12705866,7.0283173e-15,2.4694803e-21,6.631526e-06,8.774132e-12,3.2016874e-06,3.9341574e-09,2.0956898e-09,2.569359e-16
924,798,401,5,2.5014528e-12,4.748818e-15,0.0,9.646853e-23,5.803217e-13,0.9999047,5.4338123e-10,9.710822e-19,7.632087e-05,1.6295122e-16,7.654146e-23,2.0300542e-05,3.6896057e-14,6.3746457e-09,2.4765896e-09,4.774095e-10,5.265849e-17
925,401,370,6,5.6229947e-14,4.7243962e-12,0.0,2.707753e-25,5.0824213e-11,1.4561104e-11,0.9998397,1.1529758e-21,6.524246e-17,7.5844924e-19,2.390042e-23,2.9508067e-12,1.0283845e-21,3.2405584e-10,0.00016169585,1.0971403e-18,1.9101969e-13
926,499,365,6,2.9310841e-27,2.0285344e-15,0.0,1.5019603e-33,3.5482277e-09,3.3601564e-13,1.0,1.7752306e-12,2.6488785e-15,8.604677e-22,1.6980089e-24,1.4598995e-09,1.1890398e-21,1.2879805e-06,6.676448e-08,5.272256e-19,2.6677169e-17
927,476,345,6,7.845464e-17,1.32665155e-14,0.0,2.1358222e-27,2.1603166e-10,9.53271e-10,0.9996948,1.9741087e-18,3.182097e-13,6.1565457e-16,1.8231715e-24,2.1409111e-13,3.1826734e-17,1.1288441e-05,0.00029214402,2.366113e-14,4.5881793e-15
928,510,350,6,3.221186e-16,7.50909e-13,0.0,5.749439e-25,6.6824e-11,5.531151e-07,0.73299277,5.2173564e-19,3.2736777e-13,2.7345212e-12,7.093885e-21,6.70587e-10,1.321906e-17,1.2780932e-07,0.26700598,1.1122273e-16,9.077798e-11
929,360,355,1,1.0743649e-11,0.9150788,0.0,2.801993e-07,0.00013922843,0.056815907,0.00031490604,4.9216608e-17,3.6831043e-09,3.813703e-14,4.807466e-10,2.8944298e-11,1.8696709e-16,0.0056686196,0.021981409,5.4801834e-13,4.0467366e-08
930,60,799,5,5.7539754e-12,1.5986136e-12,0.0,2.2133683e-19,1.0658845e-07,0.9999962,1.2717939e-16,5.806746e-18,2.8096673e-07,6.609494e-09,1.5676256e-15,4.3800796e-06,1.3618565e-16,2.2377772e-11,4.002317e-11,6.9660297e-12,8.5156876e-16
931,799,800,0,0.9999809,2.2205763e-13,0.0,1.7934559e-23,2.4776559e-14,5.8540262e-08,1.3783747e-20,1.464928e-21,1.839968e-05,2.8086032e-24,5.0077124e-26,5.25235e-16,1.2079373e-17,8.673648e-12,7.6637863e-16,1.0683388e-15,1.084029e-15
932,800,801,0,1.0,2.2448066e-17,0.0,2.442512e-25,1.3824038e-19,7.556835e-13,4.04213e-20,1.4420907e-20,1.10569026e-07,5.1787744e-32,3.0247681e-30,1.8088579e-18,6.008102e-17,1.526034e-15,4.509522e-15,5.643917e-17,1.5845536e-18
933,801,335,0,0.9999923,1.0465549e-11,0.0,7.9081107e-25,2.4432935e-11,4.3395633e-07,6.479029e-18,2.6203533e-17,7.769146e-06,1.4594611e-22,8.848125e-24,5.108855e-12,4.341809e-17,1.2411274e-12,4.745431e-15,4.559152e-13,9.134705e-17
934,335,802,0,0.99950033,1.642773e-11,0.0,7.4459316e-22,5.839776e-11,0.00023743078,1.8714824e-17,7.804952e-18,0.00026100356,1.24092836e-20,1.2081514e-21,1.44045895e-11,2.8893134e-17,6.794882e-12,5.572387e-14,6.3195604e-10,4.5715576e-18
935,802,803,0,0.9997978,1.1147596e-15,0.0,9.757738e-23,3.2712262e-16,1.2308016e-05,3.8588894e-16,4.030138e-19,0.00018815666,1.0295787e-27,1.5223118e-24,1.6815481e-14,3.1341073e-17,1.8536374e-14,1.1225662e-12,1.7733381e-09,1.546229e-20
936,803,340,15,6.3056366e-19,9.756327e-15,0.0,3.7134508e-31,6.9246915e-14,3.2666915e-06,2.7302094e-17,4.512869e-19,4.874521e-09,1.2877774e-16,3.7710953e-23,4.49881e-11,1.0028131e-12,5.317455e-13,2.1643139e-13,0.9999962,2.3457254e-18
937,340,804,15,6.717951e-19,5.4914386e-14,0.0,1.3422316e-24,2.2154457e-12,0.0034212489,1.7175916e-17,1.1251626e-15,6.558741e-07,3.0413234e-16,1.9010869e-22,8.451668e-10,5.2324062e-18,2.2788317e-13,6.431293e-15,0.9965765,2.8039831e-21
938,804,805,15,5.601937e-18,6.1493375e-09,0.0,8.7856e-24,2.0207809e-14,3.0663752e-05,1.9008249e-23,8.93266e-19,2.3279446e-08,3.3455255e-20,2.3812805e-21,1.0643226e-10,5.2057443e-12,7.050199e-16,7.5883e-15,0.9999695,3.9192607e-13
939,805,345,11,2.6559632e-21,0.004231969,0.0,1.6950401e-22,9.262008e-09,3.780139e-09,3.400417e-11,1.1411132e-14,8.0610696e-10,8.064797e-16,6.8789444e-18,0.995767,1.696616e-10,3.835546e-13,7.7830714e-10,7.358487e-13,5.0308904e-07
940,345,806,11,3.6752654e-28,9.329876e-10,0.0,3.0740168e-24,8.036346e-12,7.6327154e-08,2.7649947e-18,3.6683123e-16,1.9385786e-11,8.555749e-21,2.769151e-20,1.0,6.9208155e-12,2.2333645e-14,1.3157897e-15,1.1788865e-14,4.8374813e-13
941,806,807,11,2.1757397e-26,1.0658671e-09,0.0,4.6080875e-15,9.983746e-12,0.00011311637,4.8515715e-17,8.491206e-14,1.782564e-07,3.5587748e-16,5.969012e-18,0.9998856,4.9069273e-09,2.8285305e-14,1.5057847e-13,5.6704164e-10,1.080595e-13
942,807,350,11,4.95404e-17,4.4202102e-07,0.0,1.0188724e-21,2.8869107e-10,1.8826552e-07,2.1660208e-08,1.4663185e-16,4.507421e-09,2.7797669e-12,8.316049e-22,0.9995767,4.480957e-06,1.5305757e-15,6.502194e-06,8.891246e-13,0.0004135432
943,350,808,11,2.1783267e-22,1.9169448e-10,0.0,9.789327e-21,3.192254e-10,3.4677128e-09,9.931765e-15,1.8686432e-17,5.5000848e-11,5.8701175e-15,3.7922604e-22,0.999897,2.6039724e-09,2.4069263e-20,6.6750193e-16,1.4974487e-15,0.000104130995
944,808,809,5,4.785886e-13,2.4596162e-15,0.0,6.0219285e-20,4.2828365e-17,0.9999962,1.759994e-17,2.2148296e-19,3.1183831e-06,8.9294677e-17,4.4479988e-23,4.1030357e-09,6.7335533e-18,1.1976934e-14,2.3178218e-11,1.6652107e-09,2.045899e-19
945,809,355,5,2.3269085e-13,1.2177082e-10,0.0,2.79485e-23,9.17663e-14,0.9999923,1.6263608e-12,2.2404052e-21,3.789874e-07,4.4171938e-14,1.7363832e-21,8.9163266e-10,5.1016442e-14,2.6904e-13,2.3300347e-06,4.130241e-06,7.2284496e-13
946,401,810,5,3.9123771e-19,1.511138e-11,0.0,5.8446176e-24,1.5864144e-13,0.9992069,5.733895e-15,1.8049272e-20,3.1449622e-07,8.4143066e-13,2.7106096e-22,0.00076696527,3.3379237e-15,1.2796035e-10,1.7099079e-12,2.7351358e-05,6.9950906e-17
947,810,811,11,1.0367706e-21,1.5413673e-09,0.0,6.678132e-22,8.779124e-11,0.0005124491,1.8868437e-10,1.3955546e-19,3.3060772e-08,1.1462001e-14,3.8568047e-21,0.99948895,2.755456e-10,2.746808e-10,1.180929e-08,9.722342e-13,1.4568408e-15
948,811,812,1,4.3537457e-27,1.0,0.0,2.5777973e-27,2.395006e-09,4.999268e-14,3.9637245e-11,2.5093475e-19,6.7204894e-11,8.490087e-18,7.884748e-22,6.741162e-10,1.0217262e-12,4.16186e-12,5.2104926e-12,4.3035745e-15,4.643728e-17
949,812,813,1,1.8251748e-25,1.0,0.0,5.8508384e-25,5.431538e-08,8.9361935e-14,4.9499448e-08,4.457641e-18,4.8669534e-11,8.693857e-15,1.1617711e-20,1.0084534e-10,1.176923e-14,2.2216335e-11,1.1658692e-12,2.5396406e-14,5.533463e-18
950,813,303,4,5.4443173e-30,4.3990823e-07,0.0,5.5060044e-26,0.9915936,1.0943252e-14,1.0686698e-06,1.3953594e-09,1.2431981e-12,1.7118161e-09,1.894404e-23,0.008404245,2.5109328e-15,1.8529515e-14,1.4801817e-10,7.764328e-18,4.8708406e-09
951,476,814,12,3.961304e-27,1.726299e-05,0.0,9.114331e-27,5.69466e-07,3.3178918e-07,9.620429e-16,1.1599972e-09,1.0205962e-05,1.0086728e-17,1.3518317e-22,3.3307637e-07,0.99949664,0.00047301318,4.3382425e-13,6.519489e-11,2.0823903e-08
952,814,815,1,8.1245084e-18,1.0,0.0,1.02195716e-25,1.6084014e-11,2.5395477e-11,3.8652218e-10,4.8632616e-18,3.2785e-14,4.4168144e-18,3.0858037e-22,6.3815275e-10,6.394357e-14,5.0027915e-09,7.385113e-07,3.7713193e-19,9.675566e-15
953,815,510,16,3.0049184e-22,9.589648e-09,0.0,1.8923383e-23,7.93831e-09,1.4752001e-08,1.2320415e-13,5.189832e-16,2.0555597e-12,1.01537135e-16,1.3784475e-21,0.124400206,1.8377712e-10,1.2133293e-13,2.1407952e-07,3.6748074e-18,0.8755992
954,510,816,11,1.4119065e-21,2.2718513e-07,0.0,4.75855e-25,1.623934e-08,9.4894403e-07,3.6506496e-18,7.327819e-12,7.537103e-12,3.0175552e-14,2.156134e-25,1.0,1.5394391e-10,1.3580405e-13,4.5988705e-14,3.4279094e-19,1.4478384e-07
955,816,817,14,5.5809e-13,0.0016340358,0.0,1.728988e-20,4.55004e-09,2.0636047e-05,2.4142793e-08,1.3365707e-16,2.3813654e-11,7.2249358e-09,2.7796694e-21,6.555636e-08,9.7164645e-17,1.1154101e-08,0.9983458,1.0236825e-16,1.9889645e-08
956,817,360,16,3.7217573e-18,1.8380044e-08,0.0,2.279031e-21,8.6561954e-08,1.6517388e-05,6.5944923e-14,2.611319e-20,1.0517434e-08,3.5727123e-11,6.3904323e-21,2.2730822e-07,4.438422e-08,3.6621838e-11,0.0008059342,1.3155729e-09,0.9991763
957,360,818,12,3.855614e-28,1.8707476e-09,0.0,3.736822e-26,2.1854419e-08,7.7780655e-15,1.5253384e-19,8.331724e-17,1.3668292e-05,7.854294e-18,2.224217e-21,3.6128196e-08,0.99997705,1.0123789e-14,7.133845e-17,3.9582636e-14,9.766201e-06
958,818,365,12,1.2686786e-23,1.3488499e-06,0.0,1.0995954e-26,1.4575028e-07,1.34769956e-11,1.7437455e-05,7.307513e-15,0.00094573264,2.4954432e-16,3.3262517e-17,0.010779539,0.9882554,3.2620398e-10,1.0283477e-09,7.002038e-15,1.6238357e-07
959,365,819,12,6.447921e-23,4.791446e-10,0.0,1.5413002e-27,2.9229126e-11,1.3372493e-08,1.763182e-14,1.8935618e-20,0.0014225807,1.8712782e-14,4.719477e-20,0.009925311,0.9886513,1.6416724e-16,1.8949755e-15,1.1674183e-11,9.255226e-09
960,819,820,8,8.996382e-16,2.6807585e-14,0.0,1.753148e-22,3.3677314e-11,9.111195e-06,4.006323e-09,4.9040915e-13,0.9999886,2.4083628e-17,3.1249801e-21,2.6509124e-06,9.316189e-09,3.4369627e-16,5.1127825e-16,2.8636064e-08,4.1550142e-16
961,820,370,11,5.484997e-12,1.0364239e-11,0.0,1.2103035e-17,6.5676936e-10,0.020498307,7.1541535e-08,1.2949272e-13,0.012800432,2.5120356e-14,4.4669523e-18,0.9667002,8.844346e-09,1.438832e-13,8.9106684e-13,2.2842201e-12,4.8644825e-12
962,370,821,11,6.422867e-20,7.8304106e-13,0.0,1.8531358e-21,1.1644296e-11,0.00039240805,3.5985052e-13,9.234488e-17,8.851606e-08,1.5835824e-16,4.5509862e-20,0.99960715,1.1805399e-11,4.2062445e-13,2.5331291e-14,4.458031e-11,1.7098965e-10
963,821,141,11,5.610035e-28,9.3075464e-11,0.0,5.224126e-27,0.0028884192,1.9721618e-08,2.3121856e-05,1.786358e-12,1.6263538e-13,2.828031e-16,4.9135837e-21,0.9970898,8.329186e-16,1.5108288e-08,5.3162488e-09,2.736064e-13,1.8964537e-12
964,464,499,6,2.4712009e-24,6.6843695e-09,0.0,1.3400225e-30,4.2983254e-07,9.882682e-13,0.98277414,3.0071974e-09,4.8184147e-15,2.3790802e-16,1.6781031e-26,4.212998e-09,5.4654986e-16,1.4978384e-06,0.017224338,1.1777122e-16,1.0671649e-09
965,499,822,11,5.588803e-28,1.38565106e-11,0.0,4.179406e-28,2.5974814e-11,4.4366982e-07,2.278691e-14,1.7245607e-13,5.2179316e-12,1.9345373e-19,2.220367e-22,1.0,1.4282441e-14,4.5906747e-11,3.786974e-12,5.695397e-15,2.1341648e-08
966,822,510,11,8.789607e-20,4.0281584e-10,0.0,1.5613544e-21,6.9071646e-09,4.1525595e-08,6.412128e-10,1.3797565e-15,1.5118138e-09,1.7241578e-15,7.4330473e-22,0.7071504,3.3705855e-10,8.480148e-11,3.4420296e-07,3.370029e-20,0.29284963
967,464,476,1,5.110642e-22,0.744036,0.0,7.212017e-25,0.2525697,1.6492371e-15,0.0027962218,7.1579314e-05,1.11915367e-13,2.6112669e-14,1.7724523e-24,1.01573626e-07,1.0556381e-08,3.9656857e-06,0.00047416938,1.9893921e-13,5.0048817e-05
968,31,823,9,1.4946148e-27,1.4561422e-13,0.0,4.4777098e-29,2.6928817e-08,4.666188e-11,4.178845e-22,2.9178061e-21,1.171081e-10,1.0,1.576466e-21,8.824915e-13,6.079587e-20,7.2041423e-13,5.5797012e-15,3.2748252e-14,6.542794e-08
969,823,205,9,1.2241991e-28,2.7924808e-14,0.0,2.6074792e-33,1.7490882e-09,7.667618e-12,4.8928918e-23,5.9624455e-22,1.7232488e-13,1.0,3.245321e-25,2.1628076e-13,1.7258308e-21,1.1601305e-12,3.076377e-15,8.73644e-16,7.62876e-11
970,205,79,9,1.0828084e-25,1.053779e-09,0.0,1.0815358e-27,0.10362592,1.4642498e-09,2.6720191e-14,9.7069056e-17,8.8032753e-10,0.89630866,7.348655e-17,2.2752845e-08,1.0607818e-14,1.8831147e-07,4.7258455e-09,1.2939358e-11,6.371498e-05
971,528,229,9,1.00721914e-25,1.3478684e-12,0.0,1.9318367e-28,1.1912996e-08,4.7185313e-09,2.2586779e-18,2.5261747e-19,4.3941907e-12,1.0,1.8223912e-18,9.232106e-14,1.5394637e-16,6.222076e-12,2.0024288e-11,3.717989e-15,5.5852467e-12
972,229,124,9,6.797102e-30,1.3587627e-10,0.0,6.3993254e-32,9.4229676e-05,3.7668466e-12,7.4134067e-19,1.3167071e-17,2.0095674e-12,0.9998931,9.208986e-24,4.692952e-09,3.2722963e-18,1.9753286e-11,1.4142841e-13,2.5061577e-15,1.1612659e-05
973,124,824,9,4.169947e-28,1.1518056e-15,0.0,2.7481278e-33,2.5730313e-09,1.0222755e-09,8.069662e-23,5.740537e-19,1.4874388e-13,1.0,2.4637248e-26,2.5276057e-12,4.051087e-18,1.8332854e-11,2.1378159e-15,2.3354765e-17,1.9913481e-16
974,824,825,9,1.7468094e-26,8.2708775e-13,0.0,2.9065588e-32,1.1219172e-09,1.7427038e-10,2.476986e-17,3.612429e-18,1.3623055e-13,1.0,1.7897096e-24,4.8364e-10,5.9214596e-16,1.6624204e-14,1.147737e-12,2.7276663e-19,1.5568442e-16
975,825,136,11,2.8424694e-24,3.3442078e-07,0.0,2.8966908e-28,0.00070208265,2.3870296e-05,9.747193e-19,3.707229e-13,8.9577135e-10,0.0013160034,6.4236194e-22,0.99795747,9.330872e-10,3.8336648e-10,6.64997e-13,4.8575718e-17,7.3305825e-13
976,217,826,11,1.5846853e-27,8.535547e-11,0.0,6.4865174e-27,4.9122723e-06,2.9559756e-06,7.398013e-18,1.6307453e-14,5.4664394e-15,1.3956287e-12,2.790333e-23,0.9999923,8.893491e-19,3.8238605e-12,2.891498e-16,1.5289096e-19,6.526229e-12
977,826,827,9,1.6761885e-28,5.7530087e-12,0.0,1.8200643e-25,8.326044e-08,1.8685761e-05,2.5109109e-17,8.316691e-20,2.6242e-13,0.9999809,1.6937022e-22,9.612727e-08,9.606996e-18,3.2847193e-08,2.667057e-16,1.8061733e-13,1.2685863e-16
978,827,229,9,1.7745178e-29,6.4696255e-16,0.0,7.418033e-30,6.797492e-11,1.15136255e-10,5.555612e-24,2.0762225e-20,3.2801574e-14,1.0,4.9626426e-26,1.0557585e-13,2.8900143e-20,1.006198e-13,4.294466e-18,7.618631e-17,1.7982723e-15
979,528,828,9,2.5254174e-16,2.8394182e-13,0.0,8.2575e-23,4.724588e-07,0.3501998,2.3360289e-17,4.256961e-14,1.4268286e-06,0.6497996,7.2332195e-21,4.6009905e-08,2.6390042e-15,2.3230668e-07,2.1044267e-12,2.3263809e-09,2.1636616e-13
980,828,829,9,3.9866135e-15,9.357271e-13,0.0,1.1704027e-24,2.3220606e-11,0.0067273136,8.0029916e-14,3.018054e-19,4.1799685e-11,0.9932745,2.992734e-23,1.4450552e-10,4.0375397e-19,1.8174903e-10,6.67448e-10,9.246321e-12,3.2505363e-18
981,829,830,5,1.0872433e-14,5.384538e-10,0.0,1.0331413e-23,1.6691521e-11,0.9999923,4.095617e-12,2.4527832e-17,4.1862395e-11,6.47063e-11,2.3152155e-18,4.474552e-06,4.318744e-12,7.5368565e-09,1.8656692e-06,1.9248882e-10,1.8091935e-13
982,830,313,11,1.2496243e-23,4.3450183e-12,0.0,1.1661854e-26,2.113556e-06,8.74753e-12,1.04854556e-10,5.3653528e-15,9.498207e-14,1.0901587e-14,1.0708366e-21,0.9999962,8.2253363e-16,9.240962e-19,1.0294047e-14,3.6322874e-17,9.64665e-12
983,217,830,11,5.077791e-18,3.124972e-11,0.0,5.2964215e-28,2.3857815e-06,0.00011060358,3.4552268e-13,1.0082819e-14,3.160913e-13,2.773404e-10,1.6531979e-24,0.9998856,1.4843072e-13,4.6002378e-07,6.8738765e-12,7.681683e-20,4.8636e-16
984,91,831,11,9.599137e-22,6.2630326e-13,0.0,2.7464512e-18,4.5918596e-06,2.6422704e-06,4.2857704e-13,2.26682e-16,1.1884943e-08,3.81142e-14,8.3833974e-11,0.998342,8.9486296e-10,7.236158e-10,3.456766e-15,1.5494228e-13,0.0016493163
985,831,832,11,3.2163454e-18,6.802583e-05,0.0,1.7512717e-20,5.706403e-07,2.296027e-08,1.2210754e-11,1.7432061e-13,3.8846404e-12,7.7435557e-20,1.099325e-22,0.99993134,1.8614167e-15,6.281174e-11,3.073181e-11,4.9323332e-18,5.6997616e-09
986,832,289,16,1.6542163e-28,4.2565745e-05,0.0,1.7841813e-24,1.4147108e-05,2.020541e-15,1.1067065e-12,1.7205977e-14,2.797116e-12,1.046461e-15,8.531329e-23,0.0004263467,4.847323e-07,6.460656e-14,2.9284635e-08,5.9535936e-18,0.9995156
987,459,833,1,7.707616e-24,0.9956531,0.0,8.679193e-19,5.806047e-07,5.398729e-10,5.0493962e-18,1.1567598e-14,4.0984955e-11,3.1168225e-15,1.6095472e-21,0.0043465635,1.5099032e-13,2.836687e-15,1.03032464e-13,1.2835406e-15,7.906848e-09
988,833,834,1,6.4952546e-28,1.0,0.0,4.8041055e-27,3.2234992e-11,5.824946e-15,2.8345425e-17,6.6094284e-21,7.47261e-14,9.141941e-20,2.5011129e-24,1.1267347e-11,8.789151e-17,1.1947639e-14,2.140581e-16,1.2577385e-18,1.1645294e-15
989,834,835,1,7.0318914e-28,1.0,0.0,5.074546e-30,5.813598e-09,5.171441e-13,4.6228523e-18,7.4875283e-19,1.1010728e-11,1.051447e-22,2.1615128e-24,4.621613e-13,6.804684e-13,7.733971e-10,3.9546694e-15,1.0816709e-14,4.883654e-11
990,835,836,1,1.9739019e-29,1.0,0.0,1.6904228e-30,2.0736854e-09,2.0943277e-12,4.546497e-18,3.3464222e-18,4.2232134e-10,2.3888661e-23,6.856497e-24,5.734601e-13,1.257714e-11,1.7571098e-09,8.017472e-15,3.380496e-13,4.050391e-11
991,836,837,1,7.7507305e-29,1.0,0.0,6.6085725e-28,1.0158128e-09,5.968578e-11,1.4998099e-15,7.265441e-20,3.267582e-10,1.5727572e-17,3.789098e-20,4.9202975e-14,3.535899e-12,1.5661897e-09,4.733702e-13,4.1489634e-09,6.160501e-13
992,837,421,16,2.9106522e-25,0.0030423994,0.0,4.638856e-26,4.9461373e-06,1.7556435e-08,1.2881763e-07,8.107077e-11,3.6882015e-05,9.932414e-14,2.0148202e-17,0.00052796415,1.008151e-07,1.5150881e-08,1.9425875e-07,0.003698081,0.99269116
993,43,838,11,8.715822e-19,5.66311e-10,0.0,1.1120844e-29,9.0569245e-07,2.4105454e-06,3.6279804e-17,2.6363884e-15,4.255244e-12,0.000100336816,1.9152301e-22,0.999897,4.408623e-15,7.2309073e-12,2.2997392e-12,1.461673e-22,5.9055325e-09
994,838,839,9,1.4167615e-22,3.3501603e-13,0.0,5.1500846e-34,3.9005715e-13,3.3388234e-10,3.767139e-17,5.012771e-21,5.088372e-13,1.0,1.5055147e-28,2.235997e-08,5.5826624e-22,2.3652053e-11,1.4810712e-14,6.7204845e-20,2.1228744e-12
995,839,31,9,1.0687143e-29,9.0328646e-17,0.0,7.027327e-37,1.1754002e-13,7.6127386e-12,1.5046403e-23,1.2091163e-19,3.3956496e-13,1.0,6.4193526e-31,1.0572421e-12,3.116531e-19,5.991189e-13,1.7729665e-16,2.331204e-17,7.4836247e-13
996,244,840,11,9.542562e-19,3.3109254e-07,0.0,8.9690607e-26,2.2980677e-09,1.8135187e-06,2.5621808e-19,1.3759833e-14,6.169391e-13,1.3585675e-15,7.3148535e-21,0.9999962,1.1199559e-14,1.5945636e-12,1.0992293e-13,1.5770915e-21,4.6391416e-10
997,840,841,9,5.1645865e-18,2.1818496e-10,0.0,2.0997345e-28,3.2481805e-11,9.654848e-07,1.8247272e-12,1.7087003e-21,3.7284783e-11,0.9997597,2.5885222e-24,0.00023918891,3.5192027e-18,6.925056e-08,2.7935892e-10,1.7057935e-16,2.1397059e-10
998,841,823,9,1.1519502e-23,1.2152463e-14,0.0,3.1481733e-33,4.3592218e-12,4.2860754e-12,4.908921e-20,2.1338497e-21,1.5903144e-12,1.0,1.1566848e-29,1.5245557e-12,5.104977e-20,1.1106679e-11,8.1554365e-14,1.7154446e-16,1.08001e-09
999,244,842,11,5.8394474e-24,2.4983026e-07,0.0,1.9052202e-27,4.8501825e-10,1.3054957e-07,2.387046e-14,9.284224e-16,1.7820137e-14,9.601379e-13,2.123641e-22,1.0,1.1851909e-13,9.0761704e-11,2.2731372e-12,3.6824236e-20,6.087336e-13
1000,301,459,16,6.906825e-23,1.3675656e-11,0.0,2.487368e-21,3.2198848e-08,6.9009015e-15,5.7946102e-21,1.6537058e-20,1.3604261e-12,5.9186626e-15,1.3296232e-25,1.6044995e-09,5.768113e-17,1.2987001e-15,1.29032095e-14,1.4243145e-16,1.0
1001,459,842,1,2.344338e-19,0.99992746,0.0,2.5010762e-23,4.1827622e-10,2.0760815e-11,3.0549741e-16,1.0103177e-16,2.9674893e-13,3.1993146e-16,9.46481e-24,7.070708e-05,1.4888544e-14,9.5688316e-14,8.246142e-14,2.48904e-20,1.5632132e-14
1002,842,843,1,3.3375332e-20,0.9999886,0.0,4.6715155e-25,4.067671e-11,6.909048e-13,4.0254834e-11,2.4953117e-22,3.0502163e-13,2.9452527e-11,8.0980715e-21,1.187644e-05,8.6690815e-16,1.5319674e-13,1.18514235e-11,1.542007e-18,4.898786e-11
1003,843,844,16,1.9447479e-19,4.9586926e-09,0.0,1.7011681e-22,0.025901416,8.083047e-12,5.0379482e-11,3.4685435e-18,2.824522e-12,7.506892e-11,7.5732715e-20,5.299981e-12,1.562647e-14,3.8608192e-08,1.9037847e-09,1.2068043e-17,0.9741
1004,844,205,9,1.4026398e-30,2.3120417e-15,0.0,4.3505446e-33,7.879305e-11,2.7331408e-11,9.11975e-21,3.2694837e-21,1.205553e-13,1.0,9.99904e-25,3.62194e-12,5.1146334e-17,2.4872797e-12,3.330164e-12,2.4224996e-15,7.6794983e-13
1005,79,845,5,5.8601455e-20,2.2348033e-08,0.0,2.6886727e-23,5.4709255e-07,0.9963142,7.356441e-20,3.891565e-13,3.027483e-06,0.0036296814,6.1484924e-17,5.0680716e-05,3.4299733e-13,7.675896e-09,2.2271828e-11,3.323212e-07,1.09792014e-16
1006,845,846,5,1.484449e-20,6.153412e-12,0.0,6.842587e-27,1.980213e-08,0.99008924,2.7606011e-17,9.840373e-18,3.838569e-09,0.009904397,2.107931e-18,9.984055e-11,2.7666343e-15,5.3558836e-08,1.7861794e-06,5.338775e-06,1.5293166e-13
1007,846,847,5,8.2706985e-18,8.131324e-12,0.0,7.353133e-27,1.3270389e-10,1.0,3.4032304e-20,3.1837417e-17,1.2460488e-09,5.0098353e-10,1.1982035e-17,2.8684278e-08,2.0138956e-12,1.9240384e-08,5.8511824e-07,5.3602136e-09,8.563605e-09
1008,847,301,11,3.28097e-26,1.9858911e-11,0.0,1.1439748e-25,3.4509569e-07,1.9417437e-06,1.5281823e-17,1.657839e-17,4.67591e-14,1.6297135e-13,2.6979546e-20,0.9999962,3.6596067e-15,1.2736207e-14,1.3457465e-12,9.504504e-16,1.38526e-11
1009,301,91,16,4.2849553e-27,2.7320694e-13,0.0,2.8956446e-26,6.3395856e-07,7.0763615e-16,2.2080796e-20,3.3168198e-20,2.5284685e-12,1.4588325e-14,1.5093663e-22,3.7135795e-08,1.2183616e-13,5.2130153e-13,5.971247e-17,2.319921e-16,1.0
1010,103,313,16,9.456757e-25,8.5403805e-08,0.0,1.4909042e-24,0.41015032,3.4466202e-19,1.8614214e-10,2.4687383e-12,9.202325e-14,1.05443466e-16,1.7969786e-20,7.87246e-06,1.08908874e-17,9.1799075e-17,6.041739e-13,2.0552758e-21,0.58984196
1011,421,289,14,7.4989355e-11,6.332519e-10,0.0,2.095847e-34,1.0678113e-11,5.025342e-09,2.615321e-09,5.483411e-18,3.1723268e-14,2.8255698e-18,3.3285048e-28,1.2003698e-13,1.1919198e-12,5.3464964e-07,1.0,7.5523416e-16,9.187043e-12
1012,848,55,9,7.014147e-23,8.501353e-06,0.0,2.511395e-28,0.005114553,1.3279329e-06,1.4716476e-16,1.4301008e-10,3.0757763e-09,0.8757328,2.229638e-20,0.11912719,5.4703486e-12,1.6386432e-10,2.98118e-08,8.4772794e-16,1.4103732e-05
1013,256,833,1,5.294143e-34,1.0,0.0,2.6793707e-27,9.542137e-09,5.708924e-16,8.3663754e-17,3.2619924e-16,1.7428322e-15,3.244562e-20,7.554735e-23,5.076387e-07,7.772679e-12,1.2516236e-15,8.070904e-13,2.8453e-17,1.6826252e-15
1014,848,849,1,1.6014873e-21,1.0,0.0,3.3428622e-26,1.1532109e-10,1.5508842e-12,2.307352e-17,5.2652016e-19,1.9355286e-09,8.5010374e-11,1.1330159e-20,5.6216087e-11,1.7733667e-15,3.48606e-14,7.776986e-18,6.540447e-16,1.5912252e-15
1015,849,850,1,2.3121294e-23,1.0,0.0,1.549454e-26,9.134276e-12,9.975098e-13,9.995575e-16,1.6852372e-18,6.783908e-10,1.0016962e-13,9.764819e-22,4.603968e-11,9.991502e-15,2.1422907e-14,7.5970676e-17,3.9630716e-12,7.012697e-17
1016,850,169,15,6.5005247e-31,2.964411e-06,0.0,5.0736414e-28,3.0250167e-11,2.58631e-10,5.021094e-22,1.5316853e-15,4.807308e-07,7.9537664e-17,1.3988797e-20,1.6329396e-10,7.977253e-10,3.554869e-15,6.7165515e-16,0.9999962,3.1795053e-10
1017,169,851,5,6.459798e-20,1.2463668e-10,0.0,3.930483e-24,3.095508e-14,0.9927366,3.584795e-18,1.4886328e-14,8.062743e-07,1.5024308e-17,2.1353198e-17,2.1651049e-07,3.3602668e-16,3.1272348e-13,1.4827037e-08,0.0072628697,3.2755e-14
1018,851,852,0,0.94259703,0.0005621865,0.0,5.4358396e-19,2.2896587e-09,0.015427787,9.72134e-13,1.097994e-11,0.01099441,1.3364814e-20,2.0980204e-21,3.7139475e-08,3.661361e-10,2.0063707e-07,4.8524876e-06,0.030412985,3.176923e-10
1019,852,181,15,5.8267766e-20,3.5056822e-11,0.0,8.703759e-27,2.8836762e-09,0.01868123,7.645849e-18,2.260887e-16,1.9385786e-11,1.4407e-12,9.167885e-21,3.7171526e-07,5.5027896e-12,6.9413635e-11,1.371539e-07,0.9813169,8.692126e-09
1020,181,853,11,4.810825e-24,3.0633455e-06,0.0,1.3903072e-23,0.018580096,2.179076e-06,3.9549508e-10,2.0491852e-06,6.2285593e-12,4.652262e-15,2.5416803e-18,0.9814105,1.1459121e-13,3.9369243e-07,8.586723e-11,1.1289026e-08,5.3292666e-08
1021,853,193,4,1.7719741e-22,7.688095e-07,0.0,5.331768e-23,0.5471443,6.535211e-08,8.162667e-08,0.00040266957,1.8440133e-11,3.5358128e-15,1.7945544e-19,0.45243385,3.7142782e-13,1.5593052e-08,8.594555e-11,1.10753065e-11,1.9248415e-05
1022,540,854,5,7.8089446e-10,0.36866894,0.0,1.9922941e-12,2.7496624e-08,0.4841277,3.792868e-07,3.850927e-12,0.13857691,7.284174e-12,7.856521e-08,0.0072199153,3.0495925e-10,0.00010430155,0.0007886805,0.00045946855,5.4260996e-05
1023,854,387,8,3.1258514e-13,0.025192387,0.0,1.1123202e-17,1.586544e-10,0.0002104443,6.22247e-15,6.4011135e-15,0.97459066,5.0184965e-19,1.3399211e-14,3.1294743e-08,2.2958432e-08,2.407437e-08,1.516849e-12,4.594751e-06,3.3520575e-10
1024,497,855,1,1.6887757e-19,0.9906749,0.0,6.213093e-25,9.405254e-07,1.7458042e-10,4.1321086e-17,4.0491592e-09,6.0294354e-08,4.7781046e-17,1.0512326e-18,1.5482003e-05,0.009307052,8.606474e-09,1.1646207e-11,5.8545996e-14,1.1170558e-12
1025,855,399,12,1.2435254e-27,4.436228e-05,0.0,1.5449463e-24,1.332548e-10,1.7245543e-13,2.0602145e-20,1.2024201e-10,4.4933795e-08,2.163369e-24,8.2057094e-18,5.164495e-08,0.9999543,4.665643e-08,6.161472e-11,2.132091e-22,1.373484e-11
1026,169,869,15,3.4561275e-26,6.791354e-13,0.0,3.7217672e-28,1.415599e-16,1.2781822e-05,2.789036e-22,8.8111014e-18,6.0533543e-09,3.2619718e-21,2.261044e-22,9.400952e-14,9.240056e-17,1.2143375e-15,9.561096e-14,0.9999886,4.3836635e-18
1027,289,856,12,5.355249e-16,2.1104439e-08,0.0,2.7697868e-26,6.520227e-06,7.6827084e-05,7.090739e-08,6.891069e-13,2.809981e-05,1.1672233e-17,3.8024853e-23,1.3521838e-05,0.9984334,0.00021517613,0.00048643534,6.7929426e-11,0.0007416829
1028,856,857,0,0.99793077,6.5928957e-10,0.0,7.120572e-26,9.849782e-14,3.1038227e-05,5.179276e-14,9.913835e-20,0.0020388104,2.063802e-27,4.923779e-26,2.2890448e-11,1.3104775e-11,4.2508215e-09,4.6504613e-11,2.1951885e-12,1.3198401e-17
1029,857,497,12,1.1847144e-16,8.7763596e-08,0.0,7.4586334e-31,8.211911e-10,2.1010664e-11,5.0775033e-17,4.358392e-15,4.6452334e-10,2.698697e-19,5.278791e-21,6.0287493e-07,0.9999886,1.2463518e-11,1.3674596e-06,8.1780263e-17,9.287744e-06
1030,181,540,15,4.268385e-25,1.5218407e-10,0.0,2.7614628e-26,8.61894e-13,5.2801406e-06,1.7297749e-18,1.0011267e-21,8.249112e-11,1.6447135e-15,2.4296645e-21,1.0249115e-12,3.3330106e-16,8.233637e-13,2.362637e-17,0.9999962,6.1139644e-19
1031,193,858,5,4.36886e-16,9.150325e-18,0.0,1.2844477e-21,2.0203458e-10,0.9999962,8.357648e-14,2.0036704e-15,5.3383336e-11,4.546224e-16,2.542935e-23,2.0666128e-06,1.9606972e-18,2.760868e-07,1.7249921e-09,1.2349755e-09,9.233126e-22
1032,858,859,0,1.0,1.2340447e-14,0.0,1.4946033e-27,2.4645083e-16,3.62638e-11,2.8632793e-15,7.9467096e-22,5.2198438e-08,2.90293e-28,1.4722449e-28,8.902085e-18,2.4899312e-21,1.7465862e-11,3.4913138e-12,2.0968646e-17,2.6247653e-17
1033,859,860,0,1.0,5.4661e-17,0.0,2.235805e-27,3.1950304e-18,2.0342515e-13,2.0747766e-17,7.60656e-22,2.2459337e-09,2.6904897e-30,6.108361e-29,1.8545106e-18,5.5027196e-22,1.3500875e-14,1.2682771e-15,1.853054e-18,5.716611e-18
1034,860,387,0,0.69361573,2.9013367e-05,0.0,2.005703e-24,2.20655e-10,3.1139016e-06,8.882216e-16,4.7111795e-15,0.30635053,5.290253e-24,3.507025e-23,6.492583e-12,3.941016e-12,1.4817473e-09,5.659513e-14,4.2119808e-11,3.7346398e-12
1035,387,861,8,2.3217046e-05,1.826877e-07,0.0,1.9404352e-19,3.5223964e-12,7.2210096e-05,2.2512847e-14,1.31273505e-17,0.9999047,3.1519832e-25,1.742275e-21,9.713964e-13,5.7281296e-13,3.9313955e-10,3.462405e-13,3.748133e-09,6.4684205e-15
1036,861,862,8,0.21309672,2.5257844e-08,0.0,2.3109847e-14,1.7227865e-12,0.005361437,7.4088646e-09,2.6681472e-15,0.7815209,1.6347932e-22,3.7912558e-18,4.718185e-11,4.0795698e-13,3.4081211e-09,2.1642543e-07,2.0693356e-05,1.6007113e-14
1037,862,399,12,1.7653029e-28,1.0359343e-10,0.0,2.398967e-30,4.6991375e-14,1.0847616e-14,7.589177e-20,4.6821653e-18,1.6895068e-08,1.8747197e-24,1.4830091e-23,1.1195439e-10,1.0,1.4721854e-10,1.5235694e-13,5.765524e-22,2.9814129e-12
1038,540,497,14,1.714745e-08,0.012498855,0.0,1.2918131e-29,5.5580106e-08,7.7609957e-07,9.705307e-11,3.731279e-12,4.779614e-11,2.9589455e-19,8.318248e-27,2.109637e-10,6.644481e-09,0.00028737343,0.98721176,8.67019e-12,1.5860357e-10
1039,399,863,12,1.1959618e-31,3.3291737e-08,0.0,3.3562825e-31,5.5452474e-13,7.386008e-16,1.701539e-21,1.3943155e-18,3.470571e-09,3.3540804e-24,1.2528707e-22,2.0228919e-09,1.0,5.2611816e-13,7.0053513e-15,1.0876506e-20,8.3860835e-11
1040,863,864,1,6.305826e-20,0.99495447,0.0,5.184132e-24,4.3336883e-08,6.515686e-11,1.6891517e-09,9.459295e-15,4.730156e-09,1.8828817e-18,2.629487e-16,0.0049732756,7.125675e-05,2.4009725e-07,4.147986e-07,1.1242647e-17,1.6329452e-11
1041,864,483,1,9.072249e-28,0.99937844,0.0,1.2576078e-27,3.9920822e-05,1.6842269e-12,1.1720641e-10,1.0218247e-10,6.168025e-06,3.1355376e-20,2.635439e-18,3.3740642e-07,0.00056430715,1.0910373e-05,3.8999637e-12,3.9754883e-12,2.1944203e-10
1042,193,67,6,3.7167853e-14,1.0844128e-09,0.0,1.3565364e-24,3.0043599e-05,1.8432968e-10,0.99277824,1.2002637e-14,2.6611636e-15,2.2928822e-18,3.4280485e-22,1.1825728e-11,5.085318e-16,2.3485794e-05,0.007168623,7.808377e-18,1.8910752e-16
1043,387,333,0,1.0,3.3851496e-12,0.0,3.8550736e-26,1.0157482e-14,5.5124405e-13,1.05911455e-13,2.605677e-20,4.14728e-08,9.7349023e-32,2.5286603e-28,1.5465186e-19,9.195463e-18,1.5058524e-11,2.0785954e-13,1.1624789e-15,1.6172314e-17
1044,399,338,13,1.0031383e-12,7.2874093e-09,0.0,2.2228672e-22,1.3641883e-05,2.6847578e-08,5.097133e-06,1.3932737e-10,5.2873736e-07,2.1388802e-19,2.8031953e-26,1.8884371e-08,1.9856536e-06,0.99997705,9.303798e-08,9.085198e-14,1.0750978e-13
1045,540,865,16,8.206633e-14,2.451367e-05,0.0,1.0149485e-25,2.2851921e-08,3.4629986e-06,1.9416152e-16,1.0404108e-15,0.00015923636,1.7332344e-12,9.286797e-19,0.00016819287,7.206187e-10,7.4189005e-10,3.2656895e-09,7.848082e-06,0.99963766
1046,865,866,5,4.3687728e-10,3.731507e-12,0.0,1.4854907e-21,9.534659e-13,0.928288,9.250814e-09,1.811602e-15,0.00064513047,1.0622987e-17,6.4743746e-21,2.4460574e-08,6.131838e-17,2.490431e-09,1.3462474e-08,0.0710671,3.4237605e-15
1047,866,867,5,1.6028156e-11,7.837706e-12,0.0,5.105844e-16,1.4797342e-12,0.984842,7.971803e-11,9.523412e-16,0.000787463,3.5958497e-17,1.3663667e-18,4.579852e-09,1.2673528e-16,1.5960508e-09,1.1981906e-08,0.014369312,6.613982e-17
1048,867,868,5,2.0870073e-11,1.886338e-12,0.0,2.661051e-16,1.2939598e-12,0.9885872,4.3930866e-11,7.756229e-15,0.0047630523,8.023364e-18,2.5357412e-20,7.120746e-08,3.1061535e-14,8.8711016e-10,2.1161426e-09,0.006648127,6.183799e-17
1049,868,869,15,4.51339e-32,5.793189e-12,0.0,9.928692e-31,1.167228e-13,2.2496551e-09,1.0860431e-18,1.5474275e-19,1.62144e-11,5.965292e-21,4.7068236e-26,7.696331e-17,1.0535907e-15,1.2299653e-14,6.3605276e-18,1.0,1.027108e-18
1050,869,421,15,1.2876749e-30,6.023366e-12,0.0,2.1813935e-31,1.3217811e-15,1.7837072e-10,5.581412e-20,1.6970216e-20,7.310497e-11,1.0099066e-21,6.9584937e-25,1.3887113e-16,1.7281334e-13,4.6142025e-14,2.5692523e-15,1.0,1.1298206e-15
1051,410,277,14,9.621268e-17,1.5531593e-10,0.0,3.133638e-19,2.2640514e-11,1.7770577e-07,5.226235e-06,3.154005e-17,1.1611084e-09,2.8018627e-16,0.00028763778,9.674635e-09,4.7915198e-17,8.172365e-06,0.9996987,4.5065473e-15,9.94073e-11
1052,103,870,4,4.9014402e-26,6.780563e-12,0.0,1.7367349e-28,0.9962458,2.3990565e-09,0.00056080497,4.642025e-11,2.4858087e-09,1.1538552e-07,4.6700998e-21,0.0031936173,2.3187202e-14,6.561933e-10,8.826169e-11,1.9956618e-14,8.989956e-11
1053,870,871,6,2.9691742e-22,6.8765154e-15,0.0,9.780579e-31,1.9466357e-09,3.961211e-13,0.9999923,2.073906e-17,1.3160958e-15,8.308433e-16,7.0124575e-24,1.8991675e-13,2.808845e-20,4.0924085e-08,8.542313e-06,1.5984372e-19,7.098304e-19
1054,871,277,6,6.2842353e-28,4.4668425e-14,0.0,2.7739501e-28,1.2795426e-06,1.8163985e-14,0.9999809,1.3880067e-09,2.4209687e-13,2.523882e-19,4.6587604e-23,5.148991e-09,5.796839e-15,5.7575053e-06,1.2296989e-05,7.521595e-19,3.934652e-17
1055,277,872,13,2.0975708e-15,1.7992424e-12,0.0,5.2784805e-24,1.3426222e-07,7.1882737e-06,8.6254424e-08,2.3745317e-06,5.7867403e-08,3.174077e-17,1.3742197e-23,6.205378e-08,4.0096545e-17,0.9998436,0.00014617812,1.7864881e-11,1.5333932e-14
1056,872,873,13,2.9621425e-26,8.101749e-06,0.0,3.0448005e-27,2.4439656e-10,1.9976044e-06,5.726897e-16,4.5192297e-10,8.618662e-09,1.3069812e-21,3.4404422e-14,6.0477925e-09,8.578944e-08,0.8934992,0.1064896,3.1188398e-18,1.2644352e-10
1057,873,471,7,1.5793133e-21,1.4120728e-07,0.0,1.1553118e-24,4.6047853e-07,5.228682e-08,4.253786e-11,0.9706689,3.0156263e-11,2.1441951e-22,6.538057e-22,8.03729e-06,3.703396e-07,0.029320272,8.987672e-08,4.852769e-12,4.2229103e-16
1058,505,874,11,1.4253953e-17,6.0873763e-15,0.0,2.1494731e-26,6.814929e-10,0.024894804,1.8483135e-14,1.8049405e-13,5.734315e-06,1.3435608e-13,2.0696432e-20,0.9751001,4.811786e-14,3.3715009e-09,3.3379415e-12,3.9460195e-15,6.658567e-08
1059,874,875,5,9.158843e-11,1.34368515e-11,0.0,1.04073656e-22,7.667311e-12,0.9948407,9.3190795e-14,1.1237283e-18,0.0051588174,2.2477442e-11,2.040083e-21,5.01669e-07,1.2620719e-13,1.3169206e-06,1.7548526e-09,8.158759e-12,7.909897e-16
1060,875,410,5,4.04972e-14,4.820855e-17,0.0,1.515208e-25,1.5387483e-15,1.0,1.4812196e-12,5.82226e-22,1.585263e-08,1.970147e-15,3.1245837e-23,6.2855428e-09,3.7288913e-18,1.9662405e-10,1.1755361e-07,1.0464448e-08,2.0286076e-19
1061,410,368,6,1.1996066e-11,7.899268e-12,0.0,7.0322395e-28,5.040408e-11,4.581409e-08,0.5492774,2.930537e-19,1.1440029e-14,1.8604005e-16,4.36822e-19,1.7707629e-09,1.2653123e-19,6.8601935e-07,0.45072326,2.5828008e-17,4.62288e-14
1062,505,363,6,1.425665e-20,1.6893397e-15,0.0,2.9542523e-35,1.987788e-09,9.222387e-15,0.99998474,9.95372e-16,1.6965698e-11,2.2574093e-20,1.8999415e-22,1.7702889e-10,4.385875e-16,1.304979e-05,6.665839e-07,1.3674355e-18,7.1932293e-16
1063,483,343,6,2.1406351e-19,1.753321e-08,0.0,4.2857238e-27,4.7839057e-09,2.681395e-12,0.9971886,6.8452535e-11,1.8312412e-11,1.6815173e-20,1.6535692e-25,9.721091e-11,8.049206e-11,0.002810316,2.2025934e-06,1.3654927e-16,1.0682619e-14
1064,517,348,6,5.3942864e-16,3.4284953e-13,0.0,4.478812e-25,1.0729525e-10,4.1037424e-08,0.99887145,8.5622156e-13,5.725099e-11,1.3508468e-15,4.8633302e-20,1.4243405e-10,1.9801994e-14,5.3992544e-06,0.0011220062,1.9386105e-16,2.9406355e-13
1065,358,353,10,3.8442268e-23,0.0027859367,0.0,1.4815337e-15,3.8039364e-08,5.7723576e-11,1.4156829e-12,9.653824e-13,1.7366804e-07,4.4316853e-17,0.9972154,5.0462207e-10,7.560634e-11,1.8200176e-08,1.0697217e-14,1.91948e-14,1.1854723e-11
1066,67,876,5,9.566806e-10,8.8680004e-15,0.0,6.120598e-17,1.5877443e-08,0.9906975,1.16177015e-14,4.010938e-18,0.009304176,1.4999315e-13,6.2930297e-16,1.2648609e-08,2.3458455e-15,2.3039059e-08,4.256243e-08,1.6638194e-10,6.9576e-15
1067,876,877,0,0.99999815,1.1018184e-15,0.0,5.9665776e-25,6.0475895e-15,2.1423534e-09,1.8015868e-17,1.3996056e-20,2.6588727e-06,9.2555706e-26,5.4437214e-28,4.0331895e-16,1.4055307e-17,3.807678e-10,9.727133e-12,1.4163646e-18,5.934576e-16
1068,877,878,0,1.0,2.006345e-17,0.0,2.171693e-26,1.6253759e-18,1.710668e-12,1.9431482e-17,1.2152373e-21,1.910198e-08,7.931345e-32,1.7211369e-28,5.8480005e-19,3.1038565e-21,8.45886e-14,2.820222e-15,1.4110573e-19,2.3258443e-20
1069,878,333,0,1.0,1.6964728e-11,0.0,1.326728e-28,2.9094518e-11,1.7572842e-09,5.634718e-14,1.1756686e-18,1.7578292e-07,1.8770516e-25,4.934572e-26,1.8855953e-14,2.5917003e-19,1.8084323e-08,7.2788685e-12,1.6768383e-16,1.86177e-17
1070,333,879,0,0.99997705,4.2575725e-09,0.0,2.4453518e-28,1.4932784e-08,1.7139153e-07,7.590243e-14,1.7798379e-16,3.7722648e-06,5.7831027e-22,4.795908e-25,8.8826485e-10,4.529986e-16,1.9391615e-05,7.110149e-11,1.4640116e-14,3.987268e-15
1071,879,880,0,0.9993212,1.3140918e-11,0.0,3.68939e-24,6.7788826e-12,1.2760337e-05,9.8775134e-14,3.389838e-17,0.00066567014,2.3460906e-27,1.8044081e-23,5.7436894e-12,1.5327e-18,2.8129597e-07,1.0407974e-12,2.0952309e-12,7.649959e-19
1072,880,338,13,8.131942e-05,2.6742258e-11,0.0,2.241845e-25,7.531382e-05,4.1991916e-05,0.12694915,1.095089e-15,7.1205555e-08,1.069965e-17,5.9384783e-21,7.3410917e-09,4.7544184e-15,0.8707494,0.002102013,1.2452606e-08,8.5214995e-17
1073,338,881,0,0.87896913,4.5332347e-09,0.0,1.4393194e-22,2.4726367e-07,0.005678489,1.2859601e-10,2.3748934e-14,0.096490175,1.2875284e-21,6.5421737e-22,7.166776e-07,1.0627605e-10,0.018609818,2.2234077e-09,0.00024973156,8.7118133e-16
1074,881,882,15,7.4227544e-09,3.0244643e-10,0.0,1.27894304e-20,6.215004e-13,0.01695329,7.012346e-18,4.203624e-16,0.025269194,1.264659e-22,5.778103e-20,2.8136408e-11,1.3606923e-10,6.147341e-10,2.5067517e-14,0.9577769,3.5121133e-15
1075,882,343,11,7.595735e-17,0.16456917,0.0,6.683751e-26,3.7664395e-07,3.925334e-06,0.00011172137,1.04925374e-10,0.008751743,4.4032953e-15,8.4409015e-11,0.8080133,0.0185054,1.7199943e-06,4.1376392e-05,8.451636e-10,3.029817e-06
1076,343,883,11,4.340387e-24,2.1178419e-06,0.0,7.166961e-24,1.0872621e-10,1.0935703e-06,9.418213e-15,1.293226e-10,4.621697e-07,2.4337756e-20,6.1836536e-18,0.99991226,8.5693086e-05,5.4996896e-10,5.695382e-13,1.47355e-11,1.2467832e-13
1077,883,884,11,1.2146617e-30,1.9943599e-07,0.0,1.8107614e-20,1.088313e-08,4.1262072e-07,9.242075e-15,6.4548584e-09,3.7237644e-08,1.5856022e-15,1.1651796e-20,0.9997406,0.00025807007,2.9577937e-12,8.598867e-15,3.5395334e-10,3.002873e-11
1078,884,348,11,3.7892278e-20,0.0018399664,0.0,1.0597649e-25,1.5435754e-07,7.313172e-08,3.3506439e-07,2.8503928e-11,4.5333973e-06,4.9732555e-11,1.8350327e-17,0.8973453,0.07700648,3.5267542e-11,4.6020457e-07,1.5764853e-12,0.023801867
1079,348,885,11,2.9658408e-18,2.2998252e-06,0.0,1.8079943e-27,7.27644e-08,2.5955057e-07,2.177716e-11,2.1912036e-14,1.3165991e-06,1.5602258e-10,2.933045e-17,0.95995694,0.00029012165,1.15185e-14,7.9179475e-11,4.451259e-15,0.039748564
1080,885,886,5,1.0268123e-14,1.3619683e-12,0.0,7.2425587e-19,5.710084e-14,0.99886763,1.1912855e-16,1.6404787e-14,0.0010168472,1.6207603e-14,3.945302e-20,8.367754e-08,5.284592e-14,1.8815929e-14,1.1299376e-14,0.00011503322,2.8507893e-15
1081,886,353,5,6.734591e-15,6.615201e-07,0.0,2.1920862e-25,2.1964974e-10,0.99967575,4.1978634e-12,6.7185433e-18,0.0003228033,4.8331967e-15,9.604504e-18,1.5843364e-10,1.3965154e-16,1.7509024e-07,1.7261582e-08,2.8226431e-08,1.2879051e-16
1082,410,887,5,2.6430217e-17,3.4256696e-14,0.0,1.727955e-25,1.4337083e-14,0.9999962,5.508722e-16,5.9860593e-21,2.450363e-08,1.9534372e-14,3.2009028e-23,1.1301964e-06,6.3115353e-18,1.160302e-10,1.42671075e-11,2.4939236e-06,1.8925011e-19
1083,887,888,11,1.086922e-25,2.9248953e-05,0.0,1.8864337e-25,5.047739e-11,9.409425e-05,4.804156e-14,1.2601054e-19,6.715935e-09,2.616462e-14,5.000605e-21,0.9998779,2.4077573e-09,4.186915e-09,1.0715349e-07,5.110064e-12,1.2734422e-12
1084,888,889,1,2.3219016e-33,1.0,0.0,8.402086e-28,2.7078254e-10,6.3915975e-15,7.839877e-15,1.8451757e-17,7.538052e-12,1.735577e-19,2.637576e-22,9.423128e-09,1.5571511e-11,1.1052679e-12,8.1014725e-13,3.0013421e-16,4.9460956e-15
1085,889,890,1,5.6547926e-27,1.0,0.0,1.3263666e-24,5.3512274e-08,5.9315913e-15,9.4292105e-08,6.05174e-16,2.2448968e-13,2.1563376e-12,1.6518522e-20,2.7367686e-09,9.85083e-15,1.873131e-11,1.6445727e-11,3.07021e-15,2.146658e-15
1086,890,313,4,4.1083595e-32,8.167063e-07,0.0,5.7675587e-26,0.99076545,1.3965473e-16,5.071335e-07,5.7622427e-09,1.3844714e-13,5.943631e-11,1.05591835e-19,0.0092322985,1.113671e-16,3.9920316e-15,4.541016e-12,1.3017494e-17,1.7914113e-08
1087,483,891,12,1.4571627e-23,7.7776895e-05,0.0,2.11719e-26,5.3170505e-05,1.8636909e-07,7.929203e-08,2.2442555e-05,0.011388762,5.989126e-19,3.1910444e-20,3.6114177e-06,0.9880104,0.0004441971,8.9643225e-15,4.722043e-09,3.5624975e-08
1088,891,892,1,1.9337511e-23,1.0,0.0,1.5265838e-27,1.6431013e-08,6.495839e-16,1.8490468e-14,3.0902356e-13,5.1931525e-11,1.024071e-20,1.0968409e-22,4.6215137e-10,5.154272e-11,1.7486369e-10,2.4169062e-15,2.0529795e-14,7.07071e-12
1089,892,517,16,4.989728e-27,1.2208362e-06,0.0,8.256998e-30,5.2569845e-07,1.3208003e-12,9.781098e-17,7.824222e-15,1.2080034e-07,9.034105e-17,8.346363e-23,4.935302e-05,2.0680176e-05,8.211205e-14,2.231327e-16,6.068576e-14,0.99992746
1090,517,893,11,1.1620568e-24,3.5048933e-11,0.0,3.7179642e-28,1.3852846e-06,2.5076572e-09,2.2110171e-16,2.0064146e-09,3.260616e-13,4.2486525e-15,4.0655762e-26,1.0,6.725051e-12,7.671315e-13,3.6240503e-18,1.2766507e-22,6.048023e-09
1091,893,894,14,4.5673836e-14,0.0005735984,0.0,1.4810263e-21,0.05698825,0.00022947359,0.00084324356,5.1698734e-09,5.45108e-12,1.826619e-07,2.4635219e-23,0.047802195,9.928431e-15,0.0007165803,0.892845,1.484661e-17,4.150168e-08
1092,894,358,4,7.336746e-18,8.276931e-07,0.0,5.4614327e-24,0.98823655,7.807442e-06,2.8698847e-07,6.420468e-12,4.0069995e-07,1.383911e-14,4.1793914e-20,1.5502501e-06,1.04392495e-08,0.010923884,0.0008297081,4.5925745e-15,2.3772666e-08
1093,358,895,12,6.708275e-25,2.543313e-08,0.0,7.5501895e-29,7.3836513e-06,7.497899e-13,7.8236327e-13,7.0986977e-15,0.011403151,1.1294735e-19,4.2617387e-21,4.8133455e-07,0.9885872,6.685039e-07,3.2358435e-15,2.622686e-15,7.555391e-10
1094,895,363,12,5.72763e-27,4.3404177e-10,0.0,1.552899e-32,1.4220271e-11,7.895147e-18,2.2022841e-12,4.767828e-20,9.67627e-07,2.876331e-21,1.42629e-21,1.232007e-08,1.0,5.0261973e-12,2.3186394e-15,6.5912155e-16,2.0858613e-11
1095,363,896,12,8.982836e-24,3.6574823e-09,0.0,6.0530827e-30,1.344778e-10,4.3549348e-15,6.911847e-19,1.8167394e-20,3.5407033e-05,7.404193e-19,2.727332e-20,6.2597076e-07,0.99996567,3.602499e-15,8.19917e-18,9.113756e-16,1.6358156e-08
1096,896,897,8,5.844695e-13,4.1609073e-12,0.0,7.048406e-21,4.110636e-08,1.2387986e-07,3.5552613e-08,5.4718305e-12,1.0,8.684053e-21,1.2845661e-20,3.6623027e-07,8.771109e-07,4.494461e-15,1.1633743e-16,3.8412495e-09,1.0478082e-13
1097,897,368,11,1.5755001e-11,9.6254775e-12,0.0,3.775337e-18,1.2554864e-09,0.0057991967,2.5543878e-08,1.1387091e-13,0.00050049997,2.1421425e-15,1.4974236e-18,0.993699,7.2160155e-08,3.2236604e-14,3.0867247e-13,6.730257e-13,4.0674517e-12
1098,368,898,11,3.7840457e-18,1.0669598e-12,0.0,1.0718506e-20,5.0660656e-11,0.004575012,1.4527737e-14,6.647776e-17,5.54395e-08,1.0496478e-14,2.3049667e-18,0.9954252,1.5735834e-12,1.7690366e-14,5.8091027e-15,1.2242703e-11,2.102542e-11
1099,898,148,11,1.8760832e-27,0.00017366036,0.0,3.2899705e-25,0.039870657,3.3120766e-06,4.2537554e-10,8.5296065e-15,1.6206717e-09,1.5220736e-09,2.6475816e-18,0.95994586,3.1210989e-12,1.7737595e-07,4.6268586e-10,3.2357445e-08,5.2897567e-06
1100,471,505,14,3.6460864e-17,0.10646482,0.0,9.398886e-26,0.0002569355,4.289392e-10,0.060656972,0.023204243,4.053314e-10,3.9649006e-20,3.0834185e-20,6.422058e-05,3.5923168e-07,0.19367847,0.61566865,2.1446058e-13,4.544097e-06
1101,505,899,11,1.7408715e-23,3.633071e-13,0.0,2.2340291e-29,9.847206e-11,5.5146998e-06,1.8350223e-13,1.7531277e-15,4.9495247e-10,1.5002882e-18,4.8595403e-23,0.9999962,1.7731992e-13,1.8512747e-09,2.650247e-12,1.3119533e-18,6.6630136e-08
1102,899,517,11,2.2394117e-23,1.8447934e-12,0.0,1.6250772e-27,1.3814691e-06,1.4946049e-10,1.6243219e-11,3.7011893e-16,3.085152e-10,4.7737735e-15,6.4685845e-25,0.7550873,6.3459673e-09,1.6308588e-12,1.8182226e-13,5.967062e-23,0.24491009
1103,471,483,7,2.4500185e-22,8.911074e-06,0.0,6.9327894e-26,3.2451513e-08,5.70666e-16,2.2750068e-08,0.9999923,3.2294188e-15,2.6818685e-25,1.9669265e-29,8.965162e-11,6.945708e-11,4.428579e-08,6.949974e-11,4.1746218e-15,2.191605e-14
1104,39,27,16,3.1957434e-22,6.060237e-10,0.0,2.0266917e-24,1.2479426e-08,6.814016e-11,1.489452e-20,6.1282015e-21,7.66209e-09,1.1699304e-15,3.0276018e-19,6.7892705e-09,8.431674e-09,9.160267e-13,9.998985e-13,1.0416801e-18,1.0
1105,900,901,16,1.2248287e-22,3.076427e-13,0.0,2.1665347e-29,8.82623e-05,1.367942e-10,4.210513e-14,3.35698e-20,6.182897e-11,3.4405263e-11,5.1213785e-21,4.113446e-07,1.4875478e-15,3.513566e-12,2.0839048e-11,4.3478834e-21,0.99991226
1106,901,27,16,8.621157e-25,1.3034621e-12,0.0,1.1633045e-29,5.669368e-06,6.984553e-11,1.8428282e-15,1.6856716e-21,3.473811e-12,2.7220581e-08,1.2609077e-20,1.0401317e-10,1.075613e-16,2.6005934e-12,1.1334114e-09,2.2668113e-16,0.9999962
1107,27,902,5,7.47828e-19,1.9627173e-11,0.0,3.1670175e-22,4.2132346e-11,0.9999047,3.3333472e-20,4.3712947e-23,5.337489e-07,9.512029e-05,7.2362e-21,6.1370055e-11,8.763602e-18,1.732162e-14,1.8516162e-14,8.999513e-07,5.058656e-16
1108,902,903,5,2.6601192e-22,6.199025e-12,0.0,1.977447e-26,1.35526985e-08,0.95883334,8.190339e-14,1.29356175e-17,3.318903e-08,0.039108146,4.5487558e-24,0.0015088917,1.4473771e-11,9.7963875e-06,0.0004360678,7.1802165e-06,9.669859e-05
1109,903,198,11,5.1343536e-26,6.86649e-11,0.0,1.1110344e-26,7.711089e-08,4.0012102e-07,1.5545209e-12,4.6553307e-16,2.9895442e-12,9.3551604e-14,3.682955e-21,0.99953854,7.8879847e-10,5.233678e-13,6.6475553e-07,2.3982683e-10,0.0004594773
1110,198,904,5,7.031239e-23,5.3577463e-07,0.0,6.686471e-21,3.9838874e-10,0.9822456,3.9077442e-16,3.558452e-14,1.3841904e-07,4.0563037e-08,2.2470784e-16,0.0016850571,1.5851067e-07,3.6637224e-10,1.7672149e-07,0.016069187,3.0630643e-14
1111,904,75,5,7.2401005e-19,6.4057845e-06,0.0,2.4088844e-19,2.731917e-10,0.98652655,2.2625767e-17,1.8909318e-15,5.5149103e-06,1.2910048e-07,2.7378553e-16,3.457108e-08,5.7195813e-09,1.0421772e-10,8.7007936e-07,0.013458766,4.971045e-15
1112,75,905,14,8.641164e-20,1.8840796e-05,0.0,5.506547e-20,1.3317704e-10,0.002325909,1.3889444e-16,1.1330724e-12,6.5625977e-06,1.4447554e-13,1.3190412e-15,1.0171594e-07,0.3267036,1.9456131e-07,0.67094326,1.7144068e-06,3.338575e-14
1113,905,906,14,3.6701068e-22,3.095548e-11,0.0,4.7486184e-30,8.6840176e-14,2.3394975e-10,1.0603339e-12,1.4969667e-18,5.2780414e-15,2.379399e-15,4.0347577e-24,9.0051135e-14,9.966409e-09,1.1212038e-07,1.0,3.9552216e-18,4.1268254e-20
1114,906,907,14,6.225256e-20,8.627305e-11,0.0,2.4324871e-26,4.70488e-13,7.3714546e-09,3.300242e-16,7.31811e-16,8.05624e-11,1.382736e-19,6.128268e-22,3.6168699e-10,0.0037567327,9.394133e-08,0.996242,5.325224e-15,8.555468e-18
1115,907,908,14,9.8021865e-20,1.0762473e-12,0.0,1.0185668e-26,3.2397533e-11,9.22337e-08,8.855247e-17,6.059687e-16,3.7715504e-11,1.2115565e-15,1.0609e-20,4.4262105e-10,0.0032559596,2.4481963e-07,0.99674374,6.009438e-15,2.0076642e-15
1116,908,909,14,4.1014752e-22,1.1709942e-13,0.0,8.284538e-31,4.0928393e-11,2.386467e-11,1.7475424e-11,7.663365e-19,4.0883975e-16,5.1024647e-13,3.2487308e-23,1.0956583e-13,7.075932e-08,3.981081e-08,1.0,1.9929274e-17,3.150363e-16
1117,909,524,14,2.1149202e-20,4.9126697e-12,0.0,3.678984e-27,8.066146e-10,1.381081e-11,1.32775735e-11,1.3588335e-20,1.09662175e-10,1.1380858e-17,4.0131641e-22,1.1395191e-10,5.5455e-06,3.3779793e-07,0.9999923,3.0870463e-18,2.6849061e-12
1118,524,910,5,2.7947649e-15,8.459183e-10,0.0,2.0845447e-15,3.1647577e-08,0.8689974,3.8497968e-19,7.693517e-16,0.13099945,1.2123509e-09,6.393371e-17,4.524234e-09,3.565729e-10,2.1925565e-08,1.3074181e-09,4.0821847e-06,4.1903768e-19
1119,910,911,14,1.7081276e-20,7.8892927e-14,0.0,2.3761296e-26,4.4899042e-07,0.047936223,1.1386322e-11,6.706381e-18,1.2364167e-11,1.4974906e-05,3.635011e-21,1.642448e-10,2.191649e-12,0.00039324723,0.9516548,5.7802134e-07,4.758081e-16
1120,911,222,14,3.8057212e-23,1.4098895e-12,0.0,5.202117e-25,3.5897316e-05,0.0010663501,1.8642008e-09,1.0395092e-17,1.5767154e-10,2.5571396e-06,3.1216012e-18,4.166902e-09,2.7687557e-08,0.0005363316,0.9983572,2.1934443e-07,2.26701e-16
1121,222,912,4,9.817105e-30,7.978153e-13,0.0,3.1898906e-26,0.9999962,7.664207e-13,9.028177e-10,3.689954e-16,1.0964324e-12,8.353727e-14,4.1128538e-20,2.9054508e-09,1.7918091e-14,1.3546548e-08,2.6332503e-09,2.5247418e-17,2.4496553e-06
1122,912,120,4,6.472463e-24,6.6411768e-12,0.0,2.5119859e-23,1.0,2.6553831e-08,5.6471244e-10,8.943795e-15,2.995235e-08,1.1337541e-07,2.4513519e-17,2.74259e-09,2.697541e-14,3.2604277e-07,2.133244e-09,2.4452304e-13,3.850966e-07
1123,120,913,16,2.7295734e-25,3.2509431e-12,0.0,1.8751746e-27,0.2883644,8.4332606e-14,1.5236581e-11,3.278034e-16,2.812793e-11,8.770234e-08,7.091348e-19,2.7245708e-09,1.9638395e-12,7.788065e-09,1.7215482e-08,1.7681163e-17,0.7116372
1124,240,903,11,4.4111746e-25,3.362338e-12,0.0,5.591407e-27,1.494037e-07,0.00039425056,1.5189294e-17,1.7551082e-15,3.389551e-11,1.3747321e-10,5.233354e-22,0.92036855,5.9839267e-09,1.53974e-08,5.313373e-08,3.8548052e-13,0.07923695
1125,455,198,1,1.1726932e-20,0.8832817,0.0,1.5973428e-23,0.0045963353,2.919532e-06,0.000104471575,3.6483637e-12,4.807557e-10,0.004398017,5.1432457e-14,0.10567178,3.7228925e-11,1.9531686e-07,0.0019435104,1.5895685e-08,2.3791635e-07
1126,294,75,14,1.692697e-19,3.0503666e-06,0.0,3.9830916e-28,5.4836114e-06,1.7393496e-10,7.9072965e-10,1.3082759e-17,6.861871e-14,1.2119976e-12,1.2491235e-16,5.833211e-10,3.6985723e-12,1.07039504e-07,0.9999923,3.8731398e-14,3.725187e-07
1127,905,87,14,2.7038527e-24,1.2243183e-09,0.0,5.6454033e-32,2.619071e-12,4.924659e-12,9.310232e-14,1.9122118e-18,3.7346892e-16,4.8617356e-20,2.014892e-22,6.367415e-13,4.32954e-08,6.7084067e-09,1.0,6.5973878e-21,4.0334814e-16
1128,907,927,14,4.1619047e-21,1.8188964e-12,0.0,2.6091873e-28,6.6231347e-13,5.3043353e-10,4.307892e-16,3.0729387e-16,2.5298097e-12,3.8535936e-16,1.2470682e-21,2.5330361e-11,8.064623e-06,5.040375e-09,0.9999923,4.079826e-17,3.2762964e-16
1129,909,99,14,2.814229e-20,1.0866975e-11,0.0,1.2972113e-28,1.3690749e-10,1.3338708e-09,1.8414012e-08,1.5282248e-22,1.5896303e-14,2.645455e-15,9.46138e-24,6.91755e-10,3.506196e-08,3.3414647e-08,1.0,5.5847156e-19,4.091994e-12
1130,306,524,14,2.838045e-19,9.321303e-10,0.0,5.2784805e-24,1.9048846e-06,5.0177402e-08,0.1090973,4.531344e-19,3.3932268e-10,5.415599e-11,3.471051e-22,7.99121e-08,1.3487047e-15,2.4003966e-06,0.89089894,1.01824324e-13,5.8796086e-11
1131,210,222,16,2.8527984e-25,1.1020939e-11,0.0,7.207778e-26,0.000435697,1.3812197e-16,2.6257962e-10,7.611791e-13,4.403827e-10,1.7677934e-16,8.338225e-21,1.6481684e-07,3.651812e-07,3.7890285e-11,1.8137668e-07,1.2076965e-19,0.9995653
1132,132,120,16,4.2189858e-29,6.8431284e-14,0.0,2.0010438e-29,0.0020652604,3.9536547e-17,5.842708e-14,7.46982e-17,1.4849139e-12,1.0407618e-12,4.3372794e-22,5.3879073e-10,1.2375661e-14,4.904578e-13,1.28757924e-11,3.7850095e-20,0.9979346
1133,913,914,16,4.453493e-26,2.5276875e-12,0.0,3.5030565e-29,0.13894425,3.735896e-11,1.8687039e-13,8.390226e-15,1.4413165e-11,0.00040505754,9.351532e-19,1.405334e-07,1.0801258e-12,1.0238741e-08,1.6400822e-09,1.4792516e-16,0.86065084
1134,914,132,16,2.7568154e-30,1.6830433e-14,0.0,1.2466243e-31,0.00051038695,9.599303e-18,9.239351e-17,7.2440934e-15,1.9318733e-13,5.634442e-13,5.4808218e-24,3.2531175e-10,2.0817068e-16,2.862418e-14,8.411698e-15,4.7625205e-20,0.99948895
1135,132,915,4,1.0628189e-22,2.1246913e-10,0.0,1.4182179e-27,0.79107714,1.6320981e-11,1.2336842e-11,4.0883066e-07,1.3470951e-08,1.5541017e-10,1.9668424e-23,7.820255e-07,1.5714857e-17,1.19915345e-11,3.172897e-13,9.49698e-13,0.20892246
1136,915,210,16,6.048626e-23,4.9567825e-09,0.0,2.2791705e-28,0.13451844,1.2054718e-14,6.4328346e-16,1.3244748e-10,1.4555898e-09,2.8912568e-15,3.6788635e-24,2.5458685e-06,2.053464e-15,1.3113956e-14,3.4454823e-16,8.529342e-16,0.86548066
1137,210,916,7,3.2783094e-31,3.460052e-07,0.0,4.1566623e-24,0.017923534,2.0003786e-15,9.88314e-12,0.98207325,3.3969665e-12,2.089916e-18,1.7504056e-25,2.4765652e-06,3.6300563e-10,8.139606e-13,6.482398e-16,2.2267851e-17,8.5205176e-11
1138,916,108,7,1.4751715e-31,2.1907269e-07,0.0,1.2699707e-24,0.00017862015,6.8744766e-13,3.3739048e-10,0.99982077,1.0041563e-13,9.674638e-16,2.8845552e-25,8.1811254e-07,1.7461364e-11,4.765052e-10,1.4403468e-14,5.251812e-15,1.3026285e-17
1139,108,917,11,1.2451269e-24,1.06048624e-07,0.0,1.7451364e-20,3.7623777e-06,2.7551643e-08,2.6951089e-10,0.0016449683,4.9348405e-09,2.4025903e-10,8.26297e-26,0.99834967,1.0621953e-06,1.5907627e-09,8.157973e-14,1.3378947e-12,5.724981e-14
1140,917,918,7,3.0224982e-21,4.1362056e-11,0.0,3.0106295e-24,6.0687157e-06,1.0826362e-15,4.893204e-10,0.9999923,2.5494763e-12,3.1754391e-21,6.8644507e-25,1.6247598e-06,1.9043546e-13,1.3358956e-12,1.3457935e-11,1.7256603e-20,5.895949e-07
1141,918,144,4,1.5985759e-21,1.5448293e-08,0.0,5.8238026e-26,0.5054721,4.6700673e-12,1.5086339e-09,0.33481497,1.9294312e-10,1.0181707e-18,6.4032193e-21,0.0045379717,9.1313186e-11,1.337243e-10,1.1481312e-12,1.0716935e-16,0.15517393
1142,144,450,16,1.4456839e-25,4.0220673e-15,0.0,2.799136e-25,5.836164e-05,2.194147e-15,5.5890988e-14,2.109098e-10,8.640537e-13,1.4050902e-18,4.7587872e-24,2.6757094e-08,2.826926e-12,1.3449644e-15,8.874861e-17,1.4869775e-19,0.9999427
1143,144,132,16,2.369447e-28,1.1473988e-14,0.0,1.6796129e-28,2.3429955e-05,3.4570775e-18,1.1645245e-16,2.2818086e-11,3.114223e-13,7.77802e-19,1.558567e-24,2.9158116e-08,4.5087875e-13,3.4790682e-16,2.140565e-16,8.0520737e-23,0.99997705
1144,914,450,16,7.782491e-29,4.8154216e-14,0.0,2.0194237e-30,0.00016232436,3.5260843e-17,1.7128104e-15,1.26000954e-11,1.3818182e-12,3.18726e-13,1.4073667e-23,2.1957852e-10,2.4254403e-15,6.507404e-14,4.1463733e-14,3.6383715e-19,0.999836
1145,450,426,7,3.5406497e-20,6.305075e-14,0.0,1.3104868e-27,2.6443246e-08,1.5690264e-14,1.062225e-11,1.0,5.3893227e-11,6.2473565e-20,1.2937224e-28,1.1346728e-12,9.2334584e-11,2.4529057e-09,1.7490363e-11,8.948778e-15,3.5518037e-16
1146,919,917,7,1.2153884e-24,9.357101e-11,0.0,1.1815142e-24,7.963344e-06,1.1713192e-15,2.152623e-12,0.99997705,4.063929e-13,8.245035e-23,3.007276e-25,1.1327695e-05,1.4094606e-10,5.8017117e-13,3.4803317e-15,1.203745e-20,5.364661e-06
1147,920,108,7,3.308231e-25,3.9842543e-09,0.0,1.9809846e-22,3.715636e-07,3.60784e-12,1.4799495e-11,0.9999886,3.1878986e-09,2.482862e-16,2.4886295e-29,1.1113811e-05,1.0835207e-07,1.107669e-13,5.551419e-16,1.9224103e-15,1.868034e-13
1148,916,921,7,5.1223523e-22,0.004435759,0.0,1.9350594e-21,4.3008393e-05,4.9083574e-06,0.00016675799,0.99527335,2.7775906e-07,2.6906238e-07,5.556959e-20,6.868502e-05,4.2914636e-13,6.003393e-06,1.1845441e-06,4.6240025e-09,3.4799314e-16
1149,921,922,7,1.9198476e-20,2.697345e-07,0.0,7.003586e-23,5.5737487e-06,5.7678182e-05,6.794066e-08,0.9994737,3.4845417e-08,0.0003632519,1.9109481e-20,3.267129e-05,3.64427e-14,2.7655588e-07,5.7131387e-05,8.325194e-06,2.058461e-14
1150,922,923,9,2.2943835e-21,3.0401527e-08,0.0,3.16104e-24,9.849601e-05,7.509407e-05,2.7798547e-10,0.0016382927,1.0628954e-08,0.99780136,7.118397e-19,7.8949284e-05,3.6460383e-13,6.8318326e-07,0.00030331386,4.0181603e-06,1.0234855e-12
1151,923,924,9,1.7236175e-24,3.3050577e-07,0.0,3.5047195e-26,0.00089239073,5.4811017e-06,2.818542e-09,5.9883428e-06,2.5551368e-09,0.9976834,2.2838124e-18,0.0013579539,1.8316193e-10,2.0543757e-05,3.212982e-05,5.8605842e-08,7.7791086e-14
1152,924,306,11,1.456046e-23,0.012821544,0.0,3.629227e-24,0.00047204163,6.6621966e-09,7.404223e-11,4.7922706e-09,2.6886332e-07,9.439632e-11,2.9580005e-17,0.98670715,7.4537774e-14,8.968137e-11,7.191711e-11,2.595297e-15,1.5173482e-10
1153,306,99,16,1.9518064e-21,1.9021313e-07,0.0,1.9949588e-24,0.026037728,2.6822164e-10,0.00022219379,7.437847e-13,1.485336e-08,4.3325508e-14,8.809129e-23,3.0588282e-05,5.224266e-12,1.7613587e-08,0.0001713101,5.498432e-17,0.97353905
1154,99,925,8,2.3707744e-22,1.3106388e-09,0.0,6.0421977e-21,2.0558062e-09,2.7661918e-07,3.556425e-17,9.685167e-15,0.9999962,7.561723e-13,3.4268147e-17,6.0062864e-11,2.9400853e-06,2.3713032e-11,6.431204e-12,2.8883854e-11,2.544717e-18
1155,925,926,14,3.3266467e-16,5.5565123e-13,0.0,8.636777e-21,1.3582154e-07,8.604873e-07,7.409446e-12,2.3226442e-12,0.017340437,5.027665e-08,3.5333319e-15,6.568098e-09,9.207761e-08,9.710876e-08,0.9826579,5.4313173e-13,4.2481307e-09
1156,926,927,14,7.8110846e-19,3.8710553e-15,0.0,1.1906344e-26,2.7517973e-12,3.0254925e-09,1.2066043e-13,3.2450654e-15,2.9948467e-08,4.0361199e-13,2.5669743e-19,1.179329e-11,7.809783e-09,1.1858406e-08,1.0,4.60492e-17,4.865577e-12
1157,927,928,14,1.2870408e-16,5.1500113e-17,0.0,1.06412714e-26,9.720928e-14,4.5470556e-09,3.4961828e-13,6.7568685e-17,4.2512617e-08,1.0975191e-14,4.7446043e-20,3.487194e-12,5.928481e-11,3.9701593e-09,1.0,6.5604336e-17,4.9147637e-14
1158,928,929,14,1.9417275e-15,3.692543e-17,0.0,1.8717104e-25,7.485992e-10,3.2527982e-08,6.658356e-10,3.5707843e-15,2.662589e-05,1.8228019e-10,8.5543534e-19,6.508183e-11,1.3151814e-09,5.551574e-06,0.9999695,1.1404469e-15,1.6139367e-14
1159,929,87,14,2.788002e-16,9.929242e-12,0.0,1.2734503e-22,5.8324128e-09,1.1957711e-07,7.548709e-17,6.449599e-14,0.0009156117,8.426067e-12,9.902657e-18,8.451415e-09,0.47035986,2.6483565e-05,0.5286966,1.738046e-14,1.4874772e-11
1160,87,294,16,5.56181e-22,3.0257713e-08,0.0,1.3929821e-24,0.0009410257,5.021023e-12,4.6269247e-12,1.2657651e-13,8.012573e-09,2.6994706e-18,4.4372678e-17,6.1713365e-08,0.00017009824,3.0970812e-05,0.00046134778,1.2115674e-20,0.9983953
1161,294,930,16,6.863117e-17,4.915363e-07,0.0,1.1477712e-21,0.0045541343,2.4496447e-07,1.1155587e-16,3.6684314e-12,1.5685368e-05,4.5664323e-11,5.20131e-15,0.00019836723,3.2029195e-07,0.00012813121,3.9703605e-07,2.569486e-16,0.9951026
1162,930,931,11,5.969592e-22,3.4656136e-07,0.0,6.5316437e-24,0.0015353216,0.0001637667,8.972077e-10,1.3360128e-12,1.0660836e-07,1.5631458e-09,7.754158e-15,0.99738276,4.5271467e-11,6.816087e-06,0.00030630096,5.1323357e-19,0.00060501386
1163,931,932,5,1.1918422e-20,0.0003327162,0.0,6.039812e-25,4.5438427e-11,0.9979117,4.233453e-11,1.4127244e-15,1.1914422e-05,4.705454e-13,1.0961015e-13,5.1289666e-05,6.75871e-14,4.165047e-07,0.0016933116,2.0407641e-10,8.693922e-08
1164,932,933,5,2.0276616e-21,6.8003597e-10,0.0,4.613796e-26,1.5480183e-11,0.99680835,5.6485594e-13,4.447864e-15,1.0458996e-05,7.924959e-18,7.0269893e-19,2.4157982e-09,2.1197046e-10,2.8360778e-10,6.074057e-09,0.0031795527,1.809738e-14
1165,933,455,11,1.3699108e-25,9.87177e-10,0.0,1.8199753e-24,0.0009906053,1.6165172e-08,2.445909e-15,3.8010238e-14,6.593532e-08,1.5796036e-12,1.9831924e-22,0.8676459,7.308584e-12,3.0120004e-14,5.6906037e-13,4.8577383e-17,0.13136424
1166,455,1021,11,7.592698e-23,1.3826237e-06,0.0,1.6486374e-25,3.956647e-07,7.355223e-08,1.3498732e-15,4.1852867e-16,8.238326e-11,1.3027935e-08,5.610483e-21,0.9999962,1.3269585e-09,4.911904e-11,1.0125345e-12,1.1543939e-19,1.3859287e-07
1167,934,162,1,2.455099e-29,0.99983215,0.0,7.556708e-27,2.2507445e-06,1.2667215e-13,8.079939e-11,3.0719237e-13,1.0686779e-06,1.7485087e-19,1.7174728e-18,0.00016488625,1.2275136e-07,2.4266125e-10,2.1687402e-16,5.0013284e-14,4.862815e-11
1168,935,949,1,3.6972663e-16,0.8097876,0.0,2.757133e-21,4.2561198e-05,2.9681983e-08,2.4508921e-11,3.7104263e-13,0.18110968,8.6986915e-17,9.069788e-14,0.0030618196,5.0103044e-06,2.4008118e-11,4.822759e-13,4.926651e-12,0.0059932885
1169,936,252,1,2.1590122e-20,0.9097257,0.0,4.9567294e-30,1.0483157e-06,2.526708e-09,1.337519e-09,8.2862204e-14,0.090270765,4.163909e-12,1.3046991e-22,3.8220875e-09,6.406148e-07,4.754306e-09,1.2323565e-13,9.131044e-10,2.8062466e-17
1170,931,945,1,1.8668899e-25,0.98696315,0.0,7.630217e-29,2.1468868e-08,2.4733515e-09,1.5195452e-08,2.1632748e-12,2.0121201e-06,4.524366e-19,3.604557e-17,0.013015806,2.6380073e-08,1.7150225e-05,2.2778215e-07,3.4822634e-19,1.9726734e-08
1171,87,282,12,1.820712e-23,3.1197718e-08,0.0,6.0579395e-28,1.4888597e-07,1.8064637e-12,1.0225863e-15,6.4637766e-17,5.186189e-09,2.2497744e-21,1.06027e-18,1.6965457e-09,0.9995233,1.8077248e-05,0.000438535,1.2161992e-18,2.1098516e-05
1172,99,270,14,4.3524226e-17,1.7119111e-05,0.0,6.585243e-21,0.003164488,5.1217417e-09,0.27488124,5.3720774e-05,2.3723137e-06,9.20646e-16,4.930496e-23,1.739213e-07,2.3526852e-06,2.4666757e-05,0.7132025,2.5366464e-16,0.00865252
1173,937,923,7,1.5090474e-25,1.2992172e-05,0.0,2.0114244e-26,0.0075945137,6.6625017e-09,8.751352e-08,0.8660057,4.5883684e-09,4.9424216e-06,8.324654e-21,0.12627925,6.175721e-07,0.00010240364,9.615551e-08,1.5450582e-09,2.8564609e-15
1174,937,938,8,1.3587302e-12,4.805129e-06,0.0,4.9236028e-21,2.4469815e-08,0.026596792,2.4587238e-16,3.8133665e-15,0.973372,2.0223763e-15,5.435345e-18,2.061905e-05,4.071143e-06,9.676895e-15,1.6963333e-15,2.0377178e-07,3.8193478e-16
1175,938,939,8,4.1147336e-14,6.326495e-06,0.0,1.4265565e-21,2.2877563e-08,2.2615812e-05,7.240577e-17,0.00014735384,0.99982077,9.742868e-14,5.88131e-20,6.721393e-09,1.8397651e-08,9.799194e-13,2.2875796e-10,3.7773482e-06,2.1175315e-09
1176,939,403,8,2.6619504e-19,4.7106073e-06,0.0,2.3131238e-25,8.794745e-11,1.2812521e-06,4.7255015e-17,4.388531e-11,0.9999504,2.4292471e-14,1.747623e-18,6.8356316e-09,4.409066e-05,5.4583893e-10,3.0321332e-11,2.6073207e-10,1.2550486e-12
1177,403,940,8,7.3187616e-21,0.00035210402,0.0,5.791555e-23,2.0495408e-10,3.8345442e-09,1.5639656e-13,1.0511476e-12,0.99964535,6.8406575e-19,1.8466042e-18,4.2208956e-09,3.5049422e-06,1.0314126e-08,2.2754622e-12,1.2273553e-13,7.1663866e-09
1178,940,920,7,2.3677502e-19,3.2729154e-06,0.0,4.654979e-22,0.000243116,5.7549815e-13,9.929096e-11,0.98772025,2.8839008e-06,1.1032237e-14,1.4395341e-21,6.2347826e-06,4.042212e-10,3.3891726e-13,2.1271081e-10,4.7266082e-14,0.012025948
1179,920,919,7,2.869488e-24,2.8394023e-09,0.0,9.582219e-25,1.4576988e-05,2.54442e-15,1.7505859e-10,0.9999427,9.070282e-12,1.9729548e-20,4.118356e-24,2.113266e-06,5.2115687e-11,8.227608e-13,3.6784912e-13,1.8122973e-18,4.0450454e-05
1180,937,941,1,6.2074565e-17,0.82154584,0.0,4.2900386e-21,3.1476295e-05,1.7802078e-05,2.996212e-12,0.00015081602,5.5631524e-05,2.6906948e-15,8.3211615e-21,0.17819916,2.1319842e-08,1.7188889e-10,2.0105467e-14,2.6039086e-12,2.8629657e-13
1181,941,270,1,3.161716e-16,0.8511596,0.0,7.160905e-21,5.9683232e-05,3.7385387e-08,1.6596096e-11,5.7536358e-08,0.00030918297,2.1307652e-15,1.5415425e-18,0.14847068,1.1510893e-08,3.492594e-15,1.322379e-11,3.1921135e-14,9.3790277e-07
1182,270,942,8,9.635877e-19,4.7894407e-08,0.0,9.714142e-22,1.2688278e-09,1.1780674e-08,4.9010544e-16,2.81515e-14,1.0,1.6210052e-17,1.8983288e-19,2.2128296e-10,2.52881e-09,1.7694829e-13,1.2051972e-12,4.5523394e-13,8.8516044e-16
1183,942,943,14,7.5857024e-13,2.1240733e-12,0.0,4.1435144e-20,8.788517e-09,8.7024864e-07,5.6107528e-09,2.857256e-08,0.077579364,3.7165695e-08,3.076783e-18,3.1325456e-07,2.8962065e-12,8.995313e-10,0.9224213,8.282103e-09,2.2228817e-09
1184,943,282,8,2.8020363e-14,1.2801656e-09,0.0,3.6139456e-25,5.1076886e-11,3.0115483e-09,1.1933915e-16,2.4454318e-16,0.99998474,8.964001e-18,1.7408046e-16,4.7024155e-08,1.6096954e-05,1.479268e-09,2.9360714e-07,2.6645168e-07,9.8235683e-11
1185,282,944,1,7.4770666e-23,0.99939746,0.0,7.8555854e-32,4.3120836e-09,3.7187802e-09,1.8653964e-16,3.5973278e-19,5.09445e-06,1.2400569e-21,2.984029e-20,1.3339638e-07,3.9565453e-05,1.3930519e-08,5.9974635e-14,0.0005566085,4.523424e-16
1186,944,945,12,2.7820902e-27,0.275133,0.0,1.7740192e-34,3.028719e-06,5.0561055e-10,4.4739047e-13,1.1247677e-15,1.3809166e-05,4.780301e-21,3.8600994e-22,6.612455e-06,0.72479874,2.9300882e-05,6.9807965e-11,1.5799285e-05,1.4240604e-14
1187,945,946,8,7.522144e-18,1.6341378e-08,0.0,2.3647102e-25,2.1841657e-09,7.942447e-12,7.488279e-17,2.2489993e-16,0.9997367,3.5903787e-18,1.1756668e-21,4.7824956e-11,0.00026138118,6.438999e-08,3.3491e-13,2.5436352e-14,3.43311e-16
1188,946,414,8,1.2208666e-17,1.240917e-08,0.0,2.175712e-21,1.5562077e-10,5.457756e-13,4.581874e-19,2.5401235e-15,1.0,1.823696e-21,1.7385978e-20,3.02873e-14,4.1961904e-08,4.460215e-08,2.0056136e-14,1.4388495e-19,5.2093946e-14
1189,414,936,8,2.6748718e-16,3.9155196e-08,0.0,2.9716344e-21,4.2159254e-08,5.1616453e-13,2.55126e-17,3.254558e-17,0.9998131,2.2870042e-17,4.456092e-19,1.6201244e-13,0.00018855903,3.5293436e-08,1.2705309e-12,1.259972e-17,5.357492e-10
1190,936,949,16,3.6557397e-16,4.7833897e-11,0.0,7.3717e-26,1.854523e-05,5.010093e-14,7.822513e-17,5.4470962e-17,6.6184853e-06,1.7247707e-14,8.26704e-18,3.721835e-07,6.1558836e-10,6.935371e-14,6.4201154e-15,5.9270324e-19,0.99997336
1191,947,948,15,3.2369474e-27,0.00014732011,0.0,1.984963e-30,6.801146e-08,1.6660694e-08,2.998421e-18,1.97158e-18,7.5636244e-06,2.3254752e-17,3.048077e-20,5.4301e-11,4.077904e-06,2.5187785e-09,2.4717189e-17,0.9998397,2.0351227e-15
1192,948,162,1,6.212785e-25,0.9999504,0.0,5.943936e-30,1.0635241e-08,2.1552038e-11,2.339149e-18,9.115917e-15,2.7498214e-07,5.776472e-20,7.3931656e-17,8.4453643e-07,4.49824e-05,3.7434372e-06,4.3890456e-13,8.116828e-10,1.8334008e-11
1193,162,174,4,5.030225e-27,1.5091368e-06,0.0,1.80432e-29,0.97809166,1.6087304e-14,0.020343522,1.1230048e-09,1.5311795e-12,1.6625164e-13,4.272172e-21,9.3821404e-07,6.0919453e-10,0.0015636693,1.8067007e-09,4.0076547e-08,3.0891628e-13
1194,949,947,16,2.2661479e-14,6.6887665e-06,0.0,4.765423e-22,5.1439733e-06,6.5495115e-08,7.4164485e-15,1.3130575e-14,0.037524812,1.34946005e-17,4.9775726e-15,0.018999536,0.00048347362,4.197319e-12,3.9325314e-12,3.3488717e-12,0.9429819
1195,947,963,1,1.9987718e-20,0.9995653,0.0,5.755155e-29,7.259504e-07,4.2221617e-12,1.2397676e-15,3.5080903e-11,0.00042848912,7.748136e-20,3.215565e-15,3.7910746e-07,5.684218e-08,6.807746e-06,1.5920994e-15,8.2106414e-14,3.9231594e-08
1196,945,960,12,3.6341104e-28,4.528373e-11,0.0,6.04848e-33,1.2973858e-11,1.4981524e-14,3.5872128e-20,2.418083e-18,4.6439244e-09,3.821745e-20,8.262546e-22,1.2294165e-14,0.99997705,2.2895496e-05,4.780877e-09,2.3560947e-16,1.4618567e-15
1197,282,490,13,3.2286381e-18,1.6185579e-10,0.0,1.1694324e-27,2.4183083e-07,6.631917e-10,6.667755e-12,5.964241e-15,8.7697233e-10,2.7854083e-16,1.3169908e-21,9.505124e-15,0.0019606599,0.99796116,7.8075645e-05,1.5372039e-09,2.2527417e-17
1198,270,467,7,2.2956367e-20,6.0252714e-09,0.0,1.811991e-28,1.027416e-06,5.2539783e-14,1.0613164e-06,0.9999962,1.0914045e-11,8.7557584e-16,4.235591e-31,6.016446e-11,6.4368454e-13,4.312824e-09,2.389259e-07,4.3647595e-17,1.2081397e-10
1199,937,955,7,8.496262e-21,1.075622e-07,0.0,1.0802776e-28,0.0001393565,6.4672426e-13,2.0756799e-09,0.9998588,6.695288e-10,3.75714e-15,8.0947497e-25,2.1816045e-06,9.524358e-08,7.960646e-12,9.346746e-13,1.0304448e-16,1.4008381e-07
1200,919,951,7,6.488903e-24,2.4850406e-09,0.0,4.0447684e-27,1.543752e-07,9.91431e-16,1.0497336e-11,1.0,1.2305068e-11,5.578575e-22,1.1097056e-24,2.6024516e-10,3.3160109e-12,1.2254531e-10,1.5966566e-13,4.9092234e-19,3.3242212e-10
1201,426,444,7,2.3081606e-18,3.7870014e-13,0.0,1.2204688e-28,1.1763386e-08,2.7200507e-11,3.1519505e-08,1.0,9.923232e-10,2.6526207e-22,4.096053e-28,3.7370766e-12,1.1664746e-11,5.0409543e-08,7.6182505e-10,5.314636e-13,6.3521836e-19
1202,444,950,1,1.9606694e-16,0.9928313,0.0,6.045044e-25,0.0051127193,9.581527e-10,2.1864437e-07,1.898352e-10,2.920761e-11,5.6376283e-19,1.6902066e-19,0.0016544836,8.0043996e-13,1.9523193e-07,6.240851e-06,2.942909e-16,0.00039454846
1203,950,951,16,2.9642804e-25,3.5659237e-08,0.0,1.3300834e-27,3.2228632e-05,3.4680665e-11,4.5686486e-17,2.2530235e-11,2.3416337e-08,1.2571731e-17,7.277989e-17,0.0001413045,4.241815e-09,8.6655694e-10,2.354698e-12,2.2411166e-19,0.99982446
1204,951,952,16,8.08781e-24,4.563753e-10,0.0,1.2446121e-27,3.6547008e-05,4.1725443e-11,3.4239096e-12,3.5937148e-07,4.9727345e-07,6.517732e-16,8.958518e-21,5.0426737e-05,5.2215068e-08,1.8119592e-10,6.171045e-11,3.7623642e-13,0.99991226
1205,952,953,16,2.7788665e-19,0.0012300052,0.0,2.336577e-21,0.0015099337,2.1873471e-05,9.769312e-10,0.00012642943,0.0008311748,2.583331e-11,6.40149e-12,1.2743166e-05,0.0055778837,0.14706598,0.0059270584,1.8634027e-11,0.8376982
1206,953,501,13,5.7863847e-24,5.0411444e-09,0.0,2.2168042e-22,0.002407728,9.855197e-06,9.654241e-18,9.693661e-09,0.0024529411,3.988947e-12,1.8951508e-13,1.1410662e-05,0.037621412,0.9574956,3.632025e-09,1.8914612e-12,8.971949e-08
1207,501,954,13,9.411257e-20,2.347042e-10,0.0,5.7958396e-24,1.0642401e-05,0.00034127093,5.825229e-17,3.4158283e-08,0.00036203867,2.8968933e-11,8.302118e-18,8.836063e-06,2.168553e-06,0.9992755,4.8734766e-10,4.9308647e-11,2.2705336e-15
1208,954,955,4,4.736421e-24,2.41197e-07,0.0,6.53617e-27,0.999836,2.2905346e-07,5.305413e-08,1.0810281e-05,3.369034e-08,3.366764e-13,4.65726e-19,0.00015191367,2.0231232e-09,5.416416e-07,6.0440693e-12,3.891853e-10,7.733558e-10
1209,955,956,11,1.1911093e-22,1.1472158e-05,0.0,2.0012853e-24,0.14634238,1.2153567e-08,3.874553e-09,0.021120533,7.959865e-10,1.7261898e-17,2.831977e-20,0.829453,4.2597494e-09,1.3932198e-11,5.67545e-13,4.2326714e-14,0.003073768
1210,956,467,11,2.0944898e-25,1.3570591e-09,0.0,2.27086e-25,0.056672607,5.0630757e-09,8.728701e-11,1.9736971e-08,7.428756e-10,2.9986904e-14,2.1678994e-21,0.5789234,2.9716313e-08,1.5294391e-13,5.324049e-14,1.2260292e-16,0.36440578
1211,467,957,8,9.382269e-10,1.5908861e-14,0.0,1.1259492e-21,3.944873e-09,0.00071940414,6.4568366e-14,8.693928e-14,0.9987495,1.3582338e-18,4.6533728e-18,0.0005326412,1.5045016e-09,9.984198e-13,3.7849293e-09,1.2219327e-11,8.7301033e-10
1212,957,958,8,1.7562454e-09,2.6960595e-14,0.0,5.0207078e-23,8.7428215e-13,1.2943632e-07,1.52809e-08,9.8077e-17,0.999897,1.1064235e-20,3.9956034e-19,9.663534e-09,5.5387445e-10,3.643128e-08,0.00010258115,1.050045e-13,1.1482459e-18
1213,958,490,12,1.02340696e-13,4.8598007e-15,0.0,2.1612583e-23,2.9414493e-09,2.6701727e-08,5.729722e-14,1.7886395e-15,0.3858978,3.1991432e-24,4.2105642e-20,1.9310237e-08,0.61409944,3.4292138e-06,1.6939386e-10,2.3905032e-11,3.259915e-16
1214,490,959,1,2.914269e-21,0.99686927,0.0,4.844045e-32,0.0006841936,4.4697978e-11,2.4317795e-13,7.094559e-14,1.9896886e-05,3.4695226e-18,5.8970678e-24,1.333176e-06,0.00016444655,0.002261204,1.2064334e-14,1.378903e-09,8.773835e-11
1215,959,960,12,2.2937673e-24,0.023029462,0.0,1.836005e-33,0.0015694421,1.03383515e-08,2.9502635e-14,6.2180363e-14,0.00018068087,9.377062e-14,1.2414809e-22,2.9028076e-06,0.87565255,0.09956526,1.7141807e-10,6.539547e-09,1.9207877e-10
1216,960,961,8,1.4368576e-20,3.4042155e-06,0.0,5.789735e-26,4.3577612e-07,1.5731304e-08,1.3391231e-15,4.857012e-11,0.9652851,1.6910015e-17,1.2475923e-20,4.4756354e-10,2.6546071e-05,0.034684394,2.5775921e-11,1.8249699e-13,1.521002e-14
1217,961,541,8,1.1177664e-14,7.044578e-09,0.0,1.8983559e-21,3.1121852e-10,6.341511e-10,3.308573e-17,1.3183016e-15,1.0,1.1630285e-23,4.2623449e-19,2.0266976e-11,3.3268964e-11,2.6804508e-07,1.8220744e-15,4.3775035e-15,8.8736554e-14
1218,541,962,8,1.0620955e-11,6.72985e-12,0.0,8.573362e-20,2.8939991e-11,5.5906693e-09,2.722961e-16,1.9636903e-19,1.0,3.6014413e-22,4.259758e-20,2.58215e-10,1.6620441e-09,6.837764e-11,2.727196e-13,1.3939283e-09,1.8385898e-12
1219,962,963,8,5.494795e-13,0.0030266216,0.0,1.983181e-26,3.6095646e-10,1.6157518e-09,9.023763e-19,7.998828e-17,0.9969719,1.4758498e-20,2.378538e-14,1.2454446e-10,2.564022e-09,4.351411e-09,4.4080183e-15,3.927552e-13,4.6321013e-11
1220,963,964,1,1.010668e-17,0.9999504,0.0,5.4065757e-27,9.721741e-07,3.0039255e-12,3.2388766e-18,2.3260124e-13,4.779592e-05,6.286704e-21,6.209594e-15,7.3500615e-08,5.858614e-09,8.05933e-07,6.4544657e-16,3.4299292e-16,3.2767346e-08
1221,964,174,1,1.3283081e-28,0.96982867,0.0,3.3884063e-30,0.030111685,3.8542466e-13,9.018555e-14,1.4090937e-12,1.9653041e-09,5.973069e-17,7.7021687e-19,2.6537355e-06,2.8725466e-07,5.7963374e-05,2.2332942e-16,6.0586046e-07,4.9569904e-09
1222,186,965,1,3.3833034e-31,0.9680841,0.0,7.315295e-30,0.03188433,2.0323248e-12,3.045746e-09,3.0438495e-11,2.2098509e-11,3.5631624e-16,5.1478574e-22,1.4144881e-07,2.3240458e-11,3.2792406e-05,1.9218593e-16,9.914298e-11,4.896803e-12
1223,965,966,13,7.2610506e-23,0.032635342,0.0,1.9260707e-25,0.0035530876,1.3744804e-10,1.9132089e-13,2.467054e-11,0.0014246878,1.4775678e-20,2.6715345e-18,3.9770393e-10,1.8574531e-06,0.96238416,3.9195786e-11,2.9525842e-13,2.014128e-10
1224,966,967,8,6.240384e-18,8.028054e-09,0.0,8.163624e-25,4.639586e-09,9.0184784e-08,2.0712605e-22,1.7862324e-15,1.0,2.5243625e-20,2.8185494e-19,5.727184e-15,2.1283184e-09,7.266015e-07,9.3622294e-14,2.9969892e-12,2.3716252e-14
1225,967,380,8,2.304659e-18,9.177965e-13,0.0,3.6293554e-22,1.1308399e-12,8.012504e-11,6.4097684e-21,1.1173961e-13,1.0,2.2577493e-24,7.8932715e-20,6.6092723e-15,9.6667e-10,3.7042855e-07,1.0024334e-14,1.0531413e-14,1.7786249e-14
1226,380,968,8,1.2579777e-19,2.7161936e-11,0.0,1.3721757e-17,1.8543633e-09,6.3482672e-09,2.310121e-14,6.9479153e-16,1.0,1.4184841e-18,4.513513e-16,1.9544614e-11,1.7438018e-09,6.333854e-08,1.4030126e-10,2.325153e-12,7.246651e-11
1227,968,969,8,4.667473e-17,3.6248946e-10,0.0,6.6945104e-21,1.4289127e-09,1.576956e-10,2.4193635e-12,1.0032937e-15,1.0,4.999375e-17,9.614351e-21,1.1922173e-09,4.5900362e-07,7.303766e-11,1.6619528e-12,1.50477e-11,7.252372e-12
1228,969,970,1,3.4416876e-30,0.96043676,0.0,2.826113e-30,0.0020743327,8.1258975e-12,1.3313265e-13,4.361176e-12,4.352383e-05,5.3878046e-10,2.7324529e-22,1.1862042e-05,0.037414324,1.7988577e-05,8.909664e-17,2.81761e-07,1.5399567e-09
1229,970,392,12,6.0769316e-24,3.4355908e-06,0.0,6.211117e-28,1.7605921e-09,5.7588905e-13,1.1765256e-18,2.3755512e-17,1.8444179e-07,7.560917e-20,1.733541e-17,3.864612e-05,0.999958,7.9807406e-13,1.7351132e-12,1.0591114e-15,1.4492302e-08
1230,392,971,8,1.1129282e-15,2.2846306e-11,0.0,2.5429858e-21,1.5029987e-09,4.4581716e-09,2.3475236e-19,1.2433202e-14,1.0,1.4629646e-18,4.0108411e-13,8.231074e-10,1.6911456e-07,1.2235338e-09,3.8529313e-09,1.5341933e-16,6.79128e-12
1231,971,972,8,4.6550615e-17,9.525481e-09,0.0,6.5997437e-24,2.693244e-06,8.965959e-09,6.509557e-16,1.1460847e-17,0.9999695,2.3065281e-14,2.0918051e-19,6.424321e-10,2.2788145e-05,4.752699e-06,5.8977683e-08,1.4333769e-11,3.9512373e-12
1232,972,973,12,1.1509453e-29,0.016757248,0.0,9.0664326e-29,0.00045883624,2.7888348e-14,1.2088399e-11,1.9544016e-11,1.2563885e-07,9.416837e-17,5.08816e-20,4.674798e-09,0.98249304,0.00029167742,8.829297e-12,4.926256e-12,6.3656415e-13
1233,973,484,1,2.0646104e-22,0.7477835,0.0,8.96308e-25,0.10272384,1.2456197e-11,0.10890935,0.0012758306,1.8098974e-06,5.799285e-18,4.9175318e-17,0.0076594525,0.03158062,6.676457e-05,6.040858e-07,4.362964e-16,9.11302e-10
1234,484,974,7,4.973574e-20,8.9794824e-08,0.0,3.4792518e-25,0.009092738,4.7990323e-12,3.531679e-05,0.9908677,6.704231e-11,2.391098e-17,5.7008706e-24,5.04296e-06,4.258687e-12,3.2898934e-11,7.3254635e-14,6.42518e-17,3.4722574e-14
1235,974,975,7,8.229251e-18,2.0124327e-08,0.0,9.1491796e-24,0.0019617374,2.3974805e-11,0.013950983,0.98407966,4.594792e-11,2.9406938e-19,7.159064e-24,7.763576e-06,7.655529e-13,1.8550082e-08,3.0256067e-10,1.3777828e-17,5.4406425e-15
1236,975,976,6,1.05724035e-19,3.943733e-07,0.0,4.7912654e-24,0.0053274315,7.7672217e-13,0.99443084,7.8343746e-08,1.5463774e-11,1.818315e-18,1.00451175e-22,0.00024181185,3.340454e-10,5.912289e-11,1.2970865e-07,1.0885192e-18,8.4978934e-11
1237,976,518,4,4.1321907e-23,5.0446915e-06,0.0,9.5265386e-23,0.9908487,9.894677e-13,1.0426882e-06,1.6267071e-06,6.331815e-11,1.8638742e-16,8.739167e-25,0.00359508,3.9506293e-07,6.2087514e-12,3.165998e-10,1.3168579e-17,0.0055473275
1238,518,977,7,1.2994195e-14,9.77077e-09,0.0,2.6387322e-23,3.89571e-05,7.471535e-08,3.6978134e-10,0.9996606,7.2640228e-06,2.5944458e-15,5.424782e-25,2.1738952e-06,1.4444235e-07,0.000290198,2.9510056e-07,7.2517206e-16,2.3744454e-10
1239,977,978,7,1.2119762e-24,5.3091425e-14,0.0,1.5598493e-27,4.721374e-10,1.77954e-15,3.0152467e-11,1.0,2.6149413e-17,7.944187e-24,6.2615387e-32,6.4481365e-10,3.9851125e-13,1.852412e-09,7.606421e-13,1.7557934e-20,1.8435505e-17
1240,978,979,7,2.1710762e-22,9.0758455e-14,0.0,3.6210075e-27,7.8243136e-07,6.7003148e-12,4.8850676e-12,0.9999923,1.5602993e-15,4.9052125e-21,3.975213e-28,6.883896e-06,1.8542193e-12,8.939422e-09,8.05448e-13,8.569093e-17,3.091043e-17
1241,979,980,7,1.3241587e-22,1.7899017e-08,0.0,4.4409387e-26,0.18646282,3.6892351e-09,5.5319634e-11,0.7314258,2.0228268e-12,1.11456085e-13,2.807488e-25,0.08211099,9.300657e-12,7.461538e-08,4.4440502e-14,3.4423733e-13,4.3355146e-12
1242,980,438,4,1.0600822e-21,5.4009416e-07,0.0,5.005549e-28,0.9998665,1.3281402e-14,5.367355e-09,3.3339704e-05,1.1964206e-12,8.7868005e-18,6.204327e-26,9.944857e-05,7.0594006e-09,1.9699342e-10,1.1669134e-14,9.960829e-15,1.1146839e-06
1243,951,979,4,1.4348196e-28,6.2993486e-08,0.0,3.2910287e-30,0.999569,1.6332682e-12,1.9497021e-12,1.2746466e-06,3.9556337e-08,5.983912e-14,2.3850223e-24,1.5752827e-05,9.2124655e-09,2.0836468e-07,2.4392108e-14,4.1855964e-13,0.00041518395
1244,979,1006,4,9.2522e-22,2.720919e-06,0.0,2.9149064e-26,0.999794,1.0378324e-11,3.270949e-10,0.0001837153,1.0938545e-05,2.7256332e-15,2.1083751e-24,3.4483135e-06,1.5981422e-07,2.0230634e-07,1.1552962e-13,5.3532786e-12,4.250066e-06
1245,975,1000,7,7.3496694e-23,1.0395055e-09,0.0,1.2727442e-25,0.00047184536,2.057212e-15,0.00014271785,0.999386,3.7568516e-16,2.1035863e-17,6.3008705e-28,1.305366e-07,1.5146429e-16,1.976104e-12,3.6937196e-13,2.3801478e-19,1.4133032e-12
1246,972,994,4,5.494468e-25,0.0020535002,0.0,1.5922598e-27,0.96039283,1.1666471e-13,0.0019207434,1.8234241e-14,7.30686e-11,5.696701e-15,4.52338e-20,8.4106927e-10,5.8672754e-07,0.035632964,4.656009e-07,2.6673025e-15,1.2241128e-09
1247,969,988,12,5.481676e-25,3.8941315e-07,0.0,2.6640538e-26,0.0009035887,2.9959605e-12,2.3742092e-18,5.2816066e-15,0.00342731,1.0211757e-14,8.653658e-22,7.3060195e-12,0.99550873,0.00016092173,3.0773175e-14,9.0561304e-07,1.2298607e-09
1248,966,983,4,3.6789355e-23,6.113095e-06,0.0,8.5571174e-29,0.9982087,2.605044e-10,5.6081282e-14,2.968835e-14,7.684962e-06,8.280051e-16,8.8005445e-20,1.4056636e-11,2.5620033e-05,0.0017515606,2.491267e-09,7.334216e-14,7.485478e-10
1249,186,981,4,2.3737612e-29,2.735801e-07,0.0,1.5086899e-26,0.9999962,1.6125404e-13,5.708198e-11,8.4980684e-08,4.767198e-10,6.6803727e-15,1.1146701e-23,4.9154773e-06,6.1332606e-11,3.2216678e-07,1.3315471e-17,1.0842027e-15,3.659357e-14
1250,981,63,4,4.822152e-28,6.951038e-10,0.0,1.6859166e-28,1.0,1.4654742e-16,1.7415189e-12,9.150179e-12,1.4323164e-11,2.3109206e-16,1.0885118e-24,4.4757765e-08,6.472824e-12,9.773678e-09,4.2562744e-16,8.256815e-21,9.436757e-10
1251,981,982,4,5.1996703e-20,0.027008317,0.0,5.058419e-18,0.9718693,2.156591e-06,2.0279716e-13,5.0988136e-10,1.971749e-07,3.2042606e-09,8.335172e-21,0.0011159492,2.016917e-12,2.8240675e-06,1.8652498e-13,7.2355674e-13,1.2975597e-10
1252,982,983,1,1.2763663e-25,0.69477034,0.0,8.442585e-24,0.30521902,9.005759e-08,2.5828895e-17,2.7434607e-15,1.43080605e-08,1.9119653e-09,1.1764639e-16,6.028973e-09,9.564289e-10,1.1218767e-05,3.0194795e-13,2.0507294e-10,5.8392695e-09
1253,983,984,5,2.8153075e-09,7.9565754e-05,0.0,1.0521714e-18,0.00058354985,0.9481797,3.439845e-18,5.63377e-15,0.012978371,0.03804993,2.804461e-16,5.5953207e-09,1.1821398e-11,1.8550011e-08,2.6238836e-10,1.2609744e-06,0.00012811118
1254,984,985,8,7.751565e-05,3.1723588e-09,0.0,6.31382e-19,2.4345226e-09,1.3538923e-05,5.242111e-20,5.691746e-16,0.9999084,2.9749953e-11,2.959228e-19,1.0517417e-11,1.9611231e-11,2.1616438e-10,1.5310394e-12,9.562013e-13,4.588351e-09
1255,985,986,8,4.222212e-11,9.409657e-09,0.0,5.2026803e-22,1.1914813e-08,6.361856e-05,2.807284e-18,5.0134504e-17,0.99993515,1.2656065e-12,2.4832261e-20,1.6277543e-08,1.5720326e-08,1.5406743e-08,4.2469134e-10,8.7430504e-14,4.7225472e-09
1256,986,987,8,2.0353177e-14,1.3895762e-07,0.0,1.602569e-21,7.84789e-09,9.629853e-11,3.121135e-19,8.724313e-17,1.0,3.9908796e-20,8.1593525e-19,4.1619097e-11,8.44558e-09,4.9591796e-11,1.6338989e-18,9.868856e-13,8.855628e-15
1257,987,988,1,2.2821582e-10,0.87426746,0.0,2.2042505e-20,8.1740716e-08,3.2294043e-09,2.297104e-16,1.6892099e-16,0.12573175,8.5912416e-19,1.3125217e-14,2.7417801e-12,2.576748e-10,1.9948219e-09,2.5516297e-17,1.3453542e-08,1.1511577e-11
1258,988,989,1,1.1612419e-23,0.9996948,0.0,2.9550437e-26,5.9462764e-06,9.955247e-07,2.9458847e-24,1.8428862e-13,0.00029563956,6.700359e-14,4.0772745e-17,8.005515e-09,7.574939e-07,1.3680686e-08,1.5315159e-15,4.12103e-08,1.1345236e-08
1259,989,990,8,4.705816e-12,4.7713687e-08,0.0,1.8367166e-21,4.576499e-09,0.001165203,2.3871378e-21,5.9345e-11,0.99881434,4.192704e-15,4.544847e-19,1.903273e-05,2.4228227e-08,3.7603773e-09,8.9260705e-15,8.606649e-14,1.7849164e-09
1260,990,991,8,4.040913e-12,2.7019222e-11,0.0,1.172004e-21,5.4789584e-10,1.990051e-07,5.042082e-18,1.5096698e-17,0.9999962,7.608433e-18,1.5134261e-21,4.919686e-11,3.2353756e-07,2.568451e-06,2.596372e-11,3.883953e-15,7.7263855e-12
1261,991,992,8,3.008761e-07,3.2180028e-10,0.0,5.949576e-18,3.0109067e-08,4.9736754e-10,1.4179648e-18,8.1326283e-19,1.0,3.8726275e-19,2.3152504e-18,7.766755e-11,2.7169942e-09,3.4356473e-11,8.1473824e-18,6.9093873e-14,8.978201e-11
1262,992,993,8,1.6968839e-07,8.286562e-08,0.0,1.6007646e-16,1.3059824e-09,2.486425e-09,1.7629279e-20,1.965625e-18,0.9999809,4.5017485e-17,1.4958886e-17,3.4395813e-11,1.8513747e-08,2.1071324e-13,6.838182e-18,4.8582166e-11,1.9464911e-05
1263,993,994,1,1.050785e-23,0.9997101,0.0,9.3503175e-27,6.2419735e-05,7.7188886e-08,2.5374108e-16,7.168268e-18,4.0323965e-05,6.9289824e-11,1.2358996e-16,2.0086288e-08,6.236642e-05,4.8010174e-09,4.437645e-15,0.00012469792,3.083278e-12
1264,994,995,1,8.0191883e-29,0.9995728,0.0,4.171738e-31,1.2841545e-05,2.7580954e-10,7.3796124e-17,2.988126e-15,1.5076984e-06,2.8897616e-12,1.1653892e-19,1.9033646e-08,0.0004097978,2.7134506e-10,8.3789834e-19,1.4333149e-06,5.7358263e-13
1265,995,996,12,1.9291903e-23,1.7341574e-08,0.0,1.02265624e-23,2.1204748e-08,1.5416774e-11,6.524288e-12,7.153467e-09,3.6527696e-09,8.8214974e-17,3.528878e-20,1.3735136e-06,1.0,6.809907e-12,8.160052e-08,8.09402e-15,1.9665048e-08
1266,996,997,12,2.5744181e-26,9.08101e-13,0.0,3.0219817e-27,8.789852e-10,1.3572751e-11,2.6132998e-14,5.747816e-10,2.2648422e-07,2.2112776e-17,9.152915e-24,2.1438002e-09,1.0,4.9402864e-08,7.638556e-12,1.0935528e-15,6.986277e-13
1267,997,998,12,1.6625986e-28,1.2643374e-12,0.0,4.2678916e-27,3.9607353e-09,8.8064235e-12,1.655914e-14,9.002482e-11,5.8660253e-06,1.1567404e-17,3.6257145e-23,1.1048902e-09,0.9999923,8.711986e-07,2.6296914e-13,2.1449472e-15,1.4865063e-12
1268,998,999,12,2.2806533e-32,1.922086e-09,0.0,7.077287e-29,1.0860402e-08,2.986592e-12,1.286758e-13,1.7402513e-11,3.4830039e-06,1.554002e-16,1.1351259e-22,7.066618e-10,0.9999962,1.9495806e-07,2.5482885e-13,5.3469027e-15,2.194862e-12
1269,999,1000,11,9.9618516e-23,0.00069368345,0.0,8.409686e-28,0.009306023,3.934435e-13,2.4757257e-05,1.8482231e-05,1.0634089e-11,9.057327e-17,7.441015e-23,0.98995715,9.658788e-07,1.7703896e-11,6.8870337e-10,1.10835624e-16,1.264103e-09
1270,1000,1001,11,1.5381624e-21,0.02776464,0.0,1.2745188e-23,0.0017629833,8.244744e-10,8.1002575e-08,6.8804423e-10,2.0747072e-08,5.6033167e-14,8.070998e-20,0.9704541,1.9127496e-05,4.4449592e-17,4.209971e-12,4.1435906e-14,3.335786e-07
1271,1001,1002,5,1.8556085e-17,3.3075893e-09,0.0,1.7147067e-22,3.093065e-06,0.9948292,8.056565e-14,7.4984625e-15,0.00040042397,1.8156932e-05,1.1096973e-16,0.004748086,9.1844373e-07,1.9884174e-09,2.5945158e-07,1.497676e-09,9.363091e-13
1272,1002,1003,8,5.0955487e-17,3.1480166e-11,0.0,1.3168695e-22,4.5453856e-11,0.00013977924,4.6126967e-22,1.1074693e-15,0.9998588,9.527896e-13,1.9533383e-16,2.2723778e-09,2.0057728e-08,2.0093053e-06,2.3413968e-12,1.28010675e-17,6.4482066e-11
1273,1003,1004,8,8.7530155e-17,1.7165572e-09,0.0,3.301126e-22,2.6004754e-11,2.9713171e-06,3.835422e-24,9.092851e-16,0.9999962,1.2771131e-15,9.530825e-16,1.2316018e-10,3.0352393e-08,2.3495998e-06,1.5509543e-13,1.0293123e-18,2.917479e-09
1274,1004,1005,8,2.879191e-17,4.2900647e-09,0.0,4.5808004e-22,6.043497e-11,1.861679e-08,2.1713722e-24,3.1822255e-16,0.9999923,1.0546955e-17,1.2377633e-16,2.690331e-11,2.4973986e-06,6.5092677e-06,8.6526e-15,5.072407e-19,4.1409802e-08
1275,1005,1006,8,3.186499e-10,3.2077264e-06,0.0,2.6513612e-18,5.5307694e-08,1.167487e-08,5.6712646e-16,1.1191508e-18,0.9999962,1.8005392e-13,1.0806104e-15,4.1727533e-10,7.766086e-08,5.2279786e-10,1.3319158e-13,6.722399e-15,5.2876935e-08
1276,1006,1007,16,3.4556155e-17,0.057773847,0.0,3.2167925e-22,0.013226273,3.6603418e-10,4.8218714e-15,5.744179e-17,1.0488682e-05,1.3872663e-08,5.685648e-16,1.8339311e-05,4.81561e-12,9.735512e-14,7.5850906e-14,1.2484306e-12,0.92897165
1277,1007,1008,1,2.8190068e-30,0.9474422,0.0,9.016996e-24,0.051213495,2.3898923e-11,3.8350176e-14,2.1118952e-14,9.3480036e-11,1.5377267e-08,1.4542734e-18,0.001021645,3.9579655e-12,2.8458826e-12,7.560919e-12,4.7047408e-11,0.00032163804
1278,438,1008,1,1.1437112e-28,0.98417735,0.0,2.4288258e-25,0.015797442,8.0065335e-14,1.2197788e-15,1.1441001e-12,1.19214505e-08,4.62953e-15,4.9077795e-20,1.7348282e-05,2.363477e-08,1.681941e-12,8.135313e-15,1.5101705e-10,7.874171e-06
1279,1008,432,1,2.497417e-29,0.99079967,0.0,2.7427155e-24,0.008669734,6.0729785e-13,2.968638e-17,5.978025e-14,5.8313926e-08,1.0812553e-12,1.1364757e-18,4.1170453e-05,5.342678e-09,5.4475406e-14,2.318657e-15,4.1034096e-10,0.00049097853
1280,432,234,16,1.2401806e-20,3.4981455e-05,0.0,3.1456493e-20,2.72308e-05,1.1546377e-09,1.0142842e-15,3.004227e-17,0.0012100213,7.888661e-14,2.1187247e-19,1.7950739e-05,1.4552583e-07,3.144942e-12,4.552821e-15,1.3815936e-09,0.9987115
1281,1006,1393,16,9.02033e-17,3.5562687e-06,0.0,3.8893842e-20,8.308415e-05,8.080162e-09,7.890146e-19,2.5317422e-18,0.024458596,3.398464e-08,1.8525428e-13,3.806493e-07,2.2383077e-10,8.393844e-15,6.7767777e-15,9.715446e-13,0.97545356
1282,1005,375,8,4.5694053e-14,1.227507e-10,0.0,1.6492933e-23,6.12442e-12,2.6567587e-10,2.1360568e-21,3.17719e-17,1.0,1.7432524e-21,1.7446436e-20,8.490432e-13,2.5060615e-08,6.531786e-11,5.629741e-19,6.570953e-17,1.8298646e-12
1283,375,1392,8,1.2630496e-13,5.258711e-14,0.0,1.2483134e-24,9.165431e-15,1.080314e-07,1.3786593e-19,6.50694e-19,1.0,9.908608e-22,6.557318e-21,2.3714545e-13,1.6730957e-14,2.9295786e-17,3.340863e-17,3.6426497e-11,1.9023404e-16
1284,1003,324,8,4.794371e-10,5.3867616e-08,0.0,2.261209e-21,9.1604856e-11,5.613841e-07,2.5767411e-15,8.243386e-19,1.0,7.6975856e-19,2.424049e-18,2.6864134e-11,4.307201e-09,9.2832755e-07,2.3202872e-13,2.9466975e-14,3.0118655e-12
1285,1000,1018,12,1.2185333e-21,0.031470582,0.0,5.559932e-26,0.00015958113,5.4527882e-11,3.3895354e-05,4.0957662e-08,2.855657e-06,3.1492797e-17,5.503691e-20,0.3943249,0.5740086,2.157212e-10,5.479215e-08,1.4861752e-15,7.49772e-07
1286,997,318,7,1.1524381e-23,4.0242663e-13,0.0,3.0495095e-26,1.2565862e-05,1.9233908e-10,3.6674958e-11,0.9998054,1.8467455e-10,2.662329e-17,2.2946438e-23,2.7003628e-06,0.00017101888,9.553733e-06,1.4893103e-12,5.1797386e-11,2.8730563e-18
1287,994,1015,1,3.455504e-28,0.9995653,0.0,1.1470493e-28,1.9750785e-05,2.3285273e-11,9.428788e-21,4.4609265e-17,2.0141542e-07,4.136993e-12,4.057968e-19,4.2458628e-09,0.00041461573,9.503444e-10,1.7035558e-17,1.5145558e-09,3.4575304e-08
1288,991,330,13,5.2233345e-25,1.9967218e-05,0.0,3.135082e-28,6.094584e-06,1.014394e-12,2.1566223e-15,4.856745e-14,0.00022369402,6.942652e-21,4.56913e-20,5.5916507e-09,0.0012568271,0.99849427,9.0458775e-14,6.875008e-11,1.1808096e-12
1289,988,1012,1,1.2232302e-17,0.99997705,0.0,2.930648e-27,2.1159047e-05,2.4991636e-12,8.5680707e-19,2.4916216e-14,1.8083634e-08,3.1351836e-17,3.3988988e-19,3.314928e-09,5.0679065e-09,6.013475e-07,3.1215585e-15,1.3276734e-15,1.5679293e-09
1290,986,264,8,1.2349398e-21,0.0033179873,0.0,1.4694057e-21,0.20497377,1.3124157e-08,6.0580895e-17,1.12665404e-13,0.63880605,3.860883e-13,2.809365e-16,2.1570987e-08,0.0020647405,0.15081911,1.0240239e-13,1.9128736e-05,8.274487e-10
1291,983,1010,1,8.297863e-21,0.99281615,0.0,1.095146e-25,0.007185159,1.3181246e-09,6.3080792e-15,1.2155512e-16,1.8524908e-08,1.503669e-10,2.0588193e-17,2.7097577e-10,3.6511183e-13,5.352718e-08,6.3638136e-15,1.0536046e-12,3.9293566e-10
1292,63,156,4,5.980826e-23,8.03423e-12,0.0,3.1516057e-28,0.9999962,1.9497649e-16,3.9661743e-11,2.9287116e-14,2.4831878e-13,1.7207759e-13,4.468914e-25,3.5041848e-11,1.8425155e-11,1.5158397e-08,1.6616929e-12,2.7649209e-18,2.2507445e-06
1293,156,1009,4,2.4078054e-22,1.1694583e-06,0.0,2.5574926e-27,0.99997336,4.858931e-07,1.4270762e-10,1.0620759e-17,3.179126e-12,2.1716903e-06,1.1826575e-20,3.001915e-08,2.0248321e-14,8.8923923e-07,2.213536e-05,3.275041e-12,1.4978262e-07
1294,1009,1010,4,3.8266603e-28,1.1774288e-09,0.0,6.360041e-26,1.0,2.7799217e-15,2.7613442e-13,3.699889e-17,1.159229e-14,3.714309e-12,7.112279e-22,1.5216689e-07,1.6098707e-16,1.428051e-10,2.5236767e-14,4.409424e-18,7.3365287e-09
1295,1010,1011,4,2.2198325e-23,4.572625e-09,0.0,1.0487015e-25,0.9999886,2.0777481e-16,9.96693e-11,1.0167251e-14,1.8020294e-14,3.838636e-12,1.2746897e-22,1.4862445e-06,8.423869e-15,2.5074142e-12,2.2747385e-15,5.473612e-17,1.0520499e-05
1296,1011,264,13,1.6128076e-25,1.3812774e-09,0.0,1.3479018e-31,0.0046235756,7.6918905e-12,7.502974e-10,2.2461928e-11,4.227529e-12,1.8329436e-14,6.3178963e-25,5.879284e-07,8.0303164e-10,0.9953759,4.223475e-08,1.3111481e-10,1.3170664e-13
1297,264,1012,13,7.2006014e-27,8.13108e-11,0.0,8.879839e-32,0.0031405564,2.0432175e-10,4.373878e-09,0.00048198938,1.0863448e-12,2.4109575e-15,4.631392e-27,1.3482738e-06,2.203405e-09,0.99637496,1.1305139e-09,4.6743875e-09,3.8560053e-16
1298,1012,1013,4,1.8664248e-20,1.2035969e-07,0.0,1.2378556e-27,0.999958,1.2409102e-11,3.602498e-08,4.5941935e-12,3.2320737e-12,6.274798e-13,4.888683e-20,8.72433e-06,1.8620739e-11,3.2586402e-05,1.11609e-10,9.416139e-13,9.026916e-07
1299,1013,330,13,4.185884e-28,2.1687967e-10,0.0,8.7596906e-33,0.00019061659,7.794533e-12,3.3250041e-12,1.9242e-08,4.4336287e-10,5.2931354e-18,5.419965e-24,5.23607e-07,9.0690594e-07,0.99980927,5.273038e-12,8.563671e-09,3.835162e-15
1300,330,1014,13,1.8917774e-21,6.4157e-10,0.0,1.7238553e-30,6.187824e-05,2.5568892e-11,5.0235236e-08,1.5235492e-09,5.3425385e-08,8.369859e-16,5.548681e-26,4.86193e-09,3.1530009e-13,0.999939,5.6010654e-09,2.8573727e-10,6.055247e-17
1301,1014,1015,16,1.2686708e-20,6.139617e-07,0.0,4.0135797e-21,0.0027660283,2.2767237e-10,3.9430893e-13,1.86262e-12,0.007526134,5.4490825e-05,2.7403904e-19,1.5042286e-06,0.01986779,2.9724395e-06,7.9347323e-10,3.305098e-13,0.9697807
1302,1015,1016,12,1.2904945e-27,3.2749537e-12,0.0,7.403815e-22,1.2908657e-09,6.907614e-16,1.7725184e-18,5.163233e-16,7.054183e-08,5.773743e-19,4.8352084e-22,6.001569e-11,0.9999886,8.949107e-10,1.4105295e-12,1.2930326e-19,1.0211998e-05
1303,1016,318,12,1.9091533e-30,4.845367e-13,0.0,6.248489e-31,2.0226968e-11,1.4792798e-16,9.267049e-19,8.3163093e-13,1.656587e-10,3.801682e-26,8.5679874e-23,1.4951074e-09,1.0,4.6038823e-10,6.35709e-16,8.135903e-15,3.9863075e-16
1304,318,1017,12,2.4348574e-31,3.3432698e-11,0.0,8.926368e-32,4.5670894e-13,1.07148435e-17,9.9918196e-20,3.739404e-18,5.0848726e-08,2.95143e-24,1.0269061e-22,7.080453e-12,1.0,1.1038094e-13,2.0741426e-18,4.2906127e-13,1.9050358e-15
1305,1017,1018,12,6.010825e-26,7.979082e-09,0.0,5.406752e-23,1.1613616e-08,1.6568364e-14,5.9377064e-14,2.1492925e-11,1.8158239e-06,5.6837926e-20,3.8518792e-21,5.7790035e-06,0.9999923,1.6407565e-11,1.4245789e-11,1.0331567e-16,1.4862302e-10
1306,1018,1019,12,3.460891e-18,0.0015578466,0.0,1.0045498e-15,0.00048594573,2.6395208e-13,4.5093818e-09,3.4722097e-11,0.00047444805,3.739681e-15,1.709408e-17,4.9615574e-06,0.9974018,7.00412e-08,1.9201147e-09,1.1852201e-17,7.562964e-05
1307,1019,324,12,9.8560295e-20,4.642335e-07,0.0,9.265214e-26,5.653338e-08,2.6864999e-15,2.1414381e-09,1.1438615e-17,0.0018173789,9.725046e-21,4.776325e-22,1.0628427e-08,0.998182,2.3848779e-08,2.0374937e-13,1.0754207e-15,3.6418147e-12
1308,900,934,11,9.3954474e-18,1.5823266e-08,0.0,1.410804e-27,1.5110963e-05,5.191799e-06,3.0737126e-16,7.3846005e-16,5.0903188e-11,3.506504e-15,1.451136e-19,0.9994128,6.9777436e-16,6.61887e-12,3.1816647e-10,1.4374033e-16,0.0005686116
1309,51,39,16,3.5906282e-24,2.8781264e-09,0.0,5.3670043e-25,3.934674e-06,1.1847434e-13,8.723039e-19,7.95706e-13,8.523546e-10,3.620971e-17,1.7943873e-22,1.4070889e-06,0.004139048,7.0271484e-12,9.208295e-14,1.403498e-20,0.9958544
1310,39,900,16,3.4943453e-27,3.2914838e-13,0.0,2.7189337e-31,1.056863e-08,1.6520784e-13,2.4114005e-21,1.5018441e-20,6.468208e-12,1.1628343e-14,5.2252157e-22,2.7776101e-08,1.0140347e-11,5.328379e-13,7.738339e-10,3.4590624e-22,1.0
1311,934,51,11,1.1974379e-21,6.5875476e-08,0.0,5.921782e-29,9.816925e-06,3.3522912e-08,1.0235855e-15,2.311336e-15,3.6314098e-12,1.3889069e-17,4.3210647e-21,0.9570282,1.7515201e-11,2.4813153e-11,1.661537e-09,2.9174242e-16,0.042961396
1312,51,1020,11,2.1122202e-19,1.2624574e-05,0.0,2.2100447e-26,4.9103826e-05,9.966461e-06,1.2009972e-13,5.466765e-18,1.178585e-07,5.697193e-10,1.1292748e-20,0.99991995,8.76894e-06,1.3969229e-12,7.246721e-07,2.2006045e-12,1.4383697e-07
1313,1020,935,11,1.2179118e-19,0.023923842,0.0,2.4961864e-23,0.00015418121,6.4168226e-11,2.9974936e-11,8.568406e-17,1.611676e-10,1.8038469e-12,1.2102884e-19,0.9759002,2.2491147e-05,1.5913846e-13,2.2350845e-08,2.5464033e-13,3.0348124e-07
1314,935,252,11,3.1069059e-18,0.30287036,0.0,1.1159245e-24,3.2959315e-06,1.8688729e-08,1.9800115e-13,1.275088e-15,1.4177881e-08,1.3926735e-17,1.7694436e-19,0.6971172,8.009499e-06,7.851695e-16,4.691604e-11,8.9893255e-14,7.468959e-11
1315,252,1021,12,9.6319614e-23,0.041435372,0.0,1.4007575e-30,0.00022873597,8.1618136e-11,5.5163824e-14,1.5096736e-12,4.348346e-07,6.3246874e-13,1.8175028e-19,0.0046691983,0.9536681,2.2551731e-11,2.374219e-10,3.4726416e-14,4.8401883e-08
1316,1021,240,11,1.6382486e-26,5.8800413e-09,0.0,3.8534618e-23,7.944259e-06,4.1030714e-07,1.4318082e-19,4.0146197e-14,3.8446235e-08,5.1057964e-12,6.340052e-20,0.7988922,0.12563922,4.425701e-11,1.5826004e-13,4.669361e-17,0.075460024
1317,28,1022,9,5.951367e-26,5.9779537e-15,0.0,6.758919e-28,2.362909e-08,3.386006e-06,2.535317e-19,5.54417e-20,1.8348073e-11,0.9999962,2.549152e-22,9.688808e-11,2.2637239e-18,8.800413e-12,1.3430286e-12,7.753553e-11,1.1917008e-06
1318,1022,199,9,3.239752e-27,1.6563261e-12,0.0,2.0123222e-26,2.7016773e-09,7.72201e-08,7.342402e-18,2.4593968e-18,1.1381414e-11,1.0,2.1798718e-23,1.0308929e-09,2.015344e-16,4.221874e-11,9.289771e-12,4.9781713e-11,9.500326e-10
1319,199,76,16,1.0804749e-14,6.3532156e-07,0.0,1.9902872e-21,0.009865782,3.2974278e-06,4.568719e-09,4.554402e-15,1.6293821e-08,0.00086104684,1.4211199e-13,5.819995e-07,1.1530916e-11,4.9165254e-07,0.30435517,3.201391e-08,0.6849128
1320,525,223,14,1.0833861e-19,1.4717939e-08,0.0,1.3308563e-25,0.0001663006,8.3748796e-07,0.14019117,6.5907567e-18,1.5039918e-08,3.924344e-07,7.6355175e-14,5.8387792e-09,1.1588338e-17,1.2807341e-06,0.85964024,5.15995e-14,8.8516604e-11
1321,223,121,4,1.5663878e-23,2.3438849e-09,0.0,3.3495837e-29,0.99982077,3.4204664e-10,1.7391352e-05,5.650272e-17,7.490844e-11,0.00011630043,2.5301605e-17,3.1649958e-10,2.5761798e-16,1.010357e-07,2.2339287e-05,2.9499917e-15,2.1336555e-05
1322,121,1023,9,1.4343225e-27,1.0503059e-12,0.0,1.538758e-25,2.532531e-06,8.116539e-05,7.090162e-18,3.30874e-15,5.6983544e-07,0.9999161,6.8531125e-20,2.4548513e-10,3.784627e-16,9.136131e-10,1.7083358e-13,9.6052714e-11,6.218009e-15
1323,1023,1024,9,1.3952236e-28,8.08496e-12,0.0,1.4945774e-31,7.427574e-08,8.530824e-12,8.642513e-13,2.0584511e-16,1.0202407e-15,1.0,1.97002e-22,1.5275106e-11,6.523418e-19,5.296083e-11,1.9618145e-08,4.9928003e-17,1.01239485e-13
1324,1024,133,4,1.2284548e-30,1.3178224e-10,0.0,8.644466e-34,0.9983687,1.6002007e-11,1.3147624e-13,3.941705e-06,2.6058068e-12,4.1078678e-05,5.2225373e-25,0.0015843603,9.738771e-16,6.3549516e-10,8.1224524e-13,6.084239e-16,3.974073e-07
1325,211,1025,11,1.4772042e-24,0.0001353041,0.0,5.320624e-19,7.474329e-08,1.08046635e-07,2.144428e-11,1.4916567e-07,2.264136e-05,5.3648728e-11,4.1994436e-22,0.99430186,0.005541427,4.8820596e-08,4.7343657e-15,1.271673e-08,1.3934608e-16
1326,1025,1026,5,8.370813e-17,9.3945323e-07,0.0,8.5706194e-19,1.1017778e-05,0.6365729,6.5868877e-10,8.99007e-16,1.0644384e-06,0.36106274,2.1996472e-20,2.104481e-06,2.8480222e-12,0.0007555414,2.8149091e-10,0.001594656,5.6177914e-19
1327,1026,223,9,4.297347e-27,2.2891059e-11,0.0,1.1307165e-24,2.6006024e-05,2.0730728e-05,2.042601e-11,1.4321799e-11,6.7773993e-07,0.9999504,9.092624e-20,4.04397e-10,5.366888e-15,5.960581e-07,1.1569701e-09,2.2814521e-11,1.3302938e-16
1328,525,1027,5,2.8871463e-22,2.1021249e-11,0.0,1.3541461e-19,1.3441289e-07,0.99229735,2.2018681e-16,7.757024e-16,2.7187312e-05,0.007673607,1.1407503e-17,5.67754e-09,7.460622e-17,1.0153789e-09,2.1764524e-12,1.0670956e-09,2.9587777e-18
1329,1027,1028,9,1.9413935e-23,4.3764894e-13,0.0,1.2324307e-22,1.252137e-11,0.0011969237,1.2398314e-11,1.0616748e-17,4.714175e-10,0.9987458,5.707889e-20,6.5375483e-10,3.8083368e-15,3.101072e-08,5.8660284e-05,1.3439737e-09,2.7791937e-20
1330,1028,1029,14,3.864948e-14,7.894517e-10,0.0,2.4224566e-20,3.4122172e-10,0.057189263,0.0011641856,4.0830043e-16,1.0179118e-08,4.7287223e-05,1.5423683e-15,0.0191039,6.469621e-10,9.03805e-06,0.9224846,5.9257066e-09,9.62584e-13
1331,1029,307,11,5.743564e-25,3.2233283e-14,0.0,1.9551187e-25,0.0015160692,5.872906e-11,2.5078065e-12,2.3731438e-08,8.6974294e-10,1.3882143e-15,8.3001385e-22,0.9972344,2.0903619e-11,4.696217e-14,2.0401837e-14,4.3202841e-16,0.0012486125
1332,211,1029,7,2.033743e-28,2.2817404e-10,0.0,1.8868095e-23,0.011662753,1.2926193e-10,3.913994e-09,0.5657824,5.929819e-10,7.134145e-17,1.2550548e-25,0.4225553,4.442064e-08,4.65739e-09,1.1263827e-14,2.8085506e-16,2.6334874e-12
1333,88,1030,11,1.8316672e-26,6.4734826e-07,0.0,1.9192735e-23,9.2644725e-11,1.997571e-09,1.0014717e-11,3.8711367e-11,8.717752e-11,1.2345693e-18,6.253045e-23,1.0,1.3069992e-09,8.060896e-15,1.2586432e-14,2.4958564e-13,1.9555343e-12
1334,1030,1031,11,1.7422892e-20,0.0016019113,0.0,5.4797696e-19,1.741124e-08,5.089134e-11,3.1515093e-13,1.3834447e-09,2.4126643e-11,1.2524765e-18,4.9029893e-20,0.99839914,9.748103e-08,1.7178123e-12,1.8699568e-08,1.4691835e-18,3.394669e-07
1335,1031,283,12,1.3433483e-24,1.6332914e-14,0.0,2.17766e-24,1.5111239e-14,3.506267e-13,2.6379133e-18,1.8392136e-20,2.0817913e-11,2.4093075e-26,1.5773421e-24,2.532836e-09,1.0,3.0349898e-12,5.263039e-09,4.0409066e-15,3.097519e-12
1336,456,1032,1,2.2110094e-23,0.9876712,0.0,3.2081794e-21,8.929474e-08,2.9743356e-12,7.125316e-14,1.862287e-11,5.855949e-11,4.0274293e-21,1.4642194e-20,0.012328617,8.512493e-11,2.3648948e-14,7.4677156e-16,2.9307972e-17,1.63336e-14
1337,1032,1033,1,3.8009946e-29,1.0,0.0,1.0545298e-26,1.0193914e-10,4.4253046e-15,4.4951297e-15,2.7314219e-14,9.730982e-14,2.3009834e-21,4.4501373e-23,4.486822e-07,2.6015087e-10,2.5705306e-12,4.931835e-14,2.4725094e-18,4.102612e-17
1338,1033,1034,1,2.016936e-31,1.0,0.0,2.3594688e-30,1.592127e-11,1.2217031e-13,6.612443e-17,8.315974e-17,4.5490434e-12,2.975623e-24,2.9914328e-23,8.5839636e-13,4.755338e-10,6.07818e-10,1.40943614e-14,9.045469e-13,3.448965e-17
1339,1034,1035,1,2.4665221e-30,1.0,0.0,9.397468e-30,3.6502728e-11,5.0070386e-13,8.06366e-16,7.7109955e-17,2.1376081e-11,1.0336336e-24,1.3725858e-22,2.9003055e-14,2.6887112e-10,4.579136e-09,1.4813197e-14,1.418235e-11,1.7683188e-17
1340,1035,1036,1,1.2307264e-28,1.0,0.0,6.395991e-29,2.4902314e-09,3.6227067e-12,5.0462784e-10,1.4623865e-15,1.1610409e-11,8.534612e-24,6.5634992e-21,8.296117e-15,1.5820967e-09,1.8635426e-06,5.1577537e-11,1.2770823e-10,1.9754054e-17
1341,1036,415,12,3.0713022e-21,0.04384418,0.0,3.3459084e-20,4.3942455e-10,9.594913e-10,7.2687484e-10,8.516805e-13,0.0046258513,5.3703357e-20,2.7806599e-18,0.02368846,0.9278419,5.083493e-09,2.4638712e-07,1.2737948e-15,9.976308e-07
1342,40,1037,11,4.540948e-19,6.139108e-05,0.0,2.752778e-24,1.9802734e-08,1.0279968e-05,1.9382547e-17,5.9095e-16,5.767683e-06,4.336379e-10,1.5950726e-22,0.99991226,2.5336408e-07,2.862536e-08,1.0092643e-12,2.6639395e-13,8.201472e-06
1343,1037,1038,9,1.3985781e-24,3.628872e-14,0.0,6.3314604e-31,7.922316e-14,6.784122e-08,1.972685e-19,1.2169358e-20,1.5262999e-10,1.0,2.6743673e-27,8.662931e-09,2.3204166e-16,5.5729272e-11,4.9455748e-12,1.7195058e-17,7.0423875e-13
1344,1038,28,9,8.69173e-31,3.992286e-17,0.0,1.3326817e-30,9.033512e-11,3.4249485e-08,2.1606858e-19,4.9284025e-18,5.4536176e-12,1.0,4.9832063e-26,2.5686306e-11,2.0442338e-15,3.8269726e-10,1.4397282e-11,1.531364e-15,2.572312e-15
1345,241,1039,11,8.652439e-29,2.459373e-07,0.0,4.0929234e-23,1.2748757e-05,1.5750519e-08,1.203677e-11,1.6698117e-07,5.889913e-11,1.1343557e-14,1.9113088e-24,0.9999886,5.4894005e-09,6.5539346e-08,9.521382e-15,7.2311553e-12,5.8610634e-12
1346,1039,1040,9,1.0044088e-21,2.0260813e-09,0.0,7.5070563e-28,9.621255e-12,6.5351145e-07,4.052393e-07,3.5331954e-16,1.1381122e-09,0.99917257,7.8207836e-24,0.00082788384,9.2302705e-15,1.6851363e-08,4.2233463e-08,9.8492354e-18,6.1816446e-12
1347,1040,1022,9,6.8839306e-26,1.8159603e-16,0.0,2.5012855e-31,4.576333e-13,5.8673837e-08,2.5049476e-12,2.2533067e-19,2.387694e-13,1.0,3.7893836e-29,4.3015172e-10,1.4371426e-20,7.554126e-09,3.6294627e-09,2.6065642e-18,1.080883e-14
1348,241,1041,11,1.120947e-30,3.1976368e-05,0.0,2.922847e-25,9.947654e-07,1.7720592e-10,1.9322788e-13,1.9658119e-11,4.649681e-11,7.592284e-18,2.1722526e-22,0.99650806,0.003460442,2.8328848e-12,3.077787e-14,1.1211828e-14,3.6373456e-11
1349,295,456,16,2.5609124e-25,7.741384e-09,0.0,1.2366551e-22,4.8961407e-08,2.1345226e-16,1.9713415e-16,1.8738988e-15,3.6613594e-11,1.5234543e-19,8.702122e-22,2.8636515e-07,3.0451421e-09,1.1940132e-12,1.0118935e-12,4.469183e-19,1.0
1350,456,1041,1,5.3554395e-21,0.67877704,0.0,1.3620141e-21,7.798032e-07,7.991933e-10,3.9758998e-11,2.2775106e-13,1.3102825e-11,3.3393305e-19,8.304581e-20,0.32122165,3.8400043e-09,2.9948963e-13,7.6375896e-13,7.239777e-17,4.4602573e-12
1351,1041,1042,11,2.5940376e-17,0.23869525,0.0,3.6398928e-22,3.434784e-10,3.8959888e-07,3.237303e-06,5.693048e-16,5.3371526e-11,3.2077846e-08,3.0957123e-19,0.7612853,2.293235e-08,4.3892365e-10,1.7116043e-05,5.3553973e-14,7.7370993e-10
1352,1042,1043,16,6.8520307e-23,3.2435087e-06,0.0,8.709129e-22,7.5083676e-07,3.92164e-12,2.4569579e-11,1.169588e-13,4.6244307e-07,4.4431337e-22,2.8911017e-23,1.1232993e-11,7.594048e-11,8.045468e-09,1.0147622e-11,3.820172e-12,0.9999962
1353,1043,199,9,9.084335e-28,3.4162086e-14,0.0,1.4511918e-26,1.8124389e-07,4.842573e-07,1.2472541e-13,3.078151e-14,1.4260437e-08,1.0,2.4953566e-24,1.6707993e-07,2.9848744e-18,5.1613946e-11,2.7932559e-12,6.734293e-12,5.979345e-15
1354,76,1044,5,3.334417e-19,7.540501e-11,0.0,3.3765403e-20,1.3647319e-09,0.99998474,5.107634e-17,5.335991e-19,1.1138508e-06,4.7162692e-07,1.0943099e-19,8.517496e-11,1.2519334e-16,1.5788995e-11,9.836984e-13,1.4420466e-05,2.171407e-15
1355,1044,1045,5,7.8003604e-20,1.2763582e-15,0.0,3.8780058e-28,1.32006e-12,0.9999923,2.1859062e-18,1.5694068e-17,8.22438e-12,1.3420672e-10,1.02090674e-22,1.4034155e-08,2.2934279e-15,5.3483703e-08,5.9639956e-06,6.455689e-11,1.020377e-15
1356,1045,1046,5,1.6276157e-18,1.3718195e-10,0.0,2.8129646e-26,2.8132452e-10,0.9999809,2.3005854e-16,1.9151804e-13,6.2057443e-12,2.7541758e-16,1.6755777e-17,1.7571872e-05,2.2790175e-10,7.5108886e-07,1.1080533e-06,2.6933614e-10,1.0824632e-07
1357,1046,295,11,2.0667968e-26,1.0251149e-12,0.0,3.816711e-24,2.4307295e-07,1.5165157e-09,1.2077963e-14,1.5057208e-14,2.7397077e-14,1.4546451e-18,1.9885115e-21,0.8851604,3.5221868e-09,1.7207216e-15,4.912276e-12,1.5887019e-15,0.1148396
1358,295,88,16,5.2624313e-26,6.529855e-15,0.0,4.9811585e-24,5.3200626e-09,2.2287411e-16,2.4653812e-17,2.812162e-17,1.8184029e-13,2.802958e-20,3.5794276e-24,8.037006e-08,2.115844e-09,7.073515e-12,3.4235288e-13,6.603409e-20,1.0
1359,100,307,4,1.404338e-21,2.7112688e-09,0.0,8.20717e-28,0.64282966,2.1423325e-13,7.8941673e-07,0.35626456,1.770571e-12,4.637924e-16,3.5166233e-27,0.0001415786,4.4916355e-14,2.9428746e-09,2.4085656e-09,3.8061943e-19,0.00076454075
1360,415,283,14,3.9665316e-14,5.551433e-11,0.0,1.6058102e-31,7.0045403e-10,4.0708513e-12,7.2970447e-06,1.1651746e-21,2.993704e-16,1.1318248e-18,4.132673e-26,1.5361281e-13,4.253313e-12,2.4907959e-06,0.9999886,1.0949165e-17,8.3992614e-14
1361,1047,52,16,9.543976e-20,2.2626217e-08,0.0,2.2088439e-22,8.4437215e-07,1.8587597e-11,9.915396e-18,1.9106597e-17,1.9695726e-11,1.2644651e-16,2.1115887e-22,0.0026894903,1.4872937e-06,9.385405e-13,2.4313794e-14,3.8781122e-19,0.9973066
1362,253,1032,1,3.9252754e-28,0.99960715,0.0,4.3671404e-25,1.5279894e-10,1.12175236e-13,1.4183138e-14,8.512772e-14,2.097838e-12,4.271726e-24,1.0868372e-21,0.00039383722,1.9996008e-07,6.291233e-15,7.615388e-14,8.609065e-17,5.434311e-17
1363,1047,1048,1,1.0877227e-17,0.9434928,0.0,2.0339753e-21,6.64418e-08,4.1798632e-08,1.7571322e-14,1.8308025e-17,9.734042e-11,8.011468e-10,1.3680356e-18,0.056505304,1.0953329e-12,2.3879624e-17,8.570225e-12,2.7225263e-15,2.7171455e-12
1364,1048,1049,1,3.0404989e-24,0.6528133,0.0,4.509467e-24,6.4757856e-05,4.255726e-07,8.2474195e-17,7.8217113e-16,1.5776203e-07,4.3764292e-10,8.548943e-18,0.3464104,0.00018970981,3.685175e-14,3.001968e-11,0.0005182603,4.414989e-06
1365,1049,163,12,2.0659938e-25,1.743012e-07,0.0,1.8173893e-29,2.0245459e-07,6.0602865e-09,6.97476e-17,3.3296774e-18,3.1857836e-09,4.6385563e-18,3.4511167e-21,1.609914e-08,0.99839914,0.00013926084,5.2282033e-08,0.0014628083,1.7697337e-12
1366,163,1050,15,1.8417034e-23,4.723854e-05,0.0,3.108771e-23,0.000551742,0.00015285537,2.211477e-12,9.519338e-10,0.0010243417,5.087764e-08,1.4194743e-26,1.8919156e-05,0.0051472,0.0025978386,7.733415e-09,0.9904595,3.3514023e-12
1367,1050,1051,5,0.00027075858,0.0025129602,0.0,1.5719525e-18,9.983075e-09,0.91931236,1.3181206e-15,3.0347903e-14,0.015732912,2.03414e-12,1.8749228e-21,7.325577e-06,2.1311933e-10,4.646071e-08,6.743072e-08,0.062162716,2.5924714e-12
1368,1051,175,13,3.483702e-17,1.6118304e-09,0.0,4.559385e-25,3.4891075e-06,2.3497253e-06,5.5148757e-11,1.3143398e-15,8.883971e-10,3.3429042e-16,3.1831474e-24,2.3348294e-07,1.8210136e-05,0.99972916,3.506052e-06,0.00024388976,1.1133087e-18
1369,175,1052,11,4.5503744e-22,1.2211798e-08,0.0,8.3153275e-20,0.0711979,7.869989e-08,8.822793e-06,0.00018483722,5.485956e-13,1.5463987e-14,2.3893741e-25,0.92723686,1.0656906e-12,0.0013725728,5.30731e-10,1.0590211e-10,1.9190306e-17
1370,1052,187,13,2.9307754e-24,7.786796e-07,0.0,1.398559e-21,0.0051610814,3.1927823e-07,4.496606e-07,3.9302636e-06,4.6097143e-11,2.4690627e-16,1.403164e-23,0.012300572,1.021358e-08,0.98250794,4.240632e-10,2.5037625e-05,2.7531358e-16
1371,542,1053,12,3.363703e-24,5.436401e-11,0.0,3.7499994e-20,3.7455863e-10,3.627499e-08,2.588756e-19,2.1388055e-20,0.15102465,1.988839e-12,8.2066944e-22,1.1318547e-11,0.848974,1.0179158e-08,1.69921e-14,2.3983073e-08,2.689854e-07
1372,1053,381,8,1.8014594e-21,1.3911235e-09,0.0,2.6968853e-27,4.8257584e-13,3.1541293e-07,5.2136553e-19,9.9959444e-11,0.9999695,1.5902517e-18,4.683603e-22,1.0225544e-09,1.3024676e-05,1.8024706e-05,9.522336e-13,4.435901e-15,3.4737994e-11
1373,491,1054,12,8.355604e-30,2.51212e-08,0.0,2.7383665e-24,2.42725e-11,8.597165e-14,6.5411914e-17,4.4067636e-12,1.0100097e-08,1.1943076e-15,4.728787e-23,1.0176939e-09,1.0,1.9400731e-11,5.8337494e-16,5.2623802e-15,3.537601e-11
1374,1054,393,12,5.2567763e-25,3.7197977e-11,0.0,2.1999005e-11,9.979247e-13,2.334514e-10,3.945154e-19,1.2407439e-12,9.1320686e-07,4.4478887e-19,2.4008216e-18,1.1150437e-09,1.0,4.4254268e-13,1.03539884e-14,7.989814e-14,8.185413e-12
1375,163,1068,15,3.044773e-22,1.259669e-10,0.0,1.6173967e-26,1.623558e-13,1.4523981e-05,3.3784357e-19,4.8216223e-19,1.3430525e-07,1.7770094e-23,3.5292828e-27,5.1025807e-13,3.1755327e-08,1.0832753e-10,1.1088418e-10,0.99998474,7.862379e-20
1376,283,1055,12,4.552577e-23,1.8936179e-14,0.0,1.7380895e-25,1.5624511e-13,5.1788336e-17,2.4801613e-18,1.0497729e-20,2.881664e-09,3.5206598e-29,1.229714e-26,1.7522553e-11,1.0,5.5682494e-12,3.6190706e-14,1.1604384e-19,6.628699e-12
1377,1055,1056,14,1.3953268e-10,4.169806e-12,0.0,7.005861e-22,1.7875566e-13,5.968952e-08,3.920657e-10,7.3688795e-21,8.106153e-10,5.5536698e-14,6.80209e-20,2.8073853e-07,2.1468088e-12,3.7163124e-09,1.0,6.7635147e-19,2.865432e-15
1378,1056,491,12,5.0717863e-27,3.138479e-14,0.0,2.0010873e-31,2.2045165e-15,2.0621156e-14,2.2353727e-17,3.380618e-17,2.0673914e-08,2.2888249e-20,2.0272522e-28,3.6794914e-11,1.0,1.2220301e-12,4.004859e-15,6.5976595e-15,8.419913e-16
1379,175,542,15,2.5945785e-27,1.3276825e-09,0.0,2.657546e-27,1.0548648e-09,5.011671e-10,3.7751987e-15,3.8506823e-17,5.568765e-10,5.3361413e-16,2.4921484e-26,4.988277e-14,1.409065e-07,6.94585e-08,1.7120348e-13,1.0,1.235185e-13
1380,187,1057,13,1.4785819e-21,2.1079659e-08,0.0,1.7109805e-24,4.790816e-06,8.7820656e-05,5.1147127e-09,4.7347343e-12,2.6506164e-08,1.3639458e-17,4.657248e-24,4.7814265e-08,1.5649366e-08,0.95088917,4.4672605e-10,0.04901706,1.1730825e-20
1381,1057,1058,8,6.5598914e-07,6.307632e-12,0.0,3.0463116e-19,2.848059e-09,4.5581073e-06,2.198899e-14,3.2771886e-13,0.9999962,1.9990137e-22,7.865642e-22,7.858963e-12,1.3300517e-14,9.859142e-14,9.666701e-17,8.0591365e-09,3.3906806e-16
1382,1058,1059,8,0.000101665275,7.097893e-13,0.0,5.8638606e-19,3.3753302e-12,9.827734e-10,1.2743231e-10,1.8595421e-16,0.999897,1.0964502e-25,8.552098e-20,1.2056445e-10,5.3093706e-12,2.3675433e-11,2.4742157e-12,1.2693295e-12,2.5055542e-16
1383,1059,381,8,1.5009808e-18,1.1700674e-10,0.0,1.207402e-26,3.6050042e-13,1.0394262e-09,3.9024967e-18,3.251517e-10,0.99996567,9.403174e-22,1.2796549e-21,8.864225e-12,1.8735429e-06,3.184259e-05,2.7040462e-11,7.353703e-17,9.5943954e-11
1384,381,1060,8,5.390344e-21,1.1095388e-12,0.0,8.557285e-28,1.02522774e-13,5.41263e-09,3.1533397e-19,7.561755e-12,0.9999962,3.0731539e-21,2.1199828e-22,1.3364263e-11,2.2340555e-06,4.631245e-07,7.547865e-12,1.6916475e-16,6.2552507e-12
1385,1060,1061,8,1.1205497e-07,2.460449e-17,0.0,2.50215e-19,3.3359505e-15,8.473527e-09,3.138221e-18,1.8338991e-17,1.0,2.3980892e-22,5.0823303e-24,1.9191754e-11,9.997452e-07,4.393755e-12,1.4338097e-10,9.155336e-14,4.5340034e-13
1386,1061,393,12,3.993207e-21,8.812127e-14,0.0,3.8535708e-20,5.5356734e-13,3.8120526e-10,7.245941e-16,1.3245176e-14,0.0913582,5.93853e-19,1.8347367e-19,3.6864563e-13,0.9086436,1.279833e-10,4.360446e-11,1.1349308e-15,3.2196908e-14
1387,542,491,12,2.0726059e-20,2.5448535e-10,0.0,6.170828e-20,7.892478e-08,4.0378662e-10,1.8471867e-13,8.063553e-12,0.00047397052,4.0685272e-17,6.054377e-22,1.6844878e-15,0.9995119,1.458127e-05,1.2160882e-10,2.0884582e-10,1.5265088e-11
1388,393,1062,12,1.7192955e-25,3.8272777e-11,0.0,2.282766e-19,8.7407823e-14,6.214681e-10,4.2705962e-19,5.409977e-13,9.57059e-05,8.32552e-19,3.2923657e-19,3.7074996e-12,0.9999047,5.477443e-14,3.6508636e-15,1.0202451e-14,1.2264782e-16
1389,1062,1063,12,1.164418e-23,4.66016e-10,0.0,7.7754523e-23,2.9292508e-12,1.4727431e-08,2.7358405e-16,2.9336566e-12,0.0004214214,1.5326131e-17,3.211317e-19,1.023901e-09,0.9995767,2.3631397e-11,2.7808262e-13,4.688236e-13,1.116334e-15
1390,1063,485,12,6.8748543e-25,1.5288706e-09,0.0,9.621862e-23,1.1067789e-11,3.1209026e-08,3.793716e-10,8.847085e-15,2.842906e-07,2.2036113e-20,1.0030515e-17,2.862143e-08,0.9999809,4.770771e-07,1.9692103e-05,4.69839e-12,1.2698679e-18
1391,187,64,6,3.189459e-22,2.14903e-11,0.0,2.4373566e-24,0.0013060961,1.0983413e-12,0.9986772,6.4873094e-12,1.0190953e-11,9.1675985e-15,6.72604e-23,6.8208215e-06,5.7738415e-08,9.04074e-06,2.6974078e-06,6.7417946e-13,3.6553286e-12
1392,542,1064,12,1.4789257e-29,3.199189e-11,0.0,3.2636652e-28,5.234242e-11,1.1254574e-10,2.4727808e-20,2.4309177e-20,0.00013075609,6.9898657e-16,3.9475673e-24,4.4467637e-14,0.99942034,1.1645673e-11,9.363393e-17,0.00044878904,3.035006e-09
1393,1064,1065,8,2.6842539e-17,2.1711254e-15,0.0,1.5402285e-22,1.8992654e-09,2.684909e-10,3.7419325e-09,5.051177e-15,1.0,3.7998525e-20,7.501377e-16,1.5342755e-08,4.2933272e-07,1.6462314e-09,5.9439117e-08,6.3952514e-09,2.478176e-10
1394,1065,1066,8,4.4290457e-11,7.048243e-14,0.0,1.5057217e-13,7.12316e-09,1.3814573e-08,1.5983904e-09,2.383101e-11,1.0,3.169243e-21,3.5326445e-15,9.574995e-08,2.5502498e-08,5.786031e-09,4.774612e-07,7.82482e-07,5.8044593e-12
1395,1066,1067,8,3.032886e-18,6.4987093e-10,0.0,1.1751482e-11,2.726311e-06,8.216804e-09,1.4008901e-09,8.061646e-12,0.9996872,1.5257522e-18,1.561907e-15,1.9676166e-07,1.0928535e-05,3.905812e-06,2.3784561e-07,0.00029638258,5.1217877e-14
1396,1067,1068,15,2.5909169e-21,4.2377678e-11,0.0,3.7658935e-22,1.9609028e-07,1.3835833e-07,2.241643e-15,2.717232e-17,3.0317017e-06,2.4799699e-20,1.0022626e-19,2.191859e-11,0.0022850062,0.00025259244,3.3442845e-07,0.9974589,2.1970955e-07
1397,1068,415,12,2.7976066e-27,4.9082487e-12,0.0,2.2685905e-26,2.1266665e-13,1.0898858e-11,5.300101e-20,7.782011e-23,3.7916906e-10,4.0253378e-22,1.5289873e-24,1.987933e-08,1.0,2.8698544e-13,6.8756337e-12,4.305328e-09,1.8322354e-09
1398,404,271,1,7.8218936e-15,0.95681643,0.0,1.6931622e-19,6.12738e-07,2.387146e-07,5.3640474e-06,4.1478824e-11,5.638947e-09,7.8364425e-14,2.1020976e-14,1.0124245e-08,7.415522e-13,0.014349427,0.028828947,6.7489896e-16,5.094709e-11
1399,100,1069,7,2.1286098e-25,1.0196903e-11,0.0,3.3136597e-19,8.399685e-05,1.3745099e-13,9.135719e-09,0.99991226,4.3988046e-11,1.3945647e-19,3.560254e-24,2.9597102e-06,2.866111e-14,5.372109e-16,5.90472e-17,1.3729651e-19,6.806453e-12
1400,1069,1070,7,3.9858005e-26,3.3561004e-10,0.0,9.009711e-23,4.0231737e-07,4.3104236e-16,1.0946559e-05,0.9999886,3.3289316e-16,5.1544005e-22,1.9269873e-27,4.5890486e-10,2.4258923e-16,1.0639121e-11,3.414675e-12,2.6050604e-20,4.7691706e-14
1401,1070,271,7,3.3728497e-25,3.0060759e-15,0.0,2.6177637e-26,1.8828238e-11,5.871819e-15,4.6027895e-12,1.0,2.4454519e-15,9.590745e-24,3.5363892e-32,6.3792574e-12,3.280334e-17,1.347469e-10,3.6152428e-17,1.8376777e-20,3.2759434e-18
1402,271,1071,7,3.788658e-23,5.2348182e-12,0.0,2.3457107e-23,1.7140492e-11,4.6050325e-14,2.2034952e-11,1.0,2.2941566e-13,3.3030647e-23,3.0992028e-31,8.640339e-13,1.6443856e-17,1.4236126e-10,5.373459e-17,6.639987e-19,1.6151906e-17
1403,1071,1072,7,2.6919967e-24,1.1406379e-08,0.0,1.5089643e-21,1.7146853e-09,1.4090513e-11,1.07638325e-11,1.0,1.5469034e-10,7.6532534e-20,1.3218754e-25,6.5819674e-09,1.4342403e-12,2.6837939e-09,1.4877375e-12,7.177523e-16,2.370591e-09
1404,1072,468,7,8.931709e-26,7.3757817e-10,0.0,2.3554498e-22,2.773437e-09,5.8261523e-13,1.6201995e-12,1.0,8.250607e-15,1.859048e-21,1.5077216e-28,7.887014e-12,3.1398304e-15,6.846324e-11,9.469187e-15,1.5037856e-15,4.803957e-13
1405,502,1073,7,7.328008e-21,6.8423006e-12,0.0,1.5515458e-21,0.00012627183,7.570892e-08,1.0572578e-09,0.98273665,2.0738979e-10,4.015977e-17,1.12892425e-23,0.01584899,1.5214228e-10,0.0012891276,1.5663255e-11,2.2354783e-14,2.9516127e-15
1406,1073,1074,13,2.4452366e-23,5.5985605e-11,0.0,2.8848257e-28,1.08309095e-07,3.9855333e-08,4.28748e-09,9.2153014e-11,1.8377502e-10,2.2111342e-17,7.407504e-25,3.373662e-09,6.5138616e-14,1.0,6.5050623e-09,2.569784e-13,7.2210505e-24
1407,1074,404,13,3.1257788e-21,4.7163948e-07,0.0,1.2602491e-27,2.666934e-09,1.2201414e-08,3.3685105e-06,1.9493863e-08,6.1275145e-09,9.717518e-21,3.2013453e-21,3.9534895e-09,2.7116265e-12,0.9979459,0.0020503458,1.2630855e-17,8.4863154e-14
1408,404,1075,7,9.559436e-18,1.4562467e-07,0.0,2.633371e-24,2.0097785e-08,1.2824355e-06,8.610742e-09,0.91745204,2.5349266e-07,2.545111e-21,4.453971e-25,1.322755e-07,8.864179e-15,0.08254596,5.0471066e-10,2.4503742e-14,2.0577288e-16
1409,1075,1076,7,3.3255895e-26,6.205727e-10,0.0,1.4590151e-23,5.5927234e-07,9.1836877e-10,3.3832508e-09,0.99942034,6.280866e-10,6.3573066e-24,3.077961e-23,0.00057685253,3.4346515e-11,2.1070032e-06,1.0582286e-12,1.3734092e-13,7.8245975e-18
1410,1076,1077,4,4.6363972e-26,1.4938498e-06,0.0,1.8593787e-24,0.9143111,3.2882905e-09,2.6326332e-05,0.00033424914,2.083462e-09,3.7865206e-15,1.1170209e-21,0.08428071,7.238733e-08,0.0009384767,5.1808133e-08,0.00010862124,2.3769756e-16
1411,1077,1078,4,1.5464535e-27,6.771873e-06,0.0,3.565881e-24,0.9902857,1.6825672e-08,1.2707875e-05,9.833904e-06,2.7349005e-09,7.519503e-11,2.3558374e-21,0.0072136116,5.570191e-09,0.0020605074,3.9148023e-08,0.0004100058,4.4032888e-18
1412,1078,1079,4,1.0987461e-30,2.9489927e-06,0.0,5.0339134e-26,0.9031835,6.06285e-10,3.1906744e-08,8.824677e-06,1.4325343e-12,4.590552e-11,1.0878156e-22,0.09680466,7.20143e-11,1.2957272e-06,3.4744108e-10,1.3164369e-08,1.764223e-16
1413,1079,1080,4,3.7481233e-29,5.350312e-07,0.0,3.6870666e-25,0.6690009,6.0614194e-09,1.2881167e-08,0.0012987824,2.4035689e-12,3.8129835e-10,1.8024071e-22,0.32969582,2.0961922e-10,2.9522341e-06,2.0575311e-10,3.1296624e-10,8.543014e-17
1414,1080,307,7,4.3827567e-27,1.4767899e-13,0.0,1.6244227e-24,2.924438e-05,2.0395233e-13,1.1746788e-09,0.99983215,1.2059002e-13,2.1703001e-20,6.359583e-25,0.0001371829,9.726746e-15,3.366843e-12,3.1542348e-16,2.5057033e-19,1.9840565e-13
1415,485,1081,6,2.7684297e-22,6.431838e-13,0.0,9.4860855e-27,1.5927142e-06,2.9177907e-09,1.0,1.237994e-17,1.4887382e-10,7.7126684e-18,1.5324907e-24,1.9826307e-09,4.8283003e-13,1.9646677e-08,6.4336886e-10,1.1893518e-15,6.351574e-20
1416,1081,1082,13,8.1336835e-19,0.00030065514,0.0,1.4701033e-25,3.3655036e-07,3.5639636e-09,1.1019785e-07,1.8175856e-12,2.2426173e-08,1.2189814e-18,6.7330356e-19,9.511704e-12,7.2405957e-12,0.999691,9.166557e-06,3.880985e-18,7.230289e-15
1417,1082,519,12,9.151996e-19,4.0138186e-09,0.0,2.5196457e-22,0.00012486595,3.8666244e-09,5.4768714e-09,3.8645226e-13,5.020894e-10,1.08740344e-17,4.4560213e-20,5.067559e-09,0.999611,0.00011537424,0.00014708091,1.430044e-13,2.68969e-07
1418,468,502,7,1.3447905e-22,9.222523e-16,0.0,5.1225013e-25,1.0583402e-07,4.7414035e-12,3.701663e-12,1.0,1.0959802e-13,5.613807e-19,1.54851115e-30,7.9245645e-11,1.9835071e-10,2.4948835e-07,5.581921e-13,8.378005e-16,2.035736e-15
1419,502,1083,7,2.3070468e-22,6.4236984e-13,0.0,1.4184765e-21,4.844017e-06,2.1821338e-09,4.2268075e-10,0.9812158,2.0922299e-10,6.288924e-17,8.684328e-26,6.4377527e-06,1.2697817e-09,0.018773314,1.6657358e-12,1.0320908e-13,1.4451515e-14
1420,1083,519,4,1.6075076e-24,0.0001439371,0.0,1.4792662e-19,0.97741276,9.764207e-10,3.47516e-06,0.0024302527,8.428189e-12,4.485867e-13,1.1608921e-23,9.864831e-05,1.3190565e-07,0.0006995136,1.5107252e-08,1.1110096e-10,0.01921074
1421,468,485,7,1.4702884e-25,4.0195386e-14,0.0,1.3525487e-22,2.7048639e-09,5.9561636e-17,9.175064e-12,1.0,2.0392227e-18,8.911006e-21,1.7240526e-30,7.620009e-14,5.395074e-14,9.972853e-13,1.9825877e-14,1.6409561e-19,2.0526888e-15
1422,404,1090,1,5.3735716e-13,0.9994051,0.0,2.207321e-28,0.0004914583,9.935357e-09,1.0162498e-11,7.8876335e-15,1.6594564e-05,1.972217e-13,4.0616228e-19,8.54362e-05,3.035281e-11,4.5114974e-09,3.1836176e-11,1.8791953e-16,1.633485e-06
1423,502,445,13,6.522119e-13,6.241941e-15,0.0,3.348917e-23,4.1410025e-05,1.4536429e-08,1.2596402e-10,7.574058e-11,3.2484757e-05,8.504317e-18,2.3452968e-25,1.41820245e-11,0.0017173351,0.9982087,2.0479407e-08,1.2959845e-13,9.666928e-16
1424,519,1084,7,3.820121e-23,2.3982264e-07,0.0,1.4864909e-25,0.009043099,2.7979652e-15,2.1794978e-08,0.9909545,9.9115215e-14,4.375405e-20,5.085531e-31,1.3669634e-07,3.471812e-11,3.1905216e-12,1.3534678e-14,3.1168583e-15,5.109684e-08
1425,1084,1085,13,2.1679498e-13,1.2221963e-07,0.0,8.392525e-24,1.577114e-08,1.954869e-06,1.1296242e-12,2.4997325e-07,7.1002196e-06,2.5067517e-14,9.257588e-25,4.8556253e-10,8.364514e-12,0.99997336,1.6271733e-05,5.944733e-14,4.2998307e-16
1426,1085,1086,13,1.1442515e-22,6.8565204e-10,0.0,9.217126e-27,9.715238e-10,3.71638e-11,1.9050421e-16,3.9321758e-17,2.424044e-07,6.3992975e-18,3.6730583e-24,2.2817642e-12,2.198019e-06,0.9999962,1.5366411e-09,4.968819e-18,7.688654e-14
1427,1086,439,12,6.0588653e-20,5.527781e-13,0.0,4.5842265e-22,1.7174497e-07,2.1434311e-10,2.4921935e-13,8.88838e-17,6.404581e-08,5.7968568e-24,4.971636e-21,1.9805131e-10,0.6519796,0.3480157,3.5403505e-06,8.1137866e-12,3.423005e-14
1428,439,1087,12,2.38958e-28,3.577188e-17,0.0,2.4381339e-27,6.598112e-15,4.948927e-15,8.995258e-22,3.833854e-18,1.3635774e-08,5.95322e-29,1.2867949e-24,1.9807368e-13,1.0,2.236769e-12,1.1113628e-15,1.04734865e-13,2.0882545e-14
1429,1087,445,12,7.137293e-27,5.3357804e-14,0.0,1.0693703e-30,5.75195e-14,2.526399e-17,1.0836541e-20,3.614355e-20,4.91401e-08,2.6968443e-27,5.4744094e-23,2.6828967e-14,1.0,1.9064427e-11,2.1059902e-14,2.994887e-19,4.344107e-12
1430,445,1088,12,9.272891e-25,7.358952e-09,0.0,1.1085301e-30,2.0344737e-12,5.862271e-12,2.0703726e-25,5.7663724e-18,0.0001566146,4.485363e-24,6.365889e-19,3.810699e-11,0.9998436,1.5019035e-10,1.7352248e-13,5.8713425e-17,1.0979234e-10
1431,1088,1089,4,6.3983175e-19,0.10076081,0.0,4.1172156e-21,0.89201427,2.3569069e-06,2.3568248e-07,0.0005275213,0.0006527252,3.6590735e-09,4.5000127e-18,3.79818e-08,0.000104827275,0.0046423804,7.696799e-10,0.0012964511,5.3502887e-08
1432,1089,427,4,2.4595314e-23,2.4765166e-07,0.0,1.393052e-23,0.79018444,1.2223465e-13,3.919254e-09,8.121435e-12,1.0196841e-08,4.378299e-18,9.199683e-16,5.1353272e-06,7.03639e-08,8.826293e-06,1.3337341e-08,2.355264e-12,0.20980258
1433,427,1090,4,4.2261935e-18,1.6223637e-05,0.0,1.4406576e-25,0.9842824,9.952863e-13,1.2272572e-05,0.005251403,9.25145e-09,4.2093593e-20,4.472594e-19,0.0104350615,6.9066375e-09,1.0903872e-07,5.998439e-09,1.139538e-15,1.205555e-06
1434,1090,1091,5,4.8990803e-13,0.00063196034,0.0,2.8307698e-18,0.013887371,0.5810807,8.6324e-05,0.026207434,0.00044384823,5.1312927e-06,1.9182548e-17,2.873533e-07,3.4539246e-12,0.08938396,3.4832296e-06,0.28826874,1.6381006e-16
1435,1091,1092,1,6.960152e-14,0.9962458,0.0,9.3951725e-23,0.0036708843,2.1660682e-10,1.4602304e-06,3.0702268e-12,2.0687156e-09,1.36441415e-17,3.35143e-18,1.2738474e-09,5.905233e-11,8.179667e-05,6.322773e-08,9.951792e-07,3.534974e-09
1436,1092,451,4,1.968294e-20,3.208034e-05,0.0,1.8724903e-31,0.9996529,1.7439213e-09,1.6809214e-12,6.3163206e-13,1.7173617e-10,1.5362133e-09,2.1190258e-17,0.00027109138,2.952621e-11,1.2768171e-06,1.9009482e-08,1.0964366e-12,4.3147247e-05
1437,381,1093,8,2.1929743e-16,1.1980544e-14,0.0,1.0232584e-21,1.1296708e-13,1.3220899e-06,1.5776115e-18,2.191863e-15,1.0,3.3230614e-21,1.1823108e-19,4.344834e-13,2.3628095e-16,3.6901057e-10,5.6400766e-13,1.7925491e-12,1.1802454e-14
1438,1093,265,8,3.9944727e-13,1.557229e-10,0.0,9.690773e-25,8.395202e-12,2.8496952e-05,3.7346092e-13,1.664282e-11,0.9999695,3.97073e-19,1.8310992e-21,3.8551493e-10,3.824057e-16,1.1137191e-06,3.2057015e-10,1.1143518e-07,1.389307e-13
1439,393,1094,8,2.4404982e-19,8.27389e-17,0.0,1.4943791e-22,7.3700976e-11,5.937699e-09,1.972859e-18,8.1250094e-17,1.0,1.3138565e-18,2.599296e-18,5.286911e-14,5.2420256e-07,1.11406466e-11,4.9373727e-13,7.2220826e-13,4.2357852e-16
1440,1094,331,8,1.1999409e-18,2.0421356e-09,0.0,1.5819691e-25,2.9818497e-09,1.2135008e-05,2.4683036e-13,1.8977664e-09,0.97407025,7.65382e-17,8.347654e-19,9.925167e-09,1.0436501e-08,0.025917033,1.9161153e-06,5.1844684e-09,6.348621e-12
1441,485,1095,7,1.5598184e-21,1.496693e-10,0.0,7.728608e-24,0.00012781048,6.537121e-11,8.571233e-06,0.9998627,1.09170424e-11,1.2878166e-16,6.7209254e-26,4.5688366e-11,1.7550012e-15,6.217859e-10,8.77892e-12,5.6543684e-17,4.3414826e-15
1442,1095,319,7,2.969557e-16,1.4598438e-09,0.0,6.8164376e-25,1.3249027e-05,9.3764254e-05,7.838712e-07,0.9993631,0.00048195993,1.2835245e-17,7.3780903e-25,1.1244683e-06,6.8493056e-10,4.520948e-05,1.4171363e-12,8.804195e-07,3.4938293e-17
1443,519,1096,4,2.6169345e-19,5.7329228e-11,0.0,1.7091844e-19,0.9999084,6.362608e-05,1.0711308e-06,5.1814325e-13,8.253402e-09,8.7179984e-08,6.9429204e-20,9.009101e-06,1.3893705e-13,1.6946216e-05,1.4503584e-08,5.9389876e-10,3.285396e-08
1444,1096,325,8,5.0094564e-09,6.394035e-08,0.0,9.246066e-21,3.1774264e-06,8.0789675e-07,1.130831e-05,6.2365384e-15,0.98912287,7.386952e-20,1.1789543e-21,1.9095658e-10,3.8984913e-12,0.01086023,3.6330678e-07,6.0616088e-15,7.867654e-14
1445,157,1097,4,2.8254303e-25,1.1324767e-11,0.0,1.4936465e-26,0.9987229,3.4163716e-10,4.942359e-16,5.242556e-18,4.8022855e-07,2.9262426e-07,1.7242484e-17,1.0217979e-09,2.1082694e-10,7.905253e-08,7.977066e-11,9.639541e-14,0.0012749889
1446,1097,1098,0,0.95776594,1.2838033e-10,0.0,8.023513e-19,1.9343295e-05,2.5552588e-05,2.84746e-10,2.481267e-12,0.0015103659,6.3896394e-10,2.6296045e-18,2.2981423e-05,1.805991e-09,0.040657196,2.0779149e-08,1.6169703e-12,1.153172e-09
1447,1098,1099,0,0.99997336,6.7037305e-15,0.0,3.97806e-23,4.0989506e-10,2.8990199e-08,1.6741231e-07,1.1181199e-15,1.713878e-05,2.720796e-20,2.3244773e-21,2.9085894e-09,1.301552e-15,8.153402e-06,1.131209e-08,3.029638e-17,5.794316e-16
1448,1099,265,13,1.725205e-14,1.7328745e-08,0.0,2.0920132e-26,8.729343e-09,1.293228e-07,1.716719e-11,2.99231e-09,0.06305546,5.942537e-20,4.2079747e-22,4.217003e-08,3.9904254e-11,0.93694365,9.027118e-08,1.862914e-09,9.399895e-10
1449,265,1100,13,1.0242346e-21,3.518212e-09,0.0,3.5770042e-28,2.3036523e-07,1.5396556e-11,4.625941e-10,2.2133804e-08,4.096159e-07,7.659208e-21,6.461063e-25,3.8623366e-08,5.2066407e-11,1.0,6.109472e-09,3.1271275e-13,3.1456e-13
1450,1100,1101,8,1.3040124e-22,6.6580554e-09,0.0,8.44067e-20,2.8470313e-06,2.2715403e-06,1.0204607e-11,2.5358742e-07,0.8207001,7.289854e-17,7.372788e-21,2.2524844e-09,0.0001148609,0.1791684,2.995544e-08,9.483799e-06,1.6765027e-12
1451,1101,331,13,3.5401596e-22,2.3671098e-11,0.0,2.5404837e-29,5.939101e-10,1.2024248e-10,5.313605e-12,1.639445e-08,1.9641068e-07,7.9911e-20,4.09693e-27,2.9442077e-11,4.9716994e-11,1.0,1.15952e-08,1.1073738e-12,8.0075943e-16
1452,331,1102,13,2.5730768e-23,6.099127e-11,0.0,4.7913267e-29,1.0674625e-08,5.317704e-11,3.4808146e-12,1.7923528e-10,4.59685e-08,2.051254e-17,1.2936059e-25,9.592378e-12,4.2620206e-11,1.0,2.8572356e-07,1.142403e-13,3.961677e-14
1453,1102,1103,12,5.5788557e-28,1.8880668e-11,0.0,1.3350794e-21,2.996184e-08,2.680714e-09,3.54052e-17,8.832349e-15,0.004851384,2.1641135e-15,6.1915716e-22,1.9935488e-12,0.99512905,1.7557133e-05,1.251712e-11,3.3788286e-08,4.18511e-09
1454,1103,319,12,3.5866855e-24,1.0332569e-13,0.0,2.3799634e-29,4.9938417e-12,8.538508e-12,1.4637875e-15,9.77292e-19,1.4892103e-09,1.19974284e-20,7.945189e-23,2.6346256e-10,0.9999923,5.4519487e-06,1.23692e-06,5.9216074e-12,5.7522266e-17
1455,319,1104,12,1.4381514e-28,1.6647002e-12,0.0,2.4635693e-30,1.2044008e-14,9.353188e-16,1.2969196e-20,1.0162e-17,1.3583072e-09,1.3282514e-22,4.5079217e-23,2.5068377e-14,1.0,6.613555e-09,5.9381916e-11,5.1408727e-14,2.782697e-18
1456,1104,1105,12,1.4530943e-30,2.4274327e-13,0.0,1.0604407e-24,1.3176796e-13,1.5659776e-13,1.0612881e-21,1.4611144e-16,6.3026687e-07,2.0735752e-16,3.9152378e-22,2.2300029e-13,1.0,2.4649952e-10,4.3880936e-12,1.1580192e-12,8.607182e-12
1457,1105,325,12,4.985086e-27,9.543496e-14,0.0,2.5626786e-27,3.774781e-15,3.6603867e-16,3.8856939e-19,1.5708009e-19,6.154524e-09,7.458639e-22,1.2163586e-23,9.59847e-16,1.0,3.114036e-11,1.5853945e-10,7.523045e-15,1.9666834e-17
1458,325,1106,12,3.6828492e-25,1.5268058e-11,0.0,6.5163565e-26,6.918275e-14,1.482154e-17,1.4942168e-18,5.2241874e-19,3.1045165e-08,4.1271495e-23,2.9743306e-23,9.442124e-17,1.0,2.4245214e-10,4.4648243e-10,5.163688e-15,6.976892e-16
1459,1106,1107,8,1.7873994e-21,1.6709452e-08,0.0,1.7190786e-18,2.6491871e-11,8.069992e-10,4.643098e-14,1.7860997e-11,0.81769073,4.8090357e-13,4.194069e-20,1.7391961e-11,0.18231092,6.5152726e-08,1.8795685e-08,8.903609e-11,5.826322e-16
1460,1107,1108,8,4.3055746e-09,9.35936e-09,0.0,2.8896316e-18,5.7108335e-11,7.1346085e-09,4.067671e-11,6.354475e-15,1.0,1.3425313e-20,2.1631e-21,7.732942e-09,1.0292655e-10,6.9144336e-11,4.5693853e-15,2.3730189e-14,1.0558777e-12
1461,1108,235,15,9.870157e-24,8.5862236e-13,0.0,2.8337803e-28,1.3141577e-10,1.0933861e-07,7.951048e-14,3.2406752e-14,7.1260957e-09,4.6513767e-14,6.1639225e-24,2.3509524e-07,1.8516348e-09,2.0471809e-10,5.4826256e-07,1.0,4.2061388e-10
1462,109,1079,7,4.331894e-27,5.901723e-10,0.0,7.0345477e-28,5.0684004e-05,5.8390155e-12,1.0361019e-07,0.99993134,1.5546684e-13,2.7472175e-17,4.0774603e-25,1.3918907e-05,4.973203e-09,4.0440405e-06,1.2919427e-12,2.0884219e-14,5.5675015e-21
1463,451,145,16,2.6352977e-26,2.5623115e-16,0.0,4.5596086e-26,1.8642879e-07,9.974437e-16,5.45801e-19,9.3309414e-18,2.194368e-12,5.81812e-18,3.086682e-25,2.870201e-08,1.0012583e-10,2.3671487e-16,2.1564628e-18,6.741022e-21,1.0
1464,109,145,16,5.9048624e-22,2.2599281e-10,0.0,2.8910354e-23,1.527836e-05,3.549334e-11,5.811699e-14,0.000277097,7.988768e-09,3.883644e-14,4.904644e-24,9.640421e-07,0.06313754,3.6150174e-12,2.5427648e-12,5.4762965e-13,0.93656844
1465,133,145,16,6.799575e-27,1.604354e-15,0.0,2.2042172e-27,8.7717444e-07,3.5406837e-16,1.185713e-17,2.3609065e-10,8.522493e-13,2.436473e-17,2.2686066e-27,1.5917832e-08,4.6560707e-11,5.0000428e-17,1.829504e-17,4.6151855e-19,1.0
1466,211,1109,7,6.5061746e-33,4.1365413e-09,0.0,1.7892445e-25,0.008428452,1.1398032e-15,1.6185085e-10,0.991121,1.9485624e-14,3.5914747e-18,1.2146642e-26,0.00045186913,8.198194e-12,2.6519561e-12,1.5333332e-16,5.6647474e-19,2.5265827e-09
1467,1109,109,7,3.2430556e-33,7.2560284e-11,0.0,5.0020014e-27,1.1773678e-06,1.47358e-16,9.747186e-13,1.0,1.2500102e-16,2.1182154e-19,2.0362272e-28,2.0913701e-08,1.2701038e-13,2.3241497e-13,1.079064e-18,2.3488147e-18,3.5130763e-16
1468,439,433,12,6.042863e-22,2.931963e-15,0.0,3.9976075e-23,5.040576e-13,9.963694e-12,2.9078531e-19,3.579657e-18,2.5421723e-05,1.0348549e-27,1.906001e-24,7.0214945e-12,0.99997336,1.8611038e-08,2.5628057e-12,4.9410514e-11,6.105552e-11
1469,1084,376,1,5.5106398e-14,0.9864588,0.0,1.6621828e-25,0.00049791194,1.7480794e-07,0.0010816026,1.36834535e-08,4.1327174e-05,1.262617e-19,6.196957e-23,1.7723072e-05,1.2463668e-10,0.011899088,1.5387552e-06,7.6222184e-14,2.7336114e-06
1470,376,1106,6,2.1140908e-11,4.7809902e-15,0.0,2.798596e-22,1.3125087e-11,5.9973178e-09,1.0,5.330106e-21,5.4440903e-07,2.5935837e-16,1.2424842e-24,2.2751384e-07,4.4776438e-13,1.8420457e-10,2.7138896e-07,1.425445e-16,1.6768903e-15
1471,376,1110,8,8.0644186e-11,2.2074255e-10,0.0,1.1969199e-24,2.7549515e-10,0.0013978303,3.676483e-14,1.314966e-16,0.99860096,9.191086e-17,1.2398908e-22,2.357444e-08,2.4930099e-14,8.3341516e-14,5.1064844e-17,3.938255e-10,1.0094244e-15
1472,1110,1111,5,1.9545641e-20,5.6677374e-09,0.0,2.5783264e-21,7.1174022e-09,0.97839385,3.0333813e-12,2.5969905e-15,0.02160317,8.348146e-08,3.494656e-17,9.224034e-09,1.1487983e-10,2.0930712e-07,8.753819e-09,2.1506348e-06,1.0159462e-06
1473,1111,433,15,3.6651383e-23,2.4739678e-14,0.0,3.0026095e-26,1.767884e-13,3.0660707e-05,1.9341112e-17,1.7714137e-14,2.6472644e-06,4.5474727e-16,3.0847784e-23,2.0350598e-08,8.682003e-05,3.4223202e-10,5.832708e-07,0.9998779,1.9050157e-13
1474,64,157,4,2.2290381e-24,4.7621785e-11,0.0,5.465876e-30,1.0,2.9302673e-20,6.037331e-08,1.2917567e-10,7.878991e-18,4.9657735e-16,9.501849e-25,1.2684408e-09,5.770017e-13,9.652518e-09,1.2966054e-09,5.911269e-20,1.46179495e-08
1475,433,235,16,4.9024115e-19,3.3050004e-11,0.0,1.6706633e-17,1.4457096e-05,1.1168966e-07,4.225382e-13,3.2909317e-13,0.22292088,1.2280115e-12,1.6433592e-22,4.4002763e-06,0.00032064327,9.0369775e-07,3.868155e-11,0.0011830243,0.7755545
1476,133,211,16,8.522395e-28,2.47295e-13,0.0,3.249096e-27,0.000121122146,2.3904974e-16,4.2950627e-15,5.484341e-07,1.2347757e-12,2.4211312e-16,1.0096576e-26,3.5605834e-07,5.3346316e-10,2.520568e-15,1.2755934e-16,1.6214118e-19,0.9998779
1477,40,241,12,9.15806e-29,9.039505e-12,0.0,7.804921e-26,8.408664e-12,3.906213e-14,4.7053277e-21,1.7542363e-17,2.3043079e-10,9.5570146e-21,2.795927e-23,8.5385295e-07,0.99772906,5.2338004e-12,1.7722177e-14,1.4513677e-20,0.0022687814
1478,253,241,12,7.431287e-30,3.301573e-11,0.0,1.7978077e-28,5.813919e-13,3.4781415e-15,5.0891305e-20,6.23201e-18,7.2581567e-12,2.3407586e-23,1.1432294e-24,8.441269e-08,1.0,1.5132838e-11,9.84535e-14,9.213537e-20,1.3612868e-06
1479,253,52,12,1.7987943e-29,3.5325154e-12,0.0,3.324061e-30,4.3581634e-13,4.4158077e-16,2.6808498e-22,5.1169363e-17,1.9497318e-12,2.868381e-25,1.5211856e-24,1.4680642e-09,1.0,2.0265653e-12,1.0332495e-12,7.5586425e-19,1.0898673e-07
1480,33,1112,9,6.678558e-24,1.1680664e-15,0.0,1.5364035e-28,1.2508261e-08,3.865878e-06,1.1870521e-18,9.386231e-20,1.9987123e-11,0.9999809,1.1136918e-24,5.9659437e-09,2.3877402e-20,6.4719597e-12,1.9168093e-14,1.21011335e-11,1.7026954e-05
1481,1112,201,9,5.393477e-26,2.5783723e-16,0.0,1.5205841e-29,1.2793162e-09,3.307501e-09,3.697065e-18,4.1052697e-19,7.50837e-14,1.0,8.31108e-27,9.2810266e-11,1.3524263e-20,1.2423178e-10,2.9441602e-13,7.452153e-15,1.0595031e-08
1482,201,81,16,2.6225548e-16,1.3074274e-10,0.0,7.222727e-25,0.0014997043,1.5932161e-09,2.7009532e-11,8.436218e-15,9.807061e-10,0.00032364545,3.295385e-17,2.0159211e-08,1.1555738e-13,1.2702682e-06,0.0004279631,8.96381e-15,0.9977481
1483,530,225,9,1.5742546e-21,1.2029996e-08,0.0,6.566308e-35,0.00846002,2.1391868e-07,0.0016868516,1.301062e-13,2.5464089e-09,0.9895342,9.503773e-17,1.1427807e-08,4.8113293e-13,2.1257994e-05,0.00029735084,9.522995e-12,3.479235e-12
1484,225,126,9,3.039959e-28,1.4863639e-13,0.0,6.549097e-35,0.00044112216,1.2714277e-12,3.8800217e-11,5.1575998e-17,6.680761e-13,0.9995576,1.15771415e-20,2.6897769e-11,7.3086804e-16,6.335394e-10,2.0815702e-10,4.9613074e-15,9.559329e-10
1485,126,1113,9,1.0208764e-28,6.806075e-16,0.0,3.591144e-34,2.86374e-10,2.1991435e-09,1.7638772e-19,2.0999864e-17,6.769614e-13,1.0,1.3848862e-24,3.2141043e-12,7.103156e-18,1.6197638e-12,8.599654e-15,1.0245186e-16,6.60094e-20
1486,1113,1114,9,5.651183e-30,4.5390696e-15,0.0,8.185611e-32,2.9948804e-12,3.601066e-13,6.490603e-19,4.1128968e-22,3.5476869e-16,1.0,1.2025819e-23,1.719671e-12,2.2237187e-19,8.849516e-15,2.7536823e-12,4.0747964e-20,1.620183e-17
1487,1114,138,11,1.5901838e-27,3.806398e-11,0.0,2.5495794e-30,0.0042518885,3.4558656e-10,7.511371e-16,9.6785195e-15,1.4653653e-12,5.2711644e-06,2.1377838e-22,0.9957405,2.4485641e-12,8.956406e-12,1.673536e-14,1.8559524e-20,4.8594126e-07
1488,213,1115,11,1.814011e-20,3.1991794e-09,0.0,8.634998e-21,2.1994548e-12,5.9533967e-08,4.433719e-15,4.0931837e-18,4.0397166e-09,2.5782766e-14,3.952163e-24,1.0,3.8816268e-08,7.9647084e-14,1.0074319e-15,8.683781e-15,5.3760963e-12
1489,1115,1116,9,4.2543919e-16,1.6015337e-09,0.0,5.4004993e-18,5.588906e-07,0.19232528,1.09951194e-10,1.9267177e-17,3.2947355e-07,0.80712914,8.61582e-20,1.014239e-05,3.049005e-14,0.00051424484,1.3320245e-10,1.9857154e-05,1.2987001e-15
1490,1116,225,9,1.6992487e-29,1.9424599e-16,0.0,1.6975364e-31,5.533594e-13,2.0576674e-11,6.465222e-20,4.3124728e-19,1.3570331e-13,1.0,9.216216e-26,1.2577505e-14,9.309498e-19,3.976341e-14,1.6584417e-15,6.251967e-17,7.2836445e-20
1491,530,1117,9,1.3683324e-19,2.9819701e-12,0.0,1.4935007e-23,1.1101433e-06,0.14755489,2.0515168e-13,2.8347118e-12,1.538109e-07,0.852443,4.0776573e-20,3.1650006e-07,1.1436533e-15,1.3346205e-07,6.1544207e-12,5.7772037e-11,5.7738313e-19
1492,1117,1118,9,8.529487e-20,9.933167e-15,0.0,5.416823e-24,2.4263683e-13,0.0001801626,1.5626111e-14,1.5959879e-19,1.7187691e-12,0.99982077,1.2226013e-23,2.6970435e-09,4.7118367e-18,1.9486185e-10,2.5076488e-08,2.175473e-12,1.416838e-21
1493,1118,1119,5,7.4521773e-16,5.675499e-11,0.0,1.3968374e-20,1.3078007e-11,0.982478,2.2938397e-07,5.0151666e-19,2.1008054e-08,5.5951616e-05,1.7428786e-15,0.0002779492,5.7426e-10,6.0297384e-07,0.017188698,2.0287516e-07,2.7945655e-13
1494,1119,309,11,1.5012555e-26,1.169887e-13,0.0,2.52654e-27,8.269649e-05,3.8387703e-11,9.3200384e-14,2.4016822e-11,3.141898e-11,8.7897594e-16,5.1273012e-21,0.9998931,3.4020239e-12,5.5462966e-16,3.7989327e-16,1.9271156e-16,2.2868526e-05
1495,213,1119,11,3.2842634e-26,3.8900493e-14,0.0,9.295903e-27,0.00015233264,4.6945786e-10,8.5020673e-13,7.937154e-10,1.5599207e-12,7.989679e-17,3.091682e-23,0.9998474,2.0384488e-14,1.7534913e-12,1.723118e-16,5.2284883e-21,1.4014293e-10
1496,93,1120,11,1.0717166e-26,3.0145437e-12,0.0,3.5649517e-19,2.9141283e-11,3.0264754e-08,4.6570384e-15,3.7252043e-13,1.8450185e-12,4.9644855e-16,2.3163978e-19,1.0,3.356446e-10,2.2729592e-16,2.7257568e-16,6.47395e-15,3.1796037e-09
1497,1120,1121,11,5.4012032e-24,1.5040385e-07,0.0,2.3078085e-18,7.328868e-08,2.394798e-07,3.3840875e-10,6.0231145e-08,2.875897e-10,2.4051373e-12,1.8559292e-22,1.0,3.949902e-09,4.1173464e-11,5.1561482e-08,1.4298148e-13,4.0069363e-08
1498,1121,285,12,8.6256923e-26,3.9262017e-14,0.0,4.4759674e-29,2.4742334e-13,6.38349e-13,1.0291727e-15,8.2534815e-20,1.031954e-11,1.3179916e-20,2.2002124e-25,2.5755628e-07,1.0,5.7440564e-14,1.10916325e-10,8.298075e-16,7.0632494e-10
1499,461,1122,1,9.877873e-25,0.99570626,0.0,1.4454441e-21,2.8240417e-09,2.2098002e-11,2.6798908e-13,5.2458504e-13,2.7473517e-11,1.9567391e-16,2.1788788e-19,0.0042939256,2.1372148e-13,1.2589368e-13,1.8336639e-14,6.8889764e-18,3.552973e-14
1500,1122,1123,1,5.7405793e-27,1.0,0.0,1.8143565e-28,8.728997e-12,4.4043223e-14,8.81208e-17,4.009194e-18,1.583828e-11,1.7283614e-20,5.704571e-23,2.7383977e-09,3.634443e-13,2.6225203e-12,8.1367684e-16,2.5578765e-17,5.1018357e-15
1501,1123,1124,1,6.410465e-25,1.0,0.0,1.9607556e-27,2.609322e-09,3.093516e-12,2.283649e-16,3.044665e-17,1.4812776e-10,1.3394148e-22,1.1036282e-21,2.4883462e-13,9.329581e-12,6.7419115e-09,3.2788645e-13,7.227615e-15,3.210912e-12
1502,1124,1125,1,5.0081924e-25,1.0,0.0,4.5170703e-27,3.8739474e-09,1.1519479e-12,4.283625e-15,5.1741732e-17,8.0766414e-11,2.1242476e-23,1.1814755e-21,1.5216229e-14,2.145155e-12,2.3814586e-09,1.6192718e-13,2.3365761e-14,3.1872963e-13
1503,1125,1126,1,1.5656394e-25,1.0,0.0,4.2633704e-26,7.3211204e-10,7.5808465e-12,3.4395157e-11,1.3816038e-17,2.375469e-10,3.349631e-24,7.27284e-21,3.5042158e-16,1.048137e-11,1.567685e-08,4.801706e-12,5.6370925e-11,9.388435e-16
1504,1126,417,12,6.32651e-24,4.712876e-12,0.0,8.2022215e-29,1.4811588e-10,6.811667e-14,5.162381e-18,2.3104083e-17,1.4345498e-08,2.9560204e-21,4.9161807e-25,1.3620972e-06,1.0,1.1509206e-11,6.5159515e-13,2.809673e-18,2.8014129e-09
1505,45,1127,11,7.7202724e-23,9.114902e-09,0.0,1.3696341e-32,6.91507e-10,1.6528643e-08,1.5638984e-15,2.6760776e-15,2.3402883e-13,1.9677842e-12,9.2736506e-29,1.0,1.6556052e-13,2.478188e-08,9.599135e-15,9.848668e-19,1.1723458e-10
1506,1127,1128,9,5.158203e-27,1.2558868e-12,0.0,3.2510431e-34,1.349098e-12,6.9336954e-09,1.104626e-14,6.59629e-18,1.2793581e-12,0.9999809,8.796103e-30,1.809139e-05,7.0787375e-16,1.0828876e-09,1.6921923e-13,2.5279195e-19,6.8625062e-12
1507,1128,33,9,1.3835229e-33,2.4064984e-17,0.0,4.5382415e-36,1.0775125e-12,4.992094e-10,2.5516648e-20,9.111517e-19,1.1721692e-14,1.0,1.6731961e-31,4.8890436e-10,1.0259696e-16,2.8415558e-11,3.5618342e-14,6.6654234e-17,5.5995986e-14
1508,246,1129,11,6.4612846e-25,1.474248e-10,0.0,2.7495022e-25,7.382031e-10,1.8022864e-11,5.8975673e-15,1.4232318e-11,4.448642e-16,2.6625277e-20,2.0472025e-27,1.0,4.6935997e-15,1.3277864e-13,1.7449452e-18,7.327795e-18,3.5952554e-12
1509,1129,1130,11,3.2191407e-20,1.7900675e-06,0.0,1.5266026e-25,3.3987362e-08,7.2072194e-06,0.010741117,3.1079228e-12,1.5449574e-10,0.3723849,2.3320065e-23,0.6168558,6.6840976e-14,7.721282e-06,2.603579e-06,4.855319e-14,7.887748e-09
1510,1130,1112,9,6.3782568e-28,7.5822186e-16,0.0,1.5345495e-32,2.036842e-12,3.2920182e-09,4.0502345e-12,9.163843e-18,1.142708e-13,1.0,2.887805e-31,4.78438e-09,2.2680708e-19,5.0431446e-09,4.5751503e-11,6.6109007e-18,5.846065e-10
1511,246,1131,11,1.5371095e-25,1.4965411e-07,0.0,3.6386122e-24,9.81331e-10,6.601701e-11,1.6709964e-15,4.4437647e-13,1.1834374e-14,1.7877772e-18,6.984156e-25,1.0,1.8198918e-09,3.1327598e-15,1.01576654e-16,2.0985917e-18,1.2487026e-11
1512,297,461,16,1.2828751e-22,1.002554e-10,0.0,1.1527404e-25,1.2574461e-10,3.6594325e-11,2.026825e-15,5.2170228e-17,1.4063194e-09,1.4306155e-15,1.986887e-23,0.00016233303,5.7160016e-10,4.190981e-13,3.1766892e-12,2.7113122e-15,0.999836
1513,461,1131,1,3.9633158e-26,0.9985477,0.0,1.3273433e-24,2.4620739e-09,2.2979765e-12,1.4517551e-13,9.1776454e-14,9.5348723e-14,6.6217537e-18,2.5639365e-22,0.0014521446,2.819999e-13,4.2456574e-14,8.634333e-15,2.7954114e-18,4.5230462e-15
1514,1131,1132,1,1.1565571e-21,0.9770586,0.0,2.6259791e-23,9.358611e-09,2.2187962e-11,8.542531e-08,2.1855165e-16,1.5967113e-13,1.3428358e-09,2.5030269e-20,0.022941867,2.2338867e-12,2.8740942e-13,1.0287916e-08,1.7428844e-16,1.0947927e-07
1515,1132,1133,16,8.863974e-23,9.305249e-09,0.0,1.2988344e-22,2.0078713e-07,7.823714e-15,3.556312e-12,3.81287e-16,1.4975325e-10,3.851451e-22,2.573262e-24,1.91397e-11,7.5476875e-13,2.0603654e-11,6.161633e-12,1.3052071e-14,1.0
1516,1133,201,9,2.8308943e-29,5.8228744e-17,0.0,1.7508953e-30,6.935355e-11,4.4216243e-08,2.9268212e-16,2.854009e-16,1.4833414e-10,1.0,1.6586703e-29,1.3909598e-08,9.621803e-20,2.278773e-11,2.550952e-14,3.800199e-13,3.350469e-12
1517,81,1134,5,5.74089e-18,2.5367677e-12,0.0,5.6290913e-21,1.0194818e-08,0.9999923,2.2916842e-18,3.4758188e-16,1.6607981e-06,5.2326386e-06,3.2090022e-19,2.896356e-08,3.141078e-14,3.5176617e-09,1.06348185e-11,1.9146968e-07,5.6139074e-14
1518,1134,1135,5,1.280311e-18,5.0041504e-15,0.0,4.294002e-28,3.055425e-11,1.0,1.6517917e-17,8.016113e-18,1.1402105e-10,1.2984714e-09,4.2023926e-22,4.1973596e-08,1.5182113e-17,3.3498207e-10,3.566509e-08,3.1655514e-10,3.9329943e-13
1519,1135,1136,5,8.0539375e-18,4.1543452e-10,0.0,1.5397033e-25,9.653618e-10,0.99987036,2.3723365e-17,7.749043e-15,4.4055914e-10,1.5050539e-15,6.2150864e-17,8.720075e-05,1.114766e-11,5.536339e-09,1.1025588e-07,1.4902162e-09,4.4127173e-05
1520,1136,297,11,2.047461e-26,1.9993661e-13,0.0,1.1228726e-23,3.036596e-07,2.8169392e-10,1.1304511e-13,3.6885523e-13,2.5382266e-14,1.0481812e-18,2.9013572e-21,0.9734797,1.8660357e-10,2.677424e-16,1.323599e-13,1.9922597e-16,0.02652182
1521,297,93,16,1.1835711e-24,2.826574e-17,0.0,5.3007e-23,1.3035784e-09,2.6715502e-14,4.825436e-17,5.0638695e-16,1.0540793e-11,2.2842742e-18,1.3886104e-24,1.2295863e-05,2.8394875e-10,8.6809417e-13,5.5385796e-16,3.6432601e-19,0.9999886
1522,105,309,4,1.0655887e-20,3.2739718e-09,0.0,2.5542826e-29,0.93207765,1.5337025e-15,5.4275945e-11,0.0023580077,5.463633e-12,1.5408555e-17,8.026462e-24,0.000972732,2.6164845e-12,5.865272e-11,1.63104e-11,1.0995279e-19,0.06459142
1523,417,285,14,5.511883e-13,9.300013e-13,0.0,1.9376086e-35,3.3776779e-10,1.5353153e-11,2.1108015e-05,1.0008762e-18,9.768834e-16,3.8447504e-18,4.0099578e-26,7.843295e-13,2.208776e-15,1.0905796e-05,0.9999695,9.100536e-20,7.0770835e-18
1524,1137,57,16,1.1226051e-19,4.8909303e-09,0.0,2.934993e-24,4.097161e-06,1.0202205e-09,2.582798e-19,2.209235e-19,6.867904e-11,1.7529514e-10,1.0439612e-22,0.03467368,1.2306731e-08,1.917601e-12,2.3500473e-14,1.10096286e-20,0.965322
1525,258,1122,1,4.808318e-29,0.9998436,0.0,8.789169e-28,2.5335015e-10,1.0586525e-12,5.5851987e-14,9.66103e-16,2.5669456e-11,1.5613117e-22,1.0828643e-21,0.00015535016,1.3971884e-06,3.573702e-14,3.126006e-13,1.5104143e-15,1.5208046e-14
1526,1137,1138,1,8.716891e-18,0.99979013,0.0,7.247246e-22,3.115275e-09,7.410079e-09,4.476134e-16,2.4606532e-19,6.3312144e-10,5.1869125e-12,2.776473e-18,0.00020843894,5.982815e-14,6.8411006e-19,1.1849913e-14,5.3908565e-14,3.9962603e-11
1527,1138,1139,1,1.0009577e-23,0.9895832,0.0,5.505596e-22,9.497049e-06,1.3690716e-07,1.5847252e-15,7.251109e-17,1.1296701e-07,1.222367e-10,1.7437822e-16,0.010144959,5.4838992e-08,4.559878e-15,2.0810052e-11,0.00025467746,7.680068e-06
1528,1139,165,12,6.0511907e-22,3.3895804e-09,0.0,3.6067962e-26,8.279449e-09,6.5849133e-07,3.5410874e-17,8.951357e-18,2.0609984e-07,2.567972e-20,9.723113e-22,2.840788e-10,0.9751001,0.0040386044,1.9318351e-07,0.020861257,1.5212059e-13
1529,165,1140,15,5.1222507e-16,2.913828e-11,0.0,9.753543e-21,1.8674659e-11,0.0008072912,3.9059874e-15,1.3895296e-13,0.00045259023,7.291091e-21,6.3599653e-27,4.1562634e-10,3.1295293e-11,2.2699355e-08,2.8021888e-12,0.9987419,6.9196e-20
1530,1140,1141,15,0.0008470576,1.2486393e-06,0.0,1.3990291e-20,2.7954961e-11,0.01568294,1.0408912e-15,7.161883e-15,0.0001946611,8.0910665e-20,2.03202e-22,2.2373183e-09,1.4650242e-12,6.101949e-09,4.7887254e-09,0.98327285,6.0071284e-13
1531,1141,177,13,2.5515335e-16,5.50746e-09,0.0,4.0990487e-23,9.0838085e-07,0.005695345,4.686399e-11,3.361286e-12,2.72638e-09,2.5255235e-16,1.1197324e-24,3.97112e-06,5.6656467e-07,0.99406296,5.894285e-07,0.00023450264,8.782396e-21
1532,177,1142,11,3.2760133e-21,1.5752262e-08,0.0,3.7139253e-20,0.040548928,9.447712e-09,3.7471254e-05,0.012845188,3.5851874e-13,6.1412924e-18,4.36273e-24,0.94647765,8.868415e-13,9.107864e-05,2.5874239e-11,1.1490025e-13,2.043609e-16
1533,1142,189,13,2.8415817e-23,3.0520382e-09,0.0,1.6566836e-23,3.464771e-05,3.8496734e-07,3.571742e-05,2.3822256e-06,3.5310352e-11,2.4418925e-21,4.6967507e-23,2.833834e-06,1.2321575e-08,0.99992365,5.915588e-09,4.0293168e-07,2.5321302e-17
1534,536,1143,12,2.2139712e-31,2.1138212e-07,0.0,1.4204728e-16,1.8656317e-08,2.3547095e-10,4.115958e-14,9.259083e-15,0.008801258,1.0921167e-11,5.76264e-16,2.8086997e-09,0.99120027,7.0406786e-10,2.5300542e-17,1.331994e-10,1.06025965e-07
1535,1143,383,8,2.619095e-24,3.548059e-05,0.0,2.492939e-25,3.4452297e-10,1.02188864e-07,1.8955935e-19,2.3563718e-10,0.9971659,1.1197626e-16,4.7429914e-21,6.3472404e-12,0.0027904464,8.404296e-06,1.734381e-17,7.2696314e-11,3.4964953e-10
1536,493,1144,12,2.9755938e-28,2.6709165e-08,0.0,3.1482075e-19,3.2353514e-14,9.377916e-15,8.362083e-21,2.140909e-15,6.0948304e-09,1.0624777e-16,1.3305152e-19,5.4416064e-12,1.0,2.661551e-14,2.2462397e-15,1.0746866e-15,1.9521262e-14
1537,1144,395,12,2.0033142e-27,1.7893673e-10,0.0,1.8125707e-14,3.1860047e-15,9.834919e-13,1.267297e-20,6.959117e-14,8.382351e-09,1.0512848e-18,6.390592e-17,8.209742e-12,1.0,4.3954456e-13,4.6224563e-14,2.821309e-15,4.518991e-16
1538,165,1158,15,1.7099362e-17,7.881806e-13,0.0,2.1543912e-25,6.448148e-14,8.7027605e-05,4.774497e-17,1.0745748e-17,6.502223e-05,6.990534e-23,1.3256874e-26,5.8833465e-14,3.6622272e-10,2.2737379e-10,4.4085652e-11,0.9998474,1.3378842e-20
1539,285,1145,12,5.8105075e-27,6.004923e-15,0.0,4.111018e-28,3.1484064e-15,5.1496236e-15,1.107831e-18,1.8396628e-20,1.04863354e-10,1.14245566e-20,4.409194e-23,2.7500793e-10,1.0,2.7315248e-15,1.043266e-12,4.1519661e-19,9.563331e-12
1540,1145,1146,14,8.634662e-15,3.5741264e-13,0.0,1.2077933e-19,2.5507967e-14,5.9597824e-08,7.9450487e-13,1.3751402e-19,4.068205e-08,1.1769505e-13,5.109137e-16,2.0834698e-09,5.46371e-07,9.184033e-11,1.0,2.1998301e-14,8.739054e-13
1541,1146,493,12,1.0355071e-26,2.7801593e-12,0.0,4.450546e-30,3.792592e-15,1.3737627e-17,5.928135e-21,1.5220244e-20,1.8925397e-09,2.5217541e-20,8.853658e-25,2.1104146e-13,1.0,3.2026726e-16,8.8631346e-14,4.115322e-18,4.472968e-12
1542,177,536,15,1.0223763e-29,7.23719e-07,0.0,1.0109543e-30,2.9901745e-10,1.9276133e-11,4.9224277e-18,5.0058994e-18,7.6206924e-10,8.175005e-16,7.475804e-25,1.7827694e-13,2.124428e-06,8.419035e-11,1.8772669e-17,0.9999962,1.7605868e-15
1543,189,1147,13,7.599048e-22,7.02165e-06,0.0,1.106056e-28,1.160097e-05,0.0013389067,2.0465761e-06,1.6925408e-13,1.747306e-07,1.3714895e-18,1.8068079e-20,5.588023e-10,7.955198e-08,0.9740852,5.037804e-07,0.02455545,4.7112126e-16
1544,1147,1148,8,0.0013228335,3.6410385e-11,0.0,1.1351277e-19,6.0758882e-09,2.4667688e-06,2.1325062e-14,2.3204444e-15,0.9986734,7.8958015e-20,1.423139e-19,6.8903377e-12,5.633859e-14,5.667491e-12,1.1583967e-16,2.80962e-10,5.279834e-15
1545,1148,1149,8,0.0071076015,1.1594133e-09,0.0,1.1173234e-21,8.833315e-10,2.0313426e-10,1.1841431e-12,2.912387e-16,0.9928919,6.895922e-24,2.9062799e-18,8.749165e-12,1.5281218e-12,1.2107512e-10,3.329935e-16,2.3507492e-12,7.245814e-13
1546,1149,383,8,2.5827404e-18,8.518318e-09,0.0,3.8453048e-27,8.4985095e-11,2.9468386e-10,1.026214e-20,2.1093292e-12,0.9999962,5.139546e-19,1.2199989e-20,3.2262225e-12,2.6854264e-06,5.368446e-07,8.251389e-16,8.263718e-13,2.933738e-10
1547,383,1150,8,6.163717e-22,4.6929825e-11,0.0,2.0362039e-28,6.0892177e-13,3.614873e-08,1.9180824e-21,7.32974e-14,0.9995653,4.274021e-18,1.800525e-21,8.679717e-13,0.00043529164,4.8367184e-08,1.4799593e-13,3.970305e-12,4.486845e-12
1548,1150,1151,8,3.0346046e-14,2.3837953e-16,0.0,3.0304275e-22,1.1344942e-14,2.1073757e-11,4.1716337e-20,4.5052855e-18,1.0,9.6733494e-23,1.028361e-21,4.4536944e-12,1.0156128e-06,1.4677526e-14,1.1473682e-14,1.6920575e-12,2.2312795e-13
1549,1151,395,12,8.276243e-28,5.2474064e-15,0.0,1.1783287e-22,8.5279714e-17,1.657564e-13,6.127737e-20,1.07745264e-16,1.5802284e-07,3.4628023e-20,1.735545e-18,2.6229375e-14,1.0,1.8745586e-13,3.2154612e-11,6.399294e-19,1.5817771e-16
1550,536,493,13,6.7532126e-16,3.547311e-07,0.0,1.0751665e-22,1.8136225e-06,2.5429068e-07,2.919103e-10,1.4610019e-10,9.377739e-07,3.3561785e-17,7.042214e-24,6.509092e-14,0.00016297025,0.99982077,1.1563988e-05,8.417919e-09,1.9032788e-14
1551,395,1152,12,7.4038486e-28,6.8344774e-11,0.0,1.0366134e-19,6.084843e-16,1.4945576e-12,3.1060832e-21,3.9278176e-15,2.339431e-06,7.707109e-18,1.8709328e-17,5.89294e-13,0.9999962,1.9634474e-15,1.8421474e-14,8.159614e-16,5.1249625e-18
1552,1152,1153,12,2.1150718e-29,1.3399054e-07,0.0,3.388567e-27,9.2411107e-10,3.9976304e-12,3.3982115e-19,2.1985573e-12,0.00014309018,2.8914554e-15,2.5575395e-21,3.2209766e-09,0.9998551,1.7271821e-12,3.9938816e-19,2.0231333e-14,1.2081697e-14
1553,1153,479,12,1.2992126e-27,3.0866315e-05,0.0,8.2816683e-22,6.341605e-11,1.8930729e-10,4.674117e-18,5.2836448e-14,2.6120932e-07,1.4930764e-19,2.8616998e-20,5.7510153e-11,0.9999695,6.109003e-10,3.3870955e-11,9.584258e-12,7.141251e-17
1554,189,69,6,7.2512286e-22,2.2433915e-12,0.0,5.944327e-28,1.15597095e-05,5.1486415e-15,0.99998474,2.983098e-11,1.102925e-14,1.9678532e-18,1.8724622e-23,4.959147e-09,6.110885e-12,7.8012965e-09,2.3893242e-06,5.625496e-17,1.9828546e-12
1555,536,1154,12,1.0129849e-30,9.6633984e-14,0.0,5.5191634e-28,1.5241167e-12,2.0652666e-12,5.4819017e-19,8.3311706e-20,1.4078199e-05,4.6031456e-17,4.0711504e-25,3.2059397e-14,0.99998474,1.8986399e-12,6.0332445e-19,2.2295579e-08,4.3691873e-11
1556,1154,1155,8,3.7936805e-21,4.4779953e-16,0.0,6.1596976e-22,2.1181017e-12,2.0540569e-10,3.1227226e-17,2.5398706e-16,0.99991995,7.318451e-22,1.1117808e-18,6.7048467e-10,7.8390505e-05,1.5925506e-13,4.1108115e-14,1.0582908e-09,1.7271311e-10
1557,1155,1156,8,1.6704754e-13,4.2183562e-15,0.0,3.6825972e-17,3.892189e-13,1.7135803e-09,1.896978e-16,4.311858e-14,1.0,2.1193509e-23,6.706122e-19,8.838506e-10,3.9824157e-09,2.403476e-13,4.9621456e-13,2.2132105e-09,5.8213314e-13
1558,1156,1157,8,7.0956657e-15,9.404368e-12,0.0,1.0627226e-13,1.0469192e-09,2.796416e-09,4.1479774e-11,5.097314e-11,0.9999962,7.7987835e-20,9.0383395e-18,3.5100518e-07,4.4545315e-10,2.411459e-11,1.9178653e-11,3.6789675e-06,7.0595477e-13
1559,1157,1158,15,2.5104838e-29,1.872536e-13,0.0,1.26116656e-29,9.964797e-12,2.2998732e-10,1.6011485e-17,4.524401e-19,2.8430142e-07,3.1022332e-22,4.6204606e-23,3.419103e-14,3.1691204e-07,2.3109374e-09,2.8222913e-13,1.0,2.2243363e-13
1560,1158,417,12,3.613783e-31,2.4146614e-12,0.0,2.3380325e-34,1.00997787e-10,4.499784e-13,2.409732e-17,1.5402822e-21,8.699192e-09,1.9381851e-20,6.3877526e-28,1.5690166e-11,1.0,3.962003e-10,9.418715e-15,1.50878e-06,3.3057695e-11
1561,406,273,14,6.834897e-18,9.591953e-09,0.0,3.1044186e-25,1.1092716e-13,8.333252e-09,4.4515546e-12,3.1635634e-15,1.7638026e-12,1.12924216e-17,2.5986257e-15,1.9885129e-12,2.1772378e-15,3.14319e-05,0.9999695,1.2839578e-21,8.6449406e-16
1562,105,1159,7,3.712252e-21,7.944533e-13,0.0,1.8264143e-25,0.0012265565,4.8227964e-13,8.131996e-07,0.9987267,1.2706006e-09,4.2929692e-21,8.983607e-20,4.694197e-05,1.6124262e-10,3.8067757e-11,6.6182792e-15,1.4853222e-19,2.1496135e-10
1563,1159,1160,6,9.076358e-23,3.355856e-11,0.0,4.148459e-23,3.041294e-05,4.893008e-14,0.98342294,0.016545728,1.2842766e-13,2.0829812e-20,1.961172e-22,3.1518663e-08,3.0326327e-17,6.6922023e-09,3.0454903e-09,8.3127264e-20,2.8204496e-14
1564,1160,273,7,1.2722982e-24,2.5974787e-13,0.0,1.5565555e-28,9.980585e-12,2.9507135e-14,3.8938517e-13,1.0,6.523164e-13,5.2707317e-25,3.1612037e-27,5.366799e-10,4.1624747e-14,7.2269515e-08,1.18331545e-14,5.434836e-22,1.0613312e-16
1565,273,1161,7,1.408831e-26,6.2234465e-14,0.0,1.5228381e-27,1.2301489e-13,8.751755e-15,8.6149587e-14,1.0,8.090782e-14,1.3167979e-24,2.8282176e-29,4.9509737e-12,1.07723076e-16,7.0233805e-09,1.719769e-16,7.30953e-20,1.6422837e-19
1566,1161,1162,7,6.015462e-25,1.3532382e-10,0.0,2.0320345e-23,8.557065e-11,3.0243802e-12,1.0376479e-08,1.0,1.7594413e-12,1.5689377e-20,1.0311371e-23,1.4536241e-11,3.83227e-13,3.1045775e-07,8.151701e-11,1.4627708e-16,1.6500756e-13
1567,1162,473,7,1.0753034e-27,6.829649e-13,0.0,1.6343319e-22,8.408247e-12,1.1409315e-12,7.424179e-14,1.0,4.2672343e-15,4.952637e-19,4.1408137e-27,3.026286e-11,9.520034e-16,1.984249e-10,8.4266925e-16,4.5205132e-14,6.290246e-16
1568,507,1163,11,2.740764e-21,2.1922594e-12,0.0,3.6358965e-22,1.2403124e-06,4.336152e-08,2.5688087e-17,8.2389595e-10,2.126028e-11,9.862298e-15,8.592811e-20,1.0,8.500405e-15,1.4539853e-10,5.3240992e-18,3.4211293e-19,2.55584e-08
1569,1163,1164,5,1.9032817e-11,1.5668583e-10,0.0,1.3416349e-21,1.9225207e-07,0.9595322,6.759129e-12,5.495625e-16,5.38163e-07,3.2844747e-12,5.249618e-19,0.020479314,2.3420544e-15,0.019987976,4.6825593e-10,1.0423874e-11,2.8493312e-16
1570,1164,406,13,4.0084987e-14,1.1818995e-13,0.0,1.8404807e-31,9.950985e-09,2.0659438e-05,1.4750707e-08,6.03644e-13,2.5204614e-08,5.1494384e-18,1.0296058e-20,1.9797447e-08,7.850894e-14,0.94287753,0.057101626,4.5760987e-16,4.169534e-20
1571,406,1165,13,4.825023e-13,1.771136e-07,0.0,1.00821325e-28,1.0422349e-06,0.0006943189,4.6282483e-12,2.110414e-06,4.5590834e-05,1.3929902e-20,5.701978e-17,0.0013875025,2.0881395e-10,0.9978584,1.119867e-05,2.0364717e-17,1.2397208e-14
1572,1165,1166,11,1.1716643e-21,3.6285417e-13,0.0,2.7706045e-23,3.5898393e-06,0.0010712673,5.099556e-09,9.762909e-09,6.1775753e-09,2.0031358e-22,3.0011491e-15,0.9988524,2.4174907e-12,7.383965e-05,4.7539435e-09,8.6381395e-11,3.354748e-15
1573,1166,1167,11,1.6948151e-28,0.0008494683,0.0,7.2641023e-22,0.0025317424,1.4950667e-10,1.9355603e-07,8.267046e-09,3.5237556e-11,1.0159011e-18,1.1718862e-16,0.9966183,1.6510973e-11,2.8689312e-08,1.0495744e-09,8.8151667e-11,3.7910213e-12
1574,1167,1168,11,1.938096e-28,0.02879191,0.0,5.535545e-21,0.092539184,2.1288544e-09,2.9491036e-07,2.2720893e-11,6.078551e-10,1.0767319e-12,1.1869904e-15,0.8786675,6.2737e-12,4.839099e-08,1.9352324e-10,3.7944726e-08,4.9969306e-11
1575,1168,1169,11,2.8278047e-31,0.0009168804,0.0,8.112684e-24,0.24755418,1.6101089e-10,1.1095241e-08,2.401232e-12,9.897628e-12,4.517878e-13,6.9972755e-18,0.7515297,5.6378394e-13,8.342349e-09,1.1339167e-10,9.489927e-11,2.3744624e-11
1576,1169,1170,4,1.0723079e-29,2.439351e-06,0.0,4.968804e-24,0.7447005,2.6832092e-10,6.268375e-09,1.14764184e-10,4.119277e-12,6.4306893e-12,7.329749e-19,0.25529552,2.6845638e-15,5.1552806e-09,3.0093159e-12,4.9041687e-12,7.009929e-13
1577,1170,309,11,5.50532e-23,5.4468577e-13,0.0,8.298068e-25,0.072306134,1.0095117e-10,6.2611167e-07,0.2639567,4.542214e-11,1.1097995e-15,1.5919391e-18,0.6637339,1.9747775e-12,3.0389404e-12,5.165937e-14,6.9037944e-16,3.686638e-06
1578,479,1171,15,2.3258746e-17,2.889459e-08,0.0,7.8249145e-21,5.8651184e-10,0.0031095142,1.631304e-08,1.7795724e-17,1.8826418e-06,3.0014468e-15,4.393079e-22,2.3471248e-08,2.049066e-08,3.7635238e-07,1.7083669e-07,0.9968883,3.041948e-17
1579,1171,1172,1,5.407291e-22,0.9999084,0.0,2.245894e-25,1.7631116e-10,1.7165701e-09,6.1536838e-15,5.8286614e-14,1.0671521e-10,3.4548627e-18,2.7511173e-18,1.3318155e-11,7.779836e-10,8.968404e-05,1.3122009e-07,1.3761033e-15,9.676895e-15
1580,1172,513,12,6.0736726e-21,6.541159e-12,0.0,3.6107748e-26,8.909895e-11,8.066146e-10,3.3786436e-18,1.6005518e-15,9.0966606e-10,9.241906e-21,1.7965449e-22,3.2772315e-10,0.99996567,6.878324e-08,3.522006e-05,4.8320614e-12,1.6392619e-10
1581,473,507,7,2.6387305e-24,4.0515868e-08,0.0,3.7224647e-27,8.246631e-10,1.935833e-15,3.0973287e-13,1.0,2.2105883e-15,1.7013748e-23,3.4461919e-31,7.440067e-11,3.982831e-14,4.7785022e-11,2.46128e-13,4.8389425e-19,2.1620692e-13
1582,507,1173,11,5.9160135e-25,6.274083e-12,0.0,3.6324842e-23,5.8741116e-05,9.139956e-12,3.54242e-12,5.9362166e-05,3.16358e-12,4.297326e-14,3.8924172e-25,0.9998779,8.29853e-13,8.310386e-11,4.0172486e-17,4.2669812e-19,4.770264e-06
1583,1173,513,16,2.2574272e-27,8.92479e-12,0.0,7.4174526e-26,7.1562895e-06,2.764274e-13,7.386689e-15,3.666062e-15,2.620339e-13,7.9003194e-13,1.17173655e-27,0.0025150892,6.6877986e-13,2.4806787e-13,2.8693167e-14,5.306545e-16,0.99747777
1584,473,479,7,1.7082071e-26,1.6952583e-09,0.0,5.4853086e-20,1.585926e-11,1.8103299e-16,1.6593014e-16,1.0,3.1134595e-15,4.254427e-22,1.7381656e-29,1.1271447e-12,9.331927e-13,1.677659e-14,6.2136636e-17,2.605175e-16,2.4074006e-15
1585,406,1180,11,5.4093924e-08,0.04148234,0.0,1.460312e-31,0.035649553,6.939823e-05,2.4686237e-13,7.628691e-10,3.0486235e-05,7.900245e-09,1.0779004e-17,0.92276263,5.653661e-08,2.346832e-06,1.9035106e-07,4.882412e-16,1.0878783e-06
1586,507,441,13,4.8101296e-16,4.984774e-15,0.0,4.1325607e-27,2.8113212e-05,1.0219727e-10,5.6388e-08,2.9413887e-12,5.281162e-08,6.690072e-20,1.1615269e-28,1.06828844e-10,1.2741258e-07,0.99997336,5.3083575e-12,2.007327e-15,1.0898005e-15
1587,513,1174,7,2.8113935e-22,4.952444e-13,0.0,5.461868e-25,4.8807615e-06,3.1726926e-12,2.4218184e-13,0.99965674,3.3628607e-14,3.4038032e-19,2.4901275e-31,0.00033890462,5.2267773e-12,2.3437025e-12,1.20907146e-17,9.127554e-19,1.5662898e-11
1588,1174,1175,13,8.43286e-10,5.34481e-12,0.0,3.6793106e-25,8.962675e-09,2.391751e-05,6.722079e-11,4.3245185e-10,8.8209955e-09,7.748887e-17,8.419741e-26,6.1725816e-09,5.54645e-14,0.9994737,0.0005041638,1.055233e-13,1.5661409e-18
1589,1175,1176,13,4.0549833e-18,7.501854e-11,0.0,5.5184923e-27,2.822748e-10,8.8381347e-10,3.375678e-12,2.0803789e-18,4.6958014e-08,2.312455e-16,8.994043e-25,1.5370962e-12,1.2099813e-08,1.0,8.640755e-08,1.6647293e-15,1.7050861e-14
1590,1176,435,13,3.9257126e-19,4.2741026e-18,0.0,8.3484014e-23,1.00649864e-07,1.5946745e-10,1.0152505e-10,8.653049e-18,2.2921305e-10,5.7062534e-21,2.5814913e-24,6.396992e-14,8.3144937e-07,1.0,5.7134578e-08,7.280927e-11,2.2440852e-19
1591,435,1177,12,1.7665733e-31,5.339295e-17,0.0,1.952341e-30,5.886731e-16,1.2988383e-16,9.313523e-24,5.741478e-19,2.1656148e-09,2.4045331e-26,2.5766692e-25,1.0189421e-14,1.0,1.00996475e-13,3.853814e-16,2.9042026e-14,2.2853758e-15
1592,1177,441,12,1.6177328e-30,6.655474e-14,0.0,4.016214e-36,1.1265412e-15,9.338419e-18,2.6896769e-24,5.923775e-20,6.358637e-10,2.46618e-25,4.5490352e-23,1.3760882e-14,1.0,2.1853626e-12,1.258941e-14,3.7230178e-20,1.6891721e-15
1593,441,1178,12,9.232182e-28,3.174834e-13,0.0,9.978988e-34,1.7742674e-14,2.544847e-15,3.357687e-26,9.065886e-20,3.9332292e-08,5.086949e-23,2.197237e-23,3.1728363e-13,1.0,9.336702e-12,4.2237316e-16,2.4231706e-18,2.6244964e-16
1594,1178,1179,12,4.847291e-20,7.455597e-14,0.0,4.9919898e-21,4.1225707e-08,1.2824881e-08,2.8656273e-16,6.7735217e-15,0.0003487421,1.8942393e-14,3.8830225e-21,2.1599056e-09,0.999386,1.806987e-05,2.4017699e-14,0.0002462578,3.9363283e-12
1595,1179,423,12,1.313661e-26,1.9182346e-15,0.0,2.3058882e-27,1.7645265e-08,5.554799e-12,1.9035808e-17,1.2407374e-15,2.0502846e-09,2.918342e-20,2.6761537e-19,2.0998197e-08,0.9999923,6.445936e-06,1.6347713e-11,9.1351026e-14,8.5271097e-13
1596,423,1180,12,8.779627e-26,1.0185796e-09,0.0,8.385044e-30,0.00043365412,2.1038394e-13,3.9336094e-13,1.6031895e-10,1.0979025e-10,1.4820297e-17,2.63855e-16,5.639881e-06,0.9992183,9.591496e-05,2.0060504e-06,1.1188008e-18,0.00024577166
1597,1180,1181,15,4.9834188e-17,8.0564283e-10,0.0,1.850732e-23,1.4374365e-08,0.0010927754,1.0213326e-12,8.489193e-15,1.5530956e-08,4.8326793e-08,1.5188802e-21,2.8237633e-08,2.963917e-11,1.0878206e-05,4.846109e-12,0.9988944,4.874689e-16
1598,1181,1182,15,8.2965996e-13,0.03524605,0.0,7.343903e-21,0.0017878045,1.2137171e-07,1.8267429e-09,2.2489169e-13,1.3345149e-05,8.9730214e-13,4.6311153e-17,8.751424e-07,2.9768504e-08,1.1812507e-05,4.683151e-09,0.91049296,0.052445393
1599,1182,447,11,5.312703e-16,1.4475298e-06,0.0,1.5291724e-26,0.00023146225,0.00020987271,1.6860618e-16,1.22008184e-14,2.9130416e-09,1.0221064e-08,3.1564947e-18,0.9995576,1.2395301e-09,2.730326e-08,1.8429433e-12,1.8131535e-12,2.1575752e-09
1600,383,1183,8,3.917643e-07,1.4651807e-12,0.0,3.6682415e-24,2.0524704e-14,1.3128012e-08,1.933402e-18,9.9577034e-17,1.0,1.3972344e-24,1.9157258e-23,9.755211e-15,3.8701669e-16,1.624005e-12,4.6719313e-15,1.0377115e-15,1.1620151e-12
1601,1183,261,8,1.588473e-06,3.6767591e-09,0.0,5.2768932e-23,1.4361956e-11,1.1526673e-07,1.0757445e-08,8.2687e-13,0.9999962,3.3327953e-23,3.900779e-21,3.0901004e-09,3.517099e-16,3.7933455e-07,4.1527454e-10,3.7294452e-11,2.298634e-12
1602,395,1184,8,1.433065e-19,1.4056775e-14,0.0,2.5742123e-18,1.122956e-12,9.551054e-10,3.0546017e-16,6.429652e-14,1.0,1.5524185e-18,8.657233e-20,1.8061104e-14,4.103429e-08,2.3583568e-12,9.450602e-15,1.28266995e-14,1.2564388e-18
1603,1184,327,8,9.349229e-16,6.300763e-09,0.0,8.888305e-26,2.6567545e-13,3.4590721e-09,9.0115395e-14,2.3932916e-14,0.99954236,1.1329748e-24,1.3022333e-21,1.1245898e-11,1.4248357e-09,0.00045823626,4.8131934e-09,6.783949e-13,1.9477968e-14
1604,479,1185,7,1.02971974e-20,7.7340856e-11,0.0,6.0804683e-20,1.2062748e-10,2.251865e-10,1.1962159e-11,1.0,4.3776985e-10,1.9502054e-22,2.3767515e-29,1.262987e-13,1.3325211e-12,4.0662126e-11,1.2460071e-15,4.0005746e-12,1.6682696e-16
1605,1185,315,13,3.757676e-12,1.3648375e-07,0.0,5.920329e-24,2.623989e-06,3.869198e-06,3.270129e-08,1.87393e-05,0.31802478,2.939627e-20,8.904978e-24,1.0085808e-09,1.1188639e-12,0.68194854,3.8822595e-10,5.03238e-10,2.4562462e-18
1606,513,1186,11,5.455956e-24,4.861498e-11,0.0,7.956985e-24,0.00051669293,1.3735915e-07,8.5349575e-12,0.00017764843,1.5993769e-11,2.3997643e-14,4.0463114e-27,0.9991497,5.539541e-12,0.00015438603,2.6900614e-13,1.6883623e-13,2.61231e-09
1607,1186,321,13,1.6007771e-08,2.9218798e-08,0.0,8.5269364e-23,1.0415717e-05,2.4730589e-09,1.4738235e-06,1.2016807e-12,0.0022243985,9.3323e-24,2.812014e-23,1.1077642e-09,2.3223164e-12,0.9977633,2.036054e-08,3.6626353e-16,1.1299344e-12
1608,153,1187,4,8.445341e-20,2.0495906e-07,0.0,1.829697e-27,0.9998588,3.9592743e-07,8.1762375e-12,1.9286095e-15,4.62988e-09,4.5499273e-05,2.4576404e-20,6.371853e-08,2.8409244e-13,8.176161e-08,3.84086e-06,3.3281708e-08,8.97929e-05
1609,1187,1188,0,1.0,6.134772e-14,0.0,1.4051028e-23,1.352005e-10,5.2757425e-09,4.8422783e-14,1.1449043e-18,2.9497078e-09,1.0238432e-15,2.3995917e-28,2.3844673e-09,2.2595692e-15,3.3013874e-09,1.5961876e-13,2.4506897e-16,7.501679e-12
1610,1188,1189,0,1.0,3.1297618e-15,0.0,1.7328008e-24,3.493325e-12,7.3578636e-11,2.0975228e-11,2.7064112e-17,1.2625969e-09,8.891226e-25,4.3064055e-27,1.4045286e-13,4.0203236e-20,3.0619332e-09,8.869387e-15,2.6371762e-20,2.510724e-21
1611,1189,261,13,7.921859e-15,2.4178238e-11,0.0,3.917627e-30,1.2590985e-08,1.4114959e-08,6.7521225e-11,4.626329e-10,8.185032e-06,2.2002307e-16,1.9635025e-27,1.4983789e-09,2.9444732e-14,0.9999923,2.4375254e-08,5.9534336e-11,7.3730635e-15
1612,261,1190,13,5.8417736e-21,3.8946284e-11,0.0,1.5630822e-29,2.0391708e-08,2.3822844e-10,4.8056823e-12,6.1180314e-09,9.6014396e-08,2.8310831e-18,2.4533406e-28,3.2489271e-09,3.1047338e-13,1.0,1.3085457e-09,3.7145756e-13,9.983501e-15
1613,1190,1191,13,3.2045887e-25,8.317658e-09,0.0,1.7871894e-27,8.7515235e-07,5.929186e-10,8.286111e-10,1.6591455e-06,1.14353575e-07,8.0663053e-16,1.2765994e-26,4.9603335e-11,3.3839185e-11,0.9999962,3.2705356e-11,2.076259e-08,4.9272235e-16
1614,1191,327,13,1.8392909e-20,4.957099e-11,0.0,1.9569427e-29,9.060155e-11,6.733497e-12,3.1737838e-11,5.7338467e-09,1.4453497e-07,3.5700613e-23,6.726001e-27,2.4352539e-11,1.6034332e-11,1.0,1.3480873e-08,6.3749423e-15,2.0951805e-14
1615,327,1192,13,1.4402139e-23,1.2122074e-09,0.0,1.5256871e-27,4.345655e-09,5.279701e-12,2.1277133e-13,4.0064582e-10,9.535806e-09,2.7023322e-20,3.055227e-26,8.5334274e-12,7.760121e-11,1.0,1.4949713e-08,1.22414235e-14,4.9629002e-14
1616,1192,1193,12,3.989547e-24,2.331257e-10,0.0,1.0296098e-20,9.892362e-08,1.7311359e-09,2.2978854e-15,1.1150743e-15,0.047507696,2.3862427e-16,8.09347e-21,1.7808543e-11,0.95173097,0.0007614788,3.4565757e-11,1.5629906e-09,7.809281e-08
1617,1193,315,12,2.84393e-19,3.5738846e-11,0.0,3.4155444e-29,6.466639e-09,4.704342e-13,7.571854e-13,3.469422e-15,2.1196672e-07,1.4185908e-20,1.6118006e-23,1.3213252e-11,0.82203174,0.17790978,5.9173155e-05,3.4565848e-13,2.7579937e-15
1618,315,1194,12,1.8233504e-26,2.0545429e-10,0.0,4.076319e-28,2.8810483e-09,1.7747557e-13,6.3591517e-16,1.9554439e-13,1.7137306e-09,2.246012e-19,4.487267e-22,1.6090512e-12,0.9981097,0.0018891983,6.005105e-08,4.9267448e-12,6.337592e-18
1619,1194,1195,12,3.8738134e-32,9.390491e-13,0.0,7.392045e-30,9.467029e-13,2.7609212e-14,1.5605945e-18,1.4155273e-18,3.8407513e-09,7.781785e-20,5.525015e-22,1.5578378e-14,1.0,2.5600372e-07,1.1533605e-10,2.3849606e-15,2.2227225e-15
1620,1195,321,12,3.2664536e-29,8.7306433e-16,0.0,4.1261435e-30,2.1955797e-14,1.8955241e-16,2.951145e-19,7.1559963e-19,5.6805456e-11,1.4118143e-22,5.097027e-24,3.821642e-13,1.0,1.9743117e-11,7.1576876e-12,8.535103e-16,3.991738e-17
1621,321,1196,12,4.594303e-25,2.3668545e-13,0.0,1.5852727e-26,6.923321e-13,6.685974e-17,1.8570165e-18,1.652837e-18,3.6156734e-08,8.4461376e-22,3.9422118e-23,1.4376585e-12,1.0,6.58312e-10,2.994648e-11,2.2373374e-15,1.0384758e-15
1622,1196,1197,8,3.4677195e-20,1.5632754e-11,0.0,3.376104e-19,1.112981e-12,1.6151109e-09,3.246548e-17,6.9130965e-16,0.9999962,7.2838884e-14,2.5286318e-20,2.9993339e-12,3.0267556e-06,6.7440144e-11,1.1832625e-12,2.6378914e-12,3.5470376e-16
1623,1197,1198,8,9.066342e-11,3.1687304e-09,0.0,5.4699955e-19,2.8778727e-10,3.6686788e-07,1.893367e-12,1.4203062e-14,1.0,6.509743e-20,1.0180799e-21,1.5922517e-07,2.6957638e-12,2.1705998e-11,1.6569558e-15,2.1323061e-11,1.298625e-09
1624,1198,231,15,1.259979e-21,5.139147e-14,0.0,2.8157976e-27,1.0984628e-12,3.6838846e-05,7.473977e-18,5.520157e-19,1.523032e-09,8.331419e-14,1.8048074e-23,1.3867954e-08,5.2084724e-17,1.4341405e-14,9.427397e-11,0.99996185,2.8129523e-12
1625,114,1169,11,3.4569387e-22,1.11574514e-10,0.0,1.705589e-27,0.008739665,4.6976493e-07,1.0217444e-07,0.002615319,1.6613017e-10,3.000338e-14,9.0773056e-20,0.98853064,6.3769314e-09,0.00011336866,1.5973708e-11,1.0186906e-12,1.0976097e-17
1626,447,150,16,6.8970046e-23,3.75217e-15,0.0,2.8041665e-20,3.611014e-08,3.8171818e-14,1.3852009e-20,1.5493015e-17,2.71169e-11,3.739718e-18,4.1162222e-23,9.335185e-09,1.658604e-10,9.720292e-15,4.42952e-18,5.649854e-20,1.0
1627,114,150,16,3.6950013e-21,2.287469e-15,0.0,1.8645057e-25,3.65365e-08,3.6887472e-14,5.808917e-18,1.7136577e-10,2.0938566e-12,5.9236875e-19,2.940953e-26,2.0799293e-08,1.2897091e-09,2.405043e-14,2.2665706e-15,1.7626615e-17,1.0
1628,138,150,16,7.56857e-26,1.5187399e-15,0.0,1.1913198e-27,6.8972945e-08,3.5855373e-16,4.8288352e-20,1.0706724e-15,3.805683e-13,8.426523e-18,2.2987753e-26,1.2119538e-08,4.251478e-13,7.5085884e-17,3.647949e-18,8.637078e-20,1.0
1629,213,1199,16,3.550497e-27,4.5918282e-12,0.0,2.8471044e-23,0.18529284,9.531572e-12,1.0518305e-10,6.5592656e-07,7.532012e-13,1.3407172e-16,1.270253e-22,0.4001238,6.6327868e-15,4.343094e-13,1.5037234e-14,5.1353292e-20,0.41458315
1630,1199,114,4,1.1940931e-23,3.862817e-11,0.0,8.545275e-22,0.82096,2.5622202e-11,4.8313104e-10,0.0551326,4.9664634e-13,6.3085087e-16,1.0348542e-21,0.07908415,4.02474e-14,1.0144907e-12,2.0234952e-15,6.139064e-19,0.044823
1631,435,429,12,6.232378e-22,1.1642013e-14,0.0,3.8037762e-23,2.4297803e-10,3.573433e-12,1.3683658e-16,3.433295e-15,0.00022979948,1.1373483e-24,1.0567704e-23,1.2344663e-10,0.99977106,3.4918887e-07,1.9529857e-11,3.2979905e-08,2.0945776e-10
1632,1174,373,14,2.0084943e-12,1.0579765e-08,0.0,7.3199473e-25,8.424706e-07,6.4874034e-06,0.14758302,1.3420835e-16,8.9788664e-08,6.296413e-17,6.2180074e-23,1.7016686e-06,6.894012e-14,0.004358036,0.8480514,4.6945686e-14,5.796323e-10
1633,373,1196,6,4.2057248e-16,2.2568051e-14,0.0,4.90658e-28,1.6172556e-10,1.6010669e-12,1.0,4.4083557e-22,2.7938632e-12,2.6838839e-18,8.497107e-28,1.1459538e-09,2.3734112e-19,4.0969497e-10,4.1597752e-07,3.7621394e-18,2.9174364e-15
1634,373,1200,8,1.8436617e-11,8.606169e-11,0.0,1.2929073e-22,4.3513093e-10,0.45881593,3.9191708e-13,3.7147845e-15,0.5411765,3.2184925e-11,3.914907e-23,3.9286897e-06,1.7247807e-10,1.9373344e-13,9.801693e-14,4.4391545e-06,6.780081e-17
1635,1200,1201,5,5.6960634e-25,1.9309537e-12,0.0,2.853588e-21,5.4704433e-08,0.9956569,1.5078622e-10,4.6785323e-14,0.004313545,4.4292256e-06,5.598452e-19,2.9433959e-06,4.0591654e-09,8.9860265e-08,1.11688644e-10,2.232506e-05,1.6007284e-08
1636,1201,429,15,2.0049007e-23,1.3082628e-14,0.0,1.4727007e-27,2.915914e-14,2.1448088e-07,2.36629e-17,1.7419257e-18,2.1252346e-10,1.7473047e-16,8.426939e-26,5.2149694e-11,1.4599863e-12,5.8665212e-12,9.844914e-11,1.0,3.823142e-14
1637,69,153,4,1.3686129e-21,6.9801603e-10,0.0,6.251207e-31,1.0,1.4138267e-19,4.566439e-08,6.2286403e-09,5.073012e-17,2.4423592e-13,1.3933709e-23,4.463517e-08,8.771935e-17,4.490047e-12,1.693047e-10,1.2100023e-19,2.7568268e-07
1638,429,231,16,1.5304333e-18,5.1324403e-09,0.0,1.3247454e-21,0.0018724455,3.2279033e-08,1.3141362e-12,6.6926445e-14,0.053089313,4.2617745e-12,4.7540958e-21,5.027404e-05,1.1670233e-09,5.9656336e-06,6.3086696e-11,6.530273e-09,0.9449805
1639,138,213,16,2.7046531e-27,1.84579e-15,0.0,5.4736886e-27,1.5654515e-06,9.246049e-17,1.2204477e-17,7.5585496e-13,7.353518e-14,2.9131968e-17,3.071388e-26,1.5009893e-07,7.072918e-13,4.441247e-17,2.6428083e-18,4.364618e-21,1.0
1640,45,246,12,2.8530271e-25,1.5287167e-12,0.0,1.9354538e-25,3.3534226e-12,2.3118786e-11,3.4688973e-20,4.3457906e-15,1.3618984e-08,4.390568e-21,2.6137282e-22,4.680089e-05,0.98059094,9.641394e-11,1.1257427e-14,5.954837e-20,0.01936274
1641,258,246,12,1.217922e-25,5.0031845e-12,0.0,4.0316747e-27,1.3692817e-13,1.8156452e-12,1.9128214e-21,5.772166e-16,4.0199763e-10,9.734948e-23,3.590409e-24,3.3897795e-06,0.99983215,5.840088e-11,1.8167874e-13,3.5642542e-21,0.00016386356
1642,258,57,12,1.9155247e-27,3.6061907e-11,0.0,2.3961235e-29,3.584982e-13,1.2814871e-13,3.5771109e-22,6.673234e-17,5.1560818e-11,1.5636578e-25,2.4472442e-22,2.5264598e-07,0.9999962,7.747639e-11,7.979801e-12,1.915706e-21,3.7042169e-06
1643,34,1202,9,5.6106616e-26,6.1203846e-18,0.0,4.9718036e-30,1.4341986e-09,7.634052e-09,8.135165e-21,9.317624e-21,3.1527615e-12,1.0,1.6226142e-24,1.6820839e-10,6.8941484e-20,4.3629537e-13,4.44751e-14,1.617814e-14,1.6081594e-07
1644,1202,202,9,6.6178787e-29,4.620369e-17,0.0,5.26097e-32,2.1839617e-09,3.421385e-11,3.2524943e-19,2.7792483e-19,1.0037152e-14,1.0,7.877087e-28,1.235763e-12,4.8610677e-20,3.9790178e-11,2.116433e-13,1.8982592e-16,6.162477e-09
1645,202,82,9,1.4915857e-18,3.9038228e-10,0.0,8.545326e-25,0.0088545,3.1299983e-09,8.5335486e-14,4.8496732e-14,3.700965e-08,0.8751083,1.06843545e-17,5.2509064e-09,1.989174e-11,1.1406397e-05,1.1419061e-06,1.8724709e-14,0.116024986
1646,531,226,9,3.6305946e-26,3.5424304e-14,0.0,6.371072e-39,7.0364976e-08,5.8878263e-10,1.0687078e-11,1.4046777e-18,1.7058165e-12,1.0,1.6517558e-22,9.944101e-12,6.994339e-18,1.2889215e-10,7.128318e-11,7.722602e-15,7.302916e-15
1647,226,127,9,1.4943167e-29,4.500341e-17,0.0,1.123652e-39,2.290449e-09,3.4197227e-14,8.9896196e-17,2.2014174e-21,2.081136e-15,1.0,9.619168e-26,6.604049e-13,2.6446916e-20,9.545153e-14,1.2053017e-14,8.552042e-18,1.4041214e-13
1648,127,1203,9,1.5065374e-28,1.5237305e-15,0.0,4.4635215e-36,1.4282062e-10,3.6142284e-10,9.0915143e-20,2.0971206e-17,6.462741e-13,1.0,7.8070684e-25,1.0536913e-11,5.3563055e-18,3.7996556e-13,2.7680385e-15,4.8192713e-18,2.2588503e-18
1649,1203,1204,9,4.5432988e-29,6.4597405e-15,0.0,4.300126e-31,5.153903e-13,7.1614424e-12,1.9557884e-19,3.2427786e-21,2.3053484e-15,1.0,5.519406e-24,1.9839339e-11,2.066348e-18,5.0249433e-15,8.2730703e-13,1.7570809e-19,6.367589e-19
1650,1204,139,11,2.3951782e-25,1.4295818e-11,0.0,3.1423244e-29,5.9326394e-05,2.5261009e-09,1.06179286e-16,1.5826116e-14,2.650812e-13,5.385098e-08,3.829649e-23,0.999939,2.7336761e-12,3.3103236e-12,2.5693392e-16,2.7685156e-21,2.4392077e-09
1651,214,1205,11,1.8063597e-20,9.213549e-10,0.0,4.0271002e-24,7.022536e-13,2.0759512e-07,7.2580376e-14,4.450942e-20,8.386531e-11,1.8418662e-14,6.135464e-25,1.0,7.430282e-11,2.4217341e-14,1.7355351e-14,5.748501e-16,8.2064813e-13
1652,1205,1206,9,9.3332805e-20,3.7493178e-10,0.0,2.591493e-19,2.0469889e-07,0.007006757,1.0473702e-10,1.0289163e-17,2.5700962e-07,0.9927821,5.659237e-20,1.6692784e-05,1.1044917e-13,0.00019485502,5.257573e-12,7.3833667e-07,8.445169e-15
1653,1206,226,9,2.7976356e-29,3.0139857e-16,0.0,3.5293272e-32,7.3650694e-14,5.52849e-12,2.6472843e-21,3.852691e-19,2.0737562e-13,1.0,1.34488e-26,6.782044e-14,1.3872697e-18,1.7876436e-15,3.522186e-17,2.5190755e-17,1.7567056e-19
1654,531,1207,9,1.0560034e-18,2.366817e-14,0.0,5.781789e-26,1.14567094e-07,0.0037501466,1.8296663e-15,7.978544e-14,2.423875e-09,0.9962496,2.79419e-22,3.8762573e-07,9.7708414e-17,1.4643449e-09,3.4995037e-14,3.4041381e-13,5.4768727e-16
1655,1207,1208,9,4.64765e-15,2.716525e-11,0.0,1.6794394e-21,1.2171133e-11,0.029959984,2.7942565e-13,6.8063835e-17,1.4711918e-10,0.9700359,5.498376e-22,2.6009782e-06,5.8178564e-17,1.6914534e-09,1.3032758e-08,4.6329315e-11,2.094536e-19
1656,1208,1209,5,5.0892158e-17,4.015164e-10,0.0,2.8686494e-21,1.188343e-11,0.9992031,2.738638e-09,2.8186796e-18,1.126622e-09,1.2809198e-06,1.5047203e-16,0.00075087807,6.622586e-11,1.0074474e-07,4.6440757e-05,8.237989e-09,9.696257e-15
1657,1209,310,11,3.0229271e-27,1.0746303e-13,0.0,8.266808e-28,6.422695e-05,9.181397e-13,6.451448e-13,6.4384663e-13,5.6074915e-12,2.1931082e-16,2.1971304e-21,0.9998474,1.7470484e-12,1.045463e-16,4.3680764e-16,2.9305495e-18,8.9972906e-05
1658,214,1209,11,5.07802e-27,2.2420214e-13,0.0,4.5164498e-27,3.2115237e-05,3.734727e-11,6.697015e-13,1.3327753e-12,4.1101709e-13,3.887401e-18,2.9430444e-23,0.9999695,2.763089e-16,4.8075503e-13,1.4177877e-16,2.178815e-24,3.5734365e-10
1659,94,1210,11,8.320668e-25,5.4267965e-15,0.0,1.0295346e-21,2.11707e-10,1.430152e-07,8.354333e-14,7.476665e-16,1.4712865e-11,3.0777387e-15,9.158736e-19,1.0,4.9102927e-11,5.527971e-13,1.6250375e-15,5.099304e-16,2.4237667e-07
1660,1210,1211,11,6.815412e-21,1.08431045e-07,0.0,1.2596254e-18,7.6242973e-10,2.0197402e-07,8.0077826e-15,8.484993e-13,9.046957e-12,1.9377984e-15,2.0608502e-21,1.0,4.1319438e-13,6.2849547e-13,1.9238017e-10,7.323297e-18,1.4249987e-09
1661,1211,286,12,3.4618125e-27,5.0032825e-11,0.0,2.833271e-29,8.003157e-11,4.769605e-15,1.111974e-14,4.3053457e-16,1.4423442e-12,6.7872644e-20,1.2869274e-24,5.5009377e-06,0.9999923,1.755311e-13,3.2039657e-10,3.33125e-20,2.3494833e-06
1662,462,1212,1,3.0128324e-26,0.999386,0.0,3.709742e-23,9.741811e-10,8.55866e-12,1.857734e-16,1.7544046e-16,6.7480765e-12,4.7303016e-16,1.3490835e-18,0.0006133657,1.35551386e-14,1.0996314e-14,1.0307869e-16,4.551199e-18,1.3113913e-13
1663,1212,1213,1,3.512027e-26,1.0,0.0,8.473857e-30,2.2218874e-11,1.0494757e-14,3.7698743e-15,1.0202157e-18,2.0071935e-11,1.2518214e-19,2.5966037e-23,4.531365e-10,1.9141642e-14,2.2477343e-12,7.889495e-16,1.7546761e-19,7.1642015e-16
1664,1213,1214,1,3.2978756e-24,1.0,0.0,1.6323963e-27,2.6383997e-08,6.33157e-12,9.071964e-15,5.396033e-17,4.5176607e-10,3.2451403e-22,7.7307677e-22,1.6299187e-13,1.1607081e-12,1.615876e-08,1.3661983e-13,8.6139317e-16,3.4591065e-12
1665,1214,1215,1,7.468817e-26,1.0,0.0,1.0813497e-28,9.551455e-10,1.343295e-12,3.9115494e-15,2.2301772e-17,1.7225197e-09,3.750779e-24,9.766303e-23,3.6846666e-15,3.737533e-12,4.078629e-09,4.5271374e-15,3.509356e-14,2.6770795e-14
1666,1215,1216,1,2.1582127e-28,1.0,0.0,1.4727278e-28,2.7983126e-11,9.824757e-13,1.2257031e-14,5.8785984e-19,2.3807047e-09,2.5377599e-23,3.4098933e-22,3.623819e-16,1.37320615e-11,2.175882e-10,1.1209171e-15,5.0521726e-10,3.610104e-16
1667,1216,418,12,4.785705e-27,5.1817567e-10,0.0,3.5296204e-34,1.5019442e-09,1.4679981e-15,4.015808e-17,2.0110893e-16,1.5791782e-09,3.8790888e-19,2.2391722e-23,1.7193893e-08,0.9999962,4.4118792e-11,1.659605e-09,1.9141193e-15,4.3342548e-06
1668,46,1217,11,3.8917828e-23,1.785399e-10,0.0,2.1300744e-30,6.1968655e-07,1.8038781e-08,1.0066333e-14,1.3620552e-14,9.085821e-14,2.0095408e-08,1.8992275e-26,1.0,1.8904538e-17,1.1877601e-08,2.5349934e-15,5.5231217e-21,1.4268243e-12
1669,1217,1218,9,5.774261e-30,8.366142e-12,0.0,4.8615686e-35,4.633849e-12,1.5724688e-10,2.230087e-14,2.224162e-17,5.740248e-13,0.9999962,7.741656e-30,4.450108e-06,1.2551132e-16,2.0754569e-10,1.2532826e-13,2.8346694e-19,1.526113e-11
1670,1218,34,9,8.136352e-34,8.267512e-18,0.0,2.4324097e-36,3.2762345e-12,4.6154395e-12,1.7240763e-18,2.2619372e-18,2.1548757e-14,1.0,7.679033e-31,4.0918012e-11,5.752073e-17,7.896753e-12,1.8367406e-14,1.0498825e-17,1.1212122e-11
1671,247,1219,11,1.1622746e-23,6.3109566e-11,0.0,1.3644288e-26,1.177402e-09,4.4173862e-11,1.1726699e-14,4.9761132e-14,1.5219638e-16,3.5154725e-18,3.2340132e-25,1.0,1.1786104e-17,4.2184273e-12,1.28294696e-17,2.7941292e-20,8.844029e-12
1672,1219,1220,11,4.359231e-19,6.4443134e-06,0.0,4.0680278e-26,3.187487e-08,5.5423907e-06,0.0030535264,3.8566584e-13,2.8789485e-10,0.02053611,2.23506e-22,0.9763731,4.2846403e-14,3.158405e-06,2.0369658e-05,7.714593e-15,4.1394483e-08
1673,1220,1202,9,2.455043e-29,1.6808665e-16,0.0,2.2433843e-33,5.7403355e-13,3.7259207e-10,3.192212e-13,1.4298549e-18,2.4602098e-13,1.0,2.141063e-31,1.4052516e-10,1.1524274e-19,4.4539877e-10,3.378939e-11,7.025255e-17,2.3154632e-10
1674,247,1221,11,2.6472964e-27,1.7335348e-09,0.0,1.1465042e-25,3.577433e-10,3.953171e-10,7.942889e-15,1.820144e-14,4.78767e-15,1.581815e-14,6.7568155e-25,1.0,3.5959413e-12,1.1743543e-12,1.0409337e-17,3.653157e-18,2.2964156e-13
1675,298,462,16,6.919593e-22,8.2940314e-14,0.0,8.447707e-24,2.6844056e-11,4.9780954e-11,8.2178e-18,2.933736e-19,3.8323655e-09,1.8274899e-15,1.5479631e-21,3.1759977e-05,6.906518e-13,3.1134763e-12,3.4728416e-13,7.034798e-18,0.9999695
1676,462,1221,1,2.9331335e-25,0.9998397,0.0,6.226285e-25,3.600078e-09,2.0731127e-12,4.769046e-13,3.632016e-14,3.0702136e-13,2.6986703e-16,1.7807153e-22,0.00016206573,1.124104e-13,2.7970733e-12,1.0077667e-14,2.149285e-18,1.5693668e-15
1677,1221,1222,1,1.4556363e-21,0.99983215,0.0,1.3259979e-23,2.78496e-10,6.6983728e-12,1.4356e-09,1.9755776e-18,8.6774327e-13,1.8705898e-10,7.471176e-20,0.00016723514,9.4634815e-15,3.6787278e-14,2.345565e-10,2.4123164e-17,1.2116759e-09
1678,1222,1223,16,7.8361413e-22,7.833123e-07,0.0,2.4100605e-19,1.542688e-05,3.2642363e-14,4.849676e-13,4.726189e-16,6.9907663e-10,8.982506e-21,1.7532426e-21,1.2965398e-11,7.608975e-13,2.2100446e-11,2.9960975e-12,4.449546e-14,0.99998474
1679,1223,202,9,3.5251178e-31,3.656953e-16,0.0,1.7614725e-31,5.2829876e-11,1.0571206e-09,1.2922999e-16,4.7461167e-16,1.8936001e-10,1.0,2.7257725e-27,7.521765e-12,3.9088474e-16,1.87454e-10,4.61689e-13,1.6279924e-13,2.4056696e-12
1680,82,1224,5,2.00512e-18,1.8405747e-13,0.0,3.3118095e-22,8.955531e-09,0.99992365,2.7153625e-20,1.5304522e-16,3.3511807e-07,7.429115e-05,4.2079973e-19,9.6609575e-08,2.0069213e-15,1.715319e-10,1.1356383e-12,1.115725e-08,1.0266831e-14
1681,1224,1225,5,8.356256e-19,2.0392822e-13,0.0,1.2418614e-27,1.3080366e-09,1.0,6.1960095e-16,2.037163e-17,1.2827662e-09,1.1646718e-07,1.7032273e-21,2.973559e-08,1.7514747e-17,9.404157e-11,6.3631326e-08,1.3456834e-07,2.1552921e-13
1682,1225,1226,5,2.3203347e-18,2.3424969e-11,0.0,6.880304e-27,1.9438066e-11,0.9999962,2.0262642e-19,4.817527e-17,6.370194e-10,3.0145966e-15,7.497646e-19,4.3471205e-06,1.7774261e-12,1.04790975e-10,7.0019266e-09,9.583729e-08,4.5902087e-08
1683,1226,298,11,7.981762e-24,1.6418184e-14,0.0,4.8899973e-24,3.4992343e-08,1.4380063e-09,3.1532741e-15,1.2755704e-14,3.5628533e-14,2.3003111e-18,5.890599e-22,0.99958426,9.810836e-11,5.7451876e-17,1.2015191e-14,6.7170312e-18,0.00041612735
1684,298,94,16,2.685371e-24,2.161967e-16,0.0,1.057694e-23,4.334579e-09,5.415511e-13,1.0431371e-15,2.6929118e-16,1.2847e-10,1.9012016e-16,1.6673156e-23,9.518961e-05,3.8491373e-11,1.12983206e-10,4.677656e-15,6.969247e-19,0.9999047
1685,106,310,4,2.5504468e-21,1.0070205e-08,0.0,1.65233e-29,0.7980211,3.34256e-16,4.4068665e-11,0.00011756636,8.20273e-12,8.226458e-18,2.1708776e-22,0.0007584348,7.2214766e-13,1.643889e-11,1.790138e-11,1.4369454e-20,0.20110357
1686,418,286,14,2.6306533e-14,3.8522497e-12,0.0,6.3538464e-37,7.9075074e-10,2.0443862e-11,2.2364432e-06,6.275958e-17,2.0391798e-14,3.0102139e-18,9.498723e-27,6.340392e-12,4.029228e-13,6.776502e-05,0.99993134,1.1735262e-19,5.308671e-16
1687,1227,58,16,7.3111124e-22,2.9736755e-06,0.0,2.469711e-25,0.21005003,5.405432e-08,2.9617477e-18,3.688281e-15,1.6088642e-08,0.013055287,1.7812597e-21,0.1512045,2.3934177e-08,9.692478e-09,1.184653e-13,1.3397291e-18,0.62568855
1688,259,1212,1,4.0855463e-30,0.9999695,0.0,7.279488e-32,7.142829e-10,1.5668678e-13,3.2315893e-14,1.8410415e-17,2.3417731e-11,2.3497083e-20,5.9060787e-22,2.9280436e-05,2.9020437e-06,4.3608243e-13,7.030547e-14,2.9167344e-16,4.9245577e-15
1689,1227,1228,1,2.9009654e-24,1.0,0.0,2.235193e-25,1.1387244e-09,2.5699144e-11,5.7179005e-17,1.8805763e-19,2.7188385e-10,5.3309285e-10,4.3969587e-19,8.210828e-07,2.66589e-14,9.955495e-18,2.6802036e-16,8.662012e-15,9.152408e-13
1690,1228,1229,1,1.1211472e-24,0.99992365,0.0,3.4094625e-23,2.248392e-07,1.4927309e-09,2.4516562e-13,8.0719386e-16,1.6773825e-08,1.5221636e-13,1.8031613e-17,6.6258626e-06,2.4202707e-10,1.595226e-13,7.598363e-12,6.939664e-05,3.9355064e-10
1691,1229,166,15,3.8393958e-28,1.7254291e-06,0.0,2.0173095e-27,2.815983e-10,5.0774634e-10,8.52249e-21,2.4068198e-17,1.5055015e-08,2.360649e-22,3.3486375e-22,1.004801e-11,0.000312372,5.402484e-08,1.4387432e-14,0.9996872,1.9111654e-14
1692,166,1230,15,8.516543e-21,4.233052e-10,0.0,2.4012825e-23,6.7669715e-12,3.973789e-05,2.2493926e-17,2.500433e-11,3.1300132e-07,4.9495725e-21,1.2208018e-24,2.0486517e-08,6.17259e-14,1.5827771e-11,3.4930336e-15,0.999958,1.9990492e-17
1693,1230,1231,0,0.9868842,6.63487e-05,0.0,8.136441e-20,1.6688284e-10,0.0010496418,1.2032023e-14,3.2191887e-13,0.0010761825,2.580314e-21,1.2974336e-21,2.816144e-10,2.4192898e-12,2.4308859e-08,6.808771e-10,0.010925425,2.2273262e-12
1694,1231,178,5,3.9271773e-13,7.031201e-11,0.0,7.034278e-21,2.0572361e-07,0.732079,1.1408289e-09,3.2510314e-11,1.802639e-09,1.3442002e-15,2.8770306e-23,2.9603766e-06,2.677744e-06,0.014159978,4.0123723e-05,0.253714,1.6774106e-20
1695,178,1232,11,4.9930735e-22,1.5029594e-08,0.0,3.1669243e-20,0.00738186,6.558012e-08,4.2862766e-06,0.0019586787,1.08275713e-13,1.5184654e-18,1.4441481e-22,0.99059933,8.4569764e-13,5.5560264e-05,3.973034e-11,3.6112686e-12,1.1135525e-15
1696,1232,190,13,2.9209216e-23,4.6554183e-09,0.0,9.512335e-24,0.00015669408,1.460197e-06,9.063673e-05,9.122603e-06,8.574411e-12,5.6482374e-20,3.3089323e-21,4.7519225e-05,1.1994665e-08,0.9996186,1.2418878e-08,7.41858e-05,9.493451e-16
1697,537,1233,12,3.2548542e-33,0.022415208,0.0,1.2307694e-19,0.00020396961,6.5198164e-10,5.862668e-14,7.68867e-10,0.07138691,1.17956755e-11,1.2518187e-16,1.8703224e-06,0.9059924,1.312872e-07,1.3047907e-19,9.810439e-08,1.0782477e-06
1698,1233,384,8,1.314142e-26,0.006920214,0.0,6.044191e-25,4.8787692e-06,2.0443355e-07,1.5278471e-13,1.7372757e-08,0.99075043,1.8231251e-14,2.6202395e-20,5.9835324e-11,0.002165159,0.00015820403,2.0503466e-17,2.2396263e-07,1.8889477e-09
1699,494,1234,12,2.1458363e-25,5.0062545e-06,0.0,7.4314125e-27,8.423845e-13,3.1980732e-14,2.0774187e-20,4.1659083e-13,1.6600633e-06,1.25937424e-20,2.675148e-23,5.1043773e-11,0.9999923,1.5451215e-11,4.513926e-16,7.482001e-16,5.6998156e-13
1700,1234,396,12,5.2395853e-30,1.3603393e-10,0.0,6.073739e-22,1.2883142e-14,9.579815e-16,2.0536225e-21,5.2179515e-12,4.472139e-09,3.5788307e-22,1.7716244e-20,6.726965e-15,1.0,1.5184345e-13,1.10462185e-14,4.291027e-18,1.6967919e-16
1701,166,1248,15,1.1118648e-27,6.4121055e-13,0.0,2.4965324e-28,2.4166295e-15,8.837444e-10,1.1882644e-21,7.372216e-16,2.7897196e-09,2.740007e-24,4.305993e-28,4.6693835e-15,1.3831808e-13,7.872303e-15,1.6811984e-18,1.0,1.27360215e-20
1702,286,1235,12,1.3993124e-27,2.3320246e-15,0.0,2.772596e-28,5.0738294e-15,1.7530464e-16,1.2298449e-19,5.104571e-19,3.1460834e-11,6.4395183e-22,1.7903874e-22,1.7742634e-11,1.0,1.5551542e-14,3.3197826e-12,3.3665068e-21,3.7475018e-10
1703,1235,1236,14,8.989412e-10,2.6308255e-13,0.0,2.0684908e-20,1.1731399e-14,8.683013e-09,2.2001934e-12,6.1216684e-18,1.6328621e-06,1.2670918e-16,9.082065e-17,5.8084055e-11,1.5659704e-07,2.8289042e-09,1.0,9.718953e-16,1.1424684e-13
1704,1236,494,12,2.2136772e-22,4.647017e-13,0.0,3.3394501e-31,1.7031107e-13,7.9034246e-13,7.940056e-19,3.612877e-14,2.5128116e-07,1.0814243e-20,2.8341958e-25,3.1575177e-11,1.0,1.6720957e-12,7.5697495e-12,3.6144172e-16,6.3417466e-12
1705,178,537,15,7.464586e-30,1.4517995e-09,0.0,6.2889298e-30,1.6890299e-12,9.522037e-11,4.990053e-19,1.3752445e-20,4.6359108e-11,2.0099676e-18,3.9225569e-25,6.578108e-15,1.3376128e-10,1.9002654e-13,3.6530017e-19,1.0,2.4517904e-18
1706,190,1237,5,2.3540878e-19,8.3698296e-08,0.0,7.808885e-25,1.02562204e-07,0.8075635,4.2206565e-08,6.979748e-14,9.820853e-07,7.691984e-18,8.092486e-20,2.4964806e-09,1.8464497e-10,0.08550284,6.5642507e-06,0.106926784,6.997145e-17
1707,1237,1238,8,4.9057744e-06,4.274619e-13,0.0,2.5637145e-20,1.7461108e-10,5.5916807e-06,1.6907847e-14,3.2858481e-15,0.9999886,2.0534413e-22,8.986204e-22,3.023583e-13,9.9776e-15,2.1187808e-12,4.633203e-16,1.2815497e-07,8.524133e-17
1708,1238,1239,8,0.0015048276,4.1490218e-11,0.0,6.564601e-21,1.06311744e-10,1.28519e-10,1.4662424e-13,1.7584388e-15,0.99849427,4.924286e-26,1.3731326e-19,5.49987e-13,3.3551357e-13,5.321658e-12,7.1928417e-17,5.2404327e-12,1.7415702e-14
1709,1239,384,8,9.036927e-18,2.5851572e-09,0.0,1.1132999e-26,3.998887e-09,1.5169886e-11,4.8112282e-17,4.029999e-12,1.0,6.154446e-19,1.7038317e-21,2.0780138e-12,1.4311718e-08,4.789329e-09,2.5682601e-17,5.42331e-11,3.2644795e-10
1710,384,1240,8,1.4006097e-20,5.184935e-12,0.0,5.815979e-29,1.8161439e-12,2.8216743e-08,3.1420065e-18,1.0966273e-15,1.0,1.328204e-17,2.9718467e-23,8.113159e-14,1.1814118e-07,3.3323724e-10,1.877591e-15,5.1436317e-09,1.7189847e-13
1711,1240,1241,8,1.6777684e-13,8.6680324e-14,0.0,9.914496e-24,1.1571928e-13,2.980982e-11,3.0104023e-15,2.7870237e-16,1.0,8.266735e-23,2.5848036e-23,2.0740628e-11,7.6074186e-10,3.953478e-15,1.9466511e-16,3.5096294e-11,9.102295e-15
1712,1241,396,12,9.677407e-31,8.2755085e-15,0.0,2.0230914e-25,8.988562e-16,3.6193193e-14,9.8607684e-20,1.04506025e-16,2.4864087e-07,3.0068664e-23,1.08401845e-19,8.180032e-15,1.0,3.9717743e-12,7.5689125e-12,2.9047173e-18,6.0314324e-17
1713,537,494,13,2.730405e-11,1.0550907e-08,0.0,5.850682e-25,1.6930257e-05,0.00028561498,4.795808e-06,5.4133714e-10,5.980692e-07,3.8377062e-16,4.0112714e-27,6.6192773e-11,8.3253167e-07,0.9988487,0.0008423209,7.100998e-08,2.4082746e-14
1714,396,1242,12,7.179844e-33,4.774912e-11,0.0,7.476065e-24,1.6506588e-16,1.7409649e-15,3.4949138e-22,2.197689e-16,6.4232704e-09,4.256907e-24,8.126953e-19,5.5100696e-15,1.0,2.1267386e-14,6.653849e-14,7.527828e-18,2.8910002e-17
1715,1242,1243,12,5.5736505e-26,0.03770417,0.0,1.16347675e-23,5.2962205e-05,4.7294835e-11,1.3383796e-12,8.397746e-09,0.0012340704,1.1372928e-15,2.869712e-13,4.071904e-06,0.9610049,1.757286e-07,8.790518e-11,6.783428e-14,7.156353e-11
1716,1243,480,12,1.829718e-27,0.48104414,0.0,3.844202e-21,4.066715e-08,2.3480728e-09,8.0342753e-16,2.0239327e-10,9.124969e-06,3.2329221e-21,3.2805485e-16,1.0478188e-08,0.5189456,4.909984e-07,1.2310434e-09,6.5093963e-12,4.910526e-15
1717,190,70,6,3.4421663e-19,4.1364426e-11,0.0,4.323246e-26,5.29042e-07,9.584372e-11,0.99996567,2.2518958e-13,3.5527592e-12,8.3620045e-17,1.8024482e-22,2.2212712e-09,1.1835823e-13,1.0501323e-07,3.5304936e-05,1.726436e-14,1.9225054e-15
1718,537,1244,12,3.8396134e-29,6.5972956e-11,0.0,5.1293204e-27,4.2071697e-08,1.10948175e-08,6.2008894e-13,8.374742e-17,0.20858084,2.9623443e-12,7.919383e-22,8.314132e-10,0.79101074,1.5384225e-11,8.3001007e-16,5.1824223e-05,0.00035647745
1719,1244,1245,8,1.900478e-22,1.0567873e-14,0.0,3.317308e-23,4.4537624e-12,1.0518673e-09,2.9270123e-15,3.888547e-16,0.9999923,1.7243312e-20,2.5866125e-20,1.3708054e-09,8.800775e-06,2.4292563e-14,2.7763184e-15,5.0324424e-08,1.9096826e-10
1720,1245,1246,8,5.4863065e-15,4.080797e-14,0.0,1.2708227e-18,9.063252e-14,1.7283918e-08,6.480392e-17,3.2902506e-15,1.0,8.832679e-24,1.551392e-21,3.694768e-10,1.9165365e-09,4.8689704e-14,4.1174953e-15,2.517137e-08,1.9656363e-14
1721,1246,1247,8,7.789883e-15,7.335278e-14,0.0,3.9270962e-16,2.4718855e-12,3.830789e-08,3.838559e-14,3.3795026e-13,1.0,2.9520864e-22,8.221959e-21,1.6927647e-08,8.6425933e-10,2.894892e-12,5.1595e-13,1.2872478e-07,7.322362e-14
1722,1247,1248,15,2.7679523e-31,3.8258432e-13,0.0,4.465783e-30,3.2884597e-13,9.564649e-11,1.0245644e-18,3.374584e-19,1.6891846e-08,1.3605741e-23,1.5678217e-24,2.0239662e-15,2.254694e-09,4.7602512e-12,1.5154297e-15,1.0,1.8866736e-15
1723,1248,418,12,3.137985e-31,3.6830377e-07,0.0,1.1287296e-32,8.6072935e-09,4.1539927e-12,3.9408254e-17,1.0266541e-17,7.0864665e-08,2.2334014e-19,5.766597e-24,9.38852e-13,0.5651202,6.2051613e-09,5.6460363e-14,0.4348807,1.1539903e-09
1724,407,274,14,3.4592147e-18,8.546988e-10,0.0,6.1069698e-27,9.83176e-15,6.222629e-10,2.8422468e-13,1.7483524e-15,2.0271053e-13,1.3853447e-18,5.275845e-16,1.6618576e-12,6.953965e-15,1.7066742e-06,1.0,2.3152727e-22,1.1121224e-14
1725,106,1249,7,2.5917205e-19,4.306983e-11,0.0,4.4713326e-26,0.01995598,1.9796737e-11,0.00027932672,0.97712576,9.169939e-08,1.4172664e-19,1.7291752e-17,0.0026385074,2.1082383e-09,2.053534e-08,8.113689e-13,2.5088786e-19,2.9886127e-10
1726,1249,1250,6,1.7465122e-23,7.2392704e-12,0.0,1.0638117e-24,1.3629809e-06,4.6029757e-15,0.99996185,3.7832047e-05,5.5328202e-14,1.2313359e-22,9.1674914e-23,3.9980305e-10,2.1043547e-19,6.227428e-09,1.9749011e-09,1.6225609e-21,2.86438e-17
1727,1250,274,7,5.2185515e-26,5.970433e-15,0.0,1.5302036e-28,3.3899895e-12,2.7965784e-15,3.973182e-13,1.0,4.5144498e-13,3.1970156e-27,2.8106357e-27,5.2284947e-11,8.717403e-15,1.7570027e-09,4.360304e-15,6.0123255e-23,4.518356e-15
1728,274,1251,7,1.804542e-27,1.2299453e-16,0.0,1.0752372e-28,2.4955408e-14,1.6709199e-15,5.432244e-15,1.0,2.3008238e-15,8.220468e-25,5.6153765e-32,1.5524402e-13,4.6914108e-17,2.83637e-10,4.654476e-17,3.9212223e-19,7.895919e-21
1729,1251,1252,7,2.7667876e-26,2.9186922e-09,0.0,8.892147e-24,1.3215778e-10,2.3967753e-12,3.9742982e-08,1.0,7.044107e-13,3.4173455e-20,4.2845043e-24,2.0947123e-11,2.3687976e-12,4.7587747e-07,1.0346074e-10,2.504724e-15,1.8774755e-16
1730,1252,474,7,4.1253624e-27,5.892674e-12,0.0,2.2561503e-22,1.9567816e-11,4.147119e-13,4.4778803e-14,1.0,3.7019825e-15,5.8730366e-20,1.3404433e-28,1.179446e-11,7.381594e-14,9.5116e-11,1.638064e-15,4.0977876e-13,2.428502e-17
1731,508,1253,11,1.5348012e-17,1.2046686e-12,0.0,8.885297e-24,1.260646e-08,0.00013119528,5.9705343e-19,7.443913e-15,3.3953524e-09,2.7785874e-14,1.6745729e-19,0.9998627,1.1010292e-14,5.7227656e-10,6.2427743e-15,2.7195875e-16,6.863391e-06
1732,1253,1254,5,4.702657e-12,2.6074347e-14,0.0,8.40935e-24,1.0947983e-12,0.9999962,3.4231043e-17,9.54612e-21,5.5730602e-09,1.3443548e-14,4.096188e-23,2.3696364e-06,5.3793623e-18,9.0996544e-08,4.9020392e-11,1.7998739e-12,1.13761265e-17
1733,1254,407,5,5.887843e-12,2.0732438e-15,0.0,1.0941642e-26,1.6634308e-12,0.96931094,1.0540226e-12,9.733751e-17,3.0514127e-07,1.1559972e-13,1.07109504e-19,1.1500666e-08,8.083136e-13,8.648419e-05,0.030601982,1.0184352e-10,4.7724527e-19
1734,407,1255,5,7.290703e-13,1.146916e-09,0.0,1.9424184e-28,4.8518828e-11,0.9961774,1.4152142e-18,8.685219e-12,3.303019e-05,1.9231342e-17,1.8463225e-18,0.0037882777,2.548047e-12,1.318861e-06,1.3382131e-09,6.032431e-14,2.7020312e-14
1735,1255,1256,11,1.688479e-27,2.2193292e-11,0.0,6.973697e-24,1.1816045e-09,0.005472502,4.5334453e-15,9.568676e-16,2.347849e-09,5.9869132e-18,4.8806754e-18,0.99452573,1.8751962e-12,9.591693e-10,3.5529082e-12,3.2994755e-08,2.5351868e-15
1736,1256,1257,1,5.4512534e-32,0.96835,0.0,2.4174426e-21,4.3841055e-07,1.740625e-09,1.0095569e-12,1.8545719e-13,2.3757605e-09,2.4146853e-15,1.8879108e-16,0.031650934,3.16222e-10,1.0486695e-10,2.439511e-12,3.5886547e-10,5.7921177e-12
1737,1257,1258,1,4.0839216e-32,0.9995614,0.0,4.892559e-22,4.802451e-07,5.363648e-10,1.4819543e-12,2.611364e-16,2.2693196e-09,1.702619e-11,1.2136931e-16,0.0004363257,2.8736917e-11,6.1176286e-11,2.440123e-14,7.928016e-10,5.9957275e-13
1738,1258,1259,1,6.724829e-32,0.90691906,0.0,2.2246738e-22,0.00046457967,1.0493749e-08,9.638747e-11,9.217819e-14,3.315004e-09,2.6034956e-09,3.4405308e-16,0.09261758,3.7192163e-11,5.173464e-09,8.1874075e-13,1.1740695e-09,3.3285684e-13
1739,1259,1260,11,1.2969286e-29,0.008878649,0.0,1.0857722e-21,0.05774167,1.6994946e-07,4.0495893e-10,1.5781658e-10,1.2666959e-08,3.3009233e-08,9.397853e-17,0.9333798,2.632021e-12,3.3437978e-08,1.6309014e-13,1.5362367e-09,1.035194e-13
1740,1260,310,11,7.339443e-23,1.657444e-13,0.0,1.8669409e-24,0.035426278,1.9297688e-11,9.2845875e-07,0.045715597,6.2839512e-12,2.6033486e-15,1.6107965e-18,0.9188566,2.110012e-13,2.6703187e-13,1.3921498e-14,5.369053e-17,2.3646157e-06
1741,480,1261,15,3.036201e-15,1.0013177e-06,0.0,1.6237932e-21,9.766075e-09,0.019259315,3.6515036e-08,4.6474644e-11,0.01664258,3.629689e-14,5.8599187e-21,0.0001937181,1.751477e-07,1.0463859e-06,1.39504e-09,0.9639016,1.9770852e-11
1742,1261,1262,1,5.1645987e-21,0.9999962,0.0,1.3812241e-25,5.257077e-10,1.8420324e-09,9.004972e-15,1.2770651e-14,7.5952405e-10,2.0968544e-19,8.04576e-20,3.6219644e-10,2.0939066e-10,2.7736637e-06,5.661517e-08,2.5980832e-13,1.1896888e-13
1743,1262,514,12,1.1287617e-21,1.8445127e-11,0.0,1.766427e-29,2.7418146e-10,4.1579424e-11,1.8957112e-17,1.629414e-07,1.2866876e-08,5.959532e-23,2.328484e-25,6.767425e-08,1.0,9.688823e-08,4.902629e-07,3.244915e-16,4.7916813e-11
1744,474,508,7,6.417203e-22,6.381739e-05,0.0,9.5926386e-26,2.6346585e-08,1.7546213e-13,2.9366942e-10,0.99993515,7.732418e-15,4.293147e-22,5.1056355e-29,8.284784e-10,3.787812e-12,3.037996e-08,1.2066027e-08,3.0756126e-16,7.334978e-12
1745,508,1263,11,1.9000171e-26,3.6864014e-12,0.0,8.652749e-26,1.00227645e-07,4.0931807e-12,9.208531e-16,2.0604696e-09,2.800145e-14,8.132792e-17,1.1024357e-24,0.9999923,4.4832986e-14,1.1096064e-12,1.6993961e-16,2.4017076e-20,7.2160224e-06
1746,1263,514,11,1.6988033e-27,8.036196e-11,0.0,7.88007e-26,6.2984655e-06,3.3191115e-12,1.9412905e-15,2.5105176e-10,1.5593197e-12,1.13413565e-13,2.1600446e-25,0.954112,6.4245102e-12,6.5781896e-13,3.5147137e-15,1.2505383e-18,0.045879822
1747,474,480,7,2.3133708e-25,7.528613e-08,0.0,3.6429664e-20,2.1185241e-10,8.5815274e-16,4.8683735e-15,1.0,1.1855786e-15,3.6407678e-22,5.2750655e-29,3.5253265e-12,9.060249e-13,3.7306508e-13,2.4544425e-15,2.2919149e-15,1.6406717e-15
1748,407,1270,11,3.7130865e-14,4.497449e-06,0.0,2.1086872e-33,0.00017810373,0.0007057345,1.0611953e-13,1.8434998e-11,1.5648842e-06,1.2729183e-11,1.6468966e-17,0.9991116,9.4072744e-12,1.796072e-07,5.6016884e-08,2.6089345e-16,9.158015e-09
1749,508,442,13,1.4207608e-15,4.4403346e-16,0.0,4.2496193e-25,6.4413115e-07,4.0498254e-08,7.806842e-07,4.2735437e-20,2.2816469e-08,5.057906e-15,1.01442206e-25,8.7650415e-10,6.2812977e-10,1.0,2.1033542e-09,8.4869306e-14,1.0780012e-13
1750,514,1264,7,3.210467e-22,1.1508328e-11,0.0,1.2885982e-23,1.0749458e-06,2.5976301e-11,3.7895883e-13,0.9970746,3.3182994e-13,2.5801995e-18,2.1059192e-28,0.0029226227,2.0107263e-11,1.4734713e-11,3.446953e-17,1.900255e-20,2.5851138e-12
1751,1264,1265,13,2.6394179e-07,3.9168e-10,0.0,2.8596342e-22,3.1207392e-06,0.0014988008,2.9583305e-08,4.8654734e-09,2.5776648e-08,6.554662e-15,9.558312e-24,2.8018569e-05,2.8871677e-15,0.99846387,6.597992e-06,3.1926495e-14,3.1692026e-16
1752,1265,1266,13,7.136213e-17,3.206458e-11,0.0,2.4424244e-28,2.062356e-10,1.3575983e-08,2.310229e-12,2.0871671e-18,1.8829476e-09,1.0735469e-16,4.3012878e-25,5.2693787e-12,4.3042705e-12,1.0,6.7669596e-08,3.2538522e-16,5.6390836e-14
1753,1266,436,13,1.836223e-17,2.3449482e-17,0.0,5.173015e-22,1.04783936e-07,3.8789477e-08,2.5743507e-10,3.6470285e-19,1.1947623e-09,4.6206335e-17,8.2207234e-24,5.447683e-15,5.4577226e-10,1.0,5.764359e-07,9.9969505e-08,1.9037741e-20
1754,436,1267,12,2.2674868e-30,2.7857071e-15,0.0,1.4122502e-30,1.17783015e-14,2.1772048e-15,3.2763006e-21,1.2416594e-17,4.8741143e-08,2.005637e-21,2.4629192e-24,5.3300412e-15,1.0,1.2435586e-12,5.7871425e-14,2.168265e-12,4.983074e-18
1755,1267,442,12,9.333407e-31,7.0857416e-14,0.0,2.3027758e-35,7.925784e-16,1.12975914e-17,7.232598e-25,7.480098e-21,1.8381929e-09,2.409164e-23,1.6408654e-23,1.2803423e-15,1.0,8.347234e-13,2.8540223e-14,7.442908e-18,4.6707175e-16
1756,442,1268,12,1.0682385e-27,1.9789404e-12,0.0,3.428382e-33,5.512007e-14,9.532317e-16,2.0416905e-25,2.4245194e-19,1.8337815e-08,2.4794763e-21,9.9198675e-24,4.288095e-12,1.0,2.857851e-11,4.852113e-15,2.882664e-17,9.49624e-16
1757,1268,1269,12,5.1904493e-22,1.4754307e-16,0.0,5.1940886e-24,1.365513e-09,2.9251668e-10,3.2790955e-17,2.0164282e-16,4.9810146e-06,3.215753e-20,3.3979342e-22,1.4699078e-09,0.9999161,8.054759e-05,5.734423e-14,2.0373202e-08,4.3844035e-16
1758,1269,424,12,1.5534707e-28,3.2176124e-16,0.0,5.7914237e-30,7.62845e-12,2.6164905e-15,6.118534e-20,8.725611e-17,6.871288e-10,5.79213e-23,1.6586051e-24,4.922835e-13,1.0,8.9805826e-07,9.945494e-14,5.5027965e-17,1.9597122e-16
1759,424,1270,12,1.2195925e-30,7.671641e-12,0.0,5.626257e-36,5.7481236e-10,1.0320903e-14,4.6030933e-17,3.6807054e-15,1.4885394e-10,9.752325e-19,3.6068447e-22,8.440254e-12,0.9999962,1.9524468e-06,2.337241e-10,7.7339104e-18,8.3990046e-14
1760,1270,1271,15,5.632659e-20,1.01679706e-10,0.0,2.4005852e-24,9.650487e-10,0.00030448943,3.0786075e-15,8.2012066e-17,1.8088956e-07,3.9628627e-11,1.4080554e-21,2.144506e-07,1.50918e-10,2.7679954e-08,2.6853115e-15,0.9996948,7.803621e-16
1761,1271,1272,15,2.3796484e-19,0.009068974,0.0,1.212755e-21,0.001240939,1.8582732e-08,1.0224681e-10,1.0725387e-11,1.1571446e-05,2.8348107e-11,3.07682e-17,9.3485585e-07,3.9824346e-07,6.433969e-07,3.73826e-12,0.98891157,0.0007649375
1762,1272,448,11,4.3635974e-23,4.4567354e-05,0.0,4.814873e-28,0.0015669357,3.1369357e-06,3.4766877e-12,1.2335376e-12,1.981491e-07,8.103035e-09,1.6509215e-18,0.9983839,1.4305394e-07,4.132177e-07,9.399451e-13,1.4241388e-11,2.4443165e-13
1763,384,1273,8,1.0457475e-06,2.7003453e-11,0.0,3.7761913e-23,1.5400549e-11,7.882699e-08,3.138652e-18,1.3433991e-17,1.0,4.3085523e-22,1.6794322e-22,7.235839e-14,2.672006e-16,1.764743e-14,3.588354e-17,1.6984339e-12,1.1689609e-10
1764,1273,262,8,3.6365225e-06,5.395849e-09,0.0,1.0014098e-20,1.515109e-11,4.2010737e-09,6.1606894e-13,1.3675642e-13,0.9999962,4.9129953e-24,8.966831e-20,7.4355203e-13,4.1106194e-16,1.5523352e-11,1.045795e-14,1.00936155e-10,1.1991928e-14
1765,396,1274,8,3.575159e-15,9.466871e-16,0.0,2.6558026e-20,9.720942e-11,1.2906005e-08,8.342192e-16,2.9836725e-15,1.0,1.0827899e-21,1.6008528e-20,7.2493776e-14,9.0402295e-12,5.056715e-13,1.901704e-14,1.7604112e-16,3.861319e-16
1766,1274,328,8,2.734443e-08,3.2240483e-10,0.0,8.70677e-22,8.4960976e-14,1.5931059e-10,2.5457806e-14,4.2226667e-17,1.0,1.1040765e-25,5.045538e-21,1.4206531e-14,3.042384e-13,4.743731e-07,7.565625e-11,8.253597e-15,3.8773657e-15
1767,480,1275,7,8.750427e-21,6.922427e-12,0.0,6.9372706e-23,8.042522e-09,3.885858e-11,1.8777803e-12,1.0,1.8877798e-10,3.6290473e-24,5.6694074e-30,1.5090403e-12,1.7632878e-16,4.1485272e-13,2.6063255e-18,2.706734e-15,5.717162e-16
1768,1275,316,8,1.3116771e-12,1.2505923e-08,0.0,4.7754936e-19,3.0161832e-08,1.5866423e-08,4.060119e-12,2.1783807e-11,0.9999923,1.2250149e-23,6.7123665e-19,1.742809e-11,2.3588133e-14,7.939108e-06,3.0662955e-11,5.047671e-15,2.38749e-16
1769,514,1276,7,4.462702e-22,1.9899916e-13,0.0,2.176897e-23,6.221614e-08,1.9856885e-09,1.3511471e-13,0.9997978,8.9412115e-13,2.8866432e-20,2.4930194e-29,0.00020171868,5.863252e-13,2.0352793e-06,3.61773e-15,1.8097887e-19,2.9940625e-13
1770,1276,322,13,1.7802041e-09,4.3233186e-08,0.0,1.4178498e-20,9.275321e-05,1.0075522e-05,3.1019998e-05,1.0765943e-08,0.057221342,1.3955333e-19,9.0020935e-21,1.2765686e-06,8.1132247e-13,0.9426438,7.71383e-07,1.3534258e-15,1.2555193e-10
1771,154,1277,4,6.297016e-16,4.2367998e-10,0.0,4.7590345e-27,0.9989668,2.1012633e-07,5.290969e-13,5.849909e-15,1.2957858e-07,0.0003038547,2.544752e-21,8.4079555e-05,4.1356064e-11,1.4238809e-07,3.5218832e-06,3.4043833e-14,0.00063991715
1772,1277,1278,0,1.0,1.12733716e-14,0.0,4.5145796e-24,2.0803874e-10,2.4482981e-08,2.8087154e-13,5.2059697e-17,4.717665e-10,3.8998813e-16,5.215718e-29,2.443762e-09,7.858527e-16,2.9700348e-07,1.0285037e-11,6.321294e-18,6.2902694e-16
1773,1278,1279,0,1.0,7.0408566e-13,0.0,3.1774472e-23,6.544203e-12,7.3328316e-10,8.7561723e-13,7.157966e-18,6.091695e-08,1.2955713e-25,2.9590253e-26,4.3348018e-13,1.5784181e-18,1.2995326e-08,3.676341e-15,4.8314334e-20,3.9882006e-20
1774,1279,262,13,3.793666e-06,8.0067636e-10,0.0,1.0134021e-23,1.6733898e-06,1.1359261e-09,2.509545e-07,8.75227e-12,0.02614233,3.0551995e-21,5.0717026e-22,3.6198788e-10,1.466573e-12,0.973851,1.5448588e-08,6.475862e-12,8.354752e-13
1775,262,1280,13,4.9565514e-18,2.0432324e-11,0.0,8.073899e-26,5.8157116e-07,6.692527e-11,2.503085e-12,4.002777e-10,1.127896e-07,1.9924628e-18,4.540548e-27,9.847989e-12,3.778109e-15,1.0,6.931653e-11,1.4156666e-12,1.1264118e-16
1776,1280,1281,13,2.8384528e-14,9.456068e-11,0.0,9.355415e-28,2.074533e-08,1.2980937e-11,2.3468024e-08,3.7079256e-11,7.6351006e-09,1.5004068e-20,2.7049318e-27,3.0009692e-13,1.1275779e-14,1.0,2.8581262e-09,2.7117287e-13,1.9278647e-17
1777,1281,328,13,1.1081339e-13,3.4967354e-10,0.0,6.108923e-28,1.142627e-10,1.053175e-11,5.2488014e-10,8.390368e-12,2.8656294e-07,1.6265238e-25,5.2075967e-25,3.4736405e-11,2.8111838e-11,0.99998474,1.3606802e-05,4.5206618e-17,9.207241e-14
1778,328,1282,13,4.268632e-16,8.672155e-09,0.0,1.2743328e-25,9.503377e-09,2.9853084e-10,1.0304362e-10,9.910619e-13,3.7058808e-08,7.5313825e-20,2.821619e-24,1.9507148e-11,3.1112903e-13,0.999958,4.1029503e-05,3.74372e-15,9.182303e-14
1779,1282,1283,13,3.5175142e-24,3.6722014e-10,0.0,9.641105e-25,1.4615895e-07,2.030902e-09,6.806838e-13,8.059208e-14,5.2081386e-08,4.6166844e-18,1.9755481e-25,2.0152624e-13,3.9714854e-05,0.999958,4.246515e-07,8.548712e-11,1.8947967e-13
1780,1283,316,12,7.004521e-23,1.2302816e-11,0.0,5.619122e-26,6.896633e-09,1.4290855e-11,5.6877115e-15,7.168986e-16,0.00014841667,1.596028e-22,4.4196175e-23,2.1454157e-13,0.8189925,0.18085697,4.2021034e-07,1.8887945e-11,2.143247e-14
1781,316,1284,12,4.587456e-25,7.2017553e-12,0.0,2.1038987e-25,3.5311581e-10,3.1996245e-13,2.606763e-18,1.7197494e-16,6.797155e-07,2.3496636e-20,4.571877e-23,3.5105213e-14,0.9998474,0.000152779,5.8418093e-09,7.460299e-12,9.960515e-17
1782,1284,1285,12,2.6781201e-30,3.2232086e-12,0.0,1.312523e-27,9.977768e-12,4.3738355e-13,9.248912e-16,5.2465226e-16,1.8015201e-07,3.2257433e-19,5.4728697e-21,3.6752915e-14,1.0,1.5503684e-06,1.2111953e-09,3.4876543e-15,9.361403e-15
1783,1285,322,12,4.991246e-29,1.5831422e-15,0.0,3.872576e-30,6.3036294e-15,8.1245124e-17,4.8524784e-17,5.6836443e-19,3.929821e-10,2.9942935e-26,2.509858e-24,3.1490445e-14,1.0,1.2946815e-11,7.2431375e-12,9.11869e-17,2.174249e-16
1784,322,1286,12,1.8998143e-26,1.04992825e-14,0.0,1.7127738e-27,7.939591e-14,1.1333332e-17,1.0089736e-16,5.0606532e-20,1.0479267e-08,5.0909647e-24,6.0333668e-24,1.4286318e-13,1.0,3.1870064e-12,1.2181252e-12,2.9101548e-16,7.313896e-16
1785,1286,1287,8,2.9522498e-18,9.4293025e-11,0.0,2.0466338e-18,3.6443296e-12,2.5633278e-09,4.2905898e-16,1.3268727e-16,1.0,4.4347172e-15,1.2847436e-18,5.706217e-11,5.506646e-07,7.2521747e-13,3.1428626e-15,1.024212e-12,5.486803e-17
1786,1287,1288,8,8.29193e-10,5.661498e-07,0.0,5.4210105e-20,2.2341126e-08,5.0630615e-07,3.8792988e-10,7.313433e-13,0.9999962,1.9185078e-20,2.6259616e-21,8.8484717e-07,2.590721e-12,2.1776518e-09,8.366991e-15,4.2064893e-11,2.5084812e-08
1787,1288,232,15,1.9240559e-20,1.5825296e-11,0.0,8.410088e-24,2.968191e-13,5.7589773e-06,4.767371e-21,9.6620195e-17,2.4870358e-06,2.1827016e-15,3.4217603e-24,5.4377547e-09,3.645331e-12,1.7882326e-12,2.9633262e-13,0.9999923,1.9005002e-14
1788,115,1259,11,2.4298e-24,6.857208e-08,0.0,2.9256421e-28,0.0007071574,2.4890016e-05,2.4633527e-08,4.8759975e-06,1.1050973e-08,9.330618e-11,1.908384e-20,0.9966525,3.446929e-08,0.0026091705,9.783329e-11,4.7514387e-10,4.3033994e-20
1789,448,151,16,3.4076453e-21,1.628596e-12,0.0,1.4877654e-20,5.6484446e-08,2.850758e-14,4.2819175e-19,4.4302174e-16,5.237797e-11,1.856689e-20,4.8567045e-23,1.4373919e-09,5.4084528e-12,5.1258334e-14,3.0201645e-17,9.4645036e-20,1.0
1790,115,151,16,7.852188e-20,6.177866e-14,0.0,7.8809463e-25,1.0187238e-08,1.170637e-13,1.1644704e-17,1.1777146e-12,1.0046126e-12,4.0716245e-21,4.675596e-26,1.7670111e-09,8.669566e-11,4.2448494e-13,3.6653785e-14,1.1547613e-16,1.0
1791,139,151,16,5.5578536e-26,4.6548357e-15,0.0,6.190396e-28,7.2859496e-09,1.5064317e-16,1.3878083e-20,1.4989504e-17,2.3064986e-13,9.427215e-19,2.5332778e-26,3.7045433e-09,6.0430176e-13,1.6883982e-16,4.4387384e-18,7.495555e-20,1.0
1792,214,1289,16,8.283638e-27,2.5741809e-12,0.0,1.571086e-22,0.006244384,1.1478333e-12,9.772097e-12,1.0869889e-09,1.1852729e-12,2.0716124e-18,3.2867389e-22,0.045851827,2.2111617e-15,1.08288534e-13,1.1442997e-14,1.2352783e-22,0.94790477
1793,1289,115,16,7.020247e-24,2.9709353e-11,0.0,3.7363324e-21,0.05605703,5.84055e-13,2.0859807e-11,0.0001506688,2.6462957e-13,2.8022566e-17,4.522944e-22,0.016520312,1.312172e-13,4.1771748e-13,7.5455744e-16,6.472544e-22,0.92727214
1794,436,430,12,3.4731727e-21,2.8314345e-14,0.0,1.1223813e-21,1.9393784e-10,4.64413e-12,4.1005175e-16,2.997143e-16,0.0025605208,1.2544027e-19,4.1937488e-20,4.6917813e-12,0.9974398,2.682782e-08,6.047325e-11,4.5030063e-08,5.1948165e-11
1795,1264,374,6,3.435554e-12,4.954091e-12,0.0,1.1320286e-24,1.4005381e-08,0.00022286954,0.72199774,3.8252137e-14,7.579449e-07,7.328754e-16,1.9958374e-21,0.00042471365,1.2898553e-11,0.009920352,0.2674321,8.364182e-15,6.8531247e-09
1796,374,1286,6,5.3444994e-14,2.7499045e-15,0.0,1.02053524e-25,2.2317608e-09,4.1045523e-10,1.0,2.7225193e-20,1.7342831e-08,4.3319635e-18,1.526666e-26,8.064176e-10,3.115191e-17,3.4541307e-07,9.239706e-09,3.9696437e-17,2.26766e-15
1797,374,1290,8,2.6467224e-11,3.565896e-08,0.0,2.9905068e-24,1.03655045e-11,0.024513988,3.4502767e-12,1.5688339e-15,0.97548705,1.1868603e-13,2.0850293e-23,2.9865188e-08,1.1448035e-11,3.2637204e-10,5.510877e-12,3.8831967e-08,1.4013087e-14
1798,1290,1291,8,2.236459e-22,4.1415104e-11,0.0,1.3202314e-19,2.6330721e-07,0.362635,1.2164367e-09,5.9839055e-16,0.6366919,1.2295516e-08,1.3139768e-18,8.345508e-07,1.6026983e-05,4.9182556e-05,3.6170057e-11,0.00060576433,9.1094785e-09
1799,1291,430,15,1.4526985e-26,2.432965e-15,0.0,2.9873424e-28,1.089639e-14,8.0227585e-09,1.9134439e-19,8.1316047e-19,4.012682e-11,1.5745785e-14,1.640143e-26,1.4421406e-12,4.5108863e-13,1.5532813e-13,5.4548393e-14,1.0,4.779e-16
1800,70,154,4,2.3379029e-23,2.646373e-08,0.0,1.6847135e-29,1.0,1.4131851e-19,1.5005175e-10,1.2060578e-11,2.6642009e-15,1.9485635e-13,4.126949e-21,2.8859338e-08,4.9266645e-14,3.3272517e-11,4.359215e-11,2.795582e-18,6.163812e-07
1801,430,232,8,3.1713885e-18,1.86509e-09,0.0,2.0484862e-17,3.389665e-05,7.7847645e-10,2.5280016e-15,1.5343522e-15,0.9989705,5.7593714e-14,3.23495e-18,3.3278916e-08,7.476664e-09,4.1990408e-08,3.5778368e-13,4.5187836e-09,0.0009947367
1802,139,214,16,5.6884334e-28,1.5105815e-15,0.0,2.7411216e-27,1.2085681e-07,1.28244295e-17,2.2046731e-18,2.6515776e-15,1.5164222e-14,2.0831903e-18,3.6385393e-26,1.28894e-08,3.40842e-13,5.593847e-17,2.212981e-18,9.378169e-22,1.0
1803,46,247,16,3.0432752e-22,1.8453362e-11,0.0,8.536269e-25,6.326917e-10,2.684613e-09,1.6487078e-16,1.9036584e-12,3.7042574e-07,2.3703914e-17,7.604851e-21,0.0036114089,0.16262583,3.5003154e-08,1.5553217e-12,5.7237435e-19,0.83376414
1804,259,247,12,4.791362e-22,6.0138526e-11,0.0,2.6266665e-26,3.5620843e-11,8.1980456e-10,2.2987047e-19,1.1934531e-12,1.00895505e-07,6.5250106e-19,5.6920103e-22,0.00020088014,0.9916238,2.1939465e-07,3.16712e-11,1.3431262e-19,0.008173375
1805,259,58,12,3.199396e-26,2.953942e-09,0.0,4.739007e-31,7.1408914e-11,2.470329e-13,9.476968e-20,4.392309e-14,4.862799e-10,3.2700806e-22,4.6515734e-21,2.454079e-06,0.9998856,4.5287425e-08,3.3448402e-10,7.002975e-22,0.00011376203
1806,30,1292,9,1.3896719e-29,5.215874e-15,0.0,1.3135586e-29,1.1645708e-09,5.148861e-10,1.7153796e-23,8.884492e-22,5.7569963e-11,1.0,1.4348522e-21,6.4365635e-13,5.6048567e-21,2.494965e-14,9.722512e-16,7.1828035e-14,6.053479e-10
1807,1292,204,9,5.9337154e-31,5.517997e-16,0.0,3.094569e-33,1.1079729e-10,1.492294e-11,1.2903397e-23,4.590158e-22,6.099409e-14,1.0,7.6893995e-26,1.8603139e-14,1.4609039e-22,1.684724e-13,5.241022e-16,6.1321464e-16,1.6441609e-12
1808,204,78,9,1.1630469e-22,2.1956774e-09,0.0,7.649052e-27,0.26252577,1.1339563e-09,7.604104e-12,1.5119998e-15,4.4267506e-10,0.7374607,1.5805535e-15,8.165065e-08,3.606156e-15,3.8635785e-06,2.9968368e-07,7.2849203e-13,8.02528e-06
1809,527,228,9,6.02084e-23,9.370319e-11,0.0,5.829014e-30,1.3612349e-06,7.171941e-08,1.1674089e-12,2.104888e-16,1.4906092e-08,1.0,2.3576065e-15,7.360966e-11,6.505539e-15,2.4437073e-08,4.6794546e-09,1.2610613e-13,7.3820276e-11
1810,228,123,9,3.0283053e-27,1.3959534e-12,0.0,5.2837668e-36,2.0888608e-06,2.1142432e-12,6.789897e-15,1.5216801e-15,2.9027893e-11,0.9999962,1.949163e-23,1.307163e-10,6.7884174e-16,7.973454e-09,5.9902505e-10,2.9672142e-15,1.2913398e-07
1811,123,1293,9,2.1878483e-27,2.5389514e-15,0.0,9.0758374e-38,1.4348143e-09,1.148463e-10,1.8445967e-19,9.81893e-17,4.750861e-13,1.0,5.4882015e-26,1.6776712e-11,9.386276e-18,1.5474603e-11,1.2949295e-13,4.0398969e-19,2.094763e-16
1812,1293,1294,9,1.9019111e-25,6.138424e-14,0.0,4.7376128e-32,9.246042e-11,4.592654e-11,2.9590163e-17,1.1173422e-18,4.048438e-14,1.0,2.2898855e-24,4.0706225e-10,4.3413952e-17,1.5500368e-14,4.758926e-12,1.1227587e-20,2.9511478e-17
1813,1294,135,11,7.6110834e-23,2.7683318e-09,0.0,2.182811e-29,8.564761e-06,6.0621886e-07,1.1474933e-17,3.147003e-14,2.8344537e-11,3.9135525e-06,1.0898466e-22,0.9999886,4.9854877e-11,2.849784e-11,4.79641e-14,1.3594304e-19,5.52504e-13
1814,216,1295,11,1.7758255e-21,4.797427e-10,0.0,2.843021e-25,2.449865e-10,1.8219229e-06,1.8445001e-17,3.4113053e-18,3.1725356e-12,3.574573e-15,1.13180036e-23,1.0,9.922562e-15,3.1082264e-15,8.984507e-18,3.5141336e-17,1.7464743e-13
1815,1295,1296,9,8.462465e-20,1.7483502e-10,0.0,1.2805241e-21,1.9950589e-08,0.0076012965,3.7541764e-14,7.73875e-18,2.6771065e-09,0.9923997,4.721996e-21,1.7862874e-07,2.303588e-17,3.7460208e-07,5.7519034e-15,7.781468e-10,4.9211882e-18
1816,1296,228,9,1.7858041e-29,6.7608423e-16,0.0,8.475299e-33,1.9952184e-12,1.4330454e-12,3.0302546e-22,6.6949e-19,4.7645793e-14,1.0,1.1937308e-27,4.88933e-15,2.764517e-20,3.8176402e-14,3.504575e-17,4.85933e-18,1.366383e-17
1817,527,1297,9,7.186201e-18,1.4067565e-13,0.0,3.499486e-24,1.298136e-07,0.05441322,6.1883465e-19,1.26503075e-14,5.0099965e-07,0.94558626,7.509175e-21,3.591589e-08,1.2049057e-15,5.2716382e-09,3.3195273e-13,7.207778e-11,2.1780366e-14
1818,1297,1298,9,1.0127338e-15,2.8722403e-14,0.0,1.2770245e-24,3.6387156e-13,0.00027407144,3.3267087e-17,2.9214591e-21,1.0264581e-10,0.99972534,3.0448182e-23,7.2415386e-11,7.3064075e-20,1.1477983e-12,1.4967273e-10,9.838179e-14,8.3206946e-19
1819,1298,1299,5,1.5521508e-12,9.259561e-11,0.0,1.8894613e-22,1.2467887e-12,0.9999466,1.7805351e-11,5.5543126e-19,2.0189744e-10,1.7805292e-10,1.6680014e-17,3.4607157e-05,7.460519e-14,1.440323e-09,2.0548381e-05,6.8923352e-12,6.6918094e-12
1820,1299,312,11,1.666303e-25,2.9837567e-12,0.0,1.2764631e-26,5.5271707e-05,1.9296713e-13,7.7758785e-13,1.2780537e-15,3.6950442e-13,7.3781514e-16,2.1279726e-21,0.9995194,1.5200324e-15,5.574478e-19,3.7277166e-15,2.139337e-19,0.0004253671
1821,216,1299,11,1.9382409e-16,1.7975548e-12,0.0,1.2262006e-26,1.9425864e-08,1.2009556e-06,1.8172181e-12,5.751352e-16,1.8971337e-12,9.1528084e-17,8.081368e-23,1.0,5.225433e-15,8.236822e-10,1.5652377e-12,6.3211576e-23,2.7593542e-13
1822,90,1300,11,2.0818048e-21,9.668824e-13,0.0,9.0536485e-21,1.5983304e-08,9.778471e-05,5.6868713e-13,2.996307e-17,3.8624098e-08,3.641376e-16,3.1261018e-13,0.9999008,6.720849e-11,7.985085e-08,3.822265e-15,7.4765385e-12,7.831744e-08
1823,1300,1301,11,1.5207609e-18,0.005812286,0.0,9.901996e-22,1.5945119e-08,4.0941575e-08,9.315708e-13,6.1361296e-14,5.0287698e-11,1.0150988e-19,1.7031754e-21,0.99418813,7.261441e-15,7.845907e-11,7.820895e-11,1.6572115e-19,4.9583285e-11
1824,1301,288,12,1.61402e-25,0.0027872333,0.0,9.6649574e-27,1.311351e-06,3.694241e-13,9.699322e-16,2.2944366e-13,2.112111e-08,3.4115578e-15,7.79637e-21,0.019707765,0.69155765,1.5734152e-12,1.0611736e-08,8.339797e-18,0.28594467
1825,458,1302,1,6.187566e-27,0.9999427,0.0,1.2466438e-23,2.3570832e-09,1.5658305e-10,3.591966e-19,1.0948826e-18,1.5565817e-10,1.9145647e-15,2.2585293e-20,5.7423083e-05,2.3369061e-14,4.323699e-15,1.3435075e-16,3.721802e-17,2.6637373e-12
1826,1302,1303,1,1.1523176e-26,1.0,0.0,6.2569123e-30,3.118149e-11,2.9136443e-15,6.357405e-16,1.2585332e-21,3.421153e-13,2.7724395e-19,2.7543325e-24,1.1527704e-11,3.015216e-16,3.9045766e-13,2.8854391e-15,8.767936e-21,9.497036e-16
1827,1303,1304,1,8.1979434e-27,1.0,0.0,1.5499349e-31,9.1918895e-10,1.6194642e-12,2.4575327e-16,3.3944804e-19,1.9951473e-11,1.3584843e-23,2.052147e-24,4.0041585e-14,9.331565e-14,1.6518056e-08,2.973278e-14,2.3447262e-16,3.8049717e-13
1828,1304,1305,1,2.9429247e-28,1.0,0.0,9.3188514e-32,1.4863435e-10,3.0685873e-12,2.78044e-16,1.4406839e-19,5.9007554e-10,4.413887e-24,9.307414e-24,5.9182336e-15,4.785484e-13,2.9930407e-09,1.7984299e-15,1.8542181e-13,6.3862395e-14
1829,1305,1306,1,2.3237597e-28,1.0,0.0,9.522399e-30,3.332752e-11,5.2567104e-12,4.5235816e-15,9.210862e-21,1.3742767e-09,3.9782954e-19,5.696249e-21,3.4122866e-15,5.0328714e-13,4.463053e-10,5.4739513e-15,1.5275354e-09,3.2536678e-15
1830,1306,420,16,2.2880322e-26,3.2397105e-07,0.0,4.1814887e-31,3.9512905e-08,1.4597127e-13,6.2186324e-13,5.3872363e-15,1.8555541e-07,3.4533035e-13,3.8750993e-17,1.808524e-06,1.6034924e-06,2.470726e-12,9.085567e-09,3.942503e-13,0.9999962
1831,42,1307,11,7.504441e-23,9.687773e-11,0.0,3.5890544e-31,3.6893516e-07,1.1845714e-06,2.9294586e-15,2.807782e-14,1.02461e-13,1.8749718e-07,1.8287307e-23,1.0,4.2928515e-15,1.6999986e-09,2.0044369e-13,2.325008e-22,6.225848e-13
1832,1307,1308,9,3.5368005e-21,7.5777024e-10,0.0,2.5969795e-31,2.5001853e-11,8.003164e-09,1.6884572e-15,2.2516237e-18,6.383156e-11,0.99992746,5.5042797e-27,7.228644e-05,7.395079e-18,5.729384e-10,1.4005507e-13,1.040969e-18,2.0530475e-09
1833,1308,30,9,3.4741068e-32,3.752193e-18,0.0,1.7088883e-37,3.321977e-14,2.5243982e-11,2.315555e-22,4.131632e-19,1.8070736e-12,1.0,1.4258637e-31,3.735117e-12,1.2832694e-18,2.647987e-13,1.6250675e-16,3.751624e-16,7.956012e-13
1834,243,1309,11,4.8737447e-22,2.359278e-09,0.0,3.5437294e-28,8.537441e-10,3.53858e-07,6.490557e-18,9.24217e-17,1.5364037e-13,8.626e-16,4.8907675e-22,1.0,1.8423792e-14,3.1910103e-11,1.187154e-14,1.2504171e-21,1.6902796e-09
1835,1309,1310,11,4.6143726e-13,1.6350008e-05,0.0,4.0493464e-23,3.757624e-09,2.9228653e-05,1.9739982e-08,8.909485e-19,3.701261e-08,0.33069593,7.591142e-21,0.6692535,7.1457895e-13,1.9070949e-06,1.1933702e-06,2.471468e-14,3.5141395e-06
1836,1310,1292,9,7.840731e-26,5.544435e-16,0.0,1.16495024e-32,2.3420758e-12,3.7122142e-11,4.2927277e-19,9.853018e-21,4.1962003e-11,1.0,2.7433038e-30,2.5044425e-11,2.3588985e-18,6.685816e-11,7.3135167e-13,2.0408755e-15,1.5433281e-07
1837,243,1311,11,8.932351e-27,3.3928163e-08,0.0,3.0307412e-29,7.410892e-11,1.7339994e-07,4.3366186e-14,9.774789e-18,2.0046202e-13,8.685144e-14,1.2894299e-22,1.0,3.8755563e-10,1.4757341e-09,3.1938325e-13,2.5542394e-17,1.4447506e-12
1838,300,458,16,5.76299e-24,1.0493212e-11,0.0,1.0336494e-24,2.9493479e-09,8.340167e-13,3.7677384e-19,4.729096e-22,4.357669e-11,1.4170065e-12,6.4983663e-24,1.5926709e-07,4.639921e-17,1.883338e-14,4.136184e-14,3.3409684e-15,1.0
1839,458,1311,1,4.1000296e-25,0.999794,0.0,1.2880564e-25,2.7255063e-09,1.3678571e-12,1.0388562e-15,1.7219147e-17,1.1353699e-12,4.0176647e-16,2.5022881e-23,0.00020759304,8.46882e-14,2.040465e-13,8.9079745e-15,1.3856922e-20,9.595291e-15
1840,1311,1312,1,2.5434589e-23,0.99996185,0.0,6.1753343e-25,2.8339674e-11,8.3216084e-13,1.049153e-11,5.2451434e-23,1.6776671e-12,1.3123028e-12,2.665719e-20,3.722222e-05,7.662065e-15,4.4737654e-14,1.3724155e-11,1.188167e-17,3.1582796e-09
1841,1312,1313,16,5.2728764e-20,7.33874e-09,0.0,6.3333316e-20,0.0006391561,4.1661623e-13,2.0041627e-12,3.349245e-18,6.0931975e-11,8.013466e-15,2.1961009e-20,1.7896659e-12,3.4396023e-14,5.2158083e-10,1.95891e-11,1.7213435e-17,0.99935937
1842,1313,204,9,9.180507e-31,2.2599125e-16,0.0,1.682772e-31,2.925076e-11,1.5836657e-10,3.05988e-19,3.4733348e-19,3.5989073e-11,1.0,2.7293767e-24,3.0752888e-13,6.446395e-16,1.8744676e-11,2.6687617e-12,5.713941e-14,1.1572237e-13
1843,78,1314,5,1.576821e-21,1.1357658e-09,0.0,7.327522e-24,1.2229758e-06,0.99905443,6.012108e-19,5.508349e-14,4.097253e-07,0.00091710774,4.3545815e-17,2.711202e-05,2.1588622e-14,6.7220096e-09,2.297443e-11,5.5496205e-08,8.348267e-17
1844,1314,1315,5,5.1026967e-21,1.2656065e-12,0.0,1.3381397e-27,1.1276845e-08,0.999897,1.5015436e-16,1.13406834e-17,5.878337e-09,0.000100352896,1.8971921e-19,4.331637e-09,1.2694389e-15,6.0149143e-09,7.922975e-08,2.2402257e-06,1.030419e-13
1845,1315,1316,5,9.089438e-19,1.0688749e-11,0.0,1.7269251e-27,1.02445524e-10,1.0,5.4853927e-20,4.563806e-17,3.068838e-09,2.4178689e-12,3.378012e-18,1.2481439e-06,2.3330784e-12,1.8006606e-08,2.7496307e-08,1.8403681e-09,1.848968e-08
1846,1316,300,11,1.1305613e-24,8.949878e-13,0.0,3.609716e-25,2.0459808e-08,2.0258437e-07,1.10604115e-17,4.2373808e-18,3.606077e-13,5.5207583e-15,3.3517594e-20,1.0,1.0104391e-12,2.7173267e-16,7.848615e-15,1.0846034e-16,3.4745565e-10
1847,300,90,16,2.209144e-25,2.0948298e-13,0.0,9.987107e-25,9.2381987e-07,1.6622556e-14,7.664075e-17,2.6765534e-18,2.1089773e-10,1.1923097e-14,8.363888e-24,5.410035e-07,1.1537113e-12,2.5470862e-11,4.9525282e-17,1.7143408e-14,1.0
1848,102,312,4,5.6132735e-26,2.3951543e-07,0.0,1.458024e-24,0.68993187,1.4240204e-17,1.5425841e-10,5.3842035e-12,8.1686583e-13,1.6946047e-17,1.6710184e-19,2.6406391e-05,1.0345247e-17,2.623897e-15,5.189147e-13,1.4401061e-20,0.31004208
1849,420,288,14,1.6873779e-12,9.165938e-11,0.0,2.097387e-37,5.120406e-12,1.1674152e-09,1.7976585e-11,1.084305e-17,5.0925496e-12,2.9226233e-18,1.0434336e-26,2.687055e-14,2.349101e-11,2.0616917e-06,0.9999962,4.71689e-18,1.0438495e-15
1850,1317,54,11,1.7302636e-25,6.776779e-07,0.0,2.6005907e-29,0.0117339315,1.3159012e-06,5.938944e-17,3.6907657e-11,8.497504e-11,0.042127557,1.9357533e-21,0.94613475,1.624762e-11,5.5480065e-10,1.3631138e-09,1.01740635e-17,8.0566247e-07
1851,255,1302,1,2.5566694e-30,1.0,0.0,9.791406e-31,2.0754195e-08,7.8494535e-15,1.5544238e-15,2.2234811e-19,3.1036814e-12,2.9471302e-18,7.718274e-22,3.8099506e-07,3.994054e-09,3.4267545e-14,5.436458e-13,4.9401852e-18,4.9507767e-15
1852,1317,1318,1,5.103526e-24,1.0,0.0,2.4846103e-27,6.349693e-10,1.101328e-13,3.3340262e-17,2.9892047e-18,9.100647e-11,1.1608732e-10,1.1509022e-20,3.2452239e-09,5.429861e-15,8.056407e-15,2.066814e-17,6.006131e-17,2.5965844e-15
1853,1318,1319,1,1.8623926e-27,1.0,0.0,4.6081645e-27,3.2561717e-10,1.3705934e-13,9.9295734e-14,1.2019945e-16,4.1575295e-11,8.5672666e-16,2.6724067e-21,8.720751e-10,7.152603e-14,2.7439552e-13,1.4008699e-15,2.2696735e-10,2.6293464e-16
1854,1319,168,15,7.721331e-31,0.0015860171,0.0,5.79186e-32,7.6750226e-08,5.3614942e-12,8.193144e-16,3.658019e-13,9.12068e-08,2.4884404e-21,1.5463933e-21,1.3455632e-10,1.0970554e-05,9.132547e-09,5.606325e-16,0.99840295,2.1215131e-13
1855,168,1320,15,4.068929e-18,4.5143358e-10,0.0,2.3588513e-27,4.3484462e-14,0.011529648,1.1861201e-17,1.2481857e-15,4.973813e-08,3.1012426e-20,1.6582034e-20,1.6976446e-11,5.268926e-16,3.794959e-11,3.1046807e-09,0.9884703,1.0017973e-17
1856,1320,1321,0,0.9998931,1.2403457e-06,0.0,1.5212916e-22,2.9497165e-11,5.457005e-06,1.6565828e-15,5.519921e-13,0.00010100849,1.4487437e-23,3.952404e-24,1.1235479e-11,6.1509207e-13,3.28349e-09,1.28945885e-08,5.238248e-07,1.0878542e-12
1857,1321,180,5,4.506073e-12,6.1389453e-12,0.0,1.1039554e-23,5.8978324e-09,0.9999886,3.2539512e-16,1.4931714e-14,4.987183e-10,8.785415e-13,3.4192683e-24,8.079312e-06,9.2902665e-12,7.207789e-08,3.735563e-06,1.4809183e-07,6.073778e-17
1858,180,1322,11,4.9163425e-20,3.5892743e-08,0.0,4.937086e-22,0.002496288,5.115716e-06,9.423944e-11,2.1851276e-06,4.5032842e-14,5.7308284e-17,5.053797e-23,0.99748546,4.6818687e-15,9.513947e-06,1.2280925e-10,3.292071e-15,3.880534e-14
1859,1322,192,15,1.4110342e-21,0.0014862863,0.0,1.0645405e-20,0.0049948357,0.026308503,3.7086548e-07,0.0015376955,7.497055e-09,6.958605e-16,1.4777682e-16,0.08796765,1.1556782e-08,0.049094718,2.5606718e-07,0.82860863,1.8441981e-09
1860,539,1323,1,1.24702414e-23,0.9999886,0.0,3.5687443e-21,1.2560852e-09,8.2050306e-08,1.9542953e-13,7.915101e-13,6.1055874e-07,3.3804278e-15,5.7097273e-17,8.310091e-06,4.6696244e-11,2.1534343e-06,1.8396623e-13,9.880586e-10,2.2621696e-11
1861,1323,386,1,1.4260984e-30,0.999958,0.0,2.4897693e-29,6.85106e-09,2.4550575e-10,1.3621877e-18,3.1114783e-14,1.1444446e-05,6.216381e-20,1.9364095e-22,3.3968e-11,2.9599378e-05,1.5497054e-07,4.1775946e-18,6.8288e-10,1.0358616e-13
1862,496,1324,1,6.398095e-20,0.9990697,0.0,8.066706e-16,3.6498065e-07,3.0301128e-09,2.8602448e-15,1.65965e-08,2.860585e-06,9.039117e-14,1.2147046e-13,6.448195e-07,0.00092381076,1.8301075e-06,1.4526373e-11,2.7431285e-13,1.08409874e-16
1863,1324,398,12,2.0192327e-21,0.05993314,0.0,2.363036e-15,7.453966e-09,2.0759205e-06,4.6252434e-14,1.01647615e-08,0.07640897,1.221254e-16,6.1326824e-09,3.1213553e-08,0.8509907,0.008221376,0.004444465,1.2523726e-16,2.337706e-16
1864,168,1338,15,1.6986875e-26,1.3522759e-10,0.0,5.538981e-31,1.389876e-14,4.8707194e-09,3.3911764e-21,1.1666128e-18,4.779972e-10,7.977169e-23,2.4518203e-24,4.3866427e-17,9.942981e-16,3.13217e-14,4.169336e-16,1.0,9.0061855e-20
1865,288,1325,12,1.9674613e-27,1.1495323e-14,0.0,3.1328555e-30,6.9063234e-16,3.2354365e-15,1.3941523e-23,2.8524264e-19,1.0887983e-09,2.89162e-23,2.0194859e-22,6.2662104e-13,1.0,5.3461098e-14,1.3003678e-12,3.2760632e-21,2.4589752e-10
1866,1325,1326,8,1.0324883e-06,6.4570993e-09,0.0,1.6794057e-23,6.246068e-13,1.0541539e-07,6.4260135e-17,2.0611403e-14,0.63527745,1.4947675e-21,1.9346931e-18,1.9155631e-10,0.36274424,4.105015e-06,0.0019729268,6.903271e-15,9.813227e-12
1867,1326,496,12,5.7631015e-16,3.2768472e-08,0.0,1.5908254e-29,2.2910191e-11,1.1044556e-10,1.6893766e-17,2.2579059e-15,3.2130415e-06,7.9516416e-17,1.9607712e-19,4.2458603e-10,0.9999923,3.890638e-09,3.4896134e-06,1.3863997e-14,3.7816764e-12
1868,180,539,15,7.241053e-23,1.2010867e-09,0.0,2.2381333e-28,7.5021326e-13,1.802292e-05,1.7523686e-19,3.893563e-24,2.023239e-09,1.8106408e-16,7.9575347e-23,4.4041563e-13,8.2490994e-14,1.8545013e-13,7.4799106e-18,0.9999809,3.9969584e-20
1869,192,1327,5,8.090445e-21,2.1881091e-10,0.0,1.9710296e-27,3.76612e-09,0.9251275,2.8090158e-13,5.933965e-16,1.3545933e-07,3.2354207e-17,2.8369936e-20,1.984477e-09,2.0182167e-13,1.1708561e-05,4.6190437e-11,0.07486023,5.456987e-20
1870,1327,1328,8,0.17881337,9.387983e-13,0.0,6.592083e-20,2.7558524e-12,9.6964495e-06,4.1351268e-14,5.9436997e-18,0.8211762,1.02196505e-25,8.0483e-22,2.786697e-14,3.2002056e-16,2.7625465e-12,3.3197902e-15,3.8385397e-09,2.9868597e-16
1871,1328,1329,0,0.9403776,1.8454478e-12,0.0,4.4698263e-21,1.4329663e-12,2.4441618e-10,5.739063e-14,1.3068755e-15,0.05962279,1.4814277e-28,1.3889833e-21,1.3009023e-14,2.1654088e-16,3.594801e-13,3.3872176e-15,2.61868e-13,2.5100733e-13
1872,1329,386,8,7.1210494e-14,7.639845e-10,0.0,8.827415e-26,7.545392e-11,2.66914e-11,1.1793969e-18,2.0654505e-17,1.0,1.1133835e-21,2.1493894e-20,2.587303e-13,6.567804e-07,1.3705072e-09,2.7395063e-16,4.9238462e-14,1.6005106e-13
1873,386,1330,8,5.2438683e-21,1.1726027e-07,0.0,2.9095278e-27,5.978308e-11,1.6374512e-08,1.2934316e-20,2.1967386e-19,0.99993515,5.1433338e-18,7.30718e-22,1.2433642e-12,6.605525e-05,6.2371247e-10,3.7432877e-17,1.5015547e-09,8.560835e-15
1874,1330,1331,8,1.4567002e-10,2.2274866e-13,0.0,1.0059876e-23,6.2445607e-15,1.4359293e-08,2.8909167e-14,1.0940023e-17,1.0,2.4314344e-22,2.3110083e-24,1.6566738e-12,2.7052104e-12,1.9982671e-14,1.0093591e-15,1.0421976e-09,1.984433e-15
1875,1331,398,12,1.9015023e-20,5.4160233e-07,0.0,6.973122e-21,1.0157304e-11,9.4316665e-06,1.6263592e-14,2.0550166e-14,0.112709515,1.6578851e-15,4.777328e-14,6.9257124e-09,0.8165468,3.2093544e-06,0.07073012,1.8606447e-13,7.9451574e-16
1876,539,496,14,3.0476903e-07,0.054960832,0.0,8.563154e-30,1.4667733e-06,6.880902e-06,2.0697577e-09,6.2943873e-12,2.495081e-09,2.390333e-16,1.494086e-25,1.2426116e-10,1.923464e-10,0.0013501389,0.94368,1.5582799e-11,1.032785e-11
1877,398,1332,12,8.821891e-27,1.7103176e-06,0.0,5.330408e-22,1.2559916e-13,6.325831e-10,2.2202169e-20,3.697875e-15,0.00013190183,6.4375383e-19,1.8348375e-16,9.9314214e-08,0.9998665,4.9865507e-12,2.4776858e-09,5.5037443e-16,2.312402e-16
1878,1332,1333,1,1.506722e-27,0.87400407,0.0,5.5929494e-25,3.5355423e-08,7.1860035e-12,1.5612518e-15,7.3079075e-14,0.00013052786,1.7398642e-21,2.383395e-16,2.3088009e-05,0.12584068,2.3480575e-07,4.9659593e-10,6.176264e-14,6.871229e-12
1879,1333,482,1,5.545964e-29,0.9987191,0.0,8.531348e-26,4.677958e-08,1.0684847e-09,1.0671714e-12,1.4505885e-11,0.0009184697,2.221817e-21,3.6048594e-17,7.0576573e-07,0.00016513426,0.00019617211,1.169495e-12,2.372741e-12,8.24012e-18
1880,192,66,6,2.634962e-14,7.762871e-12,0.0,1.5596113e-27,2.1670157e-05,4.8977695e-14,0.9999504,3.624094e-17,2.4684802e-15,4.647605e-19,1.23415206e-23,6.6183546e-15,1.3202271e-18,1.1604487e-09,2.725252e-05,5.5869284e-20,4.870154e-16
1881,539,1334,15,1.6555679e-20,9.1456503e-10,0.0,3.1225364e-29,3.1115187e-11,3.1293595e-05,5.6637e-15,6.405501e-18,7.314412e-05,6.106957e-16,9.99694e-25,4.1213247e-10,4.1445094e-13,3.5748526e-11,4.983174e-16,0.999897,1.400056e-10
1882,1334,1335,8,2.6023088e-13,4.599048e-13,0.0,9.366048e-22,1.5436898e-11,0.013006225,8.401971e-10,1.7029549e-13,0.98406845,6.2415744e-18,4.929373e-21,1.7772011e-06,3.2435107e-12,2.870918e-12,1.1276867e-12,0.0029222327,4.5741134e-14
1883,1335,1336,8,6.434489e-13,8.153154e-13,0.0,3.3751269e-18,3.921266e-12,0.0031518743,5.3835872e-12,8.725758e-14,0.9959874,3.9495204e-19,2.855811e-20,2.5038444e-08,1.3636788e-12,9.482752e-13,1.7683975e-12,0.0008612637,1.0250743e-15
1884,1336,1337,8,2.3806986e-14,8.791918e-13,0.0,1.6859122e-18,3.98536e-11,0.0008548613,2.265608e-10,9.34033e-13,0.9971621,1.3738301e-18,3.818246e-21,1.1170074e-07,5.3400418e-12,1.2136962e-11,1.1231365e-11,0.001981223,2.5766331e-15
1885,1337,1338,15,9.4507674e-33,1.2384323e-11,0.0,3.986918e-30,1.2683807e-12,4.126264e-10,3.030794e-17,1.2658972e-18,9.371574e-10,1.9631127e-20,1.7018275e-25,5.547482e-16,9.676489e-15,1.6716931e-13,1.1092651e-17,1.0,4.0718325e-18
1886,1338,420,15,2.4833189e-29,2.8894712e-07,0.0,8.062052e-33,1.3685624e-11,1.6909753e-10,9.905783e-20,1.2307713e-16,4.2552035e-08,2.8323806e-17,2.3171532e-23,3.6881986e-14,2.247395e-09,7.4954675e-13,2.2157298e-15,1.0,1.7568046e-13
1887,409,276,14,3.8499586e-19,3.2353212e-10,0.0,6.778081e-27,7.588646e-15,4.376181e-09,1.3217726e-13,3.2314138e-16,4.3839103e-12,2.131697e-18,1.07214185e-11,2.3912329e-11,1.2197886e-14,1.3675169e-06,1.0,2.080116e-19,1.1817057e-13
1888,102,1339,6,1.0271653e-21,5.4059574e-12,0.0,2.6094573e-27,0.009174932,8.1899e-07,0.9853831,6.057599e-11,1.7420758e-06,4.699035e-12,1.6888234e-16,0.0053873924,5.3602007e-14,5.0226117e-05,2.5080888e-08,5.1609485e-16,7.30358e-16
1889,1339,1340,6,3.4013907e-18,2.7679882e-13,0.0,8.491353e-25,5.514403e-07,9.8789705e-09,0.99953854,9.538243e-09,5.941367e-10,1.0021221e-17,4.4044056e-22,7.3947987e-10,3.9509459e-22,0.00044264598,1.8944647e-05,8.014584e-18,3.0083166e-20
1890,1340,276,7,5.204479e-25,6.523303e-16,0.0,3.383844e-24,4.57172e-08,1.5795614e-12,3.9041564e-07,1.0,8.092123e-11,1.6623945e-22,2.7302803e-26,1.10807385e-07,5.034729e-15,1.0558407e-06,2.7257207e-12,3.1410838e-18,1.2988347e-14
1891,276,1341,7,8.17665e-18,1.0519688e-14,0.0,2.1155291e-24,2.8727845e-09,2.892537e-07,6.5949834e-10,0.97455347,1.242409e-08,3.3258802e-19,2.8561026e-29,2.6244056e-09,1.4515985e-15,0.02544728,2.2184854e-09,1.2329737e-11,9.175488e-19
1892,1341,1342,13,1.555597e-24,4.6411005e-05,0.0,1.1009432e-25,4.5871104e-08,5.265592e-08,1.2521252e-07,0.3601631,2.2544112e-08,4.7501645e-20,4.8851436e-19,2.6266301e-08,7.3062534e-09,0.63703686,0.0027518836,2.159939e-16,2.0421314e-13
1893,1342,470,7,2.0957525e-25,8.1359815e-11,0.0,2.4324617e-24,1.2697132e-10,5.3854772e-12,8.228079e-13,1.0,1.083397e-14,7.043857e-23,4.6081645e-27,1.097036e-10,1.0492617e-10,7.438096e-07,5.606658e-12,5.4350245e-14,3.9647816e-19
1894,504,1343,11,6.7364524e-19,1.3256303e-13,0.0,8.681477e-27,2.5001318e-08,2.4687822e-07,2.7003414e-14,1.3444164e-14,1.120866e-07,3.055352e-13,1.194984e-19,0.9999809,4.088364e-17,7.7885804e-14,2.8487922e-13,8.884579e-18,2.026843e-05
1895,1343,1344,5,2.7191688e-11,4.0875468e-05,0.0,7.136004e-22,2.0532295e-07,0.99971396,5.3416077e-13,2.4813915e-18,9.538154e-05,4.6787622e-15,6.339163e-18,0.00014804685,3.6033983e-19,1.4226757e-07,1.1852282e-11,1.179252e-12,4.0878345e-09
1896,1344,1345,5,1.10557764e-16,6.872771e-06,0.0,3.7666265e-22,1.6900521e-11,0.9999923,1.1211816e-16,2.2061357e-19,1.0602429e-08,4.464621e-17,1.5484068e-20,2.9195736e-08,1.0496348e-16,4.0474003e-08,3.5461165e-09,9.1012865e-08,9.09809e-16
1897,1345,1346,5,4.6323243e-14,1.6033484e-10,0.0,4.8636806e-21,3.3931278e-15,0.99997336,5.2052663e-20,7.9601195e-22,2.9780772e-08,8.3342435e-15,2.1477724e-22,1.9028825e-11,4.219352e-16,5.3329775e-12,1.1652034e-10,2.6825506e-05,5.7927466e-16
1898,1346,1347,5,4.2081125e-10,1.3274908e-08,0.0,7.8973725e-19,2.043808e-12,0.99971396,9.534554e-12,1.0367513e-20,1.857189e-08,3.6794772e-11,1.8511948e-19,1.0716891e-09,3.914044e-14,1.4537863e-09,0.0002839962,2.304295e-06,4.1460928e-12
1899,1347,409,5,1.12542074e-14,2.2864134e-15,0.0,1.8482518e-27,4.7396084e-14,0.9987915,2.8832886e-11,5.4581587e-18,2.0558305e-08,2.2204027e-13,2.9306692e-20,5.695097e-06,2.1658799e-16,5.4150234e-10,0.0012035442,7.714822e-09,2.1769318e-14
1900,409,1348,5,3.215439e-17,1.10380096e-13,0.0,5.355257e-28,3.547648e-15,0.99997705,1.380788e-23,4.2794722e-17,2.6568755e-06,6.1831444e-15,5.341958e-19,2.021006e-05,1.9704939e-14,9.133643e-13,5.470325e-13,4.657032e-10,3.4111154e-15
1901,1348,1349,5,2.3010186e-21,7.256671e-17,0.0,5.8983276e-24,1.3594249e-12,0.999264,6.996111e-15,1.7117863e-21,1.3332407e-08,7.473006e-11,9.226788e-22,0.00073657103,1.9420598e-16,5.344225e-10,2.9186578e-10,7.6158506e-07,6.007741e-15
1902,1349,1350,1,1.3299028e-24,0.99981695,0.0,4.419911e-20,8.922149e-09,2.2258464e-06,3.5626865e-16,1.7195893e-19,7.957604e-06,4.039803e-12,4.5250115e-16,0.00017345842,1.3735677e-11,4.4433113e-11,1.4816724e-11,1.3568268e-08,4.777142e-08
1903,1350,1351,1,2.009248e-32,1.0,0.0,1.3166558e-26,5.5239924e-11,1.5207987e-14,4.688426e-16,6.251511e-18,7.866611e-12,1.14499656e-17,1.7550695e-21,1.4544742e-09,7.867032e-12,1.7080368e-12,3.195037e-14,1.3472284e-16,2.0911862e-16
1904,1351,1352,1,1.178505e-28,1.0,0.0,1.8055395e-28,5.4222345e-11,5.0607622e-15,2.3099217e-11,1.4213774e-17,3.0125303e-13,4.675994e-16,2.1364794e-22,8.837191e-10,4.3593108e-13,6.4836977e-12,1.4072509e-12,4.020543e-18,2.3209821e-17
1905,1352,1353,1,4.3700476e-29,0.99998474,0.0,7.8258875e-24,2.717287e-07,1.5377245e-11,3.3303516e-10,8.037559e-15,1.7132665e-09,2.1133603e-08,4.401053e-19,1.5858703e-05,8.055397e-14,3.2972305e-11,2.5627444e-14,2.2992832e-12,1.9921554e-14
1906,1353,312,11,1.1458695e-26,1.2139157e-08,0.0,1.0111999e-25,0.27795598,1.6117709e-14,1.5574163e-06,1.9369204e-06,2.8719994e-14,9.979665e-13,1.6373352e-20,0.7220391,1.8520582e-17,1.4994436e-15,1.2362227e-12,3.3744707e-18,3.3289689e-09
1907,482,1354,8,5.4247156e-19,9.283069e-06,0.0,2.3797476e-27,1.1477963e-08,0.0003358506,1.1517074e-10,7.129735e-10,0.99949276,1.3148727e-13,9.780341e-19,2.450881e-05,0.00013823088,3.6667705e-10,3.531961e-13,6.1604936e-08,3.4343745e-12
1908,1354,1355,1,1.0025581e-17,0.99992746,0.0,2.3854828e-27,8.258256e-08,3.8474692e-08,5.0989837e-12,9.947809e-14,1.9804878e-05,8.73636e-19,1.6368684e-18,2.3080467e-10,1.7377076e-07,5.142563e-05,9.409376e-08,6.4615593e-09,3.721043e-13
1909,1355,516,12,8.245201e-21,4.3603217e-07,0.0,9.5667455e-30,2.362518e-11,3.8101793e-09,1.1022246e-18,1.34459586e-14,7.715393e-06,4.517614e-23,1.8074678e-22,2.9102637e-10,0.9999923,4.6657323e-08,9.610952e-11,1.6840504e-08,1.8070418e-13
1910,470,504,7,3.1841362e-21,3.6012646e-06,0.0,2.846332e-24,5.8759408e-08,1.5867481e-12,1.022084e-06,0.99998474,2.4139943e-15,2.5724699e-22,1.6878028e-27,1.8559699e-09,2.5223608e-12,8.901697e-06,1.7167422e-07,7.50934e-15,2.566708e-13
1911,504,1356,11,6.069312e-23,1.8726175e-10,0.0,2.1348946e-26,6.156426e-09,4.410874e-09,1.31163086e-14,1.254856e-14,6.15367e-12,2.046229e-17,3.5098663e-21,0.9999962,1.3604908e-16,1.0943061e-11,1.123183e-12,4.696312e-19,4.442611e-06
1912,1356,516,11,1.9346366e-23,5.6844507e-10,0.0,3.2810686e-27,1.5532328e-07,4.278912e-12,2.8856073e-13,2.9486625e-16,5.737076e-12,5.9576377e-18,1.822352e-23,0.9743936,9.2185065e-10,5.0090498e-11,2.7147924e-13,2.530744e-21,0.025606688
1913,470,482,7,3.9974513e-25,1.558104e-08,0.0,1.5602274e-23,5.413823e-11,2.9648269e-15,3.1657413e-12,1.0,1.9657619e-16,2.5188154e-25,7.693986e-31,1.2394715e-12,1.0302179e-14,2.0057173e-10,1.1767343e-14,1.297051e-16,3.0296467e-19
1914,504,362,6,7.194665e-21,8.88986e-12,0.0,2.472643e-32,3.658517e-08,4.510901e-14,0.9997635,9.688341e-16,4.4373714e-16,9.426009e-23,2.6031665e-25,2.295243e-12,1.0785178e-16,0.00023647354,1.6163029e-06,2.5153098e-18,3.4641402e-18
1915,362,1385,13,2.2777884e-13,1.589357e-07,0.0,1.2924698e-20,1.6894376e-06,2.250682e-08,0.0001453058,7.920547e-18,0.033579074,4.889386e-15,9.231358e-16,2.3811326e-08,0.00017159132,0.9660956,6.168519e-06,6.483259e-10,4.847588e-12
1916,516,1357,11,1.2071571e-20,5.540226e-09,0.0,2.3161005e-24,1.172237e-05,3.1623756e-11,1.6220732e-12,0.003637069,5.241947e-14,2.3995672e-18,4.6124056e-26,0.9963522,2.5283375e-09,2.3569573e-09,4.8657527e-16,4.7852974e-22,1.5329103e-11
1917,1357,1358,5,1.229122e-05,6.571992e-06,0.0,7.6452323e-19,1.4381668e-07,0.9955049,1.0605725e-12,1.0703106e-12,0.00015488449,6.958506e-14,9.565075e-21,9.735181e-06,8.5697136e-17,0.004310008,3.631639e-08,9.4617485e-15,4.032088e-13
1918,1358,1359,13,8.2883434e-13,3.9263657e-07,0.0,1.7473395e-22,1.9457003e-09,8.820339e-05,7.702599e-14,7.071909e-16,0.00082670356,4.2138925e-19,6.109971e-21,9.562924e-13,5.348767e-12,0.99908495,2.1681533e-08,2.9819216e-14,5.590426e-12
1919,1359,357,8,5.577568e-17,3.405142e-11,0.0,6.5108535e-22,6.42278e-09,1.7641368e-07,1.0160761e-17,3.295611e-17,0.999897,5.791321e-20,1.941842e-19,2.2379197e-13,2.0551072e-10,0.000101399186,1.9316229e-13,3.7833895e-14,9.645821e-16
1920,357,1360,8,9.37277e-14,1.7092037e-12,0.0,1.8914979e-19,2.9415265e-10,5.8750826e-10,3.1885491e-13,1.0790559e-18,0.9999504,4.8935155e-20,4.824511e-19,2.2745968e-10,5.1087565e-05,1.577482e-07,1.1363832e-13,2.1647866e-11,1.0315078e-14
1921,1360,1361,12,1.5760231e-26,2.6245818e-12,0.0,7.0790384e-30,1.13677344e-13,4.8710857e-15,2.6988414e-19,2.0331243e-19,1.5321358e-07,1.1102806e-18,1.4042363e-21,1.1331615e-15,1.0,7.569407e-11,3.587614e-10,1.1943406e-13,1.2439404e-16
1922,1361,1385,12,4.9267874e-25,1.664586e-12,0.0,1.0463418e-29,5.716075e-15,8.061414e-16,9.497705e-20,9.9342736e-21,2.9674629e-08,1.5760812e-21,4.2148803e-23,5.451755e-16,1.0,5.325847e-10,5.561971e-10,2.3786549e-15,5.2334646e-18
1923,386,332,8,1.0107392e-06,1.9993995e-10,0.0,1.1991428e-21,6.80669e-11,3.2213237e-07,2.4180065e-20,3.5481538e-20,1.0,3.472521e-22,9.916851e-22,2.5931126e-13,9.34221e-15,4.177623e-12,9.658409e-17,3.9538438e-13,1.3250653e-11
1924,332,1366,8,8.4854465e-13,5.433504e-09,0.0,3.9081257e-19,8.82126e-10,5.292566e-12,7.231921e-14,9.299848e-18,1.0,7.124413e-23,1.10426256e-16,7.3296915e-12,1.0449831e-11,9.415681e-11,6.746213e-15,2.4193265e-12,1.4506271e-11
1925,398,337,8,1.0205716e-15,1.8059487e-10,0.0,8.941754e-21,3.832844e-11,8.135986e-10,2.8853825e-16,4.9258493e-17,1.0,2.425175e-20,7.782061e-18,1.2812922e-12,5.6633067e-09,6.3564364e-08,3.1390034e-08,3.3462532e-20,3.5038853e-14
1926,337,1369,8,2.0879869e-11,2.0546458e-09,0.0,3.592996e-18,2.1202207e-11,1.6378439e-09,7.281814e-19,4.526159e-20,1.0,2.4838855e-23,4.3237935e-17,1.7802152e-12,1.2047927e-12,6.0170195e-11,2.217125e-15,1.4549436e-12,8.111488e-14
1927,482,342,13,3.792465e-21,6.422196e-08,0.0,1.25202154e-20,4.53151e-07,1.0239406e-08,0.0003268851,2.2520078e-05,2.6766106e-06,4.5308364e-22,3.283125e-25,1.0776323e-11,1.206307e-10,0.99964917,2.8283325e-09,5.3335674e-12,1.4135462e-19
1928,342,1372,8,9.425894e-17,1.3069392e-09,0.0,2.0626879e-16,1.2679087e-09,6.9380814e-11,3.350902e-13,9.2151546e-20,1.0,2.5387682e-22,6.636709e-15,5.0643458e-11,2.6868976e-09,2.0472389e-07,6.2041615e-11,7.594816e-15,2.3790399e-12
1929,516,347,6,6.0546633e-19,1.9976339e-07,0.0,2.8933273e-25,9.3783065e-08,1.1843502e-13,0.9995614,1.8129805e-12,3.1668614e-14,1.1497424e-22,7.2743793e-25,8.061695e-15,1.7594498e-10,0.00032466435,0.000114528375,2.1658042e-17,6.387092e-14
1930,347,1375,8,1.327909e-19,6.4130368e-09,0.0,2.5032331e-23,2.097224e-10,4.461978e-11,5.7056075e-11,4.309881e-16,1.0,1.5884208e-18,4.2864534e-15,3.1421765e-09,4.6888663e-11,2.4637192e-08,7.498163e-11,6.6921463e-18,1.9218158e-08
1931,1362,1363,11,2.9013202e-16,5.362364e-08,0.0,1.7219104e-22,0.36926433,0.0014930943,1.019701e-13,4.0646618e-11,9.61911e-08,8.690117e-06,8.1024156e-24,0.6289406,7.254205e-10,0.00029328518,2.4885042e-08,7.344199e-17,5.9257097e-08
1932,1363,1364,0,0.9988257,9.438687e-13,0.0,8.479157e-23,7.458972e-09,0.0006071663,7.77625e-09,8.7207043e-13,9.57963e-09,5.0888715e-15,4.32392e-27,1.2899029e-06,4.480407e-15,0.0005658506,5.078227e-07,1.456263e-15,6.021607e-20
1933,1364,1365,0,0.9999962,1.5737996e-12,0.0,1.0206803e-23,2.5692745e-13,1.0031644e-06,5.036864e-14,3.6223228e-18,1.1085564e-06,1.7946466e-23,1.4819542e-27,3.0681896e-12,3.5298642e-18,1.29669e-08,2.0870942e-12,1.4711375e-15,8.119694e-21
1934,1365,1366,8,3.6310155e-08,1.8621327e-09,0.0,6.2811217e-20,3.799859e-09,1.8860171e-09,3.1273692e-11,6.6200426e-16,0.9997178,3.143747e-24,5.9096685e-20,2.6794156e-09,1.3169291e-08,0.00028088034,1.6484621e-09,6.7184106e-12,3.5216152e-13
1935,1366,1367,8,9.0093233e-10,6.736076e-09,0.0,4.6483166e-18,6.331849e-08,3.3582028e-09,7.5926e-11,3.3830985e-15,0.9989896,2.9514316e-23,3.1069633e-19,2.1364528e-09,1.5965745e-09,0.001010868,4.220588e-10,4.1228316e-11,1.7781625e-15
1936,1367,1368,13,4.643117e-06,1.1647302e-06,0.0,4.2343687e-21,2.2323431e-06,2.589298e-05,5.280707e-05,1.0657654e-09,0.0011011068,3.2776777e-20,4.4159126e-22,8.115478e-07,2.3784565e-14,0.9988106,4.6578364e-08,1.6542774e-08,8.972915e-14
1937,1368,1369,8,4.5147926e-06,7.722436e-12,0.0,5.062683e-19,1.4728939e-09,4.3394614e-08,8.3159235e-14,4.6241074e-17,0.99656135,3.9155435e-26,2.3635606e-21,2.8348324e-11,2.0978962e-10,0.003434456,7.331373e-11,1.2389865e-09,4.1244322e-13
1938,1369,1370,8,2.0288722e-10,8.3648685e-11,0.0,6.75254e-17,8.6337615e-10,4.6010578e-09,1.3588155e-16,7.95088e-18,0.99998474,3.0237502e-24,2.4140066e-20,1.5386156e-12,3.8577934e-12,1.581213e-05,3.268127e-12,1.7579872e-10,8.9561584e-14
1939,1370,1371,5,1.919132e-18,5.7019334e-10,0.0,1.6677906e-18,3.934439e-11,0.99749315,1.8279621e-17,4.6535956e-14,0.0025015692,2.0421127e-16,5.0887257e-19,1.6807533e-06,1.7242557e-16,1.2852453e-08,3.5050418e-10,2.2552997e-06,6.574298e-14
1940,1371,1372,8,1.6364367e-19,6.7341353e-13,0.0,7.4706345e-20,1.4609057e-12,1.4239501e-09,2.0392261e-22,6.055406e-18,0.9999923,1.1220805e-23,3.6373667e-22,4.4975378e-12,9.448988e-06,1.5900284e-09,1.619444e-14,5.461686e-08,1.913509e-12
1941,1372,1373,8,5.9190105e-12,1.9850807e-11,0.0,1.807307e-17,1.4180177e-12,1.5492428e-09,2.2979006e-17,2.6546113e-17,0.9999809,2.7289593e-25,7.243989e-21,1.3313545e-09,1.8338262e-05,3.6796194e-10,7.473113e-13,1.595582e-09,3.0813436e-16
1942,1373,1374,8,4.0521114e-16,3.6249483e-11,0.0,4.8342958e-18,4.257875e-12,3.403704e-09,4.31094e-13,1.7607555e-14,0.9999886,2.3193718e-24,1.8766063e-19,1.2832605e-09,3.9670905e-07,9.178173e-06,2.1135842e-10,9.162608e-13,1.7843642e-10
1943,1374,1375,8,6.701371e-17,5.7072187e-11,0.0,6.5697295e-23,4.276896e-16,5.12676e-11,3.3425455e-17,5.733837e-20,0.99215734,5.398062e-28,1.499788e-21,5.115059e-11,0.007843156,1.7656078e-11,3.7503133e-13,2.0820197e-13,1.1390089e-13
1944,1375,1376,12,2.941934e-15,4.205866e-10,0.0,9.773021e-21,2.0249963e-12,1.5272843e-10,6.0624815e-17,1.1925197e-13,0.061835628,5.1189563e-21,4.8568e-22,5.9710266e-07,0.9381632,1.1507164e-15,3.1751214e-15,3.9022444e-10,1.9664108e-12
1945,1376,1377,8,4.752131e-16,8.559117e-12,0.0,6.6851735e-20,2.0117072e-12,7.262336e-05,5.363796e-23,5.2265046e-17,0.99992746,2.3368207e-11,1.5409495e-17,1.8178715e-10,2.376347e-11,4.2778627e-14,1.1584493e-17,2.875272e-10,7.8842985e-14
1946,1377,1378,8,1.2237639e-07,6.3685e-08,0.0,6.013759e-19,8.5706865e-11,0.00993535,1.0641766e-17,7.797733e-15,0.99006283,2.998751e-19,3.6044845e-19,3.3206868e-09,2.9354435e-15,8.2550116e-08,3.264272e-15,1.022307e-12,5.800647e-14
1947,1378,1396,8,4.475549e-18,1.0121844e-09,0.0,3.2523365e-17,7.530325e-11,1.1671396e-08,3.220959e-20,3.4967025e-21,1.0,4.6791276e-19,3.9289375e-17,1.2799243e-12,2.3219835e-09,7.1961875e-10,3.389378e-14,2.350985e-10,5.473208e-12
1948,111,1352,11,2.009253e-27,5.6050525e-05,0.0,3.7438097e-28,0.00798669,2.7563296e-09,2.0042257e-10,6.0530865e-06,1.9591407e-12,4.576656e-09,3.0177022e-23,0.991953,1.353388e-10,3.5714216e-09,2.54754e-13,1.0124869e-14,8.1721315e-17
1949,1379,147,16,5.126049e-21,2.625676e-10,0.0,4.5929223e-16,4.6245936e-05,9.269841e-12,3.4239646e-18,9.145223e-12,2.5217117e-08,2.5516446e-13,1.3688252e-16,2.2932535e-07,1.8297128e-10,4.4732755e-12,2.8557734e-16,1.0642741e-17,0.9999543
1950,111,147,16,6.0959717e-16,1.03738566e-10,0.0,4.146287e-25,6.153123e-07,7.104808e-11,1.054815e-12,4.3587353e-10,1.05565334e-10,8.719398e-15,3.7138164e-25,3.2407256e-06,4.521234e-08,4.7138182e-09,1.3367037e-08,4.662169e-10,0.9999962
1951,135,147,16,2.1208643e-22,2.47371e-09,0.0,1.1146666e-29,3.0763425e-07,3.3865828e-16,4.2073776e-16,2.3677701e-10,1.481096e-11,4.459553e-15,2.7222616e-26,7.3414874e-08,9.0369594e-11,4.1604448e-13,8.626769e-13,2.7395272e-16,1.0
1952,216,1380,11,1.0305243e-22,9.703441e-14,0.0,1.3272465e-25,3.7832751e-06,6.406697e-11,7.471056e-14,5.62419e-16,6.403245e-13,1.4034259e-16,1.592203e-22,0.99977106,9.1460503e-14,5.5830075e-13,5.75133e-16,1.5711034e-23,0.00022370084
1953,1380,111,11,1.8160949e-20,1.166096e-12,0.0,4.630602e-25,0.0003076805,2.9736583e-10,1.7496151e-13,1.8521851e-10,1.4893883e-14,1.830857e-11,7.3444884e-22,0.99968344,6.366273e-13,9.665546e-12,2.3327431e-17,1.2386581e-20,7.4294517e-06
1954,1360,1384,12,7.197916e-18,2.827402e-11,0.0,4.127577e-22,4.6450768e-09,1.6354565e-12,1.3748545e-15,1.4938992e-16,0.1231382,1.1693855e-16,1.1310737e-18,2.8279386e-13,0.87685597,4.349028e-06,2.2565365e-08,1.1207484e-11,1.0214705e-09
1955,1357,1381,14,1.1551928e-09,5.4153307e-11,0.0,9.416102e-28,3.6993132e-08,3.1653353e-09,0.071637064,1.5701631e-15,2.3797762e-11,1.5387399e-18,1.1183567e-26,1.1726864e-09,2.890012e-14,0.00023627878,0.9281251,6.4328923e-21,2.313192e-12
1956,1381,1376,8,5.258799e-11,3.5187853e-11,0.0,9.88416e-19,1.5675713e-08,0.00012881782,7.8195594e-17,6.638725e-18,0.9998665,1.1222055e-14,1.4034586e-15,6.4561356e-10,2.1068364e-12,5.3057015e-06,1.3510338e-13,4.9319976e-17,3.334347e-08
1957,1381,1382,5,2.1515659e-10,6.6226686e-09,0.0,2.6206995e-20,7.3567585e-10,0.9952164,4.1364408e-12,1.0039239e-18,0.00478226,2.5434728e-12,1.3258697e-18,2.8293548e-11,9.081298e-18,4.7198506e-07,1.0499194e-08,7.856183e-10,7.494095e-13
1958,1382,1383,8,1.6738721e-17,1.7327941e-09,0.0,4.6485757e-21,1.09442455e-08,1.865535e-05,1.6856366e-17,2.1585883e-16,0.9999809,9.291727e-18,4.7324392e-20,5.572414e-12,2.3995703e-08,1.06456376e-07,2.9987097e-16,1.1195775e-11,3.5115881e-09
1959,1383,352,8,2.5624667e-17,1.66366e-11,0.0,1.0617821e-21,1.3273745e-08,1.2483432e-07,8.7111644e-20,3.9892304e-15,1.0,8.5649005e-19,7.149615e-18,3.7659272e-12,2.736784e-13,8.976768e-10,1.4321857e-18,3.5712607e-15,6.3560816e-13
1960,352,1384,8,2.0591138e-13,1.5735363e-11,0.0,1.21317866e-17,1.0904723e-11,7.1583967e-12,1.2946465e-19,3.2073035e-18,1.0,1.8511858e-21,1.0730213e-19,4.2718314e-13,5.4616806e-10,1.1102088e-10,3.436646e-17,1.770625e-12,8.043614e-12
1961,66,1362,4,6.013778e-28,3.155776e-08,0.0,1.7139599e-31,0.99997705,2.7298628e-19,1.7352192e-12,1.76632e-13,1.0037492e-15,4.1930595e-13,2.5688192e-24,3.251855e-08,7.3451547e-16,4.770424e-15,9.76978e-13,1.4936404e-19,2.130768e-05
1962,1384,1396,8,8.4514446e-17,1.7317056e-07,0.0,2.4789412e-18,0.0020489462,3.3830924e-11,1.3059855e-12,1.6454792e-15,0.99437773,2.002883e-15,2.5070142e-18,2.414324e-09,1.3671036e-08,2.3845894e-06,5.57116e-12,8.260516e-10,0.0035690898
1963,135,216,16,2.4979735e-26,8.0877324e-13,0.0,2.0143556e-28,6.0062013e-09,2.6892557e-17,4.572041e-20,1.0070196e-17,2.5673656e-12,3.54777e-15,1.5856553e-24,2.3291803e-07,2.8157895e-10,4.0374072e-16,4.3388955e-17,7.575463e-21,1.0
1964,42,243,16,9.9765875e-27,1.1992027e-13,0.0,1.6331794e-29,2.200481e-10,2.5789355e-14,6.2490546e-18,7.5459195e-16,1.1037191e-09,1.4371018e-16,1.8093208e-25,3.9659234e-08,7.3570185e-08,3.0193298e-13,1.0445302e-16,5.96951e-19,1.0
1965,255,243,16,1.5061245e-27,1.5145436e-10,0.0,1.3009917e-29,4.5471023e-11,8.117554e-14,1.8438843e-21,1.5399579e-15,6.101949e-09,1.1601558e-18,3.3866354e-23,3.0499697e-07,0.00028857417,4.552498e-12,4.276508e-14,1.6756145e-19,0.9997101
1966,255,54,16,4.69486e-27,4.3547153e-09,0.0,4.7561912e-32,1.564864e-09,1.4783256e-17,7.214048e-19,2.3680519e-16,1.5385936e-10,2.5092162e-17,7.974058e-25,1.2584743e-08,2.7169867e-07,4.001822e-14,3.5347762e-14,3.2977455e-19,1.0
1967,1385,1386,12,1.3670591e-27,9.60999e-13,0.0,7.2513926e-30,4.152323e-15,1.9416671e-16,2.7813772e-21,1.699101e-20,3.1477586e-07,8.92996e-21,3.089888e-24,2.416057e-16,1.0,1.3283189e-12,3.1509807e-13,1.2883344e-13,2.2738401e-19
1968,1386,1387,12,9.4725905e-21,1.549833e-10,0.0,2.1972979e-21,1.9996403e-06,3.0427632e-08,7.711501e-08,9.9773e-14,0.15060468,1.2127095e-20,2.814979e-21,2.3602297e-11,0.84921366,1.4290301e-05,4.8801158e-11,0.00016399362,2.675798e-18
1969,1387,1388,8,1.4278053e-18,1.0126925e-05,0.0,1.6324813e-22,5.730164e-05,8.168617e-08,0.04103223,8.9765483e-13,0.71127075,1.2915308e-09,8.0067583e-19,1.2450563e-08,0.23010857,0.01751762,8.443335e-07,5.8516963e-07,3.9402394e-17
1970,1388,1389,12,3.3045684e-28,2.6366405e-07,0.0,4.6419293e-29,1.13754034e-07,4.3530643e-12,1.6681765e-13,6.290084e-14,0.0021746366,9.4658115e-11,2.298274e-20,1.49336e-13,0.99782413,1.8381867e-08,5.609225e-12,6.625798e-10,1.7204195e-15
1971,1389,1390,15,6.866947e-30,2.9846638e-07,0.0,4.5449694e-26,1.4350972e-08,6.6472803e-06,4.9102076e-15,4.6556905e-14,4.781999e-05,1.5809797e-10,1.5130063e-19,1.609435e-08,3.2020996e-08,1.1356535e-16,3.2233633e-15,0.9999466,7.6391633e-13
1972,1390,1379,1,2.2515785e-20,0.9938203,0.0,1.2858576e-24,5.4941643e-06,0.002273798,2.81376e-10,1.1275821e-14,3.9902097e-05,8.916961e-05,4.5998355e-14,0.0037705302,7.0012176e-13,9.227979e-08,8.2367195e-12,6.4523964e-09,3.5810946e-16
1973,1347,1388,6,1.5422933e-13,8.097782e-09,0.0,9.0719056e-20,7.2164357e-06,0.00043220085,0.9220342,1.0708987e-12,0.00037714918,0.00033881413,2.6113627e-17,1.0979215e-06,5.6324447e-05,0.025681816,0.051072054,4.1245034e-09,1.8002311e-12
1974,54,42,16,3.3554572e-27,9.759878e-12,0.0,1.2235428e-32,7.6050476e-08,1.6233017e-16,2.7373124e-16,2.5722742e-14,5.3011995e-10,4.992639e-13,8.9031686e-26,3.5849094e-08,7.947883e-09,2.95345e-14,7.377332e-17,3.6958068e-20,1.0
1975,39,1391,16,1.2838471e-18,2.7038363e-06,0.0,3.0487963e-21,1.4487237e-05,6.0611772e-05,1.1557593e-20,1.1584101e-16,0.00012536613,1.0892896e-07,1.4847798e-17,0.044684373,0.05468603,7.741414e-09,6.166305e-07,1.1854117e-14,0.9004246
1976,1391,240,11,5.7596465e-25,3.1410485e-10,0.0,7.2180765e-24,2.9834683e-07,1.9556212e-07,4.7012752e-20,1.2119118e-16,8.1054424e-10,3.0173507e-12,1.660741e-21,0.85014385,0.00016681207,1.1269046e-11,1.874917e-12,2.145442e-19,0.14968826
1977,593,595,6,1.5916752e-14,2.3715294e-11,0.0,6.7271823e-19,0.0006141313,0.0013920991,0.9966867,2.1830086e-16,1.2816371e-08,1.0765891e-10,2.3970537e-16,1.545048e-07,2.3305212e-08,0.00031784113,4.3060758e-05,0.00094412867,2.1087053e-16
1978,324,1392,8,4.2721023e-16,3.667632e-13,0.0,7.7927643e-23,2.572992e-13,9.858622e-13,4.2521406e-14,1.0391978e-21,1.0,1.1317255e-18,1.1296502e-19,4.166017e-14,7.775872e-07,3.6997007e-12,1.788991e-11,1.7097227e-15,7.2063097e-14
1979,1392,1393,8,9.5734756e-20,2.0141085e-14,0.0,1.059819e-22,6.5782176e-12,4.3232028e-08,2.0771355e-18,2.0099574e-13,1.0,2.47031e-13,3.1007812e-20,4.3010394e-11,2.2169443e-10,1.1422836e-16,1.5993335e-12,5.8011895e-10,1.4555629e-08
1980,1393,1394,16,2.7469394e-21,2.1835554e-11,0.0,2.1709321e-25,6.5287855e-07,4.5772346e-08,2.2304698e-14,3.931781e-12,3.4332996e-05,9.889409e-10,3.3480883e-22,2.225404e-07,6.228342e-13,2.3522077e-15,1.3071019e-12,1.6510298e-09,0.99996567
1981,1394,234,16,5.895864e-28,5.2994403e-10,0.0,6.0669065e-30,1.982648e-07,2.5118247e-14,1.8486571e-16,6.5914316e-19,7.1256096e-08,2.1788791e-11,5.035573e-23,6.2098536e-08,6.631727e-14,4.3811454e-15,1.5188167e-13,5.1456842e-12,1.0
1982,130,208,16,1.1353205e-30,6.160499e-14,0.0,2.5937471e-27,3.792116e-07,6.071021e-17,2.4188528e-22,2.4722257e-19,3.263564e-14,1.4756845e-15,5.174127e-27,2.2778726e-08,1.9429299e-13,3.320252e-19,3.6952626e-17,3.7369562e-23,1.0
1983,142,130,16,2.9308208e-31,1.2232288e-12,0.0,2.3829534e-28,2.4216897e-05,7.033859e-18,7.347277e-18,4.7570803e-17,1.3979291e-14,2.725195e-16,2.5083036e-27,2.7747176e-09,2.3300585e-16,1.615776e-17,4.057123e-16,1.0841911e-21,0.99997705
1984,142,2,16,1.2927443e-30,6.738703e-15,0.0,8.162336e-28,0.00063360657,5.3402955e-16,2.5413256e-15,2.280188e-13,1.00175734e-13,7.866149e-15,1.5412641e-28,8.084259e-10,2.075144e-14,7.321213e-15,2.0705417e-14,7.594162e-19,0.99936694
1985,208,2,16,3.3202444e-31,3.2619678e-16,0.0,5.098731e-27,3.3399118e-07,4.6003024e-17,6.054192e-22,1.3172791e-18,1.213213e-14,1.6539624e-15,2.3023977e-28,3.4770111e-09,1.4125864e-12,3.4746598e-19,4.3601332e-17,1.5033214e-22,1.0
1986,129,207,16,3.9044847e-29,1.0426692e-12,0.0,5.0718055e-27,7.7650526e-07,4.0397003e-17,3.2382387e-23,2.2681572e-19,3.008326e-14,1.8652347e-14,1.1935494e-26,1.5352951e-07,7.604303e-13,3.637093e-20,2.2195764e-17,2.3725102e-23,1.0
1987,141,129,16,6.591474e-29,8.920775e-12,0.0,1.7491223e-27,1.623924e-05,1.6246577e-17,2.0788319e-18,8.831995e-19,1.3822911e-14,7.2177e-14,2.2291123e-26,6.214021e-09,3.5346245e-16,2.2907402e-18,6.4013338e-15,1.9291711e-20,0.99998474
1988,141,1,16,1.0222837e-27,7.843826e-15,0.0,2.0257988e-28,1.1111565e-05,1.7803327e-17,6.377709e-17,7.074469e-17,1.1491597e-14,1.174483e-14,6.9363234e-29,3.0385844e-10,8.1130315e-15,5.2340866e-17,8.0198306e-14,7.857192e-20,0.9999886
1989,207,1,16,2.0243534e-29,7.935651e-15,0.0,6.453075e-27,2.956459e-07,1.12516995e-17,1.3617588e-22,3.4413015e-18,9.570834e-15,1.0588004e-15,7.9208693e-28,3.5990915e-08,1.3138412e-11,5.542013e-20,3.082941e-17,3.1786941e-24,1.0
1990,136,217,16,1.9247823e-28,4.850606e-11,0.0,7.9557164e-30,7.963313e-06,1.960773e-17,9.017801e-21,7.2143576e-17,3.5695056e-14,4.488058e-13,1.5082467e-26,1.5510074e-06,3.5643524e-12,2.9001002e-18,9.886211e-16,1.2390875e-21,0.9999923
1991,148,136,16,8.695321e-29,1.9263193e-11,0.0,8.278978e-31,1.6979857e-06,5.5815666e-18,1.8983496e-20,7.764769e-19,1.7356876e-14,5.248673e-13,5.396973e-27,3.3791377e-08,1.2255019e-14,1.4364598e-17,2.034067e-15,2.3480253e-19,1.0
1992,148,112,16,8.174874e-25,4.2679385e-13,0.0,2.9754531e-31,3.2548104e-07,9.890345e-19,2.6638744e-16,7.754395e-15,1.1901461e-15,1.8323415e-15,2.4151378e-29,9.941228e-10,4.2053142e-13,4.073006e-14,9.30914e-12,1.6361629e-18,1.0
1993,217,112,16,1.5561398e-28,1.7140106e-14,0.0,3.789409e-31,3.1023103e-07,2.499355e-19,1.3780816e-18,2.7479107e-16,2.0244738e-17,8.677452e-16,1.5202247e-29,2.0007407e-08,1.3281283e-13,1.5981098e-17,1.05767064e-14,3.3379722e-24,1.0
1994,238,37,4,4.276584e-32,1.6643456e-11,0.0,1.8805042e-27,0.5684694,6.525376e-14,4.436164e-11,8.078939e-14,4.547465e-12,0.00014946266,1.8777838e-23,5.5388316e-09,9.87033e-12,1.3095973e-12,1.0752563e-08,1.2895286e-14,0.43138283
1995,250,238,16,1.9872055e-30,1.5089431e-11,0.0,4.6520713e-28,1.969218e-05,1.0806346e-16,8.280051e-16,1.1948166e-17,1.0824427e-14,1.7282514e-10,2.7801504e-26,7.4262305e-11,3.208376e-13,2.1247252e-16,4.3843853e-09,6.846284e-15,0.9999809
1996,250,49,16,7.331995e-24,4.063718e-10,0.0,8.199471e-28,1.5271708e-06,7.285625e-18,6.978858e-17,5.619938e-18,1.6376596e-13,1.27842005e-14,1.1618638e-28,1.2957535e-11,1.104985e-13,2.9938493e-18,1.7760715e-11,7.673494e-17,1.0
1997,37,49,16,5.8259778e-27,2.311331e-12,0.0,2.2545592e-29,4.918594e-05,1.5116356e-16,6.3386165e-15,2.0350904e-16,1.3184049e-11,4.55904e-09,1.7262939e-26,1.8213901e-11,5.424691e-13,6.4989625e-16,3.5940899e-12,1.8292805e-17,0.9999504
1998,237,36,16,1.8717964e-32,1.0641447e-16,0.0,1.8870839e-30,3.1464246e-08,1.524852e-16,2.9644463e-20,2.7985375e-18,5.934084e-14,3.527552e-09,6.8460825e-28,2.0618929e-09,7.936434e-16,8.4140233e-19,6.326538e-15,5.7689624e-20,1.0
1999,249,237,16,4.3657823e-29,1.4153331e-14,0.0,1.2912965e-28,1.06020755e-10,1.491376e-17,1.8750282e-23,1.8459763e-19,1.6489916e-15,1.3523556e-14,1.2701716e-28,9.156281e-10,1.7228996e-14,1.3379308e-19,1.2851759e-13,3.3984061e-19,1.0
2000,249,48,16,7.5191776e-21,5.8340756e-11,0.0,1.8877996e-27,1.6193809e-08,2.0861506e-16,1.2010112e-20,2.7326371e-17,1.5507829e-13,2.2668903e-15,7.309883e-30,2.7899483e-09,3.249142e-14,2.7898277e-19,1.4487573e-12,4.1352765e-18,1.0
2001,36,48,16,3.217165e-27,6.667977e-14,0.0,5.197361e-31,5.1252454e-07,2.7762958e-16,4.0956967e-19,4.8917714e-16,1.9732351e-11,2.523587e-09,8.987958e-28,4.9052407e-10,9.297419e-14,1.29281696e-17,1.3885962e-14,2.3505074e-19,1.0
2002,244,43,16,3.309162e-27,2.6836013e-15,0.0,1.8395139e-29,2.0898606e-10,3.293476e-16,2.8593333e-19,1.1519933e-17,1.0055832e-11,1.853297e-15,2.8106143e-27,3.3472802e-09,3.0291934e-13,3.9212414e-17,2.026899e-18,8.0220396e-20,1.0
2003,256,244,16,6.255603e-29,5.7878825e-14,0.0,1.269149e-29,1.4544144e-11,1.5087025e-17,1.2196162e-22,2.6117498e-18,2.5380877e-13,1.9627927e-18,7.38577e-27,1.8463063e-09,8.407464e-11,1.00012926e-16,2.754018e-16,2.8166225e-21,1.0
2004,256,55,16,2.3249576e-27,1.0475954e-11,0.0,4.0613193e-31,2.360588e-09,4.738349e-19,6.175844e-20,2.0348554e-18,4.2778896e-13,7.009033e-17,2.6103336e-27,2.2657937e-10,9.724141e-13,8.489245e-18,5.748851e-16,1.5755777e-19,1.0
2005,43,55,16,4.0821114e-26,1.4236056e-12,0.0,2.7051534e-31,2.1518646e-07,2.2177919e-16,2.5520482e-17,7.6676165e-16,2.1374705e-10,2.9814942e-11,2.586072e-26,4.3273594e-09,5.116049e-13,1.9811416e-16,5.689984e-17,5.2422137e-19,1.0
2006,518,501,4,4.063005e-25,5.862325e-09,0.0,1.6428286e-27,0.971317,1.9402422e-12,3.3997683e-11,0.028657788,8.8381975e-11,1.4498458e-13,2.2648386e-25,1.4878506e-05,7.649484e-06,8.1896195e-07,2.5340993e-11,4.8857496e-15,6.020401e-09
2007,467,484,7,1.6680892e-26,2.5510467e-16,0.0,1.6289786e-30,7.403122e-11,1.5833097e-17,1.4617795e-14,1.0,3.1754938e-17,6.8490096e-20,2.2216584e-34,2.7026203e-13,2.0433127e-16,1.140038e-15,5.6799403e-18,2.380882e-20,2.9100866e-17
2008,40,52,12,1.2282364e-27,3.1241004e-12,0.0,7.497788e-27,7.037799e-12,2.727257e-14,7.571382e-23,7.1478735e-17,2.6843147e-10,2.808952e-20,2.8260166e-22,2.2224336e-08,0.9930017,6.0327828e-12,3.682904e-11,1.2330298e-19,0.0069988505
2009,45,57,12,4.3185236e-30,3.520207e-12,0.0,1.6984822e-31,2.2837572e-13,1.085453e-14,9.832248e-22,2.2076292e-16,7.412871e-11,5.2180046e-22,1.2066632e-22,6.1193153e-09,0.9999543,2.575284e-10,3.1543136e-12,5.9060306e-23,4.4946377e-05
2010,46,58,12,2.1227832e-29,2.3867491e-11,0.0,2.9629358e-32,1.5277221e-09,5.3611e-14,7.662108e-19,2.1800067e-14,1.8039185e-09,2.8281947e-15,6.140715e-23,3.829169e-07,0.98558986,1.491542e-08,9.360948e-13,4.315214e-22,0.014408118
2011,557,553,16,1.0326211e-23,0.005251343,0.0,5.101037e-23,1.309532e-05,4.3345272e-10,6.37177e-11,2.3399135e-13,1.9385509e-09,4.0659642e-11,5.8827555e-24,1.8709157e-05,1.15744124e-11,9.6452055e-14,2.16259e-12,5.1773624e-13,0.99471545
2012,556,554,16,5.200016e-24,6.00408e-06,0.0,5.8809576e-25,3.550223e-06,5.7442343e-13,1.3892487e-13,2.8288016e-13,4.392263e-12,2.599124e-13,3.434133e-23,0.00048377615,5.638807e-13,3.1187597e-16,6.3224647e-14,1.2677329e-19,0.999508
2013,575,579,4,2.139756e-24,1.4027304e-08,0.0,3.9912216e-24,1.0,2.5957835e-14,6.4269895e-11,3.6967803e-12,4.868686e-16,1.0067119e-18,3.1841572e-23,3.2917833e-07,5.497197e-16,7.577976e-14,6.0352195e-13,3.2076268e-22,6.13547e-08
2014,558,557,16,1.3459575e-19,0.1235301,0.0,5.7092143e-21,0.0001220791,0.09261653,3.2868394e-07,8.767164e-14,0.0009240223,8.036664e-09,7.604819e-22,2.3106405e-07,9.304446e-06,9.287e-06,6.754036e-09,0.00096623047,0.7818221
2015,574,578,4,6.23926e-27,1.5983236e-09,0.0,1.1295896e-27,1.0,2.296098e-15,7.1988273e-09,3.118625e-11,5.0116147e-17,1.2642804e-18,6.5697983e-25,2.5655606e-07,1.3728315e-15,3.4805207e-13,1.8591205e-12,1.0557958e-22,4.946011e-11
2016,559,556,1,4.7656717e-17,0.9748286,0.0,1.4169824e-23,5.1934626e-06,0.0087862965,6.666348e-07,1.0003521e-13,4.8987965e-07,3.8515038e-10,7.299471e-20,8.558361e-06,5.270659e-07,1.2217215e-06,1.5722672e-07,4.012655e-09,0.016369566
2017,577,583,4,3.4023952e-30,0.00012202741,0.0,2.5018916e-27,0.9998779,8.849992e-14,2.5127537e-07,2.0621482e-13,4.1492417e-12,2.5531862e-18,1.2770405e-22,1.6028302e-08,3.352268e-14,1.1996802e-10,2.4979938e-10,2.8607604e-13,1.1402262e-13
2018,579,581,4,2.2961975e-27,1.5623886e-09,0.0,1.5053563e-25,1.0,1.6635473e-09,5.397228e-09,1.6394533e-13,5.52415e-15,1.2843291e-15,2.6305323e-22,7.481e-09,4.633251e-18,2.8011857e-11,6.743271e-10,1.7530722e-17,1.0616117e-14
2019,572,575,4,1.8128797e-24,6.0230194e-09,0.0,1.4141298e-25,1.0,1.1037247e-14,2.2356206e-09,8.199633e-12,3.0454797e-16,8.392587e-17,3.3719765e-24,1.3219523e-08,1.445911e-16,5.9563346e-13,5.45982e-12,9.445558e-22,3.747575e-09
2020,571,574,4,5.3823935e-28,2.7010988e-10,0.0,1.1314083e-29,1.0,1.4287462e-13,2.1638311e-09,1.5194261e-12,8.082657e-17,3.5750263e-13,3.7613512e-25,1.7572383e-08,5.0771015e-15,1.1638033e-11,1.435522e-11,6.507905e-20,2.1164654e-09
2021,566,562,1,2.2602677e-22,0.9992869,0.0,2.0019292e-29,1.1956487e-06,3.637391e-09,3.0555547e-10,3.966235e-11,1.1444182e-13,7.7595235e-20,7.577314e-21,1.2777086e-06,2.2361078e-08,0.00071086007,6.951314e-07,5.5124805e-10,1.9694041e-14
2022,568,563,1,1.9000362e-14,0.5922386,0.0,8.2715486e-26,0.00012753726,1.1061575e-05,4.163145e-05,4.7611508e-08,1.2050185e-11,5.1430835e-16,4.1643425e-17,2.0561308e-06,3.1176306e-08,0.40058503,0.006992072,1.600784e-07,4.9998317e-10
2023,569,589,15,5.7338313e-22,9.5598445e-09,0.0,1.3416345e-29,7.47693e-14,1.7714056e-08,1.0040561e-14,6.309926e-17,1.510973e-08,1.3570798e-24,1.4278114e-25,6.569742e-12,1.2404175e-12,1.1754127e-11,1.4875259e-14,1.0,3.152826e-17
2024,567,588,1,2.8410047e-25,0.9997635,0.0,1.0817963e-26,3.9312863e-12,2.4420381e-09,2.935167e-20,1.698265e-20,3.2403866e-09,1.6830664e-17,1.3846928e-21,4.4604103e-12,5.1553115e-12,3.511782e-13,1.4440802e-17,0.00023572691,1.3840423e-15
2025,615,600,13,1.9840409e-06,2.47729e-08,0.0,6.8563895e-25,3.3945495e-09,1.9357873e-09,0.16608657,2.4731234e-10,2.2279657e-10,4.4626027e-21,3.246377e-23,2.2316926e-09,2.0127261e-14,0.8334939,0.0004190057,6.975186e-17,8.9945724e-14
2026,613,601,0,0.87270147,3.2701772e-09,0.0,3.6048135e-27,5.49944e-09,4.0635746e-12,0.08191796,3.5399348e-12,6.216904e-12,5.1416687e-17,8.625931e-24,2.8973712e-09,1.0219746e-14,8.576204e-06,0.045373335,1.6391545e-19,1.2814653e-09
2027,592,612,15,3.1665907e-17,8.082374e-11,0.0,3.3536657e-27,0.0006808246,4.4238054e-06,0.00017966436,6.6281286e-16,2.9913542e-07,2.2656585e-11,8.169854e-18,7.900468e-06,3.2304883e-09,0.0001594643,4.7392632e-07,0.9989668,1.307257e-11
2028,591,614,15,3.182537e-11,1.2456191e-12,0.0,4.253352e-24,1.1429545e-09,0.00084113283,1.1851119e-09,3.3246008e-18,0.0018728313,4.327184e-21,1.9465347e-21,1.7402333e-09,2.6030832e-13,8.561486e-08,1.564074e-12,0.9972877,1.515749e-13
2029,594,596,6,1.0078639e-12,8.682392e-07,0.0,5.200252e-25,0.0054041673,0.0005678725,0.721183,1.5138177e-15,3.420863e-07,2.0710518e-10,4.0592167e-14,6.901986e-06,7.6384545e-08,0.27171504,0.0005278635,0.0005927417,1.0848497e-12
2030,596,598,6,4.009753e-14,4.427907e-14,0.0,3.435569e-26,2.7906551e-06,1.10756754e-13,0.9999886,1.5726812e-07,4.3793742e-15,5.896048e-19,2.0816141e-21,4.3155043e-10,3.3511107e-18,9.876236e-06,2.0382918e-08,9.499957e-19,7.57146e-18
2031,603,630,0,0.99981695,4.1738498e-11,0.0,9.6593545e-27,1.8353401e-10,2.2146887e-09,1.7030818e-09,1.2001173e-14,1.2904621e-09,5.8930197e-24,4.4693862e-27,3.4022707e-12,5.828072e-18,0.00018339041,2.2515984e-10,1.2209472e-15,2.0755141e-16
2032,604,631,0,1.0,4.8078386e-15,0.0,3.1866646e-28,3.0116643e-16,7.552605e-15,5.852448e-13,3.490672e-17,3.2711392e-12,4.9895112e-30,1.2558131e-30,6.989145e-16,7.393781e-18,2.536678e-10,5.2596087e-12,8.458204e-20,8.365478e-18
2033,607,634,0,0.99998474,1.5408216e-15,0.0,1.0396062e-21,8.38428e-14,5.0226732e-11,1.1374851e-05,1.4210488e-14,3.2814037e-06,6.2092358e-31,1.0270903e-22,1.283023e-13,5.3115525e-14,3.015674e-10,6.9748682e-09,1.7114592e-14,3.7502056e-17
2034,608,635,6,0.000101702906,2.34422e-13,0.0,6.168221e-26,1.2884121e-07,1.9946115e-14,0.99988174,7.1412962e-12,7.771523e-12,1.6184406e-25,3.4680996e-22,6.0333606e-11,1.6823172e-15,4.286139e-09,1.6175065e-05,3.4121547e-16,4.8644986e-13
2035,610,637,6,1.8562786e-12,2.626243e-13,0.0,3.5484736e-30,2.5051722e-08,6.326342e-16,1.0,3.3322276e-13,2.0618382e-16,3.0579467e-24,3.0305939e-27,4.830329e-12,5.403835e-19,4.1085983e-08,4.7242818e-07,5.6174514e-18,1.2736042e-17
2036,647,618,6,6.8381545e-26,4.8719016e-08,0.0,1.5244786e-25,1.0492662e-09,1.8385869e-15,0.99998474,3.3800979e-12,1.3950635e-06,3.2925347e-23,2.8339405e-22,1.3997356e-10,3.129125e-10,1.4481272e-05,7.174593e-09,6.270167e-17,1.1290979e-13
2037,645,619,6,6.329048e-23,1.7198414e-16,0.0,2.5522773e-28,8.869899e-14,1.7232045e-15,1.0,5.180711e-17,9.385682e-15,2.2714307e-26,7.444155e-26,1.7459615e-13,4.496696e-20,8.643884e-09,5.986826e-09,6.924376e-21,1.9874963e-20
2038,625,621,6,2.336391e-20,7.4125404e-16,0.0,6.992936e-30,2.313051e-12,1.28424455e-17,1.0,6.2724636e-17,1.2966359e-15,1.6571812e-25,1.6077381e-27,7.83629e-15,6.743101e-22,6.2118377e-10,2.6655295e-10,6.3714705e-21,1.2185158e-19
2039,624,622,6,8.034351e-20,6.19637e-14,0.0,1.0168375e-29,4.061511e-13,3.7496068e-16,1.0,1.1166695e-17,1.3220391e-14,9.50378e-23,6.3286e-27,1.0354823e-13,3.73125e-20,5.839693e-09,6.497403e-08,2.3247535e-20,3.3422506e-18
2040,646,659,6,6.0178e-26,2.7235807e-11,0.0,7.2477775e-28,6.9059155e-12,2.1844865e-13,1.0,1.3140473e-10,1.4634896e-10,3.0123097e-22,1.4274408e-25,3.5166554e-09,5.6377984e-12,1.4506136e-07,1.7347244e-10,1.7413246e-14,5.7525654e-21
2041,625,657,6,3.0886014e-18,1.484617e-15,0.0,7.6732293e-25,9.7503186e-11,2.7962199e-12,1.0,8.422046e-13,2.3586313e-08,4.4867536e-22,4.7670904e-24,1.7361421e-09,3.2553792e-16,1.8570303e-11,7.563804e-12,1.628984e-16,2.253238e-19
2042,624,656,6,7.8508526e-17,2.1040468e-14,0.0,2.0945295e-25,2.2956383e-11,2.0651622e-14,1.0,1.2128427e-14,7.4036976e-08,2.572216e-21,2.2203393e-24,3.5946676e-11,8.3790596e-16,9.950443e-11,2.9861835e-11,8.537341e-18,9.4464336e-20
2043,661,654,6,7.8417156e-19,4.8609977e-11,0.0,6.0276104e-26,3.6630782e-11,9.565542e-15,1.0,6.2986535e-15,2.7066984e-11,7.5133134e-25,1.2204898e-24,5.294147e-10,1.00429135e-11,7.704705e-09,4.509317e-07,2.390952e-17,6.379335e-18
2044,611,638,4,5.296161e-12,0.0009901519,0.0,1.8540653e-25,0.96181166,9.326545e-07,0.03399758,1.4025645e-08,8.0496e-12,6.541405e-13,4.2441865e-20,5.492928e-06,1.2523752e-12,0.003014201,0.00018071328,1.5318786e-07,5.129563e-09
2045,651,641,14,4.1616554e-11,1.8683373e-09,0.0,9.7484226e-26,1.6790351e-07,1.3054714e-06,5.967276e-05,8.3828245e-18,1.2277733e-11,1.7664462e-15,8.978993e-25,9.653713e-13,1.3799744e-12,0.0015897544,0.99834967,7.0359097e-15,1.1988328e-12
2046,652,643,14,1.7251351e-11,7.946243e-10,0.0,2.2489397e-23,2.2921293e-11,1.0737351e-09,0.023347817,3.1875194e-18,5.3291256e-15,2.137293e-16,1.4789295e-24,7.4203046e-13,4.6516184e-17,3.0994978e-09,0.9766524,3.1807207e-16,2.3080122e-17
2047,653,644,14,3.8418903e-11,3.3846155e-11,0.0,2.796271e-21,1.7353391e-11,5.22131e-07,0.00012610575,3.8687886e-19,6.467535e-14,1.209441e-16,2.660879e-23,5.3031913e-14,2.0817317e-15,6.651611e-08,0.99987406,5.1801896e-12,4.2341513e-17
2048,649,664,11,5.2832595e-30,0.00033845502,0.0,1.0443217e-26,1.0357829e-05,2.6101158e-11,9.345109e-05,0.0588666,9.9973704e-08,7.6947205e-16,6.725604e-23,0.94052106,0.00016637104,3.87005e-08,3.531461e-14,7.857156e-14,2.998691e-06
2049,632,605,0,1.0,1.8341999e-17,0.0,1.2652746e-25,1.4803071e-16,2.838177e-14,5.7907806e-12,9.537757e-19,3.4998013e-08,1.1512514e-31,5.0785842e-26,1.2595943e-14,1.2486752e-13,2.8790499e-12,1.4958902e-11,4.2172096e-17,1.095302e-15
2050,662,661,1,3.331982e-23,0.9839783,0.0,1.6827806e-21,2.7289722e-08,1.7715821e-07,2.995624e-08,5.539563e-12,4.8909117e-09,3.4743893e-22,1.2544185e-17,2.4787659e-07,7.801343e-05,0.00013436696,0.01580956,1.472008e-07,4.4203866e-11
2051,673,670,9,3.0162e-27,5.733035e-10,0.0,3.449989e-26,6.923867e-08,1.25865e-11,5.8984776e-19,3.752894e-18,6.218639e-11,0.9993822,1.18756346e-26,4.7442352e-08,2.2587675e-15,1.7623194e-16,1.660644e-16,1.6408069e-18,0.00061598484
2052,672,671,16,1.9680425e-24,8.2213904e-07,0.0,1.6251911e-24,0.00013808647,3.5843706e-11,1.5375613e-17,5.2049793e-16,5.82605e-10,0.3816479,9.0765995e-23,0.00035511883,6.47907e-13,3.6374216e-15,5.9732124e-15,4.0661165e-20,0.6178591
2053,687,690,4,7.5483213e-28,1.13773765e-11,0.0,8.875126e-26,0.99965674,1.2990626e-14,1.159327e-13,6.163534e-13,4.778146e-15,4.6357334e-15,4.272152e-23,3.393308e-08,6.4807636e-17,3.572707e-14,6.107965e-14,2.3120346e-21,0.00034211163
2054,674,673,9,1.8112328e-26,9.103316e-12,0.0,1.0383602e-24,4.154395e-09,3.147927e-07,3.7476457e-17,3.6428574e-19,4.543563e-12,1.0,4.5437017e-27,2.4438994e-11,3.0041616e-15,1.7666097e-13,3.1534787e-15,3.400723e-14,3.9284626e-07
2055,686,689,4,2.1425572e-32,8.022409e-12,0.0,2.3563233e-28,1.0,2.7048362e-14,1.3660321e-12,1.5282567e-11,3.697722e-14,2.3966135e-17,6.904764e-25,4.8180272e-08,4.6210587e-16,8.769749e-12,3.0133708e-12,2.9579044e-21,3.2874897e-08
2056,675,672,9,8.161776e-20,1.4131221e-09,0.0,2.0913371e-24,2.3725273e-09,2.1445971e-06,5.2837627e-15,3.4121574e-22,8.1321526e-14,0.9999962,6.697543e-23,1.4563515e-08,5.410939e-16,1.1286378e-12,1.6587796e-12,2.1322987e-18,2.2464016e-08
2057,688,693,4,9.040167e-33,1.4833372e-08,0.0,1.5006284e-22,1.0,1.250228e-11,1.6067993e-13,1.2961923e-13,2.1008674e-10,7.979032e-14,3.2291522e-20,3.816796e-10,1.2578225e-14,8.5155375e-13,4.1954794e-11,1.03550605e-13,1.1638934e-09
2058,690,691,4,2.2618469e-29,3.4744603e-12,0.0,2.738771e-26,1.0,4.183516e-08,3.4596867e-12,4.0071076e-14,9.528364e-14,3.6475063e-09,6.658043e-20,1.9441624e-11,8.159357e-18,2.6544067e-11,4.548857e-10,1.0152866e-15,4.9735804e-10
2059,685,687,4,8.759016e-27,6.5336525e-12,0.0,2.0612843e-27,0.9999466,2.4861625e-14,2.0192353e-11,2.731758e-12,1.2423152e-14,1.9483871e-11,7.016391e-24,5.0004636e-09,1.4227234e-16,7.4742816e-13,1.09232085e-11,1.6096217e-20,5.4221062e-05
2060,684,686,4,8.447347e-33,3.0332885e-12,0.0,1.0007404e-30,1.0,1.3760025e-09,5.6033012e-12,2.770241e-11,7.818982e-12,1.4575862e-07,1.6314844e-23,2.4858772e-07,5.3144107e-14,4.952681e-09,3.478736e-09,9.774165e-16,9.492077e-08
2061,680,677,1,4.7255434e-22,1.0,0.0,9.7218175e-29,9.455211e-09,5.7490446e-10,7.8103593e-14,1.3074077e-17,8.364501e-15,3.8952684e-18,3.3778268e-21,1.5849531e-10,2.485e-11,3.215934e-07,2.6894833e-08,9.5325074e-14,3.4518888e-16
2062,682,678,1,2.6486535e-17,0.996394,0.0,1.6287733e-23,1.4642026e-05,2.7861981e-06,4.717508e-08,1.6847538e-12,6.1615123e-13,1.3544638e-15,3.8692353e-17,3.999103e-08,7.9123305e-11,0.00087093416,0.0027173446,8.5154533e-10,3.311776e-12
2063,683,696,15,1.0234207e-24,2.3801463e-09,0.0,7.2441645e-26,2.4757946e-14,6.0134314e-10,1.310191e-21,5.393612e-22,3.6732173e-10,1.6234268e-22,4.8976676e-25,3.322853e-17,7.300715e-15,2.949508e-15,9.733455e-17,1.0,9.1409744e-18
2064,681,695,1,1.3231923e-25,0.9999962,0.0,5.3289076e-28,1.8834322e-13,6.6627526e-10,2.0139027e-20,7.0951765e-23,1.2904024e-10,8.3336224e-19,9.4053204e-23,2.9070174e-14,1.0510193e-12,5.546982e-13,1.6947212e-17,3.1835773e-06,6.6480762e-18
2065,714,702,0,0.9999084,2.04369e-13,0.0,4.178481e-28,4.2030706e-12,2.0246925e-07,1.1959228e-05,2.111266e-15,2.6233907e-12,6.47139e-20,1.1103099e-26,7.355545e-12,3.37204e-17,5.175107e-07,7.969942e-05,5.9876535e-15,4.5483204e-17
2066,712,703,0,0.999958,3.952066e-12,0.0,1.2121385e-31,2.830271e-12,3.174507e-13,3.8528702e-10,3.0437825e-17,5.126711e-15,1.664015e-19,2.5288805e-29,3.4855849e-12,4.3133326e-17,1.2844737e-11,4.248366e-05,6.0596543e-19,6.9223212e-12
2067,698,711,15,7.832264e-20,1.0728328e-12,0.0,3.2484264e-27,4.6856354e-09,9.822886e-05,1.3198528e-13,1.5731081e-21,6.6402206e-10,1.3450295e-10,2.8922312e-20,4.4831e-11,1.3383629e-14,1.0217461e-11,8.320886e-11,0.9999008,7.8806335e-13
2068,697,713,15,4.2159352e-11,8.3131954e-14,0.0,1.2900866e-26,6.9028266e-14,3.5267516e-05,6.4685617e-17,1.5232726e-21,8.781684e-08,9.931427e-22,2.4649683e-24,1.3489474e-14,1.1124863e-16,2.963859e-12,1.5070424e-14,0.99996567,4.579325e-18
2069,699,700,15,7.4661374e-19,7.131795e-12,0.0,1.973536e-26,8.91736e-07,0.028012304,3.383302e-09,2.827159e-15,1.3632594e-09,3.0435523e-08,5.6747642e-18,2.5210207e-07,8.883744e-15,4.9376222e-11,5.0440055e-11,0.97198796,1.2212278e-13
2070,700,701,14,0.3735145,1.3848711e-08,0.0,2.271255e-28,8.511185e-06,1.8229655e-06,0.00042541092,2.664829e-09,5.780262e-13,1.2443938e-12,2.3382061e-23,1.5675774e-08,1.9510329e-13,1.3666468e-05,0.62603474,3.2659693e-13,2.8762767e-13
2071,704,722,0,1.0,3.2411424e-12,0.0,5.6552316e-32,3.27281e-13,1.7995676e-13,3.2987428e-13,1.0563493e-19,2.5145045e-14,7.8007576e-25,8.028608e-31,9.415405e-16,2.5991645e-20,2.6419963e-11,1.9572555e-11,9.1311376e-20,3.26315e-16
2072,705,723,0,1.0,2.3184258e-16,0.0,9.167039e-30,1.6987591e-18,6.4874482e-15,5.448488e-17,1.80001e-21,4.3191622e-13,3.8735976e-29,2.0006293e-31,6.0386356e-18,1.687532e-20,7.799566e-14,1.9933538e-13,6.301449e-20,7.1482477e-19
2073,724,706,0,1.0,1.869991e-17,0.0,9.380922e-30,2.1146007e-17,7.299824e-15,7.0085285e-16,2.9841756e-21,7.918653e-12,4.706634e-30,7.3824313e-31,4.5833287e-17,4.7551003e-18,4.4137726e-15,8.4769534e-13,9.544496e-18,1.6088806e-18
2074,707,725,0,1.0,4.815837e-17,0.0,2.3997038e-26,8.353906e-17,2.5308488e-11,1.085258e-11,5.386379e-20,4.5861523e-10,2.5635756e-29,2.2535716e-28,9.357287e-17,2.816208e-18,3.0706086e-15,6.146693e-11,1.4343683e-13,3.9164517e-20
2075,708,726,0,0.99826205,2.677657e-10,0.0,4.0728122e-25,4.9615146e-08,8.371569e-12,0.0015700589,4.302655e-15,1.14775515e-11,1.26933385e-20,6.152928e-24,8.70366e-12,1.0702922e-16,2.8950278e-10,0.00016796397,5.6582673e-12,2.07876e-11
2076,709,727,0,0.9999962,1.0731496e-09,0.0,1.2055586e-30,1.5712345e-09,2.2091174e-11,5.002472e-07,1.8651091e-19,1.546124e-11,8.720132e-22,2.4514505e-28,8.5098226e-13,1.27150705e-17,3.134202e-10,4.412783e-06,1.0479692e-11,1.3401882e-12
2077,735,716,6,2.4363014e-28,6.106633e-08,0.0,1.2380223e-32,2.2269473e-09,5.842808e-18,1.0,3.8411936e-15,7.98504e-19,5.006112e-17,5.556727e-27,1.07325544e-10,5.122439e-19,1.5514649e-11,1.4949835e-07,2.0157396e-20,6.0992915e-18
2078,733,717,6,9.044866e-24,5.298636e-16,0.0,9.5832974e-29,1.27629764e-11,7.081638e-13,0.9996796,1.4646902e-18,6.0075258e-18,3.4083622e-20,5.9563214e-25,6.1282993e-12,5.3381586e-23,3.3145995e-09,0.00032043786,1.0413765e-21,2.9942232e-20
2079,721,718,6,8.553681e-16,1.13980194e-17,0.0,1.8775358e-28,1.4952496e-13,4.3823113e-13,0.99973106,1.5049566e-22,3.0740176e-16,1.6306476e-19,4.2915337e-26,1.1286193e-14,2.9352762e-22,8.056141e-09,0.00026808694,4.621785e-22,1.3871896e-19
2080,720,719,6,7.199955e-16,2.0591642e-10,0.0,2.2292812e-27,7.493727e-12,3.2292252e-13,0.98430496,1.87712e-21,4.5005516e-15,3.1372039e-18,2.302466e-22,1.23762e-11,1.90965e-21,1.3062122e-08,0.015693473,9.8330685e-23,3.982495e-15
2081,734,744,6,3.2735404e-28,7.6723217e-10,0.0,8.513256e-30,1.4999108e-10,3.1171437e-15,1.0,3.717731e-16,6.984032e-15,3.3827688e-19,2.231137e-26,3.3697245e-10,3.2113537e-19,1.964532e-09,1.095786e-09,7.1990726e-17,5.3173314e-21
2082,721,743,6,5.5962213e-15,1.893737e-18,0.0,1.183648e-24,7.435581e-12,1.4530815e-10,1.0,4.0947926e-18,8.1450224e-10,2.3856564e-19,2.727367e-25,3.9047297e-11,5.9007026e-20,1.1161325e-10,2.5872686e-09,1.4372428e-18,4.05408e-21
2083,720,742,6,7.076061e-17,7.4322763e-16,0.0,1.128663e-28,1.08620754e-13,9.012016e-15,1.0,2.2661755e-20,1.0598492e-11,5.1692553e-19,1.1893225e-26,7.132468e-14,4.138647e-21,2.0592507e-10,9.451065e-09,8.156197e-22,1.3433804e-22
2084,745,741,6,8.1279097e-20,7.684034e-11,0.0,5.7518866e-28,5.210873e-11,8.439914e-16,0.99988943,7.168181e-19,3.777473e-16,4.1280712e-19,2.3552293e-26,2.617166e-10,1.9049185e-16,2.2319382e-10,0.00010891127,5.1028304e-22,1.17357855e-14
2085,710,728,6,2.88268e-06,0.00025304858,0.0,1.7026763e-27,0.0067014196,3.4786183e-08,0.99051994,2.3838248e-14,3.434502e-14,1.4587505e-12,1.28674155e-23,2.1580865e-08,1.3869252e-19,8.768103e-06,0.0025132096,1.2911845e-11,1.262166e-09
2086,738,730,14,2.154546e-11,1.3675665e-10,0.0,1.1926338e-27,3.0038496e-09,5.348709e-11,0.012481417,2.81772e-20,6.351505e-19,8.867595e-15,7.113459e-26,2.0404505e-12,9.429297e-20,2.9693745e-09,0.98751676,3.948294e-22,4.555759e-14
2087,739,731,14,2.1491931e-12,1.8905616e-10,0.0,3.712936e-26,5.6585474e-12,3.723219e-11,0.0015520691,1.0636753e-21,2.06967e-17,2.945807e-16,1.2919144e-25,1.552517e-13,1.0002143e-21,1.00568345e-10,0.9984486,9.856728e-23,1.3009018e-15
2088,740,732,14,7.716816e-11,1.5202152e-11,0.0,2.3174793e-24,4.859957e-12,1.442281e-08,4.088841e-05,4.2328626e-23,1.4872983e-15,2.5109205e-17,1.1110398e-24,3.8724136e-15,2.5116435e-21,3.5774075e-09,0.999958,8.4805333e-19,1.2181918e-17
2089,750,747,9,5.00833e-31,1.502381e-11,0.0,2.3443527e-29,7.983078e-11,4.962079e-13,2.0542023e-21,8.50612e-21,1.4007404e-13,1.0,1.5706987e-27,1.723697e-12,5.7727988e-18,7.53685e-18,6.1872167e-18,9.8805735e-20,9.235238e-11
2090,749,748,9,9.8803396e-29,2.3483953e-09,0.0,1.141079e-28,6.874307e-09,5.1319203e-13,9.380606e-21,5.236132e-21,9.860615e-13,1.0,7.953734e-25,2.3915914e-09,1.8846728e-16,1.4492621e-17,2.2235088e-17,1.0544359e-21,1.5574741e-08
2091,764,767,16,2.3195918e-25,8.630583e-14,0.0,2.8297838e-28,0.016305188,4.391905e-15,5.95142e-16,2.3803873e-16,5.330677e-13,1.9403479e-10,2.926932e-24,1.5819517e-09,3.192743e-16,3.3402832e-13,7.8413135e-15,3.2676418e-19,0.9836931
2092,751,750,9,2.6249584e-30,5.390222e-13,0.0,4.3631534e-28,2.8956998e-11,4.3228693e-10,1.6876229e-19,2.4338495e-20,2.7472547e-13,1.0,5.6642033e-28,3.4843713e-14,3.8776573e-17,3.4650312e-15,1.5606972e-16,5.5135995e-16,3.4782795e-12
2093,763,766,4,4.0929757e-28,3.7441276e-11,0.0,4.2829083e-29,0.73869103,1.2067463e-14,7.229932e-15,7.597221e-15,1.0477132e-11,4.1034207e-12,2.1805944e-24,3.8236497e-08,2.0347663e-14,1.0894958e-10,1.0794708e-12,3.9715635e-19,0.2613088
2094,752,749,9,1.3545528e-21,1.3022555e-10,0.0,2.0972299e-27,4.2444655e-11,5.001208e-09,2.4752693e-15,1.4756336e-23,2.5237923e-14,1.0,1.2383114e-23,4.0826745e-10,4.3449574e-17,4.6641876e-14,3.667073e-13,3.843998e-20,3.823729e-12
2095,765,770,4,6.873644e-26,5.779044e-07,0.0,8.691353e-19,0.945662,1.020166e-09,3.60683e-15,3.0806836e-17,4.590191e-08,7.722567e-09,4.0249646e-17,1.2355747e-08,1.0921911e-12,9.291295e-12,1.7445801e-09,3.6051708e-12,0.05433689
2096,767,768,4,2.5955045e-23,6.494317e-12,0.0,1.3936458e-25,0.98889655,6.521816e-07,1.4153912e-12,4.0937056e-15,1.5495612e-10,0.010994955,1.9959546e-18,1.13516245e-11,6.262886e-14,2.6975183e-08,4.3773014e-08,2.5491358e-12,0.00010777553
2097,762,764,16,2.092144e-23,1.9268246e-13,0.0,8.2879875e-30,0.010629716,1.1918555e-13,5.9937576e-14,3.3932314e-15,7.2641435e-11,3.5841764e-05,6.707405e-25,3.4755925e-09,1.9069623e-15,4.827826e-11,1.3658765e-11,4.172468e-17,0.98933417
2098,761,763,9,9.411203e-31,6.877834e-13,0.0,5.651029e-31,0.0066176374,2.4232556e-09,1.8222046e-17,4.3332122e-14,1.2765333e-08,0.9786179,8.844813e-25,2.6320295e-06,8.1935934e-13,8.34655e-09,3.0464268e-12,2.2475166e-15,0.014760378
2099,757,754,1,5.8413055e-21,1.0,0.0,1.5125178e-24,1.2611174e-08,2.833754e-09,2.7614692e-14,5.795981e-21,1.0045274e-14,9.726306e-14,9.6093265e-21,1.6252896e-10,9.689898e-15,5.21024e-10,2.542382e-08,8.701281e-17,1.3102219e-12
2100,759,755,1,3.8632085e-14,0.6230329,0.0,4.944331e-19,0.0012144838,2.9093812e-06,0.002238717,9.968605e-18,1.3355491e-12,1.3330563e-10,1.1271806e-17,1.3333439e-06,7.7120364e-14,5.6192835e-07,0.3735088,5.293513e-13,1.2046947e-07
2101,760,773,15,8.456632e-18,7.530603e-06,0.0,3.2939075e-21,1.0550483e-12,9.0872696e-08,9.835527e-19,4.2756756e-22,3.92202e-09,8.7927215e-21,2.366635e-23,4.1778855e-16,1.5168996e-14,2.7490995e-13,3.6125742e-14,0.9999923,3.715621e-15
2102,758,772,1,5.600248e-26,1.0,0.0,2.2451014e-29,2.8628892e-13,1.3344764e-09,7.620134e-19,1.1452813e-23,5.2373977e-11,8.026547e-18,4.342144e-23,1.6885158e-14,2.5870573e-12,3.905681e-12,3.6728069e-16,6.08197e-07,8.592591e-18
2103,791,779,0,0.9998779,1.9341234e-12,0.0,1.4111882e-24,1.2123571e-14,2.3834536e-05,1.4379788e-09,6.5020455e-21,1.0208808e-12,1.1557605e-18,1.925379e-26,2.5224847e-13,3.3595345e-17,2.6226014e-11,9.711409e-05,7.1889374e-12,2.794508e-16
2104,789,780,0,1.0,2.8921104e-12,0.0,2.187306e-27,6.209764e-14,6.185613e-10,7.544078e-16,5.0093515e-20,2.4820133e-13,1.1169921e-19,4.0192783e-29,4.0226703e-13,5.293842e-18,2.562317e-12,9.441705e-07,6.3500646e-15,1.0571635e-12
2105,775,788,15,1.4765521e-22,3.0804987e-15,0.0,1.5012251e-28,4.3855306e-13,1.9151152e-05,1.3841245e-18,1.0755492e-20,1.3837463e-08,1.9539356e-15,7.7206773e-25,4.3543437e-12,1.2585166e-17,1.9671068e-14,1.8945707e-15,0.9999809,1.5249897e-11
2106,774,790,15,2.5406623e-18,3.3255445e-15,0.0,8.465788e-28,6.874283e-16,4.690659e-06,3.929604e-21,1.8895632e-21,3.059401e-08,1.34208e-21,4.4546655e-26,4.561302e-16,5.9316952e-18,4.546987e-16,8.6225365e-18,0.9999962,6.190091e-20
2107,776,777,15,7.730326e-22,4.836079e-13,0.0,7.7498564e-26,1.07467464e-07,0.005610962,8.0086805e-12,8.391287e-14,1.4937977e-07,1.4656519e-10,7.202103e-22,1.4466679e-07,7.147799e-15,5.3697456e-11,1.4253494e-13,0.99438906,2.408328e-08
2108,777,778,0,0.99998474,1.0460605e-10,0.0,8.466259e-31,8.236841e-13,1.5726565e-08,3.8115757e-16,1.6082669e-18,6.1594436e-13,2.9362676e-18,1.1553089e-29,4.8598663e-11,1.6627184e-14,1.3177412e-11,1.7127537e-05,1.7947163e-14,1.517938e-11
2109,781,799,0,1.0,8.651907e-15,0.0,4.0505855e-29,3.96978e-17,1.5515847e-13,4.4856896e-16,1.2432806e-24,5.5515896e-12,1.3139908e-27,7.155274e-30,4.763867e-19,5.6002834e-21,9.606851e-14,8.279479e-13,6.6473346e-20,2.1446351e-16
2110,782,800,0,1.0,3.455062e-17,0.0,2.9092043e-28,2.4223653e-19,3.5289409e-15,9.051689e-19,9.339824e-22,1.5933513e-11,2.138353e-31,1.2019717e-31,3.583522e-19,4.5382246e-21,8.194238e-16,3.2964443e-15,4.9620735e-19,8.6637124e-19
2111,801,783,0,1.0,4.4109403e-17,0.0,1.9521112e-29,5.4134345e-17,1.4443833e-13,2.5866168e-17,2.5065925e-19,7.06954e-11,6.672248e-30,8.0808683e-32,1.7605118e-16,2.0196518e-18,6.6519933e-15,1.0511089e-13,4.065626e-17,3.639692e-18
2112,784,802,0,1.0,1.2926055e-16,0.0,1.9012643e-26,2.9873707e-17,3.3929745e-10,2.208776e-15,6.6208853e-21,6.706523e-10,3.2077747e-29,7.173069e-29,3.8334316e-17,2.7579537e-21,1.8798405e-16,1.03240394e-13,1.1707017e-13,4.894278e-21
2113,785,803,0,1.0,2.0683405e-13,0.0,1.002045e-26,6.402729e-14,1.7922074e-12,1.2319159e-11,1.4378507e-19,3.7606016e-12,1.1046277e-26,2.928389e-28,1.1758454e-15,2.0173475e-20,8.300457e-14,3.916623e-09,4.9730006e-14,8.0905887e-16
2114,786,804,0,1.0,1.5388348e-13,0.0,2.0958993e-30,4.792713e-15,6.73614e-09,1.567619e-12,3.41433e-23,1.6497408e-11,4.00904e-26,1.0067782e-31,2.2519333e-14,1.7827367e-19,7.676335e-13,7.7241715e-09,2.8621017e-10,8.520009e-16
2115,812,793,6,2.6811858e-23,2.056571e-05,0.0,4.417129e-28,3.0849552e-08,1.2104531e-14,0.99997705,3.9835105e-16,1.2843578e-16,1.9871848e-13,3.592685e-23,6.173023e-11,3.9088436e-18,1.905652e-09,3.026721e-06,1.5350155e-20,1.8555763e-21
2116,810,794,6,2.6067406e-20,7.515878e-14,0.0,1.0497816e-26,3.1074368e-12,9.201282e-12,0.9882139,2.3201995e-20,1.1244846e-15,3.003143e-14,3.3229457e-22,1.9316627e-10,1.472998e-20,1.33969005e-08,0.01178615,8.964804e-22,1.7630882e-21
2117,798,795,14,2.1510342e-16,2.6615686e-16,0.0,6.5094675e-28,4.3934027e-12,6.45163e-10,0.024845757,6.0896108e-21,5.779374e-15,2.3879533e-17,5.188052e-23,5.0218496e-11,1.291712e-18,7.4006557e-06,0.9751484,4.5485866e-22,6.400686e-19
2118,797,796,14,6.765351e-18,3.4111162e-07,0.0,2.0588186e-25,2.5069946e-11,5.282889e-10,0.012741581,7.880241e-21,4.6122408e-14,1.6913482e-19,7.6266776e-19,1.7557162e-09,1.5253682e-18,1.6275945e-06,0.9872569,1.713131e-22,1.0768052e-13
2119,811,821,6,5.1779906e-22,1.6652942e-08,0.0,2.669789e-28,3.332817e-10,7.0683836e-14,1.0,9.3257095e-18,1.0135115e-13,1.613732e-16,1.5258524e-24,6.15748e-10,5.8948727e-21,4.7408135e-09,2.2799588e-08,5.782279e-17,4.8472726e-20
2120,798,820,6,1.7923629e-14,1.1547029e-18,0.0,1.4367273e-26,1.8970906e-12,6.657846e-11,1.0,2.4580732e-19,2.0737761e-13,9.607588e-17,9.188443e-27,4.3090226e-10,5.623575e-21,2.6950173e-09,4.1869987e-07,4.3439378e-21,3.1598012e-22
2121,797,819,6,2.6754727e-17,6.225815e-16,0.0,2.538972e-29,1.8413182e-14,6.157209e-14,1.0,3.9235826e-21,1.920617e-12,3.7623975e-18,1.9417831e-26,1.7452489e-13,9.807114e-22,5.458975e-09,5.462582e-08,7.266953e-23,2.6635093e-23
2122,822,818,6,5.2555887e-19,5.2824687e-09,0.0,1.5411136e-25,5.4106407e-12,6.373952e-13,0.9998513,6.260815e-19,7.925554e-13,2.2838594e-15,3.6650245e-24,8.623723e-10,8.301078e-17,1.3092304e-08,0.0001488669,4.3895967e-21,7.927308e-13
2123,787,805,6,3.534294e-05,1.4967245e-06,0.0,2.7288315e-27,7.0042006e-08,7.1082846e-09,0.9970214,4.687813e-18,3.0386507e-12,3.1437378e-15,1.6633572e-24,1.7363153e-08,1.0087262e-18,1.7682275e-06,0.0029396522,6.029165e-14,4.5719028e-12
2124,815,807,14,8.552166e-12,1.7784596e-09,0.0,4.9297554e-26,6.996579e-11,2.2339487e-10,0.45486525,3.111659e-20,6.772167e-18,2.1294662e-14,3.2379772e-24,5.3867273e-13,1.2165684e-21,1.6257129e-08,0.54513395,1.6526077e-21,1.00683193e-16
2125,816,808,14,5.3650127e-12,8.195865e-08,0.0,1.5452124e-23,2.315524e-11,3.7174894e-09,0.0014579837,2.7530568e-20,4.187335e-14,2.3849798e-14,2.4455445e-23,7.3011645e-14,2.953406e-21,1.24695285e-08,0.9985401,2.6387761e-20,3.2004408e-14
2126,817,809,14,1.0783318e-10,2.5639049e-09,0.0,1.3627254e-22,6.0875284e-11,1.4885757e-07,4.953296e-05,8.899384e-22,1.583627e-13,6.0311074e-18,3.922725e-23,3.1801278e-15,1.2570744e-21,5.9325625e-08,0.9999504,4.184576e-20,6.7361845e-15
2127,827,824,9,1.2526403e-31,3.228284e-16,0.0,4.4849147e-33,5.7268296e-13,6.3407934e-15,1.0496642e-21,2.0026467e-22,1.0455432e-15,1.0,1.972865e-27,5.475072e-14,1.409706e-20,1.60423e-17,5.013986e-17,1.4828183e-21,2.5540277e-15
2128,826,825,9,6.19637e-29,9.487353e-12,0.0,3.7132365e-32,7.513428e-10,1.3612456e-13,1.390448e-19,1.4956288e-21,1.4213579e-14,1.0,5.984383e-24,1.2713819e-08,9.810763e-18,2.846234e-17,5.9238546e-16,9.20878e-23,1.4167309e-12
2129,841,844,16,8.207312e-24,1.3249565e-15,0.0,1.6535863e-27,6.664571e-06,2.4482534e-14,9.604106e-17,6.194035e-20,5.0226923e-11,1.70264e-09,5.772357e-26,1.6669888e-11,1.793462e-16,1.10203145e-10,7.719597e-15,1.193186e-17,0.9999923
2130,828,827,9,9.0142504e-30,7.998001e-18,0.0,1.6457733e-31,2.2577565e-14,2.7919086e-12,5.345074e-20,4.018905e-24,7.151419e-17,1.0,8.289259e-28,3.7597042e-16,6.2113257e-22,7.9945304e-16,8.078468e-16,3.4135293e-19,2.0775645e-17
2131,840,843,16,6.3188365e-25,1.7821285e-15,0.0,1.5478714e-25,8.193041e-07,2.3623215e-17,3.2331016e-17,2.7956205e-21,2.345782e-12,2.2746864e-15,2.28308e-26,9.289084e-11,1.7829426e-17,1.7976191e-13,1.3695303e-16,1.1230965e-21,1.0
2132,829,826,9,1.8228034e-16,1.166285e-08,0.0,7.4154725e-26,1.2737454e-09,3.1130126e-05,1.5031658e-08,1.4649352e-19,1.8496546e-13,0.99996567,1.7879877e-19,3.7842854e-06,3.282979e-15,3.1047993e-09,3.9391452e-08,7.864795e-16,6.0557613e-15
2133,842,847,16,4.8252003e-23,8.238285e-06,0.0,3.488547e-22,1.4839055e-05,1.44907315e-11,9.518431e-17,5.952174e-22,5.7904255e-09,2.8108436e-09,2.7342728e-18,2.1022665e-06,6.438955e-14,2.9334107e-12,2.1247075e-10,1.216939e-15,0.99997336
2134,844,845,9,4.4889426e-23,3.833924e-12,0.0,1.0854552e-25,0.0031189704,2.1531373e-07,9.742975e-15,2.8225317e-18,1.7675108e-08,0.9609058,5.491635e-19,2.7497107e-11,4.458486e-13,6.0567567e-07,6.3506413e-09,7.520823e-11,0.035973724
2135,839,841,16,1.7801516e-22,7.295564e-15,0.0,5.8010894e-29,1.3526784e-06,3.595322e-13,4.2122737e-17,2.2469056e-17,8.435884e-10,1.8206443e-06,9.572415e-28,1.6608454e-10,2.0122413e-15,1.8613799e-09,2.414456e-14,1.2595786e-16,0.9999962
2136,838,840,16,2.6717664e-20,1.7776625e-13,0.0,7.1583393e-28,1.6708312e-07,1.06453374e-10,1.5363192e-16,4.5540648e-18,2.3722118e-08,0.0011397579,1.0166879e-26,9.402818e-06,3.5066764e-16,3.0333511e-09,1.800559e-14,6.4035913e-19,0.9988524
2137,834,831,1,2.5458983e-28,1.0,0.0,1.2505408e-29,3.0572702e-09,1.5839299e-12,2.2826302e-16,4.248755e-20,9.720515e-15,3.6092807e-22,8.264492e-24,2.1416228e-12,1.33615915e-14,3.6058212e-10,2.1900194e-12,9.501199e-17,7.4300765e-13
2138,836,832,1,7.554679e-15,0.9451067,0.0,1.1356814e-20,9.095559e-08,2.8007971e-06,5.584859e-06,5.767868e-18,1.3650966e-09,2.0042883e-16,9.894799e-19,3.6301313e-07,2.336212e-13,7.212331e-07,0.05488436,1.3839472e-15,5.35888e-11
2139,837,850,15,4.0695295e-28,2.5072288e-11,0.0,7.576651e-28,1.0837856e-14,6.750104e-10,8.105512e-23,2.7485013e-21,1.5164137e-10,9.5679115e-23,1.0208817e-25,1.852018e-15,4.8937117e-16,2.4507725e-17,2.407515e-19,1.0,5.679015e-16
2140,835,849,1,2.4293861e-29,1.0,0.0,1.7191123e-32,1.2703225e-12,4.432037e-11,8.685529e-17,2.1576114e-21,3.564939e-11,2.1871668e-17,3.3979048e-24,4.0145453e-13,1.0902304e-12,5.5914075e-12,2.1295615e-16,2.5531418e-07,9.147738e-19
2141,868,856,0,0.999386,1.6724027e-11,0.0,2.6138675e-22,1.2636045e-12,0.00020329146,3.346111e-06,7.936959e-21,8.532208e-08,6.2652175e-17,7.24776e-25,5.7280075e-10,9.988158e-13,3.9996326e-10,0.00040768663,5.7265463e-09,8.1886256e-13
2142,866,857,0,0.9985667,9.713964e-13,0.0,1.4404623e-29,1.6956103e-13,2.0979372e-09,2.4470898e-11,2.2108473e-17,4.226658e-12,1.4592566e-20,3.0263738e-29,1.8994747e-10,2.6046027e-13,4.502435e-10,0.0014338585,9.233929e-16,4.196134e-12
2143,852,865,15,7.620384e-22,5.2460448e-15,0.0,6.973703e-30,2.6009239e-17,2.158806e-09,1.480354e-21,7.2268134e-23,9.935708e-11,7.112787e-24,1.3109468e-27,5.8282306e-17,2.2868647e-17,1.1379165e-17,2.9925591e-18,1.0,1.6201707e-17
2144,851,867,15,1.3793819e-24,9.706397e-15,0.0,2.799085e-31,1.1291006e-16,6.536613e-10,3.9362658e-21,1.7918319e-19,2.2746706e-10,9.023627e-26,1.2729657e-28,1.7733724e-16,2.9512057e-16,6.776047e-17,7.5011933e-19,1.0,1.3459061e-19
2145,853,854,15,8.940152e-21,9.982288e-14,0.0,1.0754398e-25,8.122011e-15,8.433871e-07,1.6245949e-18,1.9700649e-22,4.0586716e-08,3.9530072e-24,5.577624e-27,1.5035448e-15,9.438276e-16,1.670238e-15,2.159897e-17,1.0,3.408031e-16
2146,854,855,1,0.08963083,0.85359824,0.0,3.503969e-27,3.386842e-08,2.9176521e-05,6.202913e-09,5.3857496e-10,7.2707317e-06,2.3220753e-21,1.9163325e-23,3.6396273e-08,7.343964e-05,0.022849375,0.033813015,2.3050388e-09,5.9512253e-13
2147,858,876,0,1.0,5.7734464e-15,0.0,6.0843682e-27,3.5650794e-16,6.440763e-13,1.04337485e-13,5.4346286e-22,9.5845465e-09,1.4147644e-28,4.474792e-28,2.658552e-18,2.1209159e-19,1.7533485e-11,9.570434e-11,9.3643075e-20,1.8104751e-16
2148,859,877,0,1.0,1.0386694e-16,0.0,4.8177446e-26,7.129652e-18,1.6091279e-12,2.843987e-17,6.0943945e-22,1.4322505e-08,3.354684e-30,1.0823448e-27,2.0594229e-18,1.7770239e-22,2.005258e-14,5.449676e-16,3.143827e-19,1.1404059e-18
2149,878,860,0,1.0,3.085968e-15,0.0,3.356531e-28,2.8551863e-15,1.7868595e-11,3.846825e-15,3.278529e-19,3.1324067e-08,9.861052e-31,2.2613637e-29,1.8445361e-16,2.1060078e-20,8.4612195e-13,4.8366826e-15,8.221755e-17,1.2774863e-18
2150,861,879,0,1.0,1.2214073e-13,0.0,4.506208e-28,1.0347472e-14,3.6217124e-08,6.264525e-13,2.4695392e-19,4.2182523e-07,9.565839e-29,7.144208e-28,8.166812e-15,2.5587203e-21,6.3784668e-12,1.775985e-13,1.2181408e-13,4.8239586e-19
2151,862,880,0,1.0,6.5845347e-15,0.0,2.7463102e-29,7.136003e-15,2.74655e-11,2.9684957e-10,4.314889e-20,5.987559e-12,2.4462392e-27,4.6527232e-30,2.600397e-14,2.0566573e-20,1.8755646e-12,1.07783636e-10,3.5276296e-18,8.8295436e-17
2152,863,881,6,0.001540837,1.7900698e-11,0.0,5.4886927e-30,1.5725168e-10,1.0844087e-09,0.99800307,3.3356273e-18,1.4043867e-13,6.0770855e-19,7.400408e-27,1.2639184e-11,1.1030406e-18,1.7531939e-08,0.00045617475,2.3621447e-14,4.2957835e-15
2153,889,870,6,9.9336186e-23,1.6722074e-08,0.0,8.217132e-28,2.4657019e-09,3.0429248e-16,1.0,1.2506786e-15,3.3633282e-18,1.1753981e-13,6.236108e-23,1.3457474e-11,4.3118315e-19,1.7631453e-10,8.4697876e-07,1.5065492e-20,5.2579726e-20
2154,887,871,6,1.4307428e-20,3.3037112e-13,0.0,3.3223271e-28,1.4374289e-11,6.8935607e-15,0.9993517,1.9480308e-18,1.4283728e-17,1.5448178e-15,2.4484942e-23,8.471349e-12,1.71753e-20,3.3418562e-10,0.0006469863,1.9557407e-22,4.212958e-20
2155,875,872,14,6.555464e-22,1.1452022e-09,0.0,1.4094362e-29,8.147644e-15,2.2842171e-07,3.434869e-14,3.5319e-17,2.5889046e-11,4.144572e-21,1.0079833e-19,3.915366e-10,1.307037e-12,5.3357642e-05,0.9999466,4.1904342e-22,1.5695329e-17
2156,874,873,14,9.3515484e-23,0.0064913984,0.0,2.1164277e-29,8.130708e-11,8.6423244e-11,8.906171e-08,4.056167e-14,7.9738023e-13,2.1704624e-23,8.541311e-19,8.573121e-08,7.12598e-11,0.00027439158,0.99323285,1.4552765e-20,1.9648942e-14
2157,888,898,6,1.4418887e-18,3.7320856e-07,0.0,2.0404185e-28,5.479212e-09,1.29976845e-11,0.9999543,3.1863587e-14,1.0076101e-12,1.2786959e-10,1.3768696e-23,2.2192758e-06,5.060335e-16,3.870469e-05,3.851894e-06,8.892332e-13,3.1541283e-15
2158,875,897,6,2.1164461e-12,7.4353145e-15,0.0,1.1656657e-25,9.48591e-11,3.874258e-09,0.9997483,1.1996487e-17,1.5067378e-14,3.0905035e-15,3.6568525e-25,1.5099451e-11,2.334697e-21,1.0491879e-06,0.00025148867,5.035742e-17,4.388731e-19
2159,874,896,6,2.306761e-18,1.9334935e-15,0.0,4.2605287e-32,1.0086721e-11,9.501422e-16,1.0,2.2040267e-17,1.7588875e-16,1.3169927e-18,3.1174932e-27,2.8394398e-13,1.3399534e-19,2.0974512e-07,1.700889e-07,3.8984713e-22,6.9208335e-22
2160,899,895,6,5.2397402e-17,1.2428366e-14,0.0,2.394994e-26,1.8051713e-09,7.938328e-12,0.99948126,6.755109e-19,4.2092822e-11,2.9271815e-14,1.2580932e-26,6.6496475e-11,1.0532956e-11,0.0005135097,3.866748e-06,4.166118e-19,1.2335735e-15
2161,864,882,6,1.7791736e-15,5.7458785e-13,0.0,5.776395e-31,1.3367343e-08,9.501531e-16,1.0,2.5910111e-17,1.6940136e-13,1.1978144e-18,3.6275088e-25,1.075513e-11,2.0241705e-19,1.7929417e-09,1.0701653e-09,2.3172398e-17,8.657836e-18
2162,892,884,6,2.3376616e-16,1.8058789e-11,0.0,8.0294465e-28,4.627302e-09,2.9262337e-13,0.9999962,1.0638397e-17,1.2285346e-15,4.618481e-18,1.1409979e-25,5.6956766e-16,2.683729e-19,2.014186e-06,1.4118366e-06,8.39918e-18,2.5623005e-17
2163,893,885,6,2.2613993e-13,1.3190163e-07,0.0,3.2765008e-21,0.00018276814,5.283701e-08,0.98901343,8.2369857e-16,3.984231e-13,8.502829e-17,5.557586e-23,5.754216e-12,1.4329549e-20,2.3948644e-05,0.010778016,1.2919423e-20,6.7767947e-10
2164,894,886,13,8.099441e-11,8.311645e-06,0.0,1.3595512e-17,0.000104986146,0.005999419,9.0691975e-07,1.8151379e-14,0.00012692233,4.9321855e-17,1.6761139e-18,8.808309e-11,4.6629757e-15,0.9920439,0.0017164837,4.6103887e-16,2.8481692e-08
2165,1391,902,16,1.5640957e-22,5.294427e-11,0.0,1.7568743e-25,1.3195046e-07,0.0019138756,1.8595077e-15,2.4793183e-19,2.0306173e-07,0.0022378801,7.8866305e-25,0.014643668,8.0755624e-11,2.410204e-07,1.2128991e-05,4.8980603e-10,0.9811933
2166,904,932,14,1.8673042e-24,1.3458477e-07,0.0,3.6335752e-25,1.6414359e-07,0.015445452,2.547515e-10,3.3995298e-14,8.968612e-12,1.3737257e-10,6.847345e-18,9.74059e-09,5.9294284e-12,6.882324e-05,0.9844852,1.0933309e-09,1.2364025e-11
2167,929,906,14,3.006725e-18,1.4849577e-14,0.0,7.278504e-28,5.2303447e-13,2.809427e-10,5.747303e-13,1.6739869e-17,1.3350207e-10,3.4680247e-12,1.0607936e-22,7.3425613e-13,4.7104612e-07,1.2929665e-07,1.0,1.0688105e-17,1.2480076e-18
2168,925,908,14,5.8465857e-22,8.749523e-14,0.0,7.7402715e-29,6.035358e-13,6.082932e-11,3.4809056e-13,3.518464e-18,8.845099e-14,3.0370384e-13,5.1247342e-23,1.38149515e-14,3.7042135e-08,5.6621813e-10,1.0,1.746585e-16,7.923452e-17
2169,910,922,14,2.907953e-19,3.6807512e-13,0.0,2.0152308e-29,1.7271715e-09,1.1378131e-08,6.505324e-05,5.8190936e-19,1.2961952e-16,8.578224e-08,1.9094597e-22,1.679371e-11,1.6942445e-15,4.824209e-07,0.99993515,2.8616118e-13,4.7771496e-20
2170,921,911,14,1.5686026e-20,2.698349e-10,0.0,6.541205e-28,3.715239e-07,8.932429e-10,0.03503305,2.4106e-14,3.7921128e-16,1.5452729e-06,1.4930236e-21,1.7261628e-10,1.1470099e-13,2.0940627e-06,0.9649612,7.243386e-12,3.528979e-16
2171,915,912,4,3.8120296e-22,1.8081339e-10,0.0,4.7979888e-27,0.9672351,9.533026e-12,4.884319e-06,3.6953283e-12,1.0259286e-12,1.4984383e-06,4.6176816e-21,1.3934763e-09,2.8539516e-18,6.6887523e-10,1.06864064e-07,9.86669e-17,0.032757822
2172,1395,918,7,1.5629191e-24,3.9009418e-14,0.0,1.3582431e-27,2.9780416e-09,6.2915214e-15,2.7436846e-12,1.0,9.475583e-15,9.09389e-24,9.935267e-27,6.468137e-11,1.7961675e-15,2.6988082e-13,6.9239287e-13,1.7870698e-16,3.4950748e-14
2173,921,939,7,9.207099e-22,7.7562784e-10,0.0,1.099231e-25,3.545956e-08,8.863047e-11,3.0205571e-09,1.0,9.8077296e-11,5.55268e-12,5.9649875e-24,5.537712e-09,3.3141502e-13,1.2573639e-11,1.5381743e-06,4.6693066e-10,1.5832223e-13
2174,1020,948,12,1.4135664e-21,0.0015796227,0.0,4.237261e-21,0.004980851,7.5147256e-08,2.8189622e-16,2.1746388e-16,0.00018092639,6.4839843e-15,8.429674e-18,2.328552e-05,0.5780165,1.6683917e-07,1.6623595e-11,0.4152067,1.3079994e-05
2175,933,946,8,1.6743565e-18,5.262087e-12,0.0,3.0944006e-20,3.5053433e-06,2.7293767e-09,3.254769e-17,4.902716e-17,0.9486826,2.762458e-15,1.6277809e-21,4.5784723e-09,0.05130481,1.757902e-08,1.1980322e-13,1.7991612e-11,7.4560826e-06
2176,944,930,12,6.415897e-32,1.9473591e-06,0.0,2.9237033e-34,1.7916906e-09,4.4078248e-11,2.4404159e-18,1.042567e-17,8.1437174e-10,1.1081424e-13,8.734114e-22,1.9531898e-08,0.9999923,5.2963187e-06,4.380495e-07,3.003716e-14,6.0952424e-11
2177,943,928,14,4.215042e-15,4.3248162e-17,0.0,2.8124494e-26,1.8880668e-11,1.1170655e-10,7.40298e-11,1.9967563e-16,6.6296263e-07,1.0094722e-12,7.428552e-19,1.40130555e-11,3.980103e-11,6.818915e-08,1.0,1.7285101e-16,1.4552753e-14
2178,942,926,14,2.4634732e-17,3.007316e-14,0.0,2.5611383e-24,2.9795286e-10,2.1591644e-09,7.6878667e-13,2.9268238e-14,2.9057544e-06,2.2939674e-10,3.437223e-17,1.7137428e-10,3.4694042e-10,1.4050485e-09,0.9999962,7.5812684e-15,3.619563e-09
2179,924,941,7,4.351622e-26,0.0001895138,0.0,1.1567594e-22,0.0032774557,8.94139e-11,0.00044331182,0.970232,1.03425615e-10,5.5979035e-09,4.6540582e-21,0.025820225,1.4291961e-09,1.02771055e-05,2.8879094e-05,3.5919618e-14,2.459824e-14
2180,948,964,16,1.1518069e-20,6.520622e-07,0.0,2.039525e-19,0.4273634,1.1018812e-08,5.4385262e-15,7.008552e-17,4.6222434e-07,4.0525038e-13,8.78962e-17,7.862829e-05,1.5593076e-05,5.5506615e-07,2.5072232e-12,9.7184886e-05,0.57244295
2181,936,962,8,7.670685e-17,2.7745731e-14,0.0,6.754823e-20,6.7790516e-08,1.4913707e-09,1.0604808e-17,9.0519e-18,0.99980927,6.242539e-14,4.0463724e-20,1.0788457e-11,0.00018931365,3.1629939e-09,1.1179552e-12,9.403952e-09,6.5615585e-10
2182,946,961,8,5.996447e-17,7.618875e-14,0.0,1.04704926e-20,1.1907901e-09,2.7861713e-10,1.6378247e-17,6.0100105e-15,0.9999161,8.794974e-20,9.438283e-22,3.078837e-11,7.270014e-05,9.452773e-06,1.0462755e-11,6.141419e-15,6.1121376e-14
2183,944,959,12,4.2523373e-28,7.162404e-07,0.0,1.3760861e-32,7.395875e-09,7.1675554e-11,9.448182e-16,1.0071052e-15,1.0188558e-08,2.5864658e-19,2.922942e-21,4.867993e-11,0.99931353,0.00068544236,1.0869574e-06,2.953984e-11,4.4055277e-16
2184,943,958,14,7.536047e-10,5.081558e-15,0.0,1.03678135e-23,4.3447055e-11,2.7758926e-09,7.2396367e-10,3.7433877e-17,0.00022051261,3.8384344e-18,1.3736572e-18,1.7978946e-08,4.0158422e-08,1.0467059e-05,0.99976736,2.2726828e-15,4.5537245e-15
2185,942,957,14,2.0876492e-14,1.0048119e-12,0.0,1.430856e-22,2.8232418e-11,1.8320684e-08,4.6333896e-12,1.497833e-13,0.0049184114,3.0181707e-18,3.726833e-16,6.604939e-07,5.8211335e-05,1.7773417e-08,0.9950228,1.0379767e-15,7.4147173e-09
2186,941,956,7,9.5187964e-24,1.6077807e-05,0.0,2.4061068e-22,0.00579975,6.4698515e-15,0.0064531052,0.9875431,8.0347126e-14,9.3393145e-17,6.113089e-23,0.00010968677,4.550779e-12,3.8267572e-08,7.6611104e-05,7.036404e-19,1.9123892e-08
2187,938,954,7,5.2864388e-17,9.176723e-09,0.0,2.0520462e-23,3.5696646e-09,4.995052e-08,7.3028107e-13,0.9999962,4.182898e-06,3.0141912e-17,6.363251e-24,1.3119745e-09,4.8860024e-11,1.7938868e-08,1.2070821e-07,3.9692793e-10,9.2410704e-11
2188,940,953,7,2.9225515e-21,6.1979194e-10,0.0,3.541399e-24,2.397347e-08,1.5157818e-08,3.2837323e-14,1.0,1.02569636e-07,2.9830919e-15,1.2266294e-21,3.448205e-08,4.5636286e-11,5.0666724e-08,2.4821592e-10,2.0380557e-11,1.8615805e-07
2189,1395,950,7,3.8848582e-22,6.131219e-13,0.0,2.3394762e-28,2.0727442e-09,1.2037551e-11,8.042997e-13,1.0,3.0550207e-16,5.528289e-20,9.677316e-27,2.5009126e-09,1.4564817e-12,4.970695e-11,7.9602297e-10,6.8165314e-13,1.1911499e-15
2190,950,980,16,1.6975629e-23,5.430295e-08,0.0,9.7767584e-27,0.0009288072,1.6497202e-09,1.3476109e-13,0.0010102628,4.4257586e-08,1.4302323e-09,1.2018448e-21,0.001903776,1.348099e-06,1.0699939e-09,1.7043304e-08,3.713636e-08,0.99615455
2191,952,978,7,1.1404846e-25,2.436836e-09,0.0,2.8817708e-26,8.3957997e-07,3.3596327e-12,9.860056e-12,1.0,7.3152747e-13,3.2143951e-18,5.66112e-26,6.6447166e-07,1.2625663e-08,7.087653e-09,1.4191819e-11,2.1351915e-15,1.3116197e-08
2192,980,1007,4,1.6899659e-29,0.012580701,0.0,1.8912828e-25,0.97100586,2.102229e-11,5.207805e-14,1.495479e-08,6.369923e-11,4.364896e-08,9.827482e-23,0.00877173,4.049601e-12,2.8148736e-12,5.5441077e-12,5.0591588e-08,0.0076408633
2193,977,1004,8,8.693968e-20,4.0640014e-08,0.0,3.8408997e-23,1.2290866e-09,7.664986e-08,4.389808e-24,9.354772e-13,0.96965486,2.052813e-16,4.17632e-18,2.7349107e-09,0.03022343,0.000121418685,7.505736e-14,2.3532465e-17,1.2773376e-07
2194,976,1002,8,4.807171e-18,6.543521e-07,0.0,6.515173e-23,8.625386e-06,0.0008058266,2.874384e-17,1.2010404e-10,0.9882064,2.8112254e-12,5.546805e-16,2.1962596e-05,0.006168481,0.004723246,1.8009482e-09,3.6502336e-17,6.5645036e-05
2195,974,998,7,1.3832013e-25,3.4144435e-10,0.0,4.7139752e-26,1.2645246e-06,2.6604791e-11,4.2619482e-07,0.9959456,2.3801303e-11,8.078072e-15,6.645698e-24,3.8622352e-07,0.0040504076,6.327506e-07,3.3567957e-08,3.4638316e-13,1.8633013e-13
2196,973,996,12,1.5613161e-24,1.8304686e-08,0.0,1.3103326e-26,1.07726464e-07,9.331743e-14,7.955896e-08,0.00064403634,4.917397e-11,5.7594253e-18,1.0389074e-23,6.271607e-08,0.99935555,3.309322e-07,1.1243262e-07,4.4460976e-16,1.3355744e-12
2197,971,992,8,8.115124e-18,1.7047115e-11,0.0,2.6686915e-19,9.250352e-10,1.2301268e-11,2.6798608e-20,5.654585e-17,0.95862854,1.1497779e-14,5.429943e-23,1.9110975e-09,0.0413714,1.8732174e-10,1.0902965e-13,5.424202e-10,2.8700022e-09
2198,970,990,8,1.3037782e-15,1.0099485e-07,0.0,6.242576e-25,7.852053e-09,1.2717055e-10,1.5355653e-21,7.80195e-17,0.86589015,5.17553e-19,3.0710426e-22,2.745165e-09,0.13410906,6.084868e-08,3.1425746e-15,1.1110654e-16,5.1055533e-08
2199,968,987,8,1.5509323e-11,0.00023362851,0.0,2.7221024e-21,8.915553e-08,3.5243856e-12,2.5095792e-10,8.7810876e-14,0.99976736,1.6796214e-18,3.2517287e-17,2.0102058e-10,9.115288e-08,8.8168867e-10,2.4245835e-12,1.601778e-09,1.7275357e-07
2200,967,985,8,1.7334932e-11,1.0308996e-11,0.0,1.1572605e-18,7.425186e-10,1.8017273e-06,4.0087863e-23,1.4056955e-19,0.9999962,3.676483e-14,5.178704e-21,9.2914104e-10,5.5847895e-08,2.8493383e-11,4.0121247e-14,1.5890204e-11,2.666196e-06
2201,964,965,4,3.7633029e-25,0.0006125707,0.0,2.0870623e-27,0.9989058,2.258706e-16,9.028049e-08,4.017876e-10,6.2078626e-16,1.1523487e-18,6.0905397e-21,0.00048076274,2.2262484e-11,1.9407855e-09,1.6004755e-11,2.316424e-12,4.00512e-07
2202,965,982,4,5.8606256e-24,0.00308932,0.0,1.7076356e-24,0.99678934,9.635823e-15,1.8301364e-05,7.362265e-09,2.5532109e-14,7.808917e-17,6.446474e-22,0.00010207758,1.937815e-13,2.9554988e-08,3.1059925e-11,3.5988468e-14,2.0457368e-10
2203,1007,1394,4,1.3246446e-28,0.032088224,0.0,7.596142e-24,0.83375144,4.1804945e-11,3.2801422e-12,2.0149713e-12,6.3219915e-11,1.04281106e-07,1.2338855e-20,0.013593645,1.7795555e-13,1.5769906e-12,2.6101656e-11,2.4915414e-10,0.12056592
2204,1001,1019,4,8.6083035e-26,1.2397075e-05,0.0,9.2947975e-21,0.98450017,1.09747796e-13,0.014945995,5.3331256e-10,9.2191645e-12,4.487078e-15,2.2238353e-21,1.0292878e-05,0.00043160276,3.7068742e-06,9.3607e-05,4.3676886e-18,8.1115473e-07
2205,999,1017,7,1.09545e-27,1.7573512e-09,0.0,5.297202e-23,0.06494771,5.4391986e-12,0.0025358116,0.9301418,6.788091e-13,1.0694565e-14,1.6551548e-23,0.0023273467,3.3455384e-05,1.1339195e-05,1.8359881e-06,1.875558e-15,1.3740551e-11
2206,995,1016,12,7.6051476e-27,8.657598e-12,0.0,8.477222e-22,5.300237e-07,3.330904e-14,5.213239e-11,1.7636467e-06,1.2221998e-09,3.9910618e-20,3.620604e-21,3.9966817e-06,0.9999923,1.0311804e-08,3.0714598e-10,8.7874705e-18,9.433995e-08
2207,993,1014,16,5.072582e-11,2.7608288e-05,0.0,9.8582704e-23,0.0004345003,2.1907138e-11,3.730689e-08,8.6506274e-13,2.0682533e-06,9.2420266e-10,3.8293044e-20,1.557071e-07,1.1905103e-06,1.8837038e-07,3.666988e-06,7.776141e-14,0.999531
2208,989,1013,4,1.027489e-24,5.645903e-08,0.0,1.8202416e-21,0.99163145,1.784188e-09,5.416562e-14,3.1882847e-11,2.433005e-05,8.072121e-09,1.7964877e-17,0.0007937996,0.0040865997,5.9445924e-08,1.3384964e-13,1.0301797e-12,0.0034649463
2209,984,1011,16,4.752985e-08,3.1941175e-10,0.0,3.3780296e-23,0.002882706,7.44993e-09,2.2231898e-14,4.441942e-17,0.00023851922,1.844638e-05,8.967536e-23,2.3178275e-06,7.8037896e-11,8.182335e-09,2.0065025e-13,1.9221471e-14,0.9968578
2210,982,1009,4,4.311102e-29,7.0471007e-10,0.0,2.5007481e-26,1.0,2.2338406e-15,5.453914e-10,1.6889741e-13,9.896546e-17,6.614017e-14,2.7426542e-23,1.1142928e-06,4.129934e-17,2.0112874e-10,1.2917701e-12,9.7003495e-18,2.2547778e-11
2211,1026,1023,9,3.9006906e-28,9.8932764e-14,0.0,5.0777773e-31,6.8685964e-08,1.5367216e-11,3.1180644e-12,5.0326067e-19,1.7558037e-16,1.0,1.21145e-23,7.290227e-14,2.4621646e-19,1.9744933e-10,1.0016796e-08,6.318986e-16,1.6917451e-15
2212,1025,1024,9,8.6864265e-31,6.779901e-09,0.0,1.1009374e-28,0.027456773,7.6609705e-11,4.176036e-09,1.542462e-08,1.649635e-13,0.9724701,5.802941e-24,7.297467e-05,4.358078e-14,2.9284859e-08,6.243651e-09,1.9260014e-13,4.2117556e-11
2213,1040,1043,16,1.1714395e-23,5.3698196e-14,0.0,2.3156057e-24,7.532861e-09,5.442543e-11,8.982911e-15,1.8355456e-15,5.0400723e-07,6.6040263e-16,5.303179e-26,4.7807835e-10,2.3924589e-16,2.0244414e-11,1.0184142e-13,6.940435e-19,1.0
2214,1027,1026,9,2.5583161e-24,7.400061e-14,0.0,1.4138626e-29,9.679994e-08,1.13474865e-08,3.4347487e-08,1.5755898e-19,1.9625551e-16,0.9999962,3.661784e-23,4.511523e-13,1.4864494e-20,5.350265e-09,2.9076837e-06,6.9511534e-15,1.9168e-16
2215,1039,1042,16,1.9536797e-25,3.1676306e-09,0.0,1.9953243e-24,9.352972e-09,8.603817e-16,1.7419867e-09,1.8992462e-14,2.222447e-11,3.659123e-20,6.0858997e-27,2.473409e-08,5.2578715e-13,8.927024e-15,4.4365659e-13,6.883783e-23,1.0
2216,1028,1025,9,5.451762e-21,1.9631385e-09,0.0,7.689851e-23,1.4462114e-05,1.7810908e-05,0.015320463,2.4934395e-13,8.3788615e-10,0.9549787,6.7133875e-20,0.023118276,1.6381112e-11,0.00014665847,0.0064047193,2.0132139e-10,1.0741133e-14
2217,1041,1046,11,1.8738456e-26,8.720598e-07,0.0,1.2707709e-23,5.365185e-09,1.4082465e-09,3.3767288e-15,6.6712843e-14,3.205585e-14,5.3416493e-20,6.9449537e-22,0.9239848,0.00013261725,1.4421626e-12,1.01140545e-08,1.1579744e-13,0.07588234
2218,1043,1044,16,4.4609276e-24,5.0831675e-15,0.0,1.6846397e-25,6.8163883e-09,2.0634695e-06,4.530223e-18,7.962513e-16,1.71682e-08,1.37311724e-11,3.4137163e-24,1.9332265e-09,1.2239154e-11,9.645897e-08,1.000251e-09,4.1044854e-12,0.9999962
2219,1038,1040,16,8.697657e-26,4.8991105e-16,0.0,7.099958e-26,1.5347673e-08,1.9456908e-11,5.3359148e-17,5.6605655e-16,3.1734256e-08,2.7494248e-13,7.861361e-27,9.628609e-10,5.7771003e-16,2.6603367e-11,1.5689125e-14,4.9420468e-20,1.0
2220,1037,1039,16,2.7691847e-26,1.4231821e-12,0.0,1.6469063e-28,1.6203433e-10,6.975625e-13,3.1658725e-13,1.4144113e-16,1.1077009e-09,4.303895e-11,1.7618322e-27,1.7094182e-05,1.09597607e-13,1.3533704e-13,8.626102e-15,5.514984e-25,0.99998474
2221,1033,1030,1,1.4281467e-28,1.0,0.0,7.509294e-27,3.4442293e-11,4.7440086e-12,2.2003255e-14,2.7076353e-13,9.388275e-12,6.370631e-25,2.084451e-21,1.3576805e-09,4.937969e-08,1.0890563e-08,1.067112e-09,1.8398016e-14,1.4554571e-16
2222,1035,1031,14,6.5142852e-21,0.0026803236,0.0,5.655473e-23,2.4532996e-08,1.753386e-10,0.0016653748,4.3709475e-14,1.3372504e-14,8.4493554e-23,1.07345535e-19,2.8781455e-11,4.8760292e-08,5.0105914e-06,0.9956493,1.5684613e-17,1.56747e-15
2223,1036,1049,15,3.719615e-25,1.83325e-08,0.0,1.3894205e-25,8.342495e-12,3.080231e-06,1.7021379e-19,7.354977e-21,2.0551474e-09,1.0423289e-16,1.1740137e-20,1.0271603e-08,4.2022522e-05,1.0866567e-10,6.553275e-11,0.9999543,2.4667223e-13
2224,1034,1048,1,2.485155e-31,1.0,0.0,1.4808662e-31,3.352454e-10,7.874658e-12,3.9489758e-20,7.179535e-20,1.8675578e-12,1.0549928e-18,7.723989e-22,2.1371925e-11,3.4578318e-09,2.8096695e-13,8.264431e-16,5.783629e-08,4.1963378e-14
2225,1067,1055,14,1.8253719e-15,3.0763783e-14,0.0,1.5169365e-26,2.3328837e-11,9.10963e-14,0.008005234,4.4347417e-19,5.06909e-15,9.345164e-16,2.1620678e-22,9.483454e-10,1.3639641e-13,1.8395045e-09,0.9919946,2.7182791e-17,1.1117184e-16
2226,1065,1056,14,3.7509365e-09,2.4189854e-12,0.0,5.210438e-25,7.8470065e-13,1.2996026e-07,3.103864e-09,2.1159472e-18,2.4365852e-09,5.291387e-15,1.1606233e-21,8.66379e-09,4.5656404e-07,1.5858134e-08,1.0,3.8406487e-09,4.1440013e-14
2227,1051,1064,15,9.9573266e-24,3.6404827e-11,0.0,1.498105e-31,1.1752188e-13,2.3338997e-10,2.608918e-21,4.2350287e-22,5.826609e-09,3.559724e-24,5.129778e-24,7.214036e-15,1.4929531e-09,1.1691437e-10,2.8845586e-15,1.0,2.4603871e-14
2228,1050,1066,15,1.0457285e-19,3.824844e-09,0.0,8.242633e-26,2.1540132e-10,2.1844324e-09,2.3621322e-17,9.436812e-21,2.481834e-05,2.8855683e-17,1.4464314e-21,7.7125155e-12,5.3189146e-06,7.090252e-08,3.254967e-10,0.9999695,3.6662933e-11
2229,1052,1053,15,8.707534e-22,3.0538968e-12,0.0,2.0714537e-26,8.3633534e-15,2.5241453e-09,1.5297612e-19,2.7513272e-18,3.6269021e-09,1.3107082e-25,3.104842e-27,5.163098e-15,6.671753e-11,2.1126236e-11,3.5918385e-14,1.0,1.3020139e-15
2230,1053,1054,12,1.9460473e-26,1.177945e-10,0.0,2.3835205e-25,3.3583352e-14,1.10920564e-10,1.3269642e-23,1.3001898e-19,0.0005563007,5.484681e-20,2.9567944e-24,3.321478e-13,0.99944323,1.4763922e-10,4.1490154e-14,7.1644353e-12,6.2458265e-14
2231,1078,1069,7,2.6496696e-28,1.229968e-10,0.0,7.602773e-26,8.608195e-06,3.9127003e-14,0.0011324553,0.99886006,1.5703181e-16,1.5909982e-18,1.2239108e-26,4.987398e-08,2.2797692e-14,3.39617e-08,1.4327115e-09,8.192827e-17,6.0539705e-19
2232,1076,1070,7,2.0440663e-26,9.961087e-09,0.0,3.2627087e-27,3.19621e-05,1.7110611e-14,0.14479588,0.8551691,1.5061617e-16,2.167298e-19,2.8047447e-27,1.8472477e-08,7.027118e-13,2.3187208e-06,1.508198e-07,2.0325468e-15,1.1003688e-16
2233,1074,1071,7,1.5351368e-22,0.00092884974,0.0,1.0043475e-21,6.487796e-07,2.4181967e-08,4.1540172e-08,0.9978699,2.8747047e-08,7.759819e-20,7.13723e-22,2.9820786e-08,1.2806723e-11,0.0011994285,1.17066726e-07,2.9471602e-13,3.414468e-11
2234,1073,1072,13,2.0040071e-22,0.019965343,0.0,8.166662e-21,9.3933224e-05,1.8706578e-06,7.836078e-08,0.0038522817,1.6973307e-07,8.629776e-18,2.0253678e-19,1.563057e-08,1.07040155e-10,0.9760789,7.687367e-06,2.432763e-13,7.475242e-08
2235,1074,1089,13,2.9254884e-19,3.230858e-09,0.0,3.628862e-27,0.00016337608,7.2911143e-07,0.00093614915,1.8350302e-12,8.77936e-11,6.70949e-14,1.8293257e-21,3.4265657e-10,7.4132176e-09,0.9942867,0.0043943617,0.00021984907,5.1510104e-18
2236,1073,1088,13,4.294614e-18,7.377853e-13,0.0,1.17670475e-26,6.68438e-06,1.4566418e-06,3.3640127e-08,6.4984415e-16,1.3290602e-10,2.086686e-14,1.5894897e-23,6.7524507e-13,1.615117e-09,0.99998474,5.789948e-06,1.9969175e-07,8.4736744e-20
2237,1083,1087,13,3.5708855e-19,3.8100386e-14,0.0,1.4097387e-27,1.3992672e-08,6.464145e-10,3.2238159e-09,5.8074955e-19,8.359291e-10,2.1766826e-14,3.7823853e-26,9.65835e-14,2.045933e-09,1.0,1.9060394e-07,7.6555795e-15,1.8353816e-18
2238,1057,1097,0,1.0,1.7107477e-14,0.0,1.3063318e-23,1.13837204e-10,1.2668976e-10,8.987895e-12,3.610197e-18,3.844288e-07,1.4088498e-22,2.3677441e-24,1.1317721e-12,4.483341e-18,1.9630422e-08,1.8299892e-13,2.7184954e-18,3.913424e-18
2239,1058,1098,0,1.0,7.8148775e-17,0.0,4.2180812e-23,1.0204591e-14,2.6723213e-09,1.2471888e-11,1.9686405e-19,1.5304527e-08,5.897521e-23,1.4393187e-23,8.1485166e-14,3.5355456e-21,1.2474695e-11,8.429245e-13,4.5534764e-17,9.0046384e-20
2240,1099,1059,8,5.8736044e-10,1.08107986e-16,0.0,2.1854965e-19,1.17993004e-07,0.0043586674,5.624731e-07,1.0944375e-15,0.99345267,7.955594e-15,2.9834585e-21,1.2744326e-06,6.484665e-11,1.001333e-06,1.9058085e-05,0.00216825,3.1104272e-11
2241,1060,1100,8,4.782319e-16,4.60217e-14,0.0,2.5104859e-20,8.38119e-11,0.0038531045,8.1947275e-11,1.0164425e-13,0.9554924,9.837066e-19,3.981254e-20,8.056467e-08,6.0848084e-12,6.170742e-10,4.3015524e-09,0.04065611,9.282575e-13
2242,1061,1101,8,1.756144e-10,2.576333e-19,0.0,1.2100589e-17,1.4861896e-11,5.279073e-06,1.069013e-12,1.3177265e-18,0.999958,1.3968161e-20,3.7984425e-22,8.6745655e-10,5.930914e-07,4.8800625e-10,1.3836934e-08,3.417984e-05,1.5784598e-11
2243,1062,1102,5,3.978967e-17,7.6547545e-17,0.0,3.210124e-22,1.0061225e-07,0.97779316,5.28912e-10,7.2287486e-14,0.008099073,6.312961e-09,1.8361142e-21,2.352408e-05,2.9738072e-09,1.1988438e-09,2.3414806e-09,0.014082517,1.2916544e-08
2244,1063,1103,13,7.588126e-15,6.28148e-13,0.0,6.5001473e-25,1.1184224e-08,6.465646e-11,2.4474658e-09,5.1436644e-19,9.978515e-07,1.02478433e-16,1.2560781e-20,1.1214583e-11,5.826262e-06,0.999939,5.3638454e-05,5.4131504e-15,9.760309e-15
2245,1082,1105,13,2.5817837e-19,8.97066e-13,0.0,1.404082e-27,8.8858296e-11,1.9756754e-11,7.8534184e-12,1.5649003e-16,5.24256e-09,6.352332e-18,5.6438997e-23,2.82187e-14,2.5618041e-08,0.9999809,1.9630677e-05,3.7859604e-21,2.822236e-14
2246,1080,1109,7,6.98493e-32,3.0348408e-11,0.0,8.226016e-26,6.741096e-07,2.3269774e-15,7.9272554e-11,1.0,1.5606794e-16,3.0571278e-18,2.3108362e-28,1.2762953e-07,9.3040395e-17,4.402326e-13,1.2975062e-16,2.659323e-18,8.700313e-18
2247,1077,1092,15,1.1312791e-21,4.1277343e-07,0.0,2.095331e-23,0.00050513016,8.89157e-09,2.4466538e-09,1.1368472e-13,3.6427668e-08,2.8083163e-15,2.1278448e-19,2.6531756e-08,3.0125264e-08,0.0004191432,8.559849e-09,0.9990734,2.0951315e-15
2248,1075,1091,15,4.604632e-20,5.345372e-08,0.0,2.3655412e-24,5.0664404e-08,1.9757838e-08,6.3549964e-11,1.7082714e-12,5.8308146e-08,1.4589298e-18,3.6963863e-19,6.4289225e-12,2.2201085e-11,1.0227978e-06,1.603012e-10,1.0,2.2171058e-17
2249,1085,1110,13,1.8520607e-22,1.8844739e-06,0.0,5.555848e-23,7.36935e-08,1.3052722e-06,5.6669206e-15,2.0022903e-12,0.00020534208,5.2479895e-14,1.1635133e-21,4.14532e-11,0.0016401748,0.99815154,2.9305183e-09,2.1477345e-12,3.374381e-10
2250,1111,1108,8,1.0389817e-25,4.0920963e-08,0.0,2.0399392e-17,1.0060577e-06,2.1187768e-08,2.4795459e-11,1.6679284e-13,0.99869615,2.0162301e-14,1.7325956e-17,8.740552e-06,2.0769592e-05,6.588873e-10,1.4442492e-12,1.3854144e-09,0.0012736229
2251,1086,1111,8,1.2740515e-24,7.152434e-08,0.0,5.4146115e-17,7.719452e-07,1.0174858e-06,4.3912324e-16,7.451157e-15,0.528618,1.939884e-15,4.6527694e-18,1.12281754e-07,0.4600989,0.0112461215,9.708158e-11,6.5274236e-12,3.4698896e-05
2252,1110,1107,8,2.773562e-18,1.01001096e-13,0.0,4.419155e-19,4.0309136e-08,1.6792191e-09,3.8548122e-17,7.5294437e-16,0.99979013,8.371077e-15,9.983433e-21,5.4943654e-09,3.740707e-08,3.365959e-11,1.5451573e-18,5.8327286e-15,0.00020810525
2253,1116,1113,9,3.248496e-30,1.0645634e-15,0.0,9.997058e-32,3.9606617e-12,2.0961199e-14,1.6353783e-16,9.140368e-21,1.9400014e-16,1.0,1.1103873e-24,1.3429785e-14,4.3341905e-20,7.796859e-14,7.41192e-12,7.6383533e-19,7.115144e-18
2254,1115,1114,9,7.7792307e-28,6.188015e-12,0.0,6.9510014e-28,2.639428e-07,1.9801183e-12,1.151553e-11,7.8785405e-18,1.9414258e-13,0.9999543,1.5279459e-21,4.5501354e-05,4.132917e-15,3.7009007e-12,8.265586e-11,1.9506462e-20,3.108507e-10
2255,1130,1133,16,4.0032324e-26,1.7282528e-16,0.0,2.2630403e-27,3.1710506e-10,3.8320485e-14,8.69744e-15,2.7272424e-17,9.603288e-12,6.615546e-17,5.7749664e-30,3.113573e-11,7.401659e-17,5.908044e-13,8.0192455e-15,4.8536926e-20,1.0
2256,1117,1116,9,2.9865482e-26,2.4992538e-16,0.0,1.4635305e-30,2.3248103e-13,2.2879832e-12,3.2928704e-14,6.383266e-22,5.563712e-17,1.0,2.3001362e-25,9.877396e-15,5.674301e-21,2.3208052e-13,4.0686118e-10,2.0743177e-17,6.212875e-19
2257,1129,1132,16,7.0631415e-25,2.894873e-10,0.0,7.5191666e-24,4.363897e-08,1.9367913e-17,6.5929935e-11,5.865436e-16,1.2114924e-14,8.353729e-21,5.63552e-27,9.330419e-08,8.261787e-15,4.55805e-16,7.2266016e-13,1.0922319e-21,1.0
2258,1118,1115,9,1.0490938e-17,1.0462081e-10,0.0,2.611655e-22,7.0396893e-09,9.4779705e-07,0.018359289,3.7893925e-17,1.10306195e-10,0.97946554,2.125015e-18,0.0019947062,3.3854494e-14,1.1243133e-07,0.00017880763,9.049049e-15,1.5414943e-12
2259,1131,1136,16,3.232364e-23,2.5324107e-09,0.0,1.714059e-22,2.4332134e-09,1.1849931e-11,1.0353933e-17,3.2971938e-18,3.1892288e-14,1.791163e-18,9.0109827e-23,0.0006792267,2.0723084e-10,1.3355317e-15,2.4846863e-12,8.978864e-16,0.9993212
2260,1133,1134,16,1.9088022e-24,4.91695e-17,0.0,1.08511515e-26,9.553532e-10,5.2206897e-08,1.1329349e-18,1.0451269e-18,1.3288023e-09,2.507924e-10,1.7600742e-25,4.035033e-10,5.591978e-14,2.4373556e-10,5.270945e-13,1.1756492e-13,1.0
2261,1128,1130,16,1.4814277e-28,5.270468e-18,0.0,6.0415023e-30,6.3964896e-11,4.4939147e-14,4.3007307e-17,4.462967e-18,6.7036897e-12,3.1506068e-14,2.0160744e-31,2.3254126e-10,4.0929852e-16,7.4782455e-13,7.7222734e-16,4.0713446e-21,1.0
2262,1127,1129,16,1.1653323e-25,2.7713404e-11,0.0,7.868344e-29,7.437177e-10,4.2278813e-13,2.5457664e-10,2.8690086e-15,4.6122427e-13,1.3009002e-10,2.7910694e-29,0.00015789714,1.887245e-12,1.1293403e-11,6.809487e-13,1.337062e-21,0.9998436
2263,1123,1120,1,2.9600038e-21,1.0,0.0,6.03438e-24,1.805923e-08,1.1203483e-08,2.5048916e-11,5.855155e-15,1.753494e-09,3.6312807e-22,7.0541665e-20,9.370319e-11,2.6618699e-11,9.2539295e-07,1.1135018e-07,5.3282925e-15,4.5587024e-12
2264,1125,1121,14,6.146703e-19,0.003585698,0.0,4.3837543e-22,1.3052765e-07,9.657443e-11,0.00055344944,1.5091588e-15,2.1504948e-14,8.966005e-21,2.639018e-20,8.053232e-10,6.346836e-10,1.3580076e-08,0.995862,3.4455428e-19,3.0365665e-11
2265,1126,1139,15,5.111795e-21,8.412633e-14,0.0,3.857253e-25,8.0017974e-15,1.2055692e-05,1.00082224e-19,3.1359308e-21,1.3836725e-08,7.62973e-20,3.9390097e-23,6.9657675e-11,6.1405914e-10,2.565153e-12,2.6775738e-11,0.9999886,5.2720073e-14
2266,1124,1138,1,3.603918e-28,1.0,0.0,5.3619564e-30,4.6186763e-10,4.4976602e-11,6.485307e-19,2.31178e-20,1.8494307e-11,8.4575955e-19,1.5094134e-21,7.596391e-12,3.6549267e-11,1.3833364e-13,4.841129e-16,1.0429349e-06,5.4410426e-13
2267,1157,1145,14,9.33716e-13,1.4499888e-14,0.0,1.8125597e-26,2.0043373e-13,2.6320413e-12,1.0248254e-05,3.5856294e-18,1.2469646e-12,1.1055945e-16,1.3364057e-19,6.7003148e-12,4.6904825e-16,1.0517629e-09,0.9999886,2.0622563e-15,9.146042e-16
2268,1155,1146,14,0.0132921785,5.0816995e-13,0.0,1.1631611e-24,6.9985207e-13,3.0818748e-07,7.537276e-12,2.1951683e-15,5.5656244e-09,1.2224424e-16,3.1294863e-23,2.9169146e-07,6.7982113e-09,4.8030344e-08,0.98670715,2.6582532e-14,6.879731e-11
2269,1141,1154,15,1.5447687e-25,2.6007755e-13,0.0,1.352567e-33,1.0233746e-15,2.0601189e-10,8.28328e-22,5.634379e-20,5.4872964e-09,4.216287e-27,3.198603e-26,4.8934883e-16,3.813891e-11,2.8223723e-13,6.8242152e-18,1.0,3.5980293e-18
2270,1140,1156,15,1.3564343e-22,2.710216e-15,0.0,1.0454048e-28,2.5562197e-16,8.098371e-12,5.43007e-22,4.587238e-21,4.5267992e-08,4.9165528e-26,1.3318916e-26,1.2525918e-17,2.3310713e-13,1.964766e-15,2.6264767e-18,1.0,4.8346487e-17
2271,1142,1143,15,1.7214433e-23,1.546224e-11,0.0,1.2577519e-27,1.6168089e-13,1.2405377e-09,6.291035e-17,2.6199478e-14,1.06433234e-07,1.6121118e-26,3.5528292e-26,1.3223308e-15,1.104788e-11,1.1057649e-13,3.8285524e-16,1.0,2.8292691e-18
2272,1143,1144,12,2.867147e-31,2.3253164e-09,0.0,1.1286285e-28,3.0897746e-14,6.9214984e-13,2.5101828e-25,2.1349939e-17,4.5350896e-07,2.0069621e-20,2.9021735e-23,3.0856048e-14,1.0,1.708019e-10,8.73012e-14,1.3203268e-12,2.2602416e-15
2273,1168,1159,6,5.0455303e-24,9.993761e-13,0.0,6.914246e-27,1.8357431e-06,2.6932929e-15,0.9999962,8.09105e-09,1.4645175e-17,2.4720924e-20,7.7721315e-23,6.991597e-09,8.8577965e-21,4.0275128e-10,1.12454494e-07,4.3709366e-19,6.627743e-18
2274,1166,1160,6,1.10184754e-23,1.01955415e-11,0.0,2.4991447e-27,8.521018e-08,6.1000454e-15,0.9999923,1.5950137e-12,3.3951682e-18,4.154053e-21,7.407854e-22,8.6052215e-10,1.1226051e-19,1.4521567e-09,6.276975e-06,1.3778601e-19,1.4954884e-18
2275,1164,1161,13,1.0588749e-19,6.1650276e-09,0.0,1.3206744e-27,1.7624795e-10,1.4997866e-08,2.2503762e-05,6.0574173e-10,9.467148e-11,6.968708e-21,8.7047616e-18,5.711814e-11,4.0684405e-14,0.9827404,0.01723847,2.7613041e-19,2.4254166e-19
2276,1163,1162,14,7.361241e-20,0.0014350404,0.0,2.4149687e-24,6.639899e-08,6.608986e-10,0.0013087643,1.0026305e-10,2.702511e-10,6.367019e-15,7.311919e-15,1.2087628e-09,1.7982681e-12,0.16458237,0.83267397,1.1917923e-20,3.0789105e-09
2277,1164,1179,13,2.5564058e-15,4.9889974e-15,0.0,4.0001535e-24,2.0524466e-07,2.5807371e-06,8.693503e-05,2.146665e-16,3.1437697e-10,5.1212374e-15,5.030835e-21,3.841059e-09,6.522702e-10,0.9981935,0.0017181019,2.9038998e-09,4.4750537e-18
2278,1163,1178,13,5.888264e-14,2.828107e-16,0.0,2.4304013e-25,8.739743e-08,3.084555e-08,5.438969e-05,1.6052765e-17,5.6495835e-09,5.150825e-14,5.426713e-23,2.0271715e-09,3.1277663e-09,0.9998054,0.00014044359,3.9448645e-13,3.1528224e-19
2279,1173,1177,13,1.2134286e-17,3.2846434e-16,0.0,2.0403515e-25,1.6326415e-09,2.8199065e-10,1.8357935e-12,1.00467806e-19,1.6240757e-09,3.90158e-15,1.6530834e-25,7.5233114e-13,1.0657857e-09,1.0,1.3056692e-08,8.567981e-17,2.432518e-16
2280,1147,1187,0,1.0,1.1641691e-16,0.0,8.895861e-28,2.7693668e-13,5.1112825e-12,3.6332143e-14,4.1365344e-20,6.578234e-11,9.7539e-24,3.145158e-27,1.18894415e-14,7.59262e-21,6.9860276e-12,8.8260807e-16,6.205174e-20,5.242034e-19
2281,1148,1188,0,1.0,3.3007585e-16,0.0,9.815006e-23,1.9424527e-12,9.477866e-10,1.1952322e-12,8.624332e-21,8.861624e-08,8.769708e-21,2.9825663e-24,8.625667e-13,2.0187099e-20,7.402482e-12,2.9348818e-16,1.2047936e-18,4.69685e-19
2282,1189,1149,15,4.2693345e-15,2.5141433e-15,0.0,1.9328406e-19,3.127292e-07,0.010040354,4.8575757e-08,4.1885972e-14,0.14415108,1.0135595e-10,6.19389e-21,8.7491615e-05,4.1927667e-08,3.4440488e-09,3.033746e-08,0.8457189,1.5316776e-10
2283,1150,1190,15,3.938793e-19,1.7717997e-13,0.0,1.3495699e-22,4.9984344e-12,6.924749e-05,6.359868e-12,1.3214008e-11,0.0086742,1.4905684e-17,1.0213859e-22,2.7638714e-07,2.6196118e-11,3.5301945e-14,3.7494367e-15,0.991257,2.0404983e-11
2284,1151,1191,8,6.060515e-10,2.3579189e-17,0.0,9.713007e-19,3.3220974e-14,0.00023954686,1.599527e-14,7.35224e-18,0.9866469,2.6639489e-21,1.4412588e-22,1.5911389e-09,4.1374474e-06,1.1833211e-12,1.7366844e-10,0.013111136,3.6925523e-12
2285,1152,1192,15,1.8763854e-18,9.728035e-17,0.0,3.0032736e-26,4.7790306e-11,0.121241584,3.679654e-14,1.2169112e-15,6.7619344e-06,5.986412e-10,1.5022021e-24,1.1140244e-07,1.0608108e-13,2.478403e-10,1.0728369e-12,0.8787513,4.8890575e-12
2286,1153,1193,13,5.111882e-10,4.0071838e-14,0.0,4.0617705e-30,1.8559486e-09,1.8161172e-11,5.0712714e-09,2.6935497e-15,1.513574e-09,1.0620055e-20,1.24526e-24,3.9246956e-11,1.5856417e-11,1.0,1.6546704e-06,2.971856e-17,5.5552934e-17
2287,1172,1195,13,8.52991e-20,7.632381e-12,0.0,1.7989317e-29,1.1922349e-10,4.101762e-12,3.369027e-12,4.889402e-16,3.852547e-10,1.3641843e-18,3.6036523e-23,1.4981309e-12,4.1710248e-07,0.999897,0.00010301249,3.586474e-20,5.258264e-16
2288,1170,1199,7,2.0841514e-26,2.022336e-09,0.0,7.882668e-23,0.031701926,2.7554738e-12,1.0662092e-08,0.95545965,7.0850396e-14,8.6811975e-15,3.7430803e-21,0.012838771,1.1475901e-16,3.082512e-13,9.616691e-15,9.251226e-19,6.144484e-09
2289,1167,1182,15,5.237776e-19,1.7825835e-08,0.0,1.282655e-22,3.3190204e-06,2.4222775e-08,4.1196404e-11,4.3793218e-16,2.552861e-06,3.3443376e-13,1.0864202e-18,1.4905304e-07,2.2277947e-11,3.3402316e-06,7.888128e-12,0.9999923,2.2489814e-09
2290,1165,1181,15,4.7017128e-17,2.244898e-12,0.0,2.7432297e-23,2.5475633e-10,2.606758e-07,2.5313432e-13,3.0077561e-19,1.1771599e-08,3.6160805e-19,5.4456124e-20,2.784215e-11,1.5221925e-13,6.708692e-08,1.5600032e-13,1.0,1.5168945e-13
2291,1175,1200,13,3.9169785e-18,1.3413653e-11,0.0,1.2236285e-22,5.734263e-09,9.621543e-06,8.300347e-10,2.4334196e-15,3.4132154e-05,8.9119597e-13,1.13971594e-23,1.7197866e-11,3.5713165e-07,0.9999543,6.109898e-07,3.49871e-10,1.1450381e-13
2292,1201,1198,8,1.4251954e-23,2.1543292e-14,0.0,1.4124528e-18,3.4644315e-10,2.3161557e-07,6.418517e-17,3.5154858e-18,0.9999962,3.890528e-12,3.7158825e-19,2.885989e-08,2.5089681e-09,8.254617e-12,3.335109e-16,1.1291912e-08,4.987003e-06
2293,1176,1201,8,3.3223104e-23,1.730209e-12,0.0,1.923604e-17,5.0063043e-09,2.8479628e-08,8.4986786e-17,4.6248482e-17,0.99485964,3.793762e-16,8.263783e-20,6.004664e-10,0.0050965375,4.2069038e-05,1.7296528e-14,6.8191867e-12,3.7749547e-07
2294,1200,1197,8,1.3873371e-20,3.0733218e-11,0.0,9.660568e-20,4.6644736e-06,1.2916354e-07,1.1480248e-14,1.9900058e-14,0.98887765,6.7126205e-12,1.4881798e-20,1.0748479e-05,1.17211066e-07,9.299744e-10,2.7476065e-16,2.9902385e-13,0.01110603
2295,1206,1203,9,4.00649e-32,1.337362e-15,0.0,7.9000015e-32,1.326787e-12,6.4486118e-15,6.1631896e-18,4.6058092e-20,3.498381e-15,1.0,4.8144216e-25,2.1406691e-14,9.803832e-20,5.3054955e-15,6.282639e-14,5.877791e-19,5.736602e-17
2296,1205,1204,9,1.5491163e-27,2.5575416e-12,0.0,4.1275462e-29,2.9623375e-09,1.2226363e-12,8.209268e-13,7.407127e-20,2.1784447e-13,0.9999962,5.336247e-22,4.756563e-06,1.9085124e-15,4.4800182e-13,4.9447447e-12,4.7318596e-21,1.5813408e-11
2297,1220,1223,16,9.111168e-27,1.0092275e-16,0.0,1.0370172e-26,9.804667e-10,3.5472862e-13,7.420261e-17,7.2427805e-19,1.9869453e-10,2.2879141e-15,2.9557494e-29,1.9020622e-11,1.0961297e-15,9.993266e-13,6.388234e-15,4.5442623e-17,1.0
2298,1207,1206,9,4.559654e-29,4.742352e-16,0.0,7.4240905e-30,2.1841239e-13,1.2690268e-12,2.1936449e-15,2.0565071e-21,1.7328683e-15,1.0,1.8813968e-24,9.841515e-15,7.512756e-21,4.765815e-14,3.3039715e-12,2.5206518e-17,4.6067624e-18
2299,1219,1222,16,2.6033465e-24,5.6109237e-09,0.0,1.01221646e-22,2.1788588e-07,1.6455842e-17,2.0670243e-12,6.9742536e-17,1.08195625e-13,4.3223317e-22,4.4054406e-25,4.8783155e-09,1.8156226e-14,6.3213764e-15,2.5289703e-12,6.946996e-21,1.0
2300,1208,1205,9,1.2093448e-15,4.230294e-09,0.0,4.44566e-22,1.2574426e-08,3.927311e-06,0.023314264,4.7695634e-17,9.525585e-10,0.97114664,2.2906277e-17,0.005507687,1.6412804e-13,5.3577228e-08,2.6817526e-05,3.5152496e-15,1.5809487e-11
2301,1221,1226,16,7.482014e-20,1.4686363e-08,0.0,2.041687e-21,1.4572399e-09,5.2804063e-12,3.5240137e-17,4.4253436e-20,1.179612e-12,3.3657026e-18,3.6375472e-22,6.41983e-05,1.974952e-11,6.078579e-16,4.428976e-12,1.372344e-16,0.99993515
2302,1223,1224,16,8.950789e-23,2.2885951e-15,0.0,6.193122e-25,1.3804991e-07,6.6066264e-07,8.967016e-17,1.0004029e-18,1.73525e-07,4.4698243e-07,1.4540922e-23,3.7838302e-10,1.1824232e-12,1.4033881e-09,1.0757674e-11,7.839268e-10,1.0
2303,1218,1220,16,9.2242866e-30,9.578932e-17,0.0,4.250079e-30,8.4932915e-11,2.0808515e-14,2.230142e-18,8.0116417e-20,4.7837727e-11,1.1551603e-12,1.8930309e-31,5.8142137e-11,2.4076948e-15,3.5867603e-13,1.6670872e-15,5.8371024e-19,1.0
2304,1217,1219,16,2.0386212e-28,1.035844e-09,0.0,3.0774687e-30,2.159988e-09,1.4157401e-15,5.693407e-12,2.7094808e-16,1.7598901e-13,1.2838915e-10,4.008743e-29,5.482566e-06,1.8377755e-13,2.9446556e-12,1.106428e-12,2.263676e-22,0.9999962
2305,1213,1210,1,4.1792157e-20,0.9999809,0.0,6.917979e-23,8.170428e-07,9.8990064e-08,5.0257426e-10,5.964221e-14,2.2934536e-08,2.5046195e-22,1.5885593e-19,2.4581324e-09,1.1072645e-11,1.905358e-05,1.581145e-07,6.969175e-17,6.3562815e-11
2306,1215,1211,14,2.0769295e-18,0.0042152936,0.0,1.2926164e-22,4.071665e-09,8.8111324e-11,5.922145e-06,5.62503e-15,9.798291e-14,2.2683799e-21,8.763484e-22,3.2800471e-09,6.3642154e-11,6.4948718e-09,0.99577844,1.0546175e-20,1.2574838e-11
2307,1216,1229,15,1.1770516e-24,5.857639e-14,0.0,4.4441523e-29,1.4061536e-16,1.7265408e-07,4.8543753e-21,3.2612127e-21,1.9436674e-09,9.795523e-22,1.9097711e-24,2.709309e-13,3.296661e-13,2.9137662e-15,1.6036265e-14,1.0,4.3649093e-17
2308,1214,1228,1,2.3585253e-29,0.999958,0.0,2.3078889e-32,4.9515236e-11,7.735944e-11,2.3088398e-17,1.5823834e-20,3.7298314e-10,5.5866364e-18,1.0872803e-22,4.389064e-12,6.338872e-11,1.0414647e-12,1.3373205e-16,4.189783e-05,1.0288665e-15
2309,1247,1235,14,5.3857114e-09,4.387166e-15,0.0,4.5353746e-26,4.3509518e-14,4.89576e-11,3.0116418e-08,1.6261954e-17,2.0386398e-10,2.465587e-18,1.713146e-20,1.1585937e-12,3.16668e-14,3.189835e-08,1.0,1.9715907e-15,2.0867724e-15
2310,1245,1236,0,0.9231006,3.2468375e-14,0.0,2.8137108e-22,2.2481975e-12,5.46048e-07,4.0990955e-08,3.0762495e-14,6.5941884e-07,6.101273e-17,8.850598e-22,1.8739779e-07,3.5520722e-10,1.13101535e-07,0.076896995,4.7658607e-14,3.177056e-10
2311,1231,1244,15,7.406721e-23,7.529868e-14,0.0,1.3438517e-30,2.2598524e-16,1.1237012e-09,2.3067563e-22,7.225443e-21,1.5236742e-09,7.2730087e-28,2.839119e-25,1.5871981e-17,2.8657932e-11,5.9103736e-14,9.777559e-16,1.0,1.2217753e-17
2312,1230,1246,15,4.110217e-21,1.8765502e-14,0.0,6.33224e-29,1.0540043e-16,1.0035349e-11,3.5284185e-21,1.3658918e-19,6.171255e-08,1.4788981e-28,1.1626668e-27,2.9238386e-18,5.6577762e-14,6.9795536e-16,5.2143517e-19,1.0,7.727036e-19
2313,1232,1233,15,1.0475146e-24,2.0793109e-15,0.0,2.2557364e-30,5.7393417e-16,1.0786101e-09,1.7095821e-19,6.0453336e-21,3.8868184e-09,1.9027652e-27,4.8580447e-28,2.648167e-18,1.2934379e-14,8.2243633e-16,1.7376988e-17,1.0,3.99864e-18
2314,1233,1234,8,2.266861e-18,0.00050902006,0.0,2.4704496e-22,4.7999733e-09,2.1117155e-09,5.1776435e-19,1.4859262e-07,0.97336453,1.0313979e-21,4.786768e-18,1.2791455e-09,0.026126381,7.80068e-07,5.0823366e-14,1.6406163e-14,3.82719e-11
2315,1258,1249,6,1.7237668e-26,4.4430593e-10,0.0,6.004477e-26,2.8947022e-06,1.7724392e-16,0.9999962,1.4783211e-08,4.542841e-17,2.5246333e-19,3.157006e-22,4.3478956e-08,1.9699767e-20,1.2245419e-10,6.4575927e-09,1.8326594e-19,5.486071e-17
2316,1256,1250,6,1.060695e-25,4.912787e-10,0.0,1.749984e-26,6.843019e-08,1.9456944e-15,0.99998474,2.293308e-13,3.949404e-17,7.469918e-21,9.645575e-21,3.0022342e-09,2.5016835e-18,9.340025e-10,1.4930701e-05,2.6180013e-20,8.048225e-18
2317,1254,1251,14,2.2837427e-18,1.4820428e-07,0.0,1.471556e-26,1.079089e-10,1.0277179e-06,2.9289931e-05,7.942321e-13,1.316727e-10,5.263833e-20,3.0782875e-17,4.1150857e-11,1.3934044e-13,0.16610812,0.8338596,1.1384244e-17,8.786149e-21
2318,1253,1252,14,2.1592993e-21,0.00035814033,0.0,2.3036036e-26,8.2482306e-11,7.788711e-11,3.0876895e-06,3.744234e-15,1.5175254e-13,1.5659616e-18,1.8273697e-17,1.3595865e-11,2.0210431e-14,4.3829226e-05,0.99959576,4.1984026e-22,1.6389093e-13
2319,1254,1269,13,2.5918626e-16,2.970792e-16,0.0,5.0540665e-23,7.484519e-07,1.7206638e-06,1.5593194e-05,2.152447e-15,8.205304e-10,7.976923e-16,4.0144525e-21,1.09984086e-07,1.3898459e-08,0.999897,8.377893e-05,5.14192e-11,8.344579e-16
2320,1253,1268,13,8.079332e-16,4.048818e-17,0.0,1.6271382e-25,1.1885273e-06,3.510398e-08,4.7415466e-05,1.3903817e-15,3.0492553e-10,8.0756604e-17,2.2576911e-22,2.8419068e-08,2.088986e-08,0.9997521,0.0002009085,3.112511e-14,5.420023e-18
2321,1263,1267,13,6.611141e-14,3.0267055e-16,0.0,1.4185732e-22,3.3139074e-07,2.607751e-08,7.065971e-10,7.378028e-19,4.7608058e-08,9.932722e-13,5.0566457e-25,3.2097275e-10,4.075623e-11,1.0,3.078768e-10,3.3228596e-13,4.611424e-17
2322,1237,1277,0,1.0,8.606537e-17,0.0,3.2719833e-26,2.4258728e-13,1.8635272e-11,2.6954269e-14,2.848805e-19,7.0355644e-10,5.0866112e-26,4.887638e-28,3.929676e-15,9.7750776e-20,6.8995074e-11,1.4164639e-15,1.22912666e-20,1.1890223e-20
2323,1238,1278,0,1.0,4.0926595e-15,0.0,4.7895e-21,4.3812877e-11,4.7479625e-09,1.1602129e-11,1.829202e-19,1.5842732e-06,2.0987178e-20,3.014366e-23,2.377425e-12,1.3342458e-19,2.7462216e-10,2.2270425e-15,7.3982116e-18,9.6292935e-20
2324,1279,1239,15,6.748828e-18,4.688124e-15,0.0,2.4141186e-19,7.8157064e-11,0.014610357,5.9490975e-11,7.195923e-15,0.00015450447,3.7077096e-13,1.6279557e-20,3.5043674e-06,5.9972294e-08,1.0552662e-11,7.148799e-10,0.98523283,2.806081e-13
2325,1240,1280,15,6.677805e-21,6.270269e-15,0.0,3.4662874e-22,4.1090243e-14,0.00090682774,1.6905968e-15,5.599147e-15,6.1893556e-06,1.6130064e-15,2.722423e-22,1.5007144e-07,3.215475e-10,3.797324e-16,5.9147358e-15,0.99908876,3.956122e-13
2326,1241,1281,15,1.2986289e-18,5.2179585e-17,0.0,8.722889e-23,3.9095187e-16,0.0004157513,9.814314e-19,6.071736e-18,2.5207635e-05,1.3597935e-19,2.7228787e-23,9.525553e-09,3.703129e-06,3.4715632e-17,5.0951506e-13,0.99955374,1.5149167e-13
2327,1242,1282,15,8.210607e-15,4.3763993e-16,0.0,2.7209993e-23,1.2858943e-13,0.20060019,2.9029066e-14,2.7454205e-21,3.734361e-09,1.3173672e-14,3.8887537e-24,1.4991999e-12,4.72424e-17,1.41450345e-08,2.0562287e-10,0.79939824,3.372661e-15
2328,1243,1283,13,1.1902057e-14,7.499428e-17,0.0,5.917833e-28,4.4421588e-11,1.9090925e-10,1.1767394e-13,1.5425256e-17,7.097934e-09,8.75943e-24,1.1182463e-25,1.6242351e-11,2.2134566e-08,1.0,8.495147e-09,1.1894796e-14,4.026577e-17
2329,1262,1285,13,3.3123832e-19,1.3586421e-12,0.0,1.3269009e-27,2.0180733e-10,5.7160617e-12,2.3602391e-11,3.2390037e-16,1.4229951e-08,2.934126e-20,1.01380466e-22,3.0710014e-11,6.172329e-07,0.9999504,4.8670983e-05,2.3187485e-20,1.6729807e-14
2330,1260,1289,7,1.180213e-23,1.0065865e-08,0.0,8.335581e-22,0.035636634,1.8621804e-11,2.772275e-08,0.94602644,2.4946188e-13,1.25524845e-14,4.1029658e-20,0.018335143,4.2214444e-16,4.5103184e-13,9.4890755e-15,1.1932441e-19,2.5319581e-08
2331,1257,1272,15,8.40361e-24,6.6325065e-08,0.0,5.171888e-23,8.7849054e-07,2.4772994e-08,3.1087086e-10,1.2736067e-13,1.4402098e-06,2.8634055e-11,3.76386e-19,1.19976e-07,9.067796e-11,3.397027e-07,4.3975254e-13,0.9999962,5.793159e-11
2332,1255,1271,15,1.2546647e-21,7.44199e-13,0.0,2.4304423e-22,7.7125817e-10,1.8820896e-05,1.4883377e-14,3.395777e-18,5.509543e-08,1.0913112e-14,8.0832e-20,6.3522885e-09,7.749494e-13,1.2410779e-08,4.455217e-15,0.9999809,2.6374774e-13
2333,1265,1290,13,1.1934131e-18,2.1233855e-11,0.0,2.9364379e-24,2.2720137e-09,7.448289e-07,4.9948153e-11,3.125702e-17,1.733186e-07,4.604167e-16,1.6936552e-24,4.8812677e-12,1.334798e-08,1.0,1.3106245e-08,1.3142063e-12,3.5494001e-12
2334,1291,1288,8,1.30457896e-23,3.0686093e-13,0.0,2.3068754e-18,2.3533366e-09,2.300314e-08,2.7505637e-16,6.0195887e-19,1.0,5.949225e-14,1.515155e-19,1.9048454e-09,2.6271226e-07,1.397203e-08,1.256488e-16,1.676467e-09,7.1670223e-07
2335,1266,1291,8,3.206449e-24,1.1660836e-10,0.0,1.1062679e-19,1.5782584e-07,2.0126247e-08,2.0187228e-15,7.2847394e-17,0.9507295,6.1340906e-15,2.7220104e-20,2.4497355e-09,0.045248535,0.0040200213,2.1236983e-14,1.8201615e-10,1.3025251e-08
2336,1290,1287,16,7.866507e-23,3.425716e-10,0.0,1.31717236e-20,0.0006862298,7.307954e-09,7.0130056e-13,7.9510216e-13,0.02230892,5.656085e-13,2.1482756e-19,1.6976432e-05,1.0273108e-05,1.0703296e-07,1.7665474e-15,6.450925e-15,0.9769767
2337,1296,1293,9,8.443232e-31,5.9141683e-16,0.0,4.802076e-33,1.6706124e-13,4.1872693e-15,2.7261463e-20,3.659777e-21,6.786971e-15,1.0,1.3588035e-26,2.3848025e-14,1.2318546e-19,4.4426196e-17,1.586207e-15,4.6135966e-21,6.7987576e-16
2338,1295,1294,9,6.237595e-27,1.095241e-12,0.0,1.1822359e-31,3.437653e-11,2.1020826e-13,1.484707e-16,1.2847668e-20,2.0524784e-14,1.0,3.0344753e-23,1.359853e-08,1.06717276e-17,9.0722304e-17,1.9604171e-14,7.89037e-23,3.619402e-14
2339,1310,1313,16,1.8530683e-25,7.296754e-17,0.0,1.1882167e-25,1.3483914e-07,7.629458e-15,9.2385e-18,7.955905e-21,7.556742e-11,2.8255878e-13,1.9674021e-26,8.121776e-12,1.3101349e-15,7.719315e-12,6.99875e-16,1.3108078e-18,1.0
2340,1297,1296,9,9.24761e-30,3.043016e-17,0.0,2.3907526e-31,2.2803304e-14,6.750892e-13,4.463407e-19,2.2452206e-22,4.1717406e-15,1.0,8.141194e-27,3.8494505e-16,1.9133041e-20,6.0356476e-16,1.0294008e-14,2.758326e-18,2.6677271e-17
2341,1309,1312,16,2.4411786e-26,2.1281842e-13,0.0,2.4213547e-22,2.7169347e-07,1.6082739e-17,4.1635822e-16,7.680946e-21,8.048188e-12,9.769528e-19,8.0223254e-25,1.6619862e-10,6.8643243e-16,2.88576e-14,1.9711621e-15,3.1594535e-21,1.0
2342,1298,1295,9,1.0871929e-15,1.6224215e-10,0.0,1.1217499e-25,4.217512e-11,2.2298056e-07,4.9903333e-06,1.7978785e-18,7.142546e-13,0.9999923,5.806742e-19,7.9759553e-07,3.9915726e-16,5.276887e-10,5.4649604e-07,2.5595261e-17,4.374249e-15
2343,1311,1316,16,3.2383018e-22,1.0524537e-08,0.0,1.2642869e-23,4.5190247e-09,1.0298458e-12,6.1743604e-20,1.2842512e-22,9.866915e-10,3.731115e-16,4.628916e-21,8.132926e-07,1.4890654e-13,3.7590055e-14,1.9323672e-13,6.529098e-18,1.0
2344,1313,1314,16,3.9035306e-22,7.830918e-13,0.0,3.111488e-23,0.001625934,1.7268974e-06,1.4670033e-13,1.0858489e-17,1.4762375e-06,0.025355613,9.203988e-19,1.3991484e-10,6.428632e-11,1.6066334e-06,1.1306827e-08,1.9732294e-09,0.97301185
2345,1308,1310,16,7.7264735e-27,1.3879912e-16,0.0,3.211094e-28,1.0347269e-08,1.2251555e-15,1.365402e-19,2.6235902e-20,2.034335e-11,7.646864e-12,6.1306316e-29,2.469813e-11,1.0432166e-15,1.5630717e-12,8.0595344e-17,3.609314e-19,1.0
2346,1307,1309,16,3.9069128e-22,4.005092e-13,0.0,2.1315732e-27,3.8551655e-09,1.0351743e-13,9.2975465e-17,8.909485e-19,1.1664625e-09,3.1100992e-08,4.0540987e-27,1.614011e-06,2.6341064e-15,1.18692035e-11,1.4466848e-14,2.3110205e-21,1.0
2347,1303,1300,1,8.192008e-26,1.0,0.0,1.811214e-31,2.3288127e-10,9.021631e-11,2.213655e-12,3.272268e-20,5.871329e-14,5.7212434e-23,1.5043301e-23,4.0814848e-13,5.880942e-15,3.3010883e-07,1.2837696e-09,6.4671023e-18,6.6465583e-17
2348,1305,1301,14,2.0176306e-14,0.03463666,0.0,2.389128e-25,3.6341435e-10,7.6849466e-10,9.8332194e-08,2.8866913e-17,1.920295e-12,1.8943358e-19,1.2791857e-22,3.957749e-07,2.1561158e-12,1.2711685e-08,0.9653625,1.6495861e-19,3.0341218e-12
2349,1306,1319,15,7.647485e-25,1.3866531e-11,0.0,2.1576438e-29,1.2623691e-15,5.0976348e-11,8.241835e-21,2.3826824e-19,2.1465939e-10,4.9359887e-24,1.6462179e-25,7.0436698e-15,9.272474e-16,8.0814275e-16,2.0753942e-17,1.0,2.857014e-17
2350,1304,1318,1,6.9378587e-29,0.9999962,0.0,4.7500992e-32,3.5333778e-12,1.2121237e-10,7.062905e-16,1.9160943e-20,1.5007522e-10,1.8745905e-17,2.0141146e-23,1.2949474e-12,1.6600012e-12,1.4925757e-11,6.198563e-16,2.54651e-06,1.0449156e-18
2351,1337,1325,14,0.00040137672,1.032753e-12,0.0,1.3475268e-23,7.204884e-13,9.9467016e-08,3.7814982e-07,4.742079e-17,3.333104e-06,2.667076e-17,1.5411646e-20,9.195181e-11,6.951118e-10,8.11696e-08,0.99959576,1.560487e-11,7.369676e-11
2352,1335,1326,0,0.998921,1.3708856e-14,0.0,1.1094705e-28,6.5404e-15,1.6250671e-09,4.237703e-11,2.3029815e-17,2.932787e-10,4.1517084e-21,8.38566e-28,1.5541126e-11,5.284353e-13,7.182146e-10,0.0010807283,4.871492e-16,2.762112e-14
2353,1321,1334,15,1.4238364e-16,5.1946206e-14,0.0,3.2346854e-29,4.861782e-16,5.403006e-09,1.6895233e-19,1.3366758e-19,9.461687e-09,5.3983245e-30,1.9821976e-26,2.0484003e-17,1.9090488e-14,1.668167e-13,4.285386e-17,1.0,5.6412797e-21
2354,1320,1336,15,5.500435e-21,5.616989e-15,0.0,5.6568156e-29,6.4177606e-16,1.8805177e-09,6.4840632e-21,4.424234e-18,7.4490956e-08,3.7134905e-25,2.3373899e-27,2.7487796e-17,2.1337329e-16,2.5462152e-16,6.628372e-19,1.0,2.4173702e-20
2355,1322,1323,15,2.3716214e-17,2.5818729e-11,0.0,3.860944e-27,2.7223213e-13,1.430714e-07,2.5222592e-16,5.1610394e-19,9.107255e-09,6.402143e-29,6.319339e-26,7.40228e-17,1.07563045e-14,9.647575e-11,7.738252e-17,1.0,7.884515e-20
2356,1323,1324,1,8.710404e-19,0.9983267,0.0,4.600329e-28,6.9357595e-09,2.5191698e-11,2.9933168e-15,4.936648e-09,0.0001950119,2.105826e-25,3.311557e-22,3.7303986e-11,0.001477806,2.2332715e-06,3.3607735e-12,5.886633e-11,8.130633e-14
2357,1351,1339,6,1.6447847e-20,7.102403e-09,0.0,1.6476432e-26,8.463642e-09,2.9660036e-15,0.9999886,9.503783e-15,1.7365533e-16,3.8882057e-16,5.313413e-23,6.1710424e-12,5.6165673e-20,5.034127e-10,9.802444e-06,7.359388e-20,2.7539915e-20
2358,1349,1340,6,2.5214488e-18,1.5243034e-11,0.0,5.4514832e-24,6.415602e-10,2.2030162e-11,0.97059476,4.2395657e-17,1.012727e-13,1.5224008e-14,1.3106222e-19,1.0478982e-09,1.8001568e-18,2.216025e-08,0.029405285,2.2068968e-16,1.0626393e-17
2359,1346,1341,14,3.651628e-16,8.54153e-06,0.0,1.3454607e-25,2.6910481e-12,1.6919917e-06,1.1686723e-08,7.748085e-18,1.6895882e-11,4.563386e-18,6.7598776e-19,1.6998533e-12,1.8035974e-14,1.1475222e-05,0.99997705,4.5913785e-17,1.345271e-17
2360,1344,1342,1,8.11822e-18,0.9300886,0.0,1.3218559e-24,1.9152353e-09,1.395738e-08,1.0490278e-06,1.3343605e-15,2.1475786e-12,1.3607898e-19,1.3627488e-18,1.8187815e-09,2.2388826e-15,1.472852e-05,0.06989622,7.317848e-19,1.1425151e-15
2361,1356,1361,13,6.472432e-11,2.5718214e-15,0.0,4.6934167e-24,4.316995e-06,1.3458167e-07,0.00010009979,7.7573454e-17,6.9989885e-09,1.8884737e-15,3.1387744e-24,9.8619196e-08,1.4850046e-12,0.9998931,6.929656e-07,1.6557434e-14,1.4251126e-17
2362,1327,1363,0,1.0,4.3139767e-16,0.0,1.3270839e-26,1.83712e-13,1.1910688e-10,7.751781e-14,1.0255734e-18,2.9451921e-10,1.5889243e-25,1.5999733e-28,4.0040035e-15,5.6048567e-21,2.68925e-10,2.7352236e-13,5.832489e-21,3.7218652e-21
2363,1328,1364,0,0.9999886,2.1138863e-14,0.0,1.6666305e-21,1.7812874e-13,4.421916e-06,7.427948e-14,3.3195014e-21,8.507743e-06,4.416266e-22,1.2007705e-24,9.027637e-15,2.0753989e-20,8.6089275e-11,1.3344834e-14,9.113279e-14,2.4135738e-20
2364,1365,1329,15,3.3278727e-19,3.161113e-16,0.0,3.307003e-20,9.949104e-13,0.038448695,2.5823235e-13,1.4077145e-17,3.230988e-05,1.158545e-12,1.6061126e-21,1.37737395e-08,7.439049e-10,7.457141e-12,1.9778716e-09,0.9615182,1.9858513e-13
2365,1330,1367,15,8.795597e-23,1.4475239e-14,0.0,3.1359887e-22,1.0716945e-14,0.004416191,8.137974e-17,2.72273e-18,7.956386e-07,4.761892e-17,1.7129235e-20,5.2568533e-11,2.4308999e-12,2.2974657e-14,1.3822866e-13,0.9955847,5.4093675e-17
2366,1331,1368,15,5.0905347e-25,7.0599984e-15,0.0,2.18191e-23,7.431369e-16,4.7519945e-05,3.903265e-21,2.3316554e-19,1.0832893e-07,2.1508586e-19,1.0410231e-21,7.1956044e-12,3.2343095e-10,2.2020707e-15,7.832408e-14,0.9999543,2.722982e-16
2367,1332,1370,15,8.744249e-22,5.868242e-13,0.0,5.354326e-25,2.0402326e-12,0.21284083,7.19112e-15,5.8429444e-17,2.8232781e-08,7.211889e-15,4.296922e-19,5.692141e-07,5.541166e-13,1.1461287e-09,2.4392637e-09,0.7871578,7.472221e-15
2368,1333,1371,13,1.0854731e-15,2.432502e-14,0.0,3.7657978e-27,3.700945e-11,7.1923328e-06,1.0129677e-11,3.3965391e-12,1.8696216e-08,7.744393e-25,3.0212858e-22,1.0658183e-09,7.3335235e-12,0.9999923,4.6360282e-10,2.2459046e-08,1.0705227e-20
2369,1355,1374,13,3.2316835e-17,1.2053088e-10,0.0,9.824248e-25,3.5663301e-09,1.9199682e-09,5.7122227e-13,7.656744e-16,7.783597e-05,2.1316703e-20,4.090306e-21,3.1208387e-11,3.031416e-11,0.99992365,1.0736034e-10,6.0233565e-19,1.0215498e-14
2370,1353,1380,7,2.1427091e-20,8.5728914e-08,0.0,1.1371437e-25,0.0058785337,4.0069873e-13,0.0083794035,0.9840008,4.7767064e-15,4.3774456e-11,3.5635318e-22,0.0017424372,3.44216e-15,2.5909797e-11,9.91781e-12,3.9013635e-19,3.8506354e-11
2371,1350,1390,15,9.7021304e-17,1.2743202e-07,0.0,1.1544583e-22,6.5004735e-09,4.9930208e-05,1.1407929e-11,5.3094258e-14,5.8783003e-06,1.6900044e-14,3.713249e-18,3.6191798e-07,2.0331335e-10,9.951711e-08,1.4583603e-13,0.9999427,2.860336e-12
2372,1348,1389,15,9.619178e-24,9.2554504e-14,0.0,2.1182919e-23,8.6179675e-10,0.106024675,7.6192855e-13,1.9159584e-17,7.1712854e-08,4.7719745e-06,1.559457e-19,4.3657977e-07,2.2144476e-13,1.2735437e-13,1.5047627e-13,0.89396966,6.8143207e-13
2373,1358,1382,8,1.8999284e-13,4.00931e-06,0.0,7.858061e-20,3.810605e-07,0.0015887117,1.9137115e-14,2.41488e-14,0.58594877,5.931401e-18,2.838749e-19,2.1519507e-11,1.5444463e-08,0.41245675,4.8782756e-10,4.618936e-12,3.8850914e-09
2374,1359,1383,8,2.1740633e-19,1.5896889e-09,0.0,3.3146426e-21,1.533164e-08,1.8797621e-08,2.1703155e-21,4.4148166e-15,0.9999962,2.5892066e-22,2.5174481e-20,1.8056782e-12,3.4205502e-07,1.8840138e-06,1.5999763e-17,3.4035768e-15,5.351612e-09
2375,1382,1377,8,2.224532e-20,1.422137e-09,0.0,8.451759e-19,6.1565765e-06,3.773902e-08,3.5200316e-20,2.1918819e-13,0.99759203,1.3373816e-16,1.5613575e-17,6.8967154e-08,4.663904e-06,8.4171525e-08,1.4128509e-19,2.7378138e-16,0.002395735
2376,1343,1386,13,1.270995e-14,4.791909e-15,0.0,6.793442e-24,6.8101094e-06,1.1020373e-07,0.0024261398,9.447497e-16,0.00018199241,6.094891e-12,5.676615e-22,1.9246624e-08,4.8445713e-06,0.99737895,5.940152e-07,3.4562888e-09,4.134907e-21
2377,1345,1387,13,6.9705995e-05,7.026345e-12,0.0,9.6988733e-17,0.0055410042,0.3783429,0.021814842,4.605584e-11,0.00082366593,1.1945663e-09,1.8806615e-20,2.6091953e-07,7.853838e-12,0.591198,5.699295e-05,0.0021528462,3.1846681e-15
2378,1383,1378,8,4.2107527e-22,5.4410695e-11,0.0,1.1025016e-19,1.1414002e-07,1.7507862e-10,2.0246328e-20,7.16822e-16,0.9999886,1.3434074e-20,2.0276935e-20,2.8842692e-10,1.7089938e-06,1.5647676e-10,6.922025e-21,5.4941183e-15,8.258926e-06
2379,1081,1104,13,3.6347293e-23,3.5812798e-12,0.0,4.587709e-29,2.2150435e-09,4.2467814e-11,1.5989203e-10,6.862522e-15,2.8297744e-12,3.285315e-19,9.7216246e-23,2.4323627e-14,6.5086123e-09,0.9999809,1.716076e-05,1.6816713e-20,5.802705e-14
2380,1171,1194,13,4.913994e-22,2.2780766e-12,0.0,6.33144e-30,3.8745807e-10,9.119339e-12,3.6941265e-14,3.5380428e-13,3.0080778e-11,7.1765505e-20,4.6904486e-23,2.482602e-12,5.6933724e-09,0.9999962,3.3952929e-06,3.7227477e-20,1.7860554e-15
2381,1261,1284,13,7.685762e-19,2.0002444e-12,0.0,4.675716e-28,2.2161084e-09,9.3736435e-11,4.9863416e-12,8.573879e-14,1.1991633e-10,6.4327484e-20,3.7672695e-24,1.5849409e-10,9.4032976e-11,0.9999923,9.518774e-06,1.6107527e-19,2.3786108e-14
2382,1354,1373,13,8.230044e-16,1.1048053e-10,0.0,7.6956246e-25,2.1212676e-08,6.5779266e-09,4.180816e-10,1.8221021e-15,6.938094e-07,1.144461e-22,3.8677348e-22,2.7319471e-11,2.6897506e-15,1.0,9.589575e-09,2.6136646e-17,1.3573087e-15
2383,578,582,4,1.757522e-28,1.5012912e-09,0.0,1.0791997e-26,1.0,6.8492305e-09,9.512191e-09,8.352394e-13,4.781615e-13,6.6926157e-15,1.1530154e-21,6.822138e-09,3.164688e-14,2.5803999e-08,2.6119126e-08,7.4627106e-14,8.3151815e-17
2384,689,692,4,1.2549241e-27,3.7743303e-10,0.0,5.4502984e-24,1.0,2.1194962e-08,1.800796e-10,1.12549855e-13,8.616076e-14,1.6227549e-11,1.02437974e-20,1.7921664e-12,3.7640562e-14,2.209399e-08,1.3654781e-07,4.1501236e-14,1.6433676e-12
2385,766,769,4,1.4415345e-21,2.059299e-09,0.0,1.9260443e-22,0.9998665,6.1734596e-07,1.4232264e-11,5.7238177e-16,6.9505014e-12,3.5767425e-07,3.9301047e-18,1.6256786e-12,1.496852e-11,2.6959046e-07,1.2223649e-06,1.3657559e-12,0.00013215063
2386,843,846,16,4.6654574e-19,6.536155e-09,0.0,1.0241292e-21,0.0016081994,1.0931824e-06,1.2111275e-14,1.5437601e-19,1.0076078e-09,1.3622056e-07,1.8706555e-16,2.2546312e-11,1.5161036e-11,1.336848e-06,2.3853785e-08,6.276429e-12,0.99838775
2387,1312,1315,16,3.4992945e-19,3.9909298e-10,0.0,5.8960166e-22,4.889837e-06,5.710796e-09,2.7338776e-17,2.998771e-21,4.0634854e-10,6.2352364e-13,6.836718e-19,9.211325e-12,1.3269767e-12,5.2987557e-09,3.9568352e-11,5.0259818e-14,0.9999962
2388,1222,1225,16,7.167656e-21,3.4005337e-11,0.0,2.7045055e-22,6.3207204e-09,1.2644158e-10,2.0347213e-20,7.563246e-22,7.882055e-11,2.0017504e-17,8.174423e-21,1.5085468e-10,1.3503799e-12,1.7505764e-13,1.5178901e-13,1.09945995e-13,1.0
2389,1132,1135,16,1.2017525e-22,1.0207289e-12,0.0,3.1541379e-24,5.1879473e-10,3.6687695e-11,1.1865935e-20,1.3067624e-20,4.085194e-12,3.8306212e-19,1.1589862e-21,3.5171902e-10,2.1086132e-12,3.786048e-13,2.6583052e-13,4.0417066e-16,1.0
2390,1042,1045,16,6.9600834e-26,1.7437801e-11,0.0,1.4198535e-26,9.949386e-10,8.6698315e-11,6.734679e-19,9.887677e-17,2.2419625e-12,5.0981852e-20,2.4945506e-22,4.3245843e-10,9.784453e-10,2.2342724e-10,2.2817566e-11,5.162898e-16,1.0
2391,650,640,12,8.37409e-20,2.742751e-06,0.0,1.5432456e-22,5.4539664e-06,6.5271206e-06,3.1778424e-11,8.334597e-14,6.1169676e-06,1.9692015e-14,1.5746526e-19,2.1747666e-13,0.9601474,0.03925881,0.0005718353,3.4820535e-10,1.400971e-08
2392,737,729,14,3.3547644e-13,3.4759502e-09,0.0,1.5474101e-26,2.1535411e-06,3.1762665e-11,0.00047145315,2.2450015e-19,1.02457714e-16,2.0474367e-12,7.728423e-26,1.2434353e-12,5.745196e-14,2.1232918e-08,0.9995271,2.9248856e-19,6.232446e-08
2393,814,806,6,3.7023916e-15,1.1271771e-08,0.0,1.9112702e-26,9.038032e-10,1.355366e-11,0.9379342,6.4087235e-19,1.0160427e-14,1.3870201e-12,2.3343804e-25,1.7018722e-11,2.4684117e-17,2.2334564e-08,0.062064152,8.4197955e-21,2.017294e-12
2394,891,883,6,8.680235e-23,8.106357e-13,0.0,8.255865e-30,5.251092e-07,1.2097515e-14,0.9999543,4.8021405e-14,3.9287058e-13,1.1488768e-18,3.6241406e-29,1.1274452e-13,2.1955294e-14,4.6933194e-05,3.40073e-10,1.2071739e-15,1.0995721e-15
