beam_id,z0,z1,z2,z3,z4,z5,z6,z7,z8,z9,z10,z11,z12,z13,z14,z15,z16,z17,z18,z19,z20,z21,z22,z23,z24,z25,z26,z27,z28,z29,z30,z31
0,0.15808946,1.1773628,-0.783297,-1.8295217,0.4673226,0.4892186,0.49928614,0.5118974,-0.674551,-1.5481168,-0.27732965,0.5868427,-0.486377,-0.025771953,0.56311995,1.3113647,1.3552451,2.4519973,-0.6523131,-0.9246249,-0.14590736,0.44891307,-1.0745802,0.34929454,1.9191954,-1.8070642,-0.01668975,1.2454518,-1.07183,0.5314758,0.036590137,0.24578233
1,1.981113,-0.66582847,0.145791,0.08381278,0.50127506,0.11583963,-0.10087379,-1.7376156,0.1163626,-0.004496891,-0.19513926,1.5965108,0.836484,-1.0138019,-0.39761078,1.1746947,-1.0751536,0.38393697,0.4329608,-0.30833176,0.13110048,-0.60789627,-1.052236,-0.6804574,-0.57214576,-0.50312394,-2.4316516,1.2746886,1.1659303,1.6167899,-1.0071841,-1.0000503
2,0.24582425,-0.73997134,0.26038587,-0.50699955,-0.9249163,-0.7881522,-0.027900701,-0.044895235,-0.32089293,1.5509169,0.37118405,1.3586082,0.820771,0.8502842,-0.6474682,1.5147064,0.5987727,-1.3085288,-0.35289466,1.0370071,-0.7017492,-0.2577982,0.027889546,0.69629514,-1.1439991,1.929573,0.4646496,-0.7057232,-1.5783718,2.4978104,0.1368416,0.1382024
3,1.9215192,0.04570447,0.16556557,-0.9865345,1.7292324,0.52295613,-0.09932704,-0.5124335,-0.12338803,-1.2259487,-0.13057083,1.6886601,0.4180064,-0.22507666,-0.07471645,1.5341413,-1.1350602,0.82266074,-0.20945467,-0.068001755,0.18009174,0.3020572,-0.6571533,0.5759083,0.37102553,-0.69486296,-1.9056776,2.1186137,0.80842716,1.6864711,-0.91065055,-0.53105366
4,1.683242,-0.5730608,0.3310274,-0.51856434,0.7778387,0.13144168,-0.05600455,-1.471079,0.2040351,-0.4658653,-0.31280294,0.9130604,1.2347586,-0.5357821,-0.13836785,1.2648069,-1.6837356,0.2995561,0.21967417,-0.5231751,-0.09195334,0.042707127,-0.857789,-0.7993134,-0.5044551,-0.8677613,-2.5567257,2.1343808,1.1271093,1.0415595,-0.86649555,-0.71257186
5,1.8157047,-0.8971281,-0.015005461,-0.19061635,0.44190767,0.23016432,-0.478328,-1.8412839,0.62425584,-0.29179284,-0.23119086,1.4297906,1.2736529,-0.70179325,-0.15421541,1.2612499,-1.2537876,0.018453393,-0.14865132,-0.20302708,-0.25839454,0.41253278,-1.1482874,-1.1608912,-0.24190433,-0.41358423,-2.5072987,1.7574841,0.65425533,1.3601712,-0.45123,-0.80929905
6,0.34364536,-1.0141245,0.8706239,-0.9072572,-1.1538384,0.11432274,-0.22775881,-0.36224246,0.24164249,0.9273866,-0.03681066,1.558277,0.6068982,0.92402405,-0.3018297,1.8582089,0.51717824,-1.9131155,-0.03984353,0.08011358,-0.5346288,0.19287929,0.7032812,0.47759342,-0.71411145,1.6786894,1.1185853,-1.1588366,-1.6585417,2.0774102,0.4798879,0.3310688
7,0.05483733,-0.7501873,0.87684715,-1.3365015,-1.0083015,-0.019881811,-0.26852044,-0.3504988,0.17645235,1.077289,0.18574573,1.2753539,0.96946216,0.95470095,-0.2710348,1.6846964,0.4713987,-1.8542315,-0.34221756,0.49074447,-0.81234956,0.671209,0.70648396,0.35966474,-0.67745423,1.8102186,0.8512591,-1.0041113,-1.8157895,1.9793416,0.37016094,0.46869552
8,0.21363486,-0.889005,0.74186724,-1.0931671,-1.2967435,-0.1047974,-0.3825689,-0.004223184,-0.055301413,1.3648055,0.42114353,0.84985614,0.8748731,0.9969099,-0.29499695,1.4897662,0.19595212,-2.051744,-0.5931978,0.8193225,-1.0135454,0.052994773,0.4345618,0.3278552,-0.610012,2.1595454,0.6102246,-0.76056254,-1.8236408,1.8503456,0.22152887,0.48675388
9,1.079831,-0.56790733,1.4320269,0.03217624,-1.1951169,0.49917135,-0.785429,-0.14759266,0.97872543,0.054491572,-1.0936108,0.22187965,-0.08709129,1.5174484,-0.98538285,2.1074991,-0.5715568,-2.164978,-0.6770973,0.9816271,-0.9396504,-1.0089941,-0.12920387,0.4134904,-0.60931766,0.5828057,0.026136778,-0.69479764,0.34585246,2.1257563,0.13849506,-0.17643185
10,1.629126,-1.0813347,0.40785933,1.0950809,-0.5042595,-0.23174214,-0.32541952,-1.0973763,0.57302266,0.4331501,0.3678031,0.90584195,0.524739,0.3998277,-1.570912,1.0761926,-1.5246935,-1.058508,-0.287716,1.2118269,-0.20489067,-1.3846674,-1.4304478,-1.1539531,-1.0813993,-0.038254943,-1.4634466,0.30817276,0.08128934,2.0666888,-0.68250775,-0.5252622
11,1.2880224,-1.1631579,0.4808448,1.3939621,-0.2911826,0.31430167,-0.36205155,-0.28266948,0.7517494,0.086451106,0.5264689,0.17840202,0.21957634,1.064764,-1.2585087,1.0306635,-1.4794389,-1.125465,-0.19114664,1.6739833,-0.8709017,-1.6571767,-0.6314229,-0.99566555,-1.5481901,0.41302642,-1.089293,-0.4465757,-0.5922106,1.7159717,-0.6388982,-1.1228529
12,0.54736024,-0.70843667,1.2826368,-1.1807474,0.030390795,0.24855614,-1.2747972,-0.15962216,0.67743766,-0.37180862,-0.58307606,-0.56799495,0.8018363,1.5046383,-1.0609257,1.5928186,-1.1685613,-1.9588637,-0.97372603,1.8440341,-1.4942532,-0.34030473,1.0879942,-0.37843132,-0.3662654,1.0877514,-0.68382674,-0.3270419,-0.5889374,1.3174226,0.08062747,-0.68677884
13,1.7003217,-0.5958149,1.2785842,-1.3726907,0.041822486,1.2210339,-1.5635061,-1.3571324,1.2724739,-0.026941659,-2.24054,2.318791,-0.34437856,0.369379,0.08756013,0.35826582,-0.61438304,-1.0315375,-1.018575,-0.3614293,0.65299934,0.45841473,0.6149787,0.1421515,0.7383079,0.24259257,-0.28317288,1.0349164,0.2798142,1.2068483,0.79447013,0.17728484
14,0.9869088,0.022477752,1.4823165,-1.4836881,-0.28520626,1.5348876,-1.5863297,-0.5297666,1.6359836,-0.65057844,-1.9421203,0.667206,0.0023280664,1.1241287,-0.13883387,1.6945915,0.19277006,-1.0315323,-0.8881089,0.12732638,-0.7471035,0.5999635,1.2365878,0.21375552,0.57180727,0.80695045,-0.35538775,-0.85627264,0.2629161,1.4011688,0.9448859,-0.22410086
15,1.0655235,-0.43718728,0.19243808,-1.6660643,-0.69991213,0.5472979,-2.299937,-0.8629667,0.31877676,0.19280858,-2.2576578,2.0087254,-0.7045413,0.4509635,-0.5565224,0.22043166,0.7052291,-1.4976903,-0.4656805,0.104054235,0.355789,0.52849114,1.033112,-0.19739684,1.0616555,1.178077,0.20935315,-0.63078094,-0.67323697,0.9022305,1.5709994,0.30107108
16,0.5468741,-0.8472554,0.93194836,-1.4532993,-1.0172224,1.3116174,-1.5649027,-1.2033314,0.12943222,0.61766785,-1.7096175,2.6741464,-0.48856303,0.33907446,-0.7392613,0.3083141,0.7342283,-1.5951892,-0.7512632,-0.1637259,0.12730595,0.23036924,0.81437904,0.12658161,0.2758183,0.5003218,1.1809362,-0.3432396,-0.70737743,1.460783,1.3614522,0.49708346
17,-0.13460487,-0.84382707,1.485597,-1.6160533,0.08325571,0.5967066,-1.3095889,0.6513211,0.687304,0.73532903,-0.7857159,1.7161949,0.29911274,1.6903728,-0.752629,1.3248883,0.320184,-1.8155447,-0.91779524,-0.005939798,0.6098107,-0.53882086,0.9569982,1.4711785,-0.7567288,1.0004548,0.82657236,-0.061186697,-0.21830177,1.5141356,1.1567248,0.68597746
18,0.78044254,0.03812958,1.6132576,-1.9812696,0.5638485,0.84056824,-1.392671,-0.6014859,1.2641307,-0.6533697,-1.3657817,0.048672143,0.808361,1.0462663,-0.5854057,1.6888713,-0.37664735,-1.4369626,-0.9510919,0.9244148,-1.36661,0.5372571,1.5241326,-0.03575668,0.5009695,1.0643742,-0.39006734,-0.3639406,-0.3674048,1.23271,0.59112924,-0.67401946
19,0.51598716,-1.1358229,-0.10950423,-0.20138863,-0.47825915,0.39472827,-1.1159217,-0.014000498,0.19020797,0.25957847,-0.079091,1.2530476,-0.19979721,1.6605755,-1.7358298,0.90574175,-0.34362954,-2.5726223,-1.1425523,1.5187981,-0.30558944,-0.47618526,0.28358904,-0.47755823,-0.64623463,1.2643155,-0.015386561,-0.69713426,-1.8615175,1.4724106,0.017267782,-0.17515276
20,0.69159627,-0.4299934,1.1865993,-0.66455996,0.30754456,0.87436664,-1.0583647,-0.20700568,1.090541,-0.12164846,0.42255545,0.15943232,0.8675353,1.5045235,-1.133969,1.1098636,-1.1650331,-2.4631042,-1.2733958,1.5211196,-1.1645557,-0.17628634,0.9884866,-1.1784806,-0.65308577,1.2498963,-0.7930603,0.009743353,-1.0089494,1.1423947,-0.029480265,-0.3237572
21,0.61331195,-1.045693,0.57208025,-1.0281318,-0.17459004,-0.22450472,-1.0995193,-1.1858969,0.29101953,1.0140274,-0.55987316,2.9101727,0.27875653,0.26949155,-1.1636797,0.75108963,0.049023163,-2.3195148,-0.3827978,0.4769995,1.1032702,-0.88444597,0.074287176,0.41696137,-1.3205105,0.72957635,-0.2671309,0.21491143,-0.65548676,2.0144532,0.60110563,0.43536127
22,-0.13131233,-0.6122662,0.8948331,-1.5322214,-0.9579528,0.041725606,-0.7296538,0.040644675,0.14392266,1.2462779,-0.26001963,0.91898775,0.2792781,1.2305121,-0.4203264,1.0495641,0.43061778,-1.9826964,-0.3178581,0.832712,-0.6185138,0.39473873,1.3290356,0.7116807,-0.4310106,1.8343424,1.2489188,-0.7822776,-1.9763675,1.5971539,0.56383747,0.7656582
23,0.78658795,0.58627105,-1.1638167,0.107594475,-0.37100777,-0.49638954,0.58532584,1.3531773,-1.0258671,0.10773728,-1.5724945,-1.4320021,-0.26825368,1.5360938,-1.1992724,0.5627372,-1.6378322,-0.009855053,1.5861145,-0.46323898,0.80111986,0.13946673,0.32098094,0.32637355,1.413135,1.2594281,0.084244154,-1.1082865,0.6828142,-0.6612918,2.041367,-1.187993
24,0.73292017,0.8516037,-1.5569333,0.053593125,-0.20621662,0.016693301,0.21606627,2.0736654,-0.9232185,0.79609007,-1.1935123,-1.0745789,-0.39259467,1.4029026,-0.6224574,0.4808661,-1.8038607,-0.25227734,2.1661177,0.13596009,1.4945034,0.27190635,0.5423134,0.051238976,0.73902714,1.3780687,-0.030696668,-1.317434,0.60184586,-0.57954204,1.2940956,-0.7700024
25,1.2910248,-0.8564709,-0.3920081,-0.79146343,0.3523844,-0.19488302,-0.6017561,0.26705486,1.3831481,-0.5898355,-0.63920677,-0.82637113,-0.94163024,-0.85533977,-0.28643453,-0.22031562,0.27530393,1.9911925,0.75670975,-0.76321656,-0.16880102,1.1387722,1.9905987,-2.4423199,1.8989652,-0.48362148,-0.16799152,-0.5790673,-1.3698508,-0.25454247,0.2791847,-1.0907068
26,0.6709318,-0.015841592,0.115953475,-1.0607315,1.1757411,0.5187249,1.1732349,0.04290684,1.4342934,0.4759091,-0.8862851,0.46620226,0.0089578675,-1.118358,1.1156392,-0.53116494,0.29321373,1.4712951,-0.24596481,-1.4230946,0.13401909,1.3814493,2.7157671,-0.26303795,2.1850336,-0.44565704,0.25235665,0.6994568,-1.1314644,-0.15647537,0.7455962,0.0082555935
27,0.41990536,0.7430184,0.043963738,-1.6277014,0.7411313,1.5782954,-0.4014192,0.21659823,1.3536549,0.28809115,-1.2034146,0.45463815,-0.15614207,-0.42343912,0.96785533,-1.0570662,-0.94331294,0.95652777,-0.021418195,-1.449547,-0.59167916,0.49433193,2.9269588,-0.997693,0.97831833,0.30132076,0.11519238,1.9774323,-0.15938658,-0.88773257,0.58669364,-0.10432059
28,1.1512268,-0.26653686,1.1539327,-1.688947,0.4957549,0.82552576,0.9615747,-0.45991942,0.55626744,1.2091243,-0.80912507,0.46407303,0.8353228,-0.8132244,-0.0838113,-1.9356024,-0.06205989,0.9264681,0.15307112,-1.5690478,-0.5512827,-0.37362596,1.6532252,-1.2926456,-0.50970757,-1.2223498,2.0946126,0.17010416,0.40835485,0.20599343,0.4743875,-1.1314758
29,1.5026859,-0.6164706,0.36457518,1.3881041,1.0344443,0.58810455,0.52282333,1.2449008,0.86156267,-1.7739785,-0.17978898,-1.2018008,-1.31901,0.47329894,-0.3246599,-0.78689176,-0.47138044,1.9080452,-1.3203977,-0.60949135,-0.49214345,0.93133324,0.9513927,-0.19333813,0.31473088,-0.2233634,2.084485,0.3344046,-1.7705528,0.19454029,0.45567828,-0.17168292
30,0.10783125,-1.3727337,1.0789518,-0.18673816,0.50079405,1.2554109,1.489728,-0.0076498203,0.52013403,-0.56036025,-0.5989323,0.541849,0.6265732,-0.31139877,-0.44784564,-0.9864081,0.27535206,0.7858239,-0.799889,-1.549583,-1.0428939,0.021236507,0.10717121,-0.068408996,-2.0282295,-1.7289816,2.2260804,1.7076627,0.1969609,0.60133564,-0.25828797,-0.55128455
31,1.1816331,1.4259834,0.43117508,-0.1261692,0.4078148,2.0652068,1.6927836,-0.8282368,0.3066142,1.2413838,-1.4491594,0.9162857,1.056729,-1.0286031,-0.12909095,-1.0837765,0.22396278,1.3924494,-0.684662,-2.1563778,0.4290719,1.1944621,0.30818707,-1.3650672,0.25296345,-0.6346433,0.18754336,0.046417322,-0.021412173,0.011664814,0.92801845,-0.08179973
32,1.1900256,1.4151969,0.44313177,-0.13736281,0.40878925,2.0528154,1.7176057,-0.8206783,0.29236183,1.2492871,-1.4393252,0.9038354,1.0575532,-1.0331898,-0.15417345,-1.0931183,0.2240262,1.4126424,-0.69562083,-2.1529734,0.4393835,1.1774136,0.3051451,-1.3493,0.21836476,-0.62801635,0.21405797,0.039570842,-0.014754191,0.019908134,0.9324564,-0.08091866
33,-0.64974576,-0.14667647,-0.6275192,0.7365148,-1.4686158,-1.3267742,1.0728317,-0.8342014,-0.6776694,0.3527118,-0.742399,-1.5009564,0.6521321,1.4221314,-1.7421471,-0.77735883,0.4304883,1.4840335,-1.7266126,0.5687772,-0.17413537,0.51080686,-0.8673267,1.6419818,1.7151304,-0.4626821,0.26525554,0.20856173,-0.17210108,-0.22476797,1.2438046,-1.3594822
34,-0.29258284,-1.3754351,-1.3094962,-0.17894012,-1.9942069,-2.0204587,-0.727368,0.64598376,-0.58697283,0.8714864,-0.2533144,-1.43626,1.2912729,1.0545733,-1.0460927,-1.3691912,-0.36457673,0.34870481,-1.0866227,0.4419296,0.55443704,0.6978666,-0.45330176,0.5465998,-0.09980707,-1.7378119,-1.5444493,-0.4687451,-1.1997405,-0.57357097,0.007621406,-0.13936524
35,0.04190382,0.70889825,-0.032373436,-2.5906355,-0.3736557,0.46313143,1.4577726,-0.2279347,0.14279446,0.78780234,-1.2825857,-1.6244351,0.57013094,0.2582192,-0.8451701,-1.1015021,-1.8628404,0.5890386,1.6838974,-0.37398288,0.34247085,0.9845639,0.93782973,-0.7582466,1.66932,0.7719672,0.8234431,-0.93082964,0.93655807,-0.081219874,0.32636902,0.4612634
36,-0.63548267,0.2917647,0.8039754,-2.8268194,-0.41440955,0.82663226,0.2452501,0.34669867,0.20495373,0.9363984,-0.8511108,-1.473746,0.711402,1.0537574,-0.86456615,-1.2054869,-1.4056858,1.11647,1.2967643,-0.1129787,1.4516985,0.89784,-0.062268186,0.12855256,1.53524,0.58944166,1.2455279,-0.80957013,0.46936843,0.36638713,0.4111695,1.33651
37,0.8403007,1.2959173,0.5048718,-0.42189115,-0.45286164,1.5847621,-1.4171169,1.8167024,-2.0134532,-0.7803253,-0.48717064,-0.44109705,0.28755477,0.93661195,-1.4951092,0.17835476,-0.50352895,1.1868631,2.397137,-0.11994427,0.4992988,-0.32665506,-0.85555017,-0.42211094,-0.27919263,0.6788333,0.69875294,-1.5510556,0.36713564,-0.30553493,-0.38633332,0.693086
38,1.677479,-0.51390743,-0.80346686,1.1432908,0.4344254,1.2204722,0.17958355,0.18714043,1.142914,-0.69800204,-0.16173159,-1.1836509,0.26831576,-0.8175079,-0.4998704,-1.4995134,-0.79629743,1.1634008,-0.07327373,-0.06525231,-0.6241983,1.1597602,0.37456712,-2.660974,0.39633358,-1.5277799,-0.04167749,-1.3543164,-1.4959551,0.82358116,-0.12242218,-0.6044547
39,0.94304717,0.8302531,0.9654055,-0.99929327,-0.43709275,1.5763688,-1.3533144,2.005746,-1.8062484,-0.06622448,-0.55610937,-0.32932732,0.7620191,0.8111471,-1.2223542,-0.077663556,-0.47860497,1.1908125,2.4309855,-0.14913492,0.56380534,-0.68724823,-0.47609517,-0.1978761,-0.18737075,0.688931,1.1225255,-1.3538601,0.63190544,-0.4364518,-0.6043889,0.6022668
40,1.687297,-0.5520391,-0.7996524,1.1556032,0.42101604,1.2222517,0.18548547,0.18424742,1.1245092,-0.69788736,-0.18100408,-1.168501,0.26845345,-0.83068734,-0.524437,-1.5023825,-0.7905698,1.1835488,-0.04548797,-0.079657435,-0.59257096,1.1349486,0.33666235,-2.6510773,0.36472338,-1.5356073,-0.021391187,-1.3759658,-1.4909356,0.82607913,-0.12011146,-0.6166199
41,-1.5959786,0.8689553,-0.62667996,-0.14219777,-2.3488238,2.0880826,0.10731625,0.14990844,-0.2561685,-0.22179885,1.178589,-0.26542443,0.49071503,0.49116227,-1.459041,-0.1516826,-1.8387254,1.1101851,0.4221735,0.4324843,0.65029764,1.6401062,1.0786175,-2.0401936,-0.31731534,-0.7011565,0.30194587,-0.30503574,-0.23884067,1.0499635,0.24581526,0.4087981
42,-1.2210445,-1.2956597,-1.283842,0.15136415,-2.0748038,1.1278623,-0.54162526,-0.66866606,-0.10385661,-0.43579322,-0.062281806,0.27307507,2.029725,-1.2727509,-0.35120568,-0.1567942,-1.4335464,0.22204252,1.1041825,-0.3382779,-0.09919014,0.9180182,0.20433927,-1.3602278,-1.1843519,-0.4735971,-0.12675919,-0.84958225,1.4105293,-0.32460755,-0.14513469,-2.341223
43,-0.57704085,-2.0144444,-0.5928482,-0.9060342,-1.5400267,-0.038902774,-0.65508085,0.2761797,-0.82864285,0.87871647,-0.3879853,0.28827307,2.847952,-0.43309927,0.0669372,-0.9521169,-0.99248916,1.1221652,-0.44237173,0.047264036,1.0774077,0.48629883,-0.953264,0.5032163,-0.75191104,-1.2668078,-0.6188914,-0.23937306,1.9269024,-0.3466125,-0.65967864,-1.4232408
44,-0.14044657,0.8683449,-0.73165613,-0.12952304,-2.283365,0.6026934,-0.8037794,2.0540812,-1.5256995,0.0075685093,-1.3576232,-0.52560097,0.14063744,1.0716997,-1.1088406,-0.5646009,-1.175416,0.80827636,-0.05344593,-1.2958083,0.901234,1.2953467,1.520141,0.26180798,-0.19260503,-1.3028338,0.7549435,-0.4213467,1.070174,-0.048644446,0.5966146,0.5210669
45,0.78256524,1.6015388,-0.09773113,0.07072433,0.34704968,1.6521614,-0.7884678,2.3106425,-1.8252097,-1.1752144,-0.4783128,0.5003124,-0.72852665,0.41993198,-1.7231263,0.73494506,-0.8308692,0.6832854,1.9052091,-0.16502957,0.0852429,-0.7487507,1.243499,-0.93084466,-1.2800517,0.7946402,0.44963986,-0.47097754,0.5671674,-0.0013463885,-0.06357826,-0.46095535
46,-0.13234124,0.99281716,0.20901667,-0.92703766,-0.9626256,1.5030918,0.3283885,-0.12723133,-0.31927073,0.5744364,0.6621457,-0.11517271,2.9371152,-0.59142524,-1.5647054,0.22833596,-0.4974514,1.8840165,2.1488492,0.43806976,0.080891766,1.1951321,0.9356255,-0.10658453,0.23696062,-0.30051127,0.3413516,-1.8446773,0.6859889,0.09212511,-0.8871056,0.4085379
47,-0.050989307,1.0211608,0.26346013,-0.8835478,-1.0473228,1.2697786,0.15352364,-0.104846574,-0.29227772,0.6685861,0.7657771,-0.26715133,2.9073286,-0.5807676,-1.5083338,0.19152765,-0.50897175,1.9038619,2.2731385,0.2986972,-0.12746103,1.1081913,0.8405464,-0.03845616,0.6117492,-0.14491859,0.34700248,-1.9408368,0.60790527,-0.0038787657,-0.67809796,0.64415544
48,-0.55653745,-0.025465364,-0.31644183,-1.2465674,-1.0914034,0.08268343,-0.5817359,0.25710696,-0.35992038,0.2557214,-1.1342306,-2.1139615,0.85875624,-0.05216127,-1.0266196,-0.9083726,-1.5916948,1.2667527,2.2897916,-0.50940865,-0.121050395,0.3143563,1.8109558,-0.3725638,0.737059,0.9081358,-0.17699686,-0.99816847,1.540197,-0.3653506,1.3211968,-1.2347172
49,0.47773537,-0.26275238,-1.2162868,-0.46613595,-1.5440955,-1.408772,-0.3425622,0.4544258,-0.045462027,0.8581427,-1.5008636,-1.446069,1.3055674,1.1797061,-1.0902102,-0.90391153,-0.14404736,2.1503334,-1.0850948,0.37228325,-0.36436063,0.4426296,-0.38172358,0.7926089,1.7659882,0.7542439,-0.47226492,0.30151275,0.55285114,-1.0483562,0.9501295,-1.6564978
50,0.62224025,-0.5814108,0.718948,1.5512836,0.64610654,-0.029859029,0.36872724,1.4849801,-0.6365409,-1.4318428,-0.17189398,-1.2792064,-1.482415,1.650535,-1.1593162,-0.60583025,-1.3691659,2.3306136,-2.1087708,0.1647774,0.28498563,-0.36259034,0.43872708,1.0123241,0.1802444,0.38293216,0.46964002,-0.13572688,-1.2537311,0.21888724,-0.08062067,-0.74543124
51,0.66739017,-0.38570833,-1.3018042,1.4013617,-0.58972406,-1.4262446,1.3326786,-1.8238446,-0.41864944,-1.0948511,0.5590022,-0.78702855,-0.6197176,0.2543008,-1.1945689,-0.43624645,0.97461736,1.1203431,0.13180076,0.1359803,-0.9228353,1.7471216,-0.5670148,-0.681569,1.0192337,-1.7866423,-0.81671554,-1.3516619,-1.4132326,-0.19309652,0.15778975,-0.21560502
52,0.65467995,-0.25670445,-1.31448,1.4448451,-0.52042615,-1.2684082,1.3015773,-1.7999593,-0.3690143,-1.0047908,0.75791734,-0.8262302,-0.5468154,0.28971934,-1.3377256,-0.3540556,1.0012828,1.2378861,0.090366006,0.3472092,-0.90329164,1.6366469,-0.623216,-0.5540504,0.9612913,-1.8502579,-0.7303068,-1.3951732,-1.4764214,-0.14723249,0.26420438,-0.23376127
53,0.19789208,-1.1514767,-1.7242559,1.2584097,-1.3972275,-2.1031857,-0.26292357,0.23932989,-0.6079299,0.454199,-0.033342876,-0.9496603,1.4962907,1.3796301,-1.6264422,-0.25387236,-0.21278207,0.9974288,-0.50038534,0.5679589,0.5339182,0.5482799,-0.6330307,-0.043513782,-0.041308604,0.55419785,-1.6372421,-0.31580418,-0.8234939,-0.43159896,1.6121466,-1.8592081
54,1.8583028,-0.3485993,0.24169014,-0.037023205,0.5853938,-0.5226743,-0.8908605,1.8760035,0.32320976,2.2058578,-0.011963287,-0.24471311,-0.873707,0.15189235,0.11705296,-1.4880669,-0.65260446,1.8633763,0.2849721,-0.64039975,0.4470136,0.25397906,-1.4032472,-0.1177046,1.1852776,0.24808368,-0.63678885,-1.1483905,-1.4717476,-1.1846266,0.30354878,1.3303654
55,1.9271684,-0.32933527,0.52493507,-0.36775884,0.45348904,-0.5447035,-0.85900754,1.9437329,0.20914514,2.2267559,-0.10284023,-0.15159053,-0.57641715,0.1562946,-0.015793545,-1.6817791,-0.81930536,1.7554469,0.23114456,-0.69438773,0.4912239,0.2237092,-1.3759886,-0.28846917,0.97829884,0.39292786,-0.7023887,-1.187768,-1.2973512,-1.1902642,-0.038508326,1.3085011
56,-0.8271574,-0.5084555,-1.7564348,-0.060661055,-0.37553856,-0.6767511,1.4733331,-0.64371926,-0.025017053,-0.28639027,1.133659,-0.7514617,0.49493387,-0.08054186,-0.0956997,0.47537503,-2.258694,-0.82855356,0.73643154,-0.31958848,-0.81980264,0.48568302,1.8013917,-1.96726,0.28739715,-0.3100141,-1.9894099,-0.06296885,-1.2080756,1.5977713,0.53381836,0.060258817
57,-0.76255554,-0.8707009,-0.14351562,-2.132277,-1.1776829,0.3636845,0.9199912,0.79355645,0.33728522,0.97345084,-1.099153,-1.0071458,0.25951293,0.46875522,0.72890186,-2.3277717,-1.4768747,-0.7888525,0.4899754,-0.6302957,0.843705,-0.550129,1.0166758,1.4062384,0.33455086,-1.6538169,0.13031563,0.87872994,-0.62301475,0.54899,-0.28204638,1.3036978
58,0.4851879,-0.09573778,-1.155609,0.7641471,0.8410758,-0.1631077,-0.71391565,2.0581648,1.4717607,1.7210684,1.2304665,0.089145504,1.1990976,0.62331617,1.2106702,-1.1052394,-1.5305579,0.89825696,-0.010880571,-0.24941184,0.48920587,0.9765702,0.52879435,-1.5615695,-0.3116609,0.69792783,-1.0199043,-1.1415364,-1.4851221,0.016989198,-0.10228293,-1.068924
59,1.9396231,-0.059621453,-2.692843,1.1941549,0.24734002,-0.59034055,-1.0465226,1.7431028,0.051616248,1.0480185,1.0234071,0.8631679,0.51798993,1.4808719,0.44533554,-0.1779403,-1.3260344,0.20002382,-0.7796856,-0.5096074,-0.4525901,0.6189279,0.5500819,-0.19568343,0.2576293,0.72088176,-0.3454623,0.23614107,0.057778023,-1.3236376,-0.58847463,-1.995079
60,2.1884353,0.5013769,-1.3375802,1.3279006,1.8785446,-0.046859,-0.5968868,1.2149327,0.85049766,0.114721835,1.1859279,0.5005298,0.76567686,0.9347676,0.46287957,-0.43552205,-0.7830448,1.3720279,-1.1043186,-0.8321015,0.57901424,0.7818361,0.5050216,0.25626007,2.023383,-0.020509265,-0.40659952,-0.5998412,-0.3923511,-0.41960642,-0.79986876,-1.6794107
61,0.88097113,-1.0030257,-1.3063698,0.650879,-1.0268012,-1.4231232,0.44632292,0.2002993,-0.3727295,0.41243565,0.5436375,-1.03516,1.2890432,-0.6872138,0.6331459,-0.7919672,-0.016338525,1.3463982,-0.02407795,0.08661743,1.1397011,-0.7700959,0.13347748,1.4890975,0.7538575,-2.111341,2.2179582,-1.0691365,1.1952703,0.7373084,-0.94189435,-0.56384254
62,-0.3728125,-0.8593615,-2.175319,1.3067961,-0.39251557,-1.4069792,0.80270857,0.06796031,-0.78131336,0.2342105,0.28098208,-1.3990006,0.03040735,1.1681942,-0.77576536,-0.406517,-0.7819664,1.4712572,-0.7367952,1.3374301,0.97115666,-0.2945689,-0.39386886,1.5866804,-0.0924455,-2.0863523,0.72591054,-1.2907692,-0.013311956,0.718224,-0.048068814,-1.3748376
63,1.3997338,0.0017583264,-2.4525025,0.89087903,-0.1972323,-0.37018988,-1.3824258,1.5958973,-0.38833523,2.0033963,1.2064723,0.9650743,0.7487398,0.50744146,-0.9107752,0.46928167,-0.94400865,0.051220078,0.45805147,-0.60470873,0.61689484,0.2645247,0.506067,-0.6256967,0.2509831,1.049415,-0.43618256,0.13245033,0.2969013,-1.8478643,-0.44509047,-1.8156879
64,-0.74776983,1.2173978,-1.6396306,0.2173528,1.2371795,-0.7567841,-0.6325974,0.6011057,-0.20273823,-0.34241238,1.3582207,0.6457076,0.21810594,-0.5360018,-0.16467379,1.3476286,1.0134436,0.7587034,0.1236135,0.7253816,0.80773276,1.8331027,0.44846654,-0.70920485,-0.930251,0.8558697,-2.1490061,0.63881934,-1.279867,-0.64717805,1.4107122,-1.4554335
65,-1.7563583,0.7945907,-0.8459034,-0.20296259,1.2266248,-1.1147168,0.88417053,-0.17562158,-0.6219669,0.3145828,-0.06150868,-1.9266182,1.6456536,0.92546284,-1.3881046,-0.37350908,-0.011808416,0.6076508,-0.7945309,2.054943,1.0202435,1.2925254,0.14608163,1.6806815,0.62716174,0.31483752,-0.9331411,-0.4319421,0.37026986,-0.19944632,0.6201252,-1.1735896
66,-1.6302911,0.6428543,-0.53458244,0.987942,1.2131976,0.86507905,-0.40245983,0.6632634,0.32288605,-0.45680654,1.1977516,-1.0763813,1.1345309,-0.92754537,-1.4576885,0.13181771,0.28140756,1.165267,0.65893257,2.6796954,0.6855425,1.0985367,0.5386924,-0.24294208,-0.65053034,-0.1158626,-1.0937457,-0.83063185,-0.4836818,0.34351,0.9202862,-1.3234136
67,2.1067977,0.63664234,-1.2504257,0.8935423,0.29684207,0.39745218,-1.0745052,1.9917073,-1.1510772,0.36825588,0.0383785,0.17396179,0.22282015,1.0728542,-0.41410288,0.62978536,-0.0773425,1.1811025,0.7681864,-1.091381,1.8499844,0.0336786,-1.8008728,0.32232708,-0.4125879,1.3804464,-1.4479192,-0.35211235,0.26202458,-1.179031,-0.27692044,-0.7744477
68,2.0902684,0.6254556,-1.2647103,0.8817789,0.31653172,0.3928184,-1.0764393,2.0111265,-1.1417711,0.34875897,0.040138047,0.16891582,0.21786723,1.1005415,-0.4093085,0.63879627,-0.10586495,1.152108,0.7683398,-1.090159,1.8402613,0.020321865,-1.7899473,0.32166582,-0.42739236,1.3816882,-1.4609405,-0.30718103,0.2628395,-1.185625,-0.29991353,-0.77577883
69,2.410498,0.69239664,-1.9363331,-0.3892781,1.5731258,-0.18647987,0.18862851,0.91215545,-1.1641083,-0.8048372,-0.5127379,-1.7568103,-0.05327771,0.38949767,-0.61571544,1.2656956,0.12376709,0.39909482,0.94282526,-0.7168594,2.0375695,-0.15448983,-0.664429,0.4515176,0.9673847,0.20548482,0.5365653,-0.513089,0.6823145,-0.8432397,-1.5786171,-0.5611094
70,1.3019503,-0.16971318,-2.3110633,1.1294149,0.8275896,-0.8020536,-0.2834388,-0.5933478,0.67772967,0.25749397,0.64935666,-1.1817062,0.49672377,1.5482134,0.83968455,0.26692697,-1.5375242,0.16381802,0.65192926,0.060542416,-0.8221512,-0.081463136,-0.17529294,0.28601027,1.6512494,-0.79814863,2.0348985,-1.543486,0.7496794,-0.8138423,-0.08679522,-1.0877862
71,0.40509695,-0.41443673,-1.6664592,1.3837833,0.09750065,-1.7211584,-0.40055606,0.2935909,-0.031625617,-0.70302075,0.7207684,-2.2946177,-0.124201804,1.8121282,0.34683302,0.034389175,-1.4164634,0.35385048,0.72339034,0.32573318,-0.59325826,0.10345032,-0.44441655,0.23506573,1.4175502,-1.2469283,1.716084,-1.3690827,-0.6212242,-0.6148375,0.15371642,-1.3892581
72,-0.05459185,-1.0004271,-1.197014,-0.22916292,0.61957705,-0.13875793,-0.37888622,1.1817777,-2.2361753,-1.7516031,-0.60947895,-1.9085294,0.16998017,-0.80251825,-0.6787244,0.10623042,0.42134413,0.33653086,1.1691811,0.9653856,1.825899,-1.7305293,-0.9231108,0.6176772,-0.6212844,-0.24622513,0.3625871,-0.85557085,1.2180973,0.28884724,-1.259878,-0.3749138
73,-0.0023160807,-0.17428905,-1.6416616,1.0029492,0.18856566,-0.586432,-0.53297055,0.80824465,-0.50767535,0.2690986,1.3314959,-0.2295902,3.7179265,-0.85791636,-0.7178992,0.10745777,0.1816262,0.5778031,0.626319,0.15265477,1.4150976,0.7474561,-0.23524839,0.78004843,0.62094563,-0.9873368,0.12974742,-0.7500501,1.8798887,-0.16320449,-0.20611843,-1.0887554
74,-0.5651928,-0.6430249,-0.18035524,0.22909439,-0.7272622,-1.5041107,-1.0109055,0.47081533,0.58090556,0.766116,0.022521332,-1.6377279,-0.8240365,1.8646357,0.23554197,-1.6497258,0.034608856,0.53785235,-0.34630302,-1.0207418,1.3334444,-0.66011024,-0.32544273,0.52565366,0.44260788,-2.4095795,0.9074605,-1.820249,-0.88586783,0.41660696,0.103502385,0.43187845
75,2.329866,0.27678284,-1.3339226,1.7937443,1.502601,-0.16868706,-0.040360473,0.44887888,1.4234359,0.45095432,0.99221045,0.10852008,0.8816396,-0.114148214,0.48379427,0.016816517,0.41727576,0.14267671,0.057583876,-1.3766189,-0.22369778,0.69462895,1.7068269,-0.6166709,1.6642336,-1.1302881,1.4185547,-1.0146697,-0.60740733,-0.39620942,0.14722088,-0.86090744
76,1.5676398,0.32622746,-1.7332659,1.3680998,1.2881786,-0.17739624,-0.118421026,-0.7991215,0.34822252,-0.3409993,1.0793194,0.7310786,-0.014352996,0.18257149,-0.08390148,0.39829248,0.8749755,0.4998708,-0.9160017,-0.9469075,-1.5916448,1.5465469,1.2423384,-1.1615403,0.7400815,-2.225692,1.4697852,-1.2898318,0.07347488,-0.54236543,0.257381,0.37454265
77,1.5641716,0.43166256,-1.6689543,1.2082671,1.3119758,-0.14820307,-0.0018183618,-0.73740107,0.28196403,-0.3944525,1.2987984,0.7027224,0.05313644,0.09498281,-0.25724557,0.32215127,0.8913145,0.3402927,-1.0638628,-0.96121114,-1.4478998,1.6821241,1.236313,-1.22746,0.8007782,-2.250303,1.4341156,-1.1650585,0.07885989,-0.4568072,0.35323232,0.3519997
78,-0.7657888,-0.94956064,-1.6755472,1.1077609,0.870018,-1.4289215,-0.24441208,-0.47498584,0.7517403,-1.1756936,0.81363255,-1.6836774,0.15263896,0.26329264,0.39851734,-0.37949604,-0.9800306,0.77495825,0.20230149,0.23282683,-0.4873485,-0.15158285,-0.68878764,-0.8666631,1.0255443,-2.090722,1.9956098,-1.4545077,-0.84242004,0.6325859,-0.82254773,-1.3549033
79,-0.29648852,0.76598334,-0.73859817,0.613484,2.4323823,-0.7102689,-0.5239761,-0.37217134,-0.64063346,-0.638384,1.977805,-0.91792303,-0.6991747,0.3080016,0.105537064,0.20221065,2.0971587,-0.8692303,0.6407322,0.5119118,0.84085315,0.7361649,1.2302324,-0.64643663,0.8313621,-1.7463168,-0.4779775,-0.5876922,-1.0672561,-0.52136433,1.7296848,-0.5893552
80,-0.3031007,0.7243662,-0.6979666,0.5821304,2.456439,-0.62492096,-0.46227184,-0.42530167,-0.6270005,-0.6237056,2.123762,-0.86403686,-0.5469708,0.35317862,-0.0012117197,0.1444239,2.0541883,-0.858413,0.6810159,0.41592294,0.8425156,0.79758424,1.12546,-0.7425639,0.79982626,-1.8361574,-0.47615486,-0.6399099,-1.0204384,-0.44760215,1.7225455,-0.54999936
81,-0.49943775,-0.98499143,-1.6510491,0.9510584,0.29907933,-1.3038994,-0.5892491,0.054319583,1.0909135,-0.12529954,1.0430571,-1.3779478,-0.15184575,0.30629328,-0.502403,-0.47330293,0.32554448,0.3511938,-1.2058066,0.15608747,0.33481598,-0.50818044,0.9787874,-0.6657269,1.0167934,-2.9016783,0.12699819,-1.5075742,-1.4596602,1.2807568,0.08775314,-0.749789
82,0.35494077,0.16613749,-0.351882,1.2683878,0.57965344,-0.6963372,0.4802793,-1.2243084,-0.015954409,0.21823761,1.4393551,-0.47058374,-0.6218291,0.24632652,-0.316757,-0.39432156,1.2569772,0.02054548,0.5551184,-1.3052012,0.2149151,1.358639,1.298202,-1.7594639,0.7889679,-2.5655744,0.1965698,-1.7164781,-1.2220019,0.2444839,1.2468868,0.6069626
83,0.017620184,0.18038009,-1.8062148,0.19308384,-0.68874997,-1.4689988,-0.6713384,0.7540822,-1.1524276,0.28337434,0.5520871,-0.9895604,1.4552985,-0.15989862,-1.2194201,0.6293436,0.61030173,0.41845328,-1.0430058,1.4090885,1.2867774,-0.08474346,-1.4644074,1.8070167,1.8166734,0.6390044,-0.6454853,-0.0962406,0.79109675,-0.9577491,0.2905444,-1.5469947
84,0.027064944,-0.45767802,-0.59065366,-0.10208948,0.2976686,1.4889724,1.4263594,-0.5636583,-2.0546343,1.0202802,1.0415215,-1.0505106,0.5152422,1.0520902,-0.8235693,0.49781054,-0.080356486,0.55972713,1.3507999,-1.9351751,2.2092662,0.44521675,-0.57571006,1.1013682,0.494208,0.4545793,-0.57800764,-0.8868585,1.2331522,0.0010872585,-0.3723258,-0.70331615
85,0.10473287,-0.42544526,-0.621708,-0.0950381,0.12831897,1.2835779,1.3135495,-0.36504108,-2.2465143,1.1406559,0.86731267,-1.1002436,0.49484897,1.0883448,-0.7657294,0.61889344,0.119767115,0.53964174,1.2263198,-1.9026845,2.2659237,0.49270993,-0.60511804,1.2757028,0.42304498,0.46449816,-0.7315038,-0.7507945,1.2008591,-0.2099585,-0.49045348,-0.60017276
86,0.265107,-0.98057777,0.72686803,0.41558555,1.6421826,-0.19240083,-0.7379353,2.66754,-1.287959,1.4012667,-0.7622952,-0.1336783,0.82280076,0.08268706,0.25790966,-0.75220484,-0.62278134,0.95798194,1.348305,0.51491255,2.4178722,-1.0738301,-0.011840144,-0.2900224,0.70301914,-0.10977533,0.44497833,-1.5565733,0.03554456,0.03853988,-1.180392,-0.45164052
87,0.208686,-0.7673225,0.72970575,-1.6933445,1.5152009,-0.069226325,0.86751384,-1.0139489,-1.0476097,0.050389655,0.5334619,0.58940065,1.8579661,0.35878143,0.2450755,0.16783394,-0.5233929,0.8709806,1.4102771,-1.5664711,1.4499152,-0.5788548,-0.30195153,-0.07540528,-2.044116,-0.27220902,-0.499554,-0.22391593,1.3203413,0.47694677,-1.0333186,-1.710397
88,0.3225832,-0.7574132,0.7455975,-1.6596637,1.5027498,-0.09625182,0.90515834,-1.1463069,-0.9676686,0.106180035,0.63015777,0.6002058,1.8859245,0.35943943,0.24970745,0.24209243,-0.629757,0.82313854,1.4107852,-1.5875695,1.3275144,-0.55298835,-0.3194616,-0.029055608,-1.8869224,-0.34310326,-0.5583981,-0.0618532,1.3976172,0.43759045,-1.1540288,-1.7096016
89,-0.05146373,-0.66056937,0.3163735,0.7190441,-0.63413805,-0.9345305,1.1461835,0.7708161,-1.5036312,0.49600238,0.07598571,-0.41816282,-0.07395578,2.787754,-1.9484028,0.10950498,-2.0552278,-0.13590083,1.0045213,-0.5662561,1.2156732,-1.181475,0.43999946,-0.05308857,1.2290394,0.6520591,0.27270994,-0.30716997,-0.5978869,-0.83681136,-0.50820714,0.2930464
90,-0.42937,-0.72216123,0.42158273,-1.185927,0.40519905,-2.3334565,0.16957293,-0.971874,0.007068257,1.8033941,0.006951244,0.46310547,0.13581355,1.9392773,0.98135316,-1.6673219,-1.2267927,-0.26376,0.37498927,-1.9225647,1.3596909,-0.4195937,0.64635223,-0.6528795,-0.33355615,-0.72672004,1.0315424,-0.43398088,0.23067026,-0.078408815,-1.115376,-0.35371104
91,0.14020197,0.1652934,0.55270666,-2.2846105,1.5554076,-0.23938708,-0.16736497,1.3733822,-0.8306373,1.2802821,-0.10872301,-0.56722474,1.0008285,-0.37174362,1.6691415,-1.4140408,-0.7657873,-1.4175038,0.22215548,-1.1305511,1.3856384,-0.27935043,1.0489849,-1.8395154,0.092622146,-0.8384746,0.44409612,0.8834887,-0.24849533,-0.4879853,-1.5318755,0.122424535
92,-0.013513552,-0.26063097,1.1191567,-0.3411118,-0.20430087,0.8625849,2.4920676,-1.3458894,-1.2698969,1.2123706,0.5690286,-1.0602869,1.510416,0.4637116,-0.7321058,-0.3717942,0.22857712,1.0385733,0.015364792,-1.6265568,1.7961446,0.86419594,-0.53953236,1.2190065,0.06586382,-1.4332012,-0.5337808,-0.22643417,0.71784157,0.9805514,-0.47001132,0.34732372
93,1.1144123,-0.8074037,1.6243076,-0.8817673,1.8400139,0.0007454622,-1.118448,1.9961433,-0.4567308,1.126711,-0.2849954,-0.35410503,1.7165726,-0.42345053,1.0801976,-1.6894168,-0.9650572,0.33323213,0.56494725,-0.14581189,1.1752824,-1.1777481,-0.30341792,-1.273395,-0.42149785,-0.55638325,0.46084237,-0.98276454,0.09868357,-0.39479148,-1.4088343,-0.53089625
94,0.47775254,0.5290465,0.6493511,-0.7955421,2.7764075,-0.013192314,-1.2823542,2.0941205,-1.5008286,-0.9366278,-0.6962739,0.3040621,0.2543546,0.6667586,-0.2192166,-0.24581918,0.49193177,0.6719172,1.1281823,-0.027949547,0.8177159,-1.3658289,-0.3766783,-0.97433,-2.094854,0.36519837,-0.0014618755,0.44703013,0.32800913,-0.08172634,0.17695494,-1.3445601
95,0.5366801,0.617722,0.6494321,-0.7807062,2.8323627,-0.005601269,-1.2707686,2.0714595,-1.4642427,-0.84740025,-0.6678938,0.41743264,0.24500115,0.67923844,-0.19319686,-0.24947245,0.5086796,0.67484564,1.1048982,-0.074932046,0.79156506,-1.3463317,-0.3443717,-0.95220804,-2.0894775,0.43622196,0.01871173,0.47436875,0.3649383,-0.10313282,0.28284958,-1.3240657
96,-0.0027418586,0.1502121,0.7376164,-0.9478526,1.3854285,0.02603503,-0.44331858,0.39875674,0.22435366,1.6115896,2.128194,0.27059883,3.8677714,-0.075587645,-0.13728471,-0.9029095,0.20992208,-0.07452693,-0.34021536,0.21285139,0.44154406,0.9735855,0.76595575,-1.7609228,-0.30822617,-0.07189279,-0.34332246,0.39112353,1.0450379,0.22505851,-0.3240982,0.072919466
97,0.51982427,0.26976582,-0.29882506,-0.905113,2.0040789,-0.36794955,0.77970165,0.16142218,-0.16342098,-0.92156476,0.6395497,-0.23574838,0.16264382,-1.1824819,0.57473695,1.3578167,-0.75964344,0.23354846,0.8401269,-1.070105,0.8352556,0.64715034,-0.39164868,-0.82365173,-0.8857185,-1.0334456,-1.3993411,2.9328961,0.12760016,0.41539946,-1.6349288,-0.879859
98,0.38142836,0.21327542,-0.3469572,1.3246139,0.597177,-0.730536,0.4448664,-1.1930178,-0.0100010475,0.2700539,1.416217,-0.48846453,-0.66087896,0.24588725,-0.27127782,-0.4054546,1.2606654,0.013246278,0.5462586,-1.2931209,0.2552746,1.3434149,1.3241469,-1.7161537,0.80323756,-2.520611,0.24252716,-1.7248696,-1.2555181,0.19740522,1.2850105,0.61587864
99,0.754202,1.0881706,0.3744377,1.542814,1.4633064,-0.22590083,-0.69227314,1.2009482,0.5509775,1.7804267,0.97146755,-0.8330773,0.4466363,1.6715182,0.99591523,-0.65538394,-0.12648578,-0.012254313,-1.3350341,-1.0698949,1.1917319,0.85295975,0.7172574,0.7659918,1.4184442,-0.6519278,0.9260581,-0.61134064,-1.4158382,-0.9891836,0.3749728,0.4854099
100,1.1004107,-0.56204844,2.8502789,-0.4365995,0.91919494,-0.26497146,-0.6678675,1.0084299,-1.2170377,-0.3645409,-0.68107855,-1.5025628,0.11995056,0.90717244,-0.47934145,-1.7314645,-0.19164693,1.4348803,-0.67367613,-0.93729186,0.7987685,-0.84823936,-0.60233057,-0.34909683,-1.6981246,-0.9625573,-1.0030503,0.45942837,-0.32879043,-0.26464716,-0.8935837,0.020535972
101,0.9217013,-1.1233524,2.003528,-0.21110892,2.249009,-0.6676268,0.9263331,0.0791514,0.053790726,2.17601,0.54075897,0.6856188,0.68224794,-0.044887632,0.55719805,-1.5268292,0.09132101,1.0974333,-0.76060486,-2.0201285,1.0779701,0.13291247,-0.045630213,-0.23284842,-0.9752331,-1.0230112,0.24337311,0.09764808,-0.44993868,0.46677047,-1.009106,-0.4593423
102,1.5828109,-0.98407894,1.2111101,-0.76569694,1.3884343,-0.73974174,-0.8754736,2.9978364,-1.0360264,0.44372374,-0.3393605,-1.1778954,0.1361561,-0.88031626,0.6621603,-0.4520551,-0.0053164647,0.91607434,0.28213906,-0.43113586,1.4930432,-0.8413065,-1.355033,-0.1517363,-1.6317136,0.31702477,-0.55799276,-0.15457745,-0.18025263,-0.7556638,-0.98446643,-0.04264999
103,1.6072007,-0.9885235,1.1278038,-0.7816836,1.3087856,-0.7177561,-0.819342,2.9766307,-1.1670691,0.53010994,-0.3624011,-1.1002173,0.1751279,-0.9259841,0.61896133,-0.42481238,0.111714065,0.938422,0.30631474,-0.4173109,1.6035038,-0.76788884,-1.4330746,-0.13424665,-1.6583179,0.27420458,-0.50414085,-0.23683807,-0.06289963,-0.69170535,-0.96421754,-0.08488187
104,2.7995255,-0.30724806,-0.43296832,0.44864133,0.49379757,-1.8816249,0.8577828,1.7393667,-0.25581807,1.8018128,0.31618872,-1.3087616,-0.09965643,1.2900652,-0.3090758,-0.5716576,-0.19768645,1.297208,-1.1010512,-0.32396373,0.07135119,0.16878635,0.031887613,0.89699763,1.2242378,0.67057145,0.25674468,-0.12823991,-0.4461502,-1.1795591,-0.3238416,-1.3123392
105,1.3674736,0.0041870545,-0.17230918,1.5942067,0.54114795,0.25143114,0.01834117,0.17124267,0.9088725,1.1260487,0.67904437,-0.452035,-0.077466555,1.7968365,0.06899074,-0.55148643,-1.2898728,0.8616552,-0.3379512,-0.682146,-1.2607827,0.34424257,1.1304427,-0.19179748,1.094478,-1.910025,2.1802707,-1.3816036,-0.88446856,-0.69301414,0.9442727,0.38999104
106,0.23868166,-0.065955564,0.28610373,0.10248456,1.8615044,-0.51176053,-0.23184271,0.57479167,1.1537892,0.86131275,2.6013134,-0.3918193,0.6829767,1.9011543,0.04259647,-0.10881504,-0.4741394,-0.6210596,-1.7076283,-0.8643109,-1.4778147,0.8365053,0.9804594,-0.18156393,0.3853462,-1.441246,0.39542577,0.9450028,-1.1652015,-0.9420899,-0.05183487,0.013226443
107,-0.51896274,0.17710403,0.6622949,0.15996854,1.028308,-0.9077016,0.17365283,0.15229112,0.7404545,1.2325836,1.748327,-0.7971075,-0.44723287,1.838547,0.16794232,-0.2846551,-0.04885596,-0.13561419,-1.7002611,-0.73668045,-1.3562622,1.1287687,1.0997931,-0.059242114,0.76361495,-1.9206574,0.05245212,1.1283227,-1.83791,-1.0762664,0.32483286,0.78369683
108,0.4960639,0.83421755,1.1743875,1.2095877,0.20515434,-1.059037,-0.061533444,0.70501065,-0.12457229,1.8730273,0.8505377,0.007787492,-0.15656379,1.4565357,0.5097819,-0.53283304,-0.13247402,0.31707615,-0.70067817,-2.1411555,0.35594514,1.0965947,0.25266922,-0.20800838,0.8233805,-2.3068106,-0.564166,0.29800397,-0.89986956,-0.6141325,-0.14752224,2.097949
109,1.3141254,1.7123268,0.8385794,-0.122873746,1.5450776,-1.8336359,-1.2992848,1.2235143,0.06418163,1.8240377,0.3647041,-0.55646336,-0.71902025,0.19148748,0.55710924,-0.7085983,0.29448578,1.3202507,-0.55718195,0.28411463,0.9226581,1.2511501,0.5183861,0.09094415,0.57917506,-0.6280944,-1.4772713,-0.8489737,-1.5303463,-1.082646,-0.15392233,0.804731
110,-0.004160619,-0.09452413,0.7433504,-1.1908396,1.305956,-1.6056907,0.7288729,1.0407686,-1.2577972,1.3257976,0.43086362,-2.216789,0.5956998,0.6435422,0.73886114,-1.5105376,-1.3523585,-0.1288473,0.39707935,-0.99302214,1.3680489,-0.12065639,0.32021126,-1.1449614,1.3644363,-0.8940135,0.1909914,-0.3188714,0.080127545,0.038534798,-1.872558,0.66233385
111,0.40548962,-1.096497,1.8539925,-0.59325576,0.7240391,0.4784532,2.107608,0.26859564,0.16534632,0.43234,0.4868555,-0.44375122,1.2617103,1.0023657,-0.99852884,-1.036546,-1.4088417,1.7853233,-2.419557,-0.85256636,-0.15496914,0.16859071,0.3211333,0.716601,-1.2354677,-1.1114842,0.4869316,0.31750944,0.6075939,0.5491154,-0.6843557,-0.17469676
112,-0.5257157,0.23100013,1.3253703,-0.27427945,0.83530456,-0.13053462,0.025655385,0.62478626,0.025621934,0.79734725,1.0728661,-0.947289,0.15607698,2.5432398,0.6892872,-1.0443242,-0.79955244,0.27042452,-2.315831,-1.5842862,0.06247976,0.4828585,0.30863926,0.32521778,0.41915658,-1.0028968,-0.9662304,0.82999647,-1.5499032,-0.5475118,0.11551857,1.2532347
113,1.9022547,-0.10511147,2.3496199,-0.15760867,0.89547914,-1.1345139,0.5836357,0.9058584,0.22376628,1.9032419,-0.08099499,-1.3653532,-0.5047112,0.6869391,-0.32674798,-1.2505455,-1.6642045,0.22003625,-0.883125,-1.2271459,0.35938847,0.43412164,0.39494202,-0.9252026,0.36461672,-1.357253,-0.058655348,0.32642955,-1.1668826,-0.46925873,-0.57034224,1.3169173
114,0.9237271,0.37534177,0.53794193,-0.49929193,1.9313853,-0.6342979,0.92218465,0.21373951,1.1062573,0.97634906,1.5169032,-1.3123701,0.50647134,1.9243952,-0.43414456,-0.74234086,-2.6326606,-0.5213597,-1.179288,-1.0795377,0.37414378,0.7812852,0.7844707,0.03915984,0.2748908,-1.0503613,0.1078957,0.91926146,-0.535343,-0.57056284,-0.7355599,0.2222584
115,-0.27798915,-0.18839662,0.77150464,-1.2205911,2.16452,0.54381615,-0.39187443,1.9353659,0.65955347,-0.19041272,1.250739,-0.013176852,1.3240331,2.2021222,0.89118487,-0.63329697,-1.6641856,-0.44139338,-0.4987978,-1.1184783,0.18344131,-0.546219,0.19896051,-0.5740532,-0.7790447,-0.3077842,-0.30573416,1.6571242,-0.90139514,-0.015737616,-0.86131036,0.1216912
116,0.7348024,0.05673677,0.3314834,0.20247115,-0.05828689,0.26803288,0.15788141,0.9817431,0.44610578,1.5997288,1.5785325,0.67554075,2.9674225,0.8657212,1.0003476,-1.0450969,-0.17661351,1.5044476,-1.0270367,-1.6351063,0.663249,1.2649813,-0.16674985,-0.16907048,0.9470132,-1.2049376,-0.009092795,-1.0993296,0.5513784,0.22483419,-0.55640775,0.8896721
117,0.24832012,0.044004515,0.63569516,-1.1024557,1.0844973,0.5823763,-0.023446208,0.544895,0.0048062936,1.8042947,1.1523665,1.1985532,3.7659483,0.21880251,0.51725996,-1.1716981,0.65201974,-0.004729763,-0.053687572,-0.044584785,0.81105614,0.7679667,-0.104003936,-1.6348553,-1.146253,-0.13887177,0.0040528174,1.0453254,1.108941,-0.18711923,-0.05629073,0.07469675
118,0.3759446,0.65383935,1.076381,-1.1578871,2.3133075,0.17068449,-0.67250246,1.878745,0.046305906,-0.100049354,1.2195371,-0.6260467,0.5945936,0.6733666,1.3205459,-0.5235367,-1.0305313,-0.57891005,-0.55783546,-1.068876,1.4985847,0.37345082,1.3026016,-0.69164604,0.24944612,-0.43083742,-0.598555,1.0970464,-1.1903683,-0.32038027,-1.8326069,1.3187255
119,-0.6566704,-0.1765315,0.7388608,0.2995586,1.734875,0.23545848,0.13674818,0.90230966,1.4388644,0.31292534,1.5364974,-0.42680886,0.619973,2.0582983,1.207828,-0.8832654,-1.2393167,-0.1427971,-0.8389788,-1.3067086,0.66393775,0.26749623,0.17182414,-1.0790167,-0.46322864,-1.3152472,-0.3812892,1.1283646,-1.7480625,0.32126138,-1.079299,0.6849225
120,-1.328904,0.58262616,0.10337133,-0.18953505,-0.8154404,1.6317465,0.98298067,0.6094808,0.016806817,-0.39258856,1.9232478,-1.6638623,1.880173,-0.69793075,-0.25601065,-0.58648306,-0.74768275,1.0234097,0.27448574,0.23707452,0.6756221,0.8927489,0.22422342,-0.05874878,0.18148412,-1.2043346,-0.87470174,-1.4876734,0.7715733,1.707233,-1.0906687,1.487287
121,-0.3642934,1.5462694,0.54348314,-1.5114127,0.68040156,1.6103514,-0.05474568,1.3466736,0.059019804,-0.43564597,-0.09395155,-0.34595564,0.7831181,1.8569278,-0.80551964,0.2756595,-1.9703432,0.27998435,0.088688985,-0.87074125,-0.4381458,0.6679722,-0.2699872,-0.036211114,-0.3135733,-1.5308034,0.8679638,2.4546392,-0.6860092,-0.10318438,-0.7033526,1.0970657
122,-0.16554593,1.219293,-0.99615633,-1.3353956,0.02931063,0.55146503,0.57335335,1.2668959,0.3712993,0.41217753,0.56920886,-0.05845134,1.6204814,1.6270798,-0.09865431,0.24775247,-0.5692967,1.3897434,-1.4712186,-0.49082595,-0.810347,1.6747648,-0.3010941,-0.717965,1.2665348,-1.4156291,1.1296786,1.9135112,-0.39568332,0.6676906,0.301489,1.2629131
123,0.29629686,0.7816669,-1.0773864,-1.126649,1.7442055,0.9332425,0.2701235,0.761975,1.3126347,-0.073953904,0.07088394,1.2446764,-0.28467178,-0.20916797,1.3161175,0.050589778,-0.6606662,0.8277976,-0.8823518,-1.261776,-1.4848729,1.6478934,1.6210016,-1.1276791,1.515267,-0.109808676,-0.6416689,2.02632,0.3275047,-0.4379977,-0.1351861,-0.5226914
124,-0.45707542,0.5751997,-0.041058287,-2.1143763,1.0507915,1.6744877,-0.74241614,0.24128738,1.8109876,-0.4435005,-0.4767416,0.39977658,-0.15439819,-0.13758288,1.4554955,-0.36365083,-0.50810355,1.1419926,-0.18470128,-1.1699992,-0.77404445,0.8843999,1.6667507,-1.1294127,0.1794015,0.094776705,-0.24436204,2.7546153,-0.39525515,-0.53570944,0.1752824,-0.1346834
125,1.6746346,0.5732351,-1.0748551,0.74738085,1.2149519,-0.40422475,0.077726044,-1.0331689,0.18997175,0.42388356,1.0275596,0.5630112,0.5699492,0.34040976,-0.014920848,0.48974723,1.3203294,0.01742475,-0.70931965,-1.366372,-1.457297,1.0883971,1.6301863,-0.8338401,1.2762454,-2.761982,1.0965197,0.46439162,0.5549032,-0.5296345,0.017072804,0.10159135
126,-0.99472016,1.0123967,-0.82528603,-1.673067,-1.834622,1.6080645,-0.2684461,-0.7122335,0.5162161,-0.07821688,0.516296,-0.07264009,0.9185411,-0.110288024,-1.3375757,-0.052003615,-0.7408978,1.5038497,0.39121675,-0.34958306,-0.095120646,1.2811592,1.430211,-2.207879,1.6897815,-1.0897366,0.17784636,0.43275726,0.51445246,0.13987117,1.3631862,0.5667276
127,-0.42052794,0.4117406,-0.66813236,-1.3388265,0.15276271,0.6867764,1.1442567,1.0785016,-0.0828158,0.026116487,-0.79991424,-1.2824439,-0.818015,0.1660446,1.1376518,-1.1210197,-2.0554802,-0.4542879,0.4477973,-0.485429,0.14049532,0.54397345,1.4212577,0.18109408,2.245144,-0.6341297,-0.6150391,0.94699275,-1.4930646,0.36825186,-0.552803,2.1184633
128,-0.96903694,0.26994523,-0.61215544,-1.5592434,-0.27748048,1.0677826,0.71251005,1.1093843,0.3468694,-0.023384497,-0.34509903,-0.5551564,-0.5582026,0.8168471,0.655005,-1.1205816,-2.0843616,-0.44881406,1.0849932,-0.25622532,-0.53462845,0.47725454,2.3734808,-0.55047315,1.338265,-1.3997195,-0.030691784,1.6072202,-1.2632828,-0.08240163,-0.18454388,1.6289587
129,-0.9359177,0.87405854,-0.7411608,-0.8513104,0.11533457,1.0218005,1.239646,0.83109295,0.062376153,0.07284219,0.08344565,-0.07806424,-1.1002314,1.2013053,1.2133709,-0.501504,-2.6103606,-0.4970413,1.0492326,-0.15838122,0.14306809,-0.075909704,1.7952899,-0.6401729,2.0825608,0.030673178,-0.7108189,1.3876305,-1.3687241,0.16728054,0.16530418,1.0571942
130,-0.16111623,-0.5370182,0.24014592,-1.5991644,-1.7231073,-0.27399054,0.29563668,0.46167505,0.11047628,0.77412033,-0.24282661,-0.081874505,0.650871,1.0212867,-1.1661476,-2.3530324,-0.50817,0.13113073,-0.37605265,-0.8803979,0.015596697,-0.10198455,-0.14320382,1.4761138,0.12209137,-2.3044732,0.68012995,-0.64969033,0.6903245,1.4570845,0.5380768,1.6927577
131,-0.1333123,-0.17165188,-0.16670667,0.39514983,2.2859244,0.029056355,0.047603574,0.79304904,0.12200223,-1.0295218,0.78290105,0.67121977,0.5238932,0.23796363,0.898461,0.9064382,0.25312874,-0.87489307,-0.09823402,-2.3196774,-1.3090895,1.066372,0.83876216,-1.8185,0.47109756,-1.3898585,0.9379704,1.8424424,0.22221273,0.15588425,-1.2267619,-0.37343466
132,-0.3057825,-0.3800872,-1.4917804,-0.8646874,-1.3452328,-0.70741,1.0351682,1.1078005,-0.43980974,0.2029998,-0.6252054,-1.1639068,-1.1939737,1.4557087,-1.2403692,-0.57710487,-1.8203998,-2.0722218,1.6702737,-0.7894206,1.4123664,-0.4143786,1.373197,0.5128863,0.31351,0.3149392,-0.9420413,-0.07432949,0.11362513,0.42522132,1.1598043,0.61582327
133,-0.31324086,0.13521887,-2.233586,0.17800201,-0.30008316,0.058256984,-0.16591857,2.5445757,-1.1256417,-0.8049872,-0.7683641,0.02471275,-0.98313123,0.23094994,-1.2071218,0.67310494,-1.9806272,-0.06254618,0.28390133,0.45358163,1.3389835,0.9954218,-0.2267609,-0.10605626,0.74521554,1.2498991,-0.30843246,0.02766002,2.1076639,-0.08702225,0.78626406,-0.8202272
134,-0.5864335,0.15879579,-0.6469755,0.47075233,0.57771254,-0.8985227,-0.9116576,0.5024434,0.6910656,0.07163856,0.20121518,-0.20455624,-2.0358877,-0.08003355,0.56096417,-0.22655392,1.365756,0.7644055,-0.07826461,-0.17866677,1.2022445,0.343743,0.8489858,-2.5043495,-0.030070351,-0.7627684,-1.3296554,-0.03162708,-2.407711,0.9609827,1.1417811,-1.5564408
135,-0.6040284,-1.1209319,0.50531787,-0.90541476,0.044097137,0.053764526,1.4791317,-0.6812787,0.09462567,1.6662878,-2.055034,1.3092028,-0.12883745,-1.253114,0.89146394,-1.023504,1.6342932,1.47653,-0.7972905,-1.3204434,0.25816056,0.41131374,0.11982246,-0.71169084,-0.37056282,-1.1554272,0.7952197,0.38471603,0.13639185,1.2901239,0.71591794,-1.549637
136,-0.9589227,-1.2098799,0.15847197,-0.67597955,-0.43180558,-0.64164203,1.7271314,-1.1591886,-0.26700655,1.2603981,-1.8226604,0.61735266,0.39809427,-0.49960187,0.63149834,-1.78371,0.38521764,0.9829138,-0.6364105,-1.0739218,0.20862086,-0.17733873,-0.56730866,0.6959298,-1.0099323,-1.2084843,1.6664675,0.7803968,1.1799875,0.55503833,1.173842,-1.3066996
137,-0.118560046,-0.7227772,-0.06781917,-1.9292293,-0.08180248,-1.1085913,0.37940565,-0.44515812,-0.014320598,1.3968903,-1.6746551,-0.3530579,-1.3955199,-1.1051122,0.84666467,-2.176402,0.23179582,1.1283448,0.18319757,-0.262804,0.22763361,-0.97092307,1.1937304,-2.2739103,0.26398906,-0.5145272,0.74435425,0.053759158,-0.61439776,1.0223187,-0.0021568388,-1.2535472
138,-0.70405036,-1.5070845,-0.5187568,-1.0424404,0.054466538,-0.31726205,-0.950766,1.5765293,0.43368632,-0.9746156,-0.8878029,-3.1969512,-2.2792222,0.43765897,0.40995958,-0.9242049,-0.72726333,0.5656049,0.3492334,0.22314489,0.16423121,-0.6024931,0.17645484,-0.08204423,0.22512034,-0.25395542,2.0065928,0.8046552,-0.5572052,0.6344187,0.13981189,-0.4408174
139,0.5443661,-1.4894685,0.8048732,-1.9828731,0.46447,-0.24855503,-0.5599793,0.8148114,-0.41193187,0.30930266,-2.2404308,-0.87750393,-0.6788776,-0.9556878,-0.09361322,-1.3610089,1.1902225,1.0367507,0.43671536,-0.4137591,-0.89472526,-1.5563456,0.1351221,-1.7937534,-1.3835136,-0.81403923,0.79943746,0.8866515,0.4100114,0.02453452,0.007079664,-1.0588372
140,0.08284307,0.22196603,0.26091263,0.24723308,0.762978,0.51615363,1.7317833,-0.012257293,-1.3311609,0.5763151,-1.3692076,0.70562524,-1.5667608,-0.869186,-0.09521756,-1.551329,1.377932,2.1934178,0.34061652,-0.05851757,0.83709455,-0.61454844,0.51337725,0.50650495,-1.5931345,-1.1484352,0.92428714,-0.059078347,-0.18521482,1.438172,1.232193,-0.7865511
141,0.102535695,0.22363026,0.24453539,0.27220452,0.75861275,0.5262736,1.728346,-0.008255756,-1.349616,0.5752216,-1.3779105,0.692748,-1.5766022,-0.8451627,-0.11543491,-1.5530903,1.3743258,2.1835718,0.3298158,-0.075872794,0.84308445,-0.63216436,0.46957222,0.5078179,-1.5957676,-1.139154,0.9151838,-0.0596248,-0.1934137,1.43361,1.2440624,-0.79426765
142,-1.5165306,0.57959366,-1.0972844,0.8822619,-0.6811319,-1.482644,1.7594329,-0.84857565,-0.74325186,0.34213808,-0.21620503,-1.4972281,0.9117652,1.4118822,-1.1487828,0.05919685,0.17353937,0.76085716,-1.9903916,0.87689126,-0.011317119,1.1484776,-1.0299901,1.0792555,0.6466694,0.5964857,-1.2355096,0.9892283,-0.5806707,0.10409804,1.1414167,-0.581462
143,-0.0936763,-1.0173916,-1.1359859,0.454458,-1.570534,-2.248498,-0.20312904,1.1691642,-0.42162448,-1.0596107,0.37332028,-0.40694115,1.1550095,0.0036056815,-1.6589222,-1.7074199,-0.109530315,-0.27717966,-1.9199274,0.5580498,0.639051,0.69096154,0.17677934,1.9514272,0.31514534,0.12366374,-1.5332894,0.8406229,0.18245342,-0.6021882,0.2657643,0.17803402
144,0.15099902,0.4117796,-1.6479708,-1.5347984,-2.524998,-0.06920362,1.1237743,0.7387275,-0.10724299,0.61054695,-0.90554893,-1.0075235,-0.3120771,0.23063388,0.2673378,-1.080807,-1.5025369,-0.79421204,1.7603385,-0.30178046,0.5806146,-0.13317254,1.791454,-1.5800319,0.7290408,0.1792098,-1.3103534,-0.47785094,0.81563175,-0.045487627,0.97706103,-0.1516385
145,-0.09953225,0.6253921,-1.1535696,-2.7081456,-1.4562947,0.53695655,1.0882107,0.046150055,-0.8706903,1.4818379,-1.2587407,-0.8798089,0.3337432,-0.22407936,0.1429854,-0.59549236,-1.5124606,-0.5175917,1.3096027,0.02057092,1.1994416,0.3460529,2.0543966,-1.1416483,0.25555143,-0.17298716,-0.21990237,-0.7208453,1.2811,-0.5437817,1.0151772,-0.5255368
146,0.74865776,2.082206,-1.9121523,-0.16354057,-0.2591276,1.9948295,0.115597926,1.6742073,-2.43017,-0.6867381,-0.18051866,-0.76501936,-0.7351112,0.5050014,-1.4451938,0.99714506,-0.264783,-0.39136827,1.4082289,-0.4597362,0.94915104,-0.0997779,-0.20138796,0.33027193,-0.6040548,0.25003478,-0.078026116,-1.0918458,0.80728984,0.032682747,0.26930714,-0.44780675
147,-0.22247171,-0.23530965,-0.14230412,1.2471117,1.3178319,0.39981502,0.14879724,-0.036217064,6.291739e-05,-0.96167743,0.011925078,-1.585764,-0.8561621,-0.5114825,-0.88956404,-1.1282394,0.40965384,1.372358,0.8442968,1.2624813,-0.4180738,-0.44649258,0.46065333,-1.819267,0.12679946,-1.8482453,0.6031245,-1.6669062,-1.4744272,1.7377031,0.6683458,-0.4640954
148,0.8574178,2.0930734,-1.8818085,-0.106815524,-0.2517701,2.0455027,0.11787821,1.610021,-2.3735468,-0.72074556,-0.2893526,-0.65682346,-0.7556338,0.5145667,-1.4624182,0.97539353,-0.24201973,-0.34265372,1.4108881,-0.7171969,0.93183994,-0.036489088,-0.21004175,0.2677447,-0.5121262,0.26851344,-0.005741874,-1.0543303,0.8268345,0.035066623,0.4229286,-0.46935782
149,-0.20094603,-0.24085543,-0.15057771,1.2537202,1.31749,0.39755288,0.14384252,-0.021819102,-0.007367871,-0.9527841,0.006618273,-1.5838798,-0.8594555,-0.5060257,-0.89870286,-1.1444534,0.40390128,1.3676006,0.85021925,1.2535716,-0.40955064,-0.46075517,0.43815202,-1.8207206,0.12627472,-1.8479024,0.612219,-1.6649151,-1.4840459,1.7260405,0.6701059,-0.46793377
150,-2.0345328,1.2263713,-1.8178059,-0.33716795,0.10551084,1.5182385,-0.63302845,1.336916,-0.51835877,-0.10016478,0.013096585,-0.07613861,0.6612838,-0.243888,0.264495,0.037003245,-0.5688074,0.36099872,0.07573294,1.4832712,0.9078012,-0.38467905,2.637911,-1.631077,-0.29859167,-0.7254099,-0.6944138,-0.00841372,-0.13439566,-0.21158424,2.1009066,-0.9000046
151,-2.304373,-0.1406644,-0.9008403,0.425517,-0.3460767,1.6107864,-0.17919242,0.6446727,0.014828448,-0.93329614,1.1432922,-1.3804708,1.2605553,-1.4653972,-0.72731763,-0.56840926,-0.6570227,0.5901186,0.23157722,0.598172,1.1854337,0.5635879,0.69620925,-0.7570785,-1.0747296,-1.2441449,0.7319763,-1.7602602,0.8090897,1.3712586,0.7532623,-0.649462
152,-0.32461122,0.32936355,-0.6161739,-0.3873955,-0.28705162,-0.14577766,-0.6800086,0.67025185,-0.62309384,-0.1376663,0.48237506,0.81102484,2.5152056,-1.1542841,-0.95659316,-0.7281952,-0.8233163,0.0925654,-1.7899947,-0.6682269,1.0678766,0.9364763,0.5100809,0.76621693,0.2723286,-0.21574415,1.0099674,0.1955808,2.6882436,-0.044474926,1.9464269,-0.17118903
153,-0.69936454,0.9905825,-0.9118259,0.008121999,-1.3341836,0.4737372,-0.38664457,1.96886,-0.6270858,0.5074812,0.93183225,0.025267396,0.116873875,-0.13770947,-0.6184059,-0.97403145,-0.6063696,-0.3100981,-1.3813907,-0.3085302,1.3292973,0.29007167,0.07805086,1.8338364,0.08842463,-0.76357985,1.4921284,0.06648796,2.3314419,0.77188075,1.5635277,1.2202992
154,0.23614024,1.5740049,-1.5862014,-0.12880464,0.124761716,1.7571644,-0.087965064,2.3400087,-2.117854,-0.557705,-0.40434986,-0.24102576,0.059426703,0.17309155,-1.2239162,0.71000737,-0.5150828,-0.57107097,1.1606109,0.5385806,1.4463449,-1.0126489,-1.0038778,0.6695773,0.39173856,0.9169512,0.61162645,-0.4338032,1.4047519,-0.8564691,0.10797857,-0.46499237
155,-0.8723399,1.054144,-1.5603288,-0.65558445,-1.4329346,2.0680346,0.5381443,0.055326395,-0.62407094,-0.49797234,1.4183304,-0.21876027,1.8452873,0.278093,-0.53075117,-0.41452006,-0.93709975,0.9049611,1.2156941,0.69518524,0.8687293,0.9740128,0.2827439,-1.2713863,-0.33552742,-1.0268208,0.068577886,-1.7829603,0.9577265,1.2559958,0.7720064,-0.3339863
156,-0.76745147,1.0352802,-1.5043103,-0.6167897,-1.4723027,1.9808775,0.5228225,0.020491373,-0.60245025,-0.453348,1.5124614,-0.25650755,1.7419852,0.31177878,-0.5391046,-0.44184908,-0.9796285,0.92431664,1.3036819,0.6326126,0.8196545,0.9606554,0.32692882,-1.3541642,-0.33437058,-0.92675143,0.048004635,-1.9236249,0.91274756,1.2277402,0.89671654,-0.33098775
157,-0.84058315,-0.016625121,-0.81384206,0.78837496,1.0677795,1.2276381,0.9343209,1.4797231,-0.2426425,-1.3300443,-0.32199427,-1.2946353,-0.7469272,0.48742712,-0.08287063,-0.46264708,-1.213218,0.825066,-1.5347947,0.35699037,-0.16886376,0.08854283,-0.14514613,1.7079244,1.0277405,1.2471794,1.4564667,0.07647316,1.2078383,1.1397514,1.8881997,-1.313047
158,-0.5656789,-0.28748623,-0.6619482,-0.35265967,-0.052161023,-0.55585927,1.1922776,0.18252975,-0.3910407,-0.21982728,-1.0636035,-1.568849,1.2601776,1.0110936,-1.0647837,-0.14750591,-0.58991915,1.6219891,-2.348738,0.3896637,0.13413396,0.70118684,-0.7711728,1.33077,1.6194929,1.5257386,0.28172266,0.7417968,1.280165,0.42762634,1.4846394,-1.1839713
159,-0.9846873,-1.4289781,-1.3873,-0.03930705,-0.8526164,-1.7261807,-0.12397723,0.634232,-1.0919759,-1.939451,0.48067233,-2.064264,-1.9769613,0.29742214,-0.21262519,-0.02689158,-1.048214,0.9596929,-1.185448,0.44206512,0.17338702,-0.7469262,-0.28631172,0.573252,-0.5614634,0.49213645,1.0456043,1.3956765,-0.42538038,1.2950916,-0.3589937,-0.8225036
160,-0.37741303,-1.6218171,-1.2011609,2.6750767,-0.3712395,-1.0031654,1.0874556,0.33470964,0.75144917,-2.004772,0.33022702,0.49357566,0.06925754,-0.41191566,-1.0212921,-1.4115708,0.23520027,0.7118732,-0.42264783,0.6804255,-1.2049878,2.200614,0.19031648,-0.71476656,0.19726095,-0.5485376,-0.87402534,-0.64917946,-0.43286353,-0.18777396,0.75156564,-0.6155855
161,-0.23870137,-1.5699856,-1.2066523,2.6356153,-0.34975475,-1.2461998,1.0105023,0.44799846,0.52580196,-2.054053,0.26717114,0.5130611,0.03161278,-0.3322375,-1.3114972,-1.4766678,0.2783047,0.7733815,-0.47389886,0.9014516,-1.2367904,1.9433877,0.28137282,-0.57202387,0.20430526,-0.28787,-1.0103005,-0.58501446,-0.5243319,-0.2737289,0.5937661,-0.59975034
162,-0.9284187,-0.23277986,-1.6686748,1.8115386,-1.4104719,-1.8301154,0.49765942,-0.5365295,-0.29141077,-1.5029272,0.4806632,0.15644741,0.5815694,0.76759803,-0.8107731,-0.8408087,0.8241889,1.2090229,-0.93841,1.3374915,-1.4060119,1.0835208,-0.15638764,0.3033261,0.46566698,-0.23596416,-1.5294049,-0.025345638,-0.51485056,-0.7654789,0.6424711,-1.7680084
163,1.6760658,-0.3252076,-1.2169751,0.055674918,-0.18382646,0.00084687636,-0.10838576,2.7493508,-0.80395746,0.3571644,-0.7630716,0.5083469,1.1123737,-1.6980368,-0.29205585,-0.71328634,-0.3156215,-0.9805604,-0.4083403,0.14685662,2.2206495,0.9663593,-0.6071999,0.027872361,-0.48523918,1.6884265,-1.2934827,-0.1857978,0.1465778,-1.1260546,-0.46235368,0.24000432
164,1.5753745,-0.33840004,-1.1754981,-0.0697429,-0.2750871,0.07272415,-0.017804354,2.6198573,-0.65078896,0.59714377,-0.8201384,0.6282196,1.3167682,-1.8416712,-0.22955419,-0.8945558,-0.36813587,-1.0307486,-0.4123206,0.071514286,2.3566043,0.9524585,-0.5479423,0.01858868,-0.47438338,1.5331692,-1.2357115,-0.22135344,0.22816232,-1.023372,-0.37400863,0.19763541
165,-0.7279047,-0.76912105,-1.2354344,1.4756361,-0.38539898,-0.57047445,1.5507339,0.9958187,-0.07232762,-0.14195287,0.27295232,-0.5443424,0.4749425,-0.40100136,-0.3329923,0.086902864,-1.6171125,0.3946915,0.4834697,0.41577345,-0.9055102,0.6071758,2.3768113,-1.5797079,0.81860965,-0.46389169,-1.5123467,-0.7531191,-1.0634507,2.2031605,-0.007455061,0.008393321
166,-0.37780765,-0.33842263,0.26967448,-2.0034928,-1.5512267,-1.4414532,1.1167485,-0.14830817,-0.30430952,1.411059,-1.3209912,-1.2569418,1.9231712,-0.9779576,-0.939057,-1.705074,-0.6377795,-0.96570635,0.023351159,0.28389394,1.2878014,-0.5187438,1.2294445,1.0163807,1.1998438,-0.7240465,-0.6627001,0.0012957571,0.20054398,-0.004637756,0.5831352,0.48170334
167,0.9650812,-0.39559206,-2.620851,2.1560102,-0.53309745,0.26061475,0.7458357,2.3419669,0.258924,1.6099727,1.2238057,0.8651129,0.12764336,-0.9594422,-0.39368045,-0.35152155,-0.5228559,0.40109694,-0.63859326,0.43474272,0.8252657,1.188144,1.3286129,-0.70232224,-0.38291112,0.48907006,-0.24785978,-0.5521043,-0.50746197,0.7511076,-0.029982157,-1.1403728
168,0.7107846,-0.25755998,-3.439731,2.6762161,-0.35806364,-1.0995172,0.638638,1.2942654,0.5962863,1.1952026,1.0723071,-0.042398106,-0.18245861,0.6198203,-0.010667599,0.6023056,0.34306857,-0.10654928,-0.5039337,-0.47408146,-0.19578469,0.89127964,-0.028936384,-0.6480329,0.0350677,-0.04700867,-0.655572,0.32078543,-0.5512569,-0.48750758,-0.4909498,-2.001524
169,1.656726,-0.049794447,-1.5356934,1.987484,1.9109261,-0.94314665,0.46560788,1.4040728,1.7164088,0.42011616,0.16293113,-0.050669465,0.27668488,-0.3823317,-0.07738779,0.2135311,-0.24172616,-0.15920371,0.20673923,-1.1616243,-0.05277896,1.9834441,0.589856,-1.0876987,1.5398477,-0.56914586,1.1862448,-0.29651338,0.1680338,-0.8757486,0.05008126,0.31846905
170,-0.60631424,-1.2009732,-1.506793,1.2795078,-0.084906265,-2.075578,-0.58274037,0.15146226,0.42487186,-1.8611169,1.4189278,-0.98305666,0.7483358,-0.85543543,-0.33744037,0.30053362,-0.5801973,0.44524655,-0.5663084,0.43287572,0.8912067,0.04378341,-1.2051773,-0.9254514,-0.09360613,-2.0233538,0.4672634,-1.6309702,0.24357165,1.2998067,0.96391517,0.85451055
171,-1.4063442,-0.9471138,-2.5061338,0.8833269,-0.5406826,-2.0280914,-0.084965594,0.37442335,0.3410812,-1.4846745,0.41141886,-1.5362364,0.10385388,0.8383505,-0.45697996,-0.74905115,-0.61737365,0.11148141,-0.6952802,2.021323,0.05658517,0.058987025,-0.44668707,-0.36188123,-0.5036686,-1.8426265,-0.63129073,-0.77714616,-0.714228,0.2850184,0.3058847,0.71331227
172,1.4998225,0.19668391,-3.151083,1.2783927,-0.3502403,-0.37180597,-0.22787966,2.1655211,-0.28233376,1.693548,1.0449601,0.46013469,0.4216423,0.034040872,-0.42824024,0.6455218,-0.53849036,-0.6234709,0.73668873,-0.16180351,1.0210857,0.20337822,-0.21155486,-0.78343153,0.0899828,1.030302,-0.38839766,-0.6302736,0.66825676,-0.8979623,-1.1839433,-1.6412758
173,-1.5867026,0.26592228,-1.6874717,-0.5311927,0.79028,-1.1746691,-0.52319956,0.9402407,0.09769818,-0.13816471,0.7066029,0.6465214,-0.69011205,-0.37463734,-0.15803401,0.322808,0.9401363,-0.3067646,0.26009953,0.7162276,1.9204273,2.1038632,0.9596191,-0.49817935,-1.1174043,-0.17158842,-1.3649317,-0.72028697,-1.8088787,-0.17674655,1.8242813,-0.85336703
174,-1.9501735,0.9532149,-1.2864735,-0.37794864,-0.53560126,-0.88808167,1.3164752,-0.55963635,-0.342617,-0.91417867,-0.29068905,-1.3926879,-0.08402324,1.4579852,-0.28367645,-0.21690327,0.018536523,0.4675468,-0.8281989,2.3380115,0.27398467,1.86872,-0.16015372,0.6840217,0.667339,0.25194788,-0.99479073,0.15022649,0.30442205,-0.6173054,1.1052243,-1.5867913
175,-2.0331774,0.00074517436,-0.7689569,0.3751688,0.76193875,-0.5999502,-0.36448708,0.87397313,0.6097527,-0.94139534,1.3258905,-0.30991438,-1.4053311,-0.54582304,-0.22336033,0.21817045,1.043906,0.084496126,0.44937465,0.86258173,1.2148043,1.3031683,1.0116668,0.80902374,-0.1175326,-1.0422112,-1.7369546,-0.70525455,-1.1472286,0.6151807,2.2300675,-1.5030823
176,0.66827404,0.065155715,-2.173579,0.64143413,-0.060509678,0.24406163,-0.7592974,2.8365617,-1.4277295,0.4007682,0.03695206,0.495297,-1.1632959,-0.9182023,-0.08431388,0.73988837,0.17206188,-0.74468774,0.108045526,-0.6157679,1.7002342,0.5420899,-1.2736263,-0.7769416,-0.9495957,1.1627951,-1.7330207,-0.5066048,0.024934733,-0.81708556,-0.5362108,0.11887476
177,0.80093926,0.081161596,-2.1248384,0.58873147,-0.1027853,0.17732471,-0.7936561,2.888549,-1.265123,0.59134334,0.043485604,0.6476234,-1.187905,-0.8099935,-0.11878036,0.56165504,0.0269416,-0.91019094,0.11894204,-0.72778183,1.8508672,0.5061725,-1.1681812,-0.71744204,-0.9786957,1.118735,-1.6988765,-0.5662031,0.014676254,-0.7832612,-0.4238062,0.24427119
178,1.3310932,-0.34874475,-2.0550082,0.83547693,-0.7973091,-1.3978972,-0.19612049,2.054141,-0.5117494,0.8350624,-0.06816407,-0.8942735,1.5627294,-1.7627733,-0.15807267,0.6901737,0.10992651,-0.3701774,-0.055517554,0.52108943,1.9114987,0.3058062,-1.5389909,-0.8470929,0.46930486,0.36506414,-0.0221373,-1.1251954,1.1914719,-0.9749624,-0.13607827,0.188213
179,1.0579914,0.42457575,-1.4871767,0.28141308,1.1002175,0.26574683,-0.30629477,2.0441904,-1.6797683,-1.3280175,-0.52872336,-1.2173471,-1.0444586,-0.48722258,-0.12404779,1.0706562,0.011845934,-0.6136218,0.5761802,-0.4956308,1.5287039,0.35169926,-2.277029,-0.26093987,0.12944824,1.1314934,-0.20467193,-0.696881,1.1181829,-1.1399001,0.026859442,1.3847153
180,0.028019672,-1.9694284,-1.3707461,1.3340666,0.22954713,-0.7656924,0.33410466,0.35407528,0.5666652,-1.4547112,1.0130488,-1.0743783,0.14892423,0.7618285,0.7311485,-0.37601095,-0.50824285,0.13516639,0.9179283,0.941615,-0.5542209,0.3142113,-1.0809811,-0.097181715,2.3666263,-0.6184988,1.420071,-1.1166164,0.8918836,-0.82136154,1.777602,0.3353395
181,-0.32083777,-1.1081117,-1.4766704,0.16647473,-0.7592837,-1.4013929,0.17800592,0.95540786,0.23497541,-1.2664726,0.42418396,-1.4798115,-0.7839898,1.7279603,0.34656516,-0.28768227,-0.48762998,-0.9545645,0.6693045,0.4725466,1.102923,-1.0596522,-1.034172,-0.32353374,1.6837997,-1.8680393,0.52792376,-0.7213898,0.06218175,0.01827113,1.9122446,1.3572894
182,0.8857401,-0.2242225,-1.4227989,0.22846031,1.6489122,0.3305749,-0.21129102,1.7694987,-1.2586045,-1.0279887,-0.08891311,-1.5502988,-0.24269524,-0.8606365,-0.34754127,0.14749059,-0.36272958,-0.36178178,0.43230584,-0.18305671,2.0892322,-0.7655739,-2.3160233,0.06039773,-0.5249656,0.66771436,0.055429738,-1.6628239,0.72776824,-0.11762939,-0.026672173,2.080285
183,-0.9716407,0.08261837,-1.1958264,1.0865734,0.024024177,-1.2332059,-0.66646135,0.13518983,0.18835765,-0.41196486,0.3727429,-0.9101888,2.5095932,-1.5356493,-0.013362725,0.5748259,-0.10702512,1.028615,-0.77510345,1.8700912,1.0789995,1.8408793,-0.37405238,-0.5705997,-0.59674823,-0.9125907,0.03709075,-1.5719463,1.3406259,0.019497154,-0.19782464,0.09888135
184,-0.7286397,-0.27388045,-1.0658702,-0.11691472,-0.70376813,-1.195226,0.086687095,1.015957,0.48042837,0.11723593,0.5441028,-0.97935927,-0.52354974,1.5297269,0.34818882,-0.6671066,-0.17762405,-1.0845188,0.40361825,-0.40601867,2.2850678,-0.6645674,-0.6163763,0.08584538,1.2452015,-2.4399478,-0.13073988,-0.7256188,-0.2086231,0.4739213,1.5976534,2.2998888
185,1.4834349,-1.0597799,-1.1824561,2.00014,1.42655,-1.0699043,1.265447,0.5832041,0.7852225,-0.6083149,1.4816636,0.09286755,0.3573469,-0.085411206,0.023406435,0.42222324,0.17071845,-0.27043086,0.0013311831,0.09045429,-0.35469443,0.52257454,0.9146942,-2.1461973,1.347118,-1.4107082,0.8785189,-1.6987249,-0.59407544,0.22630776,1.0124894,0.1614278
186,0.1921674,-1.3008655,-1.0575955,0.74118644,0.10596699,1.0737686,0.070657745,-0.0055428287,0.32780403,-1.106043,2.3555772,0.20644277,1.2953175,-1.2896234,-0.23474967,-0.8223521,0.68931514,-0.06146116,0.34208208,0.7227738,0.006732696,1.6642566,0.77566534,-1.4220594,1.0865482,-1.0079403,0.93286103,-1.0332663,0.44405693,0.62687236,2.0737417,1.0885628
187,0.25117013,-1.2623292,-0.9803872,0.56052667,0.1978479,1.227458,0.1698926,-0.019430345,0.10035174,-1.1265504,2.1223667,0.46316653,1.4212524,-1.5391638,-0.38009956,-0.88956994,0.78324646,0.08968443,0.06306787,0.5108119,0.16542292,1.5689669,0.36373466,-1.183742,0.9341247,-1.0175351,1.1679636,-1.1414025,0.97766566,0.5867433,2.140752,0.93563545
188,0.26746127,-1.1997656,-0.8077704,0.39172888,0.26587635,1.3389981,0.28639448,-0.07815126,-0.06944932,-1.0815544,1.8626087,0.6785173,1.5009516,-1.6969181,-0.50991124,-0.9570466,0.835655,0.2541826,-0.18031952,0.31053907,0.31518307,1.392154,0.0009519001,-0.94139075,0.72247344,-1.0210137,1.3593209,-1.2183532,1.3989965,0.5768231,2.1318104,0.76313365
189,-0.44079256,-1.5807943,-0.3101996,1.2083559,0.19946438,-1.2283478,0.004342477,0.24506646,0.19530427,-2.015144,1.6864536,-0.83113265,-0.5088182,0.5653797,0.7145971,-0.5278269,-0.21845765,0.4393576,0.5923582,0.3518006,-0.07330468,-0.08828051,-1.3943952,-1.338561,1.2792579,-1.7638328,1.1153388,-2.2077374,-0.39612308,0.38196456,1.4286431,0.36066258
190,-1.3131188,0.087031685,-0.5177136,0.2762362,1.0571113,-0.016874885,-1.3598757,1.3144292,0.40372956,-0.9868913,1.7249931,-0.83335716,-1.0041653,-0.7146034,0.41280955,0.013009541,0.95416147,-1.2666723,0.4661661,0.8106305,1.9208494,0.8579975,1.0308311,-0.60196924,0.5496987,-1.1219784,-1.1978301,-0.46528876,-1.1133641,0.26869786,2.422016,-0.082030356
191,-1.2906458,0.07589225,-0.5278816,0.3556242,1.1680332,0.07383563,-1.3839835,1.3916694,0.36187762,-1.1186683,1.7338485,-0.86880803,-1.0367242,-0.750974,0.37590995,0.03744416,0.9897475,-1.3070334,0.41781157,0.79951674,1.9065405,0.81656384,0.85968167,-0.56685054,0.5126498,-1.0729468,-1.1292062,-0.51253474,-1.054841,0.23401897,2.393966,-0.039988946
192,-1.7270824,0.20149478,-0.7414427,0.20505768,0.6855622,-0.91462773,0.14968783,0.06115854,0.033617012,-1.2562464,1.1234723,-1.5028282,0.11437632,0.87435347,0.48443082,0.42323163,0.7344817,0.7518403,0.16578634,1.3192815,1.6818632,0.47285712,0.614141,-0.87072116,0.4200444,-2.4771245,-0.88299215,-1.7826827,-0.7462989,0.7317257,1.255199,0.9159834
193,-0.9843671,-0.6641007,-0.96789235,1.2803468,0.23260006,0.9587799,0.29319388,0.106551655,0.037804704,-0.87287414,1.8280615,-0.670741,-0.030487576,-0.8468057,-0.18513988,-1.3332057,0.7340814,-0.52385455,0.43183154,0.42546502,1.2229347,1.3390813,-0.3245058,-2.1388624,0.59353477,-1.1355615,-1.06797,-1.3759403,-1.409257,0.8595157,1.585102,0.76422393
194,-0.5691178,-0.07677354,-1.887603,0.5654304,-0.013607188,-2.3664367,-0.91335475,0.9068538,-0.70911264,-0.38570866,0.5456816,-0.6647043,1.978038,-0.96271706,-1.0958492,0.04022877,1.0435295,0.26578882,-1.1726342,1.8048341,0.75239086,0.8998831,-1.0227183,0.44776747,-0.6753209,0.20957239,-1.3411205,-0.48646143,0.6700526,-0.5840541,-0.8420355,-1.0094169
195,-0.2195117,-1.1615661,-1.2884547,-0.014347801,0.91045845,0.28193206,1.5396236,0.04987484,-1.1768357,0.74453837,-0.39466813,-0.9708217,-0.911431,0.45293483,-0.55873626,2.2886565,-0.6677102,-0.7855963,1.592788,-1.0411465,0.8689516,0.7556484,-0.62399125,0.5133264,0.719086,0.39499456,-0.6337216,1.2656693,1.9785842,-0.63162196,-0.8499655,-0.26802817
196,-0.004058354,-1.1352061,-1.5674105,-0.116656624,0.6327786,0.29408538,1.3098744,0.82616395,-1.4869013,0.5738282,-0.45038465,-0.93667006,-1.2089396,0.4045789,-0.4563762,2.4530327,-0.7605865,-1.2125964,1.4210093,-0.8480554,0.7369508,0.7459961,-0.6779631,0.31929144,0.5624946,0.711668,-0.49538487,0.8191589,1.6370921,-0.82662433,-1.045309,-0.060509186
197,0.864119,-0.44398496,0.04760728,-0.15459219,0.9604637,-0.69969386,-1.2262478,1.708061,-2.9074817,0.8126987,-0.79999083,-0.37224892,-0.50130266,0.15989658,-0.14166543,-0.32996973,0.97579753,-0.022884037,1.0063821,0.5550792,1.24012,-2.3450468,0.34724763,-0.39892298,-0.65396696,0.1850902,0.6997851,-1.033448,1.046649,-0.024288597,-0.56212944,-0.71291035
198,-0.07996694,-0.23338386,1.3701557,-0.9262938,0.9468348,0.3474275,1.108169,-0.19361684,-1.3833338,1.1820911,0.04836728,-0.26684013,1.7438152,-1.8913494,-0.4154439,-1.4128006,0.88782686,-0.0669331,0.07395864,0.0445942,1.1548486,0.029169418,-0.061323803,-1.1040499,-2.256409,-0.563134,0.7081783,-0.991708,1.4080641,0.8145038,0.27792627,-0.6930451
199,-0.1877341,-0.32628432,1.388343,-0.9643926,0.9501213,0.36198503,1.1135081,-0.31043348,-1.2972951,1.0983131,0.051551446,-0.26044,1.9303331,-1.8587662,-0.44502598,-1.4707717,0.9206479,0.04234764,0.06952991,0.010647945,1.0685452,-0.0032246134,-0.045236353,-1.0023608,-2.2175565,-0.5579564,0.61627525,-0.9024117,1.4893332,0.7979446,0.16731383,-0.74270767
200,0.122490585,-0.9152288,-1.1007897,-0.41377947,-0.29062116,-2.5151248,0.9156654,0.40173084,-2.5711224,-0.2344354,1.078936,-1.4099666,-1.2691948,0.70350194,-0.5478064,0.31542033,-0.30850536,-0.78904307,0.8563838,-0.07871223,0.62683314,-1.7240152,0.08316432,0.08333413,1.4587024,0.61653847,1.0993353,0.5541298,0.4322189,-0.28456044,-0.72247696,-0.19582984
201,-0.8811897,-0.66222495,0.7364997,-1.1380581,-0.9749695,-1.27401,0.34403613,-0.67233056,-2.0115917,1.2209392,-0.23873076,-0.50973773,0.4986466,0.3550813,0.7154129,-1.7066003,0.8882536,-0.16403058,0.34239185,-0.7418761,1.452651,-1.4983137,0.62248147,0.0658892,0.5099325,-2.3290274,0.9170504,0.38806263,1.2773038,-0.5328891,-0.5813373,-0.25932357
202,-0.42076546,-0.06496236,0.92405355,-1.9762907,1.1246711,-1.1444664,-0.5911043,0.98191303,-1.1928294,1.4252425,-0.04079157,-1.4301184,0.49067897,-0.2601674,0.43850064,-2.3337057,0.27345356,-0.9196988,0.41728237,0.27896163,1.6849918,-1.7406482,0.5667726,-1.0230652,0.114660285,-1.0790651,0.9126585,0.34145385,0.22833598,-0.11804972,-1.0646479,0.33941078
203,-0.61956125,-1.5277086,-0.84484607,-0.8994696,1.6147964,-0.5367591,1.3531995,-0.17564186,-0.071574055,0.5627112,0.3095505,0.29787776,-0.8381733,-0.8164923,-0.030453078,2.3207297,-0.44480816,-0.9223996,1.1447784,-0.68943405,0.18653803,0.82083285,-1.3586037,0.4319648,0.37104064,-1.5450073,-0.52287453,1.498561,1.5675937,0.043018047,-1.4130256,-0.1405115
204,-0.21653524,-0.87187874,1.2805294,-0.93808895,0.9924101,-0.4526135,-1.5587057,2.5469065,-1.4845905,0.9260694,0.46939236,-0.94511086,0.76834303,0.49931303,0.68882847,-1.4754015,0.42692825,0.15278935,0.0124186715,0.009136916,0.56879634,-1.7512553,0.3639276,-0.48888355,-0.09308686,-1.3042809,1.2546297,0.524938,0.99294007,0.020442795,-1.3410418,-0.00014668202
205,0.54329133,0.11146346,1.2319397,-0.65337485,1.8313009,0.50458443,-1.5898664,2.7823439,-1.0820893,0.128706,-0.028796086,-0.004167065,0.8289205,-0.9118251,0.36755678,-1.9894134,0.2552475,0.16559292,0.339644,0.88804704,1.028572,-1.7557802,-0.36090586,-0.7269474,-0.9828332,0.3862736,0.71583813,-0.37594193,0.46660495,0.027459506,0.08395334,0.060258538
206,0.48333514,0.14068808,1.2418267,-0.6602965,1.8626828,0.56632566,-1.5780445,2.77795,-1.0363854,0.09999536,0.0012551596,0.004992237,0.90410054,-0.9033778,0.39170578,-1.9815979,0.25492635,0.1980258,0.38211197,0.8888624,1.0805815,-1.746342,-0.3309361,-0.71948963,-0.9471414,0.39523855,0.65649176,-0.41272357,0.46241778,0.050914165,0.08724537,0.07859674
207,-0.30111626,0.07691818,-0.12457749,-0.05808003,0.90999097,0.3077117,-1.0355563,0.846321,0.19427992,1.5152231,2.7654407,-0.119793266,3.6855662,0.027674576,0.60119116,-1.0498993,0.21689254,-0.0425465,-0.17335442,-0.009282099,0.74778414,0.9708412,-0.14456733,-1.0215232,0.43001905,-0.6763969,-0.0048495242,-0.19501114,1.0748185,0.41613635,-0.3142109,0.46014494
208,-0.3503553,-0.7772495,1.3438047,0.1124831,1.7847666,-0.40772685,1.3013885,-0.4935465,0.11792656,0.32198295,0.63473684,0.12427792,0.4979939,-0.8715847,1.1333548,1.4973714,-1.0111973,0.3058966,1.0517035,-1.5152968,1.6274772,1.857317,-1.7231246,-0.12573761,-0.32355618,0.11819371,-1.2158686,1.1336659,0.0809231,0.6258802,-0.84181494,-1.4184726
209,-0.92421687,-0.88471395,-0.9961924,1.3217912,0.091290444,1.2455785,0.5648853,-0.18196292,-0.18308799,-0.85189486,1.7212669,-0.44335285,0.37659913,-1.0139216,-0.36081007,-1.4810843,0.7757728,-0.33727282,0.36941665,0.29343992,1.182316,1.266531,-0.7182866,-2.2172408,0.3439063,-1.1917088,-0.9436752,-1.5499879,-1.0304803,0.90254176,1.3452742,0.5918193
210,-0.02577308,0.73463887,-0.28947183,0.9315091,-0.35241222,-0.5492504,0.5419667,1.1513847,-2.0597558,0.48709235,-0.3570833,-0.864494,-1.0508552,0.9155121,0.19548227,0.04429988,1.8855278,0.68042356,-0.8907281,-1.1620178,1.1801436,-0.034959678,-2.149272,0.29121858,0.9884254,-0.38894045,-1.276414,-1.0208064,-0.59284693,-0.78526825,0.7479993,1.997727
211,1.2550848,-0.269985,2.1950374,-0.09462087,0.777511,0.38995096,-0.49783215,2.4093592,-1.8852692,0.08227349,-0.57526433,-0.52248234,-0.49530676,-0.4668513,-0.27736777,-1.078023,0.5156569,1.291333,0.069127545,-0.3220257,1.4167708,-0.59042126,-1.6872597,-0.9078411,-1.8178581,-0.88471943,0.41880867,-0.031695798,0.5772512,0.55970436,-0.134338,0.30388305
212,0.26467556,-0.75383765,1.1332841,1.0556241,0.45173723,-0.1867088,0.21000563,0.8921356,-1.3522605,2.1576743,0.1638189,0.54238033,0.5723029,0.657115,0.38862208,-0.9975185,1.3677629,1.3751901,-1.4939544,-2.0948763,1.7421471,-0.28045312,-0.54157513,1.0991559,-0.72799295,-1.4808321,-0.12321511,0.17804225,-0.06694696,0.42842594,-0.6859058,0.9137101
213,1.2613379,0.14252634,0.88553774,-0.5129228,1.1457864,-0.85123616,-1.25201,2.9353616,-0.64985734,1.229262,-0.19068898,-0.60217166,-1.1013027,-0.9011511,0.6386575,-0.10847942,-0.47067705,0.93291044,0.014927384,-0.05988822,1.2094268,-0.41009817,-2.4089437,-0.4133611,-1.829393,-0.049075313,-0.5361528,0.5676683,-0.060987454,-0.7952675,-0.09491667,-0.14326823
214,1.1868727,0.08274207,0.504315,-0.52721816,0.7935286,-0.8192987,-1.2539386,3.1547976,-0.71279633,1.186688,-0.12093136,-0.62199503,-1.2568682,-0.8186073,0.68004113,-0.031647526,-0.3506754,0.709015,0.0691747,-0.10033207,1.4212329,-0.26253518,-2.2921295,-0.83060086,-1.9999216,0.1906725,-0.2665137,0.09126466,-0.17692706,-0.5389089,0.1738581,0.0069652665
215,0.94300556,-0.46312556,1.2879171,0.5393054,0.6430822,-1.2559643,-0.020071948,1.5869569,-0.93762916,1.6705021,-0.70038927,-1.608619,-1.185217,2.0505915,-0.34675714,-0.8386844,0.23030181,0.92786425,-1.7341309,-0.73040503,0.020482495,-0.35271636,-0.6937079,0.95337194,0.85690814,0.9044184,-0.03242024,0.89122546,-0.915088,-1.1265367,0.51221794,-0.27961645
216,0.49592155,-1.3722622,0.33611447,1.0085464,0.05450809,0.3000235,0.7475694,1.1294177,0.49468443,0.6163068,1.4362422,-0.6063275,-0.3108622,-0.38009033,0.22475025,-1.3086629,0.032754038,-0.63216245,-1.146749,0.06565352,-1.1328423,-0.6288821,0.97123325,-0.60682464,0.7513958,-0.2622792,3.058972,-0.1689767,-0.2654913,0.041557927,1.6199119,2.0916967
217,-0.28758928,-0.31762323,1.3983225,0.134294,0.7168341,0.7281535,0.96726036,0.4011475,-0.013970791,-0.31424856,2.569845,-0.63449985,-0.21613136,1.9897542,0.8466397,-1.4211922,0.30580437,-1.1739253,-0.64431363,-0.097479075,-0.17416866,-0.8975295,0.54323804,-0.48053205,1.0531014,-0.64899844,0.06531174,0.06521736,-1.3877769,-1.1368139,1.2440205,1.7476226
218,-1.5932432,0.88571596,1.0762125,-0.5699248,0.4918126,-0.23390637,0.48533645,0.010595242,-0.43756437,0.4143383,1.9105184,-1.2303134,0.42022952,1.6221273,-0.21444845,-1.5290965,1.2772827,-0.12566222,-0.91249514,0.8686282,0.30849895,-0.21525656,0.025318641,-0.27590767,0.73312265,-0.65608793,-1.3809026,-0.28243428,-1.3548913,-1.1853578,0.96242416,2.0535793
219,-0.14947522,0.82682884,2.2587225,-0.42708677,0.7205417,-0.12062708,0.22522081,1.2135985,-0.85917836,1.9211977,0.7494451,-0.5612551,-0.1299067,0.44035843,0.7341039,-1.2487432,1.0315216,0.47998035,-1.5496045,-1.370386,1.067223,0.5952907,-0.11606798,0.68309534,0.31150082,-1.0292754,-0.42254362,0.24439207,-0.66447026,-0.98142165,-0.58911735,2.561493
220,1.019506,0.44257113,1.9560803,1.1404368,1.2739961,-1.033892,-0.6295645,1.0869918,0.40235633,2.1241977,0.4113464,-0.8685145,-0.9724207,0.9540168,0.6467984,-0.123296835,0.20558774,1.5757166,-0.97448075,-1.3637825,0.82567793,0.49991152,0.32658947,-0.055516336,0.6664717,-2.0839167,-0.7303835,0.03902465,-0.90401125,-0.17938888,-0.18760264,1.2435857
221,-0.68794024,-0.28385845,-0.21365626,-1.7001467,-0.08950642,-1.6558903,0.019612491,0.781475,-1.4568168,0.7652325,-0.35813457,-1.9920248,-1.1591259,-0.14850469,0.6861724,-0.78009796,0.06264114,-1.7404236,0.22351171,-0.40358618,-0.2952659,-0.60937417,-0.09244452,-1.062829,1.1479899,-1.6099358,1.4508228,1.413419,1.2607727,-0.06158748,-1.1534625,0.8509738
222,-0.74815804,-1.8496066,-0.10801887,-0.6862328,0.13683444,0.24641266,0.53938305,1.6102439,-0.4761041,-1.1392614,0.044129677,-1.1199908,-1.1488761,-0.5652435,-0.09268521,-0.5854073,-0.33337915,0.40773675,-2.2968595,0.077191375,0.7159425,-0.75225157,-0.48829305,0.63068515,-1.7618886,-0.3796321,2.105662,1.283191,0.89125085,1.393719,0.0854028,0.16213207
223,0.5268558,0.62771344,0.8399818,1.5099491,1.0333207,0.77495575,0.5501248,1.8405491,-1.3843077,0.27531847,-0.04134372,-0.5089018,-1.2627648,0.7829423,1.2054714,-0.36686715,0.6999647,-0.10945341,-0.86626524,-1.5609542,1.5862533,0.37111333,-1.7955503,0.25241742,1.0512328,0.11303565,-0.5103232,-0.62997633,-1.039775,-0.5853621,0.4688418,2.0489066
224,1.0340577,0.2527918,1.1773458,1.2351782,1.0021597,-0.39104274,-0.036649123,1.5209105,-0.9011386,1.288643,-0.11513004,-1.4374603,-1.1870085,1.5980976,0.6246775,-0.05756453,0.21409863,-0.028391212,-1.3754292,-2.4514632,0.7329099,0.2614681,-1.1285774,0.25885805,0.4614458,-0.3692088,-0.5724405,0.25770718,-0.9188569,-0.99831855,-0.4695794,1.1872648
225,0.298117,-0.44271305,1.8416753,0.54984874,1.7902676,-0.12020919,-0.24056107,0.908802,0.9786824,1.3749136,1.4375864,-0.86568016,0.5286084,2.2489119,0.64957714,-0.85370743,-1.5526998,0.4072254,-1.3366605,-1.8746645,0.6729311,0.525451,0.19553551,-0.062807545,0.080274545,-0.55256194,-0.15309852,0.30063012,-0.9531974,-0.1717037,-0.3259443,0.714963
226,0.057092045,0.29448965,0.5422643,0.4839126,1.8418819,0.10925092,-1.4192228,2.294351,0.66947806,1.1848036,2.1059043,-0.2117653,2.2566967,0.33994845,0.8942332,-0.75373816,-0.28774503,-0.31506833,0.04838058,-0.65019685,0.5468588,-0.12985712,0.61659193,-0.6068351,1.9934615,-0.30510712,0.66015816,0.07052001,0.001969761,-0.18981767,-0.81718326,0.9291834
227,-0.76745,-0.78732383,-1.1114229,-0.15122217,0.1503445,-0.6383443,0.21790391,1.3598859,0.38826334,1.267096,1.0418471,-0.06364436,0.7206344,0.23955876,1.3322009,0.6948433,1.1962643,-1.2681507,-0.27177453,-1.7322792,-0.7337179,0.73723197,-0.40388247,-1.120695,0.9316865,-2.1172702,0.59356016,1.7565285,1.0088919,-0.011856502,-0.84295624,1.5501957
228,-0.94107103,-0.7221368,0.3476817,-0.7827792,0.23162922,0.14141212,-0.7188342,-0.0051968396,-0.8263964,1.5814322,1.3778194,0.32778138,3.6752489,-0.26109332,0.3007362,-1.401768,0.7951293,0.4352719,0.08452525,0.09457619,0.4922768,0.13626361,-0.34089494,-1.144251,-0.7712238,-1.1672194,0.041348364,-0.2568123,1.9763122,0.43292296,-0.22539404,-0.20397983
229,-0.53177816,0.3397539,0.72714716,-0.7646935,0.38128093,0.089565486,0.124556355,0.39950913,-0.75410014,1.5658376,0.074996375,0.2503357,1.0150715,-0.97102714,1.7687144,-0.7034197,1.2361393,-0.16038881,-0.8527737,-2.1600034,1.5361787,0.7126623,-0.92908555,-0.045613933,1.0862142,-1.8230219,-0.06570459,0.46843326,1.1722944,-0.22015668,-1.2661589,1.7182883
230,-1.4701695,-1.5411873,-0.21580525,-0.06361479,-0.1766497,-0.19417898,1.4430139,-0.44977778,-0.8305055,0.28925794,0.22479261,0.6925002,1.4802403,0.34216043,0.67284024,-0.4116689,0.9136561,0.7482568,-0.30034697,-1.9144726,1.4533728,-0.16734388,-2.573451,0.080011405,0.03012632,-2.2292433,-0.98173904,-0.41557857,0.8140525,0.33766747,-0.5184108,0.63796383
231,0.025394635,-0.16005148,-1.3201234,-0.93339264,-1.3511164,-0.77757347,0.698136,1.1550027,-0.9914381,-0.22801244,-0.7391307,-0.8250979,-1.1397547,1.1134607,-1.4857395,-0.28746688,-1.8457323,-1.8892752,1.7571529,-0.8675271,1.150574,-0.5830854,1.7568743,0.34955603,0.17082153,0.32527024,-1.1521653,-0.11953789,0.62434614,0.46973726,1.1296986,0.62876624
232,0.057004422,-0.21125063,-2.2957916,0.62768507,-0.41751397,-0.43151185,-0.213435,2.208016,-1.2333248,-1.2109648,-0.78000593,0.33749127,-1.4907088,0.13658634,-1.045523,0.83510536,-1.777222,0.08146678,0.25961688,-0.4147425,0.91194284,1.1069118,-0.3951313,-0.2751741,0.16724685,1.5224507,-0.24188477,-0.21381837,2.010919,0.03347493,0.7838514,-0.9138197
233,-0.95446235,-0.7410121,-0.3369157,0.30596793,0.8747088,-0.28086826,0.042245053,0.5075392,0.6050861,0.1366601,-0.08773677,-0.75169015,-2.4194834,-0.16955715,0.038213458,0.6769604,1.2687231,1.3198483,-0.045494277,0.8464783,1.0561785,0.5853027,0.88672763,-1.3354783,0.33639848,-0.55728257,-0.7274669,-0.7330387,-1.931565,1.6669158,1.6134611,-1.8072145
234,-0.5362822,-0.9403815,0.7601693,-0.18968192,0.4289,0.6200322,1.2098655,-0.32228106,0.027808929,1.7794603,-1.66752,1.6526818,-0.14080766,-0.8559358,0.41789824,-0.50528014,1.5122781,1.770899,-0.8659553,-0.50879484,0.8830227,0.10351078,0.58656615,0.1648713,-1.16159,-0.6297931,0.57608384,-0.25073522,0.23729685,1.3329381,1.6025255,-2.457313
235,-0.49252015,-1.4330833,0.8236771,-0.9188158,-0.1965663,-1.0839984,1.1076534,-0.5619683,0.8025111,0.32243633,-1.393728,0.99085504,-0.6112344,-0.09461166,1.535633,-1.3680536,0.06977995,0.58072233,0.13556163,-1.5165814,0.17274565,0.19309253,-0.12652655,0.47845778,-1.4175775,-1.2955806,1.3572317,0.85522443,1.1734897,0.9390631,2.1069403,-0.7697598
236,-0.36064038,-0.8516279,0.18132271,-2.3757699,0.5034367,-0.73272246,0.053292047,-0.47832236,0.14309417,1.0780083,-1.695333,-0.54226935,-1.3176475,-0.43679813,0.7895939,-1.317463,0.056362756,1.702582,1.254344,-0.5621126,-0.11021474,-0.7538967,1.5621287,-2.4374263,-0.16218685,0.1551931,0.25883645,-0.19368218,-0.08968647,0.6869618,1.0053864,-1.5218449
237,-1.0397079,-1.4959096,-0.10706469,-0.7830632,0.34892055,-0.39168054,-0.4453056,1.1118697,0.47024846,-1.4634984,-0.2744437,-3.3196135,-2.2850878,0.55801517,0.084449686,-0.32136258,-0.6735859,1.0463238,0.24662565,0.3187798,0.0646024,-0.23846306,-0.4189983,0.14288498,0.3881211,0.37947723,1.9570922,-0.19083539,0.18719353,1.0110583,1.0969578,-0.9429016
238,0.58111584,-2.0804474,0.8223418,-2.381182,0.3857908,-0.029808091,-0.94600236,0.8474977,-0.1356506,-0.52019024,-1.4229382,-1.04767,-1.1818782,-0.56753105,-0.3943551,-0.7797349,0.993266,0.84031105,0.38511515,-0.45811373,-0.29347637,-1.6585752,-0.010495398,-1.6105056,-1.8264754,0.057521768,0.69194525,0.85900784,0.7384706,0.2725205,-0.27241325,-1.0806491
239,0.23659474,-0.4576328,0.84469986,0.20058021,0.7411132,0.5531964,1.5617969,0.2042394,-1.144195,0.016116694,-0.93539923,0.9283392,-1.4206282,-1.0996,0.46850443,-1.4226362,1.0318877,2.4827857,0.19562058,0.053093847,0.72761357,-0.7480999,0.63882256,0.4501508,-1.755186,-0.66308343,1.1963962,-0.11397068,-0.06197448,1.7922674,0.7415278,-0.9600386
240,0.2623086,-0.46496513,0.8316476,0.21426432,0.73793644,0.56466514,1.5580609,0.21550436,-1.1474043,0.016403219,-0.9394039,0.9349174,-1.4202988,-1.0979922,0.46569577,-1.422553,1.0313281,2.4789946,0.1889135,0.03438919,0.7405678,-0.75938225,0.6117353,0.45442256,-1.7596602,-0.6574742,1.1912605,-0.11427484,-0.070673265,1.7914847,0.73499113,-0.96157455
241,-1.2066576,0.5148612,-0.39609903,0.5314603,-0.36576903,-1.1713153,1.6447738,-0.7316115,-1.0493704,-0.2880189,-0.8238817,-1.3307654,1.2059602,1.4212177,-1.4388881,-0.022791954,0.84744245,1.0117865,-1.7451415,1.2434243,-0.1711061,0.63344204,-0.9662991,1.6864902,0.6598115,0.654972,-1.4579252,0.98350805,-0.06448951,-0.22412074,0.95268315,-0.72457033
242,0.006230169,-1.1490686,-1.3193783,0.7520114,-2.0227869,-2.2390628,-0.4857056,1.1078397,-0.42824215,-1.1711959,0.3652838,-0.5736633,1.5032005,-0.06555054,-1.9114671,-1.5318364,-0.18620531,-0.63993156,-1.3039458,0.2623312,0.47353306,0.51798743,0.010347736,1.3052646,-0.3765948,0.10237506,-1.6943485,0.4565992,0.5583864,-0.55296695,0.16003236,0.029971639
243,0.34022823,0.3923576,-1.2666242,-1.9651753,-2.8087497,-1.2609208,0.54992443,-0.3204613,-0.40337798,0.3126535,-0.8636617,-0.8588806,-0.3057256,0.1460597,0.68584204,-1.4791576,-1.4859395,-0.7846116,1.2764041,-0.5982777,-0.7576257,-0.075023614,1.8928101,-0.9967735,0.4675554,-0.3149759,-1.0548352,-0.64190096,0.46967945,-0.17466015,0.73804903,0.7558431
244,0.31712443,0.17374386,-0.66647226,-2.091074,-1.9341372,-0.35031554,0.93314976,-0.20816223,-1.008218,0.98354626,-0.97577846,-1.1420705,0.13908161,-0.39692488,-0.30407736,-0.2607608,-1.3442564,-0.93209666,2.1464164,-0.5262624,-0.10846418,0.22027752,2.3097813,-1.6426581,0.17100343,-0.062245987,-0.2344659,-0.9380553,1.2895627,-0.46736223,0.85463375,-0.16079707
245,1.0898215,2.075179,-1.8262644,-0.04726268,-0.39833185,1.8377595,-0.08150513,1.7334956,-2.4104161,-0.5537714,-0.052417018,-0.7125936,-0.7965818,0.20614149,-1.2788792,0.9800198,-0.39196625,-0.5040776,1.3366678,-0.9909405,0.6037695,0.022990638,-0.32688993,0.26017663,-0.70309746,0.602219,-0.08951796,-1.0693455,0.84811133,-0.14641841,0.15930372,-0.50323313
246,-0.22112451,-0.16994318,-0.11528187,1.373081,1.1400083,0.6768988,0.0038074062,-0.40792024,0.22106531,-1.3457605,-0.09489321,-1.4431577,-1.0570486,-0.4509826,-0.8766027,-1.1162843,0.08412858,1.4947033,0.7281729,1.0527998,-0.52570266,-0.053634215,0.17762321,-2.0183117,0.21616103,-1.6845359,-0.028711217,-1.8009924,-1.3917835,1.7562057,0.63902,-0.40197366
247,1.0801497,2.0631642,-1.8496197,0.008049962,-0.40778834,1.8720766,-0.0493013,1.6680754,-2.3791642,-0.6221583,-0.1711374,-0.6747352,-0.7975329,0.19572665,-1.3002414,0.9991466,-0.3202739,-0.40743226,1.3357861,-1.1149107,0.5980037,0.09343208,-0.32646734,0.20482484,-0.66674936,0.59440356,-0.09210452,-1.0367304,0.8445138,-0.13995937,0.23017243,-0.56119746
248,-0.20221141,-0.17499144,-0.12212146,1.3847562,1.1396189,0.67247945,0.002407132,-0.3916402,0.21274047,-1.3336083,-0.09680686,-1.4408549,-1.064756,-0.44271797,-0.88628936,-1.1190566,0.08557667,1.4932266,0.73351914,1.0509099,-0.5191894,-0.07445292,0.16058734,-2.0143929,0.20246382,-1.680881,-0.01788832,-1.8003459,-1.4061853,1.7516187,0.64760613,-0.40949628
249,-1.5985658,1.209185,-1.591856,0.37602267,-0.41389924,0.82442653,0.0013058735,0.7141107,-0.55401975,0.84562975,0.70376605,-0.54476786,0.5066031,-0.90834427,-0.37762675,0.69009537,-0.5121274,0.63856584,0.18014859,1.1455795,-0.45778045,0.026539395,3.101852,-1.7555019,-0.8510804,-0.8853594,-0.38379908,-0.1215674,0.19465512,-0.069140345,2.475783,-0.20473519
250,-2.1655827,0.074129485,-0.7791071,0.5282423,-0.41318583,1.501921,-0.1436505,0.7186745,0.13363719,-0.6926652,1.4637438,-1.4043849,1.2772195,-1.5328075,-0.6768865,-0.52134466,-0.748655,0.534141,-0.016250538,0.5869005,1.004758,0.6273602,0.48384362,-0.61106765,-1.0893893,-1.1326014,0.83806765,-1.9635324,0.9125207,1.3238424,0.8856825,-0.46843898
251,0.13226534,0.42863354,-0.17229211,0.2512172,-0.40988728,-0.6776752,-0.09135962,0.16236182,-0.266733,0.0009906039,0.6591757,0.100483395,2.853296,-1.3143773,-1.2248363,-0.9787563,-0.28345317,0.041447476,-1.6154139,-1.2469844,0.3957359,0.54064405,0.7125482,0.80869627,0.11398708,-0.20241112,1.0006515,-0.2868445,2.4965734,0.83859104,1.8147049,-0.032254755
252,-0.47644007,1.3185742,-0.9251215,0.31543073,-1.6077154,0.30023023,-0.3223776,2.086208,-0.8265213,0.4106842,0.9523538,-0.2309721,-0.12717897,0.012602462,-0.83059794,-0.81412554,-0.7272504,-0.40884015,-1.2255185,-0.87111163,0.7353181,0.41737708,-0.17695138,1.464146,-0.24388555,-0.6262112,1.2130153,-0.051691588,2.3107436,0.87173563,1.3962183,1.5582564
253,0.21028385,1.9574528,-1.4554507,0.1216771,0.14986181,1.5721968,-0.14293966,2.228224,-2.2508488,-0.5314038,-0.29070473,-0.46851584,-0.12115172,0.07259763,-1.5347145,0.6991689,-0.38773134,-0.41601396,0.9537283,0.42095482,1.0413244,-0.7889941,-1.1974362,0.52128214,0.123092055,1.1717812,0.5647315,-0.5871067,1.3756454,-0.83975285,0.590557,-0.44451627
254,-0.6014022,1.0728985,-1.3900102,-0.59623957,-1.3457738,1.9944862,0.4029867,-0.120581746,-0.72838694,-0.5278356,1.6856478,-0.049403235,2.0098581,-0.026067557,-0.5522617,-0.38023174,-0.9352751,0.8176535,1.456425,0.2908715,0.48661634,1.0910168,0.21890274,-1.5681971,-0.4259172,-0.7489853,0.06121984,-1.7384086,1.0469393,1.1700271,0.8415052,-0.46085468
255,-0.55305725,1.0832762,-1.397367,-0.56756115,-1.3217081,1.9368135,0.41124606,-0.11113935,-0.6833834,-0.49226275,1.7179818,-0.12842534,1.869013,-0.037221655,-0.53063107,-0.35515574,-0.9546842,0.8314502,1.5305575,0.28719854,0.40821418,1.1424028,0.3081197,-1.6586872,-0.38394192,-0.6619548,0.06249078,-1.8484975,0.96879685,1.1748868,0.92863387,-0.4435886
256,-0.74996436,0.15832694,-0.7054004,0.7943526,1.2546144,0.62030137,0.7027862,1.6015158,-0.5084853,-1.3637784,-0.45962754,-1.4749619,-0.72911096,0.5028829,-0.4805393,-0.50470257,-1.2679688,0.49386367,-1.3587375,0.03184782,-0.81026477,0.13345145,-0.27162856,1.507784,0.7031374,1.4581912,1.5522773,0.27781942,1.5012974,1.0866221,1.9620714,-0.9382542
257,-0.09885933,-0.2651021,-0.5443052,-0.22604753,0.050940394,-0.6505157,1.0470439,0.30401248,-0.8059892,-0.23915108,-1.261696,-1.7148136,1.8112203,0.9580297,-1.383066,0.1656671,0.004388535,1.4498366,-2.174028,0.62488884,0.04020222,0.1524602,-0.47384718,1.4211866,1.0695413,1.4501917,0.11405415,0.9703188,1.1928625,0.17944476,1.5629827,-1.4336134
258,-0.5671042,-1.5843463,-0.7643211,-0.21576475,-0.9237813,-1.8360577,-0.083499186,0.013462678,-0.6055229,-2.3538082,0.28624478,-2.3067708,-1.9293209,0.35818595,0.024117613,0.29856977,-0.7916845,1.2397671,-1.3945639,0.45358562,-0.023034323,-0.11602581,0.0012061751,0.5913176,-0.63608253,0.32284412,1.0114522,1.5448085,-0.8274641,0.92282194,-0.43437237,-0.82049453
259,-0.3493744,-1.7719669,-0.9955933,2.4350235,-0.4736403,-1.2968456,1.2004243,-0.3415391,0.57329965,-2.2150779,0.03519657,0.18011566,0.27034664,-0.41670108,-1.3022077,-1.3430446,0.5896091,0.78744847,-0.3506052,0.42964274,-1.4342667,1.7327747,0.12820959,-0.80883765,0.048279267,-0.6180133,-1.1073028,-0.71986634,-0.45792282,-0.16899733,0.6606458,-0.78795314
260,-0.30280373,-1.7150767,-1.0221887,2.3921688,-0.51951087,-1.3914444,1.1416718,-0.2355765,0.43826848,-2.2297666,0.030610202,0.14616302,0.2343502,-0.41326818,-1.4690233,-1.4139622,0.6315344,0.84282434,-0.38160256,0.5931729,-1.4054734,1.6169254,0.17710038,-0.7033957,0.07126567,-0.4982102,-1.1575433,-0.69759935,-0.5521705,-0.20814057,0.61652267,-0.7271854
261,-1.1380794,0.3643537,-1.4206058,1.5948704,-0.8427452,-1.6833621,0.209936,-0.8603295,-0.3578128,-1.7670817,-0.008025447,0.25934094,0.7239189,0.74618024,-1.0839801,-0.46833616,1.3172997,1.2841618,-0.42821622,1.3112254,-1.2893037,0.9312641,-0.06622525,0.27441737,0.00032712016,0.19465217,-2.1011496,-0.16968256,-0.2625004,-0.8251872,0.41220555,-1.8709841
262,1.7860613,-0.34219587,-1.1973912,0.071064554,-0.36033818,0.025057115,-0.28619826,2.6573622,-0.78058994,0.2908664,-0.8091214,0.35288975,1.0258871,-1.6827133,-0.38056496,-0.49423558,-0.25325477,-1.0481397,-0.16520317,0.091496006,2.0998554,0.8429702,-0.7162797,-0.22220755,-0.73500717,1.7025031,-1.4024065,-0.4825843,0.07442578,-1.2279712,-0.42365426,0.2325109
263,1.7108824,-0.35062593,-1.1914258,-0.016012756,-0.44930974,0.07111105,-0.23557636,2.579621,-0.6130754,0.49353695,-0.8536275,0.45894486,1.1485039,-1.8083888,-0.31853798,-0.6751151,-0.29037237,-1.115094,-0.15368637,0.025748998,2.199025,0.8183439,-0.66305083,-0.26578796,-0.743656,1.5599688,-1.3876585,-0.51800346,0.113103196,-1.1430466,-0.38482177,0.1942577
264,-0.3912137,-0.87556905,-0.5776952,1.6243373,-0.27901798,-1.1520151,1.6143231,0.47443762,-0.020467216,-0.26193953,0.31357026,-0.5281679,0.15168235,-0.6746012,-0.7223639,0.30991694,-1.0989887,0.5982863,0.51991665,-0.08763408,-1.4471098,0.7990831,2.6103535,-1.2834078,0.881887,-1.1111802,-0.9734174,-0.8945812,-1.2060626,2.0242498,-0.17832133,0.27949202
265,0.1749455,0.10638134,0.67624396,-1.4383074,-1.5812962,-1.621407,1.1317847,0.18993184,-0.28477708,1.17345,-1.3314819,-2.100934,0.72492987,-0.87866825,-0.696625,-0.9870628,-0.90630424,-0.99207604,0.78840315,0.05832466,0.66414297,-0.4348127,1.318243,1.1097381,2.1353996,-0.75776607,-0.14579903,0.47222638,0.34128216,-0.091327935,0.39083654,1.3829492
266,0.8936197,-0.2406571,-2.4631124,1.919796,-0.5573474,0.43411812,0.6532534,1.8979042,0.5704836,1.4905975,1.2000836,1.188306,-0.21316297,-1.2983316,0.34851867,-0.26543728,-0.48735055,0.31698272,-0.5671278,0.029158697,0.56064695,1.1291922,1.6790519,-1.436673,-0.6371694,0.33594665,-0.63605565,-0.38544282,-0.91858274,0.8206049,-0.2108795,-1.0515006
267,0.7733954,-0.38698012,-3.460594,2.1918335,-1.1610876,-0.91394997,0.85455966,1.3278775,0.72040206,1.4469364,0.80031544,-0.1294414,-0.59726447,-0.038310103,0.44487885,0.82788014,0.37585196,-0.39325064,-0.29131103,-0.43837994,-0.51093274,0.7027884,0.06092802,-1.1966226,-0.5216684,-0.13113911,-0.6144048,0.51653814,-0.27091256,-0.49447513,-0.3677772,-1.7661641
268,1.5190747,-0.6708694,-1.0366068,1.9726088,0.7638836,-1.0772777,1.4645501,0.60368955,2.2458785,-0.1818998,0.07518869,-0.20244525,0.22286993,-0.47389016,-0.43046498,0.22916171,-0.32056335,0.23639718,-0.0687693,-1.036411,-0.24131425,2.393657,0.41792902,-1.2839873,0.6473939,-0.9724831,1.1809651,-0.9558506,0.020885265,-0.41213882,0.85667837,0.34800738
269,0.092235826,-1.2660184,-1.1730446,0.8188519,-0.21451417,-2.0852492,-0.97333336,-0.17715086,0.85939676,-1.8507166,0.23014244,0.043306984,0.40258312,-0.65040845,0.26264334,0.948238,-0.11788274,0.40964344,-0.7409803,-0.0027507604,0.2415562,0.582277,-1.4402933,-1.2456725,-0.7970284,-2.3263912,0.4963378,-1.7584093,0.1699553,0.057112828,0.63089705,2.0110579
270,-0.21217233,-1.275412,-2.3284392,0.54091084,-0.39643502,-1.9747881,0.34076238,0.21654135,0.07787823,-2.425403,-0.84625304,-0.6738886,0.072265424,1.174606,-0.22870576,0.23995455,-0.3749233,0.58210355,-1.3342499,1.948758,-0.72473085,0.24681526,-0.44710818,0.018475356,-0.7353133,-1.2678444,-0.7241541,0.1936404,-0.3306797,-1.1116744,-0.08914585,1.0557033
271,1.4273593,0.1048573,-3.215009,1.1228961,-0.39179772,-0.44734836,-0.23142393,2.0137472,-0.20760716,1.2641587,0.9178165,0.7663741,-0.19393633,-0.5161929,0.01626974,0.93969434,-0.037190497,-0.5668088,0.7189158,-0.2910878,0.5329159,0.17945686,0.07848952,-1.533527,-0.40595093,0.8820286,-0.723225,-0.23945957,0.37088522,-0.7444756,-1.6957756,-1.7062438
272,-1.6372087,0.24613914,-1.7026274,-0.64678335,0.74110556,-1.2253774,-0.40982354,0.6547572,0.0827495,-0.11506646,0.65978706,0.53229994,-0.8015044,-0.104455456,-0.33382848,0.22103189,0.9764032,-0.46278048,0.46193254,0.75760347,1.8742816,2.0351284,1.1570307,-0.29495198,-1.103482,-0.2740363,-1.4112049,-0.68013847,-1.7392875,-0.21540284,1.8799745,-0.97659755
273,-1.774772,1.0347043,-0.4025796,-0.8236886,-0.3479823,-1.0889891,1.1716127,-1.0570413,-0.4346978,-1.1146677,-0.52974,-1.3932341,0.458642,1.5715994,-0.65914464,0.11061511,0.27505666,0.35095593,-0.54979026,2.4280531,0.35202375,1.8487058,-0.12168545,1.1006209,0.0904744,0.02243758,-0.9337606,0.18002902,0.5729361,-0.94093835,0.6518023,-1.0834436
274,-1.7369481,0.083720036,-0.30151945,-0.05976209,0.6778759,-0.82994574,-0.87078565,0.9120917,0.3000522,-1.1411593,1.1714884,-0.2939059,-1.3949515,-0.2600024,-0.29350525,0.4132599,1.1481967,0.043368142,0.7393071,1.0956028,1.1377783,1.3376975,1.2007241,0.9830499,-0.593868,-0.74853396,-1.906631,-0.7859161,-1.1142266,0.20658855,2.037799,-1.5525771
275,0.77117467,0.1961651,-2.0557332,0.38235554,-0.04137037,0.23617129,-0.65043837,2.704433,-1.5048032,0.40046656,0.036451694,0.53227806,-1.2964993,-1.0312505,-0.19018553,0.8559373,0.16904414,-0.7988144,-0.036513034,-0.47966495,1.4809539,0.6495899,-1.4408888,-0.6209711,-1.0435016,1.260608,-1.6562313,-0.6106351,0.22681576,-0.99423546,-0.47587174,0.29736617
276,0.8986446,0.13780168,-1.9937122,0.33445448,-0.1391514,0.16160785,-0.6282912,2.807399,-1.3714639,0.6029541,-0.01105656,0.6495369,-1.4085996,-0.9372332,-0.19824474,0.6186598,0.04959996,-0.95551264,-0.03239423,-0.60892785,1.601997,0.5519086,-1.3853327,-0.5153025,-1.0818902,1.2403777,-1.5793831,-0.6677022,0.2566859,-0.9054361,-0.32311743,0.44235834
277,2.0536847,0.61396724,-2.1433523,0.92036307,-1.2370287,-0.5522724,0.27683163,1.7861215,0.032797538,0.55142397,-0.66800433,-0.44849062,1.0456529,-1.0546546,0.0892293,0.79016393,-0.098620206,-0.49491808,-0.30585662,0.25535166,1.3411688,1.1279714,-1.996676,-0.78807515,-0.18731911,0.5088443,-0.11086935,-1.0290016,1.2972426,-1.5350502,0.2007827,0.32853052
278,1.4624355,0.689979,-1.2567574,0.035647884,0.9276645,0.32946265,-0.1880644,1.5540857,-1.464617,-0.92669195,-0.83154285,-0.7147209,-1.0802305,-0.3895138,0.14165413,1.5046186,0.4067527,-0.60713786,0.2724318,-0.6166618,1.2045463,0.4578386,-2.1336653,-0.35022354,-0.13679223,0.7665969,-0.10527059,-1.0862529,1.251036,-1.4532198,0.22510244,2.0094063
279,0.8152591,-2.2728472,-0.92845535,1.0832886,0.58365846,-0.40526494,0.49058422,0.108181655,0.7704221,-1.5925606,1.312589,-0.6293234,0.05283518,0.33496,0.6931643,-0.552103,-0.6197201,0.54377705,0.7276156,0.886614,-0.8332679,0.44658667,-1.1183419,0.24102017,1.221185,-0.15773508,1.8208588,-1.5158219,1.444014,-0.77832407,1.7931144,0.2417497
280,0.44956186,-1.2439005,-1.6839372,-0.2124507,-1.1412876,-0.72430384,0.7427542,1.1920972,0.07916252,-2.0618458,-0.03453727,-1.162645,-0.76933825,1.7348028,0.55607444,0.15717791,-0.1878519,-0.47810692,0.5981377,0.9233766,0.9603433,-0.6004782,-0.87263674,0.13808006,1.114772,-1.544481,0.49076524,0.5356967,0.22812448,-0.74523836,2.0329268,1.5785614
281,1.3128173,-0.029661711,-1.7001647,-0.10303806,0.9714896,0.17375489,-0.11461505,0.9197393,-1.1172242,-1.0084679,-0.9483187,-0.8481873,-0.5687836,-0.32996112,-0.12686081,1.2514702,-0.08979266,-0.38013595,0.19303186,-0.17497438,1.2245625,-0.3472258,-2.3791785,-0.34676543,-0.8710049,0.34705424,-0.1213137,-1.9181263,1.0967013,-1.1311842,0.23662102,2.4527202
282,0.10076772,0.76508737,-0.7087942,0.28421903,-0.80360407,-0.10045175,0.19420883,-0.100633085,0.5297507,-0.18287458,-0.19823213,-0.19600224,2.075834,-1.2259873,0.42357332,0.27244118,0.7201873,0.7033355,-0.37088034,1.4032322,0.7544448,2.6348662,-0.591355,-0.49973604,-0.76703894,-1.0535315,0.03943028,-1.6581318,2.1184413,-0.9719093,0.5165449,0.9416767
283,-0.105723776,-0.59151345,-0.9057471,-0.7824287,-1.2751,-1.3802568,1.2339666,0.8377307,0.1831117,-0.016940704,0.45072463,-0.9685939,-0.61649096,0.6900059,0.15047035,-0.65989536,0.4892619,-0.94637305,0.1450191,0.015585097,2.4896066,-0.6174881,-1.1110384,0.013215936,0.91631335,-1.6178683,-0.09929664,-0.46469617,0.2727964,0.2304976,1.9326923,2.8077683
284,1.3696501,-1.8209573,-0.45273057,1.6457132,0.48258895,-0.55250025,1.9941473,-0.1362467,0.7588668,-1.8034079,1.3298851,0.29997063,-0.09921134,0.09037911,0.022306638,0.014567529,0.07475769,0.27668142,0.27787772,0.042772476,-0.46185058,0.71761835,0.3873254,-1.8525352,0.70579034,-1.2417321,0.34715348,-1.9375465,-0.4168068,0.07851422,1.9243342,-0.26291105
285,0.5090082,-1.4724114,-0.59902287,0.4754322,-0.541766,1.4121836,0.6021709,-0.97175413,0.051683,-1.110957,2.1952393,0.35061678,1.3431965,-0.8451202,-0.65241176,-0.6830348,0.78629977,0.30860707,0.7742086,0.62964064,-0.207034,1.6088341,0.66074514,-1.6878364,0.36484972,-1.0196009,0.4100999,-1.2571342,0.4943557,0.4084474,2.1873002,0.94147354
286,0.5624922,-1.4037018,-0.5087148,0.29925048,-0.42171648,1.5374622,0.62650186,-0.9424828,-0.15158038,-1.1908643,2.0245519,0.5573739,1.4435375,-1.06326,-0.7981385,-0.73504215,0.8659133,0.3793792,0.5260578,0.49400052,-0.07915054,1.5764964,0.32059708,-1.4895486,0.23750296,-0.9806675,0.5871721,-1.3199413,0.897355,0.326472,2.2401764,0.8532596
287,0.59905356,-1.332893,-0.44160664,0.1354461,-0.33264956,1.6305082,0.6897003,-0.9164962,-0.33849072,-1.2034805,1.7824436,0.7539719,1.4784716,-1.2474093,-0.882015,-0.7466112,0.9158724,0.47304446,0.30002558,0.3058317,0.056692027,1.4478781,-0.0068383203,-1.2657197,0.107315086,-0.96870345,0.747908,-1.3770939,1.3120468,0.28275675,2.2374308,0.7018931
288,0.0168082,-1.3758548,-0.17735991,0.6468618,0.019351646,-0.55994666,0.5139267,-0.3403956,0.66589427,-2.0947232,1.7485709,-0.40148783,-1.0729374,0.16207014,0.9444827,-0.5893194,0.046736594,0.2958599,0.78572845,0.53134865,-0.31318226,0.31528696,-1.1465559,-1.6914314,0.5451518,-2.0036974,1.2802708,-2.2161968,-0.413138,0.21528853,1.568508,0.45110205
289,-0.982819,0.026866173,-0.27077475,-0.1359672,0.67928964,-0.02056094,-1.0927267,0.69920427,0.1419542,-1.2431505,1.5951444,-0.39553404,-1.3052183,-0.3851113,0.06518301,0.02236557,1.1660589,-0.8984091,0.74830544,1.0096081,1.7785559,1.1234134,1.2925354,-0.570574,0.1428031,-0.9895974,-1.734324,-0.43076992,-1.1251235,0.07099252,2.7958078,-0.40937805
290,-0.8752317,-0.0046459944,-0.24282663,-0.023871306,0.71528244,0.17534357,-0.9976178,0.726744,0.07790265,-1.4449059,1.6711912,-0.3778738,-1.2835633,-0.44926417,-0.053382587,0.014140811,1.168802,-0.8593544,0.6875014,0.95831746,1.7946414,1.1749412,1.1312878,-0.59791124,0.14066271,-1.0334637,-1.593203,-0.60434324,-1.0727992,0.15221108,2.8638027,-0.3886306
291,-1.7188891,0.121994615,-0.78632873,-0.29049534,0.64230406,-1.1667225,0.92289346,0.13278054,-0.08793424,-1.8341134,0.9713329,-0.81399614,-0.7397625,-0.23042342,0.20084138,0.27087972,1.4508821,0.4986987,-0.1406917,1.5646034,1.3070414,0.81124747,0.1745603,-1.2351228,0.26436058,-2.0212185,-1.0137013,-1.240054,-0.82146764,0.6778464,1.0158578,1.6308721
292,-0.56851596,-1.0423725,-0.87376237,0.902184,-0.2918663,1.2572764,1.1985723,-0.5573702,-0.4063521,-1.1344094,1.2232442,-0.2993804,0.26092944,-0.40649194,-0.74695754,-0.9271208,0.62459147,0.089202695,0.5590542,0.43321234,1.2807631,1.8233734,-1.0407712,-1.9273044,0.14655681,-0.97456276,-1.5082211,-1.649221,-0.89204794,0.75441587,1.7319454,0.4821493
293,0.276907,-0.23230726,-1.8122597,0.10187933,-1.3475035,-2.6609304,-0.88553005,0.31334996,-0.6499539,-0.7465905,0.20401585,-0.03641456,1.112955,-0.24878679,-0.87271714,-0.25071648,1.6419245,-0.6317454,-1.0045979,1.3012941,0.28403267,0.7136037,-1.7905117,0.28034943,-0.97989196,-0.073057346,-1.4753461,-0.64341146,0.95847934,-1.2818677,-0.4395595,-0.46443307
294,-0.22492942,-1.1585042,-1.1505004,0.015430947,1.0045321,0.3569344,1.545844,-0.5002947,-1.0477117,0.6255312,-0.30244714,-0.7726951,-0.7349518,0.4085743,-0.55996937,2.0737996,-0.64236426,-0.6584639,1.7391582,-1.1717451,0.9713485,0.6814062,-0.4627324,0.5689423,0.56905055,0.27008495,-0.7825982,1.4690394,2.187037,-0.50993556,-0.86524683,-0.3676499
295,-0.04601743,-1.0839988,-1.4613774,-0.06269848,0.76524585,0.32224363,1.3368258,0.2566506,-1.339796,0.54123753,-0.42194766,-0.7580843,-1.1005775,0.39557505,-0.5182883,2.4297261,-0.68430567,-1.0254322,1.5046947,-0.9962016,0.80743587,0.7545625,-0.525441,0.33691922,0.49303934,0.62791514,-0.65202975,1.1711727,1.9001867,-0.7914299,-1.0142074,-0.20844325
296,0.7300285,-0.62334013,-0.097477466,-0.42446595,1.1232817,-0.65192795,-0.9824061,1.5033882,-2.6276608,0.69173986,-1.5196048,-0.34854555,-1.1993197,-0.00062835775,-0.21038859,0.32303235,0.89938873,0.13851254,1.5982581,0.8652072,0.8646081,-2.0512524,0.28394067,-0.7928525,-0.2759895,0.79184663,0.60781425,-1.134729,0.8534078,0.057257984,-0.6493671,-0.35478574
297,0.17666785,0.12599684,1.5692945,-0.59834653,1.2701303,0.2987298,1.4451501,-0.5272217,-1.3625616,1.2176247,0.19970755,-0.30550432,1.2899258,-1.8995037,-0.5067294,-1.3466316,1.0315633,-0.10671731,0.29313773,-0.018142626,0.81333697,0.05566659,0.44838554,-1.0862921,-2.096418,-0.534921,0.89891726,-0.86141205,1.3264418,1.0044923,0.6570611,-0.41916427
298,0.07238752,0.050608847,1.594238,-0.62145036,1.2969381,0.31472483,1.4379115,-0.6328179,-1.2547995,1.1546468,0.23086087,-0.28710872,1.4286427,-1.8660952,-0.52213347,-1.4037687,1.01928,-0.025329087,0.33701858,-0.053448856,0.74866486,0.017313607,0.4629188,-1.0507917,-2.0875244,-0.5579879,0.83599603,-0.8284359,1.3962947,0.9936135,0.5880174,-0.4486243
299,-0.16649184,-0.7931601,-1.1018502,-0.36322275,-0.7703526,-2.3530397,0.76979846,0.15076342,-2.5049675,-0.2902835,0.4123085,-1.3005505,-1.5635904,1.2036781,-0.7335334,0.31210378,-0.41899198,-0.9391657,1.3406627,-0.07850605,0.25995013,-1.6026226,0.2486367,-0.093902014,1.4867572,0.34971452,0.79224414,0.5253105,0.6221415,-0.5748619,-0.614058,-0.3762162
300,-1.0873605,-0.75681067,0.53927374,-1.2225337,-1.0623343,-1.5266904,0.88236225,-1.3834263,-1.6878971,0.9916157,-0.55552566,-0.11299795,-0.099685475,0.0712372,0.5271285,-1.225344,0.96382266,-0.33020437,0.96750855,-0.57602453,1.4315815,-1.7382455,0.926727,-0.52243817,0.7370958,-1.7754006,1.1137791,0.24507573,1.3892162,-0.33578837,-0.19636613,-0.5682858
301,-0.6149568,-0.23347847,0.7146444,-2.3691974,0.85229707,-1.3621825,-0.58218473,0.7737531,-0.9148721,1.3481197,-0.922335,-1.3288194,0.12487088,-0.8190997,0.060537893,-1.9163575,0.51291156,-0.71939874,0.27948886,0.6950731,1.4807225,-1.7753855,0.26764178,-1.6805749,0.60121155,-0.5848824,1.0415441,0.063083984,0.6361182,0.021143064,-0.81713593,-0.031143807
302,-0.75041914,-1.5496106,-0.63961333,-0.80776554,1.6920884,-0.4758098,1.2556242,-0.5106419,0.04092851,0.33871266,0.3120857,0.2742004,-0.86015517,-0.74769306,-0.22948588,2.311239,-0.5512698,-0.81634617,1.1759996,-0.5562289,0.0030070755,0.8795306,-1.2023433,0.42143962,0.19565961,-1.7039378,-0.5543196,1.5107734,1.6428142,-0.014511061,-1.4073279,-0.16006486
303,-0.10567958,-1.1409825,1.0990466,-0.92453015,1.0433288,-0.84449834,-1.5773835,2.629854,-1.492626,0.7910976,-0.13650905,-0.8211254,0.06751492,0.047190238,0.24637547,-1.1559652,0.69652873,0.38160023,0.085834034,0.48329046,0.37857315,-1.9618078,0.111762576,-1.3492603,-0.022388391,-0.9089094,1.0885557,0.6285333,0.9527824,0.20500399,-1.3471781,-0.48125446
304,0.5423046,-0.26639637,0.98684365,-0.54667735,1.6228606,0.66073143,-1.1925231,2.7681074,-1.3635772,-0.18575053,-0.42747584,-0.012005875,0.5499814,-0.7738685,0.061516706,-1.736231,0.09901363,0.3133113,0.6141788,1.3839985,0.6431205,-1.9822047,-0.22839624,-0.74624944,-1.3179877,0.2874512,0.73354274,-0.53138685,0.5002298,0.2915257,0.07397506,-0.328419
305,0.490191,-0.23478824,0.9944139,-0.5600235,1.6579937,0.7353696,-1.1628659,2.7768886,-1.3192933,-0.20568424,-0.41886726,0.014509844,0.61330193,-0.77862567,0.10604783,-1.7374184,0.08390324,0.34852335,0.65010554,1.3659937,0.70337856,-1.9705795,-0.20855464,-0.7389746,-1.281828,0.2978167,0.6929434,-0.5607895,0.5175312,0.32359707,0.081162296,-0.30124104
306,-0.12337942,0.14924651,0.0640567,-0.36202735,0.9810834,0.1826203,-0.7096301,0.8899809,0.21675839,1.6177568,2.086532,0.37393823,3.6883695,-0.581919,0.61308527,-1.0263798,0.52195334,-0.34071553,-0.006364903,0.07266326,0.84155244,0.36812577,-0.028743051,-1.3516307,0.800511,-0.24320778,0.5088105,-0.04193348,1.779348,0.519218,-0.3907265,-0.009808897
307,-0.4716316,-0.90321946,1.8282369,0.11278203,1.3361088,-0.17355828,1.4357659,-0.9054056,0.10926604,0.5390193,0.29030034,0.31873876,0.5938305,-0.69428223,1.1623142,1.2379642,-1.0327569,0.41283277,0.9123933,-1.8606496,1.9857274,1.4789447,-1.6080716,0.5946559,-0.33273053,-0.15663595,-0.73597777,0.9228256,0.45698595,0.8563906,-1.0571324,-1.0365831
308,-0.4543246,-1.0441475,-0.85468143,0.92398334,-0.31074226,1.4802163,1.4114798,-0.6383219,-0.5733475,-1.1438628,1.1007828,-0.20050617,0.3102968,-0.5223107,-0.746042,-0.9178659,0.6560742,0.10005457,0.46502364,0.28371096,1.2893127,1.6982706,-1.3199725,-1.9059677,0.0428478,-0.96399724,-1.3587403,-1.7128512,-0.6461742,0.71835166,1.6751555,0.46832266
309,0.7319394,0.7225172,-0.30973127,0.07806366,-0.011767526,-0.270403,1.505175,1.2550154,-2.2518258,0.054130174,-0.9625787,-0.40859452,-0.8502884,0.16947183,0.1542641,0.40241718,1.7011164,-0.05993715,0.3508515,-0.40031224,1.4353006,0.04550577,-2.131589,-0.7090686,1.3112124,0.652949,-1.5283908,-0.93601084,0.08054622,-1.1395375,0.6710547,1.5732907
310,1.306162,-0.15352088,2.2723548,-0.057822846,1.0095239,0.2785974,-0.4899225,2.317849,-1.842896,0.08725445,-0.6711598,-0.5907047,-0.6313904,-0.40900552,-0.27667347,-1.0654453,0.6578991,1.2780788,0.12189398,-0.3508058,1.4710172,-0.6209299,-1.5796758,-0.80766934,-1.8605604,-0.8100679,0.34826413,0.01511773,0.5263274,0.42885602,0.018505074,0.31265843
311,0.19720311,-1.2867912,1.4126616,0.92187476,1.0290463,0.16405001,0.77173305,0.6719968,-1.8855457,2.150531,-0.8771296,0.2237033,-0.13876578,0.4117069,0.02096784,-0.4745567,1.547078,1.3753114,-0.97230554,-2.1550274,1.124891,-0.4376723,-0.28068075,0.62286663,-0.49314964,-1.458233,-0.33105618,-0.06263373,0.17558193,0.45314217,-0.7628303,0.6654358
312,1.3034849,0.23850974,1.1480024,-0.40081352,1.3582902,-1.01115,-1.1416081,2.814928,-0.6937637,1.1937357,-0.39074126,-0.6280783,-1.2275374,-0.8413915,0.5078765,-0.14962715,-0.37831035,0.936828,-0.012510096,0.04138664,0.9360349,-0.54927754,-2.3007061,-0.1835512,-1.7627766,-0.17626137,-0.50752187,0.8425067,-0.1047025,-0.9154522,-0.10471469,-0.23885354
313,1.3217841,0.22692673,0.6580702,-0.34022295,0.9032153,-0.8806422,-1.1636994,3.0406916,-0.7623618,1.2466313,-0.251205,-0.5024666,-1.4722831,-0.68314344,0.7266338,-0.12847638,-0.24296273,0.679982,0.123181276,-0.17392382,1.4135151,-0.29754588,-2.082822,-0.75327116,-2.0707731,0.21098506,-0.20397633,0.06748843,-0.3755936,-0.61167794,0.3810017,-0.06521692
314,1.1287545,-0.6156505,1.3512388,0.2876137,0.64857334,-1.1219565,-0.18282562,1.3810151,-1.0812386,1.7923212,-1.0006237,-1.667306,-1.2364181,2.086771,-0.71328986,-0.7830057,0.057650875,1.1851813,-1.454932,-0.6165139,-0.11082811,-0.41909906,-0.54262316,0.7213395,0.60644007,0.9105385,-0.31039837,0.5568165,-0.87398946,-1.3369362,0.23398146,-0.09384771
315,0.256153,-1.9280478,-0.026008133,0.6343781,-0.71189535,0.46477622,1.036398,0.5510569,0.1548034,-0.11609383,1.77769,-0.79131997,-0.13170147,-0.21478702,-0.12822782,-1.4826623,0.42649442,-0.38945684,-0.65303636,0.8249955,-1.3831929,-1.2260098,0.81677747,-0.8453487,0.41887194,-0.62323505,2.5757432,-0.54823077,-0.07948279,0.11512814,1.7364678,1.6500192
316,0.16447078,-1.1081128,0.4458733,-0.036456376,-0.1355108,0.7332009,1.0349697,0.023257593,-0.80966294,-1.3772814,1.8039681,-0.70910865,-1.2958096,1.7135215,-0.087039255,-1.2949401,0.20701502,-1.4602308,0.4191186,0.16329359,-0.6454146,-1.4287702,-0.15682806,-1.4183404,0.8008047,-0.77184135,-0.55332816,-0.33496708,-1.2304322,-1.6718513,0.95307463,1.133526
317,-1.3636633,0.5384687,1.1185952,-0.7167394,0.1114044,-0.010136595,1.2395216,-0.35143068,-0.87093335,-0.18112962,1.1689631,-1.1464475,-0.24448621,1.7787491,-0.64025456,-1.5068213,0.92889583,-0.1325367,-0.49894634,0.9131267,-0.25678986,0.13811141,0.17497167,-1.0409222,0.21394871,-0.34617007,-1.8289288,-0.29798988,-1.5216845,-1.2373507,0.8080599,2.0264957
318,0.06260694,0.88495165,2.662462,-0.91420645,1.0664421,-0.0074780025,1.2637739,0.3951753,-1.0703872,1.196298,0.47335225,-0.7244942,-0.46524975,0.5816515,0.6582137,-1.6005678,0.628893,0.21032959,-1.2120513,-0.706807,1.0761576,0.32334748,0.38823012,0.367242,0.38143584,-0.51589483,-1.1859722,0.6193454,-1.3459177,-1.168485,-0.51137596,1.9663746
319,1.4696445,0.55551946,1.9741513,0.90281504,1.276951,-1.3512884,-0.5811853,1.1115291,0.14205176,2.0504627,0.21131723,-1.1866336,-1.3968724,0.60351634,0.42779997,-0.14614199,0.015012131,1.4330428,-0.87665504,-0.9336979,0.61112076,0.5533314,0.7528634,-0.38169727,0.7445419,-2.1315384,-0.64951247,0.063205875,-0.7642206,-0.3340916,-0.28798848,1.1584291
320,-0.9717294,-0.4356808,-0.2285289,-1.5224943,-0.19730693,-1.8104516,-0.045168106,0.8687665,-1.3284028,0.94962466,-0.42099357,-2.2091377,-1.4203715,0.6056303,-0.016562697,-0.40752658,-0.37304622,-1.6655439,0.7052771,0.19749202,0.26512808,-0.9146526,-0.51564807,-1.0640349,1.3483572,-1.4519724,1.4115669,0.78840595,1.2758608,0.24539398,-0.59847933,0.7298797
321,-0.110534914,-2.046133,0.4736679,-0.67081237,-0.14050175,0.13321316,0.24842383,1.4150395,-0.27167484,-1.474468,-0.33621225,-1.4385487,-1.4723886,-0.67172647,-0.018189639,-0.5606073,-0.027627317,1.0643622,-2.3360083,0.1526371,0.810442,-0.6351286,-0.25693473,0.91398996,-1.652254,0.130432,2.1206179,1.0843685,0.2667793,1.0274202,0.15634076,-0.16753665
322,0.9101767,0.42547026,1.023008,0.5105044,1.1420487,0.9921255,1.5943683,1.8875468,-1.8124255,0.0076367753,-0.46142516,-0.3695873,-1.1049683,-0.1101959,0.7628766,-0.33963668,0.6080791,-0.69738203,-0.47319952,-0.6924303,2.1037903,0.22958794,-1.7063118,-0.14611787,1.0758793,0.6284515,-0.47974578,-0.23005483,-0.4494502,-0.8103255,0.30310622,2.2305002
323,1.0999005,0.7344983,0.97571325,1.0514045,0.61806726,-0.7820941,0.18549667,1.1975365,-1.7999141,1.213665,-0.89559656,-1.5332404,-1.6918014,1.2817487,-0.036926296,0.08077878,0.31597802,-0.10157634,-1.1478169,-2.1501155,0.63131046,-0.2482014,-1.1226151,0.5448535,0.67314285,-0.08272689,-0.75469095,0.6140391,-0.30598974,-1.0721812,-0.6693416,1.0133666
324,0.011405714,-0.46731344,1.9244674,0.35686028,1.493181,-0.6511411,-0.055873647,0.55933535,1.2136849,1.3619946,1.1413467,-1.4423996,0.44641894,2.4956663,0.041500468,-0.94448113,-1.8361986,0.4854833,-1.1606245,-1.5295749,0.50429994,0.77299786,0.53772676,-0.21352571,0.12712589,-0.2640948,-0.02027939,-0.25443166,-0.98801297,-0.26185915,0.15446019,0.59482574
325,0.30528647,0.15226206,1.0813686,1.0361178,1.7449476,-0.6189956,-1.1427567,2.9332924,0.3019676,1.1055374,1.7813956,-0.5234774,1.335459,0.70178264,0.5146921,-0.62619054,-0.34477806,0.19592184,-0.27818286,-0.68423766,-0.88465244,-0.2581126,0.91801393,-1.3507093,1.3785135,-0.18633145,0.9400568,0.3213198,-0.37068352,0.17800671,-0.70390165,1.0121065
326,-1.1619847,-0.5377209,-1.0223074,0.59243923,0.14420712,-1.4594234,-0.6215872,1.4469275,-0.03426606,0.45361006,1.0897725,-0.122124985,0.2885614,0.31245673,0.18113598,0.8889968,1.2116306,-0.57455826,-0.19590071,-1.1994709,-1.7184128,0.9112879,0.39347017,-1.442606,0.7330512,-2.2596023,0.7103582,1.657457,1.0899352,0.09702667,-0.82360244,1.4428383
327,-0.7999389,-0.15084113,0.6947058,-1.0773023,0.22408043,-0.09003801,-0.8888449,-0.039049637,-1.0714566,1.1886677,0.31763506,0.94404775,2.8687763,-0.8170325,0.46904814,-1.0786445,1.6943464,0.25088295,0.078343526,0.32279724,0.24749926,-0.43831697,-0.23211882,-1.3407519,-0.31380174,-0.96940935,0.62787193,-0.100350894,2.6867836,0.18825911,0.40204513,-0.75233275
328,-0.9079015,0.4112556,0.7220721,-0.8856916,0.3073161,-0.21757588,0.7885949,-0.4344241,-0.67722726,1.5452319,-0.76197064,0.09920303,0.54031235,-0.9673706,1.3878329,-0.4904973,1.3007019,-0.5319733,-0.94676834,-2.3522983,1.4351844,0.6458137,-1.0369452,-0.52984965,1.312323,-1.474456,0.030765293,0.61379665,1.1965215,0.0551473,-1.094849,1.4933621
329,-1.0954236,-1.2129385,0.08773825,-0.020750279,0.03304213,-0.19058193,1.9728773,-0.63248205,-1.1657925,0.2636491,-0.2510378,1.357174,1.2457329,0.6906467,0.43319353,-0.56173086,1.2985677,0.41285154,0.14179221,-1.4091413,2.3344507,-0.5932022,-2.527352,0.102897204,0.018143477,-1.1711398,-1.1544847,-0.8029173,0.7951286,0.15645479,0.40693268,0.25827074
330,0.11513791,-0.38760874,-0.55504686,-1.6564581,-1.3151296,-0.87365985,0.4920442,0.4479219,-0.7094999,-0.051097013,-0.7628981,-2.3907776,-1.0801424,1.1639141,-1.1266778,-0.28201205,-1.3539001,-1.7849566,2.4580586,-0.61053157,0.51639485,-0.0075196754,0.06091012,0.6372304,0.5311958,0.96971726,-0.2660739,-0.62100524,0.6146697,-0.5403423,1.4919271,0.21018012
331,0.01895724,0.763537,-1.2882053,-0.07129205,0.0533182,0.066315874,-1.1062437,1.5883708,-1.5346253,-0.5236853,-0.58954567,-0.17444608,-1.3157008,0.8626656,-0.3806826,1.2913307,-0.3929128,-0.28599638,1.7715217,-0.6031096,0.919299,0.79055417,-1.4382511,0.49873546,0.50294644,2.0055094,0.0983128,-0.5924459,1.602419,-0.7080565,1.6260171,-0.74133146
332,-1.0445589,-0.6176023,-0.7021747,-0.20796302,1.2642821,-0.49658412,-0.43228802,0.31728324,0.6982529,0.18699728,0.23588912,-1.0145001,-2.3579004,-0.37304536,-0.14917715,0.8701283,0.94220334,1.472983,0.72599417,1.0795753,0.7734428,0.58233595,0.4545513,-0.9328689,0.52076775,-0.2775258,-0.84060067,-1.386502,-1.7440834,1.580917,1.4483985,-1.3983804
333,-0.24948204,-1.0188721,0.7236066,-0.6751086,1.1262896,0.65233254,1.4369915,-0.3608051,0.15763259,1.790484,-1.1356225,0.9116805,-0.56071943,-0.6090085,0.4295894,-0.3122421,0.86011595,1.758284,-0.21322538,-0.34520835,1.1533316,0.06957677,0.5355025,0.6909622,-1.1759627,-0.27727216,0.53992134,-0.9641899,0.28135124,1.6859094,1.9438946,-2.4090712
334,0.02636853,-1.0533994,1.0221483,-1.2245432,-0.10584152,-0.25905594,1.3709424,-0.8377654,0.5984786,0.8497169,-1.5314246,1.2939187,-0.6125216,0.31323728,1.5823867,-1.2793245,0.08393488,0.23756583,0.7410432,-1.8341433,0.44841728,-0.42221528,-0.101241976,0.7714682,-1.6811395,-0.94767493,1.1293746,0.71686363,1.1200476,0.64821994,1.441207,-0.8875873
335,-0.80322516,-0.6786947,0.1207986,-2.7586985,0.47115648,0.06842755,0.050885923,-0.4153793,0.3676404,1.5146258,-1.2405287,-0.78850365,-1.8084441,-0.6183688,0.8686813,-1.3465341,-0.37210837,1.8763479,1.3274552,-0.17228045,0.53206074,-0.006684051,0.98817056,-1.590556,-0.119363144,0.31965157,0.003915906,-0.71067756,0.0030081582,1.1967536,1.0543624,-1.0885711
336,-0.76845974,-1.2330592,-0.09214019,-0.92242336,0.25582945,-0.48757488,-0.7275986,0.7907131,0.43163505,-1.1497691,0.15283148,-3.3396337,-2.3857567,0.21056212,0.1203572,-0.22297813,-0.853469,1.6373907,0.54365396,0.56312335,-0.33708277,0.010200319,-1.0001001,0.34123844,0.5721543,0.47313488,1.7209606,-0.75478256,0.40196735,0.73960024,0.77734596,-0.90812325
337,0.147477,-2.070997,0.87052035,-2.3885832,0.9669736,0.97719705,-1.0293834,1.1799314,-0.05186633,-1.0043485,-0.725638,-1.6980718,-0.95408607,-0.90361357,-0.20354915,-0.8157067,0.41877455,1.3908978,0.6942636,0.025547,0.16755661,-0.9633535,-0.5375384,-0.8991299,-1.991491,-0.10966119,0.78377956,0.48519793,0.30231428,0.11027267,-1.0024337,-0.75981385
338,0.34272915,-0.5657768,0.80841535,-0.11554548,0.2788276,0.41656724,1.7905048,-0.097043775,-1.1801872,0.27019766,-0.635636,1.1081284,-1.3474848,-1.0410702,0.38343865,-1.2543678,0.8655534,2.8276646,0.2888537,-0.039349474,0.8607838,-0.57857156,0.4587473,0.74956,-1.6968477,-0.6130143,1.14365,-0.5818082,0.08478164,1.745958,0.59870064,-0.7714406
339,0.3629803,-0.5830924,0.8045606,-0.08946654,0.27880207,0.41258436,1.7791818,-0.09171886,-1.177048,0.26762,-0.6331108,1.1101983,-1.3444855,-1.0351293,0.36702037,-1.2653261,0.8557069,2.8177967,0.28413048,-0.051297795,0.85712135,-0.58743215,0.42819104,0.73922515,-1.7110828,-0.61721194,1.1455048,-0.5887155,0.077697456,1.7569524,0.59969085,-0.7772635
340,-1.4458115,0.33684465,0.16541788,0.10963928,-0.0803921,-0.98155916,1.4416496,-0.6734827,-1.1585801,-0.40224934,-0.81628424,-1.3177314,1.3731786,1.5683421,-1.4165813,-0.18804315,0.97469014,0.92060643,-1.4274162,1.5825582,-0.4812323,1.0561051,-0.5702422,1.6282146,0.2877025,0.8417934,-1.4456588,0.99106383,-0.22006907,-0.44458187,0.6809816,-0.40414736
341,0.3098341,-0.95843625,-0.8824581,0.8407023,-1.5179081,-2.5345619,-0.9323709,0.60888463,-0.20717306,-1.2125236,0.5519543,-0.6620283,1.6644052,-0.109526254,-2.4430056,-1.4467077,0.22965463,-1.1527315,-0.7134206,-0.0053527104,-0.2464991,0.2589688,0.102837496,0.8995674,-0.86753017,0.3541744,-1.5329275,-0.037454106,0.532868,-0.89412,-0.082587995,-0.04946713
342,0.4043584,-0.25928333,0.75756854,-1.9216186,-1.1680067,-0.61084783,0.14589575,0.1889631,-0.2771734,-0.43233255,-1.0777905,-2.1300154,-0.023213968,-0.141792,-0.48496988,-0.063404165,-0.9933552,-0.97483087,2.850954,-1.0303637,-1.2639763,0.8187481,1.4951494,-0.7978772,-0.15509644,0.84002244,0.21965125,-0.16732767,1.5931033,-0.41456574,0.8751516,0.47215328
343,1.0674038,0.8139526,-0.321235,-1.6283355,-2.018139,-0.73122126,0.29240406,-0.65807915,-0.6409328,0.8381194,-0.6206127,-1.1495202,-0.9588952,-0.77389395,-0.12046447,-0.99050707,-0.7987517,-0.8143361,1.5434092,-0.78367925,-0.6130565,0.4655934,2.059624,-2.403279,-0.39175174,0.6171419,0.44050857,-0.7393904,0.7533645,-0.24071941,1.3405583,-0.15789928
344,1.3034168,2.6820083,-1.4312387,-0.5860119,-0.3156796,1.3291745,0.23493558,1.1688583,-1.8674946,0.21171759,-0.23029937,-0.9558588,-1.0562123,-0.11693737,-1.6078585,0.3712435,-0.2583952,-0.76178664,1.1423684,-1.071301,0.025083806,-0.112004384,-1.1566992,-0.36131692,-0.87749565,0.9249746,0.17725429,-1.0571245,0.9610224,-0.8128068,0.37534863,-0.76904386
345,-0.053498566,-0.08410297,-0.04362481,1.1855668,0.9858654,0.8302828,0.020583542,-0.44510314,0.1467109,-1.4301604,-0.21630308,-1.2362378,-1.0128355,-0.5991668,-0.8328804,-1.080997,0.037469734,1.7554911,0.72358114,0.952348,-0.34660214,0.16481358,-0.11579119,-2.1473804,0.3699659,-1.5888461,-0.48331985,-1.9866161,-1.299436,1.7793465,0.2824901,-0.1357362
346,1.2727523,2.6298308,-1.42733,-0.5107506,-0.47644365,1.3530511,0.25659427,1.0573556,-1.8518872,0.20946282,-0.27757803,-0.9911318,-1.003647,-0.14623442,-1.6970637,0.3896171,-0.20477037,-0.7113348,1.1577517,-1.0969177,0.070701815,-0.14595759,-1.2059474,-0.3403572,-0.92673665,0.91683304,0.14121725,-1.0958747,0.9165311,-0.79691905,0.42267218,-0.8191355
347,-0.039560363,-0.090054356,-0.049682662,1.1944286,0.9833188,0.82721716,0.020510007,-0.43957382,0.14092462,-1.420825,-0.21688548,-1.2315502,-1.0088142,-0.5958296,-0.8413665,-1.0819851,0.035140518,1.7551291,0.73017347,0.95025384,-0.3407201,0.15082577,-0.13459247,-2.1490197,0.36280972,-1.5871304,-0.4823193,-1.9923358,-1.3069174,1.7751818,0.28321877,-0.142929
348,-0.9517277,1.3783683,-1.4273975,0.9978392,-0.7336649,-0.2264276,0.47945118,0.16418818,-0.26778266,1.488984,0.43008557,-0.8499179,-0.184402,-1.24808,-0.41714242,0.59041166,-0.6530175,0.22924553,0.28735897,0.44655722,-0.98209393,0.026852027,2.4210057,-2.3883474,-0.89171034,-0.39380908,-0.9250634,0.079853475,-0.47887167,0.46262422,2.5880682,-0.40640023
349,-2.2124186,0.6713615,-0.26161724,0.63598704,-0.24863665,1.0475144,0.36616704,-0.45952737,0.07639468,-0.37754935,1.6635848,-1.7384642,0.65994763,-1.3271728,-1.1274244,-0.3358229,-1.0726289,0.16941866,0.1764908,0.06852524,0.052965887,1.0410663,0.7275824,-1.1031971,-0.63758034,-0.75264883,0.59969866,-2.0981398,0.89006263,1.2902422,1.69662,-0.37252077
350,-0.07476038,0.77041405,0.30874574,0.36297336,-0.10432507,-0.9910428,-0.04306651,-0.61989594,-0.0076546753,-0.055377986,0.96359843,-0.41837785,2.8622835,-1.5776623,-1.1256813,-0.5370711,0.21567832,-0.07052924,-1.3881004,-1.3719398,-0.8374236,0.62979764,0.98856235,0.36975625,0.21524215,-0.22700277,1.0196441,-0.43881378,2.228035,0.86211836,1.6035122,0.16231702
351,-0.7708376,1.2954603,-0.31157917,0.070726335,-1.4572431,-0.33056408,-0.28395405,1.2679958,-0.004578428,0.72047454,1.1354376,-0.6028547,-0.49480125,-0.13993293,-0.97249585,-1.072175,-0.9749132,-1.5639443,-0.62432516,-1.7041674,-0.093699895,0.096954115,-0.22649555,1.4198313,-0.65048873,-0.43365124,1.2511135,-0.04029308,2.1998308,0.74025965,1.6146629,1.1883668
352,0.4648131,2.3557115,-1.0470774,0.41529405,0.6669699,1.0109919,-0.32908753,2.1487834,-2.140462,-0.24931987,-0.14354774,-0.71890396,-1.2762809,0.031244084,-1.0618397,0.82639617,-0.34094346,-0.66424173,1.1373942,-0.5092531,0.3268594,-0.48953784,-1.33282,0.6877394,-0.28085065,1.50262,0.56087244,-1.0782907,1.0159801,-0.5231078,0.7389685,0.18882266
353,-0.14727497,1.9943529,-0.112482294,-0.5775841,-1.2197287,0.62547225,0.8681776,-0.5269785,-1.162828,-0.12334382,0.6516662,-0.6432436,1.3998438,-0.8964432,-1.6711341,0.27261272,-0.15683223,0.5230196,0.73713106,-0.8507307,-1.738181,2.2790515,0.5379985,-1.8199608,-0.24526952,-0.37427905,0.12773958,-1.1610754,0.9860673,0.818735,1.0015523,-0.20632172
354,0.12569621,1.7874959,-0.09388215,-0.62277955,-1.230049,0.6174374,0.8478615,-0.5348384,-1.1716666,-0.12078828,0.8044316,-0.7759731,1.2454131,-0.80108285,-1.7783324,0.2716253,-0.30635273,0.31393814,0.9342438,-0.7914431,-1.7511349,2.0564713,0.51711357,-1.9782515,-0.4058331,-0.34003353,0.30005428,-1.310486,0.98167396,0.78932375,1.0998199,-0.37306663
355,-0.47521922,0.04780168,-0.2158976,0.45137277,1.3679603,0.2565323,0.5106153,1.1020774,-0.69237363,-1.5018293,-0.0912617,-1.8378743,-1.1991284,0.16818482,-0.11348655,-0.18178307,-1.0804908,0.38041762,-1.0836841,-0.4531736,-1.3253658,-0.16158931,-0.7048179,1.4235805,0.48418218,1.5648123,1.7040576,0.025035338,1.4651905,1.0576445,1.9634494,-1.3271487
356,0.17209154,-0.38772288,0.043531917,-0.429429,-0.22099307,-0.7395809,0.43763044,0.3190066,-0.86457074,0.015589302,-0.6958786,-2.330516,1.8965281,1.148562,-1.3148727,0.2301833,0.0018851433,1.1880225,-2.059524,0.67169577,-1.0647825,0.45451683,-0.23679167,1.1415489,0.5505183,1.832589,-0.02142145,0.7858676,0.6999438,0.05549447,2.0949621,-1.0012915
357,-0.35656035,-1.6210299,-0.8963301,-0.122675695,-1.063649,-2.0043573,-0.4567753,-0.31729257,-0.42748562,-2.372459,0.9597112,-2.204816,-1.3752061,-0.13142602,0.1844678,0.37504318,-0.7003701,1.7185136,-1.2699473,0.57423073,-0.48048744,-0.041317243,-0.23168465,0.500635,-0.9120466,0.3398273,1.0540695,1.057572,-0.76359576,0.91578966,-0.57753235,-0.7505786
358,-0.12368585,-1.7799286,-0.695524,2.2793834,-0.49166295,-1.6468666,1.0281978,-0.5933899,0.49346936,-2.3390837,0.3471681,0.26112705,0.13935947,-0.2682826,-0.96939105,-1.177381,0.9834424,0.56283647,-0.16857511,0.19904794,-1.7941977,1.7804928,-0.21830682,-0.72141623,-0.08486476,-0.7308959,-0.92811,-0.98362356,-0.57380486,-0.48951474,0.36987627,-0.5757199
359,-0.06480345,-1.6923966,-0.80287725,2.248746,-0.5696883,-1.7951232,0.8704832,-0.44624788,0.35218406,-2.3819993,0.35743636,0.19844963,0.06358447,-0.22916248,-1.1197256,-1.2078068,1.0467838,0.6055864,-0.21574816,0.36515585,-1.8297112,1.6517544,-0.14832509,-0.56567496,-0.10812447,-0.5835129,-0.9706182,-0.9423936,-0.6659276,-0.58397514,0.3423043,-0.557368
360,-1.2568516,0.7199229,-0.697955,1.3162764,-0.45252007,-1.7304108,0.08287149,-0.78739804,-0.53475624,-1.9124563,-0.012194044,0.24774323,0.25860658,0.57976145,-0.8429148,-0.38281322,2.0120184,1.4056833,-0.38729918,1.3590344,-1.6000727,1.063853,0.07442398,0.49966288,-0.43321165,0.3043092,-2.0200713,-0.5786705,-0.24479868,-0.85952264,0.046897948,-1.4060801
361,2.033258,-0.31551525,-0.9579982,-0.10999354,-0.08653327,-0.100396365,-0.35059732,2.3887575,-0.9285048,0.24482498,-1.1162913,0.34197864,0.71835154,-1.5131311,-0.69645154,-0.4244949,0.09273794,-1.0980498,-0.07271658,-0.25650454,1.7196928,0.5649719,-0.856874,-0.002281663,-0.8220178,1.9808621,-1.4169406,-0.57793486,0.12287112,-1.509858,-0.45448428,0.2630196
362,1.9744849,-0.34232956,-0.94741344,-0.28830728,-0.20509827,-0.04193525,-0.29628086,2.2596889,-0.7344584,0.56986225,-1.1892443,0.55289626,0.9335452,-1.6314666,-0.63161737,-0.65056765,0.08386189,-1.1914423,-0.075932756,-0.36925045,1.8337822,0.43878943,-0.8374535,0.036454666,-0.9154297,1.8190196,-1.3942319,-0.65008426,0.27153844,-1.3997394,-0.42146474,0.08900478
363,-0.3375887,-0.6871586,-0.77992463,1.3336241,-0.51966614,-1.4938495,1.4076926,0.014921377,-0.03943643,-0.58587563,0.65003395,-0.38556272,0.35764945,-1.4085169,-0.09905972,0.410392,-0.47426122,1.0297668,0.31770593,-0.29805875,-1.4174144,1.0887264,2.2946131,-1.365199,0.6994371,-0.91666836,-1.2905041,-0.68770367,-1.0836616,2.142589,-0.2782739,-0.05946215
364,0.16281882,0.5500963,0.8563033,-1.4284282,-1.412445,-1.568849,0.5664782,0.087742254,0.26111847,0.7457359,-0.8312737,-2.001442,0.7317181,-1.4631188,-0.33061078,-1.3041106,-0.7131326,-1.4097748,0.3321786,-0.45195973,0.22169016,-0.0949325,1.1936324,0.7580064,2.4998891,-0.9747756,-0.34888405,1.0736212,0.46414536,0.18031998,0.2601681,0.89493716
365,0.6550052,-0.3546153,-2.1821074,1.3284104,-0.751204,0.29113483,0.62875456,1.4584621,0.5122374,1.1399976,1.1910069,1.0942624,-0.16268694,-1.6826746,0.4660558,-0.21664853,-0.6503418,0.20593779,-0.8792916,0.12362914,0.53683335,0.95419055,1.4780866,-1.8451896,-0.9255835,0.3339415,-1.3677758,-0.23087138,-1.3064522,0.9874405,-0.20286244,-1.164168
366,0.9011672,-0.5670943,-2.9820356,1.6797969,-1.8188583,-0.79738176,1.0825386,1.165185,0.9708196,1.3508699,0.42432022,-0.60791534,-0.913658,-0.40375763,0.41137975,0.70022917,0.27137938,-0.40211874,-0.513324,0.007698378,-1.1038511,0.58078223,0.0033037732,-1.6908405,-0.968976,-0.23273835,-0.41168857,0.39717284,0.041079827,-0.5717469,-0.10472365,-1.7336414
367,1.5824368,-1.1825736,-0.1144471,1.219112,-1.0840917,-0.22210269,1.7845049,0.5354474,1.5584128,-0.07774357,-0.72000515,-1.0930765,0.79079646,-0.94222033,-0.33615175,0.112417586,-0.6503898,-0.42471302,0.7801622,-0.13498053,0.32168096,2.3484862,0.24312097,-1.6124325,-0.3239862,-1.3713211,1.3339322,-1.203522,-0.31618935,-0.5708952,0.7941991,0.13631123
368,0.23444708,-0.51822853,-1.0588322,0.93921155,0.084742695,-2.1695116,-0.7580593,-0.39361975,0.88568246,-1.2562048,-0.055562716,-0.022545874,-0.38650265,-0.4943455,0.23682164,0.82508415,0.16782436,0.76189953,-1.3772637,-0.28552055,-0.34583938,0.47657436,-1.6815425,-0.6890623,-0.5819806,-2.1488154,0.6551963,-1.7008238,-0.012089354,-0.38825095,0.71187973,2.6882093
369,0.3539693,-0.3185826,-1.3444139,0.4334166,0.39299294,-0.9752408,0.3662591,-0.25021294,0.39117855,-2.264075,-1.0337875,-0.40955755,-0.1354159,2.1417124,0.9385982,0.22551277,-0.46201295,0.8154457,-0.5813245,1.7163095,-0.95474976,0.922974,0.16379036,0.38009265,-0.66342896,-0.93919975,-0.37473306,-0.21082604,-0.9593152,-2.1285334,-0.22460805,1.2523401
370,1.3452702,-0.10746651,-2.9321938,0.9531223,-0.9829755,-0.14639457,-0.07399915,1.8703666,-0.10882932,0.51026314,0.5640433,0.6216248,-0.5085212,-0.97538984,0.2609473,0.97967863,-0.0059484784,-0.73545873,0.9310561,-0.11800416,0.22999029,-0.15548684,-0.3741223,-1.9333385,-1.0237046,0.5573252,-0.86291695,-0.114347674,0.19764902,-0.6768599,-2.0546534,-1.5827174
371,-1.7900877,0.08090807,-1.6764915,-0.64554274,1.2059246,-1.0679208,-0.39427245,0.37833887,0.08461582,-0.63412094,0.8240995,0.49809057,-0.76614666,-0.35022354,-0.5150228,0.34058213,1.408199,-0.5629536,0.57428014,0.9904386,1.2869701,2.0978813,1.2649504,-0.0095584905,-1.2198373,-0.44061562,-1.1264677,-0.47623938,-1.4692876,-0.3494026,1.7456337,-0.98879856
372,-1.5235996,0.71744865,0.23462719,-0.8851235,0.26708797,-1.0957037,1.0142984,-1.4866,-0.04120342,-1.355599,-0.18940751,-1.3261088,0.8451571,1.5087813,-0.436311,-0.044398624,0.45707977,0.16193412,-0.50433594,2.4214578,0.10245848,2.0809987,0.23214859,1.4231668,-0.3158508,-0.16936925,-0.49941084,0.04065151,0.23560041,-1.1208284,0.39284164,-0.9622547
373,-1.5222071,0.18377143,0.16525124,-0.33677778,0.6469451,-0.7005865,-1.0153185,0.49255133,0.32954106,-1.3686959,1.3042148,-0.14613865,-1.032348,-0.048095554,-0.0837037,0.25987238,1.0860837,-0.29028234,0.8986577,1.200377,1.0309314,1.382736,1.4794794,0.83563846,-0.84292454,-0.764369,-1.9892122,-0.6202358,-1.2928437,-0.058550283,1.8796349,-1.623082
374,0.93862784,0.4443066,-1.9399441,0.032934386,-0.051394,0.3518671,-0.40499476,2.5021627,-1.5676794,0.5172931,-0.120233856,0.5508535,-1.6072774,-1.2998154,-0.40225646,0.91993654,0.1518997,-0.7751481,-0.2919471,-0.2434221,0.9973817,0.8684939,-1.4243077,-0.62872654,-0.9870058,1.2525085,-1.4584544,-0.4924842,0.581442,-1.3107654,-0.2813452,0.24358313
375,1.079492,0.42468047,-1.9035741,0.0959807,-0.09984685,0.27563906,-0.4734123,2.591552,-1.4918208,0.6438794,-0.28920785,0.56435555,-1.8785686,-1.2258496,-0.496409,0.7572216,0.08585227,-0.8283925,-0.21648926,-0.24883163,0.87934655,0.7525107,-1.3096071,-0.56165737,-0.98745674,1.2348163,-1.2579874,-0.5478115,0.5639406,-1.3662896,-0.2689996,0.35848883
376,2.3272488,0.36269668,-1.5810004,0.38619006,-1.5388532,-0.84425926,0.3417416,1.0876975,-0.36544207,-0.0038912462,-1.7878196,-0.38910207,-0.55842674,-0.35172647,0.096602745,1.5685563,0.10920405,0.019925818,-0.6864266,-0.27337483,0.31443813,0.733546,-1.770206,-0.85544914,-1.2643979,0.2508006,-0.30042663,-1.0401653,0.88034296,-1.8088717,-0.077338085,0.7122846
377,1.9749572,0.81676865,-0.82454884,0.041233517,0.65278786,0.023979364,-0.2650838,0.83878744,-0.905234,-0.2679417,-1.3479351,-0.14912555,-1.2879095,-0.32649872,0.23502223,1.2333709,0.2870799,-0.15293595,-0.7124644,-0.79527134,0.09690781,0.6435654,-1.8023874,-0.66047615,-0.87556803,0.8599391,0.07142952,-1.351335,0.8307403,-1.9194934,0.15955743,2.496649
378,1.0443921,-2.2824788,-0.7971457,1.2026563,0.36482662,-0.1793643,0.22432284,0.22964229,0.75561225,-1.7569058,1.1511993,-0.052523706,0.107682,0.3132623,0.79238427,-0.54838026,0.22209609,0.65438414,0.6563908,1.0500536,-1.0326351,0.44055906,-0.6326917,0.053778317,1.2518456,-0.6620258,1.6213169,-1.3327036,1.2651634,-0.99473894,2.0863743,0.5891698
379,0.36437553,-0.5824874,-1.4683408,-0.28643018,-1.0146799,-0.58454627,0.81569034,1.0653642,0.12354863,-2.0111563,0.45631367,-0.72553444,-1.0219673,2.0692756,0.9626988,-0.3198959,0.09732123,-0.50044364,0.33479398,0.90104276,0.33147907,-0.14444779,-0.66482544,0.12577835,1.3559117,-1.581416,-0.07924083,0.53388035,-0.6000658,-1.4635068,1.9169178,1.4142295
380,1.5727856,0.5452875,-1.1522821,-0.021991005,1.5584582,0.51579523,0.108249106,0.40849426,-0.8369779,-0.80778545,-1.1929271,-0.100874215,-1.1804667,-0.41689634,0.51353115,0.67182773,-0.10956007,0.0055387137,-0.40845817,-0.1945971,0.32574695,0.05596179,-1.8342165,-0.95372176,-0.6001108,0.64936626,-0.060127646,-1.6379133,0.25149766,-1.715567,0.13870926,3.171716
381,0.006986461,0.8466408,-0.08167076,0.6488401,-0.066065855,-0.6368386,0.29381546,-1.1326747,1.0431557,-0.48681462,-0.4110111,-0.027671913,1.5000931,-1.1221108,0.68103606,0.6129378,0.9338949,1.0818148,-0.38741383,1.1168667,-0.3074477,2.9685342,-0.06683021,-0.86525947,-0.60909337,-1.2411598,0.35431093,-1.7589022,1.3779685,-0.9676493,0.40053022,1.0270067
382,0.39307493,-0.022027649,-0.9168503,-0.9185059,-1.4058924,-1.2470944,1.476638,0.7659267,0.39584425,-0.41298428,0.07861939,-0.64835787,-1.1795878,0.35371354,0.64340305,-1.3330194,0.70012593,-0.7695751,0.25584602,0.6210577,1.3672765,-0.22766376,-0.7690732,-0.5005864,1.6852007,-1.5701723,-0.39790192,-0.34024912,-0.53772855,-0.8283413,1.728482,2.481096
383,1.1655602,-2.5368493,-0.111696236,1.4698921,-0.86796093,-0.4615295,2.0803874,0.8479391,0.5343975,-1.5869457,0.59692043,-0.23540854,-0.880009,-0.22492386,0.46941826,-0.57932734,-0.20383474,-0.37362623,0.72693545,-0.20220923,-1.0469962,0.462714,0.5040617,-1.9482362,0.8490033,-0.7736301,0.46386346,-1.3965621,-1.0703468,-0.3442168,1.1323982,-0.14242707
384,0.6235284,-1.6807283,-0.4560647,0.17868745,-0.6755849,1.5410599,0.519259,-1.1932274,-0.13526034,-0.84479177,2.166504,0.59687144,1.673106,-0.56191254,-0.29307073,-0.73248,0.54851717,0.3099499,1.0717833,0.6506786,-0.3490908,1.652247,0.4618102,-1.9173106,-0.319508,-0.5856817,-0.100982554,-1.4318694,0.7419052,0.16563332,1.7259701,0.74516267
385,0.64162475,-1.5690018,-0.32474956,0.023562156,-0.6995861,1.686605,0.62879664,-1.2169577,-0.27274117,-0.8331499,1.9662707,0.77609223,1.8496668,-0.8151859,-0.4229335,-0.8466437,0.5781128,0.3460693,0.91194224,0.41009447,-0.18614236,1.6177194,0.1372104,-1.780739,-0.30336615,-0.5890046,0.103896394,-1.525257,0.96772784,0.20338546,1.6586359,0.70153254
386,0.6730381,-1.4758117,-0.24997965,-0.09528172,-0.6334964,1.7666227,0.6647674,-1.1722654,-0.42682955,-0.8743423,1.831282,0.8784976,1.9116645,-0.98504627,-0.5569345,-0.8526258,0.64588475,0.3591659,0.73376054,0.28988677,-0.090065874,1.551287,-0.109141886,-1.6265993,-0.3443896,-0.5557894,0.2703915,-1.551097,1.2106842,0.17306574,1.6463413,0.65605277
387,0.1672044,-1.3462982,-0.05047549,0.77681166,-0.19540723,-0.34210008,0.25741014,-0.029409902,0.6993987,-2.160353,1.468211,-0.18673678,-1.1618117,0.1408912,1.0401299,-0.72888714,0.23100935,0.24048944,0.80477923,0.55965257,-0.63480955,0.4914663,-0.92626816,-1.7707683,0.6667499,-2.2082434,1.4311786,-1.9237248,-0.4564687,-0.10205232,1.5013243,0.5805495
388,-0.7620329,0.25406983,-0.08443238,-0.57365316,0.64010155,0.024255196,-1.223175,0.3521626,0.024587056,-1.2159327,1.6238236,-0.2002833,-1.1338335,-0.49907523,0.1293401,-0.3110373,1.3524209,-0.962788,1.1156471,1.3977748,1.6205692,0.96718955,1.1840749,-0.6584745,-0.16571797,-0.7984945,-2.0630841,-0.68224084,-0.95518196,-0.46379802,2.3419113,-0.25696886
389,-0.7639749,0.1771838,-0.1071435,-0.48621142,0.6033653,0.08172802,-1.197497,0.3620774,-0.015158438,-1.3776203,1.685562,-0.21129642,-1.1977161,-0.44181713,0.07959736,-0.3470637,1.3282914,-1.0247557,0.99689764,1.3144255,1.56369,0.9557257,1.0137949,-0.65817815,-0.19344063,-0.8205177,-2.0206127,-0.7309714,-0.99168223,-0.44030055,2.4611542,-0.23218894
390,-1.0571686,1.1451986,-0.30360034,-0.77893955,0.74369615,-0.79557484,0.35374573,-0.025580827,0.20532286,-1.7770392,0.6617482,-0.055099092,-0.6805852,0.033622563,1.1638417,-0.20914957,1.3223058,0.79528725,0.42577904,2.1092632,1.2722942,1.0396725,1.0928198,-0.9062288,0.3654643,-1.2587893,-1.5265858,-1.2862086,-1.4252864,-0.58066624,0.8196718,0.9727416
391,-0.40125144,-0.5184013,-0.45931378,0.51528746,-0.19903027,0.93991476,0.6732141,-0.06971757,-0.49982885,-1.3031073,1.3510442,0.037797835,-0.29198924,-0.25908786,-0.8008154,-0.6649904,0.77903914,-0.10251598,0.6085909,0.54229164,1.4989201,2.0799303,-0.69070816,-1.4452959,-0.13957968,-0.9408893,-2.0880415,-1.876103,-1.2292638,0.43583858,1.8921894,0.19394384
392,0.21616738,-0.14155143,-1.4457189,0.0616946,-0.5545176,-2.399562,-0.894919,-0.55855376,-0.63908124,-1.5016958,0.28357127,0.06823217,0.68922913,-0.1948964,-0.7828475,0.19872236,1.78198,-0.20002173,-0.83105725,1.3623815,-0.80483276,0.82312596,-1.2794642,-0.22921316,-1.3478792,-0.33540758,-1.711477,-0.9744194,0.85881597,-1.6043518,-0.62988216,-0.4444599
393,0.048393063,-1.0309731,-0.6779162,0.4713823,1.6524389,0.9900438,1.1859345,-0.9722754,-0.75431603,0.1781573,0.2928037,-0.88866645,-0.24948667,0.16889425,-0.4404631,1.6724628,-0.97749317,-0.43400103,2.3440495,-1.088447,1.5226741,0.23557909,-0.28496942,0.45686543,0.29575336,0.04383052,-0.9385228,1.1297879,2.189038,-0.14046647,-0.9599725,-0.4949298
394,0.59747154,-0.82935536,-1.0279354,0.26632452,1.1285183,0.74781364,1.1555891,-0.07690488,-1.308591,0.46727145,-0.086978145,-1.0316812,-0.8288776,0.10375102,-0.40784162,2.1455748,-1.0351624,-0.9148286,2.150202,-0.898473,1.3451813,0.29248062,-0.47610697,0.26725826,0.32881913,0.4739517,-0.9430516,0.9899909,1.8920604,-0.630819,-1.1723086,-0.24209645
395,0.39027736,-0.8377651,0.3374461,-0.08237023,1.4348881,-0.49376464,-1.0491865,1.0884289,-2.3775144,0.9994324,-1.5223076,0.075010255,-1.061158,-0.28346384,-0.20677695,-0.0707585,1.2178303,0.5120682,1.9364415,0.643035,1.0857439,-1.7574214,0.22951148,-0.69693005,-0.51559234,0.49491087,1.3327243,-0.92756575,0.91517013,0.3360675,-0.8051368,0.043617617
396,0.71993303,0.51892394,1.7682124,0.082057685,1.7368234,0.026100755,2.047323,-1.3140525,-0.9801397,1.0873691,0.19429277,-0.066561416,0.07501046,-1.7442954,-0.36780128,-0.7532933,1.122487,-0.25832117,0.75269294,-0.5605709,-0.6557807,0.3841877,1.2125689,-0.838337,-1.3332963,-0.8455432,1.2352527,-0.06902578,1.2117045,1.0114924,0.8879136,0.28254592
397,0.6549567,0.42987463,1.7790346,0.08495866,1.7319595,-0.0096241115,2.0498781,-1.4409398,-0.8687023,1.0451357,0.21854328,-0.028123125,0.16344537,-1.6911578,-0.3801438,-0.78870887,1.0522368,-0.17598054,0.7848628,-0.64755434,-0.79219574,0.36937895,1.1757607,-0.8173519,-1.3463498,-0.8913822,1.1922069,0.005996864,1.3186775,0.9902702,0.81043357,0.25697544
398,-0.36526084,-0.77409494,-0.9861057,-0.38803986,-0.87811166,-2.0371425,0.32137755,0.3118273,-2.6401753,-0.50789404,0.6202937,-1.2619028,-1.3613647,0.9606041,-0.90307385,0.31005606,-0.9956711,-0.8883834,1.5702875,-0.07290913,0.25401792,-1.3468319,0.24163027,0.010363549,1.3366947,0.26949614,0.9022055,0.22599147,1.172283,-0.6153341,-0.9157599,-0.30008724
399,-1.0632597,-0.5925229,0.41676626,-1.3799143,-0.549532,-1.0908564,0.5511828,-1.2139174,-1.6583563,0.81117016,-0.63435864,0.32468867,-0.5056954,-0.12202654,0.51842093,-1.2111146,0.41509143,-0.86320645,1.5191052,-0.79454964,1.2565978,-1.6830094,1.655734,-0.9293692,0.25528938,-1.6090909,1.230071,0.083299294,1.5713079,-0.43596724,-0.26166198,-0.39412665
400,-0.79124457,-0.15401642,0.9993111,-2.0727193,0.8044948,-1.0645211,-0.26682544,0.62169796,-0.6686641,1.8477722,-1.0941885,-0.910852,0.07511972,-1.14229,0.16642722,-2.1978002,0.8426762,-0.62557864,0.05080609,0.24525347,1.7997208,-1.2195723,0.11336524,-0.9837774,0.744908,-0.5829835,1.6844579,0.2828781,0.71792144,0.23483728,-0.5521006,0.27778482
401,-0.5272383,-1.1848296,0.15303102,-0.38894743,2.0346327,-0.2496975,0.54186773,-0.7365118,0.0065582353,0.031855978,0.2126375,0.515111,-0.9576524,-0.63523144,-0.19878389,2.0439715,-0.8120926,-0.5172728,1.499802,-0.49474192,-0.056270827,0.82195574,-1.0288854,0.40063617,-0.23955658,-2.027257,-0.75340044,1.601696,1.8949578,-0.16888356,-1.4254904,-0.3104324
402,-0.22749658,-0.6762663,1.5813509,-0.11964899,1.3260169,-0.5744517,-2.2616174,2.3972366,-1.0137479,1.0792241,-0.16362359,0.09274116,0.44257873,-0.5358471,0.052682057,-1.3763773,1.0387715,0.6195118,0.31364188,0.5446008,0.8998995,-1.4981269,0.40548283,-0.87177646,0.015443426,-0.7277699,1.5706211,-0.0637687,1.0114056,0.32765323,-0.82669467,-0.37558454
403,0.5204099,-0.22671422,1.2339312,-0.4518132,1.7236348,0.7423097,-0.70140857,2.4360843,-1.4026257,0.047957025,-0.6152433,0.2148843,0.3175417,-1.0983666,0.21590747,-2.0031114,0.27666828,0.34433258,0.40903383,1.177994,0.7986165,-1.8522058,-0.038188983,-0.48274,-1.5030127,0.1824014,1.0476584,-0.26492316,0.50253266,0.6031971,0.29422247,-0.33491904
404,0.47341567,-0.21036267,1.2578562,-0.4096766,1.7775301,0.8024127,-0.6470353,2.4264798,-1.346915,0.048218895,-0.6081647,0.24921724,0.35962802,-1.1093067,0.2623861,-2.0025659,0.24295206,0.41447967,0.47117472,1.1205771,0.841527,-1.8475354,-0.015715806,-0.4799912,-1.4777972,0.1672204,1.0382373,-0.28902885,0.520907,0.6769089,0.29104182,-0.3261457
405,-0.0924719,0.4419049,0.9109719,-0.27426097,0.8495014,0.2968447,-1.0747538,0.66645014,0.039042786,1.8861153,1.9888947,0.9216963,3.4787788,-0.7319471,0.57113904,-0.7181209,0.34218344,-0.6184214,-0.019131338,-0.09387836,1.1941096,0.29373133,-0.094088025,-1.2753793,0.39553094,0.5352446,0.41843957,0.02186291,1.7092537,0.57145154,-0.33340505,0.29651913
406,-0.93207896,-0.75637585,2.525583,0.38132817,1.0147455,0.2792905,1.5027254,-1.071945,-0.09215737,0.9010418,-0.06451574,0.62933534,0.5026424,-0.16848183,0.8734786,0.2395251,-0.39931464,0.77026653,0.40106082,-1.8125793,2.4293232,0.7442321,-0.7943562,1.3788159,-1.1483502,-0.6147065,0.0865693,0.21717481,0.62149704,1.4316894,-0.44763634,-0.4422284
407,-0.27137583,-0.62433887,-0.3479191,0.19994785,-0.5468735,1.1092055,1.1048414,-0.30582088,-0.77141386,-0.8757568,1.0158464,0.23476626,0.22780411,-0.5752339,-0.9771242,-0.8630074,0.73353875,0.110548586,0.48846987,0.29496437,1.7112178,2.0215487,-0.9995915,-1.5796045,-0.16878013,-0.9886927,-1.8955628,-2.0196443,-0.79354346,0.5474465,1.7396225,0.19221641
408,1.2137289,0.9959995,0.3089797,-0.31859303,0.36387452,-0.14683552,1.4873929,1.2015828,-2.1357465,0.10703442,-0.8815439,0.045103967,-0.39882484,0.056770183,0.26117492,0.03430233,1.0436478,0.12434745,0.75190014,0.46104696,1.6677977,0.048253454,-1.6477195,-0.20574923,1.0833254,1.4803864,-1.5149364,-1.4925026,-0.05179006,-1.4800637,0.41615418,1.2795645
409,1.4677675,-0.057184633,2.549599,0.07561769,1.4325045,0.026809582,-0.3214069,1.9679514,-1.6842701,0.13861896,-0.9309692,-0.77176255,-1.0863353,-0.15215166,-0.35738292,-0.99385595,0.7911818,1.101477,0.31487066,-0.34909928,1.1458862,-0.77539605,-1.2027897,-0.6691029,-1.9792953,-0.7175954,0.20580772,0.45705733,0.49783227,0.060975548,0.2669536,0.091087185
410,0.38495746,-1.1724913,1.5251085,0.771536,1.2471596,0.21544191,0.989655,0.79526544,-2.0183108,2.2170289,-1.0864551,0.36094627,-0.54009384,0.13797008,-0.27871928,-0.52945334,1.1419344,1.3107699,-0.3437353,-2.148262,0.7520725,-0.45077997,-0.12422679,0.63287354,-0.54741937,-1.0626351,-0.5305566,-0.20815793,0.3761509,0.52824,-0.85411674,0.9615434
411,1.2841402,0.075851254,1.4726502,0.017090712,1.4260151,-1.3554304,-0.86415493,2.3216941,-0.68257457,0.73867166,-0.8851318,-0.5941333,-1.5125283,-0.71272796,0.32222927,-0.1821036,0.1712578,0.78301096,-0.09984929,-0.21702068,0.029410783,-0.6780814,-1.9233621,0.27514294,-1.7557399,-0.5431014,-0.53722864,1.5972656,-0.323234,-1.2967193,-0.31129324,-0.41566506
412,1.4298663,0.24471065,1.2362276,0.0024690365,1.0465539,-1.201049,-0.88062984,2.6522,-0.8123199,1.2131845,-0.863871,-0.38450715,-1.8083739,-0.77505004,0.50035936,-0.18427126,0.2337043,0.7287048,-0.08174469,-0.25989673,0.7402193,-0.65835994,-1.8931625,-0.028878994,-1.9393187,-0.24217232,-0.2681527,1.042626,-0.36051193,-0.89936376,0.142532,-0.25348553
413,0.32448387,-0.07604531,1.1443893,1.1289372,1.8185929,-0.0033978727,0.26840618,1.1632797,-0.760921,1.2201767,-0.45861614,-1.3468184,-1.6191632,2.2125704,-1.1578714,-0.7428521,-1.0313342,0.88400275,-1.4754351,-0.5555413,0.11484167,-0.111705944,-0.71061987,0.5463369,0.08753712,0.3440913,-1.0393189,0.8787628,-1.2774087,-1.1717969,-0.2163589,0.04386447
414,-0.09873695,-2.9882774,0.27227443,0.6364807,-1.0592406,0.61530894,1.394489,0.31997767,0.12496292,-0.3774554,1.9111009,-0.5076761,0.695262,0.3089646,-0.2798953,-2.0289118,-0.28144675,0.121548414,-0.14450893,0.89881176,-1.4617492,-0.6841289,0.5800446,-1.0364561,-0.06878554,0.0059583737,1.6462638,-0.56632984,-0.43777698,0.4481428,1.114088,0.6741502
415,0.63093525,-0.8664402,0.7358769,0.056015052,-0.22173104,1.0623088,0.508795,0.41628045,-1.1027346,-1.4811933,1.2353706,-0.1401179,-1.2254342,1.8950442,-0.02072919,-1.7505515,-0.651852,-1.0436208,0.7216674,0.59087735,-0.32674518,-1.6396825,-0.12091683,-0.64374024,0.57408464,0.4934053,-0.5241787,-0.50618297,-1.287806,-2.0303178,0.5236536,0.53301185
416,-0.96179795,0.61813813,1.4698601,-0.7451686,0.67804426,0.7206854,0.97235143,-0.06385143,-0.83269125,-0.7023028,1.2113941,-0.47029418,-0.5252288,1.8132831,0.28808638,-1.7891816,-0.0939687,-0.025103565,0.17634569,1.5634755,-0.17930552,0.17427352,0.5048379,-0.66829157,0.2338748,0.23509075,-2.086942,-0.25184953,-1.1790712,-1.6289064,0.55807346,1.1613383
417,0.6601526,1.4448887,2.7251892,-1.0041436,1.2054485,0.28253168,0.90843654,0.5729998,-1.2565557,0.753114,-0.6284069,0.13271758,-0.98273426,0.5505252,0.9604144,-1.0492167,-0.47867548,0.04493297,0.04925791,0.0047457875,0.53579354,0.5748639,1.7241414,-0.22489144,0.95933497,-0.45607665,-1.1842246,1.038577,-0.61748713,-1.6584874,-0.9040192,1.1793356
418,1.3287399,1.100071,1.9374498,1.1176023,1.8484725,-1.1862233,-0.77411985,1.0524585,0.1812262,1.7467251,-0.28147513,-0.73060584,-1.7367036,0.70755017,0.57566476,0.249583,-0.48062778,1.3409139,-0.44504327,-0.7490346,0.73540497,0.5110827,0.9056071,-0.42493296,0.4559021,-1.8287094,-1.1296153,0.45318222,-0.5947881,-0.5185439,-0.35257876,0.7920794
419,-1.2485527,-0.44428828,0.30290172,-1.1698214,0.03702926,-1.5582787,-0.55336964,0.32606807,-0.97861934,1.0117061,0.00484446,-2.2057443,-0.79156506,0.4519504,-0.018188361,-1.071036,-0.80698323,-1.2351185,0.7845866,0.04204722,0.64320236,-1.1313622,-0.4260032,-0.35091677,1.6560544,-1.9277862,1.5804869,0.56343704,1.4220301,0.38981992,-0.6460042,0.6664069
420,-0.24825259,-1.857319,0.2992883,-0.26805693,0.12174861,-0.043369487,0.12706283,1.1054527,0.032720182,-1.7397652,0.86655563,-1.9351255,-0.98716766,-1.097862,-0.14936288,-0.7587996,0.07826084,1.3874466,-1.701814,0.40701735,0.31454894,-0.5532927,-0.69406086,0.7587569,-1.8755343,-0.27687788,2.3325818,0.62392366,-0.3434028,1.0159346,0.04332201,-0.15396711
421,1.3078606,0.34223136,1.1983972,0.35601646,1.0137966,1.085607,1.8884318,1.3512836,-1.7438715,-0.11538781,-0.70980203,0.09385275,-1.256388,0.10124999,0.8479831,-0.7653449,0.56979626,-0.7035577,0.000115872666,-0.29886732,1.6699295,0.50072366,-1.4974312,0.102600105,1.27961,0.6646593,-0.57929415,-0.26474255,-0.49312702,-1.4184576,0.4972845,1.8497832
422,1.1441907,1.0848558,1.1301142,1.0500094,0.9176174,-0.68920636,0.42408648,0.638916,-1.4837981,1.210614,-1.4666948,-0.9618573,-1.8307033,0.96028614,-0.12359112,0.5547354,-0.14648318,-0.3619658,-0.5957198,-2.1390476,0.42002118,-0.2529087,-1.1760918,0.3146982,0.7645787,-0.49572235,-0.9321037,1.382047,0.34211788,-1.0399637,-0.59772193,0.82632744
423,0.14355378,0.14079039,2.7294288,0.3977468,1.7549945,-0.1039191,0.2153313,0.4670039,0.8550378,1.6159259,0.7814421,-1.1086566,0.25491178,2.3225813,-0.0557246,-0.77347636,-2.1987317,0.76123524,-0.8870544,-1.0147147,1.1779138,0.65044487,0.44855234,0.43583614,-0.29140976,-0.33221054,-0.25797123,0.008400815,-0.48393843,-0.3093811,-0.049669582,0.46433786
424,0.390818,0.8165605,1.3377706,1.3838004,2.0892568,-0.24930839,-1.5071726,2.6262696,0.5070115,1.3135326,1.5640206,-0.11686834,0.7879659,0.346571,0.32052106,-1.0073547,-0.5108141,0.74534035,0.09045682,-0.33763516,-0.17630921,-0.3587987,0.8457991,-0.5192666,0.978652,-0.008432648,0.67079204,-0.44977766,-0.8322944,0.06259098,-1.2040704,1.4425287
425,-1.474064,0.75875384,-0.109843284,0.35535416,0.5410207,-0.9856183,-0.8313487,1.3461272,-0.22029777,0.24815778,0.52929646,0.11686266,0.6443321,-0.9425911,0.22859429,0.89565015,1.3065519,0.007990893,-0.1753776,-0.2176192,-1.5858333,1.4324782,1.5404971,-0.8368868,0.81688863,-1.9997824,1.0347801,1.5312603,1.2843184,0.06528785,-1.187855,1.6824844
426,-1.049977,-0.040485114,0.43059456,-0.75609505,0.22136003,-0.118093856,-0.8079924,-0.8166771,-0.7906231,1.0868641,0.7937817,1.3889984,3.0211387,-0.74543285,0.3770009,-0.41305134,1.2100348,-0.11850646,-0.07003897,0.05990558,-0.54739445,0.13882166,-0.55715096,-1.5960802,-0.5233671,-0.954033,0.4594985,0.48949423,2.6607573,0.123712115,0.5955709,-0.89256114
427,-0.6746928,0.7808306,0.73066497,-0.61211586,0.41138506,-0.34854478,0.7123398,-0.3536314,-0.40614924,1.488458,-0.8652522,0.15025508,-0.003549131,-1.0964217,1.4027902,-0.46040934,1.4178011,-0.4309927,-0.8183115,-2.473703,1.0900769,1.2444401,-0.9153189,-0.70015794,1.7824467,-1.121252,-0.042776313,0.65898746,0.9124037,0.017738994,-0.44138256,1.6243778
428,-0.59776354,-0.9385133,0.19699164,-0.10879528,0.39012966,0.38394484,2.484772,-0.71758205,-1.3773125,-0.37626353,-0.16194703,1.7294756,0.66469526,0.3736297,1.0175271,-0.7354556,0.8764546,0.21208529,0.86629385,-0.98166084,1.9199693,-0.22862262,-2.624539,-0.06613828,0.37716553,-1.0551306,-1.1624663,-0.87738955,0.7167963,-0.37798044,0.3280156,0.5937414
429,1.6402572,0.35699147,-0.15132071,0.5489387,0.45984998,-0.97112805,-1.3575782,-0.15728858,-1.3325971,0.8365589,-1.5048655,0.4620976,-0.44120058,-1.2355901,0.9057077,-2.6750586,-0.41775438,0.97297883,1.2990708,-0.13394174,0.8994316,-0.72802484,-0.4709711,0.9566833,-0.4969712,1.3104467,0.07470141,-0.77129644,-1.0189241,0.15717095,-0.7772242,0.35832354
430,2.3034668,-0.6830893,0.47887892,-0.10950376,0.0041840225,-0.20231523,-0.028586024,-1.1549847,-0.5244638,-0.2136254,-0.46523985,0.85964835,0.70178235,-0.91881835,-0.59318525,0.36750102,-1.5254924,0.8934432,1.0872025,-0.30799654,-0.25062686,-0.6407524,-0.5275122,-0.7176349,-0.7507225,-1.2427473,-2.0767016,1.5391197,1.4779015,1.3063816,-1.5287222,-0.4355879
431,0.014226699,-2.016913,0.57041603,1.194572,-0.04354366,0.37482396,0.53653187,0.39216697,-1.1929263,-0.14192559,-0.008881418,0.5468983,-0.570212,-0.88198113,0.3517383,-0.7385606,1.4539844,1.7050167,0.29120648,-0.52039903,-0.34963614,-0.53230745,0.12540755,2.3858898,-1.9639304,-1.3046967,1.3408442,0.27343532,0.91872877,1.2850448,-0.82120466,0.08448565
432,1.0834839,0.011905282,-0.98082477,1.3607324,-0.118726276,-2.6611,-0.044072673,-1.5346184,-1.2730325,-0.83868325,-0.39202824,-0.169989,-0.3586565,-0.22473244,-0.48271513,-1.1481482,0.47625285,1.3655279,0.8981295,0.7815085,-1.4577414,-0.16595615,-0.24768218,-0.5696512,-0.3954347,0.3634849,-0.8061805,-0.98449194,-1.7674402,1.2443032,0.3594132,-1.089334
433,0.7527219,0.8672746,0.25427198,2.5580297,0.3780605,-0.8223642,-0.71681035,0.016786652,-1.7222221,-0.11437224,-0.43083024,0.4024464,-1.9022316,0.92853856,0.62574184,-1.5140097,-0.13837019,-0.6450637,1.2270153,-0.41679797,-0.44929323,0.30573207,-1.0766487,0.826656,-1.0482327,0.26235908,1.7018039,0.036548197,-1.3299184,-0.1855997,1.0747262,0.5302103
434,0.587566,-0.22644578,1.0865003,2.1002402,0.9258924,0.9211763,2.0244744,0.050345328,0.021257803,0.6793884,-0.45854115,0.5802391,0.3610276,0.5352366,-0.5658993,-0.59301424,-0.56061673,-0.45609117,-0.8163481,0.47077763,0.17855813,-0.23498388,0.27593583,1.5081562,-1.8842425,-1.0335952,2.4209428,-0.06501389,-0.6641811,1.0349791,0.9570933,-0.6365233
435,0.8206978,0.37631065,-0.6684612,0.8604038,1.7128996,0.90690094,0.04759733,-0.35272044,0.69691837,-0.76743454,0.05281783,0.48012856,0.30973023,1.3812822,-0.13077016,0.096284196,-1.3510927,-1.1044708,-1.5769066,-0.45949075,0.42605683,0.9390133,-1.384054,1.7746637,0.496732,-0.7849978,0.009347224,1.8665859,-2.3249526,0.3034356,0.6384944,-0.39777452
436,1.7943271,0.049725365,-0.38307115,-0.14240618,1.9607872,0.8281544,-0.7651752,0.4110761,0.33834934,-1.3471919,-0.1720102,0.36354062,-0.70618564,0.6992514,-0.16448998,1.1264098,-2.4332998,-0.58708185,1.2003791,-0.20815992,0.5274269,0.37100926,-0.74483526,0.1506571,0.35307038,-1.0489978,-1.5880982,2.1395302,-0.5560434,0.730931,-1.0357476,0.36099467
437,2.8637896,-0.14029782,0.967145,1.4662071,2.071862,0.25529405,-0.7209833,1.1870215,-0.46892324,-0.25241885,0.8684076,0.6851589,0.05072642,-0.108680435,0.44098893,1.6341628,-0.83760995,-0.1894027,1.6870911,0.9041306,0.16844904,-0.34680519,0.5992604,0.34346125,0.1540522,-0.49392474,0.43354282,-1.6748171,0.4644712,-0.20475824,-0.9707898,-0.3723253
438,1.5111164,-0.9870133,0.65670156,1.1305723,0.6872879,-0.29319096,0.98707205,-0.077842236,-0.882401,0.9325461,-0.19493714,1.9558196,1.2891487,-0.9407155,0.42322472,0.025665905,0.21959795,0.43879014,1.4064932,-0.23308781,-0.08078917,-0.38205168,0.9153236,1.8970271,-1.2782243,-0.7718374,0.9424954,-1.3888241,1.3671716,1.4876372,-0.07492489,-1.1838372
439,1.1144147,-0.3296354,0.9177342,0.4288584,1.4148748,-0.65201473,1.170729,-0.57940733,-0.425799,0.5130836,1.2070323,1.6979078,2.3047595,-0.70991147,-0.08583953,2.109985,0.08895968,-0.11443571,0.94250655,-0.26896447,-0.14685144,0.44736692,-1.1038153,1.8269116,0.027362041,-0.10183359,-0.7252861,0.42462,1.3636335,0.9266199,0.18655671,-1.178614
440,-0.035684288,-0.80210525,-1.1087804,1.307499,-1.2167304,0.91565555,-0.5450366,-0.16382882,0.21278022,0.35192406,-0.55909026,-0.099661835,-0.47777057,0.5032978,0.97533464,-1.7496508,-1.1555767,0.14861186,1.1344992,0.19080593,-1.1923882,1.7614063,-1.6310432,-1.5433935,0.9250108,-0.51050866,0.86298335,-0.07560937,-2.2646108,0.08945246,0.4867371,0.87468034
441,-0.3905704,-0.008873926,0.4375085,3.3563054,0.4104327,1.2527417,-0.26101428,-1.0658435,-0.42524657,-1.1140194,0.28009748,-0.35232642,0.35857275,0.48325127,-1.3150543,-0.69207,-1.4326566,-0.7271852,0.42240477,0.5526232,-1.1460766,0.6294788,-0.6002357,-0.44717214,0.42352033,-1.5299631,0.73506975,-1.5345919,-1.3066224,0.16394551,0.96032107,0.32669422
442,-0.7729458,-0.3483727,-0.53688854,2.4295743,1.5146517,1.0832893,0.83622813,-2.401998,-0.39854494,0.11468651,-0.85144734,0.07456449,0.38332674,0.098226115,-1.0135477,1.1393067,0.57849675,0.018657492,0.65211177,-1.5351425,-1.6611438,0.920413,-0.4061125,0.84064734,-0.110259734,-1.3139595,0.46178642,0.50818485,0.04624818,-0.6584682,1.0537359,-0.49227822
443,0.70444274,-0.121763736,-0.18301128,2.4321947,1.0203127,0.6641898,0.013424081,-1.0992198,-0.16518031,-0.60752875,-0.17700548,0.91333795,1.491102,-0.0497065,-0.7753578,-0.66156214,-0.5231126,-0.4677712,-0.7420426,0.57793343,-1.2317245,1.1767905,-0.9920067,-0.8228401,0.45555386,-1.1891186,0.55914956,-1.9213508,-1.9118528,0.93135107,1.0127903,-0.9410043
444,-0.80080026,-1.4346324,-0.49062014,-1.2043296,1.8385298,0.35959926,-0.88704073,-1.6433933,0.17326984,-1.9457419,-0.981783,0.6452018,0.7783817,0.23075734,-0.9481444,0.992204,-0.13382879,-0.8857587,-0.4882398,-1.4674069,-0.29421553,0.81205064,-0.4505244,-0.74423945,0.29204074,-1.2301143,-1.84603,1.1266341,-0.18458994,1.0632358,-0.6662949,-0.3480233
445,-0.20280404,-0.8542635,-0.03192026,-0.8838633,0.27236927,1.899023,-0.17428641,-1.4438738,-1.2548916,0.8352737,-1.045546,1.6524309,1.0973125,-0.48410776,0.55999625,-0.9471207,-0.31110707,0.40808702,-2.1229239,-0.14402902,0.73836,1.9531378,-0.45301127,2.0530438,0.094455965,-1.5895725,-0.5008719,-0.28378528,0.5959333,0.39156574,0.027760116,-0.06630206
446,1.625993,0.3498371,-0.1102484,-0.77698576,1.9454793,0.45359263,-0.3195543,-0.42359558,-0.20006764,-1.0476412,0.34118143,1.5504948,0.26241362,-0.6113771,-0.58957285,1.552969,-1.851835,0.8337236,1.279936,-0.30475265,0.37784034,-0.08449492,-0.60612077,0.15307721,0.010995467,-0.7141114,-1.9649299,1.5141833,0.59170073,1.4604512,-1.3429397,-0.115700595
447,-1.0391526,-0.7276741,-0.9181482,-0.2965478,1.1106279,1.9172124,0.17558986,-1.3455055,-1.0294226,-0.92140085,-0.5500819,0.7903097,0.79064476,0.32407027,-0.10611594,0.4726698,-0.19773187,0.14562155,0.58280027,-1.0624584,1.4650543,0.64361674,-2.0424278,0.75041264,-1.3618354,-0.87735146,-1.9292899,-0.76029545,0.13244203,1.7085279,-0.4537366,0.32963482
448,-0.16469571,-1.8382603,-0.5587843,-0.64489645,1.6612657,1.2956975,-1.2431927,-0.7379898,0.13944739,-1.6901536,-0.26855594,0.72585726,0.74046206,-0.12373537,-0.29957756,0.6921193,-1.3635155,0.5401686,1.1561964,-0.05105507,0.2195463,-0.43503517,-0.83390665,-1.2142795,-1.3145639,-1.4985156,-1.6347148,0.42408538,0.43213946,0.7910447,-1.9011478,-0.9117199
449,1.9681244,-0.06987689,0.75031006,1.7418153,1.97916,0.11510161,-1.1408123,1.1756256,-1.131522,-0.0058286153,0.3000454,0.3931271,-0.13544525,-0.7503892,-0.8353636,2.271575,-0.9910758,-0.1303327,1.567979,0.5727175,0.42339334,-1.1635743,0.21006899,0.1481796,-0.44374663,-0.7115795,0.21104407,-1.0504688,0.34871775,-0.4008649,-1.1379502,0.22616564
450,0.68484205,-2.1705232,1.0485513,0.5826011,1.2786005,1.51953,0.38647163,-0.017237337,0.031682845,-0.56595796,0.5436911,2.0142686,1.4858077,-0.84148455,0.73969156,-1.5050807,-0.036855817,0.034273352,-0.37053183,-0.2938688,0.7035927,0.1765337,0.5793232,1.8164288,-2.072166,-0.042152464,0.87284344,-0.9222063,1.0109057,0.081483945,-0.3322344,-0.43685248
451,0.80456626,-2.0828428,0.9048611,-0.060681216,1.2797122,0.37838605,-0.11227026,-0.39592886,-1.0445186,-1.0243362,0.04446588,1.6115242,1.5839492,-0.82751673,-0.018513627,-0.34685326,0.6876424,0.18699819,1.3786561,0.42150885,0.44682974,0.064757355,0.34838986,1.4257776,-1.6879653,-0.21194996,-0.899752,-0.87680995,1.4010111,-0.34280944,-1.197766,-2.1284466
452,0.8578692,-0.05144959,0.1464314,2.0927267,2.491341,-0.96765983,-0.87090355,0.97823304,-0.045665048,-0.7723525,1.1861145,0.09991374,1.0299251,-1.3923495,0.41089982,0.71757704,-0.16117086,-0.976206,1.7608585,-0.2686941,-0.29043418,1.6155405,1.0366036,0.624615,0.5844156,-0.8641403,0.4751917,-0.9758472,-1.0649999,0.56394815,-0.44477707,0.40228117
453,-0.42262456,-1.9080778,1.1150467,0.4022757,-0.5251713,0.9956272,-0.50143594,-0.7945081,-0.25907302,0.27530408,0.6498436,1.372236,3.1359823,-0.7392856,0.34417176,-1.3627394,-0.077108406,0.35188758,0.96426785,-0.3047897,-1.0155979,1.4675295,0.89756614,-0.039748494,-1.1257962,-0.42431346,0.3156429,-0.40724087,1.4521933,-0.669852,-0.84782827,-0.80751616
454,1.0171838,-0.28978673,1.1389879,0.13667202,1.0229238,-0.18686228,-0.5132713,0.11653912,-0.2725739,0.7412668,1.2380562,1.2951341,3.3487616,-1.0778803,0.55340004,0.956096,-0.29009113,-0.2401855,1.8228496,-0.35149458,0.011660876,1.9056779,0.1675042,0.6503592,0.2333788,0.43146393,0.26992124,-1.0011722,1.3920945,0.5722474,0.27939245,-0.27150798
455,1.9597722,-0.771945,0.3032841,-0.74203837,0.25000212,-0.15209313,-0.57534397,-1.5002455,-0.23090659,-0.38255167,-0.17100792,0.9359265,1.5967097,-0.7603822,-0.35773546,0.8809395,-1.5278082,0.5300352,0.47630343,-0.35829386,-0.8683413,0.32431427,-0.80167663,-1.2755975,-0.39161232,-0.96637785,-2.1802628,1.4339948,1.7118939,0.88688636,-0.8174846,-0.6823506
456,0.79204637,-1.9828409,0.8514755,-0.50672644,-0.5631274,0.28626683,-2.3188598,-1.2517005,-0.08657487,-0.040343832,-0.3007936,2.1962998,2.044491,-1.301039,0.5808821,0.16912591,-0.6921033,0.9121361,0.84112483,-0.24555007,0.20630795,0.92142135,0.05490598,-0.37207773,-0.05969816,-0.7184136,-0.9116556,0.2885012,1.658718,0.116836175,0.09030764,-1.2560315
457,-0.46360058,-0.8687595,1.5159159,1.1849741,0.8766158,0.42368034,-0.31089202,-0.32395366,-0.28654692,0.40122864,-0.4638205,1.9293714,1.9397837,-1.2585689,0.6914058,-0.38749844,0.087263554,0.66606325,-0.009158297,-0.7744246,0.18803085,2.0869167,0.007250838,2.196927,1.122122,-1.3367252,1.2055801,0.004231717,1.2424059,-0.3694681,-0.2145944,-0.5223112
458,0.42569107,0.68809396,0.09341737,0.89097834,1.081242,-0.36154905,-0.012187209,1.8348732,-0.3940289,1.7785587,-1.1068333,-1.7215062,0.3553205,-1.0815521,1.0296481,0.37159565,0.06480164,-1.714739,0.5823186,0.57807916,-0.39788312,0.9227008,-1.1530144,2.2719805,0.572598,0.03706054,1.0139104,0.83709085,-0.25302094,-1.4492043,-0.5245785,1.2245263
459,1.1258261,0.94498813,1.0295396,-0.57871205,0.70873034,0.39700785,0.3074862,0.42989585,0.70311576,1.5160896,-1.2785789,-0.456317,0.7797123,-1.3302343,1.75424,-1.4061971,0.40881935,0.34077066,-0.79951704,-0.03388517,0.09766692,1.451464,-0.12965278,1.8223244,0.9881651,0.62652504,2.3646464,1.3040147,0.0019456255,-0.30241048,0.28489643,0.18113132
460,2.1156,0.48850358,0.7052842,-0.38030255,0.58463717,0.7166475,-0.331882,0.35760692,-0.071782656,1.0102366,-1.503259,1.0277333,0.97155994,-1.3108947,0.8340358,-1.2426935,-0.13028355,0.75732744,-1.1409328,-0.72226596,1.0487149,0.4167646,-0.92802763,1.6879519,2.157329,1.4081014,-0.3157145,-0.8989458,0.5227559,-0.2886341,0.94444287,0.10758932
461,0.994837,0.16498335,0.8631373,-0.64466155,0.5133843,0.74831194,-1.5506177,-0.268013,0.602391,-0.09103432,-1.2245431,0.7912137,1.8451343,-1.3335431,1.4534545,0.17920107,0.37826306,0.87489927,0.2454464,-0.9999227,0.4809848,2.6849356,0.8336701,0.3519565,1.8905085,0.64175546,0.14558999,0.05483678,0.70422214,-0.8362183,0.86358565,-0.3147087
462,0.98449033,-0.47736064,0.82402074,0.010357788,1.1178366,0.4454296,-0.0086961705,-0.7456612,-0.13925992,-0.7959534,-0.7508366,1.1953403,1.3500113,-0.57734746,-0.43616033,1.2066201,-1.6180097,0.3662965,-0.45080957,-0.9810469,0.05961651,0.3820526,-0.61735,0.32110703,0.8953881,-1.3131063,-1.6320012,2.4803827,1.9555907,0.52283937,-0.06859218,-0.78333443
463,-0.06133474,0.7973538,1.4067652,1.0337853,0.58794355,2.5293372,-1.1781172,0.09942897,-0.56503123,0.91943514,-0.3942911,1.1616738,2.5732813,-1.637859,-0.38456985,0.18106066,0.18977416,0.07097541,-1.4261059,0.31116134,0.68716943,1.3712437,0.2558254,1.282895,0.9809956,-0.2158773,0.29331085,-0.23187472,0.18417808,0.06193144,0.76690555,-1.2077054
464,0.5281788,-0.6668515,0.018859385,-0.7293561,0.6364772,1.0148549,-0.84728795,-0.37668365,0.4456829,2.3496795,1.180418,1.3050736,2.674852,-1.4148297,0.8508751,-1.1169544,0.041485526,0.4858231,-0.39517054,0.2719277,0.741712,0.8366712,-0.20918089,0.013956262,0.0096246395,0.96262103,0.7927557,0.28218716,2.0996675,-0.44326895,0.79654866,-0.40346512
465,0.6096273,-0.94763017,0.864372,-0.2951338,-0.02301539,0.49169046,0.2899547,-0.6038492,-0.86669075,1.61943,-0.18362126,1.557096,1.543319,-0.2600053,0.03409324,-1.2036391,0.697122,-0.9211212,-0.8196393,-0.19847977,1.5036601,0.3306106,0.08879853,2.646976,-1.8993456,-0.6688098,2.147147,0.39250627,-0.0494977,0.20959102,-0.2955762,-0.18545033
466,-0.39909145,0.23845933,0.97778994,0.9977772,1.5304508,1.2689549,1.1062564,0.25537583,0.8333084,0.86320883,0.66536164,0.030572962,0.7356141,-1.4724272,0.77763015,-1.3022091,0.39407018,0.6071788,-0.52662355,1.1756426,1.0277079,1.1963166,0.014721494,1.7810074,-0.29361004,-1.0533738,2.1439118,1.2179855,-0.8967917,0.6991423,0.032677032,-0.57313246
467,-1.4980087,-0.3620932,-0.5427653,0.29767966,0.15593839,1.7586173,-0.38141957,0.4232731,-0.6863774,0.657892,2.1405659,-0.3122115,2.3141954,-2.313437,-0.10555594,-0.74029946,-0.28092492,-0.82044995,0.47136176,0.68468535,0.4144462,0.842687,-0.47337505,1.0306379,-0.76533824,-0.9090713,0.18128228,-1.4700266,0.8881726,-0.028534498,-0.6457894,-0.47488338
468,0.87695116,-0.8663068,1.4967008,0.84712726,1.9580464,1.5018296,-1.1489214,2.767528,-0.6176777,-0.64049226,-0.2691419,-0.726054,-0.46947664,-0.25839263,-0.6657771,-0.4490488,-0.09473993,0.09293784,-0.7401541,0.7926814,0.2340109,0.6228001,-0.84046966,1.6408677,-0.67732775,0.7565584,1.8280574,-0.36034772,-0.24492566,-0.22254197,-0.41734573,0.7710312
469,-0.24760814,-1.1225556,-0.011640552,1.9073836,1.5068709,0.26980478,-1.5479513,0.17201126,-0.45408782,-2.436676,0.003941838,-0.67294866,-1.3890861,-0.11020968,-0.9515007,0.68851537,-0.30789748,0.64029217,1.3059078,0.24890055,-0.039223693,-0.28491458,-0.21644826,-1.2489215,0.313964,-0.5188614,-1.1032104,-1.1023732,-2.0607595,0.43181637,-1.0051883,0.2709801
470,-0.872927,0.36539185,0.034720164,-0.7838974,1.291731,1.8330262,-0.7988481,-1.1551005,-0.56023127,-1.633769,-0.3541405,-0.07512319,-0.975048,0.2422701,-1.0117972,-0.5524442,-1.6288202,-0.48349443,-0.7496165,-0.60024005,1.2721237,-0.7796877,0.2509054,-0.2841132,0.28175375,-0.47550282,-1.4321284,1.3197018,-2.1153822,0.1540696,-1.7490703,0.38896403
471,0.017502232,-0.84345746,-0.6046824,0.96638024,-0.38719606,-0.89678746,-1.7429539,-1.475924,-1.3018594,-1.1921121,-0.70772487,0.045164254,0.92132914,0.64350957,-1.6805737,-1.0054218,0.08763323,0.38874266,-2.3666723,0.57024896,-0.7462402,-0.3629828,-0.18491249,-0.92619663,-0.5209668,1.0804727,-0.79601616,0.32069618,-1.9725581,0.46664053,-0.16951245,-0.45930788
472,0.45887187,-0.8577716,-0.24309595,1.4106749,0.76876074,-0.6909198,-1.4882057,-0.4463073,-0.25649175,-1.2373945,0.5857022,-0.7811947,0.6957186,1.4419675,-0.7090135,-1.2636721,-0.5158957,-0.69256055,-2.0101833,1.226417,-2.3033829,0.51204073,0.1805766,0.70280576,-0.91958463,0.3232211,0.026841795,0.1702017,-1.6455458,-0.9860497,-0.13137628,-0.6999539
473,1.2292455,1.2698758,-0.26928324,1.1925477,0.33260527,0.2807527,0.45731145,-0.55455613,0.8039494,1.0615761,-1.2967215,-0.5595888,-1.4890028,-0.17448822,-0.41609046,-2.02634,-2.4806511,-0.2631292,0.6117512,0.45966154,-0.74277544,0.041855935,-1.3687754,0.048157256,0.97847813,-1.0169466,-0.2863574,1.0258363,-1.3082854,-0.22277907,-0.9143102,1.1595931
474,1.451365,0.80114114,1.2798214,-0.8038936,1.227707,0.6128271,-0.71353614,0.3227901,-0.5546714,-0.91642714,-1.3617883,-1.7096173,-1.6181756,-1.3809578,1.092852,-1.6194991,-1.2548394,-0.101509325,0.25978348,-0.21980537,-0.63501674,0.07909215,1.8296939,-0.7903972,0.5313365,-0.40665317,-0.9119269,1.1108953,-0.23260298,0.85776865,-0.86871284,0.87651676
475,1.8698937,-0.048764076,-0.9186663,-0.1177465,0.4773805,-0.93298763,-1.9657276,-1.1633977,0.480585,-0.47559538,-0.35763806,-1.106104,-0.37703276,0.4938318,0.38192168,-0.12835167,-0.49067503,0.1844808,0.29413846,1.3733912,-1.6455126,0.89931434,0.6617575,-0.6113073,0.21963768,1.3459381,-2.3744953,-0.38486096,-1.4737108,0.1938194,-0.70481634,-1.0958518
476,0.47968712,-1.0521418,-1.7109529,1.2262131,0.969061,-0.6205344,-1.3697354,-0.09431501,-0.045242663,-1.2798861,-0.39156678,-0.05061268,-1.4863703,0.666622,-0.019850038,-1.8910829,-0.7115318,0.48913708,0.7722891,0.34098092,-0.7104951,-0.3877294,-0.50661993,0.80139107,-0.96840787,0.59829354,-0.18624867,0.74294007,-2.6570382,-0.22809234,-1.2023504,0.034379788
477,-0.04321649,-1.779516,-0.46689948,0.6675412,-0.2296359,-0.5928628,-1.0740808,0.22043806,-0.16116124,-0.2621908,0.62412286,-0.13228117,1.0079702,2.0816958,0.12052416,-2.0445175,-0.7247334,0.36724776,-1.3459035,0.98487127,-2.5136142,1.2406336,0.31976193,-0.35198277,-0.17516455,0.9781056,-0.89625347,0.5535989,-0.9443991,-0.87357956,-0.5331335,-0.011253202
478,0.57380444,-0.81161964,-1.3268622,-0.6349529,-0.5478042,-1.207605,-1.0332783,-0.7937876,-0.049951684,0.4577222,-0.17358898,-0.7375436,-0.7734399,1.2950844,-0.07172731,-1.6984994,-0.45974022,-1.2994658,-1.8990903,0.55244356,-2.0268521,0.94983035,0.32917503,-0.46179506,0.35119298,0.34588724,-0.98081076,1.5745734,-1.3742056,-0.78645146,-1.3622086,0.082891196
479,0.79257876,0.49377742,0.052203227,1.0795487,1.5841008,0.34780005,-0.97879726,-0.15844195,0.40792176,-1.0191222,-0.63626885,1.4970102,-0.7315755,0.4760979,0.7100037,-1.5207931,-1.0011894,0.8823705,-1.1265368,-0.7347728,-2.506427,1.4127284,0.57683676,0.29256704,1.1908865,-1.0381817,0.5948665,-0.07544913,-0.81564397,-1.6856532,-0.36041525,0.076712795
480,0.42326534,-0.863176,-0.6017584,-0.03446831,0.33068538,-0.024666421,-3.0118985,-0.77395993,-0.24097838,-1.5112709,0.18141823,-0.7329019,0.10765547,0.35276052,0.07444839,-0.45363173,-1.2078063,-0.6296172,-1.4123756,0.6917796,-1.357517,0.067213394,0.6395051,-1.9066681,0.6488266,0.8195741,-0.9269682,-0.022819698,-2.0243347,-0.6371601,-0.550686,-0.32808566
481,-0.8684986,-0.6691986,0.14722176,-0.48847464,1.110419,1.613457,1.1471026,-0.33386037,-0.9122335,-2.1608112,-0.28981507,1.0227122,0.6226693,1.0399514,1.121867,0.4499801,-0.4524,0.20644778,-0.14568129,-1.9566422,0.13801682,0.70712554,-1.2568821,0.05560467,-0.9195432,0.25492775,-1.5324696,1.7117971,-0.18325113,0.79131705,-1.5172801,-0.40555277
482,-0.7723583,-0.8317166,0.14245465,-0.41491598,1.1369168,1.6074764,1.0623754,-0.3180828,-0.7844148,-2.1615999,-0.12019846,1.0007777,0.68473524,1.0687937,1.2351515,0.34626612,-0.4850441,0.28586715,-0.3301371,-1.7497505,-0.06155064,0.80018836,-1.1853737,-0.021394458,-0.9521333,0.3768602,-1.7024168,1.6833447,-0.22248608,0.74841124,-1.6589477,-0.52276903
483,-0.35917896,-1.6345842,1.0488403,-0.1422295,0.66478777,1.0914065,-2.0634658,0.15152483,-1.365082,-1.5316666,-0.85188466,-0.8861898,-0.49764544,0.21536167,-1.3826153,-0.15115374,-0.495588,0.017121658,0.13627763,-0.051788166,0.48164663,-2.0777836,-0.9927463,-0.6532029,-1.2834519,-0.60534555,0.089215696,-0.6838558,-0.4082241,0.42792058,-2.3982475,-0.1473959
484,0.7557501,0.70725673,0.71289206,1.1839846,1.8334168,1.2524347,-1.0467705,0.63616276,-1.8947428,0.093165785,-1.4433285,0.5013621,-0.95689476,-0.4335669,-0.28202254,-0.56720245,0.9004157,0.6076052,-0.5084873,0.30092296,-0.84165967,-0.6111418,-1.227972,0.781811,-1.8862536,0.3876711,0.44118753,-1.8370692,1.3631017,-0.35702914,0.1415043,-0.549169
485,0.91864115,0.973372,0.83410454,0.30488628,2.3995554,0.8134256,-1.217809,-0.6220139,-1.5055355,-0.7647687,-0.015906455,1.9838859,1.1339545,-0.81481457,-1.2512742,0.9474756,-0.32619697,-0.19271575,-0.23181728,-0.26788154,-0.27304035,1.3593168,0.4735601,0.76758003,-0.8785579,-0.33660075,-0.87033087,0.635605,1.2683752,1.6193027,-0.30955473,0.3065398
486,-0.30656984,0.5533296,0.73040724,0.013628945,0.22746427,0.31507534,0.11825293,-0.6805007,-0.78403807,0.47471634,1.723619,0.39324266,1.3105092,0.65214187,-2.1234663,-0.26497138,0.2428298,-0.4280799,-1.691257,1.2596515,-0.5898003,0.8707564,0.26132184,1.355121,-2.0412686,-1.7601231,0.9367782,1.4307935,-0.8908198,-0.2587733,0.0932699,0.2704933
487,1.509823,-0.19267534,1.7920703,0.64292234,0.6215975,1.6448197,-1.3263476,0.27432498,-1.1742036,0.0026442562,0.5340073,0.77763695,0.77960527,0.10213629,-1.518002,0.2999017,-0.7579041,-1.3100325,-0.9907944,-0.7650545,-1.3020016,1.4094975,-0.56195116,-0.07771808,-0.0012642046,-1.9336082,1.1262236,0.44850135,1.1199181,0.14679408,-0.7785216,1.2361908
488,0.2653005,-1.069562,1.2516621,1.0086119,0.9813315,2.0973902,-0.620661,0.4029845,-0.35500905,-1.1362245,-0.314447,-0.58825666,-0.48710063,1.6524832,0.83036005,-1.0785992,-2.0048864,-1.3148172,-1.4261458,-0.53440493,-1.1254805,0.5319265,-1.6270211,0.16322179,-0.122540504,-0.930846,0.026164576,-0.50484926,-0.94345915,-0.99228615,-0.7521851,0.82829505
489,0.6974592,-0.2550547,-1.192808,0.21760741,-0.82578194,-0.13345648,-0.97264254,-0.40694737,-0.5025892,-0.50476587,0.047946487,-1.6278672,-0.6847633,1.9719905,-0.87237,-1.6504838,-1.2062241,-0.79897714,-1.6203054,0.87039,-2.5367584,0.5947763,0.11419588,-0.97359484,0.3980114,0.2509318,-0.41802305,0.22251485,-1.2668524,-0.861608,-0.91369224,-0.1683653
490,0.2936218,-0.7236606,-1.1095377,0.49651453,-0.4602176,-0.6562832,-0.83385766,-1.076079,-0.0587363,-0.6165476,0.055807535,-0.96858895,-0.4072784,1.9460336,-0.49657655,-1.6536497,-0.28476387,-0.73005736,-1.6606896,1.3935981,-1.5086116,1.24658,0.24939255,-0.44425792,-0.3059128,0.13147987,-1.4984416,1.1463553,-1.5233068,-0.69850117,-1.176417,-0.3859141
491,0.99917215,1.301462,-0.44572842,-0.1471923,-0.32907346,-0.5796159,-0.2895433,-0.7930558,0.21425486,1.2429626,-0.6299235,-1.4523139,-0.5366543,1.3569682,-0.79740566,-2.0082693,-3.0363925,-0.2587349,0.52379674,0.7659722,-0.15753931,-0.23595023,-1.13232,-0.027815528,0.05193784,-0.5100448,-0.049285296,1.7606747,-0.92307234,0.1653599,-0.6737436,0.9390594
492,2.0754085,0.6632296,-0.4556281,1.1613054,-0.09380145,1.1739517,0.64744306,0.5353527,-1.2329198,1.3065292,-1.6346458,-1.0758734,-1.2722942,0.22273806,-0.38678536,0.6898121,-2.2808802,-0.94701767,1.0388838,-0.77698827,0.23701946,-1.1149865,-1.8074198,0.61495274,-0.24813941,-0.06754877,-1.1248056,0.5656048,0.25380984,-0.25480214,0.07754273,0.90603226
493,0.98485756,0.10142458,1.1025634,1.3736373,0.35951957,0.9982391,0.739526,-1.0143745,-0.53798777,0.7665841,-1.4964525,0.67605305,0.15975346,-0.61027855,0.3682233,-3.0366657,-1.1156727,0.35430625,0.34823874,-0.38596255,0.3268232,0.20696765,-1.2065737,0.5972245,-1.3691549,-1.5063747,0.52441484,0.903105,0.44465446,0.70125586,-0.76026565,0.44892475
494,2.019093,-0.5846022,-1.3306807,1.1173651,-0.6946422,-0.6872085,-1.1145777,-1.9917151,0.51395524,-0.1605079,-0.29862586,-0.7556549,0.037323378,0.84084624,-0.12236823,-1.4387206,-0.7802002,0.22256011,-0.6235182,0.8882389,-1.6567924,0.35841438,-1.0853103,-1.037125,-0.73581666,0.26984543,-1.0838126,0.46251717,-1.8356711,0.4178461,-0.552112,-1.1240947
495,-0.34094876,-1.8669232,-0.7466418,0.97401655,-0.11355587,-0.92772925,-0.55662227,-0.22970165,-0.32329312,-1.508476,-0.3172367,-0.5113569,-0.5793776,1.846781,0.064805344,-1.8135617,-0.34262958,-0.34478116,-0.7920391,0.100020565,-2.0151227,-0.59505355,0.0074029863,1.0963289,-1.0404524,0.26939076,0.39051166,1.4233731,-1.551592,-0.6134021,-1.5278025,-0.73669404
496,-0.5120243,-0.9924767,-0.49992767,-0.39119282,-0.4442309,-1.2788261,-0.15626524,-0.4638024,-0.63440084,-0.17164883,-0.105375454,-0.3246019,0.4406617,1.7201674,-0.7471198,-1.83282,0.88399565,0.20258477,-1.408544,1.1745006,-2.561458,0.05176897,1.4401616,0.5461619,-0.59986556,0.508724,-0.5475536,1.8246976,-0.44229674,-0.7720268,-1.3887537,-0.5750586
497,0.21855135,0.11960305,-1.3784344,-0.12125378,0.8336519,-0.96056855,-0.4767706,-0.98748785,-0.107878834,-0.047859557,0.34681433,-0.6053916,0.0752071,0.8473319,-0.5440776,-0.8124074,0.055163346,-0.7099806,-2.3302524,1.9459277,-2.0916631,1.4540458,-0.02175341,-0.6463341,-0.542781,0.2864524,-1.2461106,0.57923716,-1.8309708,0.43720824,-0.7766281,-0.979644
498,1.0392063,-0.059520215,-0.453519,0.80509824,1.3583764,1.010765,-0.8775575,0.5890299,0.16606106,-1.5189291,-1.2464333,1.0428866,-0.8454311,1.4426253,1.3506993,-1.2070563,-1.6857445,0.5161136,-1.2705568,-1.0863596,-2.1565259,0.7370744,-0.32355675,0.25936013,0.88151103,0.36858544,0.29554403,0.69956297,-0.63455206,-1.0219734,-1.0232371,0.33316326
499,0.48093426,-0.802335,0.00998951,0.10439763,1.5292941,1.9415776,-1.3921273,0.7570433,0.3227452,-1.0676591,0.5062966,-0.2745267,-0.43883747,1.145272,1.2114671,-0.3093198,-2.5647995,-1.2342242,-1.3751522,0.22439066,-1.1246288,0.9839787,0.02556764,-1.4453769,0.7566456,0.5415578,-0.24974105,0.77353823,-1.1390576,-0.8442935,-0.9437725,0.09955124
500,0.22205861,-1.6850406,1.1304532,0.056021556,-0.34126374,1.6518916,0.33460826,0.6541847,-0.23932174,-0.78698045,-0.0533547,0.9627802,1.7777069,-0.29132217,0.36645484,-1.570353,-0.7901384,1.3822603,-1.8241899,-0.7909469,-0.5336569,-0.039842032,-1.2755494,0.84946525,-1.3656182,-0.19045731,1.6870981,-0.8192738,1.447066,0.7783597,-0.20421062,-0.11043108
501,0.27195734,-1.7456723,1.1038581,0.10936024,-0.31661773,1.6477711,0.1426686,0.69856435,-0.32374728,-0.9528415,0.06339524,0.9032941,1.7531136,-0.16778485,0.3439987,-1.5386287,-0.7775863,1.3090901,-1.8990958,-0.6582216,-0.60868007,-0.0725592,-1.2747858,0.99387103,-1.4953527,-0.12703598,1.5822057,-0.75895846,1.4391717,0.6811127,-0.34432134,-0.13899957
502,-0.12498357,-1.6221812,0.78495985,1.1004862,0.9880332,2.5629053,-0.8059391,-0.22871503,0.10689767,-1.2142906,-0.3367036,-0.47391132,-0.3764025,0.16257043,0.538013,-0.5833087,-2.1832287,-0.27200317,-0.69112396,-0.1404129,-0.47489998,0.84103316,-0.90931165,-1.6022818,0.45242354,-1.786607,-0.31921667,-1.3159331,-0.522861,0.278081,-1.7373011,0.35771498
503,0.16790213,0.49725437,0.6474141,-0.4958771,0.81224704,1.6269069,-0.2740348,0.59709096,-0.09283747,1.3534976,-0.2516692,1.8931888,1.1995432,-0.6017981,1.4904299,-0.9431296,-0.116034105,1.2028385,-1.5940142,-1.1359267,0.46145245,0.9507075,-1.4376913,1.5723742,-0.4338923,-0.41709793,1.6305822,-0.15795425,1.4824938,-0.8812418,0.040087342,0.97253233
504,1.6847242,-0.0523298,0.641638,0.5275658,1.2354698,0.46105614,0.29548392,-0.842461,-1.1639357,0.5397879,-0.3699743,2.8552127,0.6206836,-0.22339495,-1.1666702,-1.2119904,-0.17713271,0.5464881,-1.188711,0.3035883,0.39957672,0.9235077,-0.5578076,0.85701364,-1.4414368,-1.2949755,0.5867241,0.9579603,0.2759144,1.8678486,-0.24306427,0.13538662
505,-0.96014047,0.06792051,1.4267037,-0.110928275,-0.61864424,1.9755487,-0.97056085,-0.59896106,-0.5482649,1.6170347,1.820635,1.1983805,2.1137102,-0.6821215,-1.2595437,0.29269144,0.39413923,0.4404808,-0.9648694,0.5388313,0.66321266,1.739425,-0.7778418,0.76816976,0.13436122,-0.9812861,0.4870211,-0.9130893,1.210363,-0.32369125,0.25029466,0.43305027
506,-1.0657696,0.38395107,1.2720256,0.2585315,-0.09099563,2.1983347,-0.80234474,-0.45719448,-0.6731192,1.9067346,2.193266,0.81414485,1.7975432,-0.63895345,-1.2889812,0.61264795,0.12539516,0.24428889,-0.77323276,0.75021803,0.7429639,1.8269222,-0.74668264,0.36815673,-0.21483096,-0.99342114,-0.008212271,-1.1803406,0.33280885,-0.07405199,0.5387301,0.6104374
507,1.4301461,-0.4109711,0.8992189,-1.0357229,0.9108273,1.7697657,-1.0002133,-0.3840186,-0.7028563,0.021529663,-0.14009807,2.4018962,1.838131,-0.30859512,-1.0041767,-0.49078265,0.18160374,0.34454086,-0.9678701,-0.120584086,-0.0069093104,1.9815735,-0.041658007,0.95315427,-0.5275628,-1.3170242,1.5856036,0.3764196,0.4800484,1.2002077,-0.26337782,0.42000294
508,0.7532526,-0.5225522,0.94595283,-1.1296154,0.4213779,0.00037605045,-0.8683261,-0.64238286,-0.61506873,1.3631551,0.16690733,0.47832027,2.105561,-0.70248914,-0.4631917,0.62903064,-0.6003483,0.33883053,-0.42374706,1.073993,-0.084155045,-0.04663091,-0.61002386,-0.5035825,-0.21499394,-1.6826774,-0.9774503,1.7548392,2.7683156,-0.1666403,-0.7241101,-0.83862346
509,-0.085210785,-0.6933779,0.5961118,0.9678362,-0.52593434,3.1935291,0.5899357,-0.38651735,-0.82796437,1.302261,-1.614174,1.0186098,0.76176566,-0.6550466,0.0417212,-1.2355361,-0.564494,-0.10773382,-0.48620003,0.2708069,0.50007194,0.1569231,0.06746113,1.3740772,-1.3005669,-1.6155772,0.92328364,-0.7719905,0.3550476,0.30820522,0.23101468,-1.6718823
510,1.2866328,0.2840847,1.714274,-0.25698438,1.0870949,1.5736624,0.060407348,-0.57910293,-1.1080525,0.5114657,-1.0581198,1.3645939,-0.04584985,-0.6966351,-0.80019563,-0.2260097,-0.14291443,-1.666201,-1.0463933,-0.1686657,-1.1934341,1.0763913,0.073159985,0.5025196,-0.15820302,-2.1327784,0.41833922,1.392066,1.3462777,1.4907607,-0.031996846,0.39756224
511,1.6473553,0.29644763,1.6948543,-0.22185495,0.03459654,2.0742583,-0.5624058,-0.66468793,-0.9775438,1.2661515,-0.96819645,0.7109888,-1.0948803,0.10422783,-0.8368347,-1.4531838,-0.4447668,-1.1328508,-0.3205831,0.13560767,0.19193853,1.4364723,0.019888107,0.8626697,0.086355545,-1.7157665,0.5018699,1.2580236,-0.13119742,0.39684042,0.18198009,2.1281986
512,1.6914159,0.235151,-0.0043793307,-1.0649824,-0.56585455,1.3256861,-0.64851516,-0.8248829,-0.39888775,2.1170015,-1.6108757,0.5626314,-0.019878633,0.16689266,0.4387446,-2.7341518,-0.8269257,0.17872475,-2.143549,-0.30954906,-0.018556803,0.023625487,-0.057620626,0.93869966,0.04030766,-0.8054833,0.7925864,-0.2521043,0.537378,-0.77682525,-0.36719644,0.28979707
513,-0.33725864,-1.4006956,-0.45974535,0.25249216,-0.19279239,0.9845837,-1.5883332,-0.005296865,-0.2827154,-2.0793297,-0.3107099,-0.36887693,0.8265373,1.6431259,0.48383847,-1.4699298,-1.2460397,0.26617897,-1.4622437,0.29954147,-2.0632539,0.11111654,-0.14012124,-0.12393514,-1.0506353,-0.41327146,-0.6848983,0.68073297,-0.23680237,-0.4737072,-1.5068631,-2.0088034
514,0.85239595,-1.0113358,-1.3765473,-0.60009974,-1.263279,0.53517526,-1.205702,-0.8195215,-0.18142304,0.11433685,0.39451632,-1.0234673,0.5573837,1.6161989,-0.6552634,-1.5857906,-1.5071937,-0.89341515,-1.5993998,0.93653554,-1.7637558,0.70447415,-0.6907241,-1.6623573,-0.048816506,0.08429053,-1.3409466,-0.14840767,-0.7427666,-0.17556012,-1.0828891,-0.388692
515,0.34983924,-1.295535,-0.8781106,-0.53492993,-1.0278338,-0.5580408,-1.0652647,-0.6265354,0.20715982,0.3398478,0.38214532,-0.8661182,0.859107,1.9059371,-0.5614444,-2.377299,-0.77168965,-1.1921257,-1.753342,0.914598,-1.5268888,0.1844589,-0.38411054,-0.100398175,-0.995335,0.28618068,-1.1180928,0.7282873,-0.920353,-0.44014552,-0.9518451,-0.64743227
516,1.0307777,-0.49592838,0.41876972,0.10958008,-1.75212,0.14522892,-0.29964188,-0.8534661,1.0138628,1.6864337,-0.14501473,-0.59360063,0.85988885,1.8034898,-0.949281,-1.5059217,-1.4937031,-2.1989229,0.5215868,0.22957511,0.8746803,0.053767014,-1.692179,0.18050666,-1.6130272,-0.74236363,-0.5593314,-0.4181515,0.038275138,0.5218686,-0.22216147,0.8504711
517,1.7612973,-0.9525315,-0.07565434,-0.33105946,-1.7397556,-0.7057365,-1.2574518,-0.060191717,0.7915897,0.97518873,-0.2819351,-0.9405449,-0.62302464,1.2006052,-0.30148298,-0.5242104,-0.6190817,-1.3527652,-0.53333753,0.55779725,-0.6720032,-0.48413995,-0.9646986,1.1821802,-0.6963458,-1.4621905,-1.6798589,0.24136278,0.83696103,1.9947023,-0.19487004,1.0439013
518,0.84723526,-1.1396829,0.5591203,-1.5207225,-0.6614907,-0.63447523,-1.0226799,-0.39310828,-0.18783087,0.57280564,0.49508053,-1.3679523,0.72630006,1.1819503,-0.87420416,0.30593634,-1.5620213,-1.3299143,-1.2421796,1.7960962,-1.2549398,0.05953898,0.43904576,0.68257046,-0.6360756,-0.905403,-2.223815,0.67727447,-0.011493125,1.1115988,-0.5080484,0.2781769
519,0.85949785,-1.4388506,0.41585597,-2.435653,-0.007946948,-0.39198136,-1.4391736,-0.7323735,-0.37213996,0.45029286,0.5701608,-0.96569586,0.81998056,1.1050781,-0.4050016,0.07300305,-1.093527,-0.89301074,-0.93676,1.7514143,-1.3934534,0.5674219,0.5158802,0.55675447,-0.762581,-0.3225268,-2.2671568,0.41671118,-0.36508828,0.8536736,-0.5774926,-0.18585025
520,1.2903528,-1.0742472,-0.20140311,-1.4316778,-0.4591715,2.2268913,-1.4496704,0.28990003,0.4124888,-0.20924754,-0.73528975,-0.7393223,-0.28442052,1.6096652,1.3015655,-0.82307214,-1.4242793,-0.709151,-0.6114273,-0.4908151,-0.4960508,2.1794386,-0.23845117,0.5262198,0.5268737,-0.8422859,-1.7176799,-0.3451694,-0.26098636,0.05215595,0.060223356,0.89612013
521,2.4316535,-0.31433177,0.15920922,-1.5629631,-0.33108604,1.7734609,-1.4746414,0.90226126,-0.19468315,0.30498284,-1.1469524,-0.21144071,-1.0999156,0.79400724,1.0179735,-1.0250161,0.21244116,0.1839259,-0.6173688,-0.62479407,-0.3994106,2.3339043,0.3903492,0.43947536,1.0643232,-0.00503705,-0.43661365,-0.8582186,0.187104,0.35541868,0.6676178,1.5358329
522,2.4973025,0.05586798,0.6988032,-2.0760808,-0.15815417,0.17400461,-1.3379147,0.6440561,-0.68690777,1.579954,-1.9349316,0.64280456,-1.241044,-0.06472638,0.26179358,-1.7111007,-0.21788001,-0.77863175,0.06452664,-0.21484248,-0.45464194,0.26684922,0.8869888,0.29222327,0.82942533,0.48423642,0.07928561,0.2624002,0.728579,0.61224836,0.8316136,1.674772
523,1.6468891,-0.6869509,0.8323997,-0.39324704,0.3482131,0.15556368,-0.34652203,-0.9955535,-0.91493213,0.12244387,-0.30005115,0.35611168,0.57599753,-0.45577997,-0.23777205,0.2825464,-2.2528317,-0.24039368,0.2903147,-0.2458856,-0.42991278,-0.2050643,-0.9712431,-0.39591578,0.025644379,-1.5960032,-2.5765257,0.71382207,1.9581959,0.95015234,-1.8111291,-0.28329992
524,1.9868233,-0.35995632,0.9359548,-0.6257039,0.2711958,1.6920626,-0.16913186,-0.1301726,-1.0044208,0.86564076,-1.4031959,2.2640154,-0.051419232,-0.07321908,-1.0099465,-1.8992137,0.47073793,-0.37084275,-0.85042584,0.21030235,0.5195282,0.9217814,0.19860166,0.78370476,-0.66378224,-0.6985842,1.7138605,0.15637031,0.5230921,1.4777772,0.55874676,0.37069196
525,0.092223205,-0.45820758,0.49576885,0.3820639,-0.08565549,1.7429888,0.8865414,-0.34128398,-1.3858858,1.9949702,-1.0144281,0.9741592,1.0292242,0.2765372,0.18493725,-1.3036083,0.5690311,1.0561582,-0.98218185,-0.19635071,0.1655077,1.267481,-1.5905907,1.6296022,-1.668508,-1.363077,0.5816193,-0.91738397,0.9654367,0.64067304,-0.2970093,0.8082476
526,0.09473652,-0.13346244,-0.37397775,-0.5960702,-0.8486724,2.2825823,0.14053784,-1.2104487,-0.9275548,1.6205167,-1.743364,0.17326485,0.86465865,-0.31114885,1.207117,-0.71422553,-0.32251835,0.26732412,-0.044935912,-2.0748913,0.1317277,1.411021,-0.27308068,1.7413614,0.97078216,-0.04224733,0.18930817,0.72108614,0.9126564,0.65632814,0.6464125,1.2393347
527,2.3031495,0.50230616,-0.5085287,-1.207435,0.7373424,-0.32208937,-1.7745303,0.666678,-1.5596253,0.45964015,-1.3710616,0.23980217,-2.0505319,1.2242936,-0.5789003,-1.0593216,0.21180126,-0.36945793,-0.2267242,0.9478399,-1.5246692,1.2684833,-0.021483438,0.21350639,0.56250244,0.29526192,0.13307339,-0.51547855,-0.60571826,0.6385709,1.0888066,0.48179525
528,0.5539186,1.5430605,-1.3011147,-0.75101393,1.6471992,0.83770496,-1.2214527,-1.126088,-0.88029826,0.8103254,-1.0145661,0.12263361,-0.7333755,-1.462087,1.2766191,-0.925526,-0.30524644,-0.6784673,-0.7267978,0.17060828,-0.27511117,1.5691391,0.9315099,0.73359853,1.975487,-0.18022509,-1.2776738,-0.5174237,-0.9330346,-0.8975665,0.02433789,-0.18945739
529,0.7310112,1.3921819,-1.3882431,-0.36426982,1.3340299,0.5497708,-1.4617603,-0.857419,-0.59647584,0.35250056,-0.73152447,-0.32837105,-1.0993929,-1.1307051,0.9874366,-1.1588901,-0.2675221,-0.34902832,-1.2496425,0.7600577,-0.70931363,1.1959867,1.0587771,0.58695734,2.1329238,0.0036648433,-1.3815888,-0.20276451,-1.3446546,-1.0571985,-0.15741684,-0.4161475
530,1.7267195,-1.7238299,-0.86792314,-0.42970002,-0.5382864,1.0948756,-0.77770156,-0.23185362,-0.40923503,-0.43575904,-0.114820845,0.24583647,-0.7416811,2.0541663,-0.7126882,-0.27154863,0.60710025,0.121872894,-0.5873902,0.19455113,-1.2449257,1.9887519,-1.4371699,0.029473558,-0.3621759,-1.6139338,0.09547496,-2.0319989,-0.707169,0.89120936,0.36132485,-0.2797577
531,-0.93078196,-1.5084045,-0.097129196,0.055476375,1.0513371,2.3385952,0.76925397,-1.0707866,-1.3955728,1.2204653,-0.21370047,-0.023746748,0.9490419,0.57394236,0.42664936,0.7037208,0.14603163,1.3058188,0.12601534,-0.78650546,0.47184932,1.6261157,-0.84347916,2.289558,-0.9735402,-0.798299,-0.09199142,-0.8630632,0.5144613,1.1610237,0.052562762,0.8504673
532,-0.9398322,-1.519085,-0.09388217,0.054460734,1.0605515,2.3325653,0.7711306,-1.0769385,-1.3990537,1.2170111,-0.20360748,-0.041747965,0.9554534,0.58193547,0.41757676,0.690888,0.14681773,1.3007067,0.113579586,-0.76926875,0.46206018,1.6282059,-0.8295332,2.2910073,-0.99140894,-0.8045584,-0.09583068,-0.85378325,0.5014884,1.1623025,0.047870666,0.84516746
533,0.8988031,-1.5993469,-1.0862615,-1.3488255,0.100967176,-0.3897666,-0.9555078,-0.4660631,-0.6709585,-0.20840323,0.35580245,-0.70966035,0.25680855,1.7521,-0.74375814,-0.15481131,0.65702903,0.3397141,-1.3006516,1.4909388,-1.7340157,2.2430189,-0.30583203,0.10733712,-0.49763864,-0.88452476,-0.4680791,-0.8930975,-1.6975338,0.4326067,0.11605196,-0.8343272
534,0.03760877,-0.5499121,-0.9944934,-0.6565916,-0.38377115,-1.2081435,-1.0945512,-1.7199425,-1.0856433,0.018070305,0.9363853,-1.0505941,0.5115014,0.41617122,-0.6094841,-0.6222229,0.27382845,-0.38470525,-1.1405237,1.0768799,-1.8816185,1.2003522,1.0778307,0.2991401,0.022078928,-0.5404624,-1.0263091,0.2704477,-1.9865851,-1.8821152,-0.6401113,-0.7531177
535,-0.057290815,-0.7287862,-1.2411096,-1.112543,-0.3393578,-1.3001726,-0.78461033,-2.2115426,-1.2452575,0.40537727,0.7983097,-0.69738877,0.98188454,0.096862,-0.37546864,-0.4918481,0.60402894,-0.22011359,-1.0953058,0.6786148,-1.5284551,1.4214187,0.87753624,0.4284858,-0.21276197,-0.5543775,-1.0789081,0.33597055,-1.7146597,-1.7337383,-0.7455128,-0.9626583
536,0.5431319,-1.2832845,-1.472975,-0.81799376,-0.1959533,-1.3021861,-1.1445863,-0.23377387,-0.4539336,-0.13518219,0.9660988,-1.4463398,0.04222302,1.1347417,-0.08871465,0.25062016,0.64387745,-0.026812172,-1.4799756,1.9581338,-1.5387423,1.5043081,0.5044367,0.1662642,-0.40632835,0.35372996,-1.2219296,-0.109453715,-2.0187998,0.20003556,-0.31180245,-0.9862697
537,0.22862105,-1.5722646,-0.64839685,-0.62517387,-1.8903494,-1.3351402,-1.0342182,-0.501018,-1.2635304,0.32883662,0.5868407,-1.2753465,0.66495204,1.0518444,-0.5540549,-0.085537106,0.6045962,0.059104145,-1.5198185,1.7466893,-1.5048565,0.47607967,0.7181382,0.44731545,-1.67313,-0.592831,-0.37924916,0.44434184,-1.1074905,-0.60013384,-0.7229567,-1.1790005
538,0.25441772,-1.8960425,-0.9599073,-0.43710434,-2.2396092,-1.5826784,-1.0946217,-0.51908463,-1.3989848,0.3191469,0.30837402,-1.0985188,0.7227839,1.0078189,-0.43574217,-0.0024819726,0.64842004,0.15861037,-1.0518106,1.5467339,-1.3791784,0.46422264,0.5445665,0.13375352,-1.7493439,-0.25580508,-0.3969709,0.22553898,-1.0696218,-0.29952353,-0.8410495,-1.144395
539,1.5674561,-0.92789567,-0.8190037,-1.019715,-1.6465428,-1.0625452,-0.79532677,-0.323073,-0.8132572,0.6523095,0.002523165,-0.56234044,0.05853297,1.0080093,-1.0239711,-0.09379868,1.0068094,0.9652611,-1.7085605,1.4000849,-1.8634394,0.52451795,-0.8301026,1.0408496,-0.7070471,-0.9413408,-0.7351832,-0.16602933,0.8359466,1.6826159,-0.762003,-0.46085817
540,-0.29667202,-0.6466384,1.0040543,-0.5324045,-0.30509144,1.4054532,-0.45664847,-0.948299,0.14493965,0.96900326,0.82284313,-0.88278717,2.340479,-0.17963849,0.20385219,-0.47172633,-1.5674137,0.68992996,0.5552837,-0.105415076,0.057232175,1.8802929,-0.874508,-0.9155786,-0.70318353,-1.0527072,-2.0180123,-1.008295,1.1175898,1.1400453,-1.1221634,0.6567246
541,-0.19774972,-1.6265504,-0.2824869,-0.88245213,0.25183636,1.06867,0.3126876,-1.7262844,-0.155094,0.10791552,0.3541484,-0.1680779,1.4603158,-0.574388,0.10858526,0.777782,-0.6730843,1.0270151,0.825814,-1.441619,0.09331925,0.5770975,-0.3204708,-1.0489163,-0.5755793,-0.5968049,-2.1849656,0.9203158,1.4719862,2.0021675,-0.5269936,0.9279058
542,0.50238144,-1.5465006,-0.16718438,1.8840135,-1.6406395,0.57131165,-0.02798443,-0.83218694,0.35989293,-0.2346735,1.1749138,-0.57916844,0.39433047,0.005033846,-0.028216574,-0.7414882,-1.8291221,0.032759786,0.552759,0.41440037,-1.015301,1.1801193,1.058836,-1.8493135,-0.79842585,-0.5737031,-1.2261139,-0.6904108,-0.9474619,1.9904313,-0.31655356,0.7476305
543,0.42243138,-0.86985886,-1.2036424,-1.3490766,-2.265601,-0.7192588,-0.26498112,-0.4571267,-0.20432894,2.2332394,0.4481784,-1.362253,0.44595402,0.9508158,0.13644724,-1.4456712,-1.4638062,-0.080977894,-0.5435278,0.34947512,-1.7470713,1.2317684,-0.36285496,-0.89220464,0.38229433,0.33643982,-1.1244621,-0.16457827,0.10624723,1.1628975,0.39260486,1.2402978
544,0.16484606,-1.6256394,-0.75729805,-0.4396539,-1.811905,-1.8649174,-0.2967166,-0.6273799,-0.83072436,1.9969814,0.833868,-0.8929121,0.48360446,0.8096589,-0.16602622,-1.7143055,0.49755713,0.094534874,-1.7016941,1.2650406,-1.2643267,0.7562483,0.7750046,0.5343926,-0.9941834,0.41028836,-0.29960266,0.77462554,-1.1291137,-0.40772757,-0.2766258,0.038816527
545,0.23417635,-1.4434,-0.4233855,-0.91793483,-0.14319704,-1.5814415,-0.49179855,-0.5422514,-1.2213887,1.0784634,1.2019311,-1.0371604,1.1723214,1.0735171,-0.06001961,-0.7825804,0.5173867,-1.1245872,-1.3098645,1.0969783,-1.4754145,1.5782099,1.0277294,0.5397997,-1.1194679,0.63731515,-0.25401178,0.72942156,-1.8282539,-0.7134433,-0.6375235,-0.3047766
546,0.6400422,-0.76474655,-0.08654842,-0.94669443,1.0590218,1.1861452,-0.44955674,0.6950016,-1.4012896,0.6277401,0.92044836,-0.5878289,0.5846534,1.7549475,-0.208758,0.44390175,0.34037676,-0.97268534,-0.74817234,0.25059384,-0.9754197,3.0330832,0.21644378,0.8001713,0.090304025,0.18142058,1.4607989,0.15679976,-1.7657554,0.027017623,0.3178386,0.71376705
547,-0.342238,-1.040176,-0.9281964,-1.3173469,0.6562425,-0.98497975,-0.6290206,-0.29595196,-1.1392505,1.4819372,0.49798846,-0.8934973,0.72361946,1.0376619,0.18193191,-0.40881482,0.4946747,-1.2999043,-1.4565727,1.5934123,-0.6585228,1.7703981,1.3051116,0.015662253,-0.96217275,0.81597567,-0.1444465,0.18513153,-2.2887902,-0.08484077,-0.040267892,-0.4417406
548,-0.48352563,-0.080265336,-0.25830662,-0.78513366,-1.2324207,-0.14407125,0.40968794,0.24384254,-0.5201674,2.3866222,0.2241716,-1.2593257,0.7980931,0.99142534,0.09964426,-1.4648025,0.19494249,-0.6314573,-1.2278504,-0.16777831,-1.1378837,2.6980836,0.39610776,0.8708002,0.3207005,-0.31013823,0.83223987,0.069393426,-1.0759875,0.6635703,1.1604888,1.7932882
549,1.5659462,0.30156288,1.0474594,-0.7507595,-0.17692386,1.9323933,-0.27710205,0.48578215,0.19476077,1.1330155,-0.42702883,-0.8790017,-0.2019112,1.0482291,0.8522772,-0.4439216,-2.042993,-0.6193148,0.88468856,0.38488945,0.54683447,1.5088519,1.2024251,0.9348765,0.33335185,0.8611587,0.64506847,-0.5682911,-1.7665899,0.07486551,0.48240384,2.2398655
550,0.15303612,0.07948088,0.118229955,-1.5042578,-0.0059248735,-0.6494774,0.29207277,0.2157034,-0.16579694,1.3703125,-0.72662926,-1.7968196,1.2163512,0.8571515,-1.6915585,0.6768376,-0.3731899,1.002986,0.77729887,1.3062565,0.730384,0.6120256,-0.010884124,1.8148541,0.3724431,2.294129,0.63871545,0.5956303,-1.1662698,-0.5214804,1.4486501,0.9341322
551,1.7226177,-1.3967328,-1.4405831,0.52630323,-1.5987827,0.53887933,-0.526935,-0.2550334,-1.7571346,2.559252,-0.12453819,-1.2683654,-0.52699375,0.9765376,-0.26811782,-0.19994622,0.30483335,1.8672392,-0.2563325,-0.43570954,0.22576983,0.48023534,0.22998199,1.0071205,0.8434981,0.5226209,-0.28417516,0.89689803,0.56988615,0.21835896,0.12815745,1.7239608
552,-0.3134507,0.19527376,-0.7526913,-1.8201325,1.0105215,-1.2186196,-1.1589705,0.42790446,-0.6585955,0.71497643,0.742052,-0.7726907,0.46679282,0.964417,-0.44271132,0.5059362,1.1995502,0.22971222,-0.27160054,2.0335014,-1.2172472,2.0480804,1.2611784,0.14698416,-1.107978,1.2865437,-1.1902473,-0.1676165,-0.91615796,0.7243102,0.6350279,-0.13100858
553,0.07105632,-0.8015924,-2.1832132,0.75267625,-0.72919357,0.43638864,-0.67961764,-1.113366,-0.44730785,2.2706199,0.68834996,0.5743595,0.41468206,0.580212,0.07952943,1.2283603,-0.3625197,2.0102062,-0.7083148,1.5519583,-1.038672,0.34190786,1.2553812,-0.66105753,-2.0222561,0.7436673,0.16503055,0.47060573,-0.7749365,-0.094485745,-0.35563257,-0.007929845
554,-0.06752015,-0.2686568,-0.05303587,0.5108554,-0.620398,-0.97809327,1.4424715,-1.2657502,-0.2131697,1.96074,0.5125309,-0.039127164,1.1707116,1.1618233,-0.13514957,-0.6263679,0.4707581,0.45739254,-0.06538923,0.07858479,0.57832205,1.1224121,0.1812858,0.9712377,-1.9001869,0.59086096,1.6238803,2.3329604,-1.5806942,0.38666782,0.35627005,0.581541
555,-0.4433926,-0.94652134,-0.7541335,-1.3895777,-0.08835132,0.2317786,-1.4125222,1.2569892,-2.1817245,1.2002053,0.39540923,0.13551429,1.5441971,1.1382896,-0.18825932,-0.15054105,1.2223195,1.6715107,-1.24683,0.8465552,-0.91150564,1.5714608,-0.34616143,1.6504347,-0.07185937,0.7930077,0.62779003,0.20280294,-0.5879697,-0.13021041,0.8423454,-0.42252868
556,1.0996609,-0.5312466,-0.9315481,-1.033911,1.0942378,0.17975077,-1.0177909,1.3732044,-1.4483957,-0.082474425,0.51958275,0.61375165,-1.0868801,1.3596468,-0.07857057,1.5618657,1.2984343,0.5201892,1.7951112,0.2594657,-0.5443043,1.8433366,0.102176555,0.6622461,-0.84161985,1.4691864,-0.22288708,-1.1853689,-0.5754717,0.9645279,0.36098063,0.19942084
557,-0.052960586,-1.0700103,-0.0792454,-1.5416332,-0.073430434,0.8721758,-0.8073141,1.3910726,-1.7546136,0.869862,0.7034565,1.0632614,1.768189,0.2917068,0.4379842,0.0021695313,1.0344263,1.8799626,-1.2963337,-0.1508793,-0.13263036,1.1592982,-1.3157305,1.5811349,-0.55276173,0.8963442,1.4407539,-0.1576298,0.83260244,0.5811824,0.997104,0.68317616
558,0.41790617,-0.8355578,0.33927706,0.77559984,-0.43142343,0.23351824,1.6875453,-0.84048694,0.3790098,1.9674544,-0.09348698,0.6803341,1.1511863,1.034673,0.56452155,0.35476768,-0.085282564,0.91190594,0.6964384,-0.31825817,1.3824326,1.5022132,-0.2621511,0.7381078,-1.6726232,0.5733438,2.2005963,1.8457066,-0.61674887,0.61052686,0.51709497,0.6777238
559,0.9553462,-2.4321582,-0.4130204,-0.44811916,0.3255534,0.098074146,-1.0332829,2.0387888,-1.3945602,0.4385018,0.22097838,0.20411658,0.14143848,0.0873701,0.2981446,-0.5083802,0.7366598,2.3937993,-0.76694435,-0.03692152,-0.023580756,-0.5492021,-1.6889669,0.44074413,-1.4698566,1.5324452,0.79128486,0.805885,-0.33346048,1.1587833,-0.39307708,0.5106612
560,0.28601947,-0.6208227,-1.1260283,-2.0055783,0.6201077,-0.76588666,-1.4586785,1.0923946,-1.042517,0.3586579,0.55537957,-0.25569707,-0.43118498,0.8730767,0.5535531,0.8403525,1.3558725,0.61086255,1.7437519,1.2287999,-0.7221847,2.025292,1.0320978,0.9290123,-0.91342145,1.1805758,-0.58250767,-1.1395221,-0.75970453,0.3412997,-0.265648,0.3031451
561,0.9065661,-2.190907,-1.3337991,0.70374215,-0.08511091,-0.5087354,-0.9078088,1.6123362,-1.1142976,0.67065716,0.3958964,-0.82726127,0.23423593,1.238261,-0.44516793,-0.51765066,0.3526359,1.8888223,-0.18621789,1.3134259,-1.1865296,-0.112131454,-0.68756205,-0.03826371,-1.7454062,1.2990826,0.17246334,1.0488172,-1.276321,0.6915266,-0.24394785,-0.11680736
562,-0.18428443,-1.4819667,-0.4166026,1.455156,-0.89273417,0.11047517,1.599813,-0.096509166,0.26424587,2.6395533,-0.06768708,0.38738856,0.7364509,1.4723444,-0.26493615,-0.79922235,-1.1711085,1.3175428,0.4532356,0.1575961,-0.26941842,1.4588435,0.37773952,-0.56853026,-0.7331316,0.929074,0.9190902,1.5055933,-0.5959689,0.6807041,0.6349816,1.5758643
563,-0.117984995,-1.359757,-1.4685264,-1.2856061,-1.0476944,-1.2013913,-0.7682343,0.5800747,-1.9777795,1.2518114,0.93912536,-0.82175606,0.95363927,1.4619018,-0.04703797,0.12091602,0.5407122,0.73332155,-0.32452267,1.4550174,-0.89039314,0.93137944,0.8832613,0.15712963,-0.31823733,1.7068748,-0.75954217,0.7564461,-1.3552237,0.31121197,0.46892047,0.37019965
564,-0.3868956,-1.2070763,-1.5663536,-0.8588621,-0.583587,-1.3660233,-0.016373344,0.03720031,-1.1396041,1.5238895,1.0887865,-0.41331986,-0.02962349,-0.025589973,1.1089685,0.25882095,0.2540751,0.089129895,0.47515446,1.4741331,-0.5164259,1.5255324,1.5147804,0.40449247,-1.1129211,1.7635075,-1.5874594,-0.19333823,-1.3678546,1.0295724,-0.9798632,-0.10133047
565,-0.2876327,-0.86394036,-1.2537584,-0.47344252,-0.5838365,0.32669705,0.030627765,-0.24224308,-0.21384695,2.6357207,-0.24256955,0.006175084,0.49145746,1.066131,0.35836184,0.023780193,-1.5414156,2.622779,-1.1766955,1.2799187,-1.488854,0.39045814,0.9879296,-1.2501549,-0.43308985,1.3208035,-0.36838552,-0.3729986,-0.640523,-0.19104698,0.09735397,1.6850251
566,-0.38098308,-0.26479656,-0.9846292,-0.88286656,-0.9365088,-1.7712471,-1.0051646,-0.29782557,-1.2353729,1.6956531,0.6603083,-1.6305034,1.052368,0.68019456,-1.0849065,-0.31317127,0.62759894,1.0375623,-0.9629668,1.7730743,-1.8405026,1.1768987,0.9341475,0.20341735,-0.14840591,0.47531494,-0.98702055,1.3875005,-0.47553015,-0.45584828,0.30606836,-0.16267237
567,0.4052423,-0.8400871,-1.5558457,-1.0312183,-1.0226613,-1.3346455,-0.5783233,0.72424644,-1.8163908,2.0275753,0.4146518,-0.5580298,0.060889293,1.2649018,0.024082195,-0.106550656,0.4814055,0.70572734,-0.35808578,1.0445119,-1.525487,1.676599,0.28483975,0.41537762,-1.2314196,1.6310266,-1.2359514,0.2081673,-0.023299469,0.8942564,-0.0760654,0.66331184
568,0.19484517,-1.2786804,-1.5054771,1.6979964,-0.53778297,0.45589104,-0.6184011,-1.102373,-0.22180909,1.3909409,0.49945015,-2.1076806,-0.4212772,-0.5371694,-0.47515044,0.38020793,-0.22216938,2.5445428,0.5291268,0.6333892,-1.1820393,0.71567553,-0.025557261,-0.6821529,0.49620876,-0.23103239,-1.2346551,-0.60879415,-0.57071596,1.8213499,0.634867,0.96215355
569,0.14867407,-0.5700933,-1.9216028,2.534296,-2.1666698,-0.5013262,-0.6749505,-0.2406608,0.1352132,-1.0400894,0.23873974,-0.7646767,1.0194556,0.24334165,-1.4742185,-0.5270726,-0.36790824,1.6517204,-0.57743096,0.9963273,-0.8250826,1.192935,0.04794537,-0.7312686,0.08297844,-0.31635827,-1.146788,0.19480503,-0.622305,0.73393387,-0.21864682,-1.7103329
570,-0.58085066,0.4096123,-0.6885896,0.46514854,-1.6408116,-0.9855202,0.18494296,0.5397449,-0.29717472,2.2568119,-0.35135278,-0.93581134,1.0239104,1.3149589,-0.59089726,-0.337228,-0.25997397,2.1152513,-1.3100085,1.3980628,-0.9788024,0.61575,-0.5923989,0.57224125,0.8826747,0.94640434,-0.89628017,1.8988912,0.35363206,0.16718878,1.0908012,-0.73001504
571,0.29962543,-1.5887887,0.1019247,-0.26942104,-2.0901897,0.18946806,0.93561333,0.059618454,-0.9289784,2.3449242,0.16805695,-1.2697971,1.2755649,0.97513074,0.026741076,-0.07682528,-1.7577912,1.0713925,1.1319953,0.3428887,-1.4775931,-0.025528016,1.2118921,-0.8234357,-0.21675676,1.5888901,0.043871872,0.35711664,-0.46992475,0.5813642,0.48746198,1.4104946
572,0.062724024,-1.1447204,0.63523644,-0.90270776,0.27342477,0.73411125,0.12618846,1.229713,-0.07718283,0.4126027,2.0082724,0.023784596,1.2147276,1.8223779,0.3991729,0.2942808,-1.6785417,-0.40599838,-0.13524072,0.9344489,-0.517706,0.94901985,-0.42509577,-0.51838607,-1.6117464,0.67583746,0.23761569,1.4471394,-2.185264,-0.56004345,-0.5662645,0.59674704
573,-0.18412961,-0.9184914,0.46995437,-1.2469525,0.30814126,0.7729381,-0.3828856,1.6134723,-0.9461289,-0.67514426,0.5236372,0.57425517,1.4832925,1.450819,2.0504866,0.46749997,-1.3278315,-0.59984046,-0.11834426,0.43218243,-0.19040361,0.6805462,-0.49542472,-0.37146902,-0.7607547,1.3011837,0.22418554,1.4545211,-2.4437385,-0.37377605,-0.581703,0.54983455
574,2.197122,0.41970047,0.7588815,0.44299632,0.5819693,0.8529533,0.30199802,-0.7551785,-0.272077,0.14547059,-1.4372383,1.130232,0.43422547,-0.6425033,-1.2462928,-1.1899817,-2.2688673,0.7380816,0.7741077,0.67597,0.20831764,-0.51225674,-0.2865773,-0.3186827,-0.861924,-1.4238535,-0.6954364,1.7169669,0.6766284,1.0481614,-1.5389075,0.192717
575,0.9162626,0.18385056,0.7699222,0.73611695,0.5166568,0.75895405,-0.5395093,-0.5995922,-0.47944435,0.15670165,-2.6951952,0.5265754,0.32432103,-1.948737,1.5631711,-2.2703118,0.13236642,0.929164,-0.09706215,-0.22461988,0.78386617,1.5185267,-1.0488939,0.708316,0.86526686,-0.39084885,0.6754328,0.5621646,-0.302812,-0.088151686,-0.95009446,-0.4382163
576,0.61823106,-0.67973536,0.22200286,0.74978834,0.0136056645,-0.5649089,0.88842577,-1.621697,-0.19762182,0.83662266,-1.3535701,1.7381239,1.2138114,-1.3420393,0.009960734,-2.4384642,-0.27274868,1.0432519,0.5153545,0.09460884,0.29784706,-0.012881008,-0.6567348,0.57459927,-1.8024036,-0.92246485,1.3590202,0.3460323,-0.064918034,0.9596567,-1.0111815,-0.83922017
577,0.42927864,0.32490826,-0.08347767,2.0448537,0.12536071,1.037309,-0.85856634,-0.9626306,0.26436758,-1.2660694,-1.396444,-0.40830246,0.40790108,0.5171907,-0.49082896,-1.4133902,-1.8867698,0.048505206,1.0499549,0.34717616,-0.26244068,1.7931504,-0.69440866,-0.9502182,-0.15283468,-1.3747848,0.15052763,-0.7441211,-1.8899293,0.9732816,-0.955076,0.43887174
578,2.2347138,0.27174008,-1.0552402,-0.25117293,-0.49261668,0.17735155,-1.6133554,-0.53736407,-1.0952382,-0.38217372,-1.901348,-1.0025502,-0.8617297,0.66387033,0.087568596,-2.0098732,-0.8546998,-0.22606292,-0.58179116,-0.07756083,-0.6448631,-0.5470553,-0.2671808,0.6117093,0.3209582,1.1228298,-1.5648853,0.957855,-1.0927233,-0.47386897,-1.2995182,-0.14126155
579,0.680264,0.099445246,-0.107044116,-0.5717689,1.6596333,0.9639267,-1.6190612,0.6526094,0.90435815,-0.8575645,-0.24005036,0.55351335,-0.30777723,0.24404296,1.8366975,-1.1800481,-2.1598775,-0.5251526,-0.27048358,-0.8223697,-1.1023788,0.32486448,-0.96270335,-0.06873005,1.3405708,0.55392194,0.8639508,1.1711591,-1.8235317,-0.91593534,-0.7842889,0.29813752
580,0.54380476,-0.20922174,-0.5130698,-1.403883,-1.2043809,-1.6849986,-0.6502302,0.2098734,-0.27881694,0.008421295,-0.35360506,-1.4536674,-1.4501932,0.41029826,-1.0394212,-0.10507029,-0.81521904,-1.7344931,2.9854531,-1.066944,-0.13890259,-1.1345736,-0.19199009,0.48579913,-0.73374623,0.87618595,0.040629838,-0.98172826,-0.044414718,-0.46782118,1.4811884,0.37524968
581,1.1414646,0.96787596,0.03419953,0.53098667,0.9367888,-0.47765702,-0.6824098,1.9046125,-1.394459,-0.052604217,-0.27719635,-0.27634737,-2.7223513,0.18782775,-1.1109018,0.3473748,-0.065157466,-0.33829048,2.184927,-0.6756715,-0.5809355,-0.93371165,0.15216543,1.0768119,-1.0565325,1.29443,0.87867165,-0.9811579,0.25534558,-0.2965873,0.8618688,0.5718472
582,-1.2971065,-0.09621865,-1.0452169,1.7665371,1.1867479,-0.5617218,-0.13962258,-0.28322414,1.1915356,0.32262692,0.15401372,0.3721913,-0.73602223,-0.23523387,-0.736145,-0.0419406,-0.22903681,0.78280073,2.55793,0.58497876,-0.73460823,0.78938943,-0.4583489,-0.008659499,-0.65988165,-0.20014067,-1.5846312,-1.8667805,-1.587792,1.4423126,0.16886964,0.5662525
583,-0.2004441,-1.1909572,-0.5075777,0.60134596,1.327272,-0.5501491,1.7795253,-0.72676265,0.058263425,0.77337056,-0.63611907,0.8703034,-0.07862612,-0.0033099053,-0.08913309,-0.16153762,-0.32638383,0.37026784,1.6560866,-0.9389567,0.26181757,0.24930008,-1.2169949,1.7155316,-1.3490565,-0.527221,-0.728203,-1.9151253,-0.22181708,2.3163004,0.93501997,-0.4924559
584,-0.5040373,-0.9624023,-0.13421972,-0.48058814,-0.31297153,0.19083588,1.248308,-2.3120327,0.37479925,0.6993658,-0.72129947,1.3956423,0.07414361,-0.05532128,1.4105672,-0.74543166,-0.7298935,0.7554327,0.60308915,-1.7986661,0.3497845,0.11866454,0.013477526,2.067385,-1.4860202,-1.1096044,1.3559853,0.4962531,0.9606309,0.18537346,0.53131914,-1.3655002
585,-0.3957378,-0.0201231,0.4106224,-0.4552299,0.78862035,-0.26967055,1.2149556,-0.15425436,0.8914658,1.4450413,0.1410554,0.04883161,-1.0516347,-0.03887862,0.053662833,-1.9855059,-1.3367945,0.19526125,2.3348286,-0.32625243,-0.90660644,0.30854365,0.33758828,1.1466761,-0.60383433,-0.07090638,0.7329679,-0.27471954,-1.6906964,0.94907457,-0.22072183,2.5605195
586,-0.9283735,-1.6145906,-0.42595908,0.57083666,0.18887708,-0.5245777,0.031233685,-0.14812763,0.05297934,-0.7066426,0.21587023,-2.1687822,-1.1273232,-0.6986221,-0.2091904,-0.7525506,-1.1932594,2.0475361,1.5301027,1.0921041,-0.3240414,0.29210013,-0.74051416,1.4151121,0.3897252,-0.23761189,0.77898073,-2.2876785,0.28637177,1.574616,-0.0027063743,-0.4142599
587,-1.1723787,-1.2264918,0.059560925,-1.2129328,0.6589201,0.6431802,-0.28895625,1.4730655,0.03650413,0.62131554,-1.3059466,-0.87439865,-0.7719352,-0.27068552,-0.0019995675,-0.9912362,-0.037141826,0.9856601,2.2268507,0.58180636,0.7276323,-0.95973516,-1.7617135,1.0531216,-1.4554789,-0.4466406,0.8209723,0.7213259,-1.354439,-0.2219849,-1.8094732,0.20049016
588,0.009743083,-1.1223285,0.06066718,0.22455329,-0.19756559,0.8157444,2.2738614,-0.5435796,-0.8147851,0.24185327,-0.042579547,1.4902679,-0.13860832,-0.6801818,0.4406527,-1.2842371,0.53678286,2.1070387,0.45905527,-0.20164014,1.108145,-0.08089834,-0.55639046,1.0651027,-2.2173648,-0.8863759,0.9612376,0.22563607,0.27965793,1.8247675,-0.53746635,-0.8086508
589,0.022569364,-1.1299723,0.061981205,0.22405936,-0.19398096,0.8055616,2.265223,-0.53180134,-0.82250214,0.24666071,-0.038943715,1.4830911,-0.14492881,-0.68152004,0.4361356,-1.2806863,0.5364285,2.109649,0.46560222,-0.20132773,1.1094725,-0.096275754,-0.55184776,1.0713706,-2.2235322,-0.8857092,0.9688108,0.21480827,0.2798541,1.8230063,-0.5382969,-0.81259334
590,-0.84749544,-0.5330476,0.2610057,0.6092187,-0.3197149,-1.3621167,0.007672318,-1.0241944,-0.98302656,-0.71578115,-0.25521138,-0.62501484,1.8297896,1.7748114,-2.0012105,-0.45040816,0.8009138,0.71223694,-1.15016,0.7897643,-2.1296563,0.54733914,-0.33352464,0.97895974,-0.6462237,0.78354985,-1.1262939,1.0021412,-0.7491624,-1.336197,0.14148861,-0.36523688
591,0.5536154,-0.68325603,0.25165322,0.080287665,-0.7166959,-2.7530944,-0.80013615,-0.2261842,0.19069786,-0.4668052,0.8415589,-0.16790017,1.0430199,-0.7407974,-2.3365533,-1.5624005,0.9577992,-1.0655565,-1.0494686,-0.20124723,-1.6487926,-0.23207833,1.1710345,1.0122055,-0.5302936,-0.17501174,-0.6670502,0.5422654,-0.43819994,-1.4882219,-0.70491797,0.31324857
592,1.0473169,0.1718881,0.6125817,-1.6995426,-0.3123022,-1.4883573,0.5217327,-0.7506388,0.44261065,0.24911046,-0.7308317,-0.7518331,-0.7547904,-0.60344416,0.02138511,-0.8781741,-0.34560856,-0.8098712,3.0830474,-1.4608335,-1.6177316,-0.55458593,1.469647,0.1910732,-0.26173767,1.519066,0.26250303,-1.0322912,0.12412614,-0.54582685,0.31074473,0.6838752
593,0.48374987,0.77183384,0.061476436,-1.8038359,-1.5032291,-1.086026,-0.86858624,-0.7368319,0.44221142,0.7672439,-0.84864503,-0.8977653,-1.3552934,-1.4401814,-0.0019352896,-1.3270358,-0.4120158,0.27318025,2.1037545,-1.2884513,-0.86076355,-0.24208102,1.7793326,-0.43576396,0.1716992,0.8389336,0.7675014,-0.79234767,0.9193392,-0.9844664,0.8748185,-0.22484063
594,1.5559639,2.5752013,0.72314066,0.20723046,0.36080226,0.75766116,-0.7865894,0.019027028,-0.9744216,1.2383536,-0.9003064,-0.74964124,-1.0318654,-0.88767105,-0.5203633,-0.40369198,0.12658624,-1.0964428,0.61467874,-1.2720699,-1.1217352,-0.25598097,-1.2363368,0.113986805,0.58662,1.638973,-0.5520956,-1.3157128,-0.27795568,-1.2430259,0.9041962,1.3401562
595,-0.5102686,-0.5909164,0.066662274,1.511149,-0.017531415,1.01516,1.3858732,-1.0105311,0.2178768,-0.35083395,-0.19723438,-0.498624,-0.486555,-0.8129038,-0.6503221,-1.4325838,-0.85344833,1.2020204,1.3343258,0.45925504,-0.33318028,0.89302117,-0.072515115,-1.0400112,0.41747463,-1.9261585,-0.30905643,-2.2731519,-0.9203355,1.7503995,-0.44826746,0.6368855
596,1.5924379,2.5018978,0.7367799,0.20304936,0.2751959,0.80795807,-0.7947615,-0.03682344,-1.0318002,1.1969236,-0.96604866,-0.63199186,-1.0891558,-0.96282357,-0.49679175,-0.43357784,0.17051111,-1.0844926,0.594469,-1.3434283,-0.9643016,-0.3496339,-1.2284696,0.3060128,0.58252686,1.6070057,-0.56919825,-1.3052083,-0.26086882,-1.2580299,0.9063028,1.3015435
597,-0.49752063,-0.595493,0.06018825,1.522457,-0.019872908,1.0032871,1.3732594,-0.9978528,0.21726945,-0.3522651,-0.19848737,-0.5042588,-0.4974055,-0.8068489,-0.64956075,-1.426697,-0.85878736,1.1960261,1.3429997,0.458034,-0.3384909,0.8887492,-0.07600201,-1.0440894,0.4171765,-1.9235847,-0.31025487,-2.2843008,-0.9307358,1.7466096,-0.44816008,0.63962257
598,0.3540446,1.407122,-0.065413155,0.505416,0.52060515,-0.34402564,-2.5704985,0.9088545,1.1768479,-0.18572631,1.0079919,-0.15002982,0.07362374,-1.2384305,0.8630323,-1.3611559,-1.446631,-0.509808,0.97013557,-1.131998,-1.6471889,0.7614077,2.3236034,0.14930758,0.4871323,0.62571263,0.30583385,-0.28307518,-0.37145364,-0.7649685,-0.22841552,0.70579386
599,-0.21802956,1.4675416,0.6687075,1.4039495,0.8793081,0.8476592,-0.7577812,-0.30264714,0.9783193,0.11448048,0.23015107,-0.96712303,0.14677428,-1.3084719,0.9909672,-0.53550434,-0.6704859,0.030522037,0.78184307,-2.2417953,-1.78628,1.8658391,0.85600436,-0.5357805,1.0612218,0.07512421,0.7495403,-1.6612668,0.17098075,-0.122188285,0.374258,0.9812399
600,0.7463868,1.6803879,0.62356657,0.7962316,0.28803474,-2.087508,-0.39670643,-0.51743,-0.5433375,-0.16768108,0.18941541,-0.047338042,0.5511269,-1.2782214,-0.75274074,0.3406701,1.3570452,-0.7136818,-1.4397198,-2.0066996,-2.3547633,0.20975396,1.3985766,0.17968464,0.7155848,-0.081845336,0.64485687,0.33012158,-0.23157246,-0.3980658,0.47403106,1.7589593
601,0.42169023,1.3247507,1.3269814,-0.80100906,-0.8564803,-1.435706,0.32613212,-0.023340717,-0.042064536,0.84878796,-0.17721525,-1.2899677,-0.2978674,-0.433841,-0.4853198,-0.87818855,0.8055767,-1.8069328,0.59879863,-2.583038,-1.531057,-0.21232304,0.42746922,0.9416215,0.19014272,-0.3999472,1.4745843,-0.41156647,0.8581083,-0.01456182,0.377133,1.7370244
602,0.5898373,0.8504608,0.08767419,0.10218028,-0.12342164,-0.4946446,-0.9942645,2.750512,-1.2475417,0.44578907,-0.49733195,0.3416772,-0.40289754,-1.4890308,-0.7107613,-0.04452146,0.8745791,0.5409654,0.7922058,-0.7843566,0.066359684,-2.0064552,-1.5348655,1.6813532,-1.4804695,0.21718489,1.1331737,-1.0220653,0.17833506,-0.23636413,0.08056472,0.6604454
603,-0.012576415,1.6050872,0.8159724,-0.30596718,-0.6976774,-0.013983011,0.1880808,-1.0281007,-0.072916135,0.45800233,0.29634476,-1.2166262,0.8207272,-1.0742844,-1.1890421,0.40226778,0.57550097,0.121688545,1.4282151,-1.8137499,-3.0414982,1.3747181,0.47044718,-1.0686116,-0.089992166,-0.34824982,0.28239438,-1.1518633,1.1958817,-0.25671372,0.8790911,0.8074579
604,0.028633282,1.6332735,0.89382297,-0.2919279,-0.70102346,-0.04873993,0.16380288,-0.9593596,-0.010963405,0.6001135,0.25702083,-1.2260058,0.77628464,-1.1949767,-1.010702,0.5168498,0.69665,0.07874264,1.5151523,-1.8395844,-2.976655,1.2690856,0.6767458,-0.87433195,-0.2596692,-0.18718755,0.3051719,-1.0591204,1.2776175,-0.31178862,0.97742647,0.7132346
605,-0.23333651,0.7133951,-0.24854396,0.9144876,0.2429869,-0.6400062,-0.24529746,0.90701383,-0.76837015,-0.37481257,-0.6203385,-1.4726465,-1.3366656,0.20557816,0.38745612,0.2915406,-0.7451276,0.09690768,-0.84407026,-0.9209071,-1.9307448,-0.15961894,-2.0886443,1.925196,0.7694324,0.7740844,2.5906694,-1.2926239,0.90439945,-0.078630894,0.55567074,0.41384313
606,0.82654405,0.82041794,0.27316442,1.5667694,0.61664647,-1.6322137,-0.6876314,0.9146658,-1.2796367,-0.5409725,-0.91735816,-0.02711632,-0.74204314,-0.5858994,-0.5202554,0.19889057,0.75746804,0.34134394,-1.5755354,-1.2324108,-2.1398625,-0.4475525,-0.38156897,1.4214854,-0.101400435,0.96650237,1.2330437,-0.97190887,-0.66547376,-0.64275265,1.5740834,1.4227154
607,0.5054078,-1.9177886,-1.4001898,1.5943785,-0.37548172,-0.7904599,-1.0644529,0.5451736,-0.5743297,-1.9536426,-0.19159518,-1.0901024,-1.5450385,-0.20163734,0.21903597,-0.31861904,-0.65165865,2.4649806,-0.22317037,1.2567092,-0.90603894,-0.24987863,-0.3144454,1.0853928,-0.96667784,-0.26404122,1.1838659,-0.9066806,-0.25123328,0.83956474,-0.7563637,-0.3688909
608,0.8447758,-1.5564789,-0.73558855,1.4429631,-0.16030307,-1.6534729,-0.061651062,-0.7614958,0.43024302,-2.4929147,0.60788935,0.510906,0.07079992,-0.23561522,-0.7628416,-0.78269786,1.7486532,-0.38967595,0.2512601,-0.30338094,-2.2115974,0.9377498,0.8566197,-0.9739232,-0.37736425,-0.7469245,-1.1089587,-0.9827363,-0.8960227,-0.96706146,-0.1882369,-0.8605758
609,0.9136684,-1.5072037,-0.6288898,1.4482636,-0.03195218,-1.7896309,-0.026531719,-0.73541796,0.29316917,-2.662726,0.6070573,0.6351251,0.015391427,-0.35196483,-0.8271159,-0.9409424,1.7775943,-0.38330793,0.13584943,-0.33402532,-2.1069934,0.72588223,0.72791046,-0.4859878,-0.2420222,-0.70456076,-0.95748824,-0.9234251,-0.95712835,-1.1733252,-0.23250309,-0.77421707
610,-0.36921376,0.16228457,0.5160615,1.1588391,-0.08320558,-1.9566342,-0.18843614,-1.1283422,-0.03905465,-1.8007357,0.50135684,0.22530566,0.42630893,0.33549738,-1.2511898,-0.6609287,1.729758,0.7121355,-0.43464676,1.1733047,-2.7797506,0.56959087,0.6698651,0.609993,-0.8067442,-0.44752026,-0.62600774,-1.0693024,-0.5226714,-1.6790751,-0.5206771,-0.475841
611,2.3839219,0.18214603,0.019498194,-0.6744315,0.8240601,-0.67957205,0.6239539,1.3519487,-0.34821638,1.2731034,-1.0088173,0.17449324,-0.3442957,-1.7846941,-1.4184455,-0.7324249,0.760667,-0.75520355,-0.7929253,-0.88049436,0.43548325,-0.09346908,-0.39600748,0.58472955,-0.2614098,2.0193434,-0.6840061,-0.8472635,-0.73519814,-1.7209481,-0.18641792,0.65732735
612,2.4141197,0.026962653,0.044977885,-0.6787321,0.7888856,-0.86979675,0.7157213,1.3202478,-0.16091482,1.367018,-0.99342555,0.17410158,-0.33680075,-1.677578,-1.4369638,-0.9152458,0.6494617,-0.87628067,-0.756284,-0.9130863,0.4023544,-0.043334957,-0.15515462,0.6078218,-0.17435548,1.8279068,-0.7290401,-0.8865873,-0.9401357,-1.6634163,-0.041386034,0.7481041
613,0.060342725,-0.108313665,-0.14195924,0.35311022,0.6960834,-0.6940749,0.85012954,-0.44883063,0.3021091,-0.057013173,1.6149018,1.1717706,2.1902711,-2.1327233,1.1310872,-0.35462388,-0.66225576,-0.06869937,1.2200736,-1.7291406,0.046411738,1.4996682,1.385966,0.071524605,-0.92652476,0.018744942,-0.52045983,0.18110545,-0.18191999,1.6673038,-1.035131,0.029663753
614,0.6133726,0.5663682,0.9878854,-1.9243473,-0.13691074,-1.8914992,0.011546806,-0.6392146,0.43032128,1.237256,-0.6566353,0.09871796,0.38375056,-2.339666,0.3730668,-1.4645258,-0.6954185,-0.6881948,0.47584036,-0.447483,-0.25571734,-0.01007637,1.4103796,1.066463,1.444889,-0.20171075,-0.46065593,0.86913043,-0.60803956,-0.61288023,-1.0589343,1.7635125
615,1.2121962,0.17058833,-1.0871314,0.08363291,0.41945815,0.08069387,0.0179547,0.59720576,0.61662316,1.5254656,0.17787082,1.5167613,-0.17571706,-1.6469642,0.6539856,-0.69833696,-1.4378207,0.8500975,-0.70214385,0.59367,-0.46755698,0.7018134,1.8859946,-1.1439805,-1.1587147,1.5599777,-1.0905821,-0.64530635,-1.7812132,-1.0177897,-0.9911259,0.5354523
616,0.861282,-0.6359913,-1.7140145,1.2039719,-0.58511424,-0.46632373,0.3067148,1.5283959,0.8743237,0.003573919,0.2615586,-0.05342536,-1.739247,0.1435159,0.1821494,0.5494278,-1.2652962,0.5554298,-1.4835607,0.92802817,-1.215224,0.59432566,0.6314117,-0.40329605,-2.2569976,0.22967187,0.84957194,0.9756076,-1.0450413,-1.4033823,-0.49667776,-1.116405
617,2.6791785,-0.59014475,0.14506504,-0.17237835,-1.3373309,0.3460522,1.1578819,1.2348305,-1.1501361,-0.043387085,-2.5048516,-1.1284568,-1.2364337,0.49754533,0.9270493,0.39658505,-0.06763831,-0.5356541,0.27627552,0.1398047,-0.04470938,0.51528,0.23877226,0.6284479,-0.41469485,0.37316743,0.50925696,0.63421077,0.39848837,-1.9818225,-0.6120274,-0.80357015
618,1.0329907,1.6986178,0.61810213,0.120916195,1.1624953,-0.022122975,-0.15849479,-0.8995953,-0.29619032,0.93951374,-0.2379831,-0.60632634,0.09080273,-0.052114155,0.68447846,1.0050908,-1.0992472,0.8083371,-0.74412304,-0.27030987,-1.1790286,0.23785013,2.0820906,0.08652313,0.3872595,-0.7401897,0.81559783,0.30725414,-1.2661043,-2.5987997,-0.5755778,1.9766227
619,0.27801946,1.2934108,0.25728986,-0.21398133,1.9714159,0.5303817,0.18534414,0.010000576,0.4489676,-1.1868843,0.28895864,0.8976975,-0.12546219,2.0539732,2.2377746,0.07726342,-0.99735236,1.0163616,0.6357524,0.33901185,-0.79083073,0.52487844,1.5457094,0.9956637,-0.19840768,0.06026573,-0.060913935,0.17793097,-1.4686317,-1.6173588,-1.144716,1.1699761
620,1.1688955,-0.4271419,-1.4036485,0.25193876,-1.6145194,-0.18770114,1.0959605,0.84864974,-0.64564955,0.43594813,-0.5509752,0.48585483,-1.5884606,-0.042510636,-0.4765996,0.9311717,-1.5987073,0.4231044,1.0165981,0.8606059,-0.25503516,-0.8360856,-0.15843001,-0.92280465,-2.2373424,0.49589127,-0.22888167,0.09491324,-0.7270818,-1.5537066,-1.8939651,-0.7240627
621,-1.6409994,-1.2107834,-0.6646533,0.1736468,1.8299621,-1.3946637,-1.0270826,-0.058286615,-0.69698787,-1.5558957,0.36894354,0.30227694,-0.77890027,-0.123668335,-0.7714435,-0.26829198,2.1807935,0.11772068,-0.06539775,1.0423509,-1.0857904,1.2900634,0.7162368,0.68716776,-1.8008424,-0.8415504,-0.6268034,0.67783946,-0.9704534,-0.6937596,0.21504928,-0.95244795
622,-0.3143253,0.23457725,1.8062344,-0.24561982,0.9805019,-0.6232412,0.7845827,-1.3709872,0.15389517,-1.4803993,0.6490256,-0.5978575,0.44484815,1.0464989,-0.24256344,-0.40799993,-0.27785945,-0.30419376,0.021014862,2.0880423,-0.7823545,1.8315661,2.1026866,0.8500286,-0.98634845,-0.5182031,-0.064282484,0.14439708,-1.2138339,-1.540849,-0.47848815,-0.08663032
623,-1.3747396,0.9725591,0.39847067,-0.5261734,0.89827496,-0.32142007,-1.195347,0.04013862,-0.080837056,-0.89906716,0.8890398,0.19275829,-1.3487619,0.10818236,0.032722518,0.6978846,1.240913,-0.24009971,0.3859272,0.74321574,1.225713,1.599046,1.7749692,0.9639161,-1.0394175,-1.123399,-2.1271033,0.023618711,-1.2538034,-0.40062115,1.6203772,-1.0862926
624,0.7738271,0.483729,-0.96067476,0.20734872,1.145958,-0.02752462,-0.4604814,0.87392145,-1.4354743,-0.016139492,-1.4134194,-0.18951383,-2.4781666,-0.10275086,-1.3587,0.98036665,-0.25045112,-0.10595249,-0.82492757,0.45858002,-0.918357,0.80522245,-0.65877026,0.25327647,-0.84673524,0.7857543,-0.32346866,0.06911661,-0.20625512,-2.7049077,-0.3897374,1.171667
625,0.9782825,0.23167779,-0.90045375,0.11698452,0.98183733,0.0036640167,-0.33127037,1.0303441,-1.5946015,0.11165017,-1.8025848,-0.22419415,-2.6300142,-0.1352948,-1.2870613,1.1427919,-0.33535212,0.09643189,-0.5245816,0.28966498,-0.7929341,0.54575336,-0.6563878,0.19819157,-0.75673854,0.7341543,0.10093242,-0.17945611,-0.0044364585,-2.4778185,-0.29693478,1.2915759
626,2.0272102,0.8883622,0.38844052,0.6744806,1.2319627,0.38512823,-0.09567722,0.37638018,0.23565689,0.2927715,-1.0646112,0.1074942,-1.5400618,0.2680111,0.29792926,0.9548412,-1.4185421,0.21797629,-1.1298531,0.028409652,-0.78023654,0.8112681,-0.32079315,-0.41570178,-0.5742956,-0.25002047,1.2990686,-0.9564943,-0.31361663,-2.597061,-0.37000743,2.018693
627,1.2767495,-0.06459441,0.8321579,-0.37438473,0.6317403,0.4010873,0.50972193,-0.6030417,-0.26456612,0.19726907,-1.4615362,0.37757325,-1.1091689,0.5444999,1.1394727,-1.8197911,-0.24488492,0.56582254,-1.195552,-1.096491,-1.1200548,0.8305481,-0.36427942,0.3228227,0.123090476,0.39291155,-0.07582746,-0.36080778,-0.76110476,-2.682162,0.1464733,2.1440663
628,2.060725,-1.0392148,0.8030392,0.544378,-0.01109257,0.53529197,0.4121864,0.035784055,-0.14318024,-0.26955867,-0.123760276,-1.0666051,-0.5911105,1.703108,1.0092018,0.1395833,-1.2909439,-0.4406025,1.2939031,-0.41880783,-1.4000906,-0.04191816,0.61523443,0.43835244,-0.2184071,-0.68366283,1.2741266,0.3869274,-0.9966648,-2.835476,0.3600754,0.13106431
629,0.17729908,-0.18089463,0.035301547,-0.20041479,2.1917808,0.7621608,-0.17305623,-0.9255972,0.38110876,-1.2262198,0.99033517,0.24983215,0.07735143,2.1694355,1.2892162,0.5101901,-1.0548645,0.44545522,0.18346615,0.73910654,-1.7420249,-0.027602786,0.7945233,0.4839715,-0.94520545,-0.51946324,-0.05425747,0.71273655,-1.1220367,-2.2971807,-0.7025439,0.42132753
630,0.03564871,0.49979708,0.83885556,-0.57968694,1.6353151,0.22018729,0.3881987,-0.35268486,-0.18959609,-0.08217344,-0.25618047,0.4809556,-0.70189184,1.3747898,1.111445,-1.6522152,-0.2524669,1.259882,-2.1106956,0.6509913,-1.5407778,0.4705268,0.14087914,1.3207471,-0.031351402,0.56369525,-0.7154603,-0.20158766,-1.454725,-1.8889877,-0.24798329,1.5963693
631,0.5372842,1.6871202,1.3557293,0.16170987,1.3152004,-0.30117622,0.8203291,-1.1320844,0.83882684,0.97866356,-1.1703734,0.21842583,-0.50854236,0.044643067,0.6851321,-0.043288436,-0.557487,0.73681927,-1.1655505,0.6292266,-0.63620335,2.0399327,1.0510129,-0.045006804,-0.0666709,-0.4643818,0.44533372,-0.5615317,-0.779746,-2.169637,0.13021529,2.2325687
632,0.22659697,0.10346035,-0.34691358,0.17280085,2.173379,0.3410052,0.25523,-0.263131,0.4472579,-1.7611666,1.5746624,1.0002828,0.2738628,1.8094952,2.2570033,0.00022854954,-1.0056511,0.10298251,0.7769397,-0.12391918,-0.5090792,0.039963074,0.4490249,1.0456924,0.027181948,0.57072365,-0.65954685,0.8786055,-1.6945058,-1.363669,-1.2870227,0.41601473
633,2.6404338,-1.377529,0.16865484,-0.29245847,-1.791589,0.42045787,1.6964973,1.3858149,-1.5252432,0.2327292,-1.0955167,-1.5537415,-0.19185637,0.01973528,0.53151774,0.73671275,0.16129309,-0.8624768,0.93726665,0.28386685,0.30145472,-0.67844725,-0.47323924,0.9541242,-0.44538128,0.49757853,0.09732436,0.13639215,0.07042053,-1.4467838,-0.17912969,-1.4223428
634,0.15808667,0.5350475,-0.0077975723,0.009147358,0.607208,-1.7492567,-0.6317161,-0.9919468,-0.7858193,-0.8215504,-0.2018415,-0.5482433,-0.45223445,0.40231827,-1.1095499,0.09952191,0.88315094,-0.13633284,-0.87548846,1.7203189,-1.6365721,0.71861583,0.24475104,0.67955875,-1.4705772,-0.07914846,-1.1144155,-0.19104856,-1.0365458,-2.7288983,-0.84626377,0.33822483
635,0.288553,-1.5183051,0.20744352,1.1221117,1.3140001,0.43941703,-1.3367602,-0.22743425,-0.8035966,0.30575982,0.75397825,-0.3045658,0.7359478,-0.18005162,-0.7347264,-0.6406175,-0.26156974,1.8424282,1.6816306,0.16969152,0.1825223,-0.4763294,-0.61376464,0.18526928,-1.353888,-0.7190939,-1.4201214,1.2751728,2.328502,0.2723425,-1.5847714,0.042958915
636,1.0498663,-0.4752506,0.8254905,0.93031126,2.041648,0.30329156,-1.6114876,0.8445119,-1.1078849,0.24060063,0.46428096,-0.6198704,-0.50975955,-0.007994094,-0.8003939,-0.35213742,-0.56176245,1.0435252,1.8075024,0.70633394,0.83185023,-1.1377646,-1.1316246,-0.4835104,-1.7783161,-0.4782722,-0.8438655,0.86325824,1.9240642,-0.08831685,-0.6868317,-0.16410837
637,-0.48269734,-0.8284039,0.20378576,2.1597557,0.6199449,1.1639353,-0.95080775,-0.28095633,-0.90341663,0.66416353,-1.7936366,1.2534173,-0.7831642,-0.11001381,-0.3265989,-1.8885989,-0.622591,0.1366737,2.0181916,0.13254768,0.5548592,-0.45519263,-1.1666895,-0.010089285,-1.3079568,-0.92603904,1.6881692,-0.054518808,0.48338833,-0.11349967,-0.94541633,0.26747647
638,0.024359005,-0.5618391,-0.66992426,0.25989503,1.0996534,-0.091459736,0.7153933,-1.5663838,-0.31906226,-0.24405473,-0.26156926,0.84423125,-0.30401084,-0.7869546,0.59914345,0.8146558,1.7470989,-0.52094823,0.83703566,-1.4682103,-1.9858466,1.3419824,0.95324486,0.16828692,-0.40382254,-1.365417,0.5919444,2.5453823,1.3859934,-0.2491584,-0.3051114,0.15430894
639,0.1784639,-0.20228186,-0.37353015,0.26889896,1.2230003,-0.11703638,0.7471309,-1.4699204,-0.4707488,-0.16171277,-0.390911,0.966796,-0.55120003,-0.93264323,0.49196735,0.96827257,1.6919948,-0.48849243,1.165945,-1.4068841,-1.8314495,1.114202,0.9168248,-0.28754845,-0.43616396,-1.3295172,0.52343416,2.5396848,1.5452158,-0.12076781,-0.013246805,0.15284833
640,0.669224,-0.62906015,-0.17462482,1.5132868,-0.66571873,-0.47269824,-1.9270872,0.8912389,-2.1015692,-1.1487291,-0.04820947,0.21259728,-1.8317788,0.9005648,0.03915781,0.34440672,-1.873403,0.18316978,1.5203079,-0.47539505,-0.6809692,-0.18197691,-1.203289,0.71629226,-0.35429075,-0.15368044,0.30462787,-0.98199975,1.0221794,-1.0418904,-1.1991307,-0.41206005
641,-0.17225209,-0.35572574,0.0017928288,0.18110298,0.13786542,0.6842626,-0.6234022,0.015394446,-2.251268,-0.90691537,-1.1861292,1.3316878,-1.344347,0.26361728,0.39636424,-0.15961319,-1.6966045,-1.0313127,1.9538252,-1.1725428,-1.4730574,-0.15586132,0.11433338,-0.29829443,-0.80736727,-0.30034927,0.42622283,-0.5095658,2.242294,-0.82815117,-0.32705116,-0.73723644
642,-0.8931358,-0.8951027,-0.05411323,0.8766198,-0.3809573,0.5673918,0.69484496,-1.024091,0.11785442,0.9794194,-0.27838042,0.7222033,-0.037505034,-1.1891026,1.3852295,-1.4653714,-0.03999834,-0.92323196,0.7332229,-1.0998399,0.30417642,0.43502718,-1.7568156,0.18203348,-0.25884852,-1.6821647,2.2085245,1.4791188,1.6619501,0.7805172,-0.57672375,0.050871547
643,-0.45396817,-0.76351696,0.5179724,1.3571273,-0.1338405,0.59125745,0.0061241947,0.03948036,-0.37887174,0.6888223,0.69227153,0.1480003,-0.08068424,-0.3416417,1.2456483,-1.3540645,-0.7493859,-0.54735464,1.3767489,-0.4373165,0.79392666,0.30866605,-0.5313305,1.3658454,-1.2676467,-2.3235023,2.8065543,0.34407127,1.3398633,0.20897573,-0.48576334,0.6316202
644,-0.6545076,-0.94337964,-0.087503076,0.58591306,0.8645743,0.09837112,0.024996538,1.1238414,0.103448756,-0.6734953,1.2543057,-0.9882541,-0.20751876,-0.81369877,-0.53162247,-1.0586861,-0.22267699,0.2914642,-0.6468098,0.89697236,0.46105686,-0.08357305,-0.5755174,2.0573194,-2.1762278,-0.8168369,3.006676,-0.23834123,0.472392,0.90591115,-0.43527687,0.1256451
645,0.09387857,-1.095143,0.6179759,-0.905782,2.2423267,-0.60122406,1.6231939,-0.5847814,0.6240197,-0.36564124,1.6666422,-0.02642183,0.49198362,0.9505075,1.3633939,-0.8694357,-0.83775276,-0.7539017,-0.75873077,-0.5796829,-1.1599774,1.3263574,-1.2635143,1.5803293,0.9854324,0.81495565,-0.20662066,1.2548082,-0.95629036,-0.5443828,-0.7747426,0.15805501
646,-0.6964471,-0.3849873,-0.6283463,0.19665244,0.96346474,0.22657286,0.43504128,-0.21050793,0.0062999213,0.07344382,-0.73445064,1.5888073,-0.5968789,-0.74311155,1.5849564,0.28144425,-0.40415147,-1.0057743,-0.41002104,-1.7919012,-1.9580339,1.8566091,-0.729726,-1.2210021,1.0609964,-1.4455874,0.14607145,1.9671143,1.3968102,-0.15106447,-0.29341087,0.024784287
647,-0.021802753,-0.8269494,0.7288271,-1.563486,1.2269236,0.43514732,2.7960157,-0.4415794,-0.72710013,1.3278185,-0.5085494,1.4905348,0.42790493,-0.75131613,0.8303832,-0.10333401,-0.8921105,-0.5441356,-1.0273252,-0.9501235,0.09435483,0.7885922,-0.754397,0.59177524,0.21927184,0.29835385,0.039109427,2.3912916,1.0851027,0.536574,-0.588143,0.09889753
648,-0.09142538,-0.58899117,-0.7915858,-1.350826,1.6752026,0.44833148,0.9542942,-0.46100882,-0.6977072,-0.9413861,-0.05181696,1.4142187,-0.49883157,0.11857847,1.7850007,0.6517441,-1.7536838,-0.8077821,0.115184054,-1.3093684,-0.43814707,0.8489947,-1.16162,0.35156003,1.183027,0.78755534,-0.1043306,1.9835147,1.4270593,-0.4495286,-0.78934795,-1.3206844
649,-0.7702325,-0.40366527,-0.049796686,2.6909864,0.032133657,1.4403744,-0.8962783,-1.274388,-0.7189014,-0.7171348,0.25920707,-0.21194474,-0.14811762,-0.77055705,-0.32372212,-0.70325756,-0.7108263,-0.96866953,1.269505,-0.1353699,-1.6915315,0.57312965,-1.9707884,-0.80098337,0.7246179,-2.0652113,0.6108998,-1.0208946,-0.42621878,-0.3233794,-0.711463,0.741621
650,0.0025009466,-1.1512821,0.80182093,0.43362328,0.8453175,0.299157,0.7332837,0.054814905,-0.58352226,0.31384498,-0.51425457,0.48426175,-0.4230761,-1.0496062,-0.29632622,-1.5189675,0.8210699,0.14266084,0.22549987,0.27509055,-0.1779282,-0.5614626,-0.3553195,0.2448943,-2.963569,-2.163412,1.4691058,1.931038,0.29536098,0.6316977,-0.46299618,-0.7131086
651,-0.018149817,-1.0511051,0.9099866,0.6110771,0.9714528,0.27646542,0.7632441,0.039843798,-0.618204,0.25902846,-0.45677322,0.51814,-0.5261708,-0.98054403,-0.39883006,-1.4534714,0.7934544,0.21615516,0.42969757,0.3915759,-0.12792233,-0.6727903,-0.33014354,0.07741517,-3.013162,-2.0721915,1.4850467,1.763174,0.32590586,0.7743289,-0.22793087,-0.77576077
652,-0.8747841,-0.66463965,0.5210035,-0.61554503,1.8352368,1.8841324,1.3827366,-0.593046,-0.0010102678,-0.44313142,-0.1265606,1.5162317,-0.10711883,-0.7013395,0.5040131,1.0672648,-1.3114574,-2.0026815,-0.6664236,-0.70037204,-0.33823955,1.2487538,-0.2533178,-0.8535059,-0.04393782,-0.6019895,-0.461283,2.2551775,0.8097692,0.50780034,-1.3409078,0.12579156
653,0.28632233,0.335626,1.8322377,-0.86925614,1.1427108,2.4818141,1.1324016,0.18652144,-0.53327453,0.56701684,0.573041,1.451926,2.312775,-1.2282166,-0.6311331,-0.40845376,-0.2970562,0.3269531,-0.9194723,0.53179187,0.70083874,1.5648444,0.4838895,0.57560116,-0.6546725,-0.23033737,1.2879176,-0.28324774,0.7961051,1.0575613,0.09923702,0.66430885
654,-0.9282597,0.6128933,0.80643225,-1.5316516,0.44233203,-0.16828316,1.5834876,-0.7726661,-0.82562256,1.0759097,0.061184615,-0.5240572,0.64294773,-0.59674567,-0.8670913,-0.8833542,0.14324349,0.40538883,-1.7943766,2.1618602,0.17092216,-0.17416738,-0.3525167,2.5307994,1.187283,1.086992,-0.6733896,1.0053929,-0.3973739,0.08212473,-0.36485147,-0.18369135
655,-0.43539518,0.3522094,1.3610696,-0.51651406,1.8115987,1.3905886,1.2453192,0.059716396,-0.11930258,0.6664078,0.45682418,0.022762455,-0.89797324,0.65595233,-1.1518862,0.07903636,-2.1497872,-1.503693,-0.82736415,1.1790272,-0.021984711,0.5833139,1.9340367,0.8745548,-0.13855503,-0.6249127,0.8138525,1.602956,-1.2111413,-0.76534957,0.14169705,0.8170427
656,-0.23165056,0.12352815,1.8319502,0.741274,1.3267962,2.737435,0.21739288,0.47884065,-0.38360038,0.17564681,0.04590937,-0.6876226,-1.2313037,0.16493046,-0.54810286,-0.33376196,-1.2746167,-1.7853396,-1.0573589,-0.18985309,-0.68088275,0.9099353,-0.67973423,0.7142977,0.05313327,-1.773473,1.0103585,0.37655842,-1.2750245,-0.8451553,0.1034754,1.4893993
657,0.2526958,0.36804172,-0.08367489,0.4876196,-0.23890977,2.027327,-1.4623505,0.79803276,-1.8167378,-1.016032,-1.2478924,-2.427939,-2.087001,-0.38181797,-0.13492343,0.6311552,0.048837565,-0.7694998,0.38712263,-0.5341873,-0.3815129,0.75051314,-2.0409393,0.3786601,0.61842495,-0.6338745,-0.13477588,-0.037447978,0.25285873,-1.3377898,-0.14639671,-0.46628106
658,1.6606542,-1.3805956,-1.0760057,0.83098465,-0.72495264,0.8139835,0.3352715,-0.08720404,-1.9011383,1.5962864,-0.4580189,-1.8412497,-0.4934284,1.0315096,-0.63443786,0.782752,1.0671328,0.7832256,0.75019825,0.15255277,-1.1118437,0.16366391,-0.18025213,0.8601314,0.12425384,1.5816222,-0.21148728,1.2417471,0.52348197,-1.5941901,0.7855225,-0.17278673
659,1.692321,-1.2937716,-1.0758985,0.70471144,-0.73335874,0.8497652,0.22949737,-0.018524392,-1.9403166,1.5711505,-0.47575793,-1.8178098,-0.4378267,0.9445821,-0.6560059,0.8540809,1.0695136,0.65062886,0.76729685,0.1431734,-1.0078596,0.21987355,-0.27631593,0.7730708,0.05798116,1.6689245,-0.29128796,1.2200841,0.6011956,-1.6960225,0.7552011,-0.20565394
660,1.7128477,-1.2062215,-1.0740091,0.5779872,-0.72848076,0.88240904,0.13187906,0.030147364,-1.9738727,1.5316869,-0.4862735,-1.7790475,-0.38174194,0.86280245,-0.67358524,0.92539436,1.0728751,0.5244584,0.7917821,0.13202597,-0.8955623,0.26990348,-0.36832857,0.6895611,-0.0056008915,1.7473978,-0.37594554,1.197408,0.6717356,-1.7828587,0.71811634,-0.24319439
661,1.077355,-0.3907923,-0.9552341,-0.48984262,-0.33501244,0.7451373,0.056910425,-1.07462,-0.58956397,0.17131768,1.4762622,-0.2314603,-0.31911597,1.5223176,0.8748976,0.8791876,-1.8031299,-0.81844556,1.5721135,0.61602783,-0.65291727,-1.8390338,0.41463926,-0.020086383,-0.46317607,-0.5980499,0.8401288,-0.3616876,-0.74168426,-2.4728572,0.47089055,-0.37931317
662,0.6704406,0.32140803,-0.8709978,0.2726766,1.3518716,-0.098231494,-1.4286222,-0.55938214,1.2534877,0.48458672,1.4539587,0.92090845,-0.95743966,-0.43017232,0.1954509,-0.1545083,-0.66900444,1.1435541,1.3270651,0.12762223,-0.5561067,0.13932236,2.528729,-0.0774662,0.06030334,0.56175035,-1.2166554,-0.44176853,-1.5050035,-1.8294598,0.72957766,-1.4806116
663,0.70290905,0.32462367,-0.9645201,0.33263245,1.3201331,0.072496556,-1.3589938,-0.59831846,1.2653903,0.59821856,1.5436239,0.9079271,-1.0269818,-0.501598,0.23794532,0.014286436,-0.711102,1.1171147,1.4654326,0.049654856,-0.36425745,0.1589682,2.568239,-0.0764319,0.00015630848,0.56816643,-1.094128,-0.3773669,-1.4303145,-1.715176,0.75926256,-1.5373838
664,1.1679919,1.5712323,-0.6029964,-0.34563035,2.4046185,0.42050058,-0.010968642,-0.49674332,-0.29069567,-1.007972,1.4914106,1.7060419,1.7821891,1.4490411,1.6369697,0.62895405,-0.50068897,0.14928414,0.31392005,0.78844166,-0.48206702,-0.22840877,1.3492932,0.7734038,-0.082816154,0.6559564,-0.009310224,-0.8403612,-0.83638334,-1.3163044,-0.30625165,-0.31153393
665,-0.4295812,0.144271,-0.9638598,-0.5510542,1.8987383,-0.97328556,-1.0682881,-1.0609552,0.36614475,-0.8228465,1.5670238,0.66839385,-0.5289761,-0.24767384,-0.3819112,0.21133895,1.5827614,0.54631066,1.0629965,1.143629,0.48623955,0.7103541,0.96682394,1.2330607,-0.8239227,-0.032714862,-2.1509693,-0.5702345,-1.3368385,-0.9699752,-0.016085211,-1.5432369
666,-0.4590587,0.14843664,-1.0024725,-0.6211691,1.9059786,-0.8546229,-1.1492292,-0.9539187,0.37266576,-0.81445104,1.4936997,0.63414466,-0.5588367,-0.3675115,-0.40731323,0.26036575,1.5692341,0.507003,1.1350677,1.1179124,0.57367414,0.7930907,0.8773128,1.07807,-0.85966694,0.0122652,-2.2196279,-0.55248016,-1.3045595,-1.0174751,-0.036622826,-1.5529721
667,0.5421076,-1.0610554,0.07656037,-1.0954341,1.5479072,-1.076434,-0.009608637,-0.18911321,-0.4383852,-1.6100664,1.5831995,-0.2466655,0.26340705,1.0266749,1.4095376,0.28315562,-1.7296498,0.11668504,-0.64695483,-0.2693541,-1.178951,0.2442783,-1.842811,1.148124,1.4825354,1.1573304,1.0408857,-0.9849622,0.3198555,-0.15934645,0.6522465,-1.8137417
668,0.61609316,-1.2202774,-0.7028195,-1.4118292,2.5866685,0.42277023,1.488506,-1.0811644,-0.12961002,-0.5346368,1.0521231,1.0519682,0.63879436,0.20080717,0.17084627,1.4317155,-0.11663654,0.61505485,1.6073966,-1.4715208,0.1901705,0.9306626,-0.8449614,0.6481141,0.039220113,0.51169026,-1.1129948,0.68485564,0.59939265,1.3718072,-0.4697041,0.30409017
669,0.38976538,0.26964182,0.29374912,-1.2429218,1.5249249,-0.08436053,1.7017088,-0.8496671,-0.57412905,1.4606141,1.8930875,-0.09255416,1.9362878,-0.8711596,0.08178543,0.092569456,-0.7764073,-1.173664,-1.3133966,0.65765494,0.15262164,0.038472544,-0.24731511,2.3677707,0.58566946,0.73577946,1.0350851,-0.28967568,0.7400305,0.99234736,0.032988336,-0.9739125
670,0.7651705,-2.4182606,-1.7672803,0.7028958,-1.6597753,-0.019345138,-0.23875964,-0.083974816,-0.5539796,0.5210597,1.5194775,-1.0601492,0.7084622,0.72368735,-0.55475265,-0.29319087,0.17860237,0.8693795,0.20871487,1.2994392,-2.2501357,-0.41985884,0.1502907,0.8220677,-0.5267686,0.32718882,0.07568112,0.97634757,-0.18788141,-1.5406977,-0.28487995,-1.5115919
671,1.933599,-0.606373,-0.37078258,0.5298819,-0.2475449,0.39712995,-0.5836276,0.32173395,-1.2333118,-0.14098413,1.9328074,1.020419,-0.28186178,0.059909247,0.16365957,0.8290875,0.26852536,0.4743998,0.5514746,0.10348461,-0.7025012,-1.7603339,0.13999261,1.9506706,-0.16339055,0.44392896,1.2092317,-0.5345722,-0.72397304,-2.2274723,0.89268595,-1.5232852
672,0.2886383,-0.47608805,0.02295807,-0.9842343,1.8012749,-1.3429649,-0.8452749,-1.2514242,-0.49548674,-0.973089,1.9592448,0.33628365,0.341578,0.8238425,-0.5861229,0.4596078,0.7651736,-1.0332593,0.07166732,0.53330433,-0.7667137,-0.20905584,-0.623139,2.0826805,-0.0042949435,-0.8365365,-0.16766974,-0.31727,-1.7102395,-1.8032513,0.56598306,-1.3089316
673,0.44410294,-1.3062998,0.16049506,-2.2148771,1.5391378,-0.48377588,0.34661335,-1.5943731,-0.54518425,-0.35958236,2.3383925,0.4601316,0.77545094,1.3596613,-0.04341442,0.24166812,-0.22888584,-1.1675308,0.11558106,-0.01827469,-0.7952359,-0.87926126,-0.25090364,2.1346135,0.14359595,-0.16964233,0.14253072,0.8760434,-0.9435067,-0.9084525,0.7535103,-1.0851406
674,-1.3839604,-0.24758327,0.4956996,-1.379827,1.3208599,-0.14846607,1.5516517,-2.0959866,-0.05813016,0.031027963,1.9524232,0.2910757,0.7624475,0.58656,-1.4025192,0.20285775,-0.21624035,-0.96434313,-0.5279301,0.7482047,-1.0922524,-0.40677235,0.23832703,1.1319586,0.3555452,-1.2792712,-0.13707103,0.4967095,-1.8931258,-0.55399495,1.0193311,-0.6129093
675,-0.48251832,-0.91215605,-0.28553268,-0.1983533,0.3199229,0.93193,-0.3154394,-0.51991063,-0.22311527,0.7823405,1.2201841,1.05911,1.9277422,-1.9797207,0.8454253,-0.8243456,0.35958475,-0.24153145,-1.0759462,0.63515675,1.0290586,0.3070581,-0.31113937,2.111607,-0.956155,-0.73754406,1.4368002,0.35218856,1.9006501,-0.35097224,0.6899553,-1.3481089
676,-0.71194416,0.743539,0.49672902,0.11074591,-0.51102674,1.1745358,0.8926465,0.7345822,0.20060779,1.4512784,-0.34562242,0.7136214,0.8826999,-0.5048503,1.9024736,-0.9450699,-0.16263616,0.34802866,-0.6348952,-0.99223965,1.1441698,1.4125432,-0.9001513,1.9396329,-0.5202008,-1.3208246,2.0190675,0.83925784,0.58327466,0.2614544,0.52432394,1.8969547
677,-0.9495565,0.22066593,-0.017606756,1.4065952,0.172683,1.3673067,-0.95987844,-1.1500553,-0.55274206,-0.5940325,0.18964913,-1.1381044,0.19018467,-1.1092001,-1.3370416,0.7028015,0.57356274,1.0616235,0.7136991,-1.3565955,-1.655702,1.0379381,-0.44322205,-0.4621782,0.9878183,-2.5394843,1.4534985,0.39685422,-0.09565115,-0.899025,0.012414789,-0.6867422
678,-0.9289341,0.057691555,0.05469722,1.4863343,0.14934973,1.3260354,-0.6276891,-1.408731,-0.3264094,-0.57744664,0.38682473,-1.1007693,0.1748894,-0.9445939,-1.3347075,0.6189752,0.28405756,1.1343132,0.8743876,-1.387313,-1.6421036,0.9788953,-0.26411894,-0.6291581,1.024605,-2.691386,1.5780518,0.16475578,-0.11313237,-0.5413787,0.061023798,-0.568505
679,0.8985912,1.2552488,-1.6995759,0.88532925,0.16248505,1.4298275,-1.2131097,0.88033277,-0.7993849,-0.63335645,-0.091447845,-1.0213362,-0.5331922,-0.2722797,0.76227,2.116799,-0.4157853,-0.691853,1.6553757,-2.3302622,0.8405793,-0.040699486,-0.14460827,0.7624097,-0.08919689,0.72862077,-0.46093595,0.69673616,0.3035,-0.9747043,0.4229202,-0.046034407
680,-1.1138566,2.7802312,-0.5919448,-0.021896537,0.7217184,0.41445228,-0.75845516,0.07739718,-0.1197163,0.22175573,0.13692054,0.22193548,1.0974694,-1.1330991,1.7098943,1.8505075,-0.23475021,0.17120776,-0.24243943,-1.1781155,-1.0287309,1.385866,0.4877565,0.9987587,0.21407628,-0.111597426,1.2491283,1.9817796,-0.0024766345,-0.6301797,0.13479316,0.9507127
681,-0.6911796,1.8559575,-0.49764806,-0.3449023,0.24812058,0.7734825,-1.3262541,0.18070719,0.3089392,-0.779051,-0.86242235,0.50765526,0.78226745,-1.3015811,2.3090758,1.0630848,-0.1184078,0.91147447,0.2131465,-2.5264304,-0.5759312,1.2667054,0.6847649,0.70128065,0.3016375,-0.15379737,1.2290971,1.3010446,-0.19006555,-0.14473453,-0.52474344,0.12001635
682,-1.6799141,0.49382153,-0.5049846,-0.25605202,0.026375335,1.3036387,1.9109833,-0.1785864,-0.54414725,0.7857589,-0.09220106,0.76954854,0.8457027,-0.29050097,0.28948382,-0.2980608,0.5168702,0.9250286,2.3470132,-0.5464333,1.110613,0.57256037,-0.91886246,2.7506795,-1.2111824,-0.486267,1.4605298,0.22607265,-0.3800989,0.7157966,-0.5672874,0.17609736
683,0.43849397,1.2105348,1.0840837,-1.0228115,-0.1447366,0.87000674,1.6916281,-1.5434164,-0.329126,1.8329155,-0.0010119787,0.48082826,0.11317868,-1.3080672,-0.49736243,-2.806997,-0.1223605,-0.14730094,-0.7613352,-0.46462846,0.108778335,0.0011316474,0.18733415,0.62525153,1.511911,-0.2725656,0.68311405,0.47676015,-0.71164906,-0.925706,0.035485975,1.0269274
684,-0.45568088,1.4448309,1.268198,-0.65061957,1.3547679,-0.5393995,1.5575606,-0.93165934,-0.46958372,2.0079525,-0.4862134,0.013699139,-1.4569886,-0.4399696,-1.3184855,0.098360986,-2.076463,-0.7077884,-0.23508088,0.43491846,-0.46020132,-0.35750458,1.0343469,1.3632364,0.75630563,-1.2076,0.26467222,1.1612378,-0.37250012,-0.72237307,0.4266955,1.5893434
685,-0.9223042,-0.93445265,1.4008313,-0.7357149,0.46553597,0.9531579,0.95309275,-0.6066059,-0.7867456,0.59856725,-0.6800914,0.91767246,-0.27288008,-1.8680893,-2.5283766,-1.9808106,-0.032501183,0.083096325,-0.30521184,0.1340872,0.33609974,-1.4167444,-0.28917232,1.4262301,-0.80250245,-0.5433641,0.38730273,1.1934651,-0.8422345,-0.48720065,-0.39982238,0.5729211
686,-1.3143518,0.018499,0.81224597,-0.79088235,1.2898912,0.15018341,0.28039348,-0.6257443,0.18278405,-0.14523618,1.0438194,0.23638296,-0.50467885,-1.0532985,-3.184309,0.34312052,0.003916026,0.16046411,0.6437963,0.8458772,-0.13911092,-0.80681175,0.98257345,0.14269467,-0.7417179,-1.0010191,-0.95610785,0.11347958,-2.2533083,-1.3795861,0.34975126,0.33273184
687,0.16297981,0.43352458,1.5130708,-0.17371751,0.25838995,-1.1715969,1.3264791,-1.2762202,0.53798795,0.6893378,0.9120849,0.5280023,-0.062562495,-2.15928,-1.3553188,-0.58165663,-0.21580593,-0.3572305,-1.3001219,-0.73794276,-0.819731,-0.34639335,0.9709821,-0.23324136,-0.17068358,-0.93262887,1.1577475,0.10352253,-1.3802234,-0.6351494,1.5096766,2.1715515
688,-0.41943607,0.85197455,1.8941003,-0.76058334,0.7575803,1.5077133,2.272439,-2.222562,-1.0168657,1.6121027,0.11877875,0.6329062,1.0956578,-0.6045595,-1.6606284,0.03735031,0.54869634,1.193881,-0.029321603,-1.1803379,0.017491054,0.06433345,-0.261448,1.0388024,-0.33009925,-0.9022838,0.17536491,-0.61329764,-0.033361766,-0.42649755,0.4604192,0.30148935
689,-0.50659955,1.6285204,1.3266646,-0.21401662,0.18979949,0.4207762,1.9339932,-1.1554078,-0.421961,1.664893,-0.6142331,-0.58246505,-1.1200948,-0.019461565,-1.4525428,-1.3186878,-0.3889142,-0.44903344,0.0033405544,-0.46852207,-0.42542598,0.17265397,0.0525794,0.12478926,1.1820859,-0.34544373,0.40831548,-0.24477366,-2.0093002,-0.3862519,0.38035,2.4909582
690,-0.15033421,-0.13986449,0.16473578,0.7451721,-0.320242,0.78654563,1.2173872,-1.2217171,0.6403501,-0.4306901,1.8512026,-0.43905705,0.42970878,-1.0586939,-2.18171,-0.9829597,-0.2298573,1.4397907,-0.10109851,0.780257,-1.0165023,0.8136862,-0.52940094,-0.8679429,0.87805104,-2.0013454,0.43312532,-1.9203848,-1.097837,-0.42687038,0.3761827,-0.09724083
691,0.2604878,-0.5470185,-0.9120516,0.4909841,-1.0037531,-1.7599889,0.99835575,-0.7355998,-1.4096953,1.0506736,0.29592648,-1.5008241,0.0010931165,-0.284343,-0.95602894,0.89949965,1.3437986,0.20397839,-0.6605702,0.7557886,-2.2415497,-0.755249,-1.0769379,1.9150718,-0.772832,-0.3923694,-0.74232596,0.15750314,0.29053935,-1.0449778,0.8251099,-1.6253607
692,-0.6409906,0.45493305,0.8105766,0.12111014,1.0394573,-0.5168198,0.93803155,-1.4172978,1.2376068,2.1273482,-0.19306165,-0.71522754,0.44801196,-0.85015327,-1.7374976,1.4636987,-0.8767382,0.90908104,-0.08886247,0.08594007,-1.2082392,0.74796146,-0.27780685,0.24204555,-0.803046,-1.6135606,0.0967319,-0.27729547,0.9137844,-0.25810543,2.414949,0.8379143
693,-1.3545107,-0.22898494,-0.18673104,0.088708535,0.9351626,1.0984312,0.9510527,-0.4748787,1.3814632,-0.25738797,-0.28711745,-0.16646038,0.027314875,-0.037820756,0.14331518,1.5319744,0.28067634,0.05304566,1.7485216,-1.831937,-0.091574356,1.5781384,-0.36461884,0.86355186,-1.5731561,-1.3398334,0.61561364,2.1788409,-0.9126872,-0.20340207,0.35578886,0.2571212
694,-0.71868956,1.492664,0.14690728,0.23656538,0.42267424,-0.28702077,-0.979153,-0.89691806,1.1075627,-0.16404383,-0.72206914,0.28648147,0.28548205,-0.86319023,0.71567273,0.1400185,-0.6860219,-0.0033918626,0.49257052,-1.9707272,-2.9475067,2.1008244,1.4468873,-0.2579287,-0.52862155,-0.47423804,0.69034046,0.72361,0.7691692,-1.2531701,-0.32258084,0.5476091
695,0.37743372,1.3610967,0.7183441,-0.29628134,0.6736743,0.17662032,-1.89218,0.9802171,0.92091006,-0.2908885,-0.8360889,0.21611373,-0.17941569,-1.366145,1.8376126,-1.33786,-1.809182,0.3961829,0.5096529,-0.20305465,-1.2426847,0.011932653,1.557641,0.14586075,2.0297372,0.11526469,0.23022145,0.37639824,-0.4460051,-0.46526274,-1.5581712,1.0210726
696,0.37330094,1.3434547,0.6942381,-0.66581315,0.8472361,-0.6094657,-0.868286,0.64754623,0.30728054,-0.30578792,0.07806999,0.27065682,0.3465969,-2.0912654,1.8477803,-0.69943607,-0.79745424,0.4042184,0.6257096,-0.30283955,-0.2738361,0.03924727,1.8270664,0.9345044,2.4052656,0.06189009,-0.14397383,0.83830297,-1.1041776,-0.0310977,-1.7224463,1.4404315
697,0.50457567,0.26668078,-0.42361495,-1.212351,-0.8048766,-1.0909314,-0.12420029,0.37167466,-0.76353365,0.33231217,-0.8226722,-1.6845614,-1.8739587,0.8505314,-1.1367242,-0.25485393,-0.39597556,-1.6277798,2.2292259,-1.4147736,0.5606743,-0.8673925,-0.31176636,1.1005663,-0.13025254,0.9547895,0.061997782,-0.8303814,0.1413563,-0.6155145,2.2291844,0.22903527
698,0.71716446,1.311909,-0.046374835,0.018321326,0.9027225,-0.10187733,-1.4607915,1.3906893,-1.0526644,-0.20439185,-0.9159497,-0.28687137,-2.5948322,0.6047301,-0.60687506,0.2862438,0.10515921,-0.47102267,2.06482,-1.1595956,0.26729545,-0.5554139,-0.4578438,0.80620664,-0.11997273,1.68616,0.72774416,-0.7512306,0.8912498,-0.64847225,1.6723632,0.38579088
699,-1.7203244,-0.45063955,-0.7972031,0.61666936,0.9744575,0.029418958,-0.3159971,-0.10095647,1.3271731,0.77919674,0.06720281,-0.30543247,-0.92279243,-0.7111953,-0.6207351,0.0013103011,0.23213202,1.240314,2.418194,0.84843487,0.27243096,0.8369177,-0.54691434,-0.5819063,0.023780214,-0.7830062,-1.2247647,-1.8521013,-1.6971455,1.676486,0.35061035,0.42684248
700,-0.4381601,-0.93161047,0.1833718,-0.12685937,1.1859432,0.40629345,2.0493445,-0.44320607,0.03247997,1.6045762,-0.8391277,0.8248027,-0.058548156,-0.35126546,0.26384625,-0.15012793,0.38950732,0.8467558,1.0326731,-0.79788697,1.4721417,0.65783036,-1.1569217,1.9847372,-1.0592903,-0.82561517,0.1342402,-1.4524539,-0.054947197,1.9960097,1.2841687,-0.93862945
701,-1.0373648,-0.0070803342,-0.5893307,-1.2603701,-0.60352653,0.25074038,0.95984685,-1.9757785,0.9118059,1.3458596,-0.10874036,0.7071451,0.058370084,-0.43428224,1.2112768,-1.015975,-0.44467494,1.150758,-0.034903523,-1.1863514,0.5878867,-0.12040863,-0.22602318,1.4191462,-1.6978556,-0.87186015,1.8091993,0.6426496,1.4376606,0.35631052,0.76893103,-1.4720612
702,-0.4208645,-0.103132285,0.3025588,-1.7229724,-0.1391478,-0.09507095,0.97941625,-0.25728077,0.8660353,1.8324746,-0.5844551,-0.91847295,-1.290094,-0.18316542,0.4600179,-2.6071198,-1.0653824,1.2229519,1.9010653,-0.3394549,0.0493264,-0.07116352,-0.08067254,0.8290389,0.32673663,-0.030572666,1.6129434,-0.09041691,-0.7554681,0.77644944,0.21777312,1.4786545
703,-1.0068398,-1.3223102,-0.21050683,-0.021655204,0.15864114,-0.43288493,0.07210516,0.07249835,0.560825,-1.0015594,0.5382527,-3.3140814,-1.4551405,-0.027685825,-0.020747343,-0.17575486,-1.4003967,1.7383782,1.161956,0.7758053,-0.4395349,0.19974087,-0.98045284,1.0214498,0.7592457,0.08798358,1.254864,-1.6853034,0.4471744,1.1406037,0.30546755,-0.61268747
704,-0.6890884,-1.5766401,0.07677465,-1.3861732,0.5343308,0.80535436,-0.7553017,1.365371,0.34004033,-0.2096079,-1.3579848,-1.4160388,-1.2459155,-0.6142688,-0.24385029,-1.2070761,0.23025979,1.7102407,1.2883035,0.53839266,0.7383194,-0.9689468,-1.0564922,0.32745773,-1.5841677,-0.24637553,0.8850422,0.95098615,-1.1750276,-0.062084243,-1.8601432,-0.3695336
705,0.15188816,-0.74649197,0.3758716,0.45835614,-0.27581453,0.8346614,2.0574114,-0.2781561,-0.85577744,0.5127864,-0.70926774,1.4198922,-0.49554545,-1.0931941,0.31965962,-1.625071,0.89502925,2.3302238,0.25782686,-0.0052815857,1.1920168,-0.01878773,0.13185737,0.95004505,-1.9048405,-0.92448705,0.87138456,0.09334073,0.16142026,1.8476495,-0.3361254,-0.34720168
706,0.17135239,-0.7515158,0.38254544,0.46606246,-0.27397522,0.83159465,2.046566,-0.26485324,-0.8662203,0.51206815,-0.7147581,1.4160545,-0.49890426,-1.0887985,0.30945605,-1.6277714,0.89163595,2.3278532,0.2665846,-0.0041121137,1.1899611,-0.035696335,0.13293248,0.94047725,-1.9138054,-0.92017406,0.88227886,0.07800114,0.15949936,1.8479178,-0.33197498,-0.35092947
707,-0.9623669,-0.21604289,0.45226952,0.71529114,-0.25489083,-1.4402074,1.0971333,-1.2142905,-0.69659424,-0.8148214,-0.63638204,-0.82014316,1.8547941,1.7398465,-1.6662022,-0.6813491,0.86991304,0.22734085,-1.0913011,0.7066478,-2.0330646,1.015676,-0.2904046,1.0033251,-0.011905005,0.24402402,-1.0411626,1.2273927,-0.7023065,-1.210804,0.22864048,-0.07548893
708,0.7795865,-0.59266955,0.01484213,0.54854655,-0.6671672,-2.9592214,-0.54790014,0.054067664,0.16826002,-0.86245036,0.6337207,-0.31935185,0.93322146,-0.79520553,-2.3933854,-1.4898387,1.3106787,-0.92041886,-1.064468,-0.37118933,-1.345378,-0.167078,0.5713276,1.0750818,-0.43493363,0.15725285,-1.1101992,0.06581941,-0.09517734,-1.3149364,-0.7808142,0.4499014
709,0.73356795,0.16934647,0.42006373,-1.7033459,-1.4656465,-0.8234334,0.52702516,-0.10609671,0.50282335,0.8960167,-1.0689096,-0.9976062,-1.0195688,-1.111848,0.53238827,-1.4171365,-0.49289724,-1.0799867,2.4134781,-1.5134585,-0.9826471,-0.010030267,2.3520122,-0.68009365,-0.17552416,0.5178816,0.21613389,-0.4013412,0.6048045,-0.0023352287,0.6977679,0.6458192
710,0.57094294,1.4381958,-0.17595662,-1.6755949,-1.2063,-0.654675,-0.4198968,-0.866834,0.47156024,1.0853919,-0.69538647,-0.83643264,-1.6312478,-1.3696512,0.35709384,-1.6283929,-0.3474478,-0.07012334,1.769024,-1.003056,-0.68666846,0.03238702,1.8242979,-1.0176877,0.02498968,0.9519161,0.5114479,-0.758976,0.9797019,-0.84035933,1.1992537,-0.6731117
711,1.5483297,2.7800717,0.39303815,-0.12296132,0.046506856,0.78560245,-0.47971937,-0.16700731,-1.1709495,1.0422138,-1.0303833,-0.4397041,-0.8869846,-1.1401247,-0.92437583,-0.21088743,0.47646976,-0.89737743,0.6302727,-1.4287298,-1.1996677,-0.105756536,-1.1850649,-0.48776203,0.27894682,1.5272682,-0.5888108,-1.2634732,-0.05090934,-1.3928772,0.7709181,0.8840348
712,-0.3571289,-0.3930186,-0.31459603,1.5263611,0.24802184,1.033971,0.7604069,-0.8545417,0.35951138,-1.0754962,-0.33236033,-0.83940643,-0.6452663,-0.851813,-0.5789131,-1.6555637,-0.57306486,1.7335217,0.97596294,0.6895904,-0.021769496,0.48873797,-0.23893137,-1.5476447,0.34558377,-1.6860017,-0.39654118,-1.78218,-1.2323903,1.8795815,-0.62909526,0.21790077
713,1.5705642,2.746942,0.3991677,-0.0921783,-0.017453391,0.80721045,-0.47374436,-0.1781229,-1.1724988,1.0552772,-1.0479122,-0.391201,-0.90248597,-1.1227294,-0.969844,-0.22090769,0.49796423,-0.90397024,0.61735773,-1.4779211,-1.092917,-0.17967497,-1.2213908,-0.38193616,0.2267507,1.5311077,-0.5855564,-1.2778392,-0.05230496,-1.3789208,0.80387104,0.85409915
714,-0.34131858,-0.39497977,-0.3228025,1.5355186,0.24352346,1.0302832,0.74939424,-0.845753,0.35392404,-1.0761106,-0.33708578,-0.83813363,-0.64665323,-0.847356,-0.58121043,-1.65086,-0.57389563,1.7337255,0.981405,0.68665105,-0.019208625,0.48299155,-0.2508465,-1.551688,0.34885406,-1.6789435,-0.39974993,-1.7953289,-1.2361869,1.8765863,-0.6282833,0.21561264
715,-0.23012699,2.008813,-1.3168226,-0.10479268,0.5431728,-0.046911735,-1.9990169,0.254126,1.0552601,0.06700007,1.2768604,-0.59554267,-0.73982835,-1.7191808,0.8685362,-0.8428455,-1.5844178,0.061260935,0.92854124,-0.7069194,-1.496588,0.5120835,2.0313606,-1.2392534,0.040344656,1.0504769,-0.5373523,-0.31936938,-0.37961343,-0.86485916,0.33481997,0.10800689
716,-0.58297193,1.9987051,0.70858634,1.5406976,0.14244281,0.88080573,-0.36160907,-0.4325328,0.46195477,0.13606188,1.0713519,-2.0948913,0.15167084,-1.14843,-0.29217958,-0.19919667,-0.7380505,0.4739856,0.000890153,-1.7873017,-1.5164692,1.6621728,0.58515984,-0.38717437,0.8365132,-0.0008339456,0.88720334,-1.8733066,0.83894086,0.08696957,1.0419755,0.436035
717,0.7800466,1.8297203,0.53948075,0.833467,0.06005149,-2.303461,-0.4654864,-0.5958352,-0.15302703,-0.09894321,0.09841855,-0.42235434,0.70882064,-1.500456,-0.822928,0.32282954,0.9886255,-0.21335569,-1.268301,-1.8073552,-2.555249,-0.10541966,1.2460927,0.11317619,0.7718285,-0.034677308,0.7913739,-0.37821215,0.61338484,-0.14371416,0.62810177,1.47963
718,0.21839648,1.6031985,0.9477119,-0.22206323,-0.5015546,-1.1072521,-0.07724898,0.35757285,0.25319496,0.62365746,0.070435196,-1.1938083,-0.5427413,-0.09103945,-0.27336156,-0.7953146,0.535997,-1.8597279,0.13959886,-2.641064,-1.377105,-0.011121137,-0.40530953,1.2673162,0.46311453,-0.23161358,1.4649086,-0.3419167,1.6334716,0.0045641144,0.904502,1.6501038
719,0.90838623,2.122645,0.004570277,0.44995186,0.68460965,0.07215794,-0.99985665,2.5919888,-1.7176371,0.12160742,-0.30786106,-0.46689823,-0.9386871,-0.8486164,-0.9094584,0.77779317,0.47797537,0.28810495,1.1854255,-0.7592396,-0.56634897,-1.190964,-1.5251585,0.77487195,-0.7026874,0.8852141,1.1319876,-1.1950177,0.23124519,-0.6446859,0.43367085,0.46005026
720,0.6349999,2.1962028,1.0661026,-0.15022783,-0.47711146,0.42652592,0.2585856,-0.73201,0.013271511,0.5792979,0.3467102,-0.5205961,0.98544043,-1.1346397,-1.3846229,0.136382,0.7093619,-0.07682434,1.1911798,-1.7694901,-2.7499735,1.0387325,-0.02468117,-1.0428514,0.19442783,-0.37147403,0.7955982,-1.5138896,1.1463627,-0.2692101,0.64767617,0.73596543
721,0.7444179,2.0862877,1.1487107,-0.13542418,-0.4505012,0.45130733,0.25636604,-0.69536555,0.120043024,0.55707717,0.4319902,-0.5273225,0.8913631,-1.131463,-1.3613116,0.21026425,0.64217585,-0.15467346,1.314505,-1.7453363,-2.7306795,1.0225983,0.11635669,-1.0821248,0.12777866,-0.32801825,0.807578,-1.5628453,1.1763761,-0.21315359,0.6965344,0.7176471
722,-0.3029643,0.7814356,-0.2160833,0.18086484,0.8183569,-0.74452597,0.05525572,0.060772907,-0.59900343,-0.9153146,-0.16030651,-2.1725662,-1.603791,0.5041867,0.30056378,0.27774337,-1.2795483,-0.41862676,-0.23389816,-1.0695899,-2.165396,-0.3186348,-1.24351,1.1876683,0.5729648,1.1436893,2.2679465,-0.85979736,1.2878673,0.20300218,1.3961933,-0.5198171
723,0.7019279,0.5597667,-0.6268208,-0.15404016,0.03574677,-1.1738353,-0.34476578,-0.3974732,-1.6985738,-0.11713927,-0.2622232,-2.2384818,0.48484015,1.1183851,-0.44743174,1.0148317,-0.42534852,-0.26492795,-1.2456877,-0.6916373,-2.2632728,-0.37297404,0.20705785,1.2717986,-0.33180717,2.21511,0.047429614,-0.3506713,-0.27498296,-0.47233516,2.1991954,-0.14856659
724,0.23845421,-1.2841818,-1.3283991,0.31349158,-0.79395336,-2.0641448,-0.8939256,0.11600028,0.00877599,-2.2186685,1.319655,-1.5916725,-1.1258453,0.088362545,0.53663063,0.056312576,-0.7488113,1.8237143,-0.4115733,0.58019567,-0.8417117,-0.06013006,-0.2536793,0.9274523,-1.6519636,0.6436772,1.6730617,0.51250017,-0.43854183,0.6105166,-0.83458585,-0.40235177
725,0.553423,-1.4959458,-0.5727483,1.9227246,0.27877346,-1.923712,0.58607805,-0.9332032,0.503447,-2.7080708,0.49680224,0.28777528,-0.19599763,-0.18498918,-0.62258744,-0.79824936,1.4401143,-0.103243984,-0.15798509,-0.6875309,-2.1065419,1.3037353,0.3258119,-0.44278058,-0.0038331936,-0.7357207,-0.9019316,-0.9065238,-0.9222356,-0.68470865,-0.035896108,-0.5869084
726,0.5107757,-1.4638323,-0.6978981,1.897417,0.16983718,-2.0033503,0.5484758,-0.8957877,0.35433224,-2.7478566,0.5566689,0.4450972,-0.09398983,-0.24790068,-0.6374367,-0.85586715,1.5331547,0.053516027,-0.29631057,-0.6079046,-2.0039332,1.2723696,0.29367903,-0.26445258,-0.09011793,-0.6007136,-1.0193359,-0.84256095,-0.90893686,-0.6842111,-0.018459598,-0.686829
727,-0.9757946,0.2630423,0.15259372,1.1099621,-0.02372144,-2.0145748,0.07427721,-1.6141069,-0.030031009,-2.0523968,0.45467222,0.44301435,0.62633884,0.5025011,-1.0364068,-0.47070315,2.034417,0.87902766,-0.4260227,0.84607303,-2.5893273,0.56066626,0.5510692,0.48965627,-0.6227042,-0.23453993,-1.3598523,-0.46045843,-0.2555475,-1.099243,-0.40527487,-0.84368396
728,2.4302142,-0.020181969,-0.32926953,-0.25317574,0.79915714,-0.50659066,0.4981855,1.7111017,-0.5677983,0.5617361,-1.2800989,0.25186592,-0.17633463,-1.5972073,-1.1513921,-0.3401185,0.7946142,-0.79549074,-0.24441694,-0.97213095,0.79081655,0.045797497,-0.94129384,0.41971928,-0.35544032,2.2137713,-1.0915933,-0.92995906,-0.28604445,-1.6326115,-0.51592803,0.594605
729,2.4340358,0.0033293255,-0.26294607,-0.34599897,0.7453831,-0.6098576,0.65867114,1.5616678,-0.31246555,0.83029985,-1.3270097,0.30921376,-0.20148991,-1.5689548,-1.1795642,-0.62468094,0.7849495,-0.8906021,-0.1923867,-1.031356,0.76448476,-0.04197501,-0.7254568,0.41426373,-0.2676391,2.10341,-1.2102488,-0.908748,-0.41851807,-1.6118606,-0.50999355,0.628109
730,-0.038349606,-0.055316515,-0.30544463,0.91060764,0.20253737,-1.2231284,0.8688772,-0.4450707,0.26609048,-0.35902435,1.6280254,0.40444615,1.9079821,-2.3295186,0.6087501,-0.21293518,-0.47680977,0.21396595,0.99192846,-1.0092999,-0.87841076,1.7005668,1.9201046,-0.6661467,-0.5002714,-0.50610656,-0.72083145,-0.31628463,-0.48666197,1.8456291,-0.760136,-0.032407604
731,0.51403284,0.7140956,0.4918363,-1.6990975,-0.21518417,-1.6936541,0.098750725,-0.10169163,0.61738235,1.107896,-0.63036084,-0.8080746,0.015812676,-2.3525243,0.30411306,-1.9169235,-0.82736665,-0.76783437,0.3392039,-0.06467834,-0.17220585,-0.34413946,1.2340139,0.6678063,2.0049522,0.06305502,-0.7556171,0.47928593,-0.66195494,-0.22186455,-1.095659,1.5746261
732,1.363082,0.28455365,-1.1552678,0.20988135,-0.025763983,0.19319768,-0.04907902,0.79463935,0.71643454,1.5025522,0.27358633,1.3533518,-0.03761902,-2.1102965,0.7034996,-0.7051639,-1.2254317,0.7173491,-0.4672889,0.39602298,0.005589317,0.9061327,2.0165033,-1.5272388,-0.8897127,1.381114,-1.5520496,-0.32854977,-1.4501774,-0.64538443,-0.7957901,-0.2828892
733,0.768718,-0.7558932,-2.254071,1.0964494,-1.6424276,-0.7840127,0.120611496,1.6047528,0.48970872,0.6854569,-0.20127374,-0.9022732,-1.5067002,-0.33178392,0.6105996,0.43248567,-0.5242117,0.34207383,-0.90495074,1.0026504,-1.2588726,0.93599594,0.5225991,-0.96506405,-1.0913996,-0.2571529,0.18930864,1.0959047,-1.129608,-1.473872,-0.38488072,-1.6184591
734,2.3464472,-0.3232739,0.04379742,-0.42118105,-1.528119,0.27892834,1.3888034,1.3271886,-0.87748873,0.727283,-2.5565934,-2.0472496,-0.512715,-0.35746425,0.7255485,0.82918596,0.062206145,-0.76499194,0.50231326,-0.2829809,0.35542935,1.0179548,-0.12803711,-0.19841596,-0.29254073,0.16946986,0.20282556,0.6980046,0.6263846,-1.692426,0.09110909,-0.26945454
735,1.14489,1.7850581,0.21334071,0.15494896,0.79235065,0.1105629,-0.9935156,-0.4011012,0.17843328,0.31149676,0.31884262,0.12640154,0.3397072,-0.45564777,1.4340187,1.1930866,-1.0634215,0.42689282,-0.1801887,0.049962625,-0.75359756,0.39427453,1.6956006,-0.8553031,1.030678,-1.3133355,0.93513614,-0.2770078,-0.65947896,-2.5661275,-0.38964865,2.1220245
736,0.466243,1.2897073,0.094541766,-0.123798154,1.4678622,0.6247474,-0.29788002,0.012318178,0.7880082,-0.980086,0.3276674,1.0446357,0.6318704,2.2627556,2.086874,-0.15158719,-0.7378792,1.0492485,0.15847366,0.63317597,-0.53116435,0.9527093,1.4871494,0.86721575,0.17353581,-0.6354174,0.21635781,-0.120839514,-0.9023715,-2.1374233,-0.7286377,1.2453766
737,1.1518518,-0.052014746,-1.6747605,0.15649357,-1.234761,0.1926682,0.011577404,1.3991194,-0.21044818,0.39190957,0.3173966,0.63798815,-1.1654586,-1.1042377,-0.1637322,0.85805094,-0.8678603,-0.26095322,1.2326405,0.5423869,0.24547215,-0.77545476,-0.89303523,-1.5909508,-1.9629953,0.83206433,-0.8148694,-0.15565307,-0.32662967,-1.4342312,-2.3197029,-1.056054
738,-2.330494,0.014776258,-1.158403,-0.7363173,1.732118,-1.0149783,-1.1864655,0.09386258,0.03266571,-1.0575874,0.42968526,0.37361214,-0.80348116,-0.667941,-0.4100087,-0.08168547,2.1689703,-0.5630447,0.2674859,0.8772115,0.004228852,1.7579218,1.0024133,0.14362441,-1.4304315,-0.6145437,-0.651779,0.30446124,-0.91275966,-0.82281,1.3548388,-0.8179663
739,-0.6301823,0.80974954,1.468492,-0.71270084,1.2208232,-0.46161675,0.65856737,-1.8826884,0.24451588,-1.6919574,0.33931547,-0.29077014,0.39702848,1.2117243,0.30201432,-0.41163313,-0.1147574,-0.05680375,-0.05153665,1.8929026,-0.610513,2.0363977,1.9002786,0.64502764,-0.6673706,-0.04061111,-0.3411516,0.5258972,-0.48704556,-1.6756142,-0.55881065,-0.6625035
740,-1.4103335,0.7708308,0.29794845,-0.55199474,0.96173704,-0.4112424,-1.1967787,0.1945694,0.026414184,-1.15415,1.1403611,0.0682572,-1.2792706,0.16021219,-0.11497436,0.525694,1.0867796,-0.3987111,0.49307114,0.89411557,1.1393098,1.4722377,1.7825172,0.8576891,-0.8491154,-0.9374813,-2.193439,0.08043692,-1.3487241,-0.3481872,1.5492747,-1.3125657
741,0.70916426,0.8818697,-1.4912589,0.06683677,0.5040521,0.05420465,-0.5982818,1.4961672,-1.4081184,0.56993383,-0.6664451,-0.039639007,-2.2424784,-1.01791,-1.0665041,0.8031811,0.23884727,-0.48403496,-0.48224124,0.31581575,-0.24882898,0.96267223,-1.4430097,-0.10147495,-0.61618227,1.1693904,-0.9736156,-0.13078155,0.086438194,-2.5781026,-0.18528046,0.8337146
742,0.82729405,0.7431372,-1.4516633,-0.0446656,0.38015258,0.027031126,-0.48653808,1.6252841,-1.6119646,0.73368645,-1.0156393,-0.03673006,-2.464467,-1.0154685,-1.047748,0.7730355,0.2108975,-0.29005158,-0.2083456,0.16163294,-0.18219563,0.54564226,-1.4424865,-0.03752851,-0.4439032,1.2205616,-0.7096694,-0.25863123,0.21039191,-2.4172955,-0.20275687,0.92909735
743,2.4915426,0.9243941,-0.58742744,0.34839186,0.26482317,-0.2144733,0.029022109,0.18756029,-0.7870769,0.5967057,-1.8865539,-0.90758073,-0.619791,-0.32334036,0.72103035,1.706817,-0.3205504,-0.3207247,-1.080688,-0.13297203,-0.022466326,0.72116274,-0.94079494,0.13683818,-1.2091248,-0.38378316,0.2357331,-0.806722,-0.11096595,-2.4533837,-1.1315665,1.0358003
744,1.6517084,0.660482,0.04078731,-0.26535788,1.3678831,0.07605072,0.48790628,-0.25423154,0.08995249,0.5940145,-1.2638816,-0.10309694,-1.4815075,-0.6871015,0.68012106,-0.996399,-0.5375685,0.291198,-1.0685693,-1.0756638,-0.20405507,0.9165927,-1.3009753,-0.3405314,0.1194606,0.99085957,0.11516252,-1.3376985,-0.4129022,-2.2026706,0.0825195,2.6151888
745,1.9831885,-0.75816435,0.5077325,-0.044281572,-1.0852091,0.88148504,0.89297885,-0.06756324,-0.095890634,-0.08791468,0.738172,-0.79009086,-0.35134888,1.1927583,1.3163418,0.016743138,-0.66996944,-0.74174154,1.3004076,0.0900652,-0.7642196,0.16323957,0.6387915,-0.0619492,0.17058796,-1.265907,1.173376,0.83088,-0.43781593,-2.9324336,1.3414992,0.2861027
746,0.5054977,-0.18532036,-0.24641642,-0.6872129,1.5006232,0.8288688,-0.08312164,-0.31733805,1.0652963,-1.0964978,1.7858906,0.807181,1.27017,2.0236092,1.1338125,-0.6938023,-0.89445823,-0.48903078,0.3142105,0.60942394,-0.70026314,-0.20029514,1.0336583,0.49607503,0.5781041,-0.41725937,-0.15109636,1.0128585,-1.1485368,-2.4417286,-0.08451411,0.44553068
747,0.6696993,0.55615836,0.6505491,-0.3664434,1.6060245,0.050924957,0.3156651,-0.077300064,-0.2860238,-0.00818739,-0.80491734,0.47862557,-1.0281171,0.8944439,0.8343301,-1.4664453,-0.43284896,1.002441,-1.9449738,0.3781045,-1.3558439,0.5775789,-0.7846718,0.83224577,-0.21096256,1.1887766,-0.41404247,-0.57241225,-1.051958,-2.2495065,-0.37705302,2.1919556
748,0.5127037,1.5377028,0.8997837,0.27534893,1.1992067,-0.34566525,0.4390379,-1.217209,0.58830625,-0.033166822,-1.2986207,0.8944341,0.07401417,-0.7435796,1.5615232,0.859931,-0.45500904,0.8435256,-0.52470195,-0.10676422,-0.39226606,2.9469373,0.5807576,-0.5980809,-0.22940725,-0.36789706,0.074395664,-0.54446316,0.20095484,-1.9953365,-0.54127234,1.748162
749,0.086060315,-0.20424475,-0.2813633,-0.44750625,1.5919017,0.6202509,0.08059277,0.21870182,1.0465742,-1.5519009,1.2726114,1.3672642,0.45475814,2.0037427,1.8758745,-0.98722684,-0.9674149,0.4339605,0.85517216,0.28715983,-0.44836318,-0.4615154,0.6659679,0.95165735,0.56553817,0.30415887,-0.6333692,0.8035486,-1.4664383,-1.8790051,-0.72487575,0.63032967
750,2.5315783,-1.1674732,-0.029877484,-0.39662784,-1.790881,0.58210504,1.333745,1.835234,-1.2733364,0.13935244,-1.4451329,-1.8715315,0.45424512,-0.2518389,0.021686383,0.605843,0.101691246,-0.7527981,0.6818888,0.16715899,0.1330721,-0.6509792,-0.36298943,0.63463104,-0.22558329,0.9093081,0.22221896,0.20452748,0.3036564,-1.6702888,0.3951503,-1.1797868
751,0.0531227,0.37291357,-0.61112386,-0.559161,0.15241927,-1.7087514,-0.35216564,-1.0978253,-0.7830538,-1.0664036,-0.8411132,-0.51281196,-0.026132133,-0.20781985,-0.6741727,0.4770731,1.0828428,-0.18126152,-0.64707077,1.4085658,-1.022496,1.4234263,-0.23469809,0.19525631,-1.9821042,0.32339263,-1.535259,-0.20643108,-0.35595936,-2.5517535,-1.1907865,-0.002544023
752,0.66362333,-0.72900265,0.6293441,1.1380494,1.9928031,0.60340095,-1.2967336,-0.27026677,-0.8396733,-0.39332485,0.95758253,-0.5171258,0.045392506,-0.1703488,-0.33007216,0.19777347,-0.8179778,0.89414597,2.29287,0.013518556,0.4904298,-0.66066706,-0.70317006,-0.5879425,-1.5833871,-0.8586565,-1.3857044,0.837913,2.031137,-0.056079943,-1.4481794,-0.31491175
753,1.1212246,0.22332995,0.6362477,0.7077134,2.0740235,0.79583764,-1.4690903,0.5588109,-1.0135014,-0.043050796,0.7388872,-0.41349033,-1.0644777,0.030600576,-0.36274853,0.5795945,-0.6360921,0.022164445,2.1261787,0.05211003,1.8754616,-1.171159,-0.8208096,-0.77597713,-1.560811,-0.38697237,-0.6059616,0.08708124,2.042546,-0.30358213,-0.35505995,0.24076182
754,-0.6228551,-1.2494576,-0.56922305,0.62564754,1.0317376,0.7076574,-1.3502605,0.7518576,-0.99161655,0.021321055,-1.2617998,0.5000583,-1.2155707,-0.24113244,-0.52036834,-1.2829144,-0.24820626,-0.005210343,2.4654424,1.1323296,1.0039401,-1.2367655,-0.94616956,-0.50123686,-1.4133755,-0.11976481,1.5181324,0.042220525,0.7377164,-0.10508948,-1.6100829,-0.32476524
755,0.27143377,0.12393888,-0.48546353,0.08932884,1.6802018,0.20721826,1.160516,-1.7062329,-0.44466656,-0.10893138,-0.23752734,0.3975915,-0.44475693,-0.92356205,0.1365243,1.0560706,1.4078072,-0.5677505,1.5519543,-1.2024512,-1.5012171,0.7172521,1.0187727,-0.06530495,-0.19512965,-1.011461,0.3767275,2.7758896,1.4298713,0.10805087,-0.15534276,0.3202308
756,0.29085818,0.4804735,-0.27096125,0.16754973,1.7530806,0.22335827,1.1227772,-1.470651,-0.5250375,-0.14687937,-0.24077508,0.55485547,-0.6833574,-0.9966202,0.11743542,1.340687,1.3305582,-0.5376508,1.7763028,-1.1857239,-1.3321921,0.7814936,0.83046705,-0.7077766,-0.19519474,-1.0613872,0.36477762,2.5098796,1.4508309,0.3035626,0.19409584,0.32337043
757,0.10522239,-0.95276874,-0.91293937,-0.04955442,-0.053867918,-1.6699011,-0.7637894,0.85834605,-2.2398477,-1.8958331,1.3572806,-0.25338858,-1.5810077,0.14926921,-0.43362886,1.160345,-1.837895,-0.5196337,1.5071031,-0.29450428,-0.06710348,-0.5341908,-0.80720013,0.54959464,-0.20785187,1.0700864,1.099976,-0.5851462,0.87093085,-0.5394931,-0.90445477,-0.19396733
758,-0.10028269,-0.22672513,-0.465797,-0.34061858,0.13293563,-0.080339886,-0.11430208,-0.22361784,-1.9872973,-0.80016834,-0.55170166,0.5625129,-2.0904157,0.5424733,0.10625475,0.026665308,-1.8433943,-1.5804043,2.069076,-0.9180088,-1.0762814,-0.90257096,1.3127474,-1.3151075,-0.010023051,-0.07884291,0.84053504,0.21887127,1.7655226,-0.8890011,-0.55077726,-0.6781961
759,-1.7199553,-0.5463571,-0.34672406,-0.14272234,0.21651106,-0.18526974,0.6996034,-1.0308118,0.3163112,0.82212484,-0.075472906,-0.16732901,-0.52128243,-1.2459208,0.68817806,-1.6484065,0.78087133,-1.6099848,0.84826434,-0.72869635,0.83805203,0.10554026,-1.4826343,-0.6873872,-0.059979398,-1.4358675,2.2364829,1.7158407,1.1174623,1.0025572,-0.44251055,0.4100784
760,-1.213776,-0.8781952,0.32347307,0.3482447,-0.38184515,-0.2096274,0.24134295,-0.88418,-0.37325913,1.1463367,0.6994776,-1.0089717,0.040514015,-0.22378525,0.83296615,-1.600122,-0.20345142,-0.561601,1.1720351,-0.7650034,1.3618908,-0.39228353,-0.7288296,0.963603,-1.1384811,-2.140464,2.5860806,0.6352757,1.3145635,0.67733824,-0.4917777,0.41715518
761,-0.8758105,-0.99131584,-0.6588197,-0.030774174,0.11335854,-0.1692612,-0.032287616,0.45966935,-0.38273042,-1.044878,1.719647,-1.1432608,0.028188372,-1.0955423,0.3095989,-0.7225528,-0.58876765,0.7377141,-0.28352052,0.11061539,0.9497166,-0.7335409,-0.4927919,1.4180784,-2.3796349,-0.5444045,2.6591184,0.10962583,0.80510855,1.4960419,-0.46795112,-0.52375114
762,-0.2524127,-0.89566284,0.32203203,-0.60482746,1.248675,0.0053459355,1.722682,-0.24482097,0.74081004,-0.52736825,1.3255949,-0.53689456,0.41186422,1.5727768,1.78802,-1.6059657,-1.0355122,-1.0536118,-0.23620138,-0.023223178,-1.1173432,0.8978934,-1.6228732,1.6743126,1.4639615,0.80112827,-0.029779889,1.0178106,-0.4097715,-0.907879,-0.047432683,-0.34021732
763,-1.1866064,-0.06712181,-0.9507988,-0.101626255,1.1939687,-0.35431325,0.64534956,-0.6696006,0.06897844,0.04057965,-0.4427932,1.1210896,-0.14808746,-0.67216504,1.1968287,0.32175803,0.72684485,-1.0465264,0.06495351,-1.3834127,-2.0010335,1.2533613,-0.6257282,-2.2303684,0.9422811,-2.170154,0.12550649,1.5128859,1.3238227,0.09956632,0.32448134,0.079346806
764,-1.4445202,-0.4668733,-0.15159552,-1.67997,0.9868608,0.7033605,2.474394,-1.1334145,0.6154094,0.70945084,-0.04588431,-0.18856692,0.64780265,-0.45112467,0.87220424,-0.46231928,-0.9149949,-1.1328093,-0.21194984,-1.3160216,0.24673843,0.6179635,-1.759356,-0.081770115,0.81553763,-0.30121034,0.2846575,1.6174191,1.9596413,0.36583397,0.10348447,0.016858384
765,-0.6527434,-1.0689598,-1.2936316,-1.1030324,1.4754238,-0.018114597,1.3046137,-0.8323873,-0.64149296,-1.835954,0.4455874,1.5195143,-0.65289605,0.63304,1.6662074,0.4846867,-1.3625877,0.29429996,0.99909365,-1.0194985,-0.17783405,0.3297508,-1.3391082,0.34632325,1.4885342,0.60887766,-0.10763232,1.4547696,1.0734168,-0.13802947,-0.56602114,-1.3542649
766,-1.2348341,-0.66569376,-0.36935914,1.6968925,0.90021235,0.40420315,-0.81258255,-0.6467927,0.07362729,-0.7634708,0.88210756,-0.58551043,0.47176528,-0.8398355,-0.9682419,-1.3255203,0.071458854,-0.18848516,1.8659365,0.69676286,-0.9412371,0.0486024,-1.5534322,-1.0957862,-0.015434846,-2.4447503,1.7828909,-1.0488061,-0.29729342,0.25438204,-0.809309,-0.089780085
767,0.2505353,-0.6340568,0.7298853,-0.011848094,1.4773643,0.46905887,0.10594902,1.2398757,-1.0560162,0.020936307,-0.67179596,0.049226727,-1.1495509,-1.0594006,-0.39134735,-1.708893,0.93425184,-0.03359478,0.43192047,0.5963734,0.056597233,-1.2755866,-0.07812757,-0.14820778,-2.5497417,-1.2381788,1.3237196,2.0822384,-0.045639645,0.6289804,-0.08122405,-0.4708094
768,-0.013640109,-0.6274078,0.68718576,0.29975072,1.5359778,0.41282174,0.11060075,1.0821913,-1.0003961,-0.20342566,-0.52582735,0.19996595,-1.1045518,-1.0303141,-0.40652347,-1.5592782,1.0205607,0.09892855,0.76692176,0.6113736,-0.0073016062,-1.3030919,-0.1443183,-0.4509064,-2.652861,-1.3407578,1.3588951,1.8138536,0.044927172,0.86307967,0.11968068,-0.6126062
769,-1.1132954,-0.6583558,0.17573093,-0.83574057,1.576258,1.2031069,1.4986058,-0.60370094,-0.08542811,-0.911248,-0.4120588,1.1282896,-0.20130706,-0.87881434,0.68351966,1.0654663,-0.50910056,-1.2525129,-0.76883596,-0.99698186,-0.24568109,0.87914723,-0.6664564,-1.4022284,-0.025435656,-0.55314404,-0.8612571,2.5930068,1.233894,0.8570208,-1.2225548,-0.0707031
770,0.41990197,0.8088856,1.0652074,-1.3328635,0.8927748,2.0453544,1.1504163,0.30734932,0.24249825,0.22011845,0.58994293,0.44367242,2.667542,-1.9319843,-0.46558455,-0.4387472,-0.26031718,0.26152143,-0.8395562,0.37452337,0.37855172,2.4696794,-0.50049233,-0.91281307,0.47101304,0.11028197,0.6301092,0.020399358,1.0627197,0.12868221,-0.39819756,0.27586356
771,-1.5386323,0.5890946,0.21030875,-1.4279908,0.6154544,-0.392619,1.9810156,-0.7307773,0.050433625,0.44915956,0.76209754,-1.3978857,0.5569775,-0.07450598,-0.75035954,-1.2195135,-0.65781885,-0.021669647,-1.6403388,1.4226359,-0.3410554,-0.10074718,-1.8936864,1.7863821,1.4483615,1.2558879,-0.1955176,1.1470004,-0.18916124,-0.108668245,-0.03582964,-0.11121986
772,-0.6210279,0.14790373,1.4976757,-0.28188097,2.2530446,1.416092,1.4007766,0.16925038,-0.021148242,-0.5780324,0.76223814,-0.049058076,-0.8118762,0.7347472,-1.4144238,0.39541703,-2.0709724,-1.1396068,-0.9023649,0.4380232,-0.4095962,0.5070147,0.39944363,0.18135649,-0.43781206,-0.34912783,0.43185037,2.2918243,-0.7596844,-0.969809,-0.51517236,1.2421681
773,-0.8269023,0.12612906,1.7019373,0.028891006,2.1399472,1.6224672,0.37332833,0.30917078,-0.030928014,-0.398735,-0.099268265,-0.6786342,-1.1609691,0.83363056,-1.0599544,0.5321886,-0.8176353,-1.7149055,-0.8259634,-0.22902867,-0.8278254,0.8682337,0.17478444,-0.255237,-0.28975466,-1.5662754,0.9707704,2.212818,-0.8847137,-1.0150626,-0.4579501,0.9676418
774,0.8705721,0.18210919,-0.15042205,0.41227338,0.25559172,1.5705674,-2.0112197,1.4169775,-1.5700982,-1.3234103,-1.0994254,-2.1004157,-1.9838825,-0.5266691,0.04895857,0.2846636,0.23319812,-0.7860403,0.22518238,-0.6337164,-0.537549,0.4484404,-1.7614408,-0.40967396,0.8893967,-0.41331246,-0.36309883,0.39030027,-0.22338071,-1.3376999,-0.9465715,-0.13873696
775,1.7552311,-1.0205895,-1.3666519,0.7351261,-0.69985443,0.86273694,0.2780812,0.12439242,-1.9361583,1.437938,-0.7206735,-1.6567364,-0.7572976,0.6146258,-0.33856067,0.90305907,1.1444954,0.53600395,0.83376276,-0.26082647,-0.8666689,0.053081285,-0.58221465,0.8872531,0.31902808,1.5770448,-0.4863295,1.1177089,0.6406287,-1.8715888,0.55415756,-0.32399553
776,1.7398883,-0.96976596,-1.3799531,0.6395116,-0.71065754,0.8793314,0.21187018,0.13377705,-1.9703959,1.3699218,-0.6983646,-1.6772593,-0.6887465,0.5585507,-0.4017452,0.94982123,1.1333205,0.40876266,0.8201852,-0.22182775,-0.8298482,0.1081387,-0.6827413,0.82602775,0.24012382,1.6326988,-0.57723445,1.064484,0.6603147,-1.9457517,0.5008191,-0.35024938
777,1.7423345,-0.9343309,-1.3877447,0.5678106,-0.716897,0.86550146,0.16730289,0.18138807,-1.9768254,1.327223,-0.6739246,-1.6903442,-0.64182043,0.468045,-0.4357341,0.9787478,1.1411053,0.30294845,0.7666654,-0.19558391,-0.7883704,0.16482462,-0.8010166,0.8024061,0.16902676,1.6789327,-0.60570854,1.0205892,0.71015364,-1.9944556,0.46905196,-0.36520913
778,0.9265988,-0.23742339,-1.0632875,-0.8232871,-0.6511199,1.3826323,-0.15795907,0.0040273345,-0.23116146,-0.8144508,1.8869653,0.0611497,-0.59427774,1.799534,1.3611543,0.5901958,-1.3700322,-0.487297,1.2348881,1.1553267,-0.072118536,-1.6831121,-0.10118059,-0.41498446,0.056154437,-0.48809072,0.56545925,-0.6974216,-0.26884514,-2.0798113,1.3620366,-0.24676427
779,-0.03375917,0.35150692,-0.88543016,-0.07397843,1.0672479,0.4217366,-1.113341,-0.4503177,1.2186452,-0.058645785,1.3398795,0.98290193,-0.7784859,-0.26739323,0.9728928,-1.031421,-0.11593056,1.1605418,1.286659,0.9200563,-0.1834073,0.3260807,1.7143373,0.2691471,0.9602171,0.4216718,-1.5240054,-0.32878247,-1.5862391,-1.7921876,0.5647944,-2.0108194
780,0.006303726,0.3549573,-0.98771816,-0.09021069,1.084292,0.5163325,-1.2139845,-0.38847885,1.2127584,-0.08193452,1.2756146,0.9875062,-0.8437068,-0.41850585,0.9917646,-0.93692476,-0.01545274,1.0955802,1.3381606,0.8109415,-0.056156192,0.37168628,1.6638373,0.23576398,0.8942742,0.4148052,-1.56648,-0.21751143,-1.5409766,-1.8106139,0.55157095,-2.080271
781,0.8711215,1.1575762,-1.061054,-0.33476114,2.036534,0.64041454,-0.42970043,0.23041098,0.6617363,-0.8719451,0.96614873,1.7571759,1.6455822,1.7350115,1.3516015,0.17783822,-1.0015041,0.58144206,0.6617812,0.9031234,-0.0439036,-0.8314984,1.3764033,0.57414174,0.7334852,0.10262728,0.14057057,-1.0370603,-0.92864186,-1.6340374,0.4664135,-0.03449395
782,-0.3737386,-0.15616196,-1.0840358,-0.32181233,1.4395798,-0.8172391,-1.3606784,-0.98372656,0.37094545,-1.2766654,1.3691633,0.7283911,-0.3827457,-0.4536777,-0.28538504,-0.28717238,1.5354853,0.54668164,0.7435331,1.0152916,0.2249481,0.42354867,0.78833234,0.63488144,-0.6474998,-0.11216412,-2.4282215,-0.36728844,-1.6455429,-1.1521817,-0.095457755,-1.9262633
783,-0.35075307,-0.15236476,-1.1592579,-0.34060287,1.4157835,-0.65595835,-1.4350538,-0.86749154,0.32059762,-1.2706366,1.3040632,0.69240296,-0.40982252,-0.5709975,-0.26732787,-0.16693057,1.5134928,0.49302474,0.81181484,0.9760382,0.30177715,0.5676175,0.71333003,0.420841,-0.6852137,-0.044123467,-2.4924543,-0.33175644,-1.6123867,-1.2164147,-0.09287388,-1.9730918
784,0.44562137,-1.425375,0.07683911,-0.66765136,1.0044786,-0.99449563,0.20660032,-0.30854505,-0.33732265,-1.9386414,1.2854503,0.20333482,0.105735876,1.5272841,1.4182273,-0.5028367,-1.8119398,0.17106721,-0.07624911,-0.3514467,-1.1863459,-0.2678108,-1.8474789,0.9018196,1.3180199,0.9203952,1.0889453,-1.3624729,-0.022922013,-0.16964896,0.91551054,-1.7433977
785,0.45909837,-1.4429953,-0.9427516,-1.2713625,2.3610096,0.2198208,1.6744287,-1.067436,0.072270066,-0.46523353,0.4493404,1.3316694,0.51059204,-0.3431569,0.73943126,1.1720576,-0.08280196,0.327374,1.3747495,-1.81671,0.45005777,0.7103691,-1.0651925,0.57035154,0.059636693,0.5945392,-1.3432256,1.1980726,0.5723786,0.94991237,-0.62209976,-0.07498154
786,0.11682961,0.9092712,-0.5062155,-0.9186938,1.8462223,0.0661138,1.6609701,-0.63542604,0.68967175,1.0169344,2.303838,-0.61805737,2.0019772,-0.6188515,0.6896189,-0.37702188,-1.1090391,-1.8946774,-0.6977876,0.15029709,-0.02329243,0.7681085,-1.2242855,0.88108784,0.93557143,0.84097666,0.82597774,-0.44158947,1.0319768,0.5452317,0.13734393,-0.542097
787,0.78293025,-1.9697227,-1.3947034,0.5476249,-1.3463124,0.28116456,0.333204,-0.3427188,-0.3821208,-0.3334318,1.6882564,-0.33475474,0.2914253,0.54510367,0.302032,-0.63692766,0.5040725,0.6917979,0.3126415,1.0882481,-2.058103,-0.8190164,-0.4798607,1.6766562,0.2448852,0.28678614,-0.22384852,0.45827937,-0.19088899,-2.0813308,-0.046813127,-2.1903186
788,1.027077,0.086895764,-0.21950515,-0.50529784,-0.0008273554,1.331647,-0.32502404,-0.11434534,-0.4121148,-0.30052018,2.4134717,0.3582943,-0.28247806,0.70706064,1.159284,-0.19850989,-0.9699336,0.1780155,0.6108903,0.9144131,-0.339201,-1.1590499,-0.76110107,1.3572204,0.43234754,0.897105,1.2367176,-1.3513294,0.3952998,-2.160025,0.9150659,-1.9258898
789,0.40413,-1.2518427,-0.22737448,-1.0736879,1.2680138,-1.1542584,-0.7418588,-1.2484092,-0.53818375,-1.5673112,2.1651752,0.41708997,0.4487167,0.494048,-0.41557303,0.28940406,0.73828375,-0.58893895,0.42120805,0.6454776,-1.0016302,-0.45577917,-0.9456479,1.4821583,-0.20854294,-0.7016342,-0.2524879,-0.694273,-1.2331578,-1.8482991,0.36644554,-1.9774983
790,-0.030098053,-0.69864273,0.76337034,-2.0673852,2.2494922,0.14550944,0.33513397,-0.7901658,0.44118372,-1.1599164,3.012713,0.6038673,0.86087805,0.59776616,0.71568906,-0.6717949,-0.5958939,-1.1409715,-0.5237895,0.3951509,-0.5676157,0.13312632,-1.0487576,1.4966595,0.34826183,0.361278,0.11542511,0.3199876,-0.64958024,-1.146367,0.41102314,-0.65499175
791,-1.4166943,0.564203,0.6375991,-1.710062,1.1486953,-0.16339435,1.279577,-2.1464548,0.39399147,0.28175965,2.0326798,0.18569249,0.9842559,0.06333718,-1.5060658,-0.529486,-0.50679964,-0.59522593,-1.1850998,0.8214024,-1.2178404,-0.71087176,0.20199127,0.720082,0.47070023,-0.8164673,-0.2403325,0.7266034,-1.338456,-0.85088795,1.085446,-0.3402154
792,-0.89223087,-0.8979295,-0.13228546,-0.48094788,0.9288674,1.4902405,0.60137177,-0.23516819,-0.03579085,1.0405704,1.383507,0.8320823,2.436731,-1.7550414,0.23174521,-0.18734334,0.33791196,0.08736802,-0.049331512,0.8418832,1.7059462,1.0040867,-0.32976297,1.7829404,-0.3269059,-0.89743215,1.1647248,-0.14539494,1.7472693,0.028591162,0.661475,-0.69862086
793,-1.1836638,0.30405265,-0.42377236,0.6129158,-0.99331903,0.6208839,1.2713976,1.1912729,0.057783246,1.1340694,-0.2574934,-0.27250654,0.59649014,0.044692904,1.6763185,-0.50810623,-0.067472406,0.5923076,-0.48360595,-1.1349932,0.6938745,0.7290391,-1.473006,1.6483147,-0.7220232,-1.588013,1.9975123,0.93979716,0.273316,0.5806374,0.5558658,2.2983816
794,-0.557236,-1.1526638,0.55078703,0.22363116,-0.651626,1.2309908,-1.022033,-0.69359887,-0.6128984,-0.32237187,0.6127579,-0.48096338,1.810137,-1.5495577,-1.2596852,-0.70633197,0.3263721,0.8300147,0.3222014,-0.8840848,-0.59091413,0.6385985,-1.782603,-1.1980121,-0.43407422,-2.3806803,0.34803212,-0.69181293,0.32354763,-0.9186894,-1.0967982,-1.7125818
795,-0.33113992,-1.3783635,0.7314562,0.8267924,-0.7588425,1.4289614,-0.6007006,-0.9533688,-0.57325405,-0.4134206,0.51901466,-0.36463147,1.6677828,-1.0876225,-1.4246031,-0.7759866,-0.10431697,0.90866816,0.8041641,-1.077445,-0.48221326,0.31074592,-1.4849179,-1.4995668,-0.6546762,-2.4874146,0.4703494,-0.9815843,0.011748802,-0.4502124,-1.0952821,-1.2822549
796,0.9044078,0.71648395,-1.7197963,0.7350786,-0.29058728,0.96400446,-0.96036243,1.402875,-0.9502184,-0.59621596,-0.9163467,-1.5124575,-0.7432559,-0.25657764,0.23161212,1.8307304,0.54398614,0.06420803,0.6278951,-1.9641285,0.46635008,-0.095706314,-0.72266936,1.5062562,0.69122475,0.67588234,-0.60627294,1.4242481,0.318943,-1.374531,0.61282796,-0.50076133
797,-1.1037753,2.5436969,-1.0527477,-0.0058921534,-0.16689262,-0.033142805,-0.36174798,-0.2514062,-0.43343356,-0.37077373,0.20429596,-0.80246115,0.6463777,-1.5207506,1.5746696,1.5351431,-0.049825057,0.7212715,0.021787537,-1.6452979,-1.8245094,0.9309933,0.7369856,0.8008062,0.83793384,-0.13867185,1.1147006,1.8121697,-0.22561009,0.040232364,-0.08689571,0.8252499
798,-0.67781514,1.6715416,-1.800606,-1.1193677,0.33823696,0.7524073,-1.0155405,-0.59227616,0.6190321,-0.27937087,0.10180907,0.00042364764,0.03528669,-1.4494697,1.9454225,0.8695605,-0.32355168,1.5754119,-0.41801342,-2.0274453,-0.519762,0.74867696,1.4237694,0.22146003,0.6986123,0.17325997,0.08659949,2.0169768,-0.28459197,-0.23435193,-0.26617485,-0.81349856
799,-1.3575714,0.63971186,-0.31725898,-0.6032111,-0.3240691,1.1368333,1.9694486,0.005040201,-0.42693847,0.77507645,-0.58803767,0.43736258,-0.017119274,-0.22509141,0.7044008,-0.6628306,0.67358786,1.4704448,1.9405308,-1.1843573,1.1101636,0.8864847,-1.3119332,1.8520725,-0.827262,-0.8367665,1.8033338,0.4000969,-0.78448963,0.9762082,-0.2662232,0.79141057
800,0.6727957,1.5809183,0.7517421,-0.8622273,0.35374045,0.7564929,1.1579655,-0.9608223,-0.016961124,1.4851958,0.445949,0.024400683,-0.17190254,-1.66904,-1.2652233,-2.2087257,-0.52543896,-0.018899126,-0.5413276,-0.5932708,0.123814985,0.4630803,-1.2329082,-0.2634548,1.499454,0.63504344,0.83022267,-0.91894317,-0.670473,-1.3276552,0.40033224,1.6033624
801,-0.7716043,1.6006165,1.1405838,-1.1298592,1.8495992,-0.6672008,1.4567854,-0.84509814,0.27126157,1.1939349,0.1254822,0.12844387,-1.576317,-0.29406035,-1.4253721,-0.214467,-1.4938531,-0.5794354,-0.029016819,0.2637183,-0.67877364,-0.23050652,-0.5627335,0.19763686,1.0999112,-0.35577074,0.27392963,2.095069,-0.52281284,-1.4565554,-0.09058951,1.3890669
802,-0.6498645,-0.9673905,0.64473367,-0.8786734,0.9533909,0.09859178,-0.2937502,0.2982858,-0.18962346,-0.07030625,0.34778163,0.419713,-0.86007476,-2.75631,-1.9557261,-1.5686558,0.025975155,-0.5203527,-0.25306526,-0.06817783,0.046854448,-1.9053137,-0.6762657,0.41763577,-1.7296745,-0.30662218,0.3345371,0.5425983,-0.93656945,-1.0823953,-1.0347193,0.45558864
803,-1.216731,-0.50852424,-0.21447262,-0.45468423,1.3384161,0.032489054,0.34955087,-0.82986605,0.5604468,-1.2193687,1.578491,0.22654667,-0.52243227,-1.3695271,-2.4913075,0.25183138,0.08262084,0.08755311,0.6516818,0.13723928,0.4750396,-1.1941264,0.5993728,-0.21622202,-1.0669029,-0.8010227,-1.2432712,0.24232605,-2.5799468,-0.6152818,-0.14104967,-0.0132498555
804,0.36505952,0.77673596,1.1916345,0.16875504,0.23839827,-1.2748972,1.0615379,-1.0148011,0.5912439,1.0091786,1.0482464,0.55049455,-0.6130985,-2.4025712,-1.6398666,-0.18125717,-0.29134014,-0.025276693,-0.80104005,-0.8269058,-0.69003433,-0.8257919,0.7336849,-0.12980884,-0.5597307,-0.94168967,0.89826256,-0.3736039,-1.3753302,-1.0369786,1.0321442,2.0778894
805,0.008903956,0.8492678,1.4380862,-0.2247396,0.18913147,2.0291026,2.0442944,-1.917718,-0.6296396,1.0695146,0.016546015,0.96357006,1.168093,-0.77893513,-2.0516553,-0.62606466,0.46333963,1.6220025,-0.20372033,-1.109974,0.0548327,0.43179765,-0.95090234,0.122450136,-0.22155099,-1.0571599,0.8274705,-1.1564916,0.4428033,-0.011701892,0.21372592,0.25340497
806,-0.018485654,1.2678189,1.2962222,-0.35815307,-0.17162654,0.29049912,1.4651581,-0.73776364,0.15676713,1.2803377,-0.3122828,-0.23803948,-0.9565499,-0.5977672,-1.7338176,-1.934612,-0.6377726,0.43367362,-0.2994358,-0.69048864,-0.8215649,-0.19864663,-0.7606281,-0.30791485,0.8301623,-0.06299954,1.5136716,-0.78534395,-1.5212926,-0.5179276,0.19131808,2.631738
807,-0.0130570335,0.6227026,0.17167,1.081231,-0.74009085,1.412119,1.4013525,-1.4155082,0.15215857,0.21037649,1.532234,0.15865074,0.42700642,-1.1751661,-2.267123,-0.9507675,-0.25915703,1.8205855,-0.14096938,0.29779792,-0.32693416,0.7117498,-0.69221944,-1.1060941,0.4847719,-1.4989834,0.3351167,-2.0689332,-0.9241022,0.038231634,0.502581,0.052298218
808,0.2566884,-0.029993623,-1.1534061,0.09336354,-1.6806191,-1.1076865,1.7165517,-0.45826656,-1.4098227,1.0547482,1.1248904,-1.4490094,-0.51203996,-0.44310144,0.24658895,0.6653086,1.4027959,0.2115105,-0.88833505,0.98098147,-1.071435,-0.31799865,-1.3296142,2.2716832,-0.25439477,0.6228884,-0.5495543,0.18441108,0.12873314,-0.65806407,0.8329572,-1.8582244
809,-0.9383425,1.2894545,0.52306694,0.018459653,1.3380194,0.34694803,0.8036017,-1.9589174,0.6185228,1.4595307,0.35432205,-0.55402577,-0.3253832,-0.7953401,-1.1983298,1.6306782,0.40093246,0.35965407,0.029909985,-0.78781056,-1.0866339,0.95044225,0.19156836,-0.20172304,0.01796351,-2.127675,-0.4985005,1.0532616,0.4261064,-1.4016906,1.8311999,0.076101184
810,-1.613058,-0.27107984,-1.2015568,-1.061766,1.0899464,1.5623112,0.8242104,-0.92434025,1.3112693,0.5697056,-0.37796608,-0.056080744,0.08044634,-0.56482077,0.49032325,0.25964928,0.07410892,0.4304821,1.1897094,-2.2659752,0.12592645,0.022809792,-1.7802266,0.37327474,-1.5739491,-0.8374647,0.5476751,1.9851308,0.28174362,-0.07160744,0.029788695,-0.50178534
811,-0.48476085,2.2434063,-0.22769281,-0.34013104,0.509546,0.45315364,-0.7416393,0.001960119,1.2517558,0.57851857,0.0356683,-0.21639661,-0.4158387,-1.4052454,1.4419184,-0.7680491,-0.9791762,-0.73683584,0.28590733,-1.7073941,-1.6780541,1.9040588,1.8658746,-0.94999725,0.341936,-0.14524502,-0.013899165,1.544566,-0.27203098,-0.8613188,0.48222658,0.41650108
812,-0.01868707,1.7156461,-0.07497435,0.052420564,0.5025569,0.3896792,-1.4748111,0.7387767,1.1450499,-0.06803866,-0.61050135,-0.35865644,-0.693225,-1.6684178,1.8028966,-1.3325164,-2.016324,0.42524037,0.39806837,-0.2674676,-1.464205,0.038451366,1.7367955,-0.53363854,1.9691336,0.22163391,-0.5508573,0.6959788,-0.59190494,-0.2910944,-0.98642,0.20410979
813,0.37785214,1.3819523,0.55538785,-0.25019568,0.26539713,-0.62317336,-0.9416351,0.9906855,0.52599627,-0.6168569,-0.45649642,-0.24354397,-0.048110027,-2.1868134,1.5392618,-1.1447893,-0.61908835,0.43188244,0.52415454,-0.33872026,-0.48424223,-0.15137395,1.9621233,0.70877,2.607956,-0.2166435,-0.6165506,0.7795277,-0.8019588,0.34488264,-1.4867456,1.0001291
814,0.33613548,-0.21427105,-0.51057994,-1.4384156,-1.3633469,-1.5397749,-0.058207043,0.4415066,-0.6265301,-0.02786068,-0.67690754,-2.2105033,-1.2302655,0.9461622,-1.2321551,-0.26217127,-0.8773612,-1.732231,2.3355072,-0.9541352,0.07194905,-0.6861194,-0.18943779,0.72004366,0.05010166,0.96316785,-0.024736563,-0.83150923,0.45216432,-0.46654433,1.9084191,0.0076671476
815,0.4035918,1.3379247,-0.49312758,0.044634238,0.6792861,-0.34836736,-1.5758709,1.6548752,-1.2725078,-0.34394592,-0.6744,-0.30718812,-2.494473,0.7050855,-0.5556376,0.42151642,-0.072413266,-0.4491937,1.8680999,-0.8409045,0.30789968,-0.27908012,-0.8505432,0.7230982,0.022390878,1.9050974,0.54001826,-0.6423991,1.1731802,-0.5241896,1.6208358,0.32064694
816,-1.5990412,-0.61812973,-1.0220053,0.24591494,1.0814784,-0.3443102,-0.41915685,0.10364464,0.9737044,0.74693877,0.37681782,-0.42000663,-1.2311175,-0.6236515,-0.44848707,0.55033684,0.66994894,1.445918,2.141813,0.8918127,0.7341409,0.74734974,-0.5278276,-0.25914818,-0.0051898747,-0.45463675,-1.2240304,-1.9935906,-1.4885149,1.830709,0.644428,-0.22456041
817,-0.36047238,-1.0660061,0.2835273,-0.40137133,0.8459343,-0.03980334,1.9268053,-0.20327689,0.0628848,1.839763,-0.5926988,0.595257,-0.25051332,-0.31725433,0.25791737,-0.22170986,0.7355767,0.78700227,1.0948421,-0.7944837,1.4416484,0.13788754,-0.822457,1.8007754,-1.5428305,-0.7923487,0.45655033,-1.3780913,0.052686464,2.0518084,1.4386733,-1.0928992
818,-0.6389944,-0.3663366,-0.43664655,-1.3854688,-0.4420875,0.35815752,0.77877563,-1.5795208,0.9612477,0.76294506,-0.33054805,0.7243947,-0.69722974,0.21978328,1.3007971,-0.8854415,-0.75583476,1.0926652,0.35991535,-1.5097377,0.8419879,-0.7734623,-0.37955597,1.6577601,-1.9021116,-0.93959534,1.7305166,0.6656286,1.3947343,0.15260452,0.30030787,-1.3542402
819,-0.7296219,-0.6348088,0.09655211,-2.1068351,-0.3377578,-0.21359688,0.6368804,-0.3179555,0.8202034,1.633058,-0.6353736,-0.99383014,-1.7143812,-0.34687093,0.48990604,-2.241602,-0.9461819,1.4038266,2.1409009,-0.6898917,0.31694973,-0.19190732,0.103745595,0.15856658,0.04428374,-0.09612163,1.210961,-0.48135725,-0.61453974,1.1203793,0.5010565,1.0050292
820,-0.7021006,-1.4069891,-0.042568788,-0.5749454,-0.013914789,-0.4958956,-0.29238454,0.36796612,0.50216156,-0.93635625,0.5263102,-3.414606,-1.7695864,0.015067299,0.10302852,0.075305395,-1.3223636,1.7766982,0.94834006,0.65021265,-0.62225735,0.17731951,-1.1191564,0.75969374,0.8294689,0.30688438,1.2798129,-1.5932263,0.5129255,0.7950257,0.07526769,-0.7323276
821,-0.5387313,-1.7447616,0.13950768,-1.8712251,0.18138961,0.7590087,-0.9316087,1.304199,0.2683731,-0.17980857,-1.3415132,-1.3461053,-0.9958097,-0.7542498,-0.29006192,-1.2165614,0.32818043,1.7582769,1.414475,0.3827798,0.48319778,-1.1137793,-0.9223111,0.0010517074,-1.5265075,-0.1999158,0.6513349,1.0162283,-0.74389035,-0.28801996,-1.918254,-0.3507946
822,-0.010897961,-0.73464096,0.50071305,-0.011215301,-0.18168949,0.63963693,2.077842,-0.3818644,-1.0512466,0.3314165,-0.26481256,1.1914574,-0.52497965,-1.0102117,0.14624165,-1.2688079,0.71672916,2.444468,0.67969906,-0.12311592,1.1819129,-0.2641666,0.086047836,0.96972775,-2.1339862,-0.833072,1.1205846,-0.34071988,0.21183406,1.8656392,-0.47784978,-0.41897216
823,0.008731531,-0.7456654,0.4977123,0.004086123,-0.18457192,0.64384294,2.0639055,-0.36706764,-1.0528377,0.32395527,-0.27095425,1.1888914,-0.523003,-1.0165431,0.13811372,-1.2739749,0.71038526,2.449473,0.68330693,-0.13074109,1.1801908,-0.27018234,0.07298702,0.951084,-2.128737,-0.8328055,1.1220759,-0.36704543,0.209241,1.8764718,-0.47779834,-0.4143804
824,-1.1440245,0.14648315,0.39114732,0.143179,-0.3913388,-1.6783447,0.8000019,-0.64755464,-1.2003466,-0.6476498,-0.69554204,-1.070466,1.5285525,1.5776057,-1.5560013,-0.50648636,1.3041668,0.62305725,-0.720028,1.3870004,-1.842783,1.1681991,-0.2663578,0.8592055,-0.29771847,0.86509615,-1.4169569,0.86030275,-0.43519112,-0.9463645,0.4645088,-0.4095081
825,0.51849484,-0.74035394,-0.17979802,0.50775534,-0.8794174,-2.915843,-0.69531703,0.080582604,-0.17256133,-0.8645755,0.48430306,-0.46086067,1.1965065,-0.4641667,-2.656145,-1.4443508,1.0206052,-0.8528938,-0.921723,-0.24463587,-1.1113191,-0.0010561516,0.39142352,1.050854,-0.56528765,0.34520197,-1.4186229,0.13389257,-0.017494768,-1.2942147,-0.5084757,0.3947828
826,0.7304669,-0.025788378,0.40321687,-1.7723155,-1.2335377,-1.0265096,0.48749492,-0.12837958,0.2336867,0.348559,-0.71385616,-1.5754752,-0.91456884,-0.49412,0.19910741,-0.73482233,-0.81664044,-1.3871508,2.9561963,-1.0227107,-1.4147695,0.58875227,2.055164,-0.9989381,-0.08692727,0.5782235,0.03742548,-0.8642495,0.5900472,-0.27748287,0.71411264,0.6087602
827,0.64783305,1.2295924,-0.31358773,-1.5385488,-1.4635656,-0.73757106,-0.33604282,-0.79249275,0.23461768,0.8345561,-0.8989057,-0.8938565,-1.5778948,-1.3602029,0.26666385,-1.264879,-0.33282012,-0.035175174,1.7870965,-0.96285844,-0.9516443,0.30414358,1.8499658,-1.6225518,0.0071896585,1.0013107,0.41095516,-0.8126448,0.96434116,-0.920603,1.0428082,-0.6955039
828,1.621448,2.8807037,0.16707835,-0.22377211,0.07071449,0.90581095,-0.23428753,0.13746232,-1.3821666,0.96387106,-0.88665766,-0.42534512,-1.0381908,-1.1466033,-1.1168077,0.065913245,0.48871937,-0.84409016,0.6921169,-1.3403497,-1.0975575,-0.2357791,-1.2326658,-0.49683174,-0.061828785,1.4389125,-0.35951442,-1.2172842,0.15773097,-1.4697685,0.65116036,0.44819292
829,-0.27745774,-0.11380838,-0.2892364,1.4898458,0.25679478,1.023726,0.415093,-0.7996551,0.23877062,-1.3539507,-0.35514462,-0.79729253,-0.7368243,-0.74781805,-0.641623,-1.3566146,-0.44297397,1.8184574,0.9088295,0.595784,-0.1415838,0.71516687,-0.36870316,-1.8732041,0.47762457,-1.5802037,-0.65162325,-1.8782147,-1.2665058,1.8202308,-0.56165725,0.24192351
830,1.638893,2.8381,0.17460144,-0.16058533,-0.023883041,0.9459936,-0.2078693,0.07756843,-1.3781973,0.9415867,-0.9427649,-0.3531363,-1.0285394,-1.1284286,-1.1927321,0.045405164,0.525478,-0.796838,0.66257834,-1.4243591,-1.004312,-0.28845164,-1.2866479,-0.40196618,-0.07699121,1.4233618,-0.35299465,-1.2306696,0.15734763,-1.4438359,0.69695294,0.40300056
831,-0.26163137,-0.11810557,-0.29425344,1.4993795,0.25485247,1.0200181,0.40795645,-0.78891265,0.23459202,-1.3519467,-0.35873845,-0.79267955,-0.7394957,-0.7444771,-0.64420044,-1.3537637,-0.44159305,1.8191059,0.913267,0.5901652,-0.14068064,0.7075723,-0.3820034,-1.8780353,0.47730175,-1.5721555,-0.648968,-1.8884758,-1.2709223,1.8194568,-0.55522704,0.23803027
832,-0.21634877,1.9186182,-1.2879136,0.0793337,0.109956965,-0.2835217,-1.1989673,-0.22063039,0.78938407,0.45015693,1.3468888,-0.6857402,-0.6441647,-1.965244,0.72801435,-0.6760944,-1.518833,0.049133986,0.82371545,-0.8545343,-1.7371559,0.5527958,2.2172291,-1.7686716,0.07080604,0.763896,-0.8193079,-0.59384155,-0.331909,-0.38048488,1.036678,-0.12111554
833,-1.0431348,1.998267,0.65437365,1.163039,-0.24835654,1.0352086,0.19209006,-0.59387964,0.036281023,0.2523823,1.4481883,-1.9604541,0.21207862,-1.3501672,-0.6158763,0.084551,-0.8328401,0.158694,0.04809938,-1.7196032,-0.8328776,1.673292,0.3639347,-0.53490305,0.32802498,-0.20999323,0.71173614,-1.8173245,1.1332846,0.46952653,1.460403,0.05527987
834,0.56078047,1.6296083,0.71624434,0.77972686,0.33477086,-2.2483006,-0.27846494,-0.7266303,-0.24498478,-0.3955006,0.37960142,-0.5390539,1.2337646,-1.4428068,-1.0647261,0.3239655,0.8386748,-0.05811107,-1.3228819,-1.74134,-2.413971,0.32460243,1.1956599,0.14596856,0.6862989,-0.032645583,0.8587894,-0.27229026,0.81370664,0.15786827,0.83317083,1.4302975
835,0.023484787,1.4465455,0.59554523,-0.029572973,-0.89023185,-1.5953054,-0.1574951,0.26759937,0.41693088,0.6665766,0.62469274,-1.3033371,-0.42689586,-0.1574688,-0.75360703,-0.8064497,0.2924988,-1.8124995,-0.16440064,-2.3078322,-1.5601096,-0.21997882,-0.63634515,1.2062899,0.2666747,-0.30975685,1.3586391,-0.6780544,1.7836485,0.15109752,1.0192889,1.3304834
836,0.77427584,2.278537,-0.13307333,0.37615028,0.75782293,0.32093436,-0.5417826,2.0600271,-2.0083623,0.002585338,-0.261969,-0.70388365,-1.2556185,-0.3956489,-0.74604696,1.0550884,0.17619741,-0.45540455,1.3739313,-1.1370325,-0.5193409,-0.520649,-1.5665681,0.75110084,-0.4133911,1.3206356,0.5547617,-1.3703163,0.6268111,-0.52444375,0.6128814,0.79867315
837,0.42067727,2.1026194,0.77077067,-0.38118538,-0.639772,0.110385925,0.28075314,-0.7851231,-0.44501722,0.14438477,0.5499681,-0.8549573,0.7153232,-1.0228714,-1.5607609,0.22688784,0.4883834,-0.024988202,1.0719464,-1.6556915,-2.9024847,1.2807801,0.29155698,-1.4774768,0.096637055,-0.4884476,0.78233564,-1.2671771,1.0675626,-0.24002615,0.88883716,0.44613475
838,0.48909128,1.9415749,0.85079557,-0.34914333,-0.64502466,0.18699986,0.35678974,-0.8344153,-0.4147435,0.12527128,0.6117995,-0.7816344,0.7162381,-0.9975782,-1.5880872,0.23238373,0.41481695,-0.0042831805,1.2053511,-1.6043416,-2.8391836,1.2514455,0.34102863,-1.513919,0.009170215,-0.52289784,0.86357933,-1.3664465,1.1353991,-0.118546896,0.9009758,0.38352984
839,-0.21302363,0.617157,-0.18633005,0.2355111,0.85359925,-0.98876834,0.2042496,0.45034635,-0.6599341,-1.0963829,-0.071953095,-2.1847599,-1.5974101,0.40259585,0.006947545,0.10241618,-0.8789081,-0.12805834,-0.21364047,-0.95772374,-2.0019453,-0.3702502,-1.222136,1.2747713,0.5938482,1.1791123,2.2281816,-0.86485547,1.3650962,0.4275193,1.5493481,-0.7452453
840,0.8115769,0.5831251,-0.17333919,-0.124911286,-0.38187003,-1.755861,-0.18362375,-0.13271245,-1.6300457,0.4091414,-0.33734512,-1.9595124,0.776219,0.66529423,-0.705634,0.85412616,0.29584488,0.5206414,-1.2500714,-0.26154914,-2.576567,-0.39555454,0.046669424,0.98975,0.014132958,2.2024112,-0.029771868,-0.23964512,0.34240016,-0.23244038,2.2133589,-0.77301306
841,0.27291596,-1.2124317,-1.4033421,0.100675605,-1.015904,-2.0773787,-1.0328269,0.052587252,-0.06522155,-2.1538928,1.282384,-1.5045466,-1.3084967,-0.022384169,0.5454858,0.17702675,-0.8543216,1.915911,-0.7373131,0.52821726,-0.7796099,0.0064742775,-0.27412993,0.5829071,-1.6419369,0.63481754,1.4140027,0.56335664,-0.47296917,0.517644,-0.9238967,-0.55058587
842,0.41624406,-1.639647,-0.52138317,1.8236722,0.016919507,-1.8491473,0.7787894,-1.0563042,0.34637278,-2.6995997,0.2833812,0.2847096,-0.024573393,-0.10540762,-0.62191945,-0.85992163,1.2954525,0.11709649,-0.04181675,-0.65318364,-2.0922098,1.5829419,-0.13097851,-0.5969006,0.03396734,-0.5821744,-0.9258744,-0.9797088,-0.5538758,-0.8280725,0.10130923,-0.82195526
843,0.42522553,-1.6432407,-0.63945705,1.8004223,-0.17462304,-1.940178,0.7366348,-0.9205517,0.11930574,-2.7273653,0.303672,0.46912968,0.07926563,-0.2330384,-0.74620503,-0.88997984,1.4374117,0.2740653,-0.10668727,-0.5191336,-1.9605486,1.4508,-0.08445215,-0.4379067,-0.12588266,-0.5012498,-1.0891674,-0.96411973,-0.55294836,-0.8401768,0.012609835,-0.8645471
844,-1.1206298,0.5459392,0.03916946,1.0865194,0.14248139,-1.873399,-0.023326263,-1.0010544,-0.25802585,-2.025969,0.10605651,0.29164025,0.4479443,0.28555298,-0.9947021,-0.44306087,2.143475,1.4198978,-0.37736705,1.3458259,-2.171436,0.9455614,0.15556362,0.69257694,-0.65129405,0.12290899,-1.4509586,-0.94456357,0.045613445,-1.0574353,-0.5216249,-0.77174044
845,2.272453,-0.07339686,-0.50731593,-0.27760756,0.6427191,-0.4304207,0.1795905,1.784662,-0.957716,0.36433607,-1.3514465,0.19801472,0.08796861,-1.5422405,-1.2218393,-0.1154524,0.78050095,-0.7066837,-0.3072912,-0.7888342,0.8294105,0.3552008,-0.99239725,0.3650244,-0.3779841,2.283249,-1.2693875,-0.7199979,-0.07248477,-1.7859879,-0.44182497,0.29944375
846,2.37186,-0.041433364,-0.45016143,-0.36586902,0.64485055,-0.49674806,0.34864622,1.7721308,-0.6309948,0.65844536,-1.4095393,0.19979623,-0.021513885,-1.4512995,-1.2172039,-0.38287705,0.75177145,-0.81069726,-0.26503727,-0.8056121,0.8495253,0.24402937,-0.8711851,0.39547318,-0.28354993,2.239598,-1.3135201,-0.7814801,-0.20004572,-1.7458346,-0.38587558,0.37379172
847,0.083713315,-0.246992,-0.63827807,1.2129883,0.051523246,-1.5503522,0.7984767,-0.30786923,0.09139611,-0.71013206,1.5134629,0.16126613,1.2822272,-2.022979,0.539396,0.109120086,-0.6858654,0.21899308,1.1754509,-0.96529186,-1.2373152,1.5565348,1.8642098,-1.1102078,-0.4609075,-0.37757275,-0.8132439,-0.49719253,-0.84269214,1.892329,-0.7347426,0.10749789
848,0.525503,0.5606628,0.36146578,-1.9027197,-0.4772182,-1.8717384,0.078127705,-0.32241988,0.31683186,0.88989836,-0.4855536,-1.1340876,0.3358103,-2.1406598,0.28963733,-1.9118437,-0.9242787,-1.1624796,0.4364946,-0.09797378,-0.28464434,-0.38871473,1.3712691,0.6267919,1.8922652,0.05333276,-0.86160284,0.28816777,-0.5538382,-0.15386054,-0.95414084,1.482616
849,1.2025917,0.16516489,-1.5433971,0.41404685,-0.32313958,0.2599926,0.044052567,0.7933785,0.6068243,1.3629587,0.49940646,1.3267597,0.12706295,-2.064112,0.6734119,-0.57524,-1.0613823,0.7599236,-0.673487,0.45185474,0.27112803,0.89252186,1.9127749,-1.736603,-1.0277816,1.2539141,-1.6448352,-0.5471774,-1.3958031,-0.11205746,-0.48296458,-0.73329425
850,0.9337496,-1.0292784,-2.1210055,1.1216283,-2.1590974,-0.75627315,0.8152891,1.5554538,0.66931933,0.8607832,-0.05530556,-1.0421348,-1.0500462,-0.6550574,0.69718206,0.5768804,-0.39852116,0.24528523,-1.0451235,0.89586914,-1.2973753,0.7829882,0.347936,-1.559197,-1.3247845,-0.19172712,0.041500855,0.2383162,-0.66983014,-0.9844088,0.06455223,-1.4423394
851,2.3366988,-0.96436334,0.697131,-0.49976993,-2.190613,-0.3104976,1.523097,1.0610894,-0.1258798,0.06793089,-2.2435215,-1.7761931,-0.3234372,-0.9554,0.45552754,0.2882958,0.3276686,-0.37364888,0.65159065,0.009212269,0.4604583,1.6189371,0.49094498,-0.90491945,-0.4020602,-0.47227386,0.16318838,-0.46174622,0.21278748,-1.1869606,0.62984157,-0.4650996
852,1.1263394,1.7371025,0.29268628,0.18651487,0.52982086,-0.2569509,-0.57528174,-0.9357079,0.2801689,0.41847032,-0.06974113,-0.22112043,0.15232813,-0.10411724,0.6316797,0.8918549,-0.7036073,0.22959386,-0.28748035,0.627889,-0.76318544,0.5702561,1.9969074,-0.9444456,0.8872289,-1.7513698,0.9788606,-0.72046536,-0.777358,-2.3478093,-0.14959726,2.4576883
853,0.20802878,1.4665313,-0.23341939,0.06947858,1.3854067,0.43742588,-0.44303575,-0.4557904,0.7150059,-1.1720114,0.04012654,1.0046227,0.6552222,2.1139178,1.7802668,-0.0205196,-0.5000757,1.2032287,0.45743835,0.8010813,-0.501128,1.063569,1.5035949,0.7014948,0.32231924,-0.6352139,-0.1164919,-0.18138787,-0.88837534,-2.3298795,-0.7638931,1.1984696
854,1.4086692,-0.036493488,-2.2530463,0.27379784,-1.5359007,0.28044608,-0.045995995,1.5735713,-0.25780156,0.48488674,0.35246426,0.41255513,-0.5465228,-1.0460007,0.012433449,1.036624,-0.65969247,-0.33692533,0.857047,0.42373466,0.38647908,-0.38307327,-0.6562523,-1.6954923,-1.9451059,0.56039596,-0.90228885,-0.37933004,0.11003421,-1.0638521,-2.0023954,-1.51808
855,-2.2786574,0.13020413,-1.3915831,-0.84431636,1.6796364,-0.9486319,-0.86048734,0.035363168,0.14863048,-0.96659034,0.63298315,0.45848006,-0.73463523,-0.6059784,-0.30046096,0.20790838,1.9550724,-0.6936449,0.53747797,0.7969867,0.5851017,1.9174726,1.0632298,0.11190174,-1.3884454,-0.41725895,-0.8130257,-0.022721777,-0.94427043,-0.6580152,1.6041816,-0.83745354
856,-0.7637797,0.39217457,1.2664994,-0.80834556,1.068423,-0.75837207,0.73331296,-1.7913146,0.15089278,-1.9277524,0.3184712,-0.5930222,0.6928268,1.3863547,-0.03188008,-0.33577815,-0.14837572,-0.103564724,-0.0019871907,2.1670744,-0.5307023,2.1209366,1.2310734,1.03065,-0.7476726,-0.16680445,-0.27862033,0.24831374,0.044514686,-1.4458818,-0.39038855,-0.78518754
857,-1.3835596,0.5884136,0.17240514,-0.550447,0.8637139,-0.5248496,-1.2926986,0.33211535,0.14029847,-1.2620113,1.2391709,0.114695236,-1.1908425,-0.0048820893,0.029728672,0.48072863,1.099019,-0.3795087,0.7701245,0.957106,1.1372129,1.3442512,1.7182897,0.7706554,-0.8797171,-0.77901524,-2.2052243,-0.1671118,-1.2392731,-0.21825708,1.5809784,-1.5588564
858,0.85161895,0.7317304,-1.6957239,0.09999955,0.10955172,0.13398187,-0.68887514,1.774182,-1.0904583,0.65916115,-0.48818347,0.20960462,-1.9864013,-1.1974087,-0.85970485,0.84893376,0.0024557072,-0.77579445,-0.385284,0.3056529,0.2265758,1.1330613,-1.6236047,-0.24874993,-1.0434756,1.0044612,-0.9552436,-0.4881913,0.28655288,-2.385584,-0.14403304,0.77135783
859,0.9710207,0.69234145,-1.6656975,0.06233872,0.026421862,0.16415614,-0.63865584,1.9240104,-1.241626,0.7743499,-0.77910316,0.17760973,-2.2799566,-1.2163033,-0.78381556,0.877798,-0.0046143276,-0.57876706,-0.03787834,0.09766095,0.24699219,0.76116776,-1.5647844,-0.3082329,-0.7300714,1.1348348,-0.70517373,-0.5560085,0.330987,-2.2423995,-0.08302204,0.9037274
860,2.4214327,0.41765758,-0.3793329,-0.22182833,-0.7170633,-0.27236104,-0.063702725,0.2079079,-0.33807907,0.25974488,-1.7954059,-0.5208623,-0.31908378,-0.4319343,0.4881914,1.6994301,-0.23908122,-0.10770444,-0.67419,0.115105174,-0.17803977,0.9865083,-1.0511489,-0.8465467,-1.1741109,-0.34801233,0.48148203,-1.2099651,0.5190816,-2.6996386,-0.28771982,1.3371582
861,2.2458825,0.4319983,0.1897922,-0.25883454,1.2450532,0.0104382895,0.4595445,-0.016311985,-0.14018613,0.18781132,-1.4272803,-0.17235538,-1.454538,-0.34016114,0.4602271,-0.33335343,-0.6721483,0.13097651,-0.6090997,-0.72485197,-0.25542212,0.98942757,-1.2597857,-0.604517,-0.5342426,1.4573084,0.14469735,-1.365211,-0.22886616,-2.5116205,-0.21591501,2.0689075
862,1.6770905,-1.1480031,0.24741176,-0.10227097,-1.8741307,0.37148175,0.84192896,0.1487566,-0.4245228,-1.1202857,0.8200824,-1.2883536,-0.62192357,1.4065584,1.2585012,0.098206684,-0.50384945,-0.82487786,1.404966,0.10203371,-0.85644424,-0.3267474,0.51952946,-0.17363131,0.18422137,-1.2298654,0.9126356,0.52379316,-0.34271324,-2.4001946,1.4949657,0.14913264
863,0.80317557,-0.13329923,-0.48782417,-0.18608132,1.2397113,0.6349672,-0.3444346,-0.46607357,0.59978396,-0.98287755,1.8892629,0.75262845,0.86800396,2.1621807,0.9894396,-0.39243746,-0.5936944,-0.21184328,0.49848485,0.48983562,-0.9424529,-0.35947272,0.6489385,0.6646479,0.46904272,-0.6620249,0.10761068,0.9153184,-0.82414776,-2.86421,0.37376913,0.9219537
864,1.0777962,0.30476415,0.014886126,-0.03600524,1.6047843,0.17913249,0.3791145,-0.38746744,-0.25320965,-0.046815284,-1.1487602,0.37419495,-1.2823843,0.32713935,0.5126719,-1.3301426,-0.5475003,0.80021954,-1.1052227,0.15261452,-1.0357571,0.19312492,-1.3930944,0.12300047,0.014795666,1.146649,-0.205671,-1.3364999,-0.8614458,-2.4203877,-0.14396542,2.6355932
865,0.100851536,1.4166565,0.5449057,0.21719715,0.8465839,-0.45211485,0.058277298,-1.6540924,0.7897893,-0.6336218,-0.571161,0.63531476,0.69479096,-0.8066595,0.9837082,1.13248,0.41143438,0.8825252,-0.22175577,0.7108639,-0.6406524,2.9655972,0.8186677,-0.95361555,-0.4606784,-1.0478486,0.07274748,-0.9383447,0.8590596,-1.7743508,-0.20427048,1.3391644
866,0.1590677,-0.09106768,-0.6235778,-0.31112862,1.421104,0.20224442,0.058463212,-0.18109633,1.0786242,-1.046982,1.2485522,1.2383689,0.4257826,1.6876544,1.5363681,-1.2295303,-0.8024541,0.30278978,1.4702408,0.20693885,-0.6623982,-0.78719836,0.5329073,0.84691495,1.0143695,0.35257703,-0.7439113,0.6218705,-1.388243,-2.1760204,-0.536686,1.1503377
867,2.2381363,-1.3974206,0.09447315,-0.2884783,-2.6048245,-0.0185,1.4923491,1.4506311,-1.2953386,-0.30687323,-1.3790745,-1.4849888,-0.13822074,-0.069593586,0.33620876,0.32827762,0.40296182,-0.44439554,1.0409546,0.052141003,-0.22435433,-0.57698315,-0.6810791,0.5192754,-0.14020894,0.67557085,0.4461762,-0.24193837,0.20078334,-1.8336432,0.3098051,-0.78369975
868,0.29129797,0.23420785,-0.876713,-0.44915277,0.11524507,-1.7129618,-0.708799,-1.0267357,-0.9189424,-1.3719814,-0.26344725,-0.22111428,0.16888726,-0.03499104,-0.793979,0.7113704,1.2506356,-0.08785263,-0.73068047,1.7149347,-1.1871498,0.8503819,-0.5375436,-0.12912473,-1.6016883,0.072854616,-1.6204494,-0.6423713,0.07471792,-2.512242,-0.85082364,-0.16882718
869,0.4435971,-0.51685345,0.57995546,0.97311413,1.9531593,0.9173861,-1.0460529,-0.45858425,-0.7477182,-0.48337567,0.8081837,-0.33662114,-0.07014168,0.058833618,-0.19563355,0.5711748,-0.91829795,0.5705777,2.3487716,-0.4569716,1.4196352,-0.64762264,-0.7147761,-0.3489691,-1.2994013,-0.69816667,-1.3542815,0.6254462,2.3801787,-0.048060276,-1.2433077,-0.30133384
870,0.89364934,0.04840809,0.36567137,0.60377985,1.7916619,0.8259728,-1.0652733,0.667901,-1.13486,-0.18365435,0.59669876,-0.5641081,-1.0569224,0.25296894,-0.45826277,0.9003235,-0.8273852,-0.22656766,1.8219717,-0.20859823,2.4991117,-0.98632693,-1.1817648,-0.2527063,-1.5019431,0.09416121,-0.7840219,-0.068950094,2.1737175,-0.33731923,-0.475073,0.21871743
871,-0.9219724,-1.3078563,-0.4278994,0.24616238,0.8298133,0.443918,-0.7797185,0.9087943,-0.9406143,0.23597118,-1.3370378,0.9616191,-1.0767026,-0.7813614,-0.16254094,-1.3119913,0.5315916,0.34383005,2.2835553,0.681984,0.9808105,-1.3901452,-0.78103423,-0.29994723,-1.7196106,-0.19093233,1.5673348,0.36163533,0.9169741,0.3329023,-1.7636741,-0.17054479
872,0.32723504,0.38924384,-0.30783495,0.061912127,1.8345262,0.2844093,1.3370941,-1.5564066,-0.5839106,-0.24348292,-0.14816715,0.14448994,-0.6659493,-0.9671541,0.054921042,1.1229124,1.2305329,-0.7057849,1.6616331,-1.0633562,-1.3398654,0.53576505,1.0095375,-0.21989284,-0.32728502,-0.9913228,0.3175774,2.8138018,1.2840418,0.2747293,-0.13636974,0.35721532
873,0.22238205,0.5403634,-0.0048961407,0.098996036,1.8831172,0.3654035,1.4050739,-1.4767481,-0.61838627,-0.13422908,-0.09801604,0.37276363,-0.6070878,-1.1011828,0.053194143,1.1090481,1.200803,-0.60739917,1.6788005,-1.1032685,-1.1850415,0.5483024,0.92166233,-0.6260376,-0.637296,-1.0612645,0.39303288,2.5522676,1.42722,0.515934,0.18283553,0.25269452
874,-0.1293764,-0.643129,-1.0234841,-0.037767407,-0.23410551,-1.6613642,-0.6069244,0.41793633,-2.1799545,-1.3538764,1.3258208,-0.6136761,-1.6646023,0.2971654,-0.441115,1.1647377,-1.882809,-0.7644571,2.1329808,-0.5610262,-0.1793803,-0.5968512,-0.30362093,-0.23306122,0.29158387,0.752135,0.79641837,-0.7518162,1.0561411,-0.55345416,-1.1454637,-0.27596664
875,-0.44288328,-0.2516625,-0.38513198,-0.87497514,-0.15663445,-0.50183004,0.37622026,-0.6509386,-2.0627291,-0.29425257,-0.24378262,0.6306421,-1.2872332,0.18621583,0.49062815,-0.06660569,-1.443772,-1.5862052,2.4561431,-1.1880509,-0.5242186,-0.841573,1.4958328,-1.1166791,-0.10314478,-0.53415257,0.88619006,-0.43388516,1.9366086,-0.9030553,-0.5658229,-0.5257858
876,-1.6097952,-0.8190009,-0.050302964,-0.42949194,0.21286781,-0.47827274,0.9958624,-0.47389203,-0.03103894,0.7518722,-0.29248953,-0.4987689,-0.58630943,-1.4572635,0.5191467,-1.6660382,1.0159957,-1.0519583,0.78692406,-0.5417578,0.6669151,-0.34802523,-1.5486363,-0.7066238,-0.52205384,-1.6118686,2.0255053,1.7930967,0.9957134,1.1918085,-0.7409506,0.2590225
877,-1.3371626,-0.68080235,0.03414798,0.24878,-0.4691515,-0.4737296,0.88861173,-0.9716652,-0.36915275,1.2135503,0.43910402,-0.71007663,-0.007698506,-0.57126087,0.9028151,-1.9571925,-0.025004609,-0.26527774,1.0872307,-0.77075094,1.3635365,-0.48280427,-1.0596387,0.5534295,-1.216108,-1.9371387,2.3599741,0.5744916,1.0133976,1.101594,-0.50758296,0.17873698
878,-0.82874477,-0.87348044,-0.64622855,-0.31629533,-0.0053946734,-0.062212273,-0.16416663,0.84729177,-0.40471599,-1.055793,1.603639,-1.2719448,-0.19098635,-1.3191901,0.31097823,-0.4624832,-0.60169935,0.68717164,-0.58505124,0.083941415,1.0390203,-0.6223954,-0.4671973,0.89631647,-2.4806201,-0.78727686,2.5659118,0.15745793,0.6773955,1.5830826,-0.5495628,-0.3860104
879,0.36839947,-0.9803838,0.6276841,-1.0380802,0.779201,-0.3873917,1.8696072,0.301275,-0.009214876,-0.07561666,0.8258791,-0.27539667,0.2853131,1.1944721,1.4176667,-1.9909024,-0.24832503,-0.7121936,-0.33032727,0.63012654,-1.154982,0.18961655,-1.4653311,1.8321246,1.6509317,1.1453499,-0.26265293,1.1391832,-0.6429105,-1.3226184,-0.50546265,-0.2054634
880,-1.2316799,-0.018511271,-0.76027703,-0.17314716,0.9117158,-0.541296,0.53617334,-0.82099485,0.113668635,-0.028632646,0.122158535,0.71470684,0.22207834,-0.646936,1.0659995,0.38893026,1.1760814,-1.1826571,0.30627832,-0.8456541,-2.0327291,1.0996964,-0.69290733,-2.4529877,0.5196314,-2.6002955,0.2946959,1.2758131,1.3273225,0.11412391,0.7007009,0.14802615
881,-1.3028368,-0.3913852,0.21479401,-1.7157395,0.9078144,0.35704896,2.6385193,-1.0540149,0.545579,0.99435955,0.07925073,0.15342644,1.1618354,-0.9754486,0.8398289,-0.7081492,0.04735635,-1.2279952,-0.3207941,-0.92120755,0.12814161,0.7645156,-1.882182,-0.19336018,0.8051145,-0.4951519,0.008461407,1.6656606,1.6127298,0.16995157,0.04813079,0.46706748
882,-0.7724071,-1.4076428,-1.0343058,-1.6954477,1.4885201,0.23729382,1.0106759,-0.81604165,-0.51065356,-1.6610483,0.40698534,1.8651309,-0.103254676,0.109774746,1.5967219,-0.068272516,-0.93209416,0.42428827,0.9737244,-0.7871992,-0.54207957,0.017464276,-1.3499463,-0.035385203,1.1299045,0.43572843,-0.363782,1.5583804,1.5358752,-0.37192118,-0.8872828,-1.3090376
883,-1.4958231,-0.7492369,-0.6516826,1.5236825,0.93977284,0.15412578,-0.13285822,-0.21638559,0.17097725,-0.74860936,0.70982283,-0.46319047,0.30963573,-1.4124815,-0.5475349,-1.2582489,0.9779273,0.13291317,1.8166633,0.5661074,-0.49774897,0.22996463,-1.882042,-1.0373237,-0.5061358,-2.4463198,1.6529626,-0.47870117,-0.30180296,0.79670936,-0.86084265,-0.21800697
884,0.3398968,-0.37696147,0.72487605,-0.30137363,1.8796104,0.3409781,-0.19837539,1.530286,-1.1355547,-0.43262926,-0.6129247,-0.38553223,-1.110795,-1.0848225,-0.5744691,-1.4150221,0.68140644,0.08579451,0.5455791,0.95767325,0.10483712,-1.5181156,-0.24238627,-0.60789895,-2.3078747,-1.1066154,0.76666474,1.9824085,-0.08290587,0.7501399,-0.3116292,-0.54220957
885,0.2630483,-0.3215326,0.7520024,-0.018955465,1.8945966,0.34128526,-0.145671,1.5473922,-1.1237859,-0.4463583,-0.48424298,-0.21562803,-0.9986991,-1.1489804,-0.48518196,-1.364395,0.70593745,0.13158092,0.7481643,1.004713,0.13573134,-1.5269027,-0.21922684,-0.7124796,-2.3873928,-1.075706,1.0384041,1.7278069,0.122248895,0.8875282,-0.0931945,-0.50864244
886,-1.3257867,-1.0074707,0.5720066,-0.9868516,1.6745391,1.1325824,1.1529422,-0.6076321,0.043102875,-1.1352333,-0.060298026,0.81022763,-0.13048506,-0.6881561,0.0855749,0.8497367,-0.79318917,-1.2179958,-0.4904233,-0.48780447,-0.769435,0.24381737,-0.5952127,-1.9263397,-0.12974541,-0.52809185,-0.8266754,2.802746,0.87680197,0.8535108,-1.3549207,-0.050800923
887,0.5281183,0.20998308,0.8482347,-1.2971965,0.7619855,1.8145385,1.0621902,0.67319226,-0.17208482,-0.06938405,0.507974,0.3380308,2.9254332,-1.8565444,-1.2181649,-0.13433413,-0.6074135,0.058412567,-0.74087125,0.96384203,0.5459992,2.2160516,-0.6231756,-1.0128254,0.10232556,0.27902466,0.3492713,-0.29356426,1.0796628,0.16200422,-0.5111333,0.06832807
888,-1.319796,0.54972845,0.08820538,-1.3751202,0.14055485,-0.81318253,1.9585552,-0.48838466,-0.5932998,0.29087132,0.5897987,-1.0527698,0.66158897,-0.33864075,-0.943724,-0.9272529,-0.11626789,0.49799684,-1.7477131,1.7785404,-0.23878467,-0.21212062,-1.7782941,1.8447067,1.640102,1.2981193,-0.603654,0.850093,-0.033679992,0.01518934,-0.25679407,-0.17358582
889,-0.8477138,0.08095999,1.7653873,-0.49743783,1.8126748,0.8224897,1.5101149,-0.34259015,0.14754379,-0.30348802,1.3208263,-0.5236457,0.1101732,0.52867657,-1.8259145,0.026317824,-1.8599529,-1.1503094,-1.0961894,0.9406418,-0.49234408,0.17141157,-0.17742734,0.27979076,0.07283933,-0.35477474,0.26583752,2.049994,-1.143195,-0.96029496,-0.45013085,1.33032
890,-0.8702779,-0.30382055,1.3273886,0.23685105,2.4395738,1.2700945,0.8405782,0.9071196,0.2422152,-0.09570621,1.0638876,-0.6554957,-1.3585408,0.5034463,-1.2017945,0.3500134,-1.1933979,-1.3501753,-0.5811645,-0.12106816,-1.3672116,0.36712378,-0.15893671,-0.5091919,-0.045240346,-1.4984868,0.7846727,1.5394844,-1.2737409,-0.52313334,-0.7369512,1.4332597
891,0.33088908,-0.280922,-0.4904167,1.0954397,0.9963733,-0.23994368,-1.0513302,1.0623469,-0.25733382,-0.34848866,0.04843008,-2.5264244,-1.7471404,-0.5680563,-0.06719976,-0.62300956,-0.060418386,-0.450524,-0.5353869,0.6444917,-1.2475905,1.2255231,-2.3288157,-0.10073432,1.4688971,-0.36386734,0.777324,0.76754606,-0.7356809,-1.7459457,-0.66641897,-0.74285084
892,1.824822,-0.8470623,-1.3021722,0.43763885,-0.9265388,1.0488849,0.33889878,0.07839071,-1.9693586,1.3220898,-0.7013052,-1.6094683,-0.8349927,0.44595662,-0.36764407,1.1326033,1.0599047,0.45527345,1.240097,-0.27395812,-0.7073692,-0.084324375,-0.4354074,0.686727,0.47844437,1.4195048,-0.5196532,0.70226854,0.60389864,-1.9957402,0.69417995,-0.44872436
893,1.8349829,-0.81564534,-1.2921377,0.35599265,-0.9360345,1.0543314,0.31977138,0.119770676,-1.9918013,1.2747099,-0.6614599,-1.6505058,-0.7623486,0.361466,-0.40048864,1.177063,1.0645711,0.31242782,1.1709853,-0.25642598,-0.6593154,-0.0031883442,-0.57514757,0.6627581,0.40828928,1.467628,-0.5469729,0.64655393,0.6588192,-2.0397897,0.6823112,-0.44979596
894,1.850883,-0.7723051,-1.2744161,0.28385302,-0.91754013,1.0598025,0.27189234,0.18335156,-1.99432,1.2203076,-0.6274323,-1.6600368,-0.7100579,0.25837946,-0.43637723,1.2063072,1.0594535,0.17608275,1.1043142,-0.22659315,-0.60607904,0.064474784,-0.7281452,0.6472147,0.33301207,1.5277028,-0.55087715,0.589893,0.7203414,-2.1014667,0.6555259,-0.4494809
895,0.99340445,-0.4046843,-1.1642834,-0.34125286,-0.8538412,1.0070142,-0.044249184,0.13610901,-0.4515497,-0.47635138,1.4745648,-0.01589114,-0.76513064,1.7573475,1.0190531,1.0360469,-1.446943,0.12677447,1.1911325,1.0780269,-0.74961746,-1.9521239,-0.07422891,-0.2524256,-0.2872755,-0.8694183,0.758824,-0.70070934,-0.21151547,-2.1655536,1.2435265,0.1147136
896,0.53747493,0.08289357,-1.0882957,-0.062905334,0.7690637,0.590822,-1.108283,-0.29832038,0.8373476,-0.010100822,1.6070478,1.2055931,-0.8524381,-0.583658,0.6794272,-0.35430223,-0.028294452,0.96565366,1.4977338,0.48905006,0.48333973,-0.04240258,1.4935051,0.115508236,0.94555926,0.11846234,-1.5899205,-0.7411209,-1.441098,-1.731385,1.1918406,-2.3383305
897,0.6042898,0.020752702,-1.2577976,-0.014947773,0.62989885,0.54028326,-1.3388988,-0.06015954,0.7647558,0.0036186825,1.438458,1.2079197,-0.90070826,-0.69326353,0.6048132,-0.34587318,0.14265469,0.84587187,1.4831394,0.48947862,0.54991037,-0.022179177,1.4324448,0.12313596,0.7997534,0.07160628,-1.6804156,-0.67212313,-1.4950881,-1.7910318,1.1177104,-2.3101203
898,0.80155736,0.7897297,-1.0786788,-0.51796436,1.6538677,0.5349189,-0.16015595,0.03955861,0.4258679,-0.6888463,1.0926483,1.7032106,1.3040472,1.4782764,0.51378965,-0.45037013,-0.94261575,0.2744242,0.89655936,1.7651635,-0.019511234,-1.708022,0.7827586,0.42357916,0.4041778,0.47635803,-0.354797,-1.3384955,-0.89429325,-1.7794249,0.20929964,0.7996982
899,-0.39611495,-0.5156102,-1.042074,-0.6884408,1.2973238,-0.7784567,-1.2439922,-0.9861185,0.37180245,-1.3085787,1.6309674,0.6126726,-0.2679026,-0.2911309,-0.46129504,-0.4325854,1.3721528,0.2684526,0.74916613,1.0549623,0.30948558,0.18718985,0.27123404,0.62645316,-0.4424336,-0.37064648,-2.532433,-0.365753,-1.606853,-1.1694986,0.065827295,-1.9892976
900,-0.34862402,-0.49350566,-1.0810379,-0.7240949,1.2892585,-0.5924659,-1.3448625,-0.82936335,0.3115263,-1.3453841,1.589854,0.6310462,-0.30147955,-0.3935833,-0.358784,-0.34854755,1.3343623,0.17022446,0.8043172,0.9953339,0.40116075,0.3141262,0.21854204,0.4066591,-0.47954494,-0.29933938,-2.598758,-0.36872745,-1.604853,-1.2249527,0.063311115,-2.03394
901,0.33742803,-1.1969073,0.13951756,-0.5677321,0.85783535,-1.150588,0.15442315,0.16725421,-0.2022931,-1.7430531,1.2575337,-0.00074671046,-0.17823572,0.8308931,1.6544809,-1.0567589,-1.7198102,0.51551914,-0.12721568,0.059163913,-1.2230842,-0.13956591,-1.9002986,1.0240141,1.3617065,1.4439975,0.9855374,-1.8004508,0.23078115,-0.30473518,0.4892575,-1.521417
902,0.42194656,-1.3963721,-0.935269,-1.54171,1.9038738,0.2559732,2.2255151,-0.9701733,-0.27921918,-0.15464199,0.4502422,0.94479436,0.17162518,-0.27693534,0.6555512,0.9930287,-0.07995815,0.14589846,1.3598598,-1.5713484,0.8211281,0.7231836,-1.6140755,0.7168592,0.3559291,0.9660491,-1.3895361,1.1675259,0.50675213,0.78232884,-0.5341364,0.0216395
903,-0.29053068,0.9433917,-0.59926015,-1.1198305,1.5057201,-0.45849472,1.7639517,-0.29118517,0.13226376,0.58952653,2.1202524,-0.7066156,2.1519806,-0.85679847,0.23324028,-0.7103817,-0.7339771,-1.2551534,-1.0301222,1.2833083,0.19860405,0.5113219,-0.97877073,1.0833184,1.3258586,0.97589296,0.292338,-0.85522443,0.8270291,0.6380685,-0.07367609,-0.8062169
904,0.7355527,-1.3239279,-1.7257696,0.92880535,-1.513619,0.28328896,-0.10123609,-0.1535801,-0.49479762,0.9000191,1.6018834,-0.5502103,0.18720461,0.29829538,0.22293758,-0.44360554,0.6914084,1.1418407,-0.14499432,1.370657,-1.7187728,-0.5607936,0.2428977,1.7520218,0.34871694,0.40957516,-0.27478307,0.82937604,-0.2568455,-1.877784,0.3210947,-2.1989713
905,1.2495514,-0.056113068,-0.59918284,-0.16218442,0.13483094,0.97952294,-0.33303002,-0.5260116,-0.62134814,-0.0064612306,2.5045347,0.7894915,-0.061763328,0.89033496,0.7097894,0.17611748,-1.1046735,0.13910322,0.3540312,0.9796525,-0.4101911,-1.5334538,-0.7196798,1.3063055,0.24349134,0.69738156,0.4160839,-1.4283333,0.055952318,-2.2131808,0.68459755,-1.9784774
906,0.19644317,-0.5983109,-0.40755835,-0.63929456,0.82328886,-0.75398755,-0.4816245,-1.0757746,-0.311552,-1.0957915,2.909996,0.7673355,0.6073389,0.05652813,-0.33078632,-0.18830614,0.47085372,0.013397925,-0.174252,1.2606012,-0.77838427,-0.5189518,-1.0439825,1.3119718,-0.27914026,-0.1621692,-0.77086943,-1.0465015,-0.9148859,-1.9810183,0.46474233,-2.1642683
907,0.009326513,-0.63063556,0.67985094,-1.9366211,1.7662579,-0.09694924,0.78267944,-1.1549354,0.7915787,-1.0182515,3.1655428,0.6375666,0.68822485,0.51302654,0.86650026,-1.1330849,-0.7297341,-1.0517148,-0.21216083,0.7476384,-0.08035459,-0.13835011,-0.6833723,1.0805452,0.47399318,0.5044388,-0.41193473,-0.07986363,-0.95236796,-0.95550364,0.13638452,-0.99451154
908,-1.1694299,0.63227004,0.51714516,-1.4196619,1.1060551,-0.36022204,1.2058378,-2.5307958,0.32980922,0.6518572,1.91403,0.091969684,0.97679174,-0.44853416,-1.6020522,-0.6670537,-0.294023,0.0049631996,-1.0036083,1.2202417,-1.1262329,-0.9720189,0.7039498,0.985526,0.38942412,-0.2587903,-0.04400992,0.5229872,-0.9391499,-0.9081796,1.071096,-0.6180504
909,-0.93809426,-0.8923702,0.029702362,-0.3682696,1.0912828,1.5625505,0.961301,-0.20708871,0.02093527,0.8757346,1.4252967,0.78642887,2.5985315,-1.6268001,0.10501965,0.13121213,0.31222677,0.010166222,0.17352061,0.88884115,1.7815756,1.1585379,-0.33535838,1.6248546,-0.17837043,-1.0253315,1.0428406,-0.08061898,1.5436771,0.14758442,0.5675259,-0.46038434
910,-1.0690606,0.12933081,-0.62865525,0.70749277,-1.0410002,0.4467762,1.4847509,1.2588443,0.12358887,0.90326685,-0.1950885,-0.45235705,0.48132193,-0.056586746,1.8615446,-0.35558903,-0.11813368,0.7129569,-0.5332888,-1.1566275,0.6806537,0.76263267,-1.6573627,1.5359726,-0.50049496,-1.605265,1.7722672,0.97713846,-0.14441049,0.752141,0.46149635,2.2435973
911,-0.15880299,-1.4457898,0.55355614,-0.39386055,-0.2740597,1.1058733,-0.8643448,0.105511345,-0.47562477,-0.04331333,0.85060394,-0.60506284,1.8671682,-2.086082,-0.9674863,-0.81921035,0.5192137,0.9122734,0.037371974,-0.47231624,-0.3266741,0.608272,-2.065064,-1.1597437,-0.4719902,-1.9782529,0.16735308,-0.37437516,0.6582926,-0.59996736,-1.4803417,-1.7825565
912,-0.25367445,-1.6730242,0.44672787,0.55668515,-0.52036005,1.1907753,-0.6661335,-0.46440342,-0.33862537,-0.45067927,0.8256349,-0.37723967,1.6787462,-1.316233,-1.2406715,-0.9382606,-0.012999095,0.9527631,0.6548493,-0.69227123,-0.18001442,0.34674087,-1.9286071,-1.6563945,-0.9052587,-2.3148189,-0.01818319,-0.92900205,-0.080220364,-0.17985997,-1.349306,-1.503812
913,0.49363092,0.79204977,-1.9844269,0.6173813,-0.8727168,0.78798395,-0.7775634,1.029946,-1.2798313,-0.17939109,-0.42376474,-1.8195918,-0.76761615,-0.0026578507,0.10278054,1.9238566,0.23047522,0.3506306,0.092675135,-1.3940475,0.38402554,-0.492325,-1.3502014,1.6628397,0.30982134,1.0012486,-0.4612817,1.3929186,0.91664124,-1.2195811,0.5723553,-0.96044004
914,-0.8498728,2.16983,-0.89478785,-0.010552132,-0.32667896,-0.33951747,0.2968424,-0.6297382,-0.6478853,0.0070141,0.25671318,-0.9158791,0.505418,-1.5688063,1.3774158,1.7351964,0.20133883,0.8226148,-0.29393706,-1.6311679,-2.0711513,1.0605826,0.85262495,0.97489,0.24203256,-0.41563612,1.171151,1.8018777,-0.23604988,0.16926685,0.014553715,0.7996699
915,-0.19580087,1.3655875,-1.8372126,-0.87379986,0.18950701,0.77568674,-1.4711725,-0.41772258,0.54685354,-0.32167283,-0.08316102,-0.10904963,-0.3457897,-1.5464368,1.8700292,1.098995,-0.21393588,1.8156307,-0.3029078,-1.8276622,-0.9799386,0.5349506,1.9317716,-0.2669019,0.44312963,0.1621736,0.18839419,1.6627685,-0.4005155,-0.49607003,-0.31001294,-0.72250706
916,-1.3847256,0.57555294,0.064168185,-0.9352315,-0.036014736,1.0875134,1.7277423,-0.16036426,-0.3641308,0.92854106,-0.7992386,1.0311172,0.26580048,-0.29664704,0.52238435,-0.3544937,0.78319806,2.0490322,1.4979218,-1.2168463,1.1018897,1.0800643,-1.1691549,1.7576731,-1.080075,-0.8406077,1.6824092,0.4348018,-0.8400932,0.78375953,-0.46574676,0.6153578
917,0.7656935,1.8255723,0.52282816,-1.4825649,-0.07982322,0.4341576,0.49062148,-0.6304109,-0.44855505,1.4206225,-0.2836084,-0.1365328,-0.32560503,-1.8375669,-1.6601326,-2.0927334,-0.3422032,0.5401787,-0.52168924,-0.20808047,-0.0114229405,0.3289184,-0.8566083,-0.77743554,1.1071951,1.1875193,0.46039847,-0.93421876,-0.78262156,-1.3928428,0.123966925,1.5652103
918,-1.2520397,1.1409248,0.9735538,-1.1620865,1.911397,-0.863665,1.1415597,-0.6658046,0.36016437,0.73840076,0.80263716,-0.45918623,-0.74442184,-0.29694176,-1.3525933,-0.6417318,-1.4472297,-1.2272617,0.063560486,0.76739156,-0.38221014,-0.6285117,-1.2885733,-0.19248648,1.0532784,-0.27284542,0.41947833,1.7905751,-1.1414446,-1.2573626,-0.32090238,1.5556997
919,-0.7062679,-0.9644184,0.28425565,-1.2507218,0.4049086,-0.12959185,-0.14569739,0.22932798,-0.55121845,0.11577984,0.12173334,0.011290961,-1.3215059,-2.9428165,-2.0073848,-1.4284735,0.058479562,-0.27510795,-0.19000623,0.35483918,0.30461767,-1.9371616,-0.7623484,0.25856638,-1.7112867,-0.16913298,0.2510552,0.07614279,-0.52715033,-0.9373233,-1.0362903,0.14376754
920,-1.4158,-0.25846344,0.119814165,-0.51903373,1.2912563,0.03495928,0.15149237,-0.79137427,0.37683228,-0.8702847,1.4903722,0.03541166,-0.75810844,-1.3739718,-2.662467,0.11622704,0.23241994,0.07336087,0.48740417,0.35836557,0.6785705,-1.5435103,0.559662,-0.2095158,-0.81579566,-0.9564395,-1.0306354,0.136671,-2.5389726,-0.490298,-0.15394937,0.18460102
921,-0.10596185,0.90254056,0.8023887,0.044118002,1.4188209,-0.38461474,0.32996994,-0.8145906,0.8699987,1.5484021,1.6533395,0.98140454,-0.35191637,-2.9697406,-1.2674502,0.02405849,0.09308044,0.11958562,-0.7780944,-1.0071214,0.006883028,-0.19031541,-0.14652462,-0.40338248,-0.57095474,-0.689694,0.34624138,-0.114832774,-1.1263719,-1.0845083,1.2226104,1.483298
922,0.27124333,0.8665917,1.2296333,-0.064040445,-0.05544572,1.8926992,1.4676747,-1.3738457,-0.46463686,1.6262329,0.37789434,0.7482206,1.3741864,-0.8946695,-2.434802,-0.721798,-0.03416015,1.4279927,-0.010987569,-0.7419203,-0.12574607,-0.06081437,-1.5651773,0.27591524,-0.3066331,-0.8442838,1.1373206,-1.4835503,0.6164197,-0.58734703,-0.00377189,0.35826334
923,-0.1524023,0.9048735,1.4733272,-0.23658721,0.262599,0.666715,0.9923831,-0.4408387,0.24479662,0.77974373,-0.1777691,-0.034005456,-0.827369,-0.9874913,-1.7858211,-2.1692104,-0.17596114,0.72181153,0.04288207,-0.64721286,-0.3408591,-0.019301644,-1.3567457,-0.5049937,1.0570611,-0.13079269,1.4410328,-0.78056145,-1.6058968,-0.4127601,-0.012803238,2.5965652
924,-0.120173275,0.8496502,0.22317731,0.87686926,-0.43865263,2.0262835,0.96869564,-1.4262326,-0.10416951,0.3713983,1.4029918,0.6214424,0.748577,-1.5005387,-2.023292,-1.0990287,-0.04219019,1.9252588,-0.021962259,-0.06953221,0.17277429,0.85893965,-0.9140913,-1.580848,0.2978275,-1.2441342,-0.037603393,-1.6858627,-0.7644915,0.32091376,0.0019563395,-0.2674121
925,0.26118866,0.0059669013,-1.053678,0.022283094,-1.5558839,-1.2504336,1.360265,-0.6825906,-1.3292351,0.89507604,1.5315988,-1.3885077,-0.4720135,-0.39694792,0.1253714,0.75573426,1.2195827,0.4569071,-0.97598404,1.257272,-1.1861057,-0.37203622,-1.0394666,2.2497833,-0.24386837,0.8264142,-0.7674465,-0.08086152,0.075269505,-0.6931932,0.9018555,-1.7711089
926,-0.4243191,0.6816902,0.6891857,-0.29969186,1.8693628,0.7326107,0.11461735,-1.6702043,0.78176117,1.2408309,1.2104986,-0.6924218,-0.17593971,-1.2802963,-1.0227731,1.8805447,-0.23805143,0.35481754,0.2891047,-0.46397087,-0.39260006,0.54809064,-0.18429393,-0.38582593,-0.44832683,-1.810344,-0.37131184,1.3367401,1.4838023,-1.0871581,1.2825497,-0.95645696
927,-1.4046272,-0.4636114,-1.2743165,-1.2046505,0.94021654,1.3092519,0.10379506,-0.8610158,1.575107,0.34907728,-0.117273346,-0.7793048,-0.49798056,-0.02972422,-0.3043101,0.8259067,-0.2360958,0.54682493,1.6736889,-1.7604587,-0.11890856,0.22470124,-1.2988696,0.07258976,-1.5534769,-0.93743145,0.24416497,2.4666288,-0.33961275,-0.61347777,0.31314006,-0.3036855
928,-0.48678935,1.9263079,-0.32484335,-0.4893086,-0.12826554,-0.042419396,-0.23756018,-0.7624465,0.66620773,0.09359398,-0.59336674,0.07734208,-0.26178035,-0.5732843,1.3297741,-0.36980084,-1.3542609,-0.7994913,0.026027758,-1.5384612,-2.3735437,2.0459526,2.336804,-1.1466613,-0.11748941,-0.36488804,-0.13844804,1.6057223,0.094370045,-0.99872494,0.26084736,0.37096316
929,-0.21546744,1.9085938,-0.15246549,0.1944368,0.5361929,0.5150416,-0.9028727,0.2524315,0.87799937,-0.004054506,-0.37141463,-0.46543595,-0.53594476,-2.022442,1.8304024,-0.9822523,-1.9571452,0.3717512,0.14819461,-0.4758595,-1.7191855,0.41238603,2.0983636,-0.89472824,1.8622848,0.11391418,-0.5101168,0.7405613,-0.5039781,-0.0117697865,-0.89201283,0.12810051
930,0.3937072,1.5151553,0.57674265,-0.1469788,0.4484405,-0.6117706,-0.44672447,0.5837873,0.28956652,-0.46008593,-0.41371542,-0.5083006,0.17029223,-2.4526913,1.5102489,-0.72041845,-0.53736526,0.6201673,0.15037723,-0.50190043,-1.0157835,0.1681534,2.2480288,0.623211,2.5750768,-0.35167763,-0.5241535,0.6926481,-0.5972003,0.40206006,-1.3967222,1.020565
931,-0.09068717,-0.2850295,-0.7409149,-1.5097735,-1.2557069,-0.7680481,0.5520363,0.48711443,-0.65108716,0.0884094,-1.0445981,-2.1046088,-1.4157333,1.2681963,-1.006274,-0.37956062,-1.3223132,-1.7259423,2.3411894,-0.6908112,1.0181805,0.040416673,-0.11488788,0.7025115,0.6252634,0.88535625,-0.18030724,-0.41503438,0.53660756,-0.4326738,1.7369283,0.25299734
932,0.097473,0.9280967,-0.98706657,-0.059640355,0.17517982,-0.049901035,-1.2115782,1.8653127,-1.4089684,-0.35895663,-0.83904,-0.30780223,-1.8186625,0.9986981,-0.4040152,0.9917833,-0.32194388,-0.50199264,1.4700384,-0.44054523,0.9190407,0.5158717,-1.335736,0.4066863,0.5430423,2.078356,0.4385161,-0.31035376,1.5294548,-0.7075777,1.7388219,-0.293105
933,-1.4952493,-0.6625525,-0.7624003,-0.46456638,1.1914225,-0.2720404,-0.5658045,0.1723027,1.2153598,0.55040234,-0.013670016,-0.9210177,-1.9777609,-0.6144053,-0.18151781,0.53586566,0.8795601,1.4957006,0.95694107,1.072482,0.8906784,0.66515625,0.35842568,-1.0242074,0.5818632,-0.33481985,-0.9939088,-1.3912512,-1.6189342,1.6459502,1.1610954,-1.1080528
934,-0.3655206,-0.684874,0.7312656,-0.38112012,0.9607923,0.8856595,1.5588198,-0.054217234,0.5000204,2.0732274,-1.1833051,0.7597769,-0.41596428,-0.6568783,0.56589305,-0.38114828,1.1622525,1.5653703,-0.1280919,-0.5157642,1.0069327,0.5446874,0.15103786,0.9756142,-1.1734097,-0.84822476,0.5758657,-0.9186317,0.2574212,1.5936261,1.8526127,-2.1354673
935,-0.9177599,-0.36576807,-0.59776044,-1.3685447,-0.54233676,0.0492572,0.652515,-1.401064,1.0116405,0.7996594,-0.44529402,0.6971327,-0.31999728,0.1515988,1.4188482,-0.9204518,-0.49779183,1.3757497,-0.55943173,-1.3445373,0.8108379,-0.3864911,-0.44639865,1.8421685,-1.5260744,-0.9845196,1.4883684,0.9106348,1.3350574,0.32935756,1.0137401,-1.7645512
936,-1.0756899,-0.66967535,0.14154904,-2.3212621,0.3706972,-0.005340273,0.27395982,-0.20770235,0.44046044,1.7504287,-1.6105918,-1.0726134,-1.6902721,-0.3072389,0.5473372,-1.8104357,-0.5918625,1.9016497,1.718324,-0.024550494,0.7016515,-0.19368802,0.4267502,-0.64035213,-0.017720882,0.29152757,0.8588846,-0.72518617,-0.20160525,1.1043212,1.0250686,-0.5961826
937,-0.71900666,-1.4029051,-0.2214825,-0.9833546,0.22396559,-0.24808119,-0.43602726,0.82278985,0.28473818,-1.1437497,0.10532328,-3.4906127,-2.104797,2.1574328e-06,0.43017477,-0.3432817,-0.9788628,1.700993,0.7720752,0.5622116,-0.25531092,-0.2044325,-1.0299193,0.40009192,0.5653789,0.37500829,1.4992492,-0.80117893,0.4041575,0.8734157,0.42016184,-1.1399616
938,-0.24126627,-1.4882882,0.11598736,-1.9485303,-0.24249856,0.5757999,-1.1555586,1.3066201,-0.026697155,0.109888785,-1.653936,-0.9899614,-0.9546315,-1.1715499,0.12197533,-1.6382926,0.8042364,1.8569595,1.1407177,-0.04653325,0.5088813,-1.3542402,-0.634919,0.07587726,-1.1996802,-0.23769441,0.71049935,1.0437398,-0.046664447,-0.26909566,-1.7515401,-0.25927252
939,0.30460858,-0.35301283,0.76398736,0.18680215,0.2431925,0.6475153,1.7382934,0.27935737,-1.2425362,0.18046571,-0.82530314,1.0391601,-1.2637306,-0.8286397,0.36723587,-1.3524877,1.0297787,2.6244068,0.379129,0.32783982,0.9403042,-0.63278186,0.5440091,0.62355673,-1.9670755,-0.6970651,1.1462979,-0.20543495,-0.107820936,1.7632483,0.37275115,-0.5569401
940,0.3323566,-0.37303913,0.76673144,0.20579462,0.24845758,0.6459345,1.7246319,0.27466276,-1.2465487,0.1757243,-0.8271548,1.0435845,-1.2653745,-0.82438934,0.35030344,-1.358502,1.0196407,2.6306741,0.3769199,0.31380844,0.9242355,-0.640034,0.52105755,0.599182,-1.9644436,-0.6979922,1.1434995,-0.22668694,-0.11030346,1.7716436,0.37877423,-0.57489973
941,-1.3756297,0.24515723,0.44260934,0.26236928,-0.07539055,-0.97300595,1.6602744,-0.9581113,-0.99247223,-0.74379635,-0.7897387,-1.0883764,1.5185324,1.5908287,-1.2377647,-0.47727248,1.1064408,0.75804836,-1.291958,1.5150173,-0.77541685,1.2207097,-0.33880904,1.4247797,0.2654822,0.4827056,-1.3757639,1.0985689,-0.3123299,-0.71162254,0.47026518,-0.49243337
942,0.51020896,-0.8717543,-0.7469661,0.7110484,-1.340968,-2.7690914,-0.81465983,0.61804795,-0.14507087,-1.1237274,0.4952546,-0.43800455,1.5857031,-0.472172,-2.279001,-1.5025611,0.7009417,-0.9438301,-0.8748777,-0.16535535,-0.38050765,0.030148773,0.012678457,0.98767865,-0.77795786,0.55999863,-1.6108297,0.025386738,0.42796722,-0.9440944,-0.39416316,0.223996
943,0.35959116,0.027140822,0.09477705,-1.9614114,-1.4852947,-0.6895788,0.005188967,-0.24189286,0.23073256,0.60095567,-0.87190515,-2.0005326,-1.0381622,-0.6989789,0.08907703,-1.0563478,-1.5873343,-0.91731757,2.408077,-0.76168776,-1.011932,0.5289409,2.242287,-1.2423278,-0.074673,0.43791762,0.5228909,-0.41039613,0.5961331,-0.41289315,0.73975,0.28409332
944,0.52598363,1.2412887,-0.8542347,-1.7769611,-1.8804439,-0.60411173,-0.009426038,-0.9948739,-0.25106013,1.2422192,-0.40131024,-0.970246,-1.3022335,-1.0266656,-0.00476872,-1.005953,-0.6734895,-0.31434208,1.066282,-0.6104673,-0.28274062,0.6947436,2.01763,-2.1576395,-0.3170512,0.66069674,0.24678099,-0.6493598,1.0109193,-0.2635155,1.6019714,-0.8239656
945,1.471502,2.9498613,-0.937767,-0.5679281,-0.2657442,1.0915852,0.105232395,0.8289403,-1.7641133,0.60284764,-0.38681224,-0.844575,-1.0049825,-0.66062254,-1.3302861,0.45843765,0.09721423,-0.8270537,0.8881214,-1.3586953,-0.60814905,0.031756565,-1.1495996,-0.39808723,-0.7154977,1.1923896,0.039564215,-1.055077,0.79597825,-1.1277734,0.38301182,-0.43170726
946,-0.2688866,-0.11083335,-0.20084763,1.2357,0.81853974,0.95781404,0.10370486,-0.52726066,0.13217945,-1.5497067,-0.18940172,-1.1918739,-0.86212635,-0.6795589,-0.72676164,-1.1336161,0.0044506784,1.7408179,0.84840655,0.95877516,-0.20488754,0.31022942,-0.14220026,-2.0082235,0.34539136,-1.6746209,-0.4922201,-1.9201748,-1.2587066,1.8528268,-0.017918404,-0.057157762
947,1.4421206,2.9033222,-0.928421,-0.48968062,-0.42717388,1.1153014,0.11835755,0.7146114,-1.7461143,0.6191368,-0.43291566,-0.8806091,-0.96307784,-0.6930982,-1.4128001,0.4739556,0.15216705,-0.7732339,0.88363916,-1.3772242,-0.56357604,-0.011810092,-1.2092422,-0.3686592,-0.7682845,1.1984587,0.0038878187,-1.089842,0.7439139,-1.1216718,0.43045613,-0.4871494
948,-0.2495071,-0.12081279,-0.20719953,1.2405926,0.81610066,0.95277697,0.10290966,-0.52327204,0.12284187,-1.5381515,-0.19511937,-1.1816096,-0.8574799,-0.68095416,-0.7336053,-1.1376085,0.008917621,1.7478517,0.8493788,0.951835,-0.20171873,0.30003124,-0.1661464,-2.0119295,0.34564412,-1.6693307,-0.49360654,-1.9331881,-1.25684,1.8525356,-0.010809515,-0.068765365
949,-0.7060521,2.1005778,-1.5716379,0.21676531,-0.10762435,-0.51945543,-0.8540261,-0.012540344,0.29438806,0.43332243,1.3960253,-0.64235747,-1.1550751,-1.7515162,0.5122696,-0.34226072,-0.9581229,-0.034002304,-0.0957259,-0.015207981,-0.8902725,0.6842128,1.9990014,-2.288039,-0.5689772,0.008859565,-0.43850416,-1.1558815,-0.20561492,0.78996086,1.9226762,-0.5856435
950,-1.9668089,1.0487559,0.026053187,0.8779815,-0.24993604,1.1998628,0.44700614,-0.54450685,0.17897505,-0.066835515,1.6196617,-1.6691394,0.64877605,-1.4833218,-0.9172358,-0.23120028,-0.9315381,0.27203298,0.087326266,-0.51675975,-0.09991533,1.3696752,0.5866807,-0.9272531,-0.38814104,-0.73281735,0.61646867,-2.1038172,1.0296708,1.1721284,1.7154658,-0.2557867
951,0.40609387,1.3107954,0.34203205,0.69271636,0.35388374,-1.4802488,-0.25957763,-0.17023937,0.08864648,-0.39320356,1.0975164,-0.6435144,2.206134,-1.5560815,-1.1897118,-0.20786506,0.41721725,-0.14549433,-1.4811976,-1.5229024,-1.2123339,0.5899167,0.9945726,0.39379066,0.7058182,0.20716092,1.1653895,-0.53835523,1.7226688,0.71371305,1.5569297,0.7373164
952,-0.39814898,1.2222747,-0.016290523,-0.08546621,-1.2628474,-0.8507387,-0.19996923,0.71223164,0.23260547,0.75455856,1.0560095,-0.9114306,-0.5121165,-0.12826227,-0.8774663,-1.0056728,-0.77211285,-1.7949238,-0.5261152,-2.0395777,-0.5090624,-0.12584233,-0.6918001,1.3490098,-0.3725622,-0.18870735,1.4319031,-0.40283644,2.181303,0.48407593,1.6221124,1.0560822
953,0.7249341,2.506891,-0.9141448,0.45368764,0.62562627,0.77569234,-0.4599254,2.1449447,-2.0695648,-0.04443323,-0.17357403,-0.67229456,-1.495379,-0.20247978,-0.88229245,0.75170827,-0.1907675,-0.54708844,1.0697765,-0.74012655,0.057706125,-0.6131569,-1.435967,0.5832525,-0.4124178,1.5249413,0.4909212,-1.0589273,0.85383976,-0.5589979,0.63990486,0.33215725
954,0.55594856,2.782882,0.040995907,-0.69804394,-0.6601677,0.6883756,0.5753914,-0.23662776,-0.8472763,0.2729723,0.8797832,-0.9803266,0.8182021,-0.9172044,-1.4968414,0.18769614,0.12393469,-0.13991402,1.2242672,-1.0536344,-2.1425269,1.3218366,0.3542988,-1.8656998,-0.46300492,-0.030498624,0.5429455,-1.354713,1.0064958,0.35718948,1.0413855,-0.044548113
955,0.45297188,2.1832035,0.11066569,-0.45366442,-0.8348701,0.8506042,0.71331483,-0.39028245,-0.8238789,0.13434273,0.9743156,-0.7072435,1.3448379,-0.9270647,-1.4704221,0.3313808,-0.09011333,-0.046931714,1.0705452,-1.1603575,-2.013229,1.7836347,0.30184266,-1.9080322,-0.16299239,-0.22390132,0.45515507,-1.2945174,1.0555683,0.57616085,1.2740766,-0.09689399
956,-0.44447288,0.1141303,-0.123532936,0.26056474,1.3521923,-0.10464334,0.34092394,0.79453945,-0.56066185,-1.4201921,-0.024483444,-2.0636344,-1.1999377,0.24592237,-0.17188223,-0.1987658,-1.1426706,0.23827422,-0.7025285,-0.5805034,-1.4307363,-0.22653845,-0.9542005,1.2928486,0.54051304,1.4225172,1.9849272,-0.28815058,1.5922773,0.7990233,2.027569,-1.2253
957,0.3283333,-0.31138262,-0.013839388,-0.21699828,-0.18297249,-0.72117245,0.5175158,-0.0077746524,-0.71122,-0.003999561,-0.8654635,-2.2626846,1.5774827,1.0530349,-1.0804234,0.31341487,0.0385696,1.1122606,-2.3263354,0.20852363,-1.3284445,0.6229988,-0.2823431,1.3141209,0.5575763,1.7023897,0.23676743,0.7623826,0.729939,-0.19496658,2.244394,-1.1964322
958,-0.1724467,-1.5466735,-0.9945491,-0.015837258,-1.0540375,-2.1469483,-0.5889246,-0.15625887,-0.30795693,-2.3638623,1.0824977,-2.4567776,-1.2969574,0.0068353554,0.3014556,0.07558634,-0.66349983,1.5699834,-0.72869736,0.69622725,-0.7531798,0.023735637,-0.11805969,0.6676022,-0.98276323,0.3278531,0.98375034,0.9709532,-0.91174984,0.65457374,-0.8050171,-0.4459715
959,0.042608675,-1.6779684,-0.27282855,2.0829403,0.05725358,-1.4691886,1.1848032,-1.2876564,0.43522546,-2.712969,0.2207232,0.10036301,0.2008777,-0.0940179,-0.85301435,-1.0113746,1.1404284,0.46446037,-0.047932483,-0.40736488,-1.8064785,1.6244739,-0.13687214,-0.69760334,0.10779873,-0.67441493,-0.97445875,-0.8825245,-0.47303286,-0.54261285,0.5177117,-0.66967404
960,0.10158898,-1.7009547,-0.40006736,2.0921276,-0.059831403,-1.5667614,1.0852637,-1.1490163,0.3358973,-2.730441,0.2598567,0.173744,0.23460673,-0.19000658,-0.96877307,-1.055216,1.2232838,0.54891825,-0.094396934,-0.29589057,-1.7766339,1.5100042,-0.067738116,-0.58271366,-0.03180508,-0.5910173,-1.0310676,-0.9201954,-0.520975,-0.55768704,0.47200269,-0.71834797
961,-1.0815494,0.4801953,-0.22291924,1.0855423,-0.15340239,-1.7914548,0.15198681,-0.9139817,-0.22695057,-2.0839748,0.17803082,0.33397183,0.6845478,0.42853147,-0.8399302,-0.65208715,2.1155639,1.4574159,-0.54773206,1.4753276,-1.8748013,0.9934051,0.13699259,0.5865545,-0.33603755,0.32805753,-1.6897895,-0.5427039,0.054405883,-0.9024987,-0.12648565,-1.3718145
962,2.0947351,-0.18741316,-0.82526916,-0.27525085,0.1456797,-0.17789802,-0.17517099,2.197057,-0.92126566,0.34421772,-1.2527479,0.38453382,0.70863384,-1.6343309,-0.7282937,-0.3326793,0.39465567,-0.99963546,-0.14651965,-0.55921906,1.5625048,0.40797055,-1.0647981,0.21028203,-0.6229221,2.0892603,-1.3060255,-0.6308714,0.2806676,-1.5404879,-0.48183998,0.22863832
963,2.08964,-0.17075254,-0.82752407,-0.4097948,0.05007054,-0.162437,-0.11194225,2.1305518,-0.6935647,0.64855576,-1.2529577,0.50560427,0.79993284,-1.6922548,-0.6998385,-0.54294527,0.39567193,-1.116395,-0.122012034,-0.62139106,1.6686735,0.31259358,-0.96869355,0.23309235,-0.6566205,1.9555115,-1.3609511,-0.6989206,0.3199845,-1.4629985,-0.43533474,0.13132605
964,-0.5121971,-0.17979549,-1.0060104,1.5231818,0.07428024,-0.73328435,0.47812527,0.08234474,0.32003117,-0.73623556,1.5194646,-0.7378442,0.7757106,-1.2772119,-0.11168312,0.77323776,-0.72431,0.047600817,0.81036514,-0.18917173,-1.4568554,1.7230409,2.2717502,-1.2273093,-0.27182397,-1.0036051,-1.4359256,-0.6862043,-0.8931677,1.9451838,0.11728704,-0.036287308
965,0.5201585,0.6798537,0.6738714,-2.0362175,-1.0130094,-1.7361122,0.1325839,-0.06547408,0.017700236,1.0505826,-0.8891429,-1.390028,0.7113841,-1.7722744,0.048121512,-1.4488987,-1.1562141,-1.3871112,0.5015298,0.040502258,0.069383085,-0.5416203,1.6760799,0.6879243,1.618361,-0.51677686,-0.43344718,0.080240205,0.1128445,-0.23080829,-0.64400196,1.8634508
966,0.9396982,-0.07855202,-1.8812561,0.9369642,-0.7685944,0.33661237,0.2733817,1.2598385,0.5799627,1.260662,0.74646086,1.2459846,-0.15159456,-1.9918932,0.8135314,-0.4582209,-0.78957087,0.52449226,-0.7886551,0.038973887,0.3576748,1.0363637,1.7034404,-1.9570376,-1.0335875,0.82978463,-1.4545828,-0.2795692,-1.2993748,0.41088662,-0.29625034,-0.8309289
967,0.4400401,-0.93831843,-2.5885801,1.4621668,-1.9379431,-0.66490483,0.6709065,1.3362777,0.53582543,1.0531546,0.14750707,-1.2767007,-0.7841073,-0.58182645,0.09736751,0.90980375,0.033262376,-0.06887895,-0.6852411,0.61048925,-1.5258555,0.64682037,0.048003823,-1.6126049,-1.531676,-0.42571956,-0.3096052,0.59073716,-0.20267512,-0.8977737,-0.08510283,-1.4528848
968,2.0788329,-1.0928078,-0.064008065,0.9657703,-1.290233,-0.7077587,2.0548925,1.7123464,0.75970465,1.0939932,-0.75156367,-0.86079293,0.49029428,-0.99008626,0.08922822,-0.29281667,-0.29809314,-0.16646236,0.087347336,-0.40322596,-0.3150169,0.98062706,-0.9678368,-0.549801,-1.3769329,-0.19328192,1.8099025,-0.76546407,0.94106245,-0.7356179,0.40030414,1.1921313
969,1.0656477,-0.011423065,-0.195997,-1.1459959,-0.9406429,-2.2341228,-0.8960728,0.5354543,0.62880605,0.88267815,0.09812438,-0.37039024,0.63422245,-0.7155437,-0.5344564,-1.1501968,-0.23326716,-0.7074754,-1.0602877,1.064776,0.91078717,-0.9346219,-0.0689284,0.5301208,0.23532085,-1.541675,0.7260078,-1.269593,-0.18472186,-0.9918656,0.6563249,2.914741
970,0.27452856,0.5189234,-0.9090233,-0.3896552,1.0777463,0.38469446,0.37616217,-0.28605023,1.7272828,-0.43806434,-0.28564835,0.88299876,-0.15639125,2.2107341,2.2998104,-0.93709075,-0.73859245,1.0526788,0.48710692,0.7569734,-0.22993748,0.80725485,0.9683005,1.147833,-0.3815031,-0.89567065,-0.25443196,0.047901373,-0.5333586,-1.8100154,-0.66131437,1.6451921
971,1.4060913,-0.22230224,-2.3806877,0.58095556,-1.1677048,0.09516014,-0.19855924,1.8836906,-0.20181045,0.17128369,0.53300095,0.4195984,-0.4449685,-1.0177119,0.32386968,0.9647599,-0.32159504,-0.8070475,1.2960917,-0.0969824,0.5602281,-0.49118733,-0.8036528,-1.7725744,-1.4842321,0.58288234,-0.815576,-0.16328354,0.034106303,-0.9119785,-2.2016332,-1.3243778
972,-1.9496524,0.21414325,-1.5178788,-0.6902372,1.4804279,-0.9486616,-0.61432606,0.3111661,0.098413445,-0.813207,0.8583921,0.4135323,-0.50747776,-0.46990526,-0.57406455,0.35391328,1.6634403,-0.54166263,0.4811181,1.0722127,1.0529327,2.0687706,1.1995839,0.07605308,-1.2299716,-0.3635807,-1.0815809,-0.28795978,-1.2609583,-0.526974,1.6700003,-0.9486142
973,-1.1225271,0.3691453,0.68299097,-0.77921385,0.37560457,-1.0728209,0.8979824,-1.6566012,0.13985237,-1.6611034,-0.094470136,-1.1359228,1.071502,1.6590618,-0.48653144,-0.30286264,0.24067385,0.07749287,-0.68413234,2.3005042,-0.33012626,1.8797351,0.46488622,1.356893,-0.53273183,-0.12890409,-0.3490268,0.37673876,0.08029959,-1.3760979,0.110164985,-0.93580633
974,-1.382232,0.2285,0.2636361,-0.44874024,0.7047876,-0.56704986,-1.1535228,0.39793757,0.21967688,-1.4701086,1.3050531,-0.03567244,-0.9858683,0.13355449,-0.041644208,0.3019282,1.0202384,-0.42902386,0.92323625,1.2124745,1.0379755,1.2942705,1.6053451,0.7928041,-0.98744774,-0.70828366,-2.0559633,-0.36598793,-1.2886593,-0.17469352,1.7094945,-1.6975819
975,1.1634303,0.36442325,-1.6885456,-0.06601243,-0.27942002,0.29883164,-0.48904875,2.35713,-1.2124581,0.7016358,-0.17292559,0.61661,-1.555746,-1.4873663,-0.5262606,0.62605715,0.038433284,-0.92897385,-0.12000889,-0.03762337,0.9505982,1.0035101,-1.6072755,-0.4829951,-1.2928258,1.1652987,-1.160229,-0.6718183,0.69182277,-1.601004,-0.15002131,0.44176695
976,1.2803807,0.36703226,-1.6862415,0.0023737883,-0.32257167,0.21692947,-0.53691447,2.434925,-1.2081263,0.7994091,-0.37969393,0.5615945,-1.7301109,-1.3589325,-0.5234585,0.5576276,-0.05172763,-0.94568706,-0.00510558,-0.035856176,0.8320979,0.8813902,-1.524027,-0.392276,-1.1467683,1.2024796,-0.973343,-0.70916474,0.65014225,-1.7048169,-0.18083723,0.5541543
977,2.4537473,0.4840837,-1.2082566,0.6797869,-0.95265424,-0.7210539,0.453059,1.0866697,-0.21523483,0.52056265,-1.4846354,-0.4408889,-0.05303684,-0.8478314,0.14554454,1.3302612,-0.19813462,-0.07374308,-1.3074508,-0.20094725,0.22790167,0.77125007,-1.8146496,-0.5605897,-1.3096054,0.29698595,0.24312705,-1.4624978,1.0062376,-1.6853888,-0.06467236,1.1764643
978,2.0706203,0.5464768,-0.45834753,-0.09589859,1.0394831,-0.23659399,-0.12877604,1.2977731,-0.35099092,0.48879853,-1.083565,-0.105440944,-1.3360703,-1.2301824,0.19475944,-0.12832807,-0.11851889,0.08153108,-0.6089372,-0.7536449,0.22833198,0.48989785,-1.7163091,-0.15721773,-0.49927023,1.4396248,0.5844836,-1.5363884,0.3872525,-1.9149234,-0.21195301,2.520021
979,1.258214,-0.97015595,-0.82829076,-0.86518675,-1.0151463,-0.81062084,-0.053886384,1.1607456,-0.9736269,-0.64750576,1.1152719,-1.236225,0.5438061,0.32353446,-0.46684796,-0.3007103,1.2346635,-0.29549286,-1.1396843,2.464292,-1.0877843,-1.035223,-0.2786323,0.7530294,-0.028430792,-0.48215762,0.4841718,0.10827763,0.6970442,-2.0380428,0.7854646,0.456773
980,0.28966647,-0.45275128,-0.7688317,-0.77315116,-0.61752415,-0.47211778,-0.22280256,-0.36073935,0.4872853,-0.9765004,2.0132895,-0.051552985,0.46498883,1.3602391,0.26804253,-2.003588,0.7966475,-0.7517671,-1.047278,1.8394941,-0.3434391,-0.85468304,0.6176496,1.5779527,0.82992166,-0.92972887,-0.40220186,0.7858561,-0.8426352,-1.5582591,0.91560066,0.29051122
981,1.452518,0.4044734,-0.05799023,-0.022612976,2.2050936,0.85305655,-0.18148156,0.7414077,0.29510266,-0.11755379,-0.86506397,0.36846176,-1.3076082,-0.7318914,0.9119363,-0.9303287,-0.66540456,0.49703595,-0.41083276,-0.4097597,-0.008395171,0.09197885,-1.0347781,-0.38100657,0.038011752,1.254988,0.69430995,-1.3335634,-0.5372008,-1.8196386,-0.043861333,3.0618412
982,0.58801305,0.57643855,0.005904845,0.60180306,-0.018906435,-0.8751318,0.41929471,-1.4930866,1.0445635,-0.5807193,-0.46567923,-0.22852975,1.3183355,-0.6885,0.64564776,0.6512535,0.3516474,0.8192835,-0.5701621,1.0902977,-0.66197264,2.9156108,0.31618157,-0.94461,-0.9261086,-1.3208392,0.5305324,-1.6126568,0.75480217,-1.5440354,0.11927029,1.1179248
983,-0.28068143,-0.5477815,-1.5890052,0.1811672,0.20783496,-0.42673784,0.55542284,0.31912217,1.8078475,-0.7905592,1.1980996,0.4299718,-0.6141687,1.8326616,0.9995503,-2.1217396,-0.7424014,0.04780266,0.02547886,0.5067404,-0.50342447,-0.4641983,-0.4936061,1.5239196,0.254076,-0.35328284,-1.0616474,1.3850853,-1.547948,-1.0268369,-0.46771288,0.8930785
984,1.4092535,-1.5826279,0.011944645,-1.0264586,-1.3736591,0.6294874,1.0436057,2.074629,-0.32734525,-0.52083063,-0.66190207,-1.4549189,0.8723155,-1.4931408,0.24920651,-0.5934617,-0.5128872,0.40390635,1.2188027,1.5742921,-0.5925485,-1.4009124,-0.754388,-0.30614167,-0.81453335,0.39825454,0.5731878,0.99551076,0.6376323,-0.8746338,-0.5327154,-0.97768974
985,0.25298697,-0.3023452,-0.96488607,-0.22146344,-0.46655345,-2.1039479,-0.92107147,-0.8229263,-0.77008283,-1.7751727,-0.0395025,-0.05690982,0.57827145,0.014811527,-0.7646646,0.388309,1.4462057,-0.1941622,-0.9371078,1.558293,-0.997853,0.702045,-0.9370615,-0.24318555,-1.744046,-0.3352275,-1.6310968,-0.6799933,0.4464451,-1.9640154,-0.750504,-0.23146757
986,-0.14878976,-0.83733517,0.14846727,0.18715715,0.5758158,1.3309495,0.96973366,-0.37934157,-1.3445327,0.3039547,0.5995673,-1.607029,0.7792117,-0.15427153,-1.1406841,0.3496289,0.04576167,0.5441322,1.0633128,-0.66674167,2.9686015,-0.27484834,-1.7121695,1.2709986,-0.80468476,0.10323738,-1.0189912,0.0909288,2.1883385,0.14749199,-0.57029593,-0.14385524
987,0.61482805,-0.69090015,-0.1933546,-0.08976167,-0.063846365,0.9959911,0.9445543,0.5808978,-1.880549,0.70945513,0.108098306,-1.5991497,0.31983086,-0.25185335,-1.0608426,0.90329766,0.1394317,-0.007894681,0.7832123,-0.52601826,2.8135872,-0.09505504,-1.956857,1.0395828,-0.89731616,0.74441135,-0.9611787,0.05163764,2.0199604,-0.38227236,-0.76023984,0.20502773
988,-0.6607896,-0.9347655,0.9160253,-0.21595946,1.216161,0.16472077,-0.8818643,0.5669478,-1.7244028,0.92439926,-2.094173,0.32787764,-0.10658186,-0.10984354,-1.2835977,-0.6540818,0.98602664,0.48552397,1.4128946,0.67235,1.8290607,-1.2701122,-1.2217367,0.080836445,-1.0463723,0.50642645,1.472966,-0.30090663,1.5376306,0.44568476,-0.28270844,-0.15792291
989,-1.4788526,-0.56137073,1.1248691,1.0022253,1.1300979,0.3414495,1.08799,-0.80898553,-0.82232356,0.1853647,-0.80428934,1.2252183,0.72329444,-0.5667407,-0.4105956,0.6063601,1.76364,0.6355623,1.0112782,-0.6537922,0.5184267,1.2956564,0.6389415,1.987249,-0.80772775,-1.3239394,0.48968783,1.4547974,1.856001,0.19119608,0.48695907,-0.025733327
990,-1.4821252,-0.68412846,1.1472822,0.8261779,0.6111602,0.3386445,1.2660311,-0.7594736,-1.0268904,0.30287293,-1.1119097,0.83834326,0.8633168,-0.7431168,-0.76450145,0.6627622,1.7655699,0.6893192,0.8625779,-0.38799256,0.8432189,1.033101,0.31721643,2.0181546,-0.7832637,-1.0471768,0.3376402,1.4841775,2.0764983,0.24040753,0.37949482,-0.16432871
991,-0.9402606,-0.44166678,-0.69096935,-0.702503,-1.5910996,-2.0233405,-0.32014832,-0.0070057334,-2.3692272,-0.6840584,0.4335788,-1.6153005,0.22650474,0.8627572,-1.4139459,-0.41920474,-1.3561639,-0.10066479,0.7998024,0.49453038,0.43475428,-0.7609512,-1.0963192,1.0967596,0.3651652,1.0546256,0.056573246,-0.25814638,1.6246856,-0.6573932,-0.4522399,-0.9897055
992,-1.1715508,-0.760752,0.5959054,-1.6087251,-0.6463312,-0.7590188,1.6122323,-0.6706464,-1.7898344,0.6284373,-0.77462375,-0.22348942,-0.05464904,0.5510072,-0.49667212,-1.137965,-1.115137,-1.258311,1.9414197,-0.51847446,0.9776259,-0.7989973,0.86249727,-0.52687174,0.10853223,-0.047528196,1.1252178,-0.19261308,2.2039146,-0.3696721,0.4099086,-0.30891365
993,-2.2079747,0.8309718,0.7691139,-0.68112427,0.5409481,-0.6049301,-0.36977005,-0.13205396,-0.51589817,1.4935997,-0.27423057,-1.7046965,0.076435044,0.76712096,-2.1809478,-0.9375463,0.57818484,-0.57331365,-0.22851238,1.1563345,1.7990494,-0.05807899,-1.263013,1.2585477,0.58028316,-0.024683323,1.7976683,0.5098006,0.3695274,-0.3015804,1.1027808,0.35137248
994,-1.3180144,0.21248505,1.099453,-1.0251362,0.2809874,-0.24376218,0.038304556,0.2963718,-0.97281194,1.2919526,-0.4182336,-1.5931553,0.3497409,-0.24202132,-0.4220881,-1.546749,-0.3566458,-0.9551701,0.6242176,0.4088166,2.319258,-0.51440614,-0.095038965,1.3371464,0.8357126,-0.60900617,2.4603195,0.34909013,1.6913362,0.4143319,0.3406001,0.43050522
995,-0.005988633,-1.7167014,-0.42626083,-1.3486581,-0.056721404,-0.31608015,-1.2816919,1.1249105,-0.38156685,-1.168033,0.5185925,-1.6470151,0.06907994,-1.0791906,0.29912356,-1.5319328,-0.5383088,1.2077137,-0.18695708,0.70804054,0.56746805,-1.2637984,0.26635915,0.9352285,-1.8369623,0.10142863,2.0518918,0.45161143,0.4655177,0.67323095,-1.4123317,-0.2961081
996,0.70393336,-1.8406868,-1.1407565,-0.488195,-0.11644477,-1.7254657,0.3768361,0.30932474,-0.552435,-0.8017749,0.29594022,-0.3141998,0.78700817,0.15735221,-0.44790408,-0.81427306,0.6485417,0.17374566,-0.0470448,1.8591481,-1.0860441,0.050775666,-2.254721,0.6150567,1.2631117,0.54874337,-1.5010235,0.3313262,-0.30956998,-1.9015512,-0.50773305,-1.2287583
997,-0.9923246,0.3612796,0.8851704,-0.64193785,0.18250085,0.14216919,-1.272307,-0.25474292,0.03726809,1.1049838,0.10147704,0.9672426,2.283332,-1.4788247,0.5755867,-0.47793642,0.51531065,-0.9001202,0.22301017,-0.22874765,-0.6427411,1.2488563,-1.1452171,-1.8775195,0.41345128,-0.33259004,1.2859738,0.48721886,2.5890374,-0.352201,0.73171,0.2621938
998,-0.91603965,0.37083715,0.22640447,-0.47629845,0.094386205,-0.097689494,0.60587394,0.64297366,0.54839,1.6141361,-1.0815831,-0.7597337,0.475268,-0.5473426,-0.8742207,-1.5866328,0.22150858,-0.7766145,0.6453999,1.2812587,0.007964322,0.4168315,-2.288478,-0.7384472,2.2606585,1.1333219,-0.39691824,0.81773156,-0.16960219,-1.2958747,-0.13014291,1.8637637
999,0.25939932,-0.9294111,0.06823905,-0.82050574,-0.22025152,0.61435556,1.2085897,-0.10724862,-0.8257004,-0.27628988,0.8266437,1.8447732,2.0435765,-0.28923532,1.3530453,-0.7471014,0.41477728,0.56984633,-0.27922562,0.23257086,-0.11468137,0.20116399,-2.8112664,1.1366857,2.071133,-0.07916235,1.138607,0.33715248,1.2930126,-0.830698,0.5407436,-0.16054948
1000,-1.6624206,0.7423963,0.8340738,-0.9234261,0.0039717453,-0.12536196,0.20778303,0.2631435,0.86898184,2.2090552,0.56582016,-0.91787255,1.2631929,-0.30422705,-1.2970563,-0.48478037,-0.32554126,-1.2642541,-0.7720254,1.9145916,-0.061886042,-0.356226,-1.1674759,-0.05303562,1.4812517,0.31755415,0.27052408,1.540055,-0.28579247,-0.9484286,-0.50108665,1.7803496
1001,-0.76228297,-0.7472261,-0.5020863,0.15579453,-0.35559055,1.1746377,0.62954247,-0.69851273,0.47832325,-1.22109,0.69395566,-0.6805006,1.4348963,-1.5451373,-2.4419293,-0.85929847,-0.6775693,1.378057,0.07471183,0.8050509,-0.5754202,0.96605736,-1.665642,-2.3331287,0.74664086,-1.000819,-0.3740145,-0.45212048,-0.6850299,0.3130706,-0.49710107,-0.6635922
1002,-0.59422094,0.10188359,0.035194695,-0.5054331,0.1127749,-1.0062447,1.7827592,0.289946,-0.1391325,1.1870761,-0.65955347,-1.7906744,0.20902818,-0.8788114,-1.9964451,-1.2608913,0.65105176,0.6644028,-1.2235154,1.1202466,-0.3668697,-0.78416055,-2.0475843,1.4668934,1.4190401,0.82635105,-0.65749615,0.9426503,-0.15178275,-0.9670881,0.2622526,0.14703777
1003,-1.2366844,0.003855494,0.9586318,-0.9074453,1.3833385,0.016720364,0.55545056,-0.13433154,0.6786532,0.10558828,0.97800636,-1.459499,1.5218403,-0.26901022,-2.1552835,-0.41710746,-1.362252,-0.12910807,-0.7468597,1.7469003,-0.75693846,-0.426198,-0.7426829,-0.49393794,1.1114372,-0.5643551,-0.7707835,1.4765885,-1.1919266,-1.0534846,-0.6932198,0.77906805
1004,2.1009815,-0.9442991,-1.3000516,0.9475576,-0.52552354,0.86166394,-0.35670215,0.61494875,-1.7602264,0.56312245,-0.9060944,-1.6376749,-1.2999123,0.077289745,-0.644974,1.5442451,0.8935498,0.43016446,1.156076,-0.48404244,-0.9394121,-0.49461767,0.08290427,1.0446173,0.12394436,0.86137,0.6092376,0.4629552,0.6687067,-1.833843,0.43339777,-0.47554168
1005,2.118522,-0.8874603,-1.3074836,0.86563253,-0.53465706,0.84647185,-0.40714347,0.73220897,-1.7321572,0.6174575,-0.90272826,-1.6942376,-1.2340769,-0.064497806,-0.64378804,1.4784036,0.8885617,0.25781816,1.0343307,-0.4074074,-0.9406,-0.38523534,-0.15251999,1.0614011,0.09385977,0.974375,0.59284306,0.4224983,0.75332254,-1.9524921,0.35648397,-0.4553234
1006,2.119205,-0.9452406,-1.3002728,0.97534263,-0.47246543,0.8697698,-0.36553055,0.622642,-1.7257768,0.5325011,-0.8909454,-1.5965086,-1.3178964,0.030505534,-0.6220621,1.5581495,0.90681684,0.44099313,1.1522566,-0.51124847,-0.93204236,-0.49374372,0.09635841,1.0726532,0.12144972,0.84117573,0.65733975,0.46735454,0.6960772,-1.8247949,0.43044746,-0.48383194
1007,-0.21527712,-0.9399591,-1.4249765,-0.65035164,-1.6547229,-0.85410184,-0.40637174,-0.28354508,-1.1241963,-1.3503851,1.7243464,-0.8931746,0.0945236,0.33321333,-0.21638677,-0.11008317,1.0574139,-0.19578312,-1.0746982,2.2493076,-0.91667837,-2.039061,-0.31012464,0.061715912,0.28647646,-1.5060197,-0.19056238,0.019238563,-0.16935779,-0.71681815,1.1316423,-0.15529595
1008,0.10882299,0.06215116,-1.4408042,0.23708385,0.81728786,-0.27024183,-1.8005838,-0.46827614,1.0866137,-0.33474684,1.5567523,1.1110475,-0.29280582,-0.13904119,0.18640976,-1.1500323,0.85458153,-0.3818072,0.089170046,0.07974591,0.85027003,0.5787589,1.0110528,0.7728895,-0.66316015,-0.32612056,-2.5982761,-0.08783905,-1.2811517,-1.0193989,1.4443889,-1.7745568
1009,0.0912677,0.07938433,-1.4488245,0.25577727,0.83963543,-0.25603032,-1.800927,-0.5020576,1.0850954,-0.3333205,1.5318242,1.0846058,-0.2994539,-0.13844888,0.16518927,-1.125894,0.87664324,-0.34760627,0.11276416,0.100002415,0.8043113,0.59728056,1.0361693,0.75310975,-0.6290402,-0.34076193,-2.6088219,-0.061792873,-1.2814914,-1.0526904,1.4164504,-1.8008119
1010,0.14155066,0.8230193,-1.5015372,-0.3165922,-0.6968056,-0.45675164,0.86727464,0.23612565,1.2366714,0.8375376,0.72521406,0.76757246,-0.6642836,1.0888679,0.540392,-2.2421308,-0.37534934,0.5659271,-0.9702748,1.7613157,-0.45615178,-1.7479453,-0.17564338,1.4230484,-0.42141706,0.44299477,-0.6015405,-0.2733034,-0.8107293,-1.0682194,0.49857664,1.5817214
1011,0.04007408,-0.95522475,-2.1622093,1.0655342,0.16285688,-0.5178414,-1.5449127,-0.2535761,1.2186824,-0.71642095,1.1105605,0.21013844,-0.73486453,0.12192534,-0.5582787,-0.8973125,1.0651584,0.49346837,-0.3129,0.5130112,-0.72583616,0.40314925,1.3372282,1.1356548,-0.7095087,-0.8504543,-1.8578653,0.5651876,-1.2360044,-0.93674064,1.1758702,-1.8892367
1012,0.085191146,-0.9658555,-2.1883094,1.0478079,0.120095134,-0.553561,-1.530428,-0.23486812,1.1879119,-0.6993109,1.1383666,0.25154564,-0.76133686,0.1341481,-0.5248194,-0.90932286,1.0454181,0.4406898,-0.32247767,0.47392133,-0.6588068,0.37273908,1.2973686,1.1607999,-0.7653259,-0.8117594,-1.8942953,0.5231108,-1.2741697,-0.91702914,1.210673,-1.8673573
1013,0.05491427,-1.3732133,-0.47661164,-0.1521366,-0.3429265,-1.6978881,1.0543903,0.8893424,-0.29671812,-0.2980012,-0.08322011,-0.24022001,-0.60778195,-0.60218334,-0.01449337,-1.274158,0.123458974,1.5871856,-0.9931617,0.9571858,-1.0732322,-0.6654115,-2.0641255,1.3353165,2.1001904,0.5810272,-0.30069515,-0.6896139,-1.681978,-0.9550205,0.593894,-0.7740072
1014,0.5618806,-2.390624,-2.0929735,0.047507122,1.332213,-0.5951801,1.4134692,-1.1403966,0.11652265,-0.72915745,-0.07297792,0.74874824,0.6434518,-0.29754853,-0.8290681,0.8761643,0.1200488,0.1428213,1.1192443,-1.3790529,0.4683591,-0.2265558,-0.8762989,0.85999113,0.2103038,-0.21676497,-2.2478757,1.1687286,0.13646348,1.0901729,-0.14138183,-0.66035503
1015,-0.42135742,-0.38468072,-0.3154582,-0.42700237,0.09934036,-1.0566404,1.8919258,0.26747143,0.03735804,1.6820501,0.17125429,-1.4391463,0.79706335,-1.103592,-1.5493456,-0.7021046,0.6872614,0.515011,-1.5443246,1.4312851,-1.2635347,-1.2526927,-1.9740607,1.2448673,0.5647624,0.3070552,-1.023053,1.0176845,0.14149086,-0.6021407,-0.5639417,-0.7224307
1016,0.453607,-1.7188884,-1.5509598,1.1617357,-1.1932526,-0.29554006,-0.32140696,-0.21863979,-0.67045707,0.15054311,0.14612855,-1.4890513,-0.11631114,0.90920323,-1.2587229,0.5798435,0.46596417,1.4664607,0.684629,1.309928,-1.6693225,-0.53566474,1.2463902,1.310174,0.5455536,-0.32652697,0.18470131,1.2248282,-0.29199842,-1.5039452,0.34731668,-1.8810513
1017,0.11947614,0.1613609,-1.3621756,0.22157893,-0.29469565,-0.87393034,-1.0545421,-0.6867695,-0.33127522,0.5634203,2.3239207,0.17877424,0.23291856,0.72727746,-0.8403278,-0.10219095,0.019029802,0.318744,-1.1507993,1.4314474,-1.0914042,-1.0292931,0.24410759,1.8065832,-0.5452282,-0.20621571,-0.9987865,-0.15755191,-1.1026164,-1.8595055,0.5361362,-2.0528142
1018,0.012205223,-0.9967355,-1.514987,0.23127282,-0.30377522,-1.0980954,-0.78409106,-0.49796852,-0.3429833,-0.15489751,1.0565072,-0.21611407,-0.07202087,0.6942523,-1.7422209,-0.31871992,0.084915526,0.42380115,-0.48185918,1.2325448,-1.3353401,-2.1911643,0.16517772,2.2300813,-0.47299683,-0.56249,-1.075997,0.1373472,-0.95633477,-1.2341032,0.3109857,-1.9577447
1019,-0.41895914,-1.441858,-1.0793047,-0.39458093,0.29207426,-0.71782166,0.2161223,-0.6082921,0.5706079,-0.2935168,0.74002635,-0.37305883,-0.065684244,0.944937,-2.0823288,-0.42067996,-0.2708662,0.35052326,0.24474855,1.1026257,-1.3694798,-2.629111,-0.6827452,1.6984763,0.11643133,-0.25640196,-1.6541728,0.6574521,-0.85620195,-0.8107175,-0.3129549,-1.5468553
1020,-1.6210818,-0.3856887,-0.62744766,-0.12374304,0.46126586,-0.70984346,-0.2929889,-0.2699783,0.9212682,0.18690975,0.33804277,-0.11071506,-0.05355885,-0.8247035,-2.4374487,-0.93590283,-0.7870648,1.4993764,-0.83516043,1.6826465,-2.188156,-1.6369302,-0.026461469,0.36899957,-0.08026711,-0.23594487,-1.0791624,0.6622092,-1.1932273,-1.0692668,-0.50096565,-0.5515961
1021,-0.9097012,-1.779413,0.29217178,-0.8849885,-0.752032,0.8143025,1.6666939,-0.29760262,-0.79518336,0.85076463,0.10756169,1.6006259,1.2620698,-0.3372431,-0.3986995,-0.48954377,0.3483739,-0.07310455,0.30147424,0.045931853,1.6616416,-0.06761566,-0.25221846,2.4213924,-2.0163584,-1.3449477,0.58743006,0.0077459253,1.3234656,0.42016137,0.30340174,-0.8736989
1022,-1.0844969,0.36324945,-0.41816932,-0.48345342,-1.2563136,0.7522248,1.6430315,0.098960616,-0.51335853,1.1971432,0.17172265,1.1658473,0.14291875,-0.96876997,2.0680375,-0.37383726,0.60208863,0.8619641,-1.2473291,-1.2954108,0.82175094,0.78144526,-0.29040563,1.828638,0.4354478,-0.6078346,0.368483,2.0835328,-0.10906236,1.1989603,-0.16399375,1.3364999
1023,0.18988174,-1.3783208,-0.15826474,-0.5113568,-0.38449267,1.3772144,1.0539589,-1.3248407,-0.48781484,0.7960985,0.86550677,0.40268785,2.363737,-1.194139,-1.6083779,-0.567465,0.2831122,1.3553079,0.7559148,0.10016884,0.068573564,0.7391316,-0.86903,-1.2365375,-0.7513798,-0.3077095,0.74062115,-1.040734,1.9696034,1.0128722,0.5864149,-0.5907054
1024,0.16802454,-1.4581383,-0.32599258,-0.49643487,-0.48921683,1.329347,1.1047815,-1.4300019,-0.543192,0.9426,0.8866768,0.22629659,2.3979793,-1.0007241,-1.6444968,-0.5339204,0.27079776,1.3409891,0.86883825,0.2575778,-0.042602487,0.7346901,-0.6252416,-1.2495787,-0.7392754,-0.24577016,0.6404853,-0.919464,1.903741,1.0522299,0.63493043,-0.65348965
1025,-0.87865674,0.51450527,-1.8666639,0.8893891,-1.0882107,-1.0265212,-0.20144567,-0.11994648,-1.1816429,-0.43554154,0.9351312,-1.1728401,0.29751614,-0.78269327,-1.0826997,1.0353931,0.56287605,1.8340393,-2.058848,1.0796798,-0.41015378,0.2030238,0.3301606,1.1237178,0.76289105,-0.27938813,-1.2380025,1.0841317,-0.33709523,0.31042245,0.23259763,-2.122416
1026,-0.8759616,2.3743186,-1.131056,0.3574306,-0.3742588,-0.7405867,0.6773669,-0.28964934,-0.4212085,0.50764954,0.63907176,-0.6467066,-0.0052199257,-1.7125305,1.1820035,1.1229002,0.8659726,1.0127863,-1.084187,-1.170131,-2.2206001,1.5786906,0.85759145,0.940004,0.3446683,-0.4394247,0.26444188,1.6387161,-0.10423046,0.59791607,0.26623625,0.34758377
1027,-0.53683776,1.2956684,-1.7815052,-0.514622,-0.018651722,0.68602264,-0.519161,-0.8106599,0.4708156,0.41493973,-0.4725945,0.043397173,0.28079852,-1.5492071,1.1916101,0.9982397,-0.06979907,2.5427139,-1.1844304,-1.7047242,-0.9233718,0.68294376,2.0420554,0.21724086,0.32546034,-0.4251296,-0.07173321,1.6434145,-0.12447748,-0.20123897,0.2274563,-1.2966545
1028,-1.6243327,0.5456391,-0.20656681,-1.535906,-0.36279988,0.5194558,1.9073284,-0.44952935,-0.19322373,0.6768789,-0.6364563,0.24891084,0.13736837,-0.84723556,0.9774762,-1.026402,0.9568657,1.7750067,0.70042664,-1.5561472,0.40374142,0.4675154,-1.4894737,1.2102001,-0.8962223,-0.62843156,0.68478394,1.5643466,-0.6538427,1.0074309,-1.1521986,0.91606474
1029,0.8100165,1.3890877,1.0726962,-0.8185099,0.33911225,0.8603704,0.025063822,0.635712,-0.14391088,1.7805834,-0.6055149,-0.28614858,0.4253853,-2.017975,-1.7415715,-1.9536506,-0.16969208,-0.0125234965,-0.030385818,-0.06981144,0.8659931,-0.24452335,-1.2847869,0.08934242,1.1115943,0.6209852,0.5718214,-0.60395974,-0.46592963,-1.8223884,-0.56737465,1.399473
1030,-1.2001057,1.0299475,0.75415933,-0.92468566,0.9073959,0.24542807,-0.21876936,-0.13971148,1.6065668,1.3129383,-0.043980297,-0.807326,0.19379342,-1.0183897,-1.3323381,-1.1270748,-1.2105048,-0.3951842,0.72828627,0.48256907,-0.98500824,-0.027264422,-1.139457,-0.8940552,1.5590316,-0.12501054,0.24565797,0.8097116,-0.8807995,-2.3109965,-0.27144784,1.4011025
1031,-0.50451314,-0.7405332,-0.9913127,-0.24059428,-0.47519737,-1.2438124,-0.681676,1.3062016,-1.1124564,-0.32100043,-0.83349997,-1.389122,-0.21615188,-1.2279149,-2.5544848,-0.30138892,3.5417237e-05,0.20549819,0.16331181,1.5466536,0.2776501,-1.5510361,-2.086688,0.5718649,-0.32206726,0.6173052,-0.59835166,-0.3179131,-0.23132169,-1.544281,-0.8421689,-0.3138256
1032,-0.5971601,-1.0961848,-0.26945865,0.9061468,-0.18304157,-0.64212674,0.099997796,0.30525324,-0.16606735,-1.5593323,0.8350616,-0.7250729,-0.20440419,-1.5801525,-3.0313308,0.6898881,-0.025569374,1.1567525,-1.0497727,1.0348184,-0.56325245,-1.2999948,-0.18016136,-0.08901071,-0.5248978,-0.6146695,-1.186485,-1.065787,-1.5589018,-0.69945925,0.6324266,-0.730551
1033,-1.4084319,0.18709631,1.3647475,0.76461834,0.4724204,-0.059043832,0.82093805,-0.26769978,0.45118874,0.46571496,0.4022542,-1.0533316,-0.06119489,-1.3366381,-2.9983127,-1.421233,0.1393584,0.45747396,-0.26436916,0.26874608,-0.28173044,-1.5694728,-0.5728192,0.9283836,0.17019457,-0.9399883,1.1143267,-0.45860502,-1.306572,-0.55219126,0.79893494,1.6291916
1034,0.13206886,1.5698025,1.1434999,-0.17243952,0.085562,0.62584996,0.91998184,-0.32212368,-0.010554138,1.5448409,-0.7329411,-0.61514413,-0.4072104,-1.753427,-2.304942,-2.0440059,0.060292438,0.81742203,-0.24395452,-0.32708696,0.039972816,-0.3715031,-0.7163213,-0.15198885,1.2139769,-0.07879092,0.47958902,-0.61636955,-1.3612155,-1.3316019,-0.36704287,1.511794
1035,-0.7076691,0.50854313,0.5035675,-0.34683242,0.8788271,2.036476,0.1676764,-0.8180062,0.1287204,0.45913714,0.8257614,0.25644726,1.5084798,-1.647192,-2.2914848,-0.6263148,0.6016534,2.7974172,0.42925444,0.4984497,-0.5514205,0.61152697,-0.5298857,0.26833257,0.19115748,-0.57855433,1.2608991,-1.2449687,1.1973122,-0.02726706,0.089726225,-0.28037667
1036,-0.15040316,-0.67222327,-1.2165693,0.49002138,-1.7085688,-0.6420005,0.81826085,0.080022536,-1.031126,-0.46383968,0.6128165,-1.296315,-0.9797938,0.0049289265,0.12318698,0.0705404,1.778326,0.8726725,-0.19499625,2.2160256,-1.3949634,-0.4218622,-0.1992994,0.9045148,-0.5994118,-0.37329662,-0.70965445,0.698496,-1.2481347,-0.9932349,0.0033402354,-2.2849402
1037,-1.1001554,0.4940712,-0.17576075,0.5636142,0.6631962,-0.2471853,-0.41172028,-1.4741671,1.332722,-0.24148138,1.7064329,-0.6525509,-0.72549987,-1.1801943,-1.4424978,0.30945438,0.15021698,0.72868216,-0.39383483,0.15327917,-1.4824216,0.5208581,1.2016506,-1.2746698,-0.13551798,-2.2309256,-0.5270936,-0.6004174,-1.6493063,-0.919382,1.1675177,-0.9457634
1038,-1.349746,-0.8469812,-1.2128171,-1.2781993,0.8952539,1.4066796,0.14801611,-0.7224144,1.1171343,0.20240095,-0.16740529,-0.5744199,-0.08147554,-0.5910093,0.08781854,0.7634654,0.21078782,0.33691418,1.5802418,-2.2218628,0.16266148,-0.0012435433,-1.0727639,-0.1147472,-1.6651301,-1.0695287,0.31006688,2.308499,0.17823341,-0.31663767,0.22961865,-0.93778527
1039,-0.9198698,2.245547,-0.4006709,-0.6366948,0.17689958,0.29790774,-0.19660118,-0.42169723,0.906832,0.37961382,0.04204527,-0.24616164,-0.6472147,-1.0937713,1.1336104,-0.18015642,-0.6502621,-0.68150806,-0.14373994,-1.8032292,-1.6304849,2.0397334,1.813125,-1.6747376,-0.032665312,-0.7561549,0.3146133,1.3132049,0.45851067,0.113744885,1.5801288,0.14467105
1040,-0.2568448,2.450812,-0.11964492,-0.2428021,0.091908716,0.34170866,-0.5890396,0.11931439,0.5631143,0.49447793,-0.67735064,-0.23461586,-0.4872791,-2.0574572,1.8389225,-0.45000082,-1.6397927,0.55500454,-0.27733535,-0.736971,-1.1983335,0.86604,2.7475317,-0.9635231,1.3788278,-0.6457273,-0.19351844,0.28079998,-0.05086663,0.27923238,-0.34504482,1.0980908
1041,0.34923688,1.3969926,0.7971938,0.03552731,0.19769976,-0.19386595,0.038088303,0.39860862,-0.5417742,-0.4123037,-1.1741303,-0.50663424,0.050351363,-2.066689,1.2002776,0.41972125,-0.75538415,1.2212988,0.30396774,-0.751381,-1.4316916,0.4228967,2.9402235,0.14317565,2.0668774,-0.88492125,-0.12396613,0.4492483,-0.038360856,0.5666439,-1.2240793,1.2945703
1042,1.269138,0.87534493,0.45849696,0.32280132,1.1152635,1.6895552,-1.5389234,2.2806144,-1.6157683,-0.21659003,-0.92947,0.10606564,-0.6540196,0.2746242,-0.91477674,0.074067935,0.43948507,0.5649601,0.50822467,0.018509606,0.043248072,-0.46518588,-1.9431722,-0.26386347,-1.0462021,0.72229344,-0.46091154,-1.0911657,-0.63734627,-1.7592044,0.8771932,0.0928742
1043,1.2662771,0.8732787,0.4606746,0.3245361,1.113533,1.6889036,-1.5352762,2.275484,-1.6183876,-0.21192028,-0.9267664,0.10879023,-0.6480242,0.26380733,-0.9280537,0.07444593,0.44965792,0.57498074,0.5072719,0.021714587,0.04489198,-0.46360487,-1.9439989,-0.2531132,-1.0515807,0.7180685,-0.44425687,-1.1103524,-0.62383115,-1.7553347,0.89308774,0.09176845
1044,-1.0089056,-0.8083578,0.16582485,-0.48723406,0.5708298,-0.34783608,-0.23944503,0.84195936,-0.27987224,-1.2596071,0.7726234,-1.4335943,1.3361163,0.16130158,-2.8026006,0.2819291,-0.9893647,-0.19239047,-1.7997504,1.7294127,-1.4717959,-0.3481649,-1.9472973,-0.23943554,-0.43303972,-0.014185213,-0.5994652,0.71143544,-0.1960398,-1.0036547,0.017901529,0.45067665
1045,-1.4804758,0.021142907,-0.33655596,0.74270934,-0.94258654,0.08966966,0.547939,-0.07110022,-0.7686918,-0.2767649,0.71365494,-0.82930505,0.7346684,0.8427571,-2.6697862,0.29055792,-0.38567695,0.8147925,-2.368745,1.4279584,-1.1621172,0.71907467,-1.320075,0.16430353,-1.2109934,-0.55804497,-1.008155,1.0352907,-0.28280818,-0.6319818,1.0138098,-0.5867444
1046,-2.170575,0.6615951,-0.32430273,1.0323964,0.32750678,1.0807216,-0.96570677,0.17446853,0.679443,0.4740842,2.1464176,0.22290072,1.3265069,-1.0497787,-2.0002952,-0.40132952,0.017785186,0.8151471,-0.78995025,1.7577418,0.689574,0.79389477,-0.07990005,0.020557633,-1.2038049,-1.25048,0.34044644,-0.84358746,-0.2946027,-0.22094654,0.8557572,-0.42281905
1047,-0.7155125,0.2827515,0.3830145,-0.32874036,0.7579541,2.0073075,0.56470525,-0.9572201,0.33714774,0.5559879,0.7931698,0.3295288,1.5717243,-1.7119651,-2.0677054,-0.49267069,0.47169295,2.7825568,0.636433,0.44474906,-0.5978933,0.6754136,-0.258945,0.15684515,0.26822564,-0.7257199,1.399771,-1.0395408,1.3462923,0.25697035,0.06579984,-0.246097
1048,-0.53485554,2.079518,-1.5915548,-0.13867702,0.667683,0.18441035,0.10482801,-0.56678987,0.29372934,0.31438977,0.0065288544,-0.22021002,-1.198445,-0.97744995,1.0113144,0.4493469,-1.6124595,0.30384406,-0.25705987,-0.7460807,-2.3789885,1.1893872,2.823471,-1.7095617,0.5300562,-0.13602631,-0.46322256,0.85837406,0.28536242,0.17982683,0.38601875,0.7162766
1049,0.48814458,0.4407502,0.13011563,0.7724942,1.0197424,-0.612218,-1.0244277,-0.010644399,0.5865036,0.24693578,-1.7237144,0.7102646,-0.6409607,-1.0472423,0.78875566,-2.7787888,-0.6994716,0.73533183,0.02117923,-0.7539272,-1.3286016,0.49435622,-0.8094969,1.4499379,0.76194036,0.037617367,1.176924,0.8029354,-0.9202707,-0.6194267,-1.4450803,1.1326389
1050,0.72998685,-1.5374702,-0.3704455,-1.2639515,2.0795696,0.42034203,1.6949627,-1.1929306,0.0988346,-0.531181,1.2138227,1.0574406,0.65772045,0.7600848,-0.2959509,0.6922865,-0.5382353,-0.0695554,1.6900191,-1.922636,0.23587085,0.31712228,-1.2419906,1.0361363,-0.25201052,-0.044598527,-0.75773203,0.25849268,0.5614344,1.5281593,-0.14762674,0.50058025
1051,0.12588526,-1.6734684,-0.7686619,-1.4223272,2.14197,-0.16485475,1.7689731,-1.4490001,0.49988055,-0.5239033,0.98143417,1.100859,0.6386551,0.30874738,0.28640813,0.5141604,-0.43611237,-0.2773952,1.2811024,-1.7408038,0.58203286,0.12605424,-1.0451143,1.0641432,-0.36447445,-0.057030633,-1.4164674,0.86603844,0.3429286,1.4135371,-0.34930736,0.073580235
1052,0.04514473,-1.5606167,-0.852116,-1.5224204,2.0240216,0.15475203,2.0750113,-1.2581432,0.19715177,-0.36111674,0.9217252,0.9501022,0.39944845,0.22458443,0.15665045,0.6948326,-0.22819337,-0.18517548,1.4689567,-1.3814982,0.9060934,0.39679688,-1.5613513,1.095434,-0.030946873,0.27882472,-1.621475,0.9038408,0.38384047,1.1326314,-0.42244804,0.061999284
1053,0.4581135,-2.4162076,-2.4097176,0.27486992,1.0774723,-0.24890491,0.3955592,-0.90826577,-0.22455144,-1.411152,-0.41728503,0.059841916,0.67843205,-0.08142537,-1.7964302,1.2170748,0.3176328,0.09440281,1.2653642,-0.50451154,-0.30300412,-0.33788833,-0.49257162,0.46685746,-0.40145758,-0.40855524,-2.0860472,1.2249376,0.63019603,0.5505299,-0.57144076,-1.2880384
1054,0.5317762,1.2100987,0.732677,-0.25362906,-0.29040703,1.857473,-1.0387998,2.380874,-1.0796262,-0.23313981,-0.7223752,0.6744812,0.8421883,0.06656797,-1.5006782,-0.60784245,-0.4806029,2.05659,0.9322184,-0.20273328,0.36308864,-0.9435474,1.5486158,-1.1666552,-1.801871,0.3326063,0.29814738,-0.051142406,0.49385893,0.34510672,0.27420545,-0.98243123
1055,0.5321729,0.7241779,0.035256036,0.33428663,1.4109981,2.7193801,0.9495393,1.463793,-0.90134215,-1.0242884,0.06522169,0.025085535,-0.24928361,-1.007267,-0.7630503,-1.0855306,-0.24885787,0.7357167,-0.07212917,-0.095276706,0.34112364,-0.9944073,1.0641044,0.0835835,-0.7540713,0.604759,1.8805146,-0.3095993,1.3043319,1.5502076,0.969703,-0.89298147
1056,0.09195793,0.70231557,-0.074120425,0.7584094,0.92975986,2.4443407,1.1328806,1.6460927,-1.4430246,-0.92042273,0.177159,-0.615084,-0.3821395,-0.47332996,-1.5513043,-0.81873685,-0.047620386,0.8367505,-0.44588843,0.20574495,0.45604286,-1.3253497,-0.056050893,0.8838191,-0.934692,0.5827451,1.6108917,-0.47489366,1.0520822,1.314491,1.1704103,-0.9591711
1057,0.053300623,0.7075054,0.43809533,0.31382063,0.91964537,2.192623,0.6450486,0.82763875,-1.3334657,-0.89037514,-0.29031473,-0.2899669,-0.26072487,-0.6099119,-1.2665533,-1.2277472,0.10929065,1.343876,-0.4534623,-0.78716284,-0.28927594,-1.5259436,-0.46779704,0.31831402,-1.2910818,0.41046548,1.7040052,-0.36055797,1.4349046,1.1710601,1.1159883,-1.6034673
1058,-0.034093376,0.90428895,0.5048619,0.21498126,0.9187981,2.130855,0.3582211,0.7338314,-1.1265899,-0.67728424,-0.25381982,-0.10254619,-0.14728495,-0.86445045,-1.1450075,-1.4139503,0.3305352,1.5335373,-0.5617237,-0.96252215,-0.5213727,-1.4995545,-0.6407334,0.17631336,-1.3066032,0.33924773,1.6721512,-0.32083687,1.3867642,1.1502988,1.1573788,-1.5120958
1059,-0.39126262,1.4521254,0.9025076,0.17386685,0.9081298,1.8780987,0.07156932,0.27839842,-0.9403731,-0.29985917,-0.40131545,0.16160734,0.14432234,-1.189585,-0.9863752,-1.1074438,1.164816,1.6512421,-0.7145999,-1.7619671,-1.0282596,-1.1051868,-0.9306905,0.18531667,-1.2005002,-0.09668673,1.3475225,-0.11708854,1.2396183,0.62951154,1.4519202,-1.038978
1060,-0.63498676,1.4569212,1.1741517,0.052302305,1.0813124,1.6892701,0.02020026,0.16658594,-0.63415056,-0.12555085,-0.5513473,0.39459163,0.51158494,-1.3953676,-0.7561201,-1.0460905,1.5698586,1.7784377,-0.8999664,-1.8612301,-1.0585666,-0.83928204,-0.8125717,0.33165285,-1.0708294,-0.26864755,1.2073402,0.20961201,0.92025137,0.56954265,1.5008956,-0.7383218
1061,-0.655521,1.5501515,1.4156381,0.17699714,1.4010359,1.1475255,-0.10372848,0.286017,-0.38022542,0.15753548,-0.6129296,0.6991825,0.4456773,-1.7499577,-0.30629256,-0.58614635,1.6410899,1.7415056,-1.0245254,-2.1853104,-1.232163,-0.4800076,-1.0361183,0.90059114,-0.5803185,0.047192268,1.0667042,0.20479602,0.568177,0.33598903,1.3464719,0.19260055
1062,2.2063646,0.14841454,-1.8737131,0.6287133,0.27404144,-0.6070885,0.20070541,1.3407748,-0.38514444,0.77383906,0.8166271,-0.67775077,2.08736,-0.2603629,-0.5282603,0.30450925,0.39142957,0.42314672,-0.3662254,0.15689918,1.4053059,0.47719666,-0.39320266,1.6323025,1.8283634,0.8375969,0.15308788,-0.4046856,0.99464726,-0.9975423,0.1292678,-1.8816696
1063,-0.39461404,0.5469278,-0.0150011,-0.92387503,-2.8901906,-1.0081083,0.30855605,0.20125946,1.2070554,0.56892014,0.44578987,-0.32385164,0.48838958,0.97828925,0.24245939,-1.4878244,0.45805222,-1.2269299,0.3686108,-0.59940267,0.97055274,-1.4508518,0.5958819,1.1426638,0.30784032,-1.5316323,-0.3263184,-0.5347681,0.926989,1.3360074,0.42951575,1.6415421
1064,0.25050795,0.24198997,0.3962133,1.7124346,-0.99128395,-1.0534948,-1.2766778,-1.434935,-0.84130526,0.4255307,-0.8330579,1.3815128,-0.82034135,0.6268781,0.06494751,-0.6325523,-0.84453726,-1.6645236,0.49598485,-0.1329196,0.77202207,-1.3737139,-0.83037347,0.26270434,-1.3315748,1.9877,0.14443725,-0.64329654,-1.5722245,1.2141874,0.5786196,0.4185585
1065,0.17010266,0.16603927,0.54678106,0.37363526,-1.2603278,-1.8164926,-0.34648636,-1.1518581,-0.49581903,1.0207337,0.28761786,1.2774595,-0.7654153,-0.15229653,0.39015177,-0.067441516,-0.20317963,-1.8326334,0.8390813,-0.08228824,-0.21185741,-1.8884188,-0.29891437,0.42552605,-1.277911,2.3602302,1.7984295,0.05987528,-0.60242504,1.3937073,0.57834923,0.5736987
1066,0.66175264,0.28208765,1.3155241,-0.5113055,-1.036812,-2.2233086,-0.17776763,-0.3294839,0.7927478,-0.11980314,0.45389134,0.07647019,0.24285434,0.43160772,-0.41955438,-0.21683423,0.5303117,-1.9843203,1.8810501,-0.7245547,-0.20048656,-2.1497228,1.1518736,0.9762023,-1.0153272,0.8371751,0.1319138,-0.29244077,-1.0586756,1.297452,1.109994,1.1741436
1067,0.15463284,0.14795558,1.269079,-0.89402765,-2.1797726,-1.5235655,-0.33272502,0.47924256,1.8277814,0.256618,-0.06707717,-0.5857091,0.6177986,0.8864204,-0.8165914,-0.5969244,0.51503867,-2.0275526,1.5567765,-0.48182052,0.28247586,-2.204875,0.52555114,0.5539836,-0.20017369,0.18155488,-0.08292246,-0.16803083,0.6398166,1.2464993,0.77924424,1.0257777
1068,0.18614952,0.06607177,1.2750112,-0.7915491,-2.0732534,-1.3260657,-0.52210164,0.5984512,1.9238824,0.23100016,-0.13783076,-0.52777696,0.47098997,0.74560267,-0.5375114,-0.4783584,0.48541686,-1.9706157,1.7883432,-0.537241,0.45779723,-1.9724209,0.8665864,0.45758143,-0.026074609,0.3656018,-0.050768565,-0.42865402,0.6528626,1.4602689,0.90679026,1.1506945
1069,-0.08900629,-0.24172598,1.68887,-1.4887575,-1.7143009,-1.495229,0.39244843,-0.30393794,1.5720598,0.21813971,-0.18919766,-0.6745599,0.69531095,0.36537057,-0.15151633,-0.22924839,0.012306908,-1.8216386,1.421627,-0.7143564,0.9856981,-1.2101183,1.4352015,0.8453309,0.7842582,0.60831875,-0.2840994,0.17782205,-0.017316597,1.6538473,1.0506529,1.6217372
1070,0.6553838,0.21465343,1.470428,-0.42436054,-1.636091,-1.5538255,-0.18470672,0.19689164,1.5485482,-0.2363375,0.07358728,-0.031714834,0.19257215,0.5925077,-0.50004303,-0.2735999,0.6650681,-2.1198936,1.703923,-0.76105046,0.2836675,-2.3972056,0.7755587,0.3991116,-0.5433915,0.72403383,-0.3023217,-0.091245085,-0.3565771,1.6155039,1.2271445,0.80380195
1071,0.4324285,-0.19312999,1.4082525,-1.4604597,-1.6140275,-1.5222963,-0.31558985,-0.11577134,1.2036602,0.013139479,0.15627033,-0.39893568,0.12841183,0.66133547,-0.21164499,-0.4308228,0.0015011962,-2.412244,1.3795669,-0.7626598,0.7505757,-2.2946706,0.9563535,0.7950893,0.054003887,0.9513072,-0.22980845,-0.24422368,-0.13556565,1.4019353,1.2282571,0.9015332
1072,0.50309104,-0.1348763,1.5079579,-1.2288587,-1.8689967,-1.4675676,-0.22424304,0.14283343,1.1474628,0.043634243,0.11669559,0.0070138387,0.4988608,0.5654969,-0.27802333,-0.3586821,0.58362424,-2.349865,1.4545821,-0.6167214,0.59218645,-2.3428903,0.9747641,1.0022784,-0.39400747,0.73463535,-0.3531603,-0.13951929,0.32588294,1.4488765,0.8969422,0.8956188
1073,0.077322595,2.2462862,-0.03501305,-0.5842744,-0.8876527,-0.393096,0.34121615,-0.25212163,-0.25533903,-0.8623138,0.012748585,-0.3870334,0.4914125,-0.7464279,1.9860488,1.0486442,0.9572856,0.21941678,1.3556643,-1.057661,-2.1740034,0.1089974,2.345088,-0.94339347,1.1009032,0.9396264,-1.2374873,0.85111874,-0.07319199,-0.1562227,0.90496063,0.6677745
1074,-1.5241686,1.505812,-1.234099,-0.769475,-1.0980667,0.94624555,-0.84052444,-0.07628214,-0.2735275,-0.4127229,-0.548442,1.0535538,0.9881368,-0.68783396,1.7750177,0.15318958,0.022598488,0.779007,0.827126,-0.12235566,-1.48104,-0.36705664,2.0224206,-1.2985368,1.1408768,0.36681342,-1.841695,1.3291106,0.87639624,-0.79692197,0.23935588,-0.48984325
1075,-1.6798373,0.42185932,-1.2527815,-1.5054021,-0.42188057,1.2182933,-0.85618466,-0.13075724,0.30105868,0.71830815,-0.29581255,0.45187202,1.325387,-0.021336665,0.70764685,0.5591937,-0.9329546,0.51805216,1.3287079,-0.6966373,-1.5541426,0.064359926,1.3038834,-1.7263978,-0.07033735,-0.24096167,-1.1803141,1.8754492,1.4562397,-0.6057251,1.5301603,0.1458631
1076,-0.067823134,0.67699665,0.36923462,0.7193076,1.3163614,0.54529876,0.19720893,-1.2741026,0.8487511,-0.24364822,-2.0785663,0.37681967,0.55163276,0.16531293,1.4125412,-1.3800802,-0.93723875,-0.009193025,0.08525476,-0.8612048,0.37513268,1.5442346,-1.2446737,1.8735855,-0.47078058,0.27036858,0.12025768,1.2782067,-1.5342793,-1.2986244,-1.4020593,-0.22648199
1077,-0.3055557,0.11044109,0.6576111,0.42362925,0.5938001,-0.7209421,-0.3242489,-0.118192255,0.52797985,-0.23670487,-0.9389438,0.37635604,0.7356902,0.42362764,1.4305259,-2.0129404,-1.4932346,-0.45495525,1.8832554,-0.4880843,-0.79684234,0.84671074,-0.063034885,1.6513773,-1.4781008,0.55037016,1.1429944,0.72777534,-1.4882003,-0.8883574,-1.8299282,0.7915869
1078,-0.512723,1.2700819,0.5710969,0.35835052,0.50682324,-0.047449846,0.085413426,-0.023442376,0.74303365,-0.70792204,-0.8795486,-0.17495583,1.2775297,0.20833865,1.4677318,-0.38494244,-0.89057815,-0.7947988,2.5997467,0.2534982,-0.53664315,1.0770284,0.65797746,0.8759744,-1.2706485,0.37767345,0.8737599,1.1015409,-1.5327762,-0.771443,-1.829382,1.8793449
1079,-0.75781655,1.4382805,-0.9730029,-1.1910487,0.5289201,0.95054084,-0.23098728,0.10837383,-0.20185183,-1.3749576,-0.52566344,0.7156378,-1.0271617,0.62109584,1.8346426,0.488816,-2.1241713,-0.9196186,0.33703008,-1.9216237,-1.3121189,0.26112664,1.8727473,-1.1124905,-0.3182999,0.7435643,-0.12568656,1.6578479,0.06298864,0.24292906,-0.028153613,0.4037321
1080,-0.32173142,1.3524351,-0.029569784,-1.5284569,-0.42223784,0.47934246,-1.0780481,-0.13409495,0.98841554,-1.0525081,-0.07842711,-0.16046748,-0.07164636,0.14505638,1.8977047,-0.03428751,-0.8371333,-0.93201107,0.9381797,-2.031111,-1.2823417,1.1308085,2.2476516,-1.6251186,0.3401048,0.3943843,-0.18022795,1.3392853,-0.48261937,-0.17825173,1.2791468,0.46471474
1081,0.3573972,0.7297678,1.4735034,-0.4728412,0.02726467,-0.35041243,-0.16407968,0.18725371,0.7305373,-1.9189547,-0.3572338,0.046996467,0.7207104,-0.7681774,1.7051364,1.2157767,0.77654743,0.53544956,1.1667305,-1.5279416,-1.9234217,1.3061882,1.8713286,-0.42722526,1.6712706,0.9640866,-0.94159585,0.79620093,-0.40066448,0.109010726,0.41886622,0.62127006
1082,-0.61714196,1.748982,0.17183523,0.36180258,-0.5100009,-0.45483196,-0.984122,1.2104851,0.7073653,-0.6862151,-0.5319653,-0.5706688,0.31421387,0.43525854,1.2662524,-0.99414736,-1.0014191,-2.4156277,1.1617115,-0.9311759,-1.3064169,0.28526884,1.6340654,0.4895342,-0.39158693,-0.16756006,0.1284343,1.3440877,-1.685914,-0.3150595,-0.2027805,1.9283117
1083,-0.56158024,1.5954053,-0.053918768,0.028015561,0.05388699,-0.36499274,-0.72781885,1.1398066,0.13854297,-1.0214173,-0.8057622,-0.42572594,-0.2758626,0.7897891,1.3215325,-0.6652992,-1.8915488,-1.9354347,1.0552675,-0.8552062,-1.9195328,0.8272159,2.100736,0.052688725,-0.41739982,-0.12576964,0.25704613,1.1917607,-1.2782346,-0.42862976,-0.5314354,1.6747577
1084,-0.84576595,1.1569306,0.41836515,-0.4912453,-0.03156307,0.04207226,0.2034411,0.30006868,-0.4665566,-1.548027,-0.68351924,0.12599836,-0.19965519,0.8622211,1.4155582,0.19386797,-1.8997341,-1.5541509,1.0295653,-1.2829348,-2.05834,0.90521026,2.4756763,-0.057434797,-0.48235565,0.36358818,-0.039393824,1.524871,-0.9355748,0.15567543,-0.493813,1.4131727
1085,-0.65617746,-0.14306301,-0.14294416,0.2714489,-0.45002052,-0.58628815,1.218046,0.4279274,-1.3979758,-0.95280725,0.51479566,0.34401962,-0.028828762,-1.0057306,0.9767869,1.5853397,-0.8101731,0.7809976,0.25268027,-0.73073727,-0.02351617,-0.38400578,1.2932818,0.7499683,1.9602829,-0.6467866,-1.6267921,1.5877886,-0.5765826,1.8190764,-1.2590846,0.93013716
1086,-0.47760862,0.02519752,0.34594738,0.32885927,-0.5328329,0.18574962,1.519013,1.4935645,-0.9974278,-0.81382614,0.34683883,0.4568242,-0.092854135,-0.62927103,1.2184924,0.83758825,-0.50515014,1.1787269,0.46045163,-1.4694086,-0.12956,0.7404106,2.264085,0.020997565,1.5370795,-0.8795491,-1.2607231,0.7959981,-0.22042991,1.8838233,-0.56321764,1.5702602
1087,-0.99744713,0.6145343,-1.3650956,0.045825537,0.7995086,0.23001914,1.3765815,1.090752,-0.8424368,-0.83374625,0.040655628,0.45696402,-1.1874481,-0.32758045,0.9709832,0.66267604,-1.656587,-0.0739448,0.66119874,-1.3231311,-0.02042815,0.68216425,2.1168716,-0.21738176,1.3788321,-0.2640136,-1.1784269,1.7919773,-0.50211513,1.3663222,-0.7391455,1.1360043
1088,0.11094612,0.3249084,0.3477381,0.725061,-1.0973241,0.8242809,-1.8104506,-1.3623804,0.03343146,-1.5096914,-2.8364582,1.453674,0.32250232,0.2892171,1.2914131,-0.34264195,-0.42612407,-0.30645,-1.1761016,0.04898716,0.66896915,0.6702735,-1.0239655,0.46155983,0.96378934,1.6323694,0.21064122,1.0748754,-0.82701474,0.52769536,0.15110447,-0.8989041
1089,-0.28211465,0.054035835,-0.40777323,0.1795916,-1.2077229,0.47012264,-1.8706199,-1.2791613,0.2183303,-1.2571906,-1.5012715,1.9396358,0.7569073,-0.94408274,2.2625723,-0.38886765,-0.93305844,0.07859769,-0.26432103,-1.8254342,-0.29215127,1.0077053,-0.67728734,-0.33416876,1.4339225,0.7563894,-0.6114703,0.35185072,0.3093817,0.99517095,-0.2487635,-0.3796969
1090,0.26086086,0.4438277,-0.17001306,-0.031186411,0.47467843,-0.35159114,0.23754169,-0.009297655,-1.2189513,-1.547045,1.1894367,1.151243,1.2236719,-1.8185824,1.7203821,1.8299576,-0.79677576,0.16682182,0.20194481,-0.51777005,0.06760388,-0.7896201,0.48588866,0.5011468,0.65737045,0.8401376,-1.5056938,1.5433046,-0.7212609,1.567464,-1.1865722,-0.40558863
1091,0.054973345,0.8241812,-0.08293956,-0.88393176,-0.23501,0.09150871,1.2266855,0.31511542,-1.0769676,-1.2242788,0.44033128,0.44679177,0.12244516,-1.2710066,1.857034,1.0077565,-0.08110775,1.2524498,-0.6329424,-1.4957829,-0.2568669,0.39441434,2.1111453,0.44681716,1.0914831,0.5103668,-1.8415246,1.1516085,-0.794045,1.4851063,-0.49345106,0.8966745
1092,0.18439947,0.527418,-0.021435117,-0.477537,-0.39010516,-0.41070002,1.3566682,0.023436543,-1.0334892,-0.8774676,0.013125185,0.796222,-0.0025885243,-1.3367865,1.8944412,1.119907,-0.16372834,2.0532882,-0.79731995,-1.4014975,-0.6232247,0.20966084,1.6833642,0.34886554,1.4651837,0.10442398,-1.6650023,1.0536239,-0.53700143,1.3615557,-0.7575097,0.9464852
1093,-0.50844854,0.30475685,-0.2384943,0.65725815,-0.7112795,-0.4217077,1.2033702,0.16953413,-1.0869714,-0.91934425,0.90637916,0.43812513,0.17605236,-1.5910223,1.5967717,1.735498,-0.15137798,0.84435624,-0.0020190084,-0.60195327,-0.37168783,0.05328194,0.8694317,0.3649546,1.5175334,-0.70211375,-1.6297706,1.6205125,-0.2073272,1.9095801,-1.3901274,0.46637186
1094,0.09440483,0.565379,-0.030664092,-0.15855348,0.07719404,-0.55485183,0.5762099,0.035804085,-1.5372819,-1.3728106,1.1038742,0.83819914,1.5775492,-1.9118943,1.538389,1.5976067,-0.5244631,0.6213873,-0.36032093,-0.3967885,0.051146697,-0.62231934,0.5509578,0.7439584,0.78053147,0.24629708,-1.6630012,1.5309805,-0.2943133,1.7349966,-1.1962708,-0.058584858
1095,0.18145102,0.7543137,0.025858441,-0.16021876,-0.10693635,-0.12271961,0.8722002,0.5451815,-0.9011893,-1.3485869,1.1358837,0.71279645,1.2241372,-2.0589392,2.2124245,0.8805985,-0.02107692,1.1586695,-0.012754208,-1.1202031,0.353909,0.35745513,1.2472007,0.2915206,1.2391766,0.49033144,-1.3464979,1.2195191,-0.52560997,1.6019651,-1.1170402,0.33633366
1096,0.25600925,0.51110905,-0.07373069,-0.0062963334,-0.30448496,-0.30340925,1.2809833,0.02054058,-0.7621975,-1.244016,1.1407613,0.8653244,1.0204687,-1.8969772,1.9828527,1.171185,0.2621754,1.2643075,-0.055578202,-1.4445401,0.13323832,0.23990712,1.2816771,0.31442034,0.93367684,0.5333644,-1.422728,0.986501,-0.74948114,1.8320525,-0.8522912,0.25344774
1097,1.3563784,-0.8586719,0.6446604,1.4799348,-1.2588983,0.37893718,2.6926997,0.6660164,1.5937071,0.6095211,0.9053876,-0.6339214,-1.7971985,0.04629449,0.6387633,0.84163326,0.4832828,-1.2062457,-0.54905623,0.13216276,-0.90287095,-1.3809339,-0.14951602,-1.0454552,0.5410661,0.37718266,1.0805453,-0.3340769,0.25375336,0.68852067,-0.64076984,-0.26285222
1098,1.0970523,-0.8819453,0.8634475,0.91656023,-0.70269173,0.43873435,2.555685,0.3113566,1.4111273,0.36722946,0.920968,-0.8775098,-1.808584,1.017268,0.24783231,0.88596684,0.35847944,-1.8179657,-0.12731512,0.41850045,-0.6963579,-1.6505724,0.6337782,-1.4469936,0.19395304,0.14050676,1.1821448,0.01082904,-0.007689712,0.497816,-1.0226482,-0.19563128
1099,1.3702928,-0.41607445,0.1199964,1.241133,-0.52802825,0.059561193,2.4740818,0.2819508,2.0908976,1.0263317,1.2691711,-0.68700266,-0.88301665,0.63837165,0.39890224,0.5521476,1.166743,-0.5920417,-1.3781832,0.06537214,-0.46479777,0.02412939,0.3017802,-0.59402835,1.7852584,-0.81256664,1.7240593,-0.35179052,0.39539915,0.15464301,-0.20311406,-0.1501451
1100,0.70986795,-1.2688768,0.04138755,2.385806,-1.8019662,1.0340048,-1.0732187,-1.1281875,-0.21032734,-1.1275661,-0.06305545,0.6334363,0.4796476,-0.018762415,-0.11664187,0.58536965,-1.9070256,-1.0489416,-0.03137233,1.0829012,0.25992748,-1.503397,-0.1613371,-0.2592142,-0.20400558,1.1533427,-0.41398275,-0.26449344,-1.4199739,1.3824737,-0.6902764,-0.76094323
1101,2.1585274,-0.53682226,0.85951203,2.1769004,-1.7152768,0.16714506,0.41881278,-0.9652471,-1.3025874,-0.6215943,0.19379282,-0.53250015,0.75799024,-0.32381365,-0.287998,1.2380658,-1.2367835,-1.2195414,0.40290165,1.1660763,-0.99890214,-1.0742985,-0.0050216382,0.9121106,-1.3292166,-0.28609097,-0.26037544,-0.6723909,-0.4413461,0.6199172,-0.5949343,-1.3956655
1102,1.2647977,0.044402372,0.4243375,1.8773167,-2.1150622,0.9217984,1.3462046,0.14205496,0.22065674,-0.7071314,0.293516,-1.0685574,1.0616057,-0.36692718,1.3417033,1.736575,0.45904624,-1.0191197,0.6814113,0.5644015,-0.3987619,-1.3495462,-0.10713171,0.67979676,-0.99249184,0.13456878,0.33542132,0.08899825,0.5839774,0.6615911,-1.3766828,-2.0284767
1103,1.2657026,0.3471386,0.24867585,0.8844028,-1.0447534,1.0467404,1.7104887,1.1139703,1.8220869,-0.05259986,0.22823842,-1.8155844,-0.37762716,0.10165396,1.1626056,-0.20918034,1.4132507,0.026832173,0.027550315,1.6250141,-0.51587325,-1.3492283,-0.3790433,-0.23617569,-0.10944799,0.37693828,0.6052733,0.48239943,0.34112713,0.31532094,-1.3521285,-2.321134
1104,1.5149072,-0.31073242,0.18634015,1.0583078,-0.8527402,1.1248258,2.0713239,0.9159684,1.7649498,-0.007157946,0.972711,-1.6911064,-0.15427758,0.19761075,0.9060613,0.14055501,0.9948219,-0.95363647,0.053242818,0.92477095,-0.755306,-1.4622078,-0.35396197,-0.76064414,0.6276673,-0.28259286,0.5300726,-0.1035269,0.580749,0.23954973,-1.370486,-2.204032
1105,1.5155195,-0.7792318,0.84097445,1.4920355,-1.8416876,0.39716822,2.385269,0.6057204,1.702268,0.81957746,0.59661806,-1.0087559,-1.2014885,-0.36102968,0.9208619,0.67475164,0.62822807,-0.8953293,-0.53174764,0.51185924,-0.8368986,-1.4173927,-0.67617005,-0.5766723,0.7979614,0.1401567,0.89777005,-0.38531274,0.46456897,0.68396455,-0.557237,-0.8102173
1106,1.8215382,0.10845915,0.388236,1.7880263,-1.6331497,1.1732913,1.9487928,0.28770962,1.0664021,-0.40807694,0.36301553,-1.4363177,0.2393411,0.13971728,1.2553132,1.0334918,1.2341052,-0.8436847,0.32339638,0.89304334,-0.16271423,-1.1708153,0.03815703,0.64855903,-0.5186789,0.65461427,0.7757486,-0.0011339838,-0.3165947,0.3017886,-0.77764374,-2.1984103
1107,1.9401623,-0.034264542,0.46032125,1.3962373,-1.8005717,0.9365919,1.6075078,0.11334592,1.2068869,-0.31820497,0.20359918,-1.4604483,0.1348033,0.31311277,1.1018056,0.9483294,1.5146432,-0.70580906,0.1961797,1.0331141,-0.34510216,-1.4724458,0.15030888,0.5557205,-0.30467886,0.91469455,0.77706254,-0.04646172,-0.05956622,-0.0012351885,-0.72191286,-2.3513281
1108,2.2035787,0.13992903,0.79378164,1.0305897,-1.6286726,0.94662493,2.2485144,0.46756586,1.1269678,0.179313,0.20226116,-1.569113,0.37419987,0.08318161,1.4910743,0.29381964,1.4446377,-0.47536096,0.5969722,0.5273903,-0.8071412,-1.0307881,-0.044618104,0.39708182,-0.4431642,0.7023367,0.74484956,-0.4570107,0.69506645,-0.11318575,-0.6400228,-2.0060182
1109,-1.473337,0.93204296,-0.69069976,1.3933781,-1.0043826,0.685634,-0.56244576,1.2058814,0.7248947,-0.5467267,-1.2758033,1.472454,-1.122354,1.1526864,-0.29746598,1.0057054,0.38411012,0.3872476,-1.1145593,0.7019168,-0.43151,-0.7194192,-0.22672717,-0.83388025,0.8130281,0.9497907,0.2425133,0.8553632,2.2829444,0.9571649,-0.4494646,-1.3994404
1110,-1.8390867,0.82998806,-0.83006847,1.5108992,-0.59758925,0.6159895,-0.5486812,1.3716549,0.8883028,-0.84020305,-1.2754653,1.0711071,-1.2830995,1.6549028,-0.28891096,0.9790656,0.055122957,0.5156815,-1.2571403,0.5817184,-0.08638297,-0.35732943,0.007996765,-0.52819884,1.3037287,0.81919813,0.2762738,0.9386212,1.8220366,0.8713713,-0.39229134,-1.0984576
1111,-1.091918,0.74902254,-1.2421895,0.7133116,-1.7528353,0.0053681484,-2.0088174,1.9722054,1.360456,-0.26897797,-1.2340945,0.12195109,-0.3090383,1.4762917,0.24175234,-0.1898493,-0.0004567659,0.76332235,-0.41483417,0.83797437,0.16141777,-0.87333065,0.09570198,-0.47446874,1.6457832,1.2483058,0.035702508,0.46819577,1.3451935,0.20642923,-0.4123116,-1.119186
1112,-0.75117165,-0.39660943,0.49513453,1.9235328,-0.12760797,0.44637978,-0.8145692,-1.2626745,0.76194006,-0.2278959,-0.77451265,1.468896,0.24043223,0.89268047,-1.1401272,1.0520297,-0.446642,-2.0446835,-1.2528843,0.6361263,0.44572988,-0.7811497,-0.35322702,0.41572806,-0.63544035,0.759264,1.5119455,-0.43815288,-1.2875291,1.8596135,1.1250659,-0.48547843
1113,-0.16257302,-0.14259371,0.05477419,1.3305588,-0.008010835,-1.358639,0.06335979,-0.98181564,0.28290918,0.7929206,-0.42072493,1.3507448,-1.0928336,0.81170404,-0.7591531,1.2143135,0.6679363,-1.4577286,-0.35539094,0.41660774,0.15441228,-1.2015506,-1.1031122,0.27344456,-0.60447705,1.0270822,2.055678,-0.94681484,-1.2014672,1.668161,1.675943,-1.0248702
1114,-0.52113855,1.9415267,-0.28564826,1.2442888,-0.8467354,-0.6476543,-1.492472,0.956122,1.9431123,0.0668456,-0.6570177,0.17165019,-1.219147,0.5113068,0.21168548,0.8435,1.721271,-1.1013515,0.9504261,-0.05792008,-1.3548002,-0.78591627,-0.72197044,-1.1612403,0.6525768,0.7448208,1.2293044,-0.9934233,1.1760521,0.9103911,-0.042840492,-0.4384399
1115,-0.5088471,1.3306326,0.24107106,0.5946176,-0.78645056,-0.7267399,-1.4879901,0.87357974,1.3549833,-0.19694234,-1.344456,0.3339541,-1.1571609,1.2724879,-0.34065533,0.6409243,1.5197153,-0.13014278,-0.16711597,0.82162815,-1.117843,-1.5049309,-0.64705616,-1.0519711,1.026765,1.6806142,1.5260801,0.2737115,1.3164257,0.18644069,0.45176598,-1.0265907
1116,-1.1273018,0.9714324,-0.21949187,0.6243858,-1.046895,-1.3137949,-1.7511877,0.5047908,1.0971102,-0.53655344,-1.5171863,0.17067286,-0.6816921,1.1761736,-0.51823765,0.77724415,1.5025889,0.2506531,-0.60002005,0.56619024,-1.0986902,-1.1650432,-0.8227031,-0.51774234,1.442593,1.5034214,1.3240556,0.67451453,1.3656363,0.2456644,0.1901192,-0.9583782
1117,-1.3925389,1.0900477,-0.118374296,0.88027924,-0.9495243,-0.47731596,-1.2953413,1.0812086,1.5129786,-0.2646133,-1.3228719,0.0588391,-0.6104594,1.268835,-0.5065413,1.1106004,1.443837,0.28913432,0.16456495,0.71451706,-0.92422837,-0.5179847,-0.6171868,-0.27335304,1.7735747,1.213819,1.1473504,-0.15245259,1.939536,0.562256,0.024095107,-0.6784351
1118,-0.49038416,1.541741,-0.38990125,1.0564516,-1.3430035,-0.56821144,-1.7616261,0.7658933,2.0560985,0.18010746,-0.93243563,0.25665578,-1.2316308,0.78880614,0.08134229,0.70227647,1.364686,-0.99541235,0.7501446,0.15030137,-1.0739002,-1.0963187,-1.041528,-1.364708,0.7403811,0.93762964,1.2530931,-0.6399255,1.2016491,0.5832295,-0.019256225,-0.5171367
1119,-0.59061503,1.3300889,-0.48277703,0.41906655,-1.124139,-1.5480528,-2.1665206,0.93091464,1.3868912,-0.014287037,-1.0243448,0.096874416,-1.511307,1.0700897,-0.18887007,0.7702342,1.7668332,-0.6757055,0.47210342,0.13422967,-0.9736561,-1.3338021,-0.79050267,-0.6157255,0.895702,1.3602809,0.93282574,-0.2724227,1.0408676,0.4120449,0.44851837,-0.6454242
1120,-0.6996094,1.2960763,-0.18720022,0.9933957,-1.1045121,-0.8474579,-1.7531554,0.9749067,1.4621874,-0.27930722,-0.8196779,0.05724921,-1.1750726,0.85728765,0.14724196,1.4236476,1.5196288,-0.3353543,0.35298732,0.3254827,-1.5101813,-0.99659866,-0.6983525,-0.6999292,1.3965559,1.5831281,1.2467204,-0.32700717,1.2363005,0.4934851,-0.06389732,-0.4763422
1121,-0.40765914,0.2720932,1.8976598,-0.1564245,0.048414227,-0.21490264,0.18481205,-0.14870645,0.39773235,-0.51929,-1.7780552,-0.023058712,0.20025957,1.5452111,-1.8211355,0.48920226,0.884952,0.27385113,-1.816254,1.1883528,1.275457,-0.007719334,0.43425503,0.6039811,1.0844759,1.4709154,-0.14164266,1.9553615,0.35856304,0.22892651,1.6829263,-0.6106237
1122,-0.7411949,0.38139057,1.1468542,0.13348034,0.40244463,-0.1315487,0.16342756,0.22259726,-0.3831962,-0.45665872,-1.6361,0.4909035,-0.54269636,1.3915571,-1.7856725,0.48669258,0.8899527,0.5207008,-1.8770131,1.0321796,1.2193328,-0.38610274,0.3004347,1.1308385,1.4347378,2.0263226,0.022993887,1.5717169,0.3273279,0.5483993,1.5630038,-0.6568109
1123,-0.726281,0.33996356,0.79400975,0.37624335,0.22981308,-0.19084543,0.6134284,-0.11647938,-0.4784318,-0.24034901,-1.6908562,-0.2924925,0.17877556,1.7131015,-1.8716097,0.43126723,0.35502252,0.81795853,-2.1332638,1.0515722,0.7002597,-0.18672124,0.552915,1.7145274,1.7195982,1.0664666,0.12762019,1.4661124,0.115213424,0.32596794,1.7149149,-0.5472963
1124,-0.81520593,-1.0162426,-0.42372093,-0.14751099,-0.62719864,-0.3282569,-2.7723894,-1.8587652,1.2131041,-0.723387,-1.3861805,1.1552258,-0.76830155,0.6634355,-1.3737117,0.90343344,-0.59459335,-1.3270733,-0.46613097,0.27033278,0.43424016,-1.6137587,0.5985334,-1.2060808,-0.10444928,0.8531713,0.17367235,-0.39087635,-0.87068784,0.3940146,-0.5276431,-0.27303264
1125,-0.66646177,-0.26757243,0.029800303,0.62630135,-1.4307252,-0.48811716,-2.8955836,-1.5497165,0.7620878,-0.6092788,-1.5548894,0.6393091,-0.88155264,0.9868559,-1.1577778,0.3799759,0.08054226,-2.1302633,-1.2617637,-0.29643005,-0.10275682,-0.8154324,0.309599,-0.9367146,0.6344114,1.2103524,0.5598307,-0.11041916,-0.76609814,0.14799817,0.39299977,0.37620082
1126,1.2122514,0.39852217,2.6351826,1.2828853,0.085616745,-0.8291809,0.05594788,-1.1886358,0.6550723,-0.679292,-0.61570144,0.54066014,0.0980471,0.9982971,-1.4246495,0.81921524,1.042534,-0.718153,-0.70791036,-0.33513784,-0.304687,-1.3417417,-0.30429763,0.88229257,-0.6657152,1.4621114,-0.51362574,-0.17372997,-0.5147434,1.2115422,2.2467825,-0.5760475
1127,0.00011016531,0.4365346,2.5560842,0.20650108,-0.11955274,-0.34604827,0.74492115,-0.8604052,0.4250512,-0.5501542,-1.1367695,-0.24678391,-0.25242358,1.3676364,-1.7060086,0.7170015,1.0283569,-0.017111415,-1.6828518,1.2493845,0.41620433,-0.46522182,0.49380216,0.313546,0.9596698,1.6517745,0.21137649,1.6219116,-0.14232887,0.48041186,1.789138,-0.7750507
1128,-0.19312558,0.521505,2.525374,0.11660478,0.022527024,-0.183296,0.48958644,-0.7404054,0.48546168,-0.40704575,-1.0513127,-0.39326277,-0.18787488,1.2833345,-1.6907151,0.6540735,0.86970997,-0.20721214,-1.6879939,1.3530126,0.5405003,-0.48789603,0.6230156,0.28048787,0.9869626,1.7911826,0.5480404,1.4642625,0.1415292,0.63304424,1.9212689,-0.7669355
1129,-0.23543218,0.37027183,2.436642,-0.030222518,-0.09994668,-0.26475927,0.514433,-0.5581724,0.25212023,-0.27298692,-1.3024336,-0.23491593,0.13959026,1.0319214,-1.6945205,0.7471004,1.147927,0.0862312,-1.8286616,1.2675068,0.72576904,-0.16591674,0.6921433,0.72320944,1.182351,1.7512357,0.14064154,1.6087164,-0.15899767,0.6214411,1.839078,-0.39229807
1130,0.48714855,0.5394528,2.487066,0.8502155,0.26503628,-0.58940446,0.314391,-1.2424209,0.32848284,-0.5249403,-1.0740037,-0.18020327,-0.30982116,0.914384,-1.6610961,1.2405676,1.1746799,-0.3094764,-1.7577225,0.73688453,0.08192966,-0.6775109,0.37020344,0.6480678,0.50544494,1.5912349,-0.03577459,0.79647607,-1.1759323,0.6679611,2.044118,-0.5314306
1131,-0.08844988,0.24969365,2.2015169,0.4058017,-0.113376945,-0.4389505,-0.15739049,-1.2915592,0.113032915,-0.3290429,-1.0428722,-0.46089113,0.19716448,1.0225432,-1.691887,0.95601505,1.083978,-0.49041122,-2.2176945,1.1599454,-0.06927192,-0.09538955,0.76263213,0.51077443,0.83359075,1.7897896,-0.04991236,1.1216297,-0.9399145,0.4914995,1.9392694,-0.43305027
1132,0.12907653,0.83734703,2.64298,0.20461982,0.062403016,-0.6869996,0.8892291,-1.0927713,0.14344828,-0.040281493,-0.67597485,-0.44266027,-0.2231774,1.1489502,-1.5954889,0.7126431,1.1629238,-0.49604523,-1.5815673,0.8079084,-0.16429672,-0.9975674,0.28878346,0.69500536,0.64819914,2.0875487,0.3648097,1.0067474,-0.30383623,0.8371266,1.931712,-0.52014273
1133,-1.192825,-0.62772083,-1.2001173,0.92885345,-1.0489656,-1.7443445,-0.6400847,-0.17532694,-0.5214306,-0.9271534,0.11439381,1.3683558,-1.5305852,1.0839721,-0.3017719,2.0517242,0.41286743,-0.27438784,-0.12479283,-0.1119535,0.4106844,-1.7563896,0.69401866,-0.4332822,1.5121017,1.0010806,0.38643414,0.8211468,0.5711437,0.9711183,-1.4764231,0.49606118
1134,-1.26209,-0.5457383,-1.4908946,0.8823201,-1.2552239,-2.2938294,-0.89235246,-0.26179585,-0.5988436,-0.97755635,0.20291457,1.1799995,-1.5928317,1.2306378,-0.776414,1.3803084,0.40010178,-0.36768952,0.3058656,-0.43877414,-0.17474042,-1.7481505,0.9685691,-0.5834828,1.2023894,0.4586893,0.0702348,0.82509875,0.647676,0.97055614,-1.2547461,-0.15275855
1135,-0.92622316,-0.3683533,-1.8275509,1.4313211,-0.7368857,-1.926115,-0.6446447,0.9365492,-1.4638791,-1.0569348,0.3552071,1.0869082,-1.5917139,0.7825773,-0.17807598,1.2012999,0.27303335,0.6436951,0.115562335,-0.77434415,-0.8086166,-1.292829,0.73019487,-0.3743889,1.137454,0.9639269,-0.5855631,1.1338656,0.40996125,0.57780683,-1.4474674,-0.90068024
1136,-1.0363779,-1.2856725,0.31339088,0.5124485,-0.37894318,0.81769323,-2.1177018,-1.2789284,0.5069959,-0.6788352,-1.2225168,1.0165937,-1.128657,1.3830509,-1.4493635,1.1164427,-1.087153,-1.7865251,0.50089854,0.52257216,1.2443529,-1.1831248,0.09139079,-0.7112175,-0.7418652,0.71024513,0.25438854,-0.7191733,-1.0712333,0.6734151,-0.6720951,0.24742876
1137,-0.91540074,-1.3295817,-0.062563315,1.640994,-0.96044666,-0.15959172,-1.5030584,-1.3166742,-0.83615726,-1.113377,-0.6710108,1.4326744,-1.6404743,0.926136,-1.1728423,1.6843296,-0.7902579,-1.293474,-0.075711176,-0.2520237,0.87110615,-1.4814615,-0.38107336,-0.22024323,-0.45463702,0.97507304,0.19298926,-0.89260215,-0.48095426,1.141768,-0.65060633,-0.015937397
1138,-0.4872852,0.06360598,-0.30554453,2.181991,-0.7267073,-0.77055395,-0.40503237,-0.1129644,0.10997282,-1.1075791,0.23638526,1.2228664,-0.53445923,0.66488636,-0.47701082,2.1050816,0.1520796,-1.0130875,0.21158586,-0.18996124,1.2790773,-0.90069795,-1.2492276,0.43028724,-1.9837602,0.20819552,1.3841708,-0.70849717,0.41738895,1.5963601,-0.95458955,1.1819693
1139,-1.144368,-0.68120444,-0.65495735,0.2027323,-1.0590829,-2.4330962,-0.9823928,-1.2963178,-0.13668828,-1.3814121,0.018083295,0.43512857,-1.1315886,0.54670095,-0.7724578,2.2154956,-0.6771247,-1.1359304,-0.19444561,-0.09900692,0.9226982,-1.1369449,-0.12552203,0.35884228,0.026805185,1.1108667,1.0781925,-0.18985762,0.24072792,1.185694,-0.745682,1.5786431
1140,-1.1044393,-0.941723,-1.0435262,0.5111687,-1.0191011,-2.3122077,-1.1686293,-0.795569,-0.11510471,-1.073588,0.40269092,0.9587097,-1.7351879,0.7094267,-0.5202463,1.8656429,-0.47050554,-0.7066626,0.012603884,-0.34356296,0.16101985,-1.5537317,0.20298384,-0.27462202,0.35726634,0.7517747,1.4023459,-0.3081969,0.75533605,1.1362705,-1.3304027,0.9022036
1141,-1.0258322,-0.5831773,-1.0116796,1.3013164,-1.3066974,-1.7713693,-1.1511753,-0.41033468,-0.10948811,-0.9467982,0.28095776,1.4010329,-1.4732211,0.66354394,-0.107632495,2.3495805,0.40204746,-0.24044244,0.18541165,-0.13979939,-0.1709722,-1.5784284,0.63284355,-0.7708836,0.8947397,0.49233502,0.87145495,0.052932613,0.6323848,0.9264529,-1.7109673,0.6379658
1142,-0.61596245,-0.59518075,-0.3762322,1.131344,-0.93247056,-1.5999266,-0.54017484,-0.953462,0.62745804,-1.2920755,0.55805755,0.97210205,-0.9533508,0.4651659,-0.43682343,2.0927896,-0.9124705,-1.264417,0.17707422,0.16515668,0.92264813,-0.92721593,-0.15007474,-0.13406292,-1.6872139,0.14203925,1.6232859,-0.5050226,0.017428631,1.456344,-1.1347024,1.531811
1143,-0.7206307,-0.68861717,-0.76864356,0.76728857,-0.5984275,-1.6530201,-1.0100558,-0.9465525,0.37757978,-1.5482522,0.69742125,0.8542207,-1.4738451,0.2957545,-0.22398844,2.263073,-1.0216666,-0.93769157,-0.015008808,0.045230124,0.67159367,-0.9297161,-0.27862862,-0.3758149,-0.9714773,0.6265184,1.8695364,-0.62119246,0.4415386,1.2417142,-1.1698275,1.2234075
1144,-0.70200557,-0.5479107,-0.44755164,1.4154043,-1.0400035,-1.735472,-0.53888875,-0.750783,0.7440002,-0.7425543,0.44298747,1.0873541,-1.4230872,0.54006773,-0.45538732,1.9571493,-0.53127515,-0.9907556,0.28207088,-0.07264658,0.3451257,-1.2628677,0.115623176,-0.60569006,-1.0926056,0.2586721,1.8426701,-0.48378274,0.20146032,1.4670048,-1.3284105,1.5840607
1145,-0.29705596,1.5206938,0.36318824,0.8050454,1.1838481,0.7442123,-0.31114703,1.150846,0.8145311,0.41457522,-0.08087556,1.1340601,0.6134062,0.26828682,1.7443047,-0.709274,-0.84858346,-0.7749377,0.724157,0.75147253,0.74684507,1.1679248,-0.6627537,1.5290961,0.034682952,-0.05123216,1.827194,1.6641926,-2.090009,-0.9392137,-0.48258153,0.26656702
1146,-1.0721123,2.1664438,-0.39817613,0.78959215,0.74943143,0.112560414,-0.11109223,0.5559005,0.26793903,0.27582687,0.5576808,1.0003213,0.10971131,0.10390939,1.3141319,0.006022424,-0.15631087,-0.7222993,1.2602658,-0.06749381,0.6687381,0.52837265,-0.8615569,1.9689722,-0.11080143,0.08335516,2.0819821,1.4684715,-2.340984,-0.6565516,-0.57498187,1.0056139
1147,-1.3565406,1.9378644,-0.2219809,-0.2506689,0.32850632,-0.025009934,0.40697554,0.62926275,-0.65334153,-1.6025188,0.06983652,0.93237823,0.79440576,-0.94062036,1.8941333,1.1410503,0.7175974,0.8796021,0.5352684,-0.7684768,0.68729144,0.9623776,-0.45306543,1.8788288,0.8737338,0.49463856,0.7627733,1.3372418,-1.3269358,1.132108,-1.4858241,0.42236617
1148,-0.6475436,1.5734844,-1.4352525,-0.7574165,-0.6393579,-0.31185108,1.5539109,-0.19920418,0.0012087211,-0.13658912,0.8855801,0.64296275,-0.23916022,-0.89003444,2.096897,0.8531934,0.86263055,0.017754726,-0.3832234,-1.5688255,0.3118694,-0.07601991,-0.66566175,0.9437543,0.72109294,1.1821014,-0.72552377,1.9430113,-1.3989267,1.3648084,-0.76644236,0.16262482
1149,0.20813218,2.1932127,-1.039082,-1.3730474,-0.9989742,0.2675558,1.1381238,-0.14559811,-0.9993312,-0.4851051,0.67184865,1.4499334,-0.0003658921,-0.74198294,1.247573,1.1892359,1.4664259,1.8339193,-1.1572114,-1.2269588,-0.34834132,-0.017359164,-1.2088729,0.7501153,1.330273,0.5205554,-1.1381564,1.0489916,0.012839119,0.65783453,-0.24762298,-0.20325625
1150,-1.3945646,2.2670379,-1.0460912,-0.26166737,-0.7830502,-0.16343969,0.42922023,0.42395,-0.61958927,-1.6315025,0.13110648,0.5339061,0.6003939,-0.36758596,2.3003724,0.3525858,0.89115334,0.40924206,0.74082315,-0.88725495,0.49575907,0.124735035,-0.33254924,1.2988344,0.6101254,0.83719444,0.39104503,2.0255961,-1.4038748,1.1708902,-1.0279529,0.4429216
1151,-1.5374372,2.270663,-1.2201768,-0.072510794,-0.7032619,-0.27513635,0.1647403,0.5168586,-0.45751768,-1.7811509,0.044819262,0.5195401,0.49376717,-0.34316972,2.3977444,0.570667,0.89161414,0.5060989,0.9213147,-0.9671974,0.18799111,0.3929101,-0.23304597,1.0421731,0.6571442,0.61532396,0.5016563,1.8529565,-1.3456168,1.1186732,-1.0482404,0.3423466
1152,-0.5116992,1.9830356,-0.9059146,-0.84561497,-0.37723935,0.13215134,1.6245942,0.43326563,-0.16700344,-0.9407085,0.12140965,0.7305202,0.70542854,-0.49474308,2.4959981,0.21566798,0.7606131,0.4309374,0.42542607,-1.2035911,0.8682646,-0.2598272,-0.65241736,1.2917047,0.4973617,1.2586966,0.22277793,1.6601527,-1.3120074,1.4829389,-1.0883629,-0.13266575
1153,-0.71617275,-0.4995784,1.4961492,-0.83767444,-0.5337148,-1.0127378,-0.8077781,0.30753893,1.3867431,-0.71584636,-2.844967,1.1356006,-0.082818255,0.80466056,0.32465103,-0.022393325,1.3505336,0.9074625,-1.053208,-0.037667118,0.48461676,-0.089394234,0.19584545,-0.4606014,0.95127046,0.086194426,0.107642144,1.090948,0.23720069,0.3298981,1.811126,-2.2913082
1154,-1.0685506,-0.53927064,1.0970373,-0.94520473,-0.27607784,-0.8090192,-0.54494566,-0.18972151,1.2572554,-0.28095588,-2.7535007,1.2713118,-0.17679335,0.49454257,0.31882527,-0.31343493,1.4281119,0.87571144,-1.4724308,-0.6159101,0.3342028,-0.2607726,0.49971503,-0.30330434,1.1412718,0.24701062,0.37596053,1.2039361,0.0014461076,0.41852397,1.8776054,-2.1826727
1155,-0.8508219,-0.7738022,0.08809902,-1.9887372,-0.53616214,-0.31539986,-0.7155032,0.051106244,1.2072189,-0.0007764243,-2.421174,0.9833885,-0.13003618,-0.81558865,0.71047616,-0.35787106,0.9326419,1.3341432,-0.7118664,-1.3683778,0.30155203,0.6227796,1.2487551,-0.5750568,1.4203848,0.14451851,-0.57282263,1.3246113,-0.08941612,-0.07242536,1.5943019,-1.6563635
1156,0.34242845,-0.42819256,1.3537697,-0.1209541,-0.21441156,-1.6637387,-0.7778795,-1.8951967,0.45892128,0.2904494,-0.5911823,1.5297946,1.3654417,-0.13788477,-0.62729216,2.3745406,-0.5901999,-1.7665603,0.79231167,0.23346578,0.31112373,-0.88570267,0.22501092,0.47104996,-0.39901927,1.3376144,0.23231138,-0.77501667,0.1709387,1.7436559,0.65994555,-0.19068234
1157,0.933891,-0.4335524,0.7783129,-0.24127756,0.4228232,-1.587953,-0.25959808,-1.4454001,0.6021368,0.63399106,-1.1434596,0.8117072,-0.09645914,0.66679,-0.089513674,2.1401477,-1.2408124,-1.5732931,1.1230563,-0.26571834,0.75638855,-0.8366423,-0.3048678,0.3452353,0.017795812,1.2254611,0.737589,-1.5125194,0.0445657,1.6787164,1.6072986,-0.7058697
1158,1.0834757,-0.30203775,0.8852606,0.8270937,-0.4615769,-1.1622558,-0.18084134,-0.6367072,1.4066037,-0.93026155,-1.3018249,1.3726908,-0.74607164,1.3550888,0.102725916,1.1386718,0.93190503,-1.1915781,0.95335203,-1.1208049,0.77024686,-1.2419417,-0.080360286,0.75844276,-1.0502797,0.91822135,-0.5061684,-1.1733899,-0.80544496,1.4679413,1.4259108,-0.8101125
1159,-0.3066128,-0.39519882,1.6658596,-1.3608118,-0.07391085,-0.91650635,-0.63451344,0.013726611,1.8743719,-0.14834478,-2.3771732,0.3858629,-0.7088613,1.3538718,0.41986653,0.13013908,0.7814432,-0.006365955,-0.6463723,-0.3688652,1.1560061,-0.53985703,0.32996625,0.35274684,-0.17527173,0.4263236,0.28667125,0.47177237,-0.029223995,0.67530054,2.6129162,-2.0592306
1160,-0.44028184,-0.61514366,1.5390297,-1.7793069,0.15493956,-0.6049365,-0.7935213,-0.063982844,1.9958093,-0.0063395393,-2.1106205,0.6919771,-0.54501045,1.1027701,0.4826152,-0.05835283,0.6386923,0.27311534,-1.0668569,-0.3650181,1.049154,-0.57712346,0.32443765,0.055134356,0.22990821,0.42251417,0.44642857,0.6198881,0.3990057,0.40507653,2.317369,-2.376979
1161,-0.5307497,-0.69250923,1.7886659,-1.3317093,0.18203294,-0.44100782,-0.67066705,-0.22446065,1.7766691,-0.06466009,-2.1850758,1.3984253,-0.50177747,0.6801419,0.654765,0.4093088,0.9174029,0.8454059,-1.1709436,-0.562708,0.49687642,-0.35146022,0.23161757,-0.38778073,0.35299963,0.6481481,0.3630067,0.78734857,0.543805,0.5542343,2.188651,-2.311678
1162,-0.14155647,0.19522545,1.5249164,-0.2901913,-0.58064914,-0.8963729,-0.4053275,-1.072535,1.2930865,-0.014566282,-1.8345414,0.99168366,-0.71650505,0.97105056,-0.1993026,0.50175524,1.5945464,-0.86700976,0.10622083,-0.6413135,1.3747654,-0.6081804,-0.3148237,0.9103628,-1.1301004,0.2495725,-0.21315658,0.039062653,-0.7895198,1.2655276,2.606416,-1.6952347
1163,-0.2595929,-0.5087075,1.3338023,-1.386628,-0.5123966,-1.2824609,-0.8400405,-0.589831,1.5994519,0.15862095,-1.3311619,0.6003041,-1.0608289,1.1180514,0.22109109,0.2346975,0.73878443,-0.86071485,0.118576325,-0.5066955,1.7701399,-0.7064039,0.1896868,1.0653843,-0.64427006,0.11538856,0.26099217,-0.3532281,-0.26519552,1.1075042,2.688504,-1.9308083
1164,0.20695293,-0.4633964,2.0202124,-1.0169237,0.17858139,-0.87621343,-0.13271745,-0.5168119,1.4847413,0.15824346,-1.8122287,0.66267735,-1.2378215,1.4845874,0.46712813,0.93660223,0.71963906,-0.24922942,0.18449712,-0.6864276,1.1252304,-0.59063727,0.19413143,0.8151178,-1.0196909,0.6003269,0.71517026,-0.2875096,-0.26107648,0.76765776,2.5755615,-1.6664746
1165,-0.6389997,-0.47005847,0.45099705,-0.7758666,-0.02245639,0.038671385,0.78166384,-1.4457886,1.7463942,0.23468114,-0.095448874,1.5380248,1.0354339,-0.29947966,0.76946807,1.5319359,0.77765554,0.5354119,0.28090397,-1.4040548,-1.0273591,0.69040996,-0.8657693,-1.4071549,-1.1747646,-0.050348498,-1.1747341,1.9438646,1.50531,0.5940757,0.587092,-0.7589777
1166,-2.114968,-0.9203833,0.078426674,-0.56490225,-0.40352646,0.28741908,-0.4923598,-1.2458149,1.053998,-0.4352809,-1.3952274,2.0133538,1.4852655,-0.50007194,0.47718036,0.73660725,1.0408057,0.5690922,0.25863284,-1.0893651,-0.08874251,0.29161903,-1.3434918,-1.0037919,-0.5103363,-0.34114313,-0.7666638,2.122286,1.5778692,0.13682458,-0.2787343,-0.7384396
1167,-1.7912657,-0.79975414,-0.6329588,-1.5731472,0.3934816,1.3078178,0.08890317,-0.9415476,0.8972927,1.1742734,-0.3593764,0.65890616,1.0804173,-0.57984376,-0.19676936,1.1314362,-0.051775146,0.23944052,-0.11757968,-1.5197649,-0.5194204,-0.29583263,-0.97749627,-0.7719643,-1.206237,-0.02025794,-0.6583203,2.5380006,1.5748885,0.055210173,0.9332684,-0.337399
1168,-0.5448838,-0.81213,1.5039892,-0.3243726,-0.87978894,0.48483363,-2.9119399,-1.0188483,0.38413826,-0.8508509,-2.0269394,1.5055351,1.2547239,-0.37291276,0.8620699,0.5928972,-0.10193637,-0.45757675,0.2722318,-0.38394624,0.233975,0.15082154,0.6860381,-0.56343806,0.851216,1.8456029,0.22527385,0.13668679,0.9676708,0.21076454,0.9539036,-1.0754163
1169,-0.998052,-0.9022489,0.8139256,-0.14032318,-0.74739265,0.82555836,-2.6498418,-0.8879837,0.9399532,-1.4038787,-1.2097626,1.8392826,0.9050259,-0.39527872,1.4046067,1.2908838,-0.038251534,-0.20524347,0.08869653,-1.5802552,0.33671507,0.6455355,0.57733595,-0.09431951,0.72286123,0.93036205,0.87619954,1.045996,0.7773743,0.07301079,0.29648408,-0.6977389
1170,-0.891863,0.4433001,0.5018969,-1.0327313,0.07680313,0.9952163,-0.31522077,-1.0198715,1.0301213,-1.3758792,-0.9853045,1.7815645,0.14753437,0.089036226,1.7217519,1.6747354,0.29610428,0.41007996,0.12848158,-3.0151224,0.6051371,0.649666,0.22496109,0.09564792,0.0075054984,0.5606995,0.35581663,1.2337726,0.47916365,0.3617727,0.3481875,-0.3348574
1171,-0.977523,-0.03056869,-0.7606587,-2.2614253,0.8280591,0.95225495,-0.06636135,-1.4184793,1.1714375,-0.6028018,-0.24656752,1.3164864,-0.10396958,-0.9378435,1.9234474,0.3551123,0.13854247,1.2629263,-0.3846059,-2.4438195,0.8019334,-0.47608712,-0.35184917,-0.39990318,-0.027006252,0.7048503,-0.03914995,1.3373034,0.09553598,0.6962069,-0.45110476,-1.1288434
1172,-1.1378933,-0.14425457,-0.7008559,-2.3570998,0.8959107,1.0366604,0.2840861,-1.5113767,1.2014604,-0.58005613,-0.061378624,1.149048,-0.004718392,-0.6758212,1.7783557,0.4521006,-0.04963816,0.9896691,-0.23084249,-2.293864,1.0251865,-0.3049042,-0.47008023,-0.37671793,-0.24525695,0.46873233,-0.1032683,1.5572352,0.014824294,0.83966565,-0.48807433,-1.3409661
1173,0.06359413,-0.3642952,1.477945,-0.96040326,0.28199667,0.612382,0.7767048,-0.75901955,1.2818718,-1.0213863,-0.18976898,2.4526372,0.96428406,-0.55803907,1.9332194,1.5477445,0.8177482,0.9863652,-0.13979383,-1.394131,-0.4947497,0.82065326,-0.42196196,-0.7549159,-0.42165726,0.44749078,-1.0320764,1.6918218,0.83283836,0.80629444,-0.2873256,-0.6687537
1174,-1.5743102,0.3036559,-1.0451182,-1.8147116,0.27262127,1.067514,-0.74545825,-1.1111702,1.3636011,-0.74609166,-0.5487786,1.5094669,0.13017523,-0.28676635,1.9110817,0.54587793,-0.20132476,0.7992009,-0.3199877,-2.3991854,0.6538079,-0.18834835,-0.29983303,-0.23180969,0.0050132936,0.61485296,0.32060826,1.7060853,0.4568323,0.53492516,-0.33599564,-1.2173023
1175,-1.6642222,0.3461895,-1.3153824,-1.7701467,0.41027865,1.1784476,-1.1011107,-1.1981212,1.5418891,-0.8191045,-0.27248088,1.093699,-0.21705958,-0.077372275,1.6130514,0.855319,-0.5313466,0.58868945,-0.29668733,-2.1786206,0.76493984,0.016936919,0.09253249,-0.62764233,-0.2572424,0.3358725,0.4350827,1.7139995,0.29797468,0.46817738,-0.29072532,-1.3755745
1176,-0.88900346,0.34907904,-0.6220054,-2.124878,0.49508902,1.1117067,-0.17844194,-1.6696843,1.3789259,-0.6760467,-0.4066282,1.5839863,-0.6492559,-0.14643823,1.9891943,1.1160879,-0.16407962,1.2666816,-0.46943235,-2.1561506,0.7161774,-0.43835956,-0.20713888,-0.59129924,-0.14384621,0.80522704,0.052813485,1.1653103,0.06813981,0.3434751,-0.2699532,-1.2165314
1177,-0.86372554,-0.35454854,-0.34620818,-0.15332295,1.145441,-0.35462168,1.0204799,1.1135882,-0.862397,-0.72015864,1.0360334,1.3591441,-0.84066063,0.1437528,1.4141021,2.0434444,0.78546286,0.80374455,-0.14006214,-1.8140688,-0.9344606,0.13958578,0.114229515,0.49318016,1.3628854,0.19227234,-0.70501107,1.3783443,-0.1357762,1.582125,-1.0783528,0.90546656
1178,-1.5725244,0.19424263,-0.81152093,-0.28095177,1.031559,-0.42887777,0.6651321,1.0253553,-0.7232761,-0.9805013,1.4284226,1.0634747,0.041500617,0.29254502,1.3679227,2.0572746,0.6523375,0.6010313,-0.054649193,-1.8088801,-1.1962632,0.56185514,-0.2379089,0.55467755,1.2715914,0.14141677,-1.0464174,1.5538384,0.3493159,1.1163756,-0.8721157,0.56670934
1179,-0.7735936,-0.04399913,-0.7066826,-0.16773282,-0.004605601,-0.17179039,0.7956766,0.8761907,-0.5668832,-0.34204245,0.80773926,1.5818,-0.3126044,0.18118107,1.4627322,0.5470294,-0.12024805,1.6498897,-2.0159163,-2.0241108,-1.3504779,0.44542873,-0.18128039,0.08080232,0.69892263,0.00048825552,-1.1700816,2.4389248,0.43092993,0.9767485,-0.87888277,-0.50717497
1180,0.14378372,-0.4852865,0.90059954,-0.3285178,-0.023463719,1.1389902,-2.5555787,-0.17671324,0.66034037,-0.82498795,-1.5482281,1.062148,0.68698424,-0.16480654,1.266778,0.6530404,-0.37957785,0.28925037,-1.2185556,0.13461399,0.2899424,0.51501125,-0.13769832,0.45862585,2.3315632,2.323803,0.07221566,0.26500615,-0.30682534,-0.6113709,0.8370073,-1.0020491
1181,-0.47006792,0.24241708,1.239575,-0.6297026,0.20771816,1.272722,-2.1269827,-0.4198563,1.0719118,-0.5412276,-1.3551239,1.2843257,0.7432195,-0.58299935,1.8574158,1.3736786,-0.031959377,-0.3019054,-0.9584606,-0.9569586,0.028603427,0.8121678,0.52934617,0.4908064,1.6289493,1.7274883,1.1344869,0.97402084,-0.18250541,-0.40534797,0.79776865,-0.22186413
1182,-0.5504409,1.3281752,0.2799806,-0.43516752,-0.5439717,0.7731659,-1.4850954,-0.1779781,-0.46749634,-0.6615072,-0.5645713,1.6377673,0.8918929,-1.5354793,2.5085626,1.9318407,0.21472457,0.13214546,-0.7985455,-0.76881295,-0.090615325,0.10106792,0.50377774,1.0370945,1.6236391,1.4446597,0.14213593,1.2560441,-0.40266788,-0.02734717,-0.59064406,0.3270384
1183,-0.23044816,1.2178237,-0.3472709,-0.95416784,-0.18087673,0.27879354,0.3479573,-0.62615985,-1.3880132,-0.9960251,0.21768875,0.71101564,-0.060917888,-1.2356743,2.1033008,2.0439963,0.22138688,1.5302728,-1.1703565,-1.1235988,-0.24661517,0.16693515,1.4900362,1.4782506,1.1217755,0.991866,-0.8467178,0.763749,-0.43228865,0.9631726,-0.84267956,0.50192964
1184,-0.72995645,0.99832815,0.26451266,-1.1954222,0.22352763,-0.14612159,0.7822593,-0.067905314,-1.156106,-1.4834014,0.78937346,0.11693582,-0.36671123,-0.9800598,1.2997861,1.9951278,0.11371718,0.75087214,-0.8766786,-0.39898697,-0.51350373,0.9896507,1.0621108,1.0599397,1.4150162,0.28015408,-1.4032837,2.1700823,-0.023743302,1.2246503,-1.0948888,0.24050185
1185,-1.2064049,0.6171388,0.07801104,-0.41365978,1.2103493,-0.45864445,1.088672,0.6512436,-0.31546763,-1.0843718,0.87535757,0.8608819,-0.044251703,-0.7294503,1.5445688,2.54326,0.77208436,0.62590945,0.674639,-0.7744678,-1.2245444,0.7124929,0.31394446,0.28147358,1.3682892,0.29450113,-1.2010223,0.9254619,0.42034212,1.6742364,-1.259731,0.31578445
1186,-0.46145865,1.1190431,-0.37324265,-0.81736803,-0.43202025,0.05808479,-1.347172,-0.3981678,-0.61075896,-1.2071539,-0.46797255,1.3462291,0.062742524,-1.3957278,2.1156886,1.9261118,0.01857123,0.65548116,-0.88771975,-1.121481,0.10390544,-0.6972748,0.64723146,1.3011844,1.6471552,1.0290929,-0.47928327,1.6435767,-0.02004049,0.60284424,-0.9339912,-0.28074187
1187,-0.58153754,1.2486258,-0.77046573,-0.8369194,-0.6689496,-0.07726264,-1.57038,-0.19229867,-0.38376173,-1.368698,-0.33270413,0.8041803,-0.2472303,-1.2506132,2.2623882,1.6316952,0.07354085,0.45790097,-0.9513138,-0.91928524,0.30485338,-0.5721172,1.041157,1.3721904,1.9782926,0.84169483,-0.43863237,1.4361185,-0.43798962,0.5836464,-0.8331074,-0.24051216
1188,-0.1492234,1.0906771,-0.86523426,-0.57438904,-0.29822502,-0.43149766,-0.77946234,-0.37833288,-0.8655208,-1.583937,0.10306417,0.84500325,-0.19422005,-1.3912057,1.7956141,2.0107534,0.4158628,1.291935,-1.2516918,-0.97510356,-0.054233924,-0.59141695,1.4193525,1.4533693,1.3017762,0.59941083,-0.9609838,1.2118492,-0.57036036,0.9936795,-0.84802043,0.038685825
1189,0.43911165,0.53801805,-0.2384484,0.37764484,-1.9906132,-0.4614269,0.35335752,-0.90619,1.2838737,1.8492391,2.1179073,-0.10492065,-0.21425179,0.3155004,-0.17747904,-0.3647026,-0.06774372,-1.7062984,-0.56455123,0.10192749,-0.8656957,-2.3231688,-1.3938917,1.5725267,-1.2379006,0.37254006,-0.02383006,-0.7956489,0.030321224,0.024372894,-0.33352458,-0.98675025
1190,0.81733334,0.38541085,-0.30174318,0.30582199,-1.3938888,-0.23640841,0.5916614,-0.6813205,1.500875,1.5122421,2.369608,-0.44516683,-0.5866529,0.82900965,0.3014971,-0.32355413,-0.6976096,-1.6177999,-0.06741958,-0.15072812,-0.7241051,-1.9942421,-1.6593924,1.0408252,-1.1693002,0.7316687,0.58210576,-0.9771347,0.38562065,-0.3711553,-0.4443792,-1.4612907
1191,0.58420485,0.66976166,-0.5368804,0.83679235,-0.19287223,-0.36684462,-0.117196344,-0.46530247,0.80865574,1.2397757,2.8323574,0.724806,-0.32879883,0.057727832,1.2525997,-0.114697516,-0.1317632,-0.8567238,-0.86076313,-0.2694227,-1.825315,0.12852427,-0.20632021,1.0111344,-0.6424797,0.12569995,0.69590276,0.79720217,-1.4982835,-2.1634977,-0.34760672,-1.5180986
1192,-1.2407391,-0.32713798,-0.39657784,-0.25351116,-2.0833197,0.5031695,-1.1091334,-0.9084371,1.94296,1.7661366,-1.2846404,0.5338398,1.0950353,0.22146754,0.3868743,-0.7720239,-0.1730024,-0.03811424,-0.8924547,0.14858285,0.75924546,0.3662437,-0.32550377,-0.52778393,1.7231213,2.1217906,-0.22969902,0.95186424,-0.123908944,0.668446,1.2314972,-0.34428334
1193,-0.80244833,0.4748424,-1.261288,0.83259225,-1.6068081,-1.385321,0.49259874,-1.1826395,1.1556951,1.8402648,0.82338715,0.05742993,-0.72027117,1.0230573,-0.27247956,0.23576264,0.04990091,-0.12540454,-1.8310502,0.42585006,0.37553957,-0.96743786,-1.7876574,1.6166492,0.28138447,1.4853991,0.481848,0.0409713,-0.06972574,0.24846333,0.8020317,-1.9297194
1194,0.17640013,0.06133737,0.18375868,0.27396578,-1.3848932,-0.5816262,0.5924315,-1.221621,1.5552745,0.9893607,2.1936586,0.14737052,-0.14394364,0.651753,-0.22829846,0.018517395,-0.018994546,-1.2435886,-1.1713234,0.31267872,-1.5914251,-2.3057027,-1.5677986,1.395775,-1.0247686,0.3238939,-0.6730479,-0.00534876,0.19280829,0.36483744,-0.6898982,-1.4944658
1195,1.1050516,0.66285414,-1.684976,2.0614235,-0.58700675,-0.06303723,0.66539586,1.2416053,2.320751,1.5264494,0.96946555,0.7822025,-0.66818964,0.6380694,0.0021990929,0.6584296,0.9480836,-1.203783,-0.72310084,-0.25748378,0.6836277,-0.7647072,1.3208839,-0.94709975,-0.7523109,0.13571054,0.7591876,-0.38615695,0.44218048,0.73386455,-1.4051805,-0.5301287
1196,0.87357605,1.1579927,-2.0420625,2.1008227,-0.73116183,-0.3650359,0.1152849,1.4127094,1.9315712,1.8812511,0.8404875,0.67878824,-0.13318081,1.0507671,-0.19114782,0.57454824,0.87926537,-1.128567,-0.6664523,0.31048778,0.70985466,-0.59596115,0.9298876,-0.80438966,-0.6539712,0.43942073,0.4560009,-0.4088696,0.6781158,0.3048268,-1.5710614,-0.90449196
1197,0.7553188,1.0980858,-2.2102056,2.1715312,-0.7588194,-0.3040595,-0.021005183,1.5582149,1.8123296,1.8855214,0.63191754,0.683589,-0.07283016,1.273453,-0.4659622,0.5086905,0.8312979,-0.98433346,-0.39535418,0.105722725,0.77764994,-0.716956,0.77450234,-0.90182346,-0.03387056,0.70316565,0.2717578,-0.26807147,0.8010879,0.2676002,-1.28694,-1.2095064
1198,0.42132407,-0.7483766,-0.14221375,1.4729667,-0.217031,1.6707832,-0.6367842,-0.46944714,-0.09326542,-1.0225935,-0.61815506,-0.11688992,-1.3932021,0.98993117,0.041579727,0.3487539,-3.1901884,-1.6849122,0.89403856,0.1561226,-0.38156593,-0.99646884,-0.5649391,0.13153428,-0.104572155,-0.30952066,-0.74560684,0.56140417,-1.8465861,0.82758504,-1.0606604,0.5373439
1199,0.46272624,0.21158862,-0.8631889,1.5968848,-1.4512354,1.2729946,-0.07844132,-0.5611572,0.04394305,0.0076771933,-0.91784954,0.91021794,-2.0002668,0.3910888,0.31583717,0.61357975,-2.8623693,-0.53166837,0.41908592,0.60420203,0.6808002,-0.8991783,0.8247498,-0.24280809,-1.0122658,-0.2691852,-0.29205132,0.54628336,-1.9446388,-0.2610552,-1.4421636,0.42461944
1200,1.4486132,0.43367243,-0.40450814,1.3832469,-1.2317706,0.51677525,1.5143969,0.45002404,1.9204473,0.35761267,-0.26211625,0.25326788,-0.63254815,0.6255057,0.8759033,0.6809446,-0.6295909,-0.383594,-0.09156688,0.89803535,0.09040916,-1.3908601,0.8610411,-0.703339,-1.8995197,0.41784558,0.6477715,0.07883517,-0.7210375,-0.4948432,-2.4559698,-1.1922113
1201,1.4104576,0.5719869,-0.711446,1.3008646,-1.2482336,0.597807,1.2300345,0.45468497,1.8678844,0.35291559,0.29232898,0.39973742,-0.42651355,0.048366915,1.2135223,0.8911194,-0.38241425,-0.5555416,-0.21548454,0.66630584,0.29700395,-1.3391194,0.8148802,-1.0786996,-1.9463811,0.45264667,0.07030508,-0.19097197,-0.6528027,-0.18926568,-2.6291046,-1.2909051
1202,1.0323789,0.820675,-0.7515052,1.5731244,-0.71422744,0.60033643,0.6893544,0.1990115,2.5529583,0.3622376,0.21966302,0.3198384,-0.83088064,0.5480808,0.8449864,0.71886903,-0.6346793,-0.42782244,-0.3658318,0.71313053,-0.012492166,-1.1513054,0.7484742,-1.1275411,-1.9955194,0.38075927,0.1451553,-0.36189428,-0.7436801,-0.2741294,-2.5040247,-0.90931463
1203,1.11406,0.93369555,-1.037114,1.4211421,-1.6047591,0.5335869,0.64234185,0.34221742,2.5425825,0.96524584,-0.11549862,0.59769666,-0.76102906,0.097517624,0.96217126,0.9073436,0.12741578,-0.6849683,-0.30289426,0.3816442,0.5021312,-1.0108267,0.64552736,-1.5077124,-1.731152,0.42597643,0.0011322318,-0.58936363,-0.11840232,-0.06762449,-2.0513654,-1.0153345
1204,1.2133077,0.65890163,-1.0813837,1.6636882,-1.5865521,0.45029885,0.77473474,0.5022475,2.2458599,0.85706896,0.15348198,0.8605364,-0.85740286,0.2615549,0.9917551,0.9640307,0.46025866,-0.78942615,-0.21267293,-0.17144118,0.56035304,-1.0056263,0.587005,-1.4159533,-1.786742,0.35090083,0.055014223,-0.57382315,0.10316173,0.20774387,-2.1921048,-0.7585128
1205,0.9315878,0.96042216,-1.4810911,1.7824126,-1.1248506,0.0527957,0.39074114,0.6494717,2.5294058,1.0650542,0.33852673,0.71297735,-0.6720847,0.7595533,0.5530048,0.62695843,0.44077086,-1.1899724,-0.37435278,0.36367884,0.29917967,-1.0966897,0.46315444,-1.1414555,-1.5645022,0.4272156,0.2566016,-0.4606551,0.31651342,0.13941547,-2.2196295,-0.88877255
1206,0.65365565,0.78033054,-1.6950217,1.7194927,-1.4897546,0.11693653,0.33030084,0.7459221,2.493333,1.2438365,0.0871508,0.94234425,-1.1260582,0.5490965,0.5328012,0.70925754,0.75219613,-1.3114076,-0.32912672,-0.2472255,0.59454036,-1.0710089,0.71699613,-1.5429478,-1.1359231,0.31170186,0.06711632,-0.33738863,0.3905487,0.5024451,-1.6351125,-0.66819
1207,1.8147595,0.30785218,-0.0008366753,1.8456827,-0.82293373,1.0683986,1.8614547,1.258334,1.9055468,-0.56236273,0.26074147,-2.1057923,-0.39983192,-0.6241529,1.4356214,1.4830662,1.1711471,-0.45914567,-0.3120627,0.11422707,-0.010620812,0.2975041,-0.37144592,-0.57847744,-0.25159281,-0.15628715,0.33535606,-0.6862177,0.6578235,0.040246643,-0.386243,-1.367897
1208,1.5018247,0.3484689,-0.6387972,1.9388741,-0.31331635,1.0858153,1.2091261,1.0596113,2.261052,-0.2675933,0.46914938,-1.8823385,-0.23188041,-0.6901189,1.1092912,1.7020904,1.1864403,-0.35479707,-0.6088474,0.032329813,-0.054196812,0.084305495,-0.78127885,-0.8384153,-0.5713287,-0.1891098,0.40447694,-0.6193292,1.0989375,0.052689306,-0.3644837,-1.5707906
1209,2.1217415,0.5306003,-1.4705201,2.4095283,0.56618214,0.73425865,0.6235657,1.1439993,1.9688687,-0.197177,0.60022557,-1.6778256,-0.23245606,0.36651155,0.50747603,1.236136,0.95826346,0.08748379,-0.5563884,-0.417871,-0.013794983,-0.13541032,0.19753315,-0.24214816,0.7874986,-0.6190143,0.76628083,-0.5992247,0.74489206,-0.4325845,-0.19647895,-1.9179326
1210,0.6902711,-0.3205417,0.07269617,1.5882628,-0.7947897,1.1455907,-1.5071906,-1.16019,0.12902556,-0.9761379,-0.95242393,0.35098067,-0.19046693,0.86894315,0.2621504,0.9681698,-2.521485,-1.6322963,0.12413966,0.7522431,0.54948187,-0.9979172,-0.3795734,0.10717941,-0.29298148,1.0918695,-0.46798295,0.2071184,-2.2207265,1.0853813,0.13376404,-0.08154484
1211,1.6359909,-0.25353867,0.4608368,1.7822361,-1.2571386,1.2289625,-0.2295127,-0.60048395,0.3402571,-0.752929,-0.7020884,-0.5241186,-0.74547756,0.86131364,0.25439623,1.8383844,-2.3934035,-1.6224782,0.4925604,0.7241347,0.60900027,-0.37053013,0.2170774,-0.28613132,-1.4932662,-0.40855116,0.30519047,-0.0059416974,-1.5118899,-0.02723384,-1.1571232,0.18642882
1212,2.263228,0.303952,0.59388685,1.724385,-1.9754384,0.96423495,2.0919213,0.7819858,0.63738066,0.22748983,-0.5261113,-1.7689008,-0.41071057,-0.34982577,1.4013671,1.5812606,0.2847359,-1.288319,0.08355133,0.61368364,-0.23156618,-0.36356786,-0.056062263,0.0040458287,-0.58234763,0.42931175,0.42371872,-0.04772512,0.1807532,-0.10884189,-1.0670778,-1.1643173
1213,2.0619254,0.1241087,0.31935605,1.720632,-1.9289858,0.67443395,1.9678928,0.36025032,1.0856729,0.07190992,-0.45417857,-2.1602223,0.09394682,-0.6530637,1.5360199,1.5556151,0.53423214,-1.212199,-0.4325012,0.5749423,-0.0699657,-0.0031695657,-0.13617831,-0.3415693,-0.60909307,-0.15952331,0.3338929,-0.055272188,-0.12625189,-0.043882944,-0.8643058,-1.5152105
1214,2.147498,0.3116414,0.28196785,1.362303,-1.6181779,0.8278899,1.9124504,0.48487982,1.1360335,-0.32890046,-0.47084716,-2.2299292,0.026593262,-0.6776882,1.8895606,1.5601443,0.66154003,-1.1792552,-0.30704743,0.3376752,0.27957597,0.43205357,-0.079667315,-0.4206642,-0.5677966,-0.14186734,0.3806887,0.21151537,0.08210504,-0.44863918,-0.89665097,-1.3963572
1215,2.1505482,0.26601505,0.5814198,1.6444637,-1.9971104,0.5162229,1.7983485,0.81944525,1.6155609,0.27911374,-0.5867725,-2.0763955,-0.35497475,-0.6317368,1.3498353,1.3802241,0.7369762,-0.91799563,-0.2565263,0.57973754,-0.20606905,0.04675341,-0.12191729,-0.4848902,-0.25807208,-0.14412493,0.7353867,-0.59793544,0.2401997,-0.35133806,-0.7373488,-1.0016428
1216,2.18595,0.28135723,0.36304975,1.6305325,-1.5187306,0.8515786,1.7226267,0.96096784,1.5846125,-0.2560828,-0.29526365,-2.190723,-0.062641844,-0.62482697,1.527737,1.551703,0.7611895,-0.9858657,-0.3721548,0.34254435,0.047604084,0.28458384,0.007883365,-0.48335394,-0.47821933,-0.16590777,0.57173526,-0.36364603,0.35511026,-0.29373112,-0.65667963,-1.3762563
1217,1.8499174,0.43794513,-0.1428428,1.5312462,-1.1868851,0.8848534,1.7075351,1.0916823,1.6227505,-0.30903307,-0.033656795,-2.2356322,-0.25726864,-0.699524,1.4057206,1.7376193,1.1378187,-0.859448,-0.5154278,0.42728302,0.06416745,0.26266018,-0.37943926,-0.47476134,-0.47828162,-0.09855315,0.32059467,-0.36492977,0.75452125,-0.1971979,-0.6481309,-1.5647494
1218,1.6997792,0.25722668,0.04659274,1.6700795,-1.4301983,0.77935916,1.887784,0.78586507,2.1313715,-0.110754386,-0.02087385,-2.0540137,-0.50963074,-0.5527443,1.0979397,1.6128484,1.2304283,-0.6499516,-0.26071915,0.21730906,-0.16905814,0.23717567,-0.37188074,-0.8008979,-0.21138288,-0.27258512,0.4491686,-0.6904995,0.8342308,-0.2045179,-0.14841458,-1.3110054
1219,2.1408668,0.06723448,-0.009538942,1.590061,0.19473042,1.0246434,1.8824701,0.76910937,2.487584,-0.3621805,1.1419159,-1.0606283,0.59205043,0.21390258,0.96273005,0.26682422,0.8684924,-0.90560406,-0.2354173,0.40259236,0.33328146,0.06729005,0.1142847,-1.0579505,0.5587625,-0.107750855,1.4124954,-0.9225068,0.86447155,0.13220213,-0.003812796,-1.4485792
1220,1.8218887,0.15656242,-0.87304896,1.6432482,0.40521416,0.73554486,1.5485684,0.9442542,2.3202226,0.24261205,1.3244355,-0.76589423,0.43404114,0.5437617,0.62551236,0.6664126,0.9000696,-0.9182385,-0.3725403,0.7032111,0.3105148,-0.4504453,-0.1971433,-0.9246539,0.9981472,0.24047877,1.4758538,-0.7546593,1.2911528,0.057270914,-0.017924951,-1.5033357
1221,1.6462629,0.14179298,-1.3404943,1.8622811,0.68231744,0.49889648,1.383145,0.9692834,2.117088,0.9547624,0.95436454,-1.010236,0.096718006,0.95994914,0.73309404,0.4383488,0.85467136,-0.69210976,0.0028092542,0.31955108,0.32038295,-0.8193776,0.39934632,-0.855701,1.753329,-0.2111017,1.4468082,-0.5932246,0.6473925,0.018041149,-0.3957193,-1.3109248
1222,0.7560228,-1.4299324,0.30677795,1.5838383,-1.2603382,0.8714542,-1.2835212,-1.3454885,0.16764218,-0.75916547,0.022020731,0.7819518,0.21937081,0.1711832,-0.071090505,1.1538773,-2.3824098,-1.5161057,0.95661426,1.1717173,0.16897272,-0.779245,-0.030271726,-0.70985305,-0.83341634,0.8176001,-0.6215894,-0.50783277,-1.0090604,1.7708449,-0.5453706,-0.024524158
1223,1.8826861,-0.88596797,1.0764712,2.4496508,-2.5924165,1.5105685,-0.5204265,-0.592361,-0.26576257,-1.04071,-0.24399316,0.07734237,-0.10990828,0.11562971,0.3507091,1.1506485,-1.3268044,-1.5091559,0.69338197,0.92996424,-0.37795475,-0.8319436,0.12558092,0.012699602,-0.62320876,-0.26266354,0.32667065,-0.695147,-0.3012187,0.29856443,-0.78176695,-1.0168154
1224,1.9506742,0.23252642,1.0915548,1.5543993,-1.6624043,1.4637004,2.1922104,0.7973845,1.1837156,-0.13742024,0.08718402,-1.6512803,0.6196242,-0.04228835,1.6943871,0.71004725,0.7075601,-0.8339448,0.38943404,0.9577064,-0.2613986,-0.7088169,-0.04176868,0.21403924,-0.32008052,0.4790318,0.6881887,-0.081378266,0.1844649,-0.29736367,-0.9702121,-1.4811207
1225,1.7809844,0.282891,0.87919027,1.2702596,-1.4048991,1.726858,2.2309968,1.0579451,1.437868,-0.25761124,-0.052871868,-1.7813832,0.60454977,-0.16335514,1.8791156,0.6171447,0.5371692,-0.9369326,0.11461709,0.8564834,-0.025385456,-0.4983199,0.038690057,-0.24647222,-0.20827757,0.13477851,0.80866647,0.27355322,0.101515025,-0.14782862,-1.0141325,-1.5708644
1226,1.9884689,0.08083092,0.80188936,1.0988562,-1.237854,1.4743022,2.2177227,1.0714691,1.0911229,-0.50409955,-0.17498468,-2.1387477,0.4729376,-0.16230375,1.9756482,0.75959784,0.51129895,-1.0424708,0.20538396,0.9503703,0.061128438,-0.12409312,0.5228087,-0.32572573,0.05140169,-0.2956004,0.73078734,0.13391355,-0.17501616,-0.3977052,-0.92467386,-1.4995767
1227,2.0677824,0.13566388,0.9446343,0.95246565,-1.6630192,1.393641,2.0224516,0.72362155,1.609607,0.014400053,-0.013916251,-1.7856199,0.3182339,-0.13256896,1.649891,0.7866716,0.7546145,-1.0697653,0.45705462,0.90622705,-0.14697775,-0.87905437,0.1717971,-0.6605237,0.17061171,0.357576,0.4655907,-0.4418577,0.5907738,-0.3781674,-0.7932286,-1.4653794
1228,1.4445713,0.055520646,0.7660848,1.4486482,-1.4819142,1.383534,2.5270662,0.96413183,1.7768792,0.1251875,0.16251582,-1.7399881,0.28501904,0.1752837,1.3868984,0.03967859,0.38635916,-1.0215582,0.18446882,0.9950738,-0.24105312,-0.88139045,-0.39888307,-0.36883256,-0.6778694,0.17605866,1.2708979,0.277838,-0.051658623,0.0779886,-0.8519822,-1.1335925
1229,2.2495263,-0.14750269,0.49479973,1.0067915,-1.0826355,1.2525568,2.3081791,1.2169341,1.2494184,0.14993258,0.45739037,-1.8662902,0.6765144,0.0012118226,1.6904744,0.3989803,0.50943625,-0.8754951,-0.2151196,1.0143435,0.08410384,-0.61318207,-0.3088467,-0.120427154,0.29257536,0.37944606,1.2335069,-0.5040918,0.7191992,-0.4911188,-0.19504787,-1.4729989
1230,2.17267,-0.029116035,0.6549001,1.3183522,-0.8544222,1.0205555,2.1750648,0.92194134,2.1261907,0.15444165,0.76324874,-1.3516088,0.3726606,0.40413854,1.1799568,0.15775998,0.631942,-1.0869437,-0.11678895,0.765077,0.1058867,-0.48020175,-0.05785289,-0.6913459,0.30669641,0.2819877,1.6125336,-0.9790168,0.72579926,-0.18788268,-0.13207433,-1.1721952
1231,-1.3151892,0.04334687,-0.45155203,0.24496678,-1.4271765,-0.24742427,-1.0929519,0.6874761,0.7269867,-1.0849019,-1.2573414,1.7731516,-0.4953963,0.8484034,-0.87503064,0.21388578,-0.7708572,-1.0845239,-0.8820739,-0.9944767,2.3028998,0.00047461005,0.39309987,0.5718431,0.41801426,0.73043066,0.081116214,0.2879068,1.4019928,1.610368,1.9974792,0.010121747
1232,-1.4848589,0.41424444,-0.6165177,-0.2429021,-1.080707,0.07230619,-1.0333127,0.5023121,0.8224042,-0.96356374,-1.4847484,1.5833007,-0.6725558,1.1500638,-0.7021716,0.11479246,-1.0194753,-1.1514013,-0.5403287,-0.9385673,2.2003722,0.17352046,0.5500453,0.4730365,0.728752,0.6873847,0.074862756,0.76259434,1.7940634,1.2243307,1.7696924,-0.26081455
1233,-1.5320545,0.5327084,-0.5677654,-0.7104196,-0.7656052,0.016893767,-0.2015321,0.39296895,0.5015395,0.011629621,-1.8053597,1.1835994,-0.5639031,1.1403757,-1.3169892,-0.25548047,-0.99075,-0.3810255,-0.2977691,-1.062953,1.9292127,0.26275554,0.49848327,0.40599194,0.85941064,0.6998679,0.53723055,0.299623,2.4086454,1.1812732,1.7535738,-0.5575173
1234,-0.3030748,-1.2785233,1.0163503,1.8337497,-0.96195436,1.247214,-0.53113234,-1.0331486,-0.3970815,-0.35122275,0.24071136,1.7916589,0.37806466,0.2616828,-0.27476445,1.5202794,-1.237639,-2.165409,0.13192885,0.71083695,0.7959585,-0.91339225,-0.46732408,0.3277131,-0.90832216,0.62805206,0.8036668,-0.83280474,-1.7239157,1.334777,-0.023761583,0.071746305
1235,-0.6840587,-0.007199511,1.5460725,1.94084,-0.8657885,-0.10229611,-1.1592298,-1.2593352,-0.37232846,-0.4672328,0.5663537,1.27332,-0.9298567,0.16961378,-0.8767491,1.151588,-0.5234302,-1.8668277,0.5584016,0.17904887,-0.71776706,-1.393793,-0.39947295,-0.49196994,-1.0022748,1.0657972,2.142331,-0.6465483,-0.89537936,0.8986632,0.7681708,0.27033138
1236,-0.031275358,0.54858077,0.881225,1.1482925,-0.3937363,-0.72681946,-0.5461721,-0.797784,0.24587817,0.2622809,0.4451888,0.62335396,-0.8998983,0.27986065,-1.176305,1.2221464,0.13934712,-2.1580298,1.8187664,-0.9772726,0.33647242,-1.4831967,0.46100512,0.8838771,-1.3099129,0.36232448,0.5278496,-1.6378459,-0.838377,1.2518523,1.3836544,1.4770391
1237,-0.45528856,0.50154555,1.0437003,0.077421784,-0.37696445,-0.80137134,-1.085778,-0.96234494,0.6774682,0.15974428,0.15315604,0.17630994,-0.5562604,0.9948354,-1.5255904,0.881427,0.2474806,-2.4591186,1.216806,-0.97254425,0.32746223,-1.7021227,-0.11010892,0.6853289,-0.5317735,0.9731612,0.4064228,-1.1851792,-0.48017612,1.3238562,2.168095,1.1880604
1238,-0.5052744,0.742552,0.71232015,0.30897275,-0.39097342,-0.6533591,-1.4568992,-0.57080704,0.51115495,0.078947656,0.0018706992,0.19258158,-1.1106302,0.65624255,-1.0563264,0.8776269,0.54531133,-2.183542,0.9553153,-1.3325213,1.2354704,-1.2899497,-0.6915386,0.93673337,-0.25843164,1.209426,0.4842341,-1.4090279,0.15378131,1.0802261,2.553226,0.71025807
1239,-0.3082242,0.53031224,1.1148735,0.25236717,-0.6896019,-0.9285315,-1.5359468,-0.14842793,0.29036286,-0.19562691,-0.17690352,0.4875835,-0.73437464,0.5764573,-1.1121911,0.74617004,0.79654974,-2.2523978,1.0312269,-1.3201636,0.5976843,-1.5711261,-0.26514867,1.0073619,-0.19292,1.2564031,0.26020387,-1.149123,-0.055722922,1.3607999,2.3132,1.134418
1240,-0.69640785,0.3672786,1.1665095,-0.41106525,-0.6401714,-0.6312753,-1.5458847,-0.51573116,0.48871338,-0.60287994,-0.21128993,0.66760474,0.0048555173,0.97477496,-1.2517241,0.7677581,0.28540426,-1.8797913,0.91719025,-1.2970299,0.5754626,-0.8980344,0.03965527,0.49367175,0.0066613923,1.3495826,0.555934,-1.0598278,0.19420736,1.5265975,2.925141,0.82457274
1241,-1.1568313,0.57944304,0.2875785,0.124574296,-0.96287084,-0.41536972,-1.3473066,-0.2547153,0.53438634,-0.19914524,-0.3143855,0.3515957,-0.7325994,1.2747271,-0.73311764,0.7770807,0.20905632,-1.6242096,0.29279193,-1.2216985,1.6560858,-0.54630363,-0.7874835,1.2157047,0.20385338,1.2868482,0.70619375,-0.7815089,0.63198173,1.1401737,3.1922388,-0.1564986
1242,-0.6091244,0.1931606,1.3258553,-0.06521372,-0.5577012,-0.68229854,-1.5900443,0.26728195,0.2890628,-0.5242213,-0.8742108,0.9299574,-0.23264678,0.79569536,-0.79788816,0.5709753,0.5287569,-1.452954,0.4503115,-1.3351065,1.0481023,-0.56825334,-0.320632,1.4721291,0.67403656,1.4413139,1.1481761,-0.61035854,0.67449236,1.0396621,3.0483024,0.5151659
1243,-0.12575594,-2.0394225,0.47171676,-2.572007,0.042625993,-0.2507827,-1.0368913,-0.1669222,0.50909805,-0.24213055,-1.8141501,1.6752911,-0.32586133,0.007303024,-0.06908875,0.4555198,1.1250346,0.07267495,0.16258298,-0.6361095,-0.73558456,-1.3661178,0.8646101,-2.5278592,-0.23874357,0.4721389,-0.16355401,1.2509171,0.6652014,-0.21040334,0.3817744,-0.9651853
1244,-0.5081251,-2.0265033,0.27745464,-2.6111696,0.079991184,0.019124776,-0.36398226,-0.7402072,0.69815147,-0.2548495,-2.0417686,1.3293719,0.04801413,-0.054765724,0.121955,0.047319423,0.41756833,0.39548576,0.1063114,-0.634726,-0.61557674,-1.1408744,0.7865058,-2.8120992,0.5779842,-0.2518807,-0.78469545,0.88372415,0.86698514,0.08958058,-0.07277194,-1.2719942
1245,-0.55665046,-0.81924665,0.41225818,-2.7014053,0.73286456,0.8746281,-1.3180659,-0.40251246,1.4040805,-0.07111189,-1.2938162,0.3235421,0.43907204,-0.37148672,0.18877673,0.4220054,0.9770811,0.94992876,0.19021478,-1.2406559,-1.4184328,-0.14891036,0.4697386,-1.9104778,0.19767171,-0.3174566,-0.042521663,2.0340853,1.0297827,-0.7770029,0.84595346,-0.3492119
1246,-0.895611,0.24534097,0.17867637,1.4304558,0.48515603,-0.16894914,-0.9746215,0.5227558,0.0042675454,-0.85696185,-0.8468232,0.68294406,0.93693745,-0.084758066,2.3339088,-0.07207322,-0.93150294,-2.109127,1.1905625,0.16673875,-0.044040512,1.4837468,0.2637931,2.0007052,0.029067216,0.032362092,1.2471266,0.87064517,-1.8373448,-0.45946458,-0.3124372,1.1869687
1247,-0.8051102,0.32739314,-0.00029073074,1.4938846,0.7822845,0.76374745,-0.2311725,1.1472454,0.4215625,-0.1308217,-0.2110512,0.7320185,-0.46360913,0.31749836,1.4162835,0.015766097,-0.992379,-1.1792341,2.062714,-0.09449589,0.68091697,0.96186537,0.17804429,1.941294,-0.6612982,-0.6854739,1.7832274,0.7924913,-2.1792245,-0.6262902,-0.48541525,1.1591636
1248,-0.78367746,0.38624364,-0.36297518,-0.04490089,0.9544962,1.0783234,0.6001754,1.3155122,1.0635098,-0.79980844,0.21489286,-0.28350094,-0.7526673,0.9346543,0.8358442,0.055261604,-1.4292727,-1.1141384,2.259255,-0.39720985,0.21812053,0.70045424,-0.13576342,0.71737987,-0.5904739,-0.07082485,0.2947607,1.6879252,-2.4904642,-0.18383278,-1.193178,1.297893
1249,-0.8810302,0.13216174,-0.5286736,-0.98316145,0.5715352,1.0725647,0.20957215,1.0903318,1.499391,-0.0030247085,-0.33899412,-0.05548435,-0.8446001,0.6666692,0.83393854,-0.5736423,-1.3207152,-0.43186724,2.5931702,-0.46591985,0.24758983,0.3855823,-0.26191783,0.04340724,-0.51829576,-0.08934297,0.59185284,1.8513632,-2.1787171,-0.41424707,-1.2609401,1.5399092
1250,-1.1891121,-0.15351462,-0.7555493,-1.5451845,0.8163625,1.1865412,-0.5534221,0.7572413,1.9544253,0.068491474,-0.46443984,0.060058232,-0.7537122,0.31626827,0.37935573,-0.8890773,-0.8842119,0.23322691,2.0811856,-0.083358124,0.32088783,0.042913698,-0.27311975,-0.047233112,-0.2367672,-0.039272692,0.40617156,2.1209288,-2.0128944,-0.72620386,-1.6155963,0.8726185
1251,-1.0714717,-0.36527368,-0.57356906,-1.932432,0.11273503,1.2035667,0.2636291,0.72357255,1.7679633,0.28849667,-0.38370347,-0.15716697,-0.56965077,0.2648263,0.70752907,-0.61452675,-0.8399969,-0.34428415,2.5580451,-0.65035886,0.18511648,-0.059655245,-0.01825077,-0.10517048,-0.3992918,0.15827458,0.3175199,2.226187,-1.704231,-0.44646662,-1.3910435,1.1720519
1252,-1.0308905,-0.3335816,-0.556421,-1.8738295,0.116756365,1.2446513,-0.6219348,0.45438382,2.2674673,-0.19690973,-0.5599045,0.07144265,-0.7836279,0.17734021,0.45923862,-0.2192285,-0.27782586,-0.35003728,2.058354,-0.79717696,0.42969024,0.20916833,0.39429903,-1.007632,0.14407618,-0.13259281,0.5835492,2.3667984,-1.6646649,-0.5373866,-1.0207547,0.9947115
1253,-1.19824,-1.1568997,-0.30655512,-3.1516802,0.6757711,1.1170782,-1.0540222,0.05522743,2.0313869,-0.23375438,-0.98760706,0.5356487,-0.34759033,-0.66947484,0.46770382,-0.043297123,0.36078754,0.24658652,1.241636,-1.0226266,0.24093172,0.25137314,0.0543063,-1.1116314,0.3671922,-0.16508819,-0.44196436,1.768914,-0.30945334,-0.6513482,-1.4020237,0.34209806
1254,-1.0726533,-1.9038485,0.39831132,-3.313534,0.59771407,1.1777602,-1.1349249,0.04105611,1.6754439,-0.92673975,-0.9909148,1.513425,0.013220462,-0.8179514,0.56724167,0.26750028,0.67680556,0.78626007,0.2052197,-0.7824628,0.34176552,0.32234132,0.028712615,-1.2606671,0.43333364,0.13308421,-0.35750794,1.1284859,0.25608248,-0.381544,-0.9411423,-0.045884676
1255,-0.6799511,-1.0739064,0.78096235,-0.8255495,-0.025007324,-0.49095455,-0.735423,-0.7093435,1.0985785,0.473596,-2.066895,1.6507009,-0.8212798,0.21188757,-0.07223233,0.14968997,1.1395319,0.72116226,-1.307924,-0.36859292,1.3875765,-0.8082526,0.8450976,0.015154051,0.80258876,0.9682898,0.36627018,-0.46061024,-0.8271131,1.5436523,2.3174212,-1.4862118
1256,-0.76107293,-0.7423273,0.17389947,-1.399016,-0.88760406,-0.98103845,-0.8554899,-1.2246403,1.3166184,0.8099945,-1.8905216,1.7161596,-0.95503205,-0.017326912,0.2941028,-0.56199235,1.022488,0.48095423,-1.2547216,-0.5229167,1.3162273,-1.0244758,0.64544314,-0.9363611,0.7447202,0.540001,0.35841253,-0.29382515,-0.49625728,1.2953311,1.8677508,-1.39288
1257,-1.0628905,-0.21480216,0.5664475,-1.4759943,-0.2731569,0.13391422,-0.46350408,-1.096194,1.8995469,0.6100119,-1.9001404,1.7260613,-0.32694602,-0.31482345,0.37537545,-0.4414048,1.3586698,0.5195455,-1.3991066,-1.0258129,0.9334979,0.23289654,0.9695282,-1.8145666,0.9898643,0.04481285,0.65771806,0.51911706,-0.05289134,1.0854355,1.4985844,-0.95255834
1258,0.8675807,-0.59035784,1.4668607,2.0068507,0.43188602,-0.030056963,-1.1571333,-0.40975213,0.15133858,0.3192883,0.11090573,1.6208355,0.5850042,-0.9786478,0.2724406,1.8997233,-1.2585802,-2.3973043,0.22166023,0.1579071,0.29002592,-0.4675059,0.6482077,0.9976781,-0.10817848,0.98640114,0.7462403,-0.8042891,-0.5963072,1.8421944,0.521218,-0.18242387
1259,0.6292933,-0.9326035,1.0011411,1.8818618,0.44191977,-0.33459443,-0.5069264,-0.8670363,0.6731277,0.32772985,0.2683954,1.2025362,-0.40964624,-0.43188426,0.3122962,1.9362993,-1.787326,-1.7727526,1.0589823,-0.11397364,0.771952,-0.4908195,-0.058097526,0.40007856,0.2789683,1.0729696,0.74784905,-1.7464089,-0.7887404,1.8886813,0.66556704,-0.081395306
1260,-1.3073676,-0.7106441,0.07175809,0.9251683,-0.5775353,-0.93444103,0.20823486,-1.3055804,1.0829796,0.458211,-0.51792276,1.2362179,-0.3489125,0.15581475,-0.4074163,0.24569786,-0.2566225,-1.9443786,1.4020749,-0.8307182,1.0200197,-0.24778357,-0.37547076,0.6937403,0.05882626,0.8893707,-0.034043755,-1.8390529,-1.0395169,2.4382439,0.834752,1.2186825
1261,-0.57438743,-0.9863508,0.4990544,0.08739047,-0.40085912,-0.69524914,-0.10411143,-1.0757717,0.86311954,0.8014818,-0.40732136,1.2865832,-0.06525016,0.348781,-0.99577945,0.5869329,-0.53287166,-1.352829,1.3110998,-0.5100169,1.0584723,-0.77067405,-0.4769441,0.37795067,-0.3882767,1.1355854,0.79045224,-2.2521513,-0.8336205,2.4093044,1.4551474,1.0293788
1262,-0.82233506,-1.0252844,0.20093249,-0.39948252,0.1504987,-0.69316876,-0.5058842,-1.0437847,1.3979342,1.0980297,-0.41627392,1.2311735,-0.71821135,0.4010056,-1.0521002,0.667375,-0.0056978352,-0.54655033,0.21650052,-0.1286167,1.8328649,-0.6194531,-0.6829201,0.4647571,0.2254139,1.0490175,0.63392955,-2.1190233,-0.80148065,2.2958407,1.9058791,0.18868464
1263,-0.62363577,-0.9912978,0.6837192,-0.30663225,0.107148014,-0.79927546,-0.6199959,-0.73971564,1.1740996,0.6645206,-0.86803716,1.2657852,-0.81127363,0.3179006,-0.56056935,0.9069483,0.2664112,-0.7429569,0.44890833,-0.3150248,1.4105375,-0.6613762,-0.39737436,0.39680487,0.35801983,1.6603618,1.0191543,-1.8745805,-0.91402113,2.3653543,1.8551891,0.5324659
1264,-0.31064475,-1.0243778,0.56013626,-0.75378615,0.18884134,-0.7069329,-1.3039825,-0.87131184,1.1575567,0.59617585,-1.571921,1.3577645,-0.76648045,0.3501234,-0.91096205,0.7820657,0.4063866,0.06944971,-0.30068725,-0.059284374,1.4128354,-1.0393852,0.04988382,-0.046118375,0.82495666,1.4757817,0.4683424,-1.6595283,-0.6276367,1.8392823,2.248916,-0.59749246
1265,-0.72398686,-1.0385585,0.25535578,-1.010384,0.03815139,-0.76971346,-1.0898261,-1.1677407,1.5453633,0.7705436,-1.0878454,1.052365,-1.0337727,0.5388727,-0.46583474,0.41308466,0.3321571,-0.022782203,-0.6432217,-0.15386347,1.7047857,-0.9155821,0.2696013,0.13980304,0.64895725,1.0585234,0.35814413,-1.4018493,-0.82258344,1.7232358,2.5054636,-1.1247927
1266,-0.7452658,-1.0112327,0.97103244,-0.6985395,0.73265934,-0.3821433,-0.67797357,-0.98609024,1.1630843,0.20189181,-1.5363587,1.0520166,-1.1445733,0.30262795,0.15830477,1.157073,0.66145706,0.31940627,-0.977103,-0.21058899,1.1131552,-0.42843542,0.21987246,0.30590984,1.3629699,1.5788215,0.5641101,-0.8472308,-1.0492355,1.6659276,2.2948468,-1.1193227
1267,0.025345823,0.71552974,2.266437,0.3410062,0.8150194,-0.20883955,1.303546,-0.3877456,1.2396692,0.51876396,0.13726705,-0.76568675,-0.05127583,1.3158966,-1.998424,1.8513883,1.3138887,-0.16449419,-0.77625096,1.2096639,0.39059925,0.18821627,0.8365178,1.0957391,0.059553105,0.37359768,-0.24052958,1.32736,-0.13857163,0.5002372,1.8119833,-0.51398253
1268,0.02506882,0.64594173,1.9590964,-0.6443437,0.39250284,0.59761363,-0.5101702,-0.98687047,1.2521557,1.0170132,1.220656,-0.38150108,-0.1816916,-0.24162848,-1.5958179,1.9488755,0.11823888,-0.44809845,-1.8098024,1.5374812,1.1792847,-0.80397546,1.4802722,1.1888446,0.4780139,0.1651506,-0.43722025,0.5113921,0.17160995,-0.09494751,1.0747645,-1.2159886
1269,-0.079497546,1.048207,1.7371677,-0.625757,0.13238142,0.11480381,-0.39759773,-1.6534388,1.7958015,1.3645912,0.74168164,-0.13196523,-0.8421279,-0.49574327,-1.4620687,1.1010592,-0.4045402,0.6558459,-1.2357349,1.3355244,0.220027,-0.4853756,1.344871,-0.09680853,0.65750134,-0.6596556,-0.7054882,1.1941158,0.709013,-0.7722415,1.379394,-1.6814319
1270,-1.1221865,-0.71796155,0.8002542,0.2695253,-0.7057759,-1.0731763,-0.8466004,-1.1174569,0.3030316,0.7896858,-0.74292135,0.491408,0.6596148,1.0554421,-1.5954242,1.2406709,0.78817403,-0.5373063,-0.07434552,0.56063783,1.5309238,-0.069938645,0.08561705,1.7654659,0.5884945,2.280475,1.2794116,0.5414405,-0.8248915,0.7838757,1.8603745,0.18420711
1271,-0.68908006,-0.1855986,1.6241211,0.4000211,0.021959014,-0.93478256,-0.025133636,-1.4524375,1.2027223,1.4096749,-0.37007436,-0.28957203,0.23281898,0.922784,-2.0034935,1.9581473,-0.09614445,-0.9803124,-0.8977513,1.7413654,1.142057,0.4206572,0.75092185,1.1804694,0.38642943,-0.06065164,1.1458392,0.83341706,-0.6122167,0.59325993,1.0975226,0.094463155
1272,-0.2399282,0.55013895,1.6824934,1.124974,0.3959293,-0.46872902,1.5335635,-1.2092228,1.1135451,1.2452503,-0.44277033,-0.5297271,0.15730755,0.89564127,-1.5727798,2.2187247,0.22796138,-0.4358742,-0.8083007,1.6622074,0.30744547,-0.23943888,0.60175925,0.6373504,-0.721859,-0.23259614,1.2375277,0.95063686,-0.49440977,0.9812563,1.0371267,-0.32111517
1273,-1.9611391,0.34863666,-0.80440664,-1.00011,-0.72030395,1.0825835,-0.19321668,-0.43886292,-0.3707147,0.8360122,-1.8511901,1.4817779,1.6316007,-0.4712388,1.4389973,0.88316625,-0.30036288,0.23892005,0.8774849,-0.44856256,-0.32985,-1.1586597,2.3561761,-1.7206305,-0.15301657,-0.5501924,-0.43737733,0.26671812,0.76635295,-0.34734002,1.372938,0.19143954
1274,-2.2419615,0.3228561,-0.8503247,-1.3108647,-1.0374084,1.534319,-0.77281475,0.12762421,-0.12746716,0.5366025,-1.7753794,1.5006397,2.185384,-0.4580853,1.6376657,0.13744982,-0.112065285,-0.037223022,0.6222535,-0.21758394,0.4849595,-0.98263603,1.7724255,-1.1685959,0.27054942,-0.44386378,-0.5791437,0.1201004,0.9593058,-0.46881226,0.9520577,-0.16270995
1275,-1.8715627,0.21329631,-0.7791527,-2.2717996,-0.77518135,1.4280908,-1.099521,-0.3457068,0.8256588,1.3952664,-0.6617033,0.41992056,1.8345098,-0.29033828,0.77267206,0.0014398299,-0.17894796,0.3073381,1.2490181,-0.24707437,0.15812127,-0.115858115,1.5468533,-1.8496374,-0.18928352,-0.765278,-0.44188887,0.50063044,1.1479331,-0.43297645,1.7060046,0.24454296
1276,-0.2681392,-0.3832453,-0.14944601,-0.85154325,-0.14306031,1.5405004,-0.6601333,-1.2195522,0.5944591,0.33238518,-0.9241913,2.0934331,0.47660127,-1.0569148,2.5793903,-0.6080516,-1.9641659,-0.66366106,0.6019103,-1.4855919,-0.05408522,0.021116592,-0.8557349,0.4213902,0.8403523,0.9991423,-0.41992676,1.232875,-1.051315,0.3472685,-0.90029484,0.5167065
1277,-1.9685034,0.3857465,0.09653382,-1.3188164,-0.80280197,0.43008024,-2.760054,-0.2335226,0.7272758,0.038819525,-1.0416691,1.7046815,0.21996933,-1.1533564,1.6646423,-0.65745085,-1.0107176,-0.32910293,0.4313275,-0.7906713,-1.3941146,-0.10931004,0.12123906,-0.19761689,1.1135583,1.174336,0.29138678,0.8999594,0.73635983,0.14077514,-0.8893103,0.27358532
1278,-1.530101,0.1972493,-0.11240703,-1.5838859,-0.86247534,0.5408813,-2.0882983,-0.48875815,1.4865203,-0.8148565,-1.1463621,1.3340569,0.38722423,-1.0717851,1.5547231,-0.8783444,-0.6706155,-0.34245163,0.9087475,-1.720803,0.17741175,-0.56577533,1.193382,-0.7422353,1.3337024,0.91054446,-0.38625085,0.19845884,0.5303049,0.528864,-0.5401866,-0.15702197
1279,-2.1396632,1.123418,-0.91348386,-1.7098815,-1.0441753,0.24122776,-1.0644635,-1.1800666,0.84193224,-0.09605722,-0.7392024,1.2825452,-0.10973372,-0.665642,1.3490052,-0.67587554,-0.878673,-0.42105347,-1.0558171,-0.9376165,-0.4380386,-0.40488344,1.1660641,-1.9896756,0.19080484,0.9521805,-0.3284331,-0.09415804,1.05391,0.9406698,1.0518368,-1.2193408
1280,-2.1314948,1.4328573,-0.87441844,-1.4731469,-1.1434289,0.27380994,-0.6764278,-0.7903137,0.5819371,0.18745598,-1.0967665,1.3585997,0.32317334,-1.067223,1.7274534,-0.7824496,-0.027580444,-0.16897312,-0.83441114,-0.64093083,-0.33238563,-0.070139855,1.6591692,-2.0677838,0.87122554,0.28654602,-0.99757046,0.56281567,0.37675717,0.8018161,0.88938284,-1.1505156
1281,-1.5361927,1.2933103,-0.87680864,-0.5392393,-0.6796762,0.78345734,-0.58080685,-0.0039176005,0.17150027,0.37521234,-1.3844248,1.0085653,0.8490091,-1.2772295,1.9027569,0.6506646,-0.055323113,-0.08093496,0.3830674,-0.8660029,-1.058759,-0.29118654,1.9083002,-2.7382565,-0.35050935,-0.123096086,-0.8909528,0.9952067,0.26047316,0.05495627,1.660856,-0.056738127
1282,-1.6243492,0.7685924,-0.5938501,-2.1890242,-1.0286007,0.664072,-1.4845991,-1.0313666,1.4333932,-0.33638614,-0.7815129,0.55828655,-0.0846538,-0.25976247,1.4109771,-1.0087674,-1.1730802,-0.68837184,0.24995004,-1.1913841,0.29445267,-0.69474983,1.028654,-1.3932663,0.9568913,1.6834863,-0.360135,0.4742486,0.87282157,0.33596483,-0.04023352,-1.0255239
1283,-1.9914498,0.9506077,-0.65037715,-1.9134248,-0.938572,0.59429276,-1.5490414,-1.1685867,1.3690312,-0.07645433,-1.3774703,1.151774,-0.12704793,-0.48098657,1.6577576,-0.93661994,-0.9274589,-0.16073191,-0.1943244,-1.2687293,-0.3593333,-0.44300357,0.93669426,-1.3705205,0.9372334,1.217708,-0.07294909,0.41355294,0.77276134,0.08798636,-0.25762436,-0.74056506
1284,-1.9969993,1.0158402,-0.691165,-1.7598948,-0.9294918,0.7919789,-1.0194798,-1.01922,0.92736816,-0.4903708,-1.1228546,1.1299468,0.06879161,-0.54412735,2.1823173,-0.9179649,-1.2554897,-0.16638452,-0.39628556,-1.3946882,-0.6176774,-0.43608075,1.0476463,-1.4148237,0.88050896,1.0762984,-0.40371057,0.57015556,0.56830096,0.3061842,-0.23044398,-0.93624645
1285,-0.12569067,-0.01549277,0.7278889,0.23230335,-0.7218381,-0.97598284,1.2088499,-0.5723915,-1.3886514,-0.7798539,-0.347076,0.0018458503,0.42188564,-1.7090657,0.62414396,1.424237,-0.8204667,0.6014505,-0.015216793,0.24426055,0.02326703,-1.1999741,0.64516616,1.0584412,2.531721,0.07045635,-1.5435414,1.4601126,-0.8985674,1.0864626,-0.93770105,-0.016854607
1286,-0.40381584,0.2575531,0.87008446,0.36349717,-1.0146394,-0.12536696,1.3859657,0.8035435,-1.3166639,-0.95899826,-1.4330846,0.038453754,1.0724231,-1.2764064,1.315895,0.7895866,-0.63621646,1.1639537,0.6395249,-0.3992201,0.33392963,-0.88477165,1.0863405,0.92870736,2.7568476,0.021640712,-1.4749408,0.68204576,-0.38047346,0.7808109,-0.39830878,-0.059394255
1287,-0.43146285,0.12754734,-0.8343635,-0.8765389,-0.4189566,0.3248188,1.6927954,0.8335242,-1.1549141,-0.68060493,-1.7588425,-0.621354,0.8146279,-0.13669084,0.74757665,-0.1805587,-1.1991905,0.7913494,0.41619107,-0.0072134538,0.67360914,-1.5286087,1.8397053,0.49756914,2.1728976,-0.7513051,-1.6094562,1.567622,-0.5110897,0.36519995,-0.14884748,-0.4304895
1288,1.132682,0.8811503,0.1909228,0.077145934,0.19338956,-0.42530376,-2.2809877,-0.43520334,-0.13085929,-0.95994127,-2.2260795,1.958038,0.17456022,-0.71198064,0.92748153,0.8579337,-1.4086474,-0.34053767,0.17986739,-0.62496984,-0.15712959,-1.5041326,-0.56860393,0.65551436,0.95382077,1.2984928,0.021113994,1.1584139,-1.4600277,-0.30289504,-0.6268766,-0.12358719
1289,-1.0846782,0.53036803,-0.14490378,-0.26986304,-0.5303719,-0.7401638,-1.8911934,0.04107225,-0.2422745,-0.53421724,-0.7363374,0.95829564,-0.77559614,-1.4017135,1.3750788,0.51524746,-0.85422313,-0.3591452,0.24804278,0.026638852,-0.35091558,-1.0209696,0.77159625,0.61524886,2.3632162,1.2999148,-0.3467486,0.9602669,-1.9015464,0.40084225,-1.5269011,0.9744099
1290,0.5224157,0.96569514,0.8806376,-0.19939306,-0.13188374,-0.332596,-1.2787458,-0.09108575,-0.89352,-0.6256095,-0.19098428,1.1994963,0.30007553,-2.1313646,1.6069047,1.0845102,-0.7704153,0.37577495,-0.33800375,0.31947708,-0.32705152,-1.0850931,0.94981885,1.8883823,1.9723955,0.598713,-0.93946767,0.98905396,-1.2090915,0.25522774,-1.3877735,0.5428592
1291,0.34305894,0.6100107,0.8111326,-0.20282482,-1.1061702,-0.49936044,-0.099258885,-0.37018496,-1.2841898,-1.0954323,-0.5131254,0.37693733,0.19492161,-1.8274039,1.5652027,1.1667082,-0.59484786,0.8870822,-0.6719019,-0.3189787,-0.7124519,-0.98670447,1.9742848,1.4757082,1.8415469,-0.08702346,-1.4336624,0.6998702,-0.72878647,1.123079,-1.0267749,0.69148177
1292,0.14766279,0.63226974,0.96824414,-0.10559639,-0.97489136,-0.3008156,-0.022810755,0.050260387,-0.8893371,-1.3249156,-0.2127346,0.056498323,0.10530708,-1.968425,1.404539,0.80994624,-0.31549028,0.40777728,-0.22422923,-0.69131136,-0.43785948,-0.5984249,1.9380789,1.3034033,2.4141502,-0.22370912,-1.5454527,1.3029332,-0.8570279,1.2095729,-0.6109711,0.41130787
1293,-0.051336028,0.039707,0.53942096,0.4110487,-0.8345944,-0.7791259,0.68678814,-0.5081835,-1.2367657,-0.86682916,-0.2036909,0.087559454,0.54365337,-2.0987282,1.0846397,1.6716326,-0.56887794,0.6360578,0.021196302,0.20895243,0.096620604,-1.2342166,0.16950476,0.9928593,2.4718487,0.081808195,-1.546657,1.2499251,-0.60025954,1.1022601,-1.1428607,-0.3557754
1294,0.52258605,0.777486,0.8158541,-0.94189894,-0.4471802,-0.74936545,-0.7635547,-0.18868497,-1.0225974,-0.82148546,-0.32340705,1.3185117,0.7556222,-1.9352019,1.5634195,0.5060303,-0.45700845,0.5368889,-0.77344835,-0.3726493,-0.13411145,-1.5954231,0.7481329,2.0515716,1.8512535,0.54424995,-1.5943295,0.9858975,-0.109571,0.9766342,-0.72976595,0.10842607
1295,0.359667,0.96410245,0.57517725,-0.27342704,-0.63308156,-0.81407654,-1.0464538,0.16812319,-0.7606986,-1.0935587,-0.3951552,0.82010055,0.13997164,-2.1149395,1.683154,0.31506827,-0.35230273,0.58034545,-0.49382135,-0.1248144,-0.5085964,-1.3364931,1.1162149,1.7363836,2.4278603,0.33213806,-1.5149838,0.6681233,-0.60024416,0.83593506,-0.879236,0.19861457
1296,0.41212958,0.87140685,0.44520918,-0.08456828,-0.6064937,-0.5073375,-0.45142344,-0.048542835,-0.8506568,-1.1300881,-0.15553595,0.3708237,0.027010493,-2.263767,1.8072008,0.5407534,-0.4050386,0.74988264,-0.5470393,-0.0689213,-0.7504359,-0.9544758,1.525139,1.2840161,2.4616673,0.42631647,-1.4992584,0.47641286,-0.9489997,0.9846726,-1.0913568,0.29001123
1297,0.7773196,-0.36428183,0.64999014,-0.06520329,-1.709825,0.9086307,1.0762833,-1.2553084,-0.4860357,0.16715096,2.1853228,0.55933577,-0.16360526,0.39010456,1.5313472,-0.17028137,-0.5795304,-0.9969602,0.0311216,0.6179992,-0.7589218,-2.0977259,-1.0828067,1.3747873,0.54689616,1.5127386,-0.3543774,-0.4216364,-0.8045407,-0.6944251,-0.18458447,-1.7823795
1298,0.7766551,0.15622853,0.3833213,0.0277608,-1.1035767,1.1767328,0.848258,-1.4339229,0.16789061,0.3984984,2.6961207,0.22975439,-0.2444366,0.709288,1.4338527,-0.19750182,-1.0783032,-1.0620881,0.13535233,0.65872747,-0.5965284,-1.7726834,-1.0647204,1.017382,0.19511509,1.3033485,0.033412002,-0.8802404,-0.5040401,-0.9491794,0.05027445,-2.0345802
1299,0.51622045,0.4843412,-0.826364,-0.13439208,-1.4029675,0.59001493,0.87125826,-1.6005303,-0.18549827,1.1035668,2.4072642,0.3709885,-0.3829113,0.37492985,0.6345963,0.46620372,-0.55950755,0.1667804,-0.25482306,0.90622634,-0.95160306,-2.3199954,-0.6643785,0.9454845,-0.17596911,0.91717196,-0.526145,-0.9518749,-0.043126598,-0.94190645,0.20388961,-2.3683114
1300,0.39941508,-1.6823151,0.46426308,0.8323411,-1.1865945,1.4313836,0.18738522,-0.36172163,-0.6478544,1.2369639,0.296775,0.91709054,0.23568107,0.5353976,0.90431666,1.1872509,-2.5371182,0.4156608,0.30829892,0.7830716,-0.63135934,-1.3746895,0.6466276,-0.67476845,-1.028758,1.4813471,0.27045256,-0.8734122,-1.4431652,0.59641707,-0.7327605,1.3764343
1301,0.7032182,-1.3227367,-0.23211543,0.3946549,-1.727114,1.0981376,0.28606665,-1.0322062,-1.1376709,0.57829326,1.7372612,1.0568781,0.09229142,0.52086174,0.9145111,1.0009681,-1.3814006,0.52459514,0.43773708,1.1168993,-0.5857598,-2.1134357,0.27059975,0.02930307,-0.9005374,1.3418511,-0.6911656,-0.70690686,-1.5701268,-0.4504391,-0.6810223,-0.38004288
1302,0.87834084,-0.25135827,0.5794626,0.03161672,-1.6974584,0.8064666,1.0374142,-1.1529624,-0.6300457,0.46052387,2.2624323,0.41346106,-0.14942306,0.05182306,1.1951423,0.41016662,-0.8741816,-1.2475739,-0.15931346,0.3834501,-0.64968807,-2.375617,-1.1439649,1.373792,0.067871206,1.5702507,-0.17944974,-0.4889038,-0.74434686,-0.4560567,-0.3012308,-1.633273
1303,-0.16974479,-0.9382706,1.4764922,0.9137198,-1.0979437,-1.2612938,-0.36685532,-0.738666,-1.4883891,1.1395042,-0.3588756,1.9505115,-0.34135732,0.80805683,-0.052159518,0.74484056,1.1901516,-1.4759667,1.4919988,0.3336299,0.70203394,-2.1912937,1.3113238,-0.83252025,-0.2325813,0.5267037,0.8004563,-0.874666,-0.79281574,0.7136568,0.20566636,-0.20500427
1304,-0.8716093,-0.7141106,0.8323764,0.07802018,-1.2922856,-2.0604322,-1.2085893,-0.55885315,-1.4749885,0.9015151,-0.22506094,0.7883289,-0.15278427,1.0073527,-0.61624056,0.70215565,0.7458518,-0.926959,0.33706355,0.059043877,1.6378596,-2.885455,0.2264527,-0.11171913,0.406938,1.2477727,0.6335748,-0.52755606,0.29368836,0.4874413,0.25855625,-1.2852656
1305,-1.8065097,-0.55987734,0.8106945,0.009725066,-1.1197155,-1.772678,-1.0601029,0.5937245,-0.5746699,1.5873859,-0.83300483,0.8434005,1.4383091,1.4526972,-0.37260807,-0.9122024,0.58958656,-0.18688272,0.34872484,-1.0136757,1.9540979,-2.1946435,0.71565235,-0.1563319,0.8726716,-0.003480539,0.6917655,-0.24366009,0.75323874,-0.11561424,0.07423238,-0.35885713
1306,-0.0013538526,-1.6846172,1.0242867,1.5550022,-0.5025046,2.5795798,-1.4602704,-0.4597963,0.08336491,-0.8670618,-0.2351593,0.8714426,-0.14189938,0.4881354,0.96691257,0.39077464,-2.672,-1.7639996,-0.5750222,0.46513227,-0.20627832,-0.20778543,-0.4851407,-0.69715786,0.19578503,0.231172,-0.016095974,-1.2021393,-0.9904735,0.6490575,-0.8624347,-0.018218597
1307,-0.29048946,-0.8467381,0.9686105,2.1075242,-0.6262057,1.7740145,-1.651772,-1.0984554,-0.5259405,-0.8961082,-0.8654722,0.77705973,-1.4126346,0.5970041,0.107497066,0.77189076,-2.8115919,-1.6123424,-0.05183755,-0.18787895,-0.5065212,-0.08423005,-0.8341256,-0.4787796,0.38834187,0.28411335,0.2909034,-1.3165836,-0.0871251,0.006832958,-0.83737653,0.24673373
1308,-0.15536144,-0.5207292,0.80460495,2.055092,-0.75938106,1.4104545,-1.576585,-0.88505834,-0.7370586,-0.27633536,-0.57221746,1.6167848,-0.4528973,0.39966944,-0.2764886,0.84290236,-2.0503953,-3.0693307,1.2520574,0.5345454,0.10494143,0.08411638,-0.21634923,-0.23046075,-0.5126045,0.4893854,0.77120805,-0.69909763,-0.38627118,0.24515264,-0.765993,0.6092194
1309,-0.068012245,-0.7873182,0.5729889,1.8380783,-1.1203703,0.98928326,-1.0810553,-0.75016916,-0.9636211,-0.27158737,-0.16254713,1.701075,-0.7731984,0.51346487,-0.54147476,0.82326263,-1.8325902,-2.7897017,1.4437889,1.0837337,0.26059374,-1.0208429,0.0883751,-0.2883262,-0.7562665,1.0083426,0.60722584,-0.5568959,-0.6532097,0.5063647,-0.741168,0.2741115
1310,-0.110023625,-0.9819582,0.40339613,1.300231,-0.6803755,0.10780051,-1.5073248,-1.2811335,-1.0077734,-0.18558711,0.0781859,1.7296534,-1.4935175,0.124111354,-0.17116426,1.4358732,-1.7904184,-2.173901,1.1032971,-0.22451589,0.08655432,-1.5908989,0.13552076,-1.2176766,0.29541248,1.5628105,0.50042665,-0.6021036,0.033493172,0.6630247,-0.7002382,-0.076075606
1311,-0.64067197,-1.1477101,0.8530462,1.5782117,-1.0430528,-0.24232067,-0.43894425,-1.0446106,-1.0755465,0.27181047,0.3425785,1.9325154,-0.56099546,0.5984603,-0.31641388,1.1741339,-0.95150137,-2.4267054,1.7191939,0.2513187,0.16574994,-1.5927608,0.79523563,-0.07254486,-0.6761059,1.2163601,1.058957,-0.3101009,-0.6163432,1.0869752,-0.58041626,0.41257158
1312,-0.62970424,-1.1106594,1.6831025,0.8110305,-0.47401044,-0.26465034,-0.0051088887,-1.0351042,-1.2296695,0.52422464,-0.08091977,2.0902267,-0.5808791,0.40665233,-0.4364281,1.1414566,-0.77739674,-2.0236604,1.7825403,0.100801855,0.21000774,-1.73202,1.2491826,-0.2418242,-0.82993305,1.4008223,0.7081994,-0.80102897,-0.13080801,1.3151026,-0.19740154,0.19751719
1313,-0.5082592,-1.4073429,1.3444005,1.1550496,-0.9883586,-1.0108144,0.037029218,-1.4855353,-1.3688937,0.72690237,0.048848424,0.97439563,-0.47251436,0.76865536,-0.8650571,1.0118426,-0.42619205,-0.882732,0.77509195,-0.2678844,0.79439676,-2.7705154,0.64966357,-0.4512706,-0.66991556,1.035257,0.75732327,-1.0218447,-0.065235965,1.3355128,-0.34648085,-0.6318839
1314,-0.57746816,-1.2052099,1.269504,1.2356421,-1.1619066,-0.88193756,-0.16860647,-0.9325918,-1.4534508,0.67148453,-0.27061853,2.267818,-0.4442849,0.6537611,-0.10995571,1.123297,0.88750875,-1.5845665,1.5555445,0.22827882,0.83380413,-1.8456297,1.2285817,-0.49041528,-0.25029737,0.6900881,0.7342579,-0.75231576,-0.61456513,1.168995,-0.24308686,-0.18956228
1315,-1.5543685,2.1514647,0.48936588,-0.09951106,-0.39273438,-0.4957266,0.7445546,-0.40330666,0.80108064,-0.3134352,-1.111994,-0.29488882,-0.04201668,1.3820605,-0.8245868,0.74708444,2.070312,0.6925121,-0.6671845,2.6592429,0.6188101,0.37218475,0.31188554,0.9547581,-0.12336428,0.9308787,-0.7786463,-0.043689225,0.76920676,-0.37658346,-0.31480688,-0.85613906
1316,-1.5903007,1.9988502,0.05609737,0.14144444,-0.83874744,-0.41328853,0.7292176,-0.3130629,0.77971405,-0.26392496,-0.8572625,-0.3500605,0.29228473,1.3434614,-0.6199882,0.7320375,2.0847845,0.79973394,-1.1406426,2.497125,0.81084216,0.44785282,0.07220688,0.9254194,-0.20737237,0.92455506,-0.93505955,0.16865306,0.82652754,-0.19634189,-0.30107483,-1.2987809
1317,-1.4401578,2.0354357,-0.72855586,0.6003812,-0.710623,-0.16633256,0.8158877,0.019954149,1.2830753,0.22811136,-0.26858702,-0.24237819,0.528099,1.3453397,-0.5426918,0.55924654,1.8366065,0.51884675,-1.3814212,2.4416864,0.94039613,0.3988238,0.44891924,0.66629744,0.58090943,0.93843037,-0.47190857,0.18415694,0.75633925,0.11343256,-0.19099559,-1.7292134
1318,0.37180445,-1.7720078,0.9080568,0.8086558,-0.7094957,2.0023837,-1.7120858,-0.061689153,-0.21330678,-0.99271184,0.41763505,0.002080825,0.38408166,0.30990678,0.9295037,0.44243687,-2.2186267,-2.1678758,-1.2454834,1.1394242,-0.628232,-0.8014411,0.09674661,-0.39343208,-0.3279506,0.9290987,0.02139087,-0.1669894,-1.3516258,0.358475,-1.1112967,-0.833226
1319,-0.10835418,-0.4389447,1.7159283,1.5047547,-0.11461308,0.48659348,-0.5821604,-0.6830975,0.017370027,-1.3880275,-0.17440283,-0.18961182,-0.14122039,1.4801219,-0.1861869,1.6800104,-1.6226594,-1.2844871,-0.8122118,1.9709328,-0.09019978,0.70550257,0.5938631,0.85483116,-1.2435318,0.389728,1.0602865,-0.4861478,-1.4701246,-0.9146954,-0.29711393,0.28603467
1320,-0.90310895,1.4806974,1.7904643,0.27792534,-0.14825775,0.4133284,0.6429344,-0.9767397,0.66138303,-0.21016291,-0.80285347,-0.1590513,0.5860167,1.2099818,-0.73738486,1.2471185,-0.17735852,-0.8733259,0.010227394,2.76136,0.28213093,1.052907,1.5319679,0.86138594,-1.45811,0.4031255,-0.12541267,-0.2709783,-0.030113483,-0.85920256,-1.0783314,0.33284265
1321,-1.1508328,1.8636674,1.5493152,0.0065177265,0.4090513,0.24612291,0.7191721,-1.0301412,1.2605531,-0.33364776,-1.0959736,-0.23360135,0.0938558,1.3647712,-0.6586416,0.7434896,0.04002942,-0.5716837,-0.033075884,2.623546,0.076102234,1.148661,1.7751992,0.43409762,-1.1494675,0.76207405,-0.34928247,-0.30322713,0.16069216,-0.6700122,-0.9914001,0.2543599
1322,-1.351435,1.9017822,1.2476385,0.103753485,0.31731546,-0.01112767,0.8280187,-1.1903542,1.2825419,-0.77180374,-0.9492144,-0.041056335,0.38251626,1.4313016,-0.36287722,1.2367053,0.6815298,-0.0061536008,-0.2298478,2.3516538,0.09405433,1.4129839,1.490112,0.32354477,-1.1836948,0.5817578,-0.45814586,-0.24209198,0.78502303,-0.507775,-0.86878794,-0.23579602
1323,-1.041111,2.3010342,1.1621166,0.05692667,0.37241134,-0.19778816,0.908033,-0.8591801,1.4808929,-0.1845981,-1.0772653,-0.18847153,-0.45735568,1.193591,-0.47188556,0.66640556,0.93034947,0.0098451255,0.22593938,2.4790819,-0.12800647,0.7113893,1.2865746,0.4725775,-1.1514643,1.0185839,-0.58860034,-0.9318468,0.42101783,-0.4388641,-1.347855,0.11438146
1324,-1.1094446,2.171266,1.3364766,-0.24713784,0.09620359,-0.35941398,0.7753446,-0.9699452,1.7679951,-0.02523033,-1.018801,-0.26313815,-0.011784852,1.2537086,-0.50624114,0.33531016,1.3437041,0.03683159,0.2576078,2.555451,-0.066698976,0.74826777,1.2106704,0.46510097,-0.9279102,0.7896651,-0.3736861,-0.99668705,0.46817985,-0.4906403,-0.9333395,-0.009394095
1325,-1.4970952,2.0411122,1.0730101,0.077188835,-0.17894958,-0.48002768,0.93708146,-0.8295288,1.3413441,-0.31115198,-1.1717747,-0.3344371,0.44522393,1.4825913,-0.70641357,0.8010635,1.8128303,0.5812416,-0.40173742,2.2777328,0.25294614,0.8376561,0.38958806,0.9102513,-0.91339326,0.6659365,-0.35649687,-0.47295648,0.99039495,-0.36832938,-0.65823555,-0.5908753
1326,-1.464309,2.3225105,1.0989844,-0.04378369,0.1046368,-0.4153012,0.8182761,-0.6761526,1.1420795,-0.27329376,-1.0624263,-0.4210588,0.05187146,1.2045726,-0.5337795,0.93868077,1.9889464,0.61768377,-0.07885896,2.3560638,0.1978845,0.9963631,0.67470807,1.026784,-0.6023156,0.76690406,-0.5586597,-0.87918943,0.71776074,-0.33719394,-0.55851644,-0.2392348
1327,-0.9402934,0.05703613,0.24677962,-0.2650108,0.19635643,-0.88962674,-0.5261785,0.13171756,0.56626236,-0.7360746,-1.3718778,-0.25208172,0.451575,1.0654033,-1.1380414,0.29789966,-0.33584675,0.26268432,-2.3777583,0.3113761,0.3018394,-0.39633432,0.051952645,-0.18198024,0.34391958,2.4292455,1.0975733,0.15070397,1.0264091,1.1132675,2.8637772,-0.8350657
1328,-1.2251284,-0.18278019,-0.0831471,-0.61518514,0.26965165,-0.334437,-0.3657883,-0.07946531,0.55349284,-0.7369821,-1.4938562,0.1002006,0.8564439,1.0518951,-1.0034096,0.1787962,-0.5815984,0.35145572,-2.381434,-0.026568606,0.5196107,-0.18654595,-0.07834466,-0.061767384,0.33679706,2.2877772,0.74460465,0.51431096,1.6037993,1.009957,2.470619,-1.320395
1329,-1.0107944,-0.106467694,-0.8700797,-0.71475124,0.049541794,0.43857154,-0.50374407,0.1964905,0.36891103,-0.3387009,-1.8063691,0.23189251,1.7331868,1.0334852,-0.195468,-0.26455122,-1.585162,1.3479496,-1.2741883,-0.22987638,0.686264,-0.473505,0.6872534,0.19584204,0.96126235,1.8074802,0.35110894,0.66929793,1.6174372,0.66737694,1.5352926,-2.2673118
1330,0.9685514,-0.9588645,1.2206596,2.2061102,-0.27762073,1.4195385,-1.4092326,-1.2691206,0.15857722,-0.9656832,0.453806,1.0081459,0.6932198,-0.29265767,0.16154303,0.52053946,-2.0038226,-1.414522,-1.21236,0.5069122,-0.16114812,-0.66049266,0.23554082,-0.5642647,-0.74145454,1.4216866,0.6770132,-0.97267437,-1.2397833,1.1207814,0.08134544,-0.36666277
1331,0.10631309,-0.5724655,1.4812467,1.6113485,0.108491614,-0.20187314,-1.0058612,-0.83020824,0.19058484,-0.1519639,-0.06874955,0.6275107,-0.4670091,-0.04342837,-0.23250385,0.9861361,-1.3714105,-0.9086562,-2.2850573,0.18960261,-0.8674613,-1.0790706,0.29564863,0.4822343,-0.34105286,2.048203,1.5310318,-1.0350276,-1.490279,0.69109976,0.6183772,1.5337201
1332,0.9172448,0.31109565,1.0798126,0.62386006,0.5135086,-0.28126872,0.21534355,-1.4516004,0.14625555,-0.21214484,-0.13562045,0.34393346,-0.11314141,-0.394815,-0.5995453,1.7268721,-0.44097182,-0.7572487,-1.6350166,-0.4729837,0.12349169,-1.4454755,0.2951117,0.28465143,-0.9137167,2.6865969,1.1383941,-1.6589115,-0.11363265,1.3842129,1.14425,0.9102975
1333,0.6738959,0.50047606,1.1427276,0.03750605,0.6443712,-0.53211933,0.40631205,-1.793785,0.27350324,0.071578585,0.04067503,-0.31254858,-0.19181427,-0.018690154,-0.56753707,1.5207598,-0.7512439,-1.0366809,-1.2796762,-0.6144891,-0.20348763,-1.3827758,0.7039488,0.20257555,-0.67629445,2.7552013,1.180208,-1.3312287,-0.1597796,1.3217014,1.5901018,0.81386197
1334,0.46479362,0.31882784,0.89229715,-0.47085896,0.85733867,-0.7920966,0.014560818,-1.937564,0.34318745,-0.08347783,0.030008255,-0.99674845,-0.04202606,0.24083197,-1.0173517,1.4061685,-0.6938007,-0.89875174,-1.991702,-0.24503534,-0.26982385,-1.2388786,0.63253164,0.52597064,-0.48932338,2.503291,1.3257625,-1.0813581,0.1419664,1.0121294,1.7452025,0.22988424
1335,0.59149086,0.11456641,1.108682,0.065136895,1.1354185,-0.7268446,0.6201768,-1.0888007,0.66922235,-0.45080283,0.04280351,-0.38025397,0.14634547,-0.38141385,-0.8592066,1.2197565,0.033640705,-0.67336816,-1.9928216,-0.4400333,0.09516831,-1.2440846,0.3105235,0.21390723,-0.94843286,2.661609,1.1627975,-0.78067505,-0.5035971,1.7254171,1.5018003,1.0720003
1336,0.18219821,0.13259514,1.3259498,-0.5026829,1.0872871,-0.9898716,0.21328203,-0.6890003,0.9978328,-0.6073954,-0.19328491,-0.770758,0.5103264,-0.05636908,-1.0979568,0.9083718,0.1420359,-0.80947614,-2.165018,-0.3690381,0.23989704,-0.7945354,0.3844476,0.28314313,-0.19921438,2.7326517,1.2750689,-0.31115982,-0.040645003,1.5107472,2.0720978,0.87848306
1337,-0.28567514,0.22629282,0.84570557,-0.6395839,1.0618776,-0.81162125,-0.2843886,-0.880819,1.0908833,-0.6814107,-0.07345391,-1.1484475,0.5402314,0.44415882,-1.2822673,0.86668885,-0.34583354,-0.57481325,-2.196335,0.046048917,0.2894124,-0.537243,0.2551945,0.008864311,-0.21462102,2.4716492,1.3542213,-0.32875326,0.5489858,1.3272069,2.5715532,-0.08911272
1338,0.043432016,0.036729347,1.2793955,-0.25373766,1.1247942,-0.6996523,-0.40370646,-0.6184312,0.67791367,-1.1873527,-0.85425663,0.005440112,0.70070887,0.007960319,-0.714339,1.2813685,0.22945014,0.13698606,-1.8283225,-0.22268346,0.04771628,-0.7561592,1.0308975,-0.19432643,0.070923135,2.8730423,0.7011774,-0.15437368,0.052307762,1.4953815,2.601386,-0.16268167
1339,-0.42837638,-1.1019117,0.73482126,-2.036067,-0.07109675,-0.6976657,-0.37304467,-0.22381209,1.1974943,-1.7241162,-0.50539553,-0.2668344,-1.2876981,0.33477414,-0.6867139,0.5104118,-0.5050967,0.2750104,-2.6805344,0.16099562,1.8314781,-0.3587653,-0.003192828,0.25908163,-0.0093238,1.3329296,1.8059886,0.2803123,0.19475082,1.0096438,1.0726346,0.7943674
1340,-0.85069376,-1.0269694,0.44564712,-2.0235715,-0.09662496,-0.7108933,-0.57392704,-0.14980492,1.1107403,-1.8044847,-0.44918218,0.0668458,-1.3399705,0.32826558,-0.7731527,0.4614217,-0.16263129,0.17640625,-2.7623487,-0.006227268,1.7955753,-0.3710885,0.036500316,0.23951767,0.16778345,1.1692362,1.5575024,0.6589878,0.35553405,1.2106172,1.1579249,0.57145756
1341,-0.43438876,-1.1941017,-0.1600172,-1.8615295,0.28518507,0.18070062,-0.1454646,1.0716143,0.0427532,-1.8386728,-0.65949684,0.12037302,-1.5677919,0.018150678,0.0063350047,0.16154096,0.24312353,1.2973918,-3.034934,-0.3882566,0.63886875,-0.24990712,0.52461946,0.7675539,0.32728443,0.9970416,0.9316392,2.0792572,0.67665964,0.68381065,0.75435776,-0.4681775
1342,0.41640326,-1.0965772,1.1293149,2.7619255,-0.03715354,1.2346385,-1.6436223,-0.06425121,-0.051041555,-1.0605037,0.33500767,1.0234733,-0.38782474,-0.38745198,-0.23166458,0.98879784,-1.9411746,-0.8769367,-0.19335102,0.7584013,-0.07886268,-0.6144036,-0.21202579,-0.054860886,-0.12855363,1.4350777,0.05657391,-1.4193237,-1.5058705,0.9347319,-0.39027348,0.9065816
1343,0.28232887,-1.4809991,0.918981,1.5820621,-0.08860947,0.87264264,-1.7297689,0.20192356,-0.018739054,-1.2466216,0.8248846,0.46901792,-0.5300866,0.29036453,-0.10187063,1.2987916,-1.7754632,-0.98354167,-0.7714402,1.1598337,0.37054622,-1.0665205,-0.19539653,0.7547874,-0.82981795,2.1606884,1.0593666,-0.9145319,-1.032995,0.98128486,-0.27213547,0.2290345
1344,0.37671188,-1.647906,0.84942496,-0.2965712,-0.43521768,-0.1382613,-0.015061726,-0.44545627,-0.20353372,-1.2019356,1.8111506,0.1897601,-0.32004544,-0.42396826,-0.5375448,0.9824162,-1.3649597,0.08247851,-0.94314003,0.97982776,1.4109498,-1.8470168,-0.22419736,1.1781791,-0.7502708,1.570616,1.0585105,-1.3237032,-0.39141828,1.9967196,-0.22314106,-0.09930907
1345,0.42548162,-1.4192555,0.72113585,-0.5487182,-0.6753307,-0.3287231,0.21224375,-1.0801163,0.26786909,-1.3094774,1.7021385,0.03631225,-0.66176635,-0.05049517,-0.009012222,1.3622115,-1.6450635,-0.017734176,-1.0402113,0.6337339,1.3875761,-1.4975857,-0.3555854,1.31952,-0.65756845,1.7861583,1.2433355,-0.9695306,-0.4549617,1.7715778,-0.11880959,-0.18546644
1346,0.40922844,-1.2839425,0.592591,-0.7980406,-0.7021182,-0.48773253,-0.12238783,-1.2536718,0.4124576,-1.5584247,1.5036746,-0.105732776,-0.69136953,-0.29154077,0.16433302,1.5485629,-1.4459078,0.25346747,-1.4734942,0.5091333,1.325514,-1.3700389,-0.30215544,1.1675353,-0.38323882,1.9290317,1.0298822,-0.80330515,-0.21195708,1.78468,-0.055191014,-0.39992186
1347,0.51413083,-1.3603921,0.657084,-0.9192292,-0.6894277,-0.66402555,0.21362887,-1.1033479,0.45287892,-1.4556534,1.5164802,-0.26098746,-0.73171824,-0.2715466,-0.13019697,1.3368764,-1.3517474,0.20584467,-1.5053056,0.56699866,1.4991574,-1.3120072,-0.35487148,1.2153594,-0.63602877,1.6808523,1.3092779,-0.9134636,-0.3004619,1.7580729,0.041044135,-0.14284074
1348,0.35522988,-1.1324965,0.6823514,-1.6232389,-0.65421945,-0.75257576,0.047461208,-1.2121654,0.69545823,-1.4014268,1.0987059,-0.4874359,-1.1815032,-0.25193128,0.074430175,1.3924466,-1.2002591,0.16950016,-1.7158936,0.27464637,1.7816178,-0.9699567,-0.12839976,0.9509236,-0.16886143,1.8343716,1.5571704,-0.617954,-0.25705448,1.43085,0.18040265,0.24376886
1349,0.15827848,-0.9606154,0.42506146,-1.8099812,-0.85634404,-0.9895909,-0.2319395,-1.3638983,0.8049387,-1.4360286,0.8376795,-0.44633368,-1.1606374,-0.31795532,0.040509894,1.1932646,-0.95890033,0.33327755,-2.1996346,0.2659767,1.7424808,-0.84826875,0.029000074,0.737505,0.044900343,1.9165835,1.3325189,-0.29836464,-0.12314498,1.3836354,0.43965408,0.089832254
1350,-0.10024199,-1.0270907,0.59296423,-1.9563867,-0.075521514,-0.8847583,-0.5760476,-0.8710371,1.0651473,-2.1438503,0.25139394,-0.52238274,-1.3590994,-0.046770174,-0.35901657,1.2307327,-0.58256495,0.82581633,-2.436792,0.29016274,1.416809,-0.55539924,0.09277366,0.27807122,0.025155077,1.6029372,1.6975539,0.08458148,-0.1514316,0.8749006,0.571547,0.36796328
1351,0.60463274,-0.5420666,0.3979868,-1.0337621,0.45008573,-0.35045645,0.9776652,-1.4772749,0.56184924,-0.5389592,2.3264854,0.43994012,0.07750039,1.0867355,1.069826,0.49119136,-0.48913032,-1.1409861,0.063439876,0.2530195,0.4097149,-2.1359036,-1.6420296,1.5242774,0.07318466,1.5786482,-0.20092249,-0.7730963,-0.40570763,0.41324595,0.20420581,-1.9706264
1352,0.7052713,-0.17240946,0.35161892,-0.8438982,1.0789374,-0.18554586,1.1949114,-1.4813074,1.4224528,-0.016280055,2.5434813,-0.1468489,-0.0779852,1.2749836,0.8101501,0.19786261,-0.6124216,-0.7393812,0.31752262,-0.013812779,0.1695189,-1.1636773,-1.6871982,1.238582,-0.287928,1.2963055,0.32821628,-1.3390088,0.4034261,0.1437568,0.22472696,-2.2126505
1353,1.0101266,-0.33386007,-0.05834887,-0.78390545,1.011271,-0.36479995,0.43679422,-0.759009,0.38694125,-0.27024347,1.8151641,1.3287076,-0.12978533,1.1805854,0.5785251,-0.23448266,0.626116,0.30524635,0.4546896,-0.09422627,-0.77352864,-2.0982108,-1.5157084,2.22395,0.7234832,1.1120954,-0.4644195,-0.47525528,-0.52198666,-1.3654836,0.10951393,-2.1501093
1354,0.87510633,-1.4408273,0.705075,1.2761297,-1.2140179,1.7309769,-0.535254,-0.7271136,0.021403544,-0.74846023,-0.25100434,0.15666707,0.49286434,0.9419244,1.7778107,1.3365264,-2.3383002,-1.3950659,-0.070147544,0.8837435,1.079082,0.5350654,-0.077747606,0.125899,-1.0227123,0.8733543,0.041028574,0.07026765,-1.8124309,0.41762075,-0.43492717,-0.48528996
1355,0.2449188,-2.0965204,0.8240156,0.018997308,0.085515074,0.7050515,1.134554,-1.5967715,-0.9025872,-0.86965907,1.9852773,1.141937,0.4741266,0.81439644,1.6357393,0.71346414,-1.0769484,-0.63817555,0.19144742,0.24958327,-0.12936589,-1.311438,-0.3001474,1.326807,-0.47877657,1.0008186,-0.07088642,0.44967455,-1.924904,0.09990398,0.054840613,-1.1716406
1356,0.4989021,-0.20210695,0.55012876,-1.2219466,0.86681336,-0.08053225,1.0333617,-1.4852841,0.49769843,-0.42643535,2.4602804,0.30595115,0.25041473,0.920738,1.1209522,0.9125075,-0.6600729,-1.1446886,-0.17637402,0.23955028,0.19346243,-1.9171551,-1.6588178,1.3466562,0.17654261,1.7243497,-0.1319123,-0.5027648,-0.35568446,0.252875,0.06392365,-1.8937052
1357,0.35478476,-0.35827923,0.32321495,-0.7333381,0.06812397,-0.12104085,1.0146388,-1.4106688,0.092421934,0.8028198,2.5319912,0.33420345,0.3695511,-0.058090635,0.22378203,1.2431991,-1.2324524,-1.7355736,-0.805403,-0.066418625,0.20009835,-2.3575122,-1.371961,1.5121953,-0.6176992,1.1595374,0.06659351,-0.47368976,-0.8940764,0.8301541,-0.046655666,-1.0220755
1358,0.4887645,0.20890814,0.22132277,-0.68471855,0.25853062,0.0135869095,1.2389399,-1.8614886,0.944591,1.006553,2.9291518,-0.25152946,0.075904496,0.31317598,0.18677694,0.7888384,-1.3128104,-1.5305437,-0.86554456,0.07599656,-0.1412006,-1.7091551,-1.071548,0.7191881,-0.6326945,1.0369725,0.45488688,-0.7017984,-0.36075684,0.43119058,0.3605508,-1.8327528
1359,-0.28624564,0.8983976,-0.6028471,-1.8264381,0.18303931,-0.92141724,0.70662045,-1.5316142,0.6630239,1.2990642,2.4925277,0.30660212,0.30510697,0.02347039,-0.6361713,-0.4582395,-0.85675967,-0.8141477,-1.1931841,0.47042537,-0.70111734,-2.1589909,-0.5557379,1.0407388,-0.49517712,0.75033146,-0.5736886,0.02947107,-0.61169887,-0.54170245,0.31774697,-1.9567286
1360,0.33827135,-1.448978,0.6508066,1.304191,-1.5274819,0.47685182,-0.5153338,-0.75054723,-0.77877754,0.84799474,1.1787239,0.43270907,1.4562124,0.63311744,1.3716323,1.5667282,-1.38202,-1.3231584,0.052807465,0.7599977,0.78161407,-0.09205544,-0.21426493,0.5553217,-1.052406,1.661283,-0.14045027,-0.022918807,-2.0203235,0.7789146,-0.35931462,0.040327977
1361,0.048364054,-1.2417054,0.9394218,-0.37445188,-0.32857648,0.9449713,0.76284474,-1.3467783,-0.6527544,0.4833052,2.4897046,0.16319284,0.5347199,0.2648782,0.9371205,0.89823604,-1.9945544,-2.393031,0.35908124,0.6801365,0.20265944,-1.0457578,-0.086617045,0.7125937,-0.3899669,0.81452805,0.59295213,0.29779685,-1.9611394,0.15359983,-0.5101622,0.09329514
1362,0.12591116,-0.7558336,0.9752169,-0.66774446,0.41319045,0.46676728,1.2195238,-1.4038883,0.14607231,0.32817826,2.4763765,0.6963217,0.8550731,0.086420074,0.3293232,1.2665038,-1.5694181,-1.9887727,-0.417658,0.012372098,0.13016303,-2.0033789,-0.89055556,1.2809155,-0.51302737,0.75613266,0.3078725,-0.25933945,-1.2838309,0.983423,0.026327776,-0.6705174
1363,0.86635387,0.2933883,0.14540216,-0.5027255,0.6289837,0.9440676,0.709495,-0.9396825,0.02496736,0.00050870643,2.6835687,0.5667889,0.17075278,0.4364544,1.7529,1.0424192,-1.1966281,-0.6843644,0.35517493,0.94081783,0.76833695,-1.6266366,-0.74457526,0.9090244,0.28620625,1.7091787,0.18760057,-1.264793,-0.67118514,-0.474284,-0.22402886,-1.9218693
1364,1.0796758,0.3017499,0.06386587,-0.26186338,0.74955016,0.84031,0.86075115,-1.1083219,0.5400274,0.18775916,2.8492017,0.31701922,-0.31266612,0.83693695,1.3676904,0.5768984,-1.2462845,-0.34740713,0.20953652,0.44210985,0.27822724,-1.2063514,-1.1336532,0.9292013,-0.13498098,1.4522202,0.31759277,-1.5639863,-0.24232939,-0.7821241,0.29957104,-2.3306413
1365,0.9879387,0.16993499,-1.03453,-0.4905829,-0.36582252,0.109604694,0.30736786,-0.94119257,0.14921418,0.5272764,2.3907115,1.1336399,-0.106448695,1.0671692,0.6291411,-0.32370013,-0.6693914,0.24330474,0.27239114,0.4870269,-0.26278767,-2.4961271,-0.9864094,1.4637712,-0.18489778,0.77311224,-0.44018844,-1.4281037,-0.09080023,-1.3681883,0.1666867,-2.158509
1366,0.5822228,-1.3784679,1.9480878,1.1955807,-1.5419235,1.9278886,0.03566507,-0.5427642,0.15853196,0.5868356,-0.10209521,0.7627233,0.8294569,0.39826262,1.4523817,0.5606349,-2.8813655,-1.2491817,-0.018431038,0.64217687,0.6923834,0.30436927,0.38895616,-0.2202975,-0.9343036,0.754025,0.4792575,-0.23560557,-1.4901674,0.40034065,0.16083957,0.48024458
1367,0.18001227,-1.1664289,1.0659956,0.46377033,-1.1846654,1.7758807,0.54484284,-0.83620614,-0.6174392,0.8595589,2.458935,1.3642039,0.5291534,0.3163283,1.2242181,0.27917036,-1.5101138,-0.6258725,0.15203814,1.0927846,0.109523214,-1.3269811,-0.009615267,1.1478399,-0.5566328,1.1471401,-0.10236957,-0.4989505,-1.6283022,-0.2794114,0.5287071,-0.99796265
1368,0.87338424,-0.002999373,0.47038633,-0.4595063,0.39048976,0.960839,0.46515033,-0.5824002,-0.017250044,0.18845816,2.3865402,0.6404429,0.053341396,0.62194324,1.3272618,1.0319517,-1.5231621,-1.2870505,0.41538793,0.5100648,0.6997529,-2.154425,-1.1338353,1.0495739,0.1766313,1.8096454,0.63228667,-1.2175119,-0.6731416,-0.38091362,-0.047448773,-1.6128936
1369,0.86673236,-2.3757467,1.3893973,0.52139616,-1.1504533,1.2522458,1.8304462,-0.17644115,-0.04274338,-0.8679698,2.1822395,0.18972197,-0.77055013,0.16786937,1.1902434,0.4832848,-0.7659655,-1.7398881,-0.461995,0.91030604,0.09767599,-1.605614,-0.71421397,-0.22257124,-0.15124445,0.99895984,0.72681427,-0.32411185,-0.5059195,0.40318403,0.41525024,0.21156223
1370,0.9055578,-1.8022419,1.7456077,0.94487166,-0.85936004,0.8922277,1.2646087,-0.800869,0.6016992,-0.47693077,2.1533854,0.94567174,-0.84256613,1.3045726,0.1311413,0.48243925,-0.59485906,-1.5067683,0.045051455,0.8088765,0.27830583,-2.0523744,0.26682088,-0.78145117,-0.09328646,0.82531404,0.80255836,-1.0927881,-0.59483504,0.2328717,0.4480683,0.094531715
1371,0.66792715,-1.6027122,1.4353441,0.7090017,-1.0292495,0.3640138,1.0715392,-0.6017942,1.044483,-0.22502808,2.2601173,0.6413143,-0.7827519,1.5092537,0.124953076,0.6857511,0.095070556,-1.8085006,0.061052784,0.7938405,0.26240012,-1.915284,0.6080222,-1.3879794,0.27157146,0.23846966,1.1002983,-1.0054103,-0.5118434,0.21589378,0.6624112,0.6627386
1372,0.67807025,-0.48154768,1.2253789,0.8538025,-0.9105251,0.24156868,1.4725797,-0.18740465,0.7803566,0.36409205,1.6767429,-0.38816822,-1.2145203,2.2657974,0.42760703,0.63109225,1.0051287,-1.7326038,-0.35886985,0.22356379,0.6239674,-2.266632,-0.3067252,-1.1012367,0.59160304,0.4764213,0.5208376,-0.8710233,-0.63993007,-0.15212372,0.7096577,0.89817566
1373,0.5056903,-0.96433586,1.0858852,0.3552833,-0.48892784,-0.33252156,0.09718713,0.5949642,1.5870057,0.3166621,1.3206986,-0.2888265,-0.20630245,2.8142967,-0.062571265,-0.20309056,0.60765606,-1.559201,-0.89861244,-0.3978334,0.5205625,-1.4447615,1.0461949,-1.5239857,0.5181777,-0.9890417,1.6189991,-0.8974889,-0.33768943,-0.011308364,-0.0048347996,0.92814076
1374,-0.43588087,0.46016067,2.5799544,0.24222182,0.75346947,1.421393,1.8847171,-0.25370225,1.0102615,-1.0317191,1.7591981,0.12265699,-1.1930273,1.4973589,0.72912365,-0.030466795,0.4498275,-0.29006803,-0.5843791,1.6974101,1.0433152,-0.81791824,-0.21610251,-0.27465957,-0.31320655,0.95285064,-0.7694198,-1.061021,-0.02656891,-0.23845583,0.29738212,0.6043669
1375,-0.94179755,1.5920622,1.8985662,-0.14236598,0.3569555,1.1538452,0.72651374,-0.6275765,1.212874,-0.44249284,0.71996737,0.6125958,-1.2168353,1.8861803,-0.024369493,0.06578748,1.5589342,0.17646201,0.5474942,1.7967622,1.0680616,-1.2226677,0.25218764,-0.5370719,0.33051732,0.44392172,-1.4356016,-0.95271736,0.40439063,-0.69784105,-0.96346927,0.32414988
1376,-1.3872757,1.6229612,1.5116491,-0.10377471,0.16646516,0.68785894,0.72014374,-0.60687375,1.3298614,-0.2107966,0.933578,-0.14847402,-0.8124284,2.436041,-0.3521134,0.3352109,2.2562907,0.021093423,-0.19360739,1.436873,0.893243,-0.77344763,0.4347127,-0.8269965,0.37419906,0.0030039987,-1.1177849,-0.8918349,-0.029883556,-0.6927396,-0.3471885,0.9556178
1377,-1.3711461,1.5351692,1.4523549,-0.21402203,-0.33191976,0.6286661,0.8710931,-0.6126852,0.7955638,0.21263085,1.113552,-0.45188603,-0.10126916,2.6394584,0.0350411,0.5996627,2.49047,0.32812333,-1.0239081,0.77340245,1.3889382,-0.54142195,-0.12432895,0.027494851,0.46256837,-0.15226054,-1.2987342,-0.69287705,0.28458244,-0.5213854,0.29548463,1.0022722
1378,-1.7136893,1.4970671,0.67045766,-0.5373902,-0.60890293,-0.43926218,-0.34958205,-0.25535595,1.4221648,1.0909365,1.144792,-0.77858776,-0.2613646,2.0045006,0.24986117,0.68962544,2.374613,0.6758167,-1.3728464,1.266177,1.150281,-0.24666475,1.2468045,0.022857876,0.6058066,-1.0049312,-0.9329296,-0.5122217,-0.13293007,-0.37445128,-0.107217476,0.43834442
1379,-0.5158424,1.7131869,1.5523415,0.3144326,-1.0846119,-0.08591653,0.2951818,0.35086852,0.97566897,0.5864707,-0.5324307,-0.36619297,-1.6884279,1.1258947,0.9384204,0.24194875,1.8045979,1.3363229,-0.110546656,1.7496686,-0.054915406,-0.3884911,0.039637804,0.50654167,0.53902286,-0.43004176,-1.7746772,-1.0729072,0.47028723,-0.71419096,-1.9003841,-0.65466785
1380,-1.0043609,2.1398027,1.569739,-0.31135386,-0.02870286,0.18362494,0.22143449,-0.037308976,0.8525212,0.6036764,-0.6272266,0.29758242,-1.4655365,0.9111276,-0.55844826,-0.3090826,2.26496,1.6468581,0.16673122,1.3507831,0.7142201,-0.64222884,0.09027811,0.32203105,0.56824255,-0.1248517,-1.4753952,-0.70771235,0.6266352,-0.7187182,-2.1414595,0.6610221
1381,-1.2113794,2.0122578,1.5313951,-0.21767165,-0.41721317,0.14472982,0.07933023,-0.2666472,0.80451006,0.714782,-0.2737725,-0.0018187852,-1.1156797,1.3897066,-0.6047803,-0.25753233,2.6681302,1.4572927,-0.16296731,0.9224289,0.82495224,-0.6255591,-0.32403722,0.3354102,0.5545374,-0.047186118,-1.5854638,-0.9541608,0.11340603,-0.8272687,-1.7768335,0.92861164
1382,-1.1906915,1.8792453,1.294352,-0.29683164,-0.6493642,0.3702465,0.1797275,-0.20839842,-0.03285008,0.94169515,-0.049802005,-0.32360965,-0.6777362,1.852582,-0.13215664,0.056776114,2.707034,1.2379096,-0.88065165,0.1297333,1.2443922,-0.37763658,-0.91082984,0.73401785,0.33124757,0.24320917,-2.0360982,-0.58280855,0.22819051,-0.7224171,-1.1461641,1.2487104
1383,-1.0047532,2.0566406,0.73870826,0.57734364,-0.1551642,0.22388382,-0.58451,-0.45066234,0.15113491,0.7433851,0.3682205,-0.54606843,-0.5081102,1.941828,-0.0031278348,0.5434707,2.3054032,0.7315957,-1.3211462,-0.22243647,1.437107,0.17522582,-0.3307236,0.5851027,1.0595858,-0.4023037,-1.9245391,-0.7413599,-0.23986283,-0.8231006,-1.4444238,1.36465
1384,-0.57045245,1.3798357,2.631047,0.13864191,0.04492146,-0.8514124,-0.6799743,0.890141,0.5410295,1.2163076,-0.7573122,0.47621703,-0.9787184,0.8100098,-0.22248368,0.11903253,0.5554947,1.8458707,-0.7769905,0.925569,0.82707644,-2.0351748,0.9136277,0.40188038,0.5096626,0.749043,-1.3429174,0.25823957,0.017674271,0.14203015,-2.0356808,0.3814502
1385,-0.4471937,1.246399,1.7424744,0.6258938,-0.58688587,-1.0064775,-0.14840513,0.7107764,0.7342062,1.9003061,-0.52816343,0.055400424,-1.3483396,1.1752375,-0.89962995,0.23595788,1.9024516,1.9096742,-0.73237467,0.7958343,0.5173533,-1.6639675,0.6775052,0.6055464,0.68686,-0.2522601,-0.6970832,0.026219662,0.3706805,0.31833008,-1.9840616,0.65084934
1386,-0.46460435,1.487157,1.1455991,0.40798193,-0.3337837,-1.1168607,-0.64180005,0.9866839,1.2935303,2.0049875,-0.42345712,-0.28403878,-0.98168206,0.8802244,-0.6235058,0.06409079,2.1903083,1.9741927,-1.1213807,0.54614574,1.1574225,-1.1261607,-0.2876168,0.4189406,0.35014972,-0.1932055,-1.0501169,-0.4307552,0.23219463,0.50633484,-1.8158933,0.9060189
1387,-0.7371788,1.5346428,1.3426841,0.5837513,-0.47244653,-1.1255612,-0.936082,0.92290103,0.90380955,1.6204764,-0.16725509,-0.2393181,-0.6979069,1.2078373,-0.3200401,0.47622234,2.291863,2.0607057,-1.2059878,-0.14400864,1.1310569,-0.89907736,-0.22637689,0.22456494,0.4786897,-0.5516801,-1.1784558,-0.24746135,0.6443911,0.5196839,-1.6081696,1.0763464
1388,-0.086704075,1.1992551,1.0076799,0.81816405,0.043296482,-1.3562366,-1.1760249,1.0548978,0.8150694,1.7528933,0.5790558,-0.37217113,0.55886775,1.7902867,0.0058066957,0.7217448,1.985476,1.4140364,-1.6070086,-0.41677445,1.7353557,-0.4019319,0.557758,0.44768813,0.74355656,-1.0905622,-0.53775436,-0.10845873,0.4133881,0.5313999,-1.4526885,0.5901686
1389,-1.0006224,1.8347656,1.6177324,0.3769132,0.24214663,-1.1982759,-0.99749905,0.65246725,1.0144125,1.3594143,-0.6588517,-0.9898067,-1.6537969,1.5777651,-1.0991852,0.5985316,0.9627054,1.6289523,-1.5160474,1.1319673,0.87757206,-0.7332694,0.27877071,0.7184765,-0.09668984,0.026079273,-0.96682036,0.145388,0.51370525,-0.017652549,-1.1216197,0.31188533
1390,-0.66938037,1.1616033,1.9240457,1.2953848,0.05075855,-0.78625196,-0.021452926,-0.35216013,2.0235274,1.7762765,-0.35133457,0.22478873,-1.3785926,1.6511078,-1.229987,0.26186597,0.7721267,0.9446704,-1.3099216,0.8764584,0.8279093,-1.0884202,0.38666847,0.3701615,-0.86544466,0.4475619,-0.08066961,0.62228703,-0.04048456,0.9769174,-1.3785946,-0.28716314
1391,-0.8273791,1.1234591,2.1692917,0.5071616,-0.18061838,-1.0437021,0.23888177,-0.24381196,1.99093,1.9509085,-0.34566194,-0.27894226,-1.0968184,1.440816,-1.158398,0.4544254,1.3885123,0.99679613,-1.6928122,0.839779,0.45755014,-0.82851475,0.90528184,0.27267954,-0.40782344,0.38173473,-0.18638161,0.5053581,0.2675311,0.8511829,-1.3650694,-0.14254487
1392,-0.53388965,1.1681367,2.1020002,0.7647667,0.32321405,-1.1583467,-0.27853808,0.11074701,0.76128817,1.2030743,-0.52927274,-0.9207383,-1.5357028,2.1641872,-1.4325421,0.8276852,1.7434354,1.2285116,-2.0480168,0.35189655,0.056580264,-0.723018,0.5939719,0.11078779,-0.08194833,0.40844762,-0.7237003,0.47035637,0.13897286,0.75058407,-0.15832315,-0.15139581
1393,0.118739344,1.2179692,1.4855505,1.011986,0.19543552,-1.1599683,0.8146317,0.13828716,1.7158244,1.9518603,0.039547555,-1.2109535,-0.6322041,1.883996,-0.3993172,0.5320065,1.6138012,1.2798759,-2.5057313,0.15884028,0.41089433,0.10162077,0.51309454,0.8271651,0.5950495,0.060689244,-0.054338377,0.43190902,0.25720322,0.4780542,-0.6136062,-0.67433125
1394,-1.158841,0.973625,1.8741049,-0.7155741,-0.4068763,-1.46022,0.4562038,0.012730334,1.1876081,2.131347,-0.6914121,-0.45039263,-0.48801184,1.0458207,-1.8873975,-1.3192688,-0.19726537,1.0931952,-1.0505555,0.17684671,0.8263169,-1.4644675,-0.2142086,0.62631536,0.43946484,1.0774193,-0.78573024,0.15284981,-0.094507046,-0.07937841,-0.79701626,1.6270636
1395,-0.047954272,-0.120104074,2.081041,0.85139227,-0.41106984,-0.9396366,0.85743654,-0.015823692,1.2866293,2.3628716,0.26767802,-0.36600307,-1.02744,1.9949793,-0.98481923,-0.094778985,-0.82089466,-0.27342004,-0.43578565,-1.0131133,-0.21124458,-1.6442955,1.6464028,-0.57763624,-0.2751867,0.2820903,0.42108425,-0.098299704,-0.72131133,0.9007808,-0.8434824,1.3098999
1396,-0.10384868,0.050967533,1.6426207,0.48295033,-0.6820162,-0.7867669,0.719486,0.38119173,2.014106,2.6154344,0.38789317,-0.35441297,-0.5014488,2.2140722,-0.379979,-0.19272888,0.17994627,-0.061444465,-1.000093,-1.3842413,0.44319698,-1.5958986,0.63866854,-0.8075527,-0.0030855027,0.5391448,0.12845756,-0.2944513,0.073971204,0.9831469,-0.9033796,0.988203
1397,-0.22693391,0.10867958,0.99798,0.49219775,-0.25590512,-1.6095233,0.2413854,0.31383562,1.7277169,2.3180707,0.25975063,-0.6419684,0.42359275,2.8216913,-0.9503901,-0.17680945,0.70311934,-0.2265585,-1.6966641,-1.135548,1.1679398,-0.9182829,0.29592538,-0.33135575,0.5015484,0.5983801,0.44527444,0.19757102,0.4422655,0.80607754,-0.23752324,0.27744624
1398,0.17308238,-0.31041268,0.49825865,0.31673342,0.47535396,-1.834962,0.23292613,0.18478212,1.6974187,2.3721428,0.5994953,-0.4606849,0.65765727,2.5421145,-0.8761444,-0.16914248,0.3598046,-0.42788517,-1.7849151,-1.4194391,1.2976133,-0.37018245,0.81874305,-0.14900562,0.8987608,0.32199594,0.7934128,0.40643656,0.07095946,0.6567048,-0.2008562,0.18829048
1399,-1.0648252,-0.07792969,1.1830165,1.3164325,-0.70066166,-0.38687366,-0.6906358,0.84816545,0.08151151,1.3656062,1.2977213,0.1601417,1.0574743,1.6627339,-0.34414092,0.33868688,-0.116643555,-1.5070013,-0.39436483,0.17771575,0.16298732,-1.8178737,0.71038765,-0.7170156,-0.6721337,0.6689282,0.8349688,1.2806883,-0.67481863,0.9226323,-2.3346426,1.3599037
1400,0.411259,0.44206083,0.89255816,1.4639343,-0.21766208,0.30524936,0.25328633,1.2985632,0.99484754,1.896968,1.9245661,-0.034321096,1.0994132,2.000837,-0.047982484,0.35199907,0.17749174,-1.0809535,-0.028911866,0.0010265574,-0.10777207,-2.3513818,0.66752666,-0.39057297,-0.3325265,0.5592361,0.82883984,-0.012959906,-0.061741035,0.627088,-2.0319278,0.2721946
1401,0.0735888,0.7118444,0.22695875,1.1637169,-0.22061665,-0.17888618,-0.3643063,1.6350949,1.9466008,2.0605445,1.4041711,-0.770356,0.6714008,1.8371422,-0.32854694,0.19201188,0.9356897,-0.48766387,-0.6288003,-0.06130484,0.20275521,-2.001292,-0.2804105,-0.6349303,-0.1078678,0.10059511,0.47587514,-0.42270342,0.4920382,0.9001942,-2.0795705,0.6490301
1402,0.12959546,0.6655538,-0.053576365,1.2746826,0.16110751,-0.29601714,-0.6061054,1.2706023,2.089649,1.8387783,1.9949632,-0.580969,1.5915121,1.7820628,-0.2507383,0.10385704,0.55635375,-0.6637736,-0.5174889,-0.36755106,0.4627003,-1.4744275,0.047415946,-0.72199476,0.17084306,-0.18409938,0.64251816,-0.43158606,0.4886755,0.73595554,-2.0014918,0.35761023
1403,-0.13345739,0.3310254,0.15734652,0.7786866,0.052655324,-0.22519264,-0.63722724,1.173988,2.1719728,1.7316592,1.87964,-0.85109395,1.8457808,2.2950115,-0.029744724,-0.18248609,0.10322632,-0.77038693,-0.78874487,-0.61578757,0.581194,-1.0832634,0.1793786,-0.84144723,-0.028508035,-0.45810047,0.5769848,-0.33435535,0.41737023,0.69383943,-1.6431924,0.38404262
1404,-1.811597,1.062085,-0.016730685,0.62930524,-1.2159854,0.009777077,-1.1095943,1.2839798,1.1629032,0.70412177,0.11563154,0.19775616,-0.53998446,0.791313,0.29644847,1.5472026,2.3571959,-0.55632913,-0.76787007,1.035825,-0.5702917,-1.054913,-0.46347785,-0.44222295,0.018803453,0.22473694,0.30722997,0.16120414,1.104281,1.0249288,-2.0761766,1.1048533
1405,-1.8576356,1.1678748,0.14512777,0.8402723,-0.76460093,-0.26556906,-0.57483006,1.1689211,1.5028846,1.1848518,0.11266169,0.18822387,-0.76311517,0.98375696,-0.17892279,1.0840665,2.2343228,-0.7530841,-0.34017226,1.0578378,-0.4883021,-1.2189269,-0.07246884,-0.74886984,-0.07974093,0.29364008,0.78834075,0.33904058,0.6601697,1.0116585,-2.0984955,1.4137328
1406,-1.1475047,1.0321765,0.041826643,0.46309683,-0.7086211,-0.50368977,-0.94334894,1.9473845,1.367385,1.3448187,0.3939239,-0.10148624,-0.4604729,1.2686442,-0.08939186,0.61447626,2.1318028,0.2586939,-0.8809321,0.1471269,-0.49571866,-1.5528731,-0.64234895,-0.5567456,0.84288985,0.042283706,-0.020342229,0.2977901,1.0540453,0.5303012,-2.422757,1.2245468
1407,-1.0061238,0.82403153,-0.19737656,0.74080217,-0.66652375,-0.7720993,-1.3533025,1.6474864,1.452041,1.1958112,1.1005859,0.070764825,0.62697184,1.2007264,0.052248985,0.6244348,1.7581403,0.0024391736,-0.7161791,-0.23572256,-0.039264355,-1.4536241,-0.3908254,-0.7824689,1.4223013,-0.2190908,0.20806007,0.25527397,0.90644133,0.39267263,-2.4984603,1.1701279
1408,-0.4791624,0.4613685,-0.08869681,0.6240493,-0.31527594,-0.79659426,-1.5662464,1.5739326,1.3272376,1.3932766,1.3415755,-0.14416693,1.3216898,1.9457406,-0.22564808,0.13377972,1.0505881,-0.41064706,-0.8044549,-0.69522053,0.4749449,-1.2807516,0.26121697,-0.902043,1.021717,-0.43923703,0.3164025,-0.074715026,0.66491765,0.4138662,-2.426523,1.1053364
1409,0.22193961,-0.7930533,0.66318214,0.86300856,-0.3796678,-0.08760457,-0.070885025,-0.9800837,0.40378404,0.25774187,0.94781727,1.838669,-0.33487675,-1.8216064,-1.3925661,1.3526314,-0.5159526,-1.1457534,0.55150294,-0.29948306,0.9719974,-2.2486715,0.1693518,0.034819428,-0.95837957,1.0304646,0.13791095,-1.37461,-1.7653365,0.44437295,-0.5387916,0.89831007
1410,-0.15616427,-0.21877906,0.63003933,0.5574253,-0.32088003,-0.3697317,-0.13110359,-1.1636437,0.5895305,0.9934859,0.45305946,1.7432458,-0.7474099,-1.7127529,-1.8395922,1.1209382,-0.20415504,-0.9273148,0.5904854,0.09376706,1.1836947,-2.3600442,0.20680003,0.07527869,-0.44536468,1.1035964,-0.051411264,-1.6200058,-1.6265707,0.17919353,-0.48612463,1.0068476
1411,-0.694943,-0.2472178,0.35814855,0.0298629,-0.3524334,-0.79854333,-0.45597425,-0.50456446,1.3704692,0.9256083,-0.056347925,1.3407233,-1.2349417,-0.8467001,-2.6054184,1.1043881,0.5706448,-1.3180677,-0.05950497,-0.20129368,1.6707213,-1.9757692,0.19486363,-0.4086015,-0.57008356,0.73183954,0.8373074,-1.6650736,-0.7524335,-0.1324763,0.7195284,1.1342288
1412,-0.7351213,-0.45745814,0.8554385,0.6988657,-0.80902094,-0.528802,0.045101106,-1.6798506,0.74677485,1.4591984,0.66193265,1.408976,-0.3926244,-0.8651904,-2.5505738,1.7086066,0.16113463,-1.3523923,0.3638546,0.40393174,0.8536511,-1.8833281,0.098045975,0.57163316,-0.6758822,0.49771735,0.39724645,-0.7091244,-1.3321991,-0.026181918,0.43172655,0.7856794
1413,-0.09469863,-0.5791102,1.7443994,0.7450482,-0.18869758,0.45379823,-0.10303738,-0.9194934,0.54357296,0.41772616,0.70322,1.9495369,-0.40967658,-1.1931624,-1.7872419,1.2194543,-0.8535832,-0.8371164,0.9079738,0.18674031,0.3745974,-2.1926844,0.6146635,0.028129414,-0.78159124,0.7025873,0.5463574,-1.0283918,-1.9570887,0.04692282,-0.42756012,1.1819775
1414,-0.8487067,-0.2075185,-0.7577084,0.59093297,-1.5588931,-0.5530679,-1.0089186,0.11303314,1.905998,-1.8250777,-0.061603475,1.0537224,-1.4099178,0.41269282,1.2232744,0.6510409,1.5636355,-0.059392486,0.18443264,0.89582,0.49786815,-1.0813242,-1.0697209,-1.587235,0.99887353,-0.9297313,0.9072814,-1.1782424,0.96053505,0.051486164,-0.2158007,1.1535412
1415,-1.0728395,-0.36733773,-0.77689093,0.66719294,-1.8314618,-0.90537477,-0.8186977,0.2486592,1.6364127,-1.7710848,-0.062926,0.75339895,-1.2580253,0.49154124,0.96214294,0.5572528,1.676955,-0.03922784,-0.1163929,1.0728521,0.41811323,-1.3130926,-1.2425276,-1.3689519,1.2282108,-0.9051703,0.7371993,-1.0988188,0.91287357,0.25470674,-0.20807356,1.1244605
1416,-0.57554966,-0.43476236,-1.135427,0.99658453,-1.0904421,-1.0893843,-0.38327184,0.60725105,1.1568981,-1.3197082,-0.07057572,-0.27435073,-0.6421311,0.7184252,1.2044613,0.5482828,1.9634702,-0.060085442,-0.20686334,0.83145684,0.9142365,-1.046897,-0.11637903,-0.7908188,3.2188547,-1.0655936,0.6653287,-0.41938975,0.03203144,0.21566632,-0.502743,0.1223633
1417,1.3989879,-0.5957095,0.43560946,0.0120536825,-2.4108114,0.4344794,-0.06963109,-1.1261406,-0.5527825,-1.1110227,-0.9448721,-0.28256714,0.13241586,1.1992041,1.42204,1.244157,-0.8427498,-1.1363548,-0.035925608,0.62877595,-0.8449508,-0.3109486,1.0626903,0.44784385,-0.90632975,-0.98044235,0.8812647,0.70285976,-1.2741916,-1.8554738,0.1939525,-1.0672497
1418,1.5454496,-0.37753192,0.84902245,-0.597897,-0.20559272,1.5223348,-0.47278652,-1.0404463,0.5626572,-0.9299624,-0.3786698,0.25148138,0.54525715,1.4569834,1.526595,0.9045074,-2.1763225,-0.5057661,0.6898092,0.42388046,0.07400089,-1.0729986,1.5866449,-0.2311614,-1.3861713,-0.61731565,0.99207735,-0.3146994,-1.0494318,-1.796121,-0.14652698,0.17980818
1419,1.0867507,-0.05222517,0.3394621,-0.66504776,-1.02526,1.6286469,-0.70064324,-1.0513532,0.65415156,-1.5835922,0.20835589,0.766815,0.48364803,1.5016935,1.834333,0.9813314,-1.640874,-0.6519821,0.7787144,1.1447845,0.48193762,-1.041693,1.5641941,-0.7008206,-0.37701103,-0.90127295,0.2896003,-0.4030578,-0.85831493,-1.6690778,0.4202084,0.21922465
1420,0.8523254,0.03742127,-0.16224967,-0.6074296,-0.86453307,1.4769914,-0.85585296,-1.1403763,0.5572779,-1.5391759,-0.32527378,0.9359857,-0.21863092,1.7669872,1.6757854,1.1359348,-1.9591926,-0.36386073,0.71550494,0.92634666,0.043249793,-1.2439413,1.6281554,-0.7434985,-0.42950845,-0.8930848,0.33750734,-0.2271246,-0.54686666,-1.7032976,0.05578974,0.37401295
1421,-0.075519815,0.5131484,-0.2562101,-0.24590069,-2.0592303,0.43826345,-1.0179973,-1.4095802,1.4861718,-0.6599556,-0.8457508,0.9368458,-0.21500978,1.1567411,0.84033614,0.83345014,-0.4714643,0.19005592,0.63245976,1.0679506,-0.66063446,-1.8318238,1.3817295,-1.0774814,-0.28921607,-1.7446773,0.1926641,-0.4451946,0.43648666,-1.543763,-0.5684516,1.1384057
1422,-0.1303468,0.46394026,-0.582939,-0.72008336,-2.6847694,-0.46770617,-1.1027023,-0.80266166,1.120792,-0.61390394,0.027668957,0.18215008,0.35866183,1.2511021,0.2086989,0.35202536,0.49903667,-0.40245363,-0.10299774,1.6270263,0.19043356,-1.9851133,0.793895,-0.1595257,-0.27794683,-2.094597,0.09018421,-0.49569082,0.9471747,-1.0266736,0.07235923,1.5480777
1423,-0.1497833,0.01531757,-0.6414053,-0.45273748,-2.4521825,-0.94685507,-0.67773736,-0.7459155,1.400984,-1.1160439,-0.029602636,0.6729522,-0.6017818,1.108411,0.72418225,-0.21480516,0.8286391,-0.833316,0.24370074,1.6931103,0.112047434,-1.8084973,0.056679275,-0.6898562,0.3937656,-1.9963244,0.5120005,-0.9873154,0.6761421,-0.65396696,-0.21128234,1.518749
1424,-0.68676597,0.036529165,-0.6566723,0.81155115,-1.545182,-0.43890175,-0.8704188,-0.17221466,2.013362,-1.6575544,-0.30304044,0.8716745,-1.4640871,0.31249732,1.3434981,0.7630235,1.592815,0.19794345,0.1589857,1.2037809,-0.013738217,-0.86795783,-0.7947395,-1.8363806,1.1872371,-0.7977911,0.97549945,-1.167285,0.7221426,-0.32404023,-0.34847966,0.8871092
1425,0.0743088,0.6861955,-0.21643344,-0.10600799,-1.2089103,-0.28725386,0.7114198,-0.04541052,1.9573691,-0.6543361,-0.48347336,-0.6832947,-0.31693244,0.4101676,0.9570878,1.1547307,2.0472767,-0.7763845,-1.5920155,2.244946,1.5139698,-0.5259169,0.0756676,-0.8982057,1.0200943,-1.0360117,0.2153785,-0.45816147,0.33319536,-0.31837848,-0.3492912,1.5572888
1426,-0.32489526,0.4809307,-0.2894592,-0.3367847,-1.2259036,-0.43494987,0.60572445,-0.38463423,1.7815219,-0.6224207,-0.51701283,-0.8484186,-0.2659717,0.810407,0.2357435,1.2364918,1.5506715,-0.8342675,-1.8019584,2.484144,1.4560156,-0.7183268,0.25743693,-0.9382143,0.7644912,-1.3959848,0.106266744,-0.07984325,0.37767372,-0.100067034,0.006417801,1.4098533
1427,-0.25930235,0.20543256,-0.6114612,0.19957907,-1.6376429,-0.6019953,0.052402552,-0.18791297,1.6019292,-0.16769595,-0.1838342,-1.0401855,0.052503265,1.668795,-0.030023232,1.2172289,1.8157189,-0.47399595,-1.1494601,1.9488481,1.4675742,-1.2069778,0.10080795,-0.35523292,1.1066926,-1.9540358,-0.049311686,-0.63751364,0.62414473,0.068854764,0.088382,0.64944774
1428,0.64531064,-2.0524917,0.56782955,-1.0603942,-0.12407183,1.0388278,-0.46051076,-0.9770966,0.12590985,-1.3740782,-0.12766194,0.5668344,1.3127798,-0.044248044,0.37440374,1.9740986,-1.0250077,-1.638945,1.1478674,-1.0414892,-0.3362272,1.0605187,-0.5724916,-0.500434,-1.4439913,-0.32827124,-2.0929635,0.8274059,0.050459594,0.07483275,-0.3876366,-0.72360194
1429,-0.46487075,1.1055887,0.6907622,-0.8266453,-0.9144279,0.64615756,-0.8084637,-0.841558,0.21813083,-2.1223698,-0.48212695,0.83622515,0.4501495,1.968562,1.7884294,1.6453323,-0.28714308,-0.5559305,0.8168713,1.1596262,-0.7397285,-0.66961676,1.179946,0.49671012,-1.8390507,-0.10043247,-0.19036204,-0.17141882,-0.8899549,-0.71760654,-0.9576513,-0.11163921
1430,-0.6099096,2.1533515,0.86847144,-1.3450825,-0.21428546,0.008714313,0.07007064,-0.15848367,0.9797479,-0.9099075,-0.5482762,0.53574353,0.71724063,1.5465616,2.295564,-0.0635458,0.5928154,0.45378372,0.7150325,1.7215031,-0.24829943,-1.0991762,1.0132254,0.9612289,-1.1582197,-0.04300292,-0.50539297,-0.56586176,-0.15490489,-0.9484276,-1.6258677,1.0882776
1431,-0.07771522,2.018098,0.57279444,-1.4257616,-0.54535073,0.15649392,-0.3916702,0.03492367,1.0847267,-1.054912,-0.28730342,0.5328889,0.9657784,1.4403111,2.1880472,-0.02268645,0.39917165,0.48792964,0.46081594,2.052486,0.3478915,-0.8178025,1.2314148,0.93174225,-0.38253498,-0.8532973,-0.21253061,-0.45639017,0.12003965,-1.335104,-1.5799612,0.9513176
1432,-0.29296353,1.693058,-0.17186776,-1.4970385,0.77374274,0.61781746,-0.34744045,-0.35265696,0.87162185,-1.0943738,-0.70467997,0.6196262,1.1284815,1.4141262,1.6670529,0.2240152,-0.538122,0.3595608,0.59019464,2.1133475,0.4037157,-0.30019948,1.8795705,0.44483674,-0.070079796,-0.5157236,-0.4714461,-0.039475378,-0.5184456,-1.9001834,-0.95306945,1.1209031
1433,-0.18212728,1.6405691,0.16021228,-0.986751,-1.0237538,0.20862453,-0.29965052,-0.31152934,1.3289833,-0.39172912,-0.29445592,0.1313349,0.7631447,1.2919487,1.3408993,0.042870138,0.45542687,0.72044784,0.74367476,2.2191474,-0.12673627,-1.2159804,0.7494878,0.6712161,-0.67716336,-1.3545514,-0.44269693,-1.0313728,0.7281624,-1.5352211,-1.4143869,1.4581323
1434,-0.1493465,1.1518532,-0.8788828,-0.3271088,-1.7485083,-0.214079,0.27270958,-0.116443396,1.8879473,-0.13892151,0.06735986,-0.2356001,0.34812418,1.1254338,1.4150577,-0.25584045,1.1039141,0.49409047,-0.08470802,1.7801926,-0.32253814,-1.5170087,-0.35302192,0.9790306,-0.5704368,-1.6245774,-1.491184,0.21365845,0.91628253,-0.78518397,-1.7505325,0.5862914
1435,0.2848879,0.60441595,-0.700547,-0.8507221,-1.9318904,-0.097469784,0.70345163,-0.45821297,1.6512889,-0.096375816,-0.67168427,-0.12611353,0.0054544294,1.3178107,1.8003331,-0.35999656,1.1195303,0.032233514,0.07821927,1.6334363,0.45802692,-1.3465906,-0.6947977,0.82075596,-0.37452933,-1.9637072,-1.0966,-0.2390714,0.53258556,-1.2962214,-0.84006345,1.101223
1436,0.5923581,0.65853137,-0.1118789,0.26857066,-1.3827012,0.11354811,0.69108343,-0.65820855,2.681138,-0.60282564,-0.47194895,-0.76397896,-0.2950532,0.46945712,1.3245733,0.92121625,1.7494615,-0.1894379,-0.99457103,2.3065534,0.5290562,-0.6372253,-0.009616571,-0.93380314,0.52791256,-0.9900681,0.04583727,-0.72707444,0.4070981,-0.94198936,-0.8396344,0.51213735
1437,-1.500626,-0.5876861,0.6379496,-0.28501642,-0.44742304,-1.3448776,-1.6590855,1.2089775,-1.19026,-0.117473304,-1.5139498,0.7509094,-0.14473394,0.89010006,0.13225617,0.29710764,1.9531248,-0.16138776,-0.35490423,1.2889996,0.21810958,-2.4485939,0.9899586,-0.87522393,1.3557483,0.20315851,0.58113754,0.29076844,0.09139777,0.6358773,-0.41729504,-0.63860047
1438,-1.3477123,-0.53140706,0.48407546,-0.9218547,-0.4861192,-1.3770946,-1.7617707,0.5873308,-1.0793347,-0.3199951,-1.0703379,-0.00091076794,-0.399245,1.1670069,0.30691612,0.20017247,1.1601542,-0.3019897,-0.1935165,1.0814993,0.36443996,-2.7792883,0.6278707,-1.3717458,1.4856772,0.40217516,0.7612969,-0.09357929,0.8183381,0.41628337,-0.22240834,-1.2891698
1439,-0.6087218,-0.08585449,1.1289241,-1.1072973,0.54655343,-0.8805953,-1.5586033,1.7352008,-1.0344403,-0.13253345,-0.53182954,0.05583625,0.66625893,0.48841095,1.0759991,-0.13796797,1.2671946,0.26516336,-0.54912686,0.6128077,0.98797387,-1.9102544,0.90500826,-1.5377346,2.388706,0.050849847,0.6621091,0.2775967,0.78736985,0.048911132,-1.3224452,-0.6186288
1440,-1.1657685,-0.5074515,0.76533,2.5548112,-1.2369198,0.52870643,-1.4652443,-0.18825868,-0.44229057,0.14261232,-0.23250827,0.9455184,0.4539434,-0.13320881,0.44909406,0.92203563,-0.9884459,-2.2624846,0.91912115,1.1308535,-0.53109527,0.04280278,-0.9045148,0.028597433,-0.65871114,-1.1069317,2.2296517,-0.038105864,-0.8160307,-0.14954628,-0.629463,0.48094645
1441,-1.7177008,-0.12104429,0.13737208,2.0073888,-0.7768679,0.76005507,-0.84978807,-0.73295397,0.3600498,0.10624305,-1.1284328,1.3925569,0.45679134,0.25182065,0.20113005,0.03567948,-1.0470228,-2.303976,1.4683831,0.89909005,0.56032544,-0.059091702,-1.1573476,-0.16945808,-0.5059098,-0.6233299,1.9740438,-0.41965985,-1.2043494,0.37456456,-1.256144,0.9997953
1442,-2.1526182,-0.059882898,-0.06190794,1.417192,-0.80278885,0.19276567,-0.71182346,-0.5066918,0.6306009,-0.08026209,-0.9555721,1.2118284,0.2323427,0.5501334,-0.6385161,-0.47393113,-0.0047632703,-1.760389,1.6203754,0.9605965,0.85243106,-0.6020655,-1.0724819,-0.5192721,-0.7426888,-0.5432977,2.4201427,-0.39919588,-0.9227461,0.6384837,-1.3029584,1.1929898
1443,-2.1148033,0.16301875,-0.4249901,0.8239809,-0.29063648,-0.50884575,-1.4196599,-0.21679826,0.6895978,-0.35121024,-1.2627753,0.7858327,-0.7220973,0.72138095,-0.95686406,-0.65979934,0.5180644,-1.5548644,1.2909032,1.2070743,0.71450317,-1.2077616,-0.96562755,-1.4993076,-0.2667951,-0.16651258,2.3702526,-0.26075935,-0.69958,0.6353778,-0.81818265,0.614055
1444,-2.6595566,-0.014969005,-0.66133714,0.786289,-0.62459654,-0.22913752,-1.2073709,-0.42572862,1.1728096,-0.21980366,-1.3066936,1.387145,-0.21810521,0.16664985,-1.0047677,-0.18420574,1.1108723,-0.98584336,1.0851887,0.87861496,1.2053716,-0.8987997,-1.0764827,-1.3723693,-0.03256009,-0.31771392,1.9274837,0.29484954,-0.38507837,0.82904863,-1.0486302,0.8931757
1445,-2.4048889,0.4442473,0.53017825,1.0605118,-0.96966,-0.9247548,-1.514945,-0.38032767,0.80889255,0.69277066,-0.9020957,1.0019513,-0.05974821,0.49690646,-0.8842381,0.8632101,0.8128637,-1.9528427,1.8983227,0.42733806,0.9079196,-0.8702429,0.19546615,-0.5737072,-0.10823794,0.102318786,1.5089612,-0.32794112,-0.6586678,0.44745365,-0.35161895,1.7859266
1446,-1.7295717,-0.26170123,0.40108827,0.1280357,-0.71610504,-1.082061,-2.701752,0.36156085,-0.3061727,0.21684426,-1.3794744,0.88727397,-0.5985042,0.48201057,-0.5332634,0.43938592,1.0132083,-0.77539766,0.22295353,1.2723583,0.39180183,-2.6040354,-0.08460403,-1.0594813,0.809183,0.97170097,1.0355828,-0.32667086,0.10818019,0.6278803,-0.25577676,-0.24654096
1447,-1.5151204,-0.30846733,0.5225242,0.22237164,-0.8123615,-1.1590041,-2.0997295,0.77647793,-0.67968655,0.14390391,-1.7335445,1.1265157,-0.3759999,0.21206383,0.03747516,0.3204463,1.8576034,-0.21363156,-0.3677185,1.431848,0.16644354,-2.1730587,0.60494035,-0.46114594,1.6132566,0.80409503,1.0679463,0.3273417,-0.24121574,0.4861279,-0.5454406,-0.348795
1448,-1.0039741,1.453786,-0.5948006,1.0521389,-1.419195,-0.8812797,-0.7175773,0.013018784,1.5973115,-0.9171959,-0.691031,1.2997693,0.42580464,1.7763007,-0.07832625,-0.9944484,1.4640745,0.6906924,-0.55652976,0.92158014,0.73523337,-0.31639835,-0.19423339,0.8956474,-0.7448527,0.3990977,-1.4654273,-0.11880376,1.423516,-0.7438422,-1.6857263,0.2675174
1449,-1.0724365,1.2122333,-0.46385002,0.9714892,-1.6987472,-1.1557925,-0.75800824,0.08655038,1.4255954,-0.76217884,-0.30258858,1.1132183,0.52914363,1.7047628,-0.35314995,-1.4444095,1.5657673,0.46996439,-0.66551584,0.9253269,0.59559005,-0.43702227,-0.32177296,1.1730428,-0.65579313,0.22636867,-1.319636,-0.0484437,1.4231918,-0.6551378,-1.5698271,0.42745063
1450,0.06469548,0.41085023,-0.71500635,1.3007793,-3.2343318,-1.1295166,-0.69155735,0.9276966,1.0163893,-0.10481509,0.40956384,0.78484863,0.47601205,1.1955435,-0.36096898,-1.4411232,1.6364528,-0.0129083125,0.5476564,0.06326868,0.5936878,-1.2678248,-0.61665064,0.31216922,0.6694952,-0.40180382,-0.83238286,-0.74108,1.4616562,-0.42809504,-0.8366039,0.07655784
1451,-0.6081985,0.67176205,0.7715576,0.6557499,-0.5172777,-0.44610587,-0.5097973,-1.1853243,1.4283831,-0.9578423,-1.1945729,2.0593128,-0.8183369,1.1976081,0.5476537,-0.921287,1.1502234,0.5046488,-0.7172936,0.62057364,-1.2169858,0.013317166,1.1401201,1.0112532,-1.9266129,0.16115715,-0.3477056,-0.6685209,0.46453345,-1.731294,-0.98449373,1.0037868
1452,-0.5871123,1.7599921,0.39705205,0.39000234,-0.41281742,-0.48525584,-0.29336432,-0.65344244,1.493522,-0.604083,-0.6071818,0.88086176,-0.14536718,1.0865759,0.14486629,-0.42175695,1.7255526,0.82785153,0.10139522,1.3231595,-0.7423033,-0.60016054,0.6254885,0.6070164,-1.4617274,-0.09804568,-0.6915632,-1.2015756,0.86873776,-1.3529224,-2.6125977,1.1653672
1453,-0.6629469,1.5114664,0.18933941,0.58799034,-0.62058234,-0.7906328,-0.33176625,-0.6967368,1.3109915,-0.718813,-0.53300935,1.1363528,-0.25598586,1.2606231,-0.21696007,-0.5604482,2.2609997,0.742702,0.08167735,0.90999943,-0.7882111,-1.0063543,0.18038425,0.48729104,-0.86607665,0.3365451,-0.8311616,-0.8939596,1.2164084,-1.2569435,-2.5080829,1.2091681
1454,-0.92270595,1.6527647,0.13950785,0.44076684,-0.78693694,-1.0680733,-0.22141363,-0.7478786,1.5466079,-0.34193105,-0.7036995,1.0694047,-0.4630135,1.2436732,-0.17432511,-0.69113827,2.4115448,0.7520399,-0.23575631,0.79312265,-0.5946836,-0.6263783,0.00904505,0.65951294,-0.7030045,0.2170606,-0.70681983,-0.94024205,1.3180983,-1.0663933,-2.0981157,1.4696854
1455,-0.77498335,1.7752798,-0.023754006,0.5806006,-0.44816625,-0.7873429,-0.17903538,-0.40428472,1.4678386,-0.57616365,-0.77391964,1.0918514,-0.40225294,1.1439099,0.14210096,-0.45460755,2.3126376,1.0695742,0.07550225,0.95931375,-0.42304417,-0.542561,-0.17017928,0.7742798,-0.9344935,0.39707258,-0.8655384,-1.1513731,1.3872693,-0.9836019,-2.3122845,1.1284093
1456,-0.76945573,1.4430753,-0.28496757,0.6451028,-0.8823404,-0.9566902,-0.111986965,-0.3037545,1.4759892,-0.88022333,-0.61944395,1.1725619,-0.11938702,1.4298373,0.17790015,-0.9916994,2.1812391,0.94526714,-0.22536273,0.9865974,-0.3895673,-0.5553699,-0.29059184,0.9268824,-0.6775379,0.41386724,-1.0654573,-0.43869516,1.4690166,-0.9462943,-2.3306103,0.78830177
1457,-0.8609934,1.5807947,-0.21729636,0.49449322,-1.1569905,-0.96734995,-0.35217103,-0.2885527,1.5811085,-0.53328514,-0.74150777,1.2390102,-0.15727961,1.5093224,0.11942126,-1.1230222,2.0414813,0.64026785,-0.50656873,0.82549506,0.010758584,-0.4131589,-0.20041041,1.0306587,-0.79640585,0.21855387,-0.99338657,-0.4432456,1.5204989,-0.8589186,-2.0626018,1.1512927
1458,-0.784887,1.7066406,-0.40792733,1.0776076,-1.009843,-0.72546244,-0.44231707,-0.09356983,1.6489613,-0.86024797,-0.86499107,1.2130389,-0.17463733,1.5657618,0.19748728,-0.79725474,1.8732239,0.8461362,-0.32301578,0.9041205,-0.0046202256,-0.2523728,-0.11470498,0.7513184,-0.9789728,0.27832574,-1.1821151,-0.65978897,1.3883379,-0.91222656,-2.0471773,0.795483
1459,-1.2342049,0.090345666,1.8685699,1.2762171,-0.61182916,0.75556153,-1.5200953,-1.1165272,0.24400763,-0.117076196,-0.7795656,0.63972545,-0.010636597,0.938334,-0.89009327,1.8104404,-0.4743137,-2.5006576,-0.5945627,0.6520774,-0.5908532,-0.5024902,-0.08266203,-0.604797,0.0513727,1.0026373,1.1383965,0.67566687,-0.9412787,0.7081551,1.4656506,0.72857815
1460,-1.1188077,-0.17988764,1.2299756,1.5998669,-0.64127177,0.28596303,-1.5621152,-1.4323293,0.36616474,0.454103,0.049086135,0.87433004,-0.99759835,0.43848547,-1.1072946,1.889269,-0.7425368,-2.1396666,-0.78793335,0.72991663,-1.4774635,-1.1261566,0.29844618,-1.1815425,0.103887185,0.14046612,1.2730947,0.29976648,-0.6674125,0.7629876,0.46729395,0.71662724
1461,-2.0794854,0.53653806,0.8590304,0.100566864,-0.29282507,0.75159335,-0.35594994,-0.70347875,1.1589833,1.3559555,0.89919734,0.40331823,-0.17880087,0.27138323,-2.5292683,0.89497817,-0.3006986,-1.0885568,-2.2848737,1.6443242,0.2596706,0.11205131,1.185118,-0.49294627,-0.5342509,-0.20892131,0.4925924,0.73598516,-0.7216692,0.631665,0.8876085,0.3152316
1462,-0.27055314,-1.2709055,0.6350476,1.4978657,-1.4231498,3.0702794,-1.6151292,-0.8380439,0.06551508,0.014706288,-0.6869135,1.0388138,0.6461267,-0.11752649,0.47561976,0.5416854,-1.6493528,-1.9424399,-0.27074838,0.5401464,0.33808622,-0.49618354,-0.44099957,0.4157899,-0.23781042,0.0095819235,0.31341377,-1.2281728,-0.958006,0.66241556,-0.3471153,-1.1073333
1463,-0.33534306,-0.6453351,1.0598857,1.7912496,-0.8633159,3.2505744,-1.3897468,-0.53111917,-0.017695662,0.022528592,-0.14622164,1.0029448,0.14201331,0.21346818,0.2642891,0.8738995,-1.5718038,-2.0323439,-0.92605215,0.6511134,-0.059110764,0.06400687,-0.21349198,0.5535611,-0.5211366,-0.1322934,0.54097664,-0.81200385,-1.4879174,0.75973696,0.17311545,-0.62504303
1464,-0.6024822,0.20212542,1.1947979,1.747828,-0.9118529,1.4357244,-2.279871,-0.8050263,0.4726815,-0.58883685,-0.7914362,0.46521455,-0.39982036,0.59580636,-0.1522385,1.7569162,-0.8242476,-2.628663,0.08397976,0.2661055,-0.45966873,0.006186138,-0.6145684,-0.8928147,0.4645801,0.95340836,0.376542,-0.5160329,-1.0831448,0.65973794,0.96153826,0.79580295
1465,-0.65829027,1.6489888,1.522357,0.14084828,0.5784233,0.5948947,0.90473664,-1.3938608,2.3979847,1.3921168,0.5776506,-0.29870293,-1.2193863,-0.54503196,-1.2463313,1.2596493,0.9373526,-0.8276375,-2.3165085,0.93488175,0.019973652,-0.23591903,0.32710913,-0.3736802,0.65938437,0.565596,0.52485675,0.49961108,0.376214,0.14694004,0.41764295,0.17351231
1466,-1.1330996,1.8331736,0.97016805,-0.6112831,0.85263336,-0.20861128,0.5904035,-1.6024595,2.4054685,1.612281,0.23703538,-0.27348673,-1.5829074,-0.23938677,-1.2433671,0.63249236,1.2828269,-1.1586777,-1.7678028,0.69428295,0.35479793,-0.35531694,0.35196927,-0.76525104,0.66515326,0.60007536,0.5159838,0.71247494,-0.14652911,-0.18095869,0.48917577,0.53002363
1467,-1.9853348,1.8044571,0.4718019,0.20889308,0.76022065,-0.23772563,0.3046326,-1.7424936,2.2630515,1.7976712,-0.14846686,-0.6895853,-0.69087064,0.08317705,-1.9641323,0.6760424,0.8058411,-0.34610218,-0.25327793,0.045654334,-0.074376464,-0.7032379,-0.2230232,-0.6850112,0.5798569,-0.35751188,-0.43195182,0.21904895,-0.7966309,-1.361938,1.0344901,0.87680703
1468,0.47429988,-1.0382929,1.737316,0.010054476,-0.9135672,0.70089394,-0.028181372,-1.1990588,-0.15899657,0.5198392,-0.49937645,0.84940547,0.9688407,0.20073432,-0.082297504,0.59022164,-1.5736047,-1.2040987,-0.5443399,0.96260595,1.3202678,-1.0343459,0.5749063,1.2285768,-0.09308979,2.431793,0.86179644,0.4050668,-1.8195288,1.28074,0.43294263,0.5788828
1469,0.3142804,-0.2180846,2.8886113,0.34525073,0.5144997,0.17378657,0.14215456,-0.43348014,0.84642464,1.1919702,0.6554061,0.075822234,0.29107744,-0.037994716,-1.363567,1.7474517,-1.6046561,-1.2039084,-1.7026393,1.66143,0.04812272,-0.010547445,1.4161389,0.7653993,0.31968123,0.06204807,0.8776964,-0.05969067,-0.40092397,0.5318824,1.3089206,0.5994805
1470,0.22818047,1.6201698,1.3551211,0.57387173,0.70692384,-0.061876096,1.0092062,-0.5237394,1.6580192,1.1556506,0.14696325,-0.6942771,-1.6010773,-0.41138282,-0.75272346,1.8988162,-0.17049907,0.18599746,-2.2850723,1.816759,-0.58716166,-0.44003466,0.6646568,0.93061346,0.8014655,0.4945628,0.56099725,-0.52691835,0.38979426,0.4717937,0.06565885,0.6500891
1471,-1.3440883,1.376571,2.0769987,-0.48793033,0.41184732,0.8441198,1.1843644,-0.91039044,0.7316432,0.9377386,0.2773228,-0.062191475,-0.047600582,0.092988424,-1.5201696,1.2672534,-0.3235348,-1.3736879,-1.8291427,1.9697709,0.4959575,-0.52387214,1.3588357,0.3334218,-0.37259373,0.8428444,0.2933436,0.8805687,-0.2946387,0.32262492,-0.6954841,1.0785301
1472,-1.608878,1.0752931,1.6816214,-0.86395633,0.4570771,-0.08217739,1.3480092,-1.2796236,1.169875,1.0342854,-0.16012157,-0.051048692,-0.31776735,0.60010725,-1.9994051,0.94313866,-0.08835689,-1.3277552,-1.5652956,1.6737626,0.7651281,-0.70047283,1.364034,-0.01474958,-0.06541256,0.8747811,0.31057602,1.0115886,-0.5759119,0.37025723,-0.29692295,0.86465347
1473,-2.038128,1.5157473,1.145284,-0.6120342,0.9621994,-0.9376142,1.1193786,-0.9869289,1.0245271,1.1139007,-0.33177173,-0.6535051,-0.19013046,0.12151422,-2.5019338,-0.27126136,-0.4716781,-0.16019098,-0.88152343,1.927694,0.20259035,-0.53271824,0.70691395,0.14936906,0.7551757,0.1611715,0.07628259,0.56956136,-1.0295105,-0.45346755,-0.42860174,1.506592
1474,0.93315834,-0.94593716,1.0841905,0.5510343,-1.2359656,2.043068,-1.5117527,-1.2595841,0.79642797,-0.37680462,-0.786773,1.0980755,0.3603849,0.3811651,0.2582631,1.0092385,-2.421641,-1.800721,-0.08107268,0.6595719,0.9287467,-0.6712072,0.108616546,-0.5829097,-0.27878588,1.3502322,-0.023123452,-0.6982648,-1.2026916,0.84285235,0.19384156,0.3584612
1475,-0.20381165,0.8561255,2.6675122,-0.26852536,0.4884734,0.6899476,0.28762335,-1.0082039,0.39404806,1.8676385,-0.1663448,0.7888774,0.1815856,-0.4439506,-0.89896464,1.1058629,-1.5217452,-1.8298414,-0.77798855,1.3258476,0.8521423,-0.53141147,1.4319191,0.63447607,0.14485466,1.1249824,0.75794286,-0.11051302,-1.2639962,0.32785222,0.49478257,1.3034483
1476,-0.9368438,2.0453315,1.868296,0.30017123,0.6124037,1.1168586,0.3557568,-0.11358768,1.0073687,1.4633337,0.16206695,0.37466854,-0.512964,0.226256,-1.061528,1.4851418,-0.1207385,-0.8636859,-1.0460843,1.8910377,-0.080303654,-0.9420425,0.937178,1.103558,-0.66393095,0.80394393,0.56858647,-0.68948567,0.45760906,0.19137226,-1.415217,1.4856396
1477,-0.32301283,-1.0527902,1.6589909,0.8054594,-0.052967038,1.9221063,0.06755942,-0.5219229,-0.0833419,-0.21992268,0.36407414,0.9354061,-0.5669196,0.44202554,-0.6588213,1.9361527,-2.3764951,-2.3404706,-0.39537156,0.9412716,0.1985538,-0.8600226,0.95892173,-0.3983589,-0.57068884,0.9980261,0.35443297,0.5577392,-0.68379855,1.0838859,-0.8036989,0.60746795
1478,-0.9439427,-0.73997515,1.731315,1.0206023,-0.24642028,1.2722911,-0.021943241,-0.8431953,0.15188491,0.2744362,0.45791894,0.7869919,-1.0213736,0.6870192,-1.0718735,1.9255915,-1.8413819,-2.4211676,-0.72427154,0.5328294,-0.50507945,-1.2562189,0.7985997,-0.7235547,-0.0891121,0.84838235,0.5970722,0.80296123,-0.7894384,1.0227903,-0.28153798,0.96336806
1479,-1.4496181,-0.60539895,1.1915456,-0.5071473,0.36244792,0.24550515,0.9479829,-0.7282665,0.81927854,0.795416,0.8664367,-0.97005564,-0.3216569,1.5424478,-1.950075,1.1823331,-1.0772809,-1.8877841,-1.465534,0.9871096,-0.075685225,-0.7475197,0.577529,-0.7459121,-0.26696712,0.50249195,0.6399781,1.7837205,-0.63486713,0.27143958,-0.23356739,1.3597536
1480,0.20756629,-0.90839034,0.9059077,1.8702707,-0.4181893,2.2201903,0.07662192,-1.7482791,-0.42510867,-0.3734043,-1.6431929,1.6584249,-0.22581334,0.7730498,-0.081615165,0.54420716,-1.3216816,-1.4218587,-0.27379113,0.15465054,0.6172249,-0.33953184,-1.027436,0.25643963,-0.4065113,0.8368196,-0.3948067,-0.6243891,-1.0893279,1.6505519,1.2148749,-0.45282745
1481,0.051779225,-0.49494198,1.8222163,0.87005144,-0.45590013,2.6818814,-0.37419578,-0.5493541,-0.5937966,-0.35828128,-0.7696288,0.9027663,-1.0563087,0.90554494,-0.72863424,1.4242239,-2.5491164,-1.7747039,-1.3188331,1.2254971,0.2562178,-0.1412689,0.5424694,0.22806582,-0.3755161,0.013016859,0.12830172,-0.021123625,-0.6119998,0.40756524,0.22254469,0.6077895
1482,-0.2950516,-0.9145719,1.8235368,0.5804031,-0.020126421,2.15822,-0.14792614,-0.22858348,-0.10608845,-0.15519193,0.19903786,0.92678946,-0.2510185,0.58779997,-0.7824512,2.0146642,-2.258847,-2.18943,-0.7263453,1.1588786,0.55547506,-0.6570464,0.8692508,0.20478387,-0.79442394,0.8725644,0.6976025,0.27522895,-0.44791877,1.0390009,-0.645585,0.51453376
1483,-0.55703133,0.21125257,-0.623929,0.6323012,-1.0425041,0.45356125,-0.9007485,0.17550172,-0.8751854,-1.9939525,-1.3689216,-0.7624161,-0.51176876,-0.3310847,-0.17767678,1.5656685,1.1660682,0.4780166,-0.8291995,-0.44885457,1.4844487,-0.97853863,-0.7597408,1.0825236,2.0482612,1.1818439,-1.3126272,1.5429947,-0.72073215,0.32059753,-0.5908273,-0.5624084
1484,-0.750602,0.18600063,-0.64454854,0.47615325,-0.9084605,0.33331043,-1.1110994,0.18540879,-0.8209334,-2.0665307,-1.2597497,-1.3152236,-0.77162844,-0.40622813,-0.38132903,1.3453436,1.2755826,0.6202375,-1.0344349,-0.4927231,1.34743,-1.0719588,-0.95632213,0.9609562,1.7818396,1.0053443,-1.1486821,1.5882347,-0.55271316,0.4479189,-0.70149666,-0.83080524
1485,-0.8865075,0.19626288,-0.9191103,0.8003744,-1.6555246,0.27082512,-0.6613602,0.28406063,-0.5942736,-1.1371233,-0.6514292,-1.3993113,-0.49930015,-0.7758763,-0.7602781,0.8590557,1.244909,1.1683817,-1.7329118,0.06965895,1.3120358,-0.32288355,-0.8924157,1.0409167,1.4998506,0.7888656,-1.1518711,1.9805851,-0.15847841,0.71361595,-0.27306288,-1.65782
1486,-0.4490156,-0.16631158,0.9858686,0.58960015,-1.1816375,1.1853127,-1.6382608,-0.64084786,-0.41846406,-0.21971798,-0.9895299,2.2150962,1.5591466,-0.8546962,0.8652887,0.7788813,0.057396293,-0.4804344,-1.1205963,-0.8715923,0.84416646,-0.019148063,-1.0544448,1.8551594,1.8101978,1.3905892,-0.0389893,0.90774924,0.75422806,0.069240354,0.6937779,-0.49472487
1487,0.30745584,-0.039047003,0.22417791,1.128568,-1.6414554,0.8376747,-1.2975323,-0.49521476,-0.5116662,-0.53172344,-1.2092837,0.79333794,0.39187923,-0.8481396,0.4102361,1.0240188,0.4099288,-0.18075609,-1.4072672,-0.17427064,0.9246606,0.3436634,-0.78372955,1.4170735,2.8365154,1.8102607,-0.97331655,1.014336,0.23737878,-0.05214653,0.6331159,-0.5556385
1488,-0.1868486,0.5138947,-0.1808311,0.7468768,-0.8298341,0.47319254,-0.39992827,-0.16198827,-0.5573401,-1.5206527,-0.7609771,0.31635088,-0.36515406,-1.063364,0.49538195,1.9571332,1.7989208,0.7982533,-0.51902854,-1.5494568,1.6978428,-0.7874146,-0.6230626,1.1252398,1.5426288,1.5271833,-0.9672026,1.5682645,-0.260096,0.5922097,-0.36775708,-0.4515962
1489,0.01277931,0.8932233,-0.8415454,0.56126916,-1.6218368,-1.4729484,-0.5719941,0.7661585,1.938478,0.43731475,1.2107613,0.256832,1.2901217,0.5976684,-0.84340566,-1.7124833,0.53739566,-1.3812488,-1.0135036,-0.8559729,1.2274355,-0.85694265,-0.016977934,1.6415786,-0.17797244,-0.8016576,0.3205048,0.24512698,1.0370187,0.88786924,0.1833496,1.1831648
1490,-0.07688458,0.95215243,-1.0603695,0.5010596,-1.4365048,-1.3720111,-0.7657248,0.9444999,1.7775774,0.22998606,1.2083558,0.46474233,0.96632487,0.9378811,-0.98066527,-1.6952149,0.2348734,-1.3903657,-1.0870514,-0.676698,1.252075,-0.8614925,0.035125937,1.7707292,-0.18826048,-0.69569236,0.35430437,0.5408101,1.2989525,0.7007958,0.08832661,1.119006
1491,-0.7907743,0.7145774,-0.7855693,-0.40341204,-1.9964592,-1.1215484,-0.727595,1.2740716,0.9032604,0.66204184,1.0113562,-0.002844469,0.74524844,0.96901417,-1.177586,-1.5676,-0.25734422,-1.1483592,-1.0577906,-0.19073331,1.2643431,-0.69016427,-0.04928699,1.7062469,0.1679885,-1.4399184,0.575841,0.38168958,1.3554996,1.009147,0.7297002,1.2149855
1492,0.34034452,0.24906671,1.6323252,1.7508721,-0.83087474,-1.7486326,0.310219,-0.5142656,-1.585471,0.39597255,1.2357846,-0.28606153,0.7368157,-0.4651213,-0.7346587,-1.0684052,0.3394804,-1.7868829,-1.3881931,-0.6061687,-2.2920158,-0.35383797,0.7548815,1.2547485,0.07107388,-0.07972234,1.204081,-0.11779544,-0.7360791,0.28166232,0.32266518,1.0779283
1493,0.23528369,1.0954568,0.9242814,0.17134167,-1.8844284,-2.1274924,0.59993196,-0.03346621,0.44405147,0.19017419,0.976818,-0.64012736,0.9009895,-0.0018839875,-0.2940772,-1.3585961,0.9744371,-1.7021269,-0.49726444,-0.15126608,0.1629728,-1.4340197,0.520319,2.1119802,-0.26547962,-0.7695614,-0.19366744,0.085989535,-0.7141806,0.94834703,-0.74437755,2.201849
1494,0.19150062,1.1033146,-0.3033781,0.3483444,-1.3401736,-1.717582,-0.4995345,0.2468156,1.9027029,0.52389544,1.0144583,-0.09852556,1.4442862,0.35078406,-0.95581895,-1.5801526,0.95511127,-1.7171481,-0.72209114,-1.3172394,0.8216247,-0.9893441,-0.042966258,1.6353388,-0.19381388,-0.6523567,0.2610881,-0.048485164,0.9063393,0.8510071,0.15669678,1.4909629
1495,-0.04433319,1.0852038,-0.49669713,0.52517927,-1.3151366,-1.8553392,-0.61634135,0.25775313,1.8359072,0.41349027,1.2166823,-0.06711662,1.2765412,0.65258414,-1.1216321,-1.7108448,0.8766194,-1.4941467,-0.9175974,-0.8977413,0.7421675,-0.87036747,0.13349566,1.757717,-0.49661785,-0.67763054,0.06738157,0.05100233,0.9262847,0.7225307,-0.16423598,1.4747975
1496,0.15675293,0.9170975,-0.41800717,0.6396474,-1.5504127,-1.6830348,-0.5047226,0.51719135,1.997299,0.65640956,1.2132279,-0.15124525,1.3536891,0.35256028,-0.91725147,-1.718102,0.78799105,-1.3317168,-0.86825436,-0.91361797,0.7889977,-0.9146646,-0.055716086,1.6396002,-0.20875166,-0.884061,0.34192073,-0.28214183,0.81793576,0.82717687,0.10170568,1.5448089
1497,0.54894733,1.1514096,0.11854657,0.5288596,-1.3534096,-2.121965,0.046041843,-0.03768815,1.1550032,0.47413695,0.9240754,-0.37014967,0.9585403,0.17021616,-0.77531534,-1.5796188,0.87385374,-1.5276972,-0.6597971,-0.97361135,0.07563387,-1.7679684,0.13616619,1.9457406,-0.34263778,-0.5727338,-0.2465686,-0.14757963,0.08881149,0.925956,-0.7178374,2.1000261
1498,0.3830611,0.7426038,0.03348445,0.46045697,-1.4538077,-2.3685722,-0.16465978,-0.24353498,1.391652,0.24474078,0.7933687,-0.5357979,0.8732051,0.5054819,-0.918361,-1.7848877,0.9251503,-1.6991619,-0.6186212,-0.97857916,0.04224252,-1.5048518,0.282023,1.8143791,-0.29495713,-0.8448452,-0.2477287,-0.08653565,-0.0021507605,0.7711006,-0.4727411,1.7911785
1499,0.4745907,0.93257123,-0.12266755,0.69213706,-1.3193638,-2.1657553,0.10290047,0.09154692,1.7084849,0.46364364,0.986452,-0.46579087,1.1843934,0.4418829,-0.8451708,-1.7033365,0.86175114,-1.5977247,-0.14679597,-0.8997027,0.20075153,-1.4167795,0.10905757,1.7214328,-0.51734227,-0.8536833,0.3050221,-0.33397886,0.18570381,0.90852284,-0.6026741,1.7216767
1500,-1.990605,-0.7561673,-0.27168196,-1.3820219,-0.5959946,-0.35935146,-1.0925083,-1.4765611,-0.3161329,-0.90028787,-1.1332408,2.4361477,1.0081359,0.17469716,0.49318525,0.43731296,1.1728034,0.013411616,0.59448856,-0.70415527,1.1306666,-0.86671185,-0.50299656,-1.2877424,0.7094871,0.06446925,-0.5525875,0.6845631,1.944554,-0.10682114,-0.96726495,-0.9128252
1501,-2.1512938,-0.8659542,-0.058272544,-1.3128526,-0.73630935,-0.7497788,-1.0492476,-1.587558,-0.2378154,-0.6755526,-0.83799183,2.3727727,1.3314885,0.11299445,0.5853348,0.45080656,1.28747,0.019734045,0.42807898,-0.9194755,1.2712567,-0.92122334,-0.71155685,-1.1673219,0.43230098,-0.17380467,-0.5639501,0.5227566,1.7138948,0.032201726,-0.9035503,-0.79992795
1502,-2.3448572,-0.924948,-0.20188768,-1.6090482,-0.72356683,-0.22659259,-0.2884799,-1.0140661,0.989136,0.93976593,-1.1679409,1.3576046,1.720526,-0.14143956,0.91432124,-0.33721375,0.4892903,-0.7992912,0.06951721,-1.1693927,1.7411103,-0.8811062,-0.7564063,-1.4132937,0.33894193,-0.5634197,-0.79896486,0.69723964,1.1667821,0.38808766,-1.3623619,-0.054740027
1503,-0.18746926,-1.3044578,0.21850704,-0.5707684,-0.44103035,1.8968422,-2.5978754,0.032510873,0.78910494,-0.38282952,-1.3750764,1.4114305,0.39682814,0.2998591,0.97499174,-1.0959595,-1.3747871,-1.2432616,-1.3670651,-0.1599644,1.1596963,0.00905516,-0.7489237,-0.6514996,1.2493997,0.6124602,-0.7151221,0.0191961,0.94933116,-0.23397636,-0.8076045,-1.2055155
1504,-1.0967633,-1.0355301,-0.12391777,-0.8097244,0.12085927,1.6136407,-0.87745017,-1.2012584,-0.17044538,-0.9199743,-1.5073048,2.656674,0.026188334,0.17208035,0.5530604,0.076598495,-1.3213438,-1.2329838,-0.5035197,-0.89923793,-0.69344914,0.5170044,-0.21774171,-0.7438063,0.6774087,-0.05971685,-0.4332856,1.5678986,2.0873077,-0.12632291,-0.909887,-0.7870881
1505,-1.320245,-0.46645087,0.1563508,-0.75299066,0.73069584,1.6863424,-0.23168845,-1.2991989,0.22143072,-1.738806,-1.3607708,2.4299524,0.264345,0.36966452,0.75114477,0.582673,-0.80088663,-0.43239716,-0.006796432,-0.88917434,-0.13747132,0.5600202,-0.7196989,-1.2855768,1.1617838,0.21583493,-0.9436965,1.3785516,1.7595468,-0.043153655,-0.9259679,-1.0630141
1506,-1.2686422,-0.2894073,0.9823298,-0.99950993,-0.19644716,1.865162,0.4675631,-1.1680561,-0.0022906677,-1.6630963,-0.6637009,2.1735525,1.5600086,0.39764,0.9150358,0.16728726,0.4485103,-0.16906807,0.40805092,-0.69104904,0.8849844,-0.13158402,-1.6136404,-1.4187013,1.8325689,0.64540905,-0.43979695,0.69581306,1.5185896,0.0030704727,-0.5204941,-0.17557284
1507,-1.7109056,-0.6180917,-0.08354115,-1.3579872,-0.23641731,0.5193185,-0.2646627,-1.8166014,-0.27955627,-1.2225668,-1.1083807,2.5262868,0.7769718,0.020332595,0.503874,0.13412043,0.77921623,0.03026761,0.76624125,-1.0527054,0.9962522,-0.32184643,-1.1920172,-1.7030017,0.96937376,0.43428543,-0.9491753,0.64477736,1.8852925,0.18113661,-0.46170706,-0.3056837
1508,-1.8888837,-0.7191772,-0.44929382,-1.4482889,-0.54162705,-0.05027842,-1.216963,-1.3813223,-0.07379267,-1.3067478,-1.1123999,2.382952,0.5424456,0.011899626,0.62816644,0.58194506,1.0114284,-0.1974183,0.8110943,-0.5760167,0.73661953,-0.60490066,-0.35052937,-1.6028098,1.0379024,0.16296504,-0.51801497,0.7568046,1.9429204,-0.114044175,-1.1559607,-0.6834047
1509,-1.4841049,-0.60360676,-0.31611612,-1.0380476,-0.15563577,0.94668573,-0.8688931,-1.4166672,0.517105,-1.5312257,-1.5915431,2.2968595,-0.019792251,0.841997,0.42328894,0.27445808,-0.35844505,-0.53116965,0.686675,-0.66955227,-0.0039101643,-0.22209248,-0.7696133,-1.7849804,1.2783854,0.36379594,-0.7896283,0.9494647,1.9376738,-0.23304328,-0.94192344,-0.78060377
1510,-1.4951174,-0.54284066,-0.49392712,-1.1289583,-0.021925112,0.5517,-1.1782186,-1.4779676,0.005382876,-1.6920255,-1.504318,2.2177975,-0.20732065,0.7371948,0.30171317,0.13290443,-0.13246854,-0.2962654,0.80514574,-0.7393004,-0.14832132,-0.20775941,-0.8187988,-2.0102935,1.413065,0.5036701,-1.0247041,0.94779986,1.7068558,-0.17604464,-0.66302514,-0.5128708
1511,-1.8074468,-0.5676088,-0.5401226,-1.3917905,-0.056137733,0.6430076,-0.74032134,-1.123726,0.46006116,-1.4044944,-1.2370574,2.1856275,0.013925522,0.7886069,0.39797992,0.37790567,0.3837715,-0.40600044,0.7917219,-0.36729455,0.041686576,-0.49940664,-0.79901797,-1.6800085,1.325704,0.4340288,-0.91014004,1.2079809,2.0739732,-0.19524135,-1.0183135,-0.7300749
1512,-0.59087443,-0.34783396,-0.39487633,0.09291284,0.08841115,-0.20962912,1.8821969,0.26076874,-0.9753643,-1.1361041,-0.31623164,0.73872304,-0.72916514,-0.54736596,1.5530752,0.77460575,1.8019106,0.86252564,0.1983001,-0.5178144,2.1424108,-0.4025138,-1.1281986,-0.18699145,2.4297154,0.54986227,-1.5977587,0.013951463,-1.0121359,0.6234712,-0.3592459,0.51044744
1513,-0.6334643,0.13304411,-0.72491986,-0.030173646,-0.020505704,-0.44425026,1.3057756,0.4570602,-1.1889671,-0.90925133,-0.36247617,0.5855013,-0.8580349,-0.3604523,1.5177741,0.63868284,1.9110507,0.56356245,-0.38454652,-0.7814478,2.1948063,-0.7041244,-1.4518632,-0.090874836,2.3904588,0.4803133,-1.5107905,0.036621418,-0.97213477,0.38062087,-0.24005467,1.1915979
1514,-1.0466563,0.06222957,-0.41491142,1.067743,-0.18239583,0.1737454,0.94831276,0.89369464,-0.8143177,-0.50163275,0.17864305,-0.5549065,-0.3463033,1.2121301,1.8806698,-0.1997979,0.4807848,0.84810424,-1.2303463,-1.430021,1.9258744,-0.84329545,-1.1020414,-0.07164228,1.6156145,-0.010340029,-1.7154635,0.24503675,-1.9080316,0.57723105,0.087936066,0.7686647
1515,-0.21322134,-0.05246604,0.28506163,-0.6846087,-0.0023492775,0.21747229,0.6555466,-0.21531473,-0.8895124,-1.7934078,0.9687379,1.547088,-0.057296418,-0.34675965,2.3601568,-0.042789727,0.019996911,0.6891211,-0.3676729,0.11835848,-0.33977434,-0.6224708,-0.8349422,0.85937893,2.8819957,1.6345291,-0.5737207,1.3954558,-0.6123106,-0.11751083,-0.9368391,-1.0410777
1516,-0.60710365,-0.41507348,-0.028354498,-0.7512425,0.022147065,-0.15567668,0.16824724,-0.40684685,-0.81695044,-2.3936753,0.82579064,1.6970788,-0.34770083,0.18698013,2.3926625,0.11271118,-0.0066179843,0.7614745,0.20803228,-0.20421684,-0.46593532,-0.44781604,-0.79726803,0.486973,2.9496262,1.269808,-0.33078954,1.1106166,-0.48914006,-0.31071204,-0.654671,-1.1019951
1517,-0.122698784,0.053353965,0.23954737,-0.47993565,-0.727554,-0.097859666,0.57271624,0.25841123,-0.7064546,-1.6769133,0.46664754,1.6364534,-0.18124849,-0.4466978,2.4819283,-0.3397511,0.71601313,0.93445104,-0.056772787,0.49992546,-0.58124816,-1.409824,-0.54398113,0.73896146,2.8024404,1.1883433,-0.72556686,1.0000758,-0.6478291,-0.2275637,-1.4104104,-0.52291894
1518,-0.22231121,0.3868785,-0.43239582,-0.2691411,-1.0486668,-0.61248815,0.7418202,0.13254845,-1.2591461,-1.9465239,0.38955662,1.4348936,-0.5553184,0.089013845,1.0394162,-0.27751654,0.9855412,1.1371353,-0.17962039,1.1098202,-0.23724294,-1.6177642,-0.42638394,0.636554,2.756587,0.9590173,-1.0365508,1.2669134,-0.5861379,-0.10040769,-1.0964563,-0.60582674
1519,-0.111380816,0.5196668,-0.18285091,-0.9874578,-0.35116085,-0.7821962,0.57484835,-0.36463407,-0.84320617,-1.6887127,1.0382676,1.4264205,-0.2538233,-0.2162582,2.0974395,-0.5364819,1.1397293,0.76101434,0.61500436,0.76238185,0.79081345,-1.1720965,-0.3830812,-0.07888079,2.8536325,0.92029905,-0.9906718,0.8087882,-1.0282263,-0.55448866,-0.6858856,-0.44847614
1520,-0.29532862,-0.30963296,-0.15821393,-0.09493874,0.038164888,0.07717372,1.9016514,-0.055202376,-0.89472747,-1.3103753,-0.4205263,0.8773408,-0.8257779,-0.7594799,1.7240856,0.59709024,1.554167,0.9324314,0.21847606,-0.21004768,1.8305051,-0.2780029,-1.1118398,-0.049791455,2.60579,0.9204255,-1.6804925,0.093110956,-1.0401386,0.39385748,-0.3615977,0.15119383
1521,1.1490123,-1.1812614,0.30431575,-1.3485059,-0.5993394,0.3020391,-0.6445913,-0.82989556,0.046985567,-0.46632323,-0.7732169,1.2078182,1.0584905,-0.5397118,2.6495402,0.36644465,-0.9501331,-0.24374726,-0.49129665,-0.5746205,-0.98754644,0.30475655,-1.4177375,0.21421003,2.422841,1.5592072,-0.9118269,0.30418113,-0.86723095,-0.4637499,0.45108536,-0.80857545
1522,0.10995274,-0.040215753,0.64059395,-1.3017389,-0.0978958,0.015231796,0.04313587,-0.13954654,-0.47967762,-1.3315119,1.3665363,1.0080367,0.64243567,-1.1631316,2.3787951,0.3684828,-0.16498291,0.3368986,-0.8112338,0.3990789,-0.8050282,-0.7702239,-0.4604819,0.250386,2.6689715,1.8250604,-0.96552116,1.1148288,-0.5859557,0.12805063,-1.2512865,-0.56058884
1523,-1.0903949,2.0939503,-0.09067597,0.12277427,-0.28682622,-0.2611692,-0.46660274,-0.37731883,1.5636015,-0.6644873,-0.72321266,0.13942675,0.37150285,1.2459,0.51924694,0.6479212,1.7471137,0.37838945,-1.2814661,2.3739557,0.1955073,0.735689,0.685436,-0.02081992,-1.1098254,-0.111188725,-0.44448626,-0.29820725,1.603784,-0.58618623,-1.5011353,0.3177745
1524,-1.2777671,2.140031,-0.1792045,0.19248085,-0.80975366,-0.37157446,-0.4639369,-0.32898563,1.521541,-0.5307851,-0.5092581,0.0675,0.41183528,1.092419,0.47049746,0.45556548,1.8955684,0.24862851,-1.427175,2.365645,0.36112958,0.7369175,0.5367397,-0.046647724,-1.0343429,-0.26101473,-0.46416932,-0.25058898,1.5527965,-0.49071157,-1.385671,0.4432099
1525,-1.2043635,2.068798,-0.91285133,1.1442417,-1.2496314,-0.46591336,-0.7075326,0.53100634,1.5237617,0.12874362,-0.19811824,-0.21657364,1.4815797,1.2109301,0.3215416,0.8323997,1.0270938,0.48353803,-1.6824481,1.6256025,1.5404346,0.9835811,0.53586555,-0.17683277,-0.19905694,-0.6594343,-0.22083585,-0.5141686,1.503952,0.2611516,-0.89357156,-0.23170415
1526,0.50960124,-1.8109633,0.33590654,1.4182138,-1.3802812,1.9488226,-1.8461689,-0.5798627,-0.49392977,-1.3116184,0.0027154593,-0.49738762,-0.39804423,0.7133696,1.1627247,0.043416653,-2.0194476,-1.0364611,-1.6384026,0.6419391,-0.55649596,-0.12943602,-0.3547488,0.25125778,0.09912495,-0.5813988,-0.46299398,-1.3591932,-1.0778735,0.45335162,-0.8945426,-0.49118933
1527,0.2691317,-0.051019926,1.4341261,0.7558207,-1.0882021,1.3777097,-0.69236904,-0.9884233,0.51640654,-0.7275835,-1.3021575,-0.18081997,-0.81246316,2.3869045,0.7595189,0.7263546,-1.3190279,-0.22654398,-1.0944659,1.3282006,-0.7825699,1.1108769,1.0520543,-0.37607318,-0.944006,-0.8531393,0.5006261,-1.0882394,-0.5150262,-1.1970965,-0.19897401,0.9392612
1528,-0.16995895,2.0772731,1.6413829,-0.25196138,0.71530443,0.58553874,-0.04293894,-0.4986189,1.1215456,-0.69985086,-0.8787007,0.07090821,0.5934014,0.93204343,0.44886476,0.53195184,0.30724818,0.27248064,-0.3459779,2.283041,-0.1904806,1.1276397,1.8264952,-0.21789029,-1.3899403,0.06234411,0.12928708,-0.20686948,0.84248763,-1.355713,-1.9563404,0.35225144
1529,-0.3556875,1.9775736,1.3310909,-0.3869198,0.6635787,0.6442593,-0.09621747,-0.7210992,1.2564095,-0.9285607,-0.90788484,0.16382204,0.43782195,1.1465862,0.5058949,0.7207401,0.6086033,0.12135483,-0.40121827,2.3854191,0.060445588,1.1693743,1.8820976,-0.49991488,-1.2392253,-0.06581384,0.007998138,-0.14138684,0.99804133,-1.1867104,-1.567631,0.16615589
1530,-0.57924396,2.071991,1.2172154,-0.2938214,0.69077766,0.15104254,-0.10480067,-0.98258686,1.581313,-0.54894316,-1.0470651,0.4346159,0.05969053,1.1095754,0.48245305,0.5884256,0.8758724,0.33184138,-0.6886191,2.120985,-0.22028558,1.2589159,1.893773,-0.5279725,-1.1321859,0.042706806,0.06304203,-0.19523183,1.0502876,-1.0639676,-1.5458256,0.49776217
1531,-0.5286144,2.0916219,1.1154345,-0.7264048,0.603432,0.21704088,0.086324,-0.8210234,1.239229,-0.6251388,-1.3529582,0.51248425,0.30284455,0.82430816,0.5071717,0.7958975,1.0927665,0.53999895,-0.5318121,2.1383855,0.1855434,1.3161831,1.9562682,-0.57185066,-1.1511326,-0.005209687,-0.16209865,-0.26095632,1.2546958,-0.79918224,-1.478292,0.32845664
1532,-0.43892336,2.1154168,0.8116872,-0.13104846,0.37804684,0.122152716,-0.36217698,-0.70361084,1.8114463,-0.48647225,-1.0015835,-0.08855815,0.27154186,1.1914552,0.2664372,0.66834164,1.1996999,0.111939944,-0.52676684,2.4678395,-0.16869761,0.6835433,1.3594983,-0.44053638,-1.3385146,-0.038330395,0.06878455,-0.5070681,1.2022462,-1.0078398,-1.5623014,0.13791904
1533,-0.7685897,2.0688813,0.68419385,-0.12865368,0.33782193,-0.17047977,-0.45587733,-0.9329264,1.6959348,-0.6043393,-0.780737,0.09446533,0.33534518,1.2057627,0.40233913,0.50333524,1.4473624,0.24498829,-0.7860795,2.293073,-0.32929292,0.870755,1.3611741,-0.21848035,-1.3750167,-0.19958043,-0.15899567,-0.36346307,1.2270796,-0.9195037,-1.6225567,0.41568115
1534,-0.85787106,2.0198178,0.47676572,-0.009257128,0.15108603,-0.13625623,-0.4075695,-0.7611157,1.7374427,-0.7295624,-0.82777333,-0.005940591,0.38684347,1.1425363,0.5811015,0.7867893,1.6201419,0.38061115,-0.8962407,2.3548806,-0.08202752,0.9835821,1.1428102,-0.3039413,-1.1503425,-0.27030104,-0.1749682,-0.47830582,1.3522632,-0.7434756,-1.4784496,0.34438875
1535,-2.0415068,0.26479724,0.38416123,-1.7630799,-0.18432535,0.37173784,-0.7205188,-0.42105037,0.80593365,0.5327638,-1.5777851,1.962727,1.0280646,-0.72467417,0.82850295,-0.33970362,1.4491888,-0.27663454,-0.12918772,0.010971056,1.5106205,-1.5221782,-0.6794774,-1.114771,1.0510933,0.43495452,-0.039808966,0.47400838,1.8235219,0.24795103,-1.1032372,0.32607725
1536,-1.9860041,0.3952308,0.046201326,-1.5884434,0.19052666,0.06773948,-0.8819623,-0.39094174,0.70609397,0.76071364,-1.0125884,2.0000558,1.5539982,-0.5359198,0.6570302,-0.3766687,1.5876513,-0.544132,0.07370269,0.13914245,1.6764619,-1.4123592,-0.40583006,-1.6714228,0.9906213,0.58664864,-0.08640267,0.52932286,1.7206596,0.39335325,-0.86774796,0.23233919
1537,-1.5788544,0.2730875,0.2761157,-1.4960437,0.2176051,-0.4255773,-1.5155432,0.09860837,0.30263692,0.94655746,-0.059002817,1.3391136,2.6039393,-0.0046989582,0.6377221,-0.17734917,1.2676406,-0.6058825,-0.43275982,0.2006464,1.6660101,-0.51524305,0.14857733,-2.3599348,1.0242753,0.62680733,-0.39111677,0.8014392,1.3833804,0.42163217,-0.9833678,0.24759187
1538,-0.78747827,-0.22205345,-0.2535474,-0.46805358,0.763284,1.9469373,-0.37739974,-0.16730696,-0.0010600545,0.44814903,-0.49739435,1.1797512,-0.1915442,-0.9873256,1.6152574,0.5481473,-1.326051,-2.7538445,-0.2680235,-0.16598386,-0.022143705,1.8339009,-0.018464401,-0.8721945,1.3856444,-0.65651006,-0.22496262,1.7239062,-0.10783958,-0.44820273,-1.1872685,1.4421902
1539,-2.165094,-0.65162194,0.32404348,-1.0483012,0.036312085,0.96826094,0.11836361,-0.77069086,0.7302276,0.051568583,-1.1821765,2.2411456,-0.41055378,-0.43949503,0.20742977,1.3626686,-0.24600148,-2.499675,-0.49317628,-0.3036128,0.39149743,-0.1639502,-0.68971694,-1.094643,0.50865895,0.565522,-0.16713698,1.8240908,0.9412902,0.7357928,-1.4035366,0.8103086
1540,-2.082506,0.5607212,0.90203327,-1.3327917,-0.26898178,-0.025942352,-0.30654615,-0.8122504,1.3805329,1.4909647,-1.9720588,1.4282343,1.1714559,-0.6436415,-0.42143783,-0.6364171,0.084734716,-1.2842269,0.027459498,0.17367563,1.0001637,-0.79808486,-1.2877189,-0.61455977,1.0648861,0.4609405,0.70528257,0.9291236,0.77894706,-0.5734818,-1.1347518,1.5670384
1541,-2.3482203,0.2314091,0.42760086,-1.9352852,-0.13393773,-0.23950917,-0.33666888,-0.8402976,0.8455963,1.4132665,-1.4836599,1.4438409,1.6323406,-0.33709005,-0.5292352,-0.6339993,0.5997775,-1.1566478,-0.21589167,0.47140476,0.81350684,-0.5402132,-1.310416,-1.4270984,0.3545541,0.7960012,-0.071437,1.3637815,1.185196,-0.006467143,-0.86013395,1.0720183
1542,-2.1195323,0.40271002,0.4193597,-1.4373479,-0.25384,0.22723214,-1.2174346,-0.24484046,1.2759621,0.03532947,-1.4322351,1.9052,0.5083162,-0.8066941,0.6292147,0.17938808,1.5047225,-0.61119014,-0.58008975,0.28322327,0.38639808,-1.187207,-0.85484916,-1.3124512,1.3847557,0.70258987,0.26832822,0.90636706,1.623295,0.23675768,-1.4177542,0.2941883
1543,-1.9715254,-0.23937242,0.32903245,-1.1421589,-0.43357292,0.5048903,0.3522375,-1.4403584,1.127944,0.42509565,-1.2002158,2.0520551,0.37678075,-0.9307931,0.41220698,0.8615187,0.58638746,-1.8783596,-0.6044107,-0.7091328,0.5199979,-0.31850997,-1.1260266,-1.3473433,0.45655563,0.57866913,-0.34834707,1.5429182,1.534133,0.7410882,-1.1892639,0.48640808
1544,-2.120795,-0.22334771,0.5088257,-1.450956,-0.0019117795,0.24231204,0.14268498,-1.5076841,1.3613288,0.27472836,-1.4936368,1.8861176,0.10235748,-0.5872709,0.09638732,0.6780259,0.810284,-1.986804,-0.69943243,-0.40170646,0.742851,-0.37059972,-0.8785714,-1.7464873,0.47153556,0.42907172,-0.20154062,1.5934756,1.0672837,0.6609078,-0.88689816,0.5103302
1545,-1.7744372,0.13453735,0.31751743,-0.9676523,-0.5163932,0.43819323,0.9932672,-1.0860922,1.629162,0.57664096,-1.019844,1.5307828,0.18223764,-1.2694721,0.60704285,0.62859565,1.2327675,-1.1188184,-0.61019677,-0.3777742,0.17602842,-0.5217232,-1.7203724,-1.3365663,0.69798774,0.48039412,-0.67144513,1.3464206,1.4772369,0.62230396,-1.7121491,0.33428913
1546,-0.34020695,-0.29848433,0.5730144,0.17243516,-0.64994884,0.94112724,1.4154081,0.033380102,-1.8537881,-0.22421852,-0.578448,0.20578027,-0.07884778,-0.255429,2.1189492,1.1739774,1.4058083,0.3327028,-1.7587079,-1.3808955,0.08130649,-0.20540808,-0.8768748,0.3839568,1.4651525,-0.5203428,-2.0280638,0.73838466,-0.24207535,0.38688657,-1.4402012,0.31677073
1547,-0.48436588,0.3787168,0.31972903,0.34441057,0.031081658,1.3970435,1.1463377,0.8276977,-1.9436373,-0.36425936,-0.4666101,-0.45585763,0.12046832,0.26115724,2.3938057,0.55489767,0.5547631,-0.047806125,-1.602376,-1.4559479,0.63943225,-0.84876317,-0.3505251,-0.34894904,0.7613564,-0.59273976,-2.0466332,0.64503366,-0.6076195,0.600715,-1.7975502,0.75407976
1548,-0.44881907,0.23757555,0.8322747,-0.26261184,0.5042401,-0.013339283,0.45496115,0.6347665,-0.20372787,0.29594693,-0.7174877,-0.21413383,-0.86686176,0.6111123,1.705915,0.3662066,1.3354901,0.4299362,-2.3180294,-1.6528852,1.7058123,-0.49404314,0.09056294,-0.70374596,1.8252385,0.5327585,-1.6919918,1.0067922,-1.2595485,0.534906,-1.1730804,0.32023785
1549,-0.8634403,0.26478913,-0.100086175,-1.6179224,0.003391389,0.521382,1.6757927,0.06306096,-0.85756356,-0.9266854,0.4838805,0.070182145,0.15948905,-1.377674,1.9656858,0.40419036,-0.21684738,-1.253918,-1.3023804,0.025103413,-0.78934956,-0.08751848,-1.0152433,0.2991732,1.5737504,1.5472816,-2.0097172,1.5518856,-0.11822177,0.85110164,-0.63315487,-0.11409288
1550,-0.8908392,0.053308077,-0.08560119,-1.6030108,-0.076740876,0.3663221,1.9597954,0.03804349,-0.9093654,-0.9700577,0.6445944,-0.14617255,0.08713303,-1.2212882,1.8853955,0.36671498,-0.33348876,-1.3924044,-1.2392706,0.11379839,-0.78912795,0.0125747835,-1.0738738,0.45648333,1.6297536,1.5807954,-1.9471167,1.1847572,-0.097646855,0.9907111,-0.4076584,-0.038145643
1551,-0.690043,0.73129755,0.1461975,-1.7972716,0.31981078,0.22054125,1.8322824,0.741282,-1.0338713,-0.662577,0.16821337,0.14870933,0.68408704,-1.4586893,1.7161534,0.5932173,0.9771317,-1.0709848,-0.87988764,0.68996096,-0.25896886,-0.086234026,-0.13770142,0.43506,1.3839806,1.5043442,-2.084508,1.46312,-0.1900303,0.7472907,-0.74971575,0.35938984
1552,-0.27008858,0.29263437,-0.43129972,-0.14002754,-0.79771924,-0.40164787,2.2156734,0.051765982,-1.0786791,-0.70183074,-0.71104586,-0.06788785,0.6075178,-1.8060615,1.1537316,0.5389187,1.1227065,0.07121773,-0.11124409,0.0739198,-0.06215392,-0.64588404,-0.7328248,0.7524291,2.005268,1.4767997,-2.3587847,1.2390007,-0.47961986,0.46326143,-0.6630749,0.033945583
1553,-0.40076783,0.36336878,0.10007921,-0.5050864,-0.75603986,-0.1829881,2.5465271,0.95981324,-0.6958667,-0.12352279,-0.9837901,-0.45508254,-0.07055445,-1.2646495,1.4155658,-0.08537907,0.6236416,-0.028678792,0.6093508,0.32311812,-0.39455244,-0.45500433,-1.3060937,0.22826,2.3779352,0.78154266,-1.7935972,1.1718761,-0.24760474,-0.15701123,-1.3960642,1.2125129
1554,-0.56289417,0.7880159,0.6507723,-0.04041539,-0.29974312,0.25277057,1.0796524,0.024948161,-1.5343822,-0.35336548,-0.9710159,0.46018413,-0.88368547,-0.83695275,1.8785937,1.4233681,1.8771065,0.2724545,-0.9666919,-1.3215721,-0.2708899,0.16900581,-0.30258736,-0.21779224,1.6902,0.3347676,-2.1813266,0.72052,-0.16057216,0.33818507,-1.2185721,1.1810999
1555,0.84130937,0.116307765,0.54878026,-1.7792034,0.443503,-0.07678718,1.3138207,-0.26489693,-0.46373487,0.80300164,-0.34264517,0.15348113,1.0807258,-1.964056,1.4068946,0.4087085,0.2859721,-0.24825747,-1.7286721,0.017291082,-0.70797426,0.65809345,-0.22068745,1.7515007,1.9272596,1.7562499,-1.043803,0.9898175,-0.83108294,0.56786394,0.29642883,0.089117676
1556,-0.15590402,0.49428573,0.86166286,-0.99740165,0.6443895,0.026872171,1.4338012,0.15073642,-1.3744819,-0.5910833,0.73620117,0.31472996,1.4947771,-1.5400332,1.2511431,1.5212681,0.3291548,-0.9515585,-1.4832214,0.6459593,-0.9070838,-0.03292658,0.19311151,1.6211302,0.72322065,1.2791686,-1.1639307,1.329283,-1.2908441,0.95304644,-0.51676196,-0.031258162
1557,-0.7658452,-0.26937118,-0.03953359,0.5567372,-1.3562629,-0.70717555,-1.1125611,0.6513832,2.1970234,-0.058116194,-1.359114,-0.8693933,-1.5636206,-0.04701121,-0.21480809,0.68345666,2.1957674,0.84714127,-0.29405218,0.6791947,-0.6099046,-0.7230961,0.26403958,-1.077377,2.2103176,0.8555246,0.5399143,-0.2274294,0.4045265,0.79214215,-0.7662187,-0.5898051
1558,-0.923019,-0.2708708,-0.21962139,0.09661413,-0.9499856,-0.834078,-1.7700627,0.45513877,2.070356,-0.39510474,-1.4012887,-0.81202596,-1.7954963,-0.050756097,-0.4164323,0.34278515,2.182132,1.0065476,-0.3427853,0.90088165,-0.30300525,-0.79190785,0.25816503,-1.288304,1.9961858,0.7214043,0.5250491,0.050589036,0.040648326,0.31565607,-0.67682034,-0.7490913
1559,-0.16428143,-0.33314806,-0.79019403,0.2493917,-0.56110936,-0.46235898,-0.99537754,0.7392228,2.722104,0.5489178,-0.9839001,-1.2474948,-1.1450872,0.16432114,-0.2161875,0.27082264,2.3128328,0.22637552,-0.6468663,0.60359997,-0.06960179,-0.6448808,0.28730187,-1.123866,2.1989412,0.73856,1.0499245,0.2884188,0.23909204,0.39623326,-0.84386265,-1.1079063
1560,0.3245114,-0.3748401,0.6948039,2.4689772,0.62597156,-0.67445356,-0.90351707,-0.038165644,-0.38930225,-0.04628963,0.49231526,1.393737,-0.14760901,-0.23094992,-0.8583414,2.2936885,-1.0894862,-1.6129804,1.5328089,1.0219148,0.8621368,-0.885369,0.21058276,0.59838384,-0.7961013,0.040952433,0.5506755,-0.7961972,-0.47057053,1.5942804,-0.5676965,0.66066444
1561,0.26023927,-0.1628404,0.15985237,2.4785864,0.16684748,-0.25844258,-1.0455235,-0.00984056,1.1018316,0.87572557,-0.88782954,1.1046726,-1.1891302,0.27773213,-0.54730016,1.7125452,-1.3403778,-0.64948004,1.7619632,1.1841122,0.41962376,-0.75308144,-0.41965124,-0.33176547,-0.14698252,-0.12294165,0.75149465,-1.9158465,-0.22260907,1.1030269,-0.71733075,1.1062812
1562,-0.97566974,0.33181295,0.32501882,1.3697045,-0.89854974,-0.024054848,-1.5095749,0.17873538,2.784078,0.24735641,-0.34962744,0.12718968,-0.3723675,0.045324605,-0.37452063,-0.11808683,0.83575976,0.2097088,1.7236358,1.1909275,-0.81447893,-0.65583515,-0.42407158,-0.12358868,0.31692773,0.43229818,-0.257902,-1.8638501,1.1583093,0.7522344,-1.9859321,0.24135923
1563,-0.8936332,0.18387216,-0.038897313,-0.07110792,-1.3223138,-0.053593412,-1.9119456,0.66457945,2.4870865,0.48367092,-0.81338125,-0.65995467,-1.1358733,-0.3564299,-0.26297575,0.537587,1.95517,0.7935323,0.20381011,1.3126763,-0.1733803,-0.7631439,-0.36362386,-0.8398453,1.4935155,0.8506699,0.49643248,-1.0928496,0.9222721,0.5993465,-1.0531502,-0.47054783
1564,-1.0735255,0.25331184,-0.14206962,-0.06301869,-0.95926815,-0.31609207,-2.0997279,0.39105356,2.4115767,0.295513,-0.8478834,-0.55087864,-1.4014771,-0.484285,-0.4590018,0.52608335,1.9098797,0.84407175,0.26254496,1.3459504,-0.039839372,-0.72885096,-0.299442,-0.8944842,1.6807327,0.94986725,0.3096721,-1.0309707,0.51856,0.4778935,-0.9986516,-0.35737523
1565,-0.7680149,0.23803289,-0.08907431,0.13853337,-1.1877341,-0.6515232,-1.7028104,0.6405019,2.3508258,0.5054768,-1.0132983,-0.8366636,-1.6329379,-0.18772042,-0.3671319,0.6493608,1.9651107,0.89217407,0.10746042,1.22806,-0.42972168,-0.5082932,0.067467146,-0.7563903,2.0187662,0.9303792,0.57404315,-0.9391718,0.44016525,0.39013034,-0.6204281,-0.28032818
1566,-0.8928149,0.5576301,-0.2102833,0.82222795,-1.57166,0.015842801,-2.0067375,0.45657837,2.709366,0.6202574,-0.314795,-0.46545592,-0.85054505,0.102687046,-0.35238594,0.18221536,1.4558067,0.30623597,0.71569425,1.2254931,-0.73123807,-0.37883854,-0.6936296,-0.44594133,0.9333928,0.5903404,0.55805176,-1.8105806,0.9183405,0.587699,-1.1556578,0.31959388
1567,-1.0252284,0.53382224,-0.23444581,0.525134,-1.2641119,-0.05625884,-2.1988485,0.302998,2.6421564,0.68590325,-0.3964599,-0.3610437,-1.1157503,0.010369333,-0.52444404,0.08095757,1.3528016,0.45045984,0.6937506,1.3877091,-0.43762195,-0.51381093,-0.7641064,-0.4087161,1.1055135,0.73122525,0.28708398,-1.8198093,0.62221974,0.43993968,-1.1832736,0.42116523
1568,-0.9587318,0.2509364,-0.012790379,0.56979275,-1.2872785,-0.22496212,-2.140282,0.57415915,2.5410426,0.43305364,-0.36447355,-0.53711694,-1.0626969,-0.03060024,-0.43402785,0.4966002,1.5633407,0.32737806,0.840932,1.466682,-0.7124002,-0.62354046,-0.34976354,-0.57373095,0.9911301,0.82386047,0.62047607,-1.6013029,0.68311834,0.55628055,-1.2905196,0.10464817
1569,-0.94031024,1.2990103,-1.3500153,1.0046909,-1.3942134,-1.1406693,-0.9333623,-0.364516,1.5725478,-0.013419395,-1.3519042,0.8837727,0.061870452,-0.15282317,0.5614285,1.0061245,1.1523272,0.45013684,-0.6095122,1.3268638,0.60423994,-0.8863133,-1.073259,-1.3476361,-0.004157182,-0.08012968,0.22495122,-1.7199879,1.0141507,-0.15591264,-1.2083427,1.7019188
1570,-1.1965237,1.6844977,-1.3090342,1.1286752,-1.4674418,-1.5437276,-0.9899108,-0.3844957,1.4996831,0.33231792,-0.6982437,0.6563668,0.8573411,-0.26211265,0.12437614,0.66090125,1.4451315,0.28938627,-0.47480476,1.3564619,1.1453687,-0.6038733,-0.84513944,-1.0627545,0.21911663,-0.32029817,-0.017436447,-1.6731889,1.0593569,0.12987761,-1.246591,1.2927959
1571,-0.7234527,1.8226919,-1.3093319,1.73165,-1.4678211,-1.7596495,-0.8751245,0.72997046,0.95219535,0.6350168,-0.4624511,0.17785718,1.1096596,-0.4463207,0.17008187,0.9031985,1.6816688,0.71697485,-0.76658857,0.78525233,1.1791836,-0.304121,-0.7742942,-0.6739618,1.2071799,-0.21416032,-0.22129892,-0.58639824,1.0293355,0.06484788,-2.0417607,0.40870082
1572,-0.56944007,0.68082607,0.25815713,0.11150073,-0.19839714,-0.88208824,-0.9161452,-1.6952175,1.0233798,-0.18437888,-2.3044622,0.67527837,-0.11611861,-0.06912928,0.70413965,1.6982287,0.25153372,-0.21730283,-1.2263114,1.2109376,0.42311457,0.12603424,0.13746184,-0.99163306,-1.227987,0.089320205,0.46965164,-1.4192934,-0.5420814,-0.9350067,-1.2019851,2.2700353
1573,-0.8930267,1.0301216,0.031830795,-0.06646759,-0.42907956,-1.2506673,-0.86104214,-2.1473215,1.388863,0.17001943,-2.1923983,0.90422326,-0.062311236,0.07218541,0.71304727,1.5332813,0.6244479,-0.302045,-0.652144,0.9628695,0.49167243,0.025651027,0.47341162,-1.362547,-0.3659845,-0.08303113,0.3719332,-1.19582,-0.2189467,-0.88035035,-1.1381867,2.164754
1574,-0.6857346,1.4967964,-0.5272014,0.37101054,-1.0244102,-1.2264259,-1.0469451,-1.0151794,1.7820536,0.36464915,-1.6958421,0.87900704,-0.5483705,0.4069513,0.4062251,1.3826256,1.0996323,0.13496011,-0.439981,0.9331613,-0.12850617,-0.70104444,-0.5089158,-1.5464906,-0.15047264,-0.098485276,0.42200992,-1.6016783,0.78377694,-0.82479024,-1.2534562,1.8720084
1575,-0.41494685,1.2058312,-0.8520362,0.5296503,-1.2661599,-1.1003112,-1.0991699,-0.66533947,1.6601067,0.17806295,-1.6859301,0.8757509,-0.33883417,0.5154403,0.46849298,1.205622,0.9346777,-0.00027351562,-0.5078311,1.096,0.15329297,-1.0330579,-0.8836667,-1.4944427,-0.32883614,-0.037668962,0.49372715,-1.7689564,0.90665936,-0.6897823,-1.2318865,1.8848401
1576,-0.7877418,1.395793,-1.0593848,0.580784,-1.2972744,-1.3016704,-1.1185772,-0.9599638,1.5646578,0.15273926,-1.4682417,0.86596197,-0.14830723,0.31343064,0.49064356,1.0164615,1.141413,0.055509605,-0.39213827,1.0721587,0.13490875,-0.9427021,-0.7584667,-1.482351,-0.026839688,-0.35481682,0.27701363,-1.5710436,0.82994306,-0.6017487,-1.4564649,1.9724064
1577,-0.7695286,1.4131422,-0.99664634,0.7825537,-0.97677726,-1.1011814,-1.0269386,-0.69655615,1.5863763,-0.069659,-1.5713589,1.0194722,-0.25814754,-0.055654164,0.58605546,1.1879565,1.1835067,0.5497084,-0.42116952,1.2520899,0.21616177,-0.8462719,-0.89240974,-1.5413501,0.13141015,0.03518397,0.12154095,-1.809871,0.9442849,-0.4110668,-1.3127887,1.6985133
1578,-0.14331469,0.7571266,0.675539,0.065341294,-0.74024576,-0.030931242,-1.8429456,-1.8030448,0.33872208,0.32630327,-0.94157755,1.0752817,0.006508139,1.1255879,0.6094639,1.4930762,0.78207594,-0.4216672,-1.2555422,1.489946,-1.0256922,0.088482924,0.55899554,-0.42684752,-1.79568,0.8588815,-0.19156678,-0.43297303,-0.2725758,-1.7565979,-1.330607,0.7421564
1579,-1.0539026,1.3072872,0.68736756,0.46790856,-0.30313343,-0.79118174,-0.8050018,-1.8477025,1.2013074,0.18597135,-1.8258595,0.4839499,-0.49957553,0.45332828,0.30763906,1.0295215,0.42689666,0.24392276,-1.0085098,1.4475017,-0.8584343,-0.29252118,0.66584414,-1.018416,-0.6666802,-0.13834336,0.15452892,-1.1459148,-0.79117274,-1.3448392,-1.2435851,2.2743766
1580,-0.8004222,0.08742948,-0.48705813,-1.5174464,-2.7562108,-0.47816068,1.3470912,-0.35104856,1.3204244,1.465006,-0.42099425,-0.35398403,-0.4904941,0.9231659,0.35074857,-1.8708154,-0.04945532,-0.7361659,-0.16238044,-0.51441884,0.4437396,-0.38610646,1.1070099,-0.41916397,1.4764295,-0.62548053,-0.26456997,0.6188373,0.48465955,1.0623977,1.3703868,0.8028352
1581,-0.5490767,0.39879838,-0.4940765,-0.5710024,-2.899708,-0.76811886,0.25865057,0.5130662,1.3015009,0.691148,0.55437434,-0.019290585,0.110498376,1.2258596,0.13980615,-1.5195342,0.39177766,-1.0091277,0.10933554,-0.35702538,1.2513437,-1.7068479,0.61667615,1.0437292,0.11704327,-1.3756506,-0.55581564,-0.38418588,0.7680411,1.535848,0.29223356,1.3841176
1582,-0.29079998,-1.6706614,-0.1188476,0.5912256,-1.376811,-0.76773995,-0.6775392,-0.8840382,-0.864102,1.1784827,1.5697243,-1.0769125,1.7081205,1.1663808,-0.43141016,0.22759134,-0.75206983,-0.17808308,-1.122124,1.8857132,0.035812706,0.78747225,0.15061523,0.2662814,-1.3006254,1.3505752,-0.3796614,0.66787493,-1.7136312,0.3735321,0.23565948,-0.15980272
1583,-1.6391119,-1.6935613,-0.49731416,-1.3122619,0.27289796,0.19067442,0.35381034,-1.7801079,0.76457494,0.86910826,-0.9339894,0.7400763,0.8381079,-1.1380508,-0.1621748,1.1437691,1.1570863,0.60529786,0.35535005,-1.3467572,-0.6411221,-0.46445477,-0.74515253,-1.4826963,-0.6366942,-1.1210384,-0.4788977,1.5401974,1.5643442,-0.28163987,0.32440758,-0.8481878
1584,-1.7166904,-0.9174907,-0.6955323,-0.55331725,0.9756838,0.45657265,1.1502018,-0.77537197,0.3107579,-0.19768561,0.10001919,1.0740216,0.5293444,-0.6236854,0.08171541,1.7884116,0.5500211,-0.10408259,0.111195676,-1.8962408,-0.55513316,0.7930719,-1.3097663,-1.0337638,-0.71767527,-0.589501,-0.70861214,2.442806,1.2195078,0.9680243,0.3779666,0.079605885
1585,0.857634,1.5308744,0.5182118,-1.2567766,0.26857385,1.6432157,-0.06597008,-0.30574355,-0.7066118,-0.60555047,0.9452756,2.5360262,1.6076186,-0.57725567,1.1842141,0.8821987,0.6191122,1.7132007,-1.058622,-0.99318904,-0.42203647,1.2391804,-1.3847631,-0.3338791,1.1981075,-0.74329996,0.5346708,0.46189606,0.91649425,0.31810912,0.26392373,-0.42596796
1586,-0.28654978,0.5132538,1.1044567,-0.8779732,-0.12503506,0.9126396,1.024517,-0.17693995,-0.5193983,-0.76080805,-1.300251,1.6175416,0.3995664,-1.0047889,-0.26106837,-0.010981817,1.1106389,2.4886353,-0.6162437,-1.553731,-1.4111512,0.6342029,-1.6386198,-0.8045832,1.558388,-1.0283227,0.5354529,0.49268177,0.5514706,1.0341914,-1.0537,-0.098432764
1587,-0.7135522,-1.7541883,0.112112366,-1.3416758,0.6569264,0.3248837,0.14088242,-1.4585595,0.99651676,0.7943765,-0.6497824,1.3042892,0.07070665,-0.27395737,-0.37497148,1.4899246,1.0374511,0.05858417,0.69175327,-1.7697188,-0.8234056,-0.108878754,0.036562942,-1.6958885,-0.9990701,-0.7468258,-0.40752605,1.8291637,1.0491856,-0.3834297,1.3501146,-0.92534125
1588,-1.3445475,-0.39043924,-0.20636418,0.27635875,0.7711388,-0.13830194,1.1046158,-1.0007256,0.82294923,-0.26217353,0.90711266,0.8247814,0.35929358,-0.4685639,0.12739503,2.0650156,0.38772017,-0.26472163,0.9863777,-2.2083697,-1.8197956,1.0383595,-0.7175022,-0.9100135,-0.451055,-0.997323,-0.33734918,1.4755276,1.2068925,1.051353,0.27607855,0.44635677
1589,-0.101651765,1.1237607,0.14402074,-0.6521024,-0.37206122,0.050491523,0.6541765,-1.0882243,-0.8191802,-0.83170617,0.8618058,1.3250401,1.3287373,-0.74469894,0.24515107,1.3930176,1.0476807,1.3570385,0.208979,-1.6659211,-1.849421,1.2250191,-0.5247299,-0.83961767,1.5337592,-1.3814197,0.35874042,-0.054817148,1.2527745,1.2370331,0.23495345,0.72519976
1590,0.15297599,0.3025284,1.1213409,-1.1729779,0.058017213,0.57159567,1.332774,-0.56719846,-0.68722117,-0.16436338,-1.400752,2.2123697,-0.27759334,-0.47467032,-0.9325273,0.7910472,1.3731666,2.005436,-0.5322216,-1.2543315,-0.78237766,0.31920832,-1.3661737,-1.3399698,1.4654461,-0.23701291,1.0256796,0.419009,0.59482366,1.4641513,0.34524462,-0.2518732
1591,-1.2800555,-1.8062133,0.053407896,-2.1391337,0.86697614,1.7205573,0.017829008,-1.1910585,1.0050405,0.41320738,-0.28396705,1.3410068,0.49264634,-0.89013106,-0.020710751,1.9841477,0.65864086,0.50749636,0.6026594,-1.3400635,0.12772857,0.3942967,-0.606175,-0.48790142,-0.9121071,-0.37908024,-0.5575773,1.5715433,0.8265221,-0.41056007,0.5788953,-0.66746694
1592,-1.2507191,0.7326898,0.9745493,-0.099210426,0.8794677,-0.11422699,1.3383936,-0.65847564,1.008541,-0.45726526,0.9063434,1.0971439,0.42704517,-0.77666765,0.68830794,1.6534519,0.64526355,-0.0333943,0.9710163,-1.6163982,-1.6541381,1.4418665,0.13869645,-1.0211504,-0.6527144,-1.3232366,-0.12076887,1.4185308,0.861166,1.3832546,-0.60061795,0.6709416
1593,-0.8451196,1.1944182,0.22374964,-0.39184827,1.2245492,-1.2355268,0.79289883,-0.6223279,-0.007488229,-0.49375868,0.94765264,-0.24413863,-0.39622104,-0.44868436,0.2693129,1.8424559,1.3969407,0.21333519,0.18040605,-1.9865437,-2.7359197,0.8338806,0.66577876,-0.5327497,1.0743978,-0.32219112,-1.0873979,1.1143318,0.61249757,0.7194721,-0.25281808,0.7024562
1594,0.15937617,-0.49024212,1.4330943,-1.7662951,1.0915953,1.0036873,-0.4103291,-0.52433413,0.9265031,-0.6171917,-1.399653,2.1710625,0.095615566,-1.0571238,0.53115237,1.2711084,1.2722504,0.8209699,0.24578908,-2.1026087,0.3617112,0.47741953,0.37476507,-0.37247372,0.33246925,-0.30052552,-0.25773257,1.5156156,1.2684028,-0.56333613,0.41993064,-0.44932675
1595,-1.7817438,-0.05159388,-0.6776568,-1.0716258,-0.93584377,1.2823911,-0.2361799,-0.8602375,-0.059353396,1.5960337,-0.93655616,0.9967367,2.290134,-1.0542651,0.06956534,-0.37805605,-0.27620038,0.7945883,1.3167144,-0.26984972,-0.23176984,-0.8914608,1.3836703,-1.1211584,-1.1536248,-0.6453843,-0.81511545,0.3203158,1.7630271,-0.46151644,0.973629,-0.6920451
1596,-1.8826615,-0.19346766,-0.54504675,-0.797164,-0.35494378,1.0382013,0.7000799,-0.40864918,-0.07254523,1.0402294,-0.99159086,0.050221838,3.052593,-1.3365815,-0.36492568,0.5710904,-0.33120176,0.47244978,0.8146822,-0.22637905,0.24356422,-0.71449804,1.771405,-0.79129034,-0.5852672,-1.1297016,-1.2863204,0.043144982,1.1896327,0.34050244,1.6739918,-0.338551
1597,-1.0958807,-0.5947128,0.63201565,0.5353688,-1.0150806,0.15699413,1.989628,0.048783142,-0.7336299,0.2453542,-1.3795254,0.32545763,2.4149008,-1.3945693,0.31872377,0.38073325,-0.8789509,1.953231,0.5354069,-0.72393566,0.18315227,-0.43246403,0.9573097,0.12068656,1.1960157,-1.2300271,-1.1547155,-0.042834654,0.8871009,1.4416513,0.28196168,-0.35902992
1598,-1.9043705,-0.22876474,-0.9116109,-0.07740663,-0.39316195,0.9633848,0.65151626,-0.7386752,-0.0039983406,0.20792647,0.3820486,0.74232507,1.012851,-0.74377644,-0.11021146,0.75516254,-0.7426567,0.6165147,1.0978472,-1.0976608,-1.3671714,0.43145677,2.1074452,-1.9625872,-0.32492837,-1.2901429,-1.631825,1.5599539,1.2266922,0.35368764,1.0083568,0.28140992
1599,-1.3337392,0.8739736,-0.7876901,0.14946364,-1.4683399,1.242188,-0.24349517,-0.601762,-0.3440198,0.373096,-0.56753254,0.79516894,1.4086423,-0.63589114,1.350957,1.0107704,0.0040143873,0.60937977,0.6903347,-0.9194739,-2.1219907,-0.13478708,2.3512883,-1.3961436,-0.39029008,-1.4894409,-0.60920525,0.2155316,1.610894,-0.37031257,0.73740053,0.031231103
1600,-0.76707923,0.8352484,0.6777818,0.50502306,-1.6894196,-0.14809911,0.036129817,-0.29297704,-0.027846934,0.34858295,-1.1207457,-0.66172785,0.5708827,-1.2723931,0.015691118,1.3852508,0.2311449,0.7209371,0.8326934,-0.99028385,-1.7345421,-0.01465875,2.165187,-0.78705406,1.2720174,-2.0544386,-0.57301664,0.53639925,1.5546839,0.3151209,0.86934716,1.0888276
1601,-0.1103897,0.01775587,1.8411216,0.28243667,-1.253463,-0.3733847,1.6818846,-0.026523374,-1.1833335,-0.25800872,-0.716766,0.05463384,0.77386075,-1.3707651,0.7111061,0.6500782,-0.3383179,2.0288236,0.17736131,-1.0509453,-0.21940807,0.20963778,1.2379503,1.1971463,2.1516783,-1.2041223,-0.5085547,0.20238449,0.11495865,1.1095331,-0.37244007,1.5316213
1602,-1.0356076,0.5746775,-0.008800562,0.6708047,-1.1364292,-0.0031641473,1.3505918,-0.15442027,-0.64500076,-0.6228118,0.0020289365,0.08364013,0.22766662,-0.28541353,0.8992538,0.82113034,-0.13422942,0.98947746,0.600908,-1.6306968,-2.2901177,0.8573937,2.7084918,-0.7243077,1.4213804,-1.3221073,-0.7728713,0.75002116,0.28459743,0.44106734,0.21762994,1.6414435
1603,-0.5283452,1.143166,0.11352365,-0.43916515,-0.53895485,0.41472954,-0.76690674,-0.50582653,1.0612496,-0.10286023,-0.83635473,0.6463272,0.31750387,-1.249614,1.3958925,0.3516578,0.38153338,0.5045947,0.52626526,-1.6017308,-1.8797153,1.3474114,2.010287,-2.4981382,0.06699004,-0.33713138,-0.7133162,1.1873649,0.16738023,-0.22028077,1.7843199,0.11597528
1604,-0.5834841,1.4691126,0.1626867,0.35679498,0.04027159,0.07222745,-0.19579655,0.04810976,0.47094977,-0.019889927,-1.0537336,-0.42677855,-0.12152295,-2.3846712,0.99751383,0.83635557,0.039995577,0.4368436,1.1327742,-1.309334,-1.490145,0.45071617,2.071258,-1.6063147,1.5176862,-0.87907,-1.152367,1.1492779,0.31917652,0.45090184,1.270864,0.3474037
1605,0.03001286,0.5222752,1.3164365,0.12560444,-1.0155475,-0.08397134,1.1035165,0.24022853,-0.67800146,-0.7303047,-0.35153112,0.13124715,0.8301275,-2.0486026,1.4233325,0.7199817,0.26950496,1.9477582,-0.117271386,-1.430587,-0.30144402,0.33807248,0.9834092,0.83691734,2.2912269,-0.8757424,-0.8281463,0.7379223,0.49989122,1.3387144,-0.6953998,0.6955354
1606,-0.3245714,0.78597975,0.7501854,0.026318511,-0.73390305,-0.45543948,0.5974621,0.15358801,0.6616382,-0.90835875,-0.06533333,0.123974256,0.50631803,-1.1243988,1.6149079,0.47247943,0.7822105,1.2237147,0.4189958,-1.8732067,-1.7417976,1.6579918,2.376887,-0.7990899,1.775324,-0.07729295,-0.6059745,0.8221038,-0.4157186,0.9597408,0.24759959,1.030699
1607,0.06031243,-0.50314903,0.08130074,0.15147626,-1.4796342,2.9326978,-0.23766045,0.45793542,-0.7493988,1.8961772,0.5641435,1.0641431,0.5384887,-0.092133544,1.7525814,-1.4755039,-0.5985275,-0.7416812,-1.2392691,-0.070038415,0.38166133,1.2208688,-1.2224196,1.5349171,0.322107,-0.620949,0.400321,0.64880097,-0.032015562,0.15191017,-0.46090722,1.4800725
1608,-0.26237264,-1.8386036,-0.20223218,-0.5593281,-0.95604867,1.7729331,-1.7687929,-1.213068,0.7211163,0.25207096,-0.76151717,0.9598787,0.9813071,-0.05787531,0.6834433,-0.13536388,-0.3870997,0.2974642,-0.7495187,-0.5154183,1.2302395,0.37878898,-1.6546468,-0.16909719,-0.31435552,-0.8445919,-1.8297199,0.50652456,2.0242767,-0.7222974,0.4213517,-1.3173357
1609,0.8055442,-0.94452524,1.3456217,-1.3935713,-1.2948875,1.489798,-2.0575418,-1.525009,0.7388448,-0.46320122,-2.0395887,1.6424198,0.2468617,0.2531303,0.5419544,0.79860604,-0.46880272,-1.4552703,-0.538451,-0.27191573,1.1645097,0.01996288,0.3934907,0.24974659,0.19679001,0.91230255,-0.6734837,0.2955876,-0.25127032,0.70493877,1.5481809,0.19766448
1610,2.0952113,1.228946,1.2692034,0.28544325,0.80301964,0.76195365,-0.9959538,1.580712,-0.46878183,0.47488907,0.5036108,0.61848456,-0.92467093,0.16092479,0.26766533,-1.2355318,-0.11058664,2.187059,-0.69513357,-0.41204846,0.99761283,0.3729842,-1.6418678,-0.27201366,0.6455063,-0.65256643,-1.5214423,-0.8661443,-1.121475,-0.8671901,-0.39993834,1.1764929
1611,1.189053,1.4532802,0.45640486,0.4682495,0.80360913,1.2312552,-1.1585352,2.0441296,-2.1333432,0.038168043,-0.35170346,0.5915384,-0.53080136,0.6229585,0.981058,-0.59312516,0.5955601,-0.021466237,0.367134,-1.2891552,1.4228069,-0.619805,-1.6165576,-0.5317713,1.0531155,1.4703381,-0.7645873,-0.6833275,-0.067482956,-0.8671296,0.21890919,0.56781274
1612,1.1597977,1.279674,0.35016197,0.30058205,0.562962,1.023128,-1.048554,2.2912219,-2.3257654,-0.3050787,-0.6294741,0.52543557,-1.4061124,0.64572835,0.4076341,-0.12349011,0.63635147,-0.2944286,0.7813817,-1.1294973,1.6170214,-0.50825876,-1.195049,-0.72449785,0.1250101,1.3284086,-1.1983465,-0.78979164,-0.36122057,-0.46411663,0.7789728,0.13492627
1613,1.1149961,1.5288385,0.66025954,0.09671541,0.47823763,0.9577966,-1.1018338,2.0728614,-2.2135255,-0.1754197,-0.40478888,0.7674241,-1.2007,0.3789375,0.49664974,-0.42296308,0.5138766,0.025786411,0.5451524,-1.1191952,1.5446746,-0.106738746,-1.0572387,-1.1093416,0.049465105,1.4510288,-1.7335048,-0.5781162,-0.27904806,-0.11271772,1.0710742,0.50475144
1614,1.5850146,-0.5307731,0.24887978,0.2717034,-0.33682066,-0.54481304,0.49809188,-1.8957876,-0.3844477,-0.55129886,-0.3596636,0.450037,0.53536355,-0.5185961,-0.5394977,1.180757,-1.0741423,0.93037605,0.6202974,-0.3778819,-0.23934151,-0.51924163,-0.5583486,-0.63729346,-0.5399848,-0.32033464,-2.635671,1.963961,0.5153808,1.8811536,-1.2541687,-0.48936427
1615,-0.17958084,1.5680387,0.20693414,-0.6708447,0.44104597,-0.3139544,-0.36440068,0.4894082,0.7782942,-0.8576708,-0.44049165,-0.1046244,0.73268896,-1.7614805,2.2682934,-0.57298154,-0.48283336,-0.14635187,1.8870752,-0.8682682,-0.4964234,1.0733073,1.3630406,-0.27448702,1.4203571,1.0230507,-0.18405467,1.1991102,-1.5505266,-0.1161815,-1.0914326,1.3348029
1616,0.31950375,1.7752261,-0.572248,-0.10964159,-0.08959624,-0.5256722,-0.65185004,1.4576731,-0.043570377,-1.352413,0.08708545,-0.64820653,0.053955585,-1.474452,1.8660841,-0.4053548,-0.8627079,-0.77036965,0.42252472,-0.5447353,-1.0821056,-0.036231536,2.434048,-0.47976625,1.5600579,0.25035232,-1.7319171,1.0229847,-1.2884537,0.70376325,-0.6117986,0.26034454
1617,-0.64545506,1.7957274,-0.70504135,-0.33256036,-0.47357756,-0.18611178,-0.26584208,0.672743,-0.3735034,-1.0266144,-0.2701846,-0.60972327,-0.07332635,-0.9628703,1.9982816,-0.10405134,-1.302224,-0.66445714,0.33401376,-0.8640987,-2.0909333,0.7632589,2.966346,-1.0064335,0.5796912,0.15890083,-0.93074816,1.2742047,-1.000013,0.5516133,-0.46777365,0.9277069
