beam_id,z0,z1,z2,z3,z4,z5,z6,z7,z8,z9,z10,z11,z12,z13,z14,z15,z16,z17,z18,z19,z20,z21,z22,z23,z24,z25,z26,z27,z28,z29,z30,z31
0,0.91641176,1.0164397,-1.7490866,-0.33360624,0.8060262,-0.5022005,2.022362,-1.2177992,0.27373865,1.6156982,-1.7435282,-0.047432292,-0.12150344,-1.0221366,1.3520547,0.9362528,-0.015048341,-1.1619235,1.1531433,-0.7665444,-0.4089978,0.5801537,0.8011902,-1.2781363,-1.1059988,1.0973603,0.4641478,0.50731915,1.3625939,-0.59658825,0.08995881,-0.47464907
1,1.5944291,1.0557766,-1.9202499,-0.3567717,0.5363148,-0.4180786,1.8087583,-0.5596704,0.71972513,1.9525759,-1.4473766,-0.09497283,-0.26316854,-1.1886882,1.1587503,0.6118366,0.24617895,-0.7483121,0.43495604,-0.6448691,-0.3469462,0.66528857,0.36691803,-1.6536815,-0.010874395,1.4747268,0.47018683,1.0752137,1.1021197,-0.7917932,0.47667983,-0.535327
2,2.0687947,1.1184673,-1.763416,-0.27794236,0.51403487,-0.33859047,1.4669021,-0.046808083,1.1207733,1.7228204,-1.0009575,-0.078629605,-0.3619011,-1.2773607,0.7896194,-0.16306461,0.39154953,-0.40731952,0.013905508,-0.6496931,0.093277134,0.8614451,-0.1731138,-1.8816139,0.71934056,1.7601899,0.60221505,1.2593577,0.9605935,-0.74907273,0.59192324,-0.22909185
3,2.3054824,0.032998145,-0.73064965,-0.3122943,1.4315946,-0.63728935,0.63766533,0.15442589,0.665801,-0.4172447,-1.0387739,1.4050947,-0.34076443,-0.5134055,-0.45094013,-1.8507754,1.0880083,-0.14491719,0.43664214,-1.4768156,0.5224317,1.2406244,0.3555266,-0.6729252,0.42434502,1.3656343,1.3852718,1.3992991,0.9819285,-0.43640277,0.79226726,0.7209983
4,-0.16768275,-0.009092726,-1.2427101,0.5217845,-1.2910964,0.8039607,-0.7517253,0.46708578,1.4069418,-1.3734308,-1.6945292,-0.63895655,-1.1083364,-0.25525805,0.44012734,1.0857528,-0.06544458,1.3865709,-0.87898624,-0.27104136,-0.5661842,-1.546067,0.24455865,2.2663915,0.5592444,0.058989838,0.11086884,0.83458287,1.0098087,1.7503045,-0.41977277,-0.30449578
5,2.1750138,-0.21996929,-0.6951614,0.05134972,1.7160985,-0.16782929,0.61954653,0.5293011,0.3420825,-0.7198462,-1.2476091,1.1057858,-0.22741301,-0.12212073,0.1097273,-2.2401288,1.2390733,-0.56923443,0.6510867,-1.3043296,0.43877494,1.4755279,0.67665243,-0.87097096,0.1002377,1.3957137,0.57397753,1.1294907,1.1470575,-0.5635424,0.8446372,0.61049575
6,1.3402264,-0.20386156,-0.26446256,0.5274684,1.9318221,0.23283373,0.90908396,0.40191105,0.43502018,-1.0895123,-0.97025865,0.92081463,-0.14363714,0.04660771,0.33299658,-2.269376,1.0563653,-0.90436286,1.5229818,-1.6097405,0.057348453,1.2981652,0.34328854,-1.024333,-0.53824854,1.3535917,0.08012887,0.69781125,1.7440909,-0.27225226,0.63413054,0.34907788
7,1.2230306,-0.36056495,-0.26534095,0.6692573,1.869686,0.25811297,0.88411295,0.50763005,0.4028553,-1.246234,-0.7021978,0.92643845,-0.19756852,0.014957947,0.29498488,-2.3707561,1.1221449,-0.95378655,1.3566909,-1.710446,0.16651712,1.1886122,0.08513176,-1.0169817,-0.39198467,1.2277579,-0.124837145,0.76724255,1.806478,-0.2417119,0.6225365,0.30741796
8,1.6766632,0.004770694,-1.1323386,0.19412547,-0.57455057,0.23808417,-1.0257304,0.054223094,2.0481637,-0.40648124,-0.7534131,-1.5926949,-1.3348162,-0.96190625,1.2932681,-0.48502073,0.42907497,1.2165402,-0.7349145,-1.2588743,-0.5258703,-0.22185977,-0.0690925,0.71713793,0.8371237,-0.54047817,-0.8134965,0.93127656,1.3125819,0.9990224,1.57082,-0.8407128
9,1.007948,-0.1383167,-1.9023608,0.55594134,-0.5129187,0.9520437,0.23658682,-1.042424,1.5481031,-0.31751654,-0.63594055,-2.2744362,-1.4529283,-0.54236525,1.7718971,-0.39818493,0.3714752,1.0332012,-1.6406107,-0.713086,-0.4045594,-1.1120483,0.48707223,1.0069517,1.385912,-0.67110413,0.075648606,0.7571372,0.8714193,0.76050663,0.18774204,-0.26127124
10,-0.21304479,-0.85475373,-1.251256,0.016817588,-1.2802324,0.71147704,0.2535627,-1.0585558,0.1979627,-0.77010655,-0.86791795,-1.7483736,-0.8857821,0.17713909,1.0599594,1.1759326,-0.32834953,0.849744,-1.5098809,-0.06322434,-0.65995157,-1.3514972,1.2641418,2.6519437,0.8827385,-0.87194437,0.25265348,0.50502527,0.49664783,0.814178,-0.9986213,0.28023186
11,-0.8941123,-0.58164877,-0.88273746,-0.5326714,-1.6911883,0.18239145,-0.52702844,0.18426882,0.7161755,-1.0478916,-1.6257436,-0.659181,-0.97101116,-0.37992045,-0.1411686,1.5589375,-0.5560371,0.72969234,-0.8665958,-0.3280609,-0.3758394,-1.4156053,0.6348655,2.9269342,0.32938114,-0.17694776,-0.17427625,0.3640927,0.71242195,1.1318542,-1.1495957,0.05117891
12,-0.8718445,-0.34969643,-0.9302251,-0.45116872,-1.5552387,-0.006867293,-0.58570933,0.5970062,0.8166763,-0.9849228,-1.6768051,-0.5924521,-1.0442291,-0.5595652,-0.23518999,1.4814478,-0.50994843,0.63838875,-0.72479415,-0.33118972,-0.37288252,-1.3926125,0.4334945,2.9437673,0.45615005,-0.06931835,-0.22294123,0.48167333,0.88150865,1.3898625,-0.95470935,0.021836368
13,-0.58635664,-0.2604562,-0.87604207,0.21330772,-1.123299,0.32678866,-0.60544384,0.5134585,0.74465466,-1.0279083,-1.4556706,-1.3216674,-1.1059629,-0.36382407,0.41297686,1.4144256,-0.54386276,0.87195593,-0.72927576,0.01907015,-0.6161675,-1.5531434,1.0504972,2.8180525,0.8967398,-0.02912284,0.2669813,0.76492774,0.86472994,1.2477438,-0.8042318,0.185096
14,-1.0138438,-0.71156204,-0.66890305,-0.05133539,-1.1662626,0.20822999,-0.044192508,-0.46338195,-0.10042835,-0.8476877,-0.7362831,-1.6886916,-0.64515984,-0.25672442,0.97427535,1.3897628,-0.85678977,0.76000524,-1.2152234,0.33078945,-0.4428449,-1.3457239,1.3679496,2.844777,0.8281738,-0.7635158,0.21213946,0.047779445,0.5162415,0.598152,-1.4065351,0.76932955
15,1.6151942,0.13501383,-0.56718874,1.1130745,0.947977,0.49782607,-0.02617853,0.6182901,1.6891751,-0.8388181,-0.28338552,-0.28882852,-0.9486057,-0.46150017,1.254367,-1.9766655,1.1679134,-0.15197727,0.29292804,-1.468113,-0.2574834,0.4830867,-0.23016287,-0.81116825,0.5040173,0.7128087,-0.5343727,1.4283803,1.9394653,0.5903491,1.6249765,-0.6998872
16,2.1438966,0.717661,-1.0717505,0.5829131,0.33978227,0.39471233,-0.2664697,-0.3705718,1.9037087,0.008201613,-0.17526864,-1.0298738,-0.77643275,-0.8012907,1.6652482,-1.6971048,0.8511564,0.72649634,-0.49686068,-1.3255414,-0.14864504,0.46051177,-0.38737354,-1.0674487,0.56080484,-0.34122923,-0.38966015,0.8382154,1.0269306,0.2483228,1.9814138,-0.86954
17,1.7940195,0.8660751,-0.89238155,0.6754539,0.82709235,0.37065944,0.48227656,-0.43097663,1.5328864,0.04523396,0.10488874,-0.80148816,-0.5160372,-0.95300835,1.7870497,-2.2588644,0.9807779,-0.08325162,-0.33765033,-1.4943603,0.008095832,0.5900824,-0.04977934,-1.345967,0.40780705,0.07212393,-0.36959913,0.6875107,1.4613152,-0.050637018,1.6840891,-0.69625306
18,1.3390049,0.52449435,-0.7843648,0.92263746,0.03990798,0.38787898,-0.55718553,0.69333655,2.0298321,-0.32711414,-0.11626243,-1.8347931,-1.3272069,-1.0092692,1.6547043,-1.1632442,0.43355638,0.8464138,-0.526888,-1.0224593,-0.75856525,-0.21624178,0.19839615,0.06871274,0.86568373,-0.110755526,-0.8830787,1.0805302,1.8057146,0.91924,1.4937106,-0.7184602
19,1.3261971,0.89635366,-0.7229912,1.184629,0.32428378,0.57445395,-0.43379092,1.0244335,2.0718608,-0.17501594,-0.22929773,-1.7552716,-1.1300117,-0.8190309,1.6535553,-1.3052675,0.39603254,0.72442603,-0.42218646,-0.7217187,-0.71076286,-0.29568285,-0.01298114,-0.17017819,0.8119654,0.16902147,-0.6031348,1.1945672,1.9435372,1.1684623,1.3469247,-0.7213335
20,-0.40053013,0.1633819,-1.4537866,0.5278707,-0.07605981,0.783833,0.8626882,-1.0250498,0.5504124,-0.16460136,0.31125948,-2.6027005,-0.5210494,-1.07974,1.4853044,-0.23677458,-0.12878095,0.82750225,-1.9970205,-0.12212296,-0.4064653,-1.0018919,1.0418195,1.8675842,1.0850576,-0.5039695,0.82031316,-0.19949968,1.3155184,0.80854094,-1.016568,0.23057248
21,-0.7025927,-0.37251318,-0.7653568,0.5880981,-0.62987924,-0.04824354,-0.31109148,-0.20312457,0.40338582,-0.88724035,-0.54708314,-2.11479,-1.1699262,-0.51792663,1.2500831,0.9599528,-0.6136503,1.0188243,-1.2170429,0.40883216,-0.712916,-1.3872354,1.484517,2.496063,1.2296087,-0.5850561,0.4394519,0.41725156,0.61218005,0.9353882,-1.007304,0.67083967
22,-1.0927417,-0.5711461,-0.7588043,0.111418486,-0.8174537,0.097195186,0.12408275,-0.40618205,-0.075024165,-0.66788423,-0.32777715,-2.0185876,-0.78127706,-0.70725906,1.1143706,0.98840326,-0.7419417,0.76573926,-1.284782,0.39227608,-0.37594435,-1.4041762,1.4770821,2.695495,0.99717164,-0.49003738,0.56804,-0.09421097,0.78529215,0.62398535,-1.4172349,0.6515321
23,-0.32738152,-0.28930637,-0.8829472,0.25869796,-1.2405003,0.31591645,-0.7286175,0.6198191,1.0147196,-1.1760483,-1.23433,-1.6655673,-1.3063817,-0.34264535,0.78345793,1.0559981,-0.5068998,0.776402,-0.77871764,-0.22561273,-0.6232767,-1.3025329,1.0307716,2.5263898,0.85111946,-0.12463612,-0.46151057,0.9369354,1.3795352,1.2844932,-0.6394998,-0.04762296
24,-0.5437292,-0.12377364,-0.87940216,0.20224114,-0.8689954,-0.011231826,0.0043433993,-0.15905817,0.6921193,-0.66050047,-0.5980513,-2.2065496,-1.3546966,-0.78217596,1.2255911,0.76971215,-0.60328376,0.72989047,-1.3902473,0.12815803,-0.5604456,-1.4098456,1.2300993,2.5112908,1.2729595,-0.823282,0.0630617,0.24522372,1.0093888,0.8719478,-0.9263697,0.81832874
25,1.319194,-0.63782686,-0.7617467,0.064968765,0.5468468,-0.9005221,1.2398394,-0.18435746,1.2262207,0.72433543,-0.8228487,1.1841565,-1.5331897,-0.31005505,0.08306781,-0.05931736,0.91089064,0.6810899,1.9252316,-1.4805819,-1.3722328,0.95443135,-1.0688484,-1.2740912,-0.3610069,0.473781,-0.38880092,1.8976923,1.0405965,-0.030501794,0.81491727,0.31168514
26,0.93832815,0.7788821,-1.0343099,0.68227315,-0.15443161,0.06229659,-1.0698446,1.0587845,2.015766,-0.43418315,-1.758956,-0.91692936,-1.0545479,-0.9847254,0.31079355,0.5339967,-0.14032526,1.1701795,-0.6566114,-0.5372887,-0.68685615,-0.7594966,0.30840072,1.7127054,1.0306932,0.4835836,0.82938296,1.5497657,1.1064098,1.497366,0.60831946,-0.1645686
27,1.1982819,1.1324204,-0.96303034,0.77301043,0.5135059,-1.0576466,-0.6191019,0.64184624,1.809129,-0.18512228,-0.13994919,-1.521704,-1.1348826,-1.4522007,0.6403637,-0.6721161,0.38392934,1.5147244,-0.9445296,-0.048169598,-1.1243279,-0.45479575,1.1613387,1.003651,1.3073738,0.69970775,1.124612,1.0061188,1.2959827,1.227557,0.79346573,-0.18086897
28,1.7263031,1.4703803,-0.9922486,0.9653021,0.8265907,-0.8309651,-0.6522916,0.68793297,2.0711951,0.20937425,-0.37410286,-1.020848,-0.792456,-1.3850958,0.5747823,-0.8024096,0.5097695,1.3516941,-0.8736918,-0.09268396,-0.9671697,-0.05000878,0.35928503,0.24084675,1.1896219,0.7517889,1.2288908,1.2586559,1.1154879,1.2623982,1.201565,-0.2362032
29,1.7485185,1.0540754,-0.8737297,1.1305892,1.0251541,-0.25215182,-0.047016747,0.8338399,1.9604027,0.76742166,-1.1280111,0.38292885,-0.7626288,-0.5528056,0.745282,-0.40934083,0.81002563,0.7548072,0.46951103,-0.21592362,-0.71532303,0.39171812,-1.2466797,-0.8305581,0.8904542,0.96684897,0.91835105,2.140782,1.0559622,1.1124984,1.543018,0.033475712
30,1.6896949,0.32149628,-0.84971917,0.5771557,0.8848053,-0.6860771,0.50809693,0.52372056,1.6588911,0.81806123,-1.1072694,0.8761885,-1.1392326,-0.5395142,0.44879264,-0.359598,0.87530994,0.8672917,1.1363083,-0.9179269,-1.1454422,0.75111735,-1.4039724,-0.89929724,0.47093275,0.7343078,0.46899572,2.2071955,1.1674827,0.70527506,1.4430578,0.21847568
31,1.3079005,0.48089492,-0.19194646,0.72158927,1.6003178,-1.8966681,1.598597,0.044358373,0.16953592,1.0579075,-0.40385026,-0.23767851,-1.3231227,-0.9229347,0.6742859,-0.18081962,0.68943256,0.7193552,1.718445,-0.18062817,-1.7887548,0.0822418,0.8902945,-0.7737104,-0.39176604,1.4859924,0.4727988,0.7128132,2.2620842,1.2433777,0.0018352517,0.83315796
32,1.4869121,1.3673908,-0.9460723,1.0544696,0.8194873,-0.18334009,-0.94809365,1.067154,2.5031707,0.2719791,-1.2875633,-0.5944918,-0.6440434,-1.1582342,0.5929349,-0.17901704,0.23605676,0.82094306,-0.5761864,-0.10143711,-0.64453655,-0.0077812592,-0.49074045,0.26616904,1.0280871,0.5677068,0.9612565,1.581718,1.0243031,1.53187,1.3644892,-0.26289
33,1.5354892,1.3770969,-0.86013484,1.0145419,0.97504234,-0.30196318,-0.7049386,0.91004753,2.451079,0.47507074,-1.3043602,-0.23425138,-0.69512856,-1.0357935,0.62988573,-0.30607557,0.3718628,0.70123243,-0.3544831,-0.12183062,-0.6051992,0.1704366,-0.7365983,-0.048113897,1.094528,0.7073101,1.1402631,1.7242277,0.92245376,1.4349359,1.520398,-0.1935157
34,1.8045441,1.3734308,-0.74000424,1.0015537,1.5093222,-1.4827943,0.018019151,0.72244114,1.6200614,0.72298896,-0.44106045,-0.48458865,-0.8908492,-1.3522192,0.61563796,-1.014801,0.86004996,0.9104161,-0.3648197,0.0940098,-1.0059179,0.4063441,0.13715939,-0.48158014,0.88004565,1.2772411,1.1253816,1.1468008,1.6199043,1.3939197,0.860426,0.29497677
35,1.0196998,-1.511677,-0.25450194,0.05663011,1.0702988,-0.9516253,1.8620907,-1.0739247,-0.20246676,0.6112774,-0.5986547,0.83674365,-1.0500342,0.20551623,0.32412803,0.19429626,0.122644335,0.027934678,2.81737,-1.4388955,-1.5149095,0.72381204,0.4486154,-1.1151795,-1.0593959,0.7190649,-0.17926449,0.947399,1.4795793,-0.09118351,-0.36599106,0.54494864
36,1.2218227,-1.7786589,-0.20496862,-0.05217784,0.8173543,-0.8312478,1.7739427,-0.71851677,-0.07872997,0.70703566,-0.3276152,0.8121562,-1.2173545,0.13826251,-0.02997527,-0.0062760576,0.29065198,0.2447301,2.6240926,-1.6514463,-1.4747565,0.75303555,0.097926065,-1.1912329,-0.8009887,0.7331565,-0.35942966,1.1258333,1.3923113,-0.1761131,-0.39941406,0.4947866
37,1.3288666,-1.8190005,-0.3296737,-0.045743525,0.77128243,-0.8345631,1.7233132,-0.6162764,-0.022520581,0.76694745,-0.30001292,0.79541534,-1.1365348,0.1377479,-0.055474065,0.045375697,0.36008474,0.20387693,2.4952226,-1.6753852,-1.4304752,0.74240875,0.0118443025,-1.2660837,-0.72615385,0.7680539,-0.4532101,1.2292016,1.4082959,-0.21888036,-0.47547922,0.39289072
38,1.5529784,-0.9809051,-0.5430951,-0.67012495,1.4929473,-1.050554,1.1659914,0.020215642,-0.31208974,-0.69763726,-0.62616134,1.7498802,-0.21415843,-0.55063903,-0.77679425,-1.7027732,0.86627173,-0.8591715,0.71609783,-1.6635044,0.7809316,1.315421,0.51450926,-0.3508399,0.48952633,1.2462424,0.737726,0.91530025,1.1869527,-0.70959777,0.015581485,1.2944366
39,1.8255409,-0.6357273,-0.44082174,-0.57846296,1.5387535,-1.1129943,1.0825423,-0.13760869,0.22657387,-0.5613692,-0.7334995,1.5392374,-0.4166975,-0.6698315,-0.47046128,-1.9180387,0.8602253,-0.67233694,0.6609612,-1.6582519,0.6022527,1.27071,0.5579877,-0.62978053,0.71887535,1.2095269,1.0064884,1.1415805,1.0728235,-0.51724684,0.45294136,0.9935399
40,1.6707077,-0.63727283,-0.6349772,-0.49568856,1.5297453,-1.0205573,1.150623,0.05158429,0.13711156,-0.5779212,-0.9419695,1.6286643,-0.38721266,-0.57593435,-0.24780786,-1.8765652,0.9609407,-0.84569985,0.61233276,-1.5405389,0.6745391,1.4770676,0.3103056,-0.6687696,0.56184846,1.1484241,0.9143077,1.2296107,1.2617989,-0.4992039,0.5190904,0.82378393
41,0.9454619,-1.1563845,-0.38911644,0.011245189,1.6905891,-1.2949957,1.9817871,-0.91799074,-0.34926197,0.09941535,-1.0449216,1.3251259,-0.7510051,-0.22768587,0.37484926,-0.4365329,0.1638515,-0.72060686,2.2968805,-1.484156,-0.64079386,0.99002576,0.6499383,-0.67903775,-0.36609492,0.7481964,0.7257362,1.1252412,1.7852118,-0.017102648,0.09670143,0.8051247
42,0.834203,-1.2961326,-0.109037094,0.048730485,1.5276492,-1.2482812,2.011728,-0.9074772,-0.34025198,0.33692458,-0.8199271,1.1546342,-1.0280708,-0.081214815,0.33821905,-0.3053609,0.021130342,-0.32568407,2.6072567,-1.450269,-1.187067,0.8667515,0.520103,-0.7080028,-0.5422842,0.6829949,0.51231366,1.1070724,1.7702198,0.13808599,0.051160056,0.7720356
43,0.7143107,-1.4896135,-0.18240598,0.058807477,1.3022429,-1.0677688,2.0413077,-1.202504,-0.35448375,0.321782,-0.71816516,1.0258316,-1.0365674,0.12951963,0.42272833,0.01408892,0.06535773,-0.32589415,2.7988727,-1.3778862,-1.2466065,0.77554244,0.6392284,-0.9781224,-0.94726366,0.6587472,0.14498629,0.9228906,1.5433261,-0.11248975,-0.23755868,0.6576514
44,1.544882,-0.6739312,-0.6569953,-0.39913228,1.6079676,-1.1473454,1.3384694,0.011935389,0.03252642,-0.426422,-1.0412267,1.6699941,-0.4029943,-0.5801328,-0.1997288,-1.6557252,0.7946659,-0.9481293,0.76013243,-1.5176121,0.58011794,1.4818144,0.24478227,-0.6361985,0.53997046,1.0782771,0.94003856,1.2831739,1.4204568,-0.37297004,0.4217951,0.92307216
45,1.4992926,-0.68060136,-0.56662,-0.1542624,1.7903699,-1.2704158,1.3851069,0.024751294,0.10553224,-0.2006965,-1.0144582,1.5415685,-0.5486676,-0.6044404,-0.16163023,-1.5454723,0.61832446,-0.91948867,0.83103716,-1.4785036,0.4440645,1.4131973,0.11978329,-0.58954304,0.78160256,0.99800247,1.1257623,1.4598614,1.5220762,-0.099645846,0.47203538,0.9866088
46,1.1414938,-0.94295675,-0.62292314,-0.057464126,1.8518,-1.3852168,1.7839054,-0.5875818,-0.23972414,-0.108096935,-1.1828067,1.480863,-0.52467805,-0.47538283,0.2578477,-0.81397897,0.38352585,-1.0203518,1.6482987,-1.4642432,-0.01941481,1.1929089,0.5247471,-0.60270923,0.10144362,0.8729752,1.0094306,1.2392491,1.7809849,-0.11918596,0.25909775,0.87929523
47,0.96415997,-1.2815263,-0.35036445,0.242088,1.2141225,-1.0213754,1.9429672,-1.219077,-0.1193088,0.59420574,-0.5091803,0.84655654,-0.93315506,0.17750245,0.41262057,0.18310334,0.026579248,-0.10452712,2.77641,-1.4579613,-1.492847,0.6301498,0.4797285,-1.1224521,-1.0527233,0.68269205,-0.07858861,0.9969878,1.6024541,0.05601984,-0.3983624,0.4619623
48,1.2361432,-1.4948602,-0.35687038,0.1729017,0.95390785,-0.9322562,1.8103302,-0.83902943,0.11538085,0.8201325,-0.25439104,0.767823,-1.1426528,0.09792649,0.09418717,0.06113509,0.20825012,0.20591901,2.585288,-1.630555,-1.5396256,0.624168,0.017677605,-1.2648233,-0.8154133,0.76713336,-0.23708692,1.2142618,1.5113858,0.042244546,-0.43680483,0.36221647
49,1.3592331,-1.4810812,-0.49428278,0.19533493,0.9440966,-0.90406156,1.7822905,-0.7186104,0.2187552,0.9287107,-0.21821564,0.70245874,-0.9860038,0.030207496,0.17198558,0.062020775,0.29865226,0.14305148,2.4188726,-1.6103231,-1.4833134,0.58171165,-0.10202408,-1.4042431,-0.7443847,0.9260666,-0.27647182,1.2852052,1.6086901,0.052705713,-0.5795282,0.2515747
50,2.3421795,1.0029157,-0.79861134,0.4566389,1.5248835,-0.60242283,0.19761679,0.2663708,1.2877543,-0.13320372,-0.8459966,0.5900484,-0.45805913,-0.6353543,0.17393614,-1.8165882,1.0854156,0.31711286,0.18551645,-1.1050483,0.11456185,0.72605205,0.08389261,-0.66265225,0.7047055,1.1580433,1.7459269,1.7146162,1.068009,0.4202924,1.3703521,0.029820178
51,1.9350474,-0.010947032,-0.486513,-0.18767442,1.6373795,-0.94929904,0.70924646,0.0006141361,0.6863545,-0.44660068,-1.0062791,1.2764648,-0.5503632,-0.5077543,-0.06759595,-2.0592945,0.9704321,-0.45600426,0.5287474,-1.669788,0.47668117,1.1804402,0.32518482,-0.67491055,0.7294561,1.0533376,1.2492085,1.514231,1.0084562,-0.24871555,1.0081877,0.480886
52,1.8432974,-0.2180149,-0.8221248,-0.21615772,1.592979,-1.0017605,0.9805595,0.16295849,0.3769849,-0.49296114,-0.90790486,1.4261187,-0.4256123,-0.62774235,-0.07254215,-1.9851553,1.0094806,-0.6387943,0.4735227,-1.5101517,0.61349905,1.3930578,0.10210118,-0.62811863,0.65350837,1.0402414,1.1332568,1.5129099,1.3544518,-0.2023622,0.757694,0.5905434
53,0.8914487,-0.96560806,-0.42855966,0.1814338,1.8003589,-1.3348299,2.0277178,-1.103368,-0.29922062,0.11148492,-1.0145147,1.2025342,-0.68054307,-0.31232905,0.5305085,-0.39271975,0.078894615,-0.74573535,2.2908938,-1.4691219,-0.65374804,0.89527684,0.754439,-0.6530125,-0.41907176,0.6391591,0.8059769,1.0802591,1.8605082,0.18684702,0.120333955,0.7176269
54,0.7372484,-1.1092565,-0.12592338,0.2975226,1.744939,-1.2254807,2.0678504,-1.0920352,-0.33709306,0.29325524,-0.74895626,1.0333529,-0.8973102,-0.09162013,0.5244735,-0.33380818,-0.12752673,-0.4163495,2.6445587,-1.4133723,-1.1328986,0.7597147,0.63306236,-0.68411976,-0.5163632,0.57361066,0.6578923,1.0615408,1.8287418,0.34305575,0.06784437,0.70716727
55,0.77223915,-1.2076582,-0.29200932,0.2095463,1.3231556,-1.0347368,2.1923628,-1.4494045,-0.2650512,0.33646843,-0.58955026,0.90164536,-0.9923565,0.05944647,0.50701964,-0.036920518,-0.025513066,-0.28796098,2.7874937,-1.4397268,-1.1941214,0.67465216,0.73556525,-1.0100642,-0.90995735,0.52101684,0.3370409,1.0399066,1.5312804,0.04227022,-0.14184305,0.5222878
56,1.7041494,-0.34351882,-0.7873983,-0.061634127,1.7785536,-1.1617965,1.1918919,0.019731563,0.24474077,-0.34314698,-1.032043,1.4234506,-0.38344014,-0.6561055,0.019574068,-1.6617994,0.81978416,-0.8208555,0.6987444,-1.4606928,0.5317139,1.3738455,0.21685432,-0.6117594,0.62927717,1.0439335,1.2020953,1.4866004,1.59534,-0.0705962,0.5924502,0.73923254
57,1.5282983,-0.4622321,-0.6177052,0.087648846,1.9072052,-1.3208379,1.4026345,-0.14629872,0.1993655,-0.13073905,-1.0098803,1.3948919,-0.4720457,-0.6859081,0.047879077,-1.4096453,0.5770847,-0.8642682,0.897039,-1.4416997,0.36898518,1.2838986,0.2423851,-0.57806087,0.78617376,0.9722992,1.3042746,1.526807,1.7116599,0.14344305,0.5273852,0.8841997
58,1.1670735,-0.7041743,-0.75761837,0.069324,1.8457985,-1.3783532,1.8455108,-0.8047907,-0.20613825,-0.050242364,-1.165408,1.3793837,-0.5444476,-0.57061374,0.39960346,-0.7020384,0.32836995,-0.9694053,1.7295558,-1.4954437,-0.13311033,1.0481777,0.5699058,-0.5047409,-0.039253794,0.7477287,1.1420879,1.2504437,1.8706127,0.17484337,0.3039089,0.6871813
59,-0.7550214,0.2896234,-0.43936163,-2.2966812,-0.30633935,-0.3740943,0.28346834,2.0712276,1.6436881,0.5673119,0.51078457,1.4080443,-1.5889605,-0.6343795,-0.32015282,-0.47569326,-0.65886337,1.2021983,-1.0902572,0.11352646,0.024377733,-0.78480905,-0.9310693,1.2517934,-0.4721751,0.25749373,-1.598994,0.69414014,0.7011656,1.153983,0.8246494,-0.39879382
60,-0.73746914,0.31777084,-0.4588509,-2.3084009,-0.24801485,-0.36464587,0.38210815,2.0417452,1.6453278,0.6571732,0.5752231,1.4605867,-1.6126958,-0.5900103,-0.28142715,-0.50690365,-0.6689781,1.1478953,-1.1243513,0.12265845,0.095695116,-0.75548285,-0.9890692,1.1210101,-0.4627907,0.21437305,-1.6281632,0.707529,0.68477726,1.0948669,0.84074163,-0.42202178
61,-0.74292815,0.38386655,-0.4194376,-2.3492415,-0.18415903,-0.3799396,0.4609335,2.007791,1.5867301,0.69523996,0.60632473,1.5640444,-1.615672,-0.57152086,-0.2968226,-0.5927404,-0.6275066,1.0981332,-1.0748869,0.119679786,0.118627466,-0.7045097,-0.98508626,1.0538775,-0.49753848,0.22322391,-1.6390013,0.7132486,0.6642294,1.0628517,0.8857146,-0.4025425
62,-0.83565396,-0.7523078,-0.80881375,0.077654086,-1.185322,0.2446243,-0.19451378,-0.40425095,0.14820255,-0.9621273,-1.0002456,-1.3964376,-0.82430786,-0.1438823,0.99899125,1.5034256,-0.68258125,0.745842,-1.1165382,0.33678466,-0.6084364,-1.4481393,1.4184085,2.7893348,0.94751674,-0.6022537,0.23870909,0.3755285,0.4359716,0.6529269,-1.3528059,0.7897225
63,-0.8627884,-0.82674325,-1.0497599,-0.6342487,-1.6436337,0.13012137,-0.09018247,-0.20134097,0.1667878,-1.0003668,-1.4383072,-0.66239023,-0.77388304,-0.22212155,0.19467734,1.6013937,-0.4937288,0.50184804,-0.97057444,-0.091191106,-0.43289238,-1.4719013,0.8976003,3.0170364,0.53548235,-0.24815798,0.058636993,0.22215572,0.61389595,0.9130405,-1.4302698,0.34602267
64,-0.30900896,-0.4300512,-1.0656673,0.05395754,-0.31042007,-0.065390706,1.1778376,-0.33337176,0.22244975,-0.45097253,0.48858067,-2.0436466,-1.2070427,-0.6351612,1.2486249,0.14559238,0.18113141,0.3653318,-1.5439826,0.72526515,-1.3921136,-1.5423213,1.8139151,1.9410741,1.3558315,-0.06518995,1.2469248,0.24561667,0.7918778,0.37317854,-1.273379,0.35613692
65,-0.9156457,-0.21389244,-0.75996304,-2.2602372,-0.86455274,-0.40868247,0.31290996,1.5620048,1.4309719,0.036177073,-0.029281966,1.2246739,-1.5829449,-0.7448308,-0.16131726,0.10509097,-0.5521321,1.1281525,-1.1728735,0.035182588,-0.34170675,-1.1772128,-0.4970791,2.081692,-0.19979176,0.31373683,-1.4172013,0.46705604,0.79551834,1.4464428,0.1939934,-0.15344973
66,-0.8782377,-0.09829009,-0.4591012,-2.2481463,-0.36948425,-0.4026536,0.2573124,2.1802518,1.689112,0.38738018,0.5227779,1.219299,-1.5231011,-0.6275754,-0.25750008,-0.2137797,-0.85443723,1.2001603,-1.160535,0.14422226,0.027730774,-0.91735363,-0.79361755,1.3597621,-0.41689903,0.4440298,-1.5932995,0.63028497,0.74819106,1.1873468,0.5718753,-0.42205352
67,0.903406,0.006957083,-0.702138,-0.4398445,0.20800117,-0.11852603,2.2192175,-0.3916908,0.8361394,0.12079404,1.7678858,-1.7801304,-0.7267226,-0.78899294,0.09812182,-0.41108862,0.45721638,-0.092737906,-1.4661359,1.2562498,-1.5712973,-0.8715602,0.727983,0.4750608,0.9646294,0.2036104,2.2183876,0.7701503,0.9027707,0.18716443,-0.8072592,0.039882526
68,-1.0755407,-0.6983023,-1.0316224,-1.7186939,-1.3370014,-0.22953086,0.08384539,0.65159255,0.9001711,-0.7399554,-0.77552825,0.3417173,-1.3065218,-0.653844,0.03566275,0.97360015,-0.5075448,0.7641655,-1.165879,-0.11217589,-0.37613577,-1.5791274,0.092734784,2.8969467,0.3090231,0.08097291,-0.7030269,0.3351737,0.8025939,1.3677541,-0.7246517,0.1176988
69,0.1379391,-0.4551998,-1.1803193,0.04636201,-0.15141569,-0.29638526,1.4046811,-0.8475675,0.10775023,0.007495104,0.78231007,-1.9025046,-1.1393278,-0.5710572,1.3215979,0.2558456,0.5653152,0.43426952,-1.5750991,0.74125904,-1.5167195,-1.6164926,1.5860071,1.5403613,1.567355,-0.10240382,1.5402449,0.39190876,0.5589587,0.4653436,-1.0829492,0.26065946
70,0.090053566,-0.49655724,-1.0586337,-0.11118745,0.08744254,-0.3093736,1.6450553,-0.36162692,0.2530545,-0.19157554,1.034837,-2.0256732,-1.1269721,-0.705234,1.1716737,-0.11596301,0.4506843,0.10660491,-1.5181427,0.8923615,-1.5647826,-1.3053763,1.6126664,1.4570239,1.414049,0.21277489,1.5359997,0.3332239,0.89244616,0.5473818,-1.0925438,0.09307225
71,1.2757193,1.7610905,-0.22119145,0.98768026,0.3533123,0.48700243,0.1543988,0.14729519,2.19367,1.1758629,-0.38038325,-1.063883,0.026867887,-0.8869969,1.8980387,-0.7152929,-0.22020687,1.4063383,0.27718613,0.5575379,-0.21753083,0.20556884,-1.3806392,-1.6321129,0.1922315,0.23524487,0.28357428,0.7081748,1.3200265,1.7319422,0.21626402,0.2284934
72,1.6384033,0.6525964,-0.19966988,0.6351543,0.076283365,0.73000336,0.27311158,0.1446669,2.2829947,0.9511336,-0.44000077,-0.5188798,-0.36153707,-0.5751914,1.5199307,-0.9483691,0.018520812,1.5355557,0.77319413,-0.0084542595,-0.021196894,0.8161927,-1.9163617,-2.1350007,-0.02431,0.371537,-0.05663047,1.2453711,1.1422431,1.1719495,0.0410081,0.49993518
73,1.6177216,0.5590908,-0.29561496,0.12651992,-0.027524577,0.15440847,1.2551694,-0.23396143,1.583313,1.6219321,-0.043487385,-0.9007384,-1.0828867,-0.62643987,1.1704155,-0.4436511,0.25718668,1.6246716,1.8755338,-0.6441293,-1.3840363,-0.011454313,-0.9144723,-1.6476815,0.28240794,0.4301123,0.55737513,1.6953093,0.79235286,0.818067,0.7686616,-0.56088823
74,0.012260347,0.26971164,-0.9242769,0.6503341,-0.42397103,-0.06237347,-0.6684296,0.54037493,1.1172119,-0.891916,-1.0563239,-1.9717554,-1.2611265,-0.92056704,1.1161368,0.42111787,-0.4351404,1.4217604,-1.019865,0.025731295,-0.76710117,-1.0314716,1.3714265,2.2616568,1.4504533,-0.109164275,0.5584015,0.9203489,0.9357062,1.144298,-0.17829452,0.44202346
75,0.041905653,0.3852075,-0.43123332,1.1376588,0.22395912,0.5749155,-1.1401993,1.3334222,2.1998522,-0.35999167,-2.0491161,-1.2787695,-1.1580918,-0.79257107,1.0321344,0.31748062,-0.6922356,1.04624,-0.59005874,0.046377596,-0.5896232,-0.5603841,0.24157438,1.4761987,1.1385245,-0.34795013,0.05259111,1.1135634,0.7788172,1.5787107,0.77367365,0.5665596
76,0.5275753,1.4842429,-0.86246717,0.47591546,-0.61002713,-0.29402363,-0.2268902,0.25518808,1.5243386,-0.17696534,-1.2410033,-1.375651,-1.2907906,-1.4422002,0.6063898,0.28999522,-0.31701013,1.8621396,-0.5998731,-0.10480839,-0.34634483,-0.69544625,0.83763385,1.6894087,1.5347143,-0.028462544,1.1497922,1.5655996,0.5492964,1.2969787,0.6057879,0.62563914
77,0.929203,1.8000731,-0.31083977,1.4703553,0.68012726,0.08212828,-0.6706954,0.80562735,2.2572253,0.71156013,-0.6178255,-1.2023948,-0.104333885,-1.0148939,1.4879355,-0.57823545,-0.39039686,1.4175005,-0.6361254,0.94782394,-0.15122503,0.05532378,-0.8783201,-0.57861876,1.0452181,-0.20676914,0.34826067,0.7893596,1.0506358,2.008001,0.5031551,0.644879
78,1.2935395,1.661363,-0.20758744,1.3054031,0.6631307,0.3720045,-0.5981252,0.32344827,2.301932,0.8585406,-0.66517174,-0.8343162,0.09784335,-0.6625693,1.8072356,-0.7612497,-0.32110298,1.3365147,-0.16985065,0.7351348,0.019137777,0.48445576,-1.3452433,-1.2031878,0.7905774,-0.22966097,0.31965247,1.0137426,0.8104814,1.8168125,0.8279107,0.3914257
79,1.6463279,1.7389523,-0.57027113,0.80251837,0.11167732,0.003633009,0.4928457,-0.31641048,2.0692093,1.448189,-0.3712516,-0.71990323,-0.78800297,-0.77563053,1.1689377,-0.47300324,-0.13261649,1.3280916,0.63694894,-0.3032451,-0.6000305,0.3052957,-0.7502184,-1.0217415,0.7927668,-0.30975792,0.52325195,2.2424922,0.497373,1.376464,1.417597,-0.2187551
80,0.41845095,1.4611852,-0.56322014,1.4910547,0.5632511,-0.09193675,-1.0403159,1.0768645,2.2480118,0.09964585,-0.9846803,-1.3944649,-0.44224247,-1.2900349,1.0781534,-0.18881536,-0.492206,1.605995,-0.89853656,0.7007459,-0.49264723,-0.27184078,0.048098136,0.73836946,1.3040149,-0.38751322,0.4275036,0.74122155,0.9051994,1.7782242,0.6375036,0.8736376
81,0.6511523,2.0580027,-0.66601723,0.90125054,-0.1126279,-0.43110967,-0.043291364,0.1512035,1.6857992,0.328579,-0.96012694,-1.3062027,-1.1355084,-1.4460919,0.8278322,-0.16169406,-0.29398856,1.8317066,-0.59946954,0.18667996,-0.2886839,-0.35328528,0.42729408,0.93685234,1.559946,-0.11194969,1.2455391,1.6545095,0.4800211,1.5467682,0.8218143,0.763858
82,1.1720209,2.15445,-0.54759926,1.0073773,0.16257027,-0.10838158,0.10136168,0.3062728,1.9283276,0.8730744,-0.9682026,-0.80726165,-0.9175418,-1.1867844,0.8828375,-0.42108166,-0.06286371,1.5324605,-0.20786633,0.11691325,-0.17645548,0.008500347,-0.35040116,0.044406224,1.4280081,-0.051801067,1.0536282,2.073802,0.4151504,1.5798715,1.3683362,0.6170254
83,0.37991816,0.8197532,-0.55347794,0.82198095,1.4144678,0.9572074,1.9455208,-0.43655324,0.78588134,1.3082429,0.10058581,-0.9499709,0.43172333,-1.6502322,1.8945806,-1.1626766,0.55951786,-0.4531131,-0.05176685,-0.22656281,-0.49148148,-0.32844573,0.02411625,-1.5314394,-0.22226615,1.8589677,0.9284293,-0.11034165,2.3308382,0.7292226,-0.7508994,-0.2863116
84,0.46954304,-0.6064224,0.7546,0.34384555,-0.46785694,1.028531,0.95560586,-0.20498483,2.131236,1.0934366,-1.2330565,0.14369021,-2.0109155,0.33000815,0.19520304,-0.36822045,-0.41459838,0.24002337,0.5365938,-0.70776397,-0.37279347,1.5717493,-1.4714512,-2.1060023,-0.8849394,-0.34285393,-0.44891775,1.933032,-0.087380804,0.16991614,0.64528924,0.1122938
85,0.84327453,0.223377,-0.7227925,0.5141634,1.3656174,1.0320568,1.7641245,0.20574905,0.7902806,1.1104844,0.2538761,-0.601142,0.63485104,-1.5126003,1.6177113,-1.7754108,0.7280307,-0.3661608,-0.12527171,-0.3076219,0.063221976,0.072430745,-0.6330255,-1.6779665,0.20462406,2.125806,0.902175,0.10398566,2.2872136,0.4629038,-0.9897791,0.18187097
86,-0.28824607,0.43979523,-0.6697907,1.3267797,0.09527839,0.23750032,-1.0880973,1.153215,1.6111094,-0.7858749,-1.0532137,-1.8845184,-1.0029451,-0.84126484,1.2070233,0.2848134,-0.59854084,1.2773522,-0.9353681,0.45195484,-0.71659505,-0.9851297,0.7786492,1.8517342,1.275055,-0.41418815,0.10926515,0.65471077,1.1108285,1.5495666,0.14984529,0.54720324
87,-0.0043620514,1.0621231,-0.68742985,0.3083135,-1.0632839,-0.2773315,0.17146298,-0.26252925,0.84852445,-0.21508077,-0.9619094,-1.751613,-1.660982,-1.0549716,0.843778,0.72293276,-0.3976667,1.8511071,-0.31381068,0.35220024,-0.18642873,-1.1770337,1.3078781,1.9058088,1.4375992,-0.20308676,1.1743348,1.3173604,0.50123876,1.5133497,0.06958302,0.6141773
88,-0.8728439,-0.15732022,-0.70171434,0.41448188,-1.066657,0.9197522,-0.38013527,0.5054596,1.8577881,-0.90002936,-2.4316378,-0.9556206,-1.9430432,-0.38015845,0.629993,0.9839214,-0.7199667,0.7999011,-0.7352945,0.064246476,-0.08573667,-0.73479015,0.23309393,1.7235582,0.39406654,-0.40731287,-0.03711011,1.13543,0.6250463,1.669592,-0.2774892,0.17764053
89,-0.4560727,1.2542423,-0.81248313,1.223432,0.9239916,0.47725907,1.2289556,-0.22098003,0.9834498,0.7163105,-0.418895,-1.8357267,-0.39140677,-1.6895669,2.1529124,-0.5737298,-0.10637294,0.3600143,-0.71038127,0.3946994,-0.72392714,-0.961736,0.91356003,0.06331377,0.39115632,1.1152021,1.1281261,-0.17502114,2.188701,1.3874927,-1.0026635,0.11420754
90,-0.042116117,1.2904494,-0.535106,1.2125297,1.3857085,0.6645666,1.5842918,-0.3069368,0.93227875,1.1469853,-0.123949714,-1.360698,0.099818856,-1.6522782,2.1054385,-1.0713853,0.20189917,-0.02637351,-0.29786965,0.19683903,-0.76762164,-0.6689585,0.51972204,-0.7893576,0.1186206,1.5429173,1.1082236,-0.20177163,2.2837436,1.2382684,-0.76760006,0.020747224
91,0.007164124,0.27696434,0.7679779,0.70436996,-0.55457133,1.2996472,1.3445224,-0.8310163,2.0840306,1.2762747,-1.3354595,-0.13598444,-1.7896556,0.03228316,0.6468078,0.22633545,-0.7621011,0.16607824,0.40392593,-0.42980182,-0.85430497,1.4265791,-1.0182309,-1.6608269,-0.94223523,-0.8870537,-0.14915709,1.6183494,-0.27849966,0.76671743,1.4183705,0.08325178
92,-0.60068107,0.7933714,-1.0991937,1.1644769,-0.08502608,0.08875058,0.3162131,0.34240183,1.0260084,-0.31347477,-0.7259195,-2.1015863,-1.2743738,-1.270635,1.5034069,0.017674984,-0.4307246,1.0860035,-1.2004056,0.6596625,-0.5981535,-1.2410629,1.2812908,1.3135647,0.893272,0.37382567,0.8500213,0.09218516,1.5479255,1.5898211,-0.96407604,0.3809713
93,-0.51449335,1.0211785,-1.025033,1.2078298,0.3061407,0.08208485,0.52107596,0.5018149,1.0113175,0.042217165,-0.6922565,-2.0091758,-1.0774232,-1.4284253,1.5987574,-0.451809,-0.2860662,0.9267943,-1.2816167,0.7146723,-0.5968631,-1.1058948,1.1771119,1.0186907,0.9971746,0.71109587,1.0320693,0.048276544,1.6759712,1.5445681,-0.9611268,0.47442997
94,-0.27183136,0.2823886,0.19647104,0.9966912,-0.7268775,1.3220209,0.43228218,0.35608426,2.6187675,0.6302994,-2.0358589,-0.5637208,-2.2333028,-0.4227445,0.55643487,0.39760438,-0.69529295,0.32393202,-0.78029007,-0.0903845,-0.52052224,0.91828316,-0.72276413,-0.2597787,-0.09038302,-0.5828433,-0.30418816,1.8022438,0.011608798,1.4197545,1.1280091,0.52807003
95,1.1242095,2.1887362,-1.4078863,0.6349668,0.29418623,-1.0683627,0.7331812,-0.59493214,2.0549672,1.6029719,-1.213485,-0.77437973,-0.6663825,-1.0737504,1.0137811,0.7417005,-0.012411351,0.25159544,0.004461137,0.052959923,0.14399782,0.2192207,-0.6848723,-1.1810025,0.09043025,-0.492394,0.4193909,1.918235,0.5430378,1.085269,0.9617496,-0.1737952
96,1.1036322,2.8041012,-1.2003171,0.27726942,0.65067405,-1.1833758,1.0537227,0.5388096,1.3548952,1.7339231,-0.5086636,-1.1316104,-0.47658283,-1.9086181,0.3446978,-0.11927562,0.39468506,0.5430297,-0.56948763,0.109973274,-0.24737138,0.21704367,-0.2733148,-1.0377164,0.62752837,1.0262614,1.0289534,0.8875753,1.1006384,0.52154636,0.4364272,-0.0026807557
97,2.0195503,1.6958258,-1.4426854,0.27679002,0.71890926,-0.90567505,0.6881571,-0.16098368,1.8636222,1.0755298,-0.5909224,-0.056204706,-0.45606017,-0.9077034,0.09893208,-0.58929604,-0.03251938,-0.18677518,-0.16999225,-0.66338176,1.0319064,1.1039127,-0.98494047,-1.5692469,1.01396,0.5266914,0.6446619,2.1138182,0.4482889,-0.023373505,0.7911489,0.4041594
98,-0.71872085,-0.19961868,-0.79641336,0.3441564,-1.0138202,0.2657173,-0.5839082,0.5750475,0.73241824,-1.0507734,-1.235776,-1.6257349,-1.0788913,-0.26774412,0.79230505,1.3425759,-0.7353235,0.61400926,-0.8720003,0.20455185,-0.55484515,-1.406882,1.0290245,2.6865478,0.88437444,-0.24426807,-0.18348047,0.66704065,1.139643,1.2568927,-1.0880052,0.45776105
99,-1.0138694,-0.20701537,-0.828051,0.18970591,-1.2784666,0.20278956,-0.39516225,0.6575372,0.65758675,-1.0121598,-1.2683076,-1.5600806,-1.2308921,-0.24330258,0.5519296,1.444327,-0.8005293,0.4929504,-0.7763565,0.29310033,-0.2683107,-1.3860927,0.934943,2.6166945,0.6496368,-0.29165477,-0.2519103,0.75985104,1.1514277,1.2717603,-1.2452079,0.28645593
100,-0.861693,0.3867332,-0.9431928,0.30469963,-1.0128328,0.105049245,0.4888185,0.34837198,0.33560136,-0.5746027,-0.82827747,-1.9737593,-1.5134249,-0.4954036,0.82645345,1.1396049,-0.52688444,0.47527438,-0.8111912,0.4554512,-0.39242014,-1.6648326,1.2800888,2.383171,1.0238065,-0.031232275,0.56959003,0.77231383,1.1164484,1.1709126,-1.3489093,0.42902938
101,-0.7885755,0.9358217,-0.9303746,0.8667043,-0.6374524,0.026527077,-0.2858862,1.2183667,1.5586139,-0.2833472,-1.4046168,-1.6682373,-1.3620118,-0.90124345,0.79874974,1.2349843,-0.85124075,0.6163738,-0.5277229,0.61863554,0.16718566,-1.0643917,-0.049037196,1.642115,0.8290781,-0.38690126,0.03375247,1.324026,1.3310546,1.93499,-0.4445851,0.36304474
102,-0.03782033,2.621069,-0.88404024,1.27232,0.43226448,-0.36061183,0.83948386,0.64482045,1.1437212,1.4303564,-0.50705165,-1.5349258,-0.57925284,-1.5756333,0.9465389,0.73642606,-0.13740785,0.48915723,-0.3125086,0.662534,-0.5132136,-1.2426683,-0.13228628,-0.036888942,0.43346372,0.5988926,1.0156184,0.31802067,1.7903261,1.751305,-0.21007405,-0.12333004
103,0.4996574,2.766955,-0.9520264,0.75373274,0.36423957,-0.91668767,1.2886167,-0.08615866,0.9986138,1.7690895,-0.26923618,-1.380655,-1.0610106,-1.558028,0.7056828,0.6017586,0.21601188,0.5534631,0.40091744,0.16211241,-1.0565065,-0.89176947,0.3665371,-0.34263626,0.21113995,0.49366876,1.2046722,0.77357966,1.280718,1.3157593,0.65573925,-0.72338724
104,-1.0926224,0.036634486,-0.8298634,0.3888987,-1.1044343,0.22455569,-0.35846022,0.84438294,0.86189055,-0.8556449,-1.3030318,-1.6074117,-1.3084124,-0.4100716,0.68716407,1.4531735,-0.8485642,0.482988,-0.7047608,0.46901247,-0.21587896,-1.3218482,0.73588043,2.4536362,0.7234337,-0.2550923,-0.16312161,0.8532051,1.186861,1.4529111,-1.1269672,0.3517737
105,-1.1239889,0.46748823,-0.75354904,0.6018912,-0.9616781,0.14784689,-0.34268415,1.1675936,1.083604,-0.67464733,-1.2828487,-1.6247842,-1.342151,-0.6099645,0.646615,1.396429,-0.93265593,0.5508228,-0.5443806,0.56763023,-0.056429,-1.2112043,0.44179827,2.2059,0.7108987,-0.23173396,-0.11326529,1.0410511,1.3244116,1.6995444,-0.915399,0.36834127
106,-0.5520102,1.6154938,-1.0436404,0.6922283,-0.59348065,-0.11487215,1.0849886,0.56471133,0.5759281,0.2547321,-0.651048,-1.9947056,-1.6085383,-1.0400219,0.8440617,0.7929785,-0.22470863,0.5571047,-0.65619767,0.5693614,-0.264116,-1.5964217,0.94556195,1.5838124,1.1705121,0.3196853,1.1579221,1.051135,1.3414445,1.4315349,-0.8590386,0.30589744
107,0.8471675,-0.19078587,-0.36777347,0.551136,2.009231,0.40670824,1.5386184,-0.20729022,0.09657603,-0.86152333,-0.4560523,0.3480581,0.21717499,-0.33525312,0.78978163,-2.3416228,0.8575889,-1.4178768,1.2297645,-1.5607738,0.35639024,0.936657,0.806088,-1.1209949,-0.9594908,1.1834757,0.08426924,0.11708615,2.2382522,-0.40649182,-0.07783538,0.3108102
108,0.26453352,-0.73465616,-0.5404846,0.04818168,1.2049364,-0.441589,1.521064,0.8043175,0.0661161,-0.9733887,-0.69134146,1.54116,-0.81587726,-0.09959286,-0.16986874,-1.8959029,1.0492299,-1.5937208,0.98420125,-1.3837801,1.1393038,1.5149456,-1.1043419,-0.82751536,-0.13457024,0.23310399,-0.7801323,1.3917061,1.5629495,0.21921298,0.29558825,0.5598745
109,-0.28186223,-0.84053415,-0.54330516,0.36489314,1.6334932,-0.48965737,1.9508295,-0.15974231,-0.42552912,-0.99011683,-0.91474676,1.3831104,-0.748321,-0.12065497,0.17472725,-1.1355587,0.76071525,-1.9103329,1.9449966,-1.5369478,0.36567163,0.9816805,-0.27474535,-0.6001063,-1.2371328,0.41841713,-0.43760526,0.6449414,1.8613138,0.26370376,-0.025659742,0.30152038
110,-0.4269211,0.52901155,-0.9604686,0.37118608,1.2368717,-0.19581452,2.2372077,-1.3223412,-0.4493427,0.48890924,-1.4965742,0.31457236,0.0046033533,-0.7410238,0.7940289,1.1069707,-0.24947885,-1.332235,2.2148015,-0.7637807,-0.4474102,-0.0058603743,0.7223445,-0.5198572,-2.2234077,0.7631551,0.681491,-0.55069196,1.9344208,0.41609675,-0.8300054,0.020131854
111,0.02056069,1.0733919,-1.3162178,0.15673877,1.0611848,-0.23872027,2.333775,-1.2551316,-0.1677394,1.1261811,-1.5734345,0.057395205,-0.12966958,-0.88359684,0.8829182,1.2179161,-0.36260796,-1.112817,2.1454859,-0.7864509,-0.5880179,0.10656499,0.6594003,-0.6409131,-1.753155,0.81428105,1.0155643,0.04229008,1.7321334,0.19894545,-0.26651433,-0.30632982
112,0.4133224,0.61856335,-1.3107756,-0.30298227,0.613154,-0.56100476,2.1764112,-2.0433648,0.28423473,0.95726645,-1.7394783,0.24102336,-0.53225064,-0.5183376,0.907722,1.2803297,-0.34499416,-0.92619413,2.1716926,-0.88853663,-0.5203369,0.5477466,0.7267454,-1.0055112,-1.9177132,0.13493147,0.6956322,0.5733662,0.9123843,-0.031663034,0.23098479,-0.50669986
113,-0.5023104,-0.5228081,-0.7535496,0.51317185,1.6832068,-0.16203056,2.4211273,-0.6238845,-0.9134473,-0.513036,-0.926239,0.7567228,-0.4141165,-0.51145965,0.23155399,-0.15707809,0.48523453,-1.6202252,2.1977167,-1.2837305,0.071970746,0.33610538,0.36936584,-0.40312016,-1.8586413,0.7438292,0.39225164,-0.12109108,2.2819357,0.35648286,-0.73906356,0.23424187
114,-0.69887614,-0.21941283,-0.9438751,0.60963285,1.5703064,-0.059881918,2.5921764,-0.48821297,-0.97454333,-0.18162249,-0.98156947,0.6998167,-0.32656822,-0.70736194,0.021248238,0.3421121,0.25235388,-1.4493848,2.1486864,-0.97616935,0.36959186,0.19325003,0.038325332,-0.25011766,-1.8144721,0.75082654,0.79301506,-0.10471735,2.348118,0.6493256,-0.9923038,0.480029
115,-0.7538518,-0.015605714,-0.72680134,0.3107626,1.2809476,-0.39210302,2.2641482,-1.4558271,-0.39195618,-0.26716137,-1.4376082,0.91086966,-0.5240562,-0.4314614,0.58469063,0.6852538,-0.123600625,-1.3477801,2.7485332,-0.9722176,-0.31360492,0.26666576,0.16053432,-0.36999232,-2.2962768,0.044971395,0.39507422,-0.29641998,1.5621634,0.87378204,-0.34047186,0.08033289
116,1.9616677,1.4919688,-1.3173082,0.01482137,0.8453029,0.12979662,1.2446929,0.28919926,1.0002575,1.7021517,-1.0336232,-0.83254445,-0.2484492,-1.4377354,1.3713528,-0.8820987,0.37389687,0.21024215,-0.04092068,-0.5246777,0.25628936,0.65992296,-0.19702148,-1.6659752,0.8707813,1.4723445,1.0639488,0.93939936,1.010603,-0.34590322,0.94002616,-0.12353932
117,2.1940932,0.91723454,-1.2685006,-0.14493585,0.69674987,0.15759702,1.253143,0.7255013,0.75118214,1.6146027,-0.8398498,-0.4965639,-0.48648086,-1.3208635,0.73653215,-0.9893541,0.6394123,0.12321394,-0.26601225,-0.6654642,0.2081186,0.7261727,-0.05043642,-1.7139885,1.3376925,1.9499397,0.9246621,1.1700454,0.83941305,-0.8793078,0.8768893,-0.04094825
118,2.237264,0.69316846,-1.2838264,-0.31734565,0.5340551,0.090180404,1.3694135,0.65892893,0.7358851,1.5582123,-0.8268146,-0.30321977,-0.6331772,-1.1983416,0.5880459,-0.97097385,0.7412161,-0.02508401,-0.31322607,-0.6806898,0.13929321,0.74431574,0.07218817,-1.8612467,1.240942,2.0515015,0.73227715,1.2285885,0.78456765,-1.1121435,0.770749,-0.05793932
119,0.088429384,0.7196559,-0.5450053,1.0549605,-0.49798232,0.4963224,-0.77012885,1.5580875,1.4070075,-0.7778679,-1.081448,-1.8697579,-1.0707446,-0.57626677,0.86078286,0.49599344,-0.6108179,1.1905539,-0.37259337,0.010095585,-0.6427963,-1.2588063,0.69742525,1.7619858,0.96387863,0.5265581,-0.25112167,1.1756293,1.7569419,1.7208177,-0.25665265,0.19454089
120,0.15991677,0.5799925,-0.18768483,1.4155856,-0.39497566,0.985573,-0.86893296,1.6553885,2.0242133,-0.85783994,-1.3881764,-1.1811435,-0.8799129,-0.2562367,0.58621347,0.74599785,-0.64682937,1.0106642,0.08955894,0.102955945,-0.43183607,-0.9041388,0.012822824,1.1680349,0.6868831,0.7187125,-0.36859056,1.5107886,1.8264565,2.0650158,0.031841747,0.3808731
121,1.2270362,1.2117971,-0.4006364,1.2176766,-0.19859388,0.7250387,-0.53433716,1.4109708,2.3098373,-0.06610277,-1.3785826,-0.85712475,-0.96771884,-0.5012118,0.49512708,0.16428512,-0.14152496,1.1298718,0.17399733,-0.15226898,-0.4215361,-0.301676,-0.47407988,0.3174809,0.6589877,0.5964885,0.039867785,2.0965016,1.4961776,2.1748548,0.946523,-0.024332708
122,0.8165314,2.3972611,-0.71161115,1.109456,0.97097236,0.61209357,0.9682096,-0.10644166,1.4019209,1.4253453,-0.9643751,-1.2927899,0.17205115,-1.2485605,1.89828,-0.19102164,-0.48413154,0.5752466,0.5452115,0.09009088,0.092034206,-0.31183842,-0.8393877,-1.2247165,-0.0016400029,0.4272608,1.2477216,0.26837033,1.4765053,1.3595077,0.5945775,-0.12269291
123,1.7249644,1.2342505,-0.5339527,0.44781595,0.5285046,0.39483103,0.9318217,-0.7171029,1.6520956,0.7481125,-1.6804029,-0.4898103,-0.47615442,-0.2802131,1.1479951,-0.25696823,-0.5656193,0.68086153,1.1622343,-0.23226261,0.9558255,0.740262,-0.81305486,-1.645774,0.19506784,-0.21757008,1.2575798,1.9187548,0.033578757,0.9290745,1.5479834,0.18055576
124,1.8008976,1.1674047,-0.78469384,0.062813625,0.4289848,0.14675063,1.1091549,-0.98549396,1.5775529,1.0010526,-1.7749546,-0.44152105,-0.775657,-0.2850526,1.2498745,-0.26948735,-0.4252776,0.45055112,1.0512421,-0.39898747,0.6979832,0.88996446,-0.42265576,-1.8702929,-0.06491681,-0.07202386,1.0949525,1.8506311,0.05701554,0.35358864,1.4344584,-0.0092754
125,0.74958503,1.7631003,-0.5233439,1.8951691,0.65982276,1.0379632,0.0129532935,1.4348015,1.9273181,0.6242932,-0.72841203,-1.3409368,-0.29951227,-0.8974558,1.2208356,-0.3278888,-0.2859342,0.86744076,-0.2564453,0.40166122,0.0625931,-0.7684614,-0.9868449,-0.50040317,0.82290906,0.54836816,0.41804153,0.96314245,1.767135,1.8863975,0.3681061,0.36407337
126,1.233999,2.117978,-0.5093063,1.631244,0.71582794,0.9878487,0.59212804,1.0017006,1.4977758,1.1391109,-0.57532656,-1.1198198,-0.4084672,-0.8434093,1.0808148,-0.57022697,0.11715177,0.83288044,0.26424474,0.1622634,0.38772368,-0.46331477,-1.004985,-1.0921342,0.932798,0.88967854,1.0540884,1.3083795,1.3292258,1.4824991,0.85528684,0.16460457
127,1.3826852,1.5627253,-0.49341884,1.2583365,0.5870109,0.83714604,0.4213938,-0.1552839,2.002343,0.47949043,-1.6431203,-0.17639764,-0.43309355,-0.1833951,1.0268668,-0.038407136,-0.23409492,0.8014041,1.0243406,0.0676506,0.35026476,0.33529022,-1.3363347,-1.2771056,-0.07499335,0.081237115,1.1759473,1.6659839,0.5874205,1.8103307,1.4333149,0.08196783
128,1.6084082,0.9748321,-1.6771135,-0.42777038,0.6085891,-0.5357157,1.7230016,-1.5445087,0.90977657,1.4556893,-1.5189415,0.08888739,-0.4905143,-0.7729507,1.2508005,0.37022164,-0.15070465,-0.660726,1.2503643,-1.0173905,-0.045946535,0.90275747,0.4488052,-1.6536874,-0.36421746,0.85244954,0.68513185,0.94047683,0.68352103,-0.6993637,0.8109132,-0.3533737
129,2.1936917,0.76617414,-1.6864398,-0.27785048,0.6047896,-0.3867448,1.2886155,-0.50169,0.99301195,1.3922317,-1.1097175,0.20781614,-0.62456244,-0.8255013,0.46057516,-0.19585161,0.16646014,-0.53489065,0.39759225,-1.1452864,0.35499826,1.1545674,0.031154005,-1.7771558,0.85750926,1.4668225,0.6677008,1.5729276,0.4506469,-1.0575142,0.91530854,-0.18460478
130,2.2841268,0.7001085,-1.6361227,-0.27587014,0.543598,-0.5033829,1.1549898,-0.30391133,1.0635431,1.2981493,-0.9664471,0.22671273,-0.75590616,-0.8886905,0.19712153,-0.31264585,0.30744356,-0.45256218,0.10835523,-1.1140572,0.39332578,1.1918011,-0.047140703,-1.8015432,1.0161303,1.5355836,0.5652886,1.6693943,0.3533778,-1.1168444,0.89316136,-0.08249312
131,1.1337905,0.6693733,-0.33478817,1.5242538,0.7709506,0.7315366,-0.085376225,1.8166467,1.8432233,-0.6681192,-0.7173052,-0.49853662,-1.161022,-0.18510973,0.68437934,-1.343402,0.79953665,0.30815744,0.6347696,-0.7521696,-0.4832584,-0.123113036,-0.52742356,-0.30766279,0.6339643,1.2792091,-0.12155837,1.873185,2.1515024,1.4458603,1.103438,-0.29684165
132,0.38871303,-0.16284396,-0.22342765,1.0051084,1.716326,0.088423885,1.3721569,1.2302564,0.12078129,-1.0255331,-0.40540683,1.2031689,-0.5460086,-0.037349597,-0.17325158,-2.0283716,1.1986054,-1.2809017,1.3338281,-1.4001154,0.81688994,0.76594317,-0.66314733,-0.83347493,0.25342226,1.412399,-0.202239,1.3381957,1.9453495,0.2280987,0.34816286,0.7548743
133,0.26060757,-0.34075284,-0.40738282,0.86311644,2.0161214,0.010385172,1.6483709,0.5373155,-0.011642374,-1.0979874,-0.86075824,1.0592148,-0.5277755,-0.19552517,0.27432507,-1.7619041,1.0028707,-1.42545,1.8741882,-1.508445,0.30591443,0.8077049,-0.19894558,-0.8619549,-0.70679015,1.141167,-0.0018429186,0.7135495,2.111864,0.19585621,0.22101933,0.43483153
134,0.3577679,0.42832315,-1.0045645,0.26521546,1.4246476,-0.22198315,2.168856,-1.5868013,-0.054119542,0.20261756,-1.4870464,0.3386758,-0.22271775,-0.5952806,0.87711084,0.45958242,-0.30496484,-0.8934334,2.7114809,-1.0769306,-0.1915276,0.42094392,0.4361572,-0.9106337,-1.863348,0.7299205,1.2326554,-0.2808231,1.694921,0.29418626,-0.18957661,0.1452963
135,0.80077755,0.82831097,-1.3594111,0.120003216,1.254639,-0.220462,2.0568554,-1.5372235,0.31091803,0.93304986,-1.6487956,0.27533275,-0.15433957,-0.7157219,0.97060823,0.7498438,-0.5044139,-0.80647576,2.366007,-1.0247624,-0.011434755,0.66629785,0.17658406,-1.119549,-1.275092,0.84314966,1.3197016,0.1695101,1.444568,0.07800638,0.1571326,0.035602838
136,1.1408644,0.8435771,-1.5556859,-0.25768822,1.0419133,-0.5370362,1.9172717,-1.7004272,0.38706514,1.1679162,-1.611192,0.089408554,-0.27547935,-0.81540465,1.2833298,0.58820504,-0.24799104,-0.8728043,1.8787107,-1.0519081,-0.14778125,0.80319154,0.5854401,-1.280443,-1.1487309,0.88419527,0.92873424,0.26531893,1.2450632,-0.3564562,0.3293366,-0.24185394
137,-0.11949791,0.044023283,-0.46570426,0.9252556,2.1070442,-0.08515151,1.9203279,0.006379949,0.022584641,-0.84922665,-1.2014756,1.0042815,-0.45606762,-0.34506947,0.52372813,-1.103351,0.5036948,-1.3875759,2.439485,-1.3327066,0.028620671,0.5720963,-0.18347788,-0.72363347,-1.2451128,0.9015493,0.37661973,0.34558928,2.1731908,0.6219092,0.13401912,0.4351299
138,-0.41140696,0.100411095,-0.5601536,0.75662684,1.9876332,-0.14898239,2.187085,-0.08819257,-0.22420119,-0.6095344,-1.207887,1.0903269,-0.31919512,-0.4925012,0.27682346,-0.6072611,0.18368852,-1.3704561,2.6166732,-1.2243278,0.27440873,0.47985584,-0.44746014,-0.5704906,-1.34763,0.8083244,0.66640663,0.08152452,2.1629045,0.7033691,-0.23600829,0.6701881
139,-0.2590857,0.21029562,-0.71614265,0.43752977,1.7110891,-0.24887681,2.1830146,-1.0533491,-0.28786433,-0.34550518,-1.3451833,0.66714144,-0.20642868,-0.57476795,0.71949565,0.029547816,-0.092904985,-1.2093232,2.7606132,-1.1001678,-0.17844552,0.3073205,0.21241404,-0.64119893,-1.969342,0.74439496,0.90883607,-0.5055522,2.0098524,0.5094776,-0.4023021,0.30488175
140,1.5948118,1.1486676,-1.7071115,-0.40935278,0.6837513,-0.63517755,1.6219988,-1.4573998,0.97019213,1.41086,-1.5832785,0.010188417,-0.27576622,-0.9840867,1.380932,0.42250234,-0.092216924,-0.72274804,1.1861948,-0.88569,0.10306614,0.9616657,0.32591715,-1.6220134,-0.5643754,0.9911295,0.5781125,0.7823231,0.9033893,-0.48014006,0.623825,-0.20122609
141,1.9978942,1.1216614,-1.8994598,-0.22567143,0.5907006,-0.57611537,1.304833,-0.80110824,1.2039331,1.5050292,-1.1298087,0.16434278,-0.33370635,-1.0555083,0.78242844,0.10712902,0.08763486,-0.70143574,0.4193039,-1.001792,0.34060422,1.1006122,-0.058636367,-1.7480646,0.47091952,1.4351015,0.5685454,1.2741617,0.7022981,-0.7879509,0.7178217,-0.21139292
142,2.1659684,0.9969341,-1.8311375,-0.2841838,0.5096168,-0.76212233,1.2122074,-0.60688984,1.241331,1.3892279,-0.981478,0.22499265,-0.5489044,-1.0448987,0.42211577,-0.012559847,0.17983772,-0.6262402,0.19248405,-1.0413972,0.42523542,1.1757802,-0.1560142,-1.7747754,0.6589564,1.420054,0.45428535,1.4851952,0.58807355,-0.8482063,0.7545869,-0.12656905
143,1.4162875,0.5753221,-0.26342967,1.3313277,1.3776371,0.5927149,0.39854094,1.1108671,1.4205347,-0.71494645,-0.63277966,-0.0015824353,-0.7123054,-0.10811697,0.9107694,-2.115886,1.1308302,-0.3668324,0.8326737,-1.1525536,-0.1415915,0.4539162,-0.43029985,-1.0785898,0.20417269,1.2088939,-0.10249061,1.4796369,2.1292386,0.7882211,1.2228444,-0.33615524
144,0.7514323,0.16439605,-0.15050139,1.1425521,1.6267667,0.33806926,1.2053785,1.136046,0.60558796,-0.9117403,-0.40410006,0.78283036,-0.5945859,-0.051004913,0.29749703,-2.2402642,1.2041991,-1.1148282,1.1773401,-1.3770896,0.5401379,0.66004086,-0.56628203,-1.1278754,0.24202438,1.3243572,-0.25298756,1.387525,2.1133869,0.3350778,0.7169422,0.31747013
145,0.53893584,0.13940069,-0.40376848,1.118336,1.9008174,0.20594332,1.5592875,0.56027186,0.49491388,-0.8753862,-0.80711055,0.70609516,-0.6289085,-0.311001,0.65409446,-1.8128638,0.9870588,-1.2324713,1.7708822,-1.4283713,0.08770105,0.57019085,-0.30128288,-1.071958,-0.57088244,1.1321783,0.022911953,0.91462755,2.3567536,0.53453004,0.5526677,0.07684274
146,0.37496358,0.8579222,-0.97999376,0.48825905,1.477444,-0.1673747,2.11202,-1.2538868,0.23993586,0.2960648,-1.5704341,0.13166372,-0.14941551,-0.7986614,0.99968547,0.3792846,-0.26813594,-0.81673276,2.5285714,-0.8900422,-0.06475879,0.28152898,0.23918317,-0.9892674,-1.8552924,0.81714803,1.2431648,-0.1556908,1.9591216,0.59153694,-0.23434503,0.2757835
147,0.7954879,1.280519,-1.3863914,0.21944095,1.2207941,-0.28309137,2.0418494,-1.2633423,0.48900124,1.0277685,-1.6017158,0.020935137,-0.18493336,-0.9757594,1.0037358,0.6495203,-0.43732214,-0.6672806,2.2048628,-0.9055151,0.06059068,0.53455496,0.02098182,-1.1062926,-1.2918843,0.8803685,1.3391395,0.26746717,1.626741,0.32318556,0.09688154,0.1135426
148,1.1727625,1.075281,-1.5514975,-0.2229289,0.99723923,-0.62938106,1.8465627,-1.5890338,0.58015895,1.1835872,-1.6377884,-0.028614698,-0.34341443,-0.9504326,1.2879059,0.542651,-0.18810861,-0.75385803,1.8242863,-0.9664585,-0.03813479,0.81703484,0.43849245,-1.3132553,-1.2302936,0.88204914,0.91018075,0.40133852,1.2810832,-0.18264477,0.29836363,-0.13549995
149,0.021407722,0.4487695,-0.35392165,1.220102,2.0422664,0.1549474,1.7397085,0.042617,0.5735796,-0.65008587,-1.2058059,0.6770261,-0.42357665,-0.44443434,0.9170465,-1.0295871,0.42021215,-1.2739711,2.3192863,-1.1387702,-0.141818,0.31003776,-0.32798555,-0.92887217,-1.1928785,0.91994655,0.37590966,0.4381342,2.4512832,0.98097014,0.33084604,0.15323421
150,-0.41868424,0.60086644,-0.49888715,1.108383,1.9466648,0.0036402678,2.1155515,-0.03931094,0.24038504,-0.40338722,-1.2604098,0.8081875,-0.3172073,-0.6247393,0.63513124,-0.48332876,0.057403807,-1.2909755,2.4858665,-0.9594051,0.16310234,0.19605356,-0.54833144,-0.68483514,-1.3017373,0.7782421,0.6762242,0.21093833,2.4335628,1.1605135,-0.08543148,0.5172552
151,-0.04989214,0.68442684,-0.77277446,0.7535789,1.6962335,-0.11360459,2.1982648,-0.8515378,0.09934484,-0.092039734,-1.3395047,0.43074763,-0.32669947,-0.7773241,0.9276207,-0.030130692,-0.04335839,-1.1175549,2.6215916,-1.0151864,-0.18943773,0.16514152,0.122749925,-0.7993329,-1.7219101,0.8781119,0.9267068,-0.17089449,2.2651262,0.8118919,-0.19385898,0.21787143
152,-0.18656313,-0.1596994,-0.8315971,-1.6105958,0.20876357,-1.4519229,0.9946782,1.2590296,1.0177706,-0.50378835,0.31029192,2.2682993,-1.0864912,-1.0224336,-0.69004536,-0.6748168,0.45309028,-0.062152784,-0.3380036,-1.2202432,0.3391102,-0.16139002,-1.7323523,0.8541487,-0.09517392,0.5687939,-1.2640549,0.76690036,1.3325384,1.6735052,0.721835,-0.08855601
153,-0.2798143,-0.10418165,-0.8054069,-1.8008801,0.09226385,-1.3941486,1.0946187,1.3878121,1.0654857,-0.38850915,0.33450896,2.1809325,-1.1161612,-1.0033991,-0.6513005,-0.696965,0.25537515,0.06796009,-0.45189652,-1.0413251,0.33144915,-0.24220435,-1.5783219,0.93737066,-0.19898432,0.5906193,-1.3927069,0.752438,1.2693682,1.7837299,0.6490614,0.013067047
154,-0.4652549,-0.010039758,-0.728108,-2.113209,-0.025006395,-1.1284212,1.0381578,1.5832618,1.2178258,-0.1454988,0.40474775,2.1069984,-1.2822642,-0.9513625,-0.57139874,-0.6852603,0.008822443,0.30831954,-0.6381776,-0.7282308,0.27111217,-0.33763638,-1.3754652,0.99940366,-0.38555065,0.65199524,-1.5672884,0.6795361,1.0930958,1.657406,0.64967203,-0.049668044
155,2.1063547,-0.10337775,-0.91240543,1.1698483,1.0676925,0.03171847,0.076698445,0.48035276,0.942302,-0.83239055,-0.4525954,1.0528187,-0.8628102,-0.33044606,-0.44920412,-1.2866277,1.908807,0.9671252,0.32487443,-1.6897776,-0.020683141,0.5247604,-0.9261058,-0.41203547,-0.17872582,0.7738612,0.3734302,1.4919071,1.5227286,1.2271034,0.7826414,0.47039312
156,0.34558252,-0.28990787,-0.87444663,-0.54792035,0.6654411,-1.5499324,0.8394404,0.8301041,0.6742519,-0.9059502,0.03328077,2.2869453,-0.8030118,-0.75723773,-1.0714226,-0.7300267,0.960059,-0.24350749,0.03528691,-1.8505676,0.44058374,0.11552533,-2.0724127,0.46670738,0.26996705,0.26658598,-0.5042476,0.9759178,1.4192158,1.4770786,0.71906143,0.13824062
157,1.0429885,-1.1984961,-1.3214078,-0.22773735,1.6777178,-1.294095,2.5641222,0.01825775,-0.2502221,-0.06689659,1.4408063,-0.90126735,-0.90584904,-1.3921764,0.51230174,-1.3394895,1.4031671,-0.5910679,-0.8698842,-0.15037765,-0.5795148,0.06390881,0.6595857,0.20062956,0.8204534,1.1534183,0.841961,0.488435,1.7203307,1.0212055,-0.13782944,0.438333
158,-0.4579624,0.9343275,-0.60394675,-1.4279324,0.09272286,-0.5110838,-0.4851867,2.0626853,2.1619866,0.676724,0.026951706,0.12086534,-1.6976262,-1.123403,-0.11458522,-0.28912082,-0.46467406,0.91915584,-1.1730688,-0.24503244,0.22582375,-0.5784964,-1.1455038,1.3003901,-0.20544721,-0.3991769,-1.3307272,1.4159064,1.0544797,0.9331045,1.3568467,-0.75466114
159,0.3689812,2.195972,-0.1353254,0.23817852,0.532837,-0.6800301,1.8284276,0.34065196,1.1003762,0.7464525,1.2851652,-1.6767981,-0.6837001,-1.3524257,-0.06798825,-0.6979482,0.44402164,0.27950048,-1.2869779,0.9739822,-1.558464,-0.98525167,0.43357515,0.42980254,0.48027775,-0.3245998,1.9375275,0.21381904,1.2313215,0.6480709,-0.36928728,0.17654763
160,-0.3253262,1.0747147,-0.34508198,-1.8106449,0.52651465,-0.24771006,0.6353587,1.7251866,1.9460304,1.328152,0.47360238,1.1454545,-1.8006556,-0.74192905,0.038878486,-0.813818,-0.3750161,0.57026917,-0.9484783,-0.10665375,0.6851272,-0.34646454,-1.3345909,-0.037940167,-0.41049534,-0.37963596,-1.341597,1.479954,0.66538334,0.21038465,1.6711892,-0.8247856
161,-0.96997714,-0.7297515,-0.7071185,0.016321313,-1.1611265,0.0950481,-0.31257492,-0.20696613,0.1485445,-0.9559526,-0.99893993,-1.5293584,-0.9012291,-0.2270876,0.87980646,1.4562979,-0.74444085,0.73275435,-1.0481131,0.35131902,-0.55450326,-1.3968643,1.4082404,2.8245082,0.9396996,-0.56118846,0.16920236,0.35743865,0.44070914,0.6707252,-1.3366325,0.72687966
162,-1.0332632,-0.72440547,-0.7365765,-0.14105578,-1.2876705,0.111767046,-0.42665496,0.16162762,0.2928564,-0.90534955,-1.2789778,-1.2415845,-0.95156544,-0.20694265,0.4322342,1.6011153,-0.7111888,0.51622677,-0.87869984,0.13968278,-0.55608636,-1.5089829,1.1948777,2.9748414,0.74507487,-0.37566015,-0.022984726,0.37754792,0.5625154,0.7972403,-1.297579,0.47370633
163,-0.3522172,-0.014431956,-0.7283496,-0.009032033,-0.5679732,-0.2553312,0.938886,-0.5721242,0.09289614,-0.49570867,0.30873567,-2.0687506,-1.1755481,-0.57968324,0.89080566,0.4167436,-0.12100896,0.49637014,-1.4386356,0.6240322,-1.2107888,-1.5726945,1.8297244,2.266895,1.2575319,-0.38423565,1.2809358,0.2924493,0.62618476,0.31192246,-1.4604256,0.55819553
164,-1.1294649,-0.38258392,-0.785689,-0.6329068,-1.2488341,-0.11850446,-0.6482973,0.6653263,0.8906643,-0.85936975,-1.1633841,-0.7767292,-1.0596321,-0.6918645,-0.0024792824,1.3473134,-0.7444961,0.63280654,-0.9857755,-0.09750831,-0.46436948,-1.4657688,0.692466,3.1192613,0.5284317,-0.1931288,-0.30731615,0.47527233,0.8873318,0.99453074,-0.9560724,0.28123432
165,-0.49841475,0.23739044,-0.7233369,0.21102448,-0.38099518,-0.23052572,0.94844705,-0.36073115,0.23387124,-0.41542318,0.34866837,-2.1203961,-1.1563876,-0.78227043,1.0586957,0.17994153,-0.120199814,0.5013092,-1.5556624,0.73953474,-1.2590253,-1.5154601,1.7517684,2.106458,1.1790084,-0.40733752,1.2429307,0.096286,0.85732496,0.46652177,-1.4411194,0.57439554
166,-0.10301055,0.45135444,-0.7011212,0.16985445,-0.19708343,-0.35290176,1.2915243,-0.6232179,0.30837807,-0.18470016,0.7363491,-2.0924225,-1.1631744,-0.8674488,0.89604276,0.10413749,0.21091469,0.5334659,-1.4637897,0.67402655,-1.364934,-1.5858902,1.654056,1.8133671,1.3664757,-0.23170117,1.6818283,0.39771298,0.7570335,0.40333813,-1.147837,0.53927535
167,-1.1729306,0.27917516,-0.72197527,-0.7281903,-0.8147518,-0.3372526,-1.0223128,1.4328156,1.5964385,-0.4566856,-0.85181355,-0.6156278,-1.3279818,-1.0751072,-0.12177187,0.8658264,-0.80455303,0.92067116,-1.0735121,-0.14027573,-0.1730798,-1.2514169,-0.09161054,2.7539082,0.20144047,-0.28990728,-0.84212977,0.719554,1.2198921,1.3149154,-0.09247885,-0.1222845
168,0.13702017,0.8538864,-0.60817546,0.18266237,0.07568353,-0.5268858,1.5888207,-0.60564995,0.4970936,0.123068534,1.0080593,-1.9890023,-1.0873061,-0.9527274,0.7796389,-0.06610553,0.46270633,0.3925689,-1.4471558,0.7225163,-1.4995793,-1.5810637,1.3973473,1.391494,1.3802412,-0.16481125,1.9229149,0.4736206,0.8388217,0.42138106,-0.9406564,0.51138246
169,0.49576738,1.2945671,-0.48993862,0.19456367,0.31220067,-0.60125595,1.801783,-0.53180337,0.7010136,0.40001836,1.32831,-1.8465378,-0.96688825,-1.0514549,0.4744836,-0.26309857,0.6740016,0.40489757,-1.3304143,0.7772114,-1.5441405,-1.4007064,1.0249978,0.91145146,1.2296873,-0.153093,2.1737113,0.6385958,0.8713998,0.46452224,-0.57580113,0.33615193
170,-0.75085,0.19234578,-0.49803868,-2.1994693,-0.463897,-0.4344594,0.010211647,1.9846385,1.5950223,0.49918932,0.21043883,1.1745677,-1.6363366,-0.8107572,-0.32721475,-0.29759288,-0.5192142,1.2246168,-1.1465993,0.042756144,-0.18425836,-0.9039768,-0.77551776,1.6341974,-0.45548338,0.20435114,-1.6441424,0.6821758,0.87179774,1.2214888,0.72100264,-0.36869532
171,0.99833584,0.379624,-0.62832713,-0.41261312,0.17947245,-0.30703247,2.2861102,-0.30396292,0.8144587,0.369277,1.5371552,-1.7199135,-0.9045703,-0.74274635,0.021509117,-0.33538038,0.6134006,-0.22207154,-1.4897658,1.2423586,-1.6815066,-1.1276284,0.8444657,0.4264536,0.94594824,0.07483133,2.0679939,0.7689069,0.90347075,0.08109613,-0.8016596,0.19330922
172,1.0504367,0.30357185,-0.5829811,-0.49131757,0.27771953,-0.3260412,2.3352082,-0.19647396,0.9824129,0.35604626,1.7321076,-1.6501819,-0.9181625,-0.87059367,-0.16762616,-0.52488166,0.6176912,-0.19611223,-1.3850275,1.2335016,-1.6310222,-0.8859941,0.7053014,0.221825,0.8361719,0.24188803,2.0364704,0.82175076,1.0299044,0.1698501,-0.6174549,0.10290135
173,-1.010601,-0.7164057,-0.68378735,-0.01525987,-1.2068934,0.027527481,-0.24290039,-0.3409724,0.060451806,-0.9362845,-0.93054724,-1.5076379,-0.8769973,-0.26261127,0.90826464,1.4667526,-0.7941041,0.7637399,-1.05013,0.3646783,-0.48604217,-1.3782713,1.4768708,2.7984314,0.91125613,-0.5725471,0.18504533,0.2820956,0.4157272,0.60958254,-1.3999299,0.78025305
174,-0.9819244,-0.7985487,-0.8316938,-0.70940566,-1.5865489,0.056181956,-0.25664592,0.092508644,0.26410976,-0.98462677,-1.4570235,-0.6370695,-0.85680026,-0.32829306,-0.00060714263,1.5803996,-0.6133315,0.45034963,-0.8331708,-0.0878673,-0.47505885,-1.4458834,0.9527953,3.0503106,0.52436656,-0.12304314,0.006134074,0.22997476,0.5838488,0.86063,-1.4246355,0.4172709
175,-0.12225652,-0.14501081,-0.9020132,-0.1911308,-0.49166462,-0.066823676,1.398449,-0.32922596,0.20120865,-0.3913535,0.7009544,-2.04823,-1.0901195,-0.73528785,0.8843291,0.042392433,0.037920117,0.34925967,-1.5781647,0.8377974,-1.4759301,-1.4285362,1.716803,1.8432239,1.243677,-0.14107403,1.4709904,0.25016707,0.81371623,0.15537398,-1.5028334,0.27956474
176,-1.1781094,-0.46012735,-0.635003,-2.0719683,-1.1478399,-0.15629256,0.02304805,1.2534664,1.0931004,-0.3365422,-0.4475223,0.56833714,-1.4543451,-0.7326963,-0.14601952,0.57873255,-0.7902168,1.0853448,-1.079282,0.061561987,-0.28622562,-1.5195192,0.19387917,2.689479,0.02177144,0.25719458,-1.0507721,0.42129028,0.81090325,1.1430264,-0.3343236,0.025137013
177,0.074125655,-0.14757587,-0.95190144,-0.18700324,-0.34580877,-0.13143449,1.5981044,-0.5116387,0.22695675,-0.17135985,0.8607654,-1.9557275,-1.0488504,-0.73233503,0.9259417,0.017237458,0.2531516,0.24491322,-1.6059235,0.878805,-1.5777699,-1.4414316,1.600596,1.6174428,1.3317082,-0.1315685,1.618117,0.33853003,0.78697664,0.17716017,-1.4358835,0.26052952
178,0.08775507,-0.10336323,-0.901011,-0.20101506,-0.2826439,-0.12522013,1.6534357,-0.37082502,0.30308047,-0.1887458,0.9804283,-2.0291564,-1.0549632,-0.7742774,0.90330917,-0.07921531,0.2279019,0.25393182,-1.5840564,0.93215466,-1.6069235,-1.3867059,1.5202322,1.527041,1.2715521,-0.030292256,1.6848814,0.30099022,0.8790902,0.26855847,-1.3359618,0.18712124
179,-1.0440995,-0.21738599,-0.6473982,-2.180647,-0.9174924,-0.30777344,0.04366004,1.562242,1.3529679,-0.015619269,-0.21277378,0.89093494,-1.5292258,-0.7803448,-0.18535922,0.27170646,-0.7162376,1.1713399,-1.1791595,0.08741148,-0.27920264,-1.3059566,-0.23326209,2.3644283,-0.17934296,0.20993233,-1.3171066,0.48961702,0.8522035,1.2658812,0.03633463,-0.08479209
180,0.27855462,0.06492438,-0.84923464,-0.19283946,-0.13843748,-0.23362854,1.8075994,-0.38086802,0.38780126,0.016117036,1.1431768,-1.9616547,-1.0173625,-0.8013994,0.80767494,-0.18924227,0.3787532,0.17221718,-1.5782161,0.9736933,-1.7139468,-1.3886617,1.3956519,1.3065733,1.2637713,-0.020619089,1.7992681,0.37575242,0.90923274,0.27368447,-1.2085153,0.201964
181,0.5548811,0.19354656,-0.7873746,-0.27034724,-0.0064519285,-0.24913894,1.9967902,-0.37181556,0.55983114,0.095326304,1.3669094,-1.9106615,-0.9687866,-0.79432523,0.54332215,-0.2574623,0.45119694,0.09661004,-1.5478029,1.1009325,-1.7185218,-1.2753173,1.1778148,0.9701989,1.2003454,0.052781325,1.974114,0.49854264,0.9132849,0.26523614,-1.0528741,0.15017116
182,-0.72285473,0.3053102,-0.4630847,-2.2528226,-0.37544873,-0.4137872,0.13612904,2.0436642,1.6500002,0.56009156,0.36268437,1.2802004,-1.6236948,-0.74407804,-0.3328987,-0.4361292,-0.5770118,1.2308475,-1.1107992,0.0561115,-0.020722425,-0.80018646,-0.8939621,1.3740658,-0.49496537,0.21299548,-1.632322,0.70464045,0.78446954,1.1724687,0.823809,-0.3990151
183,1.1157427,0.2660726,-0.60433316,-0.45249963,0.16791342,-0.22567998,2.2815015,-0.28057688,0.9746785,0.38364774,1.6652416,-1.6640993,-0.836805,-0.787511,-0.1258199,-0.40908748,0.57394,-0.23768723,-1.4591993,1.2374092,-1.6381183,-0.9990774,0.705016,0.32464242,0.8329546,0.11693548,2.0922115,0.8580979,0.9816353,0.033929016,-0.7269497,0.1573991
184,-0.6857495,0.4796298,-0.47005677,-2.3353288,-0.1989265,-0.4168004,0.4391446,1.9303532,1.6089014,0.77338964,0.55311614,1.5290962,-1.6625934,-0.6344595,-0.24936986,-0.6268016,-0.52476525,1.0986308,-1.1081706,0.08033952,0.115444586,-0.67741555,-1.0388641,1.0029826,-0.52024335,0.15099318,-1.6580242,0.7398239,0.6881232,1.0248091,0.94731146,-0.44033676
185,-0.8656003,-0.64816,-0.7429346,0.19845831,-1.081535,0.16827033,-0.2178459,-0.42260888,0.09888714,-0.92566,-0.83654535,-1.5953306,-0.7926396,-0.23842615,1.1359334,1.4044288,-0.76333916,0.8789831,-1.193609,0.42299163,-0.5795761,-1.4018996,1.4461898,2.7082634,0.96365225,-0.7011719,0.23974389,0.25913796,0.4603227,0.66873074,-1.3659697,0.86737627
186,-0.9569094,-0.7494708,-0.81997377,-0.56542915,-1.6058896,0.16533583,-0.4293972,0.07863456,0.4417051,-1.0787354,-1.5208986,-0.72846437,-0.8379286,-0.3618467,-0.0247317,1.6251272,-0.6165069,0.620003,-0.8332686,-0.19011976,-0.45927662,-1.4102598,0.91272116,3.0202925,0.40936345,-0.17580467,0.008589722,0.25324288,0.58216375,0.8970217,-1.2761401,0.25794667
187,0.029890236,0.030321175,-0.9084914,-0.14374013,-0.36508653,-0.0059351935,1.5551527,-0.5106476,0.26895908,-0.23597196,0.8105751,-1.9631304,-1.0073909,-0.7196398,0.8010227,-0.014232652,0.13701525,0.28271776,-1.6375685,0.89010733,-1.5189228,-1.4411336,1.5880748,1.7264539,1.3035758,-0.25044137,1.6577095,0.38413823,0.7717219,0.09555782,-1.4553024,0.37424627
188,-1.0998697,-0.30421898,-0.57889616,-2.1067703,-0.98131853,-0.1918403,-0.06919557,1.5705322,1.324692,-0.16141874,-0.30702713,0.628243,-1.4718983,-0.7936006,-0.19666226,0.45972624,-0.8673527,1.197708,-1.071604,0.023633705,-0.19045198,-1.4315234,-0.017421106,2.4873118,-0.108310394,0.2779759,-1.1798683,0.478583,0.8502428,1.1908135,-0.048767935,-0.1678061
189,-1.0463113,-0.1905478,-0.57779497,-2.150406,-0.845882,-0.26567453,-0.038594734,1.7410405,1.4713888,-0.035438582,-0.15763608,0.8068056,-1.4379351,-0.79799,-0.19851613,0.30095866,-0.87050474,1.2513015,-1.0987025,0.06711167,-0.15914321,-1.3234996,-0.22977589,2.289251,-0.21109036,0.2841518,-1.2720625,0.48744532,0.85521466,1.2603729,0.12764493,-0.22211929
190,0.3984347,0.15538047,-0.79996365,-0.21552442,-0.15347242,-0.04170756,1.8639971,-0.45213324,0.5058501,-0.027499475,1.1829367,-1.9232125,-0.89875734,-0.78002954,0.578955,-0.18141791,0.31115043,0.10334304,-1.6332287,1.0164524,-1.6356859,-1.3339337,1.2813059,1.2762278,1.176245,-0.12075158,1.9883363,0.5428401,0.919917,0.08094619,-1.2584966,0.2677353
191,-0.89583766,0.05251744,-0.4501758,-2.1146212,-0.61327904,-0.29102105,-0.116799206,2.0595896,1.6529721,0.2803126,0.10591573,0.960734,-1.5165567,-0.8069725,-0.3490927,-0.02651605,-0.823077,1.353786,-1.07169,0.068435594,-0.072966106,-1.0808582,-0.5525568,1.8428868,-0.39837238,0.25726423,-1.4879069,0.6016728,0.87880474,1.2556485,0.52372164,-0.36679876
192,0.6895482,0.20197496,-0.7269802,-0.33082163,0.0027386916,-0.13082129,2.13419,-0.38798553,0.631528,0.20378798,1.4247564,-1.8024845,-0.7793072,-0.8025903,0.38827968,-0.32570493,0.43020326,-0.0910833,-1.5688864,1.1081387,-1.704973,-1.2187569,1.0552473,0.85526407,1.0440704,0.03349879,2.1272564,0.6482233,0.96304804,0.011257643,-1.0607227,0.22908428
193,0.837424,0.2357125,-0.71591634,-0.33747032,0.11592944,-0.18238951,2.1844053,-0.4191915,0.7413225,0.21930864,1.6012568,-1.7838576,-0.78682745,-0.79362786,0.27999818,-0.38161874,0.49819586,-0.018974446,-1.5105363,1.1858469,-1.6591269,-1.0979704,0.8840573,0.596745,1.0273557,0.11014341,2.1883993,0.6863647,0.9156918,0.1446766,-0.86792785,0.099981464
194,1.6530107,0.7105924,-0.29713136,0.8391891,0.6416124,-0.07445335,0.97628605,-0.49853966,1.5801334,1.3714181,-0.35663417,-0.7122777,-1.1501284,-0.38493806,1.797998,-0.8704565,0.42821094,1.4573525,1.3147328,-0.42770335,-1.4055034,0.4692881,-0.41940746,-1.829518,-0.14980379,0.6196168,0.049499143,1.4265256,1.3182341,1.0271521,0.6593465,0.071360886
195,1.7532728,-0.7176862,-0.09763196,0.26161277,0.56808275,-0.05694115,1.4664142,-0.31231588,0.93173957,1.0738993,-0.18275581,-0.17329839,-1.2966751,-0.24041262,1.0554456,-1.0790588,0.67674816,1.2555436,1.8851544,-1.1626872,-1.5083748,0.72594833,-0.36364645,-1.9450392,-0.37620407,0.95378524,-0.24966761,1.3930556,1.4511837,0.2583673,0.1103525,0.31099764
196,1.5487095,-1.7282257,-0.07936234,-0.18192954,0.23289381,-0.13241835,1.320697,-0.45210728,0.72082275,0.6448485,-0.5185597,0.58715385,-1.4900843,0.23291565,0.22785065,-0.5543579,0.54345053,0.83406496,2.1815722,-1.4825263,-1.1286986,1.2157263,-0.5325021,-1.8291726,-0.6690701,0.50771886,-0.6447627,1.49976,0.95000213,-0.28825217,-0.06584038,0.3513169
197,-0.597816,-0.36718887,-0.7678092,0.23776299,-0.96408427,0.12980027,-0.58910954,0.3263261,0.6683456,-0.9275442,-1.3129027,-1.6470225,-1.1205666,-0.46446922,0.77003175,1.2446603,-0.6634481,0.9515945,-0.9541027,0.14276892,-0.67305076,-1.3594085,1.2692766,2.769882,1.0903519,-0.28437868,0.23953442,0.6725477,0.7106895,1.0674064,-0.8652429,0.49753582
198,-0.40211487,0.23170684,-0.68463475,0.6499345,-0.46454355,-0.049976967,-0.90130115,0.91750807,1.2753698,-0.85213315,-1.2917773,-1.7874613,-1.2728096,-1.0485053,0.79501235,0.6466712,-0.63746417,1.389138,-0.8376126,0.062174473,-0.6748116,-1.0350349,1.1471398,2.35714,1.2451638,-0.11911915,0.35900897,0.8076853,0.89249986,1.2763419,-0.06885421,0.37419766
199,-0.087162554,0.5450177,-0.7760449,0.69179785,-0.5159481,0.082449675,-0.7957372,0.831231,1.5536397,-0.5637574,-1.6198105,-1.6039442,-1.3304962,-1.1249824,0.85224384,0.7172399,-0.63295263,1.38127,-0.7972548,0.012112233,-0.56411904,-0.86917555,0.7925222,2.1085088,1.2615404,-0.15533434,0.42748654,1.1493131,0.8407637,1.471645,0.13997388,0.4348154
200,-0.14985919,0.7169364,-0.65324825,1.0847192,-0.105655506,-0.08634921,-0.9344949,0.920932,1.6909237,-0.44018984,-1.2416668,-1.8097403,-1.1114525,-1.1428488,1.087674,0.40193525,-0.66287804,1.496757,-0.9510417,0.38995486,-0.6289978,-0.79374915,0.744384,1.7622615,1.3758693,-0.21852233,0.32155362,0.8848313,0.96085006,1.6493922,0.07249339,0.63366807
201,0.17435373,0.90110385,-0.59565747,1.0149555,0.051145427,-0.06691841,-0.79717493,0.86209625,1.9864539,-0.032149266,-1.6066751,-1.5330824,-1.2817248,-1.168628,1.1095866,0.31215486,-0.58966357,1.321611,-0.77365357,0.18023133,-0.6280364,-0.5142834,0.3408069,1.4830441,1.3596178,-0.16873625,0.49180537,1.322575,0.8436132,1.8302253,0.5372088,0.49813545
202,0.73726726,1.251196,-0.72604454,1.279598,0.44424173,0.075396255,-0.72417367,0.930153,2.283401,0.33644274,-1.5256569,-1.2466384,-0.98144585,-1.0143784,1.3252501,-0.10146669,-0.33471474,1.1908717,-0.7027991,0.30894718,-0.5205396,-0.12381623,-0.23879522,0.5657214,1.2795807,-0.025062053,0.4697594,1.5986803,0.941931,1.9176291,0.8441654,0.38789028
203,0.8153456,1.51028,-0.6459703,1.5503515,0.55924296,-0.1802002,-0.60238755,0.65445375,2.1544907,0.54047465,-0.879712,-1.4936913,-0.75174093,-0.9502123,1.575437,-0.32795492,-0.29149342,1.4494294,-0.70607495,0.54098624,-0.61942506,-0.12578566,-0.14264534,0.09040895,1.2483227,-0.015216327,0.32534695,1.4206914,1.0886693,2.01191,0.6121014,0.4311336
204,1.4591578,1.5706676,-0.34772244,1.3852006,0.73230374,-0.33392435,-0.052288603,-0.10656429,1.9908035,1.2310385,-0.49033883,-0.8538708,-0.7132239,-0.66007346,1.7019507,-0.56357247,0.15894261,1.5447503,0.21048367,0.29602218,-1.1277158,0.22203547,-0.57539344,-1.0069523,0.64604515,0.28699574,0.47499606,1.364774,0.9736355,1.9331918,1.130196,0.06799695
205,1.5763035,0.6941029,-0.3505117,0.9803259,0.69645935,0.1298019,0.3774123,-0.25280687,2.0646136,1.0855684,-1.0404837,-0.19284251,-1.0484743,-0.09055263,1.6336352,-0.6527187,0.2776245,1.3777363,1.1275938,-0.21403112,-1.0899966,0.79699975,-0.9745467,-1.7256302,-0.030148778,0.29682568,0.1441763,1.7932185,0.8430911,1.1529889,1.0962327,0.107285984
206,1.2496547,0.551574,-1.958693,-0.4133419,0.68440413,-0.57474566,1.8864133,-1.271782,0.21302673,1.615679,-1.7269113,0.21007034,-0.46824574,-0.6871447,1.0502453,1.0870523,-0.0067967633,-1.0669771,1.2460802,-0.8845602,-0.5714512,0.6915105,0.79658383,-1.308521,-0.7064037,1.042237,0.5986625,0.86553055,0.92899966,-0.9083678,0.36981618,-0.656819
207,2.2076254,0.45895416,-2.0111845,-0.27364978,0.5494675,-0.26435915,1.2242074,-0.0027825078,0.5998901,1.7266656,-1.3396721,0.1501443,-0.46146148,-0.8568498,0.56750244,0.42601845,0.35688862,-0.5846729,0.0584389,-0.7308422,-0.09801336,1.0407083,0.07934238,-1.6826779,0.91298574,1.7321875,0.5657924,1.5504069,0.6655999,-1.1512377,0.70513505,-0.47355926
208,2.3706543,0.43272042,-1.7314624,-0.15393077,0.58306044,-0.31866714,0.9627339,0.22446485,0.8593548,1.4147443,-0.99541414,0.24515963,-0.5936248,-0.91752565,0.11460709,-0.13923897,0.48399723,-0.36332726,-0.24365659,-0.8927442,0.26695555,1.1830652,-0.123311035,-1.7236148,1.3858988,1.7815778,0.5307165,1.7228056,0.39692813,-1.2054396,0.8217727,-0.080659896
209,0.68334264,-0.75008297,-0.33901075,0.56247646,1.9155686,-0.100581475,1.2926646,0.5548195,-0.17399439,-1.1796888,-0.5691581,1.1488576,-0.33058864,0.003957739,0.16890574,-2.153211,1.1493781,-1.3963344,1.5243119,-1.6606839,0.39548334,1.0777464,0.07301672,-0.80640125,-0.33467314,1.2197605,-0.18216495,0.7642864,1.9030313,-0.23873806,0.19719829,0.51020736
210,-0.10632832,-1.1485356,-0.6159311,0.20275222,1.4587471,-0.65369487,1.5698643,0.8587696,-0.81837547,-0.8887674,-0.3443791,1.5964452,-0.499951,-0.17671275,-0.70425266,-1.6221186,0.9074246,-1.8498411,0.8980831,-1.3800985,1.1939908,1.2894297,-0.6891234,-0.21116859,-0.1686986,0.8045312,-0.45712247,1.086742,1.6209581,-0.256781,-0.29368064,1.0658399
211,-0.39372146,-1.2427627,-0.6252723,0.18499632,1.632901,-0.68785524,1.8535949,0.113818526,-1.0311264,-0.98017967,-0.6836894,1.4884422,-0.56578165,-0.18991838,-0.36925888,-1.0509856,0.73331785,-1.9337666,1.6311824,-1.4998851,0.589187,1.075574,-0.21804924,-0.15963432,-1.0455089,0.6762782,-0.25300607,0.5429383,1.7711036,-0.13154927,-0.3824266,0.66456103
212,-0.61122125,-0.9261846,-0.7922151,0.24125041,1.6356696,-0.59892905,2.2416732,-0.25699025,-1.2428575,-0.7758552,-0.8594195,1.2843343,-0.62528163,-0.31623748,-0.28018722,-0.40214297,0.56945276,-1.710504,2.1317582,-1.401546,0.33727592,0.7358324,0.030838415,-0.085657515,-1.4322648,0.6158959,0.19416116,0.18234213,1.8361456,0.122804575,-0.5748012,0.54826075
213,-0.89740753,-0.7750821,-0.78949124,0.22334144,1.5375683,-0.52566177,2.3504934,-0.19481783,-1.2760081,-0.64085543,-0.98534614,1.336687,-0.6347352,-0.34958994,-0.4889535,0.06581473,0.39051586,-1.5845075,2.268575,-1.2186838,0.5691673,0.6445796,-0.29980832,0.024624424,-1.4332219,0.50472176,0.5047538,0.13900135,1.7526789,0.3536986,-0.6617619,0.6463509
214,-0.9953709,-0.31001917,-0.73843926,0.18142387,1.3574132,-0.62094474,2.1893275,-1.1852508,-0.9946265,-0.37825906,-1.3291451,1.0086486,-0.41808584,-0.35589686,0.2680432,0.76350904,-0.099013224,-1.5125529,2.5490663,-1.0364991,-0.28156102,0.27278408,0.33023015,-0.06047499,-2.1701527,0.24836904,0.41831973,-0.57325435,1.5811006,0.4424579,-0.6327148,0.18585828
215,-0.56281734,0.039628416,-1.0580093,0.13040335,1.221294,-0.5418738,2.2920265,-1.6109452,-0.8236888,0.11527888,-1.3595773,0.6977562,-0.2982434,-0.45847738,0.53412575,1.0077602,-0.23257466,-1.3489687,2.515214,-1.0465566,-0.5307348,0.23911335,0.7072752,-0.27957767,-2.1434543,0.38808882,0.62818587,-0.47044808,1.4748924,0.22619489,-0.5607682,-0.016661787
216,0.10277025,0.31841692,-1.4441911,0.14811112,1.2109333,-0.18080966,2.2214327,-1.2136564,-0.4827374,0.87873775,-1.6885033,0.582977,-0.17081264,-0.50796103,0.48855844,1.4282086,-0.30996254,-1.274796,2.3516262,-0.93611133,-0.47561267,0.42469984,0.4541043,-0.6243954,-1.6062226,1.0328766,1.1366822,0.07706664,1.5153397,-0.115610264,-0.3125294,-0.22473055
217,0.42480624,0.24852015,-1.5051053,-0.19641471,0.95301557,-0.5259617,2.0727007,-1.6912886,-0.25863186,0.99154675,-1.7849298,0.45678005,-0.3247908,-0.4333667,0.7862305,1.4052259,-0.20077734,-1.272042,2.068333,-0.94012964,-0.61978745,0.59277856,0.94177574,-0.8160343,-1.7189759,0.75587213,0.7230961,0.27136558,1.1359333,-0.41805634,-0.039098643,-0.44991568
218,2.3000486,1.3021778,-1.2899808,0.1807846,0.824064,-0.46334437,0.740491,-0.0035888248,0.928606,1.4836617,-1.1336579,-0.82059497,-0.8467994,-0.7785693,0.9431016,-0.66501343,0.30496457,0.3260439,0.105153896,-0.8856093,0.38802737,0.8591866,0.05458038,-1.4147807,1.1563504,0.86345714,0.8332783,1.9574994,0.41524252,-0.43924093,1.4644665,-0.059947453
219,2.3957841,0.7862107,-1.3005569,0.09156943,0.7670459,-0.2499247,0.7475169,0.53523505,0.79977614,1.4647505,-1.0224273,-0.3677194,-0.8153469,-0.8790084,0.37914523,-0.6883578,0.4499598,0.18692294,-0.21898358,-0.8577095,0.36591345,0.9563767,-0.014251412,-1.5290914,1.6390877,1.511711,0.7978739,1.8921815,0.33987668,-0.9164619,1.188443,0.12724677
220,2.3841717,0.5863742,-1.3774817,-0.08443358,0.6439528,-0.1391231,0.955235,0.54202485,0.8298891,1.4549508,-1.0038157,-0.12357213,-0.7921927,-0.93961716,0.31922486,-0.689616,0.5587634,0.024336517,-0.33736786,-0.76305103,0.23491442,0.97337836,0.022908818,-1.7562191,1.5096337,1.7803906,0.6892608,1.6905423,0.3963415,-1.1453648,0.9592776,0.09575201
221,-0.7444218,-0.14882927,-0.61887276,0.24520005,-1.0575788,0.2225735,-0.35193452,0.4223631,0.44652167,-1.0288802,-1.0149484,-1.8040228,-1.0683302,-0.33086634,0.80001056,1.3089416,-0.83355045,0.77653915,-0.81458306,0.2684524,-0.5049306,-1.4960425,1.2375597,2.6619613,1.0038161,-0.16130382,-0.005716357,0.52517873,1.0177033,1.1102276,-1.2826303,0.6843071
222,-0.8296038,0.045101304,-0.3871446,0.47383466,-1.2815027,0.54836196,-0.68514544,0.9466887,1.0808352,-1.3230859,-1.475168,-1.3503815,-1.0111159,-0.33212167,0.46852165,1.4125334,-1.0305576,0.92741483,-0.35273033,0.16170006,-0.2794955,-1.1243291,0.9539257,2.315375,0.5760442,0.18456796,-0.51567084,0.93283117,1.2745893,1.4669132,-0.9104496,0.5315118
223,-0.1874334,0.6616077,-0.6008274,0.82911235,-0.89943796,0.33693576,-0.6403182,1.3064978,1.2362866,-0.7291958,-1.2558764,-1.6780169,-1.1728101,-0.6356115,0.58797944,1.1023946,-0.77919537,1.1848972,-0.35985056,0.132221,-0.39225546,-1.2836214,0.66290075,2.0330935,0.9128281,0.32380608,-0.106640965,1.2816422,1.5000503,1.8018976,-0.48992264,0.29404604
224,-0.24275611,0.9060845,-0.5462285,1.1504526,-0.51669985,0.4382706,-0.56758845,1.4479662,1.4066559,-0.45190847,-1.1974261,-1.7376056,-0.9421756,-0.78391564,0.80061543,0.94677466,-0.8841427,1.1286633,-0.45239648,0.36093843,-0.2504519,-1.3217478,0.19633533,1.663823,0.94169474,0.21027122,0.010767164,1.0835433,1.6603019,2.0418346,-0.47175166,0.4288997
225,0.3940762,1.4670017,-0.50411904,1.5496175,-0.075941205,0.7912613,-0.16810685,1.5153973,1.5668802,0.20781073,-1.0968543,-1.6179228,-0.92733246,-0.844346,0.82592696,0.6429407,-0.56224895,1.1353366,0.028842723,0.34403804,0.016444825,-1.082079,-0.32959428,0.69528115,1.0328863,0.7161143,0.51784897,1.4201076,1.720769,2.1986358,0.111433715,0.38666466
226,1.0652932,1.4968401,-0.6050586,1.7665623,0.70911497,0.78396124,-0.09847731,1.112181,1.8825644,0.462594,-1.2689556,-1.1404088,-0.7622286,-0.56358016,1.0667945,0.08644365,-0.2701994,0.91787165,0.37255523,0.3086686,0.10998729,-0.44861603,-1.0648695,-0.42286775,0.6675564,0.4320792,0.8696564,1.5155758,1.3692575,2.166552,0.9524365,0.13061169
227,1.4961323,1.906196,-0.6829387,1.4552482,0.7891916,0.43343782,0.31351456,0.4758877,1.4949017,0.9316787,-1.0462047,-1.5195676,-0.6091104,-0.832044,1.384678,-0.1469984,-0.29058763,0.9568842,0.4062588,0.06650942,0.32321912,-0.35400265,-0.67276865,-0.79980356,0.83776736,0.32041195,1.0627369,1.4740475,1.1482351,1.7941916,1.1280926,0.10440749
228,1.76907,1.9915433,-0.9281768,0.9720942,1.0139863,0.13495275,0.6511405,0.047982134,1.1006823,1.3313347,-1.1936219,-1.1990536,-0.38132632,-0.8387732,1.2918724,-0.17152472,-0.28322947,0.61947405,0.70398563,-0.43419638,0.50487816,0.2680191,-0.581267,-1.0391011,0.8364122,0.49506146,1.3603374,1.6460016,0.87275386,1.016421,1.478053,-0.06718821
229,2.0883372,1.432767,-1.1575359,0.45757994,0.8900075,-0.13968684,0.68958366,-0.74942356,1.272517,1.2441591,-1.6842571,-0.7588587,-0.38910836,-0.3968348,1.6248384,-0.1419077,-0.2803665,0.34030384,0.70375687,-0.49325502,0.57512563,0.8259344,-0.2010313,-1.6080971,0.32513115,0.3222732,0.9286143,1.7506306,0.4505474,0.3282794,1.4473169,-0.027186543
230,0.5629029,-0.15304177,-1.5215547,0.6692397,1.0658333,2.0795908,1.3590976,-0.91008353,1.0919652,0.8730502,0.8946635,-0.98168087,0.5500585,-1.9142296,1.4803284,-1.5102508,0.61527234,0.40847775,-1.2626822,-0.23891822,0.52331686,-0.15373968,0.032913025,-1.027776,0.8456051,1.6430259,0.41455787,-0.56799,1.718791,0.31993744,-0.11600419,-0.009275569
231,0.67378116,-0.17070954,-1.426673,0.57083386,1.1126525,2.1389956,1.4295586,-0.9975444,1.0466875,0.8691398,0.9519341,-0.80791825,0.5912395,-1.8849427,1.3040706,-1.617995,0.7355667,0.35152566,-1.1427981,-0.3220935,0.6012372,-0.032746244,0.04472898,-1.1899776,0.7208446,1.7642444,0.39696032,-0.55598986,1.5784991,0.26138914,-0.012754983,-0.047710147
232,0.22290191,-0.88496584,-0.99235725,0.16492796,0.8017989,2.4727135,1.7943764,-1.0825053,0.49013567,0.909324,1.7244313,-0.5879996,0.79645056,-1.7988713,0.4540934,-1.7184306,0.80438375,0.23104131,-0.7923346,-0.32753715,0.6955311,-0.1274149,0.16761908,-0.49146897,0.44277084,2.0834718,0.32286134,-0.7190903,1.3917966,0.5509384,0.25239876,-0.26496878
233,1.1663356,0.81682754,-1.1560829,0.9253802,0.078872725,0.23817073,-0.22739409,-0.02936652,2.0682406,-0.014835705,0.0748284,-1.9509727,-1.2147188,-1.5382173,1.7015581,-1.1360747,0.4488995,1.0612026,-1.2162145,-0.9657464,-0.74574983,-0.4741501,0.3048425,0.356057,1.1870736,-0.3765869,-0.34331936,0.55250233,1.4898638,0.6953186,1.1317947,-0.23354892
234,0.23329681,0.16846435,-1.7166014,0.79733807,0.8169111,1.6265123,1.2320082,-1.1182832,1.3917261,0.57838213,0.69014955,-1.4073095,-0.1730198,-1.9968141,1.8859109,-1.5181053,0.40768814,0.70918864,-1.410751,-0.13838267,0.36508915,-0.25889382,0.21133122,-0.8728006,1.2673787,1.1019275,0.42797685,-0.427442,1.5002238,0.19804677,-0.002137811,0.14837508
235,-0.3113925,-0.7919872,1.5850431,1.1533146,-0.5837765,1.3440523,-0.31004906,0.35808265,2.24604,0.7915661,-0.9013225,-0.79698104,-2.1943524,0.26035982,0.03615717,0.19135267,-1.5433117,-0.62488353,-0.83835334,-0.8441567,-1.1950784,1.3617932,-0.14344335,-0.32104325,-0.277976,-0.22067346,-1.5954604,0.95600754,-0.04660794,0.30227047,0.746091,0.6081399
236,0.19327061,-1.101747,-0.05954814,-0.32595664,0.8618512,-1.2504104,1.985187,-1.5014849,-0.18316828,0.7055286,-0.71342385,0.55144495,-1.2012671,-0.09979168,0.26866028,0.63318384,0.048752125,-0.14129594,2.9065027,-1.4161508,-1.8790056,0.47075737,0.62868875,-0.68873644,-1.6803172,0.20484875,-0.08729732,0.52579445,1.2408929,0.16827987,-0.22103027,-0.07710688
237,0.4236944,-1.5768702,0.0006129543,-0.3747504,0.70234823,-1.1935046,1.9094563,-1.0966623,-0.05392212,0.727901,-0.40953752,0.6505303,-1.319916,-0.1563121,-0.038744632,0.3844326,0.27081499,-0.039631315,2.6953318,-1.6441443,-1.9046428,0.5384443,0.30905104,-0.873475,-1.3438305,0.40175173,-0.33040583,0.6968746,1.3362688,-0.008606996,-0.3548297,-0.099732384
238,1.0414618,-1.8742874,-0.20704046,-0.24045995,0.57833964,-0.85739523,1.7492234,-0.7434736,0.015872864,0.67729527,-0.2508302,0.7913056,-1.3043374,0.035309006,-0.22121078,0.122793,0.41377583,0.16850449,2.5386338,-1.8176354,-1.5114955,0.7261819,-0.0013778973,-1.1481466,-0.88257366,0.55042315,-0.5233212,1.1077151,1.2637161,-0.31977454,-0.37232286,0.18911594
239,2.1761122,0.688331,-0.7036869,-0.0020631384,1.6580126,-0.7427735,0.46497563,0.19700846,1.021619,-0.3699204,-0.9870595,0.87102073,-0.35873702,-0.63346076,0.13475992,-2.164828,1.0621585,-0.14066915,0.3460971,-1.2535021,0.36711186,1.1451864,0.30241016,-0.75273424,0.6115202,1.1874046,1.4901066,1.4949235,0.9928591,-0.007825091,1.2726539,0.20715216
240,1.6382964,0.3495314,-0.3188474,-0.21060807,1.758412,-1.5307972,1.0381869,-0.19089584,0.81215215,-0.29348284,-0.44987467,0.6346824,-0.8335077,-0.8429745,0.38337633,-2.2685385,1.0989212,-0.486095,0.63584816,-1.1658839,0.36709043,1.1413977,0.61213136,-0.93050265,1.0230374,1.0072839,1.238038,1.5917575,1.1137482,0.14205693,1.2321825,0.29709592
241,1.4067659,0.0014679038,-0.5064876,-0.1556786,1.8837368,-1.5494993,1.2198703,-0.11499374,0.45967323,-0.38709196,-0.6518656,0.8460469,-0.8550562,-0.7345242,0.4492004,-2.160916,1.1519909,-0.9693259,0.6859783,-1.1855627,0.43470404,1.3906038,0.5248399,-0.8118888,0.6763603,1.0077064,1.0222553,1.4975234,1.4646342,0.20341489,0.98115903,0.25033963
242,0.08831567,-0.43451467,-0.17647286,-0.059215955,1.6645449,-1.7256422,2.2180173,-1.4887093,-0.10395166,0.44180736,-1.0081118,0.7986189,-1.2686889,-0.46078956,0.5995573,0.044616066,0.1512104,-0.7388814,2.6457312,-1.1713808,-1.1256878,0.64961165,0.84932154,-0.53868127,-0.99364614,0.3327073,0.738266,0.8678708,1.4555973,0.5779927,0.3742269,0.1890172
243,0.06393665,-0.6991056,0.0701167,-0.21373372,1.3962452,-1.5724068,2.2282672,-1.3998559,-0.16007364,0.5913182,-0.7768326,0.6694936,-1.4533049,-0.39297077,0.44292095,-0.0139556825,0.105132,-0.34520766,2.7837744,-1.2929065,-1.5686518,0.6267933,0.6755584,-0.5580632,-1.1805588,0.32605568,0.51343447,0.7665676,1.3899922,0.48916396,0.2954477,0.1901466
244,0.05904615,-0.9211853,-0.0138105275,-0.2068,1.2031678,-1.3590946,2.1130114,-1.5992725,-0.36717597,0.58095765,-0.76538885,0.5296077,-1.0278747,-0.23793776,0.39472643,0.4915938,0.091905795,-0.4261797,2.7683883,-1.2593473,-1.7767559,0.42690066,1.0507693,-0.58818513,-1.6582521,0.5053377,0.29303852,0.36336315,1.4054868,0.16780367,-0.23231512,0.05087491
245,1.1317872,0.104873896,-0.54677135,-0.12169504,1.9299843,-1.7036419,1.5670677,-0.45323896,0.42093724,-0.13851105,-0.8803394,0.9515263,-0.9757594,-0.7787945,0.6186733,-1.7084564,0.916533,-1.0058792,1.1742582,-1.1895344,0.15299033,1.2713206,0.4972138,-0.7313183,0.42891777,0.81534517,1.0616697,1.5382262,1.5592027,0.50849366,0.9645161,0.27812618
246,0.89809567,0.080325276,-0.34892958,0.027128242,2.0572205,-1.810272,1.6346087,-0.2438042,0.4479429,0.09532712,-0.7391258,0.9506637,-1.089932,-0.7539628,0.47515357,-1.666384,0.73031044,-0.87342024,1.1991463,-1.09195,0.11370628,1.2597469,0.18049556,-0.67706317,0.8803082,0.6964931,1.1651335,1.7805932,1.491357,0.6122861,1.0362756,0.53584385
247,0.34871772,-0.31061023,-0.36895916,0.016202824,2.060752,-1.9060378,2.1512644,-1.2885097,-0.15788674,0.15729246,-0.9545193,0.80435073,-0.94090706,-0.73475295,0.6800193,-0.5455273,0.37298164,-1.1691991,2.093159,-1.1538235,-0.5240553,0.83438766,1.0577006,-0.5289865,-0.47727636,0.6003377,1.0376651,0.8216238,1.7065543,0.5279172,0.3879416,0.3568022
248,0.112505704,-0.72213805,-0.19223861,-0.19760093,0.88636047,-1.298563,2.0131543,-1.6975943,0.116545476,0.6927767,-0.7406764,0.59746134,-1.0787486,-0.17147593,0.22954424,0.8472601,-0.057144117,-0.22914472,2.8671207,-1.3287531,-1.8199157,0.4458336,0.59927064,-0.7230062,-1.8590281,0.04746607,0.0344187,0.60699415,1.2824374,0.2951969,-0.21488048,-0.17699628
249,0.33479014,-1.0079272,-0.21905512,-0.1883599,0.6738038,-1.2810402,1.9811783,-1.4473994,0.3592548,0.8277367,-0.45395643,0.57033855,-1.2370381,-0.25822076,-0.002406756,0.72662324,0.09367326,-0.03256852,2.6905556,-1.5386151,-1.9207927,0.44244722,0.2555869,-0.9695687,-1.5749434,0.12531288,-0.16138457,0.8364019,1.3129681,0.21523699,-0.32371312,-0.31422132
250,1.1499829,-1.2850789,-0.64508015,0.09328443,0.58467644,-0.89902765,1.6530895,-0.9963462,0.7707195,0.8532887,-0.3176229,0.8668256,-1.138331,-0.13439119,0.059493806,0.4557998,0.27829564,0.24197806,2.4491394,-1.610906,-1.3770609,0.77644914,-0.5855558,-1.4829437,-1.0533004,0.42725658,-0.49218813,1.3187493,1.4026775,0.022319287,-0.40590194,0.17767842
251,1.3543956,1.3826921,-0.92112195,1.4527466,0.96418196,0.26985866,-1.0179442,1.0983915,2.3380134,-0.21243332,-1.0556275,-0.6845137,-0.45336598,-0.89975685,0.8016949,-0.44310012,0.3292187,1.08915,-0.42094678,0.015766213,-0.70244515,-0.3757086,-0.24270889,0.37326422,1.0287817,0.40076616,1.1312494,1.2771995,1.0885175,1.5915335,1.520467,-0.2956736
252,2.0513768,1.4781897,-0.6580719,0.68739164,1.3589255,-1.062615,0.5449144,-0.19244045,1.381204,0.38724455,0.24005708,-0.44750538,-0.89178234,-1.0464964,0.4516946,-1.5928583,1.0295722,0.6563753,0.20267706,-0.34814376,-0.2345802,0.4018913,0.52634406,-0.65359265,1.0038033,0.82243705,1.7654148,1.7706728,1.0364391,1.1589956,1.4312593,-0.14254856
253,1.7448033,0.7948116,-0.70952183,0.38542205,1.6900858,-1.254377,1.2510103,-0.33760685,0.86295336,0.000750236,-0.43342865,0.326787,-0.92535347,-0.96981275,0.7554524,-1.8467488,1.1000359,-0.4442471,0.74614537,-0.9320335,-0.047947757,0.82534397,0.67702097,-0.7816919,0.6478929,0.9784285,1.3585037,1.6657182,1.578967,0.9613864,1.288899,-0.17570652
254,0.33801994,-0.1633756,-0.26681405,0.15159813,1.7533778,-1.5832766,2.0510416,-1.5554594,0.17707147,0.48342904,-1.0701183,0.6010937,-1.0434217,-0.5515432,0.71222264,0.20653982,0.10768091,-0.7276196,2.6111126,-1.060007,-1.1360313,0.6304352,0.9710204,-0.57575685,-1.0619231,0.3397108,0.9219549,0.89661837,1.6306715,0.7644928,0.4615932,-0.018692687
255,0.04221,-0.2974323,-0.03308227,0.06824243,1.5344455,-1.5626233,2.1090593,-1.5856476,0.1403814,0.6174542,-0.87099075,0.5856838,-1.1179518,-0.43659824,0.48479354,0.37522793,-0.12417112,-0.44410214,2.800679,-1.1601409,-1.5538338,0.5262539,0.7310597,-0.5057678,-1.3172754,0.14626911,0.71462286,0.79074514,1.5372247,0.7551376,0.2775099,0.007549947
256,0.17551203,-0.14846109,-0.24789019,0.025449917,1.1478142,-1.197712,2.2941146,-1.7960347,-0.21954381,0.88143975,-0.5477256,0.08138408,-0.8744214,-0.57583004,0.60679924,0.6720564,-0.009752747,-0.19774202,2.7692032,-1.0610782,-1.8609406,-0.0023078187,1.14348,-0.51301056,-1.629146,0.46775895,0.67830706,0.26552984,1.4663199,0.62503034,-0.16618831,-0.16376351
257,1.3288468,0.66170955,-0.56744516,0.3588833,2.001551,-1.4109341,1.3350089,-0.43320075,0.91022074,0.04216547,-1.0453403,0.6167008,-0.8363883,-0.9210061,0.8714697,-1.3572255,0.8577419,-0.7999911,1.1728146,-0.818131,-0.029100833,0.98603547,0.5742111,-0.7512728,0.39432096,0.86283433,1.3228662,1.5814542,1.7052346,1.0526032,1.2329768,0.06561088
258,1.0670661,0.50472695,-0.4469919,0.35304937,2.192713,-1.6673534,1.4831368,-0.42116532,0.71318316,0.25041592,-0.9084599,0.6328383,-0.9193743,-0.861625,0.7537586,-1.3048458,0.6377323,-0.81814474,1.3058614,-0.85209656,-0.032741625,1.1023257,0.45621496,-0.6382706,0.6389303,0.6506255,1.3743858,1.7056954,1.6807369,0.95959395,1.1768777,0.29356703
259,0.54715884,0.3692033,-0.52433234,0.35643414,1.8158305,-1.6199251,2.3176577,-1.5569075,0.038054597,0.4771515,-0.56442374,0.25039923,-0.9775585,-0.96000475,0.8983392,-0.39152056,0.23507133,-0.7791248,2.1027863,-0.97405535,-0.8737529,0.30942947,1.2933222,-0.5192,-0.5613793,0.4914405,1.3224677,0.84562856,1.798272,0.99438864,0.48148757,-0.053772386
260,-0.6831764,-0.95581657,-1.2236744,-0.92846656,-1.8223188,-0.123477496,0.5972361,-0.8324201,-0.33503187,-0.25491366,-0.92027116,-0.47183996,-0.8346191,-0.11539633,0.2628715,1.3870288,-0.3365635,0.42868614,-1.1389492,-0.23369123,-0.34199598,-1.5713515,0.9004277,2.9786632,0.54942507,-0.10026655,-0.26445773,-0.05477155,0.72579944,1.2835935,-1.4940461,0.14578405
261,-0.7594887,-0.77946323,-1.0749681,-0.8530875,-1.8023182,-0.16610548,0.5411484,-0.6681365,-0.25758478,-0.4031016,-1.203198,-0.09227322,-0.833479,-0.15256967,0.14431806,1.4477978,-0.32162523,0.40172693,-1.068759,-0.2889075,-0.42602447,-1.659871,0.6977606,2.9561126,0.5611323,-0.12639773,-0.15361275,0.0262017,0.7471137,1.4224036,-1.5413357,0.3324086
262,-0.20769356,-1.0941887,-1.3959072,-1.1093526,-1.5563402,-0.005131815,0.6376516,-0.9107019,-0.023483727,0.15459055,-0.82274204,0.2426961,-0.82810813,-0.4472747,0.07339399,1.4776961,-0.043294977,0.6384024,-1.067495,-0.21647292,-0.6354622,-1.4804957,0.29692137,2.8578858,0.9947385,0.29848832,-0.39140406,-0.039237745,0.79767185,2.1160994,-0.85858154,0.26270378
263,-0.9646908,-0.85550624,-0.7462644,-0.10786013,-1.2861943,0.24470536,-0.18072425,-0.40392992,0.061822873,-0.976477,-1.0241642,-1.3884387,-0.73954964,-0.118875265,0.9003731,1.5786562,-0.7674361,0.6465003,-1.0588766,0.28547898,-0.4705472,-1.3756967,1.3845981,2.8459442,0.8491411,-0.66606176,0.10567154,0.3093193,0.3852291,0.51244545,-1.3768693,0.7833662
264,-0.71296245,-0.9053947,-1.030831,-0.8784114,-1.9248145,0.19429183,0.42837474,-0.73238254,-0.23535983,-0.5970508,-1.3194392,-0.53009725,-0.72346824,0.0399711,0.16265596,1.6473386,-0.517165,0.51425207,-1.0791732,-0.07942718,-0.26309627,-1.4015487,1.0725048,2.9240453,0.2980236,-0.24568343,0.123447105,0.16187961,0.5165808,0.84669924,-1.5669839,0.33957818
265,-1.3996944,-1.2499325,-0.7305407,0.30623928,-1.2939732,0.61740077,0.07011786,0.7111254,0.47130248,-1.0464388,0.17590311,-0.8496266,-0.48991796,-0.36077225,-0.13771647,0.6404193,-1.0272053,0.90840596,-1.08225,0.056176487,-0.7075305,-1.6877279,1.9137709,2.4001784,0.2515471,0.7759389,-0.4763021,-0.6064226,0.8402209,0.80448514,-1.6952289,0.4515313
266,0.18058649,0.8841973,-2.0570235,0.35206634,-1.3044654,-0.82751936,0.49327883,-0.4304213,1.967603,0.4126609,-1.2900534,-1.4742428,-1.6155378,-1.1964219,0.60812724,1.7792169,0.09261809,0.5470572,-1.043431,0.0010426155,0.16241586,-0.91278446,0.35928312,0.5819215,0.5110792,-0.15430471,-0.16480754,1.6387248,1.0212083,1.3425783,-0.713308,-0.42208484
267,1.4710793,2.1036234,-1.7510035,0.46875274,0.12566936,-1.5938845,0.62220746,-0.13548699,1.921466,1.5816635,-0.2539237,-0.98547804,-0.6632967,-1.7216107,0.3177473,0.7298674,0.7069731,0.46849257,-0.9300255,-0.056502912,-0.17527696,-0.16311504,-0.5828911,-1.3056585,0.39652458,0.22641954,0.31078005,1.2251827,0.8372066,0.679797,0.26204398,-0.6187964
268,2.2057936,0.8807991,-2.0638275,-0.025845218,0.15934959,-1.263676,0.78880334,-0.36791095,1.7672341,1.2122058,-0.3578347,-0.099513404,-0.6263312,-1.1212163,0.10246065,0.041362695,0.8338251,-0.13207799,-0.6321047,-0.83296806,0.7415729,0.7844895,-0.89692956,-1.7788713,0.5478057,0.5445741,0.21102928,1.9197696,0.45618516,-0.40950134,0.52860945,-0.28949854
269,-0.9616283,-0.6414138,-0.7453722,-0.13455705,-1.3024331,0.08658985,-0.28213364,-0.096192755,0.18586741,-0.9465734,-1.110682,-1.4789401,-0.96780664,-0.17544465,0.72110105,1.549941,-0.78906834,0.5681652,-0.9845022,0.2591438,-0.41642836,-1.4006019,1.2625483,2.8594575,0.8206125,-0.52241695,-0.040270977,0.3856118,0.6302564,0.7551949,-1.400035,0.67500675
270,-1.0644892,-0.789492,-0.7770634,-0.30335858,-1.4514283,0.16992292,-0.23141395,-0.1541921,0.13012035,-0.9690359,-1.2931373,-1.2683567,-0.9290034,-0.088656895,0.5882721,1.6732224,-0.85198754,0.4310092,-0.8890382,0.3048535,-0.20730203,-1.3447644,1.144231,2.8227515,0.6402066,-0.4500694,-0.05254155,0.3163334,0.5983565,0.7640869,-1.5273812,0.61727875
271,-0.946135,-0.46545646,-0.8024201,-0.23235385,-1.2606328,-0.022857219,0.22689696,-0.24827336,0.078501485,-0.7837033,-0.97634286,-1.599704,-1.2313693,-0.20213476,0.6874827,1.496345,-0.66181636,0.39895198,-1.0054829,0.52077854,-0.41690174,-1.5138685,1.3508843,2.6938977,0.86695886,-0.45619965,0.34310743,0.34331813,0.6161797,0.85149395,-1.5685203,0.6695882
272,-1.1257825,-0.7057431,-0.8517844,-0.31588045,-1.4363755,0.16952187,-0.07787671,-0.15443094,0.25498983,-0.9224763,-1.3275579,-1.2254717,-1.0395663,-0.114127606,0.5663043,1.6647887,-0.80558556,0.28904954,-0.89624685,0.41537416,-0.18375435,-1.3777616,1.0694644,2.7681813,0.66679376,-0.4129271,0.06090243,0.33207807,0.6327464,0.8852495,-1.5789558,0.57723534
273,-1.1764926,-0.6219793,-0.9427325,-0.38439894,-1.4977909,0.14325224,0.13495265,-0.14834444,0.2615487,-0.870726,-1.3988596,-1.1345508,-1.1909317,-0.111803606,0.5211721,1.600785,-0.8048996,0.18595737,-0.8344121,0.47319877,-0.02487671,-1.3634075,0.94337445,2.710869,0.670143,-0.37266824,0.08797336,0.42320502,0.6418411,1.0228882,-1.6201562,0.59779257
274,-1.06193,-0.3533912,-1.0924616,-0.12122152,-1.4396334,0.29254353,0.58641267,-0.315219,0.36519513,-0.6796294,-1.234776,-1.4678423,-1.2938213,-0.26065826,0.7491792,1.6191485,-0.6925468,0.22243617,-1.0313251,0.67995733,-0.039659716,-1.4629152,1.0462538,2.3051279,0.6545672,-0.3472449,0.4236772,0.47687528,0.7667899,1.0494847,-1.7905301,0.56998014
275,-1.0728943,-0.2436813,-1.1046684,-0.06395346,-1.3495893,0.19056371,0.6386318,-0.37635556,0.39298558,-0.635254,-1.1447556,-1.5372078,-1.2625933,-0.3458475,0.82297677,1.633184,-0.6383818,0.21973181,-1.1041051,0.6955733,-0.090659946,-1.4911922,1.101729,2.2344754,0.7184475,-0.33654612,0.48775765,0.44451007,0.76927173,1.0132623,-1.8440889,0.58644277
276,-1.0489141,-0.335311,-1.2777454,-0.099191576,-1.649587,0.21782155,0.4695942,-0.33163363,0.7510996,-0.68925923,-1.5215597,-1.2284114,-1.4545032,-0.27450433,0.6802549,1.7703042,-0.658768,0.34164512,-0.8452114,0.5565226,0.2850018,-1.3510255,0.6843355,2.1184165,0.5607153,-0.445697,0.10992915,0.7480087,0.73812836,1.4306238,-1.6061196,0.39573184
277,-0.5571249,1.064659,-1.537362,0.5745981,-0.70288956,-0.6390768,0.98834,-0.4164202,0.9968344,0.27060312,-0.7200294,-1.8404365,-1.3114467,-1.1753244,1.0225967,1.8849136,-0.090973936,0.19377266,-1.0678746,0.61074066,-0.8255959,-1.5715139,0.98154235,1.095678,0.30975154,-0.038247228,0.4996559,0.4981824,1.3863193,1.367231,-1.4819562,-0.17336604
278,-0.6355771,0.061507136,-0.98509026,0.6428779,-0.034665965,1.3126363,1.3529582,-0.09626779,0.34534281,0.65373003,0.42884722,-1.3455349,0.80565035,-2.1592758,1.5322129,-0.45683694,-0.40889573,0.37813944,-1.4736841,0.31937516,0.25431004,-1.3094413,0.42230242,0.90989196,0.926606,1.1396908,0.8326981,-0.43994266,2.6639712,0.36801237,-1.3594404,0.13132285
279,-0.21181144,-0.6874866,1.1006846,1.243853,-1.3331296,1.198747,-0.2045189,0.8684037,2.1502912,1.342449,-0.9052147,-0.56348133,-1.8913655,0.12150193,-0.6736603,0.48251966,-1.7604672,-0.05048385,-1.4063733,-0.44504303,-1.2156208,1.14048,-0.29044273,-0.076107524,-0.50655353,-0.18864389,-1.311579,1.2822139,-0.1430345,0.46103016,-0.2568037,1.0087893
280,0.41681913,-0.44831187,1.3291208,0.91032386,-1.0737313,1.3172028,0.6326906,0.11107748,2.10576,1.7107974,-0.85494816,-0.22482362,-1.8545868,0.0060747876,-0.7865424,0.5379055,-1.3334042,-0.44330406,-0.6965703,-1.0920662,-0.68746746,1.4446795,-0.93166053,-0.950595,-0.41428575,-0.29841316,-0.6673213,1.7343185,-0.2925902,0.35615608,0.6720034,0.21956193
281,-0.8842682,-0.82321155,-0.82328206,-0.33925658,-1.4464473,0.19178148,-0.21806377,-0.12840141,0.13494942,-0.94701856,-1.302177,-1.2074198,-0.97600085,-0.08014968,0.49974784,1.5995018,-0.62702495,0.5312391,-0.8731154,0.14004989,-0.48695084,-1.4807464,1.2425516,2.9283884,0.7486095,-0.3031189,0.10905863,0.4361238,0.55029905,0.75978273,-1.3682011,0.43068266
282,-1.1809865,-0.9023612,-0.7119608,0.1448922,-0.9623728,0.015016251,-0.2988721,-0.15866514,0.0184714,-0.9513552,-0.79140204,-1.6972942,-0.924861,-0.28402582,1.0177511,1.3244418,-0.851223,0.64725906,-1.1556082,0.52887917,-0.47510028,-1.3272141,1.4736878,2.6970403,0.7944186,-0.56935096,0.10041091,0.038740415,0.5370571,0.6216604,-1.4444963,0.6816504
283,-1.2226174,-0.60677856,-0.11576915,-0.18019287,-2.22644,0.70625126,-0.033306915,0.15507711,0.69135946,-0.43927148,-1.797379,-0.62860584,-1.4381357,-0.25835222,-0.5655974,1.661919,-1.2671249,0.8180912,-0.88123757,-0.15046711,-0.24785236,-0.91591465,0.9634301,2.4803786,-0.14460416,-0.28703755,-0.23147358,0.53037196,0.30840537,0.95104456,-1.1614523,0.5641971
284,-1.1040633,-0.5908075,-0.8821329,0.11751076,-0.82470775,0.5560896,0.5355091,-0.398687,-0.054034512,-0.36641708,-0.28974447,-1.728411,-0.161096,-1.0903411,1.2672169,0.8217621,-0.83501357,0.5096767,-1.5573858,0.40458146,-0.16760954,-1.3734434,1.3319321,2.5758271,0.9744045,-0.09958081,0.55417836,-0.1664466,1.4355502,0.4544239,-1.6273971,0.53939915
285,-1.1623639,-0.43519464,-0.8988792,0.18504044,-0.7301395,0.73846203,0.8224731,-0.39154914,-0.00594155,-0.22713642,-0.12545165,-1.6923033,-0.05955379,-1.2322484,1.3266053,0.5634264,-0.7741962,0.43618262,-1.5898013,0.44596207,-0.13833366,-1.4161954,1.3375394,2.4299514,0.9975676,0.08440088,0.64376926,-0.1975604,1.6113681,0.42310753,-1.6259683,0.49782568
286,-1.3102456,-0.37281355,0.04472013,-0.04884757,-2.4320095,0.8792,0.33547586,0.007951439,1.0158343,0.041310847,-1.773931,-0.370915,-1.7206217,-0.22279082,-0.6850342,1.5773898,-1.4835451,0.6218252,-1.0423955,-0.12717241,-0.28538802,-0.43204406,0.67946875,2.2178159,-0.35912734,-0.38626826,-0.37173465,0.59720236,0.11424631,1.1674219,-0.92762166,0.82551783
287,-1.1732694,-0.17844358,-0.93132406,0.3169258,-0.55832016,0.86995673,1.0579195,-0.38508773,0.06177511,-0.0061527155,-0.010034066,-1.581872,0.19827694,-1.4720876,1.3448212,0.3770838,-0.7494531,0.33080572,-1.6507406,0.48681417,0.016521446,-1.4691648,1.0973798,2.1674743,0.98611957,0.27565172,0.79816854,-0.2716698,1.8954443,0.4364929,-1.667904,0.46441227
288,-1.1958013,-0.35133433,0.4547537,0.19689691,-2.45449,1.0421607,0.5152739,-0.055017196,1.2084156,0.47268203,-1.8270975,-0.4252706,-1.920396,-0.15611832,-0.71652836,1.4800972,-1.6791036,0.4565276,-1.0646682,-0.2555087,-0.4574897,0.106939435,0.37798247,1.7707479,-0.45663702,-0.53360415,-0.4465851,0.8802145,0.03434821,1.1504614,-0.6037081,0.9589226
289,-0.8503514,-0.45341974,0.88786745,0.4987861,-2.1920035,1.33375,0.53528947,0.12523359,1.6590211,0.9499442,-1.7160718,-0.4151093,-2.1047993,-0.056979746,-0.86623764,1.3008441,-1.6726817,0.17230752,-1.0004205,-0.46550906,-0.7300154,0.64875746,-0.0045109103,0.9946176,-0.6335329,-0.4575262,-0.63405204,1.1586,-0.09494262,1.0845245,-0.18178894,0.93295246
290,0.17130437,0.85068196,-0.30446404,0.8060947,0.99724233,-0.4173819,1.845763,-1.7024506,0.8800603,1.3548505,-0.2500097,-0.92049646,-0.72357225,-0.84897774,1.7234718,-0.13278669,0.41712964,0.14022544,1.3487799,-0.77003217,-2.060346,-0.32014602,0.84674054,-1.3509039,-1.3339524,0.79552644,0.4251837,0.28084877,1.558619,0.9915544,-0.20824417,-0.95661896
291,0.4002153,-0.6383684,0.07132463,-0.07782469,0.30771226,-0.2485812,1.5798185,-1.3120608,1.2913439,0.9390349,-0.75343716,0.112295955,-1.6289968,0.07610075,0.9751563,-0.24380887,0.2184786,0.42926618,2.2200196,-1.3985096,-1.721241,0.69450307,-0.435423,-1.7332666,-1.538687,-0.07930095,-0.27440527,1.3382461,0.99150604,0.34036893,0.25551653,-0.86399907
292,1.0969131,-1.278867,-0.10814952,-0.10251752,0.23756419,-0.11360964,1.3789165,-0.90106153,1.2114078,0.71234,-0.6720254,0.50879383,-1.5123261,0.22302,0.5359695,-0.3801815,0.3229991,0.54876184,2.1517813,-1.4631621,-1.1753482,1.1021686,-0.83324397,-2.0215986,-1.1564565,0.3164175,-0.46670857,1.4687942,0.9743392,0.09061638,-0.086191185,-0.303737
293,-0.8845139,-0.5343126,-0.70643723,0.31485942,-0.8868065,0.17846502,-0.47324035,0.13195571,0.47377232,-1.0348724,-1.0460776,-1.7199613,-1.0435873,-0.3084064,0.96834546,1.2690874,-0.6936233,0.7646602,-1.0239887,0.3670609,-0.6760798,-1.3941687,1.3481795,2.7447155,1.071672,-0.4835942,0.17401436,0.46829507,0.6405049,0.9378459,-1.0779552,0.6424888
294,-1.0045717,-0.36585775,-0.67915344,0.2735092,-1.0487939,0.09972516,-0.28605628,-0.015769482,0.3907975,-0.98707527,-1.0336051,-1.7969016,-1.3557982,-0.4697446,0.927504,1.131727,-0.6942708,1.0758264,-0.8145782,0.38741112,-0.49033123,-1.36275,1.4686575,2.6363597,0.9797218,-0.38356882,0.38943788,0.5154888,0.6062572,1.1207837,-0.93019915,0.46168363
295,-1.1626029,-0.4023988,-0.80973583,0.30086944,-1.1591011,0.47200963,-0.5236772,0.5788493,0.91369116,-1.148732,-1.6910865,-1.4038924,-1.4122341,-0.4028028,0.6129409,1.2721481,-0.7954446,0.85659885,-0.7753335,0.24852908,-0.26774865,-1.2200658,0.97052586,2.4467902,0.57746506,-0.23243503,-0.081185594,0.5793361,0.8721575,1.3237058,-0.9200908,0.21690351
296,-1.0279773,-0.13866147,-0.7819338,0.5970755,-0.7916874,0.009639559,-0.2005051,0.08934305,0.56858885,-0.9647499,-0.9682035,-1.9170586,-1.4437355,-0.5670605,1.1558322,0.8878257,-0.66941506,1.0768288,-0.91307855,0.56950027,-0.5550603,-1.293124,1.5442274,2.346959,0.98998153,-0.22939117,0.42060217,0.51060945,0.78070843,1.2908673,-0.9548912,0.44524387
297,-0.96518016,0.10297211,-0.78660315,0.65084904,-0.70426166,0.26589346,-0.47092938,0.79098564,1.5625311,-0.8987323,-1.7175436,-1.5580094,-1.7186756,-0.69374186,0.99968386,0.71197337,-0.70257646,0.98859465,-0.8599024,0.40333578,-0.47443035,-0.9257336,0.8225301,2.026171,0.7898895,-0.28705096,0.03989669,0.9413534,0.9161314,1.6315633,-0.36478862,0.31739408
298,-0.5670739,0.41858214,-0.87208736,1.0373334,-0.2840814,0.51472986,-0.20056434,0.8004658,2.3705955,-0.58031666,-1.7193561,-1.4461918,-2.0001395,-0.77081054,1.2802807,0.20620835,-0.38038296,0.9719229,-0.8243844,0.48810366,-0.49661303,-0.49928075,0.24908832,0.9119684,0.71739066,-0.2849079,0.17948946,1.4720429,0.9414162,1.8203241,0.31924996,-0.015619928
299,-0.7312542,1.0770373,-0.8664336,1.0439178,-0.11020276,-0.038351823,0.7730927,-0.7335233,1.1992042,-0.002608758,-0.807273,-2.0018423,-1.416568,-1.0857598,1.9406574,0.42612633,-0.42033276,1.0169934,-0.23720597,0.4149561,-1.2408946,-1.2481966,1.4676837,0.94924724,0.28236523,0.18727607,0.97388613,0.41214475,1.3246418,1.819067,-0.48899242,-0.31862038
300,0.028206177,0.62620443,-0.1168561,0.6940879,0.086036704,-0.12004996,0.6962549,-0.17442313,2.4856749,0.5630304,-1.3796873,-0.9817445,-2.2367284,-0.6399006,1.4086995,-0.2082928,-0.0021999942,1.0868593,0.6537422,-0.058453847,-1.5720338,0.085894704,0.03763534,-0.6346052,-0.558813,-0.21639924,-0.033161532,1.7286433,0.99034756,1.8590232,1.0709816,-0.5565038
301,-0.1402591,0.21105516,0.055931035,0.36842096,0.40156385,-0.19496135,1.601566,-1.3877398,1.6876485,0.6887743,-1.5105523,-0.0993812,-1.9791203,-0.24236721,1.2663728,0.25449076,0.07333267,0.4211842,1.8019259,-0.68683904,-1.5985916,0.41478395,0.011292872,-1.3549563,-1.6940055,-0.3112957,-0.03489852,1.3932205,0.9196833,1.186635,0.75232995,-0.6829201
302,1.029516,1.8523601,-1.7998849,0.5993866,0.38077304,-0.18370618,1.2868068,-0.2593798,1.0037786,1.9928125,-1.378141,-1.0037667,-0.7498733,-1.3808379,1.4009087,1.2048697,0.45821136,-0.06630857,-0.21896453,-0.007705818,-0.52354616,-0.20522812,-0.1170665,-1.2922958,-0.007521964,1.0085715,0.78102386,1.0855283,1.1844418,0.39090294,0.6099866,-1.0548867
303,1.6779071,1.3366957,-1.9783831,0.12854542,0.54216135,-0.2700863,1.1179088,0.29688278,0.9759115,1.9967282,-1.3411739,-0.5829528,-0.23097527,-1.4033215,1.1568004,0.5694694,0.5943317,-0.21648556,-0.7179858,-0.158007,-0.083892375,0.5228302,-0.38281065,-1.7535824,0.42647514,1.5898851,0.50165474,1.0990527,1.144772,-0.46490425,0.38896263,-0.57861316
304,2.0674334,0.9690856,-1.8473977,-0.06536673,0.55799675,-0.09013641,1.1776214,0.6231296,0.996441,1.7438304,-0.99436176,-0.17399557,-0.107002355,-1.3150519,0.8637553,-0.13673191,0.6636279,-0.301626,-0.6285556,-0.28483462,0.13995467,0.7449118,-0.47353908,-1.9171255,0.8801405,2.0344567,0.4915551,1.0739152,1.1851264,-0.65963614,0.27591646,-0.2655662
305,-0.9543981,-0.56989473,-0.7489354,-0.09394596,-1.2956569,0.14840864,-0.40901446,0.1424432,0.34541693,-0.99542445,-1.2354525,-1.3964567,-0.9367832,-0.16707912,0.6216506,1.5818726,-0.80794966,0.4998898,-0.9054698,0.2321057,-0.40889868,-1.3950073,1.1276569,2.8586566,0.785747,-0.3568807,-0.13096392,0.43830597,0.7913334,0.92183316,-1.4176564,0.5962012
306,-0.98536307,-0.40423098,-0.85710937,-0.08758107,-1.29672,0.062489398,0.07401751,0.13060766,0.09847191,-0.902518,-1.023792,-1.6023936,-1.2541602,-0.16843846,0.60605186,1.4392741,-0.72318834,0.37263924,-0.8561534,0.3138608,-0.29261535,-1.5381529,1.280337,2.7186062,0.85265493,-0.19467181,0.1870554,0.5464188,0.9165854,0.9489575,-1.5573497,0.42345357
307,-1.1894329,-0.5427637,-0.9686098,0.22723942,-1.2545388,0.3056603,-0.18597788,0.42424113,0.4782632,-1.1468858,-1.281371,-1.4053106,-1.2286805,-0.12384713,0.6757263,1.528668,-0.83412516,0.26438135,-0.8827159,0.35289872,-0.12688059,-1.3531823,0.92130095,2.5224388,0.61875695,-0.28577954,-0.18806496,0.6640821,1.09223,1.1889305,-1.4807901,0.29208648
308,-1.0741954,-0.3117888,-1.034295,0.13892065,-1.3559054,0.3195341,0.15287074,0.2057908,0.24452692,-0.92623216,-1.3091948,-1.4251785,-1.3127923,-0.122425124,0.6515243,1.619829,-0.76242745,0.3390089,-0.79214036,0.40190113,-0.057838023,-1.4492875,1.019656,2.525939,0.7232647,-0.19858406,0.1612038,0.746786,0.94048905,1.1811335,-1.5395595,0.3899401
309,-1.2672983,0.18550073,-1.0583597,0.8679163,-0.9049243,0.66576684,0.251409,0.8113551,0.5676617,-0.69960403,-1.1887325,-1.6862988,-1.2793269,-0.441724,0.85965663,1.514013,-0.83012986,0.30455658,-0.73417723,0.6194991,0.1684787,-1.4296697,0.55064505,1.9661711,0.6442233,0.08043394,0.312012,0.74417216,1.4448495,1.4336027,-1.5419755,0.44132406
310,-1.1497966,-0.53042847,-0.99593556,1.0419153,-0.91626894,0.904396,-0.16989248,0.8229808,1.4115143,-1.0542488,-1.8255184,-1.0674713,-1.6666015,-0.16545627,0.84611166,1.834836,-0.75125223,0.5853124,-0.23351647,0.62638414,0.015760228,-0.7952395,-0.20245995,1.2861103,-0.13841648,-0.31537664,-0.28609627,1.1335808,1.2134858,1.9736204,-0.70289123,0.083532244
311,-0.77164525,1.3270036,-1.4441617,1.0203382,-0.43485576,0.89481467,1.1031775,-0.048577286,0.49634728,0.34605908,-1.3141074,-1.811874,-1.0508741,-1.1135969,1.5530529,1.6377233,-0.4558425,0.3408932,-0.2021405,0.47212344,-0.23912035,-1.5911765,0.58169436,0.854165,0.16638786,0.686009,1.1475847,0.39674768,1.6601454,1.3829513,-0.8628754,-0.5176577
312,0.10737488,-0.22106025,-1.0056847,1.0719024,-0.82508314,1.066743,0.30533966,0.4564599,2.1798067,0.10591305,-2.150237,-1.0395577,-1.5850523,-0.26954836,0.48064974,1.9163295,-0.7817901,0.720744,-0.20374289,0.27750376,0.28553692,-0.26986974,-0.76151353,-0.36306334,-0.58752954,-0.5943223,-0.17491938,1.982563,0.81121135,1.7141893,-0.06723274,0.054232042
313,0.40560308,0.80541664,-1.1988428,0.728867,-0.41240072,0.3718129,1.1009865,-0.9495521,1.9865814,0.8945625,-2.075126,-0.6413884,-1.3505869,-0.17852138,1.0799712,1.8152939,-0.49445763,0.37065458,0.6242505,0.14305963,-0.11146413,-0.17356601,-0.6086032,-1.3938252,-1.1785656,-0.5821152,0.28874695,1.8874717,0.49804518,1.1782415,0.46435598,-0.65219337
314,-0.59640896,-1.044809,-1.45657,-0.76917887,-1.6661239,0.026600366,0.48369288,-0.8698543,-0.09107026,-0.57620126,-1.0176495,-0.9348066,-1.0554478,-0.08983268,0.62189966,1.3206754,-0.3127668,0.36644945,-1.3241323,-0.14971524,-0.28872517,-1.4620411,1.0220726,2.8792496,0.701964,-0.47166735,-0.14137305,0.20490739,0.6152136,0.93646705,-1.3664885,0.23548512
315,-1.1615281,-0.9841746,-0.92458916,0.6741114,-0.7502947,0.13327578,-0.4883714,0.6848777,0.6647979,-1.125238,-0.43812174,-1.4536079,-0.82693416,-0.73655444,0.8425991,0.8666519,-0.75337374,0.5043874,-1.1897181,0.06482213,-0.48497579,-1.5350873,1.8298992,2.2694778,0.5530293,0.3736166,-0.81354773,-0.20424636,1.5221283,0.5478939,-1.428524,0.48090854
316,-0.29179788,-0.9486955,-1.9376733,-0.9008273,-1.5496591,0.4422202,0.9447912,-1.2023215,0.07499795,0.09394935,-0.7290858,-0.4245744,-0.9383217,-0.4076271,0.4153276,1.0151799,-0.07090139,0.936012,-1.4576684,-0.27065632,-0.14168058,-1.3620135,0.48525688,2.6575482,1.0137697,0.21327244,-0.51993257,-0.0112665845,0.60874254,2.0365334,-0.7767538,-0.13520725
317,-0.6500781,-0.81591815,-0.8192158,-0.22727174,-1.3566997,0.16332999,-0.31329498,-0.32419673,0.3033969,-0.9452837,-1.0966358,-1.6156751,-1.0732056,-0.16997239,0.84358394,1.4250416,-0.6285896,0.70178014,-1.0438137,0.012451733,-0.48951834,-1.3810878,1.3243307,2.8664913,0.9854036,-0.7650867,-0.118035235,0.5152567,0.45631948,0.5469201,-1.0258833,0.6476928
318,-0.50085187,-1.0520788,-1.1759206,-0.6399858,-1.6226044,0.10882168,0.19552422,-0.85944474,-0.056984905,-0.6673077,-1.1863375,-1.2548176,-0.9779315,0.005270897,0.5953169,1.5888722,-0.49365902,0.48111212,-1.1805362,-0.08990432,-0.3080297,-1.3956736,1.1618739,2.8434255,0.75024414,-0.688364,0.038721934,0.399345,0.44196162,0.56923413,-1.2740929,0.446431
319,-1.1213616,-1.3402995,-0.51966137,0.47975913,-1.154522,0.27226034,-0.70938617,0.83229065,0.59167,-1.3576078,-0.6934301,-1.491139,-1.1837189,-0.4453188,0.44844842,0.8390416,-0.87002206,1.0899497,-0.9694097,-0.022352116,-0.69457394,-1.4681724,1.6935793,2.252348,0.52889085,0.2765943,-0.75684214,0.14290687,1.0501482,0.49053034,-1.1522735,0.26464236
320,-0.6163869,-0.9623414,-1.3217896,-0.67338586,-1.5658915,-0.24567348,0.305603,-0.6013035,0.22475901,-0.8410766,-1.2001902,-0.7372304,-1.1980643,-0.21027516,0.73321956,1.4671215,-0.25382444,0.011801683,-1.13964,-0.17495951,-0.41147104,-1.586838,0.79196835,2.8202212,1.0814741,-0.5815417,-0.2051675,0.47393972,0.8322133,0.9393166,-1.2314383,0.3783772
321,-0.56738037,-0.910661,-0.7422967,0.69554466,-0.85087734,-0.05973385,-0.83709383,0.7689118,1.4866116,-1.2421266,-0.22644399,-1.84668,-1.3781196,-0.8605976,1.1203256,0.6862534,-0.34959465,0.7248369,-1.0809891,-0.25176778,-0.99228275,-1.1729828,1.2699976,1.8624797,1.1131608,-0.34788194,-1.1978148,0.5454144,1.5580693,0.8065641,-0.32681268,-0.10489533
322,-0.33750856,-0.35443556,-1.9357355,-0.4967721,-1.3121761,-0.5909871,0.9561078,-1.1514728,0.72075254,-0.411824,-1.1186994,-0.10563875,-1.544013,-0.65661573,1.5312017,0.715429,0.3573092,0.029654397,-1.2738874,-0.46984044,-0.33170092,-1.5141789,-0.15339242,2.0802262,1.6461962,-0.67731845,-0.51668835,0.7409463,0.88234824,1.86516,-0.5599148,0.1047586
323,-0.6224014,-0.8266941,-0.89302015,-0.56363255,-1.5932283,0.08190075,-0.12756714,-0.32254714,0.20062633,-0.815652,-1.2650971,-1.2553258,-1.0233079,-0.11139703,0.4976017,1.5954146,-0.58237493,0.48258886,-0.9484152,-0.005455859,-0.42413962,-1.4607214,1.2065997,2.9445076,0.8489702,-0.52240145,-0.060920645,0.4609666,0.55829114,0.647731,-1.2596357,0.55919075
324,-1.036514,-0.97601336,-0.79153186,0.09631189,-0.755132,-0.20739834,-0.23567554,0.064771354,0.47039604,-1.1667786,-0.4856716,-1.7203149,-1.4386765,-0.33870813,0.9328235,0.7546668,-0.4781591,0.27990687,-1.0875343,0.16725203,-0.9384665,-1.4218193,1.7848424,2.7454062,1.0648971,-0.3415366,-0.17161478,0.2134933,1.006034,0.64093983,-0.86811036,0.22889167
325,-0.84758085,-0.9719419,-0.8311508,0.38045725,-0.76527107,-0.17010882,-0.4241925,0.31879392,0.836793,-1.2313747,-0.3739976,-1.8376192,-1.504444,-0.57090306,0.9814716,0.6900002,-0.37946847,0.4920701,-1.1551278,-0.069543056,-0.9986471,-1.3844819,1.6708876,2.4814587,1.0534087,-0.35636175,-0.46314064,0.32962075,1.2521919,0.71690357,-0.6433413,0.04192388
326,-0.6858234,-0.97824776,-1.262345,-0.9305804,-1.7744913,-0.11263187,0.5801734,-0.81916624,-0.33267248,-0.30939734,-0.9665799,-0.5438951,-0.844177,-0.10196148,0.32563514,1.3602118,-0.34755194,0.39996845,-1.1466364,-0.24071431,-0.3023173,-1.5392699,0.85032594,2.9925878,0.5987718,-0.15038495,-0.2648115,-0.016411597,0.73344463,1.2824953,-1.4509561,0.1410687
327,-1.39739,-1.0835024,-0.84542924,0.30595505,-1.1242424,0.62018293,0.15477407,0.58186245,0.35709697,-0.8390365,0.21090253,-0.9344003,-0.32283708,-0.5202355,0.053040054,0.58928764,-0.89043224,0.7322077,-1.2092022,0.02755464,-0.53190935,-1.8062477,2.0145035,2.4336529,0.15341112,0.91837066,-0.4882951,-0.73974043,1.1600777,0.733249,-1.680183,0.31588402
328,-0.18719852,-1.176724,-1.5142651,-1.0977731,-1.5545998,0.19065179,0.6885247,-1.066445,-0.012036853,0.15081145,-0.68122053,0.108920716,-0.8183515,-0.47052968,0.061504215,1.3874279,-0.055696473,0.85231084,-1.1597145,-0.20636822,-0.49883687,-1.4037192,0.38703743,2.7871974,1.0003326,0.34313247,-0.44982237,-0.08313872,0.77888316,2.1781948,-0.7302682,0.1585781
329,-0.8920576,-0.9108938,-0.7510857,-0.27619222,-1.4133976,0.27484548,-0.2648272,-0.3015104,0.17979668,-1.0366237,-1.209657,-1.3798863,-0.90286016,-0.08657026,0.75575036,1.5681527,-0.6917212,0.6604268,-0.9469472,0.16708978,-0.43848515,-1.3957369,1.3312594,2.856401,0.8401288,-0.6115218,0.018027043,0.43160918,0.340437,0.49661136,-1.2399883,0.63475835
330,-0.67479825,-0.9992699,-1.132283,-0.87288547,-1.7462231,0.11430598,0.391117,-0.8343093,-0.2635037,-0.5940013,-1.1753945,-0.8113557,-0.66919225,0.048617814,0.4048126,1.5891228,-0.46543673,0.3810243,-1.1376958,-0.08578714,-0.29651242,-1.360232,0.9872736,3.036289,0.4754376,-0.44591445,0.09822553,0.19129653,0.53484714,0.8183208,-1.4238077,0.3021865
331,-1.3564363,-1.2090782,-0.6937839,0.37136784,-1.2528048,0.5459423,-0.044103023,0.76834834,0.48635638,-1.0558912,0.1168599,-0.9287281,-0.60149115,-0.32792923,-0.11957614,0.5753736,-0.99396414,0.9509554,-1.0906525,0.07739956,-0.7452061,-1.7124861,1.9323198,2.359333,0.2610734,0.8123901,-0.5173573,-0.5452739,0.8658413,0.78095037,-1.7185051,0.472545
332,-1.2651566,-0.7985743,-1.0792929,0.4695947,-0.5434073,0.04282729,-0.17176479,-0.07857046,0.22303803,-0.71987927,-0.4231918,-1.6100705,-0.738324,-0.45480943,1.517799,1.0819247,-0.5310641,0.17677234,-1.4332557,0.5761082,-0.79327166,-1.6577119,1.4504938,2.5823355,0.81036496,-0.3562935,0.21190499,-0.07301711,0.991106,0.34479663,-1.4840587,0.4594026
333,-1.1438811,-0.13166107,-1.1538979,0.7601348,-0.8237366,-0.06387274,-0.5169456,-0.35194623,0.46553463,-0.6270486,-0.65695655,-1.7519548,-1.0107265,-0.5361901,1.4105663,1.3977401,-0.569339,0.883764,-1.608468,0.55248344,-0.52946305,-1.4938964,1.029973,2.5139484,0.6326219,-1.2656852,-0.035297588,0.3636497,0.62364715,0.6621376,-0.8118481,0.40136606
334,-0.8738593,-0.17751354,-1.1708707,0.4422476,-1.4461008,0.06442496,-0.82731473,-0.34365103,0.71736807,-0.73541355,-1.1262246,-1.6432898,-1.149588,-0.55403614,0.77246517,1.5795726,-0.5887055,1.2329285,-1.4496897,0.08380652,-0.21551752,-1.332884,0.7814091,2.5447404,0.34868088,-1.0799075,-0.39957544,0.6219673,0.6008303,0.86542505,-0.6348742,0.045928113
335,-0.07997071,0.66377604,-1.5360361,1.5170723,-0.23866715,-0.47931793,-0.29905027,-0.80433834,0.9809094,0.3454106,-0.32261533,-2.128508,-1.3157213,-0.9529381,1.4594254,1.115749,-0.07862232,0.7498476,-1.8792138,-0.13875413,-0.2274794,-1.4506088,0.8201911,1.5984867,0.74576616,-1.6293353,-0.19913319,1.0759232,0.74690783,0.49809507,0.27365452,0.31882384
336,1.3619059,1.6626956,-1.1573064,0.9020625,-0.31854355,-0.45915785,-0.2305497,-0.6610643,2.1451828,0.7212435,-0.5077459,-0.7086242,-0.9687722,-1.1295072,-0.03340587,0.20659377,0.5515141,0.8256058,-1.1286002,-1.1700393,0.8334043,0.025985142,-1.0467639,-0.63826096,-0.33965868,-1.2508222,-0.4040189,1.747891,0.5286043,0.45346412,1.8261842,-0.70206255
337,-1.3596098,-0.3234945,-1.1502224,0.7551854,-0.23717529,0.9160739,-0.08096182,-0.14306244,0.48202386,-0.41435105,0.08715983,-1.5479821,0.15436408,-1.472311,1.5595629,0.5348928,-0.84421074,0.39860559,-1.4986191,0.42297077,0.03679731,-1.5762227,1.242452,2.1226335,0.78240603,0.49511608,0.25518996,-0.8080822,1.4363302,0.1930991,-1.6728399,0.727653
338,-0.19243072,0.21288227,0.403608,0.6998893,-2.164591,0.9851729,-0.4564877,-0.2558848,2.1253414,0.965417,-1.7022667,-0.54806584,-1.5625545,-0.47967896,-0.3236858,1.880655,-1.1846176,0.7123983,-1.0550284,-0.521531,-0.484948,0.059704725,-0.5066519,0.9872774,-0.48164794,-0.5454533,-1.0514836,1.1286922,0.5085899,1.6795757,-0.03896584,0.1228742
339,-0.2816848,0.5732018,-1.0529821,1.2306309,-0.03758243,0.97117805,0.29885566,-0.48193553,1.2381439,0.5363146,0.48172146,-1.425683,0.7185281,-2.4218605,1.8522598,0.10769468,-0.4755854,0.7624909,-1.5762893,0.3967221,0.33349657,-1.4707791,-0.15857394,0.67267585,1.2541242,0.21594577,0.624042,-0.1480006,2.0052285,0.31035897,-1.1071615,0.62578636
340,0.43670702,0.64989305,-0.9388381,1.2065748,0.4001635,1.137389,0.81788635,-0.44109002,1.3929008,1.1287749,0.87082446,-1.079808,0.93891335,-2.5948985,1.5682367,-0.433207,0.03514319,0.3635865,-1.1705078,0.144819,0.5893785,-1.2173765,-0.6465548,-0.6234053,1.0174553,0.76631635,0.73321694,-0.061020758,2.120842,0.04523323,-0.5844749,0.30229002
341,1.2001626,-0.23085897,-1.1583861,0.64964813,0.31497175,1.4080429,1.275179,-0.9423643,0.9862182,0.9560443,1.2926335,-1.3294067,0.31705365,-2.2174091,1.1816497,-0.6930732,0.87935555,1.10443,-0.7019936,-0.34445596,0.5891152,-0.8869299,-0.24747238,-0.8842191,1.2113482,0.9655107,1.3070114,0.6227289,1.5813543,0.114069454,0.18945007,-0.43779412
342,-0.41510507,1.0984616,-0.8679538,1.3248736,-0.02656986,0.81630844,-0.094090454,0.25404355,1.659724,0.5134568,0.093294576,-1.5994003,0.43134606,-1.9860951,1.6385342,0.19998215,-0.7410069,0.6164074,-1.5912989,0.5095654,0.34245062,-1.2617961,-0.60953194,0.7096155,1.1714094,-0.19296105,0.18347381,-0.25816232,1.9566355,0.9218249,-1.2354219,0.9704284
343,0.58681107,0.7864932,0.34170014,0.19716953,-2.0409586,0.736394,0.060715586,-0.65285283,2.2587578,1.3284048,-1.3683999,0.047994666,-1.3657775,-0.8337616,-0.62134993,1.6653605,-0.5577257,0.7550604,0.0710537,-0.82276595,-0.28140333,-0.25276303,-1.0731103,0.70191747,0.05902532,-0.13635552,-0.14738594,1.4370583,0.4743099,2.3286726,0.6195882,-0.42222196
344,0.0039518843,1.5905412,-0.6647413,1.3829043,0.26503026,0.88614845,0.22056092,0.46065095,1.9770985,1.0537788,0.39713117,-1.1596674,0.6958767,-2.1199608,1.3383088,-0.31617868,-0.47824344,0.48747677,-1.2305018,0.3899186,0.5724524,-0.9464472,-1.4477943,-0.39845392,0.8830537,-0.032744598,0.22957814,-0.24110316,1.932323,0.97453785,-0.7023078,0.7332979
345,0.25421,1.6956811,-0.64130634,1.2329853,0.34563997,1.0156535,0.54361856,0.33138707,1.9885092,1.113718,0.4385277,-0.9240259,0.82158446,-2.1102448,1.1619036,-0.5267096,-0.32974344,0.36474416,-0.9525177,0.2652579,0.96293014,-0.7465852,-1.7033012,-1.0507128,0.61408603,0.18820691,0.42282653,-0.22809987,1.7943908,0.76702994,-0.48592877,0.62235564
346,1.386439,0.35058212,0.2911863,1.1348633,-0.5575513,0.96293193,-1.0865043,0.27891243,2.8859751,1.090855,-0.8651779,0.36307132,-0.30083802,-0.4505161,0.52750206,0.62104714,-0.96425295,0.4301895,-0.5755925,-0.23615247,0.4485604,0.38097492,-2.191631,-1.2207166,-0.06495063,-0.03461959,-1.1429144,1.1320305,0.82201195,1.4352454,0.1376051,0.07131191
347,-0.09960683,0.13168201,-0.4865344,1.1032872,-0.6569282,0.2283099,-1.7926798,0.81024253,2.4544897,0.06891541,-0.9869378,-1.3187572,-0.58532506,-1.2547731,1.1416504,1.458667,-0.9564262,0.9464334,-0.9446856,0.19525194,-0.0031213884,-0.47461018,-0.82229686,1.022223,0.7214523,-0.8684876,-1.3372768,0.6052586,1.1196078,1.6057326,0.012455192,0.31110713
348,0.50606996,2.1006124,-0.502032,0.49068767,-1.5008914,-0.16515215,-0.08897105,-0.7488078,1.9181468,0.9077455,-0.6753691,-0.76214933,-1.2116003,-1.2513468,0.17437258,1.1534569,-0.1936671,1.4865049,0.032882344,-0.43112776,0.29891288,-1.0892701,-0.544882,1.0159006,1.2078806,-0.219753,0.31943062,1.7472699,0.47328508,1.9775949,0.6178973,-0.10987267
349,0.39804074,1.4791108,-0.62910616,1.3713832,-0.041803777,0.25060493,-0.8315807,0.75982213,2.518192,0.78305584,0.027053101,-1.2796478,-0.06104024,-1.8638049,1.1608845,0.4591214,-0.59563106,0.928555,-0.9122654,0.2351422,0.46341014,-0.68540245,-1.6418719,-0.12658629,0.9548545,-0.4916834,-0.35832426,0.3614743,1.5304159,1.5564129,0.10538885,0.3629804
350,0.93433756,1.7937324,-0.60361964,1.2834183,0.11242491,0.18391192,-0.21711536,0.43714485,2.5270956,1.1792479,0.19446301,-0.72435427,0.194295,-1.7568791,0.9605211,0.2114565,-0.41745925,0.5420393,-0.59038013,0.08188844,0.8331264,-0.5250175,-2.0113754,-0.9496435,0.8534924,-0.18255545,-0.073414534,0.6360363,1.4310936,1.3457935,0.324365,0.36762238
351,1.1400425,1.6667824,-0.7153727,1.1220324,0.042687815,0.30763462,0.14545625,0.38523358,2.5287194,1.1508958,0.28148755,-0.61169714,0.26274857,-1.759535,0.87236017,-0.09830668,-0.4159563,0.4394316,-0.5511163,-0.021237174,1.0498385,-0.38734412,-2.0237296,-1.2506887,0.6993559,0.06195184,0.0123453755,0.6656766,1.5078285,1.1289179,0.11755335,0.51555955
352,-0.20013928,-0.674731,1.178533,0.8864443,-1.1823841,1.1894236,-0.72539306,0.6724953,2.4250746,1.0474218,-1.1811284,-0.4475764,-1.8150157,-0.39396653,-0.3296983,1.291903,-1.3891158,-0.3575781,-1.0886003,-0.7654659,-1.3307675,0.88583905,-0.49004075,0.08634593,-0.4476378,-0.14961195,-1.4431117,1.0308135,0.28176737,0.88923264,0.15427944,0.64576226
353,0.9498018,0.08235892,0.48166445,0.60590076,-0.8850614,0.91739875,-0.5492398,0.062177446,2.959642,1.161231,-1.4277071,-0.21619089,-1.5683517,-0.52252954,0.30798492,0.8958755,-0.4643638,-0.08331451,-0.46781877,-0.8292087,-0.28221413,0.81263614,-1.3265471,-0.8819214,-0.20367245,-0.10838161,-1.2092073,1.5632677,0.45732704,1.2165428,0.88240653,-0.5089289
354,0.99655926,1.1109718,-0.95867187,0.9580554,0.4352293,1.3343674,0.52996695,-0.23092823,1.7809998,0.96193993,0.49133247,-1.4818487,0.61670613,-1.9669331,1.6193002,-0.806373,0.3717706,0.70223856,-1.0925967,-0.33418897,0.7778135,-0.109139234,-1.4718783,-1.5567688,0.5230205,0.28306648,0.25909773,0.06376351,1.6870081,0.5467682,-0.16620316,-0.079744995
355,1.1908318,0.76812875,-1.0275577,0.6747461,0.4940319,1.2993245,0.73265713,-0.18414812,1.6187416,0.8065706,0.4532444,-1.4151837,0.7307391,-2.0592117,1.4523538,-1.0329896,0.4104176,0.6130294,-1.0373383,-0.51180464,1.0436916,0.13463727,-1.4587653,-1.6301491,0.39469773,0.37092656,0.31957695,0.09920753,1.774893,0.4038278,-0.32307824,0.028480113
356,1.3550148,-0.115722224,0.21407165,0.30459976,-0.6098836,0.66955215,-0.27842388,-0.05849031,2.6121159,1.1269358,-1.2086655,0.107862,-1.4444572,-0.49246675,0.1407517,0.25560448,-0.23051968,-0.08843871,-0.30892345,-1.096929,0.4941174,1.2393014,-1.9665105,-1.5167859,-0.17613566,-0.17919773,-0.9732614,1.6834036,0.35561925,0.7312189,0.8105243,-0.5395669
357,0.63126713,-0.28995377,0.42161238,0.3591501,-0.75298804,0.600753,-0.744207,0.31197283,2.9659903,0.8009697,-1.5921546,-0.01130791,-1.7291477,-0.609025,0.43675742,0.6477387,-0.36236283,-0.3168652,-0.53294593,-1.0329995,-0.32940596,0.85525936,-1.3250421,-0.7522937,-0.09550769,-0.30539948,-1.4454309,1.5317651,0.6868419,0.9837562,0.8716773,-0.45534676
358,1.582743,2.0955615,-0.8819619,0.512711,0.76506215,-1.1197886,1.0736803,0.5300801,1.6960037,0.90986913,0.33193472,-0.85020006,-0.6462983,-2.0895445,0.13132067,-1.2736293,1.1708052,0.12724663,-0.70509404,-0.7729455,-0.25176328,-0.025664954,0.39036116,-1.1040928,0.32830322,0.8118013,-0.12586941,0.81463593,1.7336706,0.25916484,0.5799308,-0.13000971
359,0.99221826,0.68505156,-0.80109924,0.07539618,0.64234215,-1.3637179,0.16159469,0.5090952,2.1332972,0.8354219,-0.45275158,0.45674956,-1.1612756,-1.2353206,0.43670583,-0.3712523,1.2362946,-0.89056796,0.12120274,-1.3696469,0.28004828,0.77322763,-1.0127211,-0.7960005,0.6871329,0.24611863,-1.007713,1.9364424,1.2278353,-0.09263182,1.7314043,-0.6959367
360,1.1261693,0.5082092,-1.1009777,-0.06976627,0.64156854,-1.605225,0.36472723,0.71488374,1.9110743,0.9967049,-0.4651246,0.6626203,-1.0395671,-1.3994013,-0.055860694,-0.14216928,1.1047804,-0.95239866,0.06871343,-1.3856059,0.56038725,0.72863644,-1.3436795,-0.6862319,0.58748096,0.31743175,-0.95254076,1.924391,1.2415459,-0.06483714,1.3509924,-0.31245258
361,1.00331,0.11360305,-1.1815475,-0.18053174,0.73016566,-1.706115,0.5153399,0.9377013,1.6600055,0.8357979,-0.45685953,0.8895695,-0.9929575,-1.4367265,-0.3942486,-0.1562568,1.021751,-1.0301017,0.03092994,-1.4272685,0.7041601,0.9212658,-1.6003333,-0.6058627,0.48350948,0.20985103,-0.9091262,1.8778977,1.2471093,-0.28318033,1.1071872,0.045931064
362,-0.7197729,0.124329135,-0.99743956,-0.039184146,-1.4374261,-0.20728117,-1.0003753,0.5015013,1.7151425,-0.56036305,-1.4556645,-1.2313895,-1.150935,-1.082768,0.47372174,1.6229172,-0.6320156,0.7291088,-0.7511382,-0.23773727,-0.08120748,-1.1647393,0.2681182,2.3681772,0.78166676,-0.25371164,-0.6842297,0.7876745,1.1661536,1.2722592,-0.41994768,-0.16527843
363,0.22447701,1.6377583,-1.1812389,0.52713484,0.037187286,-0.91123015,1.1782494,0.060397133,0.9808765,0.22688709,0.76152784,-2.1447139,-1.151203,-1.4515296,0.3741492,-0.005903598,0.37847516,0.5787278,-1.6987782,0.51015496,-0.9920393,-1.4971389,1.1712563,1.1100625,0.98989993,-0.026542224,1.2331196,0.4133185,1.3235699,0.6113771,-0.9775746,0.32498488
364,-0.301916,0.46948567,-1.0314083,-1.0449842,-0.633775,-1.0756239,-0.44914335,1.2436595,2.2549644,0.61439407,-0.8000273,0.09854511,-1.8303047,-1.2421856,-0.15143293,0.5232803,0.24419257,0.18736835,-0.7075075,-0.80416775,0.0013119158,-0.60547835,-1.0466859,1.2835584,0.3675291,-0.036885727,-1.3921607,1.6243404,1.3331573,0.99444044,1.2292135,-1.0634452
365,0.11879609,0.83992636,-0.92406756,-1.4232217,-0.008565095,-1.2284276,0.048719928,1.0914776,2.0159972,1.3662382,-0.19325672,0.841766,-1.8004512,-1.0341947,-0.16259678,-0.15227896,0.58755445,0.12249096,-0.5080388,-0.7574561,0.33934385,-0.28565422,-1.5825816,0.2659795,0.09742005,0.20000032,-1.2880379,1.698761,1.0236331,0.5711866,1.7878135,-1.157448
366,0.087945536,0.60249424,-0.83612835,-1.7207589,0.39811388,-1.2139835,0.5878316,1.2307109,1.6306851,1.3466651,0.18417846,1.3979135,-1.8237478,-0.88841164,-0.2801881,-0.5674277,0.59175366,0.07365265,-0.42409265,-0.76507765,0.5547457,-0.10347014,-1.6708955,-0.0758398,-0.12571786,0.26922736,-1.331452,1.6068404,0.8843518,0.15590456,1.7286823,-0.85473883
367,0.42237297,1.4091867,-0.8078636,1.1822782,-0.04212744,-0.18803188,-0.95733964,0.88402265,2.2598813,0.80824393,-0.6380483,-1.4558237,-0.26631033,-1.5810735,1.2827959,0.8597024,-0.7085791,0.9033191,-0.90010685,0.50975597,0.43455565,-0.4645477,-1.359349,0.10985001,0.97984993,-0.62441295,-0.5105463,0.63419193,1.5080527,1.8462077,-0.066020444,0.5655759
368,0.367759,2.8722858,-0.6370958,0.59228235,0.17778754,-1.2103572,1.1415094,0.044120256,1.2329941,1.2627884,0.28404033,-1.5074493,-1.1850739,-1.8508804,0.093843795,0.16997044,0.22224759,0.8978996,-0.6347237,0.21628393,-0.27270043,-0.7462095,0.15434381,0.3757301,1.3656809,0.15087403,1.3250995,1.3205556,0.6893493,1.0089403,0.48740754,0.5447079
369,0.7578121,2.1489382,-0.5467113,0.9334021,0.48570257,-0.6904357,-0.7996958,0.5065989,2.57282,1.0323218,-0.39816764,-0.70608836,-0.07450883,-1.4738598,0.94104093,0.16984443,-0.4752597,0.36744466,-0.37179837,0.081963725,0.6933067,0.12166954,-1.9517863,-0.4116568,1.0753924,-0.49545282,-0.026804948,1.1498847,1.0248067,1.5803643,0.86121124,0.2530945
370,1.1200577,2.1065853,-0.6603753,0.6608669,0.46108523,-0.91501945,-0.48014706,0.21646217,2.563731,1.0095235,-0.24029134,-0.4920762,-0.07041541,-1.4941227,0.68547803,-0.11950438,-0.4584109,0.23381048,-0.2094208,-0.23446389,0.98195285,0.4519869,-2.001432,-0.7010713,0.99608487,-0.2967082,0.13396512,1.3836528,0.9072696,1.3013539,0.93465286,0.3627049
371,1.1234682,1.9654502,-0.96291906,0.2142083,0.235012,-1.2254084,0.984104,-0.47817823,1.908232,1.0125865,0.5532783,-0.12045396,-1.0292914,-1.4822267,-0.5353574,-0.44367385,-0.068457425,-0.08814329,0.29598364,-1.3435985,0.60517305,0.54141474,-1.1909311,-0.54740417,1.1483701,-0.34020734,0.48657832,2.1621945,0.4262561,0.37370956,1.4462643,0.04621173
372,-0.45832628,-0.2935902,-1.041848,-0.01978565,-1.3497691,0.09314018,-0.6182933,-0.033360466,1.2439116,-0.75309145,-1.0858302,-1.7904253,-1.3884989,-0.69578385,1.1992455,1.3040094,-0.47061422,0.6622115,-1.1592807,-0.0386561,-0.4879672,-1.1990829,0.8256881,2.453879,1.0312504,-0.93868864,-0.75578666,0.52892834,1.041332,0.99021137,-0.5773492,0.3571331
373,-0.48433113,-0.05696925,-1.0016156,0.10247436,-1.3002495,0.013906248,-0.70926505,0.058421466,1.5403874,-0.6571044,-1.0076027,-1.8224648,-1.3880177,-0.96579754,1.3570604,1.219373,-0.5160763,0.73779964,-1.1421646,-0.03549633,-0.40794423,-1.0553696,0.64819455,2.2076085,1.0473207,-1.0132946,-0.9587451,0.48687202,1.1753442,1.0918509,-0.4319068,0.36841503
374,-0.25860238,0.37587374,-1.0498536,0.3530855,-1.0836372,-0.010683259,-0.2646272,0.10801282,1.6130425,-0.3807099,-0.6019568,-2.1935673,-1.5442448,-1.286201,1.7078629,0.8339891,-0.2978223,0.96304756,-1.2726681,0.08303812,-0.605378,-1.0738254,0.74789506,1.6902004,1.2363476,-0.9926009,-0.7484,0.56196076,1.2539355,1.0389109,-0.37205648,0.43052977
375,-0.4868893,-0.2359114,-0.820836,-0.5476435,-1.9624507,0.15970665,-0.65753144,-0.23967803,1.1047618,-0.8706546,-1.5978675,-1.4249077,-1.3196378,-0.7255064,0.6144283,1.3061324,-0.6978607,1.1043613,-0.84076333,-0.44720277,0.03491425,-0.9252123,0.74746495,2.480479,0.5875915,-0.7346972,-0.80836326,0.45454314,0.89544684,1.0388821,-0.49580592,0.14308615
376,-0.14065391,-0.10005579,-1.0572363,0.031719983,-1.0976766,-0.15473354,-0.20234759,-0.26229942,1.0273403,-0.5759463,-0.6485723,-2.1848242,-1.6013713,-0.720711,1.3229815,0.9968187,-0.24851517,0.754348,-1.3876204,0.09056242,-0.7579252,-1.310198,1.1382006,2.325866,1.1966554,-1.1124543,-0.39895114,0.4889958,0.993141,0.89227223,-0.5024899,0.48999372
377,-0.7587923,0.80017,-1.5017792,1.5534676,-0.71923256,0.15566467,-0.8518111,-0.036497086,1.730144,0.19891702,-0.76494354,-1.6915314,-0.94730467,-1.1296376,1.1921146,1.200147,-0.51515704,1.0969876,-2.1102524,0.24952376,0.3484723,-0.7495306,-0.3179231,1.0447481,0.070182286,-1.7594392,-0.8492148,0.7904579,1.0101973,0.8804753,-0.15518628,0.09123297
378,0.79006845,1.503206,-1.3577497,1.518782,-0.43815196,-0.23969391,-0.25378746,-0.22752218,1.8087796,1.1849761,-0.54160404,-1.4202348,-1.3558296,-1.0789946,0.64300936,0.61845404,0.26069906,1.216947,-1.4644806,-0.58831525,0.41803285,-0.48762026,-0.57920325,-0.18721527,0.43735626,-1.5750735,-0.5705172,1.7941595,0.5469112,0.7312548,1.3365406,-0.54767466
379,1.6777475,1.4778025,-1.3543137,0.85453004,-0.38785717,-0.39698267,0.26408362,-0.48122144,1.9821007,1.0864425,-0.44167402,-0.89977086,-1.1665093,-1.2449325,0.102782644,0.1773544,0.5444082,0.8560859,-1.0606031,-1.1248007,0.8436997,0.04287006,-0.7012073,-0.9695985,0.26699832,-1.1231515,-0.15151304,1.9619535,0.36728108,0.1432971,1.4854695,-0.36693522
380,-1.1462649,-0.8578562,-0.6698657,-0.5322089,-2.0323005,0.4902356,-0.2764206,-0.18464194,0.34010956,-0.88362163,-1.3632672,-0.54820776,-0.655267,-0.27457184,-0.037237715,1.6616125,-0.93293697,0.9559138,-1.010279,0.09622204,-0.12650664,-1.349177,1.1757364,2.7770844,-0.058357656,-0.33090174,-0.26470715,0.038626414,0.40927052,0.695337,-1.4914814,0.38886157
381,-1.1376075,-0.7901968,-0.82466924,-0.37684116,-1.6092927,0.19265874,-0.01255997,-0.72794545,-0.005929167,-0.90575325,-1.1943829,-1.0139849,-0.6506111,-0.1301669,0.68065816,1.6594343,-0.81750494,0.61364114,-1.05488,0.33144566,-0.18333839,-1.3422598,1.2150898,2.8410532,0.58374363,-0.7441019,0.17701723,0.21026102,0.28025666,0.48749155,-1.5131165,0.677829
382,-1.1789931,-0.7980965,-0.81851995,-0.17127326,-1.4544649,0.14421967,-0.14086272,-0.5494062,0.088033415,-0.9348756,-1.0900483,-1.1298455,-0.66498435,-0.25942194,0.8290741,1.6746358,-0.8650615,0.6393516,-1.1402982,0.43605438,-0.24077366,-1.3730984,1.1705341,2.762837,0.665129,-0.8063257,0.12390066,0.17393339,0.3477107,0.49540403,-1.556056,0.7671185
383,-1.1784372,-0.7776365,-0.8697414,-0.09100555,-1.4580392,0.14241157,-0.21971303,-0.5270755,0.19082382,-0.90554416,-1.1231745,-1.0868894,-0.61256135,-0.29862717,0.8910789,1.709853,-0.87837464,0.66023314,-1.223598,0.497818,-0.23604219,-1.3616648,1.0999932,2.7185056,0.64825755,-0.88432014,0.037509706,0.20125425,0.38177946,0.49162418,-1.5391409,0.7681938
384,-1.0962642,-0.29265,-0.86251557,-0.2966468,-1.7941293,-0.0047339997,0.11743579,-0.8962438,0.1933646,-0.6198546,-1.1848359,-0.9185482,-0.7726844,-0.34229866,0.6778263,1.5863513,-0.83645064,0.7799807,-1.1361849,0.4424508,-0.06509567,-1.4574292,1.0543139,2.780143,0.7335062,-0.99934435,0.2149823,0.43978587,0.28340417,0.6180392,-1.4154062,0.73601663
385,-1.2557639,-0.3362097,-0.8132039,0.3463756,-1.1145337,0.077655375,-0.3717959,-0.09990075,0.6037644,-0.65569466,-0.87186486,-1.4431725,-0.55428416,-0.8008258,1.1904091,1.5186543,-1.0417866,0.680843,-1.4616381,0.69093716,-0.22502868,-1.3863512,0.78500175,2.537459,0.879874,-1.0877975,-0.08940475,0.16177383,0.6675275,0.56991446,-1.394469,0.9833816
386,-0.93365407,0.9360443,-0.91663474,0.083899304,-2.0889843,0.051786058,0.4134822,-0.6037503,0.914027,0.08984755,-1.3580391,-0.96140164,-1.2959963,-0.65968627,0.33923194,1.4083539,-0.7679671,1.0882109,-1.0798436,0.26348624,0.1356913,-1.2056028,0.48196882,2.4198797,0.6857793,-1.3110571,0.14679524,1.2687422,0.42847455,1.2596153,-0.5867488,0.5056725
387,-0.8905609,0.87101555,-1.2120554,0.9865812,-1.5532273,0.43726152,-0.54094833,-0.28469414,1.4018383,-0.22988024,-1.2975446,-1.3483553,-1.2266713,-0.63086224,0.7982685,1.40488,-0.67284,1.4874123,-1.5201783,0.3440279,0.29651564,-0.9403737,-0.009056928,1.6880193,0.1543088,-1.6547556,-0.50625443,0.94343036,0.6514844,1.4625189,-0.3657365,0.110618494
388,-0.07435883,-0.15300168,-0.9947978,0.7015637,0.2695571,1.6238511,1.4131398,-0.42196244,0.4701884,0.72271943,0.8484716,-0.9264417,1.2252686,-2.4412436,1.2230971,-0.6955902,0.032483116,0.25794595,-1.2125994,0.14076483,0.5844218,-1.1992459,0.1287545,0.11937665,0.9079684,1.4585326,1.1242461,-0.4176289,2.4544187,-0.066529885,-1.2251933,0.0056518055
389,0.5066905,-0.7750082,-1.1509992,0.13025929,0.12535791,1.6587714,1.9622866,-1.1720806,0.39292437,0.9484897,1.1471298,-0.9919462,0.3390703,-2.2296622,1.1438202,-0.6667638,0.69291306,0.86389405,-0.6783579,0.19423756,0.6601036,-1.0747757,0.22416188,-0.509341,1.4134185,1.5047233,1.4696076,0.36209726,1.6514693,-0.058589034,-0.07362094,-0.4255702
390,0.42663938,-0.06421573,-0.8044833,0.6867606,0.6606412,1.5977255,1.6231595,-0.50900763,0.55358917,1.0973378,1.0076127,-0.35505378,1.178854,-2.372655,1.1010522,-1.0932381,0.45223165,-0.011487696,-0.6456626,0.20523447,0.73079497,-1.0115601,-0.23037457,-0.9552746,0.9088095,1.8617615,1.2410917,-0.36918005,2.0935898,-0.12910615,-0.7724497,0.018124986
391,1.5307238,0.11513969,-0.3332504,1.2632626,0.9136372,1.0619833,0.13632,-0.32686263,1.4625349,-1.0325252,-0.71891606,0.2786822,-0.79729563,0.3570436,0.6487346,-2.3321064,1.2587017,0.3245568,-0.13950104,-1.2739701,0.3038029,1.330828,0.14957774,-1.8163403,-0.9384086,-0.15772225,-1.0253093,1.1426034,0.8399665,-0.4291689,0.8633428,0.4153037
392,-1.1823236,-0.58394104,-0.7083864,0.091243245,-1.0954332,0.17312953,-0.17374122,-0.41915974,0.14987773,-0.970504,-0.86433274,-1.5892876,-0.7655218,-0.31465587,1.0997915,1.5067672,-0.869087,0.7151034,-1.210706,0.50817066,-0.34136847,-1.3929927,1.2253653,2.6897635,0.8547851,-1.0040269,0.19509807,0.15300171,0.3297601,0.47869125,-1.3744657,0.9356129
393,-1.0286989,-0.36535805,-0.2033907,-0.51413995,-2.5976226,0.48518953,-0.09096548,-0.3910446,0.61072826,-0.3987404,-1.8447942,-0.38489145,-1.1679534,-0.33187127,-0.5365935,1.7025017,-1.1311916,1.0833124,-0.591534,-0.17473516,0.14373685,-1.1204244,0.74209046,2.506326,-0.120498285,-0.3411524,-0.089622594,0.50521815,0.36494103,1.07747,-1.0728042,0.14224246
394,-1.2850761,-0.20913242,-0.87061983,0.29060012,-0.82908136,0.573805,0.3679173,-0.4307407,0.23529093,-0.4226288,-0.33701968,-1.5714849,-0.0016682273,-1.1833196,1.3619624,0.8516954,-1.0033578,0.39400944,-1.610308,0.547994,0.07026383,-1.4217497,0.92621034,2.483278,1.064208,-0.55581874,0.5190895,-0.12039732,1.2640448,0.28304797,-1.7587417,0.9010133
395,-0.94340366,-0.14360252,-1.0233457,-0.36270142,-1.2497357,0.70215005,1.3805726,-1.2851025,0.032325413,-0.118589826,-0.22960435,-1.4480796,-0.34787723,-1.0363121,1.2038511,0.7109302,-0.51072896,0.5303814,-1.4608809,0.47688943,0.17241853,-1.6157554,1.32321,2.3724532,1.2368835,-0.4316853,1.0452311,0.36133155,0.7865763,0.13514867,-1.4300605,0.5989842
396,-0.8922248,-0.0787936,0.12552446,-0.2520886,-2.7534058,0.78478193,0.28482583,-0.41676342,1.1013987,0.2607194,-1.8450735,-0.33928484,-1.4175972,-0.48457393,-0.7097446,1.8406085,-1.303832,0.82144016,-0.53850293,-0.22827576,-0.008942765,-0.77673113,0.369409,2.1793277,-0.11477185,-0.41392636,-0.10146547,0.8077978,0.33267695,1.4222667,-0.74110556,0.36819416
397,-1.2676641,0.28222924,-0.8357605,0.72494495,-0.41613632,0.71190375,0.5179503,-0.059245743,0.6523668,0.057869792,-0.13727956,-1.3092173,0.30477294,-1.6823797,1.5020599,0.42245892,-0.9862981,0.21727133,-1.5614711,0.8163257,0.22698155,-1.6571536,0.445684,1.7926717,1.2713681,-0.06368542,0.6334598,-0.30236465,1.6977984,0.35038367,-1.8893753,1.0776645
398,-0.61096895,0.060344,0.6385409,0.06286406,-2.582649,1.1162285,0.70205474,-0.39709428,1.7009099,1.1863554,-1.7808526,0.15189546,-1.5206584,-0.44769934,-1.1795312,1.8338015,-1.4313879,0.21067536,-0.49106148,-0.5923111,-0.32772446,0.045664176,-0.42595327,1.2644131,-0.44280374,-0.48198467,-0.19596769,1.1186163,0.18684977,1.5356934,-0.122033484,0.3535405
399,-0.54672927,-0.24431418,1.1669264,0.654927,-1.9348898,1.3935379,0.33415666,0.17416677,1.9746422,1.4386436,-1.5318515,-0.12544018,-1.8508176,-0.091403335,-1.115502,1.4707792,-1.4879885,-0.20155115,-0.92382556,-0.5759496,-0.85390884,0.79052365,-0.4214531,0.46658126,-0.887001,-0.32648456,-0.82051736,1.1411684,0.0068961014,1.1148437,0.0656626,0.6027603
400,0.6922477,2.0385811,-1.2644421,0.7486171,0.20571089,-0.0264072,0.70946944,-0.1599326,2.119658,1.6550591,-0.46717426,-0.9430689,0.15641756,-1.7565713,1.4414388,0.429564,0.06716784,-0.015422144,-0.75346744,0.12866908,0.43704143,-0.315551,-1.5596217,-1.58666,0.14193644,0.16495119,0.17294069,0.40188113,1.5585834,1.0151691,-0.31272134,-0.35265976
401,1.283466,1.667986,-1.483226,0.37107626,0.23963031,-0.27758244,0.8374338,0.25705388,2.0347524,1.5322365,-0.34764335,-0.698536,0.21718764,-1.8649539,0.98714674,-0.1458306,0.26996413,-0.12272865,-0.9736599,-0.1791483,0.73141205,0.1582538,-1.6280667,-1.804127,0.38950187,0.6199195,0.098972,0.7123286,1.5340961,0.48961276,-0.3651993,-0.06593305
402,1.7574764,1.6709255,-1.360617,-0.19308263,0.052088644,-0.41909105,1.1889694,0.29170832,1.8305213,1.5073081,-0.17738011,-0.5713637,-0.48047796,-1.8434392,0.5162287,-0.6877885,0.5876896,0.15848652,-0.423114,-0.568584,0.470131,0.56332153,-1.130742,-1.7328058,0.82154346,1.1527736,0.44893906,1.3320503,0.9987894,-0.0044300845,0.4662795,-0.074346885
403,-1.20681,-0.6773132,-0.68167514,-0.21491215,-1.550314,0.25993624,-0.45628694,0.0073391055,0.4276415,-1.069765,-1.3970644,-1.2411968,-0.8552682,-0.23381783,0.5669459,1.724165,-1.0218158,0.60647285,-0.85667086,0.31722167,-0.019575175,-1.1910434,0.918789,2.710811,0.5004339,-0.55382663,-0.29458708,0.29388276,0.67876774,0.89370435,-1.439744,0.6287352
404,-1.0297346,-0.36367452,-0.8280879,-0.326133,-1.7624806,0.23200598,-0.12097948,-0.12449026,0.34217793,-0.8798608,-1.4620795,-1.2010257,-1.066655,-0.24980576,0.3708691,1.7142599,-0.8871502,0.6895268,-0.7506436,0.24183875,0.075580984,-1.3596748,0.9299034,2.7215838,0.55510026,-0.4633949,-0.0037435652,0.50069934,0.6637268,1.0546234,-1.413785,0.509164
405,-1.2395786,-0.22677591,-0.7578812,0.15596423,-1.1269313,0.19687374,0.013266141,0.009543796,0.45126474,-0.79072547,-0.95954067,-1.7237811,-0.93282896,-0.5702444,0.9993644,1.596053,-0.9565895,0.49620733,-1.1326988,0.62581325,-0.12805992,-1.4350601,0.9071826,2.4418948,0.79991406,-0.6581708,0.14195155,0.19817305,0.8651542,0.944521,-1.6217091,0.85900253
406,-1.2539866,0.08536542,-0.8017092,0.41543412,-0.9659534,0.32893318,0.22801156,0.1764249,0.65329653,-0.5841672,-0.8450278,-1.820396,-0.910536,-0.76860416,1.1346259,1.5381119,-0.9951482,0.41402382,-1.1375269,0.7100957,0.007038374,-1.5248045,0.6460558,2.1746254,0.8742298,-0.63288826,0.24493434,0.24515985,1.0873661,1.09295,-1.6529078,0.9582437
407,-1.0222341,0.21638235,-0.89035064,-0.024900636,-1.603762,0.103182204,0.29845402,0.005395273,0.57816964,-0.52483696,-1.3050463,-1.4550109,-1.4040837,-0.48002413,0.5773732,1.6869426,-0.81570554,0.6551746,-0.68513423,0.4826099,0.06845293,-1.5320685,0.80477875,2.4256842,0.79114723,-0.47948554,0.21090622,0.8275959,0.8200802,1.3885933,-1.2830206,0.5258036
408,-1.1207511,0.15149081,-0.863867,0.4871356,-1.0606232,0.19541751,-0.14222175,0.37033567,1.1189815,-0.5481556,-1.0531064,-1.7890723,-1.0929601,-0.8849305,1.1755868,1.6489635,-0.926968,0.55375654,-1.0227925,0.67853296,-0.02932249,-1.3403528,0.45158267,2.0088785,0.882567,-0.6457508,-0.15358885,0.47979385,1.164621,1.4031552,-1.333299,0.7040723
409,-0.10690781,1.9013944,-0.96518016,1.1633353,-0.17545815,-0.12096435,0.46625763,0.75253344,1.9243586,1.0520184,-0.47566825,-1.5642003,-0.58086586,-1.7279483,1.0490878,0.8685614,-0.30726042,0.60741305,-0.93052226,0.7083851,-0.017513748,-1.2004814,-0.6647842,-0.041704476,0.6366764,0.09014429,0.20790209,0.45903283,1.8854102,1.88672,-0.74446213,0.21856096
410,0.94502133,1.5559684,-0.86133397,0.3774915,-0.6227012,-0.008841069,0.9048287,-1.0341444,2.3883843,1.4307857,-1.065512,-0.39233366,-1.1194785,-1.0678906,1.0919276,0.9465614,0.08897278,0.33657977,0.4860083,-0.056224294,0.47259995,0.28336453,-1.0881598,-1.4607054,0.006090854,-0.59893584,0.08787349,1.8622589,0.39306384,1.3822045,1.113803,-0.46171108
411,-0.082522504,1.7207195,-0.51564544,1.2966906,0.032886595,0.7438291,-0.45310426,1.049732,2.1328921,0.8078071,-0.31742424,-1.5239158,0.056143336,-1.7061042,1.3247182,0.010064046,-0.6298895,1.0996954,-1.1750221,0.73490447,0.37200305,-0.5230118,-1.5663226,-0.1613133,0.7221482,-0.6576273,-0.008173078,0.17508206,1.4614751,1.5507168,-0.2580509,0.6363275
412,0.31731775,1.8281595,-0.5865595,1.1716642,0.0700467,0.7759573,-0.09272324,0.80145204,2.2114744,1.0589736,-0.1982679,-1.2505035,0.2286036,-1.7576098,1.3786505,-0.2914836,-0.44641757,1.043259,-0.987016,0.57712376,0.55471283,-0.40470973,-1.8604546,-0.7392474,0.7676303,-0.49442026,0.23346175,0.29762864,1.348934,1.4066677,-0.11632689,0.5681344
413,0.9556697,1.629528,-0.74385726,0.7350197,-0.34028098,-0.4178744,0.58126426,0.42337775,2.1387918,1.5634677,0.42658606,-0.64887154,-1.1227353,-1.1724911,-0.4865773,0.028035877,0.17049213,0.9103922,0.18078677,-0.50912994,0.27539715,-0.3630618,-1.3694572,-0.31989014,1.375779,-1.0243859,0.6153283,2.5804067,0.1894744,1.0981953,1.2895788,-0.21447232
414,-1.0437458,-0.3000399,-0.5489535,0.50300586,-1.085625,0.07722251,-0.63228035,0.32606697,0.7901771,-0.6804412,-1.0441998,-1.5018632,-0.7476883,-0.6613122,1.0213215,1.3584046,-1.0998617,0.9069792,-1.1161852,0.59868014,-0.41129395,-1.3509244,0.84200317,2.600945,1.0064929,-0.96980804,-0.3040131,0.4008915,0.66996217,1.0284079,-1.0963173,1.0269644
415,-0.9065591,0.27213737,-0.6626577,-0.33877876,-1.9605514,-0.044370376,0.278065,-0.6272565,0.41069427,-0.4177187,-1.2800336,-0.9938639,-1.199113,-0.47307628,0.25301993,1.3618876,-0.7310638,1.0856931,-0.6448066,0.29713672,-0.01392393,-1.5672784,1.1078861,2.7848833,0.99174213,-0.71812135,0.4120049,0.8990305,0.31610167,1.0460218,-0.98546976,0.65491027
416,-0.98064303,0.05335562,-0.6092798,0.6854584,-0.852273,0.081125334,-0.41251898,0.4657082,0.9018377,-0.40720984,-0.8639597,-1.6206628,-0.6375846,-0.85919696,1.1972417,1.1092161,-1.0559195,0.90350145,-1.2787614,0.86952937,-0.46309668,-1.4915473,0.6580442,2.36041,1.0892559,-0.879719,-0.10893288,0.2051302,0.90944684,1.2103391,-1.1950144,1.1616768
417,-0.897273,0.2839855,-0.5257379,0.8976824,-0.7526668,0.10340336,-0.6433457,0.8878775,1.2370989,-0.12931338,-0.97599494,-1.583845,-0.6563221,-0.9463317,1.1452885,0.8957987,-1.1164259,0.948905,-1.2266196,0.9218328,-0.45785955,-1.4042697,0.35773578,2.1408503,0.9817856,-0.83469886,-0.401863,0.25153944,1.0584664,1.4782113,-0.9799648,1.099727
418,-0.82049036,1.0930692,-0.5839939,-0.024394518,-1.9088323,-0.120124996,0.49706542,-0.5246817,0.8722712,0.10272622,-1.1083411,-1.0846714,-1.5536672,-0.6619003,0.22180751,1.0951153,-0.60383326,1.3563395,-0.42819345,0.40941978,0.12804452,-1.4729004,0.7184458,2.3921537,1.0761199,-0.99370164,0.61108524,1.5080171,0.24070553,1.418084,-0.266813,0.54618335
419,-0.7955084,0.82735527,-0.44632262,1.1322647,-0.3280691,0.27767122,-0.60536987,0.9794333,1.4750948,0.18054086,-0.59390706,-1.8174899,-0.41534695,-1.2570074,1.3335284,0.6421462,-1.0292294,0.9682916,-1.3312327,1.0759634,-0.27744678,-1.2782006,-0.19787337,1.5565224,1.055342,-0.815498,-0.15543269,0.069377154,1.2960608,1.560888,-0.89631647,1.1261817
420,-0.5781143,1.6142336,-0.6268079,0.25367025,-1.6862838,-0.19304737,0.5435853,-0.15270887,1.3004055,0.52497035,-0.80974376,-1.1568779,-1.6799574,-0.89231014,0.030914448,0.764807,-0.45094618,1.5500989,-0.21246259,0.30075094,0.29267082,-1.2796792,0.09772378,1.8246875,1.1008025,-1.2134775,0.7123563,1.9472672,0.2360447,1.6695496,0.31173494,0.25365487
421,-0.25564173,1.8942053,-0.71816474,0.4745258,-1.2864627,-0.11716563,0.71661335,0.02009696,1.6125406,0.94056374,-0.5768932,-1.1105156,-1.6374779,-0.9477644,-0.057023093,0.63996303,-0.30246374,1.3180345,-0.031932995,0.22811782,0.46227163,-1.0926384,-0.4927025,1.1784756,1.1907916,-1.3137534,0.8548426,2.2670577,0.2219539,1.7088943,0.67842185,0.08976086
422,-0.94503254,-0.20022504,-0.7258812,0.29961184,-1.0163343,0.19811292,-0.28882813,0.1848479,0.61672235,-0.86440045,-0.9045226,-1.8309317,-0.94867784,-0.66710544,1.1505595,1.4297268,-0.9333391,0.7036785,-1.1903812,0.44188443,-0.3860329,-1.3558664,0.95869756,2.503379,1.0151546,-0.6784927,-0.106547385,0.27613562,0.96227646,0.94738066,-1.3235655,0.9483512
423,-0.82710075,-0.19285025,-0.6567141,0.35953316,-1.2091961,0.32558528,-0.77823025,0.5983796,1.2203234,-0.9578022,-1.3105011,-1.6498005,-1.0036134,-0.7835636,1.0605197,1.4232874,-1.0439913,0.9261752,-0.93753785,0.24978387,-0.21151751,-0.98984355,0.59728307,2.2638543,0.8849495,-0.5715797,-0.634624,0.54528624,1.1283419,1.3023127,-0.9540054,0.70896894
424,-0.36128527,0.72069836,-0.97478294,0.982998,0.42277712,1.3481901,0.8523206,-0.08063292,0.66562706,0.41514003,0.26928714,-2.0645783,0.3129583,-1.9360073,1.881793,-0.35071394,-0.22489733,0.77198625,-1.3022332,0.31893876,0.38517353,-1.2719618,0.1924061,0.58338827,1.1426467,0.78565294,1.1935369,-0.2246902,2.176962,0.71104974,-1.2277879,0.55242383
425,-0.90293133,-0.59041816,-0.6907191,-0.10768743,-1.2467263,0.1207448,-0.363611,0.10279187,0.33627868,-0.9727782,-1.1061007,-1.5152956,-0.98898476,-0.25540698,0.7388997,1.5035377,-0.8029133,0.5574314,-0.96912855,0.21843706,-0.49828956,-1.3905168,1.1944834,2.8823285,0.9142408,-0.5100667,-0.13349125,0.41874528,0.73857075,0.8014603,-1.2870753,0.7167192
426,-0.93971854,-0.43037662,-0.6457186,-0.015494727,-1.2082436,0.08399227,-0.274942,0.08305846,0.3213065,-0.94070435,-0.99796575,-1.630125,-0.9910847,-0.3456929,0.80547875,1.5340414,-0.8759077,0.63492143,-1.0019659,0.3491178,-0.4363717,-1.4165899,1.1751915,2.781908,0.920992,-0.5978012,-0.08244912,0.35405993,0.75911564,0.844051,-1.3340427,0.8419061
427,-0.8628312,-0.49326733,-0.76579714,-0.11943134,-1.5007722,0.25308147,-0.5206762,0.16697893,0.67072505,-1.0428329,-1.4039795,-1.4352487,-1.0003053,-0.44083956,0.71608967,1.5572469,-0.9003191,0.7677333,-0.93182015,0.1034121,-0.23981555,-1.182657,0.946977,2.6966279,0.7922142,-0.47633895,-0.3545745,0.5188432,0.8366637,0.973268,-1.1870227,0.6021894
428,-0.44681415,0.07007867,-1.5934578,0.5034975,-0.055055756,1.5412123,0.84350294,-0.511839,0.9113188,0.201468,0.2526221,-1.7629547,-0.04452265,-2.1020646,1.7589653,-0.5569586,-0.34272268,0.9882305,-1.6552582,0.09185385,0.4155762,-1.0330346,0.7761258,0.9344189,1.2624891,0.98425215,0.4001521,-0.5970248,1.9264836,0.5964269,-0.99109775,0.51098907
429,-0.64447594,-0.7967725,1.221273,0.82614154,-1.2789851,1.1567718,-0.57568514,0.2790823,2.0825946,0.43074074,-1.3605479,-1.1836443,-2.1251662,-0.23294182,0.008050565,1.272832,-1.6132704,-0.28028524,-0.95505494,-0.79175323,-1.0092146,0.73229074,0.197254,0.7195101,-0.29401866,-0.32648188,-1.5775602,0.8602614,0.19480413,0.7182763,0.07638155,0.7243606
430,-0.11719762,-0.23506403,-1.1668608,0.52856797,0.58073497,2.32982,1.5219212,-0.8282909,0.69365007,0.8196903,1.3783084,-0.90853363,0.9441885,-2.0355487,0.9177402,-1.4230226,0.2637738,0.48918152,-1.1750784,-0.030367753,0.5835074,-0.7174251,0.24529532,0.009193748,0.76974595,1.922433,0.6511655,-0.87930226,1.8190064,0.6446779,-0.4028047,-0.09143018
431,-0.06814352,-0.47874984,-0.94473857,-0.0061112996,-1.1147014,0.11420087,-0.46946853,-0.015289525,1.027352,-0.8887756,-0.931239,-1.9655614,-1.4313804,-0.57662445,1.2120107,0.85242164,-0.39707994,0.8266309,-1.1440895,-0.19722325,-0.77917814,-1.1972029,1.2189575,2.5767791,1.2896762,-0.7727261,-0.3793979,0.67938215,0.9338738,0.8285383,-0.4198107,0.52818674
432,-0.5660489,0.046806693,-1.3828138,0.4030897,-0.43363202,0.47712147,0.5463576,-0.7679331,0.8573884,-0.29051292,-0.21434498,-2.3274484,-1.1708066,-1.4080492,1.7779324,-0.013212068,-0.4263539,0.8771817,-1.7383158,0.086802974,-0.18298991,-1.1408646,1.2189577,1.7200109,1.5219533,-0.38707098,0.30900064,-0.15242803,1.2350264,0.606837,-0.9659655,0.8344459
433,-0.8884192,-0.89163214,1.0446508,0.64783597,-1.2455325,1.0790019,-0.7928078,0.5718918,1.9091208,-0.031521846,-1.4763228,-1.3728973,-2.2119448,-0.20319042,-0.058266807,1.0421696,-1.6885939,0.037881676,-0.9854137,-0.62552077,-0.8022274,0.38548794,0.3897893,1.2544729,-0.12284425,-0.308512,-1.48266,0.80312645,0.215723,0.63643473,-0.17565727,0.75729585
434,-0.47241995,0.35786632,-1.1298716,0.6371642,-0.31709787,0.698453,0.14514059,-0.14521477,0.96433467,-0.20720759,-0.38965657,-2.3180354,-0.55225456,-1.6045456,2.1619744,0.08058063,-0.6868121,0.7452636,-1.6355731,0.109739594,0.04145926,-1.0533472,0.73136127,1.540764,1.3782524,-0.35537413,0.14534792,-0.29133356,1.6537567,0.598782,-1.2126491,1.1348089
435,-0.56645876,-0.6711277,0.4327867,0.5394633,-1.2382594,0.88217133,-1.0228597,0.46326998,2.2560272,-0.274158,-1.7106837,-1.5221102,-1.903349,-0.5135656,0.63338584,1.1898582,-1.382384,0.28183383,-0.8288993,-0.5403382,-0.40231144,0.14009373,0.15548241,1.1907034,0.15976147,-0.5986746,-1.6483089,0.78494716,0.5602693,1.0453265,-0.12813172,0.48798513
436,-0.07315638,0.31602424,-1.2948477,0.74698615,0.6071779,1.9952569,1.2676908,-0.66827595,0.8770079,0.65488917,0.8728587,-1.2874597,0.81161606,-2.1518817,1.4669023,-1.1390431,0.1502833,0.7496995,-1.3601762,0.08008288,0.5028496,-0.8924396,0.17107326,-0.0066941087,0.9756267,1.4100981,1.044025,-0.69772696,1.9609079,0.47519875,-0.70465237,0.16572304
437,-0.2508988,-0.5819952,-0.9382851,-0.118294455,-1.2341642,0.14859535,-0.41881847,-0.06649156,0.73649424,-0.91059315,-1.0807335,-1.8150088,-1.2982774,-0.37802112,1.0379846,1.126508,-0.48740485,0.6890261,-1.1232253,-0.124518715,-0.6711995,-1.2811004,1.2556734,2.7373064,1.168798,-0.7224532,-0.33195478,0.6190187,0.8470539,0.77583116,-0.7357344,0.57991546
438,-0.57763505,0.11181113,-0.9442093,0.28150937,-0.7688369,0.03246861,0.11825733,-0.2861283,0.824966,-0.60764784,-0.5373506,-2.2598934,-1.2802413,-1.0232106,1.5910581,0.4679141,-0.63190025,0.75910056,-1.4803475,0.06809399,-0.47094226,-1.2227614,1.2890809,2.2655356,1.3457619,-0.8479651,-0.0460494,0.11428947,1.0997571,0.69524217,-0.914939,1.0411087
439,-0.6914302,-0.7633044,0.24088924,0.06429508,-1.6221472,0.8904425,-0.831422,0.2988461,1.7669543,-0.6711787,-1.9035187,-1.4706327,-1.9801729,-0.42969897,0.32455623,1.1350603,-1.3072306,0.6394739,-0.79446745,-0.637724,-0.26972887,-0.18734534,0.4980901,1.7594489,0.19146268,-0.5045604,-1.2364731,0.7441913,0.45312268,0.93644786,-0.31786406,0.38723192
440,-0.6544244,-0.3482666,-0.8400038,0.12119092,-1.1629901,0.14786643,-0.30325592,0.034927182,0.7367666,-0.8723786,-0.9936631,-1.8501846,-1.1842911,-0.6181004,1.1934763,1.3603303,-0.7490883,0.76261216,-1.2024008,0.26212615,-0.50567627,-1.2831739,1.0751408,2.531746,1.1087326,-0.8061085,-0.2631827,0.42482704,0.8948714,0.91275257,-1.0426875,0.8204963
441,-0.6211896,-0.2495607,-0.8849064,0.10719922,-1.2705747,0.17872438,-0.5429807,0.2811296,1.1351213,-0.92517585,-1.1775565,-1.800491,-1.2431936,-0.8154921,1.2501808,1.2415862,-0.761541,0.83344394,-1.0771104,0.07759199,-0.38920543,-1.0790187,0.9081473,2.3754098,1.0574638,-0.7286211,-0.633816,0.51566297,1.0975521,1.0120624,-0.79695857,0.6443519
442,-0.30525196,0.5467531,-1.3541387,0.9090275,0.5167532,1.5089076,1.0493904,-0.4664265,0.82104486,0.40780076,0.39042768,-1.9845979,0.12258664,-1.9648446,1.9466313,-0.5320627,0.0032754631,0.7164299,-1.5337973,0.17375807,0.32803875,-1.1491444,0.28149718,0.4517697,1.2025906,0.7376263,1.1168569,-0.3826883,1.9248501,0.62220484,-1.0323172,0.4933313
443,-0.7500781,-0.58046865,-0.7330932,-0.112629876,-1.2483121,0.12152432,-0.32455367,0.03807454,0.40124515,-0.94009316,-1.0676817,-1.606486,-1.0802664,-0.27691418,0.78403234,1.4543701,-0.7154931,0.5890439,-1.0271702,0.17152125,-0.5671966,-1.40787,1.2235909,2.8631833,0.9876941,-0.57158256,-0.12151737,0.46836808,0.74644923,0.80616647,-1.1836655,0.69257414
444,-0.7733483,-0.4685202,-0.72199124,-0.05755501,-1.2416918,0.061020378,-0.28746608,-0.023084823,0.4146777,-0.92293864,-0.9871589,-1.7486463,-1.1335434,-0.38300005,0.9057054,1.414765,-0.79809856,0.6789816,-1.065906,0.21125276,-0.46401915,-1.3640759,1.2173872,2.766886,0.9846831,-0.7004675,-0.20014141,0.4025119,0.78958493,0.8141039,-1.1525432,0.7921044
445,-0.6476595,-0.5884526,-0.85690707,-0.09798128,-1.4219182,0.3004367,-0.5603751,0.14033997,0.8318766,-1.0685328,-1.333309,-1.6369241,-1.1593626,-0.47508374,0.9462366,1.3723027,-0.76549,0.7450662,-1.0312629,-0.00097182894,-0.35437205,-1.1279869,1.0258747,2.6167662,0.91717756,-0.6249108,-0.53516394,0.52377826,0.8924647,0.871672,-0.9550546,0.5710831
446,0.7013561,1.239093,-0.21957016,1.2711833,1.8167422,0.6442367,1.3266251,0.17050138,1.3021237,0.061358124,-1.2942843,-0.044721484,0.21998575,-0.8084433,1.4988236,-1.1552869,0.15868676,-0.66752183,1.5146954,-0.5903848,0.08744972,0.23315397,-0.3593943,-1.4610969,-1.0731645,1.1925231,0.35604435,0.12247474,2.6149318,1.0581616,0.014951509,0.5197713
447,0.36724952,1.4109555,-0.3143481,1.1247874,1.7225647,0.56247157,1.6617558,0.04375092,1.0491245,0.3457084,-1.3576139,-0.048378922,0.35610378,-0.9997345,1.316883,-0.6923742,-0.16004145,-0.68006784,1.6175263,-0.3699623,0.38888824,0.17027032,-0.4283025,-1.3164855,-1.2381519,1.1409899,0.6598283,-0.101565756,2.6220732,1.1602175,-0.41562256,0.84414726
448,0.44497463,1.7682959,-0.49160272,0.7960531,1.4663454,0.45050025,1.6303706,-0.13109753,1.1633692,0.6990062,-1.2994033,-0.2371945,0.6554664,-1.244041,1.4826701,-0.636192,-0.3972081,-0.49670392,1.1920388,-0.07417145,0.64654577,0.10171446,-0.5214024,-1.4219829,-1.1372875,0.9460206,0.8042234,-0.4189439,2.3538198,1.0856954,-0.7284256,0.96990615
449,1.6505041,0.8589147,-0.21452223,1.4327703,1.5466571,0.7879904,0.21910685,0.97071594,1.5225698,-0.5580918,-0.70534575,0.066485494,-0.2793043,-0.09208215,0.95598966,-2.1174822,1.004634,-0.18507901,0.6945672,-1.0348723,-0.11279463,0.56987953,-0.48416612,-1.2984806,0.14786902,1.2160121,-0.009385851,1.2177469,1.9271215,0.5945244,1.2910833,-0.13206731
450,1.1843749,0.8948946,-0.04402133,1.4550941,1.6756561,1.0665369,0.91464204,1.0791966,1.2868524,-0.41725135,-0.6075046,0.053604044,0.01307505,-0.3079855,0.85448813,-2.2200625,0.8105451,-0.6131994,0.7726309,-0.8404887,0.54235375,0.49016252,-0.4586645,-1.5455701,0.06531009,1.4630035,0.05754908,0.9881543,2.2518935,0.44916177,0.57500696,0.5112063
451,1.5167328,0.5927415,-0.38058886,0.93159425,1.2526339,0.53160554,0.9010045,0.20593148,1.5877982,-0.56497884,-1.0434701,0.626615,-0.48064122,-0.3158626,0.8316821,-1.7551955,0.7120596,-0.38326877,1.368569,-1.3428236,0.008626575,1.0106827,-0.632823,-1.3688245,-0.2791617,0.7232473,0.0031523693,1.4595915,1.8497936,0.78212506,1.2678083,-0.043510184
452,-1.0931656,-0.06932692,-0.58690304,-1.4153033,0.8575915,-1.4366556,1.7484907,-0.02138495,1.0439944,0.8552043,-0.5597664,1.5685589,-2.1712604,-0.6802383,-0.10249291,0.14364646,0.16396601,-0.44411105,1.6409211,-1.0016098,-0.3207018,0.38288894,-1.2628789,-0.38834044,-1.4078572,-0.6400361,-1.3269031,1.277452,0.85621345,0.19662358,0.9997934,-0.31948254
453,-0.94986284,-0.48286155,-0.44772366,-1.5194551,0.77917945,-1.1155937,1.6569512,0.16451895,1.0546198,1.0322785,-0.40621242,1.6753279,-2.2221916,-0.5274776,-0.18845232,0.1652115,0.10064332,-0.13164157,1.661802,-1.027888,-0.48684663,0.32628912,-1.2896225,-0.51109964,-1.336712,-0.48171785,-1.587624,1.1791606,0.8495841,-0.06319431,0.93458605,-0.25320086
454,-0.39304155,-0.8738327,-0.39935455,-1.5414609,0.79666436,-0.8566076,1.5268242,0.47984588,1.0487063,0.954085,-0.000705396,1.7643708,-2.2624795,-0.35937202,-0.36590317,-0.26573136,0.23755834,0.0059134387,1.3556756,-1.2231109,-0.26864567,0.55052614,-1.2499037,-0.74536324,-1.0050175,-0.04560374,-1.7077668,1.3640664,0.9830407,-0.47609413,0.91714764,-0.23140636
455,1.562602,1.4309839,-0.3989629,0.47405398,1.3397658,-1.4301505,0.9551962,-0.0808058,1.0397545,0.26350915,0.79592407,-1.071093,-1.0154197,-1.5550236,0.23765269,-1.6157132,1.2525012,0.559186,-0.112815626,-0.23677938,-0.6059764,0.03389514,1.0946381,-0.5961713,0.6878462,1.2518638,1.6214046,0.99228185,1.5231919,1.094983,0.9647932,-0.49488032
456,1.3096972,1.2870219,-0.43205792,0.5272931,1.3911945,-1.483793,1.2337455,0.121977076,0.83540773,0.27880487,0.74556524,-1.0084859,-1.1612216,-1.591235,0.19924146,-1.6318616,1.3505027,0.13765994,-0.14294605,-0.32337388,-0.5712883,-0.012147224,1.0752842,-0.6172118,0.57047284,1.4199922,1.5251695,0.9775762,1.9303128,1.0601809,0.62114257,-0.5628563
457,-0.53599715,0.7950407,-0.81251943,-0.26982662,1.2448375,-2.022093,1.3374091,-0.2822756,1.1831759,0.10042803,-0.9891366,1.2639848,-1.4862071,-1.1108806,0.093789615,-0.2506415,0.70317,-0.90732455,1.6152251,-1.2289529,-0.37260208,0.9015062,-1.5436954,-0.071684636,-0.49830028,-0.6094847,0.0031869896,1.5242438,0.91245496,1.0318732,1.3987931,-0.20723549
458,-0.85985076,0.48153612,-0.66394585,-0.8087867,1.1412426,-1.929308,1.5553949,-0.15224634,1.1233561,0.40964976,-0.7731604,1.4687176,-1.884418,-1.0896684,-0.1260053,-0.13883373,0.44162712,-0.6095787,1.4976547,-1.1878102,-0.37906823,0.72872555,-1.5056878,-0.082648955,-0.8172422,-0.7475576,-0.47902226,1.4428306,0.9068037,0.7566915,1.3639289,-0.20680568
459,0.22324438,1.3864489,-0.36480784,0.31391492,1.0690114,-1.710631,2.220722,-0.20034243,-0.17809777,1.1773633,0.20921384,-0.94686246,-1.0387328,-1.6905879,-0.015066488,0.21139257,0.5785423,0.16554351,0.899504,-0.15280677,-1.873107,-0.747185,1.3835009,-0.18102114,-1.0007701,1.1189396,0.92941356,0.12844218,2.1068385,1.153906,-0.40268704,-0.32028222
460,0.56182486,1.0251881,-1.050401,-0.055049695,1.0041692,-1.5032398,0.45338675,0.8674866,1.7540159,-0.32424977,-1.0006707,0.8668792,-1.4876771,-1.15981,0.3528545,-1.3038194,1.2943169,-0.50936663,0.28323564,-0.790697,0.15503089,0.97613394,-1.2224913,-0.08966768,0.68499017,0.33868045,0.08090491,2.0595393,1.1486413,1.2144521,1.5543534,-0.022879895
461,0.23983476,1.0020981,-0.9657558,-0.08161738,1.164756,-1.6777523,0.42912862,0.9733252,1.699554,-0.2371722,-0.9320051,0.85610706,-1.4628187,-1.1653056,0.17909105,-1.2595346,1.0724381,-0.49684945,0.33312333,-0.8254278,0.119525686,1.0927446,-1.462151,0.112066604,0.7865213,-0.02665684,0.06100763,2.080924,1.0528051,1.1354728,1.5722567,0.109988645
462,0.5912305,1.4427011,-0.32582843,0.530028,1.1921226,-1.7148402,1.9215052,-0.27643263,0.26533127,0.9108627,0.48336285,-0.9442307,-1.1468333,-1.774544,0.17529055,-0.39754537,0.8552486,0.06070249,0.5507177,-0.18040903,-1.4268001,-0.5929168,1.4349242,-0.41355348,-0.23201968,1.4138011,1.405258,0.30996045,2.1664314,1.1895669,0.062817864,-0.52546406
463,0.68825793,-0.82585794,-1.5074284,-0.6283579,0.5157803,-1.8493488,1.6719437,-1.4651452,0.008545056,0.3931515,-1.1641917,0.606877,-0.68876946,-1.1910956,0.17058739,0.7940991,0.85409087,-1.0760685,1.1516346,-1.4126759,-0.27108732,0.9724139,0.566688,-0.8375784,-2.2016575,0.14175926,-1.0182682,0.24664257,1.1879592,-0.22607353,-0.7943698,0.09268966
464,1.3947872,-0.8103096,-1.9113549,-0.5305164,0.4424266,-1.8588752,1.4599948,-0.6193234,0.5140706,0.68167335,-1.0127436,0.71716624,-0.66138923,-1.3543326,-0.096148975,0.49062008,1.1547807,-0.8940053,0.36239973,-1.4862527,0.4782997,1.1561463,-0.17189749,-1.278784,-1.0928376,0.38424107,-1.0810686,0.8625703,1.1442485,-0.58450323,-0.6385821,0.4357427
465,1.9350849,-0.68713653,-1.9463472,-0.31718618,0.46145064,-1.4647192,1.1311295,0.19322121,0.73481864,0.7290582,-0.6888534,0.7908723,-0.52741057,-1.2216218,-0.3829565,-0.080763794,1.1766909,-0.8461404,-0.2578944,-1.3760523,1.0422508,1.2387584,-0.6401925,-1.3906704,-0.062663086,0.7483367,-0.8533773,1.3878993,1.0882567,-0.81107,-0.3627541,0.65032744
466,1.8520435,0.18516612,-0.74450064,0.99666184,0.9311095,0.49262792,0.07257008,0.40380332,1.6313883,-0.7504928,-0.4134982,-0.26263335,-0.8665404,-0.5254093,1.3265479,-1.9897072,1.2213552,-0.015258164,0.191441,-1.4615486,-0.17887175,0.58569485,-0.20900057,-0.9497044,0.4410311,0.5167307,-0.387379,1.3446894,1.777294,0.49690717,1.7377518,-0.64779186
467,0.95769393,-0.1612098,-0.9588168,0.3679868,1.0610797,-0.25503036,1.5442281,-0.70988405,0.5815247,-0.531424,-0.2753773,0.41683298,-0.60775703,-0.8263421,1.4137301,-2.030959,1.1608967,-1.5633601,0.45991194,-1.7843174,0.4583366,0.8730344,0.078783974,-1.2268008,-0.5728476,0.27777493,-0.8706934,0.74775434,2.118921,0.093262516,0.7950286,-0.37051028
468,0.5455865,-0.44456932,-0.98747325,0.06609417,0.92901886,-0.4769567,2.0853379,-1.4201089,0.06961601,-0.2207449,-0.48780894,0.45108464,-0.47510275,-1.1214455,1.2283052,-1.0057309,0.8586497,-1.8116863,1.0924945,-1.7826128,0.02727108,0.48173386,0.53071713,-0.98638386,-1.544082,0.47277683,-0.6644311,0.09004716,2.246984,0.08202411,0.090736955,-0.36966005
469,-0.01706058,-0.44117746,-0.81955737,-0.36278692,0.56058925,-0.9254333,2.2080462,-1.5811348,-0.38760954,0.5405077,-0.8856005,0.33670852,-0.4394244,-1.4128481,0.13979942,0.41071254,0.4326574,-1.6454664,1.4764267,-1.3189657,-0.5593146,0.37326586,0.9077486,-0.45451748,-2.644076,0.81674874,-0.31966567,-0.23294322,1.7428021,-0.061584637,-0.9385785,0.032081302
470,-0.0026764888,-0.6092315,-0.73846763,-0.6024664,0.4483568,-1.224725,1.8884878,-1.7330633,-0.23737064,0.3609011,-0.9162156,0.64335877,-0.5170139,-1.4037265,0.025891915,0.47602385,0.5272441,-1.5140706,1.5531509,-1.4553467,-0.65226114,0.6561022,0.8985618,-0.55112576,-2.5920298,0.6544328,-0.4400532,-0.11078396,1.3978642,-0.14058834,-0.8722381,0.116287805
471,0.18977466,-0.7602687,-1.0327821,-0.5602581,0.5969209,-1.4531959,1.7565932,-1.7296617,-0.2696581,0.31936952,-1.0428736,0.5490952,-0.47636834,-1.2629855,0.26823804,0.743721,0.5588878,-1.3517876,1.4810643,-1.3306339,-0.7119552,0.66884625,0.9065749,-0.5260817,-2.5950518,0.39282605,-0.6692818,-0.2472055,1.4226325,-0.096161865,-0.88995004,-0.023675647
472,0.35264504,-0.32823032,-0.9567782,-0.02003791,0.7624199,-0.5869328,2.3364673,-1.5913872,-0.11291202,0.1503424,-0.6089349,0.2599247,-0.5031407,-1.2954106,1.0164074,-0.34603772,0.68891627,-1.7145851,1.3644522,-1.5777662,-0.22945483,0.20673136,0.68827385,-0.8548716,-1.951822,0.54510295,-0.45831972,-0.10531782,2.2887895,0.2882919,-0.34139678,-0.34647012
473,0.23863414,-0.27260008,-0.99542993,-0.23515275,0.55389965,-0.79993916,2.367621,-1.2320715,-0.25836155,0.54300153,-0.6999978,0.336929,-0.39386642,-1.6335188,0.3276745,-0.19339605,0.5655659,-1.8865024,1.0229926,-1.514111,-0.20303977,0.39665315,0.58726144,-0.6366492,-2.2115326,0.66065246,-0.45872572,0.1400097,2.2417731,0.026309086,-0.6739673,0.017882375
474,-0.01604361,-0.53532857,-0.84793144,-0.28613567,0.5841369,-0.8554136,2.2682774,-1.554146,-0.36694482,0.4128381,-0.8685264,0.48840898,-0.44326758,-1.3910476,0.2242558,0.24668966,0.43152413,-1.822209,1.3759298,-1.39722,-0.3633933,0.39790908,0.7318537,-0.5174944,-2.5047154,0.6851465,-0.4308955,-0.12759219,1.899168,-0.002250492,-0.8218456,0.033418663
475,0.91265357,-0.6841019,-1.6176825,-0.43138403,0.5355335,-1.5975536,1.7182131,-1.2156694,0.21938647,0.42109907,-1.0118912,0.43451613,-0.6602033,-1.4430252,0.22863075,0.3978418,1.0559354,-1.0420597,0.6626168,-1.5572187,0.014778839,1.0241946,0.38354552,-1.1060967,-2.0282974,0.25554818,-1.124235,0.31950328,1.435602,-0.29509425,-0.8279786,0.11218283
476,1.6595203,-0.7340524,-1.8902813,-0.33752626,0.34901515,-1.5566587,1.2499558,-0.12971245,0.70538247,0.6367454,-0.8223107,0.61967796,-0.6923756,-1.4223957,-0.13050698,-0.013087582,1.2791739,-0.75094527,-0.27527875,-1.4853745,0.77803415,1.2859948,-0.41864794,-1.3898826,-0.6682076,0.35606,-1.3316655,1.102516,1.1790284,-0.6237181,-0.43726334,0.51003754
477,2.0095644,-0.6619943,-1.7733791,-0.33924165,0.23494439,-1.2197388,1.1443886,0.38716856,0.8534714,0.74206877,-0.7257105,0.56425834,-0.6312776,-1.307493,-0.31291547,-0.1394495,1.0751773,-0.81803185,-0.47746688,-1.2725397,1.2139541,1.1381805,-0.6548844,-1.4608568,-0.17316377,0.6185673,-1.0998206,1.4414158,1.2016785,-0.80688125,-0.23384166,0.73182523
478,0.8038742,0.30688944,-0.9065239,0.295582,0.6981509,-0.067434385,2.1243978,-1.7619382,0.38198507,0.32728273,-0.51454,-0.42627946,-0.3208089,-1.540189,1.2843404,-0.49051437,0.71293527,-1.200728,0.992749,-1.4557884,-0.42440495,-0.0038395212,1.0822291,-1.0787026,-1.9894464,0.5375255,-0.18551686,-0.27960396,2.3069797,0.43840367,-0.12297926,-0.6266066
479,0.7237417,0.3960293,-0.75721884,0.17540094,0.5842377,-0.12610362,2.08776,-1.724657,0.24355079,0.44972134,-0.49632484,-0.5386862,-0.27740008,-1.718885,1.1852998,-0.36740676,0.6581528,-1.0781658,0.9956159,-1.436412,-0.6141921,-0.052518945,1.2882789,-0.992905,-2.0390875,0.4783509,-0.18259788,-0.41057235,2.3282623,0.4462372,-0.3178735,-0.5030798
480,0.41407,0.15502071,-0.76524997,0.057188246,0.59160626,-0.30566224,2.2181349,-1.9784633,0.26059732,0.42587206,-0.7349618,-0.21203685,-0.50309616,-1.497616,1.084991,0.19833751,0.52633727,-1.1954647,1.5635496,-1.3097867,-0.6741316,-0.017580243,1.1756281,-0.8764366,-2.2306952,0.42230853,-0.15445374,-0.36519164,2.0606556,0.5361328,-0.3366424,-0.56673527
481,0.4092134,-0.047095913,-0.6638697,-0.06987122,0.6935473,-0.58732927,2.006201,-1.7997044,0.127944,0.42189285,-0.77179873,-0.11166357,-0.35273838,-1.6192292,0.7378899,0.25412032,0.58657026,-1.2630696,1.4165539,-1.3304287,-0.66967607,0.18619345,1.2470028,-0.8622088,-2.39409,0.79209304,-0.15117052,-0.5224826,2.0920064,0.26136443,-0.7249637,-0.3148718
482,0.60450935,-0.12010484,-0.90020776,-0.25261706,0.56934804,-0.8198698,2.0335877,-1.9477024,0.25043517,0.4852771,-0.6363325,-0.11697008,-0.5830169,-1.6133686,0.6029219,0.042581953,0.76083165,-1.1093451,1.3931171,-1.5323447,-0.6678677,0.4657727,1.308577,-0.9412631,-2.233437,0.6934903,-0.22242202,-0.17439942,1.6525564,-0.005024513,-0.6402765,-0.3738462
483,0.5172333,-0.7498124,-1.1368974,-0.43664014,0.6059969,-1.2212169,1.7297902,-1.7924631,0.09748798,0.23788397,-1.0693692,0.48675823,-0.7667515,-1.2256335,0.47595513,0.3696385,0.8391603,-1.2717847,1.3612459,-1.5708401,-0.33974457,0.95130384,0.79610705,-0.8584739,-2.3559623,0.29978952,-0.8804015,0.04507787,1.3629433,-0.11278455,-0.60718095,-0.14679267
484,1.8803552,0.5466326,-1.2839031,0.40555006,0.57114977,0.38115448,0.9400859,-0.74062383,1.3576273,0.16418421,-0.3346996,-0.3177116,-0.5154658,-0.95926154,1.4697102,-2.1247723,1.1064087,-0.50380653,-0.38058686,-1.5871432,0.48944104,0.78168935,-0.24285834,-1.5238702,-0.37052995,-0.014142608,-0.60728157,0.73764026,1.6023002,0.013433064,1.2375717,-0.5834351
485,1.094069,0.07176558,-1.2369208,0.16871536,0.6231427,0.04542498,1.844164,-1.6505076,0.7669717,0.012350671,-0.5723012,0.112995625,-0.4683553,-1.2623,1.5418394,-1.2052248,0.8721648,-1.2351303,0.708192,-1.7150614,0.12609394,0.52434766,0.27177042,-1.378375,-1.5489656,0.13489446,-0.7085807,0.17067957,2.0085585,0.20749265,0.4481081,-0.47138023
486,-0.84573144,-0.6781134,-1.1352547,-0.2087969,-0.64968276,1.5929934,1.5544201,-0.7284219,-0.036812823,0.33004048,0.77602553,-0.9893209,0.7180371,-2.0679417,0.8971754,-0.4077701,-0.37882572,0.480542,-1.3402909,0.23525243,0.3220588,-1.3277558,1.0369684,1.6393491,0.91994405,1.2786404,0.6938797,-0.7088511,1.9367708,0.24735259,-1.3234804,-0.036169816
487,-0.6193026,-0.7819153,1.2117817,0.70896256,-1.8434563,1.2565182,0.21396118,0.45734635,1.4965892,1.4417933,-0.93861246,-0.09940741,-1.9824407,0.17891707,-1.2474971,1.0237397,-1.902249,0.06251732,-1.3110698,-0.478946,-1.4141825,0.6515165,0.42085302,0.80165064,-0.7665167,0.03279189,-1.1935134,0.7446963,-0.05224313,0.6383427,-0.47668672,1.086778
488,-0.4645957,-0.73274076,-0.8239257,0.047953732,0.01502346,2.2393627,1.8575408,-0.77070326,0.22352855,0.95867425,1.4360735,-0.33227572,1.081995,-2.314467,0.57867604,-1.2452556,0.2586967,0.33699638,-0.8305767,0.35214967,0.5851346,-0.91215557,0.32459348,0.45845896,0.7523137,1.9125129,0.7541503,-0.7786454,1.8292454,0.49628925,-0.5238872,-0.10274871
489,-1.2373128,-0.8285233,-0.6350428,-0.2518219,-1.3276399,0.066015884,-0.24431528,-0.10547355,0.13785736,-0.97937167,-1.079747,-1.2250015,-0.8059003,-0.26771727,0.70179886,1.5497262,-0.89530474,0.4859212,-0.92615557,0.36818054,-0.38925895,-1.3358728,1.2875428,2.8960164,0.8084074,-0.5560095,-0.02872916,0.21613559,0.45919737,0.5329465,-1.4742069,0.8435166
490,-0.94804096,-0.4097782,-0.63354623,-0.40417334,-1.3849137,-0.0023653794,0.4367798,-0.6814804,-0.19572012,-0.46848106,-0.6563259,-1.6177769,-0.78853244,-0.5514393,0.8638029,1.26041,-0.75497144,0.74808073,-1.0976079,0.41531476,-0.25210026,-1.5303569,1.4542047,2.8172674,1.1018624,-0.62789834,0.6260787,0.31016025,0.47620767,0.41619524,-1.3887805,0.7074294
491,-1.0778154,-0.6791248,0.19009583,-0.096952885,-2.4558496,0.74976444,-0.01799784,0.15246418,0.76804674,0.08845738,-1.5372733,-0.28270715,-1.3334123,-0.28150302,-1.0261161,1.6302233,-1.448875,0.81307334,-1.0633407,-0.23846124,-0.5538817,-0.7703466,1.0323966,2.3670115,-0.38272262,-0.107184395,-0.5873602,0.37696877,0.2718967,0.8223361,-1.2577091,0.6920582
492,-1.151342,-0.6846175,-0.96057516,-0.24387173,-1.010024,1.0995588,0.96537954,-0.5871237,-0.12833577,-0.21554513,0.11754152,-1.3758241,0.24765764,-1.4839871,0.9512729,0.36148295,-0.8462861,0.54971373,-1.44439,0.24291761,0.13515006,-1.259264,1.2780298,2.5538611,0.8920001,0.29171246,0.475326,-0.44068182,1.6400541,0.39087373,-1.5310345,0.36944577
493,-1.093131,-0.59192926,0.14253588,-0.0337853,-2.505101,0.8070782,0.053344417,0.12595715,0.8617143,0.22096667,-1.4644048,-0.19294414,-1.3362434,-0.22259374,-1.0895884,1.6260386,-1.5592526,0.70440996,-1.1764098,-0.23833066,-0.5528409,-0.6056491,0.91913605,2.2880318,-0.4863359,-0.17543983,-0.63481146,0.31436267,0.22059776,0.90834486,-1.2729586,0.818389
494,-1.0653601,-0.6594523,0.234742,0.12095784,-2.454228,0.92250377,0.10085925,0.18814135,0.9869541,0.39205608,-1.3761934,-0.11379164,-1.4060796,-0.10265848,-1.1807649,1.5361787,-1.7030034,0.5421908,-1.2876674,-0.2698324,-0.72970784,-0.35164344,0.8905176,2.1028092,-0.5524054,-0.1377086,-0.75476897,0.2527279,0.14349607,0.8776144,-1.2953109,0.9893385
495,-1.0278053,-0.7778624,-1.1091926,-0.33678722,-0.8939241,1.484101,1.3832783,-0.7945025,-0.15224957,0.036251757,0.4842834,-1.2472951,0.36493686,-1.648853,0.8603191,0.032035466,-0.5915317,0.5048125,-1.4861931,0.20940423,0.15092604,-1.2626538,1.2704755,2.2438836,0.9343272,0.73889863,0.5276769,-0.5296718,1.6886134,0.36038122,-1.3609765,0.066031806
496,-1.0319227,-0.74976957,-1.1008954,-0.2985562,-0.81911975,1.5264549,1.423859,-0.737922,-0.16687582,0.119186774,0.56010306,-1.1731784,0.47702643,-1.7367027,0.86350745,-0.088630475,-0.553083,0.43348658,-1.463886,0.21745041,0.14470218,-1.2755088,1.2227018,2.1561377,0.9170101,0.8685604,0.54609174,-0.6142916,1.7490623,0.34030876,-1.376427,0.042858124
497,-0.8682695,-0.6729028,0.7658039,0.42879185,-2.2902973,1.1727301,0.22619821,0.26633966,1.300676,0.9433676,-1.280136,-0.08914482,-1.7246405,0.044005904,-1.2515575,1.3918616,-1.8878715,0.26226357,-1.3045256,-0.3971106,-1.0912851,0.21513955,0.6021274,1.4860108,-0.69817346,-0.10815625,-0.91555303,0.57270443,0.05402087,0.8461247,-0.89816374,1.0865723
498,0.8764528,-0.83880746,-1.5217015,-0.73525405,0.45861694,-1.9066907,1.5503122,-1.1005195,0.24945715,0.5444843,-1.250314,0.68702155,-0.7133128,-1.2313484,0.13863069,0.6803406,0.98924404,-1.0176135,0.9594607,-1.4735516,-0.009498374,1.1641136,0.25114033,-0.9875794,-1.8241475,0.2178299,-1.2137309,0.5291246,1.1722275,-0.43538013,-0.6443696,0.3366197
499,1.3928403,-0.92483974,-1.8457187,-0.51547956,0.43446466,-1.8146145,1.1953431,-0.13660383,0.5333367,0.6792207,-1.0498716,0.805273,-0.5311923,-1.3091631,-0.2740216,0.4613935,1.1533177,-1.0278922,0.11104556,-1.4176013,0.7826518,1.2395544,-0.45418113,-1.1670532,-0.8776247,0.42979714,-1.2009271,0.96970683,1.2659068,-0.6760438,-0.7318423,0.6469934
500,1.8030233,-0.7135688,-1.9258108,-0.38006002,0.39671573,-1.5052067,1.071414,0.38851568,0.7212049,0.78562015,-0.6995326,0.843044,-0.56668335,-1.237371,-0.45763904,-0.004462573,1.143466,-0.9405705,-0.31073368,-1.3509789,1.1308612,1.1857619,-0.8227958,-1.2518096,0.016150305,0.6706076,-0.9360602,1.426728,1.0942299,-0.8555276,-0.32121956,0.71364045
501,0.79533225,-0.51084894,-0.80769527,-0.15301125,0.8941639,-0.47075364,1.4892982,-1.1196778,0.23002593,-0.50120705,-0.43193382,0.38937297,-0.26023167,-0.7812444,1.3355534,-1.7708927,0.9149699,-1.7684934,0.3794464,-1.8832632,0.18443544,1.1925884,0.65807176,-1.079635,-1.0904363,0.108604535,-1.2561994,0.28769454,2.062168,-0.4737695,0.36825818,-0.31775528
502,0.66417223,-0.5424039,-0.91218936,-0.14019795,0.899105,-0.4765567,1.8832384,-1.285226,0.07891382,-0.3015504,-0.51431406,0.40733913,-0.3043772,-1.0509832,1.2190056,-1.2807542,0.8401741,-1.8048944,0.87497085,-1.8362292,-0.03057814,0.7941321,0.66799605,-1.0027137,-1.4798124,0.34977353,-0.9320006,0.061945096,2.2181287,-0.27482906,0.085455775,-0.30250478
503,0.32110378,-0.79228175,-0.64837635,-0.46749145,0.70610535,-1.0543358,1.7135414,-1.7079111,0.04384221,0.027677989,-1.0395275,0.5905418,-0.5214931,-1.057967,0.6420358,0.23057455,0.6519902,-1.5669132,1.854913,-1.5533895,-0.6521148,0.74097466,1.0211922,-0.66792434,-2.1857474,0.5519154,-0.85349137,-0.10066133,1.6903889,-0.14707077,-0.36894393,-0.12881368
504,0.5252137,-0.35092062,-0.70539016,-0.5886509,0.8074917,-1.2896398,1.7578006,-1.1417274,-0.015888449,0.45461428,-0.8683598,0.3202521,-0.21524781,-1.7282825,0.26538357,-0.0037197645,0.7380533,-1.3495294,1.3200413,-1.5167123,-0.5738059,0.69086933,1.0527768,-0.7863063,-2.1197848,0.96670187,-0.47885427,-0.34022084,2.0055664,-0.3122417,-0.96395826,0.37611118
505,0.62107736,-0.69444567,-1.0512099,-0.6367575,0.67489564,-1.5091518,1.6995071,-1.2658235,-0.0009152333,0.44858128,-1.1399432,0.46560904,-0.4182829,-1.4110312,0.27760437,0.4719153,0.7962989,-1.2395645,1.2884567,-1.426336,-0.40452403,0.8753653,0.7732737,-0.85768855,-2.2712185,0.67313296,-0.80890465,-0.10407131,1.6941338,-0.32425982,-0.94663686,0.2883761
506,0.68185335,-0.59477204,-0.8522904,-0.1478834,0.7795163,-0.4074239,1.9610139,-1.4869373,0.09650195,-0.21208254,-0.72314185,0.3174227,-0.37166622,-1.043115,1.2127995,-0.65900207,0.79133844,-1.5684334,1.3840878,-1.7259921,-0.3438681,0.6048783,0.83237267,-1.0605483,-1.7566955,0.30802378,-0.8862353,-0.07741944,2.2478752,-0.10615304,-0.090813234,-0.35890102
507,0.628411,-0.41741785,-0.70239896,-0.27092388,0.727392,-0.42881662,1.98935,-1.4624795,0.014483327,0.030086957,-0.66396034,0.11366236,-0.2748433,-1.2798237,1.0943145,-0.62479943,0.7333589,-1.4888865,1.4023204,-1.7772328,-0.49746642,0.52351457,1.0578681,-1.0039009,-1.772496,0.40566117,-0.6687305,-0.20552544,2.3029163,-0.17325996,-0.32484168,-0.25114527
508,0.4066431,-0.5290863,-0.5957358,-0.27407858,0.79929006,-0.791574,1.9608018,-1.5645778,-0.15565608,0.056809627,-0.68076426,0.19166261,-0.2890957,-1.2962927,0.7426437,-0.1574464,0.6477196,-1.5341576,1.5364467,-1.5787462,-0.73908097,0.3589953,1.3050015,-0.76822877,-2.0825706,0.73612976,-0.4727749,-0.40781814,2.1880615,-0.16825205,-0.5862868,-0.24551487
509,1.1861266,-0.9067253,-1.3767692,-0.59935814,0.48661762,-1.7048903,1.1963679,-0.28457555,0.5702999,0.52074295,-1.1291206,0.8213,-0.73692125,-1.3909035,-0.073589146,0.08395755,1.2470102,-1.0012872,0.44780916,-1.5951302,0.31288162,1.4796879,-0.1445592,-1.0631952,-1.2152672,0.3513787,-1.4693551,1.0068175,1.3515439,-0.5109039,-0.3840784,0.57166314
510,1.5229415,-0.86699736,-1.5540056,-0.3896626,0.44617817,-1.5138913,0.91575265,0.6700177,0.69810843,0.5468915,-0.79000634,0.8249107,-0.6133973,-1.3406218,-0.5288044,-0.30619404,1.329844,-0.90723366,-0.34746498,-1.440033,0.995152,1.4045271,-0.6958073,-1.1048732,-0.25756666,0.45116416,-1.337722,1.405387,1.2326202,-0.72871673,-0.38568616,0.876427
511,1.7777938,-0.7790233,-1.6252866,-0.24619442,0.44378346,-1.4035839,0.93027866,0.71386796,0.9013877,0.7344783,-0.72787285,0.76234454,-0.54509395,-1.3091513,-0.563258,-0.028792353,1.0565532,-0.96256286,-0.29560366,-1.3311203,1.159574,1.144913,-0.8416767,-1.1643924,-0.06343671,0.6262849,-1.1441636,1.5564338,1.3159193,-0.7661667,-0.26284942,0.87316704
512,1.2088747,0.023159226,-0.96000266,-0.23047394,0.48059732,-0.16093907,1.5858358,-1.5439724,0.6797031,0.0662727,-0.6520947,-0.27572674,-0.15994678,-1.3798459,1.591979,-0.9288896,0.7950923,-1.2234128,0.6856777,-1.7124771,-0.25966263,0.7383557,0.9251156,-1.260736,-1.4564952,-0.08340977,-1.1088201,0.010982032,2.1993864,-0.18091035,0.25253618,-0.5362241
513,1.0130799,0.32506564,-0.7973249,-0.41905835,0.42653608,-0.43679678,1.3962275,-1.4027636,0.6878241,0.28412572,-0.5747192,-0.21339017,-0.06599923,-1.9072509,1.6250705,-1.0274947,0.67645705,-1.1163611,0.52064407,-1.8030149,-0.41837907,0.7955811,0.7956158,-1.1623327,-1.1984978,-0.27805236,-1.0832616,-0.10030135,2.2550132,-0.05417063,0.20997526,-0.12330468
514,0.796804,0.05168576,-0.7272209,-0.40319145,0.54774225,-0.51206005,1.8519338,-1.6852111,0.41543746,0.36035797,-0.6772847,-0.22379653,-0.34701815,-1.671923,1.3288534,-0.50326604,0.7204792,-1.160299,1.2109411,-1.6341716,-0.6776792,0.52689487,1.1687497,-1.0572578,-1.7411684,0.29385832,-0.72888196,-0.29491925,2.1405575,-0.020785773,-0.16585475,-0.33766788
515,0.654863,-0.248083,-0.64227927,-0.59428215,0.57861847,-0.79856557,1.582893,-1.4283748,0.45428413,0.36651084,-1.0114821,0.2538939,-0.30304515,-1.7606746,1.0105311,-0.27002394,0.76306313,-1.3248576,1.2590169,-1.6328955,-0.47362813,0.9088506,0.84154254,-1.0492257,-1.9170437,0.50421876,-0.86765665,-0.19614042,2.0583055,-0.16129872,-0.3760645,0.14393063
516,1.0471181,-0.16232128,-0.7013162,-0.6536252,0.5355955,-1.0039574,1.6715323,-1.1263435,0.68545187,0.60498655,-0.8122738,0.11784026,-0.56654924,-1.9040736,0.57754034,-0.56029123,1.0520682,-1.0421695,1.0809171,-1.7650025,-0.3463769,1.0561591,0.8592245,-1.188133,-1.4674382,0.77685124,-0.77621716,0.22682239,1.8004924,-0.32484028,-0.23976173,0.18740946
517,1.0307537,-0.5694481,-1.0410992,-0.61330837,0.5583064,-1.3223807,1.6521071,-0.9938486,0.50419736,0.5647401,-1.0294087,0.37014183,-0.649072,-1.6149436,0.32141286,-0.070257284,1.0992031,-1.0872738,1.0122948,-1.6579846,-0.23105279,1.1480217,0.6213337,-1.1094078,-1.7539757,0.6694951,-1.050931,0.40731335,1.6801968,-0.40783337,-0.4686472,0.23475274
518,1.6038015,0.1837999,-1.1848146,-0.23773573,0.40965334,-0.17376079,1.0100083,-0.9591918,1.0907887,-0.0017052913,-0.2419918,-0.20601697,-0.3033964,-1.0604461,1.4644644,-1.8905176,0.9076055,-1.0893519,-0.3767214,-1.7689764,0.53892076,1.302902,0.14962868,-1.4082102,-0.27663395,-0.38059488,-1.0248045,0.7327503,1.7214109,-0.64867795,0.9608732,-0.53372526
519,1.3209682,0.1778664,-1.2360139,-0.26196882,0.4546662,-0.21041667,1.5520623,-1.437977,0.76727885,0.21225668,-0.4769047,-0.31571862,-0.15436399,-1.4131486,1.6856558,-1.3575573,0.7408886,-1.2834471,0.16505744,-1.7148205,0.0019784681,0.87672794,0.6050446,-1.2624886,-1.1252345,-0.21147321,-0.9735258,0.26530823,2.0582354,-0.34386235,0.5251877,-0.5681738
520,1.2345464,2.3639114,-0.29368478,0.66914755,0.9056258,-0.10194719,0.3770749,0.9888046,1.448777,1.4203535,-0.5139945,-1.4255767,0.0027524517,-1.5091708,1.1208013,-1.1087775,-0.40640458,1.1731893,-0.21195087,0.3016984,0.41503575,0.31723174,-1.0947005,-0.80268234,0.99925,0.11448552,1.1150563,0.93553853,1.0030261,1.2717606,0.8869782,0.542294
521,1.7330574,1.7133864,-0.7470796,0.30207157,0.714679,-0.56414145,0.92532575,0.7750062,0.95311147,1.6665269,-0.29744056,-0.85638034,-0.9323243,-1.5819101,0.053572014,-0.577776,0.08307024,0.86118335,0.28874937,-0.602065,0.063089415,0.33353755,-0.39112985,-0.5681364,1.9310832,0.78293246,1.461717,1.918271,0.4764778,0.29996622,1.5971967,0.23282486
522,1.895347,1.250969,-0.89518124,0.3045639,0.66305095,-0.49211213,0.8852709,0.41160506,1.2394615,1.3438942,-0.40958408,-0.18400545,-1.0177779,-0.85042596,-0.2118361,-0.77859837,-0.2057177,0.4492329,0.4144129,-0.92788243,0.6245437,0.6787607,-0.75954556,-0.93731034,1.9363859,0.361055,1.2340801,2.6117938,0.14301445,-0.08915207,1.4732975,0.48893753
523,-0.79855615,-0.34233367,-0.74507314,-0.08077834,-1.2886794,0.16497771,-0.6442657,0.5847821,0.6291791,-1.0757993,-1.4667524,-1.3125646,-0.9435962,-0.2528453,0.3675791,1.457863,-0.7781187,0.5996489,-0.73901945,0.04446343,-0.4224109,-1.3592818,1.0051471,2.8718266,0.74842,-0.0650553,-0.2146475,0.60046226,1.021224,1.1246642,-1.1697772,0.3871337
524,-0.7703481,1.1241415,-0.48579994,0.6882894,-0.23254572,-0.18823977,0.37179616,0.6424221,0.6749919,-0.38754386,-0.15967408,-2.3190444,-1.0647686,-0.972328,0.84838367,0.41322562,-0.50440687,0.7581927,-1.0535154,0.5511221,-0.7233735,-1.7829179,1.2977324,2.0346653,1.2008253,0.030283827,0.74913645,0.19710469,1.3340571,1.1040623,-1.1590611,0.720117
525,-0.16086708,0.905378,-0.60595495,0.2759999,-1.4854686,-0.0068366285,-0.2526532,0.5181737,0.9481477,-0.39263186,-1.2960509,-1.4604696,-1.2045885,-0.7633195,0.23103966,1.3417853,-0.75943977,1.5287015,-0.21606386,-0.03871586,-0.06711143,-1.3711534,0.8096587,2.3287256,1.0854276,-0.02668791,0.30775702,1.4805652,0.9298162,1.6511608,-0.50674576,0.6344274
526,0.18101917,2.0878117,-0.20625389,1.3431404,0.6251703,0.44752598,-0.01699391,1.2927896,1.6177669,1.0344554,-0.7263587,-1.4219301,0.17997679,-1.4383047,1.1876013,-0.060325745,-0.8685657,1.175083,-0.31008193,0.8029164,0.39651653,-0.56595486,-1.2483152,-0.054741934,0.90140855,-0.34399894,0.7344569,0.36910093,1.3564479,2.042461,0.20917629,0.87317073
527,1.286882,1.9702059,-0.40257418,0.7095122,0.10242872,-0.14320107,0.71657306,0.21520993,1.385058,1.0380017,-0.8248784,-0.9814139,-1.048682,-1.0181345,0.49573374,-0.22460802,-0.26532283,1.2329476,0.69297343,-0.22252098,0.57536656,-0.25179,-0.5523642,-0.07403912,1.5195783,-0.28419244,1.5470285,2.363358,0.27903965,1.554608,1.5608027,0.4253142
528,1.6086243,1.7311049,-0.46512696,0.602321,0.49524003,-0.263979,0.76160556,0.33961055,1.4141836,1.3032547,-0.5801702,-0.8609335,-1.0897833,-0.89002126,0.50158614,-0.7348412,-0.05496468,0.9210937,0.6883485,-0.31637308,0.5224261,0.25849548,-0.6157344,-0.61542374,1.4834232,-0.21028677,1.3106115,2.4473047,0.22248644,1.0881753,1.8813224,0.28768125
529,-0.4440615,1.1967943,-0.40657613,1.3726821,-0.182451,0.45060387,-0.45272338,1.3887956,1.5269624,0.06990691,-0.9755347,-1.6252215,-0.35292584,-1.086724,1.0323117,0.81877565,-1.056911,1.1597553,-0.7165997,0.7595483,-0.078385256,-1.358209,-0.33473578,1.2624427,1.0683863,-0.2820778,0.015791567,0.483747,1.5437872,2.0284092,-0.5976022,1.0716789
530,0.0796172,1.7444017,-0.37542203,0.6054157,-0.95613074,-0.1497146,0.20569189,0.6846307,0.9351961,0.2536087,-0.9831891,-1.6634828,-1.2899061,-0.9946776,0.4945157,1.0106128,-0.6914777,1.6301229,0.14330602,0.19423197,0.11311832,-1.3267466,0.52900875,1.6452078,1.4343331,0.020813588,0.8462612,1.8117718,0.8384394,1.7504485,0.059895728,0.7049631
531,0.865112,2.0502074,-0.42276967,0.82542413,-0.5790956,-0.012486458,0.26597646,0.3474704,1.5698065,0.58290154,-1.1724505,-1.1213939,-1.0725363,-1.0340983,0.44034833,0.5943268,-0.4589093,1.5238698,0.35596833,-0.016816823,0.35412648,-0.69330066,-0.21024452,0.72419745,1.3111826,-0.08610892,1.1143172,2.2864752,0.6063139,1.9871094,0.8118181,0.69734025
532,-1.1478721,0.6025153,-1.3265916,1.1725284,-0.6263159,0.106920764,-0.44341275,-0.06985902,1.3270024,0.12842748,-0.66236204,-1.7608837,-0.6251514,-1.3467556,1.607828,1.2732548,-0.78085274,0.8308653,-2.0379758,0.5733004,0.09304216,-1.1194001,-0.02718024,1.6013905,0.5978591,-1.4434556,-0.3417042,0.35618505,1.1101007,0.7457235,-0.77837574,0.6441268
533,0.19800806,1.2642312,-1.1061691,0.73823315,-1.6116959,0.1479171,-0.33499444,-0.1576845,1.8695109,0.64904004,-1.0875086,-1.3787951,-1.7221537,-0.92161113,0.23528291,0.8478792,-0.20942536,1.768096,-1.2268496,-0.36235297,0.43691882,-0.7367818,-0.5154666,0.8995117,0.5361829,-1.4697348,-0.35994324,1.8063319,0.48615122,1.4350815,0.40461907,-0.25651553
534,0.7811578,1.4923385,-1.2896729,1.2618963,-0.22424535,0.045640994,-0.07433741,-0.5301962,2.4586134,1.047071,-0.45732582,-0.64196724,-0.35895976,-1.4188197,1.1709911,0.21550374,-0.077377446,0.7808863,-1.3495249,-0.1585799,1.1657678,0.17209879,-1.6393353,-1.3276558,0.1566425,-1.4501754,-0.31112257,1.2889129,0.6598856,0.5006264,0.7879591,0.22067197
535,-1.142977,-0.35988808,-0.9568175,0.40270835,-1.1252078,0.17655219,-0.31775802,-0.3661024,0.47994927,-0.76580834,-0.99765486,-1.3605343,-0.5816466,-0.5375443,1.2372795,1.5386714,-0.90400106,0.85766786,-1.470894,0.66236997,-0.31150225,-1.4152408,0.9848771,2.5532002,0.7754486,-1.0569643,0.05979691,0.19895372,0.5460618,0.62902784,-1.3344203,0.93219465
536,-1.0625552,-0.38006487,-0.8649925,0.4444123,-1.4924557,0.2247746,-0.6665212,-0.077013224,0.7909517,-0.6945532,-1.3351771,-1.1437799,-0.659505,-0.47330913,0.92925197,1.6218042,-1.0247294,1.0487689,-1.421205,0.6392658,-0.30288106,-1.238926,0.8086019,2.4823341,0.46236193,-1.0803394,-0.4320331,0.36079457,0.5487989,0.8521163,-1.1654155,0.809871
537,-1.1372406,-0.024070915,-0.9232875,0.14480904,-1.9870838,0.44977605,-0.12177172,-0.54327875,0.7130651,-0.55739707,-1.5216249,-0.9597834,-0.9724308,-0.4354755,0.6114366,1.7855883,-0.8649984,1.118518,-1.2284799,0.41016796,-0.09771813,-1.1747304,0.70239,2.4885952,0.28608644,-1.0414033,-0.087688595,0.55915016,0.5405248,1.1382228,-0.9974663,0.48540184
538,-1.1736048,0.0042470754,-1.1076999,0.6769426,-1.0505803,0.12845856,-0.32956088,-0.30383748,0.68843544,-0.4676538,-0.9249036,-1.4050416,-0.61744183,-0.7086679,1.4217256,1.5424587,-0.8731046,0.9018709,-1.6600449,0.77088726,-0.27872393,-1.3973018,0.74091816,2.3284013,0.6488949,-1.155665,-0.08884422,0.23247153,0.7849326,0.80975294,-1.2462941,0.8509372
539,-1.2494105,-0.1690128,-1.053927,0.5495801,-0.95569354,-0.027142307,-0.34255534,-0.36660507,0.4670192,-0.46258065,-0.84040684,-1.4303465,-0.56167287,-0.6528049,1.4148941,1.5609398,-0.8945372,0.7085155,-1.6829929,0.75870705,-0.29570162,-1.3984306,0.83170253,2.4549117,0.7133958,-1.1671569,-0.05076361,0.15016508,0.717739,0.6159881,-1.3488333,0.86555517
540,-0.9687351,0.68833953,-0.87521595,0.40947676,-2.1061149,0.34681255,-0.166221,-0.46013427,1.0554014,-0.09645221,-1.4610575,-1.1240294,-1.1929498,-0.67173785,0.43011725,1.6181858,-0.91235286,1.4175365,-1.216722,0.28237027,0.20176184,-1.0165902,0.3290024,2.1645548,0.31137103,-1.268285,-0.30019662,0.91997355,0.58618814,1.4182514,-0.5864317,0.36793324
541,-1.1553377,-0.23190323,-0.24377784,-0.19238897,-2.4122264,0.5249627,-0.27103823,-0.26812565,0.84438133,-0.38828322,-1.9044312,-0.5717225,-1.2481414,-0.32393867,-0.2907626,1.7190219,-1.0859407,1.1346889,-0.81431955,-0.0799821,-0.14011984,-1.0148143,0.7318585,2.4907925,-0.13600017,-0.49164292,-0.269586,0.60075784,0.39717913,1.1379175,-0.8572807,0.14019857
542,-1.124779,-0.3281373,-0.883283,-0.22747031,-1.9873791,0.3601252,-0.1618796,-0.6258968,0.4907612,-0.8484872,-1.5452878,-0.8387362,-0.9030346,-0.26300344,0.4803343,1.6253879,-0.74792796,1.1015612,-1.0392563,0.2969057,-0.04197155,-1.3802134,0.9334261,2.668854,0.3664517,-0.8842374,0.05494693,0.46863902,0.36441642,0.8642973,-1.1726128,0.3653369
543,1.3274891,-1.2110674,-0.42578983,-0.31094697,0.9663459,-1.3425487,2.0948148,-0.15572129,-0.4408576,0.9409283,-0.08633596,0.22467212,-1.356737,-0.44318926,-0.20838036,0.2379015,0.659519,0.73755115,2.4421372,-1.077065,-1.9624492,0.32725286,0.5100829,-0.85702515,-0.5569881,1.2208617,-0.32558137,0.9073787,1.8237425,0.2691002,-0.20698492,0.3551727
544,1.1712986,-1.1773875,-0.57046515,-0.23105952,0.41756716,-0.95787007,1.4136977,-0.17762114,0.79742324,0.6798574,-0.56778276,1.3098361,-1.5566745,-0.22571938,-0.2841906,-0.07604582,0.74852765,0.50384307,2.0619323,-1.7513636,-1.2918276,1.0582476,-0.9952483,-1.1603802,-0.46125987,0.25236106,-0.7922289,1.5959209,1.1314862,-0.2735417,0.43730316,0.43615884
545,1.9878649,0.64127064,-1.0120445,0.9228084,0.32758945,0.70617026,-0.40200162,0.1311163,2.0729284,-0.16151635,-0.28559983,-1.1927547,-0.8279582,-0.7099862,1.7459693,-1.4730684,0.8188099,0.85078615,-0.39828676,-1.0566797,-0.4448307,0.25908482,-0.31929877,-0.8717112,0.588295,-0.19246978,-0.45157054,1.0784168,1.1974576,0.6044574,1.9168415,-0.89127934
546,2.3940842,0.17103465,-0.6605529,-0.34162948,1.377854,-0.5287099,0.6581976,0.164672,0.7618668,-0.28301468,-1.2367837,1.3619305,-0.3217036,-0.49765536,-0.5222058,-1.8049984,1.0039409,-0.08859701,0.41985333,-1.3242036,0.47249654,1.2797842,0.522949,-0.8359788,0.31899247,1.5294751,1.4139222,1.2748771,0.83837277,-0.53441525,0.6798185,0.8610089
547,1.6183901,-0.21737313,-1.4858108,-0.34177843,0.72749794,0.21184152,-1.2709724,0.45781788,-0.5451747,-0.62665814,-0.90598714,0.3980228,2.06848,1.9098626,-2.571363,-0.49896768,0.069518544,1.3739903,1.0483446,-0.112191215,-1.1526936,0.33195093,-1.1299144,-0.42649782,0.20955136,0.5978972,0.063919485,-0.65720063,-0.62255186,0.75208455,-1.2802256,-0.13266237
548,1.2976719,-0.826435,-0.85268766,-0.8213408,0.8582619,1.0867974,0.23431335,-0.0029857801,0.16145088,-1.409029,-0.8346274,-0.026014982,1.4454292,0.21892756,-2.4984255,2.0172443,-0.8180122,0.7076916,1.4394988,0.7673307,-1.1555672,1.1635697,-1.2037206,-0.67290986,0.39256915,0.061646707,0.9928768,-0.9307201,-0.055606127,0.31314942,-0.6254432,-1.3119118
549,2.1021392,-0.81780094,-1.1320724,-0.40753517,1.1687268,0.094974294,-0.30680194,-0.12589988,-0.25559402,-1.1473116,-1.0278546,1.0253319,1.7608008,0.83011806,-2.836293,1.7195703,-0.1368904,1.27217,1.304719,-0.006264647,-0.61354613,0.19268203,-0.37964645,-0.80873626,0.22205572,0.1531998,0.74979544,0.062160756,0.21509728,-0.8809973,-1.032032,-0.114051
550,0.23860985,1.0611928,1.9167448,0.20326182,-1.8561488,0.2840461,-0.06889452,0.6572546,-1.5065634,2.3003366,-0.28371006,0.6037075,-0.9084318,-0.92326105,-1.8769023,-0.06494899,0.5044772,0.17614643,0.85234046,-0.5867237,0.11802163,-1.4256709,0.0110715395,0.47296527,0.04450017,1.6105092,-0.26830637,0.25112462,-2.0715542,0.5296966,0.84141654,0.37827155
551,-0.34292465,0.38144907,0.11293304,0.5607556,-0.6281816,-0.19684573,0.18454528,0.07732676,-1.0783113,0.42374885,0.99648756,-0.7793643,2.1721156,-1.0420921,-1.2981093,0.29421198,-1.1696725,0.7355822,0.045712598,-2.4274743,0.06989589,1.2550461,-0.93077934,0.45964295,0.23006205,-0.78674185,0.99058247,0.58841497,-0.9361987,-0.7569735,0.95822203,-1.4373338
552,1.232755,0.47751522,3.108154,-0.54248494,-0.38388866,0.42665067,-0.69271487,-0.6738321,-1.7527075,1.0317309,-0.36564532,-0.00202568,-1.0017142,-0.9251569,-0.6531998,-0.3139656,-0.9040365,-0.050143436,1.0660247,-1.1727004,0.23958147,-0.21559255,0.36690915,0.84925437,1.2513404,0.59487593,-0.2133942,-1.3865403,-0.7817904,0.50108314,1.7492278,-0.22251031
553,1.3300852,0.75199443,2.5275156,-1.6248658,0.09275662,0.041712675,0.048572794,0.35860252,-1.363197,-0.7940693,0.251455,-1.39271,0.18088676,-0.85155255,-1.0319903,0.07339886,-1.6474761,-0.4606197,0.6266881,-1.2446424,-0.101648204,0.9346766,-1.088335,0.28622952,1.144674,0.033157147,1.5819513,-0.63207674,0.1438177,-0.10216291,0.7167407,-1.0762949
554,0.78986216,0.13763289,1.6851337,0.75796604,0.058327265,-0.08677895,-0.81748545,-1.6987351,-0.84774417,0.050839737,0.14504029,0.46584,-0.71004087,0.45378026,-0.6734984,-0.69925,-2.236675,0.12215835,-0.16412693,-2.4012473,0.66480076,0.74815756,0.715858,0.18584092,1.3747805,-0.6454302,-0.7888036,0.2667671,-0.8936529,-0.8544285,1.0430437,-0.47636434
555,-0.015178545,0.09011031,-1.4688647,-0.12188312,1.8112563,-0.36967435,0.31462973,0.38410667,0.542863,0.72153246,1.5881875,0.15983233,0.06884694,1.3365674,-1.2490276,1.4538579,-1.9845753,0.28583184,-1.2876805,-1.1855395,1.7364507,-0.7514202,0.1319602,-0.7611782,0.5521509,-0.04603754,0.1723024,1.6836997,-1.1273582,-0.5741163,0.12467016,-0.7199698
556,0.6420904,-0.38992685,0.46847194,1.6635666,-0.51351666,0.5666941,-0.53061634,0.55948806,-1.540563,2.3667805,-0.86321473,0.18502043,-1.2803398,-0.102061264,-0.5040583,1.0616308,0.5657066,-0.3554516,0.7104593,0.59516877,-0.2729337,-1.5143408,0.074978955,-0.5352961,1.6561656,0.92181325,-1.0631598,0.20561053,-1.815385,0.24677697,1.6516329,-0.6568585
557,0.14173804,0.19164293,-0.72253424,1.0194398,0.9035516,-0.4295672,0.43473536,1.914414,-1.5826238,0.61326253,1.2428528,-1.7078135,2.1256952,-0.8858911,-1.1142391,1.9918706,-0.59007615,0.09537519,-0.12441831,-0.4122387,-0.57018936,-0.38731837,-0.49222693,0.057292957,0.9478054,0.3684611,1.5776868,-0.029997345,-0.62838846,-0.27918118,0.64658034,-1.694195
558,0.70842767,-1.209194,2.6757896,0.66592926,-0.23886077,1.0685464,-0.4721448,0.08902528,-1.07105,0.9809609,0.5300715,0.09578992,-0.6397685,-0.533467,0.32117477,-0.4146265,-0.73517627,0.16382939,1.4146571,0.3794919,-0.053202063,-1.7065017,0.782273,0.22984147,1.1199204,1.1677349,-0.9944776,-1.3836178,-0.999196,0.78938925,1.9805666,-1.5212959
559,0.88628894,-0.9936109,3.0699425,0.15857781,-0.45788804,0.54671633,-0.45251304,0.36009642,-1.1351649,0.59783,0.55426496,-0.35891226,-0.51753587,-0.9611844,0.36839908,-0.20499103,-0.95434576,-0.06583171,1.541988,0.4155473,-0.21328278,-1.6355205,0.50080997,0.10161305,1.2907115,1.0057089,-0.88624686,-1.1561161,-1.0198565,0.4888595,1.7359896,-1.7986094
560,1.110248,0.2786371,3.154586,-1.5684162,0.2337429,0.16020863,-0.17572123,1.5721554,-0.7881864,-0.95487744,0.2623347,-1.368072,0.03447945,-0.48133343,-0.7458149,0.9018391,-1.3969895,-0.8995916,1.1612315,0.621256,-0.77002835,-0.16372116,-0.94092613,0.16541657,0.48328182,0.66792715,1.8135917,-0.5795372,0.0818259,0.15901631,0.039782863,-0.953554
561,0.79837936,-0.915071,2.6983492,0.39675683,0.14791948,-0.41010514,-0.9247492,-1.7145145,-0.93484104,-0.4011282,-0.0729496,0.6065615,-1.049697,0.58630735,-0.30675697,0.8718352,-1.946563,-0.8519846,0.9619455,-1.4446962,0.38312775,-0.26726514,1.1339374,-0.08725286,1.8561305,0.68424094,-0.24020055,-0.4029226,-1.3612609,-0.3351664,0.48282745,0.19919406
562,0.48821825,0.30530763,-0.07548225,-1.1881578,1.8623443,-0.1503793,0.13879417,1.3379767,-0.16893025,0.677877,1.3800681,-0.14961797,-0.8931235,0.94335383,-1.6608392,1.0171679,-2.2075994,0.6689207,-1.6009765,-0.65728956,0.97308993,-1.4599847,0.5493311,-0.5060598,-0.1997774,0.049739443,-0.35082957,1.6997758,-0.01841939,-1.6118973,0.21332902,-0.5880528
563,1.858763,0.5436052,0.40277043,-1.1286652,1.7994018,0.6409076,-2.0697145,-0.020791305,-0.77848387,-0.73845434,-0.8435254,0.24370599,0.9731648,1.4734081,0.19050163,-0.7115756,0.06747968,1.5462991,-0.035727285,-0.89127153,0.58214563,-1.3137271,0.08977705,-1.1831797,-0.19625615,0.32829243,0.33058605,0.13514145,0.69296885,-2.2059612,-0.6083288,-0.7121525
564,1.1600283,-0.20909572,-1.1079414,-1.9263834,0.6985883,0.40338922,0.19306712,0.46743926,0.36345798,0.4084842,-0.075355306,1.0400122,-0.51277363,0.75683916,-0.24050641,0.1358518,-0.5000518,1.2627801,-0.79972756,-0.33016348,1.2097201,-1.8758912,1.1318059,-1.4019852,-1.1030964,0.3054064,-0.9056279,1.207873,0.9015371,-2.6495428,0.39833927,-0.56117415
565,2.5342975,-0.6206796,-0.8121594,-0.32216218,-0.04217292,-0.7239258,-0.06680897,-0.5389783,-0.6286241,0.24208643,-1.8230245,0.29022893,-0.015325795,0.1315715,-0.46070218,0.71057624,1.0229847,0.31786266,-0.24931575,-1.0795991,1.239319,-1.5172027,1.2571038,-1.4055601,-0.5015205,0.24313268,0.012870772,0.84221095,0.6293229,-2.3526714,0.44739786,-0.54211825
566,-0.683122,-0.26412064,-0.2008843,-2.6949155,0.7820651,1.0069182,0.797644,1.9564164,1.3361238,0.1612073,1.4657185,1.244072,-1.0146527,0.8724237,-0.14203116,-0.26260015,-1.5963324,0.95957714,-0.5293075,0.31820294,0.75469816,-0.9998922,-0.2728619,-0.6213695,-0.40234178,0.4722092,-0.9265237,0.9433131,0.24204883,-0.88028586,0.44055417,-0.5480266
567,-0.44944113,-0.2458121,-0.26805547,-2.111642,0.8794892,1.1522927,0.5565876,1.26925,1.1988963,0.7334189,0.9963029,1.575398,-1.0643605,1.1512616,0.27651635,-0.3400424,-1.2821778,1.3917605,-0.9120306,0.13542658,0.8432835,-1.3017586,0.5660542,-0.9873517,-0.6227261,0.6529188,-1.513156,1.0501164,0.20464227,-1.2352625,0.34886447,-0.41521198
568,-0.24054933,0.006328947,-0.3123316,-2.0045524,0.6723207,1.0739424,0.6149314,1.0223395,1.3270578,1.0310042,0.7469538,1.8306246,-1.0561851,0.9982329,0.26908883,-0.5154099,-1.2748891,1.2926558,-1.2642902,0.032016113,0.6846886,-1.2378966,0.84214276,-0.94978786,-0.826396,0.69408274,-1.5589776,1.0248932,0.1958409,-1.148726,0.13320792,-0.6490555
569,-0.70524615,0.12021077,-0.4716716,-2.3787549,0.6572078,0.85455817,0.8097487,1.5265254,1.4087716,0.8080149,0.7941769,1.5691528,-1.24725,0.83076334,-0.002054559,-0.3178399,-1.1201113,1.1893127,-1.0170307,0.2624382,0.9512819,-1.3515553,0.44712815,-0.64101976,-0.9840086,0.67892396,-1.1984884,1.1329739,0.19076595,-0.7703999,0.45965332,-0.7915399
570,1.1867343,-0.719629,-0.053987753,1.199389,-0.0952646,-0.0558413,-0.3437122,-1.3204436,0.5822443,1.1059268,-1.2481188,1.122378,-0.095213816,1.0890888,0.4581588,0.7860146,-0.5938826,0.28387153,-0.9083165,-0.39670452,0.48766795,-1.444805,1.8789409,-1.3708874,-1.247789,0.5748146,-2.1362953,1.2658565,0.11196583,-1.4100281,0.2969457,-0.7349755
571,2.3578398,-0.6797394,-0.16107227,-1.0713944,-1.4139273,-0.6257752,-0.5031051,0.5691377,-0.3588679,-0.55836755,-1.4870174,-0.13229947,1.033239,-1.2594861,-0.92783284,1.1518557,0.7330308,-0.24977963,0.4510271,-0.32007903,0.0779177,-1.4449123,-0.27462578,-1.0802065,-1.2440037,-0.68382466,0.77925783,0.9363693,0.8081776,-2.32402,0.6125961,-0.948322
572,-0.5261361,0.30926722,-1.4543637,-2.0538385,1.7984531,1.056902,0.7255083,1.1855794,-0.04805968,1.169669,0.63911843,0.59280235,0.5767177,0.9042634,-0.89856064,0.89530456,-1.8640903,-0.5569128,-0.8109455,0.24244659,1.5164635,-1.4125795,0.66701514,-1.2360733,-0.15998742,-0.46499163,-0.4373208,0.9439997,-0.70210093,-0.9486034,-0.400119,0.64163285
573,0.06236653,-0.00479135,0.37240666,0.5613043,-0.34609765,0.37758717,0.5670338,-0.18436281,-2.3216207,2.5188677,-0.7869049,-0.7799566,-0.4415097,0.43165165,-0.47270074,-0.29165882,-0.9681209,-1.7193216,0.09515994,0.6596621,-0.9666239,-0.317616,0.8107581,-0.49089178,0.079082765,0.09414677,-1.433955,-0.8813317,-0.8622828,1.7014033,1.500482,0.79062974
574,-0.2153301,0.31324917,-0.7653301,-1.4266994,0.53715944,1.4788629,0.93262076,0.31493545,-0.9148315,-0.29043958,-0.39537635,-1.0287884,1.2441078,-0.40046093,-2.2659693,1.1461141,-1.7088917,-1.8144637,0.37126142,0.6727698,-0.031745274,0.63547444,-0.97419286,-0.8774004,0.41949648,-1.4075052,1.3296806,-0.9288955,-1.3544928,0.8179229,-0.000783514,-0.78081816
575,-0.32132253,-0.06688029,-1.1550109,-2.0562828,1.7739391,1.2346551,0.802873,1.3376759,-0.22583713,0.7592575,0.56372935,0.9013606,0.58210444,0.49743533,-1.2278368,0.98885655,-1.7461734,-0.33201134,-0.30350685,-0.0043513714,1.5411347,-1.61994,0.5336188,-1.0670938,0.32526717,-0.9217947,-0.15498891,0.9037575,-0.5840243,-1.493495,-0.36484963,1.0456673
576,0.65600324,0.53173333,0.407438,0.42429525,-0.56295496,0.61297953,0.1894964,0.28892338,-2.3926017,2.4997287,-0.6833671,-0.5926045,0.21606727,0.4759545,-0.8136684,-1.0096854,-1.086627,-1.4564269,-0.09284809,0.08771602,-1.5106115,-0.5305929,0.7765155,-0.48889354,0.45963994,-0.03419222,-1.363356,-0.8511965,-0.68603253,1.4070693,0.6697051,1.4255487
577,0.3628984,0.723554,-0.8516825,-1.0676386,0.47375515,0.7961108,0.69609815,0.95745945,-1.646065,0.17124975,-0.15066285,-0.8706966,1.6893768,0.37614098,-2.187917,0.14181134,-1.7597101,-1.9840866,0.24180609,0.31876764,-0.32981625,0.009040335,-0.6039694,-1.1539696,0.95855284,-1.0056084,0.99862754,-0.77675617,-1.5170791,0.7663876,-0.75015754,0.86576444
578,0.84861845,-0.26753592,-1.2958646,-2.0318716,1.7121938,0.750532,-0.37152317,1.6118989,0.5743869,0.8166503,0.429081,1.4872928,0.8742078,1.6541042,-1.209554,-0.013595328,-0.678163,1.4239978,-0.24359536,-0.6939542,0.46421146,-1.3227184,-0.40999225,-0.6845679,0.10305423,0.3186001,-1.1623864,1.0080869,0.48377872,-1.090627,-0.82425886,0.22810014
579,-0.04311191,1.5405271,0.08322898,-1.1638592,0.69415236,1.0164462,-1.9852626,-0.26557416,-1.5179057,-0.66417927,-0.7619427,0.39242154,1.1048911,-0.34157914,-1.1132777,0.30470058,-0.47975528,-0.8777595,0.3089878,-0.6950983,-0.6018198,-0.52024764,-0.77551126,-0.9867274,1.8186059,-1.6951066,2.2005205,-0.28139687,-1.1029196,-0.48475513,-0.36417133,1.191148
580,-0.33893222,0.40333354,-1.2267358,-2.290778,1.7409598,0.8377266,0.77754146,1.3549232,0.082607545,0.8844165,0.84242517,0.8169396,0.33456513,0.83902395,-0.7761685,0.60935277,-1.5315489,-0.31218562,-0.70010155,0.1655698,1.7012814,-1.6769919,0.5589107,-1.1807109,-0.043690324,-0.5680215,-0.24320953,1.162659,-0.36493266,-1.2298965,-0.57332706,0.71608835
581,0.9372015,0.72780657,0.57358384,1.3351825,0.0009115589,-0.20291781,-0.5461368,0.2618117,-0.9342008,2.4971795,-0.28759784,0.17276596,0.5496926,1.2596333,-0.7574918,-0.39342913,-1.3395647,-1.4984403,-1.0793881,-0.66618913,-1.6249846,-0.550341,1.3096927,-0.4842937,-0.31489503,-0.36351562,-1.309887,0.6681499,-0.25776407,-0.33515728,-0.59234613,2.0653617
582,0.8257803,0.79736155,0.70770925,0.10573606,-0.73601663,0.40294066,-0.18629423,0.56360704,-1.9214911,2.3334334,-0.58805114,-0.553342,-0.16962951,0.83286405,-0.33227885,-2.0391278,-0.86425287,-0.5272753,-0.035284933,0.22845379,-1.7861065,-0.559109,0.7664861,-0.5669948,0.51511216,0.31786796,-1.3725978,-0.57671916,-0.7097477,1.803387,0.486123,1.5048728
583,0.5122925,1.0891122,-0.7916696,-1.1590596,0.113963306,0.9675847,0.2884438,1.0839016,-1.7708278,0.6168668,-0.031913426,-0.83179843,1.8845406,0.54702365,-1.9324061,-0.8766925,-1.5995299,-1.4631225,0.06981841,-0.058009956,-0.7904415,-0.043453027,-0.53491473,-0.80601525,1.0991737,-0.9245321,0.40733808,-1.0271477,-1.320745,1.3604258,-0.90969706,1.0011146
584,1.3384268,-0.6729771,1.3567529,0.28962478,-0.2987358,0.56552684,-0.8802643,-0.18956164,-1.0091467,0.90955335,-0.36398527,-0.16199215,-0.09776619,0.9982552,0.8232692,-1.4405098,0.08284907,1.7264881,1.1723439,0.69923824,-1.817762,-0.41457522,0.40605864,-0.3284649,1.30194,1.6411287,-1.929902,-1.464247,0.18442133,1.7187542,0.40002206,0.02797274
585,1.649241,-0.5787898,1.3143365,0.29015908,0.058275245,0.81052923,-1.3651431,-0.25789773,-0.9043665,-0.12524989,-0.50050616,0.340528,0.3129771,0.8389255,0.49632916,-1.0271258,0.116629034,1.6858586,1.743213,0.92453593,-1.6596972,-0.8203335,0.04885396,-0.8085627,1.9536005,1.3896561,-1.1978924,-1.6561471,-0.06764493,1.1649572,-0.28923023,0.1440321
586,0.9492731,-0.5755683,0.55714864,-1.568447,0.89429486,1.3866929,-0.5510906,1.3089225,0.49281085,-1.8743337,0.49263042,-0.6697934,0.6697101,0.98661,-0.86602354,0.37330794,-1.2106044,0.08909468,1.0022967,1.3323271,-1.1396027,0.12547515,-1.5303402,-0.9663863,0.95966136,0.23176932,1.1684057,-0.79697317,0.043527585,0.2719382,-0.9704607,-1.6408625
587,1.6639609,-0.9456816,0.58379704,1.9978955,0.9705082,0.43713665,-1.729356,-1.0012809,-0.46501058,0.35245824,-0.6564731,1.0233572,0.8674701,1.3513713,0.106348865,0.67463493,-0.15251692,1.1531464,0.5124924,-0.7185022,-1.2877754,-0.93496376,0.65513515,-0.8921105,1.3284223,0.38674396,-1.4958578,0.18888548,0.18916106,-1.3264606,-0.38656276,1.2532105
588,1.0109214,-0.9703221,-1.2280847,-0.2156,1.9115375,0.115159094,0.12217056,-0.21324867,-1.1705005,0.0765349,-0.85434085,0.80961406,1.0792359,0.8000756,-2.115955,1.9374669,-0.24177969,0.68346757,0.70968443,-0.4736766,1.2987591,-1.4112548,0.491055,-0.69083154,-0.7790199,-1.2522,-0.52218664,0.3620889,0.31698596,-2.4492748,0.0008438945,0.21110457
589,-0.45406455,-0.84762514,1.0192696,0.5988182,0.8150425,0.12233801,-0.017351957,-1.2852432,-0.09078912,-0.71732205,-0.6064962,0.498565,0.298929,0.91984254,-0.7159922,1.4841048,-0.86421615,1.2533511,0.82343596,-1.6364143,0.4491782,-1.2842559,0.4831352,-1.0083144,2.0695136,1.8833016,1.2729781,0.34601462,-1.3843822,-0.1990159,-0.22162145,1.50684
590,-1.4430392,2.6770499,-0.0322361,-0.2847195,-0.44162855,-1.3108577,-1.5534846,0.44377726,-0.17406571,0.41067848,-1.4674224,-0.41661745,1.2134914,-0.032087173,0.83616847,-0.94699734,1.0261253,0.6166335,0.6231787,-0.34197098,-0.33232096,0.1497223,-0.8284383,-0.24372049,-0.804536,-0.9430742,1.3634745,1.7307571,-0.67488563,-0.24236596,-1.8263661,-0.2687811
591,-1.2565044,0.5511271,-1.9270304,-0.103769265,0.848855,0.8785884,-1.5395359,-0.21664958,-0.8036412,-0.26473346,-0.76911837,-0.9488997,2.3550742,1.3137466,-1.5367279,0.31938908,-0.23157838,0.1883045,-0.0475804,-0.8371094,-0.10498216,0.82782984,-1.9028836,0.02746868,-0.9211386,-0.8725225,1.0226915,-0.30288133,-1.080257,0.34222326,-0.73405755,-1.6391786
592,-0.32366487,-0.3900581,-1.0508213,-2.3593879,1.7061568,0.75972384,0.68072516,1.6866553,0.6131521,0.69607073,0.6304396,1.1010301,-0.14706418,1.0224488,-0.879937,0.92449266,-1.0265135,0.96438,-0.41877523,0.25461748,1.3827305,-1.6344646,0.18925177,-0.84415066,-0.9820026,0.3361116,-0.59666747,1.091202,0.4164102,-1.6903361,-0.2106041,-0.24603544
593,-0.52687263,0.0020911915,-0.24450152,-2.3054502,1.1434749,0.9223685,0.6652108,0.83415776,1.3923275,0.528026,1.2504334,1.1765045,-0.7741608,1.2713275,0.70153856,-0.28339222,-1.6073765,0.7438589,-1.2207689,0.19566745,1.1895757,-1.036668,0.5140282,-1.1895387,-0.6909551,0.26266313,-0.9588308,1.1009816,0.11249419,-1.2628947,0.10420054,-0.90989286
594,0.18222065,0.37395483,2.2269568,0.6681228,1.1924452,0.21457666,-0.22713684,-1.0049303,0.4409452,1.6456145,-0.0886868,-0.117387176,-0.69047076,1.8703667,1.6482867,-0.89681226,-2.0152647,-0.73371947,-1.2726147,-0.26744404,-0.39969885,0.28894565,1.9233642,-0.9739611,0.22644061,-0.1588845,-0.8939482,1.032812,-0.5720644,-0.6112541,-0.42694405,0.21435839
595,-0.0053670653,-0.5556672,2.5414786,-1.2495548,1.2078863,0.8240742,-0.44879615,1.3206198,0.38018456,-0.8075829,-0.5723041,-0.5142322,0.15953071,1.6189916,0.91790307,-0.3193608,-0.99731046,0.0772418,0.5755073,1.055449,-0.7390086,0.84424853,-1.1558981,-0.35643405,0.2870793,-1.0231512,2.306462,0.5219302,-1.2222036,0.51829064,-0.93091124,-0.36103627
596,-0.72870505,-1.1584703,2.7835743,-0.31828964,0.34792876,0.6223825,-0.96064514,0.052383564,-0.058662057,0.8461738,-0.9182115,0.24231718,-1.363317,0.6434922,1.6142828,-0.8231025,-0.45575196,0.38346574,1.6214944,1.5411832,0.011116869,-0.35596257,0.30680636,-0.34901714,1.0939772,0.7323651,-0.7336442,-0.058781203,-2.063587,1.2041547,0.82185316,-0.20157252
597,0.059031658,-1.00013,2.1785634,-1.907902,-0.09075405,0.94637156,0.21347974,1.8755667,0.5514186,-0.3840804,0.053143017,-0.7227039,-0.77978826,0.4487527,0.28024736,-0.2232748,-0.86452365,-0.19589204,1.1769079,2.0605214,-0.83731115,0.67488325,-1.807428,-0.2738886,-0.083299965,-0.49736372,0.8576267,-0.19831142,-0.7552855,0.87270653,-0.2261447,-0.94556206
598,0.1624574,-1.3669491,2.3916433,-1.8287661,0.1581133,0.5102177,-0.3032956,1.3252336,0.69570214,-0.9822762,-0.010190035,-0.64823407,-0.53922135,0.84618217,0.85612327,-0.11771739,-0.77125865,-0.39516732,1.1104193,1.6584836,-0.48580423,0.8332131,-1.924739,-0.66582525,0.12417161,-0.85458493,0.98489344,-0.0131385885,-0.94570106,0.4162119,-0.6226762,-1.0630494
599,-0.1769668,-0.8497291,1.2640132,-0.16154376,1.025188,-0.9042155,-1.1331238,-2.103176,0.8001888,-1.157576,0.08963158,0.9911219,0.21361454,1.4763372,2.0978808,0.050530996,-0.67306167,-1.1469791,-0.36841652,-1.2450733,0.5085398,0.57786113,0.3953005,-1.3447764,0.46114013,-0.59907204,0.1260404,0.2215137,-0.4157877,-1.1090081,-1.8714308,-0.5804117
600,0.22432,-0.68160516,1.6988069,-0.10299493,0.39766192,-0.7196057,-1.8284703,-1.9068716,0.10333849,-1.9463294,-0.37932763,0.35728744,0.69267875,0.87879324,1.3483154,-0.02407579,0.041741133,-1.632609,0.20181562,-1.0605755,-0.18207435,1.160007,-0.3788354,-0.95583856,0.9904495,-0.96783864,0.72599596,-0.47217274,-0.4821772,-0.79297584,-1.9870532,-0.3407268
601,-0.103049874,0.34290478,1.1359451,0.14367038,-0.6726104,-0.11546907,-1.6954286,-0.63170534,0.5551229,0.19683565,-1.1272843,1.4021449,2.4530594,-1.62829,1.2884524,-0.27547815,0.79504424,-0.16440015,1.6632342,-0.15353142,-0.28803825,-1.147336,1.3594726,0.4280172,-0.6580844,0.54824144,-1.4076979,-0.8425394,-0.52517825,-1.3206185,-0.7275708,-1.3799596
602,0.6849437,0.25847888,1.1960982,-0.8621893,-0.43596622,-0.13155805,-1.4547523,0.19341534,1.440558,-0.2119357,-1.1046716,0.89631534,2.4339545,-1.1282717,0.5357745,0.47119355,0.94251883,-1.4497969,1.287213,0.59997356,-1.5415928,-0.37692642,0.18835583,0.77535266,-0.98140067,-0.49142402,-0.5962869,0.13813598,0.099229105,-1.6608155,-1.2147764,-1.4063575
603,0.96858823,0.06525222,0.1405874,-2.034572,0.32958972,-0.8515139,-0.0804773,-0.35451937,1.6590662,0.5744862,-0.13932191,2.4635165,-0.87049747,0.9475435,0.48480558,-0.4535158,-0.7591173,-0.44883728,-1.0289656,-1.0530695,0.5167857,-0.031225346,0.5720189,-0.6887279,-0.855724,0.5008591,-1.2838763,1.0957327,0.50022256,-0.75645393,-1.4360677,-1.389864
604,1.4152696,0.10255161,1.4262693,0.65742326,-0.098145284,-0.886339,-0.49501985,-1.492631,0.9250025,0.76765996,-1.3609035,1.6903087,-0.2083842,0.14755349,0.7363118,-0.08298831,-1.1266669,-1.2306494,0.100071736,-1.4841241,-0.32761663,0.2624227,1.108448,-0.28305814,0.38614234,0.791086,-0.6646346,0.05264272,-0.69000417,0.03169433,-2.5365498,-0.69639736
605,-0.14722529,0.18472767,-0.5688428,-1.0177772,-1.0541958,-0.74220645,-1.0662861,-0.04716076,0.18966077,-0.5925568,-0.91481626,-2.2470422,1.0237377,-0.40180582,0.86960495,0.8786024,0.9877821,-0.55557126,0.80717343,0.5672466,0.95476276,-0.044542853,-1.1029863,-1.4758408,-2.0017452,-0.20428929,-0.1555751,0.60137784,-0.33538502,-0.823658,-0.38377827,-2.966872
606,2.3777926,-0.8364972,0.18177845,-0.43254957,-0.5857852,-0.9832277,0.0733494,-0.3998028,-0.8724361,0.43763652,-2.493218,0.10855052,-0.040853545,-0.4011531,-0.1633976,0.26058328,1.6410986,0.022399753,0.5245771,-0.31413358,1.2323725,-1.1819625,1.5570803,-1.3325156,-0.4595054,0.39996538,-0.13679427,0.21470752,0.35379788,-1.729363,0.25139734,-0.8110294
607,2.4539843,0.014139208,0.5989361,-2.1393228,-1.3223541,-0.059146646,-0.10804351,1.2991828,0.108639814,-0.84425753,-0.31582034,-1.3783952,0.14398381,-0.45713964,-1.0994092,0.025631707,0.49778235,-0.73845303,-0.00017848775,1.1182206,-0.6109006,0.06243314,-0.9624693,-0.3702414,-1.8198947,-1.1188098,0.6723675,0.18565848,0.90238476,-0.8406569,-0.7480679,-1.8524259
608,2.6938403,-0.03904219,-0.327327,-0.94585997,-0.91980356,-1.0536239,-0.3332167,-0.06799151,-0.1399443,-0.45354378,-2.088196,0.060890008,1.1114662,-0.35378507,-0.6534745,0.03841936,1.518839,-0.15871505,0.019595683,-0.37020054,0.38426635,0.06848293,1.0105857,-0.59534395,-1.7490058,-0.70222265,-0.0468899,0.2746178,0.9633666,-2.0522203,-1.2940139,-1.0400803
609,-0.3744235,-1.8192074,-0.7933382,0.07376867,-0.6578548,1.8192899,0.271891,-0.6113819,0.22752799,0.6943249,-0.10442272,0.70596,-0.53876644,-0.81646115,-0.24701291,-0.29430053,2.3025775,1.0255294,1.0673697,1.603692,1.2079258,-1.0020375,0.5375047,-0.83999354,-0.045529056,1.8763243,-1.1670183,-0.74963844,-1.0942769,0.48504457,0.56876737,-0.43258765
610,-0.5712957,-1.8693599,-0.44666687,-0.2730842,-0.91623026,2.3887486,0.47965354,-0.97660667,0.7139055,0.31248146,1.3374677,0.47535896,0.2099193,-1.5341595,0.018511305,-0.45870078,1.7169884,0.4155169,1.1586708,1.550736,1.17246,-0.95402825,-0.1856022,-0.5125589,-0.48544115,1.4003437,-0.5130368,-0.7964473,-0.87683904,0.66256803,0.35054526,-0.4479375
611,0.15905756,-1.8798264,-0.048326,-0.8961822,-1.0382147,2.1542103,0.0969563,-0.2804832,1.7500051,-0.16397713,0.966322,0.14595343,1.0529109,-1.3867668,-0.19443738,0.32566884,1.8045981,-1.0044911,1.1458911,1.6430086,0.38369733,-0.43517992,-0.9970748,-0.3642707,-1.276865,0.017491873,-0.19691917,0.052161973,-0.14726433,-0.5416596,-0.5471592,-1.1467404
612,0.13872777,-1.4093373,0.44060943,-1.5024174,-0.22870408,1.1628919,0.02135541,0.6645117,2.2132978,-0.4876035,0.80998933,-0.6314184,0.8617442,-0.62883073,-0.38301376,0.5474974,1.0596585,-1.9249552,0.7848247,1.5401584,-0.5302399,0.47363392,-1.5736754,0.037142124,-1.1898543,-0.5763454,0.7686499,0.9221164,0.09522959,-0.9276129,-0.6308372,-0.9237718
613,-0.5391663,-1.4722172,-0.43355924,-0.0134430025,-0.6520841,2.1359482,0.6989754,-1.4869603,0.52216154,0.6986908,1.2973325,0.99129033,0.44484845,-1.7616594,0.047035642,-1.0469571,1.671058,0.15481977,1.1511325,1.2602723,1.5903085,-0.9421717,0.45975766,-0.14214034,-0.030798336,1.2902415,-0.61453867,-0.72115195,-0.9265856,0.55676526,0.019924164,0.33859727
614,1.313909,-1.5538096,0.64699805,-1.3652415,-0.7472654,0.8847067,0.49201584,0.028844837,1.4149481,-0.8796157,0.7547418,-0.26665136,0.5522386,-0.3194662,-1.3270923,0.47461045,1.259643,-1.5256397,1.1151164,2.1666634,0.007909119,0.24150649,-0.941571,0.08758047,-1.2944571,-0.921147,0.100278504,0.8313264,-0.44576815,-0.20700094,-1.0262319,-0.2801222
615,2.0185785,-0.17250471,0.17034172,-0.29579008,-0.8716685,-1.2081224,-0.90987957,-1.3311976,0.4884203,-2.0816345,-1.1002195,0.41665995,1.478896,-0.44566223,-0.67862236,0.75630283,1.1463722,-0.6726545,1.2358811,0.20897315,0.7170805,0.24153893,0.31706482,-0.56896603,-1.4283924,-0.9702707,-1.3711966,0.9806011,0.026635932,-1.4792362,-1.431486,-0.27800113
616,-0.0345742,-0.116993755,0.32862806,0.62781394,-0.9531995,-0.7538659,-1.402584,-1.79976,0.30601412,0.08736782,-0.83942086,0.7911031,2.0840564,-1.3083858,1.9375902,-0.3066869,1.6873267,0.8993509,1.769793,0.1865573,0.4334951,-1.207365,1.0174545,-0.72833,-0.5626087,1.1115235,-1.1574124,-0.07148633,-0.21049623,-0.8892413,-0.7937129,-1.2735902
617,1.3684477,-0.45182437,0.05941209,-0.067459054,-0.36916897,-1.4641829,-0.6462777,-2.181472,-0.5422953,-0.4111931,-1.6294028,0.39787063,0.36822805,-0.5622255,0.058490034,0.12099054,1.5732479,-0.37878728,1.2364095,0.013733355,1.726665,-0.027957356,1.8570105,-0.7974171,0.04764864,0.3247573,-1.8187869,0.33555332,0.23438245,-1.5915147,-1.0768872,-0.35887793
618,-0.20386706,0.11693557,-0.86064553,-2.8410487,0.90899163,-0.6885414,1.1366253,0.3836154,0.4828859,0.32776794,1.4612797,1.2112591,-1.0440378,0.4411201,0.5979023,-0.23531404,-0.78306234,0.24946062,-0.89137065,-0.15654515,1.998522,-0.66782284,-0.0019181344,-0.518866,-1.2043569,0.2723861,-1.6567341,1.256379,0.75403184,-0.5733618,0.03996332,-0.92669225
619,0.43444672,-0.82841086,1.3159784,-0.62620497,0.4506282,0.10551004,1.1833802,-0.59756184,1.1190861,1.8033186,1.6440022,0.678178,-1.6591997,1.0406667,1.0491581,0.43592525,-2.0712297,-0.49775106,-0.8526326,-0.49177462,-0.10938364,-0.23228711,0.89434516,-1.0811481,-0.72796214,0.6842663,-1.9879576,0.7164917,0.5678799,-0.3575291,-0.31659824,-0.29661536
620,0.7847217,0.27856463,1.8892443,-1.6531012,-1.180786,-0.06060882,-2.0076342,-0.09981492,0.7745273,-1.8982271,-0.15223946,0.20237897,0.5253831,-0.0072318595,-0.6202568,-0.501065,1.3230243,-1.0790794,0.8067411,0.4260895,-0.83677745,0.6643294,-1.6051098,-0.6113084,-0.5626937,-1.3225696,0.43597806,-0.05487642,-0.3714536,-0.9313577,-1.9829882,-0.8157869
621,-0.16324528,0.5937503,0.9903606,0.08200298,-0.593077,0.22075033,-1.7257645,-0.59926945,1.0715679,0.361781,-0.73917514,1.5618924,2.411874,-1.8212034,0.7205154,-0.56477827,1.1692215,-0.34610605,1.5731223,0.22984503,-0.5224697,-0.7545216,1.1579475,0.8145246,-0.94719756,0.46808842,-1.2279967,-0.41802496,-0.57464397,-1.6078725,-0.8825762,-0.7299905
622,0.96414924,0.94729626,1.1047693,-0.3527194,-1.1181749,-0.29121196,-1.2828909,-0.90193975,0.3618617,0.5579849,-0.9483088,0.96359015,1.3378049,-1.6611793,0.1730204,-0.5782279,0.8634736,-0.12481662,1.2147764,0.43681306,0.031597786,-0.35034326,1.7426442,0.5956934,-1.6161488,0.25998557,-2.0188293,-0.6048512,-1.0446539,-1.3019959,-1.6642573,-0.5830978
623,0.78722364,-0.9220161,0.45363012,0.3933765,-0.12087593,-0.9138798,-1.8341281,-1.6341139,0.7509289,1.1774935,-1.4765718,1.3022337,1.056563,-0.5623179,2.0042384,0.1677471,1.6271487,-0.65733457,2.1101556,0.3908293,0.44781074,-0.489673,0.5439807,-0.004371117,0.65116507,-0.050124418,-1.5200653,0.47669247,-0.81850016,0.5305971,-0.38147953,-0.9068783
624,1.418803,-1.4878523,0.09612204,0.8473041,-1.272205,-0.36826015,-1.2388575,-1.1161249,0.064990714,0.43823233,-0.6709648,1.6101385,1.1630677,-1.0943333,-0.042347237,1.1818936,1.9170758,-0.08759346,1.6634557,0.42491943,0.55104494,-2.0557344,0.5098652,0.118124574,-0.5666737,0.2741032,-1.5052918,-0.16377705,-0.9415744,0.74943095,0.25617245,-0.084517054
625,0.81589943,-2.1454325,0.4470076,-0.39158854,-0.72734636,0.41291264,-0.2176627,-1.7368531,0.07778416,1.4856366,0.062501416,1.3159413,-0.0039159027,-0.88487595,1.1006256,-0.18793993,1.6395116,-0.16443488,1.5560135,1.1485868,0.84571373,-0.7690111,0.4676417,0.17385529,0.43101323,0.87643623,-1.6396511,-0.31204847,-0.5982905,1.9322724,0.35093987,-0.8921425
626,1.3377005,-1.9675889,0.5079256,-0.41599536,-1.1892955,-0.07459439,-0.7007667,-1.3862777,-0.07237551,0.72217226,-0.33788538,1.309293,0.016075468,-0.38986626,0.38775843,0.50629324,1.7321635,-0.2756668,1.7062514,1.1652883,0.9335122,-1.1484164,0.28710368,-0.12996499,0.017317837,0.37153742,-1.9450463,-0.21239465,-1.096627,1.6278772,0.47081283,-1.2451338
627,0.94585913,-1.3045228,0.24070619,-0.34604573,-0.7506052,-0.9358242,-1.3081115,-1.451205,-0.31962445,0.9181578,-0.8927197,0.88585716,0.057037685,0.17557615,1.0810925,0.62837857,1.8267102,-0.9757769,1.8149103,0.9017299,1.069075,-0.7984542,0.04649161,-0.23316471,0.053351656,0.06748262,-2.0216627,0.08402136,-1.2030122,1.5848811,0.34065333,-1.5367638
628,0.5451632,-0.1816815,-0.552026,-1.4970716,-0.36825767,-0.90435284,-1.0303388,-0.35127574,0.6550479,-0.3113742,-0.86653733,-1.0530806,0.27240062,0.63082427,0.20413564,1.2851543,1.3795974,-1.8521352,1.0888546,1.2549067,0.88995177,0.8349461,-1.720372,-1.014337,-1.1985044,-0.9208454,-0.17264856,0.83447146,-0.8034973,0.8211225,-0.77879196,-1.9447786
629,0.69492817,0.051795896,1.2732118,1.0392565,-0.16184595,-1.7174053,-0.81059307,-0.11633156,-1.3824984,0.64296657,0.615952,-0.464638,0.40962785,-0.5668877,-1.689871,-0.6104,0.6343309,-0.36945617,1.007205,1.312361,-0.45347783,-1.111551,1.4807718,0.70846176,-1.2122902,0.19916803,-2.2037108,0.69897085,-0.30565757,-1.7888774,0.7600259,-1.1086626
630,1.2086167,-1.0020022,1.5280174,1.3658408,-0.7996733,-0.5640223,-0.38065934,-1.0095031,-1.4301357,0.4892154,0.26832557,0.56661665,-0.11464669,-0.2459209,-0.8647957,-0.6460114,-0.6127695,-0.087298766,0.80461305,0.6159907,-0.4008528,-0.18401574,1.523604,-0.029753737,-0.19941078,0.4863235,-2.828862,-0.20340662,-0.617561,-1.4514174,0.6443556,-2.4027715
631,0.8341562,0.037192766,2.4072793,-0.34578836,-1.3263729,0.44656688,-1.1226661,-1.1827499,-1.0410042,0.73035765,-0.9139698,0.68870777,-1.2114776,-1.0436118,-0.5725159,-0.21275145,-0.17139833,0.36781874,0.9413751,0.84478134,-0.21395454,-0.2280855,1.4251937,0.1183564,0.07213254,1.8036427,-2.3377647,-0.6492511,-1.3904233,-0.3632541,0.8192204,-0.9449174
632,2.0356503,0.047789454,1.0338067,-1.5918689,-0.47822133,0.11679604,-0.18775935,0.5243275,-0.8760646,-0.72145927,-0.59643114,-0.70881116,-0.052363105,-0.42671826,-1.9706858,1.4442039,-0.89126945,-0.65021795,-0.22725242,1.2919489,-0.66115797,1.3289324,0.014548033,-0.25230128,-1.2283988,1.0263155,-0.82362247,0.5891839,0.36084646,-1.9036865,-0.583255,-1.8222588
633,0.45300454,-0.029467653,1.1614915,-0.51562977,-1.2306854,0.550637,-0.38091788,0.07080291,-0.6350645,1.1443759,-0.48015022,0.65726095,-0.98741543,-0.85368854,-1.4769182,-0.5508065,0.59708816,0.35894734,0.7560326,1.8710779,-0.13881028,-0.037714973,1.3139374,0.30093005,-0.5992697,1.9032303,-2.9432251,-0.255366,-0.8252001,-0.72104377,0.64768547,-0.78120023
634,1.5312332,0.1275335,0.68633914,-1.345672,-0.33373833,-0.32127833,0.68053186,1.4375097,-0.4021012,-0.7107914,0.39275494,-1.4659166,-0.27856985,-0.15561125,-2.4224274,0.5878134,-0.7282515,-1.5990158,0.20694008,1.4151781,-0.7744264,1.1681513,-1.1415906,-0.13859878,-1.0902468,-0.1269719,-0.74382854,0.45955414,0.36477694,-1.1916314,-0.89822143,-1.7653551
635,0.11495625,-0.66487926,0.27930328,0.31806114,1.7350557,-0.806604,0.30735645,-0.46112692,-0.24513307,1.4704823,-0.3496459,1.2761462,-0.7865074,0.9121238,0.13905476,-1.0544649,-0.7846727,0.13312846,-0.21090013,-0.37583613,1.4603615,-0.46264204,2.494701,-0.121546574,-0.30080798,0.2877528,-2.5701458,0.5475547,0.12596245,-2.1690917,-0.46476424,-0.4983204
636,-0.07370336,-0.05934041,-1.5579355,-0.029407198,2.7501945,-1.6351422,0.18011956,-0.52046955,-0.1698998,0.052616816,1.1649691,-0.5742094,0.6642961,0.9172557,0.056845438,1.009346,-1.1947027,-1.2674073,0.19595845,0.021415452,2.851568,-1.1151234,-0.004091441,-0.46257466,-0.06571686,-0.04521207,-0.959843,0.8982435,0.7098041,-0.25678018,-0.5763077,0.46895775
637,-0.5411789,-1.0083255,0.48832607,-0.6924889,-0.54915565,0.5231352,0.047357537,-0.74570835,-0.20605487,0.6923218,0.15513973,-0.006372531,-1.7794856,-0.70482254,-0.96241266,-0.54283524,1.2550315,0.591398,1.6438158,1.9201372,1.3457164,-0.7413496,0.27746677,-0.04113344,0.039957114,1.1513822,-1.2397621,-0.41156507,-1.7205256,1.387121,1.697347,0.9180321
638,0.36640275,-0.28066334,-0.06590243,-0.61513466,0.73190355,-0.8831569,0.96464777,1.541396,-0.36581928,-1.0215827,1.0466899,-2.2937546,-0.2195154,0.23579401,-2.5423014,1.1990042,-0.12832046,-1.1382301,0.85392827,2.0651317,0.09444176,0.65829045,-0.7804559,-0.27797872,-0.62029046,0.6812863,0.26271293,-0.008805899,-0.41445792,0.40374142,-0.642253,-0.42977414
639,-0.18951756,0.31373647,0.88750005,0.6827674,-1.1509181,-1.9838248,-0.6505544,-1.3742877,-0.9843052,0.078054704,0.10876099,-0.17941026,0.085033424,-1.4053956,-1.4649696,-0.71080905,0.6107097,1.1176655,1.6047863,1.1244545,0.31503975,0.3384148,0.9947795,0.2457067,-0.33079305,0.640055,-2.6145663,1.0426297,-0.8948667,-1.5782608,-0.24791695,-0.34476364
640,1.730307,-0.33719203,0.92563564,0.24962543,0.3939282,-1.1913806,0.51327646,-0.880762,-0.8605308,0.45968416,-0.43100694,-0.28550553,-0.29334554,-0.6644858,-2.2002864,-0.59884816,0.70937544,1.1734897,2.0662003,1.1529862,1.5616118,-0.9783004,1.3024436,-0.36240733,-0.079964064,0.5234086,-1.8542414,0.0011419323,-0.08659288,-1.2679156,-0.93212676,0.40040383
641,0.1664013,0.3655748,1.3090408,0.14333162,0.15887648,-0.81619406,0.50182873,1.1003592,-0.44200543,1.4897755,-1.5469317,0.9924711,0.048918266,-0.3897524,-2.148984,-1.8474845,0.22936547,-0.033840396,1.1530885,1.0456932,1.1139573,-0.10430813,1.6022934,0.51668465,-0.19478455,0.004595902,-1.5546224,-0.053732466,-0.16078243,-1.698804,-1.4277523,0.8191857
642,1.112248,0.7276206,1.9360827,0.31851822,0.4354396,-0.12642266,-0.107302725,0.8225175,-0.6494382,1.5872594,-0.2706538,1.1496772,0.26889592,-1.1204317,-1.8579288,-1.5404178,-0.43537033,0.9677268,1.6102266,0.33096573,-0.25717834,-1.0862715,1.0994041,1.0465933,0.20984387,0.13572977,-1.5875844,-1.4885521,-0.73356235,-0.1049786,-1.2973344,0.83480704
643,-0.41810682,1.9259701,2.0887656,0.80959344,-0.14666295,-0.45115238,-0.56651574,0.9978683,-0.44426396,1.3527466,-0.61255515,0.8673129,0.4906808,-1.4556305,-1.8016715,-1.9356292,-0.6053243,0.5053057,1.1721153,0.6624852,0.23589535,-0.88402736,0.7326127,1.2054553,0.18226124,-1.1252264,-0.9915419,-0.6025919,-0.22322866,-0.29859486,-0.8372161,1.2260492
644,-1.1428823,-1.650155,-0.7987824,0.19431871,-0.56829834,2.224258,0.30722728,-0.9292746,0.2549291,0.55286896,1.151896,0.4791259,-0.4272634,-1.022431,0.086326025,-0.56296265,2.0702093,0.5686589,0.921318,1.5564319,1.1049777,-0.8198025,-0.17875728,-0.4839224,-0.11955715,1.4766834,-0.93761855,-0.8724539,-1.2185873,1.0368537,0.66040033,-0.16684656
645,-1.0341884,-1.6890599,-0.45442495,-0.13554385,-0.6121629,2.5110137,0.8035757,-0.91503644,0.5268219,0.8384788,1.6816142,0.39960214,-0.0813592,-1.5712131,0.2827713,-0.86489266,1.5803671,0.21048518,0.8478002,1.4622798,1.2164772,-0.6977812,-0.27282557,-0.24995252,0.034352228,1.1983055,-0.5545654,-0.7141786,-0.8144004,0.8473694,0.45211554,-0.010144887
646,-0.92319965,-1.6553535,0.022160877,-0.8750765,-0.38346824,2.2947757,0.25356257,0.20723403,1.9130756,0.2070192,1.5057698,-0.054989174,0.6926689,-1.2706376,-0.041287422,-0.20878513,1.5126041,-1.4228088,0.9857364,1.6467489,0.37964854,0.07910977,-1.5243335,0.029143801,-0.8249698,0.00057421805,0.09956749,0.25087804,-0.27322522,-0.1957209,-0.27867186,-0.60244405
647,-0.32993287,-1.7162712,0.42058483,-1.3352919,0.104365535,1.1185385,0.26344845,0.73152333,2.084341,-0.616262,1.2993765,-0.6472614,0.86349565,-0.4456261,-0.2026439,0.4231679,0.821303,-2.0367796,0.77977425,1.5455481,-0.48979658,0.6872784,-1.6671506,0.2903889,-0.81627727,-0.3206324,0.8889516,0.9566631,-0.26726863,-0.54917276,-0.39268947,-0.4678401
648,-0.70963335,-1.2905728,-0.07705657,0.6580429,-0.67707133,1.8072929,0.13875915,-1.2175628,0.7849871,0.35766774,1.3253524,1.2901115,1.0873693,-1.7192378,-0.17587551,-0.7880783,1.8659807,-0.059648965,1.7683201,1.0159029,1.2445269,-1.3059794,0.55262446,0.21089599,-0.46366134,0.9535018,-0.7895158,-0.27526313,-1.1137468,0.1284774,0.0016165043,0.67885625
649,-0.5731221,-0.97407,1.1538649,0.36654884,-0.66089934,1.3407055,-0.41433293,-0.4350345,1.307503,-0.3450241,0.8869586,0.95210725,1.0531642,-1.3292549,-0.80612624,-0.41295168,1.5103065,-0.6958261,2.5628629,1.6575717,1.0559093,-0.8805008,0.029624073,0.68478626,-0.7155276,0.043009255,-0.93009174,0.38911793,-1.3800604,0.42109442,0.19499686,0.52976394
650,0.067568734,-0.9841479,1.6307454,-0.76602477,0.2662199,-0.49275804,-0.29599166,0.6999477,1.373131,-2.070677,0.47702172,-0.41577026,0.8363328,0.0228498,-0.5912501,0.45011798,0.30934826,-1.8273323,2.021798,1.6317372,0.2381296,0.88804924,-1.2247498,0.68522674,-0.54165435,-1.0345256,0.20988554,1.4177796,-1.0425614,0.15627238,0.04333422,0.49119732
651,-0.321656,-0.0060973153,1.817233,1.1396459,-0.41435352,-0.53361714,-0.90723956,-1.3550355,0.028993305,-1.7218047,0.19483785,0.30821598,1.1429719,-0.6346432,-0.44519216,-0.0032474506,0.5653173,-0.28014228,3.0255299,0.72264063,1.6367364,-0.77295995,1.2644839,0.7356412,-0.46222094,-0.24377309,-0.52337354,0.6456668,-1.5088062,0.095160544,0.0064614504,1.3794625
652,-0.41029558,0.732718,1.8346468,0.34526813,0.56470716,-1.9801856,-0.679287,-0.5487601,-0.117484815,-2.5104914,0.6364509,-1.0510335,0.947784,-0.26293126,-0.30819494,-0.12741227,-0.37451068,-1.5562873,2.2605863,0.24204643,1.5755876,0.39079833,-0.17638096,0.77121234,0.097653694,-1.2675501,-0.14034885,0.89175963,-0.7737469,-0.022860322,-0.15850252,0.8920695
653,-0.696944,1.3196919,0.81968814,1.5083244,1.0913746,-2.0009181,-0.8200247,-0.8164408,-0.26859444,-0.42083555,-0.38898894,0.40097922,0.91332567,0.39567676,0.017620116,-0.9169977,-1.1807363,-0.61798835,1.0125595,-0.5864882,2.3947096,-0.4263343,1.1825943,0.9628325,0.35870665,-1.1785544,-1.5705036,0.47437766,0.45132723,-0.29506636,-1.0085908,1.0743271
654,1.1029587,-0.8996599,-0.23673233,-1.8228537,1.2965069,-0.7115208,0.72248304,-0.40101826,0.1544762,-0.06879198,1.7294061,1.036825,0.22707528,0.7479676,0.93106586,1.8790603,-1.5463209,-0.3766322,0.6126828,-0.5617936,1.5268732,-0.98635936,0.2867061,-0.3911773,-0.43790472,-0.022949226,-1.5705992,0.68674827,0.75927126,-0.27835998,-1.6121644,-0.59008324
655,1.2862794,0.29932246,1.4967724,1.1866024,1.2291516,-0.839325,-1.2180061,-1.7024583,-0.9536157,-1.4370029,1.4604727,-0.30426493,0.9889994,-0.09151788,1.044281,0.33900785,-1.1266886,0.26240233,1.9855554,-1.0981852,0.30783796,-0.5631216,0.7641023,0.050925072,1.2316546,-0.92395574,-1.237678,-0.0917759,0.19077219,-0.11260177,-1.0100807,0.5984322
656,1.2569871,0.21721698,1.4605405,0.68230605,1.8708495,-0.12335201,-1.2088953,-1.2880982,-0.806751,-0.95232856,1.6709163,0.13732907,0.8819728,0.66325194,0.7904885,0.43268383,-1.9530004,0.63666487,1.7022707,-1.0633265,0.62587285,-0.9842881,0.5392867,0.3040048,0.8400279,-1.2538577,-1.3048173,0.031908147,0.177355,0.055479884,-0.6220947,0.7045682
657,1.2403527,-0.21397527,0.46277955,-0.45716634,2.0943582,-0.38929427,-0.3938495,-0.85073423,-0.7238456,-1.0808482,2.112842,0.3381573,0.81482774,0.40130165,0.56123716,1.7786503,-2.0057888,0.4937879,1.6995968,-0.92888045,0.6607178,-0.8778572,-0.4665922,0.19686832,1.045008,-1.0029866,-0.1139419,-0.291672,0.25265807,0.47205824,-1.1854036,0.65819997
658,0.9969176,-0.78520674,1.0836768,-1.0521019,-0.2348848,0.8823752,-0.09362983,-0.18880871,-0.4446535,-0.26913488,1.3562,0.23706818,-0.56006014,-1.0020494,0.22136891,0.044021547,-0.4970378,1.6297777,2.5540683,0.96159476,-0.13806643,-0.6258927,-0.71622205,-0.5158171,1.3551112,0.5953753,-0.6334693,-1.9910035,-1.5038748,1.8410462,-0.17217836,0.9722753
659,1.0176793,-0.05711042,0.6262973,-1.0744407,0.48680347,0.3794786,0.14059533,0.37006637,-0.53109705,-1.3641587,1.4829398,-0.713581,-0.24984889,-0.65261257,-1.804025,1.264236,-1.1038395,0.20796193,2.136187,1.1458216,-0.6450317,0.06331283,-2.2614682,-0.03893571,0.7264208,-1.0781572,1.0261192,-0.9905539,-0.44569266,1.0269278,-1.1112982,0.44393978
660,-0.33973393,-0.5580468,0.21782938,-0.16867265,-0.54712224,0.2558895,-0.12352678,-1.0061661,-0.73275673,1.4208318,-1.0983828,0.005262933,-1.6941451,-0.5911033,-0.25274658,0.25706944,1.5137819,0.19774035,1.5025808,1.3410435,1.1644094,-0.95832163,0.5672696,-0.32917935,-0.05582273,1.7626157,-1.8164811,-0.69871587,-1.5639257,1.2541993,1.6710976,0.14114122
661,-0.32640862,-0.37573424,-0.85963994,-1.9442885,1.8614403,-1.0393847,1.1314656,-0.014363843,0.4875221,-0.69231826,1.5456814,-0.67089397,0.53841543,0.94043636,0.038719166,1.4180933,-0.375109,0.76731795,-0.48885095,-0.29061267,1.7443416,-1.848427,0.4789161,-1.5705495,-0.41394603,0.6094039,0.25951555,1.268241,0.13550425,-0.43917036,-0.9807976,-0.07512091
662,-0.5857091,0.07846015,-0.30853784,0.20620781,0.8970325,-0.946766,0.6351081,-1.1219358,0.9639281,1.0030311,1.6777287,0.5403852,-0.6657973,1.8655455,0.6380657,0.09135749,-1.8625393,-0.7226187,-0.7174875,-0.23886772,1.2355081,-0.6632411,2.0199997,-0.888814,-0.4165329,0.105051115,-1.5535538,1.6091985,-0.24881329,-1.0184896,-0.17709477,-0.3002108
663,-0.19595604,-0.17973767,-0.49857086,1.0522954,0.9828663,-1.0703046,0.23551437,-1.3990393,0.69898444,0.8306319,1.3366375,0.56461406,-0.24340291,2.1987865,0.4060373,0.32237512,-1.6117929,-1.1871896,-0.58014977,-0.62917435,1.1550562,-0.924037,1.7300589,-1.0171607,0.023729675,-0.11723756,-1.290224,1.5129511,-0.6071544,-0.8724542,-0.59272766,-0.24398601
664,0.06903898,-0.26811466,-0.69285595,2.0087554,0.9706375,-1.1417879,-0.102663204,-1.5665187,0.31614977,0.6102743,1.1208386,0.3396535,0.16648637,2.1959229,0.2774974,0.35460085,-1.2786742,-1.3043915,-0.33578137,-0.7348023,0.88492835,-0.9452523,1.3971397,-1.0738258,0.58344936,-0.23230274,-0.9626153,1.3330405,-1.0861474,-0.58170855,-0.6040323,-0.5477281
665,1.0997639,-0.2797833,1.7137216,1.5478779,0.582106,-0.5353182,-1.5737774,-0.3347171,-2.726769,1.0454519,-1.2115998,-0.20452622,-0.7355365,0.13880344,-1.0768518,1.5280637,0.052196573,-0.3760686,0.23795848,-0.3631019,-0.21502881,-1.7587262,0.7582677,-0.071907654,0.32933876,-0.0039872965,-0.6880014,-0.256353,-0.8211473,-0.89646506,0.8489476,-0.63249654
666,0.016925195,-1.0297085,0.0636328,1.1972083,1.4708998,-1.2225512,0.024079282,-0.12937176,-0.7628697,0.43313476,-2.0116348,0.9843369,0.28583044,0.82871526,-1.2518665,-0.107971184,0.05242597,-0.55291325,0.7307148,0.6939417,2.4517388,0.31262577,0.12833555,-0.26931757,0.74784756,-0.91102135,-1.3261123,-0.17805888,0.2851012,-1.4061818,-1.4971508,1.3508408
667,0.8293477,-1.347179,-0.33306858,0.64427257,1.5506018,-1.4920819,-0.15458994,-0.9286454,-1.7119249,-2.0285175,0.94862056,0.052201338,0.5504951,0.2274197,-1.0147275,0.8067263,-0.108468816,-0.22833541,1.6306506,-0.18152952,0.5259948,0.53112525,-1.6183722,-0.48419458,0.0090195965,-1.526268,0.021166163,-0.311629,-0.56756455,-1.1924614,-1.8344759,0.9172089
668,1.7049164,-1.7965639,0.12708396,0.22104119,1.7974472,-0.9031715,-0.24240364,-1.4972268,-1.1321073,-1.3581449,1.3823,0.62523144,0.5658701,0.14689715,0.55738693,0.52274466,-0.7939334,0.6828376,1.924872,-0.9072384,0.47726324,0.30685544,-0.8252441,-0.7789357,0.85283786,-0.8667033,-0.3092437,-0.68766207,-0.67965907,-0.46573335,-1.2962035,1.1480037
669,-0.19393316,-0.083571315,-0.78276294,-1.1573281,2.1239376,-0.868187,0.37002406,0.37954408,-0.026924554,0.50369257,0.9596329,1.4831296,0.23235446,0.5104289,0.2113064,0.5590772,-1.9314166,0.32098597,-0.63635325,-0.15785266,2.7094169,-1.1273761,-1.0574684,0.12270381,-0.3617298,-1.4867802,-1.4344385,0.33397096,0.9962019,-0.47847128,-0.86729217,0.39397332
670,0.8458564,-0.64430225,1.5797448,1.2194258,1.8778625,-0.70124584,-1.03831,-1.4950386,-0.41468275,0.092160344,1.023253,0.63511044,0.53337526,0.29443315,1.5945596,0.24548054,-2.0983782,0.2895762,0.6527215,-0.7723912,0.4788919,0.6015765,0.26074833,-0.5481247,0.81002843,-1.5486451,-1.9982969,-0.13448465,0.3757212,-0.8369459,-0.6351851,1.4145318
671,1.7413507,-0.32610446,0.5321284,0.06559633,1.9350904,-0.21881387,-0.7091184,-0.91022444,-1.3538798,-1.6094418,1.2666047,-0.26963773,0.75046587,0.11070829,-0.3899271,1.5062019,-1.4149084,0.9087564,2.1642847,-0.4150533,0.377327,-0.23923089,-1.1793829,0.030542035,0.7333749,-1.646514,0.3424814,-0.68505657,-0.1157596,-0.07255481,-1.211958,1.0635319
672,-0.6986968,0.78455055,0.7092834,1.5715927,1.7542672,-0.72801894,-1.4518384,-0.48211858,-0.9036574,-0.007099919,-0.43077838,0.06470618,0.6312264,-0.5548824,-0.8697647,-0.0985807,-0.66417295,-0.9609689,1.9069278,0.37486678,1.5819054,-0.84813535,-0.32457075,0.66426176,1.8832949,-1.5289996,0.13800506,-0.7406976,-0.42103443,0.845795,0.042813566,2.5791733
673,-0.78644115,0.6784661,0.3102292,1.6943889,1.9363724,-1.3085551,-0.66478753,-0.14220046,-0.046135567,0.84625703,-0.6780167,0.33270562,0.61754566,0.4357112,-0.5554608,0.024852844,-1.6378121,-1.4767344,0.876839,0.20897783,2.4326904,-0.6448941,0.5050066,0.6321419,1.1999581,-1.3641666,-0.8709448,-0.11186937,0.114939526,0.13147682,-0.7982034,1.8330226
674,-0.21214904,-0.20829122,0.50747573,1.641448,1.9706299,-1.5391797,-0.5084521,-0.8262501,-0.8764704,-0.29410148,-0.008294038,-1.2854681,0.40812176,0.28477776,-0.50835735,0.6391398,-0.3060891,-1.6140418,2.161841,0.69887334,2.3080652,-0.8846454,0.42041492,0.1965532,1.3855474,-0.571628,-0.4833034,-0.031995595,-0.49834338,0.16595337,-0.013380495,1.4640609
675,-0.065789044,-0.5390946,0.16853121,-0.82736266,0.12543109,-0.2140723,-0.17224158,-0.7165223,-0.51035863,0.22393486,-0.2751945,-1.319482,-1.3756932,-0.74155205,-0.851535,0.50810784,1.0879396,-0.3859966,2.4146125,2.0165007,1.5975446,-0.68210256,-0.50961167,-0.41343144,0.27292472,0.51716554,-1.0748476,-0.5880024,-1.7360135,1.4318444,0.9211932,0.68887097
676,0.334239,0.019201633,0.39775392,-1.1557876,0.32715565,-1.113624,0.8258949,1.1936356,-0.19727568,-1.1801878,0.80435693,-2.650335,-0.3042433,-0.04947676,-1.7721401,0.8642528,-0.019412944,-0.99121195,1.2018795,2.1458151,0.34198532,0.30780554,-1.0454674,-0.44127062,-0.56997645,0.3836732,0.12861592,0.23215225,-0.52893525,0.39300975,-0.8439139,-0.60343033
677,0.12776034,0.09642554,-1.0861499,-0.46634495,1.7695975,-2.556129,0.31764936,-1.0388877,-0.072472885,-0.5818697,1.6735698,-0.9604051,0.987233,0.9311116,0.41608357,0.90937597,-0.60878885,-0.3228485,0.42035365,0.33552113,2.0164106,-0.76149964,1.6244532,-0.82150775,-0.23826782,0.7132074,-0.83820516,1.3887775,-0.049008068,-0.86585915,-0.6918426,-0.5025494
678,0.044346344,0.022325087,-0.48102862,0.7545217,1.0042185,-1.6978838,-0.37117553,-1.7109714,0.36726075,0.53549725,0.014100541,0.47755507,0.005886497,1.8267884,0.0062212576,1.2046183,-1.2257528,-1.0130177,0.026563166,-1.3397135,1.7030425,-1.1069046,1.4875023,-0.92694163,0.47930825,0.021724477,-0.74631333,1.5036215,-1.02997,-0.7364069,-1.02333,0.108852975
679,1.7114475,-0.4691936,0.011680638,-0.0028303326,0.6429516,-1.4730623,0.69529295,0.370941,-0.718886,-0.70389533,-0.12588605,-0.5773668,0.5162415,0.6981154,-3.2153454,1.153518,-0.30829787,-0.89787716,0.9649984,0.9753366,0.36429426,0.31838313,-0.89002633,-0.11044691,-1.1258203,-0.6058762,-0.37079382,0.97417814,0.43355158,-1.4308264,-2.287362,-0.49640858
680,1.2418327,-0.8992658,-0.284351,-1.0720457,2.8666606,-1.1009207,0.78248537,0.14910093,-0.26747632,0.45675722,1.1174803,0.5598776,-0.1595923,0.5448253,-0.061091427,0.46453136,-2.1013246,-0.41430357,-0.15617083,-0.63513273,1.3893044,-0.49628767,0.01207063,-0.10069053,-0.86013144,-0.45696226,-1.4413266,0.80734843,0.5867923,-1.9469441,-1.0729328,-1.0749714
681,0.70056343,-0.6028177,0.24965386,1.3101963,2.421209,-1.1314286,-0.87422794,-0.29487982,-1.0679133,0.95338106,-0.643992,1.3744707,0.6903565,-0.48361394,-0.52760756,0.080215566,-1.489165,-0.24596268,0.5411809,-1.0568812,0.7561028,-0.15114635,-0.015477735,0.7288846,0.8601402,-1.2149328,-1.7348758,-1.1080849,-0.42229897,-1.0725008,-1.5854973,1.0550206
682,0.9587801,-1.1335845,-0.20659856,-0.8424287,2.7137952,-0.81807464,0.72766745,0.022652533,-0.4173254,0.32924923,0.81653357,0.78827244,-0.4494378,1.2176298,0.058451276,-0.0117152,-1.486622,-0.40011078,-0.2590411,-0.09224641,1.2141693,-0.2024499,1.1636052,-0.40193418,-0.8682041,0.35723403,-1.7694837,0.8116894,0.41280356,-2.4889011,-0.99019164,-1.2831982
683,0.11982345,-0.76925683,-0.082681574,0.7274996,1.8434478,-1.02882,0.13094239,0.1491333,-0.64412206,1.2739909,-1.4880701,1.5664594,0.019905223,0.76550484,-0.68478197,-1.0614958,-0.72003335,-0.1889682,0.0974979,-0.17075707,1.7087747,0.110794656,1.6591384,0.10848238,0.28449923,-0.4307523,-1.9144013,-0.109015815,-0.14584199,-2.2433918,-1.3636414,0.60832566
684,-0.5775877,0.2178706,-1.67794,0.82696694,2.364372,-1.0415179,0.39045948,0.09184901,0.043952875,0.17373934,2.333856,-0.6306111,1.576297,1.1218381,-0.64541423,1.2530869,-1.5521541,0.45698294,-0.7957943,-0.23853126,1.2766287,-0.14013135,0.89735395,-0.40007684,-0.056533616,-0.59162253,-0.06617569,1.0103902,-0.8314621,-0.41151312,0.14930728,-1.4567679
685,0.56147367,-0.30556783,-1.185903,3.0021048,0.95871675,-1.0917176,-0.39707202,-0.65755934,-0.58249205,0.70256776,0.5315667,0.06958665,1.1675766,1.2398503,-0.56402993,1.1968813,-0.82952595,-1.1118325,-0.12546116,-1.2938865,0.23106281,-0.4577514,0.6328985,-0.48247275,1.4876434,-0.3801655,0.14383012,0.9377887,-1.5361342,-0.4791993,-0.30351773,-0.7788248
686,0.0032945874,-0.22936761,-0.13439356,0.80605465,-0.1110803,-0.82356817,-0.10618869,-1.6362451,1.0251671,0.51342565,0.74828416,1.4472649,-0.80899984,1.6335928,-0.32633722,-0.6153228,-1.5834715,0.02108263,-0.38689023,-1.3122123,1.2883725,-0.075543076,1.0434074,-0.9685484,0.020562382,-0.5578001,-1.4048337,2.2234752,-1.1086828,-1.2931901,-0.14506437,-0.4872364
687,0.5172312,0.7171092,-0.66359663,0.1466549,-0.37199384,-2.101988,0.19207178,-0.30018812,-1.5316043,0.26727274,0.84132993,-0.18980409,2.0315077,-1.1472569,-1.5711744,0.7739762,-0.36376086,0.12214875,0.18951814,-2.0091279,0.36822325,1.8342221,-0.49202198,0.43389618,-0.08186347,-0.6134905,0.39188245,0.9908312,-0.6754802,-1.3275988,-0.19831814,-0.93249935
688,0.55107343,0.3102576,-1.6089303,1.877342,1.2855872,-2.1043491,-0.08579471,-0.2585546,-1.3766458,0.16967613,0.7377931,-0.84160244,2.205767,0.010112652,-0.8181482,1.9663583,-0.3422275,-0.52060515,0.10296941,-1.1457893,0.5925984,0.06940567,0.410796,-0.23473957,1.2852769,-0.23554425,0.84294915,0.5770375,-0.9447424,-0.68733037,-0.41268635,-0.75791675
689,1.7622427,0.46100384,0.3276924,0.6421112,1.3834019,-0.4248491,-0.72189707,0.67743546,-2.2028286,0.17299181,-0.14228813,-1.0575706,0.6556942,-0.6346264,-1.6855557,1.7765126,-0.6472217,-0.21360284,-0.5379395,-1.6170602,-0.7226894,0.1177634,-0.72672176,0.48963127,1.2763537,-0.64431524,1.5746167,-0.13837431,0.28993,-0.8484171,0.69660777,-0.39876804
690,1.7608004,-0.6062369,-1.4017382,1.2719936,0.32240608,0.50494033,-1.3484509,-1.0941769,-1.0246817,1.1690446,-0.6580708,0.33210805,1.4734395,2.0129461,-1.364592,-0.8029194,0.5240725,1.1405596,0.20859465,-1.0751244,-1.0211822,-0.23185438,-0.6321711,-0.30522382,0.84904766,-0.07824977,-1.6612816,0.016401187,-0.2157392,0.77263975,-0.4611814,-0.06993695
691,-0.6897377,-0.19197021,-1.8068953,0.67196965,1.4675264,1.0402277,-1.2333653,-1.0256392,-0.6848343,-0.5042173,-0.5376909,-0.36526653,2.0026383,1.0700517,-2.0320477,1.1726995,-0.17919408,-0.11764985,0.45868316,-1.1447052,0.6359224,0.5344556,-1.7490638,-0.18458313,0.3352895,-1.8038007,1.0296022,-0.061504163,-1.0315813,-0.74012935,-0.5991765,-0.824529
692,-0.65246487,0.6892489,-1.5708722,-2.039559,1.9096605,0.66134,0.42980427,1.0034527,-0.08145429,1.1132425,0.8726742,0.52388394,0.54554594,1.278051,-0.77149254,0.6404704,-1.6377268,-0.5873585,-1.1816972,-0.009721754,1.6046547,-1.3808802,0.38279873,-1.2199495,-0.30201155,-0.5210813,-0.23879533,1.0102102,-0.55571496,-0.8417332,-0.6671447,0.3989872
693,0.5382675,0.50734806,-0.34660304,1.424707,0.7204876,0.23522595,-0.44027734,-0.21558504,-1.4327153,1.9673617,-0.5563243,0.14100708,0.9444425,1.3028834,-1.2272427,0.2312599,-1.3295553,-2.3175936,-0.8804281,-0.8576994,-0.3862785,-0.7949612,0.87297994,-0.6386314,0.035280656,-1.3323191,-0.99677455,0.58431077,-0.6866036,-0.6362391,-0.46799102,1.6490794
694,-0.51349115,0.96975726,-1.5731698,0.27542055,0.9094351,0.542163,-0.36575156,-0.6976921,-1.8799903,0.8931865,-0.58841443,-0.31482056,1.7126279,0.20906256,-1.9538133,0.6178705,-0.9862528,-2.047524,-0.5264174,-1.0349791,0.44464552,-0.020014362,-0.34936276,-0.5836037,0.5335997,-2.1992652,0.89847827,-0.19948603,-1.4789305,0.16554464,-0.27318525,0.4457163
695,-0.9800909,0.41902804,-0.37888935,-2.2748194,1.194821,1.2055486,0.38315973,1.330292,0.6436721,0.779557,1.4130802,1.2451303,-0.306478,0.7114068,0.12797566,-0.12664239,-1.8100266,0.8235499,-1.0817368,0.15212914,0.6530445,-1.6271387,0.96567124,-1.0414703,0.020293005,-0.11848608,-0.8197286,1.2174114,-0.021919504,-1.4027636,0.1591305,0.5315344
696,1.825016,-0.3688089,-0.56763166,0.8290092,-0.20326808,0.06462344,-1.1784092,-0.21211943,-1.0845829,1.4853421,-0.8959661,0.41994748,0.80325305,1.7193142,-1.2094058,-1.0766166,0.50111604,1.5575539,0.3858812,-0.4632709,-1.980833,0.106087,0.21122856,0.13722183,-0.3483657,1.0479193,-1.8220657,-0.8060243,-0.06978462,1.5673344,-0.06936281,0.42378289
697,1.3487821,-0.83817023,-0.964081,-0.6473186,0.68502563,1.1959553,0.042022496,-0.09985669,0.2975819,-1.2638326,-0.7086267,0.22541872,1.8108916,-0.098825544,-2.4254193,2.1508956,-0.69679725,1.2254256,1.1645259,0.21010482,-1.5037699,1.2393997,-1.0672172,-0.36439717,0.16081607,-0.20456102,0.960678,-1.0394465,0.25000614,0.08664341,-0.39180058,-1.190108
698,2.0408096,-0.7286962,-1.159095,-0.06795929,0.8237393,0.6223062,-0.56976014,-0.46134368,-0.041622143,-0.93141264,-0.80793786,1.0582261,2.2060692,0.29531944,-2.5950527,1.6464326,-0.050241515,1.7162235,0.9909532,-0.67765605,-1.1270429,0.51645464,-0.50815266,-0.32786003,0.44943514,-0.5079659,0.5296704,-0.28709948,0.43702403,-0.78146464,-0.8477827,-0.017589403
699,-0.4602505,0.37450367,1.3501959,-0.78000915,-0.9709606,0.6681043,0.38627845,1.4426037,-1.4726255,0.7341138,0.5335643,-0.8396974,1.0398585,-1.2544111,-1.8961823,1.2404017,-1.0335865,0.3103669,0.5635753,-1.4487538,-0.64638644,0.5220541,-1.4407988,1.1251456,0.16815509,0.65051764,1.7892965,-0.6182279,-0.6526611,0.5536993,0.8001587,-0.444419
700,-0.5581047,0.10553149,-0.020072116,0.71942693,-0.61366034,0.6819594,0.21575436,0.20293674,-0.7722669,0.53823227,1.0791142,-0.5069312,1.9377844,-0.9103497,-1.2033207,0.16574024,-1.2944893,0.947999,-0.14316344,-2.4137063,-0.33431682,1.477865,-0.78283745,0.95545053,0.05376522,-0.8092364,0.9705809,-0.2679148,-0.7120915,-0.2002179,1.3463258,-1.2855831
701,1.2209389,0.29100266,2.8656101,-0.5569116,-0.58047444,0.81845355,-0.4340791,-0.56411624,-1.8174568,1.0602596,-0.0719505,0.055804938,-0.768776,-0.8085856,-0.7175939,-0.24577738,-0.79842436,0.13063757,0.98660654,-1.1258352,0.1793099,-0.06405146,0.42112336,1.1147883,1.000272,0.6469791,-0.18042663,-1.7100608,-0.54580575,0.65945005,2.0555027,-0.1788094
702,1.1390182,0.64840806,2.1960742,-1.743276,-0.2601387,0.38207206,0.3172611,0.6554017,-1.3067778,-0.8361498,0.49378088,-1.5592418,0.5335409,-0.8193684,-1.0359738,0.21014552,-1.5797391,-0.35306504,0.41772577,-1.1006181,-0.2813618,1.2170923,-1.1151128,0.47995484,0.6144983,-0.082922556,1.5774705,-0.94700027,0.38850346,-0.049945373,0.8238868,-1.3232422
703,0.69666237,0.1440015,1.4519073,1.2167381,-0.1783922,0.23352812,-0.6853312,-1.6681526,-0.93965405,-0.06248719,0.38146988,0.3388441,-0.09153422,0.49340516,-0.7730784,-0.6069741,-2.1314127,0.1572373,-0.19075602,-2.4476151,0.3843651,1.1048905,0.6351868,0.62709916,1.236342,-0.96268064,-0.5406416,-0.2012849,-0.7653253,-0.4324878,1.2074906,-0.6070264
704,-0.22305359,-0.372506,-1.4456289,-0.16955705,1.0745856,0.25536704,0.698643,0.8667797,1.2863053,0.20843004,2.1051672,0.36333928,0.62339914,1.6186287,-1.120867,1.432028,-1.9252051,1.1063492,-1.5387629,-0.5593147,0.61385936,-0.45696038,0.24942002,-0.94232935,0.29228425,0.82194746,0.576574,1.3033806,-1.0777092,0.04165245,0.05830445,-0.9422924
705,1.2655147,-0.506625,0.08588226,1.3295871,-1.083625,0.73230183,0.039608,1.3495233,-1.514423,2.6514328,-0.22165251,0.3799757,-0.32120675,0.16448392,-0.5345123,0.84993184,0.65884155,0.09886981,0.08183112,0.5048183,-0.9332723,-1.1368672,0.35481733,-0.22776492,1.3285162,1.3189219,-1.0195388,0.10257221,-1.5945253,0.24554911,1.830056,-0.85248667
706,-0.38089108,-0.15969329,-0.5966436,0.886267,0.34914654,0.4991306,0.8525754,2.0862622,-1.0982294,0.41069236,1.4474413,-1.3386414,2.4883983,-0.79124796,-1.080013,1.8563374,-0.94670504,0.4773323,-0.10446319,-0.49628317,-1.0744046,0.1305713,-0.5800241,0.50599086,0.37724474,0.33363065,1.3800015,-0.5845845,-0.35662967,0.18065462,1.0377259,-1.6091694
707,0.71464133,-1.4871701,1.9582032,0.36414048,-0.57950103,1.4415549,0.04589392,0.37810615,-0.84809184,1.1427693,0.691477,0.2952698,-0.62565583,-0.56078154,0.36434084,-0.47249463,-0.4714508,0.31163213,1.268649,0.76086277,-0.1131832,-1.3722409,0.709859,0.18689688,1.0143917,1.6180761,-1.1239488,-1.5506163,-0.7620204,1.0150124,2.029595,-1.7959015
708,1.3627849,-1.5270766,2.0355299,0.17643365,-0.794652,0.7241496,-0.0015569055,1.1202694,-1.1053475,0.13175869,0.66011643,-0.5100235,-0.007884097,-0.81886065,0.9700593,-0.052911736,-0.9422746,0.18264827,1.2095534,0.7676297,-0.3498706,-1.3004376,0.32694623,-0.35723692,1.4950833,1.5646064,-0.61299115,-1.2152629,-0.42832094,0.362027,1.3717499,-2.5741076
709,1.1759716,-0.08943313,2.2783208,-1.7302338,0.040790163,0.42191932,0.08529413,2.2720406,-0.6635219,-1.1689223,0.5386844,-1.383821,0.51857424,-0.33759055,-0.544046,0.7766284,-1.0847358,-0.48123848,0.8005134,0.92140293,-0.83842725,-0.010435082,-1.0977889,0.1353052,0.05218687,0.85934937,1.958969,-0.8181187,0.38506854,0.25546864,-0.10023045,-1.2772503
710,0.73931336,-1.2473844,1.9789815,0.3199157,0.23398238,-0.3440192,-0.3506899,-1.6112064,-0.78956646,-1.1018522,0.5085252,0.5791325,0.1681769,0.54093224,0.20033701,0.99214435,-1.6753482,0.29487562,1.067435,-1.3216999,0.19122832,-0.034756646,0.8540955,-0.17204764,2.5377007,1.5135585,0.6500454,-1.0253447,-1.4191244,0.55621487,0.9100436,-0.004863513
711,0.16135871,-0.13739571,-0.679867,-1.0167435,1.5051553,0.24304785,0.60056406,1.9105161,0.33370173,0.27849925,2.0940223,0.10747698,-0.26449317,1.2923328,-1.3103151,1.4039465,-2.0803115,1.1908957,-1.5887971,-0.16023453,0.52808326,-1.1884899,0.27103183,-0.5757241,-0.0033528786,0.7148263,0.14025325,1.5105122,-0.18415971,-0.7562715,0.3272994,-0.7066876
712,0.71537197,-0.05762836,-0.60246646,-0.37299454,1.6072662,1.1389419,-1.4061667,0.68766963,0.025689567,-0.96398526,0.38461235,0.45347133,0.7287063,1.9525633,0.7969319,-0.94413024,-0.8198838,2.3082993,-0.02996416,-0.53766555,0.3068339,-1.5426307,0.22214319,-1.6842049,0.7476482,0.83521694,0.19854137,0.15387805,-0.17903373,-1.8291951,-0.7902684,-0.5196313
713,0.5665864,-0.3166437,-0.9828904,-1.5902579,0.6425252,0.8100935,0.7679571,0.7944164,1.0734749,-0.16319586,0.7231448,0.9924299,-0.48997843,1.3196058,-0.30573937,-0.10149731,-1.3980426,1.5269368,-0.74624735,0.06666153,1.0907472,-1.8233267,1.0168083,-1.622753,-0.7099004,0.29117408,-0.29083744,1.1491852,0.57295144,-2.1906087,0.24357192,-0.5196424
714,2.2229881,-0.6121293,-0.94548345,0.9405122,-0.5607835,-0.29398853,-0.062377293,-0.40339214,-0.33713534,-0.33753055,-1.3431401,0.71040684,0.266183,0.43653613,-0.3504515,-0.30248293,0.3309927,0.9935884,-0.2153919,-1.3606278,0.560174,-1.5703697,1.4946011,-1.770265,0.66015375,-0.05399804,0.43552372,0.32238856,0.3138306,-2.694288,-0.102272265,-0.18704131
715,-0.8159094,-0.08039085,-0.26123825,-2.3146625,0.85788685,0.89451647,0.8961112,1.7893462,1.5457425,0.030618882,1.7408684,0.9102662,-1.159779,1.1040926,0.117322005,-0.55565697,-1.7274647,1.0761669,-0.63062805,0.46375015,0.85431063,-0.7361257,-0.394106,-0.7256073,-0.34423092,0.23447846,-1.104669,0.900677,0.04780601,-0.51739013,0.3791652,-0.5053758
716,-0.8208953,-0.10352943,-0.22766055,-1.9338759,0.78753173,1.0604558,0.9325088,1.281234,1.4749988,0.32612032,1.5233536,1.1099637,-1.0809791,1.3142929,0.346245,-0.55032396,-1.8104758,1.2616415,-0.8374092,0.45518738,1.0770429,-0.94164693,0.3577202,-0.9579531,-0.40501413,0.35868716,-1.3260025,0.9093857,-0.14660653,-0.66721517,0.29482177,-0.47553337
717,-0.67557776,0.018927831,-0.12601057,-1.6643988,0.64209616,1.1256663,1.0124664,0.9012178,1.5518672,0.6130642,1.359679,1.3185132,-0.8640771,1.3663714,0.5459259,-0.65521115,-1.9752073,1.1464525,-1.137173,0.4057303,0.9638519,-0.79491913,0.83719736,-1.0942719,-0.4223403,0.45832682,-1.3588189,0.85122156,-0.32260293,-0.7165702,0.019748738,-0.65176994
718,-0.97231126,0.22434111,-0.42941877,-2.1628585,0.62105167,0.76724374,1.108971,1.4159074,1.5388018,0.47686395,1.3227034,1.3234228,-1.216351,1.0162429,0.25725293,-0.6320905,-1.5613842,1.0903689,-1.0267211,0.49916452,1.1332241,-1.003352,0.31287032,-0.663366,-0.6586195,0.3513113,-1.3187099,0.8984388,-0.09017519,-0.29228798,0.33124912,-0.6992136
719,0.5016151,-0.47582904,0.23415053,1.9376873,-0.10647593,0.73320657,0.028885223,-0.81613934,1.024055,1.0017084,-1.1140888,1.4628583,-0.24581034,1.561787,-0.24914326,0.69062966,-1.4152201,0.3582659,-1.2716389,-0.18285613,-0.007774979,-1.114802,2.0605958,-0.9876375,-0.6944883,0.101352304,-1.938844,0.9259157,-0.18367411,-1.1034192,-0.22074014,-0.23268782
720,2.3668628,-0.77707213,-0.99883354,-0.6291069,-1.8462135,-0.38012108,0.08783755,0.8600311,0.14391658,-1.6559076,-0.07225994,-0.30194548,1.7570837,-1.0184246,-0.079753086,0.3786896,-0.75895643,0.20708005,0.18192855,-0.23950481,-0.14221445,-1.5064605,-0.2987304,-1.6496415,-0.42655835,-0.6540978,0.9566965,-0.046914738,0.7785056,-1.8360399,-0.5173116,-1.4379944
721,-0.7261861,0.21599492,-1.0447631,-2.1491218,1.7057877,1.3402902,0.7021002,1.3061537,0.13635254,1.2106936,1.0444779,0.4055862,0.80608517,0.89182764,-0.74727416,0.9246416,-2.09209,-0.23987809,-1.0768269,-0.055478044,1.155032,-1.2969257,0.70235324,-1.0738032,-0.41743183,-0.32699147,-0.4731805,0.8749184,-0.33278248,-1.0849417,-0.24743898,0.5507447
722,-0.088927485,0.014584994,0.41710812,0.6623828,-0.3369901,0.5238868,0.57484114,-0.17222634,-2.32455,2.524434,-0.5995918,-0.97465146,-0.22780585,0.4812,-0.42938253,-0.3114635,-0.9767453,-1.5437696,-0.24126258,0.4599147,-1.1541001,0.022073738,0.8294858,-0.1307636,-0.311458,0.060863897,-1.5793333,-1.0937307,-0.66433793,1.7475344,1.528802,0.5314898
723,-0.43828782,0.1953634,-0.6518102,-1.3947204,0.38141012,1.815405,0.8375926,0.49602208,-0.9567429,-0.34030703,-0.34793454,-1.0782801,1.6880385,-0.7590577,-2.1928518,1.211115,-1.886306,-1.3495483,0.39082375,0.15960383,-0.28237873,0.6230384,-0.8404623,-0.5920057,0.3178623,-1.3534645,1.3898532,-1.2700942,-1.2079742,0.6052897,0.14361738,-0.5731174
724,-0.3626773,-0.11783708,-0.648799,-1.7029021,1.470788,0.8262643,1.1110982,1.0826726,0.32844964,0.63685733,1.19464,1.0976295,0.35585257,0.7319783,-1.1689796,0.9664202,-1.9461628,-0.0076025436,-0.75096655,-0.10728631,1.0785997,-1.7631675,0.72207147,-1.3768508,0.36898687,-0.5212775,0.18973413,1.1207654,-0.3734348,-1.5459588,-0.3367877,1.5083776
725,0.5826295,0.0236715,0.6514141,0.7287492,-0.49801984,1.2474306,0.36738893,-0.18207254,-2.2931187,2.360091,-0.20392692,-0.84870505,0.19314012,0.6390874,-0.3814754,-0.9802006,-0.9962652,-0.71792567,-0.65168595,0.09370362,-1.8016388,-0.21988356,0.6849359,-0.5242631,0.69181085,0.15068953,-1.3337765,-0.6641879,-0.4505945,1.5500022,1.5551997,0.99641824
726,0.24179251,0.79355854,-0.82543457,-1.1683152,0.3999778,1.0187982,0.65669054,0.914382,-1.5521888,0.20590356,0.2553748,-1.1711197,2.0879653,0.58379865,-2.0873108,-0.005266502,-1.8133762,-1.7440009,-0.2946187,0.043994803,-0.67072445,0.39195216,-0.70059776,-0.87173927,0.5832532,-1.0218571,0.88158256,-0.9443666,-1.2747369,1.097513,-0.6776134,0.40690684
727,-0.242475,-0.38746232,-0.47107494,-1.6777979,1.9066267,1.3005047,-0.16406214,1.3238186,0.9408681,0.56509316,1.2378376,1.0729824,1.3254743,1.8004677,-0.81504047,-0.1971704,-1.0835961,1.2653344,-0.5238242,-1.0542496,0.25321996,-0.81529737,-0.79093266,-0.7591668,0.44838762,0.13295387,-0.81737804,1.2716155,0.73120534,-1.345231,-0.47329277,-0.18171534
728,-0.122261874,0.20059514,0.27519938,0.850616,0.6012996,1.6066602,-1.8152672,-0.92446494,-1.9629221,0.52367806,0.24311204,0.084825106,1.4093642,0.0030994194,-0.053821653,-0.1525215,-0.8327648,0.8975588,-0.72812957,-1.1266071,-2.0048196,0.1953167,-0.5373229,-0.69613457,2.3554306,-0.7625754,1.0430855,-0.52904737,-0.84619075,-0.4328646,0.9092506,0.92278224
729,-0.56922746,0.2619199,-0.79740644,-2.089175,1.4811338,0.7152765,1.1032213,1.1749287,0.6248194,0.80254954,1.5021688,0.85518664,0.1786516,1.0195805,-0.80346394,0.6118245,-1.8282447,0.18539669,-1.1470457,0.14100662,1.1687925,-1.5775082,0.75509226,-1.3404974,-0.1475505,-0.12697993,-0.0700082,1.1559684,-0.20024486,-1.1046374,-0.4603982,0.8376513
730,0.5630351,0.30593142,0.78995633,1.7439877,0.27962118,0.560751,-0.047345705,-0.020916967,-0.9556608,2.4979236,0.30255082,0.14784263,0.9333068,1.1588044,-0.7447057,0.206086,-1.5321654,-1.1517303,-1.4894301,-0.8249298,-1.7900699,-0.462426,1.1241386,-0.37751538,-0.03207916,-0.7069131,-0.8998875,0.7170614,-0.011212982,-0.4403038,0.05874918,1.8467678
731,0.9885816,0.49495617,0.45435935,0.1279634,-0.60385025,0.9932997,-0.060718205,0.37477812,-2.2421873,2.1529095,-0.18631098,-0.76597273,0.4867734,0.8866242,-0.62345296,-2.1346786,-0.6465707,-0.013514735,-0.70359737,-0.109770626,-1.9125569,-0.24175426,0.5332396,-0.33322746,0.31960195,0.11210685,-1.1641406,-0.71084636,-0.5176326,1.824047,0.97024035,1.024286
732,0.43005508,0.94709575,-0.6108167,-1.5955807,-0.039502785,1.3020816,0.28169578,1.1968997,-1.6447695,0.38945252,0.26179644,-1.0477433,2.2269695,0.39047205,-1.8691939,-1.21116,-1.526518,-0.90785253,-0.13740613,-0.47609133,-0.93302613,0.28162378,-0.5889988,-0.4292248,0.7126354,-0.86935604,0.41250703,-1.2093734,-0.92647755,1.5134795,-0.72131115,0.5755418
733,1.2699748,-0.76173395,1.1767085,0.14243622,-0.43496892,0.78401935,-0.70710236,-0.2538463,-0.84191525,0.9006343,-0.10612391,-0.34142578,-0.31435397,0.898036,1.0020125,-1.512103,0.2544515,1.7569293,0.95060533,0.83545417,-1.7516335,-0.10276629,0.3903908,-0.35703972,0.9935804,1.8748184,-1.9360026,-1.3182166,0.3039118,1.8436232,0.8855652,-0.38956684
734,1.0869477,-0.8212959,1.1979463,0.109468,0.5241623,1.6405033,-1.5142275,-0.15920545,-0.43047333,-1.0432819,-0.03052062,-0.12105654,0.31316388,0.83761716,0.79728645,-0.6225321,-0.14581953,1.7050622,1.3859062,1.1815847,-1.6425121,-0.25793052,-0.46937963,-0.9438915,1.8160049,1.6859096,-0.24216744,-1.4797142,0.09673863,1.1783832,0.087327555,-1.3567468
735,0.63018435,-0.34623483,0.17416136,-1.080291,0.44308832,1.0274516,-0.20262045,1.1211724,0.5785183,-2.3879774,0.63457096,-0.75340724,0.8069909,0.43064743,-0.24713679,0.4159985,-1.1365498,0.6187946,0.80309737,1.215409,-1.5345215,0.09953202,-1.2421807,-1.1529412,0.9688609,0.9818658,1.7564402,-0.772119,0.4865429,0.49175853,-0.5880912,-1.7993886
736,1.2010376,-0.712608,0.7140266,2.7128713,0.9985989,0.83819383,-1.4584807,-1.1151986,-0.1203067,-0.26573917,-0.3237615,0.9366071,0.9564693,1.4514457,0.38574398,0.46853855,-0.40584654,1.4337149,0.5743336,-0.29975572,-1.1923406,-0.5532233,0.53727335,-1.1992217,1.7407258,-0.0714286,-0.67497426,0.36696258,-0.08690576,-1.2638228,-0.012484778,0.8707325
737,0.8498977,-0.5530885,-0.64282835,1.934171,1.35298,0.28028873,-0.2188558,-1.3103445,-0.42557082,-0.7677293,-1.0552299,1.0990375,1.2998985,0.5019561,-1.1148905,1.6452565,0.1505538,1.743772,0.8555154,-0.4141151,0.16501127,-1.1794746,0.46156323,-1.2095652,0.48660946,-1.1872249,0.4917149,0.7056377,0.12851632,-2.0110056,0.95287395,0.43922156
738,-0.4249962,-0.6183658,0.54829484,0.6639677,0.5823511,0.28503954,-0.2143237,-0.32996315,0.073135644,-0.73121196,-0.58062434,0.7854324,1.217523,0.8659877,-1.0454533,1.1382959,-0.34930536,1.7840571,0.6929021,-1.3180145,-0.4397528,-0.7984256,-0.063595034,-0.49498835,2.1389577,1.7880363,1.8884112,-0.035389077,-1.918188,0.43814826,-0.16410848,1.8376521
739,-1.7369664,2.071489,0.52580404,-0.59696686,-0.95397115,-0.98872775,-0.82053673,1.6356541,0.03896975,0.39795184,-0.5560744,-0.2252834,1.2266725,-0.3110189,0.18763997,-1.7566305,0.6021405,1.2833745,0.20514798,-1.1478968,-0.94156796,0.2772461,-0.49882185,0.21151458,-1.1217457,-0.72248554,1.7150146,1.3945788,-0.85790896,-0.31654432,-1.2790803,-0.09805413
740,-1.1374168,0.40229,-1.4993607,0.18470709,0.85216373,1.1019778,-1.6063858,-0.46139255,-0.8640388,-0.10779607,-0.09144461,-1.0500379,2.620009,1.4158767,-1.0290287,-0.010216554,-0.30821395,0.44720027,-0.3895658,-1.6391084,-0.16934742,0.858439,-1.7725924,0.340119,-0.4685911,-1.1112177,0.74121577,-0.40348446,-0.64362365,0.28632978,-0.35465616,-1.325889
741,-0.7949183,-0.35795954,-0.8314407,-2.1345305,1.3649621,0.52976817,1.0118698,1.5746198,0.9488459,0.41552663,1.1245093,1.4152048,-0.72622555,1.176301,-0.68317443,0.31447184,-1.132409,1.1137449,-0.49246323,0.38762537,1.4113549,-1.6131531,-0.25004795,-0.9526261,-0.5461481,0.3116108,-0.8836295,1.1661824,0.31171536,-1.2496443,-0.0019837383,0.09301451
742,-0.57889557,0.05481251,-0.33955,-2.2740777,1.0461578,0.9547987,0.5969084,0.7946781,1.3361928,0.48447046,1.3505182,1.110575,-0.8327672,1.303155,0.71682537,-0.11940366,-1.5959644,0.8847843,-1.3196032,0.10321096,1.1429565,-1.0605209,0.5391887,-1.1236931,-0.8022442,0.2316612,-1.0850081,1.086636,0.16117436,-1.2207355,0.15730916,-0.77017593
743,0.18631282,0.45419523,2.067536,0.7684562,0.97860414,0.1173949,-0.26045936,-1.2996823,0.31901523,1.7005762,0.15913984,-0.27131873,-0.36851904,1.9755976,1.6093822,-0.6103986,-1.8687268,-0.8235573,-1.5072051,-0.5643271,-0.7529505,0.40683338,1.8902274,-0.74700356,-0.08019724,-0.25318086,-1.2116488,0.9019187,-0.14333482,-0.39476848,-0.33694193,0.16288058
744,-0.019118382,-0.42009112,2.523742,-1.4729819,1.0829662,0.884025,-0.22670493,1.507143,0.24699625,-0.7266905,-0.21015984,-0.98040295,0.4060557,1.5037334,0.94319326,-0.17471999,-1.1242613,-0.05689589,0.39603373,0.6960838,-0.8731869,0.9797318,-1.3840091,-0.07558438,-0.094392635,-1.1740712,2.3935819,0.23177975,-0.8216127,0.5413513,-0.7038654,-0.7227829
745,-0.84877354,-1.1417519,2.884206,-0.5251964,0.2323427,0.6931334,-0.92650694,0.29005352,-0.16461176,0.9246028,-0.6428011,-0.06879082,-1.1756076,0.5080684,1.8559332,-0.8719559,-0.58830327,0.6577344,1.586384,1.3075969,-0.069980375,-0.31323034,0.18335018,-0.16503419,0.79153246,0.8046086,-0.4875975,-0.33798352,-2.0853338,1.194166,1.2205629,-0.39707962
746,0.07413072,-1.1974213,2.1638358,-1.866795,-0.0800951,0.9382888,0.18930867,1.7745615,0.54444367,-0.36581847,0.15296715,-0.81934,-0.7735656,0.4457515,0.47571877,-0.16892868,-0.9415295,-0.17987938,1.1529945,2.0176773,-0.772403,0.7786156,-1.8376838,-0.26333877,-0.15404229,-0.4395221,0.8892856,-0.17795512,-0.73520124,0.85323787,-0.09876388,-0.95884013
747,0.3085625,-1.5747706,2.5372956,-1.627182,0.45016402,0.21628298,-0.410535,1.3278341,0.64876664,-0.84929454,-0.22235812,-0.4036665,-0.5092744,1.0586329,1.2825246,0.00079517055,-0.9034229,-0.19894528,1.0721737,1.3647574,-0.5494555,0.9527946,-1.7459129,-0.5738804,0.23575091,-0.7596617,1.4326279,0.28138602,-1.0706435,0.35964674,-0.7041294,-0.50360537
748,-0.43910992,-0.6529089,1.0427042,-0.4201545,1.0909998,-0.5975307,-0.7435218,-1.678321,1.2197094,-0.88948023,0.658567,1.2614763,0.4347703,1.5300875,2.087527,0.3985313,-1.3556179,-0.6663484,-0.9436762,-1.4485726,-0.02452136,0.6331414,0.77917355,-1.1596534,-0.20571955,0.1389033,0.59504557,0.0045080762,-0.16639623,-1.348716,-1.5894,-0.088295005
749,-0.124384105,-0.33575085,0.71534175,0.86373645,0.07940073,-0.45428324,-1.6883157,-2.097292,0.05477105,-1.5575827,-0.20662503,0.68921036,1.4617842,0.44568288,1.0543731,0.6511565,-0.045310915,-1.0835893,-0.36121088,-1.9988931,-0.72307044,0.9863652,0.62222284,-0.6247241,0.32443473,0.14155328,1.1736256,-0.7922313,-0.55592966,-1.2851804,-1.3669994,0.8365846
750,-0.5398238,0.5088515,0.9308208,0.33226195,-0.9052045,0.23006567,-1.1416787,-0.19864522,0.8012949,0.31346112,-0.8260128,1.7043269,2.180337,-1.5854195,1.6326522,-1.1764818,0.064249136,-0.28660414,1.0926203,-0.95712614,-0.569608,-0.9149949,1.0524478,0.27519006,0.39611858,0.55652636,-1.3512282,-1.2875314,-0.6743402,-0.88784826,-1.034246,-1.6635844
751,-0.047708556,0.2808828,1.1461914,-0.7149118,-1.0905272,0.65191185,-1.2521033,0.5158274,1.6921235,-0.4587124,-0.74457985,0.98907924,2.530178,-1.1691552,0.92554796,-0.5855298,0.094285734,-1.4930215,1.065699,0.15797745,-1.2552624,0.08836793,-0.48670143,0.46809947,-0.65688336,-0.5181542,-0.8385811,-0.283893,-0.16469097,-1.4627012,-1.1607643,-2.175104
752,0.12693655,0.045379125,-0.008670271,-2.3696473,0.040194698,-0.27000624,0.8922358,0.44210547,1.7413516,0.65991443,0.6018682,2.0763824,-1.0286282,0.9443007,0.44508964,-0.47117844,-1.4762726,-0.27567407,-1.2946085,-0.62340033,0.6053442,-0.11338561,0.7670925,-0.7972822,-0.73848504,0.77452904,-1.529418,0.8797157,0.27025944,-0.6148651,-0.98240906,-1.3226016
753,0.7753017,0.068585396,1.328198,0.8072897,-0.4039766,-0.2072898,0.108004406,-1.0165579,1.0447571,1.1139219,-0.73686254,1.580303,-0.29934573,0.2428404,0.6599765,-0.41737244,-1.8615832,-1.2930212,-0.7256016,-1.3667984,-0.8658611,0.69284225,1.6206932,-0.29014325,0.38185316,0.5626421,-1.0098581,-0.32640806,-0.8362671,-0.36515582,-2.3531318,-0.3058034
754,-1.1283804,0.69662297,-0.046484362,-0.595416,-1.4505763,-0.16463196,-1.469586,0.46521068,0.50911814,-0.8271185,-0.30247426,-2.142966,1.1001987,-0.5501427,0.88826245,0.30740348,0.61253893,0.37795293,0.7012842,0.2682375,0.4667996,-0.6577334,-1.6613171,-1.584193,-1.2169002,-0.41617796,0.14734848,0.62000555,-0.99669814,-1.0304929,-0.27247366,-2.904752
755,1.9240968,-0.8590196,0.28086424,0.54327744,-1.3228596,-0.3257122,-0.21574928,0.6763658,-1.0668029,0.50331783,-2.4030282,0.57888144,-0.32235947,-0.29253072,0.041029703,-1.1304734,1.1786711,0.79341644,0.20153227,0.07697368,0.574977,-1.3939035,1.514743,-1.5261545,0.5470697,0.42459574,-0.5779561,-0.66536236,-0.3129228,-1.7228533,-0.58139336,-0.8662931
756,2.0595095,-0.532509,0.6685839,-2.119258,-1.4468125,0.30173284,0.10881281,1.3564355,-0.1981229,-0.9870859,0.6636006,-1.4648921,0.3991265,-0.6171251,-0.2995958,-0.5713442,-0.08600541,-1.03417,-0.0005248092,1.2796346,-1.2691034,0.086693004,-1.4403898,-0.33735228,-1.0062782,-0.7012803,1.1991147,0.023372294,0.2408981,-0.6771776,-0.6126349,-1.6621066
757,2.38811,-0.31170776,-0.24531218,-0.45009136,-1.762259,-0.77495503,-0.7334944,0.29138565,-0.010889046,-1.4590423,-1.061713,-0.07182103,1.5851678,-0.012455,0.25207016,-0.83880687,0.011753969,-0.48763472,-0.24262945,-0.8950925,-0.31386918,0.4208242,0.39958525,-0.614784,-0.5577246,-0.7874298,-0.32422695,-0.6819608,0.29494938,-1.7009239,-2.3824248,-1.9741381
758,-0.17377344,-0.5119369,-0.7574521,-0.28513744,-2.5847695,0.42348963,-1.493306,0.31695196,0.8853552,-1.3659719,-0.4374227,-0.34114724,1.2642832,-1.4264591,0.90583074,0.3906375,0.9576265,1.1337454,0.90678585,0.06745548,-0.66501975,-0.6239364,-1.6498821,-0.9955457,-0.5481507,-0.59930825,-1.5758779,-0.27602494,-0.8464113,-0.7975633,-0.24880393,-2.2218878
759,-0.9326234,-2.0192194,-0.6380164,0.3834107,-0.9444618,1.9911968,0.27864057,-0.5137188,0.09763366,0.58160156,0.035933174,0.5525946,-0.36033615,-0.97004646,0.06443803,-0.19677287,2.2457926,1.215448,0.95913655,1.2493032,0.94465953,-1.2365278,0.4907967,-0.9973367,-0.036221895,1.9095634,-1.0958651,-0.7818787,-0.8937303,0.142086,0.52414453,-0.62668765
760,-1.1006601,-1.7514995,-0.39556676,-0.03701811,-0.8680654,2.491934,0.7507623,-0.79231626,0.24623758,0.7597594,1.6179222,0.2920442,0.1192453,-1.7111429,0.55457973,-0.6366796,1.4465572,0.32207078,0.83333105,1.2535175,1.0425755,-0.97548413,-0.40859556,-0.34608966,0.1405374,1.4587234,-0.7100305,-0.8723884,-0.68298805,0.9328807,0.5258645,-0.55138814
761,-0.8340686,-1.7894193,-0.07784315,-0.46102586,-1.0952833,2.6146357,0.38763252,-0.006752869,1.2534292,0.20790182,1.5874621,-0.23597275,0.82162756,-1.5167158,0.5219927,-0.07547712,1.3892515,-1.1619468,0.8389151,1.366086,0.40794528,-0.6832094,-1.512558,-0.3837682,-0.4122365,0.19821651,-0.41151506,-0.27173957,-0.36159515,-0.14868341,-0.13143773,-1.4565216
762,-0.2602387,-1.6826748,0.40766525,-1.3585321,-0.2772463,1.2827125,0.4306566,0.86482483,1.7270826,-0.56161237,1.1852438,-0.8698314,1.1263932,-0.67729133,0.5361045,0.28651673,0.56445265,-2.299085,0.66308624,1.3424459,-0.44972104,0.38684946,-2.0134754,-0.07717987,-0.42316008,-0.30215663,0.6586983,0.6084547,-0.18917711,-0.7377446,-0.37706515,-1.1419808
763,-0.6930651,-1.5267853,-0.6877916,0.37302202,-0.9364757,2.377948,0.7277116,-1.320836,0.42751518,0.65777224,1.4766774,1.0323153,0.8111994,-1.8933691,0.22729559,-0.91956776,1.553744,0.30515003,0.8340753,0.9706158,1.1798567,-1.0335925,0.16836178,-0.22658244,0.12551335,1.521467,-0.6931558,-0.6921411,-0.7787522,0.46625414,-0.1337553,-0.073834874
764,0.92130685,-1.905392,0.49266747,-1.1225861,-0.65207,0.98310876,0.85952914,0.21590284,1.0530099,-1.0539746,0.8548,-0.5180157,0.81262344,-0.02182024,0.033197258,0.4250637,0.9071289,-2.159437,0.6414333,2.0927486,-0.11628871,0.32448867,-1.6237228,-0.12616365,-0.45386437,-0.9295931,-0.035744134,0.80922055,-0.8032557,-0.061682038,-0.9423732,-0.6535246
765,1.6802204,0.35889792,-0.22612445,-0.036178265,-1.408502,-1.5033902,-0.3410114,-0.78995067,0.39153394,-1.9437354,-0.753527,0.91134334,1.8446596,-0.65097535,0.36590686,-0.043547027,0.35417205,-1.1551099,0.6043782,-0.48206988,0.29640117,0.8638113,-0.4009246,-0.48217222,0.03473616,-1.0889341,-2.052734,0.58371097,-0.53154075,-0.56900704,-2.1614902,-0.8693196
766,-1.0099216,0.19912623,0.43383002,1.1224616,-2.081504,0.039495233,-1.1273582,-0.4287069,0.18586704,0.12145852,-0.61362404,1.3119608,1.8114223,-1.2919081,1.8214221,-0.8942897,0.7005878,1.146197,1.1448212,-0.50949407,-1.1590393,-1.121983,0.35261115,-0.4844463,0.68252295,0.74627554,-1.4234085,-0.5380382,-0.5181427,-0.39870554,-1.5284344,-1.352652
767,1.3521316,0.38302743,-0.41610268,0.8296261,-1.2471933,-1.6568872,-0.5120911,-1.5027947,-0.4790759,-0.023777544,-1.572848,0.9506672,0.94981855,-0.51598144,0.63701326,-0.14630164,0.84256476,-0.4304789,-0.029624002,-0.99557847,0.5681462,0.5200846,1.2327051,-0.5258177,0.10685864,-0.5455317,-2.5764878,0.23806554,0.05274105,-1.3947327,-1.6396652,-0.9096416
768,-0.26164153,-0.11694839,-0.7642146,-2.619226,0.73447406,-0.933758,0.83177245,0.12968598,0.5111096,-0.19357741,1.2748493,1.1693323,-0.6911371,0.73449874,1.0880094,-0.2362544,-0.9239282,0.47756314,-0.9943598,0.050358016,2.0820227,-0.13095625,0.072867796,-0.634177,-1.1164176,-0.24863568,-2.0292468,1.1549349,0.15787326,-0.9227707,-0.4778216,-1.1727005
769,0.113032274,-0.7156049,1.4997586,-0.3502659,0.20940815,0.29721078,1.1096213,-0.34108844,1.2074249,2.0377011,1.6116467,0.6223074,-1.5857828,1.0940022,0.9799492,0.45562294,-2.2394598,-0.3114656,-1.0780897,-0.18530904,-0.38381338,-0.193914,0.8396724,-0.91485804,-0.6797798,0.5778254,-2.0745769,0.42319024,0.22123276,-0.19146283,-0.3895429,-0.32883418
770,-1.2039918,0.44876257,2.6475005,1.0945568,-0.93863267,1.0425979,-1.636492,-0.8110128,-0.41136074,1.0703781,0.26968643,0.5950337,0.28152686,-0.8632116,0.87307286,-0.7835099,0.37699327,-0.68846947,0.42429155,-0.30016494,-1.7678348,-0.18920374,1.3187549,0.23895212,0.57270205,1.2036428,-0.67046267,-1.7787155,-1.3136778,-0.57672304,-0.14513284,1.4000076
771,-0.17820376,0.83084786,1.1845095,-0.45955458,-1.1493863,0.33187965,-1.4233077,0.24278407,1.624841,-0.21845338,-0.7960788,1.3856337,2.5001416,-1.2667832,0.6606772,-0.5652538,0.3310753,-1.1814165,1.0535645,-0.17535296,-1.4224284,-0.07552304,0.011446882,0.8998357,-0.8063329,-0.5200214,-0.74498594,-0.056642503,-0.25505766,-1.8315803,-1.070585,-1.4674041
772,1.7399526,1.3684162,0.93253905,-1.0413046,-1.3598173,-0.85853785,-0.90007186,0.32604158,0.676055,0.06566606,-1.0366063,0.8645662,1.4374411,-0.90845406,-0.30361143,-0.2933842,0.33325902,-1.2378122,0.27597296,0.070015155,-1.0281341,0.47188783,0.48777282,0.63631123,-1.1397529,-0.8751932,-1.547818,0.14394291,-0.3400089,-1.4140291,-2.2289603,-1.4328467
773,1.0260787,-1.0027184,-0.4968357,1.0762457,-1.5979997,-0.47877258,-1.9760256,-1.2968829,0.5099285,-0.06601661,-0.47674477,2.040817,1.7825344,-0.3777942,1.3404435,0.1475154,1.2479038,0.49747714,1.4049209,-0.29456177,-0.5909871,-0.63376194,0.52163035,0.15026717,0.45274547,0.03959944,-1.6698171,-0.46066245,-1.279928,0.42563117,-0.4583343,-1.4063218
774,1.5580724,-0.75287676,0.120475404,1.3421775,-1.9961327,-0.44288006,-0.5078789,0.33502114,-0.06499929,0.7260271,-0.7727836,1.6516533,1.2170436,-1.3156893,-0.3968613,0.5339384,1.4381847,-0.2896584,1.2126755,0.25791028,-0.097844265,-2.3869596,0.35504127,0.380533,-0.66891235,-0.05276626,-1.7579211,-0.55046886,-0.78256154,0.93287545,-0.60301995,0.10080314
775,0.43640572,-2.1245089,0.0364974,-0.25703165,-0.8165812,1.1827852,0.083441466,-1.4747423,-0.0576393,1.4381232,0.5070347,1.1828446,0.1254879,-1.1650933,1.1643562,-0.5676564,1.5397797,-0.087642394,1.059583,1.1857737,0.7467223,-0.6448547,-0.1851974,-0.047201186,0.95276594,1.1698555,-1.4899309,-0.53247136,-0.65915555,2.0687695,0.1519215,-1.1713406
776,0.99454814,-2.2447658,0.51557994,-0.54178935,-1.672513,0.3368143,-0.73954195,-0.90990704,-0.21116096,0.49259546,0.23163499,1.2530167,0.35121349,-0.6608992,0.7560334,0.24432983,1.4364743,0.21465936,1.4616804,1.1020283,0.3607005,-0.81997985,-0.41663635,0.0027267656,0.4596759,0.5305175,-1.9060647,-0.5662627,-1.0437626,1.9816446,0.27200523,-1.8008274
777,0.32201633,-1.4885468,0.3063578,-0.8250198,-1.4350816,-0.5425329,-1.8497375,-0.46767986,0.03782729,0.31806046,-0.4994613,1.0882307,0.892913,0.042071007,1.5866985,0.35763368,1.2129132,-0.3029906,1.6287534,0.86977714,-0.0824941,-0.0146238245,-1.0686841,-0.04333368,0.49048287,0.117465265,-1.7827244,-0.5004435,-1.3528044,1.933817,-0.22276431,-2.3528492
778,-0.88391453,0.1932657,-0.13855012,-1.4752172,-0.579566,-1.2710754,-1.0990216,0.45119885,1.2139622,-0.9979918,0.33394197,-1.6226405,0.81802124,0.6481787,0.55811083,0.57104874,0.52071035,-0.30896837,0.9054456,1.0747589,-0.2431214,1.1367856,-1.5827123,-0.92724174,-0.86553943,-0.30637643,0.8866265,0.25232562,-1.2501385,1.492755,-1.0604017,-2.3718214
779,1.4553074,0.17881589,0.09716826,0.5793008,0.31677526,-2.185687,0.33663753,1.8324505,-1.0020943,-0.32485756,1.3139001,-1.4759376,1.7646809,0.20323522,-1.6889066,0.2560334,0.06857389,-1.0686172,-0.3710343,0.85695034,-0.8734319,-0.23931035,0.7688443,0.42205322,-1.1166925,0.28200904,-0.7622339,0.9126371,0.3269327,-1.8188308,-0.7735286,-1.07615
780,1.6878269,-1.3071148,0.45826575,2.0410082,-0.8405852,-0.94522154,-0.3523032,0.45535251,-1.4936472,0.5235027,0.2835388,0.9529385,0.20192856,0.25973138,-0.11355677,0.11657229,-0.34155598,0.38450086,-0.013167331,0.43594617,-0.873522,0.008766515,1.4617251,-0.09839502,1.059328,1.4055314,-2.2712858,-0.03469511,-0.52865386,-1.4513717,0.30079874,-2.0631843
781,0.9455564,0.37775072,1.6142178,-0.37737536,-1.320961,0.27204493,-0.51295376,-0.1698574,-1.3219092,0.99283135,-0.46164855,0.9352564,-0.0061995173,-1.1909443,-0.03610896,-0.6469127,0.46790794,1.1336305,0.8182526,0.82144314,-0.46108297,-0.58717346,1.7526578,0.4242688,0.31523603,2.576341,-1.7579031,-1.3841249,-1.4766489,0.2551151,1.0427604,-0.7140814
782,2.2683332,0.28763205,0.5345317,-1.0200509,-0.3745289,0.005635665,0.17032085,1.5163008,-1.2032325,-0.79220563,-0.33149078,-0.53725916,1.4959471,-0.35924485,-1.5726883,1.2097799,-0.20956667,-0.18421064,-0.51747787,1.2175756,-1.5404037,1.0534693,0.4767635,0.16223542,-0.943088,1.9169879,-0.1351725,-0.27627164,0.24184947,-1.1986837,-0.85159725,-1.6865654
783,0.18095028,0.2418147,0.46315986,0.06559522,-1.4602622,0.13935743,-0.53117335,0.45948747,-0.9492752,1.3497533,-0.17458537,1.0394906,-0.6320753,-0.7857394,-0.88944554,-0.70972496,0.9274854,0.77951086,0.15967554,1.588495,-0.5002307,-0.105875835,1.4889203,0.61876845,-0.4004734,2.1770248,-2.8955107,-0.51990575,-1.1983268,-0.5242492,0.7118085,-0.5471286
784,1.4853816,0.4339141,0.36025012,-1.3296026,-0.54157174,-0.6839938,0.6770885,2.3055043,-0.4740642,-0.44604924,0.3234851,-1.3906835,0.19163366,-0.16792184,-2.1291018,0.69904065,-0.061267376,-0.98189086,-0.4886351,1.3759365,-1.2280589,1.0119497,-1.0515184,0.07692209,-1.4623408,0.14427151,-0.42698744,0.35519242,0.11916798,-1.066846,-1.233448,-1.6146363
785,0.20686115,-0.50036925,-0.12378461,-0.25712392,0.98459625,-0.61708474,0.36846974,-0.27386814,0.30191892,1.8920022,-0.043559402,1.5653608,-1.053225,1.5143607,0.25322875,-0.7577774,-0.8241898,0.49970886,-0.95976025,-0.46999493,1.0662414,-0.05131892,2.108549,-0.069373555,-0.9009508,0.4610529,-2.7741683,0.16350783,-0.46154195,-1.475502,-0.59851867,-0.8405519
786,-0.09993736,0.22322842,-1.2968739,-0.34441137,2.4621053,-2.4384706,0.10903485,-0.12955418,-0.2240592,0.12457824,1.5987453,-0.5078856,1.1005856,1.0857813,0.60978574,0.604028,-1.147757,-0.64108986,-0.054295197,0.45976156,2.7092698,-0.92142487,0.044446062,-0.690448,-0.51488155,0.10725849,-0.8028226,0.7692867,0.3175796,-0.0060558203,-0.2108017,0.27486068
787,-0.5084859,-0.7580213,0.3486288,-1.1229677,-0.9174261,0.5600056,-0.033910368,-0.74960107,-0.30120274,0.7320701,0.25877145,0.08508598,-1.6214395,-1.008849,-0.43530643,-0.73954386,1.4473045,1.1117978,1.182688,1.7724392,0.96215004,-0.52905476,-0.0016907474,-0.25185558,0.004704308,1.1123643,-1.075065,-0.6382648,-1.8150951,1.5231646,2.0074506,0.5512215
788,0.5814166,-0.33170617,-0.17464529,-0.92919195,0.40402532,-1.2111924,1.0342857,1.734635,0.17114922,-0.8343709,0.98548955,-2.1848295,0.21664317,0.29362056,-2.1416872,0.9429492,0.61067384,-0.3312228,0.14894105,2.2182922,-0.37727514,0.5914687,-0.5384171,-0.7507656,-0.8516748,1.1312544,0.21339817,0.16001493,-0.7037744,0.63394403,-0.6423787,-0.5405606
789,-0.2583786,0.5951799,0.74932784,0.9094509,-1.330705,-2.491143,-0.83203286,-0.78701085,-1.1541013,0.09429399,0.40811062,0.30473706,0.45322087,-1.3145598,-0.30062735,-0.4642165,0.97816956,1.747802,1.0200725,1.2432066,-0.71957177,0.6555286,1.3455224,0.48047805,-0.56776184,1.4190391,-1.6822481,0.7717199,-1.2269213,-0.794655,0.26565018,-0.47601095
790,2.2706902,0.56356823,0.97906756,-0.6698653,-0.5883118,-1.4923443,-0.18263642,-1.0088291,-1.1227417,0.9549375,-0.41204393,0.019402774,0.37834966,-1.209031,-1.2626486,-0.77938926,1.0346477,2.1878662,1.7179874,0.65896046,0.9680969,-1.1682643,0.42998582,-0.11453932,-0.52562225,-0.18127684,-1.3127884,-0.5251868,-0.85660934,-0.386301,-0.63059676,-0.028965073
791,0.3326262,0.9019674,1.0728842,-0.04243814,-0.73867977,-0.6487701,0.35999572,1.2962846,-0.3813053,2.0879264,-1.8325846,1.2964923,-0.06866971,-0.19930333,-1.7953844,-2.0354476,0.38514167,0.0872086,0.56114876,0.54737425,0.7302081,-0.12646268,1.3578584,0.7516644,-0.3982753,-0.38690007,-1.4879234,-0.5844174,-0.46090692,-1.1024615,-1.4701186,0.3903434
792,1.4380666,1.3591597,1.3547196,-0.7257787,-0.43287063,0.03257336,-0.29735884,0.7312996,-0.80901563,2.096003,-0.37993026,1.3534062,0.07360131,-1.2121131,-1.566378,-1.3388406,0.19393317,1.065996,0.83590996,-0.5405494,-0.460017,-1.2498772,0.36475375,1.1854967,0.020497952,-0.41442764,-0.6767987,-1.8756161,-1.2141594,0.72128516,-0.4969598,0.32619128
793,-0.00062779646,1.84951,2.2462368,0.5936905,-0.021776889,-0.033294983,-0.50839615,1.036513,-0.46282986,1.4804882,-0.73610723,1.067311,0.4753902,-1.1510015,-1.979906,-1.7335037,-0.6483818,0.68565243,1.3404741,0.4793607,0.023332529,-1.1562498,0.7203746,1.278568,0.17522195,-1.0693809,-0.57520884,-0.9884768,-0.33288583,0.07656373,-0.815531,0.9942473
794,-1.4165466,-1.7625182,-0.7808274,0.3212051,-0.76409996,2.326697,0.19123483,-0.8349104,0.12404261,0.532944,1.3258557,0.29491237,-0.11620717,-1.2876817,0.51812774,-0.47431478,2.0434635,0.75874615,0.85110736,1.2723956,0.8526078,-0.94335705,-0.26505804,-0.45446798,-0.20703577,1.4866482,-0.8559337,-0.78741044,-1.0216401,0.8013584,0.711065,-0.28141987
795,-1.0485945,-1.8316293,-0.4750844,-0.22249053,-0.78666985,2.5795422,0.7713956,-0.65893525,0.6089888,0.78991383,1.8927809,0.1753278,0.13380632,-1.6649852,0.3666715,-0.7139156,1.6312468,0.19050236,0.75424063,1.3592808,1.0885885,-0.6788617,-0.46442404,-0.24082822,-0.27231875,1.0598332,-0.43404996,-0.5983478,-0.61364377,0.5906748,0.44513422,-0.24932358
796,-0.98569477,-1.7538242,0.016781678,-0.9631683,-0.40646756,2.1511362,0.3647637,0.41098878,1.911435,0.19680804,1.7103173,-0.14245772,0.78450096,-1.1122211,0.08042988,-0.16268003,1.4551171,-1.4689531,0.79988,1.5048556,0.1750792,-0.024850504,-1.5214833,0.10389387,-0.93138605,0.050822925,0.3268795,0.3803828,-0.15075128,-0.3080777,-0.068810284,-0.79072446
797,-0.421337,-1.7886171,0.25545046,-1.2432989,0.08738421,1.185061,0.28940287,0.7062106,2.1064057,-0.52497363,1.3521291,-0.50549495,1.1631829,-0.51552296,0.032414578,0.3543749,0.8452708,-2.0474203,0.71444494,1.3445673,-0.43187582,0.5787965,-1.7261808,0.25155824,-0.91474307,-0.142713,0.9835269,1.0051004,-0.14308433,-0.7070539,-0.30013216,-0.5131573
798,-0.8000914,-1.3917639,-0.2803281,0.7028559,-0.77518624,1.8731335,0.18703213,-1.0079917,0.8038612,0.31964597,1.4910365,1.268922,1.341811,-1.8030311,-0.07288028,-0.69406235,1.8832321,0.14622013,1.5840461,0.73104507,1.0817592,-1.4520807,0.5262731,0.17828612,-0.6522887,1.2080067,-0.49230543,-0.1928695,-0.92600614,-0.08578276,0.1569342,0.46770272
799,-0.74594074,-1.1538024,0.89544475,0.365093,-0.6187496,1.6229296,0.10935743,-0.3353284,1.2796613,-0.09772729,1.3410537,0.8477048,1.0694858,-1.3127089,-0.5606579,-0.62282145,1.5926439,-0.8222121,2.2075894,1.6101911,1.1515732,-1.1270251,0.008371561,0.5377201,-0.6470881,0.3377015,-0.65696675,0.2965659,-1.3399463,0.4569509,0.33228448,0.38507745
800,0.14513534,-0.89907825,1.6319286,-0.49801433,0.39901444,-0.72523075,-0.4050192,0.5727228,1.3020872,-2.2765002,0.23031826,-0.18478522,1.2920811,0.06721002,-0.20614603,0.5965538,0.36409572,-2.0234926,2.0666523,1.3627112,0.265128,0.728351,-1.0379323,0.6871726,-0.4739155,-0.9278548,0.18938258,1.5425301,-1.0735055,-0.0023257968,0.12747355,0.39691523
801,-0.5728143,-0.67548305,1.0147601,0.65836924,-0.76709414,0.8882393,0.36038932,-0.6864078,0.3793283,-0.3933108,0.67123777,0.84532106,0.23071434,-0.8161418,-1.4509683,-0.6826625,1.4270694,0.47797632,2.4458508,1.67192,1.8105673,-1.0007305,1.1101288,0.6527222,-0.8055371,0.32913223,-0.38859633,0.34740183,-1.4810408,0.73767537,0.17802407,1.4250659
802,-0.16803911,0.119033046,1.8819293,-0.6119979,0.52894306,-1.2548324,-0.19716194,0.4086127,0.59444314,-2.4383576,0.77020264,-1.3728579,0.5086945,0.23485716,-0.6310942,0.1800947,-0.49249092,-2.0303035,1.9177662,1.2737204,1.1491224,0.8127203,-0.94217676,0.48824355,-0.20887841,-1.2129598,0.113326736,0.879771,-0.53197473,0.37892005,-0.17704572,0.0033256044
803,-0.42082992,1.2218144,1.0544606,1.0211065,1.3269652,-1.7057704,-0.66211617,-0.8606316,-0.18829083,-0.43376896,0.16555808,0.40650138,0.572746,1.0492942,0.53369606,-0.9745406,-1.4739264,-0.27402738,0.89757025,-0.7126062,2.261113,-0.6531436,1.7628256,0.8347136,0.03127914,-0.9853844,-1.9678903,0.43926507,0.4004422,-0.29680428,-0.87848085,0.41671088
804,1.2343066,-0.84203416,0.0033935225,-1.7681506,1.326733,-0.61883086,0.65178895,-0.4367445,0.07787755,-0.22227292,1.7509903,1.1064454,0.30420458,0.86531997,1.1088288,1.8655536,-1.5856318,-0.20929183,0.8052512,-0.41969532,1.3367922,-1.0633132,0.2453727,-0.46256456,-0.40108255,-0.025359632,-1.3661681,0.39372006,0.65923965,-0.057796802,-1.8254555,-0.6672652
805,0.5390914,-0.15897916,0.23804338,-1.4481899,1.7814826,-0.9046799,0.38145405,-0.4419172,-0.33413637,-0.9651962,2.524392,0.660616,0.44912118,0.49194887,1.2935536,1.4365834,-1.7757874,0.20358126,0.8240149,-0.68282145,1.3945549,-0.96215934,0.26879278,-0.36963058,0.13185686,-0.6521021,-1.0092534,0.5023442,0.5635906,-0.48121995,-1.3953167,-0.41198155
806,0.9763362,0.59631443,1.4573317,-0.04772616,2.1258361,-0.016643332,-0.9066833,-0.6437018,-0.50903296,-0.13627765,1.2748646,0.89408875,0.6257935,1.0524377,0.884978,-0.11059732,-2.3443599,0.6975861,0.8938814,-1.0366808,1.3664467,-1.3156201,0.5818142,0.33885047,0.5698358,-1.4983195,-1.6431091,-0.070026815,0.48686698,0.2515864,-0.4811961,0.37556192
807,0.7618473,0.33975238,0.63991815,-0.37291804,2.1717489,-0.06831868,-0.5051474,-0.5816774,-0.883998,-1.100283,2.079275,0.16697893,0.93386173,0.6558344,0.55205005,1.2068795,-2.247752,0.56496745,1.4965488,-0.8412342,1.0354623,-1.1546906,-0.59922093,0.48306572,1.0019428,-1.2394816,0.116741374,-0.54749167,-0.16295867,1.0233883,-0.6111984,0.50618005
808,0.95305365,-1.0215613,1.0672992,-1.2203298,-0.6348336,0.99847674,0.044154264,-0.17042427,-0.24195324,-0.040582657,1.3350788,0.2472729,-0.7077487,-0.96952504,0.4537317,-0.4439816,-0.14272699,1.8339294,2.1214888,1.1933869,-0.062175617,-0.46525136,-0.5614399,-0.5832207,0.9631589,0.82195926,-0.8333452,-1.8613622,-1.590773,1.9298403,-0.07113421,0.6409319
809,1.1271904,-0.27762258,0.34780812,-1.2382683,0.39059702,0.59539205,0.32575595,0.23861973,-0.33001366,-1.2654012,1.2891766,-0.87625325,-0.41439152,-0.59761935,-1.8721491,1.1565387,-0.86448205,0.26622894,1.787586,1.4524285,-0.36100516,0.36849186,-2.4010088,-0.0062799524,0.33241543,-1.1076502,1.270749,-0.7800078,-0.3733954,1.155672,-1.1626401,0.13799359
810,-0.2342131,-0.72520125,0.2178952,-0.32889265,-0.49319953,0.13118276,0.19394006,-0.46886295,-0.46378934,1.3525922,-0.84686476,0.15720765,-0.8972222,-0.45713997,0.2943134,0.21932901,1.8360325,0.95829123,0.90164435,1.4370993,0.27813768,-0.84715384,0.8237448,-0.54363334,-0.01607896,2.5181253,-1.4129773,-0.7872888,-1.6531051,1.5112275,2.0671844,-0.30597663
811,-0.8442006,-0.69064045,-0.9988084,-1.4540454,1.823817,-0.33612126,1.0879399,0.42858043,1.1713951,-0.8853106,1.6596652,-0.11939284,1.0041643,1.6794174,0.30893296,0.38700536,-0.55335665,1.6666979,-0.839972,0.031168872,0.659741,-1.4953002,0.5891047,-1.5374541,-0.093690366,1.0217035,0.43305215,0.66890275,-0.6822571,0.17362757,-1.1109574,0.010025215
812,-0.9373743,0.14255172,-0.026763607,0.87548375,0.5601719,-0.5599227,0.71199673,-0.5037131,1.2557586,1.3437334,1.599936,0.6690974,-0.78259957,1.9885314,0.959706,0.52826566,-1.8865125,-0.55797744,-1.29595,0.61081797,-0.32295698,0.5955861,2.0648217,-0.7129623,-0.80970794,0.8841725,-0.9292271,1.2259351,-0.6534428,-0.19423367,0.34405097,-0.43165827
813,-0.68085235,0.14027002,-0.009878104,1.8175648,0.49762812,-0.781344,0.31742492,-0.66597337,0.9901417,1.4542665,1.1951997,0.6173475,-0.49488273,2.1309624,0.9191525,0.6572628,-1.4927448,-0.9480777,-1.2742418,0.5439371,-0.80151236,0.65147424,1.9989663,-0.72466075,-0.64623064,0.8862054,-0.6929013,1.1435062,-0.90108585,-0.09754708,0.1340752,-0.32422644
814,1.8202082,-0.4744995,0.5897214,1.6907204,0.17763458,-1.070883,-0.7510516,0.7252392,-2.5426202,1.298072,-0.7247001,0.6594722,0.71854603,0.46789882,-0.4828379,1.2490119,0.61519676,0.13446873,-0.2671788,0.07504643,-0.6184662,-1.6540356,1.4886377,-0.3664982,0.75894934,1.1374459,-0.8209469,0.04039878,-0.7696346,-0.99797696,0.3612689,-0.49226743
815,-0.28414893,0.2620581,-0.12274372,0.94770104,0.57621586,-1.3899922,-0.48265204,0.4015189,-0.9813605,1.2981482,-2.4411821,1.3550375,0.10135129,0.49174312,-0.8558177,-0.9414011,0.402594,0.18599294,0.027685063,0.6258823,1.9961767,0.45844108,-0.4752392,0.22239141,0.21422994,-1.4234086,-1.5448238,-1.0961218,-0.23193796,-0.50795907,-1.3218946,1.3712003
816,0.74109566,-0.016335888,0.21607064,0.42872295,0.7823687,-2.1621768,-1.2364246,-0.8840335,-2.3594608,-1.1989449,0.47576702,-0.6757353,0.33549333,-0.04170981,0.45602667,0.45771277,0.9454043,1.1588056,1.1552613,-0.35590166,0.25365406,0.58098525,-1.7596484,-0.37764904,-0.9893335,-2.109994,-0.49705076,-0.41891798,-1.4147748,-0.9105926,-1.0529854,0.15813321
817,2.0136461,-0.8295564,-0.54295397,-1.4834098,1.242584,-1.3041458,-0.20418052,-0.72716165,-1.3287022,-0.47504866,1.2611483,0.6054704,0.26881424,-0.13779323,0.8458796,1.038185,0.015090183,1.7316747,1.2205664,-0.9322938,0.38177186,-0.04264675,-1.9455849,-0.61598986,-0.16297318,-1.2436802,0.73163694,-1.0011817,-0.863258,0.0578269,-0.9075314,0.4005229
818,-0.6690115,0.3381787,-0.9249741,-1.4495982,1.6849703,-1.1305639,0.04978508,0.6314352,0.10461583,0.7616645,0.510597,1.5797309,0.1097645,0.5904139,0.44205564,0.56412303,-1.8916805,0.6063324,-0.9897626,0.16278218,2.5199444,-0.853365,-1.6040188,0.28912386,-0.24186113,-1.5899669,-1.2651094,-0.19722354,0.5626828,0.49301258,-0.58475,0.40108785
819,-0.100796916,1.1408126,1.8849201,0.7723521,-0.18099673,0.033801563,-1.6590519,-0.6929066,-1.4559294,0.74873954,0.46875927,-0.28683642,0.04939293,-1.2429154,0.87819815,-0.97109395,-0.11814008,1.7557129,0.87687594,0.35626388,-0.42561007,0.6643343,0.105375364,-0.017862435,0.60532904,-0.9862435,-1.333247,-1.898072,-1.5230848,0.3384867,1.1667382,1.943048
820,1.9987614,-0.07106045,0.30994296,-0.71844447,1.256692,-0.18795976,-0.3871522,-0.16090257,-1.0993583,-1.3390515,1.2942408,-0.24378435,0.6380673,-0.22456074,-0.46712306,1.6334684,-1.0459039,0.78676236,1.8590515,-0.10477683,-0.5296014,-0.02699772,-1.9476757,0.0442094,0.63813543,-1.2886318,1.4305719,-1.3302612,-0.38610494,0.786909,-1.3649973,0.75350237
821,-0.85194796,0.7535802,0.9284781,1.4629499,1.6890517,-0.20942955,-1.3525405,-0.28584683,-0.92320687,0.168615,-0.7723812,0.43691096,0.4206762,-0.20623888,-1.105372,-0.3516494,-0.5475202,-0.66709495,1.9814314,0.52037305,1.4339931,-0.8982735,-0.18271843,0.67016643,1.9816293,-1.3753132,0.42385268,-1.058635,-0.5750373,1.0981268,0.06565756,2.4339983
822,-0.8041288,0.6517318,0.44814673,1.4491097,2.139696,-0.90719306,-0.49605688,-0.0754774,-0.15991455,1.0416962,-0.60535634,0.5076929,0.44398198,0.80545044,-0.5246855,-0.121614486,-1.7982379,-1.3108728,0.9211097,0.1772188,2.467306,-0.87105924,0.86262655,0.5315228,1.1880732,-1.1790859,-0.9030066,-0.28569546,0.18544118,0.18039691,-0.67963535,1.6864235
823,0.421951,-0.35818982,-0.07383114,1.1056226,1.9301822,-0.9988728,-0.7209639,-1.5412744,-1.4890869,-0.2766856,0.065767966,-1.394678,-0.055981316,-0.0727249,-0.12743747,0.92897415,0.03591113,-1.5194358,2.3859615,-0.05171962,1.8662441,-1.0237105,0.39842543,0.007908212,1.4389976,-0.2580965,-0.17396955,-0.79669684,-1.0054318,0.62267774,0.60675395,1.278163
824,-0.30497026,-0.5959117,0.6130747,-0.65164566,-0.4472121,0.5272411,-0.03017973,-0.93602204,-0.3660214,0.46094915,0.2675396,-0.4128406,-1.5644695,-0.86071664,-0.74703157,-0.7521222,1.4506111,0.42017198,1.9720787,2.07307,1.3700887,-0.94476765,0.23980607,-0.09425691,-0.058325563,0.78299564,-1.0897994,-0.7480113,-1.5198703,1.5200899,1.4201592,0.758994
825,0.25730056,0.0035812326,0.3158295,-0.9764806,0.4089063,-0.74393016,0.90414774,1.6174047,-0.26401323,-1.13447,0.9765313,-2.46732,-0.2630486,0.13338807,-1.8871104,0.8715895,-0.25253275,-1.2147717,1.0790197,2.1166208,-0.015936857,0.4656904,-1.241177,-0.24819812,-0.41309774,0.3583918,0.24572827,-0.07316279,-0.43658024,0.51441544,-0.80409676,-0.7335725
826,-0.10976781,0.12362959,-1.3114359,-0.21898168,1.9775794,-2.2492235,0.4255785,-0.7596904,0.051401377,-0.6832605,2.0818005,-0.6960296,1.2621003,1.1786498,0.28516757,0.8305142,-0.96180266,-0.29501086,0.32602045,0.28820392,1.8353571,-0.42170495,1.8043458,-0.5396984,-0.3140034,0.58862597,-0.6631978,1.0569419,-0.14670195,-0.7704281,-0.7064969,-0.5274121
827,-0.112955436,-0.21724968,-0.89838445,0.83788323,0.9735557,-1.1640244,-0.16945277,-1.5270249,0.5356406,0.45960012,0.22208978,0.8890774,-0.08727943,2.109994,-0.108825825,1.2827829,-1.3731376,-0.81876284,-0.18263865,-1.5808797,1.46464,-1.0447073,1.4762836,-0.8710316,0.82090247,0.2765903,-0.508473,0.9872482,-1.1737885,-0.39179188,-0.9536981,0.2445823
828,2.1244955,0.30820513,-0.007578765,-0.71558726,0.23327072,-2.3418872,0.51459485,0.3699195,-0.7461281,-0.28377602,0.25146288,-0.5523659,0.9021933,0.3488922,-2.3701997,1.0883651,0.23108174,0.43499762,0.37140125,0.8509985,0.09144515,-0.040610295,-1.1503783,-0.08336829,-2.2826602,-0.6703109,0.15155852,0.66929483,-0.038595416,-0.8537498,-2.1303318,-1.0831591
829,1.4006459,-0.43248686,-0.95430976,-2.0227356,1.981157,-1.5188836,0.6552522,0.43980375,-0.23505783,0.890265,1.6737487,0.8017352,-0.13368881,0.508175,0.38278642,0.7693415,-1.3457515,0.24443732,-0.7570498,-1.0750067,0.90640664,-0.1783576,-0.054619316,0.032585878,-1.2674643,-0.078390904,-1.3662391,0.2347813,-0.32821715,-1.3533723,-0.75542694,-1.3573003
830,1.8201944,1.0488381,-0.3285312,-0.3780063,1.7550601,-1.846756,-0.99782854,0.3211106,-1.1744171,0.49420524,0.95380974,0.32923222,1.4738661,-0.6273661,-0.2033455,0.53234047,-1.1441873,0.01409156,-0.1665152,-1.4247024,-0.13226831,-0.07024643,-1.3785046,0.9321005,-0.7114571,-1.5026661,-0.19031093,-1.6479888,-0.9562753,-0.06571478,-1.2116543,-0.072223514
831,1.6187894,-0.06112356,-0.33483407,0.20296985,0.5517199,-1.3501052,-0.00957704,0.41954017,-1.1174136,2.0571234,-1.4939427,1.4568566,0.26895896,0.4302213,-1.1549436,-0.49561706,0.69457173,0.20142213,-0.13495217,-0.70801705,0.63516665,0.0705267,1.453356,0.81046635,-0.87100214,0.22932553,-1.8156488,-0.8836831,-0.73700345,-1.7047074,-1.3005333,-0.15890342
832,1.091244,-0.44124767,-0.4020041,0.718772,-0.11838876,0.32205355,-1.3936207,-0.13090283,-1.1717414,1.4508516,-0.7965646,-0.022095885,0.9811064,1.657675,-1.1573864,-0.95350766,0.26758292,1.5309412,0.34334975,-0.81570244,-1.9592776,0.4825278,0.06490576,0.5838839,-1.0081456,0.8295767,-1.6687446,-1.3523843,-0.2931483,1.765265,0.3535876,0.22510436
833,0.87406224,-0.6640895,-0.9331499,-0.74507356,0.6877334,1.2023895,-0.27759245,0.19712532,0.262114,-1.2685889,-0.7265015,0.13838346,1.8093246,-0.334394,-2.0876768,2.136208,-0.61028075,1.4233011,1.0743374,-0.08410318,-1.795586,1.4011407,-1.0114318,-0.023157354,-0.25138023,-0.28006938,1.211843,-1.501773,0.25206313,-0.046280775,0.039341044,-0.8311646
834,1.305166,-0.3349024,-1.0537797,-0.36429214,0.81878793,0.6604614,-0.66292673,-0.12309138,0.10645738,-0.84929484,-0.8526637,1.0334536,2.274215,-0.021059416,-2.5865119,1.751009,-0.13505436,1.7661768,0.7012389,-0.85420704,-1.6663988,0.97899467,-0.51130545,0.31330705,-0.48425445,-0.6963492,0.8427924,-0.8343962,0.46263134,-0.59127617,-0.26024303,-0.14864941
835,-0.40909317,0.3282417,0.90180176,-0.8829207,-1.2461659,0.9284903,0.5898958,1.2392656,-1.2209463,0.5093183,0.6945749,-0.82374746,1.3147556,-1.0616355,-1.6912463,0.993354,-1.224964,0.58408976,0.45623636,-1.551462,-0.58236516,0.929651,-1.1621382,1.114211,-0.16832343,0.4496403,1.9244998,-1.148006,-0.52882355,0.4841366,0.85722035,-0.5791955
836,-0.65879434,0.15646964,-0.16036373,0.50046575,-0.8468787,1.0332901,0.3297962,0.052400768,-0.4092503,0.27081302,1.0152894,-0.38507122,1.8870076,-0.5644413,-1.0465486,-0.11622349,-1.4172901,1.0194914,-0.10915905,-2.2977862,-0.17203297,1.8441473,-0.66967934,0.92306286,-0.39908963,-1.0663753,1.1283342,-0.7103474,-0.6882837,-0.04257504,1.3552773,-1.1869535
837,0.9669241,0.5060155,2.6531851,-0.5438104,-0.8735171,1.0666826,-0.31036225,-0.62726766,-1.7794266,0.85703784,0.12416229,-0.044518244,-0.39989513,-0.62137014,-0.7139126,-0.35529485,-0.9275772,0.42884696,0.93287164,-1.0845343,0.22025259,0.30726805,0.5963999,1.3527519,0.5372168,0.33099392,-0.08051218,-2.0201116,-0.46563795,0.74001664,2.1823506,-0.13461567
838,0.9284649,0.6102907,1.8939033,-1.7087882,-0.6368977,0.7044414,0.42489788,0.50326526,-1.1375306,-0.88541263,0.5779096,-1.576742,0.6433853,-0.71318126,-0.9089652,0.22990413,-1.6544621,-0.16210851,0.22230262,-1.1586511,-0.31299794,1.5455894,-0.9719437,0.57360816,0.2113267,-0.37993842,1.4854245,-1.2216735,0.4360932,-0.021581646,0.94571894,-1.5080369
839,0.45954934,0.3317703,1.2235912,1.2937778,-0.44501612,0.46932986,-0.533732,-1.8800095,-0.8928825,-0.40264842,0.55835545,0.22321273,0.33758852,0.55318576,-0.5263274,-0.6543524,-2.0345724,0.31458575,-0.087731175,-2.2862759,0.39288312,1.3865039,0.6604017,0.79790616,0.96140826,-1.3429606,-0.20578401,-0.6914369,-0.58862776,-0.07517363,1.2917081,-0.69925016
840,-0.62022483,-0.4684472,-1.4862456,-0.56067824,0.5677434,0.829759,0.98142964,1.0082322,1.399077,0.052092165,2.1132357,0.4690207,0.82489616,1.7613038,-0.83128744,1.1946383,-2.0112903,1.2158983,-1.3898382,-0.4878042,0.47736347,-0.06512811,0.012723526,-0.79940933,-0.20929599,0.7578892,0.6477627,0.7364768,-0.98794377,0.4364912,0.21313137,-0.9974979
841,1.0663526,-0.0805048,-0.20695448,1.3963101,-1.3067687,0.8762721,0.27670452,1.2463465,-1.4894615,2.840969,0.33394268,0.42833874,0.042064816,0.20761833,-0.54762304,0.33921593,0.67488223,0.23754975,0.049911298,0.19626012,-1.1952133,-0.83213633,0.42602,0.30940473,1.0106032,0.97314537,-0.87153405,-0.7095549,-1.4632959,0.9112414,1.918259,-0.95183223
842,-0.7882416,-0.08277909,-0.7969613,0.7515212,0.1308769,0.93810207,0.915224,1.955749,-0.95167375,0.22989288,1.445354,-1.068193,2.5634668,-0.38283524,-0.9030156,1.5331362,-1.1542376,0.47359905,-0.0030901015,-0.61528194,-0.9212489,0.55342895,-0.7041318,0.730958,-0.007345933,-0.022687469,1.5401819,-1.1464355,-0.41177732,0.50267565,0.9997274,-1.4730766
843,0.54324114,-1.4382498,1.8256271,0.33177796,-0.7931178,1.655345,0.23272379,0.24388562,-0.72563094,0.955006,0.7004554,0.3087282,-0.55526626,-0.4469051,0.36494505,-0.5915576,-0.6472669,0.5198899,1.3918381,0.797363,0.028886838,-1.083351,0.7959631,0.17496905,0.7882536,1.598122,-0.9557037,-1.7921532,-0.78287727,1.1304729,2.1404524,-1.7534543
844,1.1520356,-1.608253,1.9174871,0.16760612,-1.1530107,1.0787224,0.15720493,0.92713165,-1.0436915,-0.21664412,0.627416,-0.32912767,-0.040838033,-0.6755732,0.97859454,-0.17108037,-1.0834453,0.46848464,1.3823532,0.8336065,-0.19305646,-1.0309205,0.39450023,-0.43796477,1.2740313,1.4221812,-0.39612195,-1.5563201,-0.42407766,0.34537634,1.4619097,-2.5494883
845,1.395592,-0.07805088,1.9707954,-1.9030609,-0.29063404,0.47143394,0.15644522,2.3507054,-0.6332932,-1.1741939,0.3860417,-1.3004249,0.4760346,-0.3482524,-0.5293706,0.8584563,-1.0472752,-0.34853962,0.7025283,0.92272055,-0.69017315,0.047552235,-0.95180756,-0.029083999,-0.11353304,1.0028608,1.9986187,-0.82676643,0.47532845,0.0009247378,-0.06468887,-1.4060161
846,1.2941504,-1.1186638,1.5339506,-0.11658225,-0.4805663,-0.32579964,0.08916325,-1.0072922,-0.69964623,-1.4156518,0.6024801,0.7698481,0.75421864,0.6766353,0.15667284,1.1256914,-1.552838,0.762352,1.1063187,-0.7377988,0.66453147,0.14858264,1.0811275,-0.44787526,2.4702685,1.7660489,0.9692145,-0.72240686,-1.3351685,0.46586597,1.2198484,-0.20091768
847,-0.009130772,-0.4720382,-0.97837335,-1.1068088,0.8819807,0.4761016,0.88939583,1.7729818,0.62196153,-0.2390601,2.2196457,0.4269766,-0.103466354,1.6193985,-0.6670028,1.0810922,-2.113275,1.320499,-1.3465567,0.037601195,0.8426377,-1.101842,0.3452416,-0.8479731,-0.022897333,0.907814,0.16038933,1.10916,-0.07437451,-0.43248346,0.20460682,-0.9621139
848,-0.017751103,0.61434174,-1.0466077,-0.3413841,1.4203789,0.7643676,-0.7527588,1.0359443,0.55093503,-1.4020715,0.5985666,0.46898893,0.73715246,1.7078439,0.95516676,-0.40578488,-1.4565055,2.6774807,-0.18044323,-0.28850028,-0.06407426,-0.88930017,-0.13949503,-1.6216213,1.2272524,0.6898392,1.1226654,-0.014089677,-0.60014474,-1.1932067,-0.32860053,-0.25782785
849,-0.10491566,0.39193034,-0.8541165,-1.0676275,0.4693132,0.5335572,1.1120164,1.4626054,1.4599543,-0.6599512,1.2298884,0.819376,-0.14625172,1.5881271,-0.30658233,-0.39250448,-2.322136,1.4857597,-0.78418434,0.6178708,0.62393165,-1.429926,0.93564886,-1.3450416,-0.17754602,0.04639389,-0.14323628,0.9872688,-0.244656,-1.5204818,0.06212921,-0.085458584
850,1.2868518,-0.416593,-0.7045229,2.0175145,-0.89344764,0.009414945,-0.42490092,0.17855626,-0.5569286,-1.2970556,-0.4471739,0.42699856,1.2323403,0.7029717,0.027334604,-0.8936201,-0.9410485,1.1827339,0.2181862,-1.054544,-0.09142773,-1.2701701,0.9367919,-1.5359887,1.479807,-0.60321033,0.93226475,-0.3740847,-1.1559075,-2.1628268,-0.28409803,0.7325605
851,-1.0334703,0.15364635,-0.2298612,-2.1492224,0.8019356,0.63011265,1.0979363,1.5933248,1.5739795,-0.269371,1.9572467,0.88667387,-1.1075366,1.0127753,0.261831,-0.73597735,-1.9222456,1.1402757,-0.6762172,0.49638665,0.88961285,-0.58217436,-0.49129596,-0.6375043,-0.13895893,0.0026219862,-1.1173342,0.66888815,-0.11906496,-0.08281454,0.31746575,-0.41664085
852,-1.0412155,0.11943394,-0.22427699,-1.7906662,0.76931006,0.71350735,1.1174672,0.9765873,1.535576,-0.047980584,1.761449,1.0890653,-1.0389407,1.2648406,0.47314113,-0.7982773,-2.0291944,1.1528283,-0.85431206,0.48346964,1.2429458,-0.685653,0.18791598,-0.8755514,-0.14700997,0.0075623724,-1.3798597,0.777786,-0.33982304,-0.27616647,0.23201072,-0.43466416
853,-1.0274776,0.17079432,-0.048826374,-1.5518128,0.59866685,0.8835294,1.2730846,0.74430186,1.6182426,0.269359,1.4800853,1.1693655,-0.9383275,1.2974882,0.6332133,-0.81265295,-2.172894,0.9607357,-1.0627266,0.48463973,1.2340391,-0.5577013,0.6877775,-1.0464398,-0.30107498,0.04261385,-1.326261,0.7709767,-0.541322,-0.49310607,0.10754662,-0.5388456
854,-1.0888455,0.35315654,-0.19850226,-2.001463,0.5448639,0.6412767,1.3054675,1.1805297,1.592092,0.20220608,1.5637418,1.1786829,-1.1820858,1.037792,0.35148573,-0.8483807,-1.8935384,0.9561496,-1.0028956,0.6433885,1.1681682,-0.70865273,0.28587344,-0.6334746,-0.49527055,0.05535473,-1.3700573,0.7496667,-0.2839526,-0.08849229,0.24916622,-0.60104394
855,-0.2207272,-0.121816814,0.47423398,2.4230816,-0.32178113,1.1417229,0.022518244,-0.22300717,1.1808344,0.6804357,-0.8183045,0.9264345,-0.3967768,1.8491844,-0.39845163,0.41360876,-2.0393898,0.07883546,-1.3066989,0.0031609137,-0.20627832,-0.4173751,1.9603812,-0.4806428,0.13393131,-0.4712786,-1.9576917,0.52154875,-0.70008725,-0.5952884,-0.4670927,0.35191017
856,1.0591947,-0.8515065,-0.6285893,0.38454846,-1.4484993,-0.003542511,0.012734758,1.0182092,0.5356633,-2.4731448,1.1267251,0.15760794,1.9805937,-0.4227702,0.4048491,-0.77791125,-2.437503,0.41300243,0.22007135,-0.19434091,-0.5089946,-0.5712112,-1.2277316,-1.104891,0.7295341,-0.96190935,1.3208634,-0.6409955,-0.5066398,-0.42239806,-0.3409446,0.053876344
857,-1.0349774,0.1098794,-0.94775313,-2.285145,1.4838241,1.4314787,0.73556656,1.326703,0.12085131,1.2283757,1.1983588,0.15991002,1.0733391,0.8039065,-0.53301644,0.9263932,-2.2149158,-0.023139913,-1.241449,-0.3313101,0.85985255,-1.1344917,0.8074743,-0.7441901,-0.9822,-0.13552654,-0.55226684,0.47608984,-0.014464535,-0.9233729,0.02358383,0.20790802
858,-0.21391372,0.061925307,0.39470467,0.6755382,-0.33545333,0.54075676,0.47778836,-0.13386092,-2.173288,2.4841847,-0.5140348,-1.0798393,-0.036511175,0.50839406,-0.35399312,-0.17854013,-0.8880101,-1.4091123,-0.5002908,0.28737938,-1.3289146,0.32820258,0.86560136,0.1759466,-0.896642,0.15026212,-1.538712,-1.2543418,-0.5359633,1.833943,1.6230869,0.22843543
859,-0.45475596,0.16122393,-0.76989067,-1.4468737,0.25369313,1.7793399,0.60611945,0.66532075,-1.0353189,-0.20306548,-0.30854225,-1.3553652,2.0310113,-0.8438079,-1.8433803,1.194623,-1.8334767,-0.91595936,0.19860464,-0.16329072,-0.5526403,0.69051135,-0.59174955,-0.43295285,-0.30861035,-1.0222781,1.3966861,-1.6334419,-0.93266934,0.72864085,0.5272734,-0.79767495
860,-0.6927538,-0.02425182,-0.7096406,-1.8691468,1.4569292,0.8497242,1.2766091,0.95223534,0.54676324,0.6259064,1.5200006,1.0859334,0.51779103,0.749549,-0.9480657,0.88956773,-2.2225358,0.25451156,-1.1848627,-0.27037972,0.7291744,-1.4015427,0.8272429,-1.1963418,-0.020088904,-0.46096238,0.13232689,0.731641,-0.21221128,-1.1979192,-0.097572364,1.4650853
861,0.26664838,0.19095874,0.70443904,0.65468156,-0.39583716,0.9866929,0.26720953,-0.17560603,-2.3143907,2.349492,-0.19679995,-0.99222535,0.2744659,0.6811438,-0.41505957,-0.88589585,-0.93775123,-0.86098593,-0.7965099,-0.081900686,-1.7883371,0.19606516,0.75223297,0.061613735,-0.08407987,0.010123867,-1.4041837,-1.0682533,-0.37095907,1.8019735,1.508939,0.7636952
862,0.011773764,0.70415294,-0.9036986,-1.3371764,0.1531582,1.1744666,0.66982055,1.1176589,-1.3881232,0.48429474,0.3836064,-1.5421507,2.4115384,0.394344,-1.738753,0.12525785,-1.8544629,-1.2806193,-0.6351818,-0.1961174,-1.0191486,0.59845215,-0.5580495,-0.4258536,-0.41799772,-0.7333791,0.71139055,-1.3215369,-0.85015476,1.3332689,-0.18068032,-0.32427058
863,-1.2121066,0.31709626,-0.2135749,-1.81712,1.9835169,1.0010213,0.11626342,1.10011,0.9890937,0.33768517,1.582869,1.0057836,1.3927331,1.4167321,-0.3225271,-0.514226,-1.4960979,1.3960904,-0.82561105,-1.104363,0.20954229,-0.26831415,-0.98241407,-0.3870392,0.34157196,-0.42408288,-0.8966468,0.97177285,0.61725056,-0.96508145,0.11584804,0.079043135
864,0.111035906,0.13371298,-0.30874714,0.6912576,0.37080863,1.5749193,-1.610114,-0.7942298,-1.3635961,0.087108366,0.4525101,0.13014582,1.4731528,0.12103283,0.101466976,-0.4518483,-0.7435427,1.8583105,-1.0872389,-1.306121,-2.2134278,0.20212513,-0.34929958,-0.661129,1.9857341,-0.5689138,1.4025023,-0.6967156,-0.64049315,0.0505048,0.9897833,0.2695059
865,-1.2293235,0.49771345,-0.69871897,-2.053131,1.312971,0.7966489,1.3206191,1.0718677,0.9473143,0.5583088,1.7969167,1.0626426,0.32024267,0.8809998,-0.71452737,0.22924782,-2.212225,0.55960095,-1.5187056,-0.034488983,0.6624433,-0.8327384,0.69985384,-1.0111618,-0.31882045,-0.2799769,-0.07887353,0.6377864,-0.34742635,-0.5154208,-0.2838287,1.125884
866,0.018360402,0.32155865,0.8439496,1.6729572,0.50615776,0.5720755,0.16350944,-0.010234931,-0.9221434,2.487525,0.54632545,-0.1493432,0.7712746,1.4182327,-0.545284,0.23881572,-1.8614565,-1.2023336,-1.597623,-0.703974,-1.6957649,-0.09345866,1.1301343,-0.037999343,-0.20966373,-0.7400475,-0.9265572,0.27558467,-0.13133135,-0.091562934,0.15833054,1.7548418
867,0.70202047,0.47084358,0.49009603,0.18919757,-0.5549703,0.80197084,-0.08090702,0.36473584,-2.302367,2.1413968,-0.2348562,-0.92253983,0.558837,0.9913649,-0.6058577,-1.8570554,-0.62197226,-0.30042973,-0.7937519,-0.30112407,-1.8380271,-0.081571,0.5475704,0.11649552,-0.28769702,0.07373901,-1.3513426,-1.0388061,-0.36472479,1.9696393,0.92289466,0.9405481
868,0.2059771,0.6020887,-0.6344775,-1.6417001,-0.1394252,1.2579786,0.28576484,1.397204,-1.5942055,0.49515688,0.32025346,-1.3179711,2.3630252,0.26413906,-1.7084448,-0.93891567,-1.4610057,-0.7003649,-0.35604903,-0.7715843,-1.1649921,0.51243144,-0.45728463,0.011197382,-0.20123278,-0.5675171,0.35192662,-1.541752,-0.6107401,1.6784596,-0.3517401,0.038140543
869,1.3286538,-0.6281418,1.068634,-0.00545022,-0.4009741,0.76297265,-0.81329274,-0.31858325,-0.88111407,0.8449902,-0.0077377944,-0.434048,-0.28741747,1.0163509,1.0207617,-1.5932404,0.37927705,1.543158,0.81315845,0.81475055,-1.5281545,-0.088009894,0.44854632,-0.2688303,0.6287535,1.8385254,-2.0405314,-1.4792866,0.28306654,2.1154354,0.94880456,-0.50114614
870,1.1922736,-0.7079155,1.2161614,-0.13447611,0.4571673,1.6306258,-1.5821415,0.14343186,-0.35604763,-1.2500376,0.052273203,-0.5135091,0.3637824,1.0011754,0.9134223,-0.57995826,-0.086999536,1.3164971,1.2372184,1.1804857,-1.5531334,-0.2212782,-0.52655226,-0.8525887,1.1901532,1.7174615,-0.22036453,-1.6701801,0.31682548,1.3049536,0.12955524,-1.843192
871,0.4651808,0.09776397,0.17523947,-1.0365226,0.33650252,0.99291706,-0.16314198,1.4200469,0.6694109,-2.26269,0.59864765,-1.0407274,0.6879442,0.31026706,0.16229652,0.38763565,-1.0890157,0.63279194,0.5441431,1.32163,-1.6796709,0.18472701,-1.1259737,-1.0100352,0.6022616,1.0320455,1.7141154,-0.9550515,0.5884325,0.57649606,-0.3683839,-1.9830778
872,1.0845706,-0.19864078,0.42368245,2.6638854,0.8697883,0.6428535,-1.212489,-1.1544636,0.2828546,-0.875815,-0.17035452,1.139404,0.96119595,1.399271,0.8454131,0.20078897,-0.3484002,2.028334,0.40184015,-0.174562,-1.4172195,-0.07490835,0.5158453,-1.3225595,1.6175153,-0.123628736,0.044065062,0.15680695,-0.14777713,-0.8901224,0.39558393,0.6469423
873,0.04764979,0.45261762,-0.48477697,1.9961512,1.166147,-0.15140936,0.15587907,-1.2026842,0.2235488,-1.5597687,-0.5068878,1.8512216,1.079178,0.46790686,-0.17800258,0.8269323,0.061106075,2.3024778,0.19725436,-0.16302311,-0.855953,-0.52337086,0.32480916,-1.0679946,0.6977076,-0.87001085,1.3594304,0.39691874,0.037798744,-1.0627501,1.5373547,1.1062847
874,-0.07709717,-0.09919731,-0.10972087,0.028333893,0.017456787,-0.11076737,-0.11410153,0.96149886,-0.14427511,-0.49977505,-0.27420074,0.84838146,1.919296,0.5138898,-1.1886017,1.2719016,0.48564807,2.0524173,0.6177757,-0.5400951,-0.6387429,-0.7102553,-0.40691134,-0.4535925,2.0748398,1.8849314,1.9919047,0.4561652,-1.998201,0.25176632,-0.03161159,1.8723
875,-1.5104312,1.0473877,1.0017437,-0.92605877,-0.50689095,-1.2607639,-0.012998157,2.1971056,0.07518716,0.0059697093,-0.37654814,1.0983064,1.1948296,-0.84325427,-0.6522732,-2.0636132,0.18215208,0.15062094,-0.056649663,-1.18618,-1.410256,0.8095903,0.21888618,0.9766872,-1.4962674,-0.14914592,0.8431686,1.0116576,-0.44257042,-0.6638736,-1.325752,0.79387546
876,-1.2823524,0.31224447,-1.1708273,-0.03633826,0.44100806,0.98253894,-1.2419901,-0.5856363,-0.9422978,-0.2418273,0.3124444,-1.1612505,2.7403507,0.94142765,-0.6521844,-0.21779387,-0.35531792,0.50121444,-0.44827235,-1.983437,-0.2956204,0.85915786,-1.4735061,0.64463425,-0.6965449,-1.1807771,0.68170804,-0.90490776,-0.2551383,0.3759527,0.04877717,-1.4633859
877,-1.4640346,0.13280705,-0.88536876,-2.010126,1.3449712,0.28797272,1.2597308,1.2971747,1.290406,0.040341474,1.4709253,1.6858388,-0.8347387,1.0849729,-0.2781721,-0.15251833,-1.3333768,1.2972897,-0.79284984,0.46085218,1.1608351,-1.0483102,-0.386174,-0.83355767,-0.349478,0.042072143,-0.7642557,0.8859166,0.03757588,-0.66888225,0.29910642,0.18279415
878,-0.5396101,0.20576818,-0.33042055,-2.3156285,1.0165538,0.8778489,0.44618183,0.5140479,1.3258669,0.23153932,1.5359328,0.9189432,-0.731184,1.4023308,0.8911359,0.048993107,-1.6473207,0.89851826,-1.4233011,-0.011870202,1.2097328,-0.9201739,0.5386484,-1.1088603,-0.9000233,0.092408136,-1.0361006,1.087127,0.19839638,-1.1100664,0.15413775,-0.73728937
879,0.08997843,0.37496817,1.966054,0.6722569,0.7556881,0.00015683325,-0.10815011,-1.3641708,0.23356621,1.6957521,0.71609795,-0.29427648,-0.12173337,2.1384397,1.5081484,-0.24858955,-1.735499,-0.8727912,-1.6860226,-0.69933796,-0.97393817,0.4366777,1.7009343,-0.4689459,-0.5123144,-0.39908168,-1.4514302,0.7608759,0.18571785,-0.15408301,-0.13332108,0.09064465
880,0.009299803,-0.45690024,2.7894452,-1.4535155,0.8691444,0.7198161,-0.13162291,1.3396689,0.1314567,-0.5882516,0.19964556,-1.2709464,0.5196077,1.5007224,1.1120971,-0.1561403,-1.1810942,-0.51566267,0.46672773,0.51529086,-0.8020409,1.0612671,-1.5196543,0.07633443,-0.3241122,-1.349218,2.0121503,0.095471255,-0.47669336,0.49962497,-0.36423728,-1.1965847
881,-0.97708195,-1.1122538,3.1131136,-0.4045949,0.28123096,0.56687087,-0.58375114,0.24687044,-0.38533574,1.0811937,0.05559971,-0.5260775,-0.7702334,0.62799776,2.2263951,-0.83814895,-0.726112,0.39933798,1.5181904,1.068634,-0.22693285,-0.050808564,0.10227401,0.13134666,0.4258897,0.60409015,-0.29762927,-0.6344465,-1.6948646,1.2802185,1.6484601,-0.6234696
882,0.150399,-1.3854007,2.2058852,-1.8327333,0.012676218,0.8589256,0.08635376,1.647589,0.5434993,-0.42365733,0.13985609,-0.8692506,-0.6931134,0.48311907,0.63311976,-0.03196261,-0.9285698,-0.18854327,1.1116194,1.953517,-0.71864647,0.9055021,-1.854559,-0.2325883,-0.21356174,-0.48618114,1.0502291,-0.04188747,-0.59614944,0.81787646,-0.02847277,-1.0005069
883,0.44617367,-1.2138324,2.7046366,-1.6309417,0.44320822,-0.018538479,-0.53326344,1.4816028,0.56750625,-0.8031625,-0.24558726,-0.44696575,-0.39020407,1.1420586,1.2475172,0.1335528,-0.76311576,-0.35801902,1.0825835,1.2575996,-0.7939741,0.86723727,-1.7494273,-0.44426352,-0.01237948,-0.81485933,1.6721784,0.3078824,-0.71592826,0.36113295,-0.7244683,-0.67761654
884,-0.759485,-0.13019866,1.1512852,-0.51360077,1.1466336,-0.64687425,-0.5618319,-1.0242743,0.98934424,-0.6189943,1.4788389,1.347708,0.73529446,1.7239786,2.1137316,0.90458125,-1.3988185,-0.43155903,-0.9659885,-1.1058902,-0.3429516,-0.16519703,1.2947099,-0.65131503,-1.0522729,0.45175174,0.9303763,-0.22652037,0.24412557,-1.3718467,-1.1411828,0.19819272
885,-0.43046522,-0.108496025,0.931158,0.6299851,0.031652655,-0.43433043,-1.23513,-1.384876,0.11306887,-1.1187394,0.8420288,0.89719224,1.685438,0.63001895,1.408917,1.4087939,-0.20188981,-0.7607831,-0.52621686,-1.8493737,-1.1222004,-0.006248002,1.3023907,-0.36576632,-0.7872684,0.63268036,1.6439792,-0.87807995,-0.22366576,-1.5442464,-0.7240741,0.99828035
886,-0.87748957,0.56319463,1.0558664,0.6816415,-0.99093544,1.4309138,-0.61167574,1.0460371,1.178947,0.29587603,-0.61073154,1.8149143,1.8431921,-1.2889764,1.1330022,-1.5458966,-0.6696201,-0.56208515,0.34248936,-0.8990442,-0.92802244,-0.5013762,0.52522063,0.5106771,0.25765684,0.7478126,-0.7108352,-1.4553225,-0.91178966,-0.16782078,-1.1919681,-1.6598988
887,-0.35617128,0.36614588,0.93981636,-0.05264143,-1.2465776,1.2822645,-0.88688236,1.098733,1.7301956,-0.73595685,-0.53147024,1.1922203,2.420257,-1.1193986,0.9530186,-1.4155624,-0.74379283,-1.1820828,0.3818566,-0.56583947,-0.90818256,0.34784752,-0.73258555,0.39524248,-0.13265458,-0.5037427,-0.3209958,-0.36884135,-0.5237087,-0.91130096,-1.2146196,-2.2695081
888,-0.7037693,0.57667845,-0.031976122,-2.4385452,0.19002904,-0.009629543,1.1143066,0.99163425,1.688631,0.070666656,0.65326726,1.9818937,-1.0188123,0.9574361,0.3774342,-0.7463151,-1.6416124,-0.070112936,-1.1866704,-0.41645375,1.110835,-0.15372273,0.3282243,-0.7008543,-0.539307,0.4455724,-1.3851115,0.9146897,-0.23523061,-0.2083062,-0.7125562,-1.2619376
889,0.036461443,0.51910996,1.350348,0.94163555,-0.39000002,0.2447983,0.4021853,-0.64129144,1.0502183,0.92185754,-0.38878384,1.7500112,0.16567387,0.13776152,0.5922396,-0.9611938,-1.785252,-1.5461215,-0.92673916,-1.2967826,-0.66650796,0.7398896,1.4271173,-0.42164847,0.33865172,0.42209074,-0.8672809,-0.44454783,-0.8578848,-0.84050035,-2.42481,-0.32233062
890,-1.2773069,0.9144744,0.062972985,-0.88834375,-1.2219971,-0.1772357,-1.3653281,0.74489415,0.15636611,-0.76873446,-0.38018206,-2.3602207,1.025258,-0.60461414,1.2873663,0.3852059,0.23253976,-0.32355663,0.91553605,-0.15844898,0.770402,-0.90669966,-1.6575416,-1.2421632,-1.0279993,-0.3085432,0.4679772,0.088654116,-0.51590955,-0.8539956,0.048471123,-2.8461323
891,1.111829,-0.80053455,0.19694567,1.6962667,-1.8048702,0.3400801,-0.7407648,0.8191844,-1.107332,0.14369589,-1.2610658,0.78204894,-0.05625436,-0.16140379,0.48313373,-2.4322119,0.023972712,1.3019572,0.3134289,0.23105398,-0.2382387,-1.1001648,0.87205464,-1.3540676,1.1658113,0.3382538,-0.68998307,-1.160732,-1.0987924,-1.6973982,-0.61709285,-0.09936909
892,1.345915,-1.4006063,0.2831028,-1.6570106,-0.92170054,0.62632734,0.38725692,0.8978312,-0.6634588,-1.0643096,1.2755567,-1.6842155,0.46772358,-0.5282114,0.563807,-0.8261364,-0.5423887,-1.4514358,-0.1261207,1.2848686,-1.6478859,0.15410969,-1.5239679,-0.18477726,-0.25165713,-0.15539803,1.6046109,-0.12367577,-0.33123273,-0.68777984,-0.56723416,-0.8303226
893,1.2035758,-0.24116296,-1.1024764,0.48090866,-1.7515378,-0.18401007,-0.82473,0.8594352,-0.52121544,-2.0111115,0.48443976,-0.31944674,1.697423,-0.040933985,0.69596356,-1.7572155,-0.92706823,-0.5086204,-0.6862624,-1.1527627,-0.7612617,0.6251302,-0.58011377,-0.18154795,0.2015266,-0.004818315,-0.37884316,-1.0595989,-0.9688379,-0.46125665,-2.2574527,-1.3780804
894,-0.43860438,-0.6240701,-0.1213301,-0.8533673,-2.479887,0.38350534,-1.1230121,0.5288693,0.56925446,-1.3411006,0.007889042,-1.0461581,1.2687387,-1.4369258,1.1430815,0.6289899,0.6354227,0.36982408,1.3176999,-0.22364433,-0.19729324,-1.2722775,-1.2946545,-1.1163656,-0.72353244,-0.274594,-0.32759604,-0.4270087,-0.32131827,-1.0984722,0.19070911,-2.9268372
895,-1.260032,-1.8569448,-0.44405487,0.45528635,-1.222797,1.8131847,0.21386841,-0.5644231,-0.29500562,0.5727631,0.6959839,0.10477338,-0.16771816,-1.1083095,0.5559569,-0.06482404,2.0683439,1.0804039,0.9774639,0.8752987,0.8076059,-1.70661,0.8371635,-0.82667273,-0.4177125,1.8715395,-0.817144,-0.93439776,-0.7701613,0.0946899,1.050332,-0.8293119
896,-1.0341437,-1.7332985,-0.44330785,-0.09674157,-0.8300132,2.3205972,0.7408359,-0.7051946,0.110614404,0.8354888,1.8890986,0.17630078,0.23871276,-1.711391,0.71388036,-0.7204099,1.4808698,0.36282167,0.7395722,1.0280519,1.1389786,-1.1294259,-0.21125835,-0.22400708,0.0038000324,1.5424696,-0.5267591,-0.9119311,-0.52849,0.85935444,0.7050664,-0.72103715
897,-0.97824806,-1.8736337,-0.16271153,-0.3874872,-0.78965855,2.424403,0.38609174,0.020530501,1.1343505,0.21431427,1.845624,-0.3172249,0.9973678,-1.3478137,0.94308424,-0.26402,1.261166,-1.2731771,0.6760728,1.1458842,0.4718724,-0.7412149,-1.5585432,-0.33388117,-0.16781084,0.47301602,-0.12101667,-0.1880199,-0.33619568,-0.12967555,0.11256262,-1.7794749
898,-0.5880845,-1.8129144,0.04440071,-0.8293449,-0.35107812,1.6665139,0.32177243,0.41273388,1.5332555,-0.77127904,1.1758487,-0.660427,1.4242619,-0.566263,1.1406572,-0.16483924,0.15079424,-2.1865966,0.35623708,0.9728866,-0.061886024,0.60290354,-2.401313,-0.22173266,0.028148314,-0.4913432,0.5476792,0.685424,-0.33696744,-0.543897,-0.21761887,-1.5954508
899,-0.8641926,-1.382264,-0.9275043,0.6078142,-0.9796686,2.6476429,0.7242936,-1.0936611,0.32745984,0.5685065,1.7967238,0.896849,0.8684935,-1.8070786,0.4522399,-1.0506464,1.1382138,0.31165636,0.39393273,0.6621128,0.77430445,-0.96688,-0.14105366,-0.23198387,0.5494766,1.6642314,-0.54959303,-1.0407299,-0.6834315,0.682374,-0.26617333,-0.6835656
900,0.69166964,-1.775324,0.16361645,-0.8640989,-0.7442462,1.4448022,0.649287,0.2276852,0.61357284,-1.0480086,0.75075394,-0.7500477,1.0931741,-0.03155216,0.86236286,0.0888535,0.38678014,-2.1808379,-0.08982456,1.8197604,-0.4257307,0.61305326,-1.9490799,0.08203445,0.15002427,-1.4644856,-0.03739823,0.4243606,-1.2446216,0.13436215,-1.0358995,-1.0548729
901,-0.2351357,0.8602805,0.09122494,0.3065841,-1.3698446,-0.50496924,-0.3276366,0.49155715,0.7406299,-2.0648518,-0.2295876,1.3990694,1.8852957,-0.19179316,0.9114775,-1.1224676,-0.7206257,-0.64398855,0.005030983,-0.4018432,-0.34574604,0.97307557,-0.83541745,0.007746455,0.8441603,-1.2306548,-1.718888,-0.14605334,-1.9450732,0.62104666,-1.9709684,-1.0603567
902,-1.5455173,0.38377017,0.52076155,-0.39421162,-1.8835318,-0.53669804,-0.5447782,1.5349184,0.9610077,-1.1840173,0.028764406,1.6990896,1.7737191,-0.99714684,0.84203345,-1.339694,-0.73888546,-0.08548088,0.37272066,-0.89661306,-1.415776,-0.05257621,-0.9515655,0.3000004,0.5573354,-0.20977473,-0.6726098,-0.21124136,-0.89218915,-0.13285023,-1.6335568,-1.5556785
903,-0.34252366,0.8875508,0.46677628,1.9333869,-1.6228983,-0.7331821,-0.46385053,-0.57670856,-0.33731535,-0.4163825,-0.40057275,1.5697093,1.5968864,-0.20965025,0.78010434,-0.27701083,-0.5051063,-0.11741964,-0.69136745,-0.7686646,-0.9876136,0.9893734,0.47082466,0.2897004,0.37237266,-0.89467543,-2.2485032,-0.7881536,-1.6550126,0.17912772,-2.0425062,-0.08985641
904,-0.9170813,0.22518851,-0.2795959,-2.4749577,0.78721344,-0.12808764,0.79340285,1.1258703,0.93839955,-0.21171829,1.3695729,1.6256825,-0.7292356,1.0925353,0.64487207,-0.5042151,-1.4040984,0.9651611,-1.1556665,0.52103907,1.4552082,-0.465516,-0.17169736,-0.36258155,-0.95783734,-0.021512285,-1.6556141,0.7449496,-0.61270523,-0.25565654,-0.675425,-0.92340267
905,-0.32636878,-0.31942993,1.6292709,-0.2647749,0.159932,0.6030782,1.1256505,0.11088294,1.2327799,2.1020894,1.4973458,0.7175478,-1.4908372,1.1159844,0.5892764,0.41428575,-2.3274043,-0.21002,-1.3628833,0.0842874,-0.48666942,-0.25995564,0.995646,-0.73607004,-0.9432162,0.50923336,-1.8755721,0.3326968,-0.10647427,-0.28312728,-0.64690435,-0.03439349
906,-1.2580985,0.34362096,2.6126704,1.1918031,-1.1334792,0.69749606,-0.5801157,-0.006370459,-0.3467889,1.345144,1.2340136,0.27709708,0.54830205,-0.77757883,1.1613784,0.08653454,-0.065024644,-0.7427227,0.24560113,-0.44349584,-2.0736973,-0.4560886,1.4420285,0.43610707,-0.23472217,1.2397254,0.076038994,-1.7370855,-1.1224029,-0.46119532,0.4942095,1.233464
907,-0.42295653,0.7213297,1.157355,-0.11649768,-1.0530194,0.72562,-1.1989577,0.47563568,1.9200556,-0.22131278,-0.55773157,1.6249948,2.7143364,-1.0813501,0.9003996,-0.9548479,0.14481266,-0.99341553,0.6932066,-0.2596433,-1.2919116,-0.103991166,-0.13026014,0.99968857,-0.8857969,-0.49078417,-0.20813717,0.11004848,-0.42798078,-1.4854012,-0.80463123,-1.6432691
908,0.57337564,1.4207151,0.6380569,0.4099358,-1.1775885,-0.106487535,-1.0832534,-0.37248263,0.5777634,0.7527728,-0.74329525,1.7420986,1.4834322,-1.3193473,0.50910115,-1.4493612,0.23900664,0.08542495,0.01905464,-0.6713988,-0.39784566,-0.2894629,1.3317356,0.7107309,-0.5971725,0.036696132,-1.9145375,-0.9730673,-1.404146,-0.6636892,-1.937882,-1.2977326
909,-0.0026872663,0.35803577,-0.3932525,0.83902353,-1.6672931,-0.06999249,-2.0793931,0.3288994,0.46347842,-0.09401528,-0.645964,2.36933,1.5115734,-0.45850655,1.1090622,-0.6894534,0.56864643,0.42162713,0.4003918,-0.59822106,-0.9660188,-0.26765117,-0.5512961,1.0272657,0.7250072,-0.68581885,-1.6501821,-0.8154469,-1.3722116,1.5564443,-0.6082837,-1.5328026
910,0.86923134,0.28731534,-0.14004898,1.3303194,-1.7535365,-0.43498692,-0.17834592,1.0314643,-0.17814924,0.7043146,-1.3467747,1.7315593,0.9378465,-0.8663945,0.008964512,-0.2007856,0.3279939,-0.6408424,0.38959005,0.39405343,0.12737319,-1.3573561,-0.16428006,0.5401352,0.0631846,-0.39550996,-2.3732631,-1.6838368,-1.0638049,1.8668478,-1.369831,-0.06417994
911,-0.13811536,-2.7783477,0.07047546,-0.56962776,-0.9450215,1.6983781,0.5847263,-0.48442733,-0.45398542,1.1882719,0.8159132,1.0993637,0.3276179,-1.271993,0.8725583,-0.876307,0.9916991,-0.23499084,0.710847,0.92158973,0.5492127,-0.457605,-0.11358413,0.14136086,0.7571845,1.6761804,-1.1096785,-0.7348683,-0.5187284,2.005068,-0.051282078,-1.252762
912,0.23541336,-2.3896677,0.20984803,-0.50619715,-1.7814045,0.89530915,-0.818378,-0.50003994,-0.62532884,0.352606,0.33980277,1.1741494,0.5362344,-0.72575057,1.1303219,-0.074464165,0.72306055,0.5259976,0.98520124,0.8215015,-0.1354974,-0.4856285,-0.37662926,0.30917203,0.80052876,0.7845967,-1.6545916,-1.2764554,-1.3006936,2.2829037,0.045122217,-1.9340864
913,-0.8842001,-1.5356898,1.2695489,-0.70414346,-1.0156661,-0.25665796,-1.6768496,0.6003818,-0.15633056,0.041653916,-0.41474164,1.0168808,0.5460789,0.21270292,1.7362831,-0.7336059,0.20291723,0.15173797,1.50825,0.9164204,-0.5529654,-0.24406753,-0.7197227,0.115296125,0.97984356,0.77598554,-1.2308038,-0.84488636,-1.4354824,2.2034898,0.2360141,-2.4401014
914,-1.7282666,0.12998793,0.9517509,-1.6186762,-0.22600324,-1.3259339,-0.9075021,1.5469052,1.0647436,-1.3337514,0.6070604,-1.1385379,0.97876364,0.51102054,0.22522569,-0.93777514,-0.5733912,-0.040015213,0.88707966,0.8326891,-0.6167281,1.2719352,-1.362491,-0.36834183,-0.6987258,0.20657128,1.137114,0.25143006,-1.2215431,1.2197561,-0.7281714,-1.6958392
915,1.2994661,1.1553562,-0.45453924,-0.23317964,-0.5332066,-1.9772192,0.3196185,2.6221628,-0.5985151,-0.008505267,1.4803927,-0.20604953,1.8431629,-0.19134046,-1.401112,0.03886645,0.37837678,-0.4746699,-1.0914013,0.5966269,-2.0077443,0.24648832,0.7844507,0.39318928,-1.1288644,0.57334656,0.11360501,0.62454975,-0.31052542,-1.0255148,-0.9908022,-0.44555324
916,1.1116005,-0.7260862,-0.2391082,2.4235954,-0.7129949,-0.7717588,-0.4080539,1.2034994,-1.6080575,0.14766198,0.19922768,1.4115574,0.06965204,0.66431564,0.81235164,0.35898307,-0.011009282,0.71601784,0.100284725,0.7063367,-0.94781953,0.49612668,1.6868141,0.09702344,0.91772366,2.2514715,-1.1002858,-0.53531986,-0.9097417,-0.5628416,0.59364116,-1.5153861
917,0.93280625,1.0987322,0.4899334,-0.24282724,-1.6719669,-0.71073115,-0.34043527,1.0387712,-1.4796518,1.1704752,-0.2157104,1.5920396,0.04170682,-1.0582187,-0.054219484,-0.032734443,1.1025594,1.2260427,0.44522363,0.9376756,-0.42916116,-0.0035047487,1.6856929,0.67493933,-0.23241116,2.6870255,-0.86965865,-0.75081295,-1.2561036,0.027738884,1.1029209,-0.66499656
918,2.1856053,0.6472499,0.12385971,-0.95146275,-0.8653436,-0.6679425,0.42512318,2.20742,-1.0224062,-0.47257113,-0.01815017,0.11038501,1.830572,-0.13369347,-1.1083689,0.8384094,0.39156297,0.12336496,-0.576198,1.0603387,-1.4979289,0.7391979,0.7504323,0.23511308,-1.3233241,1.8159069,0.27257255,-0.24539943,0.19735,-0.97675717,-0.96328014,-1.6641256
919,0.009783123,0.6281878,-0.45983407,0.3013467,-1.4755963,-0.10535598,-0.30860877,0.6785069,-0.89748025,1.4127538,-0.1872004,1.5952727,-0.7249337,-0.6518388,-0.13700844,-0.20750809,1.4140956,1.1419767,-0.34260756,1.2863624,-0.73879814,0.22371583,1.7880992,0.5012023,-0.53612965,2.5971055,-1.807946,-0.75905144,-1.1858892,-0.12927806,1.0615107,-0.70306957
920,1.4708287,1.2096639,-0.2097617,-0.9752752,-0.8882719,-0.9709087,0.20778038,2.4196324,-0.4510078,-0.40437946,0.21604156,-0.4295338,0.7710611,-0.26833147,-1.5335004,0.43617713,0.7502504,-0.010834807,-1.0033916,1.2378837,-1.6911126,0.9523269,-0.18923795,0.20747443,-2.0047295,0.7986901,0.32595038,0.33789802,0.19414249,-1.0101919,-1.255064,-1.8246151
921,-0.57409394,0.2470654,-1.0153414,-0.054819193,-0.16805094,-0.41271746,0.19996288,-1.0725322,0.7268939,1.7616488,0.89556825,1.5972356,-0.5070453,1.6077904,0.46432978,0.51231205,-1.0397704,0.21589874,-1.6612194,-0.4086317,0.5319002,0.56748617,1.8160274,0.1343453,-1.1200337,0.86340564,-2.566052,-0.25723913,-0.92725325,-0.03831376,0.048475005,-1.2128637
922,-0.6887186,0.90318877,-0.9985188,-1.1464165,2.210384,-2.8235748,-0.32556257,-0.031941656,-0.35853606,0.05219984,2.467676,-0.2453797,0.761689,0.62000906,1.4060475,0.96456605,-0.9484102,0.11614694,-0.79286945,0.20997398,1.1246874,-0.14893302,0.33075345,-0.78534544,-0.5885302,0.22874002,0.16748367,0.37560847,-0.6940399,0.8363703,0.6880792,-0.007782359
923,-0.6944891,-0.3149286,0.50687015,-1.030696,-1.1978118,0.40362784,-0.1598121,-0.916727,-0.46036878,1.0192109,0.7542168,0.41516462,-1.3641576,-1.2533338,0.24510604,-0.6722739,1.2263371,1.2204777,0.57580376,1.5914347,-0.020600423,-0.047772117,-0.08848808,-0.4303926,-0.10152236,1.0544299,-0.8573039,-0.88673633,-1.8982773,1.7009994,2.3631685,0.19647038
924,0.38719344,-0.03133585,0.053721756,-1.405344,0.12991467,-1.1684651,0.8842513,1.5023358,0.5702882,-1.0183891,1.2985473,-1.3862756,0.7932204,0.024469325,-1.299509,0.5736666,1.0320112,0.7369783,-0.31726557,1.9047347,-1.5088134,0.5993511,-0.39803252,-1.1025443,-0.91407925,1.2139418,1.051113,-0.14116919,-0.94419676,1.1860738,-0.101835,-0.7329705
925,0.17138006,1.0145394,0.71702635,0.41522503,-0.59110683,-2.5986443,-0.23946668,0.6066489,-0.77680343,-1.0112836,0.83074605,-0.504453,1.6114281,-0.6060408,-1.320481,1.201942,0.301373,0.64252424,0.32830662,1.0204512,-1.7332335,1.4600179,0.4202989,0.63428235,-1.7237073,0.33106148,0.34432337,0.8953485,0.014155347,-0.9673882,-1.3173196,-1.2381358
926,1.4718372,1.2187566,0.7654269,-0.99435216,0.37650868,-1.6240984,0.0485474,0.63699806,-0.9483427,-0.81802756,0.72253895,-0.79102886,0.88951707,0.03297794,-1.8138281,1.2412541,-0.54872006,0.48405766,0.6928381,0.8826931,-0.3655617,-0.22899862,-1.8502674,0.2664288,-1.7797208,-1.7353827,1.1317369,0.18148138,-0.17592588,-0.3430363,-1.7883903,-1.0565274
927,0.2377644,1.1035838,1.2442248,-0.51704407,-1.1399875,-0.6430523,0.55425745,1.1284701,-0.3861682,1.9011507,-1.109539,1.2840266,-0.3655827,-0.22068818,-1.5374755,-2.518515,0.78087366,0.2793479,0.4816057,0.30163538,0.42588955,0.036193665,1.9092313,0.7292479,-0.84503245,-0.1348928,-1.1694541,-0.9904341,-1.0355949,-0.8282986,-1.1026744,0.01600672
928,1.2205201,1.8586879,1.4165968,-0.650948,-0.5838233,-0.01596943,-0.7016835,0.72235805,-0.8329109,1.9865217,0.046822216,1.2393374,-0.013501893,-1.2267078,-0.98348063,-1.2838161,0.49883008,1.1091785,0.3843666,-0.5169488,-0.93619,-1.255211,0.55237037,1.0691984,-0.36366656,-0.4947326,-0.5489914,-2.0227191,-1.2104921,0.8230584,-0.10413498,0.29693213
929,0.22931905,1.9474535,2.6191022,0.43911293,-0.040977344,0.21535558,-0.39298245,0.9767986,-0.66346383,1.1668864,-0.10575813,0.90797937,0.1980221,-1.011691,-1.7836382,-2.1668792,-0.18573241,0.87314177,1.4647263,0.22432171,-0.54176784,-1.1358213,1.4681698,0.9648824,-0.16006792,-0.8110863,-0.3424008,-1.0210481,-0.46713993,-0.18357942,-0.3089032,0.7742103
930,-1.6349896,-1.5166153,-0.643849,0.2999653,-0.95623684,2.1579957,0.13953298,-0.7005434,-0.038545642,0.6479152,1.6910391,0.054724466,-0.05551439,-1.3431965,0.7251744,-0.5681499,1.9346504,0.755676,0.8189815,1.0795733,0.8322343,-1.1786367,-0.16440666,-0.3207556,-0.4251182,1.4110386,-0.73431754,-0.73571867,-1.0183961,0.7442613,0.9382959,-0.4425251
931,-1.161828,-1.7911851,-0.49421358,-0.22186144,-0.85415685,2.426038,0.78555554,-0.5339791,0.5295392,0.8187797,2.1627529,0.13974476,0.28718328,-1.6681999,0.4930173,-0.741334,1.57112,0.3112077,0.6660367,1.1036538,1.0678763,-0.8293329,-0.43614942,-0.1526541,-0.36868605,1.1892513,-0.31201166,-0.58463454,-0.5029594,0.5687608,0.6227927,-0.43657294
932,-0.91769683,-2.011192,0.012245235,-0.97166526,-0.5505114,2.0533533,0.46353272,0.30779272,1.8737931,0.3075245,1.7645043,0.026510948,0.97319734,-1.076473,0.37928796,-0.22387783,1.3719965,-1.2484298,0.7424227,1.3273135,0.16192274,-0.18017548,-1.4178332,0.007817164,-0.9465442,0.2923025,0.4364386,0.6628865,0.035554413,-0.4796268,0.32018363,-1.0528556
933,-0.4820057,-1.878479,0.22872698,-0.9939408,0.00508235,1.3392501,0.29469687,0.5470613,2.2030091,-0.45030743,1.2946728,-0.36148497,1.4768312,-0.34395534,0.26418826,0.27842283,0.75930345,-1.8648936,0.54868203,1.211531,-0.35321197,0.40903622,-1.635204,0.124066986,-1.0477879,-0.10327213,1.1018938,1.3342049,0.014379161,-0.9421526,-0.04769997,-0.8216286
934,-1.0444407,-1.4728634,-0.24533711,0.66676885,-0.5978608,2.0089407,0.2120647,-0.7896401,1.0299591,0.29966807,1.6435869,1.2869662,1.6273838,-1.5110394,0.31501338,-0.6413187,1.8544015,-0.15752172,1.2754055,0.57611,0.86304903,-1.5888246,0.45615545,0.36022812,-0.77461445,1.2755117,-0.098179504,-0.08982472,-0.77885365,-0.1700374,0.540157,0.048340276
935,-0.88895136,-1.3374761,0.8175897,0.24386597,-0.4805616,1.7965918,0.3233283,-0.21332622,1.601016,-0.090242,1.4093933,0.80298364,1.4232196,-1.079885,-0.04906222,-0.39050904,1.5967007,-1.0901378,1.8073932,1.4550196,0.9733849,-1.3627149,-0.03746286,0.5009975,-0.7841053,0.5791421,-0.14906533,0.44640952,-1.0864727,0.29244387,0.7405866,-0.17077944
936,0.0043208487,-1.1239982,1.5219865,-0.5333867,0.39940384,-0.51742303,-0.1331669,0.59419215,1.5455481,-2.169836,0.2506742,-0.10971197,1.5088248,0.47091466,0.2342537,0.6642473,0.2669846,-2.2029026,1.78817,1.3356656,0.22701707,0.59863776,-0.90864223,0.5563119,-0.53750354,-0.68846035,0.43981352,1.4827063,-1.1161591,0.043616276,0.42221195,0.05222583
937,-0.44121686,-0.44020587,0.79744476,0.77946734,-0.8807312,1.1094854,0.59344673,-0.6388021,0.4439125,-0.3141239,0.9473208,0.72423357,0.5144505,-0.78848547,-1.2100849,-0.7864367,1.4053763,0.41211754,2.1152682,1.5528677,1.9765265,-1.323947,1.2037324,0.5320697,-1.0772882,0.46356344,-0.30374283,0.21886976,-1.5796793,0.9524335,0.35937148,1.1206309
938,-0.15381496,0.14531259,1.888175,-0.550319,0.5017156,-1.164168,-0.15690322,0.6075962,0.8316392,-2.4424474,0.378374,-1.254819,0.70513666,0.44302154,-0.3762501,0.19250707,-0.29567787,-2.028344,1.7717918,1.3929344,1.2106133,0.8096175,-0.9528593,0.32107165,-0.5789543,-0.9762756,0.19251245,1.0795752,-0.55231863,0.55485594,0.09490324,-0.35123357
939,-0.5847377,1.0397105,1.271931,0.44349104,1.4976172,-1.4998807,-0.3524108,-0.77238303,-0.13619478,-0.68294305,0.6627688,0.54598707,0.12095853,1.3383838,0.9919534,-1.1422776,-1.5398643,-0.06051387,0.81422484,-0.84361607,2.08584,-0.7049529,2.1632147,0.48552206,-0.04882841,-0.75624305,-1.9194547,0.3485464,0.09013725,-0.2241243,-0.27597818,0.057547998
940,1.0049918,-0.67737865,0.3461394,-1.6540513,1.3456644,-0.7294832,0.57213634,-0.21210818,0.08057935,-0.24201664,1.8833139,1.229197,0.13882592,0.9944527,1.6258436,1.381855,-1.4281944,0.050708372,0.5118566,-0.30781084,1.2151964,-1.0665128,0.48786315,-0.6569715,-0.57292175,0.05693909,-1.562878,0.4389149,0.6661679,-0.349433,-1.8163351,-1.0177376
941,0.34532213,-0.24293481,0.44503626,-1.3970032,1.5576664,-0.85557956,0.38470384,-0.50901806,-0.43862623,-1.0163349,2.4491463,0.9592677,0.4037306,0.80454195,1.7017691,1.2262079,-1.5685928,0.20400932,0.6336069,-0.5519269,1.3308657,-1.063971,0.30265197,-0.6527324,-0.03659198,-0.59478354,-1.0410581,0.36707175,0.64254797,-0.41384783,-1.3883551,-0.95246404
942,0.5672148,0.6653011,1.8664169,-0.13460667,2.0388856,-0.031925,-0.69866854,-0.5204431,-0.78915393,-0.24547298,2.1236215,0.6389139,0.44166708,0.9916028,1.6681486,-0.010402977,-2.2443771,0.49647197,0.7040529,-1.0865394,0.5543968,-1.0720258,0.99031496,0.10748005,0.44116318,-1.2342031,-1.1892523,-0.3376789,0.3038896,0.23124745,-0.07563432,0.41461235
943,0.39447993,0.61638063,0.76291597,-0.47993606,2.0371423,-0.17367965,-0.59429586,-0.52824664,-1.0821044,-1.3569559,2.4266207,0.26759693,0.92172784,0.52767605,1.1266322,1.2337157,-1.9804989,0.48889786,1.2159545,-0.9012354,0.52392036,-1.0388019,-0.38611263,0.23892301,0.91185254,-1.060253,0.5205009,-0.7565224,-0.038626537,1.0408112,-0.49380514,0.36137298
944,0.95271397,-1.0257878,1.2024926,-0.934349,-0.690725,0.9195981,-0.20180948,-0.37400287,-0.30735788,0.052552518,1.1845309,0.03556631,-0.69150275,-0.8235413,0.93676347,-0.49441576,0.011512681,2.0038373,1.9084092,1.2663605,-0.16048585,-0.2855112,-0.5347601,-0.76453173,0.78284836,0.82395625,-1.0270021,-1.8589268,-1.5868115,2.0190861,-0.08886278,0.41509438
945,1.1372626,-0.37074727,0.33278698,-1.0717034,0.21614146,0.80440724,0.06488292,-0.050494596,-0.4291203,-1.3463931,0.88723356,-0.92694205,-0.47188923,-0.4634526,-1.5243535,1.0950706,-0.64223903,0.3791562,1.6068995,1.6800774,-0.11777281,0.6440688,-2.5366259,-0.22216357,-0.020813582,-1.3251145,1.1920458,-0.83866614,-0.5668352,1.2322962,-1.3023367,-0.23773234
946,-0.11306595,-0.3107862,0.42991754,-0.4024752,-0.2627119,-0.3508878,0.0758764,-0.21924998,0.040340148,0.86715025,0.14619976,0.25126135,-0.39093813,-0.25349712,0.38285246,-0.32508552,1.6103647,1.5377434,0.71823514,1.6924486,-0.4168953,-0.34448352,0.65708196,-0.7473412,0.20409,2.5777705,-0.5625892,-0.89889127,-2.2171466,2.0756493,1.9780793,-0.24410127
947,-0.88275087,-0.8734514,-0.617598,-1.1993341,1.6916776,-0.05023772,1.1005975,0.50107,1.4044693,-0.989123,1.6596524,0.1979603,1.2635714,1.8565642,0.49758494,0.00054749625,-0.57981783,1.733025,-0.7170379,0.39252493,0.3255828,-1.2389547,0.5928126,-1.5288274,0.19813854,1.0734265,0.46134874,0.45668077,-0.78827477,0.45580173,-0.9477436,-0.24180973
948,-1.2447331,0.4231654,0.12555334,1.1297075,0.40324524,-0.2738795,0.60042137,-0.06958249,1.3492649,1.0808868,1.3991568,0.6782486,-0.5228122,1.8896217,0.8347461,0.9745245,-1.7450877,-0.2720441,-1.3743664,0.9800596,-1.0410494,1.1049958,1.6969055,-0.56721824,-0.9448316,1.167808,-0.3674203,0.7990984,-1.0729197,0.56457305,0.3549466,-0.21143113
949,-0.8059145,0.42763963,0.012207252,1.9134121,0.32788143,-0.6427818,0.28041944,-0.20797224,1.138371,1.0503534,1.0896815,0.65928566,-0.15702653,1.9470724,0.78983766,1.078542,-1.3063501,-0.48835045,-1.3374369,0.9399165,-1.3747643,1.0738984,1.7617989,-0.7073502,-0.5718524,1.2192818,-0.12817407,0.94473267,-1.2202795,0.44081792,0.20978472,-0.15060082
950,2.094586,0.07073755,-0.5582135,1.3404849,-0.38329828,-0.95749915,-0.44310862,1.8848319,-1.8847222,0.8758081,0.1921885,0.9003689,1.4958133,0.7293379,0.07490978,1.0843726,0.56312037,0.5494308,-0.28765103,1.0456256,-0.878679,-0.9272791,1.4846576,-0.17462061,1.1054989,1.6407101,-0.3158241,0.013014208,-0.9617145,-0.33498377,0.28153586,-0.76594955
951,-0.765665,1.1284362,0.1332541,0.6589495,0.0062033613,-2.0662007,-1.108423,0.1247582,-1.5998894,1.4931962,-1.9867642,0.78990465,-0.06298651,0.014594764,0.3030735,-0.23710611,0.8321708,0.41287124,-0.5684005,0.1934145,1.2989362,1.070439,-1.1362358,0.5230459,-0.34836224,-2.018161,-1.3702129,-1.3809376,-0.87523526,0.098957054,-0.08608033,0.73086107
952,-0.51373756,1.363504,0.026747769,-0.053277194,0.40996495,-1.9693416,-1.5390158,-0.21563137,-1.832994,-0.75012034,0.24024798,-0.17541601,0.5424569,-0.31187293,0.7815098,0.8963976,0.98225665,1.4018818,0.07045866,-0.26783898,-0.3814836,0.855625,-2.0601342,0.22899297,-1.2262979,-2.2528176,0.9716452,-0.65837747,-1.9711097,0.079825565,-0.34454957,-0.2805834
953,0.6169406,0.40407017,-0.3521609,-1.0545151,0.60763335,-1.3404711,-1.0011978,-0.60778666,-1.4202242,-0.11680324,0.7597456,0.6344296,0.49500072,-0.37161332,1.2935328,1.3936732,0.33663362,1.6152276,0.13873723,-1.0848933,-0.51372725,0.6687323,-2.252794,-0.1523998,-0.50699854,-2.016762,1.6270763,-1.2292988,-1.4831731,0.31436157,-0.35081026,0.311609
954,-0.9508655,0.22268137,-0.9149508,-1.9156603,1.5760002,-1.1484325,-0.22149882,0.55483663,-0.074107744,0.6720828,0.6964152,1.7023253,-0.19418786,0.4928963,0.578723,1.0917115,-1.7387234,0.90904,-1.0873408,0.036819424,2.1197164,-0.8617205,-1.6203778,0.32502693,-0.016869694,-1.3999097,-1.025942,-0.29338232,0.14050622,0.69278693,-0.20104489,0.22259817
955,-0.32092297,1.0946608,2.2402103,1.0082848,-0.28781563,0.38265207,-1.4467441,-0.77589315,-1.5119109,0.8810508,0.5681685,-0.44673595,-0.16809143,-0.745373,1.0207508,-0.64876306,-0.0527485,1.5846859,0.6076216,0.36336917,-0.9600516,0.8204733,0.6189109,-0.047098737,0.30638814,-0.8015955,-1.1752493,-1.9543004,-1.4509958,0.3149402,1.431219,1.5386648
956,1.9009482,0.07095811,0.54432684,-0.5483432,1.0632962,-0.14127764,-0.68040514,-0.48634046,-1.2781426,-1.747942,1.4948474,0.13466088,0.770947,-0.15027377,0.100700095,1.5728782,-0.8486347,0.68950564,1.6072512,-0.20226067,-0.91277134,0.04129629,-1.5891767,-0.21103026,0.5843961,-1.2330402,1.3738506,-1.558505,-0.110322,0.70350105,-1.4029534,0.4098609
957,-0.8819006,0.828652,1.1044563,1.6029608,1.9546129,0.0975618,-1.3066449,-0.42649147,-1.167959,-0.12388365,-0.29908523,0.17972319,0.07191739,-0.046720777,-0.65065354,-0.63706464,-0.29410157,-0.7183716,2.0579326,0.07961075,0.9077044,-0.6194411,0.38511842,0.34773204,2.053129,-1.1550541,0.81317693,-1.3231332,-0.93662834,1.1580881,0.6298737,2.2973967
958,-1.0575346,0.82201475,0.87065,1.5290585,2.4776418,-0.51961803,-0.29884768,-0.073899336,-0.37678927,1.0386897,0.30822766,0.33146963,0.12065864,1.0874251,0.16935849,-0.35543972,-1.9583666,-1.3510423,0.64291847,-0.1090219,1.8073843,-0.75680906,1.6875584,0.24697144,1.1362339,-1.0121514,-0.93241537,-0.4558885,0.1779395,0.011115919,-0.14607473,1.5815898
959,0.16339971,0.073815644,0.060235787,1.2370285,2.1339889,-0.7582666,-0.8311827,-1.4159669,-1.6017696,-0.24675056,-0.16956362,-1.1424472,-0.051541813,0.1755644,0.15183993,0.818344,0.041091148,-1.5916276,2.2195446,-0.108142935,1.7374085,-0.8041677,0.43481034,-0.15394215,1.4431087,-0.34488747,0.21170911,-1.2544152,-1.1252481,1.0488182,0.58295,1.1375756
960,-0.27805674,-0.70931953,0.4750464,-0.737882,-0.5262782,0.6508473,0.039479945,-0.9452363,-0.3638571,0.4654018,0.38783824,-0.29028398,-1.4889247,-0.8714508,-0.54529023,-0.9532874,1.6301904,0.44288325,1.701304,2.0833306,1.4245781,-0.81807977,0.26079565,-0.18833947,-0.19315341,0.69866323,-0.96004593,-0.9023603,-1.5591624,1.6123178,1.3522469,0.6609666
961,0.06274315,-0.06953625,0.16242787,-0.8948155,0.44697645,-0.41248804,0.89465773,1.6255554,-0.18452933,-1.0904589,0.9752678,-2.3459353,-0.2939668,0.3096017,-1.6076604,0.83355314,-0.19531557,-1.3913782,1.0489912,2.1109035,-0.124096334,0.6394105,-1.5230083,-0.24926867,-0.39756483,0.31373844,0.31883278,-0.37975544,-0.5232445,0.89634407,-0.73276156,-0.9403904
962,-0.6941341,0.3226973,-1.4005154,-0.07177483,1.9530976,-1.5967911,0.43371204,-0.5716532,0.03705342,-0.8319561,2.2568734,-0.24792911,1.3106601,1.6118786,0.6566221,0.7828799,-1.1898541,-0.16215928,0.25768656,0.4112391,1.8295999,-0.34750512,1.8966432,-0.3050269,-0.46055463,0.40370846,-0.50066173,0.65317124,-0.3498314,-0.3635082,-0.5887379,-0.53792524
963,-0.5988792,-0.07604762,-1.0821548,1.07854,0.8128693,-0.7213746,0.090724126,-1.4004693,0.7040803,0.5223963,0.81872916,1.1301209,-0.183213,2.3785043,0.07152069,1.0755087,-1.5583328,-0.7849567,-0.47326875,-1.4239602,1.0407871,-0.8928413,1.6159785,-0.7180125,0.7975319,0.2730386,-0.4615871,0.45730838,-1.1846533,0.028463898,-0.90854716,0.36417893
964,0.94619364,1.232798,0.18043365,-1.3225381,-0.21053079,-2.7914765,-0.34807587,0.78970206,-0.8352967,-0.36937198,0.79437906,0.21529731,0.5661746,-0.4889589,-0.9399467,0.9162313,0.9604873,1.6389307,-0.54932714,0.67648494,-1.1963207,0.42988637,-1.3034364,0.06353496,-2.2790494,-0.76502043,1.0619644,0.0830298,-0.80471045,0.06269799,-1.0819784,-1.0055522
965,0.46484455,0.49155477,-1.6507874,-2.3601837,0.96497643,-1.3782943,0.3087098,0.17143147,0.20753913,0.6830609,2.150423,1.2768866,0.11850784,0.35366637,0.27209473,1.2472981,-0.8398104,1.1170549,-1.3888934,-0.9597736,0.56452715,-0.28855348,-0.15439858,-0.030410517,-1.0671741,0.24493691,-0.66278785,-0.3315474,-0.9414375,-0.16712649,-0.38819337,-1.65869
966,0.9174349,1.2698306,-0.9483296,-1.1125311,0.4549869,-1.7808446,-1.1231544,-0.36540294,-0.94023407,0.19396316,1.4230663,0.53254193,1.0546863,-0.726928,0.015144486,0.9245209,-0.13867697,0.90337497,-0.6972172,-1.6870296,-0.6231648,0.21045148,-1.2094901,0.6002814,-0.39098808,-1.182474,0.74896365,-1.6571475,-1.8399123,0.68583554,0.027530756,-0.79356664
967,0.91485035,0.7919339,-1.3387834,-0.21222997,-0.9583031,-1.4881154,-0.7124216,-0.36318073,-0.75628275,1.6821212,-0.42473567,1.7549121,0.33637407,0.3285096,-0.62543625,-0.092052676,1.2855834,0.91342163,-1.1142457,-1.1543642,0.22785679,0.3344458,0.6484367,0.57709557,-1.2224132,0.29110146,-1.6089715,-1.3004564,-2.0430288,-0.49671566,-0.6497445,-0.9604441
968,-0.1550442,-0.46621922,-0.54913354,0.67288506,0.31295007,0.08269198,-1.7247249,0.49684927,-1.202624,1.4569813,-0.9653933,-0.39370573,0.52274054,1.5933373,-0.82788175,-1.1983477,0.29374847,0.9272181,-0.01527556,-1.2130203,-1.4609017,0.21008845,-0.44854355,0.94335407,-1.7362489,-0.030013707,-1.0471034,-1.7274129,-0.9679735,1.654366,0.97878677,0.07167
969,-0.76408505,-0.6752512,-0.82865393,-0.702867,1.1265808,1.2520031,-0.86579996,1.3280374,0.34367397,-0.8637584,-0.5064722,-0.007887456,1.1248344,0.014582864,-1.3283044,1.8632821,-0.5712154,1.1346782,0.38669914,-0.26760557,-2.010353,1.3079429,-1.4147179,0.5953223,-1.2279649,-0.4024935,1.1391908,-1.8338077,0.14662887,-0.01785072,1.2501043,-0.605436
970,-0.63374144,-0.5009269,-0.8575118,-0.5076787,1.5122818,0.7213737,-1.1309718,1.3876933,0.31202787,-0.17399962,-0.9565901,0.8711291,1.1797149,0.4400611,-1.8416406,1.6142527,-0.17999122,1.3912325,0.045009956,-0.88920045,-1.8446693,0.93665236,-0.80858386,0.95898193,-1.6418561,-0.70602906,0.7344731,-1.3943967,0.3956058,-0.6076073,1.1353893,-0.06283717
971,-0.34902072,0.6507812,0.43824136,-0.6060383,-1.5533571,0.9615776,0.6517827,0.8505927,-0.52761763,0.06662496,1.1469095,-0.95814526,1.4570432,-0.58047384,-1.3995352,0.29850402,-1.3002363,1.1089833,0.40946576,-1.5200223,-0.30104432,1.2442043,-0.43876827,1.1564004,-0.8549614,-0.044914007,2.1954253,-1.5636066,-0.1925648,0.34347224,1.1869736,-0.40623125
972,-0.70330226,0.4570403,0.3460274,1.9236461,-1.1120203,0.9365704,-0.08531162,-0.7468234,-0.21580602,0.33849618,0.8924345,0.14045556,1.2469655,0.31994805,-0.5742449,-1.2543006,-1.1240077,1.5397474,0.7777867,-1.7331185,-0.47794113,1.1352226,0.40060124,1.2390394,-0.5165936,-1.2518238,0.708854,-1.3478893,-0.9407525,0.3200944,1.6237874,-0.0048777414
973,0.80655,0.7213822,2.2084029,-0.058004465,-1.2671446,0.8469025,-0.38826442,-0.9048252,-1.2331442,0.24190107,0.79740566,-0.35081533,-0.2413775,0.024077157,-0.20446897,-1.0272902,-1.0642941,1.3122433,0.9558287,-1.0759693,0.18091266,0.63265896,1.2078334,1.2385901,0.25878474,0.26206303,0.05716288,-2.2598948,-0.33442068,0.63846964,2.181984,0.16097568
974,0.84967214,0.65074766,1.2833183,-1.3127301,-1.0946107,0.9249251,0.41903222,-0.04187199,-0.7457962,-1.2606983,0.7784825,-1.623796,0.53104514,-0.26111212,-0.48262322,-0.10554875,-1.7320672,0.22885741,0.015032935,-1.2442853,-0.105138496,1.8294045,-0.40172467,0.47464904,-0.43268162,-0.74933296,1.6263515,-1.6069211,0.58997047,-0.11540932,1.0217376,-1.6431745
975,0.18007359,0.4653619,0.6248595,1.3512242,-0.69160384,0.5579302,-0.23855013,-2.170147,-0.53545594,-1.1491301,0.78364563,0.13710047,0.4163021,0.8303461,-0.15666975,-0.9686878,-1.6608989,0.8592264,0.18075584,-2.073346,0.59971505,1.3704643,0.83848935,0.56137943,0.38367164,-1.3201246,0.6242797,-1.2568532,-0.10000012,-0.06278479,1.3525008,-0.360551
976,-0.9112378,-0.013052813,-1.8615413,-0.7144344,0.4367811,0.4698131,1.107248,-0.020474311,1.4257541,-0.4007842,2.0825012,0.17783625,0.96534115,2.1935036,0.24836202,0.3461945,-1.9029447,0.9259348,-1.1244265,-0.8343597,1.0566998,-0.06735056,-0.0909183,-0.8539883,-0.0726073,-0.08223433,0.6127001,0.324126,-0.5608318,0.69115764,0.11006292,-1.1190186
977,1.0425733,0.5871968,-0.8815581,0.98359674,-1.6755702,0.7631768,0.4955411,0.1321403,-1.0443722,2.8146617,0.83125836,0.028262982,0.17194782,0.09988937,-0.0032413565,-0.53662616,1.0254942,0.5231721,0.015755411,-0.18844087,-0.7536516,-0.2794745,0.52079195,0.6435252,0.19203763,0.26201203,-1.0167298,-1.5332885,-0.62634724,1.5083688,2.291382,-1.1352578
978,-0.78702086,0.1811819,-1.4062086,0.6208692,-0.36408222,1.3257694,1.1196735,1.3169823,-0.5482897,0.29609573,1.2428387,-1.3730184,2.2091277,0.30145642,-0.39682508,0.97709733,-1.0823946,0.19074783,0.03966192,-0.6435008,-0.30985916,1.2211583,-0.7834595,0.59258264,-0.7399487,-0.7477349,1.3974378,-1.8141848,-0.15017259,0.96069145,1.1567913,-1.7153318
979,0.29156318,-1.336419,1.5075413,0.6017927,-1.0810028,1.5608405,0.28921357,0.19957744,-0.2560906,0.3873026,0.9463378,0.33173725,-0.575603,0.13714273,0.19100295,-0.9776672,-0.7220853,1.5572497,1.6897417,0.8947898,-0.1815244,-0.7560087,1.0506991,0.04449137,0.546576,1.9004765,-0.7902059,-1.9563184,-0.67901033,1.1265668,1.9879625,-0.9179765
980,0.607714,-1.562654,1.6384971,0.7475761,-1.6153778,1.2421863,0.13179588,0.42815304,-0.5171003,-0.82703966,0.8126245,0.024367034,-0.40437335,0.03580259,0.7428552,-0.71445197,-1.1057322,1.6149343,1.7587154,1.0298152,-0.26024443,-0.7659295,0.6672313,-0.5627734,0.9304826,1.3937504,-0.3130316,-1.779829,-0.22784343,0.33817965,1.4074433,-1.6719254
981,1.5464166,-0.011922724,1.6583095,-1.8176863,-0.7709298,0.65009445,0.17593962,2.2156975,-0.30053034,-1.4147481,0.19304472,-1.4035578,0.18445465,-0.26535422,-0.60981727,0.7251927,-1.1559732,0.12774734,0.4643976,0.82280016,-0.52718806,0.27137324,-0.8813816,-0.3642434,-0.42093095,1.0310063,2.0515926,-0.7561569,0.5923456,-0.32901844,0.040368162,-1.7192528
982,0.6807645,-0.90959156,1.1163539,0.59879774,-0.998887,-0.03533913,-0.40036514,-1.112107,-0.90400994,-1.9407966,0.123719156,0.9017424,0.46620277,0.64635795,0.59399426,1.3572452,-1.554932,0.849349,1.2846937,-0.7857741,0.891617,0.6135445,0.93189466,-0.27937764,2.5021088,1.1123309,1.0694994,-0.78876936,-0.82630265,-0.06226736,1.2391074,-0.055655695
983,-0.43141836,-0.023409855,-1.3125769,-1.0894167,0.3659311,0.64566046,0.971938,0.6156668,0.9391256,-0.75105435,2.027711,0.54038435,-0.26444554,2.06838,0.18306197,0.52044034,-2.2728121,1.2372165,-1.1140654,-0.048920173,1.5667002,-0.7767259,0.6393056,-1.0049279,-0.39937106,-0.03581989,0.11207654,0.49536127,0.08355754,-0.04659162,0.22024372,-1.2959231
984,-1.1411105,1.2835314,-0.19123812,-0.14394611,1.0091617,0.14204927,-0.089036934,-0.10068251,0.08630112,-2.7025645,1.0613201,-0.41224682,0.3196007,1.3542796,1.8068907,-0.21553712,-1.8380874,1.3251185,-0.0025901117,0.016910998,0.77924967,-0.60640365,0.05212976,-1.2798485,1.3479728,-0.033976167,1.2153633,-0.91860414,-0.8786325,0.21327445,0.3247416,-0.12263696
985,-1.1135329,0.85961086,-1.034535,-0.495199,0.57925355,-0.24920954,1.428177,0.82749027,1.1094675,-1.5829513,1.5863987,1.112235,0.016024237,1.4173868,0.31041417,-0.13510019,-2.8573427,0.8374757,-0.7051696,0.5802785,1.0044953,-0.17884994,-0.20769222,-0.703066,0.41678607,-0.6157133,-0.7138077,0.2584759,-0.9493226,0.102680616,0.4411517,0.9346055
986,-0.37819374,0.59571713,-1.2339721,1.5731689,0.06574623,-0.7791753,0.38329872,0.4672808,-0.8887248,-2.2992668,0.4364637,0.3567279,1.1857936,0.22386204,0.2645187,-0.41782123,-1.885734,0.008833015,0.09645455,-0.5454829,0.35307986,0.6782187,-1.0677075,-0.17132828,1.3233923,-1.3592346,-0.013692335,-0.6990584,-1.8439841,0.52214855,0.3655027,2.5362506
987,-1.2028956,0.37790403,-0.13378203,-1.997267,0.6364842,0.56140995,1.2057769,0.96941483,1.5179111,-0.8660951,1.9030156,0.76443523,-1.1036712,1.0393262,0.41167673,-0.8456733,-2.1086137,0.95198894,-0.8183561,0.53024125,1.2723478,-0.45300612,-0.30154654,-0.7251261,-0.19491637,-0.39488935,-1.0116258,0.6490809,-0.18152335,-0.077227995,0.39102462,-0.42702162
988,-1.282085,0.35660276,-0.10409846,-1.4890828,0.62069243,0.62796026,1.2880161,0.34321624,1.4761367,-0.5760463,1.7773309,0.848821,-0.9848856,1.2811956,0.7374624,-0.726442,-2.243529,0.91166276,-0.98643196,0.55276865,1.478199,-0.46857986,0.34677422,-0.9340531,-0.15456389,-0.39814103,-1.343384,0.6700741,-0.41853893,-0.11448856,0.3471259,-0.308967
989,-1.3597128,0.3977775,0.14180015,-1.1398468,0.47998914,0.7082902,1.4129035,0.12448708,1.4400587,-0.30799863,1.6522666,0.80002904,-0.9459477,1.3294997,0.9400912,-0.7965058,-2.2930229,0.72924185,-1.1328983,0.5083678,1.5189874,-0.42451113,0.7105463,-1.0698826,-0.23453936,-0.39364257,-1.3300287,0.6485362,-0.6795027,-0.19286817,0.31583077,-0.41180232
990,-1.2746162,0.39649808,-0.1527213,-1.84043,0.54615635,0.5966115,1.37723,0.7737064,1.6207242,-0.25441396,1.6308143,1.0219792,-1.1678208,1.0831751,0.59019506,-0.8546572,-1.9237752,0.9905686,-1.0470693,0.55172503,1.3015176,-0.61374617,0.26398197,-0.743346,-0.39411443,-0.21562234,-1.3602058,0.73858947,-0.33368987,-0.046691883,0.45279187,-0.5211971
991,-0.946791,0.08046791,0.8752328,2.4751904,0.17853378,0.9497114,0.24718165,-0.75902545,0.7187647,0.31096196,-0.70929724,0.16691129,-0.38747278,2.1250763,0.21301225,0.6266511,-1.9271668,-0.86211705,-0.7777562,-0.036409725,0.8022884,-0.34006196,1.6431302,-0.81097525,0.27055472,-1.0412914,-1.7985122,0.23631479,-1.0607948,-0.19245078,-0.0012259701,0.024942754
992,0.10583989,-0.48287213,0.046186183,-0.19088273,-0.6973849,-0.28992024,0.8282549,0.15695047,-0.0068494445,-2.3301892,1.2872181,-1.2349381,1.5161407,-0.60388935,1.889224,-0.22199956,-2.090036,-0.8330303,0.3844192,-0.26147172,-0.15694697,-0.7658704,-0.85774386,-0.9872346,0.86390257,-1.5577502,1.838517,-0.90298635,-0.5511082,-0.22568867,0.71354705,-0.08582371
993,-1.8711395,0.076298535,-1.0175966,-1.9391502,0.9384788,1.1316998,0.84983253,1.2050074,0.34600362,0.9045845,1.5121853,0.10570411,1.0248693,0.6647455,0.073276475,0.6472462,-2.1347535,-0.11081152,-1.7548225,-0.8753463,0.30535683,-1.0084475,0.8970527,-0.35336056,-1.3999034,-0.34679115,-0.48261824,0.012243863,0.22956038,-0.70065236,0.54204637,-0.3160176
994,-0.050544396,-0.030179102,0.10075331,0.67594934,-0.4780385,0.23003574,0.1575007,0.11795431,-1.8915638,2.5735402,-0.48625705,-1.1390073,-0.1535853,0.5913432,-0.0937907,-0.2005023,-0.6950248,-1.3807508,-0.71955997,-0.23583646,-1.1941419,0.040153176,0.7943638,0.3444472,-1.4937193,0.5409575,-1.4296709,-1.4959134,-0.528214,1.8606058,1.6702706,0.10160312
995,-0.5112555,-0.20082076,-1.4337364,-1.4924334,0.024714356,1.6419463,-0.028143566,0.8352529,-0.94544214,-0.15142712,-0.21780668,-1.1778182,1.7958635,-0.70719856,-1.4879299,1.0417967,-1.0701797,-0.070541374,-0.3627942,-0.7191183,-0.81668276,0.5203213,-0.8204323,-0.19915709,-1.4479063,-0.42655122,1.470859,-2.0981214,-0.4225498,1.0320477,0.9933729,-1.2647527
996,-1.962859,0.4985413,-0.72938156,-1.7418077,1.2541776,1.0022924,1.21546,0.8463555,0.81677115,0.3277032,1.825669,0.77966565,0.73048747,0.4719517,0.042811565,0.6893229,-2.2704687,0.59079117,-1.8786827,-0.45686638,0.18943621,-0.5394527,0.47126603,-0.6465104,-0.88383555,-0.898355,-0.18562558,0.06215297,-0.067256875,-0.34284645,0.78637946,0.8533258
997,-0.26540387,0.113092914,0.54498965,0.69937176,-0.5553904,0.63358676,0.018335344,0.357941,-2.0892012,2.4641433,-0.27403596,-0.9886675,0.15050092,0.47660357,-0.27296802,-0.49324787,-0.6922357,-0.858203,-0.9347127,-0.43934533,-1.7902099,0.13840455,0.5238874,0.71216005,-1.1519439,0.29488575,-1.1174428,-1.4458414,-0.5181758,1.8658352,1.5772245,0.3427285
998,-0.17427546,0.48596764,-1.2106197,-1.3733393,-0.29728684,0.88762313,0.26614198,1.3449265,-1.1037614,0.17533582,0.17074487,-1.5392587,2.0094373,-0.0551382,-1.6766942,-0.014186842,-0.9930765,-0.6871013,-0.92222285,-0.60140646,-1.1286328,0.45339906,-0.73754054,-0.20345159,-1.5280883,-0.25555122,1.3634651,-1.8866409,-0.9237221,1.5788798,0.05869804,-0.9121516
999,-2.3868167,0.7628861,-0.39221737,-1.6679044,1.4962233,0.035140842,0.38152647,0.1372272,0.70973957,-0.49726936,1.9507768,0.6264356,0.6805132,0.83946997,0.4761187,-0.34128872,-1.5959135,0.32010114,-1.358222,-1.1600075,0.9135721,-0.18101867,-1.2492743,-0.044158336,0.22208956,-1.2993605,-0.69675547,0.564775,0.1450382,-0.53087926,0.9690948,-0.17498773
1000,-0.81241155,1.5793968,-0.97327155,-0.69811094,0.16305198,0.75071406,-0.9289247,0.08302357,-0.7711819,-1.4643056,0.42770946,-0.7545554,1.8569162,-0.39682215,0.5533361,-0.360056,-0.7143864,0.83429223,-1.0867504,-1.3255298,-1.0475415,0.1304269,-0.573532,-0.37054804,0.60656357,-0.66099584,2.5773351,-1.7379036,-0.78383577,0.6220868,0.322397,-0.3577129
1001,-2.1309702,0.80943567,-0.73403645,-1.7020259,1.1434758,0.5522497,1.2778568,0.8798681,1.166202,0.14954269,2.0417318,0.7077619,0.04450997,0.9723714,0.15496258,-0.057525244,-2.02389,0.5203145,-1.9379989,0.056659967,0.58358616,-0.35063526,0.31670523,-0.70399356,-0.57695085,-0.65762824,-0.6678639,0.2632598,-0.42403942,0.10458853,0.28660882,0.73994774
1002,-0.4822421,0.45882615,0.57208407,1.8592294,0.27513772,0.13641813,0.30090532,-0.0038626022,-0.94730693,2.4120996,0.36449295,-0.47165295,0.40629694,1.5369514,-0.35802,0.27339065,-1.5784905,-1.5382929,-1.691309,-0.5741144,-1.6393228,0.22409914,0.9191387,0.5006192,-0.72148347,-0.5628224,-1.1228763,-0.32067037,-0.47329003,0.6637241,0.21754906,1.3724587
1003,-0.27912468,0.14847164,0.47834522,0.6238044,-0.6643936,0.56608826,-0.149851,0.7761168,-2.093852,2.4415076,-0.4078856,-0.7079432,0.3409744,0.7640532,-0.41424525,-0.8012962,-0.46529362,-0.60589606,-0.78452706,-0.43382278,-1.978694,-0.043926716,0.13483317,0.9136631,-1.1420937,0.06684603,-1.1807522,-1.2543212,-0.588388,2.0629823,1.094546,0.69053483
1004,-0.50201523,0.09039848,-0.8058062,-1.7092068,-0.6211539,1.2519158,0.4119798,1.7253594,-0.88547766,0.040691283,0.30932316,-1.0651762,1.8850482,-0.24120086,-1.7907329,-0.61057967,-0.74070245,-0.029976461,-0.6634232,-0.5356801,-1.4452455,0.72429425,-0.9640107,0.3217808,-1.6079428,-0.11907812,0.9094696,-1.8147199,-0.7052338,1.772703,-0.02458262,-0.80607206
1005,1.2173666,-0.75682694,1.0309895,-0.22615457,-0.28364128,0.9140285,-1.02175,-0.16655825,-1.0393169,0.9433567,0.3205648,-0.656231,-0.47330824,1.1121798,1.0026394,-1.749666,0.57413775,1.1006411,0.63130796,0.6430854,-0.7138413,-0.5227589,0.44512606,-0.060199507,0.031227984,1.5475479,-1.9511216,-1.7755617,-0.2272453,2.4183702,1.2543654,-0.6468351
1006,1.2863607,-0.2058324,1.4760182,-0.36629733,0.17726573,1.4701098,-1.6059121,0.7632438,-0.525966,-1.0530269,-0.047685582,-1.0390134,-0.08122229,0.74893713,1.3487927,-0.9204252,0.052905135,0.5693291,0.7400336,1.2321517,-1.5672652,-0.36738583,-0.5056367,-0.6965272,0.3057207,1.2261705,-0.26387763,-2.1727684,0.4539036,1.226236,0.5234852,-2.0978012
1007,0.48564428,0.25171733,0.59214884,-1.0120071,0.17488262,1.1600925,-0.25484425,1.572623,0.49057466,-2.1030164,0.6024291,-1.6012648,0.44471258,0.14315565,0.34806502,0.29653338,-1.1960061,0.24595657,0.2416424,1.0874183,-1.5190841,0.22694297,-1.2379378,-0.6099402,-0.05409986,0.66887724,1.5424448,-1.4649942,0.6860495,0.4798482,-0.19018319,-2.3802342
1008,0.048333492,0.5903189,0.92952716,2.6047611,0.8997463,0.25243875,-1.5603355,-1.416846,-0.13027714,-1.7874784,-0.042134546,0.58127534,0.9702933,1.3872318,1.5344588,0.6432888,-0.827421,1.6532278,0.4114675,-0.28432187,-0.9470824,-0.13724962,0.5659456,-0.8098595,1.1394874,-0.3484828,0.29473257,-0.6579127,-0.3398255,-0.1526923,0.9922643,0.5075485
1009,-1.2717088,0.4843076,-0.4458616,1.8181378,1.7029663,-0.4837642,-0.13194437,-1.0359578,-0.18325183,-1.9264913,-0.4817293,1.4820088,0.71669316,0.7457185,0.5426815,1.0754104,-0.048190385,1.9198048,0.3642667,-0.22078829,-0.13216555,-0.08094894,-0.80618757,-0.4083131,0.12021314,-1.1506377,1.0963887,-0.5145142,-0.21980008,-0.25783178,1.9579258,1.4575415
1010,-0.39393294,-0.6441421,0.03865355,0.280641,-0.18924789,-0.03148543,-0.0512084,0.63636136,-0.7030347,-0.7637982,0.2262632,0.9370529,2.2948732,0.6838419,-1.0260085,0.87858737,1.1561855,2.0540726,0.6849948,-0.96121746,-0.2631062,-1.2047815,-0.5202306,-0.42041746,2.2842867,1.7138499,1.6352348,0.59250766,-1.0421134,-0.5220231,0.12533006,1.2747625
1011,-1.551099,1.5996522,1.6439991,-0.9098834,-0.594391,-1.4918889,0.26651138,2.0247943,-0.10224495,-0.31129053,-0.118897974,0.75278926,0.5307106,-0.99247915,-0.79042107,-2.67549,0.2733732,-0.2748517,0.0025272,-0.47504213,-1.2641208,0.27729398,0.18329033,0.5618075,-1.0926003,-0.5141705,0.81416506,1.1914241,-0.18669803,-0.772071,-1.3712289,0.4886609
1012,-1.0611893,0.5771572,-1.1798131,-0.05917489,-0.025064578,0.31843662,-0.6539519,-0.97367793,-1.1886139,0.00638497,0.682967,-1.341707,2.0490968,0.4905104,0.28538132,-0.5317974,0.030122668,0.02734948,-1.0348265,-2.3854153,-0.38674167,0.4250761,-0.95989025,0.59713984,-0.9941773,-1.3999006,0.383972,-1.4385475,0.35700706,0.46015888,0.6651616,-1.5007226
1013,-1.975488,0.5735032,-0.75520027,-1.924603,1.2221925,-0.20384611,1.0812699,0.7485114,1.2772202,-0.5470823,1.7265317,1.3677186,-0.82461196,0.971191,0.40680137,-0.29009795,-1.378773,1.0554843,-1.0143682,0.3550953,1.2687446,-0.7780959,-0.39470655,-0.64794576,-0.3269173,-0.49231043,-1.0850419,0.81572473,0.097412705,-0.4885971,0.6633946,-0.011853085
1014,-0.53912014,0.49802175,0.026948055,-2.4210694,0.9155328,0.68912065,0.2654324,0.15395585,1.268569,-0.13596083,1.6314362,0.63332504,-0.88364977,1.4132804,1.1299517,0.24202959,-1.6358291,1.0068454,-1.4403476,-0.12496161,1.3709834,-0.79268277,0.51405007,-0.92532897,-1.1179302,-0.13129105,-1.0096072,0.8926529,0.15306531,-0.792821,0.3863328,-0.8548164
1015,-0.24428435,0.33557138,2.0185032,0.99574953,0.6061546,-0.19074765,0.04627217,-1.0345716,0.14639261,1.4308858,1.5361906,-0.28706264,-0.2047645,2.5079541,1.2940279,-0.23874116,-1.5670196,-0.95979375,-1.3128837,-0.31585228,-0.9409228,0.2372774,1.2966708,-0.12112517,-1.0624255,-0.35597122,-1.6108301,0.3022448,0.15353487,0.46061537,0.24285273,0.12489119
1016,0.64237374,-0.31050503,3.0707679,-1.1879483,0.9724957,-0.29607096,-0.5509615,0.6958332,-0.07350576,-0.16502878,0.030254154,-1.0369067,0.067249924,1.8507957,1.230389,-0.1645628,-0.4986679,-0.9674025,0.7599181,0.6932437,-0.21897393,1.1251556,-1.4995085,0.12745216,-0.5225016,-1.8020855,1.8939137,0.6966421,-0.41939616,0.59298605,-0.13464552,-0.58408445
1017,-0.20934863,-1.4510059,2.7983057,0.1289694,0.26429865,0.22421478,-0.21473683,-0.41922286,-0.7309108,1.4545879,1.1198047,-0.25040063,-0.14679918,0.9607536,2.0977302,-0.94634163,0.15492895,0.38984513,1.2799834,1.2219177,-0.3114924,-0.18556389,0.5783889,0.64298755,-0.47936958,0.31351495,0.16957624,-0.31246606,-0.95596486,1.8448248,1.7770213,-0.3219997
1018,0.7069271,-1.7411209,2.0165498,-1.622311,0.062256332,0.7817651,-0.18443173,1.0283911,0.47455677,-0.6135315,0.34843287,-0.8395203,-0.5066175,0.60656506,0.67750883,0.36179686,-0.31372893,-0.35897005,0.81996953,2.034603,-0.49331734,0.9810781,-1.8202509,-0.19104744,-0.41161764,-0.951297,1.2844439,0.45238638,-0.11012409,0.8715571,-0.25050604,-1.5021774
1019,1.2152613,-0.81184196,2.5823264,-1.2300044,0.76412684,-0.50675,-0.6712829,0.6459651,0.27717695,-0.6170134,0.1274158,-0.34905535,0.122134924,1.2643368,1.2084808,0.40227026,0.2541919,-0.2790326,0.76958644,1.2899511,-0.63385314,0.771775,-1.3414323,-0.048633244,-0.60816526,-1.4455442,2.4729302,1.0604928,0.0562824,0.45276684,-0.9282114,-0.80023056
1020,0.22449194,0.00022802413,0.8113302,-0.7603267,1.2298218,-0.92788017,0.52207357,-0.4844003,0.88401496,-0.3033041,1.6525046,1.3110974,0.4248469,2.015932,1.6403646,1.3701916,-0.60913163,-0.293105,-0.7115759,-0.42992276,0.34847832,-1.573608,1.7119776,-0.99475974,-1.6580511,0.7439643,1.1270412,0.3914793,0.25595844,-1.0583248,-0.23410627,-0.33801597
1021,0.8644374,-0.13391325,1.0966977,0.253518,0.7413957,-1.1346257,0.2819718,-0.66586137,-0.15746358,-0.45022357,0.94160277,0.4659156,1.1031555,1.3123564,1.460752,1.9943955,0.21750526,-0.9261259,-0.26546448,-0.8833411,0.052550234,-1.862942,2.0342252,-0.90598685,-1.6836815,0.48624817,1.654427,0.14816926,0.2525677,-1.4380772,0.20374659,-0.0851801
1022,-0.9530311,0.807456,1.9064995,2.1765795,0.051816273,1.347212,-0.7452078,0.5795416,1.0903914,0.10813747,-0.6251204,1.4322706,1.9269271,-0.6173963,1.4823194,-1.5936308,-0.6193065,-0.6262003,0.36143452,-0.6672417,-0.2346351,-0.5381967,0.2775591,0.5529914,-0.0929122,0.25593978,-0.031607702,-0.6821451,-0.73415035,-0.15601008,-0.5586754,-2.1294096
1023,-0.21245687,-0.5067089,1.4928842,0.890939,0.10133333,1.448444,-0.36597446,0.41757643,1.6505213,-0.61838996,-0.3737316,0.8111125,2.2570643,-0.03554444,1.6285384,-1.4144611,-0.4148701,-1.665744,0.26394147,0.057735585,-0.06461037,0.32603285,-1.447684,0.55465853,-0.34701937,-1.1399373,1.1258495,1.097408,-0.7856709,-1.0418618,-0.54837465,-1.948363
1024,-1.2705314,0.5444708,0.18031418,-2.1024728,0.897034,0.16454244,1.4119843,1.3195424,0.9352195,-0.67447263,0.2608667,1.3530138,-0.9276486,0.9120501,-0.11376753,-1.2978957,-1.4791071,-0.84019494,-0.9275538,-0.5966431,2.1326926,0.052348662,-0.29151,-0.61603594,-0.8431394,0.22906774,-0.830746,1.0038364,-0.26530224,-0.13308947,-0.948701,-0.88458174
1025,-1.3309172,0.9682629,2.0179858,1.5531479,0.48796338,0.70344925,1.0373636,0.13869105,0.37584248,0.4206284,-0.79354286,1.160889,0.14486125,0.004023309,0.2629148,-1.4194489,-0.9964216,-2.1057174,-0.5486328,-1.2803725,0.49902993,0.746932,-0.112728305,-0.73099005,0.15101598,-0.094946675,0.21692483,0.18242967,-0.74243104,-1.2864273,-1.9848605,-0.3691834
1026,-1.3330992,0.2638226,0.5040855,-0.92755353,-0.5749977,-1.0142967,-1.1935356,0.6748295,-0.16355358,-0.8044905,-0.21863654,-2.1463594,0.09991971,-0.40131798,2.078342,0.013403126,0.34475917,-1.0013034,1.0869002,-0.38608313,0.81980675,-0.9169975,-1.1278995,-0.8447689,-0.89791775,-0.31433162,0.97815895,-0.21801504,0.10873024,-1.1326483,1.2524297,-2.7371936
1027,0.05927716,0.73160696,0.020328214,1.9454496,-0.918937,0.42805225,-0.3040777,1.1076548,-1.7924777,-0.5229408,-1.0804033,0.36233276,0.16844647,-0.25895044,0.277171,-1.9980373,-1.0282907,-0.09630367,0.61641335,0.3336837,0.4596058,0.017899655,-0.6574943,-0.2819377,1.1950419,-0.8164988,-1.2300324,-1.2909741,-2.3490043,0.6770119,0.19145463,1.9578439
1028,1.4045299,-1.1318703,-0.50463974,-1.3951541,-0.1597433,0.5729173,1.3721652,0.3508094,-0.9695304,-0.659083,0.83109635,-1.7295915,0.3294673,-0.71031004,0.6674754,-0.5552999,-0.024784822,-2.546216,-0.81637967,1.0332742,-1.6078726,0.111940674,-1.281168,0.13632534,0.23076181,-0.1719345,1.3493356,0.045356523,-0.54611534,-0.39355782,-0.96717906,0.30978608
1029,-0.16950892,0.51193106,-0.45172298,0.42491427,-0.112143286,0.25365707,0.47363922,0.08770844,-1.3987134,-1.9494041,-0.30043405,-1.020783,0.7098557,0.1545511,0.6894335,-1.5384881,-0.7559713,-2.4435654,-0.5068871,-0.817997,0.9421521,0.99247,-0.45480752,-0.025083337,0.9751477,-1.2619045,-0.069318466,-0.54868853,-2.1186376,0.20041446,-1.5299528,0.99377877
1030,-0.0020782377,-1.0901728,0.94360983,-0.9160384,-0.7394096,-0.39930263,-0.2540673,0.13053451,-0.026101813,-0.3134771,-0.116319165,-1.59695,0.6322411,0.16062495,2.5710073,0.87111205,0.7805985,-1.4213204,0.81841046,0.25284988,-0.2357709,-1.722283,-0.5682913,-0.40746427,-0.48485368,-1.249563,1.5968342,0.79078925,-0.6273384,-1.6963304,1.1621516,-2.130431
1031,-0.93906254,-0.9775591,-0.055272564,0.86849076,-1.3802698,0.3554907,-0.68502235,-0.5657481,-0.9500516,0.9922743,0.8148106,-0.6951304,-0.5110938,-0.56746817,0.9882131,0.26465312,2.0147321,1.2414685,0.90539956,0.21844566,0.7587303,-2.2346942,1.33996,-0.41879225,-1.441923,0.6923942,-0.34852454,-0.003226713,-1.2391965,-0.68516487,1.9110439,-0.5936103
1032,-0.60940015,-2.3997371,-0.4311818,-0.1772936,-0.51346225,1.728062,0.6323481,-1.143874,-0.13190478,0.97207624,1.8551282,0.119844794,0.08509929,-1.1355604,1.3585813,-0.34469828,1.8950973,0.31066743,0.6552122,1.046473,0.76299435,-1.3893952,0.15758003,-0.0035706628,0.09432062,1.3125062,0.108227834,-0.3283443,-0.5787679,0.22630483,1.3466791,-0.8987742
1033,-0.34609964,-2.4591,0.19201349,-0.5917161,-0.26628825,2.0477626,0.46405226,-0.707685,1.049078,0.37554127,1.2505817,-0.30618593,0.7722811,-0.5736869,1.5215889,0.09976685,1.2480608,-1.408888,0.4775955,1.3658534,0.34457606,-0.7993912,-1.2926929,-0.0135002155,0.09440586,-0.032006696,0.8519992,0.9215345,-0.26282895,-0.44471768,1.0975344,-1.742049
1034,0.052698404,-2.0478888,0.5904319,-0.7748943,0.0008805204,1.5976981,0.30681306,-0.13298687,1.412348,-0.2002243,0.7031646,-0.5347554,1.0884918,0.08984279,1.0760292,-0.015762983,0.06116584,-2.0218992,0.050481156,1.0853825,-0.17180492,0.34630296,-2.1082015,0.23212774,-0.11756884,-1.0045044,1.4801021,1.7892909,-0.13286662,-0.9646971,0.4035316,-1.4258233
1035,-0.6251352,-1.5174372,-0.638816,0.774784,-0.1637877,3.2877796,0.7649521,-1.4773017,0.047677737,0.7223489,1.2941192,0.50232625,0.782009,-1.5420794,0.9995832,-0.9081542,1.1331835,-0.32232568,-0.13812086,0.62623596,0.68930715,-1.246234,-0.39307058,-0.044424277,1.0861224,1.4572371,0.1669166,-0.42584282,-0.85851544,0.33331847,0.57401025,-0.7717382
1036,0.8523923,-1.5260092,0.14659667,-0.66721976,-0.16909885,2.0607948,0.967584,-0.5414666,0.51426655,-0.73083735,0.49352905,-0.896707,1.0225986,0.19619511,0.5221608,0.091451734,0.027343774,-2.7844408,-0.52689964,1.4284912,-0.23676267,0.31721106,-1.9405042,0.21501526,0.029850287,-1.3645401,0.9609485,0.8508614,-0.83551705,-0.15317635,-0.71112096,-0.78908056
1037,-0.20496267,0.8124263,1.0689937,0.57100487,0.1072631,0.1002739,0.2946176,0.47194058,0.62955475,-1.9051839,-1.3102486,1.372121,0.9062325,0.6756033,-0.3687147,-1.1240157,-0.42988446,-1.9394487,-0.33837485,-0.56741667,0.29126272,0.27698845,-1.5842596,0.093504295,0.43823782,-1.8928953,-0.059079275,0.5747007,-2.076415,0.16870983,-1.8916807,-0.4547692
1038,-1.2198198,1.1777353,1.7990774,-0.2947355,-0.513316,-0.33557233,0.17001365,1.7589713,-0.6527698,-1.1834561,-0.8512903,0.96204704,1.0305102,-0.82611847,-0.459653,-2.1544163,-0.6267514,-1.777958,0.16992848,-1.154764,0.049876224,-0.11732947,-0.26544267,0.70678157,0.13753189,-1.1856631,-0.05782281,0.68033814,-0.7731433,-0.5459846,-1.8200932,-0.58212036
1039,-1.4983572,1.2142351,1.586676,2.0168278,-0.0150517505,0.06025364,-0.06669193,0.15697597,-0.9930615,-1.105454,-1.4856089,1.0130559,0.32180595,0.30368936,-0.6381288,-0.1569453,0.08871159,-0.9467368,-0.28001776,-0.9293125,0.4895225,-0.18342417,-0.47134036,-0.14259535,0.051647358,-1.5113255,-0.7746923,-0.6989671,-2.2306142,0.16057424,-1.7562504,0.826377
1040,-1.3788664,0.40540877,0.33736128,-2.119964,0.96552616,0.32715932,1.1925095,1.3257396,1.1352158,-0.44519347,0.9620531,1.0718896,-1.0911231,1.380701,0.11430223,-0.56202,-1.3478018,0.36709148,-1.0641955,0.6881266,1.7972395,-0.65417534,-0.2914197,-0.8770121,-0.86683017,-0.30495578,-1.1145909,0.95703894,-0.7993986,-0.34851146,-0.6340792,-0.7197505
1041,-1.1392471,0.14201137,1.7834526,-0.056168437,0.17313749,0.7972457,1.0890932,0.1104581,1.1068153,1.9517336,1.6544806,0.37667865,-1.4971061,1.2898505,0.36961144,0.5401349,-2.228075,-0.18164434,-1.4889629,0.33943173,0.020379748,-0.27062696,0.58955956,-0.8908331,-1.082008,0.13532549,-1.5854391,0.69656,-0.36225066,-0.3023328,-0.22642139,0.2241599
1042,2.2468247,0.34542903,1.6533428,-0.53090537,-0.6650681,-1.1901879,0.24814118,0.564146,-0.07013505,-0.47408783,0.5832093,-0.15960918,1.0697075,0.3385309,-0.21717636,1.149365,1.3465346,-0.78782564,0.38921648,-0.20320502,-0.5649616,-1.4345238,0.57855403,-0.21726929,-2.158465,-0.8996496,2.7041378,0.7203362,0.41669396,-1.0282944,-0.40948236,-0.2960363
1043,-1.0060426,0.038064145,1.6679314,1.8809227,-0.107579924,1.1608742,-0.7701398,-0.12259131,1.6777045,0.59156865,-0.05092949,2.00035,1.9956943,-0.64177096,1.4297295,-1.3644431,0.21933866,-0.03434156,0.55120313,-0.46042857,-0.29102176,-0.9274693,0.46255812,1.0956501,-0.5550032,0.06246427,0.42815256,0.11963024,-1.1518308,-0.993594,0.16421466,-1.3471788
1044,-0.5741815,1.1506902,1.0848721,1.8512623,-0.06209517,0.6117128,-1.2023551,-0.5113101,0.86453474,0.4453844,-0.74991804,1.9720104,1.5186901,-0.87336075,0.76284915,-1.5918111,1.3612702,0.70681286,0.22229819,-0.17611487,0.7674574,-1.0808228,0.15615813,0.530655,-0.7734209,0.077061795,-0.3975689,-0.32786638,-1.7654923,-1.1581926,-0.98000216,-1.2996459
1045,-0.5192075,1.0755265,0.83761483,0.9821286,-0.29700187,-0.054853942,-1.9884464,1.0309429,0.5655202,0.1092454,-1.1736071,1.4500713,1.0872751,0.1853719,1.0578456,-1.294129,-0.06842943,-0.5702511,0.3743307,-1.0439118,0.32950065,-0.100309245,-0.74835974,1.4589959,0.16986164,-1.1001382,-0.65996176,0.1407836,-1.86043,2.1893852,0.5322388,-1.4791489
1046,0.2528358,1.0320963,0.82882535,0.70902926,-1.1996725,0.16045858,0.121492974,0.9045337,-0.17522593,0.59018743,-0.92108536,1.0785946,0.06005707,-0.7788308,-0.3349359,-0.49635965,-0.24944459,-1.0219859,0.81050456,0.22651233,1.0953463,-1.6774036,0.2777879,0.54911155,-0.29871717,-0.20692652,-0.75104076,-2.2203417,-2.146895,3.0450394,0.14541289,0.29364532
1047,-0.6149373,-2.3464746,0.8549715,-0.2830045,-0.36260727,1.4840107,0.43174323,-0.24240455,-0.33123702,1.8571303,0.7640569,0.48934823,0.15909278,-1.2592828,1.3145748,-0.94573003,1.081961,-0.863356,0.6886409,0.8496963,0.80357337,-0.5773605,-0.2601826,0.09843136,0.6113478,1.6801867,-1.0169542,0.061361343,-0.34593585,1.7691507,1.1861548,-1.4910872
1048,-0.24720192,-1.3977082,0.8454828,-0.18769413,-0.5233956,1.3010257,-0.90933526,-0.46324104,-0.58875614,1.0585063,0.020213984,0.06854927,-0.35799494,-0.5559031,1.4955595,-0.3460208,0.9281274,-0.44187152,1.1011267,0.8088152,1.0160779,-0.8301976,-0.61599,0.28546795,0.65523434,0.56818515,-1.3231732,-0.8625763,-1.3727973,2.7082057,1.7538334,-1.9510053
1049,-1.3700126,-1.0060761,2.1283169,-0.39863148,0.29900813,-0.18366745,-1.8067718,0.4475823,-0.44361016,0.40148315,-1.0376037,-0.2366758,-0.21737444,0.4983975,1.7641119,-0.5079712,0.46065727,-0.9203042,1.6833405,0.8090117,0.67018384,-0.0546016,-0.80533093,0.15259531,0.4963055,0.12905075,-0.77736753,0.29484004,-1.338859,2.033529,1.5044433,-1.7718794
1050,-1.621853,0.73276526,1.8226002,-1.0186455,0.6861531,-1.5643821,-1.1221392,1.4076328,0.7699906,-1.2403394,0.15583323,-1.5732206,0.48491076,0.4319089,0.74296707,-1.250931,-0.4258992,-1.3440968,0.9893594,0.6117719,-0.13935643,1.1441823,-1.0233868,-0.16821365,-0.037130855,-0.058603108,1.2586194,0.9038578,-0.77591217,0.99661744,0.20241365,-1.5120752
1051,1.1816918,2.2242155,-0.18043739,-0.49347538,-1.1617346,-1.0184336,-0.6484238,1.8895866,-0.40199286,-0.47577286,0.72804224,0.86888516,2.1897743,-0.35880703,-0.9007841,-0.26632825,-0.17329659,0.33399463,-1.0586379,0.6326635,-2.3448164,0.6184948,-0.0054716403,-0.058432963,-1.390782,-0.036338378,0.98895615,0.37123048,-0.627513,-0.23944907,-1.049687,-0.4360799
1052,1.0917863,-0.28006083,-0.16812964,2.2744484,-1.3536566,-0.71952164,-0.35512388,0.6796993,-1.5475199,-0.06815354,-0.37970313,1.6746528,-0.7707923,0.69628304,0.81246066,0.5194884,0.14243013,0.91059476,0.43585256,0.64616454,-0.31481248,0.5991531,1.6807731,-0.12613833,0.6685803,1.8475906,-1.162511,-0.95178944,-0.619543,-0.663751,0.9177226,-1.7954109
1053,1.0594342,0.66047853,0.2401838,0.9684199,-1.3252072,-0.456424,-0.6624053,1.7488111,-1.6889489,0.5431621,-1.2122875,1.7350975,-0.5092124,-0.297637,-0.23641106,0.3572637,1.3106476,1.0929822,0.36573425,1.0692561,-0.26335546,0.21082276,1.5890975,0.26862678,-0.41731507,2.6581728,-0.6310839,-0.018782184,-0.89495784,-0.33175823,0.6501169,-0.73550093
1054,1.8347826,0.33548653,0.24705592,0.06744164,-0.42996156,-0.7861951,-0.014078211,2.5733883,-1.5835121,-0.93278015,-1.1866854,0.6634684,0.9163006,0.1932273,-1.5845975,0.52069163,0.41323656,-0.56022835,-0.25814885,0.75328135,-0.386305,1.1860414,0.3466214,0.12712884,-1.7878401,1.5517894,0.3317845,0.8780004,0.53723204,-1.1588477,-1.2964442,-0.99817663
1055,0.46713802,0.68124425,-0.73494256,1.0582472,-1.1261433,0.48733214,-0.23569554,0.6799962,-1.074546,1.2413985,-0.80479157,1.7555271,-0.71802294,-0.7672101,-0.2215806,0.2441656,1.6951318,1.0046158,-0.45588714,1.2896291,-0.1538243,0.23326576,1.4509075,0.18152548,-1.051332,2.8059065,-1.2321116,-0.21945626,-0.4110436,-0.19665205,1.0868542,-0.91956806
1056,1.7623657,0.9784509,-0.48922643,-0.6840232,-0.6808045,-0.6018114,0.09419072,1.999701,-0.85614985,-0.7481737,-0.75977576,0.40883425,0.5552501,-0.4602875,-1.7786952,0.55206037,0.82203317,-0.21752028,-0.8165181,0.9028604,-1.2898761,1.3920392,0.040064864,0.28205162,-2.6287675,1.3910435,0.8931038,0.7568159,0.8048148,-0.64161706,-0.9862484,-0.52976084
1057,-0.679615,0.7750183,-1.1956974,0.24146484,-0.38834417,-0.18810572,0.2733058,-1.6117498,0.77795464,0.02012951,-0.166672,2.0963159,-0.31688005,1.9603674,-0.3428495,1.8988816,-0.17039384,0.13041985,-0.8600585,-0.37200904,1.7281786,-0.20101644,1.3836093,-0.7793625,-1.0179576,1.607494,-1.1088076,0.4954446,-0.5918625,0.61951226,0.26383087,-1.3128968
1058,-1.2484633,0.9787048,-0.24101163,-1.3765742,1.1064953,-1.3806037,0.10499863,-0.11419299,0.42559797,0.1551991,2.6798308,0.19373026,0.099254824,0.43440145,0.9221715,1.8910093,-0.99599904,-0.13990861,-1.675205,-0.18005334,-0.2712127,-0.81122494,0.34393334,-1.6192335,-0.7781394,0.18102689,0.31308466,0.35404342,-0.95387167,1.155032,0.46023414,-0.7695292
1059,-0.78782284,-0.39685053,0.47830415,-0.62215513,-1.0359092,0.57956266,0.014903014,-1.2933162,-0.625555,1.18512,1.2196821,0.36228856,-1.0130743,-1.317779,0.7681764,-0.3164727,0.864304,1.0162843,0.084223196,1.54384,-0.33709088,0.2679614,-0.050918344,-0.49686703,-0.06429595,1.1985748,-0.63750815,-1.3220024,-1.6161628,2.0326715,2.2278254,-0.07232762
1060,0.59170777,0.066263124,-0.0035533025,-1.206128,0.08960875,-0.512225,0.45935437,0.83693606,0.56425416,-1.3323116,1.1663134,-0.7562506,1.2401708,0.14428242,-0.70612633,0.31627154,0.97253746,1.2990632,-0.6330439,1.6782322,-1.8964652,0.5790071,-0.8643794,-1.3486944,-0.997615,0.55042255,1.4059718,-0.52346474,-0.7173792,1.456024,-0.58959055,-1.3691696
1061,-0.5848346,1.5572335,1.4568619,1.6611588,-1.1625497,-0.8752031,-1.0066059,-0.71699136,-0.9347238,-0.44496945,-0.13621724,0.89796567,0.0066873906,-0.06664553,0.38383457,-0.3437089,1.2839333,1.8468554,0.78374726,1.74038,-0.7229336,-0.1322531,1.503312,0.27528635,-1.2677513,0.9364759,-0.73760724,-0.29763097,-0.75977176,0.09177196,0.4933517,-1.4286673
1062,0.11975592,1.7104597,2.4901683,0.8662898,-0.8452516,-0.20762108,-1.0924855,-0.6216429,-1.383117,0.88742024,-0.4520613,0.5474609,-0.23329988,-0.21892719,0.29065862,-0.33466682,1.5421664,1.8117623,0.24692038,1.1949024,-1.10099,0.24611399,1.2910762,-0.91150326,-0.89807475,-1.0018309,-1.1946276,-1.2983185,0.077475585,-0.42528725,-0.07680285,-0.14371292
1063,-0.46843937,1.2834619,1.5104915,-0.5375265,-1.5358502,-1.0099782,0.32751438,0.08796057,-0.35363784,1.1482275,-0.36741439,0.5398399,-0.329476,-0.3714274,-0.9672452,-1.7248604,1.4378395,0.63494813,-0.12183829,0.64813673,1.4397342,-0.24599741,2.5132022,-0.5752238,-1.4943103,-0.39545318,-1.2919836,-0.34840167,-1.2313426,-1.530375,-0.14556862,-0.45386562
1064,0.9502031,2.1918068,1.6379383,-0.42988962,-1.0294472,-0.22261369,-0.99923193,0.12094173,-0.47503623,2.058536,0.41214994,0.44461,-0.73368245,-0.8625226,-1.0073868,-0.34213388,1.3066616,1.2440795,-0.8030448,-0.1592332,0.0036998452,-1.5241454,1.6793838,-0.23759228,-1.0314878,-0.4694261,-1.1672451,-1.5646839,-0.77625006,0.28640744,0.27525592,0.20136179
1065,-0.052310526,1.3180797,2.565986,0.3207662,1.3375739,-1.43001,-0.5096555,2.1252131,0.0327123,-0.54822636,-0.04937125,-0.81256187,1.3210926,0.1089821,-1.6074423,0.12382126,-0.4373232,-1.2654897,0.6138745,0.8417867,-0.18890047,0.4022318,0.90855527,0.6351205,-1.0611091,-1.8694795,1.2080925,0.44945925,0.67079043,-1.3274397,-0.19346876,-0.42518952
1066,-1.2829887,-1.5524435,-0.40707994,0.40166527,-1.0789796,1.2907529,-0.29550087,-0.77667296,-0.6818195,1.040306,1.6415163,-0.38000816,-0.27917558,-0.80551,0.80051637,-0.44278497,2.208633,1.5714209,0.8091223,0.8696051,0.8147151,-1.2151159,0.38156694,0.13783,-1.1098503,0.71342236,-0.52112395,-0.09505066,-1.069315,0.29585856,1.7202181,-0.5943494
1067,-0.8904132,-2.423712,-0.46298057,-0.36626992,-0.52265537,1.8703701,0.74498767,-0.85323805,0.4146728,0.9723001,1.9497977,0.22178201,0.13655896,-1.2412617,1.1345828,-0.38503575,1.8333145,0.36615452,0.68486214,1.1251991,0.7074152,-1.0638403,-0.23517154,-0.029807676,-0.00269701,1.2503471,0.23130548,0.018959897,-0.42047966,0.25396955,1.3281213,-0.7556488
1068,-0.44140798,-2.5859303,0.1265189,-0.96910536,-0.2767275,1.6776924,0.69851464,-0.21039453,1.6608334,0.46394256,1.6541178,0.07572764,0.9412339,-0.6105265,0.89731383,-0.23398152,1.0511488,-0.9886359,0.5198014,1.2492597,0.115947515,-0.29079852,-1.2328647,0.0940886,-0.5638149,0.34932184,1.0509201,1.3653052,0.19726601,-0.68567103,1.0059769,-1.15432
1069,-0.14146714,-2.1881495,0.41305184,-0.7339266,0.12095395,1.2827486,0.31744477,0.051821142,1.9625139,-0.20004281,1.1255803,-0.23482384,1.3799324,0.06627261,0.66410446,0.056708112,0.4061938,-1.4354099,0.18904434,1.1121062,-0.35096714,0.25310764,-1.5453604,0.33512855,-0.96355826,-0.47723618,1.6311,2.0621266,0.18004791,-1.1319526,0.62256277,-0.87104404
1070,-0.5200553,-1.7717319,-0.045327276,0.4042084,-0.10122346,2.1048584,0.23391432,-1.3546292,1.16844,0.21144287,1.1779798,1.2192268,1.5494057,-0.976406,0.7129393,-0.120685086,1.729979,-0.28264436,0.8748335,0.47552928,0.9740567,-1.7905834,0.6098672,0.5044909,-0.7679549,1.2736626,0.85581625,0.15518063,-0.63329995,-0.2712044,1.3710209,-0.49886966
1071,-0.37187627,-1.5479037,0.5861885,0.22902048,-0.18651575,2.100934,0.15812896,-1.1387737,1.6110532,0.013675841,0.8587471,1.0789732,1.500438,-0.79577875,0.49356586,-0.027884576,1.7393734,-0.78310335,1.1253276,1.0225779,1.1223036,-1.718237,0.3063739,0.5552881,-0.9027559,0.4217865,0.61708456,0.5275617,-0.6987989,-0.08267178,1.486271,-0.61522615
1072,0.41428897,-0.7681653,1.1784168,-0.19867432,0.62764573,-0.02914926,-0.464256,-0.2859577,1.7593482,-1.5101054,-0.6349346,-0.47373596,1.8970332,0.9261131,0.7086741,1.4281454,0.44142282,-1.8844055,1.0069464,1.0844849,0.106842995,0.07565584,-0.30179378,0.5456733,-0.9122059,-1.1310184,1.4146258,1.7968304,-0.8940997,-0.45841244,0.90576875,-0.58754504
1073,0.30971357,-0.51224226,0.2727407,0.5398785,-0.1615397,1.4584199,0.9851514,-0.9958568,0.7838224,0.37887496,0.18393669,0.897379,0.75439525,-0.33170617,-0.6559296,-0.13618399,2.2737105,-0.7739189,1.1622702,1.3392524,1.7995783,-1.9828786,1.319411,0.6951009,-1.3590851,0.47418514,0.45256773,0.32128063,-1.3040586,0.6973138,0.8436716,0.6724085
1074,0.4272024,-0.33789015,1.2630844,-0.5666658,0.47793216,-0.7169813,-0.10935753,-0.047808528,1.1857764,-1.8799537,-0.57593197,-1.0661998,1.4110327,1.0089849,0.20197457,1.0815418,0.37188712,-2.2790759,1.1022639,1.4804556,0.78406966,0.73590094,-0.69025415,0.29621953,-1.296583,-1.205154,0.82505685,1.3631365,-0.7407237,0.16077437,0.054669417,-0.64833736
1075,-1.117375,0.8706702,1.7988329,-0.37203613,1.7072766,-1.296879,-0.2835277,0.5146465,0.488696,-0.2310524,-0.33911783,1.2389554,0.09343117,0.96098274,0.5199318,0.29797012,-0.8777369,0.12853192,0.78686833,-0.5193122,1.8784271,-1.4060962,2.815772,0.40025815,-0.43628022,0.10766244,-1.526425,0.19738139,0.0017818168,-0.38112378,0.7970726,-0.24809504
1076,-0.16416793,-0.18528974,1.4447023,-1.4261158,1.3630077,-0.77215606,-0.79918927,1.0923935,0.9433506,-0.30998024,0.77591044,1.8861684,0.23230264,1.5561773,1.0338863,2.110713,-1.2062361,0.5224884,-0.26817253,0.08093366,0.18493286,-0.90127707,0.020420378,-0.46981096,-1.1162245,0.12219956,-1.1705747,0.97420293,0.106857404,-0.48459613,-1.8579959,-0.6741309
1077,-0.39393502,-0.1978363,0.95699954,-1.7008442,1.4267793,-0.984904,-0.9755286,0.61758083,0.15800035,-1.2900552,1.2850531,1.6232476,0.6368987,1.3413649,1.4805439,2.361783,-0.89214194,0.1369122,-0.032520633,-0.29239032,0.56399953,-0.98533094,-0.14755544,-0.56105334,-0.624075,-0.6169099,-0.73426014,0.8487436,0.4044709,-0.456545,-1.415087,-1.0410403
1078,-0.062003434,0.5086539,2.320165,0.029461712,2.3403916,-0.4230886,-1.057229,0.33822647,-0.48602661,0.013707913,1.3004038,0.61829025,0.12326806,0.96577203,1.6753157,1.0860133,-1.2726407,-0.25948086,0.23880982,-1.1814117,0.31136355,-1.0095133,2.2820623,-0.031641223,0.85764,-0.8222236,-1.1093113,-0.7059003,0.60161126,-0.15318291,0.531673,0.26767892
1079,0.27275798,0.35753298,1.36723,-0.32723084,2.281972,-1.0833049,-1.3818173,0.34143427,-1.2174485,-1.4724591,0.8173984,0.07352088,0.97125775,0.5125242,1.5740478,2.4260895,-0.64048266,-0.77320045,1.039998,-1.2635484,0.21518457,-0.10823429,0.07888221,-0.16161627,1.2123532,-1.0451481,0.8803188,-0.84586173,0.5673616,0.35330755,-0.33310878,0.7345927
1080,-0.35641176,-1.3267395,1.1656195,0.17326023,-0.5284437,1.4579334,-0.887736,-1.3245322,-0.2538986,0.18321769,0.6201574,-0.106827535,-0.84951943,-0.39762792,1.1813798,-0.41383323,0.6444935,1.8387944,1.0767343,1.5145178,0.3160595,0.50893915,-0.58512026,-1.3416722,-0.0033860127,0.74545175,-1.0013837,-1.6012607,-1.7343322,1.6110606,-0.01570284,1.2155542
1081,0.34946126,-0.8121267,0.2596329,-0.61547583,-0.28210607,0.703019,-0.7881547,-0.85766333,-0.13728075,-1.5585155,-0.099402174,-1.1215019,-0.46500844,-0.12395611,-1.2426256,1.4123591,-0.08403052,0.039344653,0.5956242,1.6916922,0.6367814,1.5374368,-2.5881286,-0.5653894,-0.7190324,-1.7263224,0.97132933,0.23832098,-0.67565864,0.9923503,-1.3567134,-0.42687482
1082,-0.27478573,0.004063013,0.7243733,-0.36543447,-0.41729414,-0.3540615,-0.081162564,-0.3875594,-0.4745381,1.31344,0.34755954,0.3765001,-0.24070217,-0.38535157,0.9621607,0.0028024535,1.6887302,1.3016938,0.61852705,1.941431,-0.71763927,-0.19455652,0.28266308,-0.6905705,0.028830776,1.8953631,-0.40040872,-0.71092653,-1.7148631,2.2849011,2.082511,-0.14918043
1083,-1.2983371,-0.71717536,-0.3339833,-0.7860624,1.7862283,0.16262445,1.1564564,0.43043056,1.1662633,-1.1601614,1.527325,0.18291666,1.5657291,2.0835338,0.6562699,0.0948394,-0.54951316,1.2903284,-0.7663299,0.42554802,0.8103689,-1.3271674,0.4902897,-1.595824,0.17871384,0.45749998,0.33827904,0.87698305,-0.5867007,0.29461935,-0.9244529,-0.2477103
1084,-1.7124084,0.66885436,0.26718438,1.2073168,0.36933157,-0.09049992,0.7585997,-0.67679924,1.1207268,1.0181993,1.2944529,0.6328034,-0.31795678,1.8391054,1.0636853,1.1929048,-1.9966424,-0.7726186,-1.2795275,0.7844743,-0.76598144,1.0421084,1.6009628,-0.39820704,-0.92334026,0.6576682,-0.56658745,0.54327524,-0.6596257,0.7497795,0.42954242,0.025458252
1085,-1.3175683,0.9819795,0.14529708,1.9044014,0.33822277,-0.443092,0.29769817,-0.77360976,0.87816185,1.2419777,0.9060679,0.524616,0.04708421,1.9575295,1.0063009,1.184011,-1.6228075,-0.9603055,-1.2625939,0.702988,-1.133733,1.1237786,1.5981683,-0.3250652,-0.7036542,0.6767622,-0.38127273,0.51398754,-0.87925506,0.76228577,0.27110687,0.15233433
1086,2.0811896,1.1802858,-0.9003101,1.9091716,-0.5365023,-0.6240014,-1.300104,1.1721256,-2.0192528,0.688292,-0.5442566,0.35121322,1.0157446,1.4463702,0.9117064,0.66256535,0.41775182,0.46356875,-0.2166956,1.1637135,-0.18754852,-0.4550933,1.2087494,-0.028827718,0.6579733,0.117297284,-0.33566758,-0.82609373,-0.9328763,0.4410209,0.34427688,-0.99888074
1087,-1.480003,1.4794328,1.3438729,1.0450716,-0.02560835,-1.3985593,-1.135696,-0.8463736,-1.9579595,0.48576143,-1.1735027,1.2350658,-0.525172,-0.4457228,0.60699075,0.48886466,1.5639906,1.1136413,-0.06994001,-0.042573147,-0.18887442,0.34374547,0.4785591,-0.5176465,-0.22922163,-0.278228,-0.13659152,-1.5573343,-1.4820379,-0.1702864,1.3704875,1.128941
1088,-0.8058507,1.6903424,1.0485852,1.0550747,0.5542142,-1.5337669,-1.2143373,-0.2641199,-1.2132925,-1.8459921,-0.28902248,0.39554456,0.73157495,0.21426724,-0.50277543,0.98182255,1.3605652,0.9309662,-0.1586422,-0.27120367,-0.9787204,0.024432296,-0.24860032,-0.6939066,-1.2841585,-0.92688483,2.247285,-0.44562247,-1.1893399,0.21854955,-1.213996,0.6994365
1089,-1.1393334,0.5787696,1.114616,0.53108454,1.1659074,-1.0764482,-1.1104894,-0.3826695,-1.0200912,-1.3065745,1.0220419,1.0969273,0.22580615,0.5412676,0.21676105,1.7330295,0.4168336,0.90732545,-0.36424035,-1.1254319,-0.97454476,-0.4693351,-0.5426,-0.8088327,-0.37375176,-1.3185686,2.030952,-0.9181851,-1.138692,0.2883711,-1.332739,1.4004397
1090,-1.0537828,-0.49175104,-0.13169727,-2.5452468,1.598287,-1.2676966,0.12019422,0.39505848,-0.13231683,-0.30177456,1.3177783,1.7356315,-0.6340391,0.533387,0.3288677,2.0072668,-0.99573815,0.5244255,-0.9625127,-0.74692976,1.3921665,-1.1898477,-0.10758663,-0.49148276,0.40264913,-0.6294443,-0.77251035,0.45477393,0.5680342,-0.61844933,0.21318062,-0.702819
1091,-0.42601195,1.0464532,1.9738995,1.0070528,-0.5844127,0.17970963,-1.2153013,-1.2029166,-1.7361373,1.5013925,-0.052075732,-0.6451464,-0.68457144,-0.57888705,1.4841008,0.017615903,0.7936862,0.72754574,-0.051961906,0.08471514,-0.5718828,0.496279,1.2108506,-0.7640897,0.27296934,-1.098771,-1.5805144,-1.8280227,-0.34544188,0.14774095,1.6920183,0.9847703
1092,1.7181382,-0.45337605,1.3199692,-0.1750221,0.6816952,-0.20782924,-0.977173,-0.07465475,-1.1994958,-1.4787122,-0.6770772,0.262087,0.33023998,0.7031947,-0.20458786,2.3082855,0.07887144,-0.021234965,0.76288676,-0.07617984,-0.63372195,0.7610231,-1.0832832,-1.4220196,0.706669,-1.3751136,1.0880103,-1.2782522,0.7213369,-0.2891545,-2.2432058,0.11193719
1093,-0.6119692,0.4065396,0.4848102,1.5992017,2.2413647,0.28962013,-0.7458409,-0.052658986,-1.2361844,0.11453637,-0.24464126,-0.46177974,-0.16565856,-0.13136242,-0.24569878,0.20040503,0.027343363,-1.6390426,1.2229686,-0.019810442,0.94783837,0.20129193,0.3658681,0.08016014,2.1045506,-1.0092139,1.3884562,-1.7703825,-0.89865166,1.9128826,0.577635,1.7597667
1094,-1.1334376,0.67753077,1.1343757,1.4769428,2.684571,-0.38834152,-0.29950604,0.11506628,-1.081668,1.0171063,0.08246875,-0.12130694,-0.11786615,0.8024378,0.5975173,0.6274783,-1.1844277,-1.7478417,0.44602507,-0.70597047,1.27904,-0.7528673,2.1237826,0.032845117,1.3119857,-0.89275664,-0.19350396,-0.88451433,0.07143722,0.15981439,0.51265275,0.95544237
1095,-0.7757012,0.9646139,0.3654266,1.9079291,1.8716571,-0.3519444,-0.93498397,-0.62742573,-1.4925592,0.30941078,-0.36144218,-1.0882057,0.17326345,0.5286729,0.5255666,0.9932396,-0.059092704,-2.3058195,0.65262747,-0.10185962,0.46943876,0.5770009,0.2374828,-0.31824395,0.740993,-0.41208446,0.79667765,-1.677282,-1.2103688,1.6282371,0.42663467,1.4464577
1096,-0.2591098,-1.0412573,0.7087277,-0.5298808,-0.7499144,1.0185887,0.01090528,-1.3070099,-0.44922143,0.5292853,0.8064684,-0.0544032,-1.252962,-0.8807368,-0.42522883,-0.9139813,1.5573633,0.49476224,0.92154455,2.0670364,1.2296289,-0.01629741,0.32783583,-0.19996871,-0.63031644,0.41785505,-0.81774104,-1.2366595,-1.5224785,1.9462427,1.3187919,0.69417316
1097,-0.24520047,-0.40598157,-0.096192166,-0.7066109,0.43542802,0.01198205,0.50452185,0.9478851,0.0876617,-1.2480625,0.9589797,-2.2086415,0.0017646173,0.5789304,-0.84810245,0.5926776,0.11992317,-1.201755,0.69910747,2.2015793,-0.020086562,1.25202,-1.9369456,-0.36609843,-0.78884274,-0.40238032,0.5419798,-0.24846803,-0.81579566,1.4249394,-0.72956926,-1.0593907
1098,-1.382781,0.73301727,-1.0747331,0.5019242,1.7504351,-0.41664672,0.54752463,-0.22595088,-0.060632642,-0.78074044,1.9682744,0.10646491,0.96469796,2.2882,1.269094,0.9244799,-1.2141111,-0.74181896,0.009702473,0.8106101,1.5970801,-0.15574417,1.6331102,-0.22760661,-0.87171054,0.0758171,-0.18181854,0.08358724,-0.28096804,0.45881954,-0.3422817,-0.91095906
1099,-1.368873,0.75221694,-1.0668303,2.1967402,0.6025854,-0.3042608,-0.10370966,-1.599567,0.7150989,0.060579013,1.2791871,0.6540753,0.32117468,2.4946346,0.7001486,0.77078617,-1.2521586,-0.74003726,-0.4636581,-0.76481086,0.89015454,-0.012288912,1.1194211,-0.376865,0.46144208,-0.5826702,0.10942721,-0.0560699,-1.1848294,0.8663782,-0.48929024,0.5235636
1100,-0.0027912068,1.9901916,0.87846965,0.33321103,-0.13663593,-1.6525394,-0.85235816,0.1620591,-0.12388448,-1.1667255,0.046484523,1.0044467,0.65091664,-0.17900129,-1.0128503,0.6549756,1.3454274,1.6915584,-0.40213335,0.428844,-2.0054133,0.16511106,0.038787372,-0.5028196,-1.6819836,0.009960374,2.4544902,0.11129436,-0.5177433,-0.04786453,-1.1084564,-0.20712678
1101,-0.502078,0.9809755,-0.98207474,-0.70914525,0.45408288,-0.9840248,-0.03449635,-1.2811528,0.057563763,-0.81288713,2.2038958,0.4089931,0.5302352,0.7567723,0.47556245,2.6256998,-0.13065182,0.30918252,-1.5716214,-0.71797997,1.051594,-1.2218693,0.43653545,-1.1529095,-0.5315038,0.42727768,-0.4816654,0.2779817,0.3713899,0.054086156,-0.0026139345,-2.2702339
1102,-0.09211977,1.1721953,-0.6585317,-0.024601066,-0.010236501,-1.5818248,-0.41765425,-1.3873986,-1.1152204,-1.3224689,1.784282,-0.05915203,1.442429,-0.52706033,-0.06242398,2.5713236,0.5559883,-0.59353805,-0.879377,-1.6122712,0.41678187,-0.78429955,0.3910431,-0.540206,-0.08649349,-0.03527649,0.48857307,-1.1302271,-0.29447743,0.99524695,0.18733862,-1.0628486
1103,0.9283183,0.49278852,-1.4415861,-0.6182586,-1.0033163,-1.1334984,-0.09213973,-1.0908592,-0.7857722,-0.5944065,-0.47810632,1.4798596,0.91228205,0.13237074,-1.6813401,1.496322,1.2532002,-0.14254002,-1.0380524,-1.3595946,1.3204895,0.06756914,0.27520213,-0.618285,-2.1177797,2.0600405,0.33196592,0.122338034,-0.21917425,0.38429466,-0.5031083,-1.0856059
1104,-0.922307,-0.03916099,-1.2106153,0.7932669,-0.1884665,0.21447596,-1.2146765,2.6991122,-0.79443574,0.51003546,0.66253686,-0.27457958,1.8826531,-0.6003924,-0.3284413,1.4000351,-0.5283864,0.03707585,0.4530625,-0.84164053,-1.223971,1.1408646,-0.7526642,-0.011330249,1.6743754,0.25573915,1.3232762,-1.5309082,-1.2392656,-0.67089206,0.3329767,0.82587487
1105,-0.68017155,0.7870479,-0.5151207,0.6362695,-0.3690575,0.45232975,-0.85491025,3.7420177,-0.5234999,1.3153306,-0.2586254,-0.6303647,1.3850462,0.08742736,-1.480505,0.6943933,-0.1352689,0.35779607,0.13682476,-0.3977676,-0.98754895,1.4096694,-0.12839192,0.29859126,-0.059047505,0.11264944,1.276326,-0.85479987,-0.94670767,-1.5028355,-0.049420487,1.2442697
1106,0.260445,1.0397681,0.6030975,1.9090141,-0.26159692,0.5274312,-1.4946886,0.80357903,0.55316675,0.040079508,0.41130146,1.0648147,-0.7778838,1.1553785,-1.274712,-0.25997916,-1.0969323,-0.04387164,0.48298568,-0.61423725,-1.0669844,0.815811,-0.12749755,-0.52557844,1.01259,0.9443073,1.6852015,-0.7294125,-1.5563848,-0.6515513,-0.0051905597,2.8730617
1107,-0.84575665,-0.47843376,0.061988935,1.4681758,-0.2536573,1.120522,-1.5218127,1.1665868,-0.4225299,1.5632226,-0.2862149,0.14828138,-0.7209457,0.05798627,-0.12925309,-0.5700906,0.001137686,1.195613,0.9544091,0.3137196,-0.63892615,0.27282128,-0.057139855,-0.46085104,0.82714367,1.9858618,-0.5445965,-1.9951075,-1.9170331,0.61793,1.931823,1.7021257
1108,-0.32215038,-0.2765488,-0.22280173,-0.6277295,-0.81208754,0.8544546,-0.8330163,1.6305373,1.2633417,-0.68897206,0.71175265,-1.1583083,0.044425327,-0.73627937,-1.473762,1.1564612,-1.1015372,0.30648056,0.16493139,0.704789,-1.2960492,2.479782,-1.4373235,-0.6889352,-0.28287584,0.42149866,1.0698456,-1.120495,-1.274373,-1.2806821,0.9305482,-0.08518134
1109,-0.67192364,-1.4977764,-1.2742994,0.44161263,1.2957864,0.6466038,-1.0106403,0.82803196,0.024245745,-0.65537554,0.54497176,-0.6861831,1.0458404,0.101091385,-0.41835105,1.4656253,-1.1810445,0.6771976,0.28098056,-0.90908927,0.69570786,1.292043,-0.60882336,-0.6257119,1.6285745,-0.7612745,1.0671988,-1.4562712,-0.77689415,-2.516928,1.1135774,0.37661743
1110,-0.69551283,-1.2177122,-0.4927728,0.7920246,-0.11468203,1.1338251,-1.2009212,1.3451594,-0.60342205,1.4775639,-0.57753134,0.027240874,-0.6732535,-0.13307,-0.37576345,-0.34588256,0.27417827,1.1723807,1.0257071,0.49323708,0.25311574,0.64474094,-0.043469496,-0.34507573,0.84205604,1.8140241,-0.9473304,-2.3107505,-1.9347628,-0.13806598,1.9855645,1.2679447
1111,0.16372088,0.09131823,0.24952403,-0.54059947,-0.86257887,0.99607843,-0.5216828,1.9532952,1.2519065,-0.49066243,0.56914425,-1.1973321,-0.2034489,-0.5031384,-1.556238,0.7334718,-1.3483025,-0.1722591,0.3597321,0.7976125,-0.8343907,2.5167356,-1.0416192,-0.88410527,0.120792724,0.7492682,1.3116096,-1.0681435,-1.4295967,-1.2460839,0.8780446,0.30781895
1112,-0.98367304,-2.1894958,-0.21924005,-0.08729427,0.46513668,1.0169795,-0.4187917,0.93785447,-0.26417056,0.55329174,-1.4846379,0.3452556,-0.8678844,-0.27632132,-0.95134735,0.16628066,0.053707696,1.4606777,1.3261094,0.054332186,1.2377914,1.3868558,-0.65257114,-0.7299692,1.2681338,-0.09017926,0.13776943,-0.81854045,-1.5075446,-1.5470308,1.7590424,1.1733165
1113,0.08529158,-0.16469091,0.029361915,0.4634789,-0.63171756,1.0489483,-0.43285915,1.8605677,0.053113706,0.8674835,-1.3658446,-0.8125754,-1.6678255,0.5570631,-0.814256,0.011024181,-0.021018175,-0.55602705,0.5053903,1.0800176,0.2644197,1.6366042,0.75175446,-1.3066305,0.61548424,1.7797574,-0.26880687,-2.043903,-1.4144754,-1.0983169,0.6025885,1.557252
1114,1.002836,0.3286142,-0.058453918,-0.9535482,-0.908336,0.19405408,0.26817814,1.6323051,1.383963,-0.75842327,-0.25458673,-1.4496542,-0.6935337,0.5008715,-1.5088004,0.8791962,-1.1071148,-1.4027383,-0.12147613,0.6550196,0.09953573,2.512608,0.35654038,-1.156374,-0.0038710218,1.2212665,0.86501247,-0.62337375,-0.5099276,-1.8199521,-0.48071077,0.3452795
1115,-0.16227727,-0.51441675,0.080786675,-0.5385587,-0.54943705,1.0182371,0.05641853,1.1785445,-0.21638116,1.9732499,-1.5324281,0.28465366,-1.4050664,-0.070988655,-0.9664079,-0.631037,0.71700084,0.6138171,0.86409634,0.8979341,1.1193236,0.45561653,1.7662983,-0.55598646,0.5650395,2.0086024,-1.2258023,-1.638663,-0.96257764,-0.917272,1.0293103,1.0941867
1116,0.44625455,-0.2467136,-0.0073230043,-1.2600902,-0.75499994,0.7923488,0.08271993,1.7868644,0.25784108,0.84142953,-1.8219396,-1.0455284,-1.4662654,-0.11222887,-1.415382,0.6290772,0.2714239,-0.33442485,0.6020657,1.2886233,0.51426023,1.4970858,1.219243,-1.1514049,0.115384094,1.054963,-0.37766227,-1.2583365,-0.342136,-2.1785185,0.25662053,0.34639654
1117,0.065775186,-0.44722816,0.463222,-0.6515559,-0.6085435,1.354786,0.6849067,1.5834779,1.0044907,-1.0525222,0.584076,-1.5625244,0.17179576,1.7916025,-1.7666968,1.0357707,-1.4405462,-1.6581931,0.45238277,0.32404718,-0.31840628,1.7709773,-0.91326606,-0.52999574,0.2510679,1.7087957,0.46978757,-0.2709282,0.062122494,-1.1430099,-0.47717112,-0.0597947
1118,-0.62326026,-0.68103456,0.28679997,-0.5366209,-0.8248071,2.167005,0.5623477,0.25210395,-0.06880639,1.776642,-0.15333618,-0.005698474,-0.785708,-0.3337603,-1.1669506,-0.42025906,1.0978292,0.20105396,0.7940476,1.297596,0.9743759,-0.022827458,1.1292238,-0.2580734,0.14752783,2.8125174,-1.6975095,-1.4116044,-0.33969924,-0.20042756,1.4740095,0.8799635
1119,0.013820065,-0.06370022,0.68951577,-0.93085593,-1.1921699,1.7217048,-0.014180918,1.6718816,0.41885212,0.036665082,-0.6868344,-2.0043905,-0.95348257,0.74060464,-1.8016624,1.2206376,0.0063837683,-1.1051663,0.8697111,1.7524518,-0.2702864,1.0305042,-0.6292119,-0.69088525,-0.80266345,1.6563385,-0.7444747,-0.69450116,-0.14900026,-0.6476956,0.5838595,-0.16582635
1120,1.3919817,0.7556562,0.30740106,-1.674622,-1.5526637,0.79865736,-0.714875,1.338182,0.6149381,-0.6283817,-1.6816427,-0.31217915,-0.08734538,-0.058589272,-2.62021,1.3263214,-0.0763012,0.3789388,0.7270962,0.5762839,-0.7819578,1.149193,0.48038143,-0.7230782,-0.6002823,0.37864345,0.44243476,-0.31435168,0.75496525,-2.1846476,0.17448512,0.84273046
1121,0.93583274,0.7692437,-0.42479903,0.16464812,-0.042578433,1.0680308,-0.73955584,-0.55976653,0.8520579,-1.3618788,0.14257757,0.85146224,1.7422767,2.003513,-0.9983242,0.49095714,-0.88815343,1.3361342,0.26384586,-1.2930944,-0.56145126,0.06450343,1.4213979,-0.6352816,0.7316027,-0.47501484,0.075459234,-0.4027627,0.77822095,-2.1820226,0.1289324,1.7698863
1122,1.0460101,0.80952555,-0.31160307,-0.11199156,-0.8300139,1.2871567,-1.2975621,-0.5611075,0.45801997,-1.7530025,-0.4544927,-0.031290688,1.8484995,1.2069628,-1.8818918,1.4293903,-0.40834266,0.9301453,0.8523237,-1.0268134,-1.106276,1.050927,0.1494144,-0.26642147,0.5207767,-0.4855783,0.74469316,-0.7635438,0.619863,-1.5105226,0.81539494,1.7461892
1123,0.28489658,0.32703334,0.052712057,1.1465025,-0.0618055,1.3808984,-1.1089616,-1.5443408,0.3003705,-1.6234952,-0.064347774,0.37439987,2.0539165,1.4985251,-0.53543234,0.4787506,-0.35226044,1.2990931,1.1663855,-1.2456048,-0.828067,0.49063426,0.7029378,-0.24065223,1.3447174,-0.5035988,0.36445114,-1.0856434,0.111885495,-0.61720496,1.0741731,2.138947
1124,-1.1882087,0.35140124,-1.447431,-1.6000437,1.1434116,-0.13352205,0.99441355,1.924462,0.83217424,0.65235394,1.7994807,1.3925554,-1.0312155,1.5136907,0.006777518,0.2276924,-1.2205669,0.22910592,-1.3286511,-0.17125088,1.2906159,-0.79478145,0.32275853,-0.8758312,0.62966037,-0.03760619,-0.5975152,0.23704526,-0.27795625,-0.7298905,-0.89352614,0.527795
1125,-0.76222456,-0.033729218,-0.5691726,1.6003692,0.33996302,-0.5462751,0.1951873,1.3316144,-0.5416585,1.5683894,0.27085626,1.4802979,-0.98464143,2.243897,-0.25132093,-0.28429094,-0.17904359,-1.0241665,-0.46861687,-1.0237519,-0.093271956,-1.6051915,1.3269999,-0.38557246,1.4476794,-0.0842125,-0.44678527,-0.22200936,-0.7692025,0.1992326,-1.3300264,1.4461086
1126,-0.123243794,0.27816987,0.05668022,-0.030424925,-0.79875624,-0.24901555,-0.51571786,3.574437,-0.83098626,0.5347623,-0.4075499,-0.333872,0.8404559,-0.21063884,-1.1048102,0.85000217,0.05746098,-1.042828,-0.08741014,-0.506824,-1.3824894,2.0400527,-0.1692468,0.1634799,0.75195324,-0.5307984,0.8701524,-0.95514035,-1.105287,-0.9506131,-1.5146861,1.27913
1127,0.02630451,1.842789,0.8689699,0.49960986,-0.1819266,0.27147725,-0.6134627,1.1258538,-1.2202973,0.9857456,-0.73833245,0.38562238,-1.5684663,0.2409338,0.37532115,-1.2699324,0.68126893,-0.26561114,0.49912074,0.7743837,-0.25306538,0.49672252,1.5024098,0.2003015,1.0626824,1.5338877,-0.62560946,-2.390553,-1.379852,-0.54310614,0.6403057,2.0941021
1128,1.1784426,1.651287,0.74634403,-0.9836086,-0.77208716,-0.43961874,0.4940593,2.3805504,-0.0025427842,-0.20706393,-0.84667766,0.189602,-0.8054789,0.73582387,-1.0764459,0.20756637,-0.6775164,-1.0139894,-0.43312395,0.90131944,-1.136111,0.98057324,1.5005444,0.07185252,-0.41066667,1.3833193,0.4601228,-1.0303835,0.14706336,-1.9525657,-1.5505943,1.0308137
1129,-0.042250056,1.338937,0.39803132,0.30666637,-0.19211051,1.0847112,0.05311242,0.6725161,-1.163609,1.0534441,-0.46952897,0.35499495,-0.6515308,0.30796728,0.10073957,0.3656341,0.43199754,-0.0028185577,0.519435,0.93881863,-0.28777298,-0.750538,1.4816531,0.26315147,0.9113693,3.642249,-0.66780007,-2.3861537,0.019618731,-1.4516929,0.2573272,1.650894
1130,0.2509719,1.3956559,0.80330235,-1.3563762,-0.9443611,-1.0680097,-1.3068318,0.451892,-1.2442147,2.5485995,-0.8728332,0.10447143,-0.37702066,0.035681974,0.002896266,-0.20328216,1.2784034,0.5426277,1.2566929,0.5461409,-0.8242538,0.32142505,1.3658516,0.19464171,0.98281467,0.34791738,-0.77910674,-0.7349664,-0.32269377,-0.2624398,1.840785,1.535411
1131,-0.15285915,0.03879389,-0.4513658,-0.89780927,-0.519293,-0.16829742,-0.80701494,0.40883175,-0.6836081,0.7053004,0.767311,0.07542219,2.3132873,0.9594503,-0.7748349,1.2150781,0.0030819757,-0.22257477,0.7569377,-0.9027569,-3.00312,1.2968884,-0.8823271,0.9481281,1.1126441,-0.26909605,0.1524813,0.026465055,1.810501,-0.47441152,0.5493529,0.8954594
1132,-0.24552473,0.30580738,-0.6125042,-1.0845206,-0.45693392,0.51195097,-0.9079492,0.0995648,-0.7038148,0.3584985,0.5530485,0.59500915,2.3030128,0.38967904,-1.0016133,1.657287,0.114648595,-0.35123542,1.0087528,-0.9855316,-2.6296368,1.0964924,-0.8848226,0.8766913,1.1221106,-0.46692556,0.5236407,-0.61221695,1.5205727,-0.12152964,1.014327,1.2851038
1133,1.0247562,0.39139482,-0.096784666,-0.5660196,0.28418276,1.4418406,-0.5143547,0.5901525,-0.7460451,-0.89784163,-0.22966401,0.039925776,1.065519,0.42417863,-0.8592427,1.0942851,-0.3274342,0.18032326,0.14189821,-1.0745742,-1.1668978,1.6377957,0.7951274,0.24524875,-0.21769065,2.0654762,1.2180349,-2.2732515,1.4057245,-1.9346354,0.021282023,1.5497087
1134,-0.893091,-1.1047322,-0.7737823,-0.14370869,0.34015328,0.64655507,-1.8293719,-0.9716455,-0.91819483,-0.703429,0.2933611,1.5502342,1.622141,0.11866808,-0.0659298,1.4563812,-0.6978012,0.5273399,0.72162056,-1.005806,-0.9446458,1.4768803,0.032001566,0.4152543,1.0793159,0.669502,1.2380853,-0.7791366,-0.1876121,-1.2212486,1.4050336,2.0050385
1135,-0.73999494,-1.1249104,-0.9671473,-0.16524006,0.29473913,0.28640306,-1.4411077,-1.0907604,-1.3476789,-0.016231505,0.26059154,1.4412247,1.643109,-0.12698928,0.41309968,1.3052772,-0.33819756,0.48735386,0.86912614,-0.7630359,-1.1318289,1.20494,0.40872264,0.2767048,1.2965295,1.415331,1.0465726,-0.78641415,0.37656286,-1.4555016,1.6557871,1.951455
1136,-0.13854927,-0.4746653,-1.3367221,0.14642732,0.64587003,-0.8600999,-1.3892578,-1.1325908,-1.4266504,0.08568301,0.23038644,1.4457598,2.0289817,0.51338077,0.74660695,1.3211206,-0.31484193,-0.1241165,0.5210862,-0.99081886,-1.1474038,1.2681334,0.54880464,0.55029154,1.4623005,1.1537285,1.1491328,-0.27943033,1.0120525,-1.5594047,0.522858,1.6285733
1137,1.510648,-0.07760256,-1.3323109,-0.20265943,-1.2142589,-0.91011304,-0.33424422,-1.4548097,-0.03581142,-0.8860728,-0.4120861,1.3145062,0.7402964,-0.72910184,0.85868895,0.2086588,-0.23770243,1.1636118,0.5920488,-1.3849283,-0.38605577,0.8918529,1.0369649,-1.1761639,0.9872599,1.6887997,0.43411413,-0.22139485,1.2089175,-2.3196788,0.21159227,1.189967
1138,0.32982886,0.18865094,-0.65412444,1.6945887,1.203123,-0.28284538,-0.051287618,-2.00345,-0.27719402,-0.8404129,0.10266907,0.86769605,0.92563283,0.89700913,1.5854309,0.41436145,0.13397063,-0.2585268,0.6014533,-1.0772979,0.04332327,-0.11399708,1.4079015,-1.029681,1.892124,2.2129347,0.26391304,-0.8718398,1.1755997,-1.7268456,-0.019976277,0.93030757
1139,0.21472818,-0.4871029,-0.39790308,-0.66342604,1.4210598,-0.86116624,0.26893735,-1.0468559,0.09322145,-1.8618013,1.2600585,-0.11530658,1.6505402,1.8503935,0.560489,0.7996186,-0.25393817,-0.016800925,-0.005752588,-1.6355219,0.20352435,-1.1701453,0.17283319,-1.1397326,0.5116215,1.4570911,0.020708546,0.44486716,1.7147979,-1.4233626,-0.47633657,0.14452358
1140,1.0320516,0.61020756,-0.52995527,-0.32002336,-0.33819023,-0.44211763,-1.0530144,-1.4508245,-0.08483994,-2.4156356,0.14827274,-1.1248553,1.6394057,0.5832609,0.26715407,1.4641469,0.47893053,-0.3884722,-0.17816907,-1.5018324,-1.143328,0.06717229,-1.3819033,-1.4343381,0.49739602,0.43854013,1.1222012,-1.1491286,0.7557635,-0.6050223,0.0015594754,-0.581734
1141,-0.039045934,0.025466321,-0.27541247,0.34560844,0.2160527,0.34212825,-1.5106978,-2.1431231,-0.7642149,-1.7801857,-0.5532763,0.51223344,1.7263275,0.19837716,0.483618,0.76600325,0.59412646,1.0164512,0.34908223,-1.9621742,-0.8292197,0.15191054,0.41782475,-0.6251932,1.2565773,-0.17011853,1.008861,-1.5308607,0.2079772,-0.5123172,1.1051883,1.2651902
1142,-0.16287725,0.73265433,-0.24450079,0.54374063,0.11028494,0.93275005,-1.5696534,-2.0978603,-0.35627183,-1.9404569,-0.56467617,0.57621545,1.938497,0.21932447,0.058686458,0.98732704,0.3800966,0.99565077,0.55913264,-1.5944476,-0.736418,0.12892635,0.3420586,-0.6679891,1.1774851,-0.94557965,0.879054,-1.1751915,0.23150589,-0.38924387,1.3543636,1.3985107
1143,-1.0464438,0.122039825,-0.70393425,0.23742393,0.37440324,0.48640713,-1.438493,-1.4861163,-0.96698654,-0.10254261,0.29811895,1.0758059,2.3551579,0.33864516,0.65857446,1.248345,0.3946808,0.030878272,1.0299034,-1.4751825,-1.601418,0.4522575,-0.02439377,0.44420844,1.7304916,-0.5503113,0.3469773,-0.8574516,0.71061283,0.18775773,1.4518255,1.7945013
1144,0.04707825,-0.050784897,-0.7553976,0.3504494,0.5994757,1.2359996,-0.89047027,-1.134724,-0.6728626,-1.3885099,0.057469025,0.7910332,1.4182867,0.14333156,0.48731428,0.77015525,-0.27729106,0.36027196,0.25583512,-1.7195325,-0.66780585,1.3883643,1.0119606,-0.34895518,0.6927355,1.6719162,1.0482774,-1.873961,0.9509716,-1.5200766,0.61447686,1.8732878
1145,0.532126,1.2464911,-0.28720975,-1.0649304,-0.09572833,0.8080327,-1.0497966,-0.21626095,-0.9273332,-0.5019311,-1.2009666,0.34205347,0.17186445,-0.8198875,-1.369524,1.4298223,0.14384688,-0.6695541,-0.5766422,-1.034877,-0.31530252,1.4779987,0.26370448,-0.16063191,-1.0325922,1.6258029,1.3293049,-1.214112,1.7223085,-2.402833,0.5828023,0.9661039
1146,1.3054979,1.1424744,-0.8718715,-1.5466034,-0.021500612,-1.7105906,-0.8979553,0.50110555,0.0039487574,0.63516754,-0.30879995,1.4032801,0.9701121,0.5500606,-0.31357592,0.29455075,0.22282593,-0.094073534,-1.7810689,-1.1913508,-0.7142335,0.022169698,0.7549281,-0.55327624,-0.40837085,-0.58227956,-0.20440668,1.2695749,1.9298942,-1.9896288,-1.5413889,-0.09272391
1147,0.7840032,1.1502649,-0.034088396,-0.68821204,0.22034048,-1.5497746,-1.2680243,-0.46372882,-1.1509583,2.2551537,-1.1292213,0.68325615,1.0921563,-0.50585777,0.51219153,-0.4277723,2.0471473,-0.011254124,-0.33111185,-0.82694787,-1.2498351,0.21168563,1.1036514,-0.639888,0.88192576,0.84309363,-0.058682017,-0.31317848,1.4236902,-1.142429,0.26164672,1.4189242
1148,-0.53013825,0.25529715,-0.26594743,1.034791,1.6807971,-0.6544414,-1.0676644,-1.1410409,-0.30725044,-0.04678972,0.5608661,1.5130451,0.9376708,2.7452354,1.5253929,0.11685301,-0.82113886,-0.43406752,-0.14077581,-0.2520449,0.07266162,-0.25483963,2.2282903,-0.18765308,0.92924243,0.32651836,-0.5102128,0.73885655,0.61165464,-1.6476737,-0.28647768,0.8019665
1149,0.26572603,-0.52718914,-0.086492494,-1.4476732,-1.6586523,-0.769932,-1.7976171,-0.06572289,-1.1947813,0.9738376,-0.11526896,1.1501635,-0.077403314,-1.2744167,0.0073277936,0.27291524,-0.011573965,1.4444191,0.8194093,0.64246184,-1.1039805,0.5052757,0.62598366,-0.016167438,0.38650808,0.934521,-0.2697011,0.05700353,-1.2225713,-1.3546683,2.230536,2.0761526
1150,0.6341559,-0.8092356,-0.6008598,-1.7786664,-1.2409238,-0.48223925,-2.52277,0.6523086,-1.3001574,-0.47642815,-0.36340222,0.20155233,0.74168086,-0.5783473,-0.22146454,1.0985374,-0.67381835,0.43371114,0.15798342,0.17898406,-1.5657672,1.6410806,-0.49555355,0.123119324,-0.26909915,0.65211326,1.1749244,0.2518216,-0.44251394,-2.145945,0.86672693,1.6625572
1151,0.68996716,-0.30653864,0.19343354,-1.8347831,-1.104503,-0.52725,-1.7451644,0.77852046,-0.22613911,-1.3075489,0.223977,-0.9114724,0.8656827,0.09112815,-0.8224684,0.4162791,-1.2700326,-0.4025621,-0.42730176,0.5314369,-0.988483,1.9154446,-1.5172693,0.021870306,-0.890352,0.48142394,1.5876536,1.1829265,-0.222408,-2.1111057,-0.6314193,0.82385063
1152,-0.6865498,-0.08929687,0.06423266,1.8402665,1.4064789,0.017564528,-0.9902334,-0.9968827,-1.0546697,0.4950694,0.22830366,0.81598496,1.0728351,1.9753413,1.7109073,-0.43867978,-0.10040368,-0.9143225,0.5301433,-0.053108975,-0.34608576,0.23723462,2.394139,0.18201031,1.305819,1.8743001,-0.4350783,-0.56079525,0.06676752,-1.1066493,0.54872036,1.0690875
1153,-1.0495535,-1.0307958,-0.36229366,0.27215984,0.6531611,-0.37048313,-1.4674134,-0.9130955,-1.3277409,-0.48361856,-0.06560819,0.7988048,1.7195635,1.1576895,1.1791906,0.986427,-1.1446737,-0.9540183,0.7670486,-0.63342094,-0.23834997,1.325515,0.56204116,0.46278676,1.4919108,1.1088413,0.8247113,0.08510008,-0.18212916,-1.9750347,-0.01791376,2.3153245
1154,-0.8500887,-1.6336379,-0.22794849,-0.7980867,-0.46341628,2.1065557,0.42626572,-0.39561117,-0.73436105,1.5375899,0.74274147,0.26179352,0.13146329,-0.85897726,-0.36946455,-0.9796609,0.48584995,0.74987227,0.29895142,1.0683597,0.7752387,0.5211125,0.7254939,0.7611408,-0.3297081,2.7844365,-0.8340562,-1.0819334,-0.7681222,-0.013237595,1.6027901,1.6050735
1155,-0.5627563,-2.0474825,-0.3488872,-1.286207,-0.9005735,2.2928715,0.4976084,-0.07299839,-0.5012634,1.1376346,0.63436043,-0.26428056,-0.07784061,-1.0367148,-0.81824833,-0.8832403,0.3642918,0.63299197,0.10095715,1.2558995,0.971973,0.9297372,0.2608315,0.69731486,-0.79834616,2.2487645,-0.6854711,-0.8440189,-1.0153353,-0.07545897,1.0807197,1.567037
1156,-0.4112428,-1.9833199,-0.358768,-1.5141708,-1.2627689,2.329341,0.38656813,-0.041563652,-0.3299889,0.6482604,0.9865069,-0.5859324,0.07424846,-1.3674573,-1.0377913,-0.9472683,0.16067393,0.52577686,-0.1688872,1.2970455,0.7000173,1.1459029,-0.17998354,0.87482935,-1.3090196,1.7193568,-0.43909046,-0.57570446,-0.9918575,-0.14064829,0.734169,1.3555962
1157,-0.67319256,-1.4600714,0.06758026,-1.7410123,-1.3097187,1.4991894,0.6194043,-0.54491466,-0.7474068,-0.011830918,0.62940246,-0.69534636,0.128871,-1.195139,-1.10934,-1.2455438,-0.25607446,0.19242147,-0.51450914,1.3423905,0.8183818,1.3445175,0.17416722,1.5302308,-1.1998417,0.7914469,0.27638587,0.3708822,-0.6690963,-0.4713033,-0.8109107,2.3429146
1158,-0.21867475,-1.1959356,0.35356623,-1.6728479,-1.2319012,1.3344184,0.23516148,-0.123931795,-0.57646704,-0.30768794,0.6092868,-0.7888704,0.14804178,-0.9980074,-1.2939728,-1.528952,-0.31937906,0.13645457,-0.5796597,1.3644438,0.45510283,1.6157398,-0.18914154,1.3828104,-1.4188173,0.3035446,0.7139776,0.5766887,-0.70559776,-0.7504849,-0.9924919,2.5125406
1159,0.5474466,-1.1774857,0.53191,-1.2840042,-0.90813416,0.818272,0.042157058,0.5614987,0.10464084,-0.87297815,0.8007549,-0.82041645,0.21410719,-0.24269532,-1.4525884,-1.5816227,-0.6468362,-0.16988598,-0.5450282,1.1914831,-0.03855791,2.083651,-0.64028704,0.7054807,-1.3684032,-0.038510278,1.4338056,0.9850323,-0.7362772,-0.79812646,-1.3312002,2.3930557
1160,-0.42078435,-1.2515113,-0.7714275,0.9621297,-0.16639325,0.3367158,-0.9499317,0.5877335,-0.12592858,-0.8874342,-0.34337622,1.2103235,0.69536006,-0.5251747,-0.23384032,-0.06567534,-1.1827165,1.2112565,0.93307924,-1.1447923,-0.19799775,1.1133435,-0.7072297,-0.68583614,1.8171909,-1.2048848,0.9280358,0.5172776,-1.3152056,-1.9852175,1.5864483,1.9528077
1161,-0.25039735,-1.0647873,-0.7387615,0.6801385,-0.41891563,0.36814582,-0.4671372,0.6258105,0.3086609,-0.433537,-0.28252676,1.8654214,0.43558896,-1.0039496,-0.8375744,-0.39772972,-1.2433867,1.4238601,0.7116597,-0.96641517,-0.3557938,0.7544602,-0.82645035,-0.7393439,1.8622521,-1.3326674,0.82243603,0.5992158,-0.99599457,-1.6510266,1.3622446,2.383415
1162,-0.5366486,0.6777635,-0.3544151,0.8344269,-0.41901782,0.49172398,-1.5040857,1.5128328,-1.745556,0.8705802,-0.11630188,0.37849715,-0.10780568,0.466742,0.953044,-0.80783576,0.64675593,-0.44932202,0.44742584,0.15917057,-0.12429572,-0.19837816,1.4530514,0.44093248,0.43585527,1.5669163,-0.76135963,-1.9878037,-2.574493,-0.4817782,0.90904397,2.0523527
1163,-0.770109,0.43292606,-0.97597224,0.9549123,0.07687703,0.2047288,-1.8244365,1.2861966,-1.180776,-0.47837836,-0.263245,-0.38932484,0.4926914,0.947427,1.6720853,0.3867467,-0.19734575,-0.7445451,-0.116782896,-0.32300943,-0.47327897,0.912535,1.0010529,-0.025063707,1.0983081,0.89720565,0.02495672,-1.9051888,-2.7050545,-0.92026085,0.10047987,2.1486924
1164,-0.34543428,0.6606784,-0.16791849,0.016571227,-0.94561285,0.61065644,-1.4031314,1.3274008,-1.5721627,1.1338515,-0.35253918,0.2787409,-0.73571724,0.1748667,0.6464753,-0.8968649,1.0759082,0.112877965,0.15000848,0.6690321,-0.2511798,0.40220663,0.7274247,0.7279559,-0.009613807,0.85957366,-0.69850534,-1.6717031,-2.819366,0.8066543,0.58434963,2.7452161
1165,-0.4883882,0.076296695,-0.36864603,1.0186499,-0.08301932,0.10515963,-1.6130806,0.03331811,-0.024435809,-1.0379374,-0.24772753,0.22080724,-0.5012354,1.9312285,0.65216,-0.070695326,-0.33310267,-0.4509981,-0.4866566,-0.08482337,-0.38638654,1.5203674,0.7587791,-0.4196416,0.9216186,-0.008357428,0.7836151,-0.52777946,-2.94915,-0.14254336,-1.1318749,3.0185208
1166,-1.1769837,0.31670567,-1.3237195,-0.65781933,1.227795,0.16656147,-0.25455064,-0.001693285,0.3184623,-0.8101137,1.3907135,0.75139123,-0.6550376,2.1827536,1.4532632,0.30716026,-1.6640397,-0.31992126,-1.2699255,-0.24406782,1.0617439,-0.2592974,1.7690254,-0.9561067,1.0185043,0.6948252,-0.52840614,-0.39284295,-1.4656962,-0.8349459,-0.60040164,0.81107527
1167,0.3108703,1.1053158,0.2036309,1.9725616,2.0898085,-0.6312794,-1.5809916,-0.6370563,-0.1537819,-0.123653196,0.19751103,0.68959314,-0.317517,2.551795,0.35067835,-0.4297515,-0.24481118,-0.2950597,-0.25753218,-0.78038585,0.7952099,-0.5399643,1.5239611,-0.39759222,1.0182456,0.37284958,-0.15935105,-0.35772815,-1.2224718,-1.3140732,-0.7920976,1.4086118
1168,-0.21386848,1.3509344,1.0392568,1.5423988,0.7552891,-0.7289425,-1.3923719,-1.2525902,-0.11570825,-0.29316998,-0.39092678,0.65393925,-1.1527153,2.2105975,-0.09562331,-0.2747442,-0.9401024,-1.1092153,0.10719797,-0.97491384,0.5953599,0.024172971,1.4266448,-0.30214453,1.3613687,1.3573819,0.32445616,-0.38611037,-1.4758074,-0.002581146,-0.92264146,1.5662022
1169,-1.5380113,-0.4384993,0.100711085,0.7123185,0.8470648,-0.18579412,1.1485566,0.2017196,0.7735812,0.78181577,0.6178136,1.231878,-1.5630912,2.7354043,0.26570898,-1.3708166,-0.82516605,0.08966217,-0.7116412,-0.43572077,0.081236,-1.7060223,0.9150524,-0.75416803,1.1474324,-0.2511069,-0.82284486,0.06638837,-0.8143447,0.96209717,-1.0318611,0.72343624
1170,-0.043516185,0.6357821,0.41473895,1.5156573,1.2564996,-1.3374506,-0.47295114,-0.7748934,-1.1780858,-0.8292938,-0.019779658,0.48689687,-0.35574883,1.6475594,1.2656,-1.0723257,-0.37102062,-0.6582319,0.31248283,-0.5269968,1.0387262,0.5274393,1.4212058,-0.41600353,2.6056385,-0.58422506,-0.6748027,-1.1244403,-1.0273085,-1.5435135,-0.4997659,1.2356472
1171,0.5512963,1.9202363,0.55505896,-0.1618547,-0.89788985,0.025755463,-0.7737814,0.61460066,-0.31761262,-1.3269613,-0.12398572,0.25761023,-1.1524538,0.8987967,-0.36241987,-0.5897788,-0.5619782,-0.9828429,-0.3943804,0.2941025,-0.9091572,1.7688038,0.09781656,-0.07854774,1.0491168,0.747742,1.1796614,-1.7624222,-1.8200101,0.06459677,-1.3491147,2.5451725
1172,1.348724,0.9956517,-1.1685312,-1.0118455,-1.8594471,-0.5937551,0.08639405,-0.31851536,-0.9429667,0.48395407,-0.7809255,0.35688493,-0.3240594,-0.75255543,-0.2191969,1.0567628,-0.3258728,-1.3290534,-0.21251082,-0.038032014,-0.084436506,0.599758,0.2671412,-0.3178635,-0.108751036,2.7159393,-0.08552088,-0.9009639,1.6363523,-3.112903,-0.023111941,0.36572284
1173,0.5292547,0.9520183,-1.083465,-1.9545343,0.09363808,-1.4082361,-0.51459366,0.5501893,0.7138287,0.6744511,0.42798173,1.3078364,0.598106,1.3085582,0.12881374,-0.29428187,-0.49910894,0.040349014,-1.5733533,-0.8556821,-0.30484512,-0.44769657,0.9107261,-0.84927124,-0.09694939,-0.24730103,-0.76713586,1.6183907,1.3494129,-2.1985197,-1.7082558,-0.079363324
1174,-0.82643217,-0.76739985,-0.47145313,-0.76252997,-0.3872238,2.0341225,0.99124664,-0.9602605,-0.302171,1.8584917,0.92638344,0.073517,-0.17143746,-1.4338549,-0.26186076,-0.9258454,1.2140478,0.5514882,0.064559504,0.96749586,0.8754278,-0.13100259,0.30581683,-0.200359,0.19083694,2.6924806,-0.8465072,-1.7433083,-0.0119829755,0.6166366,1.6647367,0.23165418
1175,-0.7500262,-1.1086199,-0.21243131,-1.075472,-0.5087189,1.8587393,1.4788728,-0.8474791,-0.16364174,1.7329909,1.120161,0.4201256,-0.44447818,-1.3035129,-0.5942068,-1.2279965,1.1769667,0.432853,0.33781955,1.1646403,1.2432172,-0.119421884,0.29457074,-0.08344725,0.13966036,2.2714844,-0.71055704,-1.3747911,0.009195827,0.79505754,1.3813937,0.31521657
1176,-1.0407786,-0.6010833,0.69776195,-0.09049125,-0.8529734,1.6981723,1.449276,0.05281344,0.17796712,1.8575995,0.8357873,0.566941,-0.85491586,-0.6717832,-0.68596977,-1.9394947,0.29826978,0.40908343,-0.099591814,1.1541759,0.15576755,0.011061606,1.9651492,0.53086555,0.30370086,2.232462,-1.4469541,-1.4407682,0.05568034,0.6427712,0.7327074,0.56949663
1177,-0.91421175,0.81233525,0.79142416,3.0367844,0.87503153,-0.20910022,-0.6818001,-2.2332046,-0.4879204,0.026554152,-0.09008634,-0.022562463,0.432738,1.3968492,1.6966805,-0.6965453,0.38147667,-0.5548187,-0.15278819,-0.44223574,-0.015842913,-0.70516294,1.8068357,-0.7941352,1.1966729,-0.005668144,-0.98343295,-0.6114572,-0.27840143,-0.43516695,0.29770026,0.17822199
1178,-0.025250202,0.1483446,-0.22042501,0.32958847,0.20154771,-1.0306275,-1.5667442,-2.4215035,-0.99523026,-2.149242,0.0113381725,-0.5583448,1.5137968,-0.10599758,1.6211002,0.9273899,0.6603349,-0.10682026,-0.043521862,-1.5672175,-1.0168632,-0.07342375,-0.73457307,-1.2496508,1.1584275,0.23421165,0.22113559,-1.1890726,0.33075663,-0.8419393,0.32910433,-0.030186968
1179,0.19996941,0.48063156,-0.062160086,1.2060155,0.75314116,-0.6952533,-1.4942476,-2.5127783,-0.6936455,-1.2070659,-0.78591245,0.41432914,1.4401335,0.053557377,1.4800698,0.13168095,1.1272128,0.6370561,-0.003897029,-1.6886916,-0.37117037,-0.8434821,0.52076656,-1.3765374,1.3607341,0.17134307,0.5057657,-1.1202286,0.4922552,-1.0573733,0.11681872,0.43538156
1180,-0.20846674,-0.21396601,-1.1682878,-2.2728624,0.4535609,-0.88838553,-1.3105279,-0.18569377,0.10933132,-0.15811114,1.4948666,1.7977726,0.608752,1.2901398,0.49037346,0.4483999,-1.8751118,0.20637172,-0.9207781,-0.77724797,0.68560684,-0.030460013,0.39111894,-0.23550303,-0.49694076,0.65259445,-0.26542306,1.3712533,0.4661121,-2.10623,-0.27273485,0.835985
1181,-0.4332773,0.2222297,-0.383675,1.0083578,0.79058665,-0.98932916,-2.1655083,-1.2094295,-0.9819869,-0.054350145,0.37082434,1.6278721,1.3694528,1.560849,1.2730701,-0.22220035,-0.66590786,-0.85733503,0.10291415,-0.835864,0.099434964,0.12484279,1.4576178,-0.010466352,0.6052176,0.42423055,-0.050770428,0.52325886,-0.262607,-2.3687758,-0.33166808,2.0390875
1182,-0.48573858,-1.799898,-0.14266908,-1.1991785,-0.97789,1.8814383,0.35366625,-0.07823265,-0.29514512,1.4672176,1.0452658,0.6768074,-0.040229388,-1.3535342,-0.60593164,-1.3777106,0.64733833,1.0166789,0.4498817,0.9068944,0.53036785,0.43145916,0.25404856,0.16872966,-0.331433,2.2043009,-0.4605279,-0.7015515,-0.9676811,-0.1820766,2.031233,1.347846
1183,0.31494743,-1.7430861,-0.39091095,-1.5578072,-1.641891,2.114246,-0.56394136,1.0700666,-0.13415645,0.586357,1.2962525,-0.33124655,0.24052253,-1.3004767,-0.98741543,-1.0139891,0.21805024,0.50760597,-0.053850394,1.1007986,-0.30567968,1.1587042,-1.1438278,0.4870128,-1.6318346,1.0239712,-0.26660216,-0.18630046,-1.115955,-0.6164918,1.3607799,0.8985779
1184,0.75387794,-1.7518278,-0.5250766,-1.4683008,-1.213901,0.94673246,-0.5218482,1.7954502,0.33431673,-0.7963165,1.3441526,-1.5968499,0.2558302,-0.6633897,-0.78147846,-0.08881835,-0.6381854,-0.10315989,-0.16502155,1.3626584,-0.42578334,1.830909,-1.5624831,-0.05408319,-1.17266,0.69400764,0.6156066,0.38240793,-1.1089768,-0.85624427,0.34764573,0.082641385
1185,-0.8038119,-0.058037125,-0.784417,-2.181801,0.57561034,0.06754765,0.6024663,0.4849989,1.6929122,-0.39977476,1.1264786,1.5625309,-1.5137954,2.0501733,-0.19947548,-0.5199759,-1.5355889,0.9173356,-1.5167978,0.12108108,0.87889755,-0.6933534,0.28152716,-0.42365322,-0.37081218,0.6164518,-0.7890431,0.37648368,-0.34983575,0.46925822,-0.8754754,0.3232551
1186,-1.3209865,-0.19174959,0.761045,0.63425624,0.9661727,0.5953784,0.86610806,-0.14798005,0.9640936,0.69413906,1.2417909,1.3198221,-1.5399009,2.3450093,0.33874798,-1.0132636,-1.7452714,0.056827713,-0.84710085,0.090234645,-0.549736,-1.0781105,2.2548056,-0.39632648,0.25632966,0.85837144,-0.7912769,-0.37177053,-0.37376377,-0.15327995,-0.49013352,0.55300814
1187,-1.1667067,-1.9411345,0.4553539,-1.2374363,-0.4805105,1.8920195,1.1533562,-0.73122185,-0.6456229,0.67453796,0.68574125,0.2213605,-0.08421496,-1.468684,-0.5195825,-1.7960869,-0.060819227,0.09224603,0.37006623,0.78703916,1.1632826,0.9572446,0.21253964,1.0645326,-0.06478537,1.5088723,0.06794989,-0.16578954,-0.8017649,0.37737623,-0.06570635,2.583179
1188,-0.7211998,-1.4615088,0.2409578,-0.6684308,-0.24300918,2.3322,1.204272,-1.1056916,-0.5165703,1.0627238,1.7574784,0.5106571,0.50518364,-1.4059525,-0.36838645,-2.139857,0.6366205,-0.201476,0.34245688,0.28223532,1.1184219,0.34967482,0.29487443,0.9392188,-0.17568403,1.5252559,-0.6452797,-1.0827684,-0.3819308,0.93331957,1.0930568,0.86942476
1189,0.48172957,-2.3046436,-0.62534124,-1.5612003,-1.1765959,1.7432743,-0.10977457,1.2140887,0.14043935,-0.2871169,1.466207,-1.2176352,-0.2565822,-0.581445,-0.6176643,0.07919309,0.16843227,0.021140456,0.30787817,1.6280378,0.23804323,1.1060926,-1.5126791,0.25105745,-1.3726294,1.0608127,0.30344412,-0.06489175,-1.0709529,0.2424795,0.9662173,-0.42278203
1190,-1.0724754,-1.0186819,-0.65896875,1.4982479,0.5048809,-0.011705769,-0.6425109,1.4523175,-0.50898963,-1.0437669,0.33336335,0.77518886,0.90641594,0.025705833,-0.086259045,-0.31206706,-1.2710588,0.5696798,1.0439857,-0.67084444,0.13001874,0.205553,-0.242647,-0.54096025,2.377807,-1.1262429,1.3187686,0.14703001,-2.1142163,-1.4470183,1.0494226,1.741876
1191,-1.6334454,0.29680982,0.63307273,0.12591563,1.0332474,0.9085788,1.0032834,0.6255983,1.0666147,1.1727445,0.8590056,1.1015625,-1.5658121,2.0239058,0.042211834,-0.62355924,-1.9678042,0.24399397,-1.2595705,0.4808041,0.45971787,-0.88757896,1.9058101,-0.4056179,-0.48075005,0.13782127,-1.3571718,0.2879337,-0.22878519,-0.71626663,-0.4748438,-0.34221187
1192,-0.92574185,0.40706113,-0.18124455,0.48273996,1.2890701,0.074769,-0.3022995,0.567151,0.58466893,0.5638464,1.1233282,0.8567939,-1.2211686,2.9419916,0.85020775,-0.92701507,-1.3959395,0.055735946,-0.66804504,0.28068364,0.4667998,-1.2136666,2.043472,-0.604899,-0.028658874,0.76385427,-0.9213151,0.24677645,-1.4705832,-0.66446865,-0.59658664,-0.07207804
1193,2.1607852,-0.42661205,-1.165458,0.55056816,1.0453814,-0.22173794,-2.1575806,-0.1548101,-0.13030863,-1.6072245,-0.3312039,-0.5293108,0.8149818,1.7092937,-0.85506207,1.2958077,1.2133366,-0.28607908,-0.34428626,-0.2796032,0.6699213,1.3152044,-0.87199104,0.1653136,0.03046761,0.04436235,1.1931444,-0.31100622,-1.0296193,-1.0017214,-1.4486071,0.5642852
1194,-0.73347765,-0.388498,1.7109714,0.47128242,0.04150062,1.9216264,-0.56203437,-1.6404057,-1.0480137,1.375842,0.7203613,-0.07784837,-1.0210718,0.2748552,-0.07024106,-1.8459041,0.65532535,-0.0041005393,0.76432884,0.73873496,1.7111177,0.34977534,0.33661312,0.58682585,0.59487414,0.6758381,-0.021814566,-0.22846912,-1.4279939,1.3904322,1.1275985,2.027253
1195,1.4261312,1.5685645,0.8817435,-0.1264857,0.20244189,-0.41976058,-1.5560862,-1.3231112,-0.08007952,-1.1623794,0.10154969,-0.61514574,-0.21568032,1.7751586,-1.2236078,-0.22872327,-0.2686622,-1.1502203,-0.43638742,0.02630255,0.944167,1.7794219,-0.75773066,-0.065317065,0.1952465,-0.12653616,1.9875385,0.3515925,-0.9950058,0.14684492,-1.7626411,1.1201577
1196,0.28880668,-0.40421134,-0.22732261,-0.12520085,0.45255378,-0.81869054,-0.2977375,1.5228798,-1.0445651,-2.0402794,-0.3911466,-0.93544424,-0.6812544,0.97679543,0.19545509,-0.14119777,-0.07351952,-1.386015,1.0788778,0.67049646,1.2270299,2.2262354,-1.9364156,-0.10115296,1.6668847,-0.80619276,0.2205944,-1.2545309,-0.71841216,-1.0607017,-0.2819943,-0.20218745
1197,1.208021,1.9051118,0.027004695,-0.6347497,-0.34634018,-0.62399083,-1.087732,0.112952955,-1.1517321,-1.4036306,-0.47284245,-0.82246834,-0.7306396,1.1053125,-0.031566735,-0.1304908,0.059247922,-1.5597141,-0.45059198,0.47389543,0.36559662,2.1932852,-0.4451594,0.35846522,0.8925839,0.103808746,0.929506,-2.0370767,-1.0316248,-0.019096762,-1.3233273,1.215447
1198,0.8761158,1.2092824,-0.94533825,-0.59708786,-1.0453309,1.1135473,-0.54131585,-0.6253492,-0.64041567,0.7398244,-1.2757784,-0.043001913,0.090146944,-0.3029632,-1.0335841,0.55507934,-0.19444701,-2.1193914,-0.75917506,0.53029,0.41974184,0.4088816,-1.2802435,-0.30250654,-1.4053655,2.7096798,-0.25548348,-0.8965357,1.653093,-1.9793648,-0.5383837,0.11819672
1199,0.89969623,0.765882,-1.4646679,-1.1120938,-1.4792385,0.54978514,-0.37541208,-1.0708376,-0.74924576,0.5472048,-0.820066,0.40802905,0.3680083,-1.2676967,-0.6234976,0.31804696,0.036076188,-1.5594518,-0.69972247,-0.41550258,0.22959931,0.62867725,-1.1329055,-0.5177305,-1.2461957,2.4533546,0.18939659,-0.758795,1.9966639,-2.3174992,-0.033634268,0.037662886
1200,0.20170628,0.34527743,-0.7298989,-0.669735,-0.46818814,1.1928681,0.21025465,-0.61857104,-0.37028822,1.9526318,-1.241643,1.416859,-0.3375678,-1.066554,-0.70769364,-0.34250575,1.217938,-0.34734422,-0.5010249,0.26034206,0.93473667,-0.023822531,0.39741296,-0.7944064,-0.7201915,3.4869165,-0.52990955,-1.6815952,0.95695925,-1.337016,0.21399072,0.65040576
1201,0.5481907,1.3949208,-0.2718251,-1.6110057,0.024475232,0.17713554,-0.6516296,0.36089653,-0.14424114,-0.18068273,-1.619258,0.88750666,-0.74735314,-0.67613065,-1.6339117,0.40612122,0.28869298,-0.5541305,-1.060066,-0.7182935,0.42253223,1.3327649,0.8397809,-0.7521138,-1.431098,1.3668553,0.9399095,-0.45588535,1.9355372,-2.4573069,-0.04943968,0.44357756
1202,-1.2638363,-0.30157757,0.7185583,1.0561547,0.9689706,0.014842154,-2.450891,0.59698725,-0.77660024,1.0120165,-0.8923196,1.3851221,0.23071885,-0.36591324,-0.8789917,-0.64822716,0.5467757,0.9314184,0.055946253,-0.30136448,-0.31318235,0.57376856,0.72446513,0.25917897,0.611314,0.9862922,0.11178281,0.13968691,-0.6909603,-1.9442221,0.97977036,3.2244477
1203,-0.27688822,-0.53116775,0.43630558,0.47726816,0.19485739,-1.0118339,-3.3031628,-0.59577864,-0.68222594,-0.37149832,0.5111863,0.9115258,1.3925673,-0.25955385,-0.9345708,0.33918,-0.8720687,1.1564459,-0.97865236,-1.2575693,-0.94069815,0.76825863,-0.7789038,0.6582117,0.019313267,-0.06414611,0.3935141,1.2895507,0.49902058,-1.8628443,0.3336477,1.8829967
1204,-0.10496853,-0.6925181,0.15015356,1.293696,0.43501392,-1.0054557,-3.0562494,-1.2548891,-1.3504047,-0.02327808,0.038096108,1.0260631,1.5626588,-0.22600469,-0.24242918,0.19723277,-0.12183846,0.52868843,-0.7537315,-1.5262282,-0.74242055,0.60253125,-0.5327471,0.3546778,0.4920796,0.026708161,0.46637312,0.6862719,0.5281294,-1.7388258,0.15425803,2.1355457
1205,-0.29282174,-1.2152494,-0.4179448,0.66354555,0.25718203,-0.5104331,-3.129976,-0.56779236,-1.7237833,0.4310645,0.36346325,0.966996,0.69672734,-0.7869111,0.33128977,0.12998788,0.24342799,0.49760714,-0.6462983,-0.85899395,-1.3556368,0.9721219,-0.42403987,0.17372747,1.0000662,0.5523725,-0.014808441,0.3076582,-0.35135388,-1.3303776,1.5299368,2.3792174
1206,-0.1087986,-0.95463514,-0.15007173,0.08623364,-0.48083577,-0.8661322,-3.3339958,-0.24583079,-1.3861974,-0.8027206,0.46721283,0.36400867,1.0798784,-0.52599365,0.08439107,0.71521246,-0.56486964,0.24615835,-0.6350338,-0.7312526,-1.4572698,1.6726218,-1.4593623,0.35170567,0.3935865,-1.2436254,0.25791463,0.8982073,-0.45706093,-1.3089268,0.9039847,1.6106384
1207,-0.32454717,-0.9704645,0.11359374,0.053120833,0.12687501,1.7340975,1.015797,-0.54736805,-0.24766308,2.152417,0.54224336,0.92151725,-0.28050134,-0.33964002,-0.12184782,-2.4980586,0.92191553,0.05164076,0.047431886,1.0266724,0.95979446,-0.052133217,1.4602162,-0.21078876,0.2712969,2.5254002,-1.1666688,-0.91895837,-0.39762935,-0.022809923,1.1073235,1.1346797
1208,-0.35597396,-0.45132536,0.0035296623,0.86073977,0.70452327,-0.7021083,-2.9519749,-0.86818784,-0.5161586,-0.36562157,0.85863066,0.22125947,1.755089,0.49809054,0.048771016,-0.4957097,-0.57279664,-0.70892173,-0.18587269,-0.89327544,-0.32003796,0.88884264,-1.342259,0.030516094,-0.04828758,1.2579632,1.1699353,1.448264,-0.4152177,-1.9203854,-0.35396242,2.3746488
1209,-0.22099759,-0.46128806,-1.5350963,-0.25790924,0.58399844,-0.80878353,-2.6020126,-0.6751405,-0.790879,-0.39216745,1.2573972,1.1399641,1.6242167,0.54422915,0.8361866,0.29378396,-1.0114855,-0.5428628,-0.54269004,-1.6986169,0.008308261,0.5141107,-0.5137796,0.03361117,0.3643521,0.48757088,0.7414258,0.79175097,-0.15955205,-2.1509295,0.07141829,1.6332526
1210,0.36288157,-0.83216196,-1.4984272,-0.20687696,-0.19716713,-0.72658074,-3.0211785,-0.04032764,-0.9537164,-0.59917784,0.96611476,0.3432438,1.6705792,-0.07985613,0.15430284,0.7833995,-0.9966722,-0.5457321,-0.46339568,-1.2322422,-0.8119504,1.0519031,-1.4040716,0.26657322,0.32074556,0.12776124,0.97816885,0.74239427,-0.5804968,-1.8419969,0.4999818,1.5633298
1211,-1.0549467,-1.4965664,0.17525204,0.046111006,0.22187313,1.9109246,0.055111844,-1.2949101,-1.1676314,0.703346,0.69820154,-0.30694184,1.0777892,-0.6034963,-0.42146122,-1.7339772,0.20134532,0.08054499,-0.46081167,0.41723955,1.3264623,1.0792079,0.4331588,0.9700631,-1.0672313,1.9164804,0.2571521,0.14810564,-0.586847,-0.65665615,-0.3704764,3.0492225
1212,-0.6164213,-1.8676765,0.2106587,-0.5647704,-0.009108433,1.3720925,-0.25970212,-0.71463346,-1.1915364,0.09943833,0.5494822,-0.68635803,0.9782582,-0.36761746,-0.57098055,-1.4744496,0.03676233,-0.28160042,-0.4270916,0.66545177,1.1046693,1.7514822,-0.23514928,1.2257191,-1.3462973,0.6716229,0.50594413,1.1146514,-0.4759702,-1.0445492,-0.7563684,3.0962992
1213,0.20499748,-1.4902525,0.09628151,-0.5760608,-0.1475737,0.9865052,-0.26482677,-0.40435374,-0.62111753,-0.29659015,0.8249827,-0.85633284,0.8979478,0.09454432,-0.8369761,-1.8698708,-0.26138887,-0.39909706,-0.63078684,0.62492335,0.96314776,1.9232678,-0.66427195,0.9775353,-1.4833446,-0.04332411,1.3452528,1.3843343,-0.53965795,-1.082065,-1.1039048,2.823319
1214,-1.2094593,-0.2579865,-0.3632237,-1.9818808,0.39981782,-0.13032825,0.66288775,1.3351537,0.89767855,0.24563971,1.2562349,1.7008562,-0.3441925,-0.5853829,0.038084093,-0.99376154,-2.3867104,1.2087842,-0.41358244,-0.3500063,1.1748691,-0.63271654,-0.7049557,-0.19922026,0.6990634,-1.2358422,-0.8697697,0.80047816,-0.42572573,-0.60743934,1.2329516,1.0766894
1215,-1.4399081,-0.15027219,0.8154265,0.46589053,-0.08578711,1.4608201,0.88425875,1.1217463,1.3372766,1.5573123,-0.19313823,0.84907264,-1.9275894,1.4303728,-0.8358101,-0.36117098,-2.0292325,0.29875153,-1.4422894,0.2872571,-0.3030934,-0.33139178,1.6438558,0.34594005,-0.43781033,-0.29475328,-1.8188654,0.23102896,0.039884247,-0.37447292,-0.64926296,0.19731797
1216,-1.0922992,-1.8542621,-0.38224468,-1.1330861,-0.73495984,2.467081,1.5618228,-1.1885358,-0.30218092,0.6262214,1.6603143,0.004763719,0.43839133,-1.7574387,-0.25009692,-1.3609003,0.2751601,0.2009183,0.119755715,0.45736918,1.1064448,0.20400421,0.03466474,1.2675656,0.055418525,1.3704379,0.1145246,-0.6766692,-0.19727238,0.6852292,0.6607288,0.87916124
1217,-1.0333865,-1.7718829,-0.48974156,-1.1662841,-0.83788455,2.564076,1.6951592,-1.0811217,-0.044165052,0.52911365,1.805618,-0.19426508,0.2916715,-1.8306863,-0.3032733,-1.2169466,0.27573362,0.2995744,0.04095357,0.6252323,1.0729668,-0.044599514,-0.09078107,1.1598797,0.1692232,1.2159089,0.4625716,-0.50279945,-0.13913855,0.6581678,0.5944301,0.6687763
1218,0.55119854,-1.8245374,-0.59810555,-1.466832,-0.6549801,1.5159044,1.9280401,-0.31002262,0.7152929,-0.32697725,1.7933003,-1.4525894,-0.28583574,-0.8350718,-0.34112528,-0.35918885,-0.13704564,-0.5969331,-0.95492196,1.6286076,-0.65170175,0.34044358,-0.4876049,0.62085795,0.18514757,0.4376485,1.9332558,0.70753694,0.109658726,-0.054857247,-0.61369205,0.20846827
1219,0.3216296,-2.2309608,-0.6372395,-0.98162216,-0.037055887,0.38150612,0.37489903,2.0343158,0.5295036,-1.2545216,1.63162,-0.68356997,0.23232478,-0.050814398,0.1059456,-0.16361012,-0.5741689,-1.0266742,0.29364502,1.5467657,-0.9052812,1.0224464,-1.9677718,-0.148218,-0.08627065,0.26078337,1.2734673,0.39990494,-1.3018292,-0.3039029,0.68361735,0.083106734
1220,-1.1764327,0.23884135,-0.36501798,-2.5492325,0.43223375,0.14874524,1.1200541,1.5837867,1.1999725,0.3081836,1.3858063,1.9898379,-1.0843722,0.5268659,-0.0459159,-0.58583385,-1.5719831,1.0470936,-0.8542894,0.2853429,0.6243396,-1.0408579,0.034718476,0.2524235,-0.22472958,0.77958167,-1.4223189,0.28627735,-0.15132073,0.50538236,0.25351015,-0.39323
1221,-1.1267085,0.27493262,0.5720533,0.03320321,1.1976095,0.43588528,0.53523535,0.6725761,1.027468,1.066548,1.0592793,1.2366571,-1.6339349,2.4231045,0.14766808,-0.8616256,-1.7603179,0.4251086,-0.93027884,0.46603554,0.30336347,-1.153872,2.1193852,-0.2372568,-0.28020453,0.65541923,-1.0040803,0.3080141,-0.4452104,-0.6366013,-0.5763184,-0.32611763
1222,-0.7078382,-0.017706886,-0.26128918,-2.8495955,0.4158059,0.17974776,1.8482677,1.555451,0.8916281,0.13659681,1.1144416,1.9297256,-0.8403927,0.5301327,-0.36058208,-0.8079541,-1.6001977,0.6640218,-0.899842,0.18588103,1.0918635,-0.5672422,0.41145626,0.018030783,-0.21925423,0.3463258,-1.5803015,0.059632115,0.12303068,-0.29085103,-0.17364703,-0.32647693
1223,-0.82640433,-0.26724982,0.8388298,-0.17312248,-0.025425192,1.4431249,0.5993318,0.97552896,1.3542944,1.5899348,-0.075870335,1.3042791,-1.7487775,2.025678,-1.0405833,-0.4721012,-1.6858046,1.0121228,-1.0898238,0.29327685,0.19865444,-1.143765,1.3405663,0.1122267,-0.58017844,0.28524837,-1.5706515,0.14216623,-0.032355644,-0.10930113,-0.93532735,-0.5490672
1224,-0.72037834,-2.3503888,-0.7106711,-0.5479176,-0.7471041,2.0788414,1.1884016,-1.8636605,-0.86712223,0.7669569,1.4729428,0.09369786,-0.36299625,-0.8225922,-0.87157315,-1.3023343,0.5443137,0.80196035,-0.027895922,0.34103358,1.6861875,0.04720609,0.2887819,1.1650912,0.5944672,1.3831838,-0.42501888,0.08315675,-0.2442042,0.1834265,0.54414713,1.0300863
1225,-1.0673635,-1.5528805,-0.6092275,-0.8203124,-0.86176705,2.637156,1.791641,-1.1518991,0.16844729,0.68667024,2.0275772,-0.092806585,0.19026935,-1.7113127,-0.53160286,-1.2742583,0.43701106,0.3890878,-0.13628906,0.43910775,0.96188384,-0.3483274,0.023740511,1.1066767,0.44200936,1.2187496,-0.041010547,-0.663355,0.12936917,0.90924263,0.5612484,0.0436767
1226,0.53192496,-1.4100221,-0.31497535,-1.7587996,-0.30759636,0.591819,2.234583,0.08081934,0.9634843,-0.4988972,1.3746114,-1.3487833,-0.35724205,-0.44919804,-0.4639074,-0.3870976,-0.53113055,-1.4267505,-1.0113162,1.6385043,-0.89728373,0.6885291,-0.21092327,0.4050455,0.19035113,0.34925464,1.7641907,1.0927879,0.35722423,-0.4042586,-0.93719417,0.33351755
1227,0.5671102,-1.730112,-0.61255985,-1.8039242,-0.42903504,1.1927674,2.067625,0.3254882,0.5381751,-0.53933257,1.816135,-0.51719886,-0.11680493,-0.59297144,-0.84904695,-0.7032229,-0.26966372,-0.98860574,-0.5873546,1.4792205,-0.8025433,1.338926,-1.8281502,0.34109747,-0.4259446,-0.38226113,0.97283185,-0.08931325,-0.34584224,0.89817625,0.3538188,-0.0623665
1228,-0.97779095,0.055631526,0.06409157,-2.9265032,0.25623435,0.09779653,1.1959,1.6558797,1.0239023,0.55932575,0.96559924,1.9172134,-1.3388382,0.440576,-0.3415977,-0.5723105,-1.5129583,0.6892628,-0.6732232,0.35072348,0.82418483,-0.6952293,-0.09037834,0.26968157,-0.38936612,0.4720521,-1.6648937,0.34671074,0.01479596,0.036047682,0.39870042,-0.53522116
1229,-1.4508896,0.4457045,2.1840458,0.6199537,1.5222322,-0.79566777,-1.9762832,-0.30131903,-0.34655267,-0.006147685,-1.1885684,0.60968685,-1.1170745,0.3099244,-0.63898194,-1.0219201,-0.1746212,-1.5955309,1.7807592,-1.042993,1.1341953,-0.33139092,-0.3747288,0.83208233,1.6636584,0.15977412,0.32592687,0.47854328,-0.42480803,-0.6546458,-0.009256113,1.0579157
1230,-1.1008109,-1.764654,-0.42543995,-0.69918114,-0.78412026,2.66047,1.572074,-1.2714728,0.010906769,0.5662455,1.6566373,0.044326548,0.25658908,-1.6081634,-0.25705892,-1.7037021,0.32208496,0.44458222,-0.15901046,0.19811095,0.8934458,-0.06660388,0.5863829,1.0392869,0.33805275,1.756229,-0.6439798,-1.0271107,0.3515028,0.60617787,0.28944963,0.21637967
1231,0.43820176,-1.4741938,-0.8189022,-1.7698284,-0.49739033,1.3213873,1.8729806,0.53583485,0.5415709,-0.32947522,1.8030336,-0.8105831,0.05927193,-0.9411688,-0.7914406,-0.60869837,-0.24956006,-0.83703154,-0.8483474,1.4324962,-0.9254796,1.463302,-1.7586856,0.28833494,-0.59034693,-0.20349582,1.1561952,-0.29625422,-0.10570194,0.82252485,0.18848932,-0.3832335
1232,-0.99629676,0.25332037,-0.29719862,-3.0352237,0.5700486,-0.34096676,0.73754656,0.99622816,0.85408396,0.49656123,0.914134,1.6333396,-1.3301283,0.6894033,-0.20792584,-0.06907145,-1.3835398,0.2037505,-1.0269251,0.06829462,1.3182019,-0.80740124,0.066099904,0.055751868,-0.21483384,0.41608796,-2.0435343,0.5835421,0.49381623,-0.22464359,0.42940193,-0.8031375
1233,-0.37588108,0.45122445,0.73586124,-0.04481691,1.2436987,-1.135574,-0.49461353,-1.9469658,-0.5922021,0.38270944,-1.0722989,0.12179254,-0.69574904,1.9030977,0.4218787,0.5853973,-0.56265247,-1.878499,0.14228816,-0.42882806,2.6486106,-1.0581864,0.61751306,-0.6728256,1.1357081,0.27562553,-1.0977838,-0.38051602,0.027667923,-0.26730046,0.26106858,-1.0109679
1234,0.097063996,-0.03754467,-0.16082358,0.47874606,0.59242725,0.53317076,0.16819005,-1.8816475,-1.0918207,1.3712549,-1.7348658,-0.05045079,-0.67399764,0.2991618,-0.19982836,-0.7776434,1.092111,-1.0751517,-0.07581082,0.5654887,2.8403604,0.06803944,0.74401826,-0.60385054,0.1490821,1.762284,-0.47043547,-1.9050205,-0.24571042,0.16569056,-0.6745419,0.33450243
1235,1.3441093,-0.34229636,-0.016503496,-0.9538794,0.8094093,-1.6981838,-0.043083977,-0.60640794,-0.38426578,0.12420133,-1.586512,0.18761365,0.29792053,1.4251621,-1.512578,1.004433,-0.14999285,-1.6655158,-1.0128987,-0.37924394,1.8674122,0.7931061,0.18671209,-0.46198523,0.5028199,0.89030844,-0.15531038,-0.94907963,0.91484046,-0.6530013,-2.046167,-0.91392314
1236,0.6117526,-0.551491,-0.018413862,0.22476125,0.8345193,-1.6558205,-0.16732995,-0.834876,-0.75357336,1.0291669,-2.686306,0.8566699,-0.019826297,1.1497163,-0.66666305,0.8983203,0.70325387,-0.5726704,-0.23234722,0.12297543,1.6697282,0.8319436,1.050025,-0.6477157,1.4725828,0.555605,-0.16962187,-1.259676,0.48287362,-0.56748074,-1.429081,-0.85847217
1237,0.7472584,-0.8451947,-0.03459344,-0.346026,0.78965586,-1.3641871,-0.0045022666,-1.518366,-0.63938475,-0.8363173,-0.6506118,-0.36414227,0.60336304,0.10709936,-0.83376676,0.80314296,0.7941774,-1.9009937,-1.3026404,-0.6602898,1.1934003,1.8049432,0.22518818,-1.0732105,0.4154955,0.9776133,0.4771207,-1.6090851,0.6337002,-0.44863102,-2.2995558,-0.28475425
1238,-1.0217707,-0.5791859,-0.33038405,0.14068066,0.36041325,0.8176993,0.5864251,-1.367364,-0.66992444,1.4652725,-0.7986069,0.7378974,-1.1355091,-1.1381838,0.5547558,-1.1316065,1.9997874,0.2691748,-0.4363884,1.2057848,1.1321582,0.9261453,1.2913698,-1.1053872,0.6730027,1.6766963,-0.88310444,-2.0084743,-0.3413229,0.16284148,-0.08777778,0.091218
1239,0.6103587,-1.2450285,-0.0962842,-0.8000045,-0.049119547,-0.4355609,0.42359588,-1.9323274,-0.65351456,-0.90974164,0.16448727,-0.6844562,0.23635745,-0.9623207,-0.9182455,-0.07818749,0.7044108,-0.97833574,-1.5160794,-0.28451374,0.7838287,2.2462487,0.03076888,-1.419635,-0.12899669,1.4426355,0.99772596,-1.3015119,0.6957359,-0.4283761,-2.191254,-0.03591255
1240,0.7869601,-0.39465952,0.4103781,0.15559514,0.47422734,-1.2904488,-0.22836646,-2.3167567,-0.28218538,-0.6580645,0.00058861065,0.3481927,0.9480805,-0.11829247,-1.0615897,-0.027012296,0.7934262,-1.3790218,-1.3531274,-1.3303845,0.84360623,1.054006,0.17822875,-1.4226415,0.3346522,1.0373629,1.161938,-1.1426643,0.76805365,-0.7325561,-2.320118,0.10850956
1241,-0.21337113,0.2780904,0.4506999,-1.9394892,1.1273158,-2.0140023,-0.096273914,-0.27140617,0.60837,-0.6290352,0.81799793,1.6368003,-0.10893067,1.0338945,-0.64650977,1.2710159,-0.4147282,-0.31741837,-1.7656324,-1.1694036,0.7920086,-0.4343485,0.8093584,-1.2570772,0.801233,0.2904836,-0.43333328,-0.16755421,1.3759991,-0.9645491,-0.9395712,-1.4840966
1242,-0.599006,-0.7266894,-0.08254465,0.7452526,1.0589153,-0.86305696,0.5043215,-0.38241583,-0.47800517,-0.19797243,-1.7334386,1.7714784,-0.0561824,0.36883095,-0.9541536,1.5965134,0.783061,-0.84784085,0.14164262,-0.48737228,1.0084939,0.7302288,1.4173124,-1.3817818,2.6354265,0.64017045,0.46230844,-1.4836044,0.45608523,-0.3961467,-0.819225,0.5356328
1243,0.42356706,-0.8808502,-0.56457204,-0.05733887,-0.6780096,-0.6254923,-1.700303,-2.2316182,-1.2143309,-0.57064193,-0.46744934,1.6219981,0.93769085,-0.7541529,-0.655718,1.4367952,0.057179738,0.049837697,-1.1193923,-1.5692992,-0.19401024,0.9558815,-0.970985,-0.033650182,0.10045733,0.6121894,0.6457119,-0.7147097,1.9787438,-1.4409502,-0.29309985,0.23312715
1244,0.91206646,-1.3896856,-0.71205556,-0.20562285,-1.1189057,-1.0228257,-1.9268656,-0.9709362,-1.1427443,-0.34362978,-0.1930737,1.3712627,1.1514567,-0.9088697,-1.4790697,1.1366414,-0.31643084,-0.10239561,-0.9197716,-0.75352705,-0.6518212,1.483899,-1.5152712,0.803434,-0.09418179,-0.49220234,0.7888717,-0.4122521,1.8064429,-1.3511277,-0.5006115,0.8364882
1245,2.015661,0.12317433,-0.039922494,0.15508129,0.7167391,-0.829338,-0.6129131,-0.19301112,-0.45480597,0.6697866,-1.7650555,0.45373854,0.5439438,0.8169552,-2.5048506,0.6813649,-0.09729368,-0.9174035,-1.2319429,-0.2655599,0.34183407,0.63393444,-0.95511186,0.68359137,-0.22638421,0.96958417,0.46067652,-1.0061395,1.9932597,-0.82157916,-2.0626626,-0.19000016
1246,1.5492132,0.82650065,0.56875604,-0.06957769,0.8050898,0.442148,-1.6645898,-2.0121138,-0.71116114,0.49489853,-0.79290944,0.40092716,-0.26080653,0.124409854,-2.5090225,0.033506416,-0.35069516,-1.2669208,-0.3971528,-1.0680937,1.3582294,0.030990828,-1.8615494,1.10939,0.7952684,-0.14826994,1.3355902,-0.26167288,1.0332502,-0.59715515,0.10833466,0.36491033
1247,0.29222748,-0.18874907,1.5166614,-0.04552623,-0.23568816,0.5549706,-2.2216296,-1.9918994,-1.3232095,-0.10265263,0.53491706,0.23322925,-0.035966218,0.23451205,-0.87615913,-1.3565015,1.3479561,1.2702062,1.3265922,-0.8918967,0.9087466,-0.5179025,-0.094863065,2.022779,1.7175046,-0.3928557,0.096535064,-0.1268427,0.029984942,-0.47205728,0.8541089,0.92203754
1248,0.72391164,-0.3311995,-0.8648301,-0.05498513,1.255393,0.038810078,1.2563543,-0.42563024,-0.6524605,-1.0151974,-0.14489824,1.5697834,1.1573445,1.1423821,-0.520907,-0.042062003,0.44602776,-0.8617939,-0.75507873,-0.13997573,-0.85960865,0.36702693,-2.0038137,0.77833027,3.1600718,-1.8442852,0.816548,-1.2647395,-0.037086546,0.37242752,-0.7041616,0.29815042
1249,1.9610558,0.1839386,-0.14571333,-1.7364081,0.71481216,0.10247726,-0.21247058,0.5691936,1.0461781,-0.05072993,0.68776566,1.7452048,0.4199884,1.7932177,-1.3584511,0.49984708,-0.32913858,1.8817843,-0.9376014,-0.8110555,0.41073456,-0.5740421,1.119555,0.11470443,-0.24392372,1.3374912,-0.52358156,0.56775284,0.459368,-1.4666277,-1.0418627,-0.30852532
1250,2.9818027,-0.67393893,-0.79909223,-0.8045985,0.2602953,0.480077,-0.3807423,0.12016782,0.37757644,0.105672754,0.0886514,1.0501059,1.6843084,1.3398061,-1.2050875,0.91297185,0.9706336,1.726232,-0.91293454,-1.4593625,-0.05529769,-0.10874034,0.5201315,0.40924707,0.4449382,0.7838766,-0.35428494,0.4275358,0.88230044,-0.88880146,-0.8490544,-0.45156714
1251,-0.11926945,0.6017899,-0.3074827,-2.0878785,0.90781856,0.84385186,1.7575014,1.2822697,0.89401585,-0.11398096,0.31500912,0.9020538,0.031560343,1.5681849,-0.5266251,-0.58000255,-1.4135673,0.9247024,-1.1899339,-0.15454589,1.743232,-0.3573107,0.8942616,-0.2249526,-0.12968665,-0.16146368,-2.2111654,-0.3206059,0.25710347,-1.0273968,-0.61521834,-0.98764133
1252,0.30204177,1.0612292,0.9536976,-0.08826126,0.48776257,1.2076076,-0.12207147,0.18111604,1.0769677,1.5449396,0.079125226,1.2248693,-0.35828432,2.1852136,-0.51186717,-1.2898321,-1.3021677,1.3160591,-0.7421816,-0.5120506,0.5433793,-1.6230466,1.4074502,-0.0728326,0.046871938,0.19819827,-2.0042036,-0.018671237,-0.08784937,-0.20897193,-0.91700965,-1.1691818
1253,-0.36452132,-2.3621573,0.99910784,0.39782724,0.63593847,1.3770936,0.42690971,-0.8377596,-1.3781503,0.71808136,0.9446511,0.06561389,-0.79928863,-0.4176036,-0.75811046,-2.618194,0.87954,0.6296696,0.8965707,-0.33995208,1.4585826,0.6359064,-0.3441525,0.5482174,1.458927,0.6550122,0.5731721,0.84694535,-0.3896943,-0.2740579,0.3962923,1.6679932
1254,-0.7674702,-2.7247565,-0.17298208,-0.047521524,0.048121367,2.0701234,1.0613587,-1.3164375,-0.6314275,1.1258742,0.94633627,0.3449958,-0.8807326,-0.8198303,-0.83837277,-1.8514439,0.66042,0.72296757,0.30317992,0.30581468,1.4367207,0.61588,-0.37465096,0.24823913,1.0325282,1.6481509,0.016129944,0.6846996,-0.14880446,0.089806445,0.4879439,1.4251331
1255,-0.8911543,-2.5774136,-0.7411412,-0.7871816,-0.77912754,2.159321,1.3738129,-1.6989046,-0.7668625,0.6768652,1.4904151,0.13650443,-0.09144674,-1.0882747,-0.8824472,-1.0309337,0.5475836,0.6465851,-0.044100434,0.31992114,1.4556421,0.33295655,-0.07636582,1.1944116,0.31062663,1.265329,-0.36963353,-0.07571139,-0.09274235,0.2507345,0.5709256,0.8039668
1256,-0.04251614,-0.96969086,-0.32526535,-1.6231343,-0.28337064,0.6239186,2.0255287,1.319634,0.10256909,-0.40970156,1.3754939,0.009877196,0.042816795,-1.037529,-1.0604862,-1.1527451,-0.956368,-1.0165522,-0.07254177,0.8764184,-0.7546692,0.96128863,-2.449347,0.545284,1.0739139,-1.2853979,0.7917597,-0.35866654,-0.9506257,1.3920263,0.5934551,0.34599286
1257,-0.24494539,-1.1427764,-0.3490533,-1.4694062,0.40737134,0.65435857,2.3047376,0.69287527,-0.39847532,-0.29834732,0.80711085,0.5596102,-0.05052572,-0.57670313,-0.88451046,-1.1582321,-0.650909,-1.3391898,-0.39821884,0.7894824,-0.79444194,1.558549,-2.1072288,0.9133744,1.1921067,-1.7800555,0.77522117,-0.8839867,-0.673675,1.2063533,0.7466208,0.4293532
1258,-1.0484229,0.41191828,0.25998482,-3.0693114,0.45935482,-0.14058854,0.87487644,1.3022882,0.8636493,0.20772777,0.63651043,1.891551,-1.1986238,0.63359374,-0.48508915,-0.51127857,-1.5963404,0.34934008,-0.3656422,0.2942749,1.2827282,-0.75486743,-0.15452814,0.22627228,-0.2659514,0.24586222,-1.9040178,0.30355248,0.1315803,-0.21695705,0.33596325,-0.5872319
1259,-0.46301246,-2.0614374,0.3748,0.44958505,0.2086475,2.5859044,0.7332709,-1.3557281,-0.40354356,1.1652476,1.4120042,-0.25530922,-0.65433943,-0.58865297,-0.29408672,-2.5868878,0.6885597,0.40211117,-0.095388554,-0.3013316,1.2651278,0.038882297,0.4252093,0.16215864,0.8529454,2.0807877,-0.5648221,-0.22855975,0.19796653,0.35305732,0.4826738,0.99542123
1260,-0.00836037,-1.8939364,-1.0143731,-0.48740855,-0.4315865,2.2113128,1.0649794,-1.6502693,-0.6817962,0.9762931,1.7419468,0.09950941,0.104338676,-1.2852844,-1.0590867,-1.5878421,1.0872895,0.30366856,-0.41429704,0.25055817,1.2225024,0.5504439,-0.18094552,0.81830555,-0.53806067,1.2228558,-0.7346769,-0.89935684,0.17708498,0.7495488,1.1923755,0.13841403
1261,0.34797138,-1.6794573,-0.6754224,-1.7623776,-0.076226436,0.84011775,2.102694,0.42896432,-0.20763302,-0.28806016,0.95100284,-0.077088945,-0.45922783,-0.43637115,-0.70015854,-0.72164786,-0.2071419,-1.1627893,-0.73846006,1.5951458,-0.8683198,1.9452139,-1.8955386,0.7065946,-0.02137934,-0.91124815,0.86720353,-0.68960905,-0.21715727,0.9658827,0.55425584,-0.44533092
1262,0.16373433,-1.3606607,-0.53059196,-1.8496227,0.2553545,0.13028277,2.0855656,0.740529,-0.35409704,-0.435426,0.61068046,0.026735827,-0.3452073,-0.34850436,-0.4587774,-0.5950105,-0.5997041,-1.7386206,-0.61772305,1.5062451,-0.9140039,2.0781012,-1.9959152,0.75999403,0.35219383,-0.96122557,0.8629959,-0.72759867,-0.25541863,0.6732731,0.31513402,-0.28603604
1263,-0.062021848,-1.1448573,-0.36868468,-1.0610976,1.0705682,-1.0201551,1.7586426,0.6744218,-0.19178192,0.20103216,-0.7669071,1.103427,-0.39106652,0.11535528,-0.7067337,-0.7376433,-0.60499585,-1.3579962,-0.27028766,1.4579788,0.19265354,1.4174984,-1.8310634,0.53443044,2.0856326,-2.0840309,1.2389693,-0.14732693,-1.0633863,0.11555623,-0.13937788,0.43383545
1264,-0.648502,0.12396985,-0.360081,-2.818598,1.1155953,-1.1831414,0.91931677,1.1028109,0.39242575,0.6801403,0.122485876,1.3158027,-1.4103487,0.65066135,-0.48172364,-0.2653699,-1.313271,-0.23231418,-0.7212066,0.15338273,2.158401,-0.5876797,-0.25735036,0.11803067,0.488378,0.19985852,-1.888282,0.44347954,0.59108496,-0.3188058,0.46095997,-0.76910996
1265,0.26396543,0.44875878,0.65520996,0.9108644,1.1436368,-1.3930432,-0.2304538,-1.0761428,-0.9363074,1.3202076,-2.1074598,0.24438241,-0.822785,1.6319094,-0.2558793,-0.09656552,0.14097326,-1.7448881,0.32254606,0.0017914821,2.1986938,-0.4872686,0.7687802,-0.24822846,1.7891777,0.17540596,-0.80735856,-0.44891888,-0.09006167,-0.19696195,-0.11051805,-1.0123031
1266,0.28769913,-0.296835,-0.3100511,0.6105773,0.6288232,0.3193349,0.17996502,-1.7354093,-1.751314,1.5837007,-1.5372262,-0.012809288,-0.53922087,0.0048859166,-0.3486469,-0.8216998,1.1389513,-1.410434,-0.05513582,0.20139761,2.797158,-0.026093135,0.66103095,-0.06630524,0.5795102,1.3480057,-0.60965097,-1.7440658,0.020899115,0.14962216,-0.49430937,-0.16321899
1267,0.7734337,-0.3596348,-0.24026753,-0.65897995,0.87642777,-1.922962,-0.22255287,-1.222442,-1.6132655,-0.22386311,-1.0863733,-0.6728595,0.42730716,0.33494812,-0.67743146,0.18431938,-0.2467688,-2.4836593,-0.45816073,-0.6058175,2.3814726,1.2323661,-0.5114857,0.2221819,0.9084721,0.22542298,-0.2693514,-1.0526998,0.3107717,-0.050770573,-1.3276951,-0.086626455
1268,0.8489287,-0.0032141667,-0.501405,-2.0271535,0.723803,-2.7173896,-0.11437655,0.20624003,-0.90851724,-0.21650887,-0.5434896,-0.08031528,0.41633552,0.07800055,-1.0784547,0.2566842,-0.8390882,-1.770698,-1.1144099,-0.5825481,1.3471307,1.6136482,-0.76722395,0.5220376,0.9177064,-0.26424536,-0.6289434,-0.8105837,0.6561369,-0.23693697,-1.567446,-0.91922826
1269,-0.044646457,-0.2762838,0.5946897,-0.27729282,1.5847968,-1.8221738,-0.22684123,-0.61125994,-0.23605864,0.9076321,-1.4322339,0.44942012,-0.19912599,2.0676272,-0.7984492,0.861449,-0.413812,-1.2712306,-0.19712329,-0.18690298,2.1441805,-0.913067,0.1408037,-0.42951298,2.0878735,0.41189456,-0.54729396,-0.55675924,0.79618365,-0.27140242,-0.8731917,-1.6491488
1270,-0.24062158,-0.13925971,-0.35449517,-2.557286,1.4804531,-1.8613036,0.20151731,0.6248086,0.710525,0.581578,0.027398119,0.81509703,-0.41287643,1.3018622,-0.8055972,1.1445503,-1.0456033,-0.32621035,-1.2105832,-0.0833451,1.8819729,-0.98816365,-0.21341634,-0.12107598,0.8472016,0.4565055,-1.1527547,0.2426609,1.2626489,-0.1489358,-0.41281897,-1.6902436
1271,-0.32878613,-0.029126981,0.35669416,0.6662024,0.7429765,0.6528304,0.86955184,-0.74936825,-0.56036115,2.1049626,-1.212168,1.4615036,-0.57040375,-0.06932521,-0.069747604,-1.8037201,1.3606647,-0.5379272,0.118873805,0.76665187,1.4407233,-0.47917685,1.7235943,-0.8217182,0.8358148,1.8509384,-0.871096,-1.8258712,0.03480778,-0.36016956,-0.31445614,0.103423774
1272,-0.73833394,-0.3021984,0.1780533,0.21264036,0.34497598,1.3561628,1.2985533,-0.47399217,0.0011817162,1.9503969,-0.9416027,1.4915117,-0.9516274,-0.7967499,-0.27238286,-1.8344458,1.4878323,0.24150884,0.4399637,1.3916423,1.234076,-0.45246983,1.4272735,-0.7747303,0.8784369,1.723332,-0.32174784,-1.5193512,-0.06054239,0.17739984,0.27784023,-0.012313513
1273,-1.1135027,-1.4530345,-0.6084211,-0.51608,0.021150732,2.2961977,1.3691558,-0.989907,0.101746865,1.1841303,1.0248611,0.3869706,-0.11783429,-1.6593194,-0.41260722,-1.8928881,1.3730038,0.36674747,-0.043117277,1.0046659,1.2549909,0.41200176,0.09893564,-0.15298034,-0.25118205,1.8312321,-0.11863358,-1.6652273,-0.01874634,0.6572423,0.24383686,0.4426253
1274,-0.63266855,-1.7396189,-0.84400374,-0.76471806,-0.43648708,2.1184938,0.80683506,-0.90139365,0.4640212,0.39190987,1.4024645,-0.5406492,0.13061567,-2.0429432,-0.6214123,-1.6036476,0.8628419,0.56781,-0.78766423,1.2469066,0.16086823,1.6648837,-0.6739111,-0.15502346,-1.0247672,1.2894652,0.2148046,-1.2208378,0.16793945,0.5249996,-0.12859312,0.008416294
1275,0.19856463,-1.529787,0.064423434,-0.91085595,-0.697848,0.6545438,-0.8102408,-1.1514363,1.3789148,-0.7099382,1.1447843,-1.3575898,0.18255961,-0.9556689,-1.0772209,-0.86078954,-0.23857163,0.66971,-1.0411022,1.4458686,-0.72640795,2.1092234,-1.8902906,-0.27052012,-1.0760894,0.639714,1.1130687,0.047152825,-0.084449254,0.7846151,-0.4358667,-0.57843715
1276,-0.8302447,0.0984214,0.17834656,-2.6293635,1.2410796,-1.4054902,0.17705347,0.53732854,1.0674424,-0.17433915,1.3836404,1.1525137,-0.47153255,0.6512697,-0.49576384,1.5822036,-1.0744084,0.13747488,-1.4451729,-0.6635098,0.942325,-1.1591555,0.28521785,-0.6164426,0.6997134,0.39488813,-0.82526815,0.523523,1.2130167,-0.3638257,0.22540024,-1.5948235
1277,-1.4048214,0.4394201,1.1077275,1.1473006,1.8667505,-1.9341328,-1.0555558,-0.5723704,-0.84822786,-0.5323051,0.47923827,0.6516914,-0.12118028,0.53719056,0.5170629,0.8914472,0.04228885,-1.6618404,-0.02159485,-1.5190254,0.6068754,-0.1702637,0.45209908,-0.568251,2.8448231,-0.39969802,0.48317266,-1.0578547,0.20359194,-0.11010745,0.45818216,-0.025310993
1278,-0.57856023,0.9822948,0.50602704,-1.6767088,1.5600389,-1.2555926,-0.6276401,0.942109,0.3210751,0.47497472,0.6558734,1.2074245,-1.1557924,1.0810132,-1.1327494,1.3928747,-1.1863528,0.4366795,-1.4239472,-0.34391785,1.2927549,-1.202574,0.50150955,0.41426638,-0.5073525,0.252214,-1.050552,1.1012751,1.8474314,-1.2183826,0.5912259,-0.533318
1279,-0.4803423,-0.72319037,-0.1588051,-0.15981784,0.42145404,-1.3929466,-2.0814574,0.5960182,0.4608249,-1.4573895,1.2477396,-0.34340137,0.3050982,-0.08448476,-1.2325544,1.4115689,-1.4282844,-0.6645701,-0.29149133,-0.10660238,-0.25903657,1.5936487,-2.1914644,1.173096,1.0199493,-0.5004977,1.3607258,0.69008785,0.272247,0.04354275,1.4816709,0.5657282
1280,-1.3953288,-0.49913177,0.2676991,1.2995415,1.190524,-1.5526335,-1.267326,0.45928335,-0.869838,-0.8050457,0.84297,0.22021332,0.23607472,-0.43815678,-0.78085923,0.83698505,-0.6343089,-0.6412054,0.6574848,-0.6106342,0.5841304,0.43315256,-0.739934,0.80138063,2.1960447,-1.4269813,1.5892779,0.0011330798,0.029068101,0.041621473,1.9069682,2.0893102
1281,-0.91640663,0.6926081,1.5954361,1.9975591,1.6403481,-0.96047497,-2.9259634,-2.1815686,-0.44470915,0.036058724,0.12892434,0.3626692,0.6232835,-0.07889111,-0.35098866,-0.4416828,0.37797016,0.03353444,-0.13440378,-0.83499134,-0.07443818,-0.21869406,-1.3072416,1.0013405,0.19635305,0.69433165,0.36422002,-1.1233586,0.11463674,0.4892069,0.6511879,1.390118
1282,-0.5605114,-1.0569082,-0.11361802,0.033827785,-0.22572464,2.6515832,1.3618522,-0.7774243,0.3277568,1.4334772,1.3830705,0.06333489,0.021415329,-1.1461077,0.04746342,-2.4858546,0.49619985,0.33735657,-0.39255384,0.16153938,0.6262011,-0.30988333,0.9962371,0.37511763,0.20816633,2.4548273,-1.0369412,-1.5192887,0.3016348,0.74565566,0.5253192,0.10022363
1283,-0.07103495,-1.7010103,0.46406972,-0.3695107,-0.53238356,1.6073241,-1.3192447,-1.6811122,0.8917207,-0.39925116,0.7555487,-0.6954936,-0.25252104,-0.8853723,-1.2581464,-1.2603828,-0.35681647,1.126811,-0.7679878,1.3704826,-0.30283266,1.7317517,-2.2760844,0.4044312,-1.1570827,0.2062624,0.77524036,0.62803614,-0.19432281,0.27661812,-0.004190118,0.9650289
1284,0.6723526,-2.2045314,-0.482141,-0.80021304,-0.27018598,1.1146246,-0.19895925,-0.82725537,1.1411643,-0.36403257,1.053463,-0.7369014,0.29401535,-0.5214213,-0.84538347,-0.7658088,0.12364714,-0.27858138,-1.1985468,1.7161555,-1.2183461,1.891177,-1.9929651,0.3360077,-0.8804302,0.48465222,1.3449291,0.04956966,0.26591358,-0.24805804,-0.7058055,0.05078751
1285,1.2570667,-0.89593697,-0.7874589,1.1721561,1.0069567,-0.61507314,-0.4121631,-0.008164218,-0.9108227,1.6597886,-1.9232926,1.0820066,0.04468324,0.7742496,-2.071422,0.28630626,0.6290077,-0.33116704,-0.33705518,-0.43144932,1.3908538,-0.70612544,-0.13035698,0.33243638,1.3526698,1.4651326,0.21707833,-0.7423444,1.269207,-1.297981,-1.1573972,0.33898848
1286,1.3049494,0.28961834,-0.20242748,0.9968234,1.4835415,-0.9952546,-0.53340447,-0.4712037,-0.64814097,1.1764549,-1.832121,0.9226403,-0.55183315,1.4902554,-1.7522312,0.76000625,0.115399316,-0.38434425,-0.42735508,-0.9414882,1.6002619,-1.1380148,0.5807046,0.08743211,1.5909904,0.8675588,0.007862581,-0.19941357,1.356236,-0.9215355,-0.68586165,-0.91682935
1287,-0.41833442,0.69344705,-0.025640624,-2.2711413,1.3998888,-0.648821,-0.04940872,0.48767206,0.631763,0.905441,0.48334825,1.5920129,-1.5666294,1.1456096,-0.93199295,0.44642046,-1.6066676,0.11398873,-0.80073714,-0.5803717,1.4749305,-1.4918804,-0.060451474,0.30140558,0.3929045,0.8962579,-1.4484535,0.43881813,0.93553835,-0.36129805,0.6956088,-1.1406343
1288,-0.64538026,0.4087192,0.9824115,-0.6938662,1.0021946,0.32892257,-0.3746963,0.43592015,1.0589563,1.3263495,0.31804866,1.6994123,-1.6282591,1.9500942,-0.6005549,-0.66143113,-1.5241476,1.022426,-0.31150606,-0.1684294,0.79841304,-1.7389238,1.0198164,-0.021907719,0.3091754,0.78198624,-1.8631794,0.570872,0.3979355,-0.5837338,0.24604927,-1.3824723
1289,-0.5579727,0.5978284,0.03672273,-2.4307702,0.62883514,-0.25967288,0.2240955,1.1634997,1.112258,0.5938764,1.0499381,2.129098,-1.3369548,0.8130269,-0.18777557,-0.5924598,-1.410871,1.173229,-0.44128817,-0.24655943,0.8752486,-1.2288686,0.061036065,0.21357471,0.3960783,1.0898416,-1.951946,0.36276612,0.04964569,-0.19446802,0.44642282,-0.7410487
1290,-0.552579,0.23513374,0.7938955,-1.3204203,0.37481648,0.87352115,0.20288405,1.13017,1.2708046,1.0733941,0.6574242,2.0555985,-1.4507594,1.6754425,-0.5754672,-0.61433077,-1.6334878,1.210143,-0.55201083,0.033885386,0.3896138,-1.5751107,0.8807138,0.03174988,-0.49809828,0.98352456,-1.6769272,0.4156545,0.004511064,-0.17876336,-0.1559281,-1.1566408
1291,0.42455196,0.8088503,-0.79081064,-1.2886884,1.1743839,0.12899518,1.2036306,1.4495687,0.879303,0.09184655,1.0696498,1.9196526,0.36487368,1.248638,-0.71659565,-1.0831114,-1.2951423,1.9976776,-0.9040468,-0.82036585,0.7876907,-0.67877257,-0.16931349,0.61797553,1.4172709,0.17431211,-1.5482601,-0.7250542,0.15007715,0.23773655,-0.18447736,-0.5866958
1292,2.803794,-0.8556639,0.09071695,0.29764834,0.10036497,0.3974704,-1.1081715,-0.7647103,-0.22705686,0.03545136,0.6734045,0.91623354,1.8973963,1.1422615,-1.0201045,0.76160586,1.4465185,1.6577429,-0.2291275,-1.5642997,-0.7186904,-0.13633272,0.29925293,0.88635594,0.8428383,0.27982184,-0.05193944,0.5963166,1.0225385,-0.43772522,-0.43432888,0.16364332
1293,0.5704597,0.04413337,-0.1808565,0.42724386,-0.6900886,2.8409767,0.4705946,0.4458671,0.111592755,1.5501907,-0.61645466,-0.12900366,1.2742329,0.81134886,-1.7199858,-1.1926303,1.4091642,1.8531286,-0.6604731,-0.5149529,0.35973027,0.21150807,0.5809767,0.5912705,0.18999836,-0.4146516,-1.7874355,-1.0215347,0.17673528,-0.0025663434,1.1979877,-1.447452
1294,0.32394904,0.94686407,0.120797895,1.5097332,0.8835709,1.757975,0.32432777,0.31657615,0.19496144,0.47339296,-1.1441956,-0.82953644,2.0128803,2.2620254,-0.37604156,-0.7215664,0.1492261,0.9788772,-0.57571375,-0.70780104,0.95782685,0.3472967,1.3426586,0.4657603,0.6094319,-1.1600186,-1.4400448,-0.79275745,0.34418198,-0.7756045,-0.26130217,-1.5708183
1295,2.3771553,0.17340904,-0.23688073,0.59187984,-0.48405477,1.0863909,-0.5972227,-1.5352987,-0.380366,-0.1071863,-0.48986328,-0.98535514,2.2608974,0.757706,-1.4335686,-0.0055188844,1.0744082,0.22177786,-0.49314004,-1.7403688,0.7830176,0.2861911,0.28582954,0.32397112,0.53791434,-1.1043396,-0.36621764,0.23486145,0.46928576,-1.8658806,-0.19779934,-1.1972193
1296,2.2031043,-1.9708924,-0.6715287,-0.88773495,0.029553102,1.5114017,2.0422027,-0.038230658,-0.0030054892,-0.3610556,-0.56058073,-0.6559358,1.1099973,0.5954816,-1.7620407,-0.48805368,0.9140624,-0.9491895,-0.85675555,0.5935831,0.29420283,2.0367405,-0.6106696,0.91776896,-0.2371934,-1.019829,-0.0956768,0.09663847,0.7232057,-0.6825088,-0.24512264,-0.63331515
1297,0.6169626,0.666172,-0.2990909,-0.8875375,1.3174894,0.38289768,1.4799776,1.0466218,0.5792363,0.230494,-0.8672024,0.5929981,0.6334321,1.7958872,-1.4786035,-1.2200531,-0.8537282,0.36269093,-0.923886,-0.508224,1.9831058,0.31922555,1.1970543,0.7393184,0.2555503,-0.29557353,-2.071813,-0.3072533,1.3562844,-0.7220238,-0.24474984,-1.317337
1298,-0.3482415,1.1641405,0.34048522,-0.2046067,1.0276302,1.0141376,-0.569547,-0.43846264,0.62792933,1.2356993,-0.1107341,0.6295896,-0.2623573,2.3863637,-0.20769012,-0.9072304,-1.3369161,1.1910822,-0.7892026,-0.47596288,1.3801137,-1.1559912,1.7002228,0.1696025,0.29288727,-0.28288236,-2.133857,-0.03511589,0.22566205,-0.8110537,0.30636072,-1.6256413
1299,0.58593816,0.68212783,0.48359117,1.4535801,0.9648796,0.1992479,-1.1397872,-1.4610627,-0.5221804,0.74539787,-1.1985298,-0.12591532,0.6000548,1.9039745,-0.98132265,-0.9473203,0.012826885,-0.03314372,-0.099685594,-1.4656289,1.6209484,-0.7118138,1.4951215,0.8854765,1.2989974,-0.59001005,-0.83566564,-0.5253628,0.26326472,-0.9006322,0.59883004,-1.4348474
1300,-0.14925529,-0.73093843,-0.3417224,1.1878067,0.36942008,1.6996241,-0.030876465,-0.54396886,-0.8062857,2.2763057,-0.45968905,0.22646178,-0.1952879,-0.20632155,-1.5900778,-1.8612164,1.3207144,1.2707572,-0.65786767,0.10806728,1.1331108,0.56199765,1.2413149,1.3625059,0.012290621,-0.8185857,-0.091416046,-1.0370524,-0.11265849,-0.19999915,1.635788,-1.3006122
1301,-0.7814629,0.20863236,0.05565913,1.6114122,1.7061927,-0.11776959,-0.63896143,0.26328433,-1.4870026,1.3937814,-1.6803263,-0.582773,0.12229963,0.5481875,-0.7163892,-0.3205504,0.075948134,0.037633922,0.1225494,0.18697047,1.6073775,1.0326813,1.2476835,1.0600337,1.3406746,-1.3791351,0.8768146,-1.0625248,-0.5114156,-0.736633,0.98780286,-1.8130599
1302,0.05444221,-0.37395763,0.14197089,0.9217906,1.6931833,-0.59185904,-0.20636821,-1.5392432,-1.4107059,0.4720836,-1.3278514,-0.18190342,0.081637,1.2410115,-0.43596098,0.4104915,-0.010875915,-2.1361394,0.6571808,-0.5537103,2.847429,-0.37152192,0.9919111,0.3249423,1.2864736,0.702755,0.123772904,-0.901719,-0.12315811,-0.31770515,0.09875605,0.36797863
1303,0.7520175,-1.0205356,-0.2934984,-0.37517357,1.6530589,-0.9283134,0.20726083,-0.5906659,-0.8920654,0.47423333,-1.447883,0.26590177,0.52915454,0.8653833,-1.6553924,1.1416537,-0.2270024,-2.0193386,0.09768231,-0.45258373,2.5514657,0.32003158,0.046034977,0.45560533,0.9092111,1.7209394,0.82835084,-0.7020341,0.44656137,-0.27918047,-0.98640895,0.70849043
1304,-0.054233678,-0.6113764,-0.1190321,0.381155,1.7356285,-0.8231953,-0.0011949937,0.36780697,-1.0526867,1.0724208,-1.974968,0.5078205,0.33842018,1.0996706,-1.5138698,1.1872436,-0.020395413,-1.3388107,0.62873274,-0.19591013,2.090316,-0.021027662,0.25973532,0.39210278,2.0241914,1.2479507,1.050505,-1.3346189,0.017642915,-0.10796709,-0.88362366,0.047026675
1305,-0.28049892,0.12654275,-0.14826784,-2.0290883,1.8235965,-1.4064056,0.24945913,0.8828605,0.098321445,0.49139035,-0.20952545,0.8277299,-0.639402,1.6078633,-1.1800696,1.8606704,-1.0817746,-1.1905736,-0.57928973,-0.37599054,1.9009206,-0.58515626,0.20894122,0.14189714,1.152163,1.4838482,-0.6508142,-0.6156141,0.8540819,-0.14439093,-0.7830826,-0.80441815
1306,0.124524996,0.30942798,0.7340114,-2.223595,0.50927836,-0.25001,-0.48076728,-0.069139965,0.684554,0.1515195,0.8777547,1.6309961,-1.1640685,1.2284937,-2.0352268,1.2052672,-1.8684694,-0.07230184,-0.8705721,-0.8371178,1.0529088,-1.5590286,-1.0691564,-0.08076854,0.028685842,0.5004505,-0.7907326,1.0041188,0.77597183,-0.37067166,-0.6047071,-0.30397767
1307,-0.6461949,0.6888163,2.0774097,1.6155982,1.7985754,-0.09794377,-1.672646,-1.3176568,0.10252344,0.52617013,-0.7620528,0.91853637,-0.9320068,1.4794545,-1.2556056,0.5044205,-0.7871902,-0.9792245,0.13987589,-1.1524838,0.6853928,-1.5298715,-0.79702246,-0.20128624,1.199371,0.87685466,0.32235786,-0.74128735,0.095195435,0.3160787,-0.46201903,0.71465635
1308,1.1787037,1.262864,-1.1141385,0.82474333,1.7553436,-0.46030352,-1.6632531,-0.3129467,0.32512483,-1.2581418,0.8865748,0.27918574,-0.0673126,1.8349752,0.740337,0.27069914,-0.73435193,0.2833003,-0.9040435,-0.7950322,0.45460203,-0.055650268,0.9930659,-1.0978787,1.188362,1.3010341,0.4321859,-0.2194323,-0.8141188,-2.0899842,-0.39772132,1.5355494
1309,-0.8786624,0.09133963,-1.4312601,1.3414516,0.32154828,-0.5677166,-1.0715499,1.6202214,-1.2891089,0.2197889,0.7509773,-0.52692205,1.6875981,0.654013,0.8236362,1.0397258,-0.5351869,-0.6395091,0.41267478,-1.6398646,-0.10956163,0.29629904,-0.14569059,-0.12659645,2.1377661,0.112551875,1.3201567,-1.2233583,-1.2183235,-0.39858332,0.065499306,1.4203846
1310,-0.093523696,0.1956469,-1.15428,1.7573512,0.6035606,0.31586277,-1.8367995,0.6747097,-0.39896724,-0.9309036,0.32164168,0.079707436,0.84362155,1.5479095,1.4598927,-0.08564278,-0.39905876,-0.041409798,-0.0024825009,-0.64221746,-0.20669293,0.33894405,0.87531334,-0.5395098,1.3248303,0.8474992,1.2501347,-1.2081231,-2.4521346,-0.92050236,-0.3498109,2.0931067
1311,-0.49069116,0.37079385,-0.7504964,1.7584121,0.9338326,-0.13906732,-1.5298079,-0.60076255,-0.75593114,-0.006962874,0.27134687,-0.45175126,0.73443264,1.1175575,0.79756737,0.62305766,-0.75932014,-0.7681116,0.17197028,-2.1733003,1.07686,0.4133276,-0.04889182,-0.36833748,2.1402457,-0.3944085,0.7346891,-1.0001792,-0.9216943,-1.203382,0.49709263,1.4469867
1312,-0.31246963,0.7133492,1.4758533,2.0903766,-0.26122808,0.2605197,-0.9360515,0.0510137,-1.1101578,2.0563629,-0.3677732,0.284739,-1.3886291,1.6852677,0.057133444,-1.6300874,0.032691505,-0.6504343,0.36416396,-0.6444808,-0.2808557,-0.58452123,0.77233976,0.48722517,0.13173927,0.7909487,-1.145318,-0.6855231,-1.2569252,1.223986,0.6306496,1.5566752
1313,-0.4270801,0.026711658,-0.6923125,1.4446459,1.1705265,-1.0269287,-0.7918981,-1.4230402,-0.54686576,0.14585893,0.6012636,-0.114239044,-0.13053478,1.6854081,0.9709872,0.5734633,-0.53548694,-1.5493041,-0.56936383,-1.7402861,1.5266321,-0.9350072,0.6437002,-0.9282031,1.9025494,-0.7754302,-0.7544585,0.10599078,-0.3181864,-1.381278,-0.1678475,-0.0640728
1314,-0.9217448,-0.38893116,-1.0237992,0.31141552,1.3880192,-1.6724404,-0.6734567,-0.8223737,-0.6735259,-0.47465697,0.8066423,-0.006182912,-0.19469646,0.95964664,1.5712329,0.70476484,-0.63871104,-0.4830943,-0.42796227,-1.3338126,2.0204377,-0.40612254,-0.3545034,-0.7967746,2.1621668,-1.4104965,-1.1279057,-0.09642204,-0.76679,-1.7504168,0.41464385,0.36378562
1315,-0.59970486,0.3311937,-1.3795307,-2.3454096,0.58139706,-0.4939247,1.2081944,0.9798152,1.3898228,0.0012606111,1.5044035,1.2318687,-1.1927832,1.4910955,-0.1293678,-0.09638575,-1.4228804,-0.00076608994,-1.4915268,0.0629734,1.3835288,-0.43302855,-0.03224675,-0.90190667,0.35543922,-0.045352828,-0.8534199,0.62916374,-0.12990084,-0.10339126,-1.2322657,-0.10218135
1316,-1.1510614,-0.16696271,-0.998074,1.42185,0.34121433,-0.6913682,-0.3192344,1.168307,-1.0394391,0.8057835,0.45940462,0.5635433,-0.2509445,1.8965974,0.6846154,0.7516476,-0.6551367,-1.7168583,-0.25358903,-1.46958,0.016263498,-0.7344486,1.0558436,-0.3890661,2.3271792,0.33548853,-0.06578644,-0.51442295,-1.1433061,0.11935494,-0.93264115,1.3618957
1317,-0.7344393,-0.5781774,-0.8366186,2.3822656,0.2885685,0.83187324,-1.8661209,0.6342949,-0.10025097,0.94160527,0.124311954,0.5814883,0.17514919,0.42853585,-0.4991856,0.037920002,-0.26605275,0.8701093,0.4586492,-0.68465,-0.79089934,0.057880353,-0.37770668,-1.2086959,0.65596735,1.3147578,0.60152173,-2.3480854,-1.7144672,0.086713545,1.4318016,1.4387106
1318,-0.92297,-1.7388582,-1.0183178,-0.0038433303,0.3908003,0.91236115,-1.1530828,0.9320678,0.47231758,-0.7631472,0.7618821,-0.81227314,0.8626794,-0.6487322,-0.6960026,1.3101988,-0.9875982,0.81362504,0.34754696,-0.45640022,-0.75857425,1.927138,-1.421269,-0.20458223,0.703968,-0.6852746,0.931844,-1.8346591,-0.98036593,-1.5604706,1.5337756,-0.28622663
1319,-0.49463806,-1.264282,-1.2702024,0.56005704,0.35015702,0.9337561,-1.1002264,0.60453314,0.2694344,-0.54948795,1.1981663,-0.2597171,1.3267454,-0.7323336,-0.77434003,1.2340443,-0.80700845,0.71525043,0.09889294,-1.0113654,-0.9099499,1.5367035,-1.3334718,-0.35349494,0.89631,-0.98590547,1.3822029,-2.1506262,-0.8192261,-1.440599,1.2422036,0.050463587
1320,0.5701528,0.27877727,0.14086272,-0.33589363,-1.4812328,1.4130611,0.68985033,1.5091304,0.47473538,-0.25407436,0.6739493,-0.82031596,0.80643064,1.6551801,-3.2630994,1.6413586,-0.4431628,-0.7561622,0.8736319,-0.021848194,-1.0548353,0.84448594,-0.9170405,0.32227075,-0.29834542,0.9084425,-0.04825379,-0.60514873,1.2246286,-1.7444043,0.011260198,-0.058091342
1321,0.6518772,0.9128743,0.14021015,0.71117055,-1.0039581,1.1502167,-0.6115741,-0.20601037,0.5412348,-1.4457436,0.28680298,-0.28052703,1.7729493,2.0139518,-2.3425825,0.82627445,-0.5510591,1.0233198,1.2960528,-0.6103177,-1.0643653,0.8710367,0.059127826,0.08562261,0.42449176,-0.9710513,0.43329957,-0.6557902,0.48832107,-1.7549095,0.6773259,1.6902436
1322,-0.13781773,-0.556067,0.24019592,0.66410667,0.5510318,1.9958752,-0.24259928,0.10072663,-0.5809901,0.27563316,0.14493461,-0.03322722,0.4608085,0.8366035,0.18437207,0.3123885,0.5578053,1.4310126,1.360421,0.42181438,-0.3305428,0.580771,1.0541502,0.15175399,0.6093527,3.4495356,-0.5396937,-2.473053,0.13021226,-0.58936024,1.1524029,2.0606756
1323,0.7080941,-0.6957225,-0.46149746,-1.0247463,-0.13212167,1.472866,0.2459538,0.85261613,-0.81923854,-1.1694927,0.5794685,-0.9128001,0.18338491,0.53645784,-0.38777268,1.0292717,-0.44083825,0.075887494,0.57099134,-0.36944705,-1.112792,2.236699,-0.45554084,0.24936563,0.043612096,2.2726755,0.54481024,-2.4024699,1.5009546,-1.6259931,0.5598895,0.7238489
1324,0.25038174,-0.45154145,-0.33292553,1.37393,0.71600705,0.8824135,-0.20981108,-1.2565812,-0.3022224,-1.4769005,0.5612878,0.7232663,1.4257516,1.2773132,1.0450579,0.08584652,-0.30290186,0.9994156,0.90989995,-1.2813474,-0.70009744,0.9400257,1.3765246,-0.514895,1.4837261,1.465969,0.3680108,-1.7373033,0.8363691,-1.3030401,0.2371362,1.5244834
1325,-0.35816926,-1.095956,-0.6111243,-0.27793863,0.9291836,-1.0375808,0.31353518,-0.6835408,-0.83266103,-0.13989836,0.7592123,1.0176891,2.4640272,1.8899888,0.043104757,0.9012508,-0.11778147,-0.33056152,0.8452877,-1.6013299,-1.0880691,-0.04010958,0.31127024,0.44473547,1.5320464,-0.53713214,-0.37131757,0.7849897,1.9123563,-0.51937926,-0.18031059,1.4407896
1326,-0.6653889,-0.51088196,0.5212951,-0.73005146,-0.44648698,0.5038636,-0.5953267,-0.80923253,-1.4511281,1.6576936,0.38932773,0.18948996,0.3138881,0.055669323,0.42131752,0.2745763,1.0834225,0.7682356,1.8990655,0.58525217,-0.84433043,0.41886258,-0.104854256,0.7592828,1.22798,0.46935022,-1.0666267,-1.4605638,-0.44564,1.4144326,2.823167,1.3642551
1327,0.53580207,0.4264898,-0.6309589,-2.5129077,-1.6740412,0.16136114,-0.9602076,0.8202922,-0.36066598,0.12982744,0.14682275,0.26867127,0.7226532,-0.4139572,-2.0313425,2.2215335,-0.02911347,-0.5552398,0.8916813,0.008844327,-1.7938415,1.3813459,-1.4881293,0.18227303,-0.020608133,-0.8368586,0.6757787,-0.4367989,0.51304287,-0.52964956,0.9685317,0.8450435
1328,-0.18376654,-0.9557062,0.37817213,-0.4390647,-0.77370006,1.3631636,0.059568983,0.7002809,0.080433816,0.8689528,-0.079235055,0.89094657,-0.68371636,0.09291797,-0.5705299,-0.25196773,0.5416495,1.7019866,1.4403478,1.2645588,-0.37239194,0.06525408,1.312673,-0.4363311,0.5555693,3.4055734,-1.1252713,-1.2262315,-0.523843,-0.40675974,1.2956431,1.7778906
1329,0.33406818,-1.0957384,0.20423302,-0.45357558,-1.1948918,1.0975908,-0.40906835,1.0292954,-0.3829893,0.07492862,-0.20042929,0.2992848,-0.7078167,0.064607605,-0.38087323,0.81048316,0.3061609,1.5583622,1.6329477,1.6165086,-0.9920129,0.21805143,0.5682751,-0.6023735,0.6409029,3.447734,-0.9650805,-1.0475386,0.1623854,-0.9368484,1.282776,1.1291511
1330,0.42302224,-1.6093484,-0.3658832,-1.8118129,-0.5737,0.59444463,0.35349774,1.6598443,-0.57310176,-1.1889554,0.10203678,-0.70555085,-0.55026674,-0.14684933,-1.6123581,1.4807814,-0.6075759,-0.58226573,0.19909757,0.72937065,-0.47245574,1.6952026,-1.8190631,0.10522776,-0.2749344,2.1552038,0.65488106,-0.066673845,0.84818023,-1.7002661,-0.46763363,0.07061266
1331,0.050300907,-1.2541772,-0.30151376,0.69759804,1.1451006,-0.37008283,0.7142072,-0.47333378,-0.89524573,-1.161943,-0.009901267,0.9207764,0.80709094,0.6351094,0.48155707,1.2509999,0.10748794,-0.2438066,1.2208556,-1.0346528,0.15457584,-0.14753023,0.8190582,-0.57883465,1.9248129,3.0286667,0.39633366,-0.44095004,1.4865178,-1.977803,-0.5077955,1.4693165
1332,0.1988815,0.73213303,-1.5380552,-2.206257,-0.13954154,-1.4128633,-0.30960277,0.22748762,0.15141374,0.71940935,1.0507553,2.5784667,0.1909048,0.6264651,0.07380293,0.9162654,-0.96165246,0.96214074,-0.79599243,-0.14919393,0.0140158245,-0.6918309,0.6316246,-0.39174843,-0.3297355,0.1910262,-0.30259636,1.6096325,1.2195342,-1.9641123,-0.40718147,0.47869152
1333,0.03966368,0.33195183,-1.2624183,-1.6373432,0.6800782,-1.6720396,1.1086054,-0.58665484,-0.4198249,-2.5524864,1.5252466,0.62852395,-0.83670586,0.54870653,1.4728657,0.34367248,-1.0942944,-0.47884417,-1.0865954,-0.29763922,0.78712696,-0.059373632,0.7433993,-0.947338,1.312629,0.8618284,-0.99300635,-1.0217816,0.33595315,-0.17235088,-0.5309773,0.26131356
1334,-0.6728031,0.24314193,-1.2076143,-1.6104647,0.7221869,-1.2722621,1.1456759,-0.54003996,0.062150992,-2.4024909,1.7788227,0.6463316,-1.2796614,0.81899977,1.4773425,0.33181566,-1.4316624,-0.13757668,-0.9981956,-0.18267894,1.2189747,0.16495907,0.3707096,-0.89582384,0.7259042,0.1802847,-1.359026,-0.44174534,0.40958458,-0.4426524,0.1309311,-0.44603333
1335,-0.55603004,0.25297055,-0.7698259,0.46476403,0.74681395,-1.894449,0.5623684,-0.6967144,-1.2934756,-2.9648557,0.30933136,-0.46046266,-0.6514042,0.41110376,1.6340578,0.4041727,-0.37083653,-1.3756155,0.44316036,-0.3125818,1.1514802,1.205122,-0.32134303,-0.44038975,1.8789225,-0.2015713,-0.03572122,-1.5412177,-0.3266258,0.54336786,-0.16601181,0.18452117
1336,-0.06426169,0.64573187,-0.8493403,-2.5375485,0.27427226,-0.31427127,1.3473513,0.25423068,1.4169933,-1.2774507,1.8232083,1.3985524,-1.138774,0.8399489,0.22876967,-0.5026916,-1.605714,0.38224164,-1.6492132,0.17445524,0.69815123,-0.38385582,0.42128196,-0.8998756,-0.068181664,0.48356095,-0.96459955,0.30169398,0.43624613,-0.018658487,-0.7237288,-0.08692114
1337,-0.5828436,0.54839814,-0.9150993,-2.2051878,0.39290053,-0.33791104,1.2620312,-0.21190083,1.3564637,-0.9011407,1.6988515,1.5021346,-1.1711797,1.0228286,0.70668787,-0.14015482,-1.6185026,0.450974,-1.518677,0.13369551,1.0641506,-0.7176905,0.7764661,-1.0075722,0.10081934,0.6356521,-1.3891406,0.48589712,0.21838136,0.017926268,-0.3724712,-0.14962551
1338,-0.97635084,0.5525687,-0.6240871,-1.6582534,0.40785652,-0.21484578,1.160763,-0.42621604,1.3715576,-0.8017826,1.5484784,1.4070705,-1.3332189,1.2980795,0.89323425,-0.114035435,-1.8080367,0.15855376,-1.2975641,0.12872413,1.0979986,-0.93128145,1.2327265,-1.1390922,0.5050563,0.63764495,-1.4346662,0.4267372,-0.22867185,0.072348826,-0.4520667,0.02071948
1339,-0.9217543,0.50936735,-0.757774,-2.1883667,0.32074898,0.018799482,1.3221712,0.19603848,1.4674926,-0.6026205,1.6400483,1.560836,-1.2234659,1.0202115,0.6762406,-0.30408874,-1.6495049,0.44567898,-1.4164287,0.31786475,1.0563792,-0.67991656,0.6502814,-0.7772681,-0.21557902,0.41585702,-1.6549606,0.55481195,0.119444065,0.11155276,-0.107904434,-0.4143117
1340,-1.3380507,0.36006323,-0.057248473,0.5715846,0.97270197,0.031339202,0.6403814,-0.9835061,0.5477198,-1.0182992,0.37929586,0.84815466,-1.0472074,2.024113,1.3992434,0.4983338,-1.8812616,-1.0795135,-0.80690765,-0.003108561,1.4383397,-0.16147177,1.8363851,-1.0224096,1.2172211,-0.1307336,-1.7673119,0.026585754,-0.5072555,-0.16815108,0.061145525,-0.51194173
1341,-1.5511035,0.20939402,-0.059835654,2.0439146,1.0325578,-0.5202772,0.33499068,-0.29674146,-0.4553709,-1.7953885,-0.862724,0.4802157,-0.60248935,1.5898004,1.3666186,0.025961358,-0.78977484,-1.211867,0.7634207,0.107203364,1.3839537,1.3534746,0.18925865,-0.38269088,1.8017162,-0.964711,-0.5475629,-1.0412719,-1.1523871,0.57730156,0.18629827,0.1347138
1342,-1.168931,0.20275123,-2.1916592,-0.5736354,1.1546859,-0.51587987,0.27837947,1.675244,0.08889967,0.43132696,1.9652636,0.7783361,0.16151252,1.490784,0.49430653,1.0535985,-1.0419252,-0.01478221,-0.97697306,-1.1823599,0.92139465,-1.2301149,0.7740124,-1.1683484,0.99393165,0.7411195,0.6015165,-0.26829293,-0.3722629,-0.6205614,-0.51292855,0.8835383
1343,-0.44675598,-0.36862686,-0.3694291,1.2622678,-0.5263113,0.21279365,-0.8591339,2.2794857,-1.9419686,2.2836137,-0.4170494,0.031989288,0.11369673,0.6128865,-0.16265339,-0.6940848,0.3889819,0.13176829,0.44024906,-0.59080976,-0.9104877,-0.84604216,0.4398216,0.45891044,-0.36015585,1.2506764,-0.9915283,-1.8646742,-1.0532181,1.1128578,1.107757,1.188361
1344,-0.98560214,-0.40993786,-1.4607735,-0.15675315,-0.5272924,0.579093,-0.91226995,2.5034552,0.33403027,0.024152866,0.4941721,-1.126807,1.7342482,-0.7825931,-0.924026,1.6637063,-1.0380399,0.32742196,-0.048670173,-0.1305898,-1.3428416,1.9304333,-0.9235227,-0.41416773,0.05506197,0.28837568,1.1669955,-1.3833896,-1.2851199,-0.67788553,0.47687912,-0.25074586
1345,-1.3805361,-0.3805417,-1.7905959,-0.95257384,1.1545354,-1.0613564,0.081815705,0.5884473,0.24351041,-0.5648478,1.9217665,0.60840976,0.18214794,0.9578382,0.9304796,1.4665949,-1.1303829,-0.5065004,-1.4321742,-1.339279,0.97718424,-0.75182617,0.52199894,-1.2664611,1.3869828,-0.12554762,-0.43817148,0.042052537,-0.69581807,-0.3097989,-0.78390783,0.93966866
1346,-0.29282933,-0.20992717,-0.3222092,1.183014,-0.8591525,-0.022139102,-0.69699556,2.1372514,-1.8635992,2.0721478,-0.37061715,0.62566036,-0.23417255,0.2126393,0.039171096,-0.8745758,0.72421604,0.01911489,0.29957575,-0.38429934,-1.4534234,-0.67533803,0.516945,0.49575847,0.08925356,1.1288139,-1.112697,-1.7819606,-1.208977,1.5017424,0.6541915,1.576688
1347,-0.34359977,0.2585392,-1.3049269,0.20222524,-1.2566072,-0.5463006,-0.49401405,3.5327637,-0.2855888,0.55455625,0.55479896,-0.4558274,1.4442677,-0.17050149,-1.0237845,0.24677731,-0.24022186,-0.07384196,-0.10718878,0.17574492,-2.269613,1.3149856,-0.6190957,-0.5111151,-0.023325486,0.4641524,0.7648993,-1.1904081,-1.5337417,0.27200952,-0.4678336,0.9573573
1348,-0.61087835,0.2762428,-0.42282525,-0.24576987,0.3810652,-1.5100702,0.17995623,-0.5818695,0.10117899,-1.1922908,1.7570875,1.3855917,-1.0009408,0.49571997,0.52082676,-0.50713784,-1.1717666,-1.3017869,-1.2315576,-1.618566,0.57031405,-0.5253954,-0.7456254,-1.0409867,1.8961753,-1.377152,-0.7536236,-0.15582265,-0.86406404,0.23877154,-0.72305727,1.4975941
1349,-0.32365233,0.33437026,-0.040659305,0.18624085,0.019998025,-0.22619426,-0.61020505,1.062759,-0.65863496,-2.082256,0.100105695,-0.023838915,0.0051013376,0.892178,-0.12767592,-0.30163682,-0.20072508,-1.2189921,-0.9866535,-0.3590488,-1.1192346,1.2470016,0.7344407,-0.45546284,0.3778506,0.49393758,0.93716943,-1.5617086,-1.9363669,0.4104778,-2.274032,2.5673943
1350,-1.8199215,0.253354,-1.1721123,-1.5665367,1.1119587,-0.86730576,0.71529245,0.4700899,0.9902418,-0.43188295,1.9945816,1.1839598,-0.7746807,1.1543963,0.7040874,0.06114318,-1.2835342,-0.0827657,-1.527861,-0.37931347,1.1568388,-0.9152515,0.81780005,-1.0185012,0.6266313,-0.16493502,-1.2342427,0.5792237,-0.5514152,-0.08756594,-0.78771716,0.44428504
1351,-0.47346038,-0.3814855,-0.24429771,2.070334,-0.28330433,-0.8964232,0.26642612,0.6532121,-0.689523,1.474451,0.22414672,0.84427124,-0.6214762,2.0585525,0.17129417,-0.71475434,-0.36214206,-1.4268632,-0.8030589,-0.87426436,-1.4076047,-1.4058257,1.4504846,-0.38318303,0.8737363,-0.03461822,-1.1416513,-0.40950856,-0.7222767,0.9004712,-0.9938044,1.1785456
1352,-0.3569311,-0.4159121,-0.16991831,1.1454626,-0.89494646,-0.3571265,-0.621104,2.12047,-1.7979165,1.8289006,-0.6671033,0.7606522,-0.62239057,0.2170125,-0.07124158,-0.93571025,0.94048965,-0.028955488,0.34676445,-0.19462328,-1.3608754,-0.38218504,0.6610842,0.26679707,0.23963304,1.004908,-1.0740663,-1.4063425,-1.5059549,1.4440489,0.11727166,2.2272902
1353,-0.15091878,-0.25134608,-0.5622804,-0.06758242,-1.263606,0.093812376,-0.503588,3.3306348,-0.2616083,0.3725358,0.573332,-0.27123228,1.1740549,-0.63218075,-1.4718109,-0.13103944,-0.20588247,0.44290122,0.057382647,0.3472661,-2.3149338,1.8957318,-0.6553266,-0.026430352,-0.23501806,0.3070942,0.97759163,-1.0775957,-1.4023165,0.47800022,-0.57458645,1.2401052
1354,-0.57924825,-0.016352009,0.41720724,0.09506315,-0.11837152,1.444099,-0.91483694,0.13245678,-0.70616376,0.7277353,0.29174545,0.1333082,-1.3369691,-0.030549115,0.53875715,-1.4795752,0.8972753,0.5297049,0.7435848,1.1208858,0.33037204,0.38172472,0.31812373,0.18015572,0.009881934,1.9465077,-0.6909317,-2.1181262,-2.067266,1.0207933,1.8371301,2.3015397
1355,0.014807277,0.4483326,0.43232775,-0.9773255,-0.6581796,1.3575021,-1.0835695,1.1022449,-0.6026184,-1.0406566,0.16277869,-1.5934389,-1.0997193,-0.62242824,0.9223265,-0.22172329,-0.07922936,-0.040772,-0.09525302,1.315361,-1.5166085,1.8362325,-0.93807477,-0.23874815,-0.44603494,0.78251135,0.69317126,-2.4575346,-1.3312224,0.22405005,0.9081135,0.93089414
1356,0.7597469,0.14311717,-0.114666924,-1.8456473,-0.54276854,0.079549514,-0.031906303,1.5623561,-0.49001023,-2.1904142,0.70027256,-1.7261199,-0.14496364,-1.0234389,-0.043943297,0.23415005,-0.43779865,-0.5430766,-0.7209737,0.5016664,-1.2862644,2.1041503,-1.31136,0.15533419,-0.76731324,-0.021745367,1.0787219,-1.7297252,0.092297554,-0.01950565,-0.58348227,-0.28036368
1357,-0.098347366,-0.059712894,-0.6571496,0.4725879,0.52526146,-1.7040913,-0.36953464,-1.5412998,-1.6749443,-2.076464,0.37252042,-0.017102273,-0.045955963,-0.0037257622,2.0735285,0.38309714,-0.141671,-0.823586,-0.1319602,-1.1786295,0.19380845,0.6009225,0.6669798,-0.544059,2.225434,0.110917054,-0.33825257,-1.6882117,-0.7345165,-0.43673867,0.39748994,1.6682776
1358,-1.3593404,-0.41155428,-0.6668328,-0.2774955,0.59404993,-2.1754963,-0.16181643,-1.0134078,-1.6603115,-1.5548228,1.4046763,0.32396334,-0.025815064,-0.48499933,1.8727897,0.19820178,0.107385926,-0.6201179,0.027049424,-1.4718379,0.87099,-0.260859,-0.1926957,-0.4060724,1.945419,-0.4883437,-0.7339936,-1.1555706,-0.47439134,-0.796263,0.5121263,1.0164759
1359,-0.62874776,-1.4728069,1.0197544,0.3937656,1.0126754,-0.4941363,0.7990773,0.17121138,-1.2164401,-0.8771809,0.13754454,0.8588985,1.9210168,1.0202078,-1.2818575,0.181677,0.5689598,-0.17420542,0.9368654,-1.3207512,-0.9209642,-0.52712756,0.56736076,0.22003989,1.2396097,1.5605981,0.13829617,0.69887185,1.2840499,-1.78085,-0.97373617,1.9220315
1360,-0.9858951,1.7271938,2.1635516,0.34151798,-0.95019114,-0.4167979,-0.106588796,0.6762791,-1.4675863,0.66915387,-1.2049491,0.48691884,-0.49168608,-0.93597883,-0.23501955,-1.9332054,1.258973,0.06204355,0.4725485,-0.58332497,-1.0865113,-1.8563172,1.3970728,-0.46070874,0.78617954,0.5782972,-0.21663032,-0.1714685,-0.42283738,-0.08502504,-0.52191484,1.6546319
1361,-0.78853995,0.10872804,-1.259304,0.40155968,0.41747293,-0.006752305,-1.6067783,-0.3130953,0.27895743,-1.2477407,0.936049,-1.3168881,1.04457,-0.21167867,0.5901338,1.3402791,-0.7892723,-0.19005793,-0.3470748,-1.475521,0.2157599,1.8300759,-1.4751275,-0.9147607,0.8310559,-0.7281476,1.3481033,-1.3276061,-0.9807332,-1.4817734,0.960759,0.037238885
1362,-1.3699872,0.20027871,-0.86309487,-1.7016643,1.056369,-1.2873503,0.64852834,-0.35291737,0.41330415,-0.8628756,2.1595032,1.0945796,-1.2161375,0.6912777,1.195395,-0.3648859,-1.096843,-0.12338053,-1.1722221,-0.5188835,1.568895,-0.9128283,-0.22394527,-1.0612099,0.93150556,-0.4824075,-1.5081526,0.27322006,-0.08944341,-0.76709056,-0.020937396,0.17906399
1363,0.5689806,0.93379486,-0.13830808,-1.1434952,1.3655593,-0.1854418,-0.1735113,-0.5333679,1.3270514,-0.9144499,1.5045936,1.084896,-1.4184268,2.2962298,0.55035454,-0.39163792,-1.4007318,0.49293748,-1.438523,-0.10605895,0.822737,-0.40125656,1.2864332,-1.2450658,-0.41747317,1.1153702,-0.05996967,0.37299138,-0.5711584,-0.8848631,-0.8116284,0.6482092
1364,-0.44901738,0.61710674,1.5190926,1.6577702,1.1861033,-0.64456385,-1.1797782,-1.1199455,0.38528243,-0.31775472,0.3257524,0.5717168,-1.6080734,2.74964,0.6639069,-0.8573251,-0.90367264,-0.9378933,0.33716944,-0.3064235,0.43580365,-0.31717804,0.94778275,-0.6157524,0.34814852,0.32696533,0.28737593,-0.14427154,-1.7436341,0.37672958,-0.7258136,1.4868823
1365,1.1055182,-0.03974931,1.6941404,0.06150901,0.4346873,0.34911945,-1.095319,-0.7433052,0.80704063,-0.79618293,0.46138176,-0.32659504,-1.0630819,2.225102,-0.48766172,-0.510502,-0.24902923,-0.87449074,-0.080754615,0.49728462,0.3051692,1.7741445,-1.2106127,-0.22589274,-0.6441539,-1.1485474,1.908988,0.27437055,-1.4173694,1.0016555,-1.2462776,1.5760272
1366,0.023469245,-0.044365734,1.3464038,1.154823,0.9181829,0.9030748,-1.7570676,-1.5535028,-0.47950757,1.1435615,0.7204656,0.3263015,-0.91093355,1.7964531,0.06196292,-1.0321872,1.2018965,-0.071621604,0.22315706,0.38051385,1.2898068,0.0041840374,0.59955233,0.7461282,-0.44652534,-0.26850188,-0.116129205,0.027194645,-2.1146233,1.5753999,0.5250004,2.087185
1367,1.3159535,-1.1555654,0.33265063,-1.5852265,-0.5033742,1.2685034,-0.25520474,-0.14625861,0.5191588,-0.7207967,0.83729684,-0.78741485,-0.9664752,0.7770266,-1.3990667,0.07375765,0.2474628,-0.72574174,-0.6421325,1.783134,0.41295773,1.7329307,-1.8065444,0.35782045,-1.2188522,-1.2507945,0.9872673,0.51461303,-0.84512323,0.6487563,-1.0350729,0.3812831
1368,2.2992764,-0.71062106,0.4767729,-1.0094556,0.33229113,0.17685221,-0.7377085,-0.31764668,0.30000532,-1.0760376,0.84489006,-0.12699121,-0.14370306,1.4509404,-1.6337686,0.40082526,0.7920671,-0.62637275,-0.6121158,0.81360507,0.30476972,1.6528629,-1.2428489,0.5222587,-1.0028738,-1.0114883,1.9505069,0.52264464,-0.8570823,0.30590016,-1.5554501,0.9675269
1369,0.78144085,0.010361696,-0.51270944,-1.6176535,1.5600243,-0.6564697,-0.23203759,1.0657536,0.8864447,-0.92708236,0.22140938,1.4755034,-0.46933946,2.1596155,-0.19965275,0.53368443,-0.6668397,1.1564707,-0.70447457,0.024621438,1.0323359,-0.6256991,1.442856,-0.6470949,-0.33438167,1.866743,-0.34628612,0.2850756,-0.37003294,-1.8641632,-1.3211328,0.011922754
1370,1.285035,0.31821254,0.2769906,0.12498532,1.4557697,0.04777895,-0.383798,1.2901434,0.833572,0.25275537,-0.6244987,1.4053273,0.009554871,2.5587485,-0.51004755,0.08857155,0.14159748,1.7990468,-0.43947577,-0.20091608,0.23303694,-0.603088,2.1903558,-0.28458908,-0.16857833,1.3970494,-0.9014336,0.18119764,0.2092827,-1.6944892,-1.1714494,-0.3702349
1371,-1.3356742,1.2913841,1.1059258,1.3730931,0.9366199,0.8958991,-1.9553512,0.25679114,-0.81876045,-0.9276909,-0.8635094,1.0425428,0.1277844,0.054631334,-0.9846146,-1.5175658,-0.12097874,-0.77052337,1.3379014,0.22269993,0.7736194,-0.34173056,0.34278768,1.981157,0.72936225,0.10716048,0.27527526,-0.23756157,-1.6890925,-0.7071039,0.29552594,1.4352827
1372,-0.4116691,0.75920314,1.6357803,0.18536721,0.5477918,-0.08522927,-1.3529341,1.5899184,-0.21992776,-1.4180741,-1.1069036,0.71357787,-0.08287754,0.15385276,-2.1654804,-1.1615098,-0.5882251,-1.4656744,1.197693,0.20370641,-0.1509771,0.6528307,-1.4015172,1.7251738,0.26608682,-0.8299787,0.7843791,0.86988634,-1.1415383,-1.3993703,-0.4835216,0.5965986
1373,-1.0295874,0.008314065,-0.056005888,-2.8052137,0.96996963,-0.15348278,1.1895689,1.2689333,1.0517418,-0.098840415,0.9403353,1.651079,-1.3620588,1.1275978,-0.26685855,-0.9454103,-1.3151274,-0.051403947,-0.86710954,0.012687408,1.4389607,-0.5870642,-0.5968939,-0.36129233,-0.4831503,0.32836232,-1.3949199,0.7480759,0.32777137,-0.092013665,-0.102706835,-0.76387984
1374,-1.2717565,0.4857014,2.1242278,-0.35965836,1.8491309,-0.1863706,-0.36194974,0.49104324,0.51135206,0.4133643,-0.7659438,0.51622397,-1.3411442,0.075605646,-0.065689206,-2.1536298,-0.4205766,-1.6098863,0.84291476,-1.2212383,1.4512464,-0.089683086,-0.04553282,-0.36216283,0.77072877,1.4771202,0.15007955,0.7795718,0.29989952,-1.7544664,-0.7720027,0.86078227
1375,-0.6208213,0.2849103,0.5423529,1.1158291,-0.3544996,-0.17508607,-1.0389992,0.18417314,-1.2567703,1.7009586,-0.32145914,-1.1891962,-1.3163689,0.32665268,1.055191,-1.2330782,2.13773,0.4831775,0.3715975,-0.2556735,0.84923536,-0.8823886,0.30891418,-0.26393497,-0.8972306,0.26615286,-1.0776433,-2.34654,-1.0309181,-0.57348067,1.6095842,-0.70366776
1376,-1.1751804,0.27322263,-0.28291205,0.92170686,0.62459284,-1.4614387,0.6397503,0.08326181,-1.4873667,-1.8339217,-0.8805259,0.15825807,-1.1670443,0.57676363,1.4835683,-0.4128504,-0.14112726,-1.1090162,0.91951424,0.27683622,1.6434883,1.5911143,-0.6603071,-0.35998237,1.893959,-1.0320386,-0.6144668,-1.4947487,-0.89853424,0.65738857,0.21264441,0.33975172
1377,0.567518,-1.1737351,-0.49836707,-1.6977199,-0.20898074,-0.016171647,1.8283595,1.4042903,-0.1984989,-1.531026,0.9457018,-0.9259041,-0.5558138,-0.5605432,0.26259753,0.16808358,-0.41181308,-1.6591613,0.036506057,1.6913806,-0.79835784,1.4985553,-2.0903935,-0.04979053,-0.28316414,0.19077279,1.0276374,-0.52298206,-0.13502829,0.2737498,-0.051801857,-0.26969257
1378,-0.4902834,1.0690395,-0.115032054,0.48826188,1.2753929,-1.2701999,0.9519844,-0.010032789,-1.2055838,-1.3431165,-2.1358514,0.5170049,-0.97018945,1.0471591,0.042561285,0.16598177,0.18061854,-1.4383775,0.32354635,0.032742802,2.1091545,0.8699393,1.0970455,-0.16237709,1.3918265,0.30579582,-0.2032046,-1.5997683,0.35517514,0.47202286,-0.9117424,-0.083630376
1379,-0.77903277,0.8343391,1.452075,0.31494182,0.29672948,-1.347527,-0.5726143,1.6252297,0.51286703,-1.3733717,-0.6452304,-1.3218095,-0.9379057,1.1773891,0.50447965,-0.38461593,0.09508199,-1.3057764,1.428672,1.5856541,0.42747614,0.13843419,-0.86627483,-0.4719871,-0.9898751,-0.36020085,1.3370168,0.2629348,-0.779467,-1.3867837,1.2328275,-1.1492254
1380,1.2647154,-0.6949311,0.71115494,0.59923536,-0.8868295,0.4049104,-0.15169103,-0.5084858,-0.66772544,1.6943734,0.48551553,0.4739667,-1.1086415,0.40821525,-1.2963492,-0.9888921,1.9285821,2.0142193,0.8049852,0.7318367,0.46700618,-1.228502,1.308035,0.47417188,0.1654321,0.26245254,-1.3541821,0.5697957,-0.58084965,-1.2271188,1.7329466,0.6956648
1381,0.29481477,-2.010994,-0.48485583,-0.11009304,-0.52832955,1.8767487,0.70838934,-1.806203,-0.07038656,0.61803263,1.8545582,0.48182815,-0.7859879,0.14254752,-1.1440719,-0.80906254,1.2276965,0.58128214,0.15961991,1.1882,0.7756032,-0.51449144,0.21663506,1.2530167,-0.15285122,1.0186499,-0.026030576,0.39267394,-0.7227275,0.055746082,2.220439,0.3312915
1382,0.31183735,-1.8947388,0.39281565,-0.6310864,0.119211726,1.4852078,0.9565846,-0.77400756,0.55972064,-0.62166476,0.7693868,0.37587097,-0.96780014,0.89478654,-0.9103567,0.09861132,0.2987515,-2.001996,0.44422224,2.058707,-0.6350527,0.24696605,-0.9229658,1.0832589,-0.18184023,0.1167028,1.3999853,0.9940512,-0.7633968,-0.47167268,1.399504,0.21332738
1383,0.054857608,-1.5230236,0.54645777,-1.2047216,0.030603232,0.81546503,0.8774621,1.7164019e-05,0.76368326,-1.2240441,0.31808183,-0.13970499,-0.51128054,0.82608956,-0.93163276,0.2892135,-0.76315624,-2.3022258,0.28009337,1.8679357,-0.77401286,0.96132845,-1.3194641,1.0651325,0.12254038,-0.25546458,1.5583081,1.3719789,-0.5782849,-0.75846875,0.28013232,0.3604837
1384,-0.7732804,-1.7627956,-0.6473999,-0.09010425,-0.2692824,2.351665,1.3927727,-1.7379588,-1.1083815,0.16037135,0.92591083,0.8960952,-0.78748256,-0.40470135,-0.6850972,-0.8233837,0.7841552,-0.646364,0.18074071,1.0298789,0.74671805,-0.4590776,0.556777,1.8509176,0.4834494,1.510372,0.3948457,-0.55391085,-1.1191504,0.7463193,0.7342755,0.81384677
1385,0.23329769,-1.0113343,0.5928018,-0.43532136,0.97503626,0.99241674,1.4867285,0.37172654,0.22826974,-1.0142308,-0.5181255,0.30531105,-0.4153594,1.3549662,-0.6143763,-0.07387366,-0.19796906,-2.6286285,0.085841954,2.2504063,-0.7532552,1.0828912,-1.069015,0.7750924,0.031276252,-0.22582762,1.3063059,0.3991662,-0.8245282,0.24801387,-0.10666197,0.32517397
1386,-0.45019844,0.75408024,1.54919,-0.09508152,1.5938592,-0.23204741,0.43274432,0.91199654,-0.32815236,-0.9885226,-1.9102569,0.7172531,-0.37474206,1.4791329,-1.0139713,-0.08329967,-0.34799704,-2.7795067,0.62500226,1.2874143,0.08667339,0.637363,-0.24268213,1.2348106,0.26448408,-0.59301525,1.038107,-0.15671563,-0.39072162,0.04657808,-0.32329714,0.65973103
1387,-0.50127965,2.49755,1.6005234,0.80016655,0.18061069,-0.6343596,-0.72067094,0.7071795,-1.8789134,0.26184964,-2.047701,0.50747585,-0.39349926,0.3749869,-1.2590097,-2.0554461,0.40784493,-1.1710974,0.68588954,0.250284,0.76333845,-0.3951428,0.32884914,0.9951762,-0.40965837,-0.39906117,-0.11248583,-0.80315644,-0.32137436,-0.17627709,0.002829728,0.8029871
1388,-1.4657729,-0.83470553,0.46616173,-0.36723548,1.126139,0.43469632,-0.5387612,-0.34679285,-1.3917861,0.12550522,-0.84610903,0.41297126,-0.8618517,-1.6881012,-1.1386995,-2.2230394,0.44205046,-1.980368,0.637376,-0.033963274,1.4271191,0.77868134,-0.20452529,1.0306642,0.78670746,1.5462805,-0.30380106,-0.20628375,-0.045154627,-0.58426666,-0.16653356,1.7690781
1389,-1.0309391,0.5594616,0.27284905,-2.971918,0.95786184,-0.27420837,0.7666495,1.3774909,0.9002913,-0.07798201,0.4791131,1.2192017,-1.2504439,0.83772814,-0.7355057,-0.47110784,-1.3801509,-0.4259707,-0.9531493,0.48208156,1.4563165,-0.4821601,-0.5736144,-0.011695118,-0.6587047,-0.108777076,-1.7137204,0.93117195,0.68637604,-0.32778972,0.27965134,-0.90652156
1390,-1.8042285,0.106788956,1.3024954,-0.9273245,0.973783,0.1695636,-0.6220271,0.17538424,0.4324907,0.66836786,-0.29476112,1.4360852,-1.8759595,1.5500647,-1.2847111,0.15069613,-1.1367947,-1.2215146,-0.5187859,-0.48155183,1.3986121,-2.1531174,0.18455744,0.17593929,-0.19115204,0.52461094,-1.503656,0.92689663,0.59281766,0.061435953,-0.32255554,-0.4343009
1391,2.8625765,-0.93975395,-0.5476258,-0.11925058,0.22591405,-0.043900635,0.047145277,0.6510861,0.41680303,-0.8754233,-0.68774134,0.69815326,1.2605938,1.4065753,-1.9667176,0.9405048,1.8592094,0.58177626,-0.4229478,-0.63623303,-0.46125573,0.44575217,-0.10262384,0.31303173,0.032539908,0.013181537,0.818455,-0.027956031,0.29120243,-1.657163,-1.6870236,-0.69976765
1392,-0.62066644,-0.2857538,0.7406079,-0.34632504,0.5658321,0.7101194,-0.8038093,-0.14511982,-0.46069878,0.45475143,-0.6188157,0.6094722,0.6499942,0.3223269,-1.2018868,-2.2687752,-0.07037017,-0.99724615,1.331082,0.121566944,2.441149,0.9372085,0.009754117,1.6240406,0.3313631,-0.09836798,-0.0701553,-0.035116356,-2.015851,0.4834048,0.5639171,2.2777169
1393,-1.1980284,0.80902064,0.60472083,0.8678705,1.3734378,0.47994593,0.42594057,2.1503375,0.010433487,-0.71701336,-1.6114795,0.5164396,0.46319345,0.8495183,-0.053916454,-0.44628868,-0.3943914,-0.84542733,1.3469927,1.1056108,1.261948,0.48868677,0.43073648,0.49481276,0.3037262,0.6913265,0.665283,-1.3718699,-2.2127726,1.520439,0.35522792,0.7674862
1394,-0.5054312,-1.306588,0.37773725,-1.1488059,0.258412,0.85619056,-0.46132758,-0.8416954,-0.36638212,1.0701389,0.8849983,0.032729518,0.5614059,-0.9064428,-0.49116945,-2.546075,0.78536695,-0.52242464,1.0218494,0.21475327,1.9123213,1.007158,-0.40310225,0.9154529,0.019777063,0.5391169,-0.10263952,0.30142757,-1.4048865,0.5691188,1.2865987,2.532026
1395,-0.8424766,-0.16873871,0.75869143,-0.5039229,1.0214939,0.07145117,-1.0766028,0.8735376,-0.20510538,-0.4477636,-0.7848586,-0.4285062,0.54663146,0.5906914,0.3090761,-1.3008493,-0.19068739,-1.2665709,1.3589364,0.44415388,2.0785325,1.7429289,-0.45606658,0.68154466,0.32326168,0.01267269,0.212286,-0.8341827,-2.7769587,1.0059174,0.59820557,1.8428538
1396,-0.4431464,-0.01871367,0.40596938,-0.55071044,0.7118979,-1.189405,-0.72971654,1.1739902,0.10223531,-0.7262358,-0.9280579,-0.9906156,1.1402123,1.5222862,0.33859217,-1.342715,-0.69540733,-1.171165,0.5116671,0.19462217,1.3941159,2.1068375,-1.0433,-0.018373901,0.52748007,-0.984921,0.5583491,-0.106803805,-2.3358762,0.51403385,-0.97050333,1.5773238
1397,-0.957518,-0.5082248,0.022818303,0.1561254,1.1315557,-1.8659425,0.34250414,0.56371087,0.19398876,-0.8447894,-0.43448737,-0.43697116,0.80223453,2.0235171,0.5660903,-1.647508,-0.095117226,-1.2235541,0.022193994,-0.36379188,0.6187772,1.0889308,0.010454969,-0.8786448,1.9151168,-0.7709768,0.26907083,0.12719253,-1.7172412,0.55040044,-1.8812429,1.6519246
1398,0.77986455,0.6322752,-0.69914854,-1.2480546,-1.498143,-1.3872819,-1.2824031,-0.040196557,-1.5027475,0.093036294,-0.051449694,0.20524342,1.6188337,-0.8969752,0.098560184,-0.26908204,-0.5305619,-0.35358757,-0.7654112,0.65110165,-1.2276981,0.46156734,-0.562914,0.5287228,-0.9678569,0.19139102,1.1161646,1.7146584,1.1464231,-2.369935,-1.3616898,1.2478663
1399,1.2106384,0.0024886616,-1.338947,0.55284095,-1.1370862,-1.5876961,-0.5508538,-0.71810967,-1.3938147,0.056756668,-1.2531122,0.30126658,-0.92488927,-0.32873297,0.97268426,1.3544306,0.53301656,0.47281042,0.4961429,0.014343752,0.12084652,0.4172076,1.2021953,-0.4877084,0.78812826,2.927821,-0.8817676,0.11220485,1.8099004,-1.9512761,0.569722,-0.38200396
1400,0.39230663,-0.15061995,-1.0493823,0.3261404,-0.04497351,-0.92792356,0.014566557,-0.74996686,-1.6407899,0.10238195,-1.1027665,0.23085324,-0.075182654,-0.82298636,0.72530675,0.93292373,0.97686374,-0.7396399,0.37654912,-0.5004801,0.84279305,0.14827856,0.52429295,-1.0272822,0.8484569,3.214503,-0.61453074,0.2328335,1.8692759,-2.6972666,-0.032770485,0.52875966
1401,0.532039,-0.41605636,-1.6948901,-0.3906843,-0.028180197,-0.13935642,0.33866945,-1.0951371,-0.876171,-0.59254277,-0.89762914,-0.09488441,0.7482128,-0.75229025,0.1019304,0.96236765,0.41773957,-1.0300401,-0.4423958,-0.8108556,0.80251366,0.24706776,-0.5932429,-0.98464555,-0.13233905,2.5859547,0.65112066,0.3171238,2.4962525,-2.7920194,-0.72078717,0.054144356
1402,-0.044150706,0.5205727,-2.0846612,0.2686893,-0.12639298,0.223787,-0.0965818,-0.9814408,-1.0844777,1.4881477,-0.5841522,0.24037112,-0.30350888,-1.3330117,0.956565,0.4238534,1.1093471,-0.73163,-0.5522158,0.58373505,0.98088837,0.22521712,0.20429693,-0.4635121,-0.34185034,3.9004164,-0.5717285,-0.7336454,1.2409089,-1.3833975,0.58293,-0.4850705
1403,1.1287533,1.256501,-1.737386,0.026521783,-1.040499,-0.5291639,-0.5197427,-0.90698975,-0.9273047,0.3038397,-0.6498337,-0.3011901,-0.47412458,-1.353463,0.9241962,0.43339047,0.6859906,-0.398832,-1.2568603,0.54178387,-0.3767401,1.1079605,-0.5645434,-0.699672,-1.6575545,1.7696143,-0.028927827,-0.039002087,2.2809694,-1.5091224,0.66228634,-1.9822626
1404,0.8997307,1.2731693,-1.5003647,0.6746398,-0.17361587,-1.0879195,-0.21736711,-2.6918685,-0.8700961,0.22914048,-0.5813237,0.072191626,0.19459227,-0.21984147,1.3293281,0.74940586,0.43767157,-1.291895,-1.4575495,-0.84664106,1.3657818,0.13486858,0.30449557,-0.92731524,-0.8221531,0.624501,-0.4948006,0.4428899,1.9009575,-1.288759,0.22864254,-1.3629068
1405,1.994554,-0.227708,0.56974286,-0.53538805,-0.20289025,-2.3668885,-0.22689235,-0.07259341,-0.99405134,0.36855394,-0.7038511,0.8902498,1.176505,-0.15514642,-0.24918337,-0.86328655,0.23232016,-0.5478858,-1.6164438,-0.9426716,-0.83539015,1.0645816,1.2407708,-0.8827629,0.3238968,0.019563114,0.18638349,0.9899996,1.3117237,-1.3783885,-2.084584,0.2678511
1406,0.39676535,-2.2657647,0.067737125,-0.6143563,0.23551895,1.0886251,0.9472712,-1.3801026,-1.0219392,1.9046024,0.8426695,-0.056342915,0.25256437,-0.914586,0.20888045,-1.2693813,1.3027186,0.27324858,-0.25613305,1.2606975,1.097156,0.25903404,0.56676745,-0.2848357,-0.15873678,2.1040616,-1.24033,-0.48138157,0.13041958,1.1620315,0.7219474,1.098404
1407,2.3794305,-1.7570533,0.41737917,-1.450915,-0.63766754,-0.89483434,0.03613596,-0.33698973,-0.50591123,-0.085556224,0.6598992,-0.123129494,1.3247241,-0.6708468,-1.1427147,-0.7550854,0.35136348,-0.043540362,-0.8159354,1.0435501,-1.3902786,1.1396732,-0.65693265,-0.44552532,-1.0128051,0.7773616,0.39768833,1.1019313,1.5802746,-0.6420439,-1.6818953,0.24625337
1408,0.41571823,-2.611736,0.7329937,-0.10881894,0.7871156,0.16076952,0.74468106,-1.3230217,-1.5067942,1.7392232,0.7032052,0.0069127167,0.8542342,0.21746351,0.712496,-1.0615032,1.0284318,-0.13008195,0.5999994,0.9921713,0.76976824,-0.065569624,0.7049395,-0.121460654,0.2208289,2.0345056,-1.4874818,0.332263,0.5862254,0.8370078,0.96531093,1.3883115
1409,0.8313611,-1.3984854,0.87697434,-0.36349323,1.2196958,-1.5202534,0.39359403,0.51808536,-0.59794587,-0.50107014,0.19673482,0.72052205,1.7202308,2.2387705,-0.11008712,-0.7485009,-0.15974097,-0.29998186,-0.30700764,-0.19854884,0.2111631,-0.914228,0.98487794,-0.48497963,-0.08910482,0.07387739,-1.3061713,2.1647213,1.2326114,-1.2861133,-1.7422228,0.21412629
1410,0.26111886,0.18709883,0.45194665,1.406985,0.21280403,-1.3912355,-0.33243072,-1.0938013,-0.49163163,0.87562376,-0.20001307,0.9624083,1.3609487,2.5207334,1.2418101,0.16505265,-0.8014326,-0.50134504,-0.84945565,-0.18302207,-0.48835862,-0.61114246,1.8641857,-0.3227136,0.70921004,-0.11743234,-1.7866647,1.8333106,0.95150745,-0.48201033,-0.6654622,0.091448404
1411,0.69004124,-0.08248481,0.2753162,0.56409556,0.39629018,-1.940341,-0.075336814,-0.8313032,-0.6957839,0.83736634,0.03473726,1.3192723,1.4975002,2.488759,1.0981575,-0.20287336,-0.5025124,-0.19587876,-0.32129714,-0.22500278,-0.056646362,-1.0978878,1.5266318,-0.4727829,0.8677326,-0.06175509,-1.6420583,1.9974194,1.1247741,-0.7350868,-0.75717705,0.064842194
1412,0.6619822,-0.56178904,0.37662786,1.1563361,0.52042174,-1.8441894,-0.06273166,-1.1984196,-0.72248566,0.5467988,-0.10965867,0.60916716,1.81598,2.6991491,1.0035032,-0.4025356,-0.31696662,-0.28869072,-0.07763926,-0.5001664,-0.2712649,-0.45269623,1.4755261,-0.17363678,0.98834676,-0.024178552,-1.4363918,1.8721693,1.1967312,-0.6056708,-0.59202266,0.2462945
1413,1.2193757,-0.28427008,0.61467016,0.9606468,0.22246717,-2.4093804,-0.18672611,-1.1383647,-1.2995403,0.84207755,-0.27892554,0.45206365,2.0079284,2.421325,0.95963913,-0.42620766,0.065334216,-0.28413373,0.5106578,-0.50568753,-0.43042448,-0.294455,1.1710958,0.0012779431,1.0843414,-0.0059026587,-1.0516247,1.5899754,1.0682473,-0.3840969,-0.18600194,0.44982088
1414,0.44972578,0.11799509,-1.0917614,-0.24651133,-0.43133053,-2.2658,-1.253642,-0.35444823,-2.306186,1.3587174,-0.4107731,1.0591856,0.58953905,0.11865672,0.77105683,0.9135839,0.21443689,-0.036946565,0.57403505,0.5670396,-0.87264395,0.47262153,0.65395296,0.46606088,1.6060945,1.1071163,0.13608992,1.0218453,0.6504043,-1.7989085,0.4063817,2.1027458
1415,0.25964355,0.10848264,-0.09598244,-0.6559645,-0.44674495,-1.1587923,0.11937888,-1.522668,-1.5418928,1.3373929,-2.1985216,1.528898,-1.2568045,-0.8735339,-0.20376523,-0.98377395,1.0544907,0.118780084,-0.51032215,1.101886,1.0581298,1.084112,0.6049006,-0.16781282,-0.42595446,1.4639649,-0.9691589,-1.3395867,0.2956041,0.60582745,0.4851483,-0.04210457
1416,0.4663161,0.71067613,0.88026637,-0.7520014,0.14342949,-1.9027424,-0.06257443,-1.1896906,-0.7842881,-1.3075701,-0.6144499,-0.89086485,0.2863838,-0.45340854,-1.622403,-1.0167302,0.23960614,-2.0476933,-1.2573937,0.3380012,0.65166044,1.6591891,0.37511203,-0.42109627,-1.1463786,0.7866952,0.47688743,-0.6388718,0.57069683,-0.0005536333,-2.3897505,-0.3918114
1417,-1.031077,-0.23470894,1.3515588,0.24263835,0.75957555,-0.94259924,-0.6568261,-1.6368239,-0.6784878,-1.804986,0.08127901,-0.38079312,1.014898,-0.55032134,-1.5974865,-0.5739984,0.16608109,-2.318852,-1.1183648,-0.44852248,0.96866107,1.2577912,-0.17553803,-0.5246575,-0.10964488,0.5354363,0.8429618,-0.3658907,-0.21420683,0.03522825,-2.254621,0.7809548
1418,-0.12441901,0.16395064,0.07871425,1.0858474,-0.13149267,-0.26266938,-0.2773598,-2.706801,-1.4551156,1.571808,-0.94975704,0.48868793,-0.540345,-0.79115975,0.037935227,-1.361011,1.7219465,0.14973935,-1.1079948,1.2111493,0.5183054,0.07677109,0.9064854,-0.84832597,-0.879152,1.6463745,-1.3068078,-0.56700426,0.81012076,-0.7463755,-0.5919871,0.26951405
1419,0.36468473,0.32224798,-1.1624539,-1.2528994,-0.019085499,-0.23000318,-0.20153959,-2.0303168,-0.36097836,-0.6156729,1.1623853,0.40678293,-0.069188714,0.38985083,0.7301461,0.63704854,-0.97473115,-0.04706769,-2.1674395,-0.84295124,2.001255,-0.7268892,-0.449628,-0.9427242,-1.5691246,-0.038523972,-1.005767,0.8630003,1.7835658,-1.0946422,0.0239206,-1.3118333
1420,1.1122926,-0.13536464,-0.38308367,0.38125998,-1.4606482,-0.29158655,-1.6966199,-2.4570115,-1.7325687,-1.378755,0.55034554,0.12825048,1.1388007,-0.6574433,0.05650935,0.86786485,-0.75220037,0.30348635,-2.1081903,-0.6060109,0.39327994,0.80211985,-1.2421061,-0.43690422,-1.0173254,-0.8235241,0.27613756,-0.40932772,1.2247827,-1.3235073,-0.26389486,-0.3770777
1421,0.9329768,1.1256653,-1.529721,0.59885824,-0.34831747,-0.60874045,-0.057313677,-2.4378982,-0.84851956,1.1109247,-1.4513662,0.12246883,-0.21942706,-0.13397525,0.5322248,0.30350125,0.43987337,-1.4320682,-1.5844752,-0.3017986,1.851698,0.50709915,-0.29004803,-0.7920437,-0.8216184,0.9168771,-0.723404,-0.4179837,1.6821069,-0.8822928,-0.07850606,-1.3500304
1422,-0.6409587,0.5105856,-0.24865504,-1.8194625,1.0282501,0.50951207,0.59152555,-0.08652861,1.1158293,-0.9350709,1.5332903,0.8976928,-0.23573792,1.6643666,0.3400931,0.10177767,-0.7012766,1.1162679,-1.516849,-0.1612205,0.6049992,-1.7751309,0.32357106,-1.4749166,-0.60131854,-0.15542218,-1.1923887,1.0080736,0.93436956,-1.2110642,-0.39663404,-1.3286078
1423,0.8918492,-0.48136103,-0.058328502,-0.6130958,-0.28283298,0.46900368,0.23201884,-0.75510323,0.5484826,-0.7023305,-1.1384178,-0.22730419,-0.034499448,-0.0346643,-1.3777094,0.23742154,1.0560864,-0.058941625,-1.8647846,1.0965002,-0.3307859,2.4505162,-0.15207428,-1.6537259,-0.59271,0.06779814,0.32883823,-0.97743326,1.0954683,-0.78839415,-2.196985,-1.5515622
1424,0.54224676,-0.80104685,0.23897332,0.13524218,-0.6209801,-2.3624547,0.77069175,-1.649618,-0.6040787,0.37656745,-1.5978572,2.0019178,0.7370327,-0.50424784,0.90430385,1.7570524,0.5962298,-0.10062503,-0.46024168,-0.34482664,0.42942628,0.82606447,1.321134,-1.5918732,1.3738344,-0.39508778,-0.077731915,-0.12233467,1.1688132,-0.77369106,0.14623508,-0.3769457
1425,-1.0020932,-0.96944094,-0.59210795,0.13412811,0.7075423,1.1654288,0.3753379,-1.3210381,-0.36168358,1.037214,-0.4611032,0.051336285,-0.9565338,-1.2506487,0.6673903,-1.1796519,2.0098414,0.21327214,-0.6856549,1.3757433,1.1587112,1.3095177,0.74638414,-1.1894186,0.12546535,1.4141079,-0.77763426,-2.1338832,-0.5871152,0.5941714,-0.0065978887,0.37207443
1426,-0.12150107,-1.2526475,0.2124529,0.04983173,0.7347375,-0.5688848,-0.89455,-1.0072833,1.0026027,-0.8055184,-0.2596328,-1.1573441,-0.28193808,-0.39685327,-0.14561526,-0.25588897,1.1277469,-0.24040064,-1.4922745,1.6917583,-0.0610266,3.2288418,-0.38812292,-1.4290689,0.15309209,-0.019745361,0.018543435,-0.7760114,-0.32578298,0.15474282,-1.0356755,-1.0508251
1427,0.7447837,-1.0277884,0.7040152,-0.25453714,0.31159747,-1.2584679,-1.0433819,-0.68788636,1.5069723,-1.0532662,-0.29606944,-0.7516231,-0.20995502,0.10379346,-1.7201893,0.63223,0.5153504,-0.018715939,-1.3753155,1.2689075,-0.22835618,3.2144222,-0.60637176,-0.8461217,0.2135672,-0.34324035,0.37940538,0.08812061,0.06492834,0.23608352,-1.2620702,-1.2718209
1428,-0.82196254,-1.1220304,-0.3817928,0.96120435,1.551775,-0.21138623,1.2224684,1.290484,-0.17900948,0.6341243,-1.5594025,0.7346237,-0.1323697,0.011581456,-2.1273353,1.2504529,0.5099186,-0.43424794,0.5425009,0.65495783,1.113971,1.2600241,1.3303502,-0.46591237,2.5463297,-0.051740855,0.35190278,-1.1183882,0.022618776,0.42283738,-0.85330987,0.9456994
1429,-0.48314893,-0.30286303,-0.37611052,0.68648237,1.587564,-0.380885,0.6603116,1.2729379,-0.16952342,-0.3283575,-1.8394816,0.726315,1.0191919,0.19673683,-1.6125685,1.7925842,-0.23063378,-1.3696817,0.40532044,-0.13736707,0.898875,1.4357578,1.0930668,-0.39443418,2.6479628,-0.8995987,0.78052086,-0.8741422,0.21713442,-0.48844418,-1.0490098,0.39813197
1430,-0.98795134,-0.06775443,-0.12036467,1.6332452,1.7871515,-0.38884836,-1.1469426,-0.35462478,-1.0828022,0.53652203,-1.4257709,0.7167774,-0.28296593,0.7715242,-1.2138894,0.020241702,1.7714435,-0.50466913,-0.3117909,0.4420547,1.3345449,1.3228183,1.9599494,-0.22602263,1.2205402,-1.0857948,-0.12683824,-0.87686074,-0.2568754,-0.37145796,-0.9373914,1.4789407
1431,0.49312788,-0.024454037,-0.10660462,-0.12897284,0.49817914,-0.89801925,-1.0173333,0.32269046,0.46391886,-0.92065674,-0.42416364,-0.6726985,0.7477993,0.8398921,-2.1545916,0.36190087,0.65804267,-1.6151856,-0.86679864,0.8292417,0.33109745,3.0689566,-0.026198702,-0.5042658,-0.05855302,-1.3712412,0.922424,0.6347026,-0.09133905,-0.702802,-2.1404185,0.26278445
1432,-0.0037975982,0.6790977,-0.20711419,-0.057818614,1.1415424,-0.33147925,-1.3938367,0.21267512,-0.42016107,-0.947031,-2.0692654,1.1150863,1.0050716,0.7270296,-1.126178,1.6276627,0.24677417,-1.571879,0.016169915,-0.5928311,0.9281189,1.3454407,1.142948,-0.632721,1.2745733,-1.9395045,0.87940466,-0.3703738,0.3150054,-1.4939703,-0.49198565,0.696029
1433,-0.51136386,1.0377586,0.007924509,0.29954863,0.7629516,0.03763503,-1.5211737,-0.0951015,-1.0560964,1.0278641,-2.26525,1.5910853,-0.16867927,0.5188194,-0.9263636,0.3290141,1.6719354,-0.8547689,0.40410894,-0.10464292,1.1275994,0.3813071,1.9213651,-0.3109939,0.5619999,-1.3539749,-0.32135332,-1.0693233,-0.03835421,-0.93201613,0.50361615,1.7119172
1434,-0.6652565,-0.06759562,0.22129588,-0.8984491,0.19329923,1.0932724,0.45805633,-0.2516315,-0.5411077,1.8335669,-0.7935691,1.1041523,-1.0119071,-0.31069538,-1.0224106,-0.9724304,1.728695,-0.22275978,1.0213022,1.1635697,1.8205339,0.0064288285,1.4595675,-0.26886216,0.39561516,0.4561862,-0.4524235,-1.4849038,-0.52373743,0.86168313,1.5663342,1.7190424
1435,0.59935886,1.4918693,-0.32606056,-1.8436675,-0.5050802,-0.17017654,-1.529977,0.579849,-0.5292439,-0.6006393,-1.3518009,0.20221788,0.83819073,0.059586216,-1.4086765,1.7671416,0.46244216,-2.1512046,0.046930782,-0.3338825,-0.19369464,1.6796272,-0.3367407,-0.59696376,0.42014498,-2.2849686,1.0330402,-0.47205055,0.34507188,-0.82730645,-0.103062935,-0.027669182
1436,-0.96533865,0.52561766,-0.5453207,1.374947,1.1565013,0.28086492,-1.1473336,-1.6272379,-0.92361283,-0.18982923,-0.7039689,1.0085877,1.6989026,1.5849576,0.57285404,0.72400635,0.62419873,-0.628007,0.43872124,-1.5299438,0.17291124,0.040659443,1.396671,-0.25370738,1.5558864,-1.8969468,0.34450307,-0.88537496,0.6074244,-0.14307773,0.582546,1.202187
1437,-1.4936817,-1.3171685,-0.7538197,0.20808928,-0.079097025,1.9936737,-0.17160946,-1.6027142,-0.9607078,-0.16897847,0.8740019,0.9670603,-0.6664255,-0.74123585,-0.9066046,-1.3362817,0.9225178,0.09097016,0.5158009,0.52174735,1.4007677,-0.44312742,0.0025833622,2.1026292,1.0055985,1.2227038,0.1824999,-0.46754044,-1.5573862,-0.3615883,0.56249356,0.91771066
1438,1.1678668,-2.1535735,-0.8814396,-1.0061665,0.47439378,0.93105596,0.9519861,-0.48541105,0.7720447,-0.7790411,0.8970581,0.33244255,-0.64847666,0.8761073,-0.71571237,0.02046729,1.1047428,-1.7147397,-0.45839244,2.0409884,-0.5829478,1.2160013,-1.3581928,0.6593478,-0.10124892,-0.32329687,0.9379178,0.747638,-0.6538949,0.0076744817,0.26059508,0.12303731
1439,-1.2700889,-1.5783018,-1.3245962,-0.13392535,0.049831346,1.9160818,-0.05615185,-1.6384128,-0.944559,0.17428796,1.1810043,0.41936588,-0.5055811,-1.4546552,-0.68941617,-1.6076448,1.0655648,-0.12585676,-0.2189627,0.6725367,1.6266669,0.31806472,0.108320646,1.4186506,0.27559114,1.949414,-0.24227397,-0.7533234,-0.7619259,-0.21940005,0.23088771,0.7699531
1440,0.6773678,-2.4358249,-1.2137523,-0.955825,0.19162904,1.6916181,0.5045337,-1.4606696,0.47289485,-0.4164052,1.5457425,-0.4608885,-0.22008415,0.18303896,-0.89390194,-0.55746317,0.77158904,-1.2334259,-1.1899235,1.5501474,-0.12838893,1.2800767,-1.1137915,0.90288156,-0.8328847,-0.21743377,0.92748517,0.65131676,0.009881244,-0.4289034,-0.3012372,0.5643444
1441,1.1703192,0.7474639,-1.3798261,0.52591074,-0.117603384,-0.39488173,0.09025011,-1.4436636,-1.0459714,1.9430228,-1.9763274,0.7399353,-0.65994024,0.085585415,-0.018037887,-0.20312002,1.0163,-1.1168989,-1.4462949,0.3689608,1.8843894,0.51093376,0.24695294,-0.2298813,-0.62182814,0.81031585,-0.65598243,-0.696888,1.4827083,-0.9857424,-0.063869715,-1.2712932
1442,0.76325285,-1.9745055,-1.3819466,-0.45050937,-0.046555776,2.146716,0.5396762,-1.4492135,0.82361,-0.0739663,1.5046315,-0.8473481,0.24512306,-0.37988457,-0.7367219,-1.0922248,0.59918827,-0.35746375,-1.846732,1.4637792,-0.13015202,1.4271399,-1.3160315,0.09924091,-1.3458273,0.37815255,0.68700284,-0.038941566,0.30040357,-0.16242948,-0.5307595,0.037844274
1443,1.1132876,0.119321406,-0.19643153,1.1779369,-0.61262995,0.031239435,-1.8683344,-1.9642872,-1.1735821,-0.6457113,-0.4195162,-0.46348923,1.4123982,0.2746656,-0.82527983,0.83912563,-0.1901894,-0.33357233,-2.1098397,-0.32581118,0.38719597,0.6113887,-1.875672,-0.1359879,-1.5986853,-0.6244166,0.665988,-1.0889018,1.3782135,-0.72892386,-1.5099925,-0.52121687
1444,0.7270653,-2.095052,-0.5616962,-0.45145047,-0.05563708,1.0145736,-0.48327467,-1.2706414,0.946416,-0.64763737,0.9512331,-1.1085202,0.09673251,-0.06236551,-0.6470302,-0.64102596,0.32545593,-0.36290285,-1.377743,1.9322073,-0.51582795,2.082338,-1.8518242,0.19799106,-1.1326191,0.09187942,1.0617371,0.278671,-0.021283321,-0.11621435,-0.7681355,0.24900416
1445,1.5864094,-0.3762706,0.17227206,1.4903959,-0.47788242,1.0768546,-0.7319426,-1.6977478,-1.2065951,0.7260956,0.5535148,-0.63208944,1.5019344,0.9539434,-0.7395212,0.029256614,1.7898761,1.1732465,-0.12469238,-1.9294064,0.2648816,-0.6299567,-0.30109343,0.7242484,0.5603282,-1.5326647,-0.21214962,0.6477392,0.04254613,-0.57816625,0.6233945,-0.65272355
1446,0.19375922,-2.4384513,-0.0028859973,0.5272639,-0.7277784,1.4114746,-0.3597425,-1.9192989,-1.118326,1.0673212,1.1943425,-0.31963077,-0.89051205,0.362513,-0.85104626,-0.5386151,1.6926287,1.9042398,0.31183732,0.39462015,0.5897781,0.46729466,-1.059047,0.7778125,0.74836457,-0.79229254,-0.28790003,1.1728126,-0.38429677,0.40102032,1.2850785,0.051910475
1447,0.45461848,-3.1460593,0.24203537,-0.5781494,-0.67802435,1.4610405,0.19851115,-0.4578947,-0.62217396,0.39570603,1.1240407,-0.15599954,-0.82228446,0.17896977,-1.946063,-0.64243037,0.5778417,0.6775269,0.271357,0.88116807,0.18108004,1.4990562,-1.8711613,0.9478269,-0.15192589,-0.56684786,0.305463,1.71595,-0.11887165,0.011093071,0.47975978,0.58294314
1448,1.3432573,-2.750307,-0.09373056,-1.1116062,-0.8461794,1.1570278,0.1843774,-0.16237283,-0.6189819,0.0076388656,0.93918985,-0.27452782,-0.42282516,-0.06562316,-2.5344872,-0.3854902,0.32863685,0.23762637,-0.06927052,0.686418,-0.018661503,1.4371065,-1.6845518,1.1753649,-0.6973532,-0.77496076,0.37045354,1.7171723,0.5362823,-0.43767464,0.49001324,0.63914126
1449,1.0837868,-0.6876509,-0.19612823,1.1230215,-0.021257652,1.7465233,0.5402871,-0.36410603,0.017181486,1.1588058,-1.1120375,0.27059138,0.045473695,1.2020469,-1.8662438,-1.300429,1.9716048,1.0257161,-0.3092647,0.774086,1.5488579,0.32574686,1.7277358,0.5655666,-0.8956523,-0.079132825,-1.1865724,-0.17965186,0.32647428,-1.1675098,0.8761451,-0.7676411
1450,0.5330694,-0.7802861,-0.58729535,1.5142677,0.363527,1.2208894,-0.168627,-0.99605376,-0.64892536,0.7050796,-0.7522284,-0.6681658,-0.55708987,0.9631492,-1.0129741,-1.0889018,1.9451927,0.32263008,-0.43464726,1.233582,1.8767037,0.85451233,1.3998682,0.64663327,-1.338474,-0.71702236,-0.9488129,-0.15769689,-0.1912557,-1.4725621,1.0526136,-1.0421
1451,1.1910303,-1.7260683,-0.73178,-0.54763675,0.7130951,0.096509,1.4480985,0.44779208,-0.055044603,-0.5519511,-0.7986057,-0.5063521,-0.0004741058,0.39934877,-1.070388,-0.32343802,0.6951137,-1.6792727,-1.1114542,1.4872781,0.2152678,2.6955714,-0.016535828,0.8860175,-1.3601987,-0.8514751,0.76818234,0.5201156,0.35644242,-1.4127811,-0.39745897,-0.18459225
1452,-0.8005618,-0.45849743,-0.38613108,0.25715724,0.009600057,1.8650304,0.5346758,1.116471,0.2912436,1.8376062,-0.5244042,1.1556114,-0.93599725,-0.3326926,-2.0866551,-1.4619122,0.88324237,1.3004383,-0.03302929,1.1590166,0.7289764,0.55774665,0.3317098,0.66070634,0.3906371,-0.71005535,0.4568784,-1.0774426,-0.94077873,1.0561903,2.017527,-0.8374461
1453,-1.6267093,0.2394682,-0.37481084,1.1191808,1.2525082,0.08885009,-0.4933449,0.93343085,-0.8568025,1.0072458,-1.6069404,-0.043824393,-0.6923182,0.094207026,-0.3090099,-0.30590096,0.75775605,-0.03728621,0.093733646,1.4293001,1.3028322,2.1814163,1.5754092,0.75928825,0.10684744,-0.50872403,0.41572383,-1.0679253,-1.3590106,-0.256119,1.2989906,-0.7470252
1454,0.35805556,-1.0606987,-1.041781,-0.5941189,0.98778284,-0.7190517,0.011392558,0.8980776,-0.41665095,-0.22532606,-1.517534,-0.5598318,0.27877378,0.13982105,-1.2485449,1.2623265,-0.07697362,-1.380792,-0.53537273,1.1235563,1.1772479,3.2710447,0.2922222,0.7416821,-0.36553726,0.6242096,1.0505123,-0.43432,0.16730319,-0.48497617,-0.9168974,-0.7435629
1455,-1.7522913,-0.37371638,-0.7257729,0.43737942,1.4250759,0.36506346,0.44446474,1.2751293,-0.8647324,1.420878,-1.3001454,0.4535346,-0.4972792,-0.16301301,-1.0363857,-0.051980108,0.46891984,-0.66652584,0.4529216,1.1170182,1.9316125,1.5177766,1.0916864,0.3556522,1.4584674,0.26303303,0.5967595,-1.6823744,-1.408751,0.33738348,0.21250843,0.3523905
1456,-0.8334306,-0.21409808,-0.3866209,0.24576187,1.7319703,-1.4918178,-0.5585145,0.34341177,-1.0058419,-0.5115144,-1.1647886,-0.83930033,0.11101411,0.5923686,-0.26949325,1.4834577,0.19905747,-2.3391306,0.07334307,0.15772636,1.6544781,2.164874,0.19206224,0.115289606,1.7715976,-0.18547525,0.52774966,-1.3040605,-0.4915505,-0.04568418,-0.93989825,0.3158152
1457,-0.9509903,-0.37964612,0.65888137,0.32378662,2.1527286,-2.4495363,-0.78782004,0.3922927,-0.1472873,-0.41979656,-0.8949877,-0.3015622,0.19972362,0.4833801,-0.91523015,1.2496086,0.60401964,-1.9802474,0.13407904,0.12091586,1.0929164,1.7835078,0.0015705426,-0.047057524,2.181521,0.6122997,1.0839981,-1.243521,-0.03907236,0.45865116,-0.7209993,0.19468537
1458,-1.9593706,-1.1904342,0.17573352,0.5855759,1.4850979,0.1566337,1.1007799,1.1829324,-0.47037515,0.26655754,-1.1000588,0.49098402,-0.13006121,0.032998852,-0.8059335,0.66138446,-0.04902631,-1.1128223,1.6278651,0.88532114,1.4208678,0.76740646,0.48231563,-0.35991797,2.5877106,-0.42657968,0.6663333,-1.5772269,-0.8241903,0.6931059,0.0443634,1.110652
1459,-1.7174882,-1.0122129,-0.39180747,0.13173357,0.67266023,1.6758155,1.2681519,-0.33302093,0.2831617,1.0543994,0.83182484,0.35898224,-0.9003316,-1.1295979,-0.5930835,-1.6053587,1.5456294,-0.09818512,0.50847906,1.496084,1.7045556,0.4390094,0.61101514,-0.1333008,0.38038382,1.1718792,-0.056818824,-1.4869576,-0.8699564,0.9446674,0.15067644,1.3275558
1460,-1.0764062,-1.2277008,-0.18255192,-0.26840973,0.48200554,0.15967302,-0.018723745,-0.064799115,1.1522334,-0.5824516,1.1669612,-1.4577796,0.024560057,-0.97264045,-0.6094359,-0.71106344,0.537781,-0.57378983,-0.1788114,2.0990615,0.16625302,2.9882474,-0.89779,-0.04913487,-0.13682176,-0.5085378,0.6924129,-0.77175575,-0.7540096,1.0933207,-0.34245032,-0.38663727
1461,-0.46843034,-0.83605075,0.4450592,-0.23845898,0.7790696,-1.4690247,-1.2209883,0.1370873,1.1013985,-1.1458625,0.6591112,-1.3124441,0.01712879,-0.7265503,-1.306527,0.30125263,0.21172753,-0.5465962,-0.32624552,1.3550907,-0.08216574,3.1365135,-1.2099047,-0.025825363,1.0671568,-0.71362036,1.1648289,-0.3605858,-0.72142005,1.262368,-0.11172243,-0.45090604
1462,0.35437876,-0.10757226,-1.751954,-2.3902073,0.34704012,-1.464151,0.044643663,0.0051505803,0.08282694,0.4841273,1.2080934,1.822825,-0.23719916,1.098462,0.59815633,0.6249865,-1.0428475,0.27731156,-0.91027486,-0.25511134,0.72352576,-0.3727184,0.3796345,-0.7761428,-0.13956326,0.41972414,-0.47156987,2.091413,1.5962276,-1.5919623,0.042105876,0.31796286
1463,-0.6067749,-0.685307,-0.80278456,-0.16202721,-0.17447817,0.025783364,-2.1437402,-1.2442309,-0.9624641,-1.0087078,0.3220342,1.4736023,1.3679461,-0.25394264,-0.039490838,1.1853878,-0.55824727,0.95435214,0.43141764,-1.2205845,-0.81522024,1.0766273,0.3254223,-0.050346084,0.85543305,-0.484849,1.3630927,-0.32528025,-0.447012,-1.3534179,1.8418589,2.021464
1464,-1.3388596,-0.23215973,0.109118916,1.2389859,0.4951476,0.6344946,-0.45907757,-1.8865606,-1.1612378,-0.3324684,-0.013602446,-0.2174095,1.7969983,0.8063249,0.4437037,0.7599129,1.3823236,1.4931427,1.4603946,-0.76658815,-0.61869705,-0.6094311,-0.502145,-0.13851148,1.6992977,0.74595803,-0.5045253,-1.3629713,0.4772565,-0.060343217,2.1222262,0.6603576
1465,-0.27609307,-0.93091357,-0.79192436,0.9344766,0.7067328,1.1657234,-0.14749329,-1.3111421,-0.5833254,-1.4705336,0.61837983,0.7651555,1.236344,0.73149943,0.77263623,0.8573826,-0.3415814,0.6987209,0.99342245,-1.4009582,-0.32559684,1.1863512,0.4911256,-0.45763224,1.6111727,1.6830446,0.6131977,-1.6972064,0.9767304,-1.3521404,0.812066,1.4665452
1466,1.0889598,-0.8800642,-1.5759753,0.49491686,0.12406137,-0.8118298,0.7732958,-1.1132121,-0.5285767,-0.82693833,-0.10592632,0.9442345,0.549019,0.16523479,0.7216403,1.4086529,0.038295522,0.46596974,1.3105174,-1.016965,0.24926347,0.57972306,0.27643892,-0.9486734,1.9871953,2.4970856,0.13835824,-0.34554854,1.7757883,-2.155794,0.21521015,0.80387044
1467,1.029442,-0.48543358,-1.5310434,0.906128,0.38541862,-0.7448088,0.42780456,-1.486555,-0.5453353,-0.7919268,-0.17742327,0.69592786,0.47660595,0.2431987,1.2804902,1.0232785,0.3296723,0.36642286,1.0450795,-0.89994323,0.22760782,0.44778624,0.5620688,-1.2033994,1.827096,2.6202269,0.08055349,-0.49850148,1.8416868,-2.1825678,0.26940933,0.6207221
1468,-0.26809186,0.06497058,1.9413962,0.7300118,0.75214726,-1.6388434,-1.8068881,1.4191391,0.3819392,-0.6217402,-0.51896167,-0.20437121,-0.04474887,0.71398187,-1.6456566,0.5255607,-0.35404333,-1.3162919,-0.12807408,0.9659935,-0.7431261,1.9009657,-1.3390164,1.203183,-0.067839734,-1.9629289,0.4831231,0.9205128,0.30263355,-0.8729515,0.18267359,1.0549175
1469,-0.052392516,0.5780858,0.2755934,1.3553423,-0.71866655,0.18808918,-1.5041949,-0.30166325,-1.3353281,1.3561667,-0.7354948,1.1514695,0.83602,-1.1547627,-0.21516354,-0.6532161,1.664719,-0.51778895,-1.5068771,-0.038684044,0.40865412,0.27096418,-0.038723383,0.48365498,-1.7550304,-0.56669223,-1.5413369,-1.9022044,0.43178844,-1.5106577,-0.40638825,1.6353412
1470,-1.0559192,0.7376008,1.8116423,1.7588782,1.4082437,-0.4725228,-3.035496,-1.6419342,-0.034349952,0.30403426,-0.49298587,0.30292735,-0.13989939,-0.16583219,-0.039123837,-0.9354611,0.7550888,0.60881644,-0.426081,0.05729013,0.25527638,0.44522437,-0.646495,0.6768563,-0.7080367,0.2687257,-0.7989124,-0.5954664,-1.1326115,-0.12681125,1.1222754,2.320791
1471,-1.6636387,-0.6551978,-0.29117265,0.3576408,1.00254,1.0104842,0.09708253,-1.0039858,0.5372314,0.9786346,0.3471811,0.37338743,-0.5574154,-1.4671222,0.6710071,-1.717324,2.0594776,-0.17815642,-0.23719408,1.3310511,0.7803515,1.0463979,0.56566757,-0.8056967,0.38977903,1.4316907,-0.60956967,-1.9307069,-1.0172497,0.8506332,0.6013591,0.8131044
1472,-1.0019832,-1.2013289,0.61317724,0.19704045,1.0072917,-0.7780463,-1.3584502,-0.7527754,1.1961628,-0.71396595,0.545734,-1.2277356,0.06867198,-0.9170182,0.14357561,-1.0575541,0.97369254,-0.33961028,-0.7907323,1.6991204,-0.28560084,2.857509,-0.9354333,-0.9465587,0.47669327,-0.2398316,0.3725707,-0.73931843,-0.8664741,0.8218491,-0.049366876,-0.60072166
1473,-0.12295865,-1.193757,0.79975647,-0.43383655,0.51901394,-1.5481255,-1.1507455,-0.024953788,1.482163,-1.2589817,0.6057538,-1.1552855,-0.035833355,-0.41392675,-1.2436044,0.022911431,0.23150533,-0.27713123,-0.58482957,1.5706105,-0.41587153,3.015935,-1.151761,-0.39725304,0.66690457,-0.69820917,0.84398276,0.07471944,-0.45901173,0.9743546,-0.25461957,-0.9092644
1474,1.3937496,-0.38265133,-1.3309579,0.3920899,0.46231377,0.17785633,0.04518075,0.8218469,0.14064334,-0.6475816,-0.5270145,1.2950692,2.1236434,0.3382117,-1.6663654,-0.03531618,0.53960025,1.55825,-0.35976607,-2.062504,0.016536947,0.20867427,-0.52672946,0.31881493,2.273582,-0.840067,0.8454341,-0.8585009,-0.42662656,-0.50324076,-0.71069676,-0.14191292
1475,-1.5228812,0.47970387,2.0682752,0.91760314,1.5497015,-2.0396674,-2.6270187,0.096840985,-0.2664051,-0.755418,0.3474363,-0.3175397,-0.22654764,0.25998518,-0.08663587,0.88554215,-0.8405336,-0.1006291,0.2703885,-0.3413226,0.17437789,0.28264895,-1.1810083,1.023363,0.75432265,-1.2052387,0.21987444,0.7921677,-0.28967258,0.04980749,1.9336118,1.343154
1476,-0.5121296,-1.182888,-1.0411509,-0.7628067,-0.087133676,-0.4726295,-1.521688,-0.5771415,-1.5537907,-0.3092046,0.50401056,1.502698,1.4133132,-0.086141855,-0.17481387,1.6358118,-0.47241214,0.5220463,0.87009156,-0.50242525,-1.4371135,1.6702842,-0.71318156,0.68471897,1.3594304,0.1521319,1.1165545,-0.27102795,0.57557976,-1.0957717,1.1307577,1.8880678
1477,-0.28703824,0.22317946,-0.2985963,0.5696785,-0.036044255,-0.78694046,-1.0528985,-0.13792738,-1.0371051,-0.7699552,1.3088245,0.23149759,0.23480286,-1.1375318,0.55761176,0.8762592,-0.13219206,-0.6944663,-0.37091798,-2.2560275,-0.70546603,0.31099004,-1.8663118,-0.47097743,1.3724942,-1.6107593,1.1234169,-1.7149931,-0.5625214,-0.000937184,0.78088725,1.2587717
1478,-1.074352,-0.719321,-0.63388985,1.1766506,0.38412178,-1.6411244,-0.3339387,0.1268497,-0.63666147,-0.9098739,0.7144425,0.3065937,0.47104266,0.70692825,0.16145648,1.2238362,-0.17975804,-1.5532111,-0.6109034,-1.9055159,-0.2682811,0.12896267,0.6118973,-0.7670326,1.8913715,-0.3263887,0.42150393,-0.38898215,-1.3182653,0.4786957,-1.6587057,1.8963833
1479,-0.40938735,-0.1115758,-0.7478732,0.94957066,0.21159749,0.47190145,-1.646816,0.30916414,-0.3851583,-1.7156967,0.19798551,-0.5532188,0.60586554,1.4637954,1.4036039,0.77839303,-0.18474214,-1.0919378,-0.7064122,-0.48832482,-0.41128254,1.0728067,0.084707394,-1.037113,0.9742793,0.39227018,1.4078795,-1.1574565,-2.5360272,-0.32587436,-1.0240027,1.782267
1480,-0.54415774,-0.71913105,-1.6166666,1.7980165,-0.105441615,0.109899744,-0.92406756,0.34584838,-0.4676607,1.135437,0.8267254,0.11188014,0.5107836,0.9342461,-0.14018343,-0.68734944,-0.101391986,0.5707077,-0.30475116,-1.3294035,-1.6425558,-0.80420274,-0.9229237,-0.43975377,-1.0262474,-0.0511264,-0.01923721,-2.4910362,-0.89906937,1.8611982,1.2257363,0.42137635
1481,-1.5026158,-1.5202779,-1.1184311,-0.18438973,0.38690084,0.84570026,-1.3060944,0.76120406,0.68323505,-0.8854434,0.5538557,-0.30509418,0.7272523,-0.6036423,-0.46646592,1.2364074,-0.67997885,0.8241113,0.0016926011,-0.57067716,-1.6069756,1.4238311,-1.8417294,0.027386375,-0.14925025,-0.9807286,0.8768683,-1.881709,-0.3409243,-0.6219645,1.7524017,-1.006372
1482,-1.059854,-0.9445877,-1.6096158,0.2856785,0.43170494,0.5944321,-1.2998598,0.6746669,0.45030016,-0.48408216,0.8461389,0.17903817,1.2419335,-0.5092376,-0.5311609,0.9541896,-0.43128392,0.6992421,-0.28075165,-1.1268784,-1.8013539,0.9322623,-1.950991,0.23007435,-0.24234879,-1.5402727,1.0378488,-2.183323,-0.16196813,-0.22636543,1.4431547,-0.8506904
1483,0.4685916,0.5461766,-0.07077174,-0.19912295,-2.1350458,0.9627791,0.92756915,1.3252198,0.1727178,0.1686117,0.9826576,-0.6219697,0.6047016,1.2237576,-3.3335695,1.1285543,-0.16088392,0.24387601,0.7905377,-0.34355974,-1.0470498,1.0656121,-1.3461612,1.0366575,-0.9216374,0.30863988,0.21511082,-0.9214585,1.46075,-1.1844255,0.17321572,-0.450836
1484,0.34286886,0.98728466,-0.081653334,0.5510058,-1.7652112,0.62854016,0.07504965,-0.2667063,0.22636901,-0.79082227,1.0380272,-0.5671314,1.2961986,1.3523226,-2.4778132,-0.16062398,-0.4028943,1.5914111,1.0723056,-1.0922922,-0.73094636,1.3660016,-0.6835366,0.9775524,-0.84397197,-1.3793974,0.9393987,-1.1914285,0.8006464,-1.0962936,0.90870714,0.51406217
1485,-0.08592596,-0.28394294,0.66230726,0.6905766,-0.45271724,1.6138426,-0.28858912,-0.10061485,-0.73028004,0.02102964,0.6485987,-0.16406845,0.086028315,0.99016905,-0.086044535,-0.124036185,0.36363575,2.3572414,1.4254509,-0.016309854,-0.49960166,0.9378477,0.7838788,0.7604553,0.37738147,2.3244102,-0.40159047,-2.6550508,-0.008794776,0.008753112,1.7236747,1.6825275
1486,0.5486002,-0.63360023,0.17501089,-0.75801384,-0.99387413,1.1865087,0.12120768,0.60589707,-0.5515873,-1.7902974,1.0165491,-1.4398936,-0.3488458,1.0273131,-0.43440527,0.8008127,-0.6505774,1.1307392,0.73398477,-0.65989506,-0.8378816,2.2939138,-1.0893013,0.4704361,-0.29474694,0.4578906,0.90999055,-2.3545983,0.89689064,-0.5160967,0.74526554,-0.6978002
1487,0.2147791,-0.22578128,0.06775857,1.6216515,-0.19721672,0.42553106,0.13668574,-1.5723743,-0.20811331,-1.6301696,1.0462201,0.5343459,1.0931891,1.5263803,0.8806863,-0.5088341,-0.6149695,1.5750319,0.9261265,-1.6996018,-0.5247576,1.2143766,1.1712115,0.008214354,1.107035,0.080276154,0.28074464,-1.5850284,0.640176,-0.73025435,0.5493358,0.808301
1488,-0.7825606,-0.79510665,-0.82791746,-0.558281,0.9799387,-0.6397927,1.6026332,-0.26501915,0.037335757,0.030908661,2.031484,0.5488878,1.6885574,2.9249356,0.30361176,0.56016004,-0.57050526,-0.27463153,0.31997508,-0.93698734,0.4354401,-0.6204396,0.03448981,-0.2509444,1.1277448,-1.0871719,-0.89356714,0.47364855,1.5167115,-0.11286149,-0.1939316,-0.525899
1489,-0.0910458,-0.39195174,0.42997253,-0.545179,-1.1869692,0.16946204,0.01008434,-0.5690374,-1.3751527,1.7822279,1.0227715,0.51870006,0.12703428,0.21820977,-0.23157738,-0.09437922,1.0589702,0.8169434,1.7714214,0.35474905,-0.3500685,0.13121179,-0.3443047,1.0520495,0.82961285,0.21606043,-1.2157332,-1.8119819,-0.47373182,1.9671024,2.6732213,0.5813433
1490,0.07123613,0.5633404,-0.80067027,-1.8133428,-1.5986181,0.72873217,-0.19544813,0.81553465,-0.23217249,0.16630983,0.89792603,-0.32043025,0.9800439,0.09749935,-2.113039,1.7487775,-0.26288,-0.515489,1.0299618,-0.062525265,-1.2272625,1.4795309,-2.0645976,0.4999591,-0.44574213,-1.9162964,0.8160836,-1.3643203,0.3498901,0.16986062,1.1000806,-0.08994915
1491,-0.20817965,-0.9420126,0.35859814,-0.24912374,-1.5028609,1.3995973,-0.07721028,0.54539394,-0.05392505,0.45951185,0.39038345,0.8842931,-0.609099,0.08220888,-0.64215976,-0.3739558,0.27765933,2.3227112,1.5958635,0.99595684,-0.7855095,-0.0032327431,0.99749446,-0.009278134,0.5556933,2.6293929,-1.1005081,-1.3897216,-0.79978,0.2045586,1.8141029,1.4128733
1492,0.19676282,-1.3446865,0.63641685,-0.26508728,-2.0112913,1.0964401,-0.082970634,0.9082896,-0.31535453,-0.39247963,0.20514986,0.26097435,-0.8572416,0.19072214,-0.38484836,0.34881586,-0.04321094,2.2749784,1.7964479,1.299645,-1.0669929,0.090684615,0.4068966,-0.5333129,0.7749846,2.3593242,-1.067053,-1.5085975,0.12874591,-0.4688835,1.5339488,0.059154674
1493,0.8975728,-2.0644314,0.37639284,-1.5785027,-0.58452153,0.4749638,0.23064038,2.0215929,-0.6044115,-1.5805639,0.19942291,-0.5746554,-0.74672973,0.23486257,-1.7443368,1.5939283,-0.46109667,-0.18261695,0.58954495,0.7414054,-0.41280246,1.2927511,-1.9057275,-0.1901471,-0.32310408,1.4821241,0.5598084,-0.25167167,0.6586382,-1.0392874,-0.3243354,-0.5529249
1494,0.7185532,-1.3238873,0.8167146,0.95517206,0.2993094,-0.4109385,0.6907841,-0.2895578,-0.8152256,-1.7201635,0.20615222,1.1153904,0.23353519,1.3914539,0.3929637,1.6490737,0.09476043,1.0719575,1.9284998,-0.7026016,0.1798422,-0.643742,0.5985361,-0.87671083,2.5252848,1.8110577,0.23388757,-0.40081057,0.95810133,-0.9360896,0.2677293,0.41251338
1495,-0.541241,0.54717,-1.1097099,-1.6541097,0.11706246,-0.789123,0.5546057,-0.26772454,0.7225256,0.19237499,1.7192872,1.6094744,-0.07683214,1.6715012,0.8082597,0.6610276,-1.6441053,0.89364076,-0.52475864,0.21090041,1.1392006,-0.92374253,0.7829479,-0.9862041,-0.21048568,-0.79517126,-0.7189577,1.3445317,1.1788538,-1.493157,0.035480637,-1.1471293
1496,-0.18326569,-0.11950733,0.058374822,0.31592175,0.6536223,-0.715304,1.0978591,-1.1745849,-0.19147521,-3.0523076,1.4544762,-0.1773567,-0.40087476,1.0967723,1.6158199,0.3151776,-1.3338375,-0.4549461,-0.22997704,-0.0020764784,1.0476414,-1.052495,0.3213312,-1.6300204,1.6986364,0.2865669,0.13340516,-1.0865239,-0.067446254,0.35896248,-0.17228736,-0.54711664
1497,-0.98475623,-0.2380783,-0.4179154,-0.44133982,0.7215298,-0.9095906,1.863761,-0.4128772,0.3211304,-2.8133166,1.8278077,0.5889655,-0.5418448,1.1183829,0.9825546,0.1352959,-1.8097776,-0.6750473,-0.2501898,0.10129838,1.357637,-0.31079245,0.18444535,-1.125921,1.0999521,-0.026115296,-0.8910998,-0.5421963,-0.17624198,0.48566103,-0.3943789,0.030002791
1498,-0.9780274,-0.387115,-0.17171676,0.6749032,0.75016564,-1.4269009,1.2918485,-0.37220067,-1.4858581,-3.1209698,0.43525186,0.09225844,-0.14641055,0.11038552,0.73368204,0.59816396,-0.75218093,-1.5358341,0.6653485,-0.51895356,1.294407,0.616765,-0.061449967,-0.29060715,1.2482263,0.17688213,-0.34773666,-1.4601307,-0.2915875,0.97928584,-0.27315995,1.2098211
1499,-0.6374212,0.47664443,-0.27796683,-1.9265665,0.37318638,0.25610334,1.3598906,0.16888691,1.577452,-1.4680895,1.8417969,1.252011,-1.301434,1.1395372,0.34695306,-0.6945742,-1.8926209,0.59250927,-1.2662019,0.4307027,1.156361,-0.58616847,0.18552533,-1.0484059,-0.051990595,-0.08798664,-0.9858154,0.5067735,0.18330471,0.06899233,-0.18153186,-0.319228
1500,-1.016906,0.27860582,-0.3935527,-1.5642625,0.45436352,0.22163305,1.3846827,-0.37458724,1.3679891,-1.1681387,1.6879379,1.2209923,-1.2316366,1.212257,0.80248743,-0.40768552,-1.805205,0.59226614,-1.1108747,0.2923029,1.6200101,-0.8112963,0.61966187,-1.242485,0.08012943,0.058642883,-1.3574989,0.6426419,0.031383287,0.034967754,0.06325159,-0.33591175
1501,-1.4412556,0.36694518,0.14730848,-0.75881076,0.39336196,0.4498071,1.5092226,-0.7178971,1.3677012,-0.92696315,1.6501297,0.7199229,-1.1391034,1.3606457,1.1409334,-0.27986336,-2.171774,0.16384833,-1.1177588,0.34856427,1.4177096,-0.69927067,1.0494468,-1.429016,0.30336443,-0.026244923,-1.2802941,0.48157796,-0.30991066,0.09717244,0.11159396,-0.20167284
1502,-1.2467948,0.40111935,-0.37559795,-1.6924493,0.382262,0.33677432,1.4140471,0.0128724,1.5954543,-0.7815487,1.668014,1.2438494,-1.2751577,1.1642287,0.74786985,-0.49519965,-1.7149022,0.5527296,-1.1836611,0.3775513,1.424039,-0.7359217,0.5140572,-1.0052354,-0.27254343,-0.09449246,-1.5035846,0.7494583,-0.012390053,0.09296914,0.21990317,-0.5499381
1503,-1.3289409,0.044911437,0.6928881,1.6870084,0.57512176,0.3293579,0.7288947,-1.4723346,0.5048161,-0.79040855,-0.21852645,0.39703214,-0.6859742,1.8845747,1.0302477,0.8723638,-1.6348934,-1.100491,-0.6919245,-0.23625,1.354634,-0.4054591,1.502729,-1.287175,0.93213516,-0.7920574,-1.8285229,-0.02184476,-0.54087853,-0.16366477,0.11421062,-0.48012528
1504,-1.4459168,-1.2228928,-0.009118235,1.4369974,0.6891738,-0.52872974,0.7053923,-0.68821985,-0.8860589,-2.521377,-0.4497594,-0.3029325,-0.14096092,0.66072005,1.4926865,0.8588532,-0.5217962,-0.99739474,0.8644761,-0.7893777,1.8087764,-0.012464761,-0.101907894,-1.027085,1.123731,-1.0787748,-0.35329807,-1.404051,-0.7490951,0.3731112,0.35524788,0.21976465
1505,-1.4625344,0.08550693,-1.9366792,-1.2108058,0.8150165,-0.37245557,0.39061052,0.8442195,0.40712234,0.16653138,1.9941435,0.3604335,0.091411926,1.0885942,0.88541234,0.77288675,-0.7530079,0.6005574,-1.8623207,-1.2597024,0.6930318,-2.028604,0.5120832,-1.4585739,-0.9059554,-0.0026630897,-0.053705234,-0.05310549,0.3452009,0.04359232,0.080101624,-0.4836879
1506,0.03131108,-0.8165692,-0.6987392,1.1645511,-0.48281068,0.17202099,-0.5715564,1.1734983,-1.7095822,1.9967922,-0.2343046,-0.39586112,-0.17339884,1.2616758,0.31421888,-0.7706753,0.32172683,-0.38809118,-0.06040536,-0.58530235,-0.9690804,-1.1513432,0.07439124,0.10243343,-1.1580286,1.2015761,-1.4487456,-1.7652905,-0.6910495,2.3625436,1.2023697,0.25780803
1507,-1.0445919,-0.7412976,-2.0588295,-0.3367653,-0.5917604,0.7535977,-0.65403235,1.8876158,0.2836252,0.029992655,0.60554874,-0.82801116,1.9548564,-0.5481922,-0.58761007,1.2966131,-0.8604762,0.16492862,-0.61390615,-0.72975564,-1.6857127,1.0632274,-1.222499,-0.32005832,-1.018222,0.009457309,0.86008805,-2.0013156,-0.51047826,0.40006578,0.68507606,-1.1920153
1508,-1.7654412,-0.07333888,-1.3882818,-1.3404604,1.681654,-0.53634495,0.52552366,0.36860406,0.82845896,-0.6977855,1.9521538,0.6787522,0.023385659,0.9736798,0.82851213,1.048097,-0.9486749,-0.28675568,-1.892454,-1.0434511,0.89017713,-1.5258915,0.44203985,-1.3159065,-0.12783511,-0.10400669,-0.543251,0.273318,0.45283037,0.094110414,-0.020489575,-0.6669784
1509,0.00911567,-0.537513,-0.5096497,1.0388854,-0.9041316,-0.058464903,-0.55915695,1.2868537,-1.8059965,1.9390212,-0.36354053,0.16710618,-0.3369862,0.58075815,0.4046774,-1.1019524,0.8344583,-0.04516409,-0.27530256,-0.5346537,-1.6328493,-0.9890569,0.110451065,0.20304355,-0.9250434,0.730637,-1.4876319,-1.8393245,-0.79730856,2.3989537,0.7850398,0.62839526
1510,-0.43860304,-0.39941314,-1.833354,-0.06380627,-1.5692644,-0.88700956,-0.052487835,2.316292,-0.0077130357,0.11369976,0.79010993,-0.5681876,1.3729259,0.12286665,-0.42672232,-0.85003966,0.1339068,0.27899408,-0.946511,-0.30756393,-2.5198536,0.2924403,-0.59270287,-1.142739,-1.483803,-0.0100978995,0.19266135,-1.6358379,-0.9205777,1.5247667,-0.66995674,-0.2666
1511,-1.1014299,0.1613882,-0.8271932,-0.47176996,0.9075138,-1.2875595,0.29118723,-0.84211755,0.19217943,-1.1664078,1.9983892,1.1900367,-0.7464163,0.4689356,0.74289775,-0.44377604,-0.80560994,-0.9478056,-1.4347708,-1.6979846,0.91283095,-1.0105077,-1.0141773,-1.0784483,1.3944545,-1.6169736,-0.5311083,0.035123795,-0.50793177,0.039748974,-0.35123086,0.77127755
1512,-0.3746278,-0.15584718,0.97308564,1.1393611,-0.27837542,0.6220632,-0.61373776,0.3926555,-1.7741165,-0.6405027,-0.20227376,0.67801404,-0.5416817,0.55446917,1.2739793,-1.2730697,0.9205468,-0.8601441,-0.8835551,-0.48362997,-1.023441,-1.2146777,1.7292094,-0.73524326,0.102785505,1.3893329,-0.07063965,-2.3823278,-1.5409982,1.1213348,-0.7942564,1.1070931
1513,-2.0041053,0.26447216,-0.9996768,-1.4842477,1.3157881,-0.3614089,0.9072404,0.16459,1.2365799,-0.7728031,2.0662491,1.0626659,-0.6850653,1.1436458,0.62250507,0.064376175,-1.2151945,0.08555131,-1.6835278,-0.3623829,1.2474998,-1.1424842,0.46802455,-1.125086,0.059522077,-0.34716457,-0.94457173,0.60579187,-0.112123094,0.12674257,-0.24864413,-0.33095402
1514,-0.5663353,-0.26733434,-0.12786767,2.179064,-0.13563934,-0.7490942,0.58379865,0.16844139,-0.7471776,2.0107481,0.31222555,0.31065863,-0.4964016,1.7924311,0.34862015,-0.33658147,-0.5116099,-1.4568383,-1.6272242,-0.77588636,-1.748836,-1.0377797,1.3704635,-0.37668392,0.09646659,-0.3104057,-1.4235817,-0.4531539,-0.21480988,0.7801806,-0.39807895,0.92708343
1515,-0.084568426,-0.44211113,-0.09733525,1.0668688,-0.9313711,-0.37160066,-0.604987,1.4242371,-1.7619084,1.5946763,-0.68879527,0.41623077,-0.6976279,0.47332036,0.1394661,-1.5991063,1.1789912,0.123743966,-0.12587377,-0.379191,-1.6573988,-1.006901,0.1642005,-0.06734751,-0.98056376,0.5042823,-1.1778708,-1.514691,-1.1598997,2.2774038,0.13006891,1.418527
1516,-0.3591596,-0.5114444,-0.7099165,-0.25867626,-1.5072669,-0.37942284,-0.22470747,2.6957572,0.09966208,0.11806604,0.4879333,-0.27980563,1.0200183,-0.28268677,-0.9887518,-1.2168906,0.079037435,0.5990243,-0.64049476,-0.16728015,-2.9313114,0.79050285,-0.6092681,-0.63271475,-1.5945224,0.006994634,0.2762027,-1.5218164,-0.8799378,1.5401182,-0.6961607,0.024188256
1517,-0.08137345,-0.49578077,0.5347741,-0.1049478,-0.19739385,1.2624134,-1.0053288,0.13526657,-1.1044072,0.9014342,0.063020505,-0.20320556,-1.2218723,0.1891435,0.8097622,-1.1593499,1.045372,0.56457436,0.46223068,0.91121584,-0.08260809,-0.2989087,-0.20587046,0.03619779,-0.56320244,1.8419867,-1.0287129,-2.4607134,-1.7356862,1.9647946,1.9587152,1.2443794
1518,1.1407447,-0.33031604,1.2690083,-0.68076074,-0.39750493,1.518348,-1.1872268,0.8811014,-1.1474774,-1.2223352,-0.29259562,-1.573356,-1.0955244,-0.38831708,1.3008367,-0.31110904,0.3418456,-0.23210727,-0.42846367,1.088068,-1.4864722,0.21703412,-1.200976,-0.9267529,-0.6762684,0.15476955,0.53076494,-2.7048285,-0.17781833,0.20459816,0.58255917,-0.8708915
1519,1.0678217,-0.34319195,0.72327524,-1.1061795,-0.22523579,0.67651784,0.26330084,1.3514457,-0.42991164,-2.5850074,0.8524443,-1.6677455,-0.14378157,-0.60389596,0.511237,-0.032341193,-0.6362763,-0.55060905,-0.5464482,0.5655716,-1.3847623,0.3726923,-0.99808747,-0.6152395,-0.6764069,0.2177676,1.03546,-2.2121158,0.8648388,-0.011603917,-0.6766019,-1.6329727
1520,-0.23462524,-0.71667504,0.08746727,1.3145511,0.6469604,-0.68300855,-0.12663452,-1.9627831,-1.1053382,-2.5459127,0.49605492,-0.06083678,0.067066565,0.40349215,2.1318595,1.0634674,-0.5566745,-0.3475475,0.031332634,-1.021323,0.4781081,-0.6229456,0.36964613,-1.2159677,1.9192394,0.004022626,0.15859255,-1.4739535,-0.17499243,-0.3265973,0.902085,0.4033545
1521,-2.2372277,-1.006064,-0.42289945,-0.6532773,1.501429,-1.384524,0.3281223,0.043085277,-1.2095555,-1.9418461,1.5955912,0.8957512,0.04676485,-0.16829044,1.2647179,0.82682645,-0.3052578,0.26337013,0.0027066125,-1.1457586,0.68241584,-0.6852085,-0.9982476,-0.2724328,0.98367107,-0.6194377,-0.70481104,-1.2861925,0.059688542,-0.8981594,0.9169577,0.42369398
1522,-0.4294987,-1.4028255,0.68647957,0.28322142,0.3295019,-0.7588859,1.0074973,0.11514526,-1.0035557,-0.9212959,-0.09370948,1.4387972,1.8177537,0.7745723,-1.6429464,1.0435137,1.1856185,0.8248182,0.91305274,-1.361838,-0.9358738,-0.9114473,0.38446066,0.09489812,1.2558551,1.2207747,0.26575965,0.58446425,1.2149649,-1.5445538,-1.0969843,1.1906028
1523,-0.91245747,1.9915509,1.73258,-0.5220527,-1.060274,-0.96092963,0.8600782,0.9848661,-0.4697923,-0.8474463,0.47984898,0.09424743,0.49917507,-0.93449366,-1.2358997,-2.8238533,0.36799014,-0.6155941,-0.058486138,-0.3812709,-1.3653374,-1.1767622,0.7948443,-0.39567664,0.33255106,-0.35823172,0.4860897,0.5273285,0.33103907,-0.79757,-1.8943152,0.408869
1524,-0.7258292,0.267727,-1.4632511,0.39611965,0.079435915,0.07557134,-1.1652448,-1.0042529,0.007356692,-0.8647143,1.1679771,-1.246104,1.1555808,-0.07291773,0.90458983,0.8152407,-0.050332937,-0.13283944,-1.1279583,-2.1222336,-0.466981,0.9742979,-1.471261,-0.66925097,-0.51077455,-1.7559977,1.3464873,-1.4639416,-0.0042811627,-0.5537149,0.89853287,-0.63877356
1525,-1.8128158,0.12009346,-0.86665523,-1.5725927,1.3001046,-0.79660714,0.65175325,-0.13624819,0.66798,-0.80834174,2.1036575,1.3195566,-1.0852529,0.91920716,0.920769,-0.0930045,-1.0556037,0.35957086,-1.1018323,-0.31067073,1.4833276,-1.2527908,-0.54775494,-0.92989546,0.5013086,-0.55929494,-1.4014422,0.5396256,0.023076167,-0.6969961,0.40626904,-0.04154745
1526,0.41290608,0.713551,-0.27559683,-1.7723273,1.3795013,0.08629033,0.2594004,-0.8646189,1.1918294,-0.7491372,1.3017004,1.0083054,-1.4815266,1.9292202,0.69574565,0.40767226,-1.1426805,0.47320965,-1.739766,-0.2591207,1.3737273,-1.0920355,0.8834131,-1.4782107,-0.83984923,0.5881768,-0.23966567,0.56499916,0.015438015,-0.56098473,-0.35255024,-0.25964102
1527,0.052550938,0.34973538,1.6121438,1.849198,1.1901066,-0.81605864,-1.0149974,-1.5560892,-0.04825623,0.4534116,0.16865318,0.12207555,-1.4648688,2.955055,0.82570946,-0.21465941,-0.6047769,-1.6021941,-0.4538648,-0.66510093,0.23336226,-0.4817005,0.67286766,-0.6560122,-0.35915527,-0.31883833,-0.07186576,0.0037652228,-1.05864,0.7871526,-0.26633486,0.8042005
1528,1.6532027,0.27239972,2.2980359,-0.52303606,0.5721063,-0.06956594,-0.8656312,-0.31643704,0.39308143,-0.09138109,-0.36436057,-0.5383083,-1.4908816,1.9107134,0.13949737,0.0524259,0.4051285,-1.0803919,0.19344395,1.1775857,0.19418111,0.8345423,-1.5071408,-0.71440744,-0.70144355,-1.6044656,2.0410929,0.83033043,-0.50419205,0.97123915,-0.6366656,0.46504313
1529,0.33112684,-0.79196423,1.5634599,0.6815993,0.78433216,0.39576352,-1.1936686,-1.5355154,-0.54679453,1.1982261,0.5418819,0.22396794,-1.6263521,1.7171803,0.8539599,-0.7149742,1.5268204,0.13995466,0.71723807,1.0660346,0.9425569,-0.5519869,0.24520762,0.24483524,-0.5225035,-0.36877823,0.32324842,-0.0054100966,-1.6243812,2.277465,1.1278083,0.8593122
1530,1.6132108,-1.0451659,0.6958573,-1.3389207,-0.106795885,1.005113,-0.43401736,0.04468922,0.32464156,-0.530517,0.5162678,-0.74449,-1.3389466,0.76285946,-0.6753435,0.47343755,0.7792918,-0.47609222,-0.25018382,1.9226539,-0.28851122,1.2752006,-2.073242,0.014983933,-0.9602826,-1.7508558,1.5120131,0.493473,-0.00134403,1.0850978,-0.7223354,-0.75238
1531,2.2878916,-0.8852227,0.85973024,-0.8461031,0.5144175,-0.08607059,-0.7592362,-0.079569496,-0.17420019,-0.77172476,0.36950314,-0.34707186,-0.92140955,1.3334804,-0.48929816,0.9214252,1.1214023,-0.44001392,-0.22583975,1.2102907,-0.35780844,0.9237598,-1.7031184,0.29726532,-0.8639097,-1.7751514,2.3788612,0.61276346,0.084627375,0.757982,-1.1032531,-0.43245146
1532,1.0799723,-0.1916667,-0.7932215,-1.09411,1.3882385,-1.0849535,-0.056899644,0.5559853,0.6542736,-0.90555304,0.3155805,1.7888572,-0.056725252,2.2301862,0.34376708,0.9447471,0.03911649,0.7977081,-0.9998407,-0.62903786,0.7940913,-1.5834962,1.3278517,-0.808612,-0.5761905,1.0787966,-0.127523,0.59019697,-0.23234877,-1.6246343,-1.2251887,-0.8468924
1533,0.8457742,-0.3676373,0.05671451,0.44280717,1.0304207,-0.36731875,0.17464136,0.9372599,0.3264145,0.40476665,-0.91210747,1.5305283,-0.44885698,2.1693203,-0.4447465,0.16578226,0.49502245,1.16207,-0.6290514,-0.7584743,0.579183,-1.6445346,2.2790446,-0.6390067,-0.04839542,0.62089425,-0.9371623,0.25122163,-0.19984517,-2.0834627,-1.5484041,-0.29705775
1534,-0.8731151,1.8800268,1.3705276,2.2176397,0.9820266,1.3120106,-1.4438208,-0.23473491,-0.06198907,-0.5475354,-1.0657419,1.1372513,0.38579035,0.028462814,-0.7674214,-1.5433471,0.6252058,-0.36217272,0.9221902,-0.116216,0.8118663,-1.084096,-0.9504182,1.1648941,0.29271185,-0.5881928,0.67960346,0.3884659,-1.6104678,-0.03877064,0.96318465,0.22809175
1535,0.28245446,0.720985,1.5057598,0.74338675,0.5634577,0.7064178,-0.416971,0.5565392,0.6657577,-0.63382494,-1.3701881,0.93110734,0.09837207,0.5408754,-1.4541786,-1.0020341,0.21763618,-1.8630182,0.37976655,0.30505276,-0.3619763,0.15711752,-2.3193538,1.195445,-0.07151612,-1.8272424,1.2797453,1.9077923,-1.0324533,-1.1021658,-0.16597214,0.0101484
1536,-1.1239218,0.07831494,0.1694472,-2.734682,0.80048007,-0.27839887,1.650122,1.6003027,0.72447884,-0.2020458,0.37171188,1.4446124,-1.3717136,0.6830085,-0.44240642,-1.1327084,-1.0740668,-0.4860678,-0.6906677,-0.043065853,1.8337197,-0.25892,-0.88228005,-0.3569054,-1.0013007,-0.031852618,-1.2121652,0.9930499,0.2577777,0.085782066,-0.2747896,-0.5308798
1537,-1.4883943,0.92076164,1.759201,0.10961335,1.694481,0.08833381,0.54078287,0.89842194,0.1661242,0.34564131,-0.8646688,0.6243158,-0.69253224,0.010097168,-0.4142827,-2.268285,-0.07755943,-2.008686,0.16616423,-1.3302937,1.6286533,0.5449118,-0.45906812,-0.49639145,-0.4242324,0.6558828,0.44004035,0.7134093,-0.14364052,-1.5069393,-1.1025414,0.63029253
1538,-1.1011008,-0.38344932,0.649075,1.0883689,-0.34941432,-0.45208013,-1.4079478,0.13982233,-1.2831957,0.9630161,-0.8030287,-1.2099283,-1.9495035,0.3852328,1.4220358,-0.09033417,1.8822491,0.34902206,1.0017302,-0.2160295,0.7290664,-1.5568836,-0.45792282,-0.69364285,-0.77801067,0.5444046,-0.46283486,-1.4985235,-1.0288666,-0.11368053,1.8129288,-0.6585284
1539,-0.8722059,-0.22456737,0.2944525,0.80212665,0.5532709,-1.076025,1.5767982,0.53468585,-2.1463583,-1.6723132,-1.2672373,0.48869413,-1.0725366,-0.056687087,0.06964053,0.13060439,0.18555038,-1.4148678,1.017396,-0.15575081,1.9012611,0.66980374,-0.01806371,-0.17561872,0.7974667,0.34683746,-1.015763,-1.7206438,-0.26736838,1.1001102,0.044129163,1.3706762
1540,1.1911489,-1.2134333,-0.7095192,-1.415435,0.016540635,0.14132719,2.243341,0.43521088,-0.89573646,-1.662198,0.6339327,-0.5377746,-0.3991485,-0.5457997,0.25078386,0.21059,-0.14718583,-2.8151367,-0.3420673,1.1252174,-0.74234325,0.8947362,-1.6401132,0.06118804,0.3029925,0.15219963,0.80507314,-0.4139496,-0.27011356,0.47234863,-0.4979256,0.6153402
1541,-0.43006966,-0.06294845,0.5069807,-0.22681913,0.6492218,-0.44604385,1.6740413,0.41037583,-1.8077062,-1.1897634,-2.1624866,0.010903547,-0.5990837,0.3651524,-0.75534266,0.09228367,-0.23550516,-2.372995,0.3363216,-0.1462491,2.3261364,0.5402951,0.23587209,-0.108458735,0.56103534,-0.10605284,-0.62536895,-0.98538744,-0.04053314,0.40326652,-0.90745306,1.0501134
1542,-0.32412055,-0.34068668,1.6828681,0.04323302,0.06568244,-0.09809169,0.03574957,1.3092703,0.325618,-1.0013711,-0.43360925,-1.5628861,-1.1057408,1.2287796,0.39489064,0.25982285,0.35343295,-1.3063495,1.34951,1.6368484,-0.3019586,-0.85489935,-1.4014336,-0.102864556,-0.72588456,-1.4563328,1.4747719,0.43577826,-1.1124061,-1.3179964,1.6058172,-0.4022599
1543,0.21572407,-0.45027983,0.64285445,1.2669103,-1.154022,-0.1518568,-0.07094355,-0.34013933,-0.94790244,1.2354816,0.3014732,0.6512537,-1.3823225,0.3867682,-0.96627736,-0.355914,2.494093,2.25527,1.1016715,0.44986618,0.2311006,-2.3606865,0.24241167,0.28545198,-0.5171502,-0.34922513,-0.7397535,0.07916071,-1.4497898,-0.37365228,0.889831,0.0017849306
1544,0.046331476,-2.2922316,-0.3386542,0.11308861,-0.36437172,1.6863352,0.5444007,-1.6225827,0.05691134,0.98443675,1.4045557,0.64981276,-0.9007299,-0.063969485,-0.29471532,-0.28766134,1.8015673,0.799175,0.39345533,1.1436468,0.23239313,-1.1935071,-0.20591097,0.63848907,0.09750775,0.92889535,0.21673064,0.35896316,-1.038897,0.20429176,2.4791481,0.018600615
1545,0.47980836,-2.2434888,0.22353338,-0.3184735,0.15093203,1.7567374,0.5528476,-0.89241433,0.772945,-0.1686532,0.34765875,0.31157967,-0.97332406,0.84015834,-0.15945858,0.4942019,0.7548922,-1.2289485,0.23828447,1.8704768,-0.85087675,-0.4271595,-1.2480845,0.51643705,0.1413128,-0.17762963,1.5381644,1.3316324,-1.029801,-0.58435,1.8389856,0.25167686
1546,0.39738333,-1.8549773,0.5072547,-0.83286476,0.26750898,1.3910842,0.7282804,-0.21497503,1.1033517,-0.5034043,0.26639593,-0.09548275,-0.46524823,0.81169564,-0.54464734,0.057699606,-0.12663676,-2.0383062,0.041056488,1.6196954,-0.99973714,0.53233767,-2.001982,0.5910708,0.23990616,-0.95954174,1.5540274,1.8338951,-0.3928334,-0.8671391,0.6918239,0.34973913
1547,-0.58233994,-2.0456967,-0.590477,0.39510718,0.2974654,2.7627995,1.3734338,-1.8647587,-0.42345694,0.46525633,1.1260517,0.82584184,-0.5900603,-0.40631965,-0.23512444,-0.8205884,1.0125544,-0.8377049,-0.11410112,1.1326275,0.36151168,-0.5089738,-0.14804399,0.98656833,0.7236098,1.3886231,0.44281718,-0.046655357,-1.2826709,0.55847025,1.1289092,0.95221466
1548,0.452144,-1.4899778,0.48168585,-0.32998887,0.7256878,1.345396,1.0622001,-0.21863663,0.17427815,-0.9430824,-0.44552612,0.09096919,-0.4032822,1.3053603,-0.6889331,0.13085683,-0.29838255,-2.7743077,-0.31337842,1.864134,-0.70010847,0.8273886,-1.4247069,0.6241227,0.06403748,-0.60208106,1.0114613,0.99692285,-1.2048142,-0.22180603,-0.1587471,0.97724545
1549,-0.35361758,0.2900458,1.4515238,0.07996272,1.3682489,0.3787232,0.6322793,0.26785526,-0.34826162,-0.76011324,-2.3922806,0.47779557,-0.4363097,1.5661826,-1.0658785,-0.28333363,-0.18196823,-2.667955,0.029665232,0.94060206,0.53467953,0.70730686,-0.5834745,0.79577786,0.025176967,-1.2225894,0.5567904,0.23500498,-1.0128264,-0.13171521,-0.4771113,1.5130523
1550,-1.3548694,1.754631,1.7833021,0.88687205,0.27974248,0.41113794,-0.37766308,0.6243453,-1.3923525,-0.027916284,-2.2350793,0.8770156,-0.75190526,0.15484418,-2.2490036,-1.4524366,0.054040514,-0.99562985,0.71035844,0.15852162,0.9195571,-0.49381158,0.13624622,0.7211222,-0.17747623,-0.713032,-0.75121874,-0.32266536,-0.6121256,-0.052973606,-0.6676908,1.2693677
1551,-2.0125985,-0.73179895,0.5138717,0.35774904,1.0010436,0.81972075,-0.016935853,-0.372218,-1.772725,0.20261033,-0.71775556,0.662206,-1.0105915,-1.0598979,-1.7846833,-2.1843722,0.7942134,-1.1784393,0.6716141,0.01270841,1.7372868,0.32161,-0.7208792,0.41936547,0.08266846,1.4006296,-0.10252137,0.13747405,-0.3899941,-0.056817267,-0.6515527,1.7918317
1552,-0.9937589,0.49549612,0.57789165,-2.721385,0.8291659,0.08196323,1.4155414,1.3560518,1.1613991,-0.287561,0.67536414,0.9506903,-1.3524482,0.9329861,-0.78348947,-0.73202354,-1.5410408,-0.14458987,-0.9165208,0.80568516,1.5162805,-0.46790633,-0.44518209,-0.49760476,-1.0018705,-0.16349173,-1.151977,0.96974516,0.30813757,-0.23654856,-0.09553514,-0.7407215
1553,-2.0254025,0.8268083,1.530935,-0.6094503,0.4277903,0.4910585,0.14290614,0.052531503,0.7583606,1.2249417,0.16495253,1.4794793,-1.680403,1.6825581,-1.038916,0.32737413,-1.4996959,-0.9740821,-0.7751485,-0.16823496,1.5970126,-1.202599,-0.579509,-0.47441533,-0.5888322,-0.5705114,-1.1360426,1.3230647,-0.33645993,0.10520089,0.15274358,-0.33834365
1554,2.8316998,-1.254632,-0.60591984,-0.33565146,-0.316994,-0.5073112,-0.04301222,1.02596,-0.3311775,-0.2483958,-0.6653353,0.3983404,0.6805797,0.8352555,-1.9614288,1.157863,2.0434968,0.5688567,-0.23630157,-0.8090028,0.04685752,-0.47949183,-0.24894774,0.5496107,-0.68753064,-0.9311606,1.0772125,0.14361559,-0.69300455,-1.7473179,-1.3696065,-0.008996715
1555,-0.671296,0.9205028,1.0773191,0.3204799,0.8724301,0.3901302,-0.8870716,0.47851345,0.0058831843,0.27443436,-1.4242275,0.7689944,-0.052109297,0.5625254,-1.6979913,-2.0643468,0.20283937,-0.7090408,0.97759145,0.023025446,2.374128,0.72583216,-0.8414728,1.399498,0.24443957,-0.6754862,-0.29384416,0.6797916,-1.579968,0.86043406,1.2964447,1.170975
1556,-0.974005,0.36692983,1.185343,0.44846722,1.1581645,0.50844145,0.8711728,1.6362091,0.015587257,-0.18030404,-1.8157002,0.28034526,-0.3906025,0.84899205,-0.323116,-0.5880128,0.12677611,-1.7843654,1.2613335,0.87009245,1.668875,0.0051388335,0.5238301,0.28562954,0.023526218,0.28054866,0.25574306,-0.87331134,-2.4703772,0.9492392,0.849939,1.4362501
1557,-1.0712755,-1.2379664,0.3746303,-0.6334499,0.12731102,0.9192862,-0.68101317,-1.0642687,-0.46610418,1.1479826,0.7786355,0.19377883,-0.24523346,-0.9294979,0.30086362,-2.329962,0.9971486,-0.6027694,1.0864778,0.4867123,2.1189704,0.49836934,-0.94729203,0.6815963,0.16915613,0.43538988,-0.58878803,0.5895362,-1.4170196,1.1849215,1.9154397,1.040387
1558,-0.9492525,-0.43560657,1.4786992,-0.2589557,0.8587205,0.73605406,-0.90428233,0.62669784,-0.29847375,-0.04549831,-0.97713524,-0.63455456,-0.61046684,0.6785564,-0.05637123,-1.154121,0.27858192,-1.3862349,1.5031738,0.9743942,2.486809,0.6503587,-0.90028894,0.24376197,0.32154387,-0.08880303,-0.6293769,-0.49307802,-2.1379237,1.2836804,1.529028,0.29929096
1559,-0.9592162,0.5935314,1.5708001,-0.37092307,0.8652538,-0.98587394,-0.96170896,1.1810987,0.22093685,-0.22757165,-1.1989676,-1.1449316,-0.15552753,1.2656653,0.532011,-1.3937187,0.026030842,-1.8398962,0.8896799,0.7838124,1.8354949,1.4729043,-1.313283,-0.21941297,0.043530107,-1.0457739,-0.19759901,0.6280934,-1.7753457,0.4632487,0.29655525,0.20617066
1560,-1.2834704,0.65271354,1.1790926,0.11787491,0.92582613,-2.0201585,-0.112990744,0.640713,0.19628371,-1.0767447,-0.083826564,-1.327518,0.3180233,1.601227,1.0062222,-1.9282998,0.18615447,-2.0159836,0.18155405,0.14470875,1.0093337,1.1828293,-0.49636227,-0.9386333,0.64479417,-1.269916,0.30403638,0.8980793,-1.2537503,0.13053103,-1.0418445,0.028906567
1561,1.4963871,1.1742764,0.22624722,-0.90701795,-2.07405,-1.414612,-0.20113392,0.83641064,-1.8592529,-0.3284828,-0.43610385,0.47502175,0.8148359,-0.4242139,-0.14014326,-1.2226369,-1.0032253,-0.17628716,-0.3374293,1.12836,-0.76300997,-0.27510124,-0.12608433,0.39514035,-1.236757,-0.59325767,1.0684384,1.7724471,0.8312955,-1.4858797,-1.5171041,0.0028424384
1562,0.9856577,-0.20627066,-0.49257925,1.107161,-1.2331886,-1.5468062,-0.04442087,-0.2665535,-1.7023145,0.099409245,-1.1646,1.0329841,-1.3246394,0.051751103,0.5971923,1.3611504,0.5660846,0.64222014,1.1147066,0.36504233,0.5876088,0.0348784,0.89967537,-0.89987636,1.2254775,2.2764034,-1.3045795,-0.037672672,0.9084422,-1.5331845,0.9668785,-1.307313
1563,0.66379344,-0.3979462,-0.110230796,0.5327868,-0.5309128,-0.7872041,0.18526715,0.43962353,-2.2229125,-0.04566468,-1.9005585,1.1235502,-0.56119406,-0.4075468,-0.5540389,1.1187892,0.7018533,-0.6838599,0.9249628,0.61309534,1.4793941,0.17967694,0.6672008,-0.39435413,0.12143413,2.959869,-0.5277669,0.7999587,1.0475168,-1.6967123,-0.41121593,-0.05822195
1564,0.70059216,-0.25907254,-0.9832954,-0.045590594,-0.38111228,-0.3471478,1.0811814,0.30898163,-1.6755875,-1.0879709,-1.6565946,0.9506615,0.2113971,-0.46679732,-0.87261105,0.3753761,0.054680243,-1.1311817,0.039547946,0.09894933,1.2375424,0.2486924,0.5215073,0.034506418,-0.6329764,2.4320154,0.54785717,0.87854683,1.8787296,-1.9614085,-1.840638,0.23901182
1565,0.15820046,-0.044348974,-1.5803274,0.2658537,-0.55367357,0.39526668,0.9617159,-0.16225661,-1.7563964,0.8001431,-1.3900176,0.9028935,-0.42223075,-1.1778177,-0.1170856,0.43554413,0.70570415,-0.63035977,-0.20717007,1.0508891,1.4504665,0.29309827,0.98776615,0.17675966,-0.92516345,3.7368405,-0.39917296,0.11005314,0.9878251,-0.9072224,-0.2758999,-0.07762299
1566,1.6248065,1.034318,-1.2144061,-0.03765233,-0.8882265,-0.89200824,0.6435418,-0.030815568,-1.5092142,0.12189888,-1.2842107,1.2758806,-0.56556207,-1.3221737,-0.29231143,-0.27815926,0.76330954,-1.1637878,-0.8406564,0.8437248,-0.23804799,1.47818,-0.40936273,-0.071421236,-2.110823,1.7091732,-0.0381992,0.73353475,1.8049035,-0.7470617,0.28075552,-0.3668884
1567,0.7190678,1.115126,-1.3046949,0.6413967,-0.66959435,-0.9158835,0.63743776,-1.9644101,-0.6710853,0.257302,-1.0792197,1.1548512,0.021833662,0.13734265,-0.49411973,0.8531355,0.08338768,-1.6715621,-1.0127237,-0.96220136,2.1846693,0.43005648,-0.14684905,-0.7424212,-1.5244178,1.297734,-0.18098243,1.1014696,1.4518601,-0.3940891,0.40920085,-0.81710243
1568,0.9694344,-0.5116026,0.86743325,-1.3119941,0.3393392,-1.6475242,1.0718987,0.54027694,-0.23310845,-0.5644105,0.545438,1.2515793,0.4304407,1.2096218,0.030231874,-0.19985157,-0.5491974,0.53792405,-2.0608332,-0.48072264,-0.23296215,-0.39944273,0.8159094,-2.5149107,0.25272796,-0.4219983,0.262098,0.76414293,1.3689451,-0.50713754,-1.5499696,-1.2293788
1569,-0.13629876,-1.971004,0.20616394,-0.5412044,-0.3874403,1.0718178,0.7394141,-1.4010192,-1.0058099,1.702862,1.2938011,-0.012969596,-0.66793984,-0.5988243,0.5934078,-0.5210339,1.0494045,0.7127352,-0.05330443,1.558758,0.81298935,0.24828096,0.013887324,-0.09547428,-0.22752605,1.3869896,-0.9945821,-0.6525568,-0.4648581,2.1178396,1.7057236,0.35539365
1570,2.058511,-1.8887755,1.0177946,-0.96365935,-0.5139292,-0.18332142,0.15995376,-0.21005665,0.033830836,-1.1610799,0.7822531,-0.23864447,0.63218486,0.45522675,-1.4259498,-0.30812585,0.20914954,0.63549274,-0.21843083,1.9945661,-1.0601971,0.9002647,-1.4046648,-0.8871241,-1.2261586,-0.23986933,0.42278057,0.8985349,0.7666755,0.77606326,-1.0893056,-0.6870671
1571,-0.4362388,-1.8574767,0.8338666,-0.15169673,-0.059316855,1.0444423,1.0779492,-1.1695567,-1.3434167,1.9881616,1.2631507,-0.2524439,-0.1464199,-0.08625493,0.62051517,-0.58900464,0.8008779,0.23125759,0.48512745,1.3996425,0.69353384,0.16765071,0.3959689,0.38041133,-0.024058001,1.4356402,-1.33706,-0.58389825,-0.017817276,1.9888293,1.7424748,0.4289015
1572,-0.15561813,-1.3683217,1.013098,-0.18493065,1.4849087,-0.4889947,1.1057547,0.6542924,0.27104858,-1.009595,0.87123054,0.4077659,1.3123429,2.8386946,0.08747194,-0.2443041,-0.4154827,0.18158244,-0.24774589,0.4013193,0.8313102,-1.5970819,0.4384753,-1.1637803,-0.1638189,-0.33068377,-1.0559392,1.6423856,0.77328074,-0.570763,-1.2013558,-0.80088735
1573,-1.0202172,0.5554404,0.92279166,1.8429619,0.17261738,-0.2519025,0.89306104,-0.9608415,-0.25208262,1.4034815,0.7655038,0.54441816,0.9828051,2.2227893,1.1199263,1.1527219,-1.3925661,-0.67163086,-1.3255327,0.21767038,-0.8255037,-0.3531438,1.6924828,-0.46044636,-0.083830744,-0.17077908,-1.6556965,0.78953385,0.9073678,0.3616936,0.1783756,-0.33537036
1574,-1.0127472,0.13492382,0.81164545,1.4448818,0.5939833,-0.6952786,1.1295455,-0.7307922,-0.2583108,1.1499786,1.0270687,0.38168395,0.98133886,2.7310534,1.2270774,1.072314,-1.2206407,-0.4719524,-0.7195749,0.44595584,-0.072216235,-0.99312437,1.2784966,-0.83493924,0.3033964,-0.4008752,-1.7173201,0.95335144,0.83806,0.16891366,0.01899153,-0.5487428
1575,-0.5862179,0.043855183,0.7480239,1.809188,0.4780603,-0.8650242,1.0739745,-1.033586,-0.6016333,1.3638829,0.83654076,0.06752337,1.3533955,2.8362336,1.0530432,0.53843266,-0.9014862,-0.7204327,-0.5160426,0.0025876032,-0.39458606,-0.5725785,1.2937132,-0.35756937,0.5612749,-0.56482905,-1.6152174,0.9370175,1.1414753,0.2273868,0.009428096,-0.42852992
1576,-0.23799513,0.15300927,1.0002635,2.2040799,0.1371486,-1.5026971,0.8127034,-1.2744988,-1.0076321,1.2682269,0.7000749,-0.40213314,1.5255082,2.6413548,1.1076756,0.57540196,-0.6209708,-1.0899074,0.2643648,0.019446097,-0.40690672,-0.15711568,0.8111065,-0.20896764,0.95461357,-0.81786793,-1.1632787,0.45618448,0.7546888,0.47229877,0.23402432,-0.3925461
1577,0.8406878,-0.73707306,-0.4426882,0.5057162,-0.63085246,-2.1266694,-1.145369,-0.057448655,-2.41698,0.7111848,-0.20448937,1.2631366,0.45507476,1.0884175,0.5216125,1.8799119,0.20453535,-0.22488283,1.4067266,1.0475838,0.10761077,-0.06461991,-0.014779311,0.09983473,2.4544392,-0.08469063,-0.8064268,0.23796251,0.3776649,-0.76498544,0.7064918,0.20046525
1578,-0.3175024,0.10739454,0.13731214,-0.086809084,-0.40291336,-0.3111049,0.2948468,-1.8201025,-1.7883105,0.7065605,-1.1978128,1.686795,-1.8670174,-0.855111,-0.26154768,-0.138594,0.97198236,0.36485803,-0.3758316,1.1552924,0.56932956,0.7371634,0.8977848,-0.1742658,-0.7818029,1.4447814,-0.24416524,-1.2356768,-0.42457095,1.40339,1.9319115,0.959794
1579,-0.3749455,1.7886734,1.3763964,0.30037028,-0.33950442,-1.5876659,-0.28251898,-1.0643241,-0.6997512,-2.3940992,0.40907535,-0.6317959,-0.5046978,-0.4583042,-1.8557876,-1.2968197,-0.3226869,-0.9066183,-0.549146,0.6278211,-0.0025010237,1.0690588,-0.54224294,-0.7629331,-1.2973466,-0.2804983,1.6494765,-0.23767528,-0.7209284,1.1422935,-0.9242128,0.6840301
1580,-1.4280778,0.5989983,1.5715218,0.6460567,0.12840232,-0.5024006,-0.9862184,-1.0020417,-0.6222254,-2.5623267,1.1102684,-0.8708589,0.106776915,-0.056478832,-0.9959307,-0.59821814,-0.6533468,-1.3099582,-0.6568872,-0.37786546,0.727495,0.6117884,-1.1148473,-1.0159974,0.5537454,-1.6912879,1.2358044,-0.23636258,-1.4237202,0.97712356,-0.7372296,0.2739512
1581,0.54544157,1.4391216,1.5417007,0.8819215,-1.0581739,-1.2853553,-0.3143751,-0.81577116,-0.7405933,-1.7477039,0.13501675,0.5241805,-0.27779323,-0.1376903,-2.0751698,-0.71967214,-0.24684383,0.2852049,-0.23447663,1.6185882,-1.0056832,0.30032325,-0.41124082,-0.6474002,-2.045838,0.3909905,1.6728956,1.0030589,0.40630257,0.3174618,-1.1303749,0.20231375
1582,-0.15899974,0.4701151,-0.6826683,-0.9023095,-0.15736625,-0.11449186,-0.02558023,-1.9195955,-0.09088276,-1.399297,1.6362921,-0.1073373,-0.4870512,0.5764516,0.9502765,0.98235494,-1.1408776,0.05139131,-1.817731,-0.75765663,2.0755172,-0.39620596,-0.3038042,-1.4645051,-1.0951207,-1.1606164,-0.47051916,1.0688136,1.0260661,-0.69359696,0.39446083,-1.4557427
1583,0.23659113,0.79498273,0.08383242,0.5667615,-1.539985,-0.54028225,-1.6445105,-1.6780232,-1.4395626,-2.269038,1.4464397,-0.119195215,0.9394004,-0.9389792,0.47179583,0.8786507,-0.60404253,-0.032924738,-1.5256943,-1.0272409,0.06138141,1.0804032,-0.6817494,-0.2843956,-1.1172962,-1.8181973,0.86623406,0.019532844,-0.0025286658,-0.45799842,0.47137788,0.18640949
1584,1.1031193,0.64338416,-1.1416134,-0.2307506,-0.7329433,-1.0641456,0.9113926,-2.0612736,-1.2430276,0.025054993,-0.89371115,0.74631554,-0.020764336,-0.5406678,-0.43804872,-0.09603586,0.07434713,-2.246505,-1.2701327,-1.0128933,1.8034132,1.1760442,-0.36514062,-0.31122723,-1.6005633,0.8789339,0.70714605,0.590806,1.3658601,0.03696974,-0.07510267,0.19976543
1585,-0.8994005,0.11021412,0.27586636,-1.0848796,1.0569113,0.89598024,0.94129723,-0.34261796,1.1097131,-0.96968514,1.6285402,0.7742903,-0.02600868,1.7809547,0.25755924,0.582469,-0.9808581,1.358275,-1.4635847,0.03905195,0.3499124,-1.7941039,0.102357894,-1.5480961,-0.86118937,-0.3512472,-0.8235089,0.9482676,0.9510266,-0.92394286,-0.23765467,-1.5665131
1586,0.44552693,-0.7341872,0.039728522,-0.48446646,-0.33094317,0.66565204,0.40181762,0.3043878,0.27362466,-0.8843004,-1.7199395,-0.3536837,-0.6591696,0.5379058,-1.4982132,1.2176751,1.0796685,0.24233398,-1.5111519,1.4040397,-0.33854252,2.1812754,-0.38424602,-1.6464238,-0.513494,-0.6536269,0.38486698,-0.58879197,0.63196397,-0.6793506,-1.7348768,-1.4856843
1587,0.23412694,-0.3804108,0.6666816,0.16485369,-0.6247883,-1.8947979,1.3551953,-0.713264,-0.8014767,0.27494073,-1.1269547,1.9048293,0.42202958,-0.82727367,0.54029465,1.9294827,0.5093058,-0.56445456,-0.333998,-0.9561881,0.69792444,0.16216224,1.7552109,-1.7937008,1.7011685,-0.58159935,0.45536754,-0.16219883,1.0936848,-0.6859673,0.6479863,0.18127935
1588,-0.74890196,-0.9695315,-0.40267566,-0.37429368,-0.07142537,1.5291374,0.29284072,-1.0312958,-0.5970867,1.0738523,-0.79414636,0.23441486,-1.6533904,-0.8843773,0.11278486,-0.12666304,1.6211694,0.75337887,-0.36419767,1.4210169,1.7857265,0.87467235,0.32550153,-1.1847454,0.020231502,0.9191571,-0.57220864,-1.7086204,-1.3125945,1.2532632,1.1140511,0.39600354
1589,-0.38856217,-1.0528996,0.52283317,-0.36937612,0.22909267,0.32916507,-0.58478904,-0.32539093,0.71554756,-0.9697211,-0.62446946,-1.4028412,-0.80856717,0.02360357,-0.42878467,0.4401634,0.78316027,-0.089074835,-1.2845296,1.9812585,0.61288303,2.7873368,-0.33908665,-1.7654624,-0.03757828,-0.8667477,0.19955057,-0.5185951,-1.0425574,0.5552959,-0.35191536,-1.164183
1590,0.27807155,-1.0103326,0.693669,-0.51568973,0.16454476,-0.1877223,-0.39179075,-0.080176555,0.9860651,-1.1124595,-1.0076452,-1.3396815,-0.63038033,0.11029434,-1.0795301,1.392992,0.3469283,-0.4302403,-1.1910255,1.4541537,0.6191626,3.0824182,-0.6813116,-1.378379,0.20052688,-1.0578461,0.37234005,0.27555296,-0.1591244,-0.049390737,-0.74208343,-1.3101488
1591,-0.4756607,-1.1589466,-0.18770278,0.73913157,1.125842,0.09342436,1.4085556,1.5479556,-0.29510993,0.4457265,-1.6836406,0.7349135,-0.21797682,0.2588537,-2.000952,1.230085,0.52138084,-1.06064,0.5468425,0.5152109,1.756585,1.096722,0.7698618,-0.39695263,2.3550344,-0.2795387,0.56318456,-0.7614941,0.12579769,0.49944448,-0.8821271,1.3176087
1592,-0.53539,-0.42462847,0.23993908,0.76667565,1.4518542,-0.15790518,1.1084232,1.8168637,-0.33611202,-0.12129707,-1.8110912,0.8139225,0.41795665,0.512758,-1.6464063,1.2707583,0.08001583,-1.5608019,0.5818909,0.083403036,1.4659982,0.92641294,1.0336149,-0.40037525,2.4441972,-0.8226979,0.75922966,-0.7755414,0.28159308,-0.089363754,-0.9391346,0.9824822
1593,-0.5904474,-0.19205414,-0.22212131,1.339804,1.424316,0.08549547,-0.6519955,0.01009502,-1.0336227,0.4868299,-2.0349643,0.21606754,-0.78084844,1.4401087,-1.0096496,0.44755557,1.5659858,-0.7870881,-0.60920596,0.53597826,2.1168969,1.4724687,1.3145491,-0.30122754,0.6352005,-1.4204314,-0.31732866,-0.7781667,-0.23880853,0.36368707,-0.69569093,0.77730864
1594,-0.14710242,-0.105195366,-0.1419918,0.20163001,0.8125127,-0.032946788,-0.5822503,0.083170116,0.015021928,-0.8051523,-1.2219073,-0.98595715,-0.18702708,1.5204701,-1.4355564,0.9004605,1.1753505,-1.2789692,-0.8653234,1.2590966,1.1107733,2.6083565,-0.60234773,-0.67136735,-0.23266684,-2.1902666,0.47624722,0.4435898,-0.25020507,0.41330823,-1.491268,-0.44630435
1595,-0.30318597,0.91217166,-0.18827784,0.20393722,1.7945269,0.20216382,-0.9856164,0.4460491,-0.57620865,-1.479845,-1.2749736,0.51499724,1.0073043,1.3530442,-0.85695225,1.4616098,-0.046929225,-2.2240672,-0.27255365,-0.1704584,1.1647618,1.4871919,0.23482372,-0.5176016,1.0845975,-2.370968,0.8642068,-0.7870966,0.17385079,-0.17308906,-0.5684915,-0.22975175
1596,-0.45042595,1.23439,-0.14355221,0.94186884,0.7217702,0.25694174,-1.7258534,-0.8486851,-1.2920178,0.58037925,-1.5664662,0.8814381,-0.21521299,1.0321437,-0.8768037,0.075698525,1.9170618,-0.4288747,0.12572029,0.26361248,1.3755248,0.38772762,1.2462711,0.06355954,-0.5763134,-2.1966662,-0.49396947,-1.2122681,-0.41447315,1.0226269,1.2745297,1.3398776
1597,-0.8613543,0.3262845,0.6627191,-0.31310457,-0.315185,1.2254959,0.15676637,-0.7826358,-0.66222936,1.3948658,-0.13052869,0.618435,-1.0196301,-0.14047542,-1.0899127,-0.86380875,1.3098398,0.19155703,0.76730245,1.207348,1.4727896,-0.010124712,0.9089972,-0.065805666,-0.4085763,-0.2778818,-0.4303646,-1.6529168,-0.90637773,2.1335616,2.3068635,1.6458899
1598,-0.4587915,1.3180629,-0.5098972,-0.8399071,-0.380478,0.32300553,-1.4062147,-0.38508677,-1.0422908,-1.4092014,0.27355933,-0.51056457,1.3265121,0.16924115,-0.31135422,1.4684743,0.09424574,-2.0986884,0.00745942,-0.63537747,-0.35826647,1.5365208,-1.6426468,-0.31626597,-0.22979306,-2.6355913,1.3948792,-0.856727,0.06830031,0.5203486,0.56296486,-0.9174995
1599,-1.4279401,0.8609763,-0.5967569,1.6861501,0.9535682,0.42116526,-0.8451517,-2.0578604,-0.85033906,-0.54832536,0.5601214,0.46750456,1.8827534,1.7076182,1.0947776,0.47337994,0.20221183,-0.38050827,0.20271204,-1.4261239,0.494172,-0.0227118,0.49443376,0.0053073866,0.59491354,-2.2590811,0.25791052,-0.55672777,0.28262836,0.65811586,1.0810841,0.47408813
1600,-1.0304028,-1.6637517,-0.71578264,0.59051853,0.3067156,2.4738448,0.41805097,-1.8056751,-0.13453971,0.75350827,1.0868518,1.0072428,-0.38147384,-0.70191234,-0.0301264,-1.3779778,1.5421257,0.1606514,0.19486879,0.9169056,0.6742568,-0.8684827,-0.82542396,1.1264473,1.2574158,0.9399453,0.571408,0.2894191,-1.3720849,-0.065133505,0.99545866,0.8575838
1601,1.612018,-2.605322,-0.7151859,-1.2087711,-0.001273184,0.8866144,0.76830584,-0.64632887,0.6170447,-0.3069517,0.8555955,-0.072078474,-0.30691963,0.66465694,-0.47799072,0.33551434,1.1649345,-1.6221311,-0.25276494,1.871243,-0.60252506,0.3910204,-1.0326675,0.617874,-0.35149592,-0.5809649,1.0927005,1.1689291,-0.8537075,-0.5369474,0.1230402,0.511195
1602,-1.1193132,-2.0151176,-1.2650546,0.34718284,0.3063681,2.3250089,0.11064853,-1.5332196,-0.5133989,0.910261,1.2627642,0.48150834,-0.68127036,-1.0708262,-0.16383317,-1.3924232,1.5345473,0.10908633,-0.07655367,1.0287782,1.2349045,-0.12742376,-0.8615055,0.6112513,0.4427478,1.7322823,-0.22332421,-0.11699713,-0.83933735,0.21452625,0.8551314,0.38686493
1603,0.6279656,-2.5734346,-1.1550651,-0.82809883,0.25384647,1.4786042,0.14013484,-0.9780158,0.54111123,-0.13618347,1.33238,-0.346161,-0.687881,0.42356205,-0.65887564,-0.20381068,1.0499092,-1.0791974,-0.95075333,1.8030447,-0.5010772,1.2166876,-1.7687094,0.4739908,-0.8819972,-0.41030866,0.863714,1.0286218,0.054794714,-0.11996646,-0.14130768,0.31473216
1604,1.016669,0.68449193,-0.50094545,0.19618432,-0.5389064,-0.8037836,0.526277,-1.3826888,-0.8819172,1.8909206,-1.7298247,0.6759759,-1.4731017,0.1777711,-0.007975272,-0.17396334,1.5573086,-1.3297766,-1.494474,0.34444347,1.7333437,0.74676305,1.243799,-0.3183679,-1.4294431,-0.013223478,-0.724436,-0.087560594,0.57046986,-1.3190016,0.59354675,0.058710482
1605,0.8472805,-1.9674495,-1.3225805,-0.30187452,-0.11608395,1.6311208,0.008012883,-1.4704603,0.70061916,-0.5885987,1.424141,-0.8793609,-0.3214749,0.18286835,-0.5639582,-0.5186653,0.74909145,-0.58783895,-1.6155224,1.8997523,-0.1324429,1.4185048,-1.4902523,-0.06319142,-1.5020839,-0.43584082,0.45304057,0.5277056,-0.20748231,0.026706144,-0.64347816,0.13930255
1606,-0.7240204,0.25555107,0.36962926,-1.3607674,-0.23933564,0.16051884,-0.71307313,-0.6383332,-0.049129087,-0.5886884,1.4576423,0.6228507,-0.72055405,1.2915212,-0.311459,1.1860774,-1.6363646,0.74383485,-2.1220794,0.054033916,1.7718217,-0.78095645,-0.5917105,-1.0879862,-1.6271178,-1.638725,-0.9332919,1.2503422,0.539324,-0.98528457,0.35673463,-0.7259884
1607,0.72621715,-1.7125002,-0.45511568,-0.32812545,-0.08179994,0.8926292,-0.39415547,-1.2777798,0.6585033,-0.88372666,0.92424583,-1.3833888,-0.19225511,0.22871104,-0.38616607,-0.5050913,0.2843595,-0.5175602,-1.4140453,2.085148,0.13356192,2.2512832,-1.5361317,0.09482651,-1.2636652,-1.0199721,0.63583577,0.7636272,-0.560398,0.08042613,-0.64293605,0.49803934
1608,0.57495403,0.43139452,-0.03670455,2.0997937,-0.8767564,0.011058741,-0.63857245,-0.92544055,-1.6406686,1.2339224,-0.21288045,-0.24565084,0.84336084,0.9430953,-0.28534928,0.6349005,2.3563168,0.9960499,-0.15284328,-1.7832892,-0.23936914,-1.1723201,-0.6183439,0.63350034,-0.08397835,-1.5907012,-0.68510276,0.6504029,-0.31499425,-0.32168058,0.022087928,-0.7139428
1609,-0.7749186,-1.9195375,0.23865995,0.99767935,-1.0040903,0.7264389,-0.1425175,-1.4917696,-1.0720028,1.5510236,1.041983,0.10920117,-1.0512617,0.56831664,-0.10433606,-0.10809495,2.2642488,1.8070681,0.6100262,0.69286466,-0.08835735,0.03598436,-1.1543653,0.8022822,0.2402401,-1.0011865,-0.91015923,1.0199134,-0.5906206,0.96553755,0.85934436,-0.6441994
1610,-0.31188816,-2.7976367,0.49740064,-0.23229645,-0.9868859,1.163665,0.39966637,-0.23540872,-0.23206148,0.61564267,1.3998682,-0.0038059137,-0.936678,0.34993535,-1.063885,-0.3777425,0.97075355,0.9723017,0.5204435,1.4456507,-0.641786,1.1897426,-2.3004098,0.7331464,-0.51977956,-0.85824955,0.3672253,1.5922227,-0.16216446,0.4482055,-0.025306085,-0.30400345
1611,0.937474,-2.593417,-0.07654951,-0.8584622,-1.1642416,1.0258288,0.2206741,0.36012882,-0.5011513,0.10492791,1.065502,-0.34804916,-0.7458125,0.19504821,-1.9765198,0.034999337,0.7277368,0.29665202,0.12986913,1.1424402,-0.63162017,1.1946522,-2.265083,1.0483556,-1.1515164,-1.1266259,0.5832665,1.5928094,0.382176,0.07716016,-0.24561144,-0.17179154
1612,1.2418013,-0.8055576,-0.85397935,0.8701311,-1.0109664,1.4906541,0.2976635,-0.0076102237,-0.25133124,1.5069287,-1.0053122,0.13547915,-0.2788782,0.07253155,-2.0880344,-0.41098744,2.3356001,1.6117691,-0.5137627,0.030688073,1.5291815,-0.86920184,0.84268343,-0.01935953,-1.2735014,-0.34838045,-1.276951,-0.049028993,-0.34586486,-1.5233932,0.5160819,-0.25851324
1613,1.2988795,-0.75521034,-1.1230183,1.142142,-1.0034626,1.0264462,-0.49381328,-0.21429814,-0.51999545,0.97795296,-0.9263178,-0.7714584,-0.6950715,0.2610397,-1.3116056,0.13624346,2.5083013,1.023244,-0.57797194,0.61496025,1.458411,-0.68513966,0.38046846,-0.24303539,-1.9164584,-0.69539374,-1.3666106,0.055984292,-0.5163062,-1.7121189,0.42374855,-0.88176984
1614,1.4713113,-1.9035676,-0.8318249,-0.5634224,-0.3185455,0.48145786,0.9764568,0.9859674,-0.06747091,-0.58837855,-1.239084,-1.2823263,-0.22644402,0.19796742,-1.1461754,0.01516215,0.728659,-1.1673422,-0.5965628,1.0925182,1.0847952,1.6883296,0.12239655,-0.52033496,-1.6542093,-0.53023964,0.13889444,0.4862536,-0.3804193,-2.3930995,-0.9115618,0.5366105
1615,-0.35732898,-0.8900816,0.110780455,0.019752175,-0.21696305,1.8026241,0.86126614,1.0077351,-0.48152262,1.532404,-0.27339485,0.5839204,-0.76492935,-0.85603607,-2.510075,-2.2220197,1.3764516,0.7717744,0.15832232,0.110095896,1.6271433,0.049832743,1.1088556,0.34629092,-0.08467703,-0.56133795,-0.33346692,-0.7701205,-1.165568,-0.059879348,1.403427,1.4418799
1616,-1.02392,-0.018360686,0.10893721,1.0128199,0.97484255,0.10494696,-0.2182358,1.058576,-1.0062971,0.6650866,-1.6178471,-0.53774816,-1.0173697,-0.15341374,-0.5527097,-0.90454465,1.4361506,-0.26510337,0.2925347,0.51775247,2.2531896,0.89023304,1.7142369,-0.34635913,-0.019794103,-0.93194497,-0.32575038,-0.7776817,-1.8769644,-1.1538371,0.8653789,1.5959903
1617,0.2953434,-0.71523035,-0.750734,-0.1588625,0.6296872,-0.30673012,0.30165005,1.1727301,-0.18737924,-0.3994165,-1.8383679,-1.2611051,-0.53407305,-0.043728605,-0.73326886,0.7717663,0.579172,-1.2255784,-0.7250918,1.1638728,1.4553002,3.1732464,0.53773427,-0.43489265,-0.735306,-0.7191884,0.21802363,-0.29264805,-0.5562718,-1.2015717,-1.0188979,0.459533
1618,-1.4770528,-0.42874008,-0.097267605,0.21176934,1.1019086,0.37416375,0.62611985,1.1793294,-0.66135144,0.7748972,-1.0313035,0.04105626,-0.9409089,-0.5442907,-1.0321258,-0.3284668,0.77800924,-0.92307645,0.47342396,0.71871954,2.425311,1.5689576,1.3263757,-0.1678997,1.021644,-0.3849966,-0.18170068,-1.0121119,-1.8075724,0.15186998,0.5377115,2.0815954
1619,-0.86840606,-0.367078,-0.39749825,0.3275573,1.1546999,-0.8214009,-0.29754227,0.53550696,-0.86051583,-0.4662371,-1.4147614,-1.2874743,-0.41901815,0.45087606,0.3888138,1.7211077,0.5600338,-2.3368356,-0.30215034,0.14068076,2.0470748,2.0252678,0.34445173,-0.72711617,1.2417526,-1.1466888,-0.16544451,-0.60563153,-0.8675141,-0.72981894,-0.29571393,0.38242665
1620,-0.8256751,-0.46880627,0.66079783,0.12928736,1.4285011,-1.3361957,-0.56703836,0.6199127,-0.3159908,-0.58349776,-1.284165,-1.087018,-0.31758916,0.1840365,-0.101635605,1.950412,0.40899357,-2.2615404,-0.22568876,-0.029602017,1.8215358,2.2199461,0.15409133,-0.83521605,1.6904277,-0.95041895,0.4365899,-0.16955253,-0.57584023,-0.4382068,-0.06030281,0.3196986
1621,-1.6947591,-1.0895003,0.44392034,0.4866509,1.2311932,0.16027375,1.4090796,1.328636,-0.25508323,-0.06772172,-0.68308556,0.4779326,-0.1306998,-0.37957928,-1.0279865,0.348176,0.12179197,-1.4823197,1.3267314,0.55953133,1.891239,0.8886872,0.7011622,-0.50330836,2.5730832,-0.51250774,0.45002288,-0.8916114,-0.9751427,0.5835483,0.17681615,1.879288
1622,-1.2395741,-0.9694719,0.13816313,-0.3959759,0.24844287,1.67504,1.2730798,-0.16416544,0.30390492,0.9607504,0.73352027,0.18891805,-1.3538467,-0.8724437,-1.1308193,-1.3337859,1.4206839,-0.008171441,0.5743994,1.6552546,2.1758907,0.2515278,0.43611178,-0.31083435,0.23854685,0.6069898,0.20108433,-1.1168501,-1.0555506,1.3480452,0.60610485,1.3011533
1623,-0.6875733,-1.4038336,0.2195127,-0.6239165,0.2472427,0.61765534,0.1864049,0.34503797,0.6789168,-0.64571136,0.44542012,-1.7167479,-0.60997856,-0.44786936,-0.62918144,0.2237608,0.3685421,-0.6653973,0.14957789,2.3218822,0.8542974,2.6664102,-1.1598411,-0.1069201,-0.06959605,-1.2978591,0.4536184,-0.13177145,-0.8843706,1.3129057,0.056735177,-0.41894957
1624,-0.56690353,-1.0029733,0.5317125,-0.190414,0.63701123,-0.5132035,-0.7874149,0.25780198,0.7623808,-1.2671247,-0.041890517,-1.7103827,-0.33865932,-0.44466516,-0.56207633,1.2930843,0.079499714,-1.1601294,-0.2995532,1.2336868,0.81611276,3.0459146,-1.1977437,-0.63762504,1.1761178,-1.6288478,0.7275935,0.14650251,-0.8660951,0.8313825,0.22222716,-0.48525134
1625,-0.3912025,-0.20826499,-1.2935085,-1.7049729,0.8322485,-0.428807,0.9727858,-0.22023487,0.8109597,-0.07530008,1.5149262,1.1456305,-0.64178735,1.8463589,0.91962886,0.35459748,-1.3588145,0.14036587,-0.6350932,0.2432758,1.883941,-0.88855946,0.43163103,-1.4078406,0.053127866,-0.042492382,-0.8038489,1.5222208,1.0866858,-0.84376186,0.077519625,-1.0242264
1626,-1.2868679,-0.3550007,-0.5341576,0.44585052,-0.48018134,0.31840974,-1.6651876,-1.6964941,-0.7312706,-1.2566609,0.72918946,0.87097365,1.331718,0.16527577,0.7520116,0.4978205,-0.6660302,1.3250024,0.3429236,-1.3389335,-0.62712353,1.0635628,0.5156358,-0.2701646,0.6513627,-1.5121323,1.2451423,-0.708894,-0.5243621,-0.85068744,2.2266488,0.88945454
1627,-0.5078781,0.22133371,-0.12470274,0.61664623,-1.1508198,0.20197049,0.7403314,-1.3323804,-0.46170828,-0.94185406,0.5253203,-0.5496144,1.9419546,1.0295328,-0.75003505,0.7468761,0.92015123,1.7207603,0.85906076,-1.6904441,-0.96287405,0.17800146,-1.6111311,-0.048577636,0.54247254,-1.0280759,-0.082616456,-1.0508418,1.5558404,-0.53563315,1.2640686,-1.4268203
1628,-0.45630527,-0.525824,-0.07458423,1.240002,-0.25424483,0.9457009,0.0812112,-1.6301392,-0.46155328,-1.6211523,1.0698295,0.5455227,0.9424304,1.0145525,0.8302211,0.14610003,-0.36609557,1.7328091,1.1231264,-1.618202,-0.46939436,1.3816099,0.43839276,0.05697714,1.3341048,0.4211567,0.37782875,-1.9181923,0.71162015,-0.39309132,1.1907622,0.63513446
1629,0.9516718,-1.2513839,-1.0134761,0.46141952,-0.67486113,-0.9824182,0.9851321,-1.0687907,-0.74218386,-1.5648391,0.41215953,0.8288584,0.15715529,0.67122525,0.48413283,1.4453111,-0.16945785,1.1645334,1.6252756,-1.5224655,0.40894476,0.5473489,-0.024143642,-0.72033024,2.1006925,0.9944645,0.3555323,-0.63299143,1.5538096,-1.3413506,0.5999399,-0.39981318
1630,0.99069613,-0.87825847,-0.88911015,0.9569399,-0.593075,-0.9538675,0.53782564,-1.39009,-0.9806329,-1.5031798,0.18530363,0.7547835,0.04311163,1.0183839,0.86763567,1.2072295,0.049378265,1.0854621,1.543262,-1.3721061,0.38376755,0.5980482,0.32400054,-0.8549301,2.196634,1.0248251,-0.069954425,-0.6654175,1.5095652,-1.3199744,0.7272736,-0.57546335
1631,-1.0243767,0.016431274,2.1166763,0.96449786,0.8307308,-1.3797297,-1.1318469,1.6130568,0.100908525,-0.6380234,-0.41545326,-0.8469018,-0.27306458,0.088690236,-0.8186901,0.53141874,-0.26661274,-0.84508204,-0.31632048,0.95461845,0.28346938,2.3985815,-0.32489628,0.5732212,-0.3422064,-2.219185,-0.1920585,1.2692354,0.015497626,-1.7908157,0.21990614,1.2237195
1632,-0.49470457,1.3060521,1.3664161,0.74660975,-1.4500207,0.30836818,-1.1185299,0.9788464,-1.0280854,0.80436283,-0.01718618,0.99439675,0.1804527,-1.304502,-0.9765915,-0.9502808,1.034439,-0.041905645,-1.1898065,0.06874365,0.5095926,0.2255819,0.8565183,0.149739,-1.6798093,-1.844229,-1.1156217,-0.7678626,-1.0934237,-1.5267087,0.54050434,2.397948
1633,-1.0021737,0.9765622,1.6554292,1.1924253,0.5441325,-0.10264302,-2.9806364,-1.1840544,-0.38086867,-0.21497934,-0.54187953,-0.09691493,-0.54383194,-0.41445562,0.30991143,-0.27720708,0.37251517,0.825453,-0.3627515,-0.27152255,0.6747036,0.5778721,-0.059896432,0.14751169,-0.7976482,-1.1889697,-0.6464426,0.3062105,-1.9679074,-0.35742596,1.7582277,2.502851
1634,-1.4317788,-0.6672185,-0.06374262,-0.46388966,0.15098067,1.5975107,-0.46398667,-0.9328538,0.02240451,1.0656701,-0.264096,0.26922914,-1.1894604,-1.3818635,0.42469183,-0.8878504,1.6476338,0.2843815,-0.02362804,1.0104796,1.8055001,0.5496308,-0.102611065,-0.8099938,0.26142722,0.5141438,-0.43644837,-1.3510233,-1.7709353,1.3521141,1.8539631,0.8925901
1635,-0.90998214,-0.8554817,1.0500134,-0.3874006,0.50120246,-0.16793245,-1.1243795,-0.037438065,0.9836873,-0.7997043,0.1097849,-1.5495684,-0.7262307,-0.5782886,-0.11141749,-0.3712814,0.4381986,-0.2098622,-0.58577555,1.8069959,0.39725882,2.7237787,-0.8669471,-1.2227978,0.55624044,-1.3855244,0.42020914,-0.25125548,-1.5823576,1.0374687,0.70334315,-0.6177365
1636,-0.48743582,-1.2201668,0.9149981,-0.43013614,0.4501327,-0.6266678,-0.33334747,0.45937058,1.239139,-1.2562666,-0.22365554,-1.439528,-0.2701136,-0.4030503,-0.66537213,0.9947616,0.023270927,-0.98275715,-0.43984243,1.4589622,0.43399435,3.0443263,-1.0416332,-1.0915301,1.0515958,-1.3968693,0.5932508,0.24785835,-0.6580087,0.600191,0.040650226,-0.8580583
1637,1.5766075,-0.73562294,-1.3103474,0.5472941,-0.38135004,0.03206495,0.04794786,0.51808834,0.117633864,0.15691029,-0.6728843,1.1075704,1.4976556,-0.00708636,-1.7615329,0.2968127,1.4131851,1.0278337,-0.59323865,-2.2452757,0.34386402,-0.9271493,0.5875886,-0.32499596,0.98254174,-0.4450484,0.58114433,-0.32529753,-1.0007986,-1.838768,-0.9763197,-0.064213164
1638,-1.8139006,0.40560097,1.8849897,0.9311108,1.4481117,-1.6793786,-1.921216,0.028242838,-0.35426095,-0.8523892,0.53854823,-0.85982835,-0.45467114,-0.16219074,0.89009964,1.1246593,-0.87475395,-0.40864748,0.0043320297,-0.47562522,0.7904064,0.6428867,-0.49649423,0.22930548,0.94632345,-1.7028438,-0.13348624,1.0483737,-0.53500164,-0.7086604,1.9611348,1.3307791
1639,-0.78808165,-0.7067784,-1.0576452,-0.3631467,-0.637276,-0.060234837,-1.1121622,-1.1464672,-1.1171912,-0.85764164,1.0596256,1.0237747,1.5141385,0.5508764,0.07118496,1.7415915,-0.39746648,1.0279372,0.8787381,-0.6527667,-1.0068278,1.646055,-1.1564959,0.57542473,1.3064196,-1.255617,1.4418392,-1.0484968,0.59192085,-0.20078604,1.6204622,0.41184786
1640,-0.9461984,-0.04921667,-0.7227694,0.5288157,0.33432057,-0.43831462,-0.8204537,-0.48669496,-0.5571665,-0.8367333,1.3315285,0.3313507,0.40745372,-0.6978777,0.23228979,0.83614534,0.049418576,-0.357542,-0.82683545,-2.4107523,-1.1736373,0.13418458,-1.9783682,-0.050245617,0.3190114,-2.184816,1.2506706,-1.7574407,-0.04639793,0.27723253,0.38843772,0.45626202
1641,-0.887832,-0.6611483,-0.5034,1.7632964,0.40010995,-1.3203623,-0.26930913,-0.47149092,-1.0117905,-0.588399,0.7814515,0.24742323,0.5186516,0.96143764,0.2904025,0.36033717,0.51824415,-1.6529207,-1.2043953,-2.1422515,-0.8930612,-1.1710464,0.8155513,-1.0558782,0.5241078,-0.39040446,0.40507707,-0.5541722,-0.61892414,1.0149817,-1.3131216,0.7301448
1642,-0.65541553,0.1859897,-0.33792263,0.61871135,0.24006908,0.568251,-1.6852477,-0.100744136,-0.88684887,-1.8367174,-0.24432325,-0.90931493,0.36856526,1.2172836,1.8127947,0.535785,0.54846734,-1.3626486,-1.0883553,-1.1514362,-0.5865303,-0.30831316,-0.26844737,-1.4053484,-0.31676275,0.30779633,1.7669914,-1.7734257,-1.3744982,0.42393962,-0.80773896,0.23167193
1643,-0.44395363,-0.8451478,-1.7461317,1.258211,-0.0069422694,0.1671825,-0.8041992,0.39699075,-0.73584396,1.2126013,0.12231645,-0.099765114,0.30869678,0.9614838,-0.15160672,-0.7684056,0.2570396,0.597895,-0.574942,-1.3718501,-1.4930351,-0.4678092,-1.1534886,-0.07409674,-1.5855184,-0.5267612,-0.10081,-2.508083,-0.92179644,2.0843713,1.1574258,0.26632988
1644,-1.5909365,-1.4433949,-1.0844698,-0.18863864,0.6123936,0.8709992,-1.07435,1.0081716,0.7399357,-1.0263383,0.1369871,-0.13117592,0.82962614,-0.39084625,-0.65312856,1.592631,-0.60597163,0.74142617,-0.023304548,-0.5699117,-1.683692,1.2415057,-1.8599943,0.15091763,-0.44132718,-0.97282207,1.0596042,-1.8080097,-0.12631768,-0.51818985,1.5735481,-0.9023297
1645,-1.4022754,-1.5433234,-1.821696,1.1308264,0.9477433,0.3315015,-1.3901907,0.81230444,-0.4517884,0.5483978,-0.25372556,0.5157774,0.6056165,0.34524733,-0.1592518,0.7951788,0.059036903,0.65031916,-0.059406962,-1.5121243,-1.1827054,-0.10677646,-1.43159,0.42060834,-0.17639753,-0.87137586,0.37438664,-2.587882,-0.6827341,0.6349024,1.3831025,-0.04782597
1646,0.025371755,0.5486231,-0.15224719,-0.1411336,-2.2697227,0.86394364,0.8814802,1.1022284,-0.13395584,0.3690185,1.0554487,-0.67262447,0.6711323,0.9460816,-3.095001,0.9550163,-0.19684573,0.47358003,1.0038298,-0.6587062,-0.6226765,1.349554,-1.3398526,1.2349405,-1.223623,0.25341377,0.5699855,-1.1635377,1.3267733,-0.8194154,0.6973976,-0.3805074
1647,-0.18954425,0.7341541,0.1480288,1.3961171,-1.539733,0.5126284,-0.19261277,-0.6641593,-0.55204624,0.062821195,0.81669664,-0.07697196,1.0452535,1.148147,-1.475706,-0.97409934,0.012447488,2.1751716,1.6594465,-0.9401637,-0.24530025,0.905347,0.37830913,1.4260097,-0.4096037,-0.59411347,0.23873885,-1.8177457,-0.03442663,-0.10119807,1.5850719,1.5383325
1648,0.19257542,-0.05804863,0.9920148,0.42294934,-0.9527873,1.1471834,-0.529151,-0.12577085,-0.98801994,-0.094877586,0.81076723,-0.17848285,-0.2463918,1.0166676,-0.48744106,-0.5776245,0.016833022,2.356776,1.4298689,-0.28393835,-0.38828894,1.1403983,0.70569915,1.1779307,0.21146864,1.4052259,-0.27114302,-2.5138361,-0.22631158,0.26605865,1.9705153,1.6384376
1649,0.6932363,-0.38504055,0.40533558,-0.59944755,-1.1596813,0.886558,0.22855562,0.28714597,-0.5064722,-1.799335,1.300092,-1.620091,-0.24853696,0.9960909,-0.545744,0.28606918,-0.9581579,0.87424165,0.43978623,-1.0154253,-0.46659753,2.246914,-1.0958477,0.48298922,-0.69863695,-0.26286423,1.2679362,-2.0354717,0.80541533,-0.38439655,0.86228806,-0.8434605
1650,0.34539935,0.07208046,0.220721,1.7694608,-0.44360852,0.2864091,-0.024452727,-1.6583371,-0.3164677,-1.587721,1.1106426,0.4046869,0.88865185,1.6062182,0.63747746,-0.9904452,-0.8456111,1.3728465,0.81206447,-1.7523159,-0.33651885,1.2522273,1.1766135,0.34878546,0.7931753,-0.53248125,0.3161835,-1.4693593,0.49255574,-0.4704422,0.5829278,0.7255919
1651,-0.7975534,-0.47371095,-1.3337623,-0.5245056,0.86919373,-0.5401904,1.6751283,-0.78027874,0.59811705,-0.013739504,2.1249952,0.12917031,1.2455277,2.809882,0.71442837,0.3145556,-0.70660627,0.030154325,-0.15078156,-0.7626579,1.2560259,-0.67434317,-0.15887073,-0.7180277,0.77495444,-0.9558646,-0.6222024,0.40632406,1.0120431,0.42784816,-0.063559465,-1.1383958
1652,0.37588727,-0.446626,-0.113047995,-0.3318213,-1.496077,0.20331661,0.23700115,-0.48149627,-1.1204405,2.0243037,1.39262,0.6182166,-0.0011376606,0.2359759,-0.3374644,-0.22034262,1.3032204,0.7836833,1.3467497,0.23686415,-0.19689624,-0.071084656,-0.36838275,0.7830305,0.7398053,0.27411073,-1.2223506,-1.7196571,-0.5983587,1.8921498,2.696335,0.31473583
1653,0.043746773,0.57526785,-0.911627,-1.2740234,-1.4774148,0.92710435,0.5218022,0.90666854,-0.06278524,0.37809458,1.1810838,-0.8818267,1.1325291,0.16120599,-1.9065956,1.2307075,-0.4985484,-0.21114232,0.8421598,-0.13049273,-0.8661838,1.4294096,-1.8546337,0.6419861,-1.0295773,-1.8070847,0.99105245,-1.8113335,0.36611688,0.78888917,1.2040997,-0.95999026
1654,-0.14893422,-1.0943592,0.44254714,0.020719752,-1.6053612,1.4911593,0.11919402,0.57723814,-0.09427501,0.4208738,0.63493025,0.83943325,-0.61854684,0.17929132,-0.5759282,-0.771051,0.018899623,2.1824605,1.5784434,0.96565807,-0.6880848,-0.114396945,1.0836763,0.04947902,0.5829331,2.4242618,-1.0679706,-1.6468097,-0.84995663,0.35967004,1.7605822,1.2035904
1655,0.42944893,-1.3792833,0.95479107,-0.06867408,-2.3236704,1.0684005,0.1370718,0.85777867,-0.3319014,-0.5443984,0.55728376,0.28823423,-0.80717355,0.25403655,-0.46650618,-0.40087312,-0.53353256,2.0826972,1.928685,1.1450003,-0.8209775,-0.11277533,0.539649,-0.427391,0.73453254,1.9953804,-1.0321989,-1.7622228,0.1259213,-0.37175217,1.4227318,-0.29062688
1656,1.0306907,-1.7985216,0.7592962,-1.5417991,-0.5729345,0.5178764,0.13990198,2.2194083,-0.6178521,-1.7680225,0.0981794,-0.70335317,-0.6567303,0.1627472,-1.6530406,1.4798497,-0.520118,0.09143231,0.6216128,0.7003035,-0.35432106,0.91932064,-1.7707695,-0.29043746,-0.54368913,1.3846217,0.94943005,-0.47437218,0.73205304,-0.9598256,-0.3262536,-0.8410808
1657,0.7510387,-1.3077726,1.067487,1.1934764,-0.087835595,-0.15389699,0.55651015,-0.3399733,-0.73236555,-1.8008243,0.48283583,1.2606083,0.49837154,1.3927206,0.44148386,1.313352,-0.3839896,1.1950599,1.8632084,-0.8018414,0.15574372,-0.7018717,0.5585367,-0.68686646,2.6163826,1.4110497,0.46837407,-0.5959097,0.58431077,-0.74750423,0.4477218,0.2493425
1658,-0.4990323,0.52678704,-0.7430707,-1.222045,0.034297876,-0.3622654,0.771722,-0.42769185,0.9981204,-0.18674876,1.7907373,1.0981902,-0.23614821,1.9174671,0.8290169,0.21827918,-1.7888821,0.9235126,-0.55448335,0.29172543,1.4193219,-1.0959773,0.898367,-1.1687182,-0.18781626,-1.0746517,-0.88156456,0.95665663,0.89853024,-0.9004575,-0.014099281,-1.8460824
1659,-0.41145244,-0.03625672,0.46942374,1.0498805,0.5579964,-0.24941695,0.66367126,-1.3887527,-0.21894795,-3.0418344,1.1032094,-0.41910732,-0.22966483,1.1787149,1.6605659,0.025910439,-1.3824105,-0.27034804,-0.030006085,-0.06539797,1.2024649,-0.9344637,0.27643102,-1.5733672,1.6410439,-0.14327513,0.42562148,-1.0239717,-0.42931113,0.41718942,0.117697634,-0.67184556
1660,-1.0531237,-0.1423495,-0.42544305,-0.0834338,0.7064282,-0.72909606,1.791397,-0.4135191,0.433841,-2.7433796,1.7896394,0.55667984,-0.31242663,1.2605186,0.8962501,-0.0009826251,-1.9684027,-0.52168834,-0.2619536,0.101303324,1.4698025,-0.2923284,-0.086758316,-1.1231483,1.1395352,-0.44939035,-0.82943004,-0.4863099,-0.53179264,0.6273565,-0.20261835,0.21078421
1661,-1.0912952,-0.39398208,-0.41517344,0.91834223,0.6560502,-1.2724756,1.0930393,-0.26523334,-1.5279056,-3.012056,0.50542915,0.30850574,0.21955386,0.047835153,0.48177588,0.550514,-0.92589366,-1.372225,0.5599069,-0.7133051,1.2350498,0.74258965,-0.38904828,-0.08254276,1.1925056,-0.13030268,-0.4244278,-1.1654748,-0.67725354,0.96694785,-0.10987298,1.7303131
1662,-0.9401895,0.36527145,-0.091635175,-1.7162552,0.42361167,0.49631253,1.2819333,0.24482428,1.6121355,-1.3775609,1.818323,1.1217744,-1.3048515,1.2181455,0.4088296,-0.77074116,-2.0018575,0.65352887,-1.0626589,0.49863222,1.3290629,-0.57731736,0.12125279,-1.0042495,-0.11632617,-0.28980634,-1.0259027,0.5799641,0.022951324,0.043723512,0.07178533,-0.38263533
1663,-1.2229058,0.2343473,-0.22311153,-1.2873309,0.5352248,0.4226609,1.2815359,-0.38027,1.3949031,-1.0795015,1.6432234,1.0809984,-1.2285645,1.3336093,0.8092236,-0.4949877,-1.9142951,0.6717958,-0.97910386,0.36683556,1.7633177,-0.7354566,0.5850903,-1.2048453,0.043979958,-0.21157244,-1.3592395,0.7225194,-0.18267508,0.0056217723,0.2613518,-0.27660134
1664,-1.4604346,0.27603295,0.28562155,-0.59759665,0.4485418,0.573442,1.5261534,-0.68278563,1.3701253,-0.9205978,1.6548434,0.548231,-1.038529,1.4070251,1.1907507,-0.48474258,-2.170295,0.3479355,-1.0508364,0.38405436,1.5251995,-0.64938086,0.9311974,-1.4387258,0.22505316,-0.20877047,-1.1995552,0.49336806,-0.43361273,0.09355368,0.27658966,-0.33004707
1665,-1.3172114,0.33396643,-0.22091015,-1.5990862,0.4580977,0.44347584,1.4052829,0.112669125,1.6600261,-0.7216084,1.6065215,1.1431689,-1.2572383,1.2371843,0.7293347,-0.5824051,-1.778715,0.6638688,-1.0732079,0.40501174,1.4775115,-0.7318914,0.42527634,-0.99977374,-0.2619832,-0.20503046,-1.4628469,0.79331875,-0.14882754,0.09656669,0.35268837,-0.5587355
1666,-1.3280903,0.032266516,0.8157212,2.1366618,0.44750506,0.36281675,0.5227897,-1.5211159,0.42450437,-0.6014875,-0.37257114,0.17671283,-0.48919114,1.8819802,0.92557496,0.75578266,-1.5572044,-1.2027235,-0.6139394,-0.3350487,1.2772363,-0.23989627,1.230965,-1.1550058,0.8315023,-1.1479725,-1.7661432,-0.056935426,-0.8229834,-0.029235808,0.223418,-0.44417244
1667,-1.0727844,-0.8889016,0.10470457,0.7352203,0.092164434,-0.4764485,0.51990366,-1.0231084,-0.7198911,-2.8603768,0.44998124,-1.1556191,0.4988468,-0.04485733,2.0154543,0.90331465,-1.0022053,-0.7861338,0.8742556,-0.74307275,1.2762254,-0.5737128,-0.59942555,-1.1107028,0.6716429,-1.2420208,0.4494275,-1.239742,-0.62209326,0.40502033,0.97855645,-0.35141057
1668,-1.7544713,0.09782049,-1.6489877,-1.6203154,0.846273,0.1538691,0.50074923,0.9821864,0.55886006,0.04982424,2.030893,0.15571216,0.27761555,0.9701557,0.7131475,0.60548306,-1.063272,0.5253755,-1.9036751,-1.0594128,0.69246113,-1.7090403,0.18534155,-1.0505438,-1.3852307,-0.40288752,-0.28128457,-0.105355725,0.38812855,0.07167266,0.4022207,-0.9107656
1669,0.064425945,-0.97687477,-0.62169653,1.1190916,-0.39967734,0.34933788,-0.3149963,0.6317361,-1.5709213,2.1515522,-0.36170766,-0.7539423,-0.26989987,1.3478879,0.39627537,-0.37318465,0.0020593705,-0.75462604,-0.49426308,-0.55022365,-0.9636354,-0.668974,0.04477558,0.10782469,-1.4963993,0.9546877,-1.5955442,-1.672899,-0.53692293,2.3912327,1.3191097,0.08682389
1670,-0.9887175,-0.95466965,-2.0411687,-0.5226862,-0.39956346,0.90154916,-0.59811103,1.1374844,0.2940967,-0.18157096,0.6180503,-0.84796745,1.9011507,-0.43881705,-0.401739,1.0173476,-0.81329197,0.19641,-0.8584348,-0.96126604,-1.5801073,0.8117864,-1.2676612,-0.43750247,-1.3830826,-0.31125966,0.8435963,-2.098664,-0.2983349,0.8169172,0.8335184,-1.5366094
1671,-2.110885,0.20118763,-1.2441239,-1.4475986,1.6318395,0.024821654,0.54771453,0.5366399,1.0456555,-0.6720921,1.8706259,0.7279939,-0.031125946,0.96912843,0.86041623,0.78553045,-1.3237629,0.14967301,-1.8010174,-0.69147897,1.0065862,-1.3841783,-0.037796743,-1.0404165,-0.33655533,-0.44920385,-0.69906497,0.3135901,0.27327344,0.09433214,0.5108065,-0.85689867
1672,0.11401566,-0.41830805,-0.30504423,1.1370722,-0.7110063,0.14208443,-0.39922252,0.9793333,-1.7799517,2.149419,-0.37996066,-0.23492043,-0.24295804,0.82147914,0.35808316,-0.8964142,0.50802267,-0.31273052,-0.6154187,-0.5385249,-1.7158582,-0.8082099,0.14586613,0.33704963,-1.2664279,0.54962146,-1.4439392,-1.7682945,-0.66273254,2.4436305,0.8936502,0.5553123
1673,-0.56347233,-0.32717508,-1.9571706,-0.17200395,-0.9274324,-0.6535337,-0.07311211,2.1540587,0.15484421,-0.04489431,0.5347103,-0.61225784,1.3903753,0.49796566,-0.40373027,-1.0475467,0.15741213,-0.08298673,-1.0118636,-0.32013226,-2.231905,0.033426914,-0.8288807,-1.0330759,-1.7914964,0.03201934,0.40080446,-1.7723824,-0.96387786,1.9993241,-0.4258715,-0.693542
1674,-1.6175419,0.36046746,-0.9438487,-0.850763,1.0284057,-1.0745513,0.106785774,-0.70156455,0.29029924,-0.9004609,2.04651,1.1423488,-0.34437802,0.4062062,0.92239994,-0.6176969,-0.8278896,-0.5716325,-1.4995018,-1.6647626,1.054303,-0.90064836,-1.1678494,-0.7336804,1.1335146,-1.6498142,-0.7690634,0.20001079,-0.52847004,-0.31419113,0.22715062,0.45440644
1675,-0.22253361,-0.19105594,0.7725071,1.125867,-0.27564234,0.78832996,-0.69039553,0.24864705,-1.7801986,-0.81652725,0.33440742,0.50451493,0.14379847,0.49468547,1.8905597,-1.5146343,0.7493525,-0.7437037,-0.8077483,-0.59017396,-0.7338458,-1.7927809,1.2510984,-0.9161126,0.45869458,1.1251013,0.286579,-2.5743058,-1.2906723,1.0447285,-0.37092337,-0.11826062
1676,-2.2402184,0.5277347,-0.85803044,-1.4593894,1.3197979,-0.13808793,0.86485064,0.41761768,1.2544223,-0.64263976,2.0364356,0.9116479,-0.63472015,1.1693298,0.6250213,-0.015476838,-1.4259113,0.2616844,-1.7819276,-0.097432286,1.1988616,-0.899556,0.1667346,-0.95190036,-0.13609038,-0.54528195,-0.9975397,0.66368914,-0.25190786,0.079971276,0.149689,-0.2269832
1677,-0.65826803,0.015810149,0.10705918,2.2356765,-0.023933604,-0.51077133,0.5481487,0.005692717,-0.7993672,2.1498406,0.25623423,0.11283857,-0.30391023,1.7744967,0.1579512,-0.34586188,-0.55764586,-1.3230442,-1.9368535,-0.7425155,-1.7938628,-0.6767623,1.2395732,-0.12745602,-0.4113537,-0.5718153,-1.4812999,-0.42500934,-0.100795135,0.70686126,-0.19067688,0.90159637
1678,0.015297997,-0.15963866,-0.15509187,0.97089034,-0.8720787,-0.12581855,-0.4951969,1.375884,-1.7654672,1.7498468,-0.57121766,0.19974089,-0.39495954,0.6640027,-0.00813608,-1.5934716,1.0022485,0.008822024,-0.4123571,-0.49518806,-1.6864642,-0.9743501,0.09023026,0.21113196,-1.274483,0.41076183,-1.18004,-1.6301446,-1.0727932,2.420763,0.1857646,1.1479672
1679,-0.72340316,-0.40386608,-0.8341423,-0.32472622,-1.1920713,-0.18196598,-0.22383264,2.534388,0.15837888,0.08620885,0.37126723,-0.35621777,1.0698303,0.05260612,-0.9325242,-1.4817284,0.0493805,0.4028704,-0.69130635,-0.09126258,-2.7545927,0.5858488,-0.84862614,-0.5126786,-1.8959382,-0.049841143,0.17329483,-1.5826955,-0.99367845,1.8352736,-0.5671953,-0.31265402
1680,0.4590329,-0.93954504,0.90655506,-0.02571297,-0.19244528,1.117159,-1.0178944,0.12439039,-1.1444829,0.99872565,0.02500126,-0.30684158,-1.0557368,0.6631483,0.94424534,-1.3522961,0.8921168,0.5633475,0.51344997,0.7871729,-0.21369828,-0.53500193,0.008834802,-0.045483403,-0.5840762,1.7348878,-1.465578,-2.3579311,-1.372678,2.2397764,1.604047,0.7048675
1681,1.5044596,-0.38522837,1.8486996,-0.50174814,-0.16833685,1.3223069,-1.1994088,1.012611,-1.0878848,-1.2867835,-0.06503417,-1.2562349,-0.673067,-0.041607972,1.3086053,-0.9793455,0.122602105,-0.08571911,-0.09677017,1.0536003,-1.512288,-0.21091582,-0.8350476,-0.77977824,-0.60733604,0.19051062,0.5523992,-2.6856112,0.07054573,0.28807122,0.28721902,-1.3634965
1682,0.8983138,-0.17874795,1.0609242,-0.8060794,-0.09768155,0.9679761,0.104050815,1.239089,-0.026335176,-2.4634635,0.7597109,-1.7095585,-0.18312944,-0.21820392,0.7903941,-0.14059374,-0.933167,-0.4099942,-0.26350185,0.8932756,-1.2163202,0.08612844,-1.1674882,-0.7376992,-0.40263137,0.10212292,1.2029489,-2.0439801,0.6884823,0.19458123,-0.21104594,-2.2238204
1683,-0.2517894,-0.6655019,0.5937037,1.7667254,0.736096,-0.19818835,-0.4953604,-1.8405119,-0.7625393,-2.6898649,0.44604555,-0.0055781477,0.29334825,0.7681595,2.0680726,0.96798587,-0.7952821,0.05824055,0.10876199,-0.9167518,0.41245618,-0.6868276,0.32053885,-1.2240094,1.5238861,-0.121619254,0.16607071,-1.1485429,0.089463614,-0.33200738,1.1742976,-0.27718168
1684,-2.4676328,-0.6427608,-0.28963584,-0.0722244,1.810227,-1.2780553,0.14340192,-0.099414885,-0.8082285,-2.0415418,1.2684789,1.2531822,-0.049169816,0.2426167,1.4409214,1.0429335,-0.43283978,0.7528224,0.02496246,-0.73990744,0.64478356,-0.70860934,-1.143469,-0.28622836,0.70003885,-0.7023083,-0.6014316,-0.9065172,0.09428551,-0.652688,1.5361784,0.30815914
1685,-0.5019748,-1.1492631,0.73714954,0.41091973,0.14053497,-0.6873794,0.81891453,-0.12285559,-0.9987468,-0.81116176,-0.07123624,1.6475722,1.9565293,0.53021485,-1.4462415,0.72432375,1.3139613,1.1534188,1.0149246,-1.4466903,-0.6095837,-1.3263633,0.42497924,-0.039729852,1.6258405,1.2265847,0.3683133,0.46822417,0.7135752,-1.4021268,-0.90154755,1.2291749
1686,-1.5701085,1.9004617,2.0455854,-0.22578093,-0.9220129,-0.839109,0.39044172,0.7893744,-1.3550713,0.3293996,-0.3773692,0.5967291,-0.32931435,-1.2567415,-0.37463322,-3.120474,1.1225785,-0.0072455374,0.50227654,-0.12820722,-0.95217437,-1.3000298,0.746444,-0.036043637,0.28030396,-0.14877412,0.0242678,0.013165539,-0.46742982,0.12754636,-0.71090174,1.0711486
1687,-0.62318355,0.40493408,-1.3977832,0.16201419,-0.007880073,0.08101539,-0.94378406,-0.9268163,-0.45915616,-0.57819986,0.98419213,-1.3843167,1.2649843,0.23018488,0.83454144,0.4637067,0.15448731,-0.37032282,-1.2270519,-2.3273592,-0.41531748,0.5913265,-1.581652,-0.3553945,-1.0940738,-1.9376448,1.0682669,-1.5147746,0.2508997,-0.058378857,0.681697,-0.74136055
1688,-2.0871413,0.34003812,-0.773453,-1.610374,1.2978468,-0.606536,0.6861714,0.1860922,0.7944729,-0.7483715,1.9461116,1.3588089,-0.99333847,0.93010616,0.7765764,-0.1510867,-1.1165447,0.67873746,-1.0793242,-0.034341943,1.4225616,-1.1507787,-0.61855346,-0.73001575,0.18648125,-0.67508376,-1.4348576,0.7195385,0.087903105,-0.6477915,0.60014254,-0.046132103
1689,-0.14196382,0.79941887,-0.07582986,-1.9557794,1.3614801,0.26465216,0.22135085,-0.52987814,1.1696358,-0.694189,1.2633663,1.0496113,-1.409618,1.7932273,0.79725677,0.4155018,-1.320259,0.723883,-1.6257709,-0.16023159,1.5194205,-1.2426728,0.8274737,-1.2079035,-1.0251358,0.35969448,-0.4599576,0.72284925,-0.020084985,-0.5638944,0.025880339,-0.41926935
1690,0.021070521,0.27061585,1.8606055,1.7667093,1.1551251,-0.7944877,-0.68747354,-1.4530684,-0.15004772,0.881959,0.57760155,-0.26630965,-1.1618376,2.8863654,1.0756056,-0.15597963,-0.85638356,-1.816081,-0.6011896,-0.52276856,-0.1210366,-0.19414026,0.7460642,-0.4956106,-0.47410038,-0.40281698,-0.47524935,-0.009683522,-0.78026795,0.79939926,0.16284831,0.65198743
1691,1.6933335,0.09122486,2.2933917,-0.76536286,0.71056795,-0.2054967,-0.7577655,-0.031288505,0.22889051,-0.074837014,-0.30504408,-0.6636836,-1.2920315,1.758268,0.30862722,0.06549303,0.47783348,-1.0403943,0.37175682,1.3255515,0.20108119,0.7423334,-1.5203502,-0.54402715,-0.6029866,-1.7360456,2.14693,1.0200701,-0.37910044,0.9242605,-0.4011835,0.1974606
1692,0.44697917,-0.9970175,1.6122603,0.42054573,0.6675395,0.050727814,-0.8614308,-1.2828654,-0.74626446,1.2770433,0.49015266,0.27993873,-1.5133088,1.4768662,1.1186794,-0.7695556,1.5086715,0.42879114,1.0361103,1.3677461,0.6502333,-0.6762375,0.42062658,0.28768352,-0.4364024,-0.16625631,0.42306307,0.09902533,-1.3595132,2.290628,1.4308022,0.6486588
1693,1.5003798,-1.3910611,1.0157107,-1.342664,0.0092488825,0.9400424,-0.3825649,0.1748406,0.2679216,-0.60655975,0.4637542,-0.8785401,-1.0771036,0.7659606,-0.12674962,0.6409796,0.51066726,-0.46257064,0.053447578,2.0050058,-0.3315929,1.1697595,-1.9866403,-0.10645298,-0.77091855,-1.5902057,1.5755197,0.53867567,0.10820728,1.0749166,-0.5506423,-1.1785758
1694,2.384933,-0.78681624,1.077155,-0.91596293,0.5177456,-0.047534548,-0.75825673,-0.037449762,-0.22964527,-0.49063614,0.25276256,-0.3441065,-0.8081595,1.2152975,-0.20205049,0.86768794,1.1656889,-0.28601202,-0.090111665,1.3818489,-0.5111933,0.74093974,-1.5217704,0.293185,-0.91656095,-1.8090925,2.3808844,0.7806707,0.33062142,0.8411273,-0.8569183,-0.80329025
1695,1.5552768,0.08897604,-0.38188365,-0.84552133,1.3757792,-1.2985402,-0.34876618,-0.016970843,0.27443436,-0.9323331,0.3503243,1.442729,0.32583627,2.1998746,0.94519174,0.9987458,0.19857591,0.58569896,-0.80427754,-0.7093196,0.7512383,-2.05161,1.4395148,-0.8869395,-0.7552445,0.5745078,0.49955523,0.8372049,-0.37744707,-1.2213343,-0.7616935,-1.0944489
1696,1.0433394,-0.20834742,-0.08426946,1.0954036,0.7932066,-0.61112523,-0.21875244,0.027464194,0.22434707,0.1384448,-0.6794316,1.6746523,-0.2366687,1.9192035,-0.09471473,0.1891843,0.5904999,0.937158,-0.75694007,-1.1056043,0.36141288,-2.0260506,2.4478927,-0.6203461,-0.3176435,0.28230038,-0.60401577,0.35455257,-0.48308504,-1.9263672,-1.263596,-0.4542976
1697,-0.6832284,2.0390694,1.5532315,2.3920283,0.95482504,1.2003005,-0.916483,-0.33618116,0.34787583,-0.13840194,-1.1693798,1.1595937,0.8541101,0.0943359,0.22571123,-1.5634285,0.56314635,-0.43382454,0.6038217,-0.16479944,0.79121125,-1.3223057,-0.5789097,0.85654825,0.19089249,-0.78874767,0.97055954,0.61439323,-1.5579555,-0.17017168,0.8140734,-0.24366444
1698,0.44286144,0.7247803,1.3822464,1.0079463,0.6208853,1.0259576,-0.033372,-0.047723174,0.9986739,-0.076071635,-1.3096672,0.90204334,0.48513156,0.5764258,-0.40764454,-0.8577717,0.57396126,-1.835943,-0.02820555,0.44784072,-0.29599538,-0.20578617,-2.0245867,0.9395842,-0.11422234,-2.0938995,1.6161565,2.2589285,-0.98056895,-1.0688449,0.018522983,-0.09509279
1699,-1.2575462,-0.19067283,0.14007004,-2.5262055,0.9124234,-0.12609628,1.7161493,1.4725741,0.50578654,-0.4348062,0.19855824,1.4458852,-1.1559466,0.7936558,-0.5055029,-1.1348311,-1.261888,-0.7124144,-0.55054075,-0.224358,2.1568887,-0.049188238,-0.8887657,-0.30392733,-0.95103955,-0.050956078,-1.0376828,0.9111444,-0.02308191,0.26530886,-0.5069758,-0.16315334
1700,-1.8122368,1.2190417,2.000776,0.505714,1.563136,0.27742702,0.7267831,0.9508404,0.2926575,0.4190296,-0.8919241,0.78832483,-0.68898576,0.25593445,-0.51339394,-1.7461214,-0.2918001,-1.9690411,-0.04510177,-1.2939701,1.2860898,0.6388893,-0.48053527,-0.55625373,-0.7330005,0.3237373,0.2567851,0.70257014,-0.37247398,-1.3767699,-1.036813,0.66891885
1701,-1.2481985,0.31664565,0.7429118,-0.3556302,-0.727339,-1.0666835,-0.85681593,0.92833763,-0.5130029,-1.120024,-0.3009796,-2.4268708,-0.81895185,0.11214119,1.7670654,0.063657254,0.7803081,-0.90858567,0.9658864,0.2760398,0.2913546,-0.8388114,-1.2467669,-1.0757283,-1.4740502,-0.45754525,0.83406633,-0.67159885,0.06423408,-1.2497203,1.1938542,-2.0610526
1702,-0.6031063,-0.08888916,0.19083276,1.0724875,0.08336373,-0.36622164,1.1708959,0.97341055,-2.2755308,-1.3898469,-1.634241,1.1041245,-0.4975278,-0.2515834,-0.57864153,0.06655945,-0.32055795,-1.372019,0.7295968,-0.18939345,1.4294585,0.975515,-0.111905456,0.37762952,0.36162287,0.4371358,-1.2358161,-1.2032923,-0.75707436,1.1519754,0.17356992,2.1068332
1703,1.5099418,-1.1048971,-0.8193692,-1.1152427,0.2899214,0.37165877,2.1108298,0.10663953,-1.2572346,-1.2349563,0.27054965,-0.45867488,-0.041750155,-0.6823645,-0.009872209,0.061009515,-0.025365971,-2.98717,-0.8568852,0.9158808,-1.0013969,0.84821683,-1.2283926,0.40618786,0.43911925,0.08343308,0.63191336,-0.24632594,-0.5101189,0.48232976,-0.8755476,1.1602923
1704,-0.29508406,-0.40674517,0.40836877,-0.32046038,0.3486615,0.13499142,1.6099015,0.14704286,-1.8741665,-1.0189031,-1.9937152,0.2921293,0.06262273,0.31183457,-0.8155933,-0.1758339,-0.5810221,-2.7095318,0.17340992,-0.26881292,1.8594952,0.528378,0.026322234,0.31954893,0.47339007,-0.16404963,-0.5234151,-0.48933583,-0.6369852,0.59826744,-1.1067132,1.8479089
1705,0.06596738,-0.8125866,1.4837871,-0.05249146,0.057487484,-0.058989067,-0.016186198,0.5976222,-0.21640529,-0.58434767,-0.36011103,-1.5819374,-0.7714931,1.1488142,1.1451358,0.5258079,0.80934805,-1.1662334,1.1436507,1.3984673,-0.45576164,-1.1989446,-1.0686438,0.09571516,-0.74918354,-1.7904907,1.857331,0.60547394,-1.4385363,-1.454799,1.6279399,-0.119158596
1706,-0.103580594,-0.5232011,0.91723585,1.1937551,-0.94083714,-0.75365704,-0.1978126,0.028907303,-1.0307246,1.0756248,0.14946151,0.5525317,-1.3093634,0.15550664,0.11570736,-0.26512155,2.356265,2.152025,1.5388983,0.7820068,0.1648129,-2.440244,0.53144485,0.006570388,-0.5457236,-0.09149623,-0.09722361,0.43801478,-1.5683239,-0.5625685,0.976203,0.04889375
1707,-0.13427877,-2.315538,-0.33281046,0.1548171,-0.21158428,1.4310467,0.4810801,-1.6349521,-0.08231496,1.0359969,1.1015127,0.60542107,-0.81842345,-0.14402159,0.47785744,-0.11993023,2.0493927,0.6851984,0.5413126,1.1939993,0.1884375,-1.6299264,0.07608356,0.43596524,0.32316458,0.96266097,0.5100374,0.41107744,-1.1809001,-0.08476722,2.2450917,0.11187231
1708,0.5874046,-2.4111693,0.077664144,-0.38369226,0.1281679,1.875926,0.48204294,-1.2215545,0.705882,0.061107565,0.28632745,0.042511873,-0.52098286,0.7708095,0.24275492,0.5856179,0.9816726,-1.248943,0.11610023,1.5768262,-0.61975485,-0.7112221,-1.2555257,0.48938033,0.2686768,-0.53983265,1.5813148,1.3843093,-1.1475434,-0.7970346,1.6799325,0.31075326
1709,0.43611547,-1.8632058,0.44229007,-0.722166,0.33031285,1.5269732,0.63565314,-0.39924437,1.1005193,-0.17688829,0.21703963,-0.10963384,-0.20883045,0.74204713,-0.1873307,0.05405904,0.16542353,-1.9694809,-0.13386935,1.4575706,-0.97354376,0.38963273,-2.0007105,0.60784626,0.16220662,-1.1479129,1.7708933,2.0255287,-0.3273544,-1.0708278,0.67700124,0.30893928
1710,-0.34246582,-2.1462882,-0.74647707,0.37968546,0.21320081,2.9549768,1.306016,-1.934482,-0.21766993,0.67044395,0.9311402,0.7040457,-0.4875629,-0.57749915,0.14260672,-0.6438261,1.1280502,-0.7457346,-0.31300843,1.0258784,0.17095287,-0.766809,-0.28019315,0.8052422,1.1587856,1.2351378,0.55474824,0.16614342,-1.1650198,0.4289169,1.0289433,0.8476506
1711,0.4767273,-1.3829478,0.42149624,-0.023902267,0.61497843,1.8623881,0.7327335,-0.8465241,0.26414916,-0.9118126,-0.19029629,-0.41200396,0.044366717,1.0861664,-0.2731635,0.08013412,-0.2984876,-2.7574382,-0.44411358,1.5469973,-0.65369594,0.5464428,-1.6719352,0.53591144,0.18280046,-1.071693,1.1775259,1.2588645,-1.3641641,-0.49779508,-0.13901682,0.9294408
1712,-0.098480806,0.19895194,1.4059136,0.12977421,1.118381,0.6045026,0.637389,0.04058873,-0.13669194,-0.8713221,-2.3722851,0.5230062,-0.26473996,1.4805833,-1.3393946,-0.17008203,-0.2125909,-2.5850482,-0.080676064,0.57344145,0.5907341,0.5562215,-1.0923421,0.6405588,0.03657643,-1.4530298,0.5044441,0.55959725,-1.3028896,-0.18209295,-0.61821496,1.5940249
1713,-1.5480618,2.2744603,2.0312207,1.0829936,0.21957242,0.47130695,-0.608518,0.24846709,-1.395495,-0.12416463,-1.9435786,0.4784043,-0.6504525,-0.1908748,-1.5191592,-1.390799,0.010780731,-0.90655506,0.79665357,0.10235748,0.7683964,-0.8120223,-0.043712635,0.65720814,0.2522577,-1.1606531,-0.5142319,0.17394717,-1.183674,0.09150162,-0.28671125,1.2058775
1714,-2.260393,-0.8849034,0.638444,0.744744,0.76297486,1.1175802,-0.22422327,-0.49677798,-1.6019324,0.0790709,-0.8488786,0.6873612,-1.0228386,-0.8429576,-1.8744953,-1.7797394,0.96757877,-0.44544613,0.84673417,0.29943106,1.7611479,0.17783493,-1.0884984,0.14964199,0.079333246,1.2903508,-0.11455442,0.4222682,-0.8752752,0.03030696,-0.65077853,1.5480695
1715,-0.9815315,0.32801026,0.4832469,-2.6273377,0.82170844,0.18161929,1.5865105,1.2674359,1.230174,-0.265747,0.6991279,1.0310359,-1.3154025,1.0190219,-0.6627533,-0.6529737,-1.5319071,-0.023048775,-0.954544,0.75402856,1.6920762,-0.46487597,-0.39911735,-0.64989275,-0.9534286,-0.18151535,-1.0890392,0.9581826,0.06834777,-0.18350604,-0.21047865,-0.6758704
1716,-2.077296,0.7786395,1.7255388,-0.20686111,0.21524672,0.76750505,0.47579888,0.039283313,0.9340803,1.5079364,0.83779716,0.9515227,-1.5858612,1.6377097,-0.6335868,0.6534257,-1.9603498,-0.77622855,-1.1504966,0.006276305,1.1200744,-0.6592041,-0.41029084,-0.59775424,-0.8018561,-0.6032215,-1.1418617,1.210668,-0.50274205,0.032174606,0.25125533,-0.08231285
1717,3.0563068,-0.80108684,-0.5284333,-0.27942324,-0.5632186,-0.8768893,-0.5209419,0.6373545,-0.63925266,-0.21858136,-0.4906292,0.06930184,0.7100909,0.4368936,-0.94743353,1.1628362,2.0107973,0.34735358,-0.1370711,-0.6948923,-0.15164462,-1.2188624,0.06788129,0.4032739,-1.1222467,-1.2400852,1.5218381,0.71295404,-0.98850834,-1.7762902,-0.8063618,0.321819
1718,-0.49840027,1.4641718,1.0092937,0.6539768,0.7648246,0.008903595,-1.4957173,0.3721269,0.12716097,-0.056050014,-1.6477914,0.8212904,0.14979267,0.63331383,-0.8844779,-1.4491719,0.10680737,-0.6494965,0.8015729,-0.33183727,1.7533494,0.44901583,-1.0751001,1.4502422,0.057882376,-1.0582782,0.2006437,1.0819179,-1.9536453,1.2494597,1.4988647,0.8802188
1719,-0.7955577,0.42414612,1.2561942,0.4735146,0.92705506,0.607527,0.86676866,1.0349965,-0.059604716,0.18400523,-1.8773098,0.09308848,-0.60349715,0.7330233,-0.29458493,-0.48896712,0.19780801,-2.0172372,1.1638957,0.60548496,1.741486,-0.42571306,0.5269125,0.29070452,0.05842776,-0.008572901,0.13078181,-0.8310009,-2.6045797,1.2483531,1.0632603,1.3748735
1720,-0.9535321,-1.3353342,0.61567235,-0.41356012,0.12387529,1.183461,-0.5101646,-0.78583354,-0.22554384,1.3888292,0.55914885,0.21311577,-0.39455315,-0.9133678,0.7506236,-2.2471626,1.0376945,-0.5875216,1.0093178,0.65786153,2.0170236,0.04456546,-0.83943313,0.3652316,0.49561968,0.7669845,-0.65152025,0.81254363,-1.2086415,1.4356898,2.1535754,-0.011318444
1721,-0.9390008,-0.31934914,1.514971,0.0073754787,0.5851708,0.9087408,-1.3248768,0.16362348,-0.33528945,0.27510747,-0.7014012,-0.6837306,-0.7405688,0.38660318,0.62431645,-0.90672684,0.2279692,-1.2030845,1.4133198,0.73443717,2.0439014,0.045263447,-0.8934086,0.27618176,0.38136742,-0.17466392,-0.83054996,-0.1819762,-2.2200687,1.7002143,2.3162677,-0.24616578
1722,-1.153549,0.71870047,2.0591946,-0.24941124,0.7474457,-0.7788118,-1.4331876,0.7326092,0.32448843,-0.08260203,-0.9815814,-1.2756752,-0.27934107,1.1128001,1.0840455,-1.0711426,-0.18717243,-1.6622058,1.0939239,0.8140645,1.2999042,0.9427332,-1.2768686,-0.12136612,0.11050945,-1.0739548,-0.15159246,0.78860253,-1.6789043,0.8903409,1.2843533,-0.618887
1723,-1.2085502,1.513418,1.7575316,-0.111311436,0.570318,-1.8723881,-0.85631573,0.6323838,0.46056455,-1.003067,0.12707941,-1.7324188,0.17857957,1.0019044,1.2094054,-1.4723024,-0.14940228,-1.8572563,0.45925957,0.5807965,0.5210837,1.0409347,-0.93883425,-0.55219674,-0.06242652,-1.176217,0.76337975,1.2246059,-1.061179,0.53848743,0.0102376705,-0.8455982
1724,0.7723809,1.7994359,0.91609275,-0.2919713,-2.304391,-1.2248929,-0.5138484,0.38739675,-2.3378494,0.8616787,-0.85621464,1.5491633,0.12860048,-0.9511721,0.45821798,-0.80264854,-0.30796877,0.6295778,0.3446878,1.3593599,-0.27525198,-1.1552614,1.0009292,0.1480822,-0.60035855,0.9344249,-0.32409236,0.7831336,-0.64237136,-0.26609662,0.59522927,0.090272464
1725,0.9608036,-0.1511492,-0.28945732,1.5007578,-1.4194566,-1.391639,0.046461377,-0.15482546,-1.7135499,0.12549414,-1.020194,1.2507081,-1.4563799,0.18749966,0.52020323,1.0985209,0.4549878,0.62107366,1.0020884,0.43125424,0.59776896,-0.04035834,1.0188047,-0.76067924,1.1565835,1.8191714,-1.5408238,-0.49477226,0.51662564,-1.3459687,0.98969525,-1.7280208
1726,0.76950145,-0.41653177,0.2552573,0.9330575,-0.6124924,-0.43209141,-0.073332004,0.7121222,-2.1357193,-0.086593784,-1.9944084,1.4144686,-0.60432255,-0.41869584,-0.63515824,1.2011031,0.93144834,-0.10704658,1.0065497,0.9054351,1.2260807,0.14839461,0.6347065,-0.47634462,-0.008568178,2.85498,-0.5126256,0.83727396,0.6702115,-1.3024669,-0.089515924,-0.3218263
1727,0.7878529,-0.42814994,-0.7467433,0.14881854,-0.48083878,-0.05399157,0.81862855,0.75638056,-1.5709968,-1.2771297,-1.770912,1.1965488,0.16841686,-0.3065049,-1.3468634,0.42248458,0.08867564,-0.9984393,0.1476463,0.39771378,1.2225789,0.5362969,0.31497416,-0.00033222084,-1.0095162,2.4292803,0.5242467,1.0143565,1.4020177,-1.5841495,-1.8646846,0.0796275
1728,0.3278822,-0.31777525,-1.4162874,0.34255034,-0.6586155,0.8302983,0.9555829,0.23633772,-1.529855,0.80330026,-1.5221807,1.2528805,-0.31451252,-1.0931952,-0.6950143,0.44755343,0.65909976,-0.35743377,-0.16753381,1.1409482,1.3588564,0.38284028,0.8212847,0.33151752,-1.288243,3.6812875,-0.28159094,0.38040859,0.6494391,-0.6110366,-0.23066597,0.14242373
1729,1.2732399,0.5232688,-1.4826543,-0.41112277,-0.9014562,-0.3547694,0.9912909,0.16919108,-1.4738336,0.22128421,-1.482515,1.7103182,-0.18187267,-1.1825724,-0.9206596,0.10742764,0.7536897,-0.8985915,-0.8442322,0.8607899,-0.091847666,1.200659,-0.18479945,0.61214745,-2.2155426,2.0442944,0.42911056,0.9666834,1.1391714,-0.41933382,-0.12237455,0.87964046
1730,0.664508,0.6860119,-1.1146942,0.1414317,-0.6206164,-0.781853,0.9852506,-1.3195671,-0.548437,0.39671272,-1.2250378,1.8487217,0.21055625,0.16598487,-1.5496434,0.73858976,-0.10165174,-1.6564952,-0.6383531,-0.8903615,2.2609794,0.4563611,-0.077096395,-0.3700744,-1.6417618,1.9911237,-0.13874786,1.0689337,0.9782862,0.19338723,0.11461702,-0.081816435
1731,-0.122226916,-0.15002495,0.49621716,-1.2939652,0.6263115,-0.933338,1.0130167,0.09461912,0.5512303,-0.6745437,1.420561,1.2601091,0.12145644,1.4314573,0.19809197,0.5025509,-0.74487305,0.81511146,-2.1492908,-0.42342907,-0.14235078,-1.0062191,0.4503405,-2.7874966,-0.050701257,-0.6306113,0.44116336,0.64988357,0.7218549,0.05932222,-0.9163295,-1.2441566
1732,-0.55994856,-1.5430617,0.4895002,-0.37011734,-0.70102394,1.0990773,0.62023616,-1.2882458,-0.97113794,1.6595465,1.4082465,0.022966797,-0.9438889,-0.68870115,0.6326557,-0.19904837,0.7709416,0.66369987,-0.021647051,1.621401,0.48814344,0.5020534,-0.045561355,0.035707217,-0.28787723,1.1046164,-0.9240123,-0.89837086,-0.846466,2.2095678,1.9499935,0.22833084
1733,1.4376211,-1.5619677,1.2025632,-0.90995395,-0.401723,0.16834694,0.08724483,0.013309745,0.38186023,-1.4676126,0.7387872,-0.40317956,0.36497205,0.6787867,-1.3672036,-0.1584175,0.08239024,1.0198716,0.02779979,2.2660646,-1.0738847,0.8145643,-1.5274642,-1.0778546,-1.1486694,-0.4526767,0.646631,0.67465115,0.040232725,1.0536281,-0.7016985,-0.7453643
1734,-0.6329374,-1.3960942,0.7667264,-0.22868934,-0.51697594,1.1863607,1.129551,-1.1568248,-1.1487701,2.0068402,1.5614582,-0.19280587,-0.48170215,-0.62042916,0.5187207,-0.4256905,0.5969773,0.20346555,0.22617044,1.4097567,0.34011227,0.45625538,0.39972296,0.43773353,-0.13114749,1.3826904,-1.0448254,-0.93461734,-0.24191226,2.046811,1.9244618,0.30429286
1735,-0.727686,-1.2017362,0.75994474,-0.3813891,1.636397,-0.043539584,1.2881418,0.6720787,0.6046322,-1.1570103,1.1457344,0.2322642,1.155278,2.676701,0.32537526,-0.19006222,-0.5555887,0.4386916,-0.4105325,0.47534543,1.012388,-1.5986243,0.32116228,-1.4992585,-0.12679169,-0.38420364,-0.67363286,1.3891139,0.3749946,-0.4043067,-1.04217,-0.81102794
1736,-1.1982483,0.52300334,0.7970412,1.8288913,-0.05433421,0.023455232,1.2067723,-0.8926944,0.029540662,1.5642053,1.0246571,0.50776064,0.6817834,1.7771816,0.93307227,1.1410139,-1.7729974,-1.0065216,-1.5859747,0.10817321,-1.0255497,0.13488875,1.6510023,-0.39540347,-0.4091908,0.12815943,-1.5061814,0.3921373,0.5322726,0.56892663,0.15786943,-0.30858234
1737,-1.3034879,0.24654429,0.5878942,1.6151422,0.3807999,-0.46200588,1.4342097,-0.765275,-0.051903397,1.1339939,1.3555416,0.4814878,0.91608953,2.393058,1.2321898,1.0474769,-1.6461177,-0.7728474,-1.0906974,0.44024175,-0.36246607,-0.31880522,1.3722854,-0.88354766,0.007823345,-0.06053603,-1.4207305,0.617472,0.49817902,0.2544361,-0.10614224,-0.5210281
1738,-0.9985274,0.18178943,0.72496796,1.9057735,0.31655306,-0.56210417,1.3231944,-0.9285823,-0.29941192,1.4365833,1.2339873,0.009881346,1.1529284,2.5673018,1.015209,0.8021428,-1.4826281,-0.992079,-0.7655894,0.23962347,-0.5264279,-0.22717091,1.2780254,-0.44941005,0.4252619,-0.30614087,-1.4333138,0.5479477,0.6428679,0.35121536,-0.020146996,-0.28244478
1739,-0.44891915,0.5269441,0.91221565,2.555064,-0.22162618,-1.2276703,0.86415094,-1.334584,-0.8154316,1.4450134,0.9323947,-0.1654065,1.3774794,2.2733107,0.8278403,0.7466849,-1.0851259,-1.3699635,-0.034587298,0.106721655,-0.6554732,0.2450522,0.8729277,-0.12150793,0.7067801,-0.6744481,-1.1041075,-0.00034068667,0.33582345,0.5157023,0.10690551,-0.14069006
1740,1.0026401,-0.31308645,-0.036959145,1.1299264,-0.7243413,-1.884618,-0.9864599,-0.17539163,-2.2328155,0.35210618,0.0023158158,1.0599264,0.7049822,1.4927038,1.033946,1.1359471,0.10313623,-0.14608884,1.5758913,1.1092806,0.5824095,-0.47752348,0.25158536,-0.08166867,2.5475879,-0.5988264,-0.8868256,-0.65459394,0.111322075,-0.16644754,0.34508625,-0.96498483
1741,-0.6373277,-0.08738876,0.26643056,0.094145484,-0.37490684,0.023997663,0.104246534,-1.9060401,-1.9234031,0.5541241,-1.039158,1.9799355,-1.6869167,-1.040806,-0.36039674,0.038166102,1.1133515,0.5209882,-0.11771553,0.7659291,0.75126696,0.5710908,0.7040178,-0.17167841,-0.61141163,1.1756382,-0.13567147,-1.1700002,-0.7503268,0.9306134,1.9340507,1.550265
1742,-0.7372648,1.8916429,1.3521618,0.9414256,-0.05443131,-1.3674561,-0.438247,-0.97068167,-0.8342462,-2.6073265,0.5621328,-0.49770558,-0.41915885,-0.21321163,-1.4729964,-0.80265033,-0.16452847,-0.47983393,-0.37901488,0.27684498,-0.021129662,0.70271885,-0.6283131,-1.0034025,-1.1688247,-0.6147598,1.9974586,-0.22432747,-0.9508947,0.8800221,-0.67744124,1.0585836
1743,-1.5708408,0.74784386,1.4151075,0.9990707,0.29756442,-0.30322498,-1.0098052,-0.77693665,-0.4879523,-2.4665294,0.953834,-0.53237665,0.17682669,0.42356068,-0.86732274,-0.21221745,-0.4149053,-0.89166886,-0.45673105,-0.6618609,0.6632257,-0.08724571,-1.324998,-1.2700661,0.77116627,-2.0192413,1.469459,-0.3418734,-1.4498495,0.9452617,-0.585356,0.06310221
1744,0.10695204,1.8430096,1.5990181,1.0360695,-0.9786405,-1.26785,-0.66134274,-0.83822036,-0.5758974,-1.874949,0.07114588,0.9523218,-0.04141261,-0.21718174,-1.926825,-0.5416989,0.14990556,0.4949976,-0.1487436,0.83342296,-0.99750483,0.22401781,-0.56914073,-0.7891769,-2.0197458,0.010888563,2.1438372,0.8990534,0.011591839,-0.005965307,-0.9401973,0.40888298
1745,-0.21174435,0.4441575,-0.6545255,-0.7387063,0.04888416,-0.18793999,0.05307749,-1.8705262,0.06498375,-1.6104839,1.6040486,-0.0587083,-0.16305989,0.67405486,0.83786803,1.3487,-0.9935109,-0.19815432,-1.6374098,-0.9991776,1.9554244,-0.51205486,-0.029742323,-1.7025541,-0.7720646,-0.9390525,-0.1604555,1.1112856,1.0439531,-0.63598937,-0.045411292,-1.4984269
1746,0.12863638,0.9063181,-0.09784222,0.61386055,-1.2491593,-0.6104559,-1.34349,-1.7294346,-1.1182162,-2.2701511,1.6026692,-0.012504442,1.3357271,-1.0809748,0.1920601,0.9934201,-0.3825698,-0.3835075,-1.3589368,-1.6878693,0.25062335,0.6130622,-0.2116858,-0.38044924,-0.6884835,-1.5742342,0.85922056,0.0749123,0.06506065,-0.36004728,-0.09751242,0.22827233
1747,1.0388151,0.3133734,-1.2958066,-0.39348173,-0.77826613,-0.888171,0.93107915,-2.1520522,-0.87916905,-0.29977545,-0.50752306,1.1072115,0.1779248,-0.46336713,-0.96338606,0.116001226,0.27039635,-1.8078246,-1.1534814,-1.352162,2.0217268,0.8020191,-0.12699966,-0.5350053,-1.631377,1.3096353,0.9713784,0.38656768,1.0041989,0.3901027,-0.21065144,0.14584401
1748,-1.0850463,-0.04109378,0.3584724,-0.84000283,1.2157671,0.81053776,1.09396,-0.33089384,1.0766655,-0.7916742,1.652149,0.90117806,0.024804745,1.7833023,0.4053437,0.86460364,-1.0728116,1.4053816,-1.3647279,0.30604064,0.37470084,-1.7049906,0.4359338,-1.4023321,-0.91366243,-0.044379424,-0.78279454,1.0681448,0.87986344,-0.817544,-0.07906211,-1.5227543
1749,0.4328125,-0.5273408,0.14624493,-0.41926774,-0.20900777,0.70359933,0.498749,0.6821542,0.27060667,-0.75659823,-1.925099,-0.34225246,-0.580627,0.6503143,-1.4619423,1.2969198,1.238831,0.20246466,-1.3794812,1.357522,-0.3756743,1.8849528,-0.27304697,-1.6875982,-0.4616588,-0.7627505,0.4508044,-0.6919624,0.6287138,-0.7314595,-1.7993406,-1.3982681
1750,-0.1295188,-0.6461991,1.0503128,0.43995023,-0.48020035,-1.6074666,1.0790185,-0.8062343,-0.91899264,0.06265117,-1.0559332,1.9519054,0.31279954,-0.6450154,-0.055462703,2.0465226,0.36131868,-0.7334822,-0.09333005,-1.3631452,0.86098284,-0.121710554,1.6623479,-1.6842628,1.7037286,-0.5548437,0.2840139,-0.3186543,0.8160686,-0.63380283,0.40849933,0.44908255
1751,-0.66059715,-0.72453135,0.04168781,-0.29245895,-0.5282894,1.6072298,0.2448844,-0.96688306,-0.60921955,1.1036069,-0.65940076,0.3847518,-1.8656905,-0.7868923,0.06677894,0.022979688,1.5859615,1.223475,-0.12692937,1.473776,1.5319736,0.4067959,0.40397182,-1.1084162,-0.17600267,0.7681907,-0.5711877,-1.6304363,-1.2736912,1.3785309,1.4812323,0.49495393
1752,-0.26095355,-1.125079,0.72610414,-0.6130398,0.20381463,0.6575526,-0.3128896,0.07119387,0.42210707,-0.9404536,-1.1446557,-1.0465343,-0.89432794,0.11361488,-0.93464,0.8005133,0.9371947,0.0064691096,-1.0957042,1.8865346,0.90181464,2.4622874,-0.34037557,-1.8330091,-0.026201956,-0.9259916,0.55592155,-0.7017158,-1.0497452,0.45445907,-0.61854136,-0.86848795
1753,0.38758865,-1.0679886,0.70905256,-0.59722745,0.25710234,0.14532837,-0.17428836,0.23736641,0.6875603,-0.99169046,-1.3984481,-1.2033935,-0.6157066,0.18607213,-1.2894772,1.4388534,0.30214384,-0.5874263,-1.1762315,1.4196634,0.79504186,2.8738844,-0.5349171,-1.4041134,0.29416323,-1.1791103,0.47964376,0.1436308,-0.04412652,-0.28356007,-0.9735563,-1.1030508
1754,-0.5347344,-1.0714872,0.10154276,0.8584849,1.1961536,0.24442072,1.3948838,1.529057,-0.26451477,0.31007233,-1.6217139,0.64781594,-0.09806293,0.26852912,-2.0083268,0.9393085,0.5617406,-1.1008259,0.67416406,0.6171357,1.907496,1.0635448,0.75710744,-0.3361612,2.0695066,-0.39062938,0.7527452,-0.82377946,0.03371679,0.48669878,-1.0997262,1.4329243
1755,-0.69538915,-0.47037774,0.46554804,0.8523615,1.5354917,0.04457405,1.2268453,1.8401155,-0.2336428,-0.3033862,-1.4918342,0.70096004,0.55971605,0.5198456,-1.7010432,1.0019337,-0.018391939,-1.6865693,0.81254107,0.25080386,1.6366087,0.82101655,0.8242579,-0.4246378,2.1599913,-0.82020485,0.95642704,-0.9254984,0.027242947,0.047133885,-1.076547,1.0848958
1756,-0.37970787,-0.06017226,-0.17781527,1.4043804,1.3974856,0.36026147,-0.7943448,-0.05077951,-1.0899587,0.6510427,-2.1724126,0.38147444,-0.7908072,1.189132,-1.0169936,0.06554239,1.5904242,-0.62754494,-0.46155953,0.413407,2.2249758,1.1928871,1.1841853,-0.3860328,0.59405833,-1.209372,-0.18628779,-1.0118357,-0.50224704,0.36055562,-0.64048797,1.1568166
1757,-0.4486343,-0.12208487,-0.22215128,0.70502144,0.9469428,0.26494893,-0.7723434,-0.13149369,-0.21708311,-0.837747,-1.1663,-0.934827,-0.000575551,1.6985124,-0.97105503,0.8408071,1.1212223,-1.2147857,-0.6750237,1.2717425,1.3359917,2.1895752,-1.0957317,-0.6099725,-0.45308232,-2.2810142,0.32230783,0.3501819,-0.4157415,0.7230908,-1.4179621,-0.5669565
1758,-0.34998912,0.35986415,-0.22951701,0.6215123,1.9522841,0.284692,-0.36245143,0.44825,-0.54580694,-1.5782143,-0.6865881,-0.13509731,1.0770125,1.5151545,-0.81806195,1.1989287,-0.09210755,-2.4216318,-0.037578333,0.30030698,1.3295612,1.6065564,-0.18187472,-0.51386136,0.9377959,-2.246659,0.96564436,-0.89714015,-0.12772173,0.28041488,-0.80652493,-0.39050543
1759,-0.7434871,1.2907708,-0.06658489,1.3687674,0.5925429,0.5576374,-1.3588529,-1.0896696,-1.2571508,0.72105086,-0.6867169,0.4577617,-0.09809579,0.9005495,-0.73874974,-0.30392495,1.7762929,-0.32646772,-0.054931596,0.40286887,1.2537136,0.4752438,0.90871465,0.22486933,-1.3081896,-1.8944277,-0.39413944,-1.6772335,-0.627085,1.8038086,1.408094,1.3125179
1760,-1.0080768,0.32998005,0.95280755,0.3575441,-0.31148395,1.2456288,0.27415866,-0.9276082,-0.7860274,1.3222046,0.40597937,0.3266681,-0.87740934,0.011465842,-0.89558893,-1.0007848,0.94144684,0.20793125,0.5829276,1.1651281,1.0869864,-0.07911538,0.8796328,0.043547463,-0.6123601,-0.49950907,-0.5076299,-1.8161044,-0.9093635,2.4196546,2.3585732,1.4870179
1761,-0.6153119,1.1453897,-0.6921804,-0.061181664,0.032631397,0.24542159,-1.1036723,-0.6729693,-1.100232,-1.5735416,0.7278677,-0.8899467,1.4988836,0.42582518,0.106662534,1.1017387,0.08759377,-1.8965015,-0.09154304,-0.5635134,-0.17254125,1.3839155,-1.7331872,-0.31451294,-0.6516243,-2.559279,1.4364394,-0.9452287,-0.021008128,0.8115068,0.39889807,-1.3090776
1762,-1.5082241,0.9542363,-0.47007158,2.061129,0.84588563,0.30803126,-0.4711482,-2.010548,-0.69758224,-0.28005648,1.1048185,0.02026193,1.8568779,1.8187233,1.2992581,0.15436557,-0.15662305,-0.6069177,-0.15975061,-1.2268548,0.4259518,0.10779931,0.48077685,0.023213591,-0.08552186,-2.0956025,0.16000968,-0.54193807,0.26233914,0.7524233,0.945946,0.18878421
1763,-0.83576655,-1.4874918,-0.60557663,0.6230663,0.37003145,2.5579925,0.7062561,-1.67814,0.33610427,1.1047002,1.2535594,0.8815964,-0.10246337,-0.7872343,0.60377204,-1.3060849,1.588689,-0.06409826,0.0067609046,1.1131313,0.44052944,-0.9726901,-0.8705214,0.67511195,1.0755129,1.0009035,0.964926,0.59178334,-1.0939405,-0.14399675,1.1243596,0.5586084
1764,1.7901951,-2.5875442,-0.47590062,-1.3423971,-0.06853407,0.57875144,0.7555611,-0.58989745,0.3085794,-0.019794676,1.0587527,-0.41662735,-0.07819632,0.48991635,0.022486925,0.38433188,1.1991849,-1.5902424,-0.28422374,1.7053776,-0.7985983,0.13202852,-0.79991347,0.77714515,-0.6023383,-0.739362,1.3654828,1.2437928,-0.7221519,-0.5910212,0.3126005,0.39175498
1765,-0.9524078,-1.8194611,-1.1334879,0.54857445,0.30241746,2.4902532,0.3020173,-1.6502392,-0.22549087,1.2102996,1.2949553,0.33663076,-0.5263888,-1.0737001,0.35216126,-1.424424,1.6960809,0.15768817,-0.16560625,1.197227,0.9118985,-0.3874474,-1.1027477,0.17551574,0.55693036,1.4021498,0.06868383,0.07970048,-0.8600521,0.13437285,0.81370443,0.3227865
1766,0.7513459,-2.7200267,-1.0134672,-0.8697669,0.31996316,1.5534678,0.25220507,-0.83931,0.4468689,0.0041205324,1.1311198,-0.38717553,-0.48765486,0.4931355,-0.3035056,0.15768176,1.0498493,-1.0661515,-0.8022835,1.7791653,-0.43965772,1.0456604,-1.8688965,0.39570498,-0.8456886,-0.41087583,1.1538215,1.1791271,0.05758178,-0.1251126,-0.27090862,0.23572183
1767,0.8753475,0.3606261,-0.13231753,0.04433253,-0.62545925,-0.89906764,0.8239545,-1.4265959,-1.0142044,1.6758406,-1.4834173,0.63351727,-1.2561753,0.05789977,-0.20750536,-0.46455607,1.6355178,-1.4403324,-1.3451855,-0.16397354,2.058855,0.506103,1.5490797,-0.46144906,-1.3054564,-0.29038373,-0.92839825,-0.0023397324,0.28722653,-1.4373672,0.4463412,0.3464115
1768,1.0774783,-1.9234673,-1.2092117,-0.24653336,0.02212821,1.4440827,0.04496245,-1.5495865,0.7036595,-0.54065573,1.505676,-0.87885493,-0.3790783,0.34976894,-0.6492388,-0.40263036,0.829408,-0.69161516,-1.4683024,1.9587774,-0.096045755,1.22567,-1.4144924,-0.048438538,-1.3862984,-0.565986,0.45966417,0.7194158,-0.24483478,0.18074721,-0.8380074,0.109990865
1769,-0.7599684,0.7223491,0.33182678,-1.2836405,-0.04332483,-0.017443895,-0.8056083,-0.81492686,0.3992396,-0.8685473,1.8975706,0.57687694,-0.4274957,1.0137123,-0.23234116,1.1809099,-1.5895183,0.54446787,-2.0680377,-0.31544912,1.4512687,-1.0357078,-0.39931086,-1.2025146,-1.4630123,-1.5389735,-0.5351325,1.510393,0.49033228,-0.78376925,0.22522722,-0.8042923
1770,0.7507231,-1.5847131,-0.4033142,-0.36790326,-0.038216136,0.88208765,-0.24452595,-1.198722,0.6393122,-0.8900392,1.0854183,-1.585649,-0.10635686,0.064508855,-0.451915,-0.62661016,0.23819248,-0.5887873,-1.4240911,2.025557,0.3491481,2.158988,-1.3684804,0.115076326,-1.4558312,-0.99070877,0.6137791,0.8340903,-0.44116268,0.03864813,-0.8454992,0.4796694
1771,-0.01594994,0.3663667,0.19322959,2.2316663,-0.9200523,-0.25956514,-0.645591,-0.7363964,-1.6501751,1.3853747,0.13861418,-0.13261646,0.45984304,1.0686146,-0.041603994,0.25700694,2.6554694,0.8648219,0.058226507,-1.1360372,-0.16532722,-1.3894143,-0.47646114,0.59304464,-0.72886896,-1.7495185,-1.1474131,0.5956347,-0.8454811,-0.11814112,-0.022429118,-0.43472597
1772,-1.0804576,-1.702926,0.5369657,1.1356658,-1.0655509,0.19993193,-0.21285777,-1.0602934,-1.1534709,1.7911015,0.8258952,0.19270268,-1.0363449,0.45928344,0.61520153,-0.02025207,2.3575063,1.7073524,0.948026,0.8931138,-0.21031673,-0.31971017,-0.8428541,0.6460906,0.0021161472,-0.74321055,-0.9179076,1.0932875,-0.865326,0.79532194,0.81748503,-0.69756556
1773,-0.6929582,-2.29539,0.5227269,-0.0029180844,-0.8743587,0.88363737,0.33388373,-0.10011737,0.016965378,1.0389411,1.3714892,-0.0548797,-1.0174696,0.41223446,-0.17448536,-0.33942685,1.3672161,1.0249478,0.631756,1.6946708,-0.7999023,0.9425494,-2.315193,0.4316934,-0.3173451,-0.9604769,0.6190628,1.8146214,-0.23448046,0.43386275,-0.25772247,-0.70299613
1774,1.0101951,-2.217351,-0.22488163,-0.78204954,-1.2808477,0.80913424,0.032026786,0.5377321,-0.26427877,0.43537843,0.979004,-0.47779933,-0.76435035,0.17559013,-1.303986,0.25082672,1.1334199,0.5254943,0.13528489,1.3889627,-0.7843044,0.88707304,-2.315786,0.7125843,-1.1592835,-1.3062322,0.97002023,1.9545645,0.33635715,-0.0101276385,-0.5783917,-0.58720005
1775,1.2673436,-1.1230445,-0.92796034,0.3469271,-1.3577405,1.065826,0.39127088,0.027188713,-0.4177309,1.7473913,-0.408009,0.26483077,-0.31611142,-0.3502608,-1.7056748,-0.40987608,2.4127722,1.7122935,-0.39312357,0.080189206,1.3099318,-1.2213688,0.6988084,0.07891186,-1.5714532,-0.29244712,-1.2648135,-0.12890771,-0.8623834,-1.2684603,0.61765856,0.2525922
1776,1.0559182,-1.2281661,-1.1344254,0.6291909,-1.4691553,0.7756992,-0.54955596,-0.33920175,-0.5776908,1.2224382,-0.55839086,-0.48748678,-0.45026377,-0.10629355,-1.1218404,0.26133654,2.6547408,1.3997738,-0.27198634,0.35458836,1.2435039,-1.1103089,0.12723707,-0.21146376,-2.060978,-0.53837365,-1.3527162,0.17574218,-0.9709276,-1.5544716,0.50274765,-0.3368745
1777,1.4459449,-2.2990444,-0.6587968,-0.74077183,-0.41019982,0.3956808,0.66502553,0.96779275,-0.16296019,-0.44326094,-1.2291175,-1.2362963,-0.03839493,0.24765214,-1.2692683,0.059147954,0.7816761,-0.8726931,-0.18888485,0.9200617,1.4349184,1.1922592,-0.021887546,-0.5581516,-1.6736752,-0.40500438,0.017430415,0.4996242,-0.76822466,-2.3163486,-1.0657573,0.8416452
1778,-0.12302996,-1.043919,0.26945716,-0.11147254,-0.18937059,1.4564718,1.0423448,1.0881505,-0.7930126,1.3234774,-0.33396977,0.5105194,-0.77632564,-0.8193945,-2.3034852,-2.085872,1.5770183,0.43612257,0.30251208,0.052846313,1.926278,-0.13383035,1.4461685,0.04950188,-0.34564054,-0.16652095,-0.29674387,-0.52789044,-1.0912176,-0.47291243,1.0221502,1.8793436
1779,-0.8217975,-0.0917684,0.4779947,0.9813314,0.58397645,-0.100538135,-0.11891296,0.5895312,-1.0280932,0.5931491,-1.3914652,-0.57559705,-0.65565056,-0.08438864,-0.50935876,-1.0670252,1.7400962,0.1365692,0.45369112,0.101252,2.6154692,-0.1269931,1.8485681,-0.5972748,-0.27152276,-1.0366199,-0.37114292,-0.5249147,-1.8922546,-1.2981547,0.6433548,1.7083763
1780,0.15982758,-1.0631901,-0.25496867,-0.08253467,0.600098,-0.27331355,0.4282874,1.0715526,-0.33005086,-0.30892393,-2.0940166,-1.156936,-0.1960703,0.2991578,-0.9915526,0.4238279,0.6340644,-1.0704566,-0.36330476,0.88983274,2.0169146,2.3726623,0.64823854,-0.5507621,-0.7006737,-1.0108843,-0.23095192,-0.09674195,-0.70641696,-1.6425354,-1.3363105,1.0196533
1781,-1.3480284,-0.49722135,0.33546177,0.23254839,0.9546557,0.33597034,0.6711011,0.9613752,-0.7628102,0.7075642,-1.1482056,-0.12494363,-0.853058,-0.39153773,-1.2814509,-0.5734273,0.8853318,-0.7540692,0.6308662,0.5552043,2.752013,1.0405388,1.3369724,-0.21963997,0.7856823,-0.65503925,-0.2742924,-0.8773577,-1.7364137,-0.010963441,0.2552463,2.3150234
1782,-0.89925766,-0.5544084,0.10577417,0.34063816,1.0145137,-0.89202833,-0.32657653,0.5698123,-1.0313,-0.4225677,-1.5213476,-1.3377194,-0.43133247,0.36003044,0.19018745,1.6328702,0.7531722,-2.1374087,-0.07214706,0.02440494,2.2348986,1.6618003,0.2949952,-0.72392195,0.98284715,-1.6256772,-0.16902243,-0.3787709,-0.9329223,-0.93677455,-0.20440231,0.69529885
1783,-0.61866134,-0.7860298,0.73584116,0.0624616,1.3924844,-1.2073171,-0.47802866,0.7774777,-0.70225996,-0.54318273,-1.4618917,-0.74076575,-0.2750092,0.17737354,-0.46307606,1.899008,0.55287236,-2.2673445,-0.17592987,-0.4112626,1.9994702,1.8265061,0.42923492,-0.7205189,1.4637216,-1.1295152,0.34480885,-0.1707152,-0.41757345,-0.8075926,-0.2263704,0.76965636
1784,-1.4354503,-1.0413003,0.628835,0.4748306,1.163842,0.4041524,1.4558312,1.4671764,-0.2958138,0.015828608,-0.76426005,0.47162625,-0.1507869,-0.46013224,-1.4832822,0.04438535,0.26700857,-1.290626,1.2811682,0.60177803,2.071919,0.8383082,0.7812263,-0.35171118,2.2786517,-0.63416404,0.55607677,-0.8614498,-0.9231925,0.67187834,-0.0036875529,1.9653099
1785,-1.0572861,-0.6918963,0.33357608,-0.56193775,0.048284885,1.7976197,1.3611276,-0.0914459,0.31129217,0.93610424,0.6602932,0.09158162,-1.3790537,-1.028475,-1.2087573,-1.4123209,1.4016408,0.18690191,0.5301327,1.6617016,2.147944,0.12405704,0.38236097,-0.30933684,-0.041046143,0.39503404,0.4311614,-1.0945518,-0.9375791,1.4098167,0.6671563,1.307373
1786,-0.57226896,-1.4142002,0.29965702,-0.6888802,0.27827793,0.8021948,0.45658576,0.36242577,0.5664012,-0.53318894,0.32504708,-1.7843584,-0.6164229,-0.39775947,-0.7746153,0.34820405,0.4441453,-0.7395886,0.19561383,2.3185685,1.1344588,2.418708,-1.2050726,-0.07745079,-0.10025749,-1.2872502,0.5181926,-0.038763244,-0.7644368,1.37599,-0.09687451,-0.34295276
1787,-0.59945977,-1.0736548,0.7904183,-0.30253348,0.7623699,-0.5591638,-0.4177714,0.16764638,0.33827472,-1.2558383,-0.38598153,-1.7925777,-0.3025729,-0.5558268,-0.6463369,1.5071958,0.08966485,-1.4353001,-0.2918435,0.955987,1.1398321,2.967474,-0.8735963,-0.74063754,1.1651546,-1.7570462,0.5888031,0.15921557,-0.67516,0.6367584,-0.07881901,-0.3702094
1788,-0.49404564,-0.11304285,-1.0685205,-1.4620116,0.8396705,-0.047633167,1.132534,-0.1326991,1.0635741,-0.23741636,1.5053247,0.9350788,-0.7349257,1.9356917,0.84122455,0.0864167,-1.430079,0.28936285,-0.7195206,0.35039374,2.0170953,-1.0435073,0.59549546,-1.3951877,-0.08451593,-0.17039438,-0.9938228,1.234164,0.8103632,-0.44983497,-0.101195075,-1.3715379
1789,-1.0269784,0.08650323,-0.5008122,0.55665416,-0.7047035,0.3704783,-1.444657,-1.594337,-0.4234448,-1.4188075,0.8688011,0.45907357,1.4613965,0.2468116,0.76870286,-0.091735646,-0.9780171,1.3009512,0.010676039,-1.5160146,-0.68189114,1.1598878,0.41963756,-0.26355,0.16582552,-2.1305292,1.4432682,-0.7569854,-0.3527047,-0.79379517,1.9780896,0.3117337
1790,-0.46605995,0.1606634,-0.31764275,0.88419366,-1.4699551,-0.18910488,0.7256731,-1.364275,-0.38672024,-0.821235,0.6872409,-0.39699775,1.9669609,1.0082781,-0.3992665,0.39713025,0.6071176,1.8518645,0.7516198,-1.878966,-0.81181335,0.5168976,-1.3846256,0.12195204,0.28299162,-0.927842,-0.08112536,-1.0495198,1.4195881,-0.6785968,0.9284618,-1.6837187
1791,-0.06921219,-0.44206247,-0.15683897,1.0160631,-0.5954311,0.61821496,0.0814407,-1.4772184,-0.4704513,-2.0093687,1.3866096,0.10883546,0.7211039,1.1792974,0.43743807,0.04118372,-0.7815154,1.4956596,0.8054882,-1.817506,-0.34209576,1.686807,0.029233865,0.38208506,0.72839797,-0.45276254,0.8462134,-1.7684687,0.7805715,-0.22048974,1.0733515,-0.038384363
1792,0.9103374,-1.2100438,-0.66275,0.5650541,-0.8898789,-1.0461167,1.0145437,-1.0600417,-0.76873267,-1.7647886,0.8625535,0.562139,0.146806,0.78279495,0.65401715,0.98294944,-0.5264819,0.88542426,1.6067097,-1.611573,0.7138178,0.49615395,-0.07233218,-0.6291284,2.1309261,0.3631255,0.57691336,-0.9473618,1.2586235,-1.0584599,0.63301283,-1.0065138
1793,0.97391045,-0.7512226,-0.50753266,1.2143424,-0.93380433,-1.0239745,0.46424046,-1.4760718,-1.2090161,-1.5465463,0.468249,0.7692085,0.019139549,0.98936915,0.84501714,0.5464045,-0.28312218,0.85663015,1.5309715,-1.5898705,0.6621387,0.5588754,0.4541639,-0.5831136,2.1191976,0.317571,-0.10289273,-0.96184653,1.2920194,-1.1735557,0.68047804,-0.93350476
1794,-0.92031044,-0.0927974,2.2409594,1.2742244,0.97067004,-1.4899127,-1.02251,1.295646,0.13664435,-0.5495077,-0.6558821,-0.96495336,-0.03140059,0.000452337,-0.79244787,0.8086994,-0.09054826,-1.1015184,-0.16550249,0.7735012,0.44834825,2.3477447,0.061801545,0.33397368,-0.029511524,-2.174905,0.13706177,1.1716038,-0.049782276,-1.789231,0.16608292,1.1388872
1795,-0.41463795,1.6704755,1.8130977,0.68377054,-1.508113,0.41043788,-1.3629245,0.3708885,-0.63091034,0.770577,0.21186513,0.906186,0.41504475,-1.2980977,-1.1283672,-0.7152825,0.9287483,0.54068714,-1.0557978,-0.34541112,0.7363719,-0.35126558,1.1468519,-0.13895126,-1.3149335,-1.883911,-0.9083948,-0.42249846,-1.3039434,-1.2262677,0.7418621,2.2103863
1796,-0.7218724,0.99037534,1.5092236,0.9978815,0.2718366,0.28759536,-3.1174743,-1.4986888,-0.37112683,-0.3173403,-0.5468858,-0.090269186,-0.3326052,-0.5405867,0.39450642,-0.079761796,0.52791494,1.1043222,-0.20312513,-0.4052955,0.9662342,0.25457942,0.21602221,0.08600576,-1.043122,-1.1842954,-0.22213775,0.18813625,-2.0179389,-0.10050607,1.7963829,2.158512
1797,-0.98088,-0.49989194,0.16481759,-0.7699581,-0.19984606,1.9061073,-0.1806918,-0.75367427,-0.08147705,1.0182725,-0.27229854,0.07610088,-1.3810287,-1.3340913,0.2685657,-0.95724195,1.4870026,0.5440579,0.059351113,1.0278907,2.0564928,0.25923207,-0.07246302,-0.9022204,-0.011211365,0.3138052,-0.23185715,-1.3676686,-1.5711334,1.3680131,1.9225799,0.94308984
1798,-0.6869331,-0.9291537,1.1924397,-0.9077419,0.37849486,0.3234346,-0.6075944,0.15166034,0.6997216,-0.7102646,-0.56078,-1.4271069,-0.7659436,-0.7072101,-0.61596644,0.120079994,0.5230335,-0.37141147,-0.43861067,1.7627523,1.0043432,2.6749184,-0.90277445,-1.211041,0.3781129,-1.5481516,0.5693722,-0.2828683,-1.4056286,1.1585358,0.54268503,-0.3907786
1799,-0.43414629,-1.4036425,1.1321656,-0.6149476,0.660152,-0.6635564,0.12961425,0.48962605,0.82638305,-1.2321615,-0.66226196,-1.363252,-0.20423293,-0.4601721,-0.8863096,1.4300051,0.18865113,-1.3691162,-0.3307741,1.1574742,0.84165496,2.89761,-0.61009383,-1.1262674,1.0774763,-1.464288,0.5627031,0.20329928,-0.27661768,0.4284893,-0.3325251,-0.6995595
1800,1.8622321,-0.5358996,-1.1611243,0.6117199,-0.6171231,-0.45981064,-0.19626111,0.24220285,-0.059955023,0.11559215,-0.30741733,0.7015939,1.2572917,-0.38060334,-0.9625214,0.1325814,1.6505576,0.6921751,-0.60885113,-2.300613,0.3518328,-1.3564792,1.1424283,-0.57377166,0.47627896,-0.42345133,0.5805283,0.14813833,-1.2014546,-2.1276116,-0.56842124,0.042271316
1801,-1.6894492,0.3778955,1.7837602,1.5454252,1.442166,-1.5507829,-1.7736943,-0.37317044,-0.63215333,-0.7047936,0.21223076,-0.73755175,-0.22533078,-0.38010725,0.8453545,0.92752606,-0.3123904,-0.60310555,0.33459556,-0.82764834,0.93798167,0.390781,0.096489124,0.06659513,1.3732737,-1.5446674,0.31059533,0.51549226,-0.83442765,-0.47729293,1.9147916,1.6552199
1802,-0.4587136,-0.16925631,-0.51149243,0.03300393,-0.8608579,0.021140952,-0.7936952,-1.2257692,-0.9087018,-1.2133493,1.4415311,0.48958552,1.5374451,1.0115159,0.3804271,1.02576,-0.7401945,1.0492638,0.78032285,-0.87403876,-0.62041414,1.4099604,-0.9734806,0.51073605,1.1143087,-2.2650554,1.4839051,-1.5621263,0.5188981,0.28960747,1.4727098,-0.57568806
1803,-1.3257122,0.12366829,-0.83498186,0.3688429,0.3796105,-0.29760608,-0.91875947,-0.53062224,-0.4578135,-0.6625466,1.2677007,0.19678739,0.97180766,-0.55341387,0.3495459,0.46691942,0.0812632,-0.13929896,-0.90165746,-2.464148,-1.1080893,0.38216904,-1.9254187,0.3978427,0.083539665,-2.1335132,0.9914347,-1.6478325,-0.026903836,0.15930162,0.7807225,0.17179514
1804,-1.374215,-0.39845508,-1.0335404,1.0165322,0.70883244,-1.0241036,-0.17866147,-0.66676056,-0.66609144,-1.0911119,1.5007515,0.11672358,1.3293667,0.626952,0.3666413,0.49334997,0.16786139,-1.2880609,-1.6473718,-2.3880913,-0.44900635,-0.65678304,0.12311644,-0.8463039,0.48290372,-0.927498,0.58595115,-0.5963082,-0.5898401,0.50462174,-0.9664163,0.3257089
1805,-0.5869168,0.41411054,-0.5536325,0.40095592,0.51193976,0.48843387,-1.4916679,-0.18788925,-1.2331223,-1.7195905,-0.19677694,-1.0091949,0.5295617,0.8946141,1.8683889,0.6829468,0.79839,-1.3981454,-1.126975,-1.2998712,-0.30057433,-0.8012702,-0.34848416,-1.3322209,-0.3096649,0.2435607,1.9528056,-1.7750404,-0.5740174,0.47437233,-0.57250166,-0.29808807
1806,-0.3819522,-0.5947653,-1.2825422,0.645028,0.096366815,0.16491328,-1.0205637,0.33496085,-1.3357852,1.4472129,-0.8129348,-0.36999,0.4979685,1.1415457,-0.81725526,-0.9407729,0.41578618,0.66386825,-0.5122104,-1.531618,-1.2159745,-0.19271204,-0.8123019,0.7544048,-1.800165,-0.6093871,-0.65718853,-2.1970465,-0.9632573,1.7474972,0.9241299,0.26840377
1807,-1.4057134,-0.8095643,-0.77194214,-0.6925154,1.0576328,1.2896153,-0.8740787,1.3289421,0.5293178,-0.96328235,0.07080246,0.0584284,0.9581517,0.026819242,-0.9179984,1.7432812,-0.68841755,1.165367,-0.045800824,-0.53977406,-1.8685498,0.9823435,-1.4505968,0.5484356,-1.3263885,-0.62272686,1.0853201,-1.6694813,0.32128718,-0.2169771,1.5191762,-0.6939348
1808,-0.8435439,-1.06562,-1.0115052,0.9840936,1.5430175,0.1514967,-1.2204087,0.987962,-0.4958597,0.7964176,-1.3825997,0.5910957,0.6531211,1.1287903,-1.0965477,0.9099294,0.3781145,0.9168818,-0.0922864,-1.4581788,-1.5598426,0.3006989,-0.63505095,0.88077116,-1.1987484,-0.6612187,0.24515177,-2.1441214,-0.07105592,0.289508,1.2816384,0.23193689
1809,-0.30173776,0.68831074,0.12678762,-0.4628352,-2.1028993,1.2277455,0.6587236,1.0619342,-0.20684753,0.13870624,1.1751295,-0.8127942,1.3141863,-0.40627348,-1.6117513,0.37141982,-0.96781003,1.1600424,0.46360862,-1.2902519,-0.2691353,1.4597152,-0.6070427,1.1961775,-1.2189167,-0.12265541,1.8440466,-1.5281721,-0.061367374,0.23130572,1.3229828,-0.19782677
1810,-0.6786749,0.44679275,0.13606122,1.7526611,-1.2890084,0.8216333,-0.040541556,-0.7462474,-0.273297,0.34141928,0.88047534,-0.01021222,1.0019639,0.41493246,-0.5767272,-1.3824248,-0.72135603,1.8228277,1.1423233,-1.4882433,-0.22702312,1.0597144,0.5193059,1.3416886,-0.5046128,-1.0952246,0.74785405,-1.7079456,-0.78709805,0.24925733,1.7823031,0.5102551
1811,0.63773376,0.66789734,1.7212373,-0.0055130157,-1.495857,0.7000398,-0.42043972,-0.6118649,-1.205728,0.11158685,1.0477945,-0.40919763,-0.1304657,0.25519392,-0.14134106,-1.0891196,-0.5769498,1.8359324,1.0510639,-0.954025,0.10302326,0.89049286,1.1039068,1.2883849,0.062168237,0.46983585,0.082404494,-2.321855,-0.14021161,0.38785875,2.2289386,0.6984843
1812,0.67714214,0.4936182,1.1156787,-0.8960348,-1.3342286,0.99355084,0.19130826,-0.052764717,-0.5826304,-1.3932076,0.9716131,-1.629743,0.3258753,0.02033079,-0.38028157,-0.28905863,-1.5341918,0.6500646,0.11917769,-1.3203666,-0.32506838,1.9513196,-0.40729967,0.6458336,-0.665442,-0.8502459,1.5155246,-1.9181906,0.5654091,-0.07550411,1.069104,-1.2769574
1813,0.19474319,0.5324597,0.4527244,1.371581,-0.81258607,0.47491804,-0.12612693,-2.1653373,-0.389384,-1.4162908,1.0889109,0.06598246,0.4247249,1.0250946,0.2534688,-1.3778751,-1.349989,1.1695389,0.3987272,-1.9138092,0.3575438,1.2477803,0.94972855,0.3418836,0.6102801,-0.9966148,0.5778317,-1.4030042,0.17412023,-0.03777908,1.1556798,-0.09218821
1814,-0.947507,0.38340777,-1.8802204,-0.5663183,0.36701778,0.032374743,1.2400137,-0.83807963,1.2188793,-0.42461,2.1164236,-0.10063317,1.2251087,2.2087433,0.7177293,0.09499206,-1.4563966,0.5858478,-0.95793587,-0.992102,1.2796853,-0.22453038,-0.16817799,-0.88128525,0.101372056,-0.6411548,0.33305302,0.25153756,0.15023501,0.7744815,0.07396457,-1.2918642
1815,1.0473921,0.59512234,-1.1373701,0.38290226,-1.8766181,0.7309245,0.5053505,-0.33601168,-0.5202001,2.5077982,1.0618699,-0.24624145,0.0075858342,0.1782386,0.18865855,-0.6760766,1.2142494,0.62295437,0.22745241,0.03414009,-0.039304502,-0.073922954,0.116177246,0.41184065,0.18486392,0.07928689,-1.1107523,-1.4898275,-0.7290846,1.9214141,2.552092,-1.0257194
1816,-0.442605,0.47001293,-1.5213062,0.22739977,-0.93047285,1.4709818,1.1246978,0.9926631,-0.10847947,0.4623309,1.1024704,-1.7171047,1.6889919,0.20710269,-0.38839966,0.7695353,-1.0505848,0.07612534,0.13808589,-0.5516135,-0.13597427,1.4016647,-0.9146912,0.45901394,-0.9356293,-1.0902573,1.1206751,-1.8788935,-0.05545099,1.1630062,1.4253983,-1.827841
1817,-0.019180452,-1.2022294,1.032949,0.23641138,-1.4591122,1.6260476,0.30733356,0.44943738,-0.1572066,0.38460627,0.9512912,0.52274656,-0.5780786,-0.042415276,-0.12400272,-1.1188961,-0.43636322,2.014664,1.6669425,0.9326533,-0.40614223,-0.4394268,0.99430454,0.112993285,0.50462615,1.9918745,-0.7862184,-1.9459134,-0.8365204,0.94453347,1.9521819,-0.21339804
1818,0.32812718,-1.2693434,1.3311502,0.2181215,-1.9680445,1.1758741,0.28313574,0.7198091,-0.31406522,-0.2974106,0.73848045,0.09566485,-0.9308199,-0.101469785,0.24926588,-0.78220356,-0.7022441,1.9562892,1.7692479,1.295938,-0.33502063,-0.5715044,0.60483825,-0.47946993,0.6728292,1.9145085,-0.68692124,-1.7074846,-0.20403321,0.37123197,1.6287457,-1.2533824
1819,1.255825,-0.53325117,1.4253745,-1.603635,-1.1933115,0.8334098,0.13010554,2.2144566,-0.21089898,-1.5080475,0.25227252,-1.2642374,-0.3344951,-0.23813261,-0.8249234,0.67996156,-1.0877001,0.60371435,0.6285447,0.9058853,-0.5529131,0.30027583,-1.2365483,-0.48452854,-0.40763927,1.1091325,1.6811101,-0.947755,0.5009959,-0.44073978,0.28020513,-1.9094721
1820,0.7837085,-1.4204998,1.081078,0.4655672,-1.2028089,0.08287651,0.026872478,-0.18599227,-0.83953226,-2.4094818,0.32066128,0.72824913,0.3143947,0.6750036,0.1434999,1.5181044,-1.4493201,0.9230584,1.4432842,-0.74137855,0.7023208,0.06634332,0.32882625,-0.5450454,2.1572852,1.2175176,1.3802339,-0.8651437,-0.09963048,-0.62512344,0.87418014,-0.5261846
1821,-0.57093287,0.37576562,-0.9960861,-1.270925,0.13621502,0.30189922,1.0112802,-0.2764227,1.2033926,-0.4777618,1.8262011,0.70117056,-0.53175664,1.8490504,0.59668374,-0.01448711,-2.0752757,1.1052564,-0.92068976,0.02536016,1.842014,-0.8914661,0.88310283,-1.1038755,-0.5002314,-0.5787969,-0.5208444,0.59483993,0.28634638,-0.15738203,0.20289557,-1.6379913
1822,-0.94352895,0.66251075,0.45346457,0.5173152,0.7112452,0.2977017,0.17097965,-0.6929978,0.054495912,-2.857146,1.1432085,-0.30760103,-0.03760215,1.4216003,1.8357748,-0.3301475,-1.8616215,0.88688725,0.13814832,0.02908934,1.1058568,-0.84036374,0.16225393,-1.4408138,1.5350099,-0.33890936,0.3498573,-0.9402838,-0.77628124,0.34273615,0.40517572,-0.26565626
1823,-1.3691906,0.5173832,-0.7494589,-0.9165291,0.5277979,-0.061574467,1.589474,0.22867595,1.1355519,-1.6200222,1.8411483,0.96047336,-0.44141057,1.2099518,0.6331998,-0.3968323,-2.5040271,0.58551556,-0.7199544,0.3029296,1.4723148,-0.3557667,-0.24574594,-0.8746354,0.49302763,-0.7937026,-1.1424572,0.11088647,-0.69758105,0.23232414,0.40021625,0.37222844
1824,-0.8983753,0.48881772,-0.4279431,2.1364708,0.28514263,-0.6873496,0.7344172,-0.12977752,-0.7168269,-2.1343846,-0.12258914,0.90138036,0.4629335,0.96621543,-0.014423052,-0.025120592,-1.6701956,-0.77121186,0.12332237,-0.49901187,1.0752646,0.767115,-0.34893462,-0.3086666,1.4872916,-1.1968832,-1.0310754,-0.479755,-1.6738286,0.5899494,0.117094174,2.0812638
1825,-1.1759326,0.34552908,-0.06777219,-1.8900651,0.48033074,0.61205137,1.24198,0.56053275,1.5289997,-1.1213468,1.8019887,0.87899655,-1.2097012,1.0806626,0.48083657,-0.8638465,-2.1302457,0.8257728,-0.8133466,0.51427096,1.44585,-0.43924922,-0.07768824,-0.8558619,-0.1258754,-0.44296142,-0.97338104,0.60625994,-0.22086161,-0.11975941,0.37560156,-0.39717406
1826,-1.303004,0.36191437,-0.11310698,-1.4730986,0.5079789,0.61469334,1.3353487,0.03563404,1.4505994,-0.74631584,1.7018737,0.8868018,-1.0989342,1.2159975,0.77438766,-0.6911787,-2.1529438,0.86347866,-0.98733056,0.46171403,1.6242362,-0.48506728,0.43057498,-1.0494698,-0.13587841,-0.42946637,-1.3076932,0.6884511,-0.38906306,-0.1519189,0.40685722,-0.26312694
1827,-1.3822178,0.39954302,0.2566516,-0.9504676,0.45037565,0.7149744,1.501216,-0.21080665,1.3888432,-0.5097054,1.6276283,0.6595784,-1.0089719,1.3229105,1.0511843,-0.8026248,-2.2104175,0.7030637,-1.1044055,0.44482318,1.5548412,-0.50110763,0.80533034,-1.2232378,-0.05384916,-0.4128237,-1.355037,0.57985,-0.6508529,-0.11801248,0.42442745,-0.35603586
1828,-1.3063066,0.40676862,-0.17650735,-1.760786,0.49160874,0.57660884,1.409397,0.45342416,1.652784,-0.47098792,1.588554,1.0297624,-1.195234,1.1052049,0.6814847,-0.82758385,-1.8524818,0.9668432,-1.0368507,0.44819778,1.4170357,-0.6333491,0.33915877,-0.88418645,-0.30614334,-0.29315743,-1.3793747,0.7516647,-0.33308047,-0.05751992,0.4912584,-0.48562074
1829,-1.399462,0.36654392,0.7118573,1.9160223,0.29361826,0.6644763,0.5144218,-1.1619861,0.6164658,-0.16269654,-0.10894447,0.22996612,-0.43792224,2.0050113,0.72610617,0.54482853,-1.9618839,-1.055951,-0.8004588,-0.13672097,1.2659672,-0.34820902,1.3013409,-1.0092467,0.30673787,-1.3370489,-1.9472107,0.19884136,-1.0625817,-0.00015751376,0.29737106,-0.18269233
1830,-1.0272639,-0.202009,0.4164764,1.2823441,-0.2669079,-0.11976172,0.06625255,-0.86845434,-0.518082,-1.9731886,0.20649599,-1.2051386,0.6979699,-0.17537306,2.1267192,0.5442714,-1.4338279,-0.3475248,0.8436313,-0.8893514,1.1060956,-1.440786,-0.022811959,-1.2315319,0.9793769,-1.3859899,0.607358,-1.0536598,-1.1976815,0.4887274,1.4957471,-0.3647353
1831,-1.8483527,0.2451338,-1.2637823,-1.9125348,0.85891104,0.76849645,0.86093664,1.2721198,0.26930004,0.5932428,1.793873,-0.06560206,0.91685236,0.7756832,0.3135841,0.45503137,-1.6675992,-0.064115904,-1.9315499,-0.96378165,0.46151927,-1.1066667,0.56826943,-0.32088536,-1.5948907,-0.44893736,-0.5590055,-0.08993264,0.5086526,-0.48862457,0.59539926,-0.6622946
1832,0.09619261,-0.2376988,-0.16348602,0.6352069,-0.5011575,0.3686289,0.17688593,0.3488329,-1.7733899,2.5158682,-0.3985742,-1.1605837,-0.1458822,0.88535976,-0.090836845,-0.28371492,-0.47569662,-1.22715,-0.75495166,-0.37985885,-1.0063841,-0.22544935,0.5108205,0.32664827,-1.6416951,0.72986853,-1.5030044,-1.6020877,-0.4097324,2.0919142,1.5603861,0.09921711
1833,-0.58019227,-0.47397423,-1.7389474,-1.2328018,-0.17098054,1.536384,-0.23476839,0.866028,-0.5605443,-0.11266719,0.10641101,-1.0928572,1.7006214,-0.57756114,-1.0495782,1.0061637,-0.8913709,0.13734128,-0.6023729,-0.888228,-1.1744537,0.60064495,-1.0840281,-0.19798955,-1.5746043,-0.3127642,1.1767536,-2.3677273,-0.27000552,1.2025003,0.936391,-1.2364169
1834,-2.3249857,0.47798958,-0.8471665,-1.5764312,1.3094765,0.8298536,1.0158123,0.67441654,0.7751569,0.10255599,1.922809,0.5459306,0.50857043,0.60536456,0.535953,0.6222113,-2.040131,0.2811268,-2.0046504,-0.5719608,0.4713323,-0.6126168,0.10938393,-0.5727329,-0.73975325,-1.0874377,-0.70958406,0.08385622,0.05188609,-0.28772196,0.92808735,0.30661777
1835,-0.049375046,0.04376641,0.32225224,0.9251092,-0.6062729,0.48736832,-0.1070925,0.55175996,-1.9149231,2.5493383,-0.34027502,-0.83519626,0.1536874,0.6999306,-0.035260122,-0.5216163,-0.45521906,-0.8604002,-0.8488578,-0.5041227,-1.720725,-0.18116347,0.44306213,0.75927824,-1.2571563,0.43763748,-1.4103856,-1.5021627,-0.4747285,1.9628105,1.28226,0.45535383
1836,-0.24735719,0.13257122,-1.776618,-1.3063104,-0.65172875,0.6443997,0.33206728,1.7202703,-0.7673415,-0.04533376,0.2957826,-1.1756223,1.8245591,0.12474882,-1.1610053,-0.57453346,-0.42860538,-0.5884206,-0.9443963,-0.57041377,-1.3904072,0.2282999,-1.0233284,-0.37413478,-1.7110956,-0.13455448,0.8495884,-2.1692052,-0.8068534,1.8788028,-0.1100225,-0.9197049
1837,-2.2352664,0.7812931,-0.51378274,-1.3022274,1.1816732,-0.3226152,0.33592162,-0.3269473,0.5697146,-0.74907583,2.1632297,0.53835243,0.51819605,0.6492674,0.6468529,-0.4765451,-1.5045387,-0.03329278,-1.6652744,-1.3917327,0.903811,-0.31277815,-1.0970404,-0.17504247,0.40943184,-1.6481193,-0.67747164,0.46793482,-0.15074506,-0.5668012,0.7783546,-0.002944962
1838,-0.7307486,1.3079073,0.48124474,1.0424227,-0.18759918,1.2291108,-0.84570533,-0.23865986,-2.0582514,0.41486013,0.34809697,-0.6657916,1.3343002,0.00042839957,1.8306445,-0.8918921,-0.25265056,-0.19792016,-1.414631,-0.97274005,-1.4813646,-0.6027365,0.7772806,0.08155738,0.46611682,-0.27613008,0.5341471,-2.433923,-0.6953179,0.8779536,1.1457375,-0.24857801
1839,-2.2859306,0.77251816,-0.8238435,-1.4424115,1.1674999,0.4203173,1.2039694,0.6579114,1.1548529,-0.089929536,2.0718997,0.61462325,-0.25183728,1.0810368,0.5223871,-0.01673935,-1.8294699,0.4529875,-1.974646,0.1100986,0.86496335,-0.42056555,0.12261067,-0.680053,-0.49826184,-0.7346113,-1.0670123,0.2926118,-0.35026094,0.18213847,0.4340462,0.39492717
1840,-0.5349142,0.4245749,0.59812117,2.0154197,0.029998945,-0.1568099,0.41718885,0.010414125,-0.98045206,2.4189665,0.1567499,-0.41779596,0.059149653,1.569063,-0.24465118,-0.07860057,-1.0626371,-1.485622,-1.8422315,-0.55991584,-1.6805948,0.12540923,1.147428,0.4484964,-0.8253064,-0.6269341,-1.3761097,-0.33859116,-0.25776204,0.6280881,0.19061552,1.1177397
1841,-0.17538115,0.1568129,0.36730027,0.7559719,-0.8923376,0.33503637,-0.13025372,0.8555957,-1.8570393,2.4010108,-0.32991773,-0.5425038,0.08862444,0.7494958,-0.18487677,-1.0305742,-0.0645196,-0.7234263,-0.74233466,-0.4696299,-1.9013325,-0.40403563,0.30116436,0.7808893,-1.2447159,0.2948022,-1.3842602,-1.439313,-0.7253716,2.1973543,0.906341,0.8056359
1842,-0.57329565,0.018487738,-0.9003679,-1.4681587,-0.759687,0.8493823,0.2767185,2.1935554,-0.49641266,0.053154424,0.21223176,-1.0238212,1.5563012,-0.0964114,-1.3501855,-0.98579806,-0.35797283,-0.12375481,-0.7673808,-0.41866142,-1.8812814,0.7468294,-1.0008066,0.20221362,-1.8753458,0.043501552,0.5460242,-1.9538157,-0.72842264,1.9355736,0.005114046,-0.5892193
1843,1.2455137,-0.8175379,1.1567794,-0.097162314,-0.24416694,0.89254725,-1.1085973,-0.049481362,-1.19114,0.97277856,0.09545517,-0.7181307,-0.5744067,1.0767702,1.1271884,-1.7099578,0.6802578,0.9607564,0.5054919,0.47946808,-0.64774686,-0.72553,0.40205196,-0.1212325,-0.18358393,1.3951156,-1.9018867,-2.0093942,-0.4383907,2.285502,1.1872381,-0.1826839
1844,1.5538378,-0.21831717,1.9099479,-0.4314961,-0.063573726,1.2551019,-1.4871303,0.94839555,-0.6959625,-1.2065483,0.07602768,-1.0891333,-0.29833406,0.59754646,1.3416129,-1.2576573,-0.076397605,0.19617793,0.6093952,1.1589288,-1.5031649,-0.57180834,-0.5562481,-0.7808197,0.21196127,0.72615665,-0.23339199,-2.2846787,0.3171778,0.7508206,0.21786872,-1.8158532
1845,0.65303683,0.14647299,1.1736783,-0.7883273,-0.042067926,1.3420209,-0.31832597,1.3388085,0.28821045,-2.2507448,0.6128534,-1.751765,0.21100712,0.12687431,0.55241024,-0.09234338,-1.2083682,0.13303383,0.20555247,1.0446774,-1.3041497,0.060299393,-1.1360129,-0.6453702,-0.16099922,0.34823936,1.2187716,-1.7209517,0.59456724,0.37393802,-0.1540738,-2.4373584
1846,-0.15785937,-0.06236973,0.9799486,2.0283122,0.7612578,0.27372706,-1.2961178,-1.175685,-0.62197083,-2.5442638,0.48497716,0.113623016,0.832229,1.0890725,1.9363261,0.8730181,-0.86895466,1.3362367,0.6429502,-0.5064235,-0.30933475,-0.6693063,0.31041178,-0.90282947,1.374431,-0.17082582,0.2720818,-1.1552173,0.0041928138,-0.18711808,1.1152561,-0.06648113
1847,-1.8219168,0.641793,-0.45813623,1.310391,1.949472,-0.81844556,-0.20021729,-0.8893549,-0.5665034,-1.9441632,-0.1140373,1.443234,0.29206306,0.68394727,0.8146444,1.4290493,-0.04664997,1.5214745,0.20548944,-0.33451417,0.25380456,-0.35418496,-1.0429896,-0.3454141,0.09085216,-0.9768433,0.7397056,-0.6099127,-0.24171962,-0.23162526,1.9782104,1.4177142
1848,-0.2725858,-1.1224464,0.9031403,-0.15038855,-0.017642071,0.12946042,0.5194474,0.26951477,-0.68930274,-0.824507,0.2657138,1.373582,1.9398528,0.44123057,-1.7985084,0.18440646,1.0812954,1.7046852,0.75125146,-1.6097238,-0.45315287,-1.2378159,-0.16293888,-0.11263313,1.9057491,0.6952874,1.0946912,0.7069198,-0.05327472,-0.9381435,-0.20027381,1.9629915
1849,-1.5311949,2.1422,1.8486855,-0.7721196,-0.7942298,-1.316552,0.35935,1.8026214,-0.13083996,-0.42749786,0.072663814,0.42306897,0.30964333,-0.9278139,-0.636514,-2.7693624,0.29067135,-0.44891307,-0.0339243,-0.100532904,-1.4195535,-0.19630538,0.21594231,0.37602487,-0.6881754,-0.9112975,0.78600264,0.97358435,0.008515394,-0.6259828,-1.3793217,0.06922111
1850,-0.80932504,0.91184574,-1.0782337,-0.18065284,-0.18220548,0.086633764,-0.5976316,-1.0517421,-1.0934488,-0.14564349,0.7931196,-1.4913859,1.6594592,0.27127013,0.3889701,-0.41789562,0.24976861,-0.3121186,-1.1538178,-2.432805,-0.26502368,0.4248456,-1.0030793,0.39532694,-1.2796416,-1.6430256,0.53910965,-1.4987477,0.48321816,0.1554759,0.7671649,-1.1419015
1851,-2.1054957,0.5445438,-0.75774395,-1.8472503,1.1822355,-0.3371632,0.9483731,0.42104244,1.1059091,-0.6700314,1.8140563,1.2829614,-0.8153197,0.9093258,0.56154865,-0.3056555,-1.261919,0.9474578,-1.0732955,0.09132551,1.3893404,-0.81442314,-0.5479583,-0.67789453,-0.1685098,-0.6729555,-1.2346619,0.8360982,0.11329185,-0.61147904,0.6840282,-0.12548049
1852,-0.44227028,0.68963516,0.19494264,-2.41777,0.7789352,0.5934145,0.25516546,-0.06091252,1.2286152,-0.2043455,1.4979453,0.75536287,-1.2181671,1.3340216,1.0727464,0.078732274,-1.4882896,1.1409339,-1.4958906,-0.21698785,1.3918377,-0.8660829,0.63400495,-1.0057805,-1.1891315,-0.05155985,-1.0327674,0.84338117,0.039384585,-0.7937707,0.35472518,-0.65854627
1853,-0.111816324,0.39534882,2.141269,1.1857222,0.71866864,-0.36991516,-0.18534027,-1.151541,-0.12760061,1.3759738,1.2907044,-0.37676787,-0.4146957,2.6456676,1.2535348,-0.21619871,-1.379279,-1.2522125,-1.0939919,-0.39227724,-0.80758387,0.25931096,1.0862936,-0.0568623,-0.9416864,-0.50072956,-1.3865857,0.2460571,-0.0787714,0.69048136,0.46279132,0.37615418
1854,1.0149622,-0.14688158,3.0403743,-1.1052071,0.9117461,-0.39156845,-0.7297701,0.41911474,-0.15098928,-0.072829306,-0.005816124,-0.81422,-0.28726617,1.7656186,0.93263,-0.18101329,-0.10571648,-0.96846277,0.7859932,0.81184846,-0.032303922,1.061505,-1.5244168,0.17237863,-0.50653696,-1.9659982,2.0481286,0.7921302,-0.59230894,0.7392491,-0.04203546,-0.069716744
1855,0.16252878,-1.4777621,2.3909867,0.412308,0.2927484,0.1367055,-0.28042042,-0.8273047,-0.9026239,1.5830649,1.0854723,-0.0676551,-0.474935,1.0937337,1.7635378,-0.8932905,0.68306875,0.42799166,1.1223358,1.3565823,-0.17954624,-0.23837958,0.6605809,0.66677946,-0.57354647,0.069303825,0.259136,-0.04034133,-0.94442815,2.0247107,1.7522277,0.09350471
1856,1.0137969,-1.8613851,1.9192754,-1.4632497,-0.04365819,0.8182686,-0.17196722,0.6595538,0.36096767,-0.5579131,0.5218703,-0.80909437,-0.5657352,0.5824442,0.6836395,0.44833764,-0.0745019,-0.32101113,0.6368005,2.0966475,-0.38310805,0.93357295,-1.7272538,-0.19177389,-0.44947684,-1.1540062,1.2973781,0.54480034,-0.08790748,0.9428885,-0.3210617,-1.5965624
1857,1.9686358,-1.040471,1.6198934,-1.4833214,0.2807592,0.20347904,-0.5186259,0.65887266,0.16258946,-0.5400103,0.28008017,-0.6107295,-0.11540336,0.7623623,0.54716974,0.8227678,0.53917015,-0.3160723,0.18898384,1.5599431,-0.753372,0.8053038,-1.5489253,0.08571099,-0.9292367,-1.3978723,2.2219913,0.81203234,0.41537982,0.7583423,-0.7978475,-1.5067464
1858,0.19523986,0.48969823,0.3555009,-1.5080807,1.2684386,-0.266528,0.8618246,-0.04936089,1.3782873,-0.32054716,1.4424948,1.6483094,-0.36080155,2.1929765,1.1146381,0.8639162,-1.2766312,0.5424241,-0.9292242,0.11895781,0.9669944,-1.5403736,1.2284961,-0.9918329,-1.0005317,0.8064289,0.32045686,0.80897045,-0.13555562,-0.23624177,-0.27194208,-0.79362464
1859,-0.14940989,0.49562493,0.59250766,1.5737977,0.72514594,-0.056272656,0.14433241,-1.1891434,0.6352439,0.41786405,0.86271733,1.5563202,0.0065521123,2.0052516,0.84833074,0.5982574,-1.1761032,-0.19120723,-1.3442582,-0.5518474,-0.50525385,-1.54039,2.7253408,-0.4859411,-1.2196252,0.40788016,-0.8225074,0.4114344,-0.15829329,-0.95140016,-0.4872047,-0.37291783
1860,-0.9237578,1.003523,0.57500625,-1.4511557,0.7627814,0.02171005,0.45540246,1.0513862,2.2748787,-0.66024876,-0.46040475,1.5986327,-0.049498506,1.3093789,0.70167994,-0.6864211,-2.1778128,-0.42956406,-0.9559747,0.34094146,1.1833891,-0.0499872,-0.14333773,0.035348423,-1.0827649,-0.6962032,-0.8569398,0.98980314,-0.8658277,0.2987334,-0.35969102,-1.4242512
1861,-1.1159065,1.4043522,1.8191065,1.6045098,-0.24459477,0.6908821,-0.1479929,0.41816366,1.8807598,0.63515574,-0.25628087,1.7724032,-0.33076313,0.93440247,-0.51952016,-0.009422513,-1.9640732,-0.25819746,-0.9941058,-0.86537427,-1.345379,0.15329304,0.9961972,0.7621576,-1.0553298,-0.12862898,-1.0054795,-0.0018496651,-0.660043,0.3146167,-0.40741596,-0.40168223
1862,-1.0959657,-0.11131637,-0.22994214,-2.7764902,0.058227185,0.2619404,1.4057285,1.463435,1.3097998,0.04805916,0.7928436,1.6121289,-1.422241,0.67377764,-0.31710586,-0.79352146,-1.4983711,0.5571105,-0.8851365,0.41239947,1.2995205,-0.4042967,-0.6217554,-0.0068155415,-0.7283102,0.34804046,-1.4466913,0.604769,-0.09154742,0.72015256,0.1304516,-0.2216301
1863,-1.1743852,0.66903263,1.8152746,0.49164364,-0.58056825,1.2129713,0.90887564,0.17293538,1.4540863,1.4817642,0.9041816,1.073101,-1.2899218,0.92108655,-0.60010546,0.1649151,-2.5021794,-0.3884207,-1.439877,-0.3625068,-1.0453686,0.70568943,1.0401391,0.053541385,-1.1942778,0.43736523,-1.2366744,0.17687637,-0.35176948,0.07699913,-0.25541335,0.6829064
1864,-1.2857091,0.32077324,0.6895523,-0.45615923,-0.64042586,-1.0160224,-1.2461891,0.6447797,-0.4834485,-0.80641985,-0.5401467,-2.1903255,-0.30958495,-0.25475222,2.083362,0.036718074,0.6668266,-0.77687293,1.1124725,-0.2200397,0.66501373,-1.0869828,-0.91634524,-0.8937618,-1.2084725,-0.53925335,0.8811161,-0.3089026,0.13837458,-1.3859713,1.4569477,-2.3732903
1865,-0.05106256,0.95567447,0.30449206,1.7958378,-0.664638,0.6220653,0.05569692,1.4024247,-1.9830577,-0.3972534,-1.8248107,0.96827155,-0.3309051,-0.7018847,-0.57667714,-1.1361477,-0.5230088,-0.34941053,0.51436085,0.17799732,0.2420822,0.8648237,-0.046543416,0.3947312,0.35339108,0.04913442,-1.5634694,-0.6910981,-1.7205377,0.5627534,0.52183366,2.4259481
1866,1.3714929,-1.013487,-0.6026423,-0.7006521,-0.03285396,1.3339027,1.5005727,0.15824182,-1.6015655,-0.24993663,-0.10570369,-0.9942127,0.16465639,-0.91487813,0.32170922,-0.84054154,0.31292504,-2.9583447,-0.8427041,1.1107876,-1.2522036,0.3238406,-1.0070183,0.39911,0.4396253,0.11442259,0.3026712,0.003439551,-1.1152542,-0.20433049,-1.0145451,1.2013505
1867,0.7317709,-0.76537716,-0.41481832,-0.531043,0.5824521,0.8924355,1.70972,-0.09913718,-1.8055323,-0.61139715,-0.1850309,-1.269529,0.39099652,-0.38303897,0.26650497,-1.1310625,0.121436864,-3.4764132,-0.84628046,0.35685226,-0.17074312,0.4590904,-0.5242515,0.23197013,0.43074694,-0.29927075,0.2160293,-0.051445328,-0.8138477,-0.25708485,-1.7446847,1.104732
1868,-0.48809987,-0.71938854,1.1357884,0.47803068,-0.5070472,-0.5585848,-0.56554925,-0.2688048,-0.99169934,1.2732644,-0.19135615,-0.7363491,-0.8262465,0.010013275,2.2285843,0.33664948,1.7977376,0.46706384,1.2261491,0.3583336,-0.12242195,-2.5238004,0.3707135,0.08805459,-0.4015453,-0.27066508,0.8853065,0.2770726,-1.3417208,-0.49602425,2.2015123,-1.3591402
1869,-0.85784364,-1.0582682,1.0249715,1.0846634,-1.0231217,-0.83745384,-0.44209024,-0.10258523,-0.8816396,1.2852932,0.6191175,0.088704266,-0.78017646,-0.07121458,1.1989794,0.15074,2.041762,1.9912088,1.5094366,0.9234678,-0.10005748,-1.8210428,0.7837596,-0.022727858,-1.0653195,0.2863823,0.21106566,0.7433351,-1.2673472,-0.64744395,1.5015543,-0.26002243
1870,0.8713595,-2.1204023,-0.86643386,-0.30971378,-0.35868004,1.8441834,1.4200366,-1.554901,-0.25253168,0.7946661,1.3870358,0.31876382,-0.4435202,-0.11787072,0.26178256,0.19260274,2.1134899,-0.7641053,0.078547075,1.254835,0.53725123,-1.6849673,0.07468428,0.27399853,-0.23533048,0.32753596,1.0754818,-0.14054413,-1.4311087,0.32315704,0.8043062,0.61192524
1871,1.0344418,-1.7372274,-0.46152803,-0.5161846,-0.11735715,1.8841084,1.6649787,-0.9004656,0.35879588,0.24447125,1.437891,-0.62490624,0.26957852,-0.01469934,0.30338347,0.11205054,1.164305,-1.9744815,-0.039918803,1.5811982,0.09693356,-1.1176068,-0.57323223,0.40293378,-0.2598147,-0.37023038,2.0036955,0.682596,-1.1208699,0.0058539566,0.47264874,0.6072877
1872,0.7427833,-2.1871266,0.09429564,-1.0310154,0.19861256,1.60255,0.7979102,-0.21860825,0.9794835,-0.010104065,1.0672073,-0.90763694,0.35861936,0.10121629,0.35832033,-0.071224846,0.14499627,-2.0277245,-0.3665495,1.3420585,-0.66206425,0.49884352,-1.8328216,0.4084313,0.08731513,-0.8713937,1.7784425,1.6675401,-0.06473368,-0.9078823,0.34993958,-0.17344454
1873,-0.32873282,-2.0670366,-0.9423053,0.2532095,-0.07893111,3.0928533,1.3243335,-1.7410415,-0.04189336,0.8215001,1.3662232,0.50764096,0.11730207,-1.194985,0.59262484,-0.77596074,1.1857668,-0.46035802,-0.28639224,0.8664787,0.4440062,-0.96624655,-0.3153689,0.36424693,1.0602697,1.4295965,0.5498716,-0.17153367,-0.81056595,0.34876978,0.64579403,0.17484726
1874,0.73860514,-1.694697,-0.010626844,-0.08296004,0.16156131,2.7510657,0.83804524,-1.3722084,0.29034394,-0.47745487,0.12992413,-0.3565946,0.6368542,0.3645166,0.085427485,0.14897017,0.2098499,-2.5390685,-0.652549,1.3701533,-0.4752351,0.03843511,-1.6184965,0.52588433,0.2223977,-1.0387217,1.2099454,0.9803298,-1.2478354,-0.4503907,-0.1990508,0.51915014
1875,1.0076783,-1.5623025,0.08585841,-0.62996745,0.26890326,1.1360149,1.2157652,-0.68170196,-0.15720989,-0.87230855,0.1279019,-1.0256022,0.27935544,0.86702645,0.0700232,-0.17430858,-0.27284655,-2.9651847,-0.5957764,1.2576121,-0.20524271,0.7440097,-1.5551142,0.37175822,-0.09023878,-1.4037603,0.96577585,1.0797927,-1.3766845,-0.50481504,-0.73428166,0.89067596
1876,-1.3465123,2.3915694,2.146397,0.0903882,-0.42014116,-0.114840485,0.04055792,1.5832063,-0.54047585,-0.51248944,-1.2781165,0.5498636,0.25524613,-0.57999295,-1.1770283,-1.9827282,-0.39808968,-1.4125423,0.3640439,-0.5009057,0.0067975977,-0.36382666,-0.42093024,0.66799897,-0.22271928,-1.6033509,0.32334626,1.2703482,-0.6359191,-0.48038733,-1.3084226,-0.3149597
1877,-2.1405113,-1.0970112,0.7539713,1.1323541,0.46003956,1.3063633,0.32535878,-0.4897888,-0.68538266,0.64539295,-0.2302073,1.0862266,-0.6270269,-1.0293934,-0.8284952,-2.195456,1.1472851,0.18324798,0.6926472,0.82001126,1.2868536,-0.05161201,-1.009687,-0.43111634,0.5346968,1.4776785,0.31330615,0.64386225,-1.3941921,-0.32095477,-1.4528482,0.99410516
1878,-1.0998749,0.25618315,0.32008642,-2.3084664,0.82111645,0.25572175,1.4287629,1.3193939,1.4500573,0.012581766,1.0066962,1.2758057,-1.1623489,1.1739385,-0.23653121,-0.59489346,-1.3534112,0.26562572,-0.9396431,0.4712132,1.6722698,-0.857374,-0.5638335,-0.78002036,-0.8281963,-0.25011647,-0.9638716,1.2144504,-0.11766995,-0.18592006,-0.2342655,-1.0697491
1879,-0.6010335,-0.13375643,2.3623002,0.32108238,0.09587302,0.47239545,1.6145415,-0.06896576,1.5117917,2.067884,1.2701776,0.52591187,-1.7325469,0.7955464,-0.04260473,-0.2888802,-2.3425694,-0.65862584,-0.6869743,-0.373333,0.16035855,-0.031865887,-0.19499856,-1.2454971,-0.13970292,0.23505485,-0.18343118,0.83157355,-0.6922927,-0.4548522,-0.61005086,0.8729672
1880,1.4812822,-0.09732251,0.47795007,0.7348583,-0.8320652,-0.75880617,-0.8432515,-0.38797638,-1.0390373,0.9066095,0.34913206,0.42833588,0.06643089,-0.15163533,-0.07314635,0.6356862,2.4729626,1.0142001,0.36977285,-0.50431323,0.37284434,-2.5515938,1.8521756,0.2751968,-1.6646609,-0.42722896,0.5509046,0.22338855,-1.1771282,-1.2456318,1.013665,0.17686236
1881,-0.25931665,-0.69968927,0.23742971,0.67683315,-0.25782874,2.0081244,-1.1578842,-0.36963922,-0.18414915,1.4035339,0.34530696,0.6675086,0.4024467,-1.2066967,0.8125996,-1.8559232,1.1049105,-0.11212296,0.4456388,-0.25455108,1.3997309,-0.76676816,-0.47558787,0.9938928,0.45177367,0.69942755,-0.56261915,0.59198827,-1.3584495,1.7070446,2.267564,-1.3498621
1882,0.8056947,-0.22604717,0.8932408,-0.11182951,-0.7535938,1.333402,1.1417352,0.19018194,0.018136822,0.50842375,-0.44865677,0.22040522,-0.21909069,-0.46991605,-0.15522684,-0.11605537,0.39051664,-1.737525,0.90896744,1.2182461,1.2091765,-1.6344227,0.10389246,0.27201492,-0.28106204,-0.18000065,0.33596072,-1.3138592,-2.7201593,2.5889068,1.0202456,0.42442304
1883,-0.96683604,-2.0597615,0.81717944,-0.7651292,-0.14079455,1.4347348,-0.048956998,-0.052698072,0.10559771,1.281549,0.51868534,0.26584405,0.18818073,-1.2408981,1.3638175,-1.4088538,1.0895467,-0.5583311,1.1085539,0.8918785,1.4823643,-0.3025281,-1.0159296,-0.010692186,0.68637085,1.1524218,-0.49174136,0.73426825,-0.5299031,1.3850912,1.7955896,-1.3968996
1884,-0.72689104,-0.8383773,1.5050153,-0.45757502,0.09493774,0.9553897,-1.3685664,0.33772936,-0.10108658,0.61886954,-0.33498153,-0.71671724,-0.2876143,-0.34209034,1.4249741,-0.5418153,0.549092,-1.0857667,1.3363156,0.79556173,1.4494888,-0.3189082,-1.3328208,0.20531236,0.53336406,-0.1018198,-0.853856,0.024886291,-1.5636495,1.9623,2.2775772,-1.7980187
1885,-1.2608668,-0.045389704,2.4429731,-0.55643517,0.7715317,-0.76040137,-1.5419877,1.2784654,0.46006742,-0.42394683,-0.44729024,-1.1327481,0.09192954,0.63766277,1.2873149,-0.95618856,-0.38437968,-1.4250686,1.3968294,0.92733705,0.41804144,0.7591673,-1.4432734,0.077815406,0.20102325,-0.49572966,0.23264007,0.9445556,-1.2337508,1.1135643,1.3174177,-1.484046
1886,-1.6847572,1.3710132,2.0959144,-0.40787444,0.76480794,-1.9519926,-0.94208205,1.1123644,0.5598348,-0.98092294,0.057340134,-1.3764603,0.32596335,0.62889874,1.0851126,-1.4794279,-0.1714708,-1.6452539,0.783986,0.42926398,0.123085074,0.9154192,-0.7342992,-0.19274388,0.12242876,-0.7577785,1.0198922,1.1256108,-1.0264196,0.7919392,0.19312301,-1.010749
1887,1.0495313,2.6578217,0.8400286,0.23669918,-1.8657708,-0.7319107,-1.0192592,0.99601364,-0.98506,1.0856386,-0.3118486,1.8681223,0.6429874,-0.8882167,-0.25273654,-1.096821,0.5644948,0.93618643,-0.19087376,0.8683378,-1.3479888,-0.5517623,1.1371176,-0.09275952,-1.231152,0.7283665,-0.4159951,0.0037160036,-1.0150256,-0.03245356,0.42559636,0.05659443
1888,0.2905036,-0.20640728,-0.035324704,1.7212187,-2.1547778,-0.05603419,0.23363954,0.3485475,-0.7349823,0.96409035,-0.10227836,2.3079045,-1.628315,-0.24357273,0.12201917,-0.1626056,-0.012465184,1.144948,0.4666156,0.7234277,-0.999757,0.5079568,1.4059364,-0.5619126,0.6974476,1.4274491,-1.3676525,-1.0212749,-0.97357196,-0.45943555,1.4983648,-0.5537346
1889,0.73673064,0.15065464,0.12520474,1.0058663,-1.4383174,0.20311955,-0.36818254,0.91175914,-1.2432758,0.9665739,-1.1495974,1.5852301,-1.3815393,-0.44394416,-0.16756557,0.46004796,1.0373317,1.4396771,0.5395072,1.6343014,0.04414166,0.10176498,1.1142907,0.030009098,-0.015313917,2.5888097,-1.0582198,-0.1557059,-0.7641487,0.036898028,1.2992536,-0.86825496
1890,1.397162,0.1386887,0.2502004,0.68144554,-0.5809846,-0.92930734,0.4098657,1.4903677,-1.3365194,-1.1686572,-1.6880864,1.5056518,0.5082264,0.19257736,-1.4520913,0.87134665,0.25880456,-0.80947345,0.32987452,0.31337398,0.84187186,0.8888985,0.5835189,-0.46711248,-1.3520049,2.0280123,0.2627696,1.711042,0.72524667,-1.2183582,-1.0101246,-0.6803618
1891,0.686802,-0.25730047,-1.1572305,0.5507043,-0.5946485,0.94912505,0.61904407,0.9116889,-1.2996387,1.1340437,-1.1561489,1.5798829,-0.3624379,-1.2333887,-0.943192,0.25131065,1.3241925,0.15040141,-0.16421548,1.1727502,0.86734295,0.28900662,0.7708393,-0.00788332,-1.1830386,3.672404,-0.5499614,0.3463076,0.2285021,-0.4403586,0.29592046,-0.07736607
1892,1.7762471,0.39296633,-1.1296364,-0.6146838,-0.6497977,-0.23969543,0.8630896,1.1401695,-0.99092567,-0.19389395,-1.0181434,1.3176758,0.19503431,-0.96179616,-1.583589,0.38043383,0.82957804,-0.7741174,-0.8080002,0.9053704,-0.8360489,1.2684625,-0.030288225,0.36097866,-2.28904,2.0304067,0.94393253,1.095751,0.93199,-0.7173206,-0.7128052,0.60993016
1893,-0.11325559,0.33466932,-0.608963,0.18546878,-0.27215195,0.3081049,0.63535017,-0.93455124,0.21406129,-0.024483044,-1.0595399,1.844261,-0.24242896,1.4009186,-1.9366732,1.2316663,-0.10884926,-1.0295599,-0.58180743,-0.90571433,2.6389556,-0.6290349,-0.053629052,-1.0712068,-1.348481,1.2485641,-0.34034806,1.5028167,0.22757334,0.007814426,-0.7423748,-0.47370616
1894,-0.9728749,1.4570119,1.075849,1.0866987,-0.8152924,-0.8770541,0.083983146,-0.9023953,-1.02693,0.7821294,0.4790388,0.80857605,0.9235159,-1.1186631,0.8501635,2.3980885,0.21086605,-0.832198,-0.5443348,-0.53945863,-1.205218,0.24292025,0.34180775,-0.77503675,0.010429738,-0.7058714,0.42404363,-1.5894251,-0.96249175,1.9159853,1.5969083,0.29358885
1895,-0.6548328,0.6911523,1.791985,1.8152854,-0.5555179,0.08039277,-0.4450355,-1.118925,-1.1555697,1.7710879,0.42983836,0.4466537,-0.44711235,-0.3035416,1.0191432,0.78965235,-0.10340553,-0.10870231,-1.0263176,0.34317562,-1.7480581,0.32180944,0.830494,-0.6848859,-0.5253356,0.7097206,-0.2207482,-1.6164627,-1.3549696,1.9471788,1.296673,0.6571923
1896,-0.6771742,-0.5997977,1.2251989,0.1562956,-0.89239496,0.6709303,-0.042958517,-1.1563663,-1.083511,1.6215689,1.0393025,0.095008254,-1.2067821,-0.6728493,0.9046586,-0.05218231,0.5103595,0.7357008,-0.08667852,1.4758246,-0.4041255,0.532059,0.12870193,-0.29670066,-0.32942697,0.8602426,-0.6106266,-1.3349104,-1.6177849,2.332968,2.11295,0.47213748
1897,-0.06900039,-0.79669154,1.2963138,-0.13908604,0.12089545,0.3543988,-0.39931414,-0.4657404,-0.48588738,-0.4705828,0.31176177,0.05173257,-0.3902208,0.4183432,0.09136959,-0.30938262,1.4525461,2.1435568,0.3452034,1.9417346,-0.5822667,-0.14046878,-0.700671,-1.5209885,-0.4500085,0.11629441,0.7200091,-0.8833576,-1.8350971,2.6766112,0.605419,0.09066479
1898,0.28627032,0.14585784,1.4268328,-0.11601026,-0.4078777,-0.3128589,-0.18869643,-0.8238349,-0.43327174,-0.5103355,-0.1403171,0.6097914,-0.0055863746,0.08315045,0.78410274,1.2126865,1.2098244,0.66829365,0.40427712,2.1827035,-0.5785935,0.35601622,-0.41525456,-1.6969259,-0.8285585,0.79376364,0.10991716,-1.244267,-1.2258949,2.255903,1.2337729,-1.6563715
1899,0.6649053,0.034063462,0.6966013,-0.33552566,0.4601735,-0.6356174,0.4178926,0.51077694,0.92334884,-2.1414275,0.674471,-0.85335356,1.2966733,0.9549956,-0.5405334,0.64602137,0.16603707,0.44103256,-0.23345077,1.4631135,-1.5661104,0.49767834,-1.0289488,-1.8930091,-0.7382039,0.041360546,1.5883267,-0.069351815,-0.40412065,0.8564633,-1.2969171,-1.4520209
1900,-0.4643128,-0.82698244,0.64877355,-0.04761881,-0.9758854,1.1653285,1.0098953,-0.9109363,-0.82868135,1.9953406,1.6531603,-0.05182342,-0.6849662,-0.89505965,0.3801804,-0.3893862,0.3533967,0.34424865,-0.12214196,1.3409584,-0.29227298,0.3161684,0.5735394,0.4011203,-0.27160963,1.5083029,-1.0841262,-1.1867019,-0.5099184,2.017747,2.2691274,-0.06609424
1901,0.71862,-1.115875,1.0371381,-0.83669126,0.8998418,-0.84893787,0.07610656,1.1285268,-0.6988394,-1.0380096,0.16927563,-0.7799012,0.7932236,1.4237432,-0.6483355,-0.042123117,1.7821294,1.4904566,0.5658879,1.901208,-0.97046006,-0.09870031,-0.8884818,-1.2137506,-0.6414507,0.6156029,0.8924444,-0.10885582,-0.65727895,1.6954846,-0.36724183,-0.27270576
1902,-0.856259,-0.8859087,-0.053025242,-1.5405092,1.5211012,0.62101865,1.7101026,0.6238873,1.2945747,-0.8678578,1.6088709,0.5347932,0.17055681,1.7710165,0.25397938,-0.65202963,-0.97664493,0.5780718,-0.8146975,0.07306883,1.7286453,-1.3662169,-0.12757103,-1.4584826,-0.13047826,-0.17182629,-0.58330965,0.966352,0.2643862,0.02543217,-0.57257724,-0.9611744
1903,-1.6464292,0.24696669,0.4171671,0.5528118,0.28002778,0.29364616,1.4436259,-0.4672605,1.0069555,1.5254759,1.5457963,0.5533008,-0.12495414,1.9651438,0.79172355,0.60467,-2.2325606,-0.66542727,-1.6114163,0.34947887,-0.3638286,0.11717324,1.5376055,-0.6069218,-0.50845677,0.38456458,-1.3591852,0.943658,0.0934682,0.39411548,-0.013180862,-0.17303829
1904,-1.2877631,0.7673493,0.2639044,2.0038514,0.12679313,-0.3521215,0.8916503,-1.1485807,0.7283628,1.1872661,1.1610303,0.45535728,0.40752524,2.0292058,1.0265543,0.9595315,-1.9238646,-1.2329271,-1.0519435,0.4637076,-0.8228738,0.98166347,1.5213244,-0.40584,-0.31303358,0.32040232,-0.7041859,0.2438026,-0.4461333,0.7350958,0.110350445,-0.07839039
1905,-0.85754335,0.95520955,0.597505,2.2962153,-0.205824,-0.96897185,0.7548153,-0.87264884,0.349235,1.4520451,0.9956308,0.24884139,1.0887206,2.2399518,0.9568935,0.4428296,-1.3994391,-1.1236742,-0.60560024,0.45971572,-1.1948955,0.87786317,1.4324352,-0.23756506,0.3594432,0.08697582,-0.23279242,0.7193045,-0.6835447,0.98359793,-0.00044964984,0.23540005
1906,0.71261233,1.0281502,-0.38797385,2.5885937,-0.86081856,-1.0190347,-0.13688329,-1.6750035,-0.39164734,-0.19999906,0.3309687,0.36499152,0.99499327,1.7845763,1.4625309,0.62587804,-1.5518901,-0.57886016,0.0044165496,-0.033226132,0.30262715,0.28048703,1.4395697,-0.61658776,1.8625386,-1.2000471,-0.47632894,-0.46017998,-0.34864572,0.39442185,-0.110530995,-1.191575
1907,-1.0581728,-0.4826231,0.7933425,-0.6872738,-0.95791054,0.06504548,0.8409833,-0.89737666,-1.4798305,0.6104804,-0.46514475,2.2432537,-0.9084134,-2.0121455,-0.42250004,-0.7919602,0.9012227,0.90878993,0.30445448,0.77589554,0.4364259,0.8332881,0.28919178,0.008300512,-0.20589364,0.64503545,-0.515457,-0.8674443,-0.8931791,1.0086151,1.6668756,1.8935375
1908,-0.7667456,1.504203,1.3671114,1.5599562,0.2812338,-0.471866,-0.81424475,-0.09183954,-0.33760995,-1.9064811,-0.4105701,0.23728967,-0.11663371,0.881093,-2.0035076,-0.48890898,0.73580396,0.5951118,-0.20268941,0.2410538,0.29449835,-0.49862003,-0.7451618,-1.0301374,-1.1131191,-0.8541346,1.7427372,-0.11378524,-1.4943979,0.7806371,-2.0685093,0.5129372
1909,-1.2326552,0.54620564,1.4689635,0.5766995,0.43736884,0.23171383,-0.7844776,0.5180017,0.23589128,-1.8410084,-0.17076115,0.89906937,-1.0216942,0.93583745,-2.0555854,-0.34708002,0.6673585,0.6519088,-0.16630027,0.2816182,0.02976707,-0.2225174,-1.4899122,-1.0404619,-0.5368267,-1.4473726,1.5414666,-0.33468872,-1.3106953,1.0555596,-2.2810898,0.13643095
1910,-0.07105114,2.2375836,1.1757002,0.6930505,-0.439855,-1.346692,-0.7815598,-0.25901377,-0.044702645,-1.2239795,-0.085078984,1.137679,0.45029208,-0.24329822,-1.4421468,-0.005140476,1.1515635,1.5084805,-0.27957,0.28859717,-1.7393978,-0.055821043,-0.069770895,-0.71001756,-1.8240371,0.15768921,2.4836674,0.44122335,-0.2959354,-0.077408515,-0.8413677,0.30376536
1911,-0.5951316,0.26149118,-0.6004056,-1.1112733,0.6790423,-0.28716287,0.3808668,-1.1520766,0.4043788,-1.2960823,1.7843045,0.34333327,-0.09056797,1.109245,0.6574169,2.0863228,-0.7351671,0.025249453,-1.4195669,-0.54970556,1.5352734,-1.1965557,0.5334996,-1.7719058,-0.45887917,0.06718763,-0.25812545,0.98712623,0.97587585,-0.5060721,-0.41728508,-1.8325953
1912,0.16027819,0.7137806,-0.3729313,0.00591328,-0.60873836,-1.1951256,-0.30513152,-1.6629454,-1.0597185,-1.8935276,1.726124,0.120530814,1.7300326,-1.2410786,0.14088121,1.85187,-0.06898905,-0.90182805,-0.8950544,-1.9550242,0.43164173,-0.19633082,0.65782493,-0.6930935,-0.008979893,-0.5494371,0.6130229,-0.38701648,0.24395458,0.2019664,-0.030369418,-0.44552526
1913,0.88313323,0.37455565,-1.2804266,-0.40912718,-0.8644465,-0.7813246,0.550158,-1.5810318,-0.5402457,-0.5538727,-0.55061406,1.1796962,0.5588424,-0.14402103,-1.7260439,0.73611236,0.78936565,-0.8903071,-0.8205399,-1.5618368,2.1298444,0.16442725,0.27988905,-0.80563104,-1.926245,1.945219,0.7556042,0.21674608,0.5366733,0.35645598,-0.7082156,-0.53602207
1914,0.42090705,0.9112989,1.0423965,-0.4671068,-0.17429791,-0.65009534,0.15619904,0.98494476,-0.38373935,-0.92734253,-1.506192,-0.4848696,0.10506453,0.7422044,-1.1254631,1.4714113,0.8834452,-0.20966734,-0.9677959,0.73612326,-0.34780994,0.80586773,-0.24335727,-1.3966701,-0.4894134,-2.130747,0.4333318,-0.09311231,1.1569942,-1.8666078,-1.9700549,-2.0147161
1915,0.82882583,-1.0305263,-0.2933641,-1.3264712,-0.21165155,0.58859074,1.7393365,-0.14031711,1.0078168,-0.45436928,1.7273139,-1.9093145,-0.50242615,-0.69102746,-0.9461064,-0.4467484,-0.13198163,-0.39575508,-1.1137612,1.888567,-0.94468117,0.9611417,-0.62998694,0.13877216,-0.1255184,-0.16943717,1.6870923,0.9649857,0.3656851,0.36480275,-0.84763217,-0.27077287
1916,-0.7119096,-1.0084296,0.5007176,-1.7982128,0.9625519,-0.8754134,0.65628684,-0.18843664,0.036938466,-0.9032878,0.66849893,1.8371675,0.04752004,0.13586573,-0.24671826,2.121985,-1.090972,0.07668596,-0.6756171,-1.194645,1.4214029,-0.9891087,1.168643,-1.0391016,0.75535536,-0.3438426,-1.0173041,0.73481864,1.2127177,-1.3499602,0.043398242,-0.21338484
1917,-0.73543054,-0.4837316,1.1028867,0.40157756,-0.9138999,1.7585111,-0.01592143,-1.2602003,-0.466213,1.4453654,0.76163435,-0.4941811,-1.147578,-0.88459855,0.99546486,-0.8799373,0.5123097,0.98235637,-0.118209206,1.3964585,0.017665561,0.53248173,0.49941638,-0.9090583,-0.2284267,1.3956798,-1.4066297,-1.7456925,-1.0568359,1.3731533,1.572452,0.8303533
1918,-0.55779356,-1.520113,-0.2664198,-0.8726349,-0.57826436,2.3673515,1.0153041,-1.2364601,0.15873323,0.60473096,0.81297255,-0.20297556,-1.0210447,-1.2694925,-0.19930126,-0.97740924,1.152177,0.7727958,0.11750445,1.709987,1.6505746,0.17413467,-0.34366393,-0.82590693,-0.35610914,1.1883364,-0.46378505,-1.2499983,-0.7586184,1.2433785,0.5742944,0.25782213
1919,-0.23737338,-1.5932097,-0.43644702,-0.92652804,-0.312728,2.476675,0.88323396,-0.97045034,0.23382036,0.13065979,0.27827713,-0.75207,-1.133801,-0.95332235,-0.9466409,-0.6208393,1.1779615,0.28269395,-0.20356028,2.1256795,1.8355174,0.9728318,-0.7803669,-0.6089711,-0.8192816,0.08557088,-0.02402814,-0.76666033,-0.5790505,0.9480439,-0.14565952,0.008486387
1920,0.7612643,-0.9667377,-0.2773071,-1.1144869,-0.1337785,0.5419017,0.8942026,-0.54240036,1.0871015,-1.2318835,1.283759,-1.745455,0.18213034,-0.4661482,-1.3030055,0.33900046,-0.25437534,-0.33884585,-0.73330873,1.7971745,-0.263677,2.3081741,-1.0932828,0.23256415,-0.91254365,-0.821746,1.0964811,0.3069932,-0.13788712,0.9274576,-1.0001822,-0.80344224
1921,-0.75824684,-1.0023602,0.39140603,0.9330865,1.6041607,0.5510706,1.0671244,1.1983843,-0.23150194,0.015836013,-1.0171715,0.48151687,0.023991587,0.37375152,-1.9926249,0.47705793,0.45731378,-1.2931,1.1343203,0.9851891,1.991815,1.0862334,0.5799898,-0.041542202,1.7731563,-0.7638442,1.0795987,-0.9198054,-0.33462906,0.9882223,-0.7150872,1.6500151
1922,0.19223823,-0.69468707,-0.5281599,0.60185003,1.5046152,-0.10690799,0.14618126,0.5451581,0.16726328,-0.7702828,-0.25951004,-1.8118726,0.15277496,1.0276746,-1.4533036,0.96553874,0.18034977,-1.7003448,-0.56929815,1.195623,1.6050801,2.2947323,-0.4752248,-0.4609199,0.7722802,-1.3104813,0.580674,-0.22822317,-0.4773127,0.49625748,-1.6944997,-0.49520287
1923,-1.1635054,-2.3241515,-0.44897336,-0.35719922,-0.12901214,2.3608403,1.2136033,-1.1281265,0.48389697,0.9661974,1.5486562,0.53627664,0.31492496,-1.3245034,1.2838,-1.1103212,0.7991195,0.08842349,0.20182636,1.121241,0.5782367,-0.7060896,-0.40365216,0.5527047,0.94630146,1.5913391,0.9139618,0.3074405,-0.32506785,-0.3018617,0.6534335,-0.065524496
1924,1.0416037,-1.9171883,-0.48727268,-1.0358968,0.024018774,1.6570884,1.8827481,0.04446686,0.890855,0.24991618,2.0303617,-1.1327456,-0.39872852,-0.59091,-0.38300887,-0.43183398,0.5091105,-1.326361,-0.685805,1.5575058,-0.7069034,0.046161998,-1.1853583,0.013514137,0.10285938,0.11581799,1.6776303,0.7492449,0.1331057,0.063066676,-0.16044557,0.31694362
1925,-0.9981325,-2.350099,-0.9766867,-0.5333308,-0.34317723,2.480449,1.3505923,-1.4759029,0.115630336,0.96602565,1.5085052,0.28663677,0.042853396,-1.3678083,0.8555484,-0.9352045,0.954742,0.2773485,-0.09148892,1.2346385,0.7612399,-0.42305332,-0.5488626,0.3927175,0.6040404,1.5686547,0.57076865,-0.041676976,-0.46134937,-0.028337335,0.30133215,0.3280347
1926,0.67496437,-2.0499384,-0.7629266,-1.2548628,-0.24034606,1.8185062,1.8106124,-0.6547138,0.70071256,0.18047123,1.8128754,-0.99742955,-0.4110035,-0.752001,-0.27976167,-0.4739852,0.44932032,-0.8731971,-1.0263585,1.6681582,-0.6853971,0.30852464,-0.9387739,0.412552,0.0337159,0.099317886,1.6902606,0.80571854,0.18966995,0.124277435,-0.3417745,0.3577102
1927,0.64447176,0.49388406,0.70005125,-0.39022884,-1.1767168,-0.37477165,0.91271174,-0.7267719,-0.72579587,1.6548301,-0.8888314,0.30741468,-0.8574702,-0.5247985,-0.93037415,-1.2149438,2.2679682,-0.23644853,-0.9002496,0.52123034,1.8655412,-0.12348702,1.8697075,-0.44394168,-1.9162425,-0.65752643,-1.0047151,0.030680891,-0.29253718,-1.7015343,-0.1667485,0.30688828
1928,0.8960643,-1.8229814,-0.88230354,-1.1535336,-0.22142635,1.5730442,1.7532636,-0.78838503,0.6971629,-0.033875898,1.8328545,-1.1667184,-0.45369545,-0.68675965,-0.4838121,-0.5170001,0.4513093,-0.71903694,-1.1966066,1.7908719,-0.6857276,0.40435696,-0.9223615,0.3260627,-0.10593968,-0.0056224973,1.6221898,0.7867326,0.29270798,0.26564866,-0.64890295,0.117494635
1929,1.321934,0.36468327,0.9209061,-0.9352778,-0.38954034,-1.3053309,0.2633805,0.27305877,-0.22330815,-0.6104477,0.8714539,-0.35182178,1.2157307,0.4131429,-2.1053097,1.353381,-0.36110005,-1.5870664,-1.9067737,-0.05100706,0.5398776,0.022683514,0.73367465,-0.64749676,-1.6222482,-1.628456,0.5736703,0.7489512,0.82172537,-1.4474982,-1.8572869,-0.65123105
1930,1.1553006,-1.7782247,-0.7378618,-0.7557209,0.11330942,1.2766063,1.0361445,-0.87695944,0.927792,-0.41148257,1.8223377,-1.4597363,-0.27964923,-0.33453867,-0.553605,-0.45235345,0.43708545,-0.67054856,-1.1194446,1.9593868,-0.5296962,1.0659944,-1.4155062,0.032898184,-0.39663747,-0.4869453,1.2413614,0.8990842,0.035608236,0.55265814,-0.6113392,-0.15273984
1931,-1.5288256,0.5569953,0.78625685,0.47899118,0.031961832,-0.4873919,1.7501646,-0.37647095,0.4177824,1.6924434,2.2037218,0.57618076,0.096081436,2.0266416,1.4944835,-1.3599201e-05,-0.6052308,0.6913655,-1.1156408,-0.3276651,-0.39192802,-1.0596933,0.5719219,-0.50067645,-0.4062661,-0.2606897,-1.5188545,1.4971075,-0.16890368,-0.1586621,-0.40108258,-0.874375
1932,-1.360741,-1.384087,1.6160052,1.486588,-0.12673526,0.39513645,0.8338792,-0.23564425,-0.031555306,2.102722,0.8047937,0.60413414,-0.7404197,0.34143865,1.21772,-1.2874457,1.2997651,0.9912583,0.64147955,1.2898142,-0.6137566,0.49003625,-1.0201607,-0.14395823,0.17237917,-0.052625667,0.8472042,1.7095253,-1.0267812,0.059337363,-0.54779613,1.1605841
1933,-0.9857324,-2.0777807,0.58213717,0.25058964,0.36691186,1.467765,1.3776603,-0.108964786,0.50012773,1.3239366,0.4553258,0.7439162,-1.0536305,-0.36760488,0.65676755,-1.5524198,0.83980346,0.97908103,0.8295884,1.4110221,0.3664963,0.5223645,-1.1439219,-0.5694124,0.7601739,0.91228354,1.450943,1.3105537,-0.8552448,0.28485566,-0.65023816,1.662059
1934,-0.534165,-2.1837997,0.27979767,-1.2310807,-0.3372297,1.3395189,1.5069034,0.5194365,0.80989957,0.37597442,1.5071642,-0.5623596,-0.59959334,-0.61893266,-0.7822286,-0.8197062,-0.26487198,0.25448114,0.021770373,1.6066166,-0.58312684,1.033346,-1.5447621,0.60180706,-0.10831648,0.3312417,1.7603098,1.7182196,0.28592205,0.5441973,-0.39316425,0.60374117
1935,0.2829278,-1.4228948,-0.6832021,-0.8882892,-0.89618796,2.1579092,1.4067507,-0.1796204,-0.2359828,1.3899375,1.6374458,0.53449655,-0.58767027,-1.3038071,-1.3903193,-1.3336151,1.9439859,0.5298976,0.04817751,0.56657004,0.9607598,-0.8444458,0.2663358,0.20288168,-0.37773716,0.32506105,0.42436075,-0.5526383,-0.9250808,0.54041123,1.484532,0.9063186
1936,0.4349178,-2.4372065,-1.2263612,-0.2953691,-0.9483982,1.316474,0.5347432,-1.6342629,-0.12901229,0.9514682,1.6939462,-0.15958707,-0.13541527,-0.6003714,0.019730056,0.14482439,2.5376408,0.93824303,-0.14559859,0.8348288,0.8342895,-0.89369434,0.025210254,0.14285703,-1.4592079,0.42059326,-0.24654056,0.022201097,-0.74946034,-0.2811654,1.2792503,0.04028352
1937,0.84056586,-2.3144088,-0.62425655,-1.178563,-0.37991434,1.1938586,0.8366183,-0.10834182,0.7311638,0.04469312,1.5176837,-0.8637738,-0.451985,-0.069954805,-0.63007945,-0.20228444,0.60308695,-0.93945664,-0.7715972,1.7701614,-0.98680115,1.1850183,-1.7442889,0.2975694,-0.9042486,-0.5616925,1.2580401,1.4133574,0.20577109,-0.070871934,-0.33822197,0.23951656
1938,-0.6416041,-0.73647493,0.12332258,-0.5783321,-0.79146826,1.5440823,1.4273176,1.0384182,0.11510837,1.2695113,0.025387214,1.8500272,-0.7483295,-1.4147346,-2.26253,-1.842399,0.58725774,0.76712686,0.3981068,0.816205,1.2384491,-0.7975302,-0.34397867,-0.22352584,0.65793544,-0.48000473,0.2646219,-0.581437,-0.5877258,0.802252,0.8577269,1.8642135
1939,-0.76962936,-0.17197388,0.550428,-0.1195362,-0.13201474,1.0276176,0.53355443,0.42450643,-0.25515318,0.9075,-0.014091274,0.1655426,-1.1430246,-0.79978245,-1.3587993,-1.5866177,2.0386155,0.9968097,0.9630842,1.1675297,2.1774795,-0.5360195,1.3013086,-0.1087252,-0.63838905,-0.43174437,0.40260395,-0.5924928,-1.7697802,0.116326556,1.2444113,1.6920998
1940,0.9334395,-1.9602382,-0.7868291,-0.95923305,-0.3832652,0.94366276,0.6124639,-0.5522548,0.629304,-0.70632577,1.2536451,-1.3984058,-0.3302436,0.14536573,-1.0269223,0.19651462,0.54374075,-0.89616436,-0.71320856,1.9955715,0.16936871,1.6863036,-1.6335506,0.025342124,-1.1807674,-0.8673496,0.6757607,0.9043404,-0.30660945,0.37832674,-0.990565,-0.093594626
1941,-1.177018,-0.5017615,0.9612212,-0.01659739,0.22168286,1.1614748,1.2564974,0.99463046,0.113849044,0.45258516,-0.3663429,1.3995968,-0.6751361,-0.98762566,-2.571513,-1.4225014,0.23310435,0.35202095,1.1782262,1.0000198,1.6170882,-0.17490785,0.57153285,-0.26187068,1.1916677,-1.0739559,0.8162689,-0.49275196,-0.8592165,0.54387254,0.3420383,2.4098065
1942,-1.0847688,0.09640848,0.24791981,0.29529947,0.6528827,0.6986538,0.296796,0.39341313,-0.870131,0.9543784,-0.4415383,-0.71852213,-1.2960688,-0.6944276,-0.8280358,-0.9851084,1.8974708,0.12399572,0.52351385,1.24589,2.6669135,0.30337426,1.1445746,0.052987177,-0.052316852,-0.77283907,0.07550194,-1.2428802,-1.5130106,0.9552895,0.56472415,1.804559
1943,0.46322215,-1.503472,0.004200476,-0.8917811,-0.1800053,0.33058915,0.23995425,-0.15743047,0.56123096,-1.1456496,0.46272716,-1.9440113,-0.54203963,-0.080096744,-1.3730366,0.6545088,0.38354233,-0.36393383,-0.39429736,1.9581589,0.88946277,2.4294207,-1.2772827,-0.35112375,-0.87050927,-0.9846712,0.65298873,0.49163106,-0.3399269,0.7570367,-1.1985245,-0.5775873
1944,-0.92214817,-0.47921917,1.320518,-0.07298149,1.2378736,-0.7187679,1.5064512,1.417855,0.27207324,-1.021657,-0.17916377,1.3107677,1.3245254,-0.5631132,-1.6968465,0.3473591,-1.6572177,-0.82132035,1.1217518,-0.28388852,1.4902287,-0.24282764,0.52098286,-0.18640554,1.9050947,-1.3433136,0.7963367,0.1542986,0.83036804,-0.6192089,-0.68802524,1.6863185
1945,-1.1302636,0.034759805,0.8866879,-0.30573702,-0.25772604,1.6874324,1.2895234,0.003056588,0.26374918,1.1452593,0.5811871,0.9198262,-1.1951377,-1.3019753,-1.4796251,-1.9678243,1.2276452,0.7085988,0.75603133,1.213122,1.6081148,-0.5505432,0.7989488,-0.11622528,0.22148855,0.39162454,0.5200278,-1.0269839,-0.5968454,1.191433,0.87935877,1.6737713
1946,-0.7147056,-0.8606512,-0.24278592,-0.6067815,-0.26183638,2.3166375,0.7279889,-1.0708084,0.02788885,0.57550275,0.7296364,-0.50472105,-1.0758339,-1.6321805,-0.6220341,-1.2427953,1.5920098,0.41380626,0.041183364,1.6454319,1.9151064,0.44718912,-0.36388782,-0.4008373,-0.71342224,0.26369727,0.3649688,-1.0971203,-0.8984905,1.3479962,0.5252231,0.9667916
1947,0.37197608,-1.5049369,-0.22537605,-0.9392518,-0.03425684,0.79357445,0.8926041,-0.4238438,0.9543668,-0.909746,1.1284018,-1.7837527,-0.090733826,-0.4737082,-1.0742046,0.256224,0.116543844,-0.55635864,-0.44162902,2.0351305,0.3419131,2.3497157,-1.2424287,0.2226083,-0.6639293,-0.95529974,0.92028004,0.30783185,-0.2802355,1.0623734,-0.8379082,-0.5235858
1948,-0.06689793,0.13615027,-1.0550399,-0.8140011,0.51284623,-0.111295715,0.7397793,-0.34146744,0.8469626,-0.8992143,1.7600337,0.47391075,-0.18864346,2.4310386,1.0140233,0.10882911,-2.0012372,0.3860637,-0.7097032,0.15103082,2.0774522,-0.65814734,0.7109482,-1.231143,0.1706761,-0.7208056,-0.33613417,0.5451706,0.2262472,0.1475395,-0.0630064,-1.7808975
1949,-1.0452334,0.3328921,-0.71604127,1.7896167,-0.76266205,0.58297825,-0.9451131,-1.3167152,-0.08460928,-0.98347914,0.698147,0.92267555,1.1156515,0.0037382203,0.12034808,-0.52720094,-1.489143,1.1313764,0.1695955,-1.3063457,-0.69512254,0.8687422,0.74562067,-0.54811954,0.36245966,-2.4905252,1.0662119,-0.4838791,-0.78522384,-0.82357144,1.7786859,0.63871795
1950,-0.81808513,0.6126461,-0.56639093,1.5469779,-1.913183,-1.009673,-0.14908288,-1.6412408,-1.1538553,0.21951668,0.4512229,0.6989702,1.2044231,0.60257155,0.42044815,-0.37423232,0.64426905,1.7465605,0.9506561,-1.8435234,-0.34588662,1.2776994,0.022197975,1.0440704,0.4857791,-0.407765,-0.31939477,-1.1956733,-0.07583832,-0.14378029,1.301246,-0.4637682
1951,0.19391537,0.20096402,0.2826413,0.83966994,-1.0324726,0.6725358,0.09944206,-1.6178818,-0.52377445,-1.6619861,1.245986,-0.3544959,0.7119878,0.6614672,0.31400272,-0.6285159,-1.4912958,1.0971926,0.3138938,-1.9173081,0.15096372,1.759135,0.40914428,0.5486664,0.28346846,-0.92943805,0.9277376,-1.7611233,0.49107605,0.064761944,1.2241089,-0.79770267
1952,0.42494324,-0.981813,-0.39895394,0.42115864,-1.2993113,-0.3307494,0.47210768,-1.2469682,-0.34064823,-2.1589713,1.152185,0.35744336,0.12948297,0.8572366,0.783228,0.46170592,-1.8556336,0.8764568,0.910346,-1.4618471,1.0559613,1.0393611,0.33778563,-0.32654983,1.7287354,0.117949665,1.0305275,-1.2498826,0.009860112,-0.17338783,0.97298485,-1.1731238
1953,0.57657593,-0.47358477,-0.14911118,1.7114304,-1.4284786,-0.5740808,0.02390491,-1.8538575,-0.5624168,-1.5507299,0.6026726,0.7487293,0.047982182,0.9616938,1.1889776,-0.10400658,-1.6274599,0.71678776,0.9469393,-1.2268971,0.5409631,1.3422753,1.0374919,-0.250953,1.9652323,-0.14202243,0.14037855,-1.1887476,-0.20044205,-0.44613308,0.959027,-0.9792068
1954,-0.73130256,0.7064072,2.1052105,1.3388971,0.9378118,0.02322899,-1.1494755,1.0441703,-0.5199683,0.91371244,-1.345283,0.30129963,-0.7617916,0.068308376,-1.2170931,-0.7200013,1.1921198,0.3115543,-0.01396143,0.62479705,1.4002035,0.60518944,1.9414185,0.15784268,-0.8042401,-1.1326976,-0.39166442,-0.13033557,-0.7808624,-1.4801388,0.40985483,2.2240636
1955,-0.18709011,1.2291285,1.8194847,0.16479258,-1.483272,-0.3377269,0.029893177,0.18430012,-0.7693566,1.3237761,-0.1525611,0.94658685,0.062891,-1.5529206,-1.4805213,-0.54436725,1.099181,0.40373403,-0.68450016,-0.19342409,1.6249151,-0.40033937,2.3046634,-0.4917214,-0.519376,-1.6389228,-0.9561854,-0.18837175,-0.6303589,-1.5735397,0.50952023,1.2328135
1956,-0.62608373,-0.5862396,0.09099315,-0.15448155,-0.26901922,2.287351,-0.9410768,-1.5412954,0.30908117,0.23678346,0.21805696,0.02251446,-0.90567106,-0.86748564,0.22190616,-1.1702913,1.4216741,1.7937939,-0.061927304,1.377493,1.4318594,0.273752,-0.16209099,-0.7600925,-1.0543913,1.1897748,-0.6971028,-1.083611,-1.7262632,1.1077462,0.6274051,1.2275938
1957,-0.44019023,-0.37404162,1.2572386,-0.516132,-0.00089320244,1.0672623,-1.2328277,-0.26562634,-0.817495,0.95998865,-0.49752912,-0.21313615,-1.2118646,-1.0426369,0.76277286,-0.17896408,1.7510598,0.32707673,0.18144336,0.25359115,1.733021,0.32451656,0.4463826,-1.0375395,0.36559257,-0.672993,-0.50139904,-1.848883,-1.3641403,1.2964045,2.1281796,1.7280481
1958,-0.7192477,-0.97115195,-0.11893903,-0.8874185,-0.41996974,2.4165528,1.2846961,-0.8473663,0.18444943,0.81848097,0.828876,-0.0088709425,-1.0314157,-1.4998193,-0.4550286,-1.4441264,1.2361805,0.6507781,0.24383403,1.4439117,1.8489802,0.0017614563,-0.106371306,-0.6312098,-0.2403081,1.1158453,0.17158112,-1.344553,-0.6828819,1.216608,0.67226064,0.7911182
1959,-0.7194375,-0.7912389,0.029102707,-0.9254452,-0.1792092,2.3912523,1.3564008,-0.4842709,0.32875952,0.8008729,0.6473202,-0.05310027,-1.1866634,-1.4495836,-1.0777732,-1.5635794,1.3660228,0.47246602,0.16629747,1.6340677,1.9261122,0.24219263,-0.09446482,-0.38957497,-0.32039398,0.6213292,0.5370492,-1.1422726,-0.50913274,1.1399723,0.37090987,0.87869096
1960,0.67362076,-1.230642,-0.23473665,-0.96236295,-0.01843409,0.5774383,0.83781576,-0.56220025,1.1778506,-1.2083623,1.321705,-1.7963144,0.1141265,-0.32387668,-1.142497,0.3536157,-0.16881984,-0.5279352,-0.59913355,1.8758034,-0.07360584,2.199637,-1.2261285,0.22149344,-0.7240324,-0.8813629,1.0163366,0.45216092,-0.20575888,1.021499,-0.9198396,-0.7203288
1961,0.97158784,-0.73032266,-0.95927244,0.6840644,-0.69888157,-0.3010895,-0.58861595,0.34499082,-0.60834163,-0.1230949,0.15275986,0.5864333,1.0578879,-1.479343,-0.675488,-1.3108816,0.6301846,0.84409773,-0.15908733,-1.7121073,0.33193475,-1.3657974,0.7959204,-0.93055695,1.0598457,-1.1951667,1.0908097,0.7799132,-1.5237281,-2.4216964,0.32094216,1.1272994
1962,-0.7608713,0.83740824,1.7604388,1.7319089,1.4019797,-0.8207598,-2.8080604,-1.4779826,-0.81722003,-0.60573024,-0.17931087,-0.72577095,-0.34996462,-0.10148355,0.7375423,0.9786834,-0.007604924,0.062158957,0.003650121,-1.0743775,1.0032799,0.014634144,0.48384702,-0.104626626,0.5134366,-0.9898663,0.17238942,0.28569558,-0.8878914,-0.30007765,1.762867,1.504213
1963,0.19410789,0.5436395,-0.41830435,0.31236598,-0.7341792,0.4923899,-0.27066,-0.45434695,-0.8813448,-0.9958058,1.5432127,-0.6271045,1.3859295,0.78092945,0.5710569,0.19687761,-1.238781,0.868545,0.10015545,-1.2427539,-0.058175273,1.0987906,-0.4957718,0.6690186,0.39396313,-1.9999248,2.0178294,-2.0261009,0.2263689,0.99735117,1.5723542,-1.0648285
1964,-1.748321,0.26779318,-0.95913273,0.045772713,0.4836109,-0.2607888,-0.9539506,-0.93966544,-0.42919073,-0.5745877,1.0646186,-0.17850251,1.6374146,-0.1016995,0.28502336,0.08840807,-0.038285557,0.08327716,-0.73042506,-2.5195243,-0.75604486,0.6339057,-1.6302314,0.9103328,0.1862728,-1.7367737,0.57395774,-1.2896667,0.04121079,-0.05011553,1.0798907,-0.3537014
1965,-1.6199113,0.6205253,-0.41067812,0.60768723,0.34825888,0.10110875,-0.06369826,-0.43550965,-0.7941402,0.20140478,1.6091412,-0.64552116,2.1649196,0.20549469,0.23661454,0.24174553,-0.82150006,-0.8597668,-2.124392,-2.0631409,-1.4699875,0.77669066,-0.036574706,0.3619098,-0.28948632,-1.4428561,0.331482,-1.0231564,-0.36984134,0.25589955,0.25193334,0.60140306
1966,-1.1263278,0.6083873,-0.3195245,-0.12761374,0.3068758,1.1284724,-1.3127854,-0.3640844,-1.4275414,-1.1884216,0.66014206,-1.2319357,1.7642033,-0.06500412,1.421413,0.68189454,-0.29615965,-0.88367116,-0.97523683,-1.7762511,-0.47253442,-0.33952942,-0.77734596,-0.33035147,0.47643703,-0.70652044,1.7506241,-1.7652516,-0.068463266,0.3187474,0.50458485,-1.0984389
1967,-0.88485056,-0.9406348,0.8560799,-0.73574036,-0.49303514,2.0342977,1.9305164,0.07008513,0.38416603,1.226189,0.7544546,1.0072782,-1.1066271,-1.0129557,-2.1357417,-1.3553091,0.9710762,0.44664815,0.54148465,1.4268572,1.169818,0.13305752,0.48427594,0.018937571,0.1528275,0.49696788,0.44168273,-0.8851268,-0.17606859,1.1352113,0.87370455,1.3193859
1968,-0.3913751,0.1177496,-0.3714754,0.93890804,1.6375834,-0.17333701,-0.12271855,0.6857715,-0.4263664,-0.9954032,-0.434493,-1.4131128,0.5144237,1.5222251,-0.8028599,0.873293,0.26701212,-2.438005,-0.09127531,0.9884311,1.4201633,1.7634403,-0.7320583,-0.35258016,0.47830355,-1.7188449,0.66659135,-0.2999254,-0.41166216,0.5987567,-1.4576128,-0.6122037
1969,-1.2090945,0.3475383,1.2652363,2.094054,1.4749695,0.8708631,-0.40824485,-1.0494461,-0.028512632,1.3444138,0.60884017,0.17054085,-0.2212684,2.1094637,1.4430375,0.8164177,-1.4464092,-0.9314307,-1.0970187,-0.16041678,-0.22174191,-0.5364743,0.7845894,-1.3408701,-0.7168176,-0.49287927,-0.98746544,-0.0692699,-0.11749444,0.5005983,-0.060224283,1.1831284
1970,-1.0603155,-0.8154232,0.8941385,-0.5841152,-0.56370896,2.1049876,2.0348265,0.28751844,0.48764658,1.3403614,0.80030745,1.1046271,-0.87291074,-1.0569148,-1.8929529,-1.1379945,0.5008718,0.51021457,0.6103349,1.569452,0.9067116,-0.20177244,0.3441085,-0.25444034,0.39987138,0.6144772,0.30425614,-1.0007958,-0.17751111,1.1802077,1.104154,1.1763191
1971,-0.70850205,0.2725494,0.41550145,0.25362954,0.8948161,1.5211506,0.12751035,0.96442944,-0.30493855,-1.3274976,0.66189766,-1.2621394,0.57214093,0.80163425,-1.6021396,0.5395819,-0.72547704,-1.2609112,0.5190107,1.5355653,0.08989806,1.487881,-1.2512686,-0.11278635,-0.6329645,-2.2662852,1.1689498,-1.4585186,-0.4337868,1.0337249,0.17387888,-1.2651544
1972,-1.5102448,0.8803972,0.11541446,2.2313023,0.97611725,0.26020992,0.46276206,-1.4393195,0.30279246,0.8877655,0.64623386,0.2023421,0.14862691,2.4385283,0.8808474,-0.21438175,-1.3156723,-0.8892044,-0.76115686,-0.1961927,0.7574258,-0.40644002,2.0066202,-0.47372836,-0.76255745,-1.4039415,-0.87046206,-0.19331422,0.20585601,0.25030875,0.24997096,-0.015610091
1973,-0.8235729,0.6960649,1.4039537,1.3201975,-0.43077984,0.95223784,-0.39790493,-0.72568816,-0.8454323,0.48352805,-0.690796,0.06823412,-0.08737966,0.292542,0.5284313,-0.6571979,1.7574306,2.0899022,0.24352227,1.4956108,-1.0261056,-0.28665802,0.6294593,-0.41987956,-0.8314308,0.8135646,-1.21972,-1.655408,-0.27341846,0.9812045,1.3683517,-1.5820034
1974,-1.0850352,0.052005105,-1.3391331,0.056119353,-0.3286655,0.4696229,-0.08534408,-0.0064763227,-1.2560928,0.69402087,0.9036137,-1.0121627,2.2487154,0.24000254,0.050558645,0.116812766,-0.64362675,-0.99162304,-1.502542,-2.2714663,-1.1800731,0.14392135,-0.20882319,0.3743644,-1.2176878,-0.90327126,0.16141233,-1.5814868,0.30707625,0.85114354,0.6831916,-0.5166858
1975,-0.63205767,-0.19906457,-0.07734108,1.9848118,0.30071613,0.4915312,-1.9636066,-0.40287822,-1.3115273,0.33645758,0.25366572,0.20286347,-0.1332122,0.12116428,0.8653245,1.0815532,-0.34772277,-0.8133761,0.48521495,-1.8446788,-0.024762794,0.17377451,-0.68698996,-0.42158082,2.1196265,0.20760234,0.59043044,-1.4149547,-1.359809,-0.1477125,1.290093,1.6440029
1976,-0.70470065,0.15114135,-0.86913365,-0.096164204,0.3869921,-1.1601883,-1.2002015,-0.14734487,-0.8207347,-1.1489998,1.3542328,-0.06971073,0.6144506,-0.65316683,1.0806774,1.2250329,-0.77509904,-0.5566652,-0.33022973,-1.9268148,0.65802175,0.64816195,-1.4398888,-0.5262459,2.162771,-1.2154258,0.4049445,-1.0864444,-0.9342601,-1.41523,0.6800616,0.8040502
1977,0.7888161,-1.0843108,-0.15260054,-0.81725025,-1.910151,0.20882094,-1.1497142,0.14183751,1.3211452,-1.2428315,-0.6558793,-0.72238535,1.1728953,-0.73126864,-0.4002274,1.0381904,1.4200071,1.005265,1.1501281,0.9490915,-0.28981662,-0.44090337,-0.6195219,-1.1256065,-2.3571224,-0.2407202,-0.41471472,0.79246366,-0.19719297,-1.601511,-0.20016891,-1.6355661
1978,-1.5348191,-1.476886,-0.17035155,0.14434728,0.47296104,2.3372688,1.3924495,0.19186033,0.61065215,1.280156,0.10148308,0.88683933,-0.75971067,-1.0503956,-1.3386058,-1.4969729,1.0867841,0.4475118,0.85335773,1.4091719,1.3687377,0.032032628,0.14225829,-0.3742499,0.87296367,0.92675656,0.4993485,-1.3783951,-0.585747,0.7032398,0.18339193,0.815376
1979,-1.1371388,-1.4289095,0.38963777,0.09294801,0.12636837,2.2317638,1.4095961,1.0710698,0.78620553,0.8291751,-0.3409832,0.76643854,-0.72450924,-0.85196793,-2.29973,-0.8826528,0.4532592,0.16059151,1.2941332,1.617637,1.0136011,0.12443847,-0.60779,-0.46472982,1.2222636,-0.37457323,1.1262933,-0.899424,-0.57097673,0.93185216,0.048603393,0.82023335
1980,-1.532068,0.65013325,0.907122,0.67150575,1.6154915,-2.6087813,-1.519569,-0.04433342,0.25513017,-1.1090896,0.45646968,-0.4556667,0.62455523,-0.19532514,-0.40363201,0.6334803,0.27351117,-1.7156688,0.19353947,-0.3710427,-0.1378892,1.4134367,-0.53804743,0.06270763,2.4160714,-0.4146728,1.2171061,-1.3028209,-0.36018914,0.9976571,-0.26495865,-0.23612611
1981,-0.2545234,0.90484476,1.7540835,0.98082244,1.16202,-2.003864,-2.7253792,-1.7168994,0.46654567,-0.54119617,0.28860763,-0.058791038,0.18643178,-0.60164183,-1.310709,0.33367902,0.21721628,0.040697582,-0.45774737,-1.1814406,-0.34043655,0.79016536,-1.2174194,0.1378624,1.8470172,-0.42957687,1.303672,-0.69381833,-0.34333086,0.95938694,-0.14152533,0.48572546
1982,1.308496,-0.32014692,-0.105056256,0.36271358,0.89587796,0.35574734,-0.16388103,1.1156857,-2.00226,0.066464856,0.626984,-0.796721,1.5951041,-0.49437138,-1.3419057,1.9976904,-0.8726706,0.46142545,-0.6641655,-1.496947,-1.0344405,0.66003966,-0.816886,0.81997716,1.1859785,-0.13284798,1.5355593,-0.740463,0.18368202,-0.20504223,1.1314398,-0.7896263
1983,0.37785274,0.22711863,-1.6674546,2.8106558,0.8409919,-1.2188253,-0.29871655,0.06086346,-1.3436213,0.9578703,0.616353,0.053622846,1.8355726,0.13169044,-0.73093057,1.6704925,-0.5477886,-0.387959,0.16421929,-1.2894225,-0.060951944,0.09067888,0.65044504,0.34559458,1.5945376,-0.27749664,0.4893472,0.13431713,-1.3496174,-0.402593,0.14999966,-0.67159027
1984,1.9401109,0.16040586,-0.50252455,0.07981099,1.1643311,-0.66792506,-0.31936568,1.0371847,-2.468396,-0.08292116,0.17498088,-0.68663514,1.0861021,0.06705676,-1.5106057,2.252834,-0.58967966,0.19155887,-1.0746359,-1.4058838,-0.72365606,0.40052882,-0.5324727,0.20683207,0.8193904,-0.0016677979,1.4118435,-0.22348268,0.38026837,-0.9157028,0.30885115,-0.6035954
1985,1.2391931,-0.9681578,0.37099788,0.54502296,-0.20899636,-0.012815209,-0.03882658,-0.123497926,-1.674782,-0.6521636,1.2125269,-0.2298511,1.3319602,-0.21944024,-0.31356627,0.8500074,-1.6407188,0.5554944,-0.17660488,-2.0364623,-0.2131887,1.2349856,-0.34247988,0.59131354,1.953825,0.3451148,0.65549177,-0.7670177,-0.24422555,0.0440102,1.2857075,-1.668236
1986,0.6425044,-0.17877465,-0.07354383,0.18522894,0.47106776,0.74893624,0.081717774,1.022647,-1.756061,-0.23452385,1.0590944,-0.64904064,1.8196341,-0.21369469,-1.150552,1.6476126,-1.147634,0.6340249,-0.44294065,-1.4764657,-0.9094197,0.95145875,-0.84668577,1.094796,0.7771285,-0.4154793,1.7444825,-1.4258764,0.18580732,0.38882974,1.2313163,-0.8852036
1987,-0.34825063,0.76828957,-1.7335808,2.1841254,0.7709053,-0.5803739,0.07639136,0.12425434,-1.058553,0.24025872,1.1804574,-0.18695334,2.4801023,0.5064706,-0.8431957,1.2635633,-0.8916256,-0.08726179,-0.04776844,-1.3488456,0.047027886,0.97670996,0.17302693,0.9289035,0.705492,-1.0525434,1.1998835,-0.74023366,-1.1760664,0.5494563,0.07612414,-0.6886791
1988,1.0115962,0.2790112,-0.36037368,-0.23462269,0.87385327,0.1355577,0.074310094,1.0142093,-2.4503472,-0.43752772,1.0265534,-0.47612962,1.4609362,0.5023106,-1.3280634,1.8309529,-1.0980461,0.48277608,-0.9529032,-1.4079707,-0.59078723,0.7881475,-0.5133223,0.7238416,0.3013099,-0.49493703,1.6139269,-1.3312014,0.35418567,-0.07396946,0.6583587,-0.94531035
1989,1.3222988,-1.0252033,-0.2439654,0.39495894,-0.6711724,0.1461876,0.13224275,-0.2044853,-1.2996489,-1.0760039,1.3309087,-0.19107659,1.3617269,0.03309553,0.22535153,0.8071355,-1.6976923,0.7263898,-0.22869955,-1.796058,0.10423304,1.360629,-0.1858256,0.229924,1.8140857,0.45691127,0.86640245,-0.9095936,-0.044570006,0.04328146,1.2503611,-2.0176115
1990,0.1326326,0.27756882,-0.6947514,0.5042347,-0.23450051,0.9022911,0.03247715,-0.19125825,-1.2821134,-0.8392575,1.1559739,-0.42310613,1.7148819,0.5856032,-0.13904987,0.9961249,-1.2392094,0.9576965,-0.25354546,-1.4699014,-0.13066876,1.2461858,-0.24222986,0.97500414,0.28538063,-1.3389776,1.8947177,-2.13319,0.31055045,0.82658833,1.349229,-1.0204557
1991,-0.7599992,1.1633978,-1.5733247,2.2942865,-0.18279994,0.15277554,0.26265064,-0.6102826,-0.62941706,0.38649514,1.1123922,-0.30353564,2.0428956,1.1785203,0.324665,0.20169483,-0.6264,-0.19135788,0.26419958,-0.9763199,0.15742357,1.1059813,0.32148558,0.9906423,0.015447526,-1.5481014,0.75367075,-1.6963598,-0.87125146,1.6213958,0.4518405,-0.88696426
1992,0.08302427,0.6396877,-0.6040057,0.4867984,-0.040605567,0.36975202,-0.24297535,-0.40268585,-1.6830541,-1.1169345,1.1505281,-0.59319043,1.6729017,1.1540712,-0.038864795,1.1029701,-1.0504125,0.7914665,-0.5000981,-1.2490679,0.04774162,1.1357061,-0.18823965,0.81114966,-0.49892482,-1.6912556,1.6913286,-1.9676667,0.42149377,0.6222238,1.0352904,-1.3628174
1993,0.9461429,-1.113626,-0.48649845,0.42668113,-1.3963009,0.06838637,0.21885715,-0.81971306,-0.8237576,-1.7963133,1.0659215,0.07824335,0.6070943,0.52752995,0.80893034,0.6687634,-1.695342,0.965066,0.59807765,-1.4695129,0.62926906,1.3655814,0.06029996,-0.054897137,1.5862886,0.2148994,1.14892,-1.4805102,-0.05542747,0.098668285,1.2828251,-1.5657356
1994,-0.43450686,0.19679447,-0.42370012,0.2599404,0.3837821,1.901129,-1.6423675,-0.8624691,-0.90429497,-0.046076797,0.44209394,0.42114967,1.8205402,-0.42076775,-0.5386561,0.4066712,-1.0335431,1.169067,-0.5063819,-1.3765181,-1.7989535,0.19308643,-1.1017942,-0.72969586,2.3604417,-1.0757242,1.315801,-0.59754413,-0.7459401,-0.36583892,0.29553774,0.9228873
1995,0.009137838,0.29757607,-0.4589965,0.44506526,0.777122,1.2209071,-0.06684763,-0.6479632,-1.0981551,0.40455386,0.70981276,-0.22802976,2.1452127,0.34072915,-1.8312583,0.6274942,-1.4259946,-0.9801897,-1.2721193,-1.7471843,-0.4415697,-0.34522873,-0.16086346,-1.0851774,1.4017134,-1.8287348,1.4614214,0.4184988,-0.7035045,-0.49588636,0.0030332983,1.1256615
1996,-0.6077212,0.4579558,-0.714179,0.12539618,0.38099793,1.5858433,-1.5885882,-0.8960336,-0.96940964,-0.23260832,0.23394392,0.26628906,2.0399477,-0.56797016,-0.36410576,0.6628317,-0.98600924,0.9755011,-0.7534627,-1.5951729,-1.3848032,-0.24943052,-0.9819754,-0.97991484,1.9324219,-0.9273655,1.9188576,-0.24578713,-0.63838875,-0.6503941,0.5061934,0.23417726
1997,0.5839914,-0.9943348,0.08268781,1.9696594,0.85402626,1.7145674,-2.0538037,-1.4867142,-0.10738647,0.08886529,0.2599239,-0.4170906,1.5101967,1.3204074,0.79615194,0.21412714,-0.47143096,1.3433131,0.070833854,-1.1165762,-1.6040174,0.5794527,-0.71533614,-0.76662743,1.8480849,0.0407128,-0.8528029,-0.29474774,-0.012483366,-0.30203474,0.07248954,-0.027217977
1998,-0.57146996,0.39622402,-0.3560663,-0.0003155946,0.31527174,1.911397,-1.7243779,-0.9221998,-0.94499606,-0.14342397,0.5053569,-0.15346809,2.2829587,-0.44345796,-0.089785784,0.48782027,-1.0827435,1.089858,-0.6952895,-1.6421437,-1.7627335,0.38642836,-0.9604827,-0.49570164,1.7456928,-0.87616664,1.2227935,-0.9345702,-0.3743092,-0.12654269,0.48810524,0.42539337
1999,-0.3513835,0.1521253,-0.13955602,0.1385562,0.54351074,1.1924219,0.0982389,-0.6221505,-0.9132604,0.1635952,1.1067492,-0.2608005,2.515273,0.038321715,-1.67293,0.5807092,-1.5036258,-0.19384602,-1.5284652,-2.053603,-1.027803,0.0619806,0.116241544,-0.64995563,0.770764,-1.3230702,1.7392787,-0.027263498,-0.2571614,-0.17658834,0.33956346,0.8847985
2000,-0.7299345,0.63758814,-0.669753,-0.056853358,0.30146617,1.683501,-1.6716967,-0.9589499,-0.9644292,-0.33466384,0.31886968,-0.31514356,2.4174063,-0.49893993,0.087450266,0.6930647,-1.0923328,0.81290925,-0.91329175,-1.7951207,-1.4314871,0.12696418,-0.80404514,-0.60422397,1.2923834,-0.7479309,1.682636,-0.78525966,-0.25546297,-0.27504987,0.57451695,-0.1549056
2001,0.3244251,-0.5926691,-0.25626785,1.2505918,0.7531718,1.7065015,-2.33266,-1.6172043,-0.12758432,-0.7962684,0.38577363,-0.7540156,2.0652487,0.97156435,0.81139374,0.48883975,-0.31391835,1.4477167,0.1786402,-1.6566671,-1.0989453,0.44906864,-0.98067033,-0.5577784,1.4732885,-0.16131322,-0.077540584,-0.5856814,0.2914736,-0.33022258,0.06577108,-0.28516427
2002,-0.83739924,0.6588061,-0.36727828,-0.85119075,0.07995706,1.5276818,-1.5505395,-0.5473224,-1.0972227,-0.81493795,0.73245347,-0.9932738,2.255515,-0.46641245,0.6780471,0.41812027,-0.5375135,0.100587286,-0.9781178,-1.7785562,-1.2029454,0.24226953,-1.0324137,-0.23805094,0.5042199,-0.64252293,1.6704772,-1.4824234,0.07097831,0.34549224,0.8264909,-0.8533141
2003,-1.319852,0.6301363,-0.051943373,0.25221866,0.15096836,0.44602385,0.1166542,-0.38585615,-0.7322203,0.3933148,1.4295624,-0.72442263,2.2645466,0.03517857,-0.50412387,0.4881438,-1.2913306,-0.55909705,-1.8185531,-2.0012002,-1.7483137,0.8402916,0.034173973,0.262203,-0.23723176,-1.165986,1.0252017,-0.9501341,-0.35432142,0.47304854,0.6012291,0.97255874
2004,-1.0007925,0.62842345,-0.56760746,-0.74617946,0.15081081,1.1821548,-1.4985676,-0.58905876,-1.3085339,-0.9083885,0.7024842,-0.9831866,2.0711393,-0.44867098,0.81594926,0.65709424,-0.4527616,-0.32783636,-0.8523014,-1.8636613,-0.860711,0.023237579,-0.95438415,-0.27932027,0.5858457,-0.7251011,1.8864076,-1.4934367,0.0350232,0.28983846,0.6909043,-0.9307624
2005,-0.05172302,0.075963415,0.35797676,0.33724046,0.6586119,1.0095408,-2.344781,-2.1881235,-0.39046293,-1.5259318,0.39338067,-1.4790956,1.4997094,0.8386482,1.3400643,0.6065975,-0.260384,0.7024018,0.15588954,-1.9419569,-0.027047312,0.39418298,-0.9159701,-0.32777438,0.6151502,-0.70496744,0.39112788,-0.8192325,0.5120382,0.19578102,0.9050967,-0.7167728
2006,-0.50694174,0.30588183,-0.48054606,-1.8736643,1.4618194,-1.3756441,0.029801099,0.6731177,0.21245645,0.16076922,1.0428272,0.75818276,-0.0988135,1.1440276,-0.04915336,0.75104845,-0.9825612,-0.16392586,-2.3697987,-0.6319874,1.0302953,-0.34324804,0.6638057,-0.91130185,0.36946425,-0.39581677,-1.335077,1.096896,1.2204385,-1.3006266,-1.590706,-1.4004545
2007,0.7678677,0.75287765,-1.0931484,0.692441,0.40879524,-0.14542906,-0.53290856,-1.9684055,-0.86535656,1.126262,-1.8993248,0.950208,-0.32827467,0.5368094,0.07292877,0.4689238,0.7157989,-1.411589,-0.43911654,0.12850529,1.7038671,0.3079266,0.8872116,-0.33408388,-0.0070535126,2.5630457,-0.48299348,-1.1547484,1.3684801,-1.3842226,-0.07829801,0.053812776
2008,0.1861149,0.43490225,0.6000241,1.8722966,1.2944876,-0.059878793,-1.8780835,-1.9513729,-0.6685869,-1.0021043,-0.11438749,-0.124803305,-0.7361318,1.1000236,1.5969057,-0.25652966,0.11133871,-0.81081283,0.31621322,-0.90166956,0.5942117,-0.21153793,0.77260226,-1.0471749,1.3390342,0.63119227,0.6920481,-0.8463244,-1.3536729,-0.2901401,0.64716554,2.2373052
2009,0.56445587,0.3772061,0.33911362,1.1957917,0.9214487,-0.34462306,-1.5215852,-2.4307823,-0.8506964,-0.84830844,-0.48898268,-0.69318706,-0.9574049,1.0066248,1.8648642,0.1709941,0.5057604,-1.155179,-0.43873623,-1.6975734,0.6139768,-0.8724622,0.4504296,-1.3978072,0.27668774,0.2632808,0.8305977,-1.0263773,-0.40421924,0.39624143,0.787352,0.8030503
2010,0.45706674,0.21550915,0.2343036,0.79574025,0.96973,-0.44433987,-1.6462122,-2.5429149,-0.7857362,-0.8843221,-0.6256029,-0.84786916,-0.650803,0.9836611,1.6887032,0.7477662,0.45294482,-1.1446507,-0.5963257,-2.031889,0.53827596,-0.63500196,0.08528454,-1.1174505,0.024338461,-0.01657127,0.9070594,-0.8981908,-0.1353634,0.40074167,0.9955263,0.26282552
2011,-0.1269346,0.6262149,0.17470182,0.21798256,-0.9816175,-0.6746609,0.15179163,-0.0070089595,-1.3486633,0.43682632,1.0163206,-0.83007437,2.1219854,-1.3373206,-1.1971097,0.15394422,-0.7715012,0.63265854,0.15571883,-2.3446364,0.10365254,1.191383,-1.135412,0.42695072,0.40457904,-0.7513084,0.5981069,0.8468262,-1.0181327,-0.76869744,0.77246475,-1.3873026
2012,-0.0798564,0.70607406,-0.08660648,0.5069688,-0.79121256,-0.9229285,0.09896873,-0.116029486,-1.376213,0.45345786,1.0391176,-0.7412386,2.2704718,-1.2641262,-1.1634444,0.24230364,-0.6925894,0.5161344,0.084681466,-2.2318118,0.0785004,1.3896679,-0.9461186,0.5598362,0.36229783,-0.975966,0.29067314,0.9653693,-0.8495926,-0.9433351,0.68601567,-1.4591756
2013,2.2315545,-1.0526664,-1.5596725,0.34500432,0.8166152,0.11900919,-0.6942454,-0.353275,-0.3609845,-0.61851394,-1.0304749,1.5493915,1.6047014,0.7586346,-2.0157938,1.3181725,0.31635308,1.5796299,1.2981156,-0.40826797,-0.6361627,-0.6359813,-0.4051431,-0.9275956,1.1986202,0.42774516,0.14477053,0.013349543,0.11036021,-0.51141137,-0.94586766,0.715413
2014,0.032608975,1.3839893,1.9222248,-0.09974586,-1.9051987,0.01521817,-0.05993398,0.67247015,-1.2627665,2.0859914,-0.2125307,0.6333692,-1.077847,-1.2762384,-1.5436383,-0.47145197,0.6635136,0.21424751,1.1305315,-0.27520853,0.07349452,-1.3561975,-0.06265767,0.4140469,0.069296435,1.5984535,-0.33410296,0.19418994,-2.2593029,0.7127207,0.614354,0.33316067
2015,2.2970958,-0.8964286,-1.4901261,1.1444538,0.48652104,-0.028047016,-1.0398198,-0.8587548,-0.7042005,0.096227825,-1.12916,1.433996,1.5850765,1.0121765,-1.7827094,0.79001796,0.61851925,1.4382936,0.9711047,-0.75684935,-0.9040313,-0.7170395,-0.22940122,-0.7830782,0.9956097,0.35393584,-0.5259358,-0.00026058502,0.17721297,-0.284051,-0.7574105,0.809763
2016,0.13287319,1.3596017,1.490008,0.057215367,-2.1149719,-0.23375367,-0.0054782536,0.6346197,-1.5309918,2.216273,-0.16608925,0.68856597,-0.79148924,-1.392196,-1.4358094,-0.4796549,0.93503994,0.16984424,0.97224224,-0.43356517,0.10175531,-1.2267091,0.031104276,0.4059642,-0.117225565,1.5306793,-0.8148324,0.2869638,-2.1399765,0.3824602,0.5707376,0.10967816
2017,1.7449837,0.63197404,-1.6307433,-0.45647132,0.79557693,0.04756782,-0.89589703,0.02614913,-0.9454525,-0.66099423,-1.2485573,0.27050987,2.3418355,1.2352386,-2.6795845,0.17506371,0.48436242,0.5434543,0.77156687,-0.58766186,-0.30465192,-0.26878902,-0.9984457,-0.3914807,0.3578014,-0.06243252,0.9528974,-0.18448353,-0.46298945,0.064362735,-1.9735165,0.03637079
2018,2.8029532,-0.5116216,-0.9174501,0.5324029,-0.21511519,-0.5712834,-0.73445,-0.59911835,-0.9632811,0.3606667,-1.4580991,1.4425182,1.0299596,0.6036981,-1.4628791,0.3068442,1.1753819,1.6622794,1.0202264,-0.29859605,-1.2488687,-0.862549,0.44077966,-0.7216746,0.1871482,1.7046773,-0.58969337,-0.10387974,0.5535357,0.26346886,-0.216333,0.29363614
2019,2.230482,-0.327765,-0.98906523,0.83535177,-0.24426028,-0.19086342,-0.92782694,-0.30776486,-1.1151208,1.381145,-1.0220475,0.7720505,0.7151653,1.6888968,-1.1679505,-0.8710876,0.79016834,1.5273961,0.42119873,-0.15775074,-1.8062336,-0.4855365,0.14640646,-0.3991435,0.30252406,1.4667091,-1.4433823,-0.23009488,0.11140824,1.3551472,-0.25770703,0.47846255
2020,2.086424,-0.23250325,-1.1697298,0.93925405,-0.09936732,-0.06827437,-1.0236559,-0.46222696,-1.3020766,1.4393047,-1.0152166,0.59908634,0.86288613,1.8807662,-1.2112375,-0.9957455,0.8611622,1.3748801,0.31164905,-0.3025311,-1.5796975,-0.5432419,-0.03054893,-0.37569702,0.40842876,1.1398823,-1.4451377,-0.14253445,-0.04209167,1.3502728,-0.29820326,0.34073186
2021,-0.6879092,2.4412315,-0.68966603,-0.5501276,0.14458717,-0.7538432,-1.365324,0.23598048,-0.82633066,-0.19553286,-1.3510942,-1.0071553,1.4874396,0.14035605,-1.4351821,-0.26385966,1.2895452,0.47710815,0.17989291,-0.133614,-0.21513893,0.043114703,-0.7310095,-0.13393807,-1.4405371,-0.8209759,2.1482623,0.93211466,-0.7479492,-0.49561837,-1.5791998,-1.1158566
2022,-0.95634735,2.9518743,-0.12115708,-0.61171186,-0.4602953,-0.8823021,-1.0924722,0.7120458,-0.6464291,0.6155868,-1.5107965,-0.52585644,1.1434015,0.043131933,0.19929752,-1.4560066,1.1361465,0.6758609,0.3309437,-0.13551296,-0.52083766,0.040223524,-0.8083064,-0.02595583,-0.81509095,-1.1582034,1.4218286,1.5841664,-0.7068407,0.23246175,-1.6617905,-0.36352697
2023,0.0033630216,-0.37614775,1.8114514,-0.96253896,-0.7603365,-0.53928274,-0.77990735,-0.9912779,-0.993032,0.9961517,-0.45137182,-0.3754965,-1.4654325,-0.117490344,0.7494014,-0.28220174,1.1038785,-0.8006094,1.4860733,1.1292367,1.145967,-1.3624895,0.32452267,-0.9453793,-0.38253295,-0.6517754,-0.79211783,0.0114042945,-1.8508389,0.5568742,2.2027562,-0.9388976
2024,0.13711919,1.4017881,1.5055151,-2.4950683,-0.63130385,-0.13629793,-0.7101933,0.38453823,-0.5970855,-0.59585464,-0.30086455,-0.71312505,-0.8853777,0.010020538,-1.103226,-0.30207,0.58618015,-1.2622488,0.6700019,1.1266968,-0.03882721,-0.28618583,-1.4693204,-1.2194711,-0.77482927,-1.8389381,1.9480413,0.40205064,-0.87946093,0.14768596,0.5775088,-0.5553162
2025,-0.71824837,1.0917017,1.2908562,0.7878745,-0.7877159,-1.1535139,-1.1203028,-0.7998119,-0.1821929,1.8113875,-1.0215361,0.9446472,0.95807946,-0.44881895,1.8785431,-1.2385526,1.3375685,-0.023958506,1.2861502,0.53324366,-0.076867916,-1.4511108,0.86655676,-0.119469926,-0.021450356,0.34056503,-1.6415025,0.5611688,-0.8729766,0.68121207,-1.3476685,-1.1717545
2026,-0.7986776,0.6560429,1.2515441,0.83067715,-0.54113746,-0.89006835,-0.902943,-1.0968021,0.20870544,1.4654723,-0.7643296,1.1234388,1.2124007,-0.71313566,2.1372828,-1.1104283,1.3405579,-0.39818847,1.5426358,0.56337935,0.041988734,-1.4693328,0.8603034,-0.26759386,0.26318714,0.7579868,-1.6971239,0.027882282,-0.38047335,0.5815532,-1.3801731,-1.4352154
2027,0.5154047,-0.6891291,0.65766114,-0.8045204,-1.7548294,-0.36243066,-0.9848141,0.5922619,1.2991443,-0.7540576,-0.34592423,-0.766258,1.1607543,-0.40763688,0.2271622,0.6093569,1.4247588,-0.07095006,1.5194145,1.2283075,0.039019834,-0.97522193,-0.71295196,-1.1482215,-2.2760503,-0.07604973,-0.8224134,0.7506962,-0.011027902,-1.0790367,-0.1337195,-2.6382024
2028,-0.16176967,-0.29060593,0.3404616,-0.7351354,-1.4258318,-0.7562989,-1.1560025,0.2304385,0.81996554,-0.51736945,-0.3799208,-1.0957211,1.2248073,-0.22086252,1.0033963,0.55596316,1.3103409,-0.5395597,1.5253487,1.1182301,0.6238444,-0.86034197,-1.0038078,-1.2884562,-1.8458085,0.16043039,-1.0404693,0.55908215,-0.26347682,-0.5392143,-0.560507,-3.1773818
2029,0.9851414,-0.675158,0.42497134,-0.7187671,-1.9205432,0.06564559,-1.1133354,0.5164542,1.3936586,-0.9096792,-0.5581628,-0.3445936,1.0194365,-0.6078043,-0.500683,0.7350192,1.6589309,0.3115643,1.369225,1.3923082,-0.63872504,-0.5146547,-0.77455556,-0.8784815,-2.2799337,-0.48639917,-0.81912696,0.81766605,-0.11165963,-1.2162251,-0.57468736,-1.8764817
2030,1.587464,-0.029901631,0.87451905,-0.3945837,-1.3215271,-1.2165803,-1.3670831,-0.3475515,1.105204,-1.0991703,-1.0440555,0.5020391,1.9002907,-0.6389575,-0.1722077,0.6576867,1.3204213,-0.44916835,1.3928493,0.34885916,-0.48113444,-0.38068187,0.025947342,-0.33953863,-1.8485845,-0.7334314,-0.9724271,1.1150815,0.6232794,-1.5996605,-1.0244176,-1.8145788
2031,-0.37578234,0.8293503,1.7431117,0.43871355,-0.7774107,0.13679464,-1.4085524,-0.92806995,0.26383287,0.91764563,-0.20212676,1.4701295,1.2085875,-1.2236707,1.1236368,-1.6175236,1.4534241,-0.5256457,1.5307094,0.3724347,-0.23680359,-1.3726139,1.0434331,0.2885075,-0.08749765,0.33416197,-1.6978985,-0.9527395,-0.8431478,-0.47100547,-1.5809438,-0.8158077
2032,0.38257432,0.9315368,1.3495371,-0.9021432,-0.5624936,-0.182939,-1.1245666,0.29649326,1.6665766,0.26783785,-0.6273961,1.1608534,2.0776355,-1.0752667,0.42783165,-0.41439524,1.1437988,-1.7154088,1.255965,0.87122214,-1.1223434,-0.2718798,-0.23817953,0.536438,-0.99634755,-0.31228444,-0.8064896,-0.034708254,0.38091314,-1.1436826,-1.4047154,-1.8690135
2033,-0.17711468,0.9488151,1.3447802,-0.10289927,-0.41433573,-0.2421517,-1.4544299,-0.52454615,1.3795859,0.89298207,-0.6591761,1.6241001,1.9447725,-1.6793101,0.7110168,-0.7833363,0.8870431,-1.0545793,1.5334945,0.3840814,-0.20166492,-0.53803384,0.9175828,0.87544745,-0.7650261,0.5236318,-1.5893128,-0.22334976,-0.3713264,-0.9678757,-1.1418432,-1.2637829
2034,0.015684575,1.0390007,1.483606,-0.25554553,-0.5927109,-0.38370183,-1.4395372,-0.54571456,1.1735144,0.86908066,-0.7973035,1.50859,1.69106,-1.5992545,0.5951254,-0.6404744,0.7290521,-0.9123202,1.5557045,0.5563578,-0.22468814,-0.49519908,1.0356834,0.9151049,-0.89747834,0.4753992,-1.8149381,-0.4192173,-0.59356135,-0.70906204,-1.4003478,-1.2031759
2035,1.6305153,1.1068132,1.2517395,-1.3129102,-1.2604074,-0.65430367,-0.58691883,0.15922742,0.85737765,-0.17846134,-0.69531435,0.34324807,0.888508,-0.75853276,-0.9351504,-0.084101506,0.6601443,-0.5912589,0.80918324,1.3943527,-0.65907246,0.47596717,0.43985322,0.27122062,-2.2865915,-0.624565,-1.3620313,0.32268465,-0.13386811,-1.1199738,-2.17037,-1.2044207
2036,0.22895262,0.7502159,2.016536,0.28831705,-0.6750996,-0.9481323,-1.1163725,-0.25540063,-2.0143597,1.4998492,-1.0945168,-0.6237844,-1.2112093,-0.9648648,-0.9432935,0.14184822,1.0093224,0.2551479,0.46152332,0.8929844,-0.12836778,-1.5991925,0.85899776,0.08117913,-1.0394404,0.5717903,-1.8346128,-0.13539654,-0.884086,-0.51245105,0.9676315,-1.1226954
2037,0.43418872,0.4524713,1.6555835,0.9279504,-0.5626565,-1.8250467,-1.0211521,-0.48303607,-1.4982324,0.83228785,0.04076384,-0.72792745,-0.1392784,-0.64963686,-1.0611844,-0.81598014,0.8023524,-0.02784956,0.86325955,1.2021095,-0.48761743,-1.3178532,1.4438297,0.39312723,-1.3085705,-0.20156823,-2.1890473,0.5971248,-0.37333688,-1.5225394,0.75063354,-1.2049358
2038,1.1649039,0.41547674,0.93475443,0.05832066,0.32826412,-2.122661,-0.1966451,0.78975874,-1.2162852,-0.4010033,1.1641133,-2.1718736,0.668246,-0.41218853,-1.9713999,-0.0057307687,0.25983405,-1.2857119,0.8128555,1.1880444,-0.39106354,-0.55309665,0.03005797,0.41467485,-1.4639075,-0.84885293,-0.98941463,0.70419204,0.19960786,-1.4897401,-0.207864,-1.4111215
2039,1.2869298,0.70272374,0.5120536,0.16305871,0.7378885,-2.059567,-0.22673248,0.97215295,-1.2208278,-0.2632793,1.2042345,-1.8674413,0.666777,-0.3361158,-2.4505506,-0.25552636,0.48254454,-1.3771344,0.81476897,1.0998485,-0.4252797,-0.72296727,0.017002644,0.41081053,-1.338577,-0.924642,-0.9058826,0.7050553,0.28446183,-1.4604088,-0.32171386,-0.9148412
2040,-0.108721435,0.98969847,0.33037427,-0.080744684,-1.7232078,-2.085042,-0.3275101,-1.3359828,-1.621087,0.87686664,-0.41008008,0.39045027,0.14373583,-1.6043127,-0.6310991,-0.55161226,1.2543404,0.40509346,1.622306,0.55231607,1.035734,0.092061624,0.9228127,0.034412794,-0.42989957,1.1635702,-2.136102,0.71933866,-1.3402418,-0.86868453,0.122456856,-0.32212546
2041,0.07456775,0.57960063,1.2946126,0.8189224,-0.77302456,-2.1589477,-0.7577833,-1.3545158,-0.7671624,0.115616485,-0.01713208,-0.61373556,-0.077591635,-1.4990838,-1.319899,-1.228992,0.52050257,0.8742799,1.6057733,1.2614138,0.7534335,-0.51955646,0.59135544,-0.00419815,-0.1480627,-0.11953075,-2.5980992,0.8477859,-0.5046514,-1.2121184,-0.42074665,0.2016011
2042,0.31111673,0.33871734,1.3912668,0.75316894,-0.10370257,-1.7336408,-0.5079878,-1.2090025,-0.62516755,0.1814782,-0.5813697,-0.6235344,-0.39335775,-0.9841506,-1.9014362,-0.8811242,0.81474763,0.7591863,1.6639636,1.4935027,1.3762962,-0.5563934,0.80859137,-0.20695007,-0.2976794,-0.3549303,-2.3324182,0.9538627,-0.12317512,-1.4970886,-0.41300586,0.29380634
2043,1.0114471,0.30359352,1.3837976,0.38037443,0.35299456,-1.4083992,-0.43263772,-0.98540175,-1.0717343,0.014341216,0.06529724,-0.34095943,-0.056202974,-1.465743,-1.1458266,-1.0611055,0.44708815,1.8678976,2.328618,1.1735595,1.4267845,-0.7215025,0.48423335,-0.5138271,0.2532023,-0.100930996,-1.7931479,-0.47318092,-0.4458358,-0.6212247,-0.42688924,1.4664788
2044,0.73491615,0.9438482,1.8105756,-0.51283425,-0.8066043,-0.40208313,-0.3120397,-0.073764525,-0.12518165,0.92303455,-0.35248157,0.16463745,-0.19406156,-1.1537277,-0.19599685,-1.6606189,1.0215656,0.28922582,1.3983884,1.1721836,0.12597862,-0.34339648,1.9341136,0.28126013,-1.6755954,0.789513,-2.5671685,-0.6705065,-1.3380191,-0.77064914,-0.7437174,-0.31334126
2045,1.2482237,1.3926585,1.7409451,0.26622865,0.4209117,-1.4100128,-0.07000714,1.2954136,-0.7157989,-0.43178383,1.0126765,-0.5588332,0.92885923,-1.2696964,-2.1722543,-0.9456347,-0.6469378,-0.45468956,0.9877115,0.38505554,-1.0253035,0.0008572923,-0.03844745,0.9218812,-1.1564912,-1.4877505,-0.61951697,0.026193082,-0.08447776,-1.8160645,-1.7243619,-0.012959382
2046,0.18883812,1.6572096,2.266128,0.6205819,0.03313976,-0.5482566,-0.68080217,0.79139537,-0.70240545,1.060557,0.41893503,0.51688737,0.16861738,-1.9534067,-1.0398113,-2.0127118,-0.33459988,0.8961862,1.4475533,0.44493946,-0.5197513,-0.751848,0.9150542,0.88994616,0.2672184,-0.31729522,-1.7245245,-0.9453162,-0.64393413,-0.31998557,-0.6703086,1.2565718
2047,-0.49500513,1.9764273,2.1915903,0.8765752,-0.06652546,-0.66313046,-0.8192605,0.8294568,-0.5507853,1.0790547,-0.009659792,0.51954454,0.38512516,-1.9358528,-1.2120937,-1.9442799,-0.55055076,0.5697375,1.2476536,0.62155485,-0.029491268,-0.70647645,0.71732044,1.107929,0.28491998,-0.9495808,-1.2998397,-0.57585454,-0.37374622,-0.30503243,-0.65648717,1.47063
2048,0.0969664,0.30358678,-0.5465243,-0.5838261,-0.5340824,-2.2895393,0.12831381,-0.95458704,-1.2326475,0.13737,0.57828736,0.5909253,0.725584,-0.18753943,-0.6291,0.3874405,-0.8185614,-0.18419267,0.4837482,-1.9060332,1.7752258,0.89224094,-0.23072995,-0.8251682,0.43527108,-0.42608342,-0.24532312,1.8181504,-1.8020773,-1.7227006,-0.55093974,-0.46973228
2049,0.74768627,0.033034272,0.66962403,0.027747551,-0.3684126,-0.7036324,-2.1916661,0.33909282,2.1832404,0.13311636,-0.4498673,0.6558634,1.3575867,-0.931586,-0.24272245,0.25773042,1.8800211,-1.2071657,1.5828805,1.0058025,-1.0885555,0.042246047,-0.8462681,0.67187333,-0.6629612,-1.2849702,-0.76697224,1.4741557,-0.23714913,-0.665858,-0.6220236,-1.1512401
2050,1.2718596,-0.124852866,0.089941494,0.2766423,0.77644074,-2.1232178,0.26231655,-0.046655472,-1.0346572,-1.2859476,0.68199044,-0.54732305,0.515969,-0.1189121,-2.5913973,0.66956365,-0.15268756,-0.8437803,1.1365044,0.5965512,0.09444273,0.24727772,-1.4530854,-0.25266042,-1.1614828,-1.4722966,-0.29197502,0.8944239,0.36262342,-1.6541694,-2.2791526,0.15337192
2051,-0.39641953,0.15658738,-0.29370013,0.15247893,-1.2762967,-0.25081354,0.41611665,0.4362233,-0.9988943,0.16772749,1.2316118,-0.5301642,2.4817448,-0.60120773,-1.0782689,0.28760964,-1.1920551,0.801087,-0.2069819,-2.208238,-0.27852923,1.7008497,-0.90703666,0.383237,0.51659775,-0.1959546,0.8179196,0.5078467,-1.270627,-0.660123,0.5546016,-1.4661131
2052,-0.3288516,0.11754035,-0.64859194,0.47897112,-1.1839446,-0.52460164,0.35013592,0.34159997,-0.9919101,0.1727528,1.3290482,-0.44909745,2.736624,-0.43517286,-0.8630546,0.4183951,-1.0091251,0.7886657,-0.3755015,-2.0514877,-0.358612,1.7738849,-0.7400679,0.33295226,0.54359174,-0.23151335,0.49524987,0.74790245,-1.1424655,-0.84198195,0.47721404,-1.6613691
2053,1.6306555,-1.2634085,-1.2221334,0.86645305,1.5000578,0.3644825,-0.70163524,-0.81697893,-0.19045812,-0.96827745,-0.6246176,1.5202965,1.5912167,1.0748869,-1.6246413,1.8497441,0.09893771,1.569085,1.1245099,-0.30643162,-0.5188287,-0.22551505,-0.32180712,-1.1037652,1.3767607,0.31984308,0.6309778,0.3403892,-0.019585812,-0.83412164,-0.40142626,0.5873197
2054,-0.6044644,0.6967229,1.298285,-1.0565994,-1.3280365,0.19441642,0.7799328,1.8399664,-1.6108668,0.1286547,0.6961867,-0.87553775,1.3100227,-1.0423954,-1.5451005,0.73746467,-0.44335073,0.61061776,0.8256062,-0.9572498,-0.548723,-0.28641692,-1.2534925,0.38727358,0.3950901,1.8049777,1.9889472,-0.33186078,-1.3299121,0.68609905,0.12345482,-0.34121025
2055,1.1322764,-1.0870299,-1.2102185,1.2902905,1.5669372,0.4907352,-0.5481208,-0.97730076,-0.05084923,-1.1019435,-0.27599666,1.3679377,1.6994017,1.3564398,-1.1910976,1.5415965,0.079507075,1.4765483,0.7731232,-0.3341047,-0.48039502,-0.46848106,-0.4465842,-1.3543606,1.7775385,0.41903904,0.97461367,0.70115906,-0.14821602,-0.8617211,-0.20533389,0.4582277
2056,0.34389362,0.71114767,0.7287716,0.1395447,-2.378043,0.1569043,0.6708477,1.6227244,-1.3190058,1.9801247,0.49260125,0.82253116,0.4864498,-0.89705443,-1.1716819,-0.48897174,1.0377729,1.1442424,0.20354044,0.010742734,-0.9223422,-0.9757603,0.5060217,0.27227688,0.09332485,2.4009652,-0.68019533,0.38935232,-1.93567,0.1858765,0.85874516,-0.55694157
2057,0.32158607,0.28412807,-0.5864216,0.3127684,1.3683094,0.65369457,-0.9466845,-0.15253623,-0.24878198,-1.653301,-0.19885808,-0.050437152,2.4427385,1.5594888,-1.6638838,0.45900056,0.24854036,1.434005,0.5071909,-0.41125086,-0.84059215,-0.1629846,-0.966465,-1.0994939,1.1526189,0.66187257,2.3896668,0.6094076,-0.56855667,-0.36694786,-0.8514499,-0.37450072
2058,2.453686,-0.57293266,-0.47855747,1.0801141,0.33952165,-0.09305596,-0.9499939,-1.1288508,-0.9754173,-0.10613173,-1.2330801,1.5054567,1.1321669,0.6980982,-1.0589948,0.6780108,1.1787618,2.002184,1.064563,-0.12871863,-1.3284781,-0.5125324,0.5519544,-0.9457276,0.52648044,1.6327565,-0.061930843,0.02361227,0.4542666,-0.027155163,0.4669746,0.1432515
2059,1.7115954,-0.46549615,-0.5349778,1.4744464,0.24354851,0.4487731,-1.1267686,-0.7608715,-1.1795573,1.1618012,-0.5567411,0.6497962,0.9612063,2.057659,-0.78764296,-0.60490286,0.655541,1.8176991,0.14200088,-0.19780847,-2.1525893,-0.034399766,0.1376456,-0.47496864,0.6125139,1.3730307,-1.0378408,0.037074927,0.16364624,1.1237462,0.42449272,0.2858433
2060,0.1319252,-0.6332351,-1.138412,0.53745586,1.4983515,1.3700209,-1.1549333,-0.7301081,-0.321702,-1.1829741,0.19572167,-0.11679948,2.2045658,2.0678506,-1.4242915,0.53547287,-0.11757696,1.4487209,0.44480935,-0.6173494,-0.58451915,0.2995742,-1.566974,-0.9021693,1.505547,0.15517205,1.4005189,0.40860105,-0.5000184,0.08344192,-0.39176834,-0.7968201
2061,-1.6983281,1.7723486,0.13971052,-0.39648163,-0.5655719,-0.497298,-0.8014689,1.0517747,-0.49381298,-0.7102307,-0.32985106,-0.9079622,1.5465373,0.16793014,-1.7908744,-0.78260106,1.1038272,1.4023044,-0.26509348,-0.4323377,-1.3031542,-0.24241991,-0.7837775,-0.5104468,-1.3331839,-0.052912313,1.9812634,1.0625585,-0.7042099,-0.6990756,-1.3610016,-0.9451535
2062,-1.5290605,1.8890289,0.65103066,-0.661439,-1.0877551,-0.8212614,-0.46263057,1.6530637,-0.9222768,0.535274,-0.7469075,-0.030326547,1.0328006,-0.55020046,-0.7807693,-2.044235,1.3850873,1.1947358,0.06687766,-0.9014762,-1.037519,-0.012762982,-0.22445066,0.21443762,-1.3989956,-0.46031317,0.9985428,1.5366099,-0.57128346,-0.14987732,-1.3971006,0.005366381
2063,-0.019455843,0.6812802,1.7189245,-1.9911464,-1.3730512,-0.4118678,-1.5383298,0.56953084,-0.5388411,-0.8396485,0.30330303,-1.1977707,-0.15789455,-0.6603056,-0.06005129,-0.56276304,0.71806514,-0.20882303,0.8209559,0.8610942,-0.3801303,-0.7148075,-1.294361,-1.2238302,-1.2890972,-1.6253268,1.6792674,0.42037007,-0.8890929,-0.7240223,0.9979624,-1.6146196
2064,-0.0679956,1.2594757,1.1137633,-2.3641238,-1.1102908,-0.10490814,-1.3022426,0.99039894,-0.81368065,-0.6049055,0.22195679,-0.60138065,-0.32616565,-0.63545436,-0.6807212,-0.5528064,0.6924746,0.29951748,0.36864197,0.6288476,-0.85562605,-0.7983215,-1.5170555,-1.1761891,-0.3745707,-1.3269541,2.4932559,0.7751392,-0.6332676,-0.0774404,1.063317,-0.73815656
2065,-2.0884962,1.1862627,1.5296144,-0.3173363,-1.1824304,-1.0786524,-1.2279344,1.5556748,0.6631613,0.12307891,-0.5109439,0.8537649,1.8321517,-0.4375445,1.1861931,-1.2038158,0.6217436,-0.16251667,1.275546,0.22706734,-1.129817,-0.56294996,-0.68615454,0.16807649,-0.58488685,-0.5853721,0.006321787,0.9501359,-0.6189979,-0.33169255,-1.5513682,-1.8505878
2066,-1.7802114,0.7339992,1.562136,-0.38429534,-1.1827899,-0.8291616,-0.9683816,1.2613612,1.1917444,-0.06656862,-0.30071136,1.0352237,2.0347295,-0.71945715,1.3616687,-1.0135044,0.42179573,-0.7598185,1.2438005,0.20754535,-1.1596653,-0.52970296,-0.60491043,0.03811756,-0.2889564,-0.39285803,-0.34318072,0.5720442,-0.07898569,-0.5626878,-1.5857779,-2.4447794
2067,-0.28092307,-0.28571412,0.8864758,-0.489624,-2.0618284,-0.19954145,-1.2980791,0.76822484,0.78285843,-0.47821665,-0.3497364,-0.68997306,1.2480333,-0.8566003,1.3087595,0.4070853,0.74081683,-0.23806405,1.2696551,0.81539476,-0.5493997,-0.83934087,-1.5336465,-0.9164948,-0.70423204,-0.57639885,-1.5943937,0.18327253,-0.35662052,-0.5171518,-0.0652791,-3.4790251
2068,-0.99692535,-1.0209905,1.1130658,0.7613263,-1.609313,0.5221646,-0.8925035,-0.33341917,-0.1816889,0.47758383,0.3179573,0.33044425,0.5020922,-0.68501323,1.6589118,-0.6085903,0.86143535,0.76829886,1.4619094,0.9032689,0.17333178,-1.7313519,-0.23319426,-0.91814506,0.30457464,1.2283128,-1.9472345,-0.4526917,-1.6433188,0.57422817,0.8488538,-2.241814
2069,-0.19631635,-0.31593874,0.39458686,0.06776784,-2.3585622,0.053594097,-1.323726,0.5417105,0.7698071,-0.953472,-0.13065554,-0.08314047,1.2097371,-1.0710806,1.2401237,-0.12595485,1.1225023,0.0030200563,1.2191764,0.75919175,-1.0639817,-0.6390792,-1.6173087,-0.80649143,-0.37537014,-0.9308428,-2.057645,-0.0029447225,-0.5622883,-0.55372536,-0.47442356,-2.7816072
2070,0.35659236,0.39881977,0.67608243,-0.07024598,-2.0201645,-1.0606229,-1.1834487,0.42876798,1.1225426,-1.3166392,-0.6034552,1.1754783,2.3678503,-1.0761937,1.0373108,-0.2940693,0.60848135,-0.6132657,1.1608945,-0.25301817,-1.275129,-0.04325305,-0.8220149,-0.06487073,-0.26948678,-0.86975014,-1.7038798,0.33706138,-0.28706124,-0.6788324,-1.1814628,-2.0259645
2071,-0.38927528,0.82077724,1.8370501,-0.89880884,-1.274066,-0.37105724,-1.3827187,0.8562886,1.3044046,-0.24191651,0.15491469,1.1357347,1.7985836,-0.9497034,0.7972314,-1.249194,0.7551778,-1.1698818,1.1687872,0.21876974,-1.3812882,-0.30328065,-0.8899333,0.33367532,-0.49729908,-0.4718428,-0.7826737,-0.21004105,0.20545825,-0.8971066,-1.4369909,-2.3632634
2072,-0.9996215,0.73070383,0.90407956,0.34038186,-1.0782833,0.61329067,-1.0320011,-0.09977379,0.94061846,0.831342,-0.23018508,1.7610512,2.036154,-1.8362172,1.1329923,-1.3265138,0.894758,-0.50630766,1.1015099,-0.122393705,-0.7544471,-1.054115,0.6513891,0.50694996,0.05322452,0.5581986,-1.6608808,-0.9652392,-0.48014006,-0.60928065,-1.0507103,-1.5271457
2073,-0.17154501,0.4309198,0.65903246,0.20272334,-0.55695045,-0.51658463,-2.2438576,0.60802776,2.2070568,-0.09894613,-0.3090875,0.8760966,1.7396367,-0.7709587,0.75903314,-0.27405334,1.1006595,-1.3234705,1.3823351,0.6347912,-1.02536,0.51772344,-1.4727141,0.75088537,-0.005892066,-1.3809282,-1.0279295,0.97615635,-0.6651784,-0.1886469,-0.365437,-1.7914232
2074,-0.1875381,1.7142614,1.6350267,-0.32868677,-0.67332435,-0.049232483,-1.3486527,0.835217,1.7622519,0.3836082,-1.0294036,1.4149791,1.895219,-1.1846399,0.2410697,-0.89726,0.2647258,-1.2088579,0.89390004,0.2475877,-0.86563545,0.103286214,-0.172081,0.8080567,-0.75244266,-0.6292185,-1.2371932,0.24759372,-0.21984546,-0.90190893,-1.0676794,-1.9110379
2075,-0.09796864,1.6006063,1.208547,0.18379836,-0.83353543,-0.04372102,-1.3746098,-0.05563759,1.0684147,0.9707962,-0.8285842,1.7168245,1.7145813,-1.5712582,0.6126371,-1.1644348,0.37661365,-0.7088093,0.7408621,-0.17958687,-0.58842474,-0.4348269,0.8885608,0.95182884,-0.3882302,0.07208341,-1.8623593,-0.66301703,-0.8700108,-0.58285147,-1.4295769,-1.4574242
2076,1.0986112,1.3560722,1.2766334,-0.058929585,-1.6674596,-0.24142812,-0.63041246,-0.31110683,0.12248537,0.95624447,-0.5754456,0.75836,0.75241137,-1.2367294,0.29314566,-1.1419383,0.35647807,-0.44700983,0.47043312,0.52702963,-0.21755739,-0.40527958,1.4328816,0.47728807,-1.1605245,-0.19853099,-2.7247038,-0.83856,-1.1473514,-0.46049148,-1.7854478,-1.5807525
2077,1.3757571,1.3953965,0.9031306,-0.33152202,0.13558348,-1.8471545,-0.09074515,2.2434497,-1.685336,0.049118258,0.14521441,-0.9615428,1.3183478,0.042426955,-1.6823765,0.41873828,0.7296244,0.10113652,-0.82307667,0.85858697,-1.2424808,-0.7564134,0.18289392,0.004889381,-1.7184318,0.35395,0.26146594,0.78340197,0.32558954,-1.3367146,-1.2137367,-0.82906806
2078,1.253122,0.51147056,0.7124421,0.28881988,-0.15435387,-2.5588915,-0.10642904,1.6192341,-1.236929,0.012004132,0.7901859,-1.6404692,1.3519214,0.10176913,-0.97104806,0.2231447,0.4054546,-0.53499585,-0.47995302,1.0166848,-1.1697135,-0.52947456,0.83864844,0.22172824,-1.6169006,-0.2135045,-0.8834968,1.1498604,0.3195373,-1.8340191,-0.60992086,-1.2864947
2079,1.2017266,0.76793426,0.4874524,-0.11518625,-0.11797603,-2.3942287,-0.014988458,1.7359966,-0.8572094,-0.08259899,1.3119764,-1.7984483,1.503301,-0.328507,-1.4571323,-0.2748241,0.77784663,-0.9786168,-0.1788083,1.2157364,-0.84013253,-0.5075105,0.40566942,0.32431325,-1.4458846,-0.31724074,-0.9616095,0.88300127,-0.32094535,-1.2875725,-0.6119479,-1.0635875
2080,1.222899,1.4479191,0.113742426,-0.49746263,0.05454968,-2.3456762,-0.024613526,1.8848554,-0.76115507,0.18315974,1.4424136,-1.5052489,1.2349328,-0.4345029,-1.7398479,-0.62587017,1.0817273,-0.99311435,-0.30476362,1.1239266,-0.87372845,-0.49629137,-0.023628674,0.1562281,-1.3846098,-0.3192371,-0.7011679,0.830511,-0.38169554,-0.9236127,-0.6579816,-0.76131696
2081,0.4243321,1.2486748,0.37580252,-0.31144166,-0.68267536,-3.4004707,0.30562493,0.7804584,-1.3852156,-0.48265368,0.5169863,-0.6711187,1.8338938,-0.93203956,-0.9129803,0.8236825,0.9224806,0.22421557,0.63217574,0.6492449,-0.76863474,1.2771288,0.58879954,0.16534166,-1.3261796,0.9269645,0.7679768,0.89796627,-0.70003337,-0.66902643,-1.0249102,-0.8027271
2082,-0.3328187,1.4103612,1.376631,0.765029,-1.2810323,-2.2494407,-1.0056334,-1.1837358,-0.6892819,0.12764922,0.07022649,-0.5330669,-0.22963595,-1.2058024,0.06931799,-1.1423887,0.9994355,1.5041987,1.1539512,1.4327903,-0.21241477,-0.18298708,1.2444742,0.13809384,-0.6203616,0.44528702,-1.7957745,0.8584949,-1.2266824,-0.3941097,0.3479101,-0.69451886
2083,-0.04550313,1.6508307,1.3209302,1.1100844,-0.75080055,-2.2476408,-0.9847112,-1.0769378,-0.7786767,0.5047412,-0.7140808,-0.7907173,-0.27344626,-0.98025024,-0.34991044,-1.1166108,0.9976521,1.1158874,0.9120058,1.2577215,0.72920424,-0.14733784,1.2409036,0.0786353,-0.7142761,-0.46731716,-2.1215997,0.8306842,-0.5972752,-1.0341004,-0.07701026,-0.45025066
2084,0.43941748,1.4733366,1.5014877,0.017809689,-0.8174009,-1.6183296,-1.3737082,-1.0010729,-1.5412024,0.26969102,0.17378871,-0.52968955,-0.021012018,-1.6948534,0.3344627,-1.2381094,1.1998415,2.262625,1.4523067,0.26117587,0.3690244,-0.46562776,0.1650977,-0.15451804,-0.39477748,-0.81395596,-1.4670612,-0.312701,-1.3694843,-0.32039025,0.48229304,0.60095936
2085,0.8870618,1.0625646,1.6020881,-0.046277065,-1.5844355,-0.42738593,-0.27765128,0.2723544,-0.33096042,1.1301118,-0.4461494,0.25561598,-0.19523841,-0.69648075,0.15725806,-1.8475181,0.65979207,-0.0074552177,0.5476146,0.65453595,9.652584e-05,-0.09441542,1.5612547,0.277245,-1.3912919,-0.17559904,-3.1076465,-0.777429,-1.328674,-0.87751406,-1.1653368,-0.99241596
2086,0.30817887,2.0654385,1.7262936,0.21879183,-0.8590975,-0.9809005,-0.6518533,0.8087089,-0.8530692,1.510127,0.24267742,0.5474225,-0.061422206,-1.520941,-0.4136813,-2.2942965,0.71480453,0.8491689,0.6198262,-0.034445558,-0.5188942,-0.47966513,1.2584555,0.8758991,-0.54098165,-0.44808546,-1.9634507,-0.96661115,-1.0189799,-0.541561,-0.40572968,0.625188
2087,1.175724,2.4243255,1.6513208,-0.44367898,-0.44713065,-1.4236169,-0.48847774,1.2599134,-0.9291812,-0.114279255,1.4272759,-0.99011457,0.96301174,-1.6076078,-1.1999754,-0.74155575,-0.45930958,-0.06663789,0.4976296,-0.35633636,-1.2427154,-0.3214114,-0.6125851,1.1189958,-0.8277859,-1.7033166,0.21808822,-0.3995052,-0.7050279,-0.5149276,-0.6175743,-0.40649238
2088,-0.19995037,2.454664,2.008537,0.37657925,-0.76092845,-0.58727455,-0.78996164,1.0274955,-0.467423,1.4962925,-0.10331346,0.7195748,0.14385915,-1.6186665,-0.9224033,-2.1479974,-0.18546693,0.6773299,0.8378253,0.19366135,-0.37035736,-0.65636873,0.89100564,1.1690863,0.08922738,-1.0356948,-1.1323394,-0.96612763,-0.73434097,0.027036494,-0.418561,1.1149375
2089,-0.45179853,0.1119061,-0.5620805,-0.095140934,-1.5731041,0.2911449,0.48631895,0.12878115,-0.541006,0.0131975785,1.0639602,-0.5375126,2.3971982,-0.3441987,-0.6711913,-0.035529505,-1.1618438,1.0437896,-0.2842532,-2.195342,-0.053538624,2.1486583,-0.79459286,0.30395642,-0.19717823,-0.5843952,0.9316567,-0.04863016,-1.1194304,-0.45320415,0.87039083,-1.5262333
2090,-0.50635386,-0.13702902,-0.88521165,0.25118303,-1.4799626,0.007903646,0.43049756,0.19953778,-0.59871763,-0.035583727,1.1896139,-0.39418373,2.6217892,-0.08398136,-0.57134175,0.29109427,-0.98938274,1.1126488,-0.3814186,-2.0311093,-0.29493496,2.2350008,-0.7831149,0.31575915,-0.036811385,-0.40109172,0.6631736,0.14314787,-1.1200991,-0.60957783,0.7389667,-1.614927
2091,0.8151795,-0.9985108,-1.1800711,0.7442752,1.6282092,0.5917437,-0.8322798,-0.6856641,-0.100695424,-1.0933552,-0.61611,1.5218705,1.8272457,0.92708784,-1.6870339,2.2255425,-0.11245197,1.9966856,0.9543304,-0.49810213,-0.95988387,0.30947235,-0.3476309,-0.6092314,0.41539276,0.07652467,1.0987314,-0.24280703,-0.018781906,-0.74363464,0.26664513,0.66557103
2092,-0.5110037,0.55555063,0.910791,-1.3913769,-1.7611572,0.45033842,0.93954563,1.7073772,-1.2853533,-0.12159087,0.7168051,-0.9265822,1.5557743,-0.9189222,-1.3871404,0.73945063,-0.6618331,0.7592948,0.68658924,-1.1267581,-0.5052156,0.42645225,-1.1863432,0.3456873,0.080239095,1.4238771,2.1502304,-0.6829726,-1.0130336,0.37962115,0.29539883,-0.587043
2093,0.20494142,-0.884565,-1.0759588,1.1643083,1.7339122,0.76517093,-0.63889617,-0.92733794,0.0049002385,-1.2519177,-0.060149126,1.2889246,2.037587,1.2174673,-1.0078825,1.9054658,-0.14267533,1.9261721,0.57125515,-0.55562645,-0.9303479,0.07631155,-0.44940495,-0.9225919,0.9357842,0.3087872,1.4435494,0.1720153,-0.021903878,-0.8635109,0.5661613,0.4795443
2094,-0.42661852,0.11526817,-0.035639565,-1.0544177,-1.969728,0.11886399,1.0362648,2.1447418,-1.3537288,-0.080162115,0.93955743,-0.72191745,2.1882944,-0.6891005,-1.0643029,0.8810259,-0.09041156,1.1415675,0.17350417,-1.0716187,-0.6744831,0.41285855,-0.88657355,0.016509924,0.039928563,1.8323989,1.6869513,-0.16381095,-1.1377592,-0.18717407,0.33123323,-0.84358275
2095,-1.0746047,1.062444,-0.20870624,-0.039988317,1.2946546,-0.15814921,-0.34511212,0.3527161,-0.07290604,-1.7573884,0.20712322,0.6041165,2.435214,0.827722,-1.3416567,0.06840667,0.29050362,1.5102811,-0.066529565,-0.50287,-2.0802486,0.49136811,-0.5481027,-0.34622654,0.4732961,0.5875043,2.695742,0.31955,-0.06690663,-0.28045648,-0.01463104,-0.42318818
2096,1.8733513,-0.36906648,-0.43832898,1.2393295,0.6317651,-0.062035628,-1.2207692,-1.2587019,-1.2595731,-0.014066152,-1.442913,1.4198639,1.2364228,0.7666492,-1.1959949,0.9068304,1.1518741,1.9693856,0.9925583,-0.34620026,-1.5245923,-0.024268935,0.6347513,-0.39464322,-0.21876399,1.3455205,0.09481848,-0.61920655,0.12640694,0.35513854,0.8547563,0.22260888
2097,0.80654377,-0.4993031,-0.25451642,1.4464674,0.34248054,0.60422707,-1.3091816,-0.6858126,-1.4301438,1.283611,-0.3883003,0.058080252,1.1800077,2.1257586,-0.65489966,-0.53154844,0.33124626,1.7198087,0.12357244,-0.54881,-2.2474728,0.4752127,0.044818424,0.10390244,-0.24412575,1.1540262,-0.9840713,-0.67564124,-0.0009023756,1.4652332,0.98244196,0.10266007
2098,0.15870221,-0.44852012,-0.061379973,1.9076784,0.7310896,1.0361209,-1.3369187,-1.0735673,-1.528251,1.0706052,0.055331383,-0.13353047,1.39052,2.2637122,-0.18331142,-0.32391056,0.12933488,1.5428392,-0.20639619,-0.6636216,-2.0667362,0.4800228,-0.24392797,-0.09486458,0.48712164,0.7433639,-0.3947038,-0.13275118,-0.0152168125,0.99455154,1.3338699,-0.1236413
2099,-1.7971977,1.748896,0.62047297,-0.68116754,-0.82178277,-1.201861,0.24894848,1.6499337,-0.34148532,-0.39966393,0.19792612,0.4881995,1.2867142,-0.70128626,-1.5268587,-1.2280952,0.656713,1.2116541,-0.7049234,-0.45333654,-2.2958858,0.5331333,0.35746774,0.17939816,-1.4558933,0.55831754,1.1140175,1.0218275,0.070760764,-0.9994821,-0.7460575,0.111541726
2100,-1.2743088,0.57321155,1.5701934,-0.2765478,-0.9155351,-0.77683127,-0.17592473,1.9259927,-1.2009673,0.6508902,-0.6656195,1.1234537,0.52431816,-0.6938573,-0.97661936,-2.4425642,1.2888739,1.2136467,0.057326265,-0.64604306,-1.5859054,0.15345906,0.48618492,0.63856065,-1.2176028,0.33505946,0.0991773,1.348553,-0.6378759,-0.6104138,-0.59487367,0.9802922
2101,-0.47704664,-0.6498855,1.8840433,-0.7701717,-0.9388568,-0.29226914,-0.8172097,-0.8489554,-1.0610902,1.1285344,0.1023413,-0.62314844,-1.0575168,-0.44277278,1.4223127,-0.17395633,0.65432817,-0.23941155,1.1723568,0.73600626,0.7455354,-1.4191725,0.5038254,-0.9293732,-0.40900618,0.31948903,-0.7159472,-0.5129996,-1.6406912,0.57887095,2.7861853,-1.258974
2102,-0.7009457,0.2923449,1.8749236,-1.1867654,-1.0527426,0.22097321,-0.44416046,-0.254443,-1.5124477,1.4967713,0.5393104,-0.54207003,-1.040011,-0.63399297,0.8570948,-0.6017018,0.6378786,0.24894758,0.5163216,0.8562146,-0.39479,-0.93116206,0.104336545,-0.72624904,0.29415286,0.5141557,0.13656801,-0.3900493,-1.3062911,1.2977482,3.1637187,-0.35096794
2103,-1.6521645,0.50721824,1.5848491,-0.98571557,-0.92739713,-1.2068913,-0.2043843,2.5510664,0.74310607,-0.19642916,-0.23120776,1.4780146,1.4966265,-0.8509024,0.17258525,-1.9814292,0.0070058787,-0.32636836,0.6542955,-0.33313966,-1.4135985,0.13194181,-0.41917893,0.5833013,-0.8776404,-0.04432245,0.16047,0.9545148,-0.63081205,-0.57058233,-1.2769828,-1.0658035
2104,-1.9004949,0.40573063,1.690378,-0.53688,-0.8330165,-0.48556376,-0.30489278,2.3012822,1.0844748,-0.4328132,-0.18148917,1.5828261,1.6814604,-0.73336273,0.5043661,-1.8706877,-0.3403767,-0.7796059,0.84807235,-0.25413224,-1.0538185,-0.12155215,-0.5848414,0.36121342,-0.28210375,-0.024896888,-0.058106195,0.44376415,-0.7947977,-0.48267168,-1.534621,-1.6000437
2105,-0.5635986,-0.08286545,1.2639606,-0.9239373,-1.6547635,-0.3637372,-0.898568,1.0159281,0.52050614,-0.5698675,0.025506696,-1.1383623,1.1324052,-0.855002,1.4834086,0.35578787,0.5191787,-0.98408407,1.4706542,0.490117,-0.14619768,-1.2626647,-1.3507973,-0.8551968,-0.5286884,-0.3851021,-0.6745364,-0.0801041,0.22889762,-0.44892207,0.23009676,-3.729583
2106,-1.3207672,0.19149873,1.248016,-0.8804776,-1.2852353,-0.49717185,-1.148338,0.94597346,0.49952376,-0.49523497,0.035150923,-1.2092946,1.1932038,-0.6673042,1.737714,0.19791792,0.3871518,-0.83115554,1.4918252,0.47670904,0.06614287,-1.1213369,-1.4904174,-0.794683,-0.40740982,-0.4069053,-0.42135814,0.0002598823,-0.14955221,-0.26591417,0.3465189,-3.63276
2107,-0.4669845,-0.6217761,0.9042993,-0.6219825,-1.9516934,-0.12928158,-0.7693387,0.6802055,0.5945034,-1.0006104,0.33600086,-0.86125827,1.2626965,-0.8498758,1.6535472,0.28553343,0.8705643,-1.0658495,1.563851,0.66720366,-0.613353,-1.0445833,-1.3764751,-0.8952002,-0.32629868,-0.5427647,-0.7898061,-0.001999635,-0.2053863,-0.6851647,-0.016771924,-3.4136572
2108,-0.7343465,0.9288407,0.6017221,0.07049892,-1.8388363,-0.14406031,-0.9191812,1.2305777,0.9465693,-1.4441022,-0.3733044,1.3237354,2.0880508,-0.6996429,1.0416543,-1.113173,-0.3935243,-0.71058804,0.3088079,-0.29990375,-1.5080678,0.32915068,-1.2934994,0.40901655,0.59311855,-0.96726197,-1.180417,-0.20719118,-1.3719438,0.30595896,-1.3392421,-1.6657859
2109,-1.3542616,0.3030767,1.9829196,0.62273484,-0.98910415,-0.066656336,-0.66956735,0.011863757,0.4756394,1.2542439,1.0109926,1.5513786,1.5266082,-1.1293225,1.7899548,-1.169196,0.49047565,-0.40364745,0.99078447,0.007896633,-1.2978934,-1.1882946,1.0786575,0.86868346,-0.114863604,0.96757686,-1.1157222,-1.1198531,-0.6133616,0.010161674,-0.62178177,-1.3339281
2110,-0.5784709,0.70032287,1.4008216,-0.3351057,-1.1586388,0.46052575,-0.938842,0.7593534,1.7770538,0.14849849,-0.021696534,1.4738731,2.4484556,-1.1987139,0.9504101,-1.0478228,0.5179371,-1.1053562,0.81905586,0.31933883,-1.3654367,-0.4790049,-0.52391905,0.7933142,-0.8453692,-0.38792893,-0.623365,-0.008622858,0.0027250322,-0.8699605,-0.8412887,-2.316044
2111,-0.74576944,0.08318225,-0.4810733,1.0251364,-0.86446697,0.55563134,-2.0015092,-0.6758562,1.6987948,0.47924766,0.43172875,1.9338706,2.2250392,-1.073225,1.19586,-0.76207715,1.7425234,-0.5776845,0.9639253,0.0232403,-0.16431314,-0.14773706,-0.6406281,0.79822725,0.13057522,-0.4170655,-1.0662702,0.19013457,-0.9146475,0.22054213,-0.2845586,-1.7222778
2112,-0.4937762,1.5756223,1.6674496,-0.027971689,-0.6565392,0.23841657,-1.1744906,1.0129547,2.1267002,0.30278552,-0.94694453,1.5384892,2.0098162,-1.0251088,0.49357313,-1.1664982,-0.023125216,-0.8547291,0.617635,0.019985843,-0.79049414,0.016662238,-0.34524915,0.57634234,-0.6347921,-0.5345488,-0.8973852,0.32724214,-0.41027582,-0.83689994,-0.8821894,-2.1941125
2113,-0.2473782,1.5858353,1.2456901,0.593858,-0.69500524,0.21034619,-1.1524606,0.09952795,1.4006588,0.91502666,-0.90657127,1.9753978,1.7389432,-1.26232,0.6883406,-1.5463488,0.19222772,-0.48594013,0.4245466,-0.29054564,-0.46490955,-0.49735117,0.7975359,0.7348322,-0.246839,0.03150718,-1.5962349,-0.5019131,-1.1092167,-0.4788626,-1.3482556,-1.6022154
2114,1.2414585,1.4583265,1.5234114,-0.56198186,-1.151405,-0.61272186,-0.34739724,1.0731817,0.8072742,-0.061280992,-0.4909788,0.7844143,1.2988228,-0.118163384,-0.3863278,-0.88016534,0.29858318,-0.85002834,-0.10591798,0.92048883,-1.047289,0.04375442,0.3188035,0.4671321,-1.6818209,-0.90950364,-1.4481467,0.19321972,-0.66430753,-0.9953606,-2.4360514,-2.0456653
2115,1.5168382,1.0634388,-0.022699926,-0.15056024,-0.1477439,-1.5464371,-0.021460257,2.9860744,-0.98101795,-0.0798632,0.66028094,-0.37809527,2.0555966,0.5779638,-1.2994589,0.41045868,0.41804025,0.4135838,-0.65638006,1.312035,-1.5057315,-0.40761906,0.18474251,0.17967087,-0.71026695,0.7840229,0.4198301,0.545125,-0.5675295,-0.3491192,-1.5229437,-0.64660126
2116,1.0944313,1.4261987,-0.5623224,0.4082598,-0.80088216,-1.9658769,-0.028776914,2.574738,-0.731222,0.09282664,1.1488719,-0.17005296,1.5825186,0.15881795,-0.8487076,-0.12542138,0.370968,0.08799216,-1.274384,0.8058926,-2.3417902,0.19323623,1.0847937,0.13406661,-0.9311222,0.5012291,0.04913757,0.70624954,-0.6625481,-0.7738332,-0.97192985,-0.5863269
2117,0.5550623,1.7579751,0.113714375,-1.0475454,-0.849871,-1.9483805,-0.26012012,2.3161473,-0.3262809,0.0124277035,1.786132,-0.0050681457,1.5822566,-0.43089506,-1.2268624,-0.68791014,0.5350841,0.18211986,-0.97963583,0.69121146,-1.9076688,-0.03424614,0.48506707,0.36511564,-1.4428821,0.043273278,0.0018204608,0.5562792,-1.116976,-0.6651103,-0.8645637,-0.032300126
2118,0.40553254,2.252002,0.08844994,-1.0574378,-0.86383003,-1.7962697,-0.5089126,1.8089975,-0.40150797,0.031099824,1.7989726,-0.038897693,1.6000751,-0.8198637,-1.3342342,-1.0093104,0.78967243,0.48538765,-1.0717313,0.16659427,-1.7074938,-0.3637205,0.06927335,0.11242616,-1.274614,-0.10353145,0.35850656,0.25279763,-1.3926332,-0.34886852,-0.8595066,0.14467964
2119,0.2798618,1.0631791,0.07388559,-0.25199127,-0.7460222,-3.1830392,0.1600104,0.8623707,-1.4492017,-0.680768,0.22305824,-0.37747124,1.7893653,-0.50539726,-0.66636866,1.1947703,0.95360035,0.23602732,0.64991504,0.6632804,-0.95351017,1.7896849,0.28548872,0.24365929,-1.4975929,0.68337446,1.0930996,0.5953433,-0.73891383,-0.6958307,-1.0612351,-0.90014553
2120,0.056160215,1.8684319,1.6079143,-0.09950722,-0.75818527,-2.2231987,-0.4677368,0.5193388,-0.44311234,-1.0056618,0.35196802,-1.141299,0.5799855,-0.37579417,-0.95142365,0.56984913,0.14520349,0.47201338,0.58339465,1.763284,-0.9654533,0.53227997,0.36087093,0.27410033,-2.052665,-0.23610492,-0.26297462,1.5867321,-0.07342443,-0.9534964,-1.0398991,-1.452313
2121,-0.10880746,1.9894477,1.685377,1.0662571,-0.88463056,-1.6487974,-1.0312623,-0.7638667,-0.7526527,0.37777075,-0.6688204,-0.33573174,-0.37715682,-0.52149546,-0.2485965,-1.1782615,1.3386657,1.5568694,0.7997485,1.4796836,0.14067358,-0.16060132,1.6613829,0.024572581,-1.2128756,-0.23005438,-1.6323739,0.5089998,-0.5992639,-0.7202948,0.09566573,-0.6608681
2122,0.11144307,1.7900729,2.0973291,0.31897745,-0.93586725,-1.209716,-1.4426763,-0.8516751,-1.5968603,0.42503905,0.21494132,-0.63524556,-0.1565016,-1.2411838,0.50143445,-1.0408692,1.1004349,2.2194512,1.1298436,0.5876034,-0.29005265,-0.08694379,0.2951566,-0.1711809,-0.74110204,-1.0338383,-1.311348,-0.60512495,-1.3274442,-0.20758729,0.62637556,0.46821648
2123,0.74688804,1.3822876,1.6688179,0.402932,-1.5886519,-0.39089152,-0.6850237,0.25844273,-0.5293355,0.87984896,-0.09169228,0.35544926,0.1846791,-0.5171042,0.23982456,-1.7543335,0.7714464,0.3746776,0.32902712,0.67661595,-0.44303787,-0.28741232,1.4292294,0.51308745,-1.6620632,-0.32866532,-2.8775635,-0.91781443,-1.3752214,-0.69935393,-1.1627089,-1.0514834
2124,1.0475368,2.3130608,1.3674308,-0.83633256,-0.8122158,-1.6762904,-0.3488084,1.493799,-0.8617563,0.019347323,1.3059578,-0.92764187,0.6982558,-1.2991015,-0.93383986,-0.65119153,0.18217537,-0.13794336,-0.18334904,0.069054484,-1.2360898,0.016613506,-0.53917015,0.75722283,-1.8276986,-1.6263752,-0.2764457,-0.3748337,-1.0087564,-0.93505156,-0.8030133,-1.0500906
2125,0.32684973,2.5109906,1.8615797,-0.14835972,-1.1019971,-0.532191,-0.94735265,0.69380844,-0.81508034,1.2635106,0.7173283,0.38884282,-0.23507918,-1.655368,-0.24867004,-2.0460145,0.6538381,1.0069474,0.51097125,-0.2660613,-1.0276536,-0.6597669,0.9165596,0.8595527,-0.40969017,-0.7653438,-1.0746828,-1.1241406,-1.226585,0.06989801,0.37979427,0.4991348
2126,0.67664945,2.682325,2.2100937,-0.50260276,-0.3833959,-1.1860852,-0.25450405,1.6289139,-0.6601437,-0.09673705,1.3542193,-0.96189237,0.87748367,-1.2570857,-1.3598363,-1.0539404,-0.77276564,-0.12507112,0.66675425,0.22604309,-0.90086055,-0.40678325,0.09233935,1.0148495,-0.93728316,-1.5624729,0.35719404,-0.28041932,-0.60008675,-0.53914404,-0.48069006,-0.46213725
2127,-0.43667784,0.47809651,0.020277653,1.8089585,-2.0744338,0.08793933,-0.13299546,-0.8648459,-0.21653678,0.410703,0.86246336,0.08779269,1.1727774,0.63656116,-0.32474062,-1.3679607,-0.5095005,2.0263062,0.59921074,-1.8646878,-0.5359831,1.3377783,0.22269201,0.71833056,-0.543851,-0.8787336,0.38926712,-0.75427467,-1.2233652,-0.123212785,1.5095267,-0.3875761
2128,-0.67895544,0.0033542574,-1.0767345,0.2959272,-1.6783342,-0.26416263,0.40706155,-0.32718915,-0.18107407,-0.32361263,0.92296386,-0.5623011,1.8416655,0.32009053,-0.16696161,-0.27549806,-0.5492871,1.7854831,0.24371046,-2.1224756,0.028726019,2.2438023,-0.86544305,0.30446333,-0.58407784,-0.7546278,1.0926584,-0.6718011,-0.9004225,-0.39068195,1.165263,-1.0889299
2129,-1.3607953,-0.88096607,-0.6677793,0.6779856,2.1275096,0.28647813,-1.4267638,0.47431076,-0.11865415,-0.657452,-0.49318352,0.9343731,0.8747123,1.2145784,-0.5472554,1.865097,-0.34943214,1.5409746,0.5027477,-0.935114,-1.178375,0.24879648,-0.62271863,0.4220308,-1.0180489,-0.44566008,0.86730117,-0.98331434,-0.2905801,-0.51576215,2.1888907,0.7125767
2130,-0.3038852,0.7458742,0.16090885,-1.4377846,-2.4890463,0.11876001,0.94267726,1.3477582,-0.53253335,-0.30483508,1.1460699,-1.2134423,1.583938,-0.7710226,-1.0563247,0.5210486,-0.6768915,1.2325426,0.324861,-1.3912379,-0.26835418,0.66418976,-0.48630458,0.31563267,-0.522385,0.86394864,2.16574,-0.8854835,-0.45514274,-0.11016817,0.7313881,-0.66805047
2131,-1.2088583,-0.16518085,-0.2762225,2.0642018,1.5374917,0.09952898,-1.3174341,-0.9820936,-0.49704075,-0.421264,-0.35949922,0.7002037,1.2485565,0.96483535,0.05698264,1.6950668,-0.20499589,0.9048347,-0.0835361,-1.0422431,-1.6314564,0.8571938,-0.42112607,0.32804462,-0.42545483,-0.45713997,1.2228428,-0.9161169,-0.37128666,-0.22157328,2.0899494,0.95934504
2132,0.2916734,0.8986939,0.18384248,0.40125355,-2.9574451,-0.5175667,-0.0326014,1.1088357,-1.0648553,1.83422,0.40657103,0.75228053,-0.15819961,-0.6247584,-0.49367833,-0.4744273,1.5734211,1.9358263,0.21669772,-0.21126324,-0.930754,-0.25874138,0.93643755,0.5779876,-0.7989636,1.8819952,-0.1722252,-0.11070954,-1.0228455,-0.3775515,1.6939054,-0.12572972
2133,-1.6898311,1.6577187,0.35079947,1.1917263,0.24542166,-0.45052907,-1.0960057,-0.5198007,-1.5652859,0.7811228,-0.14036842,0.47887772,1.1217521,0.07469711,0.94964653,-0.6090977,0.83957374,1.0378498,-0.7464749,-0.677424,-2.554005,0.57820797,-0.023332385,0.8536289,-0.36028,-0.18337132,0.8562817,-0.8182255,-0.4430814,0.3948929,1.8364334,0.44769546
2134,-1.1905469,-0.27843112,-0.6612419,-0.32423633,2.1757672,-0.043459978,-1.1433843,1.5870312,-0.13825373,-0.77153134,-0.61512494,0.53929,0.89906555,1.0234861,-0.7757545,1.6554801,0.038471382,0.9814547,0.6256423,-0.28955114,-1.676835,0.57587075,-0.81443304,0.4983737,-1.6390817,-0.07364307,1.4106712,-1.2830236,-0.1389504,-0.7383496,1.9877379,0.117014065
2135,-0.41461053,-0.18962246,-0.13412988,1.4745635,0.3716611,-0.3713486,-1.535918,-0.023229128,-1.466521,1.7007762,-0.5255881,-0.22184986,0.3767892,1.7294991,-0.036647487,-0.82233095,0.15156348,0.31320632,-0.3182948,-1.1573346,-2.081321,0.38099682,-0.1347916,0.9420649,-1.1228431,0.178352,-1.034875,-1.4225361,-0.5587881,1.3307989,1.4833524,0.40141904
2136,-0.8058431,0.2210724,-0.19641662,1.6504712,0.2729353,-0.22856893,-1.4494458,-0.61356544,-1.6991621,1.5550401,-0.16312613,-0.15381964,0.71048087,1.4282596,0.35816044,-0.73173726,0.25180745,0.5336626,-0.7628659,-1.3188338,-2.1707244,0.5190427,-0.25194758,0.9041492,-0.7956077,-0.18662722,-0.5912418,-1.2215133,-0.45928475,1.0444026,1.5492347,0.42515528
2137,-1.4319389,2.4772294,1.1355807,0.19389853,-0.9534659,-1.4646916,-0.5801134,0.73805326,-1.294765,0.79064405,-0.41879386,1.0201252,0.17274097,-0.81939524,-0.18101513,-1.9572769,1.3629704,1.0143899,-0.4964266,-0.025958875,-1.8045292,-0.25360933,1.1364623,0.5605415,-1.0531741,0.11699183,0.08714127,0.5982729,-0.27646083,-0.68894064,0.18532659,0.9200927
2138,-1.1566981,1.3330263,1.2864361,-0.891435,-0.7372415,-1.45145,0.4355021,2.1847441,-0.14587106,-0.20191038,-0.1379945,0.872766,0.5774851,-0.87878287,-1.5440792,-2.4323742,0.44090855,0.19907257,-0.19774778,-0.34424952,-1.6163774,0.20179383,0.32599536,0.3940882,-1.1183177,0.096589066,0.48396754,1.0890583,-0.27137056,-1.1264364,-1.5014286,1.1675477
2139,0.2640107,0.17446958,1.7982925,-1.6878089,-0.93570936,-0.6327049,-1.196498,0.6185107,-0.7129278,-0.558583,0.56686294,-2.019776,-0.2130742,-0.6905983,0.95172393,-0.40319335,0.28203762,-0.622742,1.1067398,0.6134971,0.2756073,-1.1033337,-0.876381,-1.0181482,-1.3311908,-0.8516586,1.4191658,-0.4224364,-0.39261815,-0.35409516,1.3951019,-2.2702954
2140,0.06826366,1.0976231,1.605589,-2.1397622,-0.74888,0.061941296,-0.98654854,1.0168804,-0.9069368,-0.62699825,0.39902002,-1.4391116,-0.38270137,-0.592055,0.22862706,-0.48871675,0.33000058,-0.6329663,0.8137621,0.6261205,-0.15490374,-1.0689169,-1.4524604,-0.8879422,-0.8279279,-0.6352163,2.2440436,-0.93152016,-0.3141217,0.70572275,0.91944265,-1.7460431
2141,-1.6984485,1.2229267,2.1072233,-0.6033478,-0.61756617,-0.5763156,-0.32348266,2.305969,0.17423022,-0.5500761,-0.4882781,1.0793043,0.8552081,-0.76637644,-0.7172648,-2.5752373,-0.31618395,-0.821097,0.49095836,-0.25168353,-0.711784,0.04268731,-0.53428787,0.7102872,-0.92234856,-0.54315495,0.4146249,1.1513407,-0.33650878,-0.9217899,-1.3515403,-0.71475744
2142,-2.000576,0.65276736,2.3310301,0.07578886,-0.30564198,0.40210608,-0.33888382,2.1433887,-0.49511656,0.14129803,-1.1151146,1.2221217,0.7027575,-1.2421771,-0.27895114,-2.604746,0.15955229,-0.65624636,0.9092003,-0.4489186,0.21517587,-0.71416974,-0.16417052,0.25458568,0.010929329,0.6055618,0.096570075,0.75764513,-1.0188825,-0.54656136,-0.98710424,-0.9971111
2143,-0.3681037,-0.6618188,1.5275289,-0.8100741,-0.5434002,-0.56860155,-0.49682653,0.5886372,0.38353077,-0.29442453,-0.04211542,-1.6035509,0.26525107,0.21751764,2.2671962,0.49409154,0.58922213,-1.6531847,1.2212759,0.6999912,0.20811318,-1.4144237,-1.1002467,-0.6557043,-0.5804274,-0.90923804,0.6401727,0.36221826,-0.15081008,-0.74669814,1.2812803,-3.1034133
2144,-0.8338095,-0.028947271,1.5566528,-0.6986644,-0.5836445,-0.9592865,-0.9051735,1.1389495,0.25341263,-0.20735535,-0.07911112,-1.6359397,0.13968092,-0.061392114,2.1306481,0.0044971956,0.34777158,-1.2098055,1.4379296,0.34984735,0.40464643,-1.2518526,-1.2409507,-0.61754316,-0.5677317,-0.48028857,0.47436246,0.2441179,0.066273,-0.40075216,1.3821579,-3.3822577
2145,-0.24113865,-1.3239682,1.1950355,-0.6097604,-0.6000008,-0.30677694,-0.104049444,-0.12112354,0.3218448,-0.40659922,0.251639,-1.3074887,0.4620534,0.5607166,2.2993479,0.8781239,1.1398019,-1.6956038,0.87923795,1.0431005,-0.16801192,-1.3835646,-1.0521574,-0.39236605,-0.41934857,-1.5456854,1.0111258,0.9780616,-0.74235547,-1.0582435,0.7799893,-2.4260523
2146,-0.56117666,0.6942297,1.5505483,0.03384361,-0.21951833,0.6329735,0.19895299,1.169202,0.14309593,-1.5245535,-1.0245783,1.2433599,1.3058835,0.04728983,-0.35682806,-1.7020864,-0.6893603,-2.4430876,-0.25615397,-0.41761982,-0.57319975,0.09399901,-1.2491997,0.77798337,0.20549259,-1.5016475,0.14060533,0.5677445,-1.6708654,-0.2373308,-1.7404181,-0.1338125
2147,0.63497126,0.13866264,1.9731892,-0.16542348,-0.17399082,-0.9655915,-0.54339874,0.5947418,1.3037431,0.13202363,0.6045623,1.5271082,2.1383536,-0.09313919,0.9457353,-0.44695437,1.6036628,-0.42076978,0.7581181,0.63080883,-0.9006911,-1.3193347,-0.31560534,0.7949036,-1.7709634,-0.48699656,1.2270188,1.1519146,0.1988797,-0.87488097,-0.31972286,-2.0599544
2148,-0.14067222,0.033516735,2.0857294,0.5111546,-0.158028,0.241027,-0.7337894,0.36060676,1.9418552,0.1076895,-0.02006553,1.5092802,2.1881108,-0.037213154,1.3108181,-0.6595886,0.687807,-1.0554719,0.7083695,0.74212015,-0.8747755,-0.94254065,-0.6526436,0.9638155,-1.2497799,-0.7423543,0.7008877,1.0533658,-0.39608282,-1.0378462,-0.07165754,-2.2585764
2149,-0.10245512,0.32870692,0.7575392,-0.017776143,-0.3315074,-0.3415961,-1.4298862,0.49081412,2.1305943,0.24756587,0.1908993,0.42701143,1.8414105,-0.2277846,0.987064,-0.39787525,0.82242566,-1.1394258,0.36818248,0.26903695,0.027940387,0.122485444,-1.9280003,0.9212475,-0.37136132,-1.9239161,0.3336771,2.395467,-0.4125097,0.009244714,0.8691342,-2.2693665
2150,-1.3082922,0.5942375,1.8160313,1.3117751,0.13408548,0.6453812,-0.97935206,0.5400755,2.0353837,0.5987173,-0.43074957,1.9195156,1.5419277,-0.8991422,1.2423791,-1.7008528,0.34318212,0.027639715,0.87635136,-0.26278585,0.3190928,-0.82744944,-0.39425138,0.5255059,-0.11113236,0.43016297,-0.1669236,0.18531413,-0.9217295,-0.71253353,0.070617534,-2.1113524
2151,-1.1083665,0.82134354,1.7330652,1.494683,0.061922368,0.56705844,-1.2135853,0.29934743,1.8444908,0.4650431,-0.5632856,1.951123,1.575084,-0.8380761,1.061056,-1.7342678,0.55472535,0.13103469,0.73037165,-0.15812263,0.44121435,-0.8399927,-0.3103397,0.47631043,-0.3318461,0.32233647,-0.40866947,0.022288715,-1.1169852,-0.8167506,-0.26696387,-2.1276128
2152,-0.24452375,1.5937151,1.668747,1.7046163,-0.6400641,0.050485313,-1.6518968,0.15338819,0.32204673,0.2957317,-0.7464418,1.3343111,0.97988445,-0.3580961,0.15941705,-1.4609565,1.425315,0.98707056,0.17390642,0.5457813,0.12790136,-1.2039673,0.30177853,0.54043347,-1.5223887,-0.34704247,-1.4832649,-0.34195742,-1.4222144,-0.89936936,-0.9785122,-1.5744964
2153,1.3725015,2.0272608,-0.0013329552,0.6127922,-1.3595688,-0.8887119,-1.2404828,1.8462558,-1.4507644,1.1859522,-0.074724324,1.0543522,0.55209583,0.12032824,0.43212384,-0.81995475,1.0915227,1.1485008,-0.23779115,1.395242,-0.9559834,-0.62260824,1.2506126,0.031039363,-0.3073912,0.97611207,-0.25276443,-0.20526166,-1.554215,0.39393094,0.54578054,-0.3709806
2154,1.3146381,2.203883,-0.38600436,0.36617148,-1.2303258,-1.2762798,-1.0007805,1.8493648,-0.5759217,-0.3540437,0.64895153,0.80932504,2.0027375,-0.0170242,-0.6124412,-0.5399188,-0.516362,0.653187,-1.1083645,0.55427694,-2.3678553,0.60252875,0.17859729,-0.15721455,-0.79710937,-0.19786385,0.90791786,0.76004416,-0.8351634,-0.45620412,-0.8686278,-0.2924694
2155,0.68224406,2.3411412,0.13756655,-0.43514267,-0.9826796,-1.1439104,-0.9449346,1.8152181,-0.26039323,-0.6673713,0.8552438,0.48140717,1.9911344,-0.15744235,-1.3362669,-0.5366491,0.056864135,0.39132532,-1.0748206,0.6014595,-1.9142224,0.45665383,-0.03321631,0.12643161,-1.9369102,-0.1298091,1.0237188,0.68264323,-0.98690313,-0.07708407,-1.2700834,0.28171998
2156,0.5978005,2.4075096,0.09102512,-0.85586,-0.84682333,-1.315958,-0.8833649,1.5224574,-0.24023637,-0.47334388,1.2337837,0.3691811,1.6268938,-0.56307,-1.6721009,-0.68899643,0.53580564,0.6334351,-1.218706,0.34725067,-1.5663724,0.059859388,0.12998118,-0.12329826,-1.8947618,0.2671313,1.262637,0.40619206,-1.0931973,0.1151136,-1.2025534,0.5002798
2157,-0.14415795,1.2640175,-0.23172224,-0.17424926,-1.0691211,-2.28424,-0.012848882,0.5964347,-1.3451633,-1.0278883,0.14785914,-0.32777768,1.6414824,0.20347714,-0.2347649,1.6188693,1.1871649,0.40167943,0.074908055,0.12516212,-1.1303438,1.8817836,-0.2620782,0.4263638,-1.9237599,0.20624484,1.183261,0.30832988,0.32854807,-0.99251336,-0.584785,-2.1829555
2158,0.095674455,1.5591089,1.8689001,0.35483447,-0.74741036,-1.2505217,-0.44219282,0.18018442,-0.6674363,-1.4903181,-0.051494252,-0.7519053,0.66373026,0.2074726,-0.23391432,1.0703591,0.6473383,0.6788856,0.023288788,1.794732,-1.0180109,-0.11051259,0.49711078,-0.24700478,-2.114865,-0.47551987,-0.11544386,1.0326303,0.5580838,-0.9553064,-0.7338308,-2.5904477
2159,-0.3453814,1.8133276,2.2473142,1.3258793,-0.9231143,-0.61686105,-0.8821542,-0.5508281,-0.86461,0.47345936,-0.7294399,0.1587213,-0.3638511,-0.2063117,0.25226128,-0.48405027,1.5713154,1.6446106,0.08255804,1.5361557,-0.6447156,-0.4072776,1.7579322,-0.43448082,-1.3525355,-0.2021211,-1.290634,-0.18445209,0.062180385,-0.40537262,0.5884061,-1.2080387
2160,-0.2254702,1.7570109,2.4526458,0.9525812,-1.113872,-0.6542079,-1.2060893,-0.76387495,-1.5334992,1.1170934,-0.6487501,-0.35348383,-0.46363986,-0.53175026,0.6906689,-0.15260433,1.5919983,1.3868903,0.052156944,0.810946,-0.6537015,0.019769574,1.2973739,-0.67008364,-0.9484811,-1.2597283,-1.5572498,-0.73632365,-0.049347486,-0.36749786,0.7189023,-0.030269004
2161,0.087708175,1.6431018,1.2893509,1.2905252,-1.0843831,-0.2304738,-1.4496889,-0.20232332,-0.645582,0.35289028,-0.19872233,0.28319377,0.4606715,-0.05817999,-0.12019639,-1.4975607,1.876394,1.3908492,-0.22228397,0.5801834,-0.053385276,-0.7807329,0.8394461,0.26628602,-2.3892157,-0.70201355,-1.9872198,-0.4396201,-1.2649175,-1.0630548,-1.0517427,-0.3871879
2162,0.23185782,2.235388,1.191623,-0.15988658,-1.7546335,-0.6089924,-0.8334433,-0.3089273,-0.91125804,1.2553226,0.44372323,0.26308006,-0.18518561,-1.2683532,-0.3882489,-1.0788529,1.9716495,1.2095988,-0.493754,0.24570146,0.3018968,-0.8806636,1.7138145,-0.013393242,-1.644696,-0.38109687,-1.6382388,-0.71528924,-0.6389381,-0.5413918,0.71464777,-0.4650118
2163,0.31678274,2.5375793,1.6241014,-0.14235632,-1.4450729,-0.29622582,-1.001256,-0.0888244,-0.7891651,1.513992,0.45573577,0.25156406,-0.14081714,-1.5967746,-0.33047044,-1.0794909,1.5255376,1.2810311,-0.3439496,0.09895265,-0.07490481,-1.0305152,1.6583314,-0.050939254,-1.0845908,-0.582191,-1.3067802,-0.98192805,-0.5468385,-0.23930831,0.9214363,-0.0428048
2164,-0.091835715,2.3273087,2.412689,0.2566516,-0.9526899,-0.5679777,-0.7564987,0.25568417,-0.7516601,1.3970222,0.58807915,0.06217665,0.120820284,-1.3150251,-0.2344058,-1.6039546,0.94348925,0.97892594,0.3043061,0.34747067,-0.067516536,-1.0298977,2.2706292,0.06244457,-0.9355567,-0.7141811,-1.2087742,-0.6679657,-0.60268295,-0.15378618,0.8753608,0.23755339
2165,-0.58283466,0.21497145,-0.6078558,1.5566953,-0.09108708,-0.25581688,-0.9941604,2.6151557,-2.0777519,2.0826488,-1.0061123,0.091816224,0.54915094,0.5521563,0.08436805,0.45466033,0.8325301,-0.38499644,0.1250546,-0.98740196,-0.67069495,-0.10261454,0.71973014,0.37273675,0.6385365,0.5243384,-0.08300372,-1.6251204,-0.89959,0.068829834,0.015878743,1.5587852
2166,1.1000996,2.5141773,0.69456804,-0.5165783,-0.62723035,-0.12356577,-0.79389095,1.7739964,-0.7762512,-0.7371554,-0.63864917,-0.6191031,-0.399454,-0.23080847,-0.20758486,0.16851932,-0.17512755,-0.75941545,-0.67419946,0.39147782,-1.9295002,1.8058044,0.30926633,0.13517478,0.040307276,0.7968433,0.8443185,-2.0907319,-0.59154093,-1.1273594,-0.7888356,1.1697592
2167,0.7117752,0.009310667,1.4931983,-0.11949859,-0.68625706,-0.25096777,0.36937383,2.5680497,0.3344045,0.34763005,-0.4777127,-0.5936884,0.020640135,1.2077471,-1.9410455,-1.4014481,0.65033954,0.18333364,-0.44364512,0.78821224,-1.5430095,1.4294871,0.06549742,-0.5702172,-0.34623727,-0.4242731,0.7232876,0.71033084,-0.59146935,-0.44203195,-2.171526,1.7818319
2168,1.81606,1.4590443,-0.2363239,-1.1408762,-0.87570214,-1.3920574,-1.2178788,1.6941236,-0.44846183,0.43305075,-1.8979173,-0.28648624,0.47551265,0.07002698,-1.3994772,1.2881976,0.6071863,-1.1490686,0.102030136,-0.258361,-0.1891223,0.54123354,0.21334991,-0.3318312,-0.2246656,-1.4337789,0.21419287,-0.32830843,0.380924,-2.3918731,-1.0443,0.32199115
2169,1.9939594,1.1504514,0.26998368,-0.960335,-1.419363,-0.7700041,0.088486426,1.7087257,-0.29288948,-0.022118898,-0.37084028,-0.10749401,-0.99273646,0.16000386,-1.0547304,0.9198755,-0.10358047,-0.44399816,-0.078749776,1.0257176,-1.2102133,0.3740809,0.5924,-0.23346302,-1.0802528,1.8162903,-0.44290206,-0.30440348,1.5503619,-2.8173442,-0.98766834,0.3831151
2170,1.7714498,1.3775382,0.5300265,-1.6526593,-1.6003551,-1.5577462,-1.149909,1.3487357,0.020055622,0.9015354,-0.5004485,-0.43598083,0.47858146,0.22946666,-1.427217,0.42574325,0.5932511,-0.5365917,-0.19303393,0.4565031,-2.52096,0.8560735,-0.54687166,-0.20076862,-0.679489,-0.6679255,-0.044362914,0.7632249,1.1116464,-0.85653704,-1.0708829,-0.13865699
2171,1.0733743,1.4750613,-0.52074105,-1.517943,-1.4915379,-1.1200768,-1.23598,0.43355414,-0.55673903,0.49847755,0.16123779,-0.18915012,1.6017776,0.38643414,-0.99493504,1.2239617,0.4518441,-0.37995338,0.13773276,-0.9706767,-2.7329478,0.9882396,-0.8912805,0.5551316,0.018846525,-1.4235104,0.4588869,-0.04317042,1.460728,-0.53860444,-0.20927587,0.12656927
2172,-0.19433942,0.94272614,-0.059453435,1.0645452,1.1623607,-1.0957106,-0.5309767,-0.11441762,-0.96589357,1.1940157,-1.6601256,1.1362532,-0.17742528,1.6382114,0.50528806,-0.29960155,1.4540378,-0.6977275,-0.26662922,-0.7687477,0.8752002,-0.83596003,2.155895,-0.7018802,1.0391341,-1.2548769,-0.5312715,-0.17029583,1.0210886,-1.1946583,-1.0542483,0.4863789
2173,0.95331854,1.3445631,-0.68557733,-0.67464066,-1.4739046,-0.659136,-0.08243885,-0.20771989,-0.63997734,0.18145858,-0.85843205,-0.19943891,-0.9324429,-0.77206546,-0.29476008,0.96485007,0.10427829,-1.5699008,-0.32005385,0.18722829,-0.16880645,1.2487425,-0.9004719,-0.7762802,-0.32507586,1.6111832,-0.639726,-0.06600736,1.6905475,-3.6477294,-0.3208557,-0.03583255
2174,1.6384977,1.32732,-0.08926367,0.18819125,0.6518225,-1.0833791,-2.0269341,-0.17481826,-0.5007797,-1.7945796,-0.036921706,-1.1746382,-0.38756573,1.3421625,-0.23239538,0.83115876,0.49024376,-1.4039452,-0.27616036,0.20840046,0.36050445,1.6990579,-1.0077899,-0.3914844,0.5764739,0.29969043,1.2371243,-0.32590514,-1.2509527,-0.8420794,-1.4448276,1.0923958
2175,-0.6112089,0.75811446,0.73920023,0.8642377,0.8408716,-0.5472944,-0.86658496,0.9690454,-1.75646,-0.0188734,-0.05913839,-0.013162479,-0.97156507,0.61956096,1.2117801,-1.4073632,0.9501178,-0.77909994,1.2990757,0.7541936,0.26858568,0.33225012,1.203415,0.18261759,1.8607789,1.1178601,-0.3188946,-2.5138705,-1.3471332,-0.8995243,0.20740746,1.433138
2176,-0.764352,0.6801038,-0.26481044,0.29182184,-0.7206921,-0.87439513,-0.28585663,2.838002,-1.0718609,0.5659889,-0.20685028,-1.333431,0.3941347,1.2279637,-0.11281692,0.670068,0.23032545,-2.0357163,-0.56948537,-0.74220794,-0.34819838,1.5738935,-0.27231288,-0.3705402,1.2000158,-0.95464844,0.21496315,-0.39210737,-1.1884172,-0.61043316,-1.8690411,0.6373201
2177,-0.9973254,0.14888637,0.40933862,1.1588364,0.35468784,-0.39751288,-1.1747885,1.1121341,-1.37539,1.8482962,-0.88675725,0.107803315,0.70397097,1.5369623,1.3390045,-1.0143874,1.4686389,-0.5492265,0.8538719,-0.4378923,0.13005446,-0.17319122,1.5620333,0.45787543,0.7590915,-0.19003932,-1.0203252,-1.3793547,-1.6187786,-0.102774,-0.14857095,1.6862097
2178,0.47525322,0.12934782,0.6143725,-0.17506829,-0.005131198,-1.3328516,-0.8931545,2.0233376,0.19206765,-0.024722684,-0.67574793,-1.208287,1.9991078,1.9834031,-0.0718386,-0.23164615,0.3804716,-1.4415413,0.1787523,0.33300632,-1.0694073,1.2841971,-0.23019788,-0.5450827,-0.023328796,-0.84234506,0.62669873,0.25111577,-0.7574376,-1.2875252,-2.3887036,0.59310216
2179,1.9730666,1.2827973,-0.90405124,-1.0893521,-1.989662,-1.2348588,-0.3478842,-0.012837113,-0.892919,0.07747852,-0.7934521,-0.024778638,-0.74624723,-0.6952474,-0.20556241,0.8084519,0.19262542,-0.77062947,-0.64663535,-0.0271537,-0.7294534,0.9220076,0.48065376,-0.4327399,-0.96187145,1.4977285,-0.4877116,-0.39294794,1.9612973,-2.809564,-0.30658183,-0.38193476
2180,1.5088868,0.34735164,-0.43328267,0.14481182,0.8446234,-1.0532954,-1.8482542,-0.5051955,-0.59255433,-2.1270378,0.32082802,-1.2589239,0.39167786,1.5922259,-0.4055601,1.3180786,0.4269727,-1.3094025,-0.19138229,-0.48484093,0.8841337,1.3743203,-1.1310532,-0.050802223,0.84326863,0.13685602,1.3655832,-0.37515673,-0.88457096,-0.6542828,-1.3643861,0.23613125
2181,-0.44573078,1.255167,1.4959469,0.35558653,-0.088550754,1.0643278,-0.72975266,-0.37511927,0.49909443,0.80504,0.6753198,0.74308455,-0.65433955,0.32355347,-0.5819178,-2.783123,0.7295241,-0.45935372,0.45136213,1.6524141,0.6190434,0.37223768,-0.19733848,0.023794862,0.005821188,-0.39353308,0.45957115,0.58251685,-2.1099226,-0.07874703,-0.86187226,2.5669165
2182,-1.4489222,0.48993224,1.6003069,1.3511755,0.914792,0.25337604,-1.0252596,1.4107906,-0.22984307,-0.1626733,-0.70829946,0.24980581,-0.15135598,1.0433707,0.8791456,-1.5951775,0.5071857,-0.09190301,1.9776062,1.3394552,0.52295035,0.2811764,1.7972682,0.74399436,-0.39463595,0.6806749,0.23148696,-1.3576293,-1.5241507,-0.6586862,0.85082173,0.4363241
2183,1.058394,1.9946717,0.43120185,-0.59922296,-0.8179894,-0.32985073,-1.0286504,0.20111793,-1.1589955,-1.4681398,-0.31988797,-0.84672874,-0.9218473,0.9018519,-0.21418025,0.04587432,-0.056371566,-1.6822999,-0.6015579,0.49620876,-0.08682584,2.2210164,-0.5302964,0.096851505,0.7004663,0.09352337,1.0587395,-1.7096832,-1.1435666,-0.06927879,-1.5296754,1.0276543
2184,0.8978886,1.8035444,0.6036358,-0.4141579,-0.49392366,-1.0898094,-0.41991088,1.7507445,-0.6638523,-1.0234102,-0.7622694,-0.65080315,-0.23335364,1.0013602,-0.3056817,-0.74099034,-0.067062035,-1.866733,0.003895566,0.9023306,-0.6686228,1.677616,1.004543,0.32438272,-0.45904174,0.6624682,0.4020753,-1.3239394,0.32120374,-2.0250247,-1.694709,0.20622762
2185,0.86309063,1.9104356,0.18163516,-0.1017979,-0.33633175,-0.1828677,-0.52355367,1.3414104,-0.5913694,-0.23449741,-0.89048266,-0.3912471,0.31559807,0.5662476,-0.75213134,-0.64091265,-0.15647459,-2.132205,-0.60044616,0.68958056,-0.70061827,1.1250259,0.43137532,0.1236205,-0.94592416,1.4131635,0.2107642,-1.1307155,0.9306741,-2.7366755,-1.8706895,0.71951574
2186,1.0478522,1.1678216,-1.1871054,-0.7241148,-1.2580271,0.42895922,-0.33766502,-0.7259138,-1.0095173,0.30202654,-1.1365595,-0.44862673,-0.27988493,-0.5619548,-0.47077858,0.66521245,0.19358638,-2.1278718,-0.7620113,0.15391465,0.24947932,0.702453,-1.1857256,-0.6084194,-1.0903646,2.1046982,-0.31624377,-0.9131321,2.0569177,-2.2305007,-0.40597174,-0.7540458
2187,1.3471166,1.1224233,-1.0393999,-0.8576255,-1.0244454,0.38802645,-0.094518684,-0.4014749,-0.59710276,0.49155003,-1.1270437,-0.3127672,-0.10622936,-0.7374022,-0.7659278,0.30412328,0.45911634,-1.862889,-1.1006801,-0.0017700033,0.078287415,0.7140297,-1.0618376,-0.6480162,-1.7622509,1.6847813,-0.20531143,-0.7002823,2.329322,-2.263423,-0.7917552,-0.674313
2188,1.4626257,1.128353,-0.667555,-0.98874104,-1.5356365,0.24206051,-0.30851838,-0.45123047,-0.5238047,0.29465014,-1.0815685,-0.534047,-0.420775,-0.85259503,-0.5535256,0.27090722,0.45542634,-1.4432026,-1.4895402,-0.05256886,-0.07401441,1.184051,-1.2123903,-0.83795774,-2.0609033,0.6528214,-0.60801333,-0.3472899,2.065517,-2.1287973,-0.56328124,-1.1435235
2189,0.25460926,1.1150823,-0.19112429,0.47915247,0.6427745,-0.5284917,0.06831243,-1.376692,-0.9914819,0.5025999,-1.5284123,1.2503186,-0.82889897,0.16860208,0.14812204,0.19530997,1.458301,-0.7685063,-0.7223071,-1.2034433,1.4965386,0.1358534,2.2053938,-0.89163315,-0.21008351,0.6478171,-0.52821404,-1.0141143,1.5195965,-1.9328319,-0.07896366,0.5171235
2190,-0.41638294,-0.44554564,0.30148605,-0.09616217,-0.02263433,-0.93595177,-2.1897092,-1.9969803,-1.3265048,-1.3640264,-0.24000381,1.128667,-0.20325868,-0.23273025,-0.30402076,1.6431878,-0.068630956,-0.1369632,-1.2050632,-1.5685477,0.26495498,1.7093956,-0.6953745,-0.19256873,0.045115538,0.004176946,0.27392823,-0.580079,1.5449303,-1.7933166,0.32451043,0.38897437
2191,0.050737057,-0.046531707,-0.797905,0.54434633,-0.06106351,-0.47881868,-0.9463263,-2.6399357,-1.7557657,-0.018242693,-0.9591192,0.9193084,0.08362937,-0.72499907,0.7054957,0.64124906,1.0581855,-0.66709256,-1.2051798,-1.4105673,0.9694716,0.8031328,0.031346355,-0.6576819,-0.04018524,0.9522685,-0.26489443,-1.4647858,1.7818145,-1.6290053,0.08835309,-0.07956048
2192,0.06786504,-0.640154,0.74251086,0.99833834,-0.3814452,-1.5372715,-3.175409,-1.3707024,-1.0353575,-1.1216365,0.10275244,0.39665857,0.21920715,-0.052140072,-1.0071579,1.3904905,-0.17401372,-0.14602612,-0.74109346,-0.6675804,-0.6722127,1.8779913,-1.7536695,0.8965574,0.0611006,-0.959736,0.34557557,-0.20039108,0.7741945,-0.9358297,0.25704333,0.9375345
2193,1.4317553,-0.24672318,-0.06834404,0.53136724,-0.47095856,-0.69229615,-2.0312974,-1.1740057,-1.403019,-0.51937157,-0.9003201,0.011655814,0.7788544,0.15540044,-0.8068099,0.9018121,0.56837255,-0.9076247,-1.6555969,-0.13442361,-0.29965308,1.6107181,-1.5244358,0.4196607,-1.3780413,-0.5767642,0.049804874,-1.1723237,1.556518,-1.3935374,-1.7041941,0.3089365
2194,1.7600294,0.1903981,0.35225677,0.33972007,0.41495582,-0.1043621,-1.5671126,-1.5521178,-0.7705364,-0.060835548,-1.3571637,0.055427834,0.59670424,0.5165929,-2.0697982,0.6496675,0.3938435,-0.59385115,-1.6025318,-0.16493328,0.23772626,1.0674771,-1.3066918,0.462204,-1.2844981,0.697358,0.77070963,-1.2321774,1.4839534,-0.64301634,-2.09385,0.23671876
2195,2.2064135,0.24947326,-1.0874296,-0.13360617,0.29593053,-1.0941105,0.12956625,-0.3223903,-0.9413299,0.6103752,-1.5755827,0.41692322,0.09462907,0.4966018,-1.5566778,0.5222887,0.27013597,-1.3098336,-1.4578629,-0.35304627,0.9593442,0.9442925,-0.5324852,0.2643164,0.0863639,0.7825083,-0.22097254,-0.81107235,2.1604123,-1.2510942,-1.8747431,-0.84207714
2196,2.312037,0.7766948,-1.1137341,-0.20275818,0.7065523,-1.4502969,0.08886051,-0.18150501,-0.8607371,0.53429484,-1.5150198,0.30406728,-0.5444057,0.48017725,-1.5541166,0.36880502,0.29349965,-1.2769969,-1.2640189,-0.040249452,1.2330928,1.2042383,-0.6177916,0.53342,0.4579905,0.28875056,-0.018350272,-0.7827331,2.081298,-0.84931755,-1.074919,-1.4976479
2197,-0.41719165,1.0585623,1.3046949,0.5276101,0.9139485,0.36295366,-2.39914,-2.0518203,-1.0819958,0.07154679,-0.50005364,0.42843097,-0.84640104,0.12752979,-0.92105263,-1.160587,0.7922602,-0.8347809,0.9814761,-0.18485364,1.9526359,-0.75321734,-0.26436,1.5609266,0.92451805,0.1439185,0.8721612,-0.38317382,-0.5617575,-1.3858908,0.6340869,0.8801208
2198,-0.5680387,0.26412556,0.39328778,1.5369575,1.27448,-0.15365815,0.21981181,-0.032328114,-1.0822791,0.8218161,-0.6979753,1.5507637,-0.98885965,0.86964154,-0.13215949,-0.6496918,0.94346756,-0.3813446,0.036921922,1.5071012,-0.08085689,-0.22649823,-0.16828144,0.56410426,2.768277,-2.2132947,1.6435057,-0.8066822,-0.49571908,-0.4442481,0.634185,-0.8041219
2199,-0.7879712,0.09427626,0.790712,-0.8895685,0.48387194,-0.3514526,-1.4274404,-0.40929973,-0.51924986,-0.9125491,-0.8633975,0.52753305,-0.5065999,0.009899592,-1.4706264,-0.6778097,-0.14959915,-0.5057619,0.81746894,-0.25224,0.7727479,0.6836629,-1.2653677,2.275636,1.2363222,-0.33679712,2.1933699,0.97141814,-0.321388,-1.8719158,-1.2402654,1.028595
2200,-0.29358163,-0.13802621,0.33300555,0.51383597,1.3562545,-0.78190523,0.3789699,-0.043553732,-0.25838003,-1.3439437,-0.43768576,1.7341642,0.9004518,0.91946083,-0.049232297,-0.093530394,-0.5404132,-1.6015342,0.23223902,0.94010925,-0.53389394,0.30222917,-1.277307,0.9528473,1.9478104,-2.1366708,2.3596952,-0.12133989,-0.9321136,-0.44636852,-0.3624938,1.1569735
2201,2.765597,0.21120623,-0.113089465,-0.9408188,0.98690987,-0.915711,-1.9861808,-0.31845447,0.016440611,-1.3378278,0.76007164,-0.015917256,0.6654686,2.0428934,-0.97613066,1.3148984,0.5011061,0.66767204,-0.22059691,-0.65171653,0.60222626,0.19247176,-0.019832252,-0.042698424,0.8348615,1.1325662,0.1378817,0.45375305,0.10462207,-1.481781,-1.2907228,-0.052556816
2202,3.300346,-0.073813215,-0.010624344,-0.33868828,-0.035552323,-0.29346716,-0.9341658,-0.31095883,0.01434338,-1.2780861,0.59804434,-0.116897255,1.679385,1.0072182,-1.7170026,0.7250851,1.4160905,0.6875978,-0.12912765,-1.0979067,-0.2539283,0.53086114,-0.89663345,0.48395133,0.94788927,-0.09745421,0.47804698,0.10454567,0.94836617,-0.9483738,-1.1456232,-0.8000687
2203,-0.49019742,-0.89493614,-0.40387625,0.78388035,0.03859717,-1.886818,-2.2050233,-0.8178351,-1.379043,-1.1962395,0.9541573,0.16677065,0.69671106,-0.5598372,-0.2969871,1.4140644,-0.54901975,-0.62636846,-0.19098157,-0.88609505,0.10091163,1.2896161,-1.3113755,1.0085714,1.0982602,-1.7197571,1.1137406,-0.05893169,0.534144,-0.30486777,1.2669996,1.3774337
2204,1.3762578,-1.6058143,-1.3272374,0.67349845,0.070206456,-1.6438392,-0.7832566,0.75718385,-1.2747121,0.56496483,-0.66490775,0.59230673,0.74245465,0.32083288,-2.498726,0.9035166,-0.20756204,-0.5968018,-0.68921196,-0.08340456,0.87571025,0.91875905,-0.39514124,0.8445158,1.1106284,-0.4325924,1.19503,-0.11140423,1.530499,-1.9500524,-0.7514904,-0.12357865
2205,1.8071445,-0.13941306,-0.825988,0.23287007,1.4586717,-1.1158743,-0.81905264,-0.2755984,-0.97601193,0.8246159,-1.4800951,0.74609965,-0.15351117,1.2887394,-1.8097204,1.0968955,0.0120987985,-1.2590586,-1.0864099,-0.8986254,1.198688,0.26580077,-0.567415,0.6151035,0.7738115,1.240034,0.110741735,-0.5940331,1.5708798,-0.9454038,-1.2556303,0.08260993
2206,1.227468,0.19126245,-0.292151,1.9551525,1.6881135,-0.9197379,-0.83690226,-0.76021403,-1.1109395,1.1602566,-1.6131566,0.7249957,-1.0009992,1.032892,-1.3079427,0.23601513,0.92995346,-0.10603534,-0.1658773,-0.50886023,1.4597677,-0.03212928,1.1186843,0.43901715,1.8528612,0.4436435,0.57991743,-0.53011066,0.943328,-0.9824706,-0.06984078,-0.98490196
2207,1.0059631,0.47597882,0.1988333,0.52949816,1.3801181,-0.270587,-2.3383172,-2.657688,-0.601465,-0.51548547,-0.29434353,0.43312123,-0.11860799,0.61832446,-1.5486654,0.6407303,0.15047275,-0.90439117,-0.21834147,-1.6977732,1.3144567,-0.035930805,-1.3616229,0.9774646,0.8444464,-0.053649593,1.2558161,0.27364677,0.35512713,-0.24104093,0.46994966,0.3744787
2208,0.12258827,0.4456232,-0.04775487,1.9106644,1.9109503,-0.35478118,-0.9608464,-0.7549446,-0.5593709,-0.18928006,0.5531679,0.59200835,0.2821243,1.0967971,-0.55743843,-0.85127974,0.6688038,0.8410714,-0.016339948,-0.7653841,0.05242564,0.021644318,-0.3368092,0.7259462,3.3361967,-1.9374486,1.0764443,-0.59384847,0.06224546,0.15517199,1.4796615,-1.2106383
2209,-0.91153616,1.0064723,-0.82431597,1.604106,0.95441043,0.2602015,-0.82433414,-0.099577434,-0.36433452,-0.20241454,0.2709974,1.5254859,1.6157491,0.6367946,-0.46291533,-0.7424384,-0.27844337,1.3455836,-0.20972835,-0.6019718,-0.21818924,0.06551558,-0.82463306,1.0194051,3.1183286,-1.8522923,0.29241523,-1.380285,-0.5794038,1.0033417,0.7373656,-0.27364555
2210,3.105914,-0.10975038,-0.14074606,-0.4410068,0.049620263,0.19752261,-1.187397,-0.6133813,-0.07268087,-0.4952213,0.71206635,0.31190205,1.885107,1.0907749,-1.1496572,0.9359755,1.3633579,1.5476316,-0.29745823,-1.4858721,-0.21385686,-0.12715696,-0.6129774,0.6093236,1.2141249,0.19254495,-0.2003014,0.26540598,0.90866977,-0.46047294,-0.6363782,-0.77545637
2211,0.35551494,1.5322297,0.59095275,0.94159955,-1.2834964,0.23424271,-0.39043036,-0.43016812,0.17040026,-1.355797,0.101414084,-1.1423398,1.6951987,2.2071645,-1.6580167,0.8628832,0.15465361,1.2833477,1.4743476,-0.59466636,-1.1794188,0.1184813,-0.5754272,-0.08275908,0.71766555,-1.5603453,-0.113248035,-0.63736653,0.46851784,-1.7414424,0.46493232,0.5608642
2212,0.18435165,1.1419964,0.25764397,0.53938645,-1.1109686,-0.3835372,0.07381602,-0.8117121,-0.16016084,-1.0360471,-0.09884449,-1.2231463,1.8619586,1.825229,-0.9749908,0.94581497,0.8122609,1.540788,1.4047215,-1.1075475,-1.2136136,-0.15162255,-1.3335197,-0.40919343,1.1680254,-1.4541987,-0.4545411,-0.6436087,0.7409375,-1.5982527,0.82306886,-0.24565868
2213,-0.7155336,-1.4023575,-1.5328957,1.2119089,0.4931376,-0.18598025,-1.646037,-0.3062972,-1.2818446,-0.29995516,0.6722024,0.17618738,1.2518702,-0.367973,1.0171342,1.0321809,0.07720997,0.38887814,0.07592208,-1.8183433,-0.42687845,0.038819134,-0.9112588,-0.20217372,1.6134524,-0.9427009,0.20261145,-1.9321817,-0.9465129,-0.98063684,1.1499567,0.8904211
2214,0.20964901,0.73461723,0.8273014,-0.42623425,-1.8537922,0.5706757,0.88728523,1.4610122,0.09819342,-0.22155216,0.6961745,-1.4218335,0.7544599,1.5183564,-2.7343857,1.560637,0.22764249,-0.43972647,1.1147488,0.15126346,-1.386496,0.11389062,-1.4860218,0.2029305,-0.15390313,0.73175675,-0.4547144,-0.5065992,1.2298185,-1.607667,-0.16265593,-1.0586118
2215,-0.88607764,-0.5824744,-1.0156251,-0.02163506,0.21148102,-1.1253085,-1.0268171,-0.20116496,-1.332586,-0.9484268,1.5488573,0.10967849,0.8646033,-1.0402961,1.3449948,1.1558005,-0.08783812,0.03630267,-0.35406518,-1.9004759,-0.25494036,0.06642762,-1.3507437,-0.25285187,1.5251232,-1.4206392,0.22642125,-1.5109192,-0.6029229,-1.1654637,1.0622296,0.8994817
2216,0.055182304,0.5999528,0.80137426,-0.3905724,-1.4514226,-0.25250295,0.50890434,1.0329273,-0.6664703,-0.071689755,0.54147506,-1.2490208,1.1184487,1.2154181,-2.3469636,1.7556095,0.8345067,0.20415872,1.157597,-0.00035347714,-1.7295554,-0.4387461,-1.8750244,0.3188062,0.2985308,0.4908485,-0.77522033,-0.34497255,1.4558835,-1.7870585,0.061422653,-1.255439
2217,-1.0981288,0.535914,0.43350527,1.1508924,-1.0237575,-0.8941189,-1.1618216,0.12841162,-1.9954087,0.06574854,0.2232721,0.8442749,-0.25893864,-0.8373397,1.0820173,0.27116537,0.610799,-0.8900978,-0.17116193,-1.5516014,-1.0630231,-0.9274791,-0.5810666,-0.4583879,1.8528074,-0.6715047,-0.0971394,-1.5362524,-1.6387861,0.18022257,0.069807924,1.8644317
2218,-0.48929304,-0.7022623,-1.2145994,0.12539172,-0.061216995,-0.0031825362,-0.97004294,0.6902017,-0.45295647,-0.8883878,1.4093179,-0.48002267,1.2505525,-1.0144972,-0.032505844,1.7122642,-0.19992165,0.16680686,-0.28155488,-1.2263219,-1.2985834,1.2398814,-1.9011445,-0.26634315,0.72457165,-1.418514,1.2334267,-2.2226381,-0.65547806,-1.0479764,0.76505077,0.12726006
2219,-0.5926624,-0.3384844,-1.0097153,2.0051672,-0.47966886,0.22699025,-1.854156,0.21114306,-1.3116169,0.7965769,0.44864616,0.6042523,0.23844585,-0.20668253,0.5495422,0.697543,0.3226101,0.1297823,-0.015152041,-1.3775688,-1.500959,-0.5820301,-0.8378212,-0.7611933,0.70293826,0.51348484,0.119615644,-2.4761937,-1.2827963,0.65089726,1.3323278,1.1337496
2220,-0.39058012,0.96982944,-0.33756575,0.20705727,-0.7316385,-0.79107726,-1.1226947,0.31185985,-0.82814795,-0.9050984,1.3221194,0.08758981,0.5531678,-1.4024434,0.2649607,1.2136374,0.09250087,-0.46306163,-0.8351253,-1.6956953,-1.3189198,0.5798638,-2.2386034,-0.57683116,0.7268828,-1.6821194,1.1766924,-1.7300407,-0.55246973,-0.56613755,0.40907398,0.5387412
2221,-1.2592037,2.828934,1.2565618,-0.7273288,-1.5327017,-1.8006558,0.03601205,0.8930518,-0.43093562,-1.3743343,0.644707,0.49572408,-0.27918866,-1.210983,-0.6102476,-1.0303679,0.42620915,-0.934602,-0.43942657,-0.17466384,-0.88883513,-0.2943894,-0.19246414,-0.59495234,0.8536124,-0.43028146,0.31433114,-0.19685233,-0.9257195,-0.6754478,-1.700276,1.0333526
2222,-0.97416407,2.7469385,1.6541033,-0.6676078,-1.5706984,-0.84608775,0.4714939,1.2904729,-0.2790873,-0.8008662,-0.034393612,0.57117414,-0.016560307,-0.86172074,-1.2351067,-1.8607395,0.54992294,-0.4539772,-0.4157464,-0.2951899,-1.3184023,-1.1389834,0.13415347,-0.6872338,0.76295364,-0.21397327,0.37818187,0.15707183,-0.5058549,-0.5513122,-1.7343022,1.0597721
2223,0.4860637,-0.44023657,-0.1485874,-0.3605954,-0.3498514,0.132771,-1.3947574,2.2141876,-0.8059568,-1.0641493,0.55470437,-2.4436562,1.1072161,0.6195894,0.64316636,0.6072907,0.16744211,-1.3010275,-0.04089467,1.1048558,-0.2570542,0.5872351,-0.74903566,-0.29022714,-2.2126265,0.1743211,0.55075926,-0.58502597,-1.5514035,-1.2629513,-0.5701964,-0.61420566
2224,0.30519167,0.50878346,0.115266494,-0.7469276,-0.7585204,0.6243971,-1.3884753,2.3418071,-0.67366016,-0.73310196,0.24069014,-2.10036,0.27528018,0.57110286,0.55882937,0.4892586,0.6833734,-1.4953967,-0.33923107,1.2411829,-0.57292724,0.71366435,-1.3494688,-0.44395423,-1.5346496,0.03904493,0.55977714,-1.1577098,-2.012791,0.13655865,-0.8223706,-0.42295825
2225,-0.26895437,2.3411405,1.6209478,-0.8681963,-1.2105988,-1.0996168,0.4504913,1.3752791,0.048316695,-0.7552679,0.16940024,-0.37279546,0.9492692,-0.74503,-1.3531233,-2.4132028,0.023109166,-0.500886,-0.18174554,-0.070206486,-1.5907453,-0.8652462,0.2863052,-0.6052463,0.044251185,-0.059440125,0.72339016,0.70436656,0.10364794,-1.1170872,-1.9057705,0.3428391
2226,-0.28991693,2.3199773,1.5124016,-1.0412581,-0.8374486,-1.3394393,-0.15417452,1.761197,0.19945323,-0.66411704,-0.040036954,-0.48177326,1.0508993,-0.46684763,-1.4321692,-2.5807152,-0.21745345,-0.71183246,0.08723095,-0.0014741955,-1.5424315,-0.6555456,-0.30766675,-0.1267208,0.05002059,-0.14301908,0.81904334,0.95829785,0.15597062,-1.3302373,-1.3554415,0.10880218
2227,-0.82648444,0.8002138,1.2283458,0.1693138,0.21334375,-1.4630055,-0.59286475,1.8560492,0.36707652,-1.6122597,-0.51304114,-1.5783086,-0.6749712,1.1237048,0.6345704,-0.05769394,0.3998538,-1.2735527,0.94479555,1.3659172,0.11401474,0.21340613,-0.72930974,-0.65986043,-1.709846,-0.13939783,1.2792652,-0.13086352,-0.29643565,-1.5259964,0.5147453,-1.6932328
2228,-0.70704925,0.8474984,0.9746635,-0.3697939,-0.32703084,-1.6998924,-0.29857412,1.957793,0.18864425,-1.5097456,-0.051281925,-1.8349621,-0.61453766,0.7234802,0.7459026,0.0027353587,0.55364877,-1.4343255,0.7431196,1.20947,-0.112886876,0.24580368,-1.0016177,-0.9198709,-1.8176339,-0.12569095,1.2746685,-0.5727004,-0.4280338,-1.4101096,-0.13650985,-1.5410091
2229,-0.4367695,1.2577252,1.5364165,0.5245454,0.5255059,-1.3179889,-0.5755052,0.9224301,0.47512114,-1.1726198,-0.6137123,-0.80474275,-1.1183753,1.4325268,-0.027814856,-0.11433026,0.21609186,-1.9156965,1.0865816,1.7753869,-0.22704369,0.13384722,-0.6115994,-0.13538359,-0.81702024,-0.57028186,1.3841455,0.7558639,-0.43680558,-1.6651475,0.95158815,-1.1132041
2230,-0.36372,0.79490274,1.4539703,0.036347367,1.6251549,-0.31977966,1.0213075,0.75810146,-0.2620948,-1.1740704,-1.8325756,0.41404292,-0.5811457,1.66876,-0.65035564,-0.62799406,-0.28899276,-2.423239,0.37162307,1.6980077,0.3290893,0.9438643,-0.28354907,0.8295433,-0.28803736,-0.79884946,1.0228837,-0.32041526,-0.27595827,0.02359448,-0.18145967,0.33295122
2231,1.3890771,0.13967174,-0.1239768,-0.90672386,-0.89804125,-2.314644,-0.92676866,0.9763896,-1.8619642,0.2715412,-0.309066,-0.36444452,0.6207296,0.4095152,0.20183603,0.301413,-0.20201749,-0.53641903,0.18459353,1.4601963,-0.7110507,-0.10836656,-0.48884735,0.22972105,-0.26097822,0.29526177,0.79220176,2.00373,1.3088979,-2.2431154,-1.2485056,0.68163806
2232,1.7247888,0.6556486,-0.30529094,-1.0244269,-1.380158,-2.3298132,-1.4416671,0.54098153,-1.7792507,0.09724872,0.03489332,0.116251625,1.2032183,-0.4108363,0.06771762,-0.2533978,-0.1906516,-0.1714739,-0.310075,0.6188147,-1.4405129,0.24990931,-0.6207806,0.22200847,-0.7066739,-0.3393856,0.810445,1.6246815,1.2233618,-2.152052,-1.0649091,0.45865366
2233,1.4069606,1.0351306,0.018731153,-0.33756682,-0.98436713,-1.0910574,-1.5658783,0.39579087,-0.8864635,-0.2965139,0.24491195,-0.3177037,1.7604417,-0.21814527,-0.4704514,-0.8098664,-0.15745841,-0.4345714,-1.2798904,0.75834966,-1.463813,0.528063,-0.668497,0.10207273,-1.9469846,-0.32989407,0.9833463,1.5865761,0.97338927,-1.8934946,-1.8727815,0.8012268
2234,0.6485269,1.2695571,0.14692083,0.3166173,-0.43814874,-0.91417366,-1.6142853,0.23869146,-1.6213653,2.4260657,-0.025071805,0.5455567,0.74745834,-0.8066952,0.1545878,-1.9067154,1.1256794,-0.18117233,-0.96984076,0.94709885,-0.8118865,0.09863928,0.1804827,-0.41650018,-1.1271774,0.90969706,-0.8229279,0.8137889,0.03462131,-1.508071,-0.059473623,1.9942979
2235,0.6030101,0.85334855,0.8014763,-0.61225563,-0.58011967,0.079480134,0.1576984,0.48430997,0.41504395,-0.77192444,-1.2049671,-1.4861257,-0.44129273,0.4925496,-1.1690965,0.2492103,0.97908,-0.58325535,-1.0225855,1.5181062,-1.0691265,1.2315129,-0.85307574,-1.8391477,-0.63068277,-0.49303773,-0.3293968,-0.8811883,0.8016419,-1.2032068,-1.4876468,-2.1078575
2236,0.6489556,0.6190495,0.59002656,-0.6821751,-0.54339206,-0.06021558,0.1315392,0.18591948,0.14541112,-0.899704,-1.4483281,-1.0909684,-0.48656872,0.24439019,-1.0630157,0.46712658,1.033149,-0.51842624,-1.3532534,1.3216938,-0.75504386,1.9749494,-0.5728128,-1.5988119,-0.66334826,-0.72691756,-0.11927266,-1.0187373,0.8701708,-1.0487709,-1.7539554,-2.0895045
2237,0.98029816,-0.18230224,-0.36113167,-0.5687427,-0.33198604,-0.10659572,-0.00013568056,-0.24831316,0.111600295,-0.86447054,-1.0922313,-0.75155246,-0.19121797,-0.10239542,-1.0421201,0.6461943,0.86107284,-0.36140358,-2.008155,1.0142182,-0.2344734,2.8126805,-0.10303583,-1.3057187,-0.5781511,-0.4650999,0.009531288,-0.8044005,0.8387178,-0.8590317,-2.2966576,-1.6171615
2238,1.2242099,-1.5694845,-0.43910572,0.662569,0.15167642,1.5807487,-0.15212525,-1.2680382,0.044528913,0.7634776,0.5496726,1.334066,-0.6605695,1.7934797,-1.35468,-0.0693925,3.139765,0.6268606,-0.33325204,1.0893847,-0.22624268,-0.4904787,0.6587879,0.7402405,-0.008455012,0.032412782,-0.33227122,-0.12217231,-0.40543076,-0.7150321,0.121168174,-0.5493515
2239,0.796279,-0.87754935,-0.03206269,1.0729262,0.4128183,1.4379015,0.067540616,-1.5799776,0.07301997,0.5919882,0.7054616,1.3469099,-1.0234835,1.6917701,-0.58944625,-0.14387287,2.923356,-0.2897553,-0.08882732,1.6393956,-0.5881604,-0.7924645,0.6881102,0.95216525,0.31755793,0.14673355,0.06778918,0.15340449,-0.59897834,-0.31169108,0.60238755,-0.84034216
2240,0.168145,-0.9693788,0.66134256,-0.7666506,0.4995164,0.15765198,0.34033018,-0.52222246,-0.31577548,-0.8955787,0.76726466,-0.27493104,0.33116415,1.7495041,-1.0500529,-0.7339652,-0.003492277,-2.4447832,0.37543207,1.2469734,0.37623483,1.0530185,-1.006996,1.6776716,-0.8491755,-1.0638753,1.386366,0.5725404,-1.7877111,-0.8082251,0.41967025,0.6421802
2241,-1.7753015,-0.45666927,-0.021743964,0.7394037,0.5303625,1.1803105,-1.5402555,-1.6101629,-0.5440395,-0.26305157,1.1069413,0.8613118,-0.85325205,-0.07235854,-0.6969658,-1.795199,1.5741588,0.5079802,0.9961191,0.9587475,1.4554442,-0.38923517,-0.047553938,1.736213,0.7631189,1.2302924,-0.10663915,-0.3183597,-1.2168497,-0.47307235,0.65769404,0.24093665
2242,-0.45258325,-0.5136662,0.2653316,-0.15048738,1.2004695,0.24425066,-1.7052869,-0.59444153,0.044111613,-1.2668391,0.042515688,0.17155646,-0.70368373,0.70103925,-1.4936066,-1.2335742,0.5834234,-2.0041997,0.18912753,1.6442324,0.14268728,1.4375737,-1.7104158,1.4276017,-0.07978817,-0.8452423,0.8860186,1.2304305,-0.3116424,-1.3552177,-0.5301106,0.35412228
2243,0.15972356,-0.25339708,-0.30612803,-0.03836033,1.1076235,0.76706946,-1.834361,-1.4535474,-0.05002569,-0.84181476,0.28502166,-0.48741004,-0.4434489,0.03830728,-1.4261413,-1.4314388,0.9202131,-1.5880721,-0.8666236,1.5350324,0.26927117,1.844108,-2.2797143,0.66686493,-1.1224138,-0.696697,0.7775416,0.43348598,0.44722772,-0.82185405,-0.8551109,0.094471574
2244,0.7892091,-0.3328035,-0.93538755,0.05628033,0.50331235,1.0690535,-0.8576855,-1.5066763,-0.20847467,-0.26066127,-0.28864712,-0.6734598,-0.4765341,0.031175306,-1.3116046,-1.0234324,1.1509964,-1.1434873,-1.6878608,1.5225801,0.7609594,2.1388447,-1.7261844,0.032117296,-1.5689427,-0.29890716,0.43239272,-0.02728004,0.9629357,-1.0141559,-1.4399364,-0.27567896
2245,1.531559,-0.6719253,-0.98150307,-0.091215454,-0.5094962,0.8139689,-0.562299,-1.0940522,-0.2807728,0.36425444,-0.42788,-0.8721839,0.006715738,0.18732868,-1.0629742,-0.062069904,0.8206493,-0.7983871,-2.126527,1.6353549,-0.021872958,1.8074318,-1.5962632,0.29665217,-2.0908666,-0.13964975,0.19487317,-0.36915785,0.98285615,-0.832952,-1.7213597,-0.19202465
2246,0.4600942,-0.62809944,0.3791058,0.7473415,0.0014451015,-2.1388552,0.9472169,-1.5281965,-1.7278756,-0.2093335,-0.643507,0.030104151,1.7026091,0.9589415,-0.0907543,-0.000883394,1.3250097,0.9486486,1.3536321,-1.1218873,-0.34057692,-0.8761862,0.030874716,-0.72248864,1.3708729,0.85761404,-1.095642,0.2338271,1.2410003,-1.8941566,0.25345048,0.31754687
2247,0.31978172,1.0320812,0.4407769,-0.8228958,-1.3474796,0.41459787,-0.63382816,0.35076296,-0.5678629,-0.3030941,-0.21370834,-2.230479,0.21606536,0.6634851,-1.3545644,1.0120753,0.9042139,-0.02534758,0.16140206,0.73056245,-1.694865,0.4532924,-2.7783444,-0.62655246,-0.79290444,-0.7583511,-0.8160842,-0.7120128,0.71439576,-0.78741527,0.7914769,-1.7606713
2248,-0.3067916,0.9126963,0.7095894,-0.2712663,-1.174419,0.43249592,-0.84301925,0.41960496,-0.12130987,-0.6425422,-0.20706473,-2.12766,-0.1832925,1.0589783,-0.841693,0.54047555,0.6673168,-0.44206634,0.0017256442,1.4916536,-1.5783683,0.46647495,-2.654866,-0.9074701,-0.42227337,-1.0750121,-1.359212,-0.33604044,-0.1304704,-0.4903965,-0.0076713096,-1.8582103
2249,-0.21254231,0.42397174,0.6828205,1.0853727,-0.05036128,-0.2934694,-1.61598,0.8307818,-0.80090106,1.438774,-0.93016016,0.5784125,0.16325614,-0.70977026,-0.3086297,-0.6964049,2.0202816,-0.83889955,-1.1592609,0.5753705,0.4832846,0.95203984,0.09487003,0.8097177,-1.9524719,-0.7507306,-1.9089061,-1.3300836,-0.061227437,-1.3254275,-0.15617467,1.9126674
2250,-1.4146888,-0.04260728,1.8213586,0.9980145,1.2861173,-2.236303,-2.928273,-0.07279234,-0.66652787,-1.0129741,0.057988174,-0.54094005,0.21128187,0.4609595,0.4648781,1.0387006,-0.4357882,-0.4306785,0.13057026,-0.16080964,0.14579901,0.5925183,-1.2757062,0.9578837,0.09669667,-1.688816,0.001547046,0.6214846,-0.21714729,-0.04286871,1.616743,0.9346068
2251,-0.8214363,0.40648562,1.4087358,1.2548172,0.7895207,-0.94942755,-1.6978532,1.4258589,-0.6286804,1.1779845,-1.0480833,0.5898541,-0.5124367,-0.08239174,-0.9467831,-0.77480847,1.4892972,-0.82504773,-0.19716132,1.0104046,0.49160704,1.2208087,0.31848156,1.1446052,-1.0073221,-0.72717106,-1.3656214,-0.70065486,-0.36764225,-1.0976304,0.60290617,2.1454618
2252,-1.5437586,0.30527285,2.0267944,1.5617689,0.96147096,-1.6158372,-3.1235316,-0.7414558,-0.5930365,-0.6584507,-0.39092916,0.25081456,0.21672748,0.31669307,0.630534,0.35396746,0.26223594,0.04867211,0.09879022,-0.27576855,-0.07964029,0.2879935,-0.6021096,0.8349488,-0.22821347,-1.4751058,-0.7764249,0.013792154,-1.0482044,-0.21692145,1.5023537,1.7283849
2253,0.16108765,1.3128673,0.17295274,0.5281288,-2.1858785,-0.28501213,0.4039856,-0.5902696,-0.04733432,-0.7260702,0.81240994,-1.0870595,1.1128898,1.3230491,-1.8004944,-0.20093445,0.300171,1.6907483,1.1441239,-1.3747765,-0.66840416,0.8539581,-1.3446132,0.66460973,-0.6549681,-1.7505957,0.37800646,-1.0011917,0.93609744,-1.1342728,0.6969356,-0.5657997
2254,0.027684182,1.0180126,0.18362342,0.45394245,-2.1863015,-0.7984196,0.6703655,-0.87995917,-0.14886475,-0.6583347,0.5548943,-0.92583966,1.346434,0.9979588,-0.9306685,-0.23475009,0.5097949,1.9331545,1.0944624,-1.6914221,-0.7672161,0.47807667,-1.4374002,0.21488567,0.042698834,-1.6418298,-0.13701083,-0.96022546,0.9586357,-1.25594,0.63283056,-1.4431458
2255,-1.3820832,-1.2356169,-1.8923973,0.33944178,0.63982666,-0.26768607,-1.3713096,0.40975204,-0.75805646,-0.49676815,0.87616485,0.3760437,0.97606045,-0.15782571,0.7371328,1.3790323,-0.18325457,0.23716468,-0.40478173,-1.8322036,-1.0530038,-0.098250024,-1.6705239,0.23113972,0.4695241,-1.3956425,0.2725194,-1.9010926,-0.24390072,-0.55340976,1.5202757,-0.035277545
2256,-0.67738193,0.58540934,0.9906012,0.56071854,-2.3469036,0.6020058,0.3046211,0.08088255,-0.82691854,1.2492402,0.27133793,-0.15944621,0.20489812,0.5179744,-1.4643638,-0.23529331,1.3562543,2.1268637,1.8175825,0.36699402,-0.94221354,-0.15311311,-0.39355618,0.93808794,0.056344222,1.4596287,-1.6186323,-1.4340672,0.21157593,0.27384603,1.5592968,0.2089273
2257,-1.0669893,-0.86156714,-1.498668,0.86732614,0.25672162,-1.1555445,-1.076963,-0.23491031,-1.5447869,-0.41971806,0.9951001,0.39182913,0.77960056,-0.29309535,1.0843314,1.0147237,0.3334803,-0.25737104,-0.17167088,-2.2033281,-0.7427476,-0.6706109,-1.2605652,0.09834875,1.038827,-1.1103284,0.32905632,-1.9153112,-0.46116975,-0.32965767,0.8520349,0.6616145
2258,-0.7741257,0.28326315,1.0722523,0.6658021,-1.9166543,-0.07600842,0.10638524,-0.19079584,-1.0951477,1.1137297,0.20311965,-0.101566516,0.5741852,0.46883336,-0.7970647,0.0077447738,1.5070134,2.4993756,1.7948871,0.39488944,-1.0747164,-0.61139745,-0.5891439,0.73413396,0.6887498,1.1243142,-1.8560444,-1.2189865,0.20699792,0.111643665,1.4988127,-0.36052355
2259,-1.3251196,0.71204805,-0.08442986,0.08749876,-0.22415487,-1.2338369,-0.44827786,0.34279555,-0.8144512,-1.9027656,1.4855475,0.6738488,0.86473346,-1.0694045,0.16503266,-0.18531011,0.42323756,-0.46302345,-0.74469703,-1.4002535,-1.4753075,-0.11722502,-1.6767043,-0.40419585,0.7771056,-1.6794882,1.0690668,-1.6540911,-0.7812758,-0.3997486,-0.98008716,0.841949
2260,-0.84102124,-0.8338615,-1.5424085,-0.21487685,-0.033707958,-0.15555492,-0.7108527,1.0365795,-0.40286878,-0.7622717,1.237341,-0.14073582,1.1587589,-0.736032,0.031051943,1.4141344,0.007006871,0.042856757,-0.48195788,-1.2412477,-1.9628634,0.49777818,-2.1332583,0.17259456,-0.34772736,-1.5147853,0.97445863,-2.3562021,0.09468983,-0.29831943,0.81756836,-0.671226
2261,-0.45412505,-0.42838573,-1.6272784,1.1999143,-0.581159,-0.24840091,-0.7484208,0.44451684,-1.458989,1.1312705,0.611932,0.23630689,0.25442255,0.1994209,0.5349123,-0.2926447,0.5958773,0.19095527,-0.57837963,-1.5914873,-1.7447611,-0.97286725,-1.3200998,-0.14626929,-0.49030802,-0.8222491,-0.20234859,-2.5620794,-0.69653517,1.6515894,1.0515056,0.44750723
2262,-0.8559842,0.62289697,-0.82053655,0.4664299,-0.24796231,-0.7467493,-0.8803799,0.0016448703,-0.56359017,-0.9624176,1.4554417,0.37652662,0.59091556,-0.7389776,0.08376296,0.55111873,0.3327482,-0.16682103,-1.0231988,-1.905103,-1.6314273,-0.08091117,-2.166724,-0.3618121,0.09069916,-2.154509,1.3798947,-1.7865124,-0.4871722,-0.035375137,-0.039973598,0.51135147
2263,-1.7057973,2.2780588,1.431514,0.5465246,-1.329158,-0.65574014,-0.749983,0.50100255,-1.5210475,0.31054404,-0.5079748,1.1379672,-0.37242153,-1.0888764,0.071087815,-1.5456356,1.6264043,0.20670263,0.0609275,-0.03958463,-1.2063291,-1.4745182,0.7177763,-0.12109774,0.37903708,0.12737502,-0.08691398,-0.5135026,-1.227619,-0.3972071,-0.4616998,1.444341
2264,-1.1550078,1.8675833,1.7797267,0.07431086,-1.2103412,-0.5043268,-0.051111724,1.13429,-1.3102912,0.3543894,-0.5749102,0.86408895,0.18339604,-1.1469374,-0.799877,-2.5075166,1.1963471,0.37906826,0.20686553,-0.16135743,-1.3419765,-1.456812,0.96577775,-0.029259704,0.2166928,0.12687123,-0.22691125,0.057195887,-0.6986754,-0.51858515,-0.8968883,1.7717446
2265,-0.037215102,-0.12860471,0.7905318,0.50540656,-0.40607354,0.2971254,-1.5951613,0.021711886,-1.8763579,0.8689281,0.2805516,-0.8740466,-0.5021078,0.17630309,1.482818,-0.51115507,1.9588621,-0.3741678,0.74485755,0.48429826,0.97428626,-1.4952651,0.40738854,-0.10600875,-1.8105265,0.42026702,-0.8834062,-1.6140541,-1.7649927,0.42318204,1.6935611,-0.6701767
2266,0.40290952,0.538358,1.0473567,-0.35237142,-0.4522554,0.4887073,-1.1512563,1.3699803,-0.8908872,-0.90877235,0.41269597,-1.9348521,0.021246633,0.8157514,1.0416044,-0.13660862,0.8356457,-1.6886141,0.030642513,1.0359441,-0.23363627,-0.5610323,-1.4022263,-0.90018415,-1.4256268,-0.4496359,0.64445686,-1.5114108,-0.90566164,0.758597,-0.7884265,-2.3751817
2267,-0.90363014,2.28983,1.5792683,-0.5881832,-0.76627815,-0.74440914,0.35786495,1.4571364,0.20227228,-0.95940673,0.1451927,0.21093805,0.6145998,-0.71340644,-1.8644159,-2.7219784,0.06262388,-0.6071504,-0.2932999,0.1632776,-1.6999226,-0.80183834,0.15594956,-0.060201652,-0.2821273,-0.3264111,0.47841457,0.62633973,0.32350874,-0.7552921,-1.767322,-0.3008232
2268,-1.1185468,2.3551242,1.7081867,-0.35686365,-0.477712,-0.53472674,0.14576156,1.5207218,0.103245415,-0.9718738,-0.45819515,0.52848613,0.36092645,-0.41848758,-2.3656468,-2.55739,-0.34115767,-0.99499106,-0.10191709,0.1897334,-1.1955996,-0.37558457,-0.2714483,0.3122247,-0.7267038,-0.5632748,0.1294532,0.9118705,0.13746268,-0.6230832,-1.6123091,-0.051701628
2269,-0.89530903,-0.023046924,1.3325679,-0.084155716,-0.07787468,-0.50025284,-0.60964,1.3749022,0.3805991,-1.3547366,-0.3117807,-1.7098094,-0.9987462,1.1714882,0.5054258,0.71068954,0.62260485,-1.3729172,1.1350441,1.3927015,-0.40785298,-0.49037802,-1.6811199,-0.4111186,-1.4150329,-0.738042,1.3093588,0.07634347,-0.53181684,-1.1409829,1.1595839,-1.6150503
2270,-1.2411969,0.46830583,1.3235215,-0.26447356,-0.63577574,-0.9350825,-0.8140849,1.7361217,0.08265371,-1.1810669,-0.13118063,-1.9627703,-1.0359249,0.6237958,0.65664566,0.18613335,0.5507628,-1.0964651,1.1594203,0.9571164,-0.30215934,-0.60710305,-1.8216686,-0.6265405,-1.5338923,-0.4907245,0.73802024,-0.2441659,-0.065251775,-0.9120613,1.0950824,-2.14279
2271,-1.0007854,0.089806646,0.995847,1.4509971,0.027757647,0.1545707,-0.83401704,-0.17238112,-0.11894139,0.3585597,-0.28740877,0.28617594,-1.8853794,0.8346402,0.18521214,-0.086769976,1.9622881,0.5612473,1.2657104,1.3550925,0.21897413,-2.0587397,-0.4444918,-0.04180947,-0.2440229,0.14071952,0.442933,0.17925934,-1.6613125,-0.38580182,2.4302638,-0.75433326
2272,-0.27270392,0.5223347,1.4271325,0.09216753,1.1141636,0.5602396,0.7249737,0.65531164,-0.5694037,-0.7922417,-2.2209187,0.51123184,-0.5299514,1.4164158,-1.4493952,-0.78461736,-0.4034843,-2.5055537,0.03947697,1.1250942,0.37618804,0.7162396,-0.9264153,0.76897264,-0.022869855,-1.1427977,0.297156,0.018407455,-0.9474024,-0.04774661,-0.7201513,1.428191
2273,2.1500485,0.20368358,0.48539996,-0.43898627,-0.7897935,-2.1783824,-0.23723947,1.9129422,-1.8833392,0.30612117,-0.31341362,-0.041078374,0.37229842,0.6720964,-0.7248494,-0.26763397,0.020605357,-0.6208352,0.4639736,1.4081787,-0.026733952,-0.69442093,-0.48932475,-0.08919096,-0.26713315,-0.38417715,0.15074492,1.8203622,1.2300961,-1.5482222,-1.308211,-0.39703178
2274,2.0066097,1.3178072,0.34826833,-0.5317418,-1.6634203,-2.1270568,-0.2141536,1.2798191,-2.0342717,0.08987866,-0.5018219,0.40674698,0.7328783,-0.3346895,-0.30304775,-1.0420231,-0.4457081,0.07364653,0.008297797,0.81499887,-0.7568695,-0.6690257,0.004722582,-0.013255388,-0.86735106,-0.38430452,0.8653868,1.6633649,0.9744401,-1.637483,-1.1571988,-0.12516634
2275,0.6351166,1.9313475,0.79724216,0.17592917,-1.4916275,-0.9915894,-0.789674,0.75917774,-2.6626573,1.2532841,-0.9183586,0.49511182,0.27846923,-0.4594007,0.59633005,-1.6899701,-0.078570254,-0.058674708,-0.48040113,1.0451704,0.17819355,-1.0481784,1.3764077,0.54812324,-1.2810532,0.735008,-0.38182274,1.0318986,-0.2465812,-0.45177653,-0.22128434,0.7658441
2276,1.2770348,2.1538246,0.40985602,-0.20399801,-1.3932881,-1.1507547,-1.2224711,1.0638312,-1.2013178,-0.15700114,0.55879855,-0.08220225,1.1311309,-0.53457326,-0.9025934,-1.7167635,-0.46720794,0.14188415,-1.2945455,0.6273588,-1.2006966,0.4105767,-0.36760202,-0.1338667,-1.9886712,-1.0926795,1.2029047,1.6775002,0.2122302,-0.5164243,-0.90084815,0.51476634
2277,0.08334663,0.4344913,0.9135645,0.34725016,-0.33715913,0.6231305,0.14783119,0.48767173,-0.015844148,-1.2556316,-1.642967,-1.0288736,-0.7676855,1.2114215,-0.5713289,0.8230141,0.94796723,-0.12348872,-0.608659,1.7147192,-0.6537621,0.67494005,-0.8136539,-1.6456931,-0.8025438,-0.91955215,-0.16321336,-0.6865436,0.5785057,-0.4205854,-1.0141271,-2.9285212
2278,0.16733639,0.15614279,0.52365714,0.010261731,-0.18264507,0.5652833,0.30299857,0.46913266,-0.19405031,-1.0119721,-2.0112412,-0.8906139,-0.8469091,1.0402806,-0.6292405,1.0843577,1.079991,-0.36744064,-0.94098985,1.6395249,-0.25456858,1.4255517,-0.49193934,-1.5934386,-0.5519297,-1.0532558,-0.14683226,-0.7322198,0.60524243,-0.65273684,-1.2043836,-2.4794877
2279,0.1467341,-0.58982956,-0.16530943,-0.34631273,-0.115444824,0.5731505,0.34293464,0.4893587,0.001263751,-1.1019714,-1.2833191,-0.93103474,-0.39978483,0.5877174,-1.2310771,1.249055,0.9665028,-0.13519649,-1.5749168,1.3333466,-0.10078411,2.2979887,-0.47954538,-1.6139702,-0.26900795,-1.0049127,0.6401848,-0.79508716,0.35297653,-0.63813376,-1.968639,-1.6308174
2280,0.9766462,-1.8658329,-0.9656639,0.38471267,-0.5694918,0.82322115,0.15535586,-1.8513185,-0.40295956,1.0705044,0.9560041,0.97807604,-0.7584017,0.6209907,-0.7161764,0.27050042,3.1384594,0.68105793,-0.3659817,0.59551895,0.13943854,-1.5112956,0.3308357,0.76711464,-0.28756088,-0.70956445,-0.16084802,-0.1513801,-1.5273092,-0.66069335,0.17089555,0.2746821
2281,0.8729023,-1.186168,-0.66960394,0.5040741,-0.5580487,0.68862957,0.1866376,-2.3204687,-0.26999018,0.89719945,0.9406297,1.216743,-0.7273144,0.45440874,-0.07837958,0.32909426,2.8776019,-0.0031233777,-0.22506183,1.1184888,-0.37648803,-1.9288949,0.11644052,0.89804405,0.11063858,-0.52862304,0.36158276,0.18499498,-1.7480203,-0.37504154,0.48609152,0.2331948
2282,0.6299075,-1.8756174,0.52652895,-0.7494937,0.13514853,0.50440234,0.19237445,-0.15056911,0.16715041,-0.1167846,0.687585,-0.18204078,-0.22358336,1.4421799,-1.3070441,-0.4145729,0.6126202,-1.7497624,0.4042795,1.3696758,0.14132276,0.53985447,-1.6464347,1.0713013,-0.8235482,-1.3710594,0.73016256,1.1880621,-2.2766106,-0.9794312,0.70672464,1.2043558
2283,-1.5786935,-0.45800158,-0.122751065,1.1556797,0.46018183,1.0402957,-1.079858,-1.1421294,0.34030083,0.68307024,0.835625,1.3283342,-1.132898,-0.07466721,-0.41006815,-1.0577909,2.1608448,1.2134657,0.8587187,1.3816292,0.5737272,-0.91207135,-1.4161674,0.7407271,0.6267701,0.6831234,0.05991974,0.2427838,-1.5673759,0.5770649,1.1450034,-0.15363449
2284,-1.9339651,-0.53106296,-0.21229944,1.1243131,0.51341915,0.9887826,-1.2227443,-0.99508405,0.16216123,0.6729844,0.84537095,0.9725526,-1.3088659,-0.11849179,-0.36461708,-1.1797999,2.0581074,1.13484,0.820607,1.4608387,0.91060835,-0.61680466,-1.4614581,0.5077449,0.29120472,0.87635046,-0.24128158,0.08253877,-1.4918642,0.61669725,1.0061988,-0.27778894
2285,-0.59673125,-0.0930086,-0.443179,0.5294072,0.55306053,0.48507065,-1.7188803,-0.6707715,0.18596213,-0.6089293,0.41962844,-0.657781,-0.93112415,0.82714003,-0.9047674,-1.1527641,1.0944763,-0.9013814,-0.8459118,1.9589012,-0.19800402,1.4911426,-2.6189816,0.36833006,-1.5696013,-1.3820261,0.18627362,0.8928835,-0.030209813,-0.20336094,-0.9265893,-0.4420114
2286,0.21310113,0.009719682,-0.8913656,0.58663255,-0.015162213,0.6390024,-1.3225294,-1.223384,0.06603777,-0.76195157,0.47157577,-1.1395475,-0.78932476,0.78215677,-0.63214856,-0.56248844,0.89753246,-0.81879795,-1.5005913,2.0482795,-0.045537073,1.6937206,-2.0214534,-0.018766155,-1.9602304,-1.379755,0.13089034,0.614104,-0.021730466,-0.19328997,-1.1097357,-0.22755511
2287,0.9225485,0.021371186,-0.75068605,0.116691194,-0.89136255,0.794071,-0.759104,-0.9242262,-0.29902053,-0.17796908,0.10633941,-0.95576286,-0.20535502,0.1936287,-0.7015047,-0.37527162,0.8246213,-0.70386946,-2.2504282,1.840854,-0.28611246,2.0273504,-1.3701926,0.41661116,-2.741284,-1.0126057,0.21118055,0.2073302,0.08124798,-0.5087813,-1.2927117,0.43155816
2288,0.3861931,0.06007639,0.6464694,1.078491,-0.6745414,-2.1286676,1.7231673,-0.79631966,-1.0345168,-0.69100803,-0.471005,0.72713137,1.4545,1.2342877,-0.58185494,-0.10816453,1.2191348,1.2480001,1.3080825,-1.1138414,-0.37144816,-0.8759325,0.27404764,-0.8489135,0.905208,0.57673806,-0.45864204,0.18673998,1.3641138,-1.8329577,-0.67333686,-1.3392707
2289,-0.2669377,1.0196223,0.7979188,-0.012412441,-1.5146127,0.44136742,-0.25012934,0.3745339,-0.68057996,-0.4539025,-0.38395566,-1.793783,0.2994859,0.7503798,-0.970873,0.58193666,1.2284626,0.83219206,0.2682287,0.52959543,-1.357015,0.13476165,-2.586529,-0.56848663,-1.1090342,-1.0166086,-0.7023613,-0.83435076,0.8099404,-0.45028204,0.41444126,-2.9602442
2290,-0.64584714,1.1163046,1.1116925,0.66270876,-1.2933198,0.7839701,-0.5389266,0.53975576,-0.45483446,-0.84648514,-0.50322753,-1.1318623,-0.12848926,0.91504127,-0.87336177,0.42958543,1.1949197,0.9509471,0.23035857,1.3742499,-1.6599232,-0.29439986,-2.135209,-0.6460933,-0.90672255,-0.8189991,-0.55410177,-0.81318766,0.22742404,0.10020913,-0.23101842,-2.8648403
2291,-0.44463143,0.80280447,1.572428,0.50102973,-0.8312938,0.124973185,-1.0853366,1.5791842,-0.6339167,0.95716226,-0.7059252,0.3936984,-0.31583822,-0.82462406,-0.92456895,-0.8379492,1.4102154,-0.12372614,-0.8856742,0.7728472,0.67158073,0.8863718,0.81467384,0.24611044,-2.0430827,-1.8648001,-1.3114374,-0.5063885,-1.2459676,-1.2687955,0.4658557,2.3137038
2292,-1.9006085,0.19588932,1.8193638,0.7268853,1.1312541,-1.6490483,-2.2765014,0.26068857,-0.388163,-0.89036083,0.41621155,-0.8101864,-0.09887394,-0.0073521947,1.1135705,0.91078043,-0.76602095,-0.4835503,-0.3151636,-0.31083775,0.7045037,0.5812778,-0.48371905,0.057189558,0.124434486,-2.2152374,-0.49051946,1.0924208,-0.759021,-0.9599234,1.8778747,1.0580645
2293,-1.0577723,0.3227393,1.7123774,1.0733726,0.2604108,-0.580999,-1.0635276,1.3815098,-0.43434206,0.84527355,-1.078843,0.048246916,-0.7096547,-0.1875542,-0.7306034,-0.49715742,1.0988295,-0.54390484,-0.4586407,0.91816986,1.0750376,1.5365645,0.9129254,0.25425437,-1.0170333,-1.839931,-1.3395857,0.0985307,-1.2175804,-1.4618102,0.80896395,2.1888387
2294,-1.8458428,0.78970504,1.955816,0.9577427,0.6451391,-0.86558753,-2.6653993,-0.5439423,-0.4428986,-0.6373171,-0.10424529,-0.10264862,-0.12888579,-0.3237961,1.0266905,0.32659802,-0.06215961,0.34212357,-0.19642007,-0.5578418,0.54566073,0.11855137,0.16171668,-0.060964614,-0.42319486,-1.9359579,-0.6674965,0.5605709,-1.5967002,-0.80126417,2.0227435,1.7973486
2295,-0.4606967,1.0032796,0.3825423,1.5181855,-2.1264741,-0.63977337,-0.19373958,-1.2667146,-0.8707273,0.16336016,0.5235303,-0.2907132,0.70535976,1.1461543,-0.63013315,-0.9302709,0.781593,2.380817,1.8015137,-1.128033,0.032012526,0.44847706,0.024716783,0.98738587,-0.21966997,-0.69924265,-0.44184977,-1.3388692,0.05355377,-0.22080237,1.4958858,0.8509323
2296,-0.102919646,0.80505264,-0.17925425,0.44291055,-2.4346595,-1.2497283,0.4160368,-1.0535469,-0.27588606,-0.47712484,0.5049836,-0.61002773,0.962381,0.8350787,-0.81837094,-0.27960968,0.408705,1.739225,1.1727885,-2.0122902,-0.14494051,1.0040908,-1.2603842,0.36051607,-0.34487778,-1.5621859,-0.013355037,-0.7589505,0.84770095,-1.4598304,0.71889937,-1.1413184
2297,-1.8744507,-1.160283,-1.7012354,0.18694592,1.1074058,-0.23718023,-1.0995634,0.86477953,-0.44125986,-0.54781365,0.6401379,0.7516236,0.7245799,0.27672008,0.4302722,1.4138496,-0.35033062,0.25740466,-0.38796932,-1.7619251,-1.0096147,-0.46103165,-1.6643424,0.39206868,-0.17747793,-1.3821723,0.25292137,-1.7261353,-0.094224684,-0.40853548,1.6767719,0.07786104
2298,-0.336243,0.9094712,0.38078266,-0.41609764,-2.8732326,-0.14778338,0.52018946,1.3053563,-0.49723664,0.13562799,0.877031,-0.5275143,0.57761353,0.598533,-2.7363043,1.2370458,0.5152971,1.0013952,1.0834949,-0.6192071,-1.214897,0.54735065,-1.6344838,1.1287581,-0.89438736,0.2606752,0.44833097,-0.7535485,1.0107265,-1.2395895,0.13213202,-0.53573865
2299,-1.34489,-0.8668683,-1.4195485,0.9786755,0.64616764,-1.1439918,-1.0252326,-0.15261531,-1.2938644,-0.6398132,0.80019695,0.61354744,0.78436065,0.064264484,0.83233815,0.69616884,0.38477162,-0.15786125,-0.15570384,-2.1805582,-0.891257,-0.6199025,-1.4753797,0.27271742,0.6275101,-1.2209787,0.46805453,-1.9745665,-0.4808343,-0.14740258,1.0207398,0.60914826
2300,-0.8709065,0.44107535,0.68466073,0.7362586,-2.2271924,-0.5578896,-0.018878186,-0.24184765,-1.2911385,1.3566644,0.112912945,0.16366361,0.11639,0.16926748,-0.64007103,-0.022883328,1.6987306,2.5927672,1.6470966,0.24080096,-0.6304144,-0.524286,-0.316179,0.7173765,0.46328875,1.3167268,-1.5692282,-0.9323375,-0.11506473,-0.036176123,1.6700635,-0.18137056
2301,-1.8470224,0.77839285,-0.3664181,0.19890614,0.11656543,-1.385851,-0.70401037,0.21758117,-0.6096731,-1.8077719,1.3179855,0.74769044,0.90471077,-0.8597691,0.49778336,-0.4944853,0.6551844,-0.22401008,-0.70490956,-1.3507321,-1.4222211,0.0324951,-1.6785613,-0.20006683,0.8023085,-1.7078518,1.1005971,-1.4920712,-0.9467873,-0.48349923,-0.5377596,0.7457998
2302,-1.3815639,-0.8567329,-1.3611945,-0.34503004,0.6065857,-0.10409289,-0.5173737,1.4551597,-0.20933843,-0.8788849,1.1900175,0.36347553,1.0373248,-0.28237137,-0.01694294,1.2688663,-0.20788886,0.20923232,-0.54508924,-1.1852608,-1.7811152,0.025960539,-2.0543284,0.31735057,-0.71972215,-1.5866697,0.8782493,-2.2422523,0.2620849,-0.40033734,1.024909,-0.74596006
2303,-0.5906316,-0.51931775,-1.669554,1.0306547,-0.43757722,-0.28072894,-0.7217235,0.18858795,-1.55733,1.0700685,0.20237254,0.17140971,0.16138764,0.40429157,0.43434447,-0.65712476,0.80943567,0.4849963,-0.6901227,-1.6388657,-1.5023781,-0.8232046,-1.274561,0.057587396,-0.9501993,-0.88063896,-0.25853914,-2.5244403,-0.789326,1.701803,0.9864031,0.45110497
2304,-1.1562902,0.59953105,-0.933099,0.4196833,-0.0947974,-0.66788554,-0.91697145,-0.19898325,-0.61162037,-0.968268,1.3279132,0.29669502,0.96241844,-0.4945432,0.23917021,-0.12038736,0.49984375,0.08171312,-1.04852,-2.0589757,-1.5123763,0.09170652,-2.0509138,-0.017392026,-0.2536325,-2.0710478,1.2443426,-1.8535725,-0.49005556,0.069983,0.12965575,0.3422276
2305,-1.8413949,2.389286,1.1578782,0.72140807,-1.2988142,-0.8445163,-0.9069908,0.3532241,-1.3673328,0.3458453,-0.31322828,1.3378103,-0.30267635,-0.9622883,0.16527244,-1.6343215,1.6641948,0.32704368,-0.14948377,-0.07149578,-1.2688861,-1.3958095,0.55032337,-0.06902661,0.059405155,-0.13847479,0.0012583011,-0.3493628,-1.206754,-0.484808,-0.3336806,1.2870729
2306,-1.1292439,2.058423,1.5943022,-0.3904163,-1.107687,-0.953394,0.3338201,1.467128,-0.26379678,-0.7330442,0.36059988,0.368698,0.60371464,-0.8259066,-1.3895444,-2.673,0.6409219,0.13595632,-0.2439185,-0.10578513,-1.7832977,-0.969521,0.4247653,-0.15369943,-0.1133854,-0.32751167,0.603775,0.48890218,-0.26654622,-1.0145141,-1.7242229,0.79061526
2307,0.65472996,0.16500837,1.0931963,-0.48946202,-0.37008813,-0.18066296,-1.2726442,1.0810343,-0.5684134,-0.6217164,0.06891761,-2.760522,-0.050523926,0.6253419,1.2267426,0.14603806,0.6382468,-1.2530888,0.5050924,1.0100766,0.7230772,-0.44207862,-0.93241984,-0.8833693,-2.0901847,-0.8130069,0.62416804,-0.45865342,-0.8499683,-0.2924166,0.56883425,-2.351292
2308,0.6573866,0.4741881,1.4856625,-0.46023646,-0.41527852,0.29751024,-0.88983876,0.981237,-0.8910305,-0.73416483,0.32052812,-1.8405372,-0.119404435,0.7578405,1.1985139,-0.35834944,0.6030655,-1.7116883,0.42529726,1.0965803,0.23766656,-0.98614556,-1.1767331,-1.0426047,-1.167024,-0.50714755,0.6540638,-1.4612671,-0.47218534,0.82587963,-0.4349038,-2.7779136
2309,-1.4150318,2.5715485,1.8508693,-0.55345,-0.7330999,-0.63587815,-0.0695118,1.4888657,0.27077878,-0.9011982,-0.123805165,0.23965901,0.20176165,-0.54222393,-1.4564002,-2.685748,-0.0783236,-0.9215317,-0.05281131,0.3324607,-1.1773913,-0.33449018,-0.45009586,0.26048285,-0.64729077,-1.0442044,0.56634116,0.8759511,0.03934555,-0.39198372,-1.3463306,-0.6910685
2310,-1.5850666,2.657322,1.8224382,-0.21895215,-0.5242491,-0.32076114,-0.1808101,1.3996375,0.113173015,-0.67869914,-0.7956313,0.60412943,0.07945694,-0.40241092,-1.6777544,-2.457981,-0.34605488,-1.1147249,0.17060202,0.14809486,-0.49069595,-0.1410728,-0.772862,0.5200158,-0.96756876,-1.1952468,0.34402975,1.1232913,-0.09084331,-0.3651161,-1.2046281,-0.40990704
2311,-0.54872715,-0.5392656,1.5301205,-0.36115596,-0.10534317,-0.43964207,-0.5364291,1.0255789,0.20373502,-0.9089484,-0.3615946,-1.7366183,-0.8927176,1.1254326,1.0473146,0.7665965,0.8175613,-1.3545618,1.1762898,1.2634776,-0.32383484,-0.95263606,-1.6088701,-0.30446362,-1.1342897,-1.1813685,1.3739165,0.24735121,-0.6630784,-1.1534336,1.447269,-1.5849102
2312,-0.96137786,0.16101828,1.700345,-0.39064315,-0.54611903,-0.9025389,-0.9103375,1.697814,0.049913332,-0.80594563,-0.2292886,-1.8092645,-0.9809,0.5985401,0.9852649,0.0045622643,0.55305076,-1.1010708,1.3153405,0.9341675,-0.05859223,-0.93265283,-1.589799,-0.5108152,-1.3490672,-0.7085221,0.7050222,-0.0671808,-0.043319136,-0.91219085,1.4040204,-2.3844047
2313,0.0008305791,-0.80908865,1.5318965,-0.16382834,0.017472658,-0.16379604,-0.04170567,0.4242328,0.18701248,-0.44104415,-0.44218177,-1.1116035,-0.8645902,1.2328463,0.8178859,0.71227014,0.9962526,-1.2848604,1.0097615,1.5317082,-0.8012761,-1.1985683,-1.5386167,0.12548867,-0.69169605,-1.683214,1.7342383,0.8425723,-1.2696433,-1.4999598,1.4142939,-0.5876155
2314,-0.36159262,0.93222547,1.6150502,0.25750265,0.89229405,0.88930666,0.4008269,0.18854703,-0.3464833,-0.9054375,-1.9852198,0.23749633,-0.21976402,1.2256315,-1.2398672,-0.8021079,-0.49310195,-2.5559034,-0.0010723554,0.84379035,0.14397104,0.35257688,-1.3724003,0.7859175,0.11431504,-1.8568685,0.44712475,0.36458233,-1.3659493,-0.08889437,-0.71561384,1.2533634
2315,2.3543313,0.8241188,0.6324471,-0.0953673,-0.7166499,-1.8110319,-0.50190353,2.053314,-1.5812523,0.15904072,-0.39536342,0.17690189,0.9431877,0.61227363,-0.9871446,-0.45228866,0.104657516,-0.49567437,0.29250732,1.2408714,-0.09291231,-0.81468135,-0.6781144,-0.43685502,-0.5958566,-0.61784446,0.3482291,1.6280473,0.97855973,-1.3982512,-1.476885,-0.6029832
2316,2.0497255,1.7802407,0.37348735,-0.12643208,-1.6209382,-1.7644551,-0.55999917,1.3703661,-1.6287389,-0.0031440484,-0.48331434,0.95710933,1.0847675,-0.40014434,-0.69320285,-1.263807,-0.34917435,0.24424773,-0.1899623,0.596294,-1.098429,-0.40878016,-0.19616082,-0.4542846,-1.1632576,-0.49625763,0.81100893,1.4187318,0.5943665,-1.4593695,-1.1712316,-0.3030092
2317,1.1145831,2.1138144,0.51390404,-0.30764273,-1.6144602,-0.72000086,-0.9470594,1.2461962,-1.3329214,-0.65750897,-0.36521262,0.42882118,1.463992,-0.19685926,-1.07857,-1.1595262,-0.5398915,-0.1492207,-0.9826953,0.66658306,-0.81073934,-0.08769833,-0.12486944,0.25517622,-2.0871134,-1.191107,0.929537,1.6255434,0.13845322,-0.7537195,-1.7087834,0.34328648
2318,0.9857031,2.4047372,0.22808173,-0.4915653,-1.4550104,-1.0230206,-1.0864171,1.0781814,-1.2030187,-0.3807358,0.5081142,0.3304043,1.3039427,-0.77309966,-1.256242,-1.3341395,-0.16412537,0.2918449,-1.2676119,0.14423406,-1.2721689,0.13120127,-0.19137901,-0.020055434,-2.0259984,-0.99451643,1.4677463,1.2558129,-0.06520834,-0.27340838,-1.0435451,0.9417851
2319,0.3370247,0.53043705,1.1483077,0.60338765,-0.40909466,0.4209251,0.03693848,0.2448959,-0.19014825,-1.3602699,-1.7009312,-0.7638883,-0.46954352,1.080097,-0.5925964,0.8494363,1.1638405,0.30483344,-0.52561444,1.7849653,-0.78538567,0.47519568,-0.4586943,-1.4933705,-1.1368653,-0.99507725,-0.0597058,-0.4384842,0.75897473,-0.58701825,-0.94627064,-2.842525
2320,0.34718773,0.35951355,0.7692797,-0.058903154,-0.45293283,0.46657422,0.34997946,0.53888506,-0.16445695,-0.99953353,-2.1284747,-0.79846066,-0.59106636,0.8423691,-0.8968648,1.057646,1.249995,-0.06859543,-0.8760648,1.5747162,-0.3968675,1.2000555,-0.3502424,-1.6192731,-0.8333361,-1.2361636,0.071821995,-0.53208214,0.7492613,-0.8624137,-1.1952956,-2.3300138
2321,-0.049447168,-0.47641757,0.039653793,-0.23606336,0.05918769,0.58527845,0.32380947,0.6104804,-0.0097459415,-1.0958887,-1.4902312,-0.792811,-0.34938225,0.68751436,-1.2348355,1.3445553,1.2422822,0.0965494,-1.4749647,1.2820673,-0.32252887,2.025531,-0.31685862,-1.7857313,-0.21486297,-1.1010671,0.7969762,-0.81804097,0.22137314,-0.75428903,-1.8938364,-1.435583
2322,0.9299995,-1.6126493,-0.7634584,0.344465,-0.644806,0.196042,-0.105140455,-1.8719411,-0.659413,1.108374,1.1264367,0.68824995,-0.88813,0.40091547,0.09864447,0.322135,3.0154815,0.4696256,-0.16369793,0.6305856,-0.0015950378,-1.9094709,0.57149714,0.6851288,-0.540765,-0.7861721,0.02951646,0.13697162,-1.8952919,-0.52437645,0.46239185,0.5367788
2323,0.9275169,-1.2563297,-0.4648655,0.3401654,-0.64660084,0.27496308,0.3197591,-2.1793344,-0.6344769,1.3601887,0.82007885,0.8863071,-0.6078059,0.176471,0.5779241,0.28850377,2.7760837,-0.050452445,-0.21030436,1.0414711,-0.3268788,-2.1410174,0.490761,0.8948193,0.0049232463,-0.77246547,0.26274177,0.1950266,-1.7731419,-0.39708966,0.4525401,0.4843183
2324,0.8150426,-1.6054054,0.43713197,-0.7664136,-0.2637608,0.34228757,-0.15544793,-0.27615032,0.41958004,0.23523934,0.7311769,-0.32699677,-0.40714034,1.0400289,-0.4982004,-0.078995556,0.85782623,-1.2971094,0.2029493,1.4645933,-0.38303122,0.09849999,-1.8371235,0.923749,-0.600179,-1.7403803,1.1549085,1.735988,-2.3992891,-0.874156,1.0973477,0.9457169
2325,-1.5138253,-0.44842222,0.006018778,1.1680342,0.4107492,1.0964013,-0.5300677,-1.324281,0.31245714,1.1464634,0.98326296,1.1739172,-0.64759463,-0.3556377,0.35970193,-1.1977891,2.463975,1.1200753,0.6596164,1.5229262,0.4884698,-1.0739222,-1.1992089,0.6086475,0.321249,0.50093913,0.36643076,0.3830492,-1.5317118,0.22901197,0.9381034,-0.089591146
2326,-0.20231967,-0.7897709,0.5948614,0.07297169,0.49083737,0.71678513,-0.6000746,-0.057329383,0.8079204,-0.028962985,0.43096292,-0.12593561,-0.35206598,0.88714486,-0.39258668,-0.6185977,1.1208217,-1.0516492,-0.09746993,2.1508148,-0.6529087,0.61090785,-2.8802824,0.68915147,-1.0811322,-1.4419565,1.3922898,1.7323884,-0.48018253,-0.6549092,-0.45774668,-0.5263436
2327,-1.7264154,-0.58790964,-0.87344337,1.1012731,0.1276935,1.0543636,-0.9105158,-1.6219913,-0.0390827,1.0392836,0.91115093,0.3919672,-1.0199404,-0.2647036,0.08564305,-0.9515197,2.4306712,1.0712174,-0.101424314,1.4876574,1.2449605,-0.48273563,-1.4918784,-0.23073743,-0.6740536,1.0942739,-0.5213408,-0.062057633,-1.1533018,0.5716301,0.06914851,-0.36222187
2328,0.07254726,-0.109904744,-0.7553345,0.7221154,-0.1108427,0.67639273,-1.4062941,-1.1491146,-0.0418477,-0.6465477,0.38305965,-0.8732361,-0.4796826,1.011168,-0.7127448,-0.58974504,0.9286772,-0.6007374,-1.24146,1.9501857,0.038198747,1.351503,-2.2355082,0.09019943,-2.2683167,-1.3218092,0.11393316,0.73120457,-0.13718224,-0.16914351,-1.5553739,-0.3369763
2329,0.85485274,0.42224216,-0.6527256,0.36807388,-0.9911041,0.6885505,-0.77169114,-0.73562646,-0.2651213,-0.22801538,0.34010392,-1.0780457,-0.08048568,0.01019499,-0.7201957,-0.6229132,0.77263343,-0.71087056,-2.298312,1.6455252,-0.28845826,1.7953409,-1.1909355,0.39149225,-2.8691423,-1.2452571,0.10870268,0.53965265,0.059063446,-0.71423566,-1.5341169,0.45736837
2330,-0.16633675,0.2500134,0.3553826,1.3116275,-1.0410597,-2.2269597,1.2694308,-1.0742434,-0.8920142,-0.6081266,-0.3748667,1.2742808,1.1559887,1.2444104,-0.347181,-0.030028518,1.3903445,1.662497,1.3245131,-1.1509845,-0.30213055,-0.5096234,0.4128661,-0.73581505,0.8280683,0.7474395,-0.17811243,0.26146874,1.0491806,-1.5758963,-0.25475594,-1.4827328
2331,-0.3388275,0.90195787,0.93221104,0.2295089,-1.5237582,0.22800921,-0.3223955,0.31164384,-0.7660429,-0.5973635,-0.43209353,-1.3764206,0.43772528,0.56657344,-0.7938809,0.5093491,1.4393016,1.3042573,0.29587787,0.58161485,-1.4542196,0.16941462,-2.2672453,-0.4174633,-1.5799278,-0.7131987,-0.40471494,-0.8226859,0.8955323,-0.486595,0.261849,-3.1633518
2332,-0.5920904,0.9034547,1.2696122,0.9191183,-1.17202,0.6562739,-0.48895597,0.2803777,-0.50942224,-1.026995,-0.48941907,-0.77366495,0.1154578,0.819067,-0.6928622,0.36355874,1.3857431,1.3996699,0.27021447,1.3284069,-1.691081,-0.33004332,-1.7880465,-0.4798776,-1.2774576,-0.56833744,-0.24336758,-0.8421606,0.42156425,0.17576687,-0.24947745,-3.0485685
2333,-0.5329319,1.1487434,1.929147,0.3182566,-1.034354,0.24755889,-1.1062735,0.87209404,-0.38540992,1.0525169,-0.60421205,0.5655968,-0.060466733,-1.1203909,-1.0444767,-0.8406624,1.313874,0.53974044,-0.706584,0.37709838,0.9582661,0.21947359,1.2087288,-0.035019953,-1.8427345,-1.8137265,-0.9939517,-0.3090812,-1.5547014,-1.2943703,0.75816786,2.235746
2334,-1.8104136,0.12076966,1.7905123,0.9796952,1.0711174,-1.7445089,-2.0925927,-0.2037587,-0.22805601,-0.9784748,0.4928583,-0.86514443,0.26992303,-0.27590418,1.0933074,1.1029654,-0.55312407,-0.6388891,-0.2207382,-0.6157826,0.78580165,0.47573417,-0.0091253845,-0.11654949,0.39167207,-2.2261667,-0.18161415,1.0102501,-0.89648265,-0.94215745,1.8103867,0.9964392
2335,-0.9854942,0.49247882,1.9164212,0.84511685,0.03860239,-0.48275432,-1.0298342,1.1537617,-0.4857604,0.9785827,-1.136492,0.16858098,-0.53938496,-0.3491569,-0.79746586,-0.4916818,1.2413179,-0.11009863,-0.33066997,0.6405995,1.3649726,0.9856248,1.3277901,0.09494542,-1.3143543,-1.9927245,-1.0154952,0.041232698,-1.3289441,-1.5911413,0.82759696,2.1542737
2336,-1.5461601,0.7161415,1.9341003,1.0574592,0.5133115,-0.93055195,-2.9269137,-0.9051379,-0.20512311,-1.1585445,0.0036478343,-0.33564058,0.48568282,-0.48145625,0.99130726,0.82223326,-0.16083078,0.25018105,-0.12787479,-0.8229838,0.26763403,0.15123077,0.13062954,-0.024728151,-0.29497537,-1.9761153,0.008081017,0.6211893,-1.5040208,-0.64928114,1.8217075,1.3031169
2337,-0.7361876,0.7688776,-0.33469158,0.25586304,-1.9812402,-0.371581,0.28827947,-0.65331626,-0.052964367,-0.5341067,0.94317096,-0.50800455,1.224037,0.2403532,-0.6274408,-0.8200605,-0.781714,1.7478777,0.937376,-2.109488,0.23406506,1.7856913,-0.39637104,0.7422924,-0.6021009,-1.1884413,1.3702362,-1.1715233,-0.5924637,-0.45086527,1.1446763,-0.29152408
2338,-0.58246076,0.6680324,-0.8712949,0.0325026,-2.3149576,-1.0064722,0.40499422,-0.7037869,-0.22816032,-0.37831625,0.6950958,-0.40186507,1.098412,0.30720234,-0.37242225,-0.39538664,-0.25995135,1.659248,0.74011,-2.280058,0.20194161,2.0283158,-0.6076919,0.48865658,-0.47353902,-0.8692533,1.0347143,-0.8605637,-0.3781888,-0.7804796,1.1125972,-0.8121369
2339,-1.3045925,-0.5663628,-0.76984817,1.365623,1.5442053,-0.3538828,-1.3855115,0.34342286,-0.7099376,-0.28009886,-0.28594482,0.95257604,0.8004396,1.268806,-0.1710641,1.1673759,0.03854135,0.8580758,-0.25830466,-1.6413077,-1.7475462,-0.18675911,-0.5445732,0.71347684,-1.2007242,-0.8768751,0.41227219,-1.4041641,0.09628868,-0.26537275,1.9015942,0.7713639
2340,-0.47255573,0.90193266,0.18344897,-0.93734807,-2.915923,0.19937377,0.73282576,1.3946927,-0.4925507,-0.24097483,1.2227631,-0.7752769,1.3106892,-0.5107813,-1.5747939,0.88197947,-0.35725155,1.2323103,0.5054592,-1.4183984,-0.47657627,0.67339814,-0.603884,0.86183244,-0.90086555,0.5095736,1.8715602,-1.0268073,-0.041835032,-0.2690073,0.71832913,-0.30574512
2341,-2.216571,-0.102970846,-0.9191236,0.42957303,1.5318295,-0.4958797,-0.6793403,-0.136407,-0.60035366,-1.1058989,0.9892953,0.8441862,0.96509945,0.5607863,0.5937013,1.246883,-0.24771537,0.8867258,-0.44393927,-1.573126,-0.72932976,0.21751496,-1.1422781,0.49168918,-0.42347786,-1.1232861,0.92891175,-1.1647825,-0.07583313,-0.48061895,2.2454715,0.6465776
2342,-0.17058554,1.0389478,0.20930669,0.40011448,-2.8800404,-0.60720426,-0.26352862,0.6564851,-1.181983,1.7199836,0.08307299,0.91014653,-0.4769046,-0.6845678,-0.68156534,-0.21890141,1.7558405,2.1778355,0.741005,-0.11192398,-0.742164,-0.15679015,0.5582002,0.84893346,-0.67674696,1.5149437,-0.34544381,-0.46055362,-0.6598431,-0.35602546,1.7398823,0.18554723
2343,-2.1520936,1.6074935,-0.32173172,-0.39746913,0.47954175,-1.1284126,-0.77569467,0.46905708,-0.16315413,-1.5683769,1.0998254,0.18730648,1.7400635,-0.47696105,0.53347385,-0.4445405,0.5059846,0.2060467,-0.68152446,-1.16146,-1.6377196,0.55297995,-1.4146816,0.31248537,0.26490048,-1.1257632,1.863029,-0.9746912,-0.5796878,-0.64807016,0.329729,-0.18183447
2344,-1.8635045,-0.27020955,-0.96488345,-0.6392577,1.680613,-0.41466543,-0.7008462,1.9423208,-0.19630536,-0.72583276,0.25600404,0.8984523,0.69356155,0.75652987,-0.4961674,1.0316302,-0.007559275,0.6164496,-0.21939299,-0.7025048,-1.8003876,0.16228631,-1.1689047,0.75627095,-1.7029258,-0.6839038,0.9699711,-1.4619559,0.17715769,-0.8457149,1.8758428,-0.08069206
2345,-1.3545325,0.16517594,-1.5147065,-0.3784137,0.029823044,-0.3716123,-0.99375814,0.69219285,-0.70588267,-0.19915786,0.3255244,-0.34052825,1.294062,0.5141671,-0.78486544,-0.7958054,0.26701936,0.27419904,-0.6730686,-1.7572039,-1.8485972,0.42206657,-1.878379,0.78028417,-1.3116736,-1.185341,0.6275498,-2.2124758,-0.42678866,0.42211714,0.92579055,-0.5981977
2346,-0.95825016,0.33396697,-0.545731,1.4065701,-0.13330029,-0.49985,-1.2268045,-0.45818833,-1.8446369,1.3386123,0.09940866,-0.16543037,0.6637991,0.8584045,0.4960002,-1.0585585,0.5453572,0.06957493,-0.90513736,-1.9031676,-1.7944069,-0.08023474,-0.50381416,0.8866685,-0.7133631,-0.8736996,-0.4580662,-1.7183882,-0.503514,0.72426057,1.1858457,0.52692527
2347,-1.9969231,2.7951503,0.70062953,-0.5096661,-0.8617347,-1.6838028,-0.06335747,1.2749531,0.23292442,-0.8786397,0.42475417,0.62276155,0.58170563,-0.7853854,-0.8917022,-1.5516511,0.8101369,0.058690652,-0.74397695,-0.14424156,-1.6891159,-0.19357856,0.20960777,-0.17353523,-0.74752194,-0.2664992,1.1112404,0.45118704,-0.50823855,-1.153725,-1.200586,0.17128669
2348,-1.1646678,1.7525059,1.3524433,-0.73452425,-0.9214632,-1.3450834,0.52278394,1.9760703,-0.231256,-0.3399325,0.09180989,0.6406679,0.5048922,-0.857855,-1.4062552,-2.625,0.5662526,0.23959911,-0.29930565,-0.21244264,-1.7317474,-0.28948668,0.37998635,0.18799523,-0.7644279,-0.23008095,0.5623488,0.8834998,-0.21348651,-1.0902333,-1.5847163,0.93278915
2349,0.4542706,0.22882402,1.7787775,-1.0657692,-0.75039846,-0.4094229,-1.2156057,0.9214896,-0.7367959,-0.4748924,0.2931225,-2.4748144,-0.1949926,-0.27824974,1.128549,-0.2876624,0.33511162,-0.8906931,1.0218538,0.7219896,0.6227934,-1.0635102,-0.85868496,-0.9243725,-1.5215422,-0.9691468,1.0426608,-0.44385245,-0.60559183,-0.35198706,1.1931282,-2.3255692
2350,-0.23615977,-0.01870854,2.0240564,-0.24016511,-0.5618613,-0.043349084,0.0065053115,-0.010302341,-1.5104257,1.7161707,0.47602388,-1.1827368,-0.91225326,0.018214963,1.5826026,-0.2849224,0.21790427,-1.244963,0.8250387,0.82030225,0.3733562,-1.0949739,0.29078466,-0.32585576,-0.22058126,0.6947865,-0.8416706,-1.6718827,-0.8831418,1.663239,2.2295144,-0.89276385
2351,-1.7469268,1.9318619,2.2262564,-0.5511517,-0.76229805,-0.48998043,-0.3279977,1.9392602,0.2830604,-0.66764617,-0.49735826,0.76597536,0.51990026,-0.6694749,-0.7621197,-2.5362928,-0.30903256,-0.89057636,0.46103722,0.07460795,-0.6153949,-0.15701382,-0.6605749,0.5843448,-0.8431673,-1.0727646,0.50089663,1.1158429,-0.2144772,-0.58403784,-1.1336844,-0.9878583
2352,-1.7228745,1.7515774,2.3212712,-0.39801335,-0.45162672,-0.13073193,0.060667746,2.008145,0.40858358,-0.5541394,-0.7387843,0.78914595,0.51405907,-0.691146,-0.79382885,-2.5920851,-0.4706271,-1.1779803,0.6467517,-0.124386825,-0.072506405,-0.3240248,-0.67142063,0.30402797,-0.54645,-0.7236302,0.5468752,1.1454631,-0.21313459,-0.52860045,-1.1347454,-1.2826133
2353,-0.88337433,-0.7775863,1.8017243,0.34028473,-0.45322478,-0.6618843,-0.6863207,0.51291114,-0.24284558,1.0268075,0.05547376,-0.6401966,-0.85895914,-0.00944529,1.8648392,-0.06980369,0.9088583,0.15777497,1.5889013,0.3466237,0.5076744,-2.293993,0.00016716149,-0.25809526,-0.5021758,0.8125882,-0.22895613,-0.28264394,-1.0028721,0.16452956,2.578194,-2.2427356
2354,-0.8384312,-0.22617704,1.8677219,-0.3839516,-0.4049193,-0.92042506,-0.8307768,1.1140144,0.2929589,-0.19268802,-0.35551453,-1.5392694,-0.46072605,0.35009786,2.0114384,0.1485985,0.43515867,-1.130045,1.3910269,0.55015576,0.07227343,-1.4587017,-1.1674037,-0.51466805,-0.78247416,-0.6430115,0.78829217,0.32487828,-0.05719278,-0.72590995,1.6150652,-2.9786847
2355,-0.8587928,-1.2433629,1.1430019,0.69854784,-0.40659252,-0.22531413,-0.33920327,-0.4956564,-0.6741841,1.1790984,0.25775734,-0.39985457,-1.1212896,0.30088717,1.9030154,0.35353398,1.8886077,0.36051345,1.1519172,0.8242556,0.00957769,-2.413041,-0.051932458,0.006269697,-0.22615074,0.0445664,0.3186672,0.014762426,-1.8281094,-0.2942021,2.1547792,-1.1600976
2356,-0.45756873,1.368374,1.7561911,0.23372833,0.25013846,0.8284737,0.26581118,0.33508247,-0.42181036,-1.4034396,-1.4165006,0.42351168,0.61898005,0.40159512,-0.8368951,-1.0357292,-0.3681083,-2.811425,-0.18095158,-0.006477352,-0.29027632,-0.13853146,-1.3395554,0.66895366,0.09805538,-1.9681376,0.63821936,0.67992246,-1.523749,-0.28228164,-1.4764587,0.41464955
2357,1.6090548,2.155382,0.58671045,0.62013036,-1.5171839,-1.118404,-1.3123112,1.6975173,-1.520421,1.392604,-0.6824735,0.97269195,0.10814549,0.08902778,0.15538777,-1.0610127,0.85045207,1.0306739,0.3216119,1.4273545,-0.29497415,-0.8300391,0.9373722,-0.06324058,-0.25579306,0.5855066,-0.4308433,0.07491973,-1.2303267,0.02927688,0.47182643,-0.14807685
2358,1.6933478,2.2267888,0.23383154,0.1877896,-1.8346553,-1.2956902,-0.8786082,1.4813393,-0.6190448,-0.10149771,0.106738456,1.4340084,1.5275939,-0.24613558,-0.84625375,-1.178131,-0.6153859,0.6833177,-0.45385876,0.6238033,-1.970787,0.3179189,0.07279125,-0.41118038,-1.055564,-0.52659607,0.76192135,0.8985909,-0.46847594,-0.88990444,-0.82280135,-0.086830355
2359,1.0284636,2.5260766,0.48421642,-0.2889928,-1.2620453,-0.73519087,-1.0387797,1.6323926,-0.6278886,-0.55234766,-0.059319224,0.6785749,1.8327656,-0.294758,-1.5573393,-0.72145736,0.005875311,0.118281536,-1.0051637,0.52996236,-1.197967,0.054118775,-0.11832512,-0.12830135,-2.2661984,-0.5238587,0.94511783,1.179725,-0.51538813,-0.4510403,-1.4667853,0.40350473
2360,0.6272289,2.6729712,0.13855514,-0.5771446,-1.0662411,-0.9350552,-1.1011968,1.3311261,-0.6966631,-0.45396316,0.42474154,0.7024276,1.6573198,-0.6741894,-1.7835064,-0.5847242,0.32211253,0.33064318,-1.1728237,0.08049152,-1.2728802,-0.058488667,-0.11815639,-0.08281567,-2.1224742,-0.37142736,1.3582613,0.9075205,-0.6228548,-0.11611607,-1.2245706,1.021464
2361,-0.7677776,0.6008933,0.85647523,0.24145591,-0.86084205,0.859405,-0.65870726,-0.5086505,-1.0329932,1.450413,-1.4369624,0.33739045,-1.5744466,-0.44387737,0.20638968,-0.13322946,2.3242006,1.6874856,-0.5520579,1.4304578,-0.12581165,0.4558979,0.9388618,-1.1539845,-0.60488623,0.056884192,-1.0757113,-1.4471779,-0.5215642,0.33806676,0.9757625,-0.12410598
2362,0.8980388,-1.4834696,-0.31061164,0.06503565,-0.69339263,0.085065514,0.031648334,-1.4550337,-0.90093404,1.1810812,1.1090481,0.42977905,-0.77669334,0.19901873,0.3592324,-0.012125766,3.010044,0.29919693,0.12302744,1.015821,0.10496906,-1.9911972,0.9019728,0.67143446,-1.0595564,-0.6596468,0.1446495,0.020787345,-1.9244429,-0.57118994,0.5597319,0.40436578
2363,0.7590199,-1.4492594,0.10906567,0.2506128,-0.5760441,0.27421257,0.26460165,-1.6790404,-0.87616843,1.4193177,0.8928515,0.8105986,-0.36818752,-0.12683067,0.9540197,-0.021193702,2.921382,-0.15116557,0.19259903,1.045426,-0.43790582,-2.0776417,0.7357395,1.015971,-0.41589063,-0.5690286,0.26416937,0.048026305,-1.7162404,-0.52280873,0.5900826,0.15365835
2364,0.7619963,-1.2507241,0.30610296,-0.98188984,-0.38966534,-0.23411468,-0.50142974,-0.08948941,0.79117113,0.60944825,0.88298607,-0.6775169,0.028409488,0.55235344,0.029449929,0.19238803,1.2414579,-1.1857908,0.0028615713,1.1633103,-0.52139,0.1508924,-1.7742163,1.2124854,-0.73410356,-2.0889075,1.2540137,2.4535587,-1.6096839,-0.5710838,1.263877,0.04808896
2365,-0.44053513,-0.93082166,1.1657196,0.07342645,0.45055977,0.7726663,-0.39423344,0.1760395,1.2461866,0.038503632,0.7313644,0.2363747,0.86638355,0.3752964,0.4341208,-0.8621988,1.1030802,-0.9583934,0.11394973,1.8472894,-0.68410087,0.30103678,-2.2985523,0.822951,-1.4669057,-1.1409049,1.7077765,1.7245487,-0.43642572,-1.2663394,-0.41261256,-0.7475934
2366,-0.39288273,-0.76475465,0.91072285,0.056006573,0.50272065,0.7115398,-0.49210247,0.11285968,1.1455739,-0.014793505,0.6941443,0.04898088,0.6681787,0.4285646,0.16218507,-0.8820001,1.1615087,-0.90614015,-0.088456206,1.9230236,-0.60721713,0.6404029,-2.5619128,0.6929743,-1.6014428,-1.181083,1.5986679,1.6593596,-0.32156277,-1.1321124,-0.78911763,-0.63340336
2367,-0.5849675,-0.066810764,0.211056,0.46224678,0.6257251,0.6274285,-1.1377709,-0.27402204,0.35249257,-0.5377591,0.4888428,-0.4676349,-0.010421535,0.7716596,-0.51710635,-0.7888574,1.0966718,-0.115924,-0.4005743,1.9756027,-0.13168822,1.183729,-2.8202667,0.29119506,-1.9975017,-1.1787354,1.2346383,0.7739541,-0.44601604,-0.276047,-1.8253075,-0.5308232
2368,0.46056572,-0.10282348,-0.36720657,0.5538026,-0.07657769,0.4043276,-1.0032659,-0.8547649,-0.066588975,-0.57837576,0.5818869,-0.75215566,0.07925392,0.99788266,-0.7659945,-0.56160784,1.1684706,-0.4007285,-1.1770217,1.8122656,-0.24184291,0.94126827,-1.8834618,0.19142382,-2.6761591,-1.2934264,0.42573544,0.6459842,-0.27534038,-0.6016572,-2.3695943,-0.48606956
2369,1.3401241,0.53891075,-0.15102692,0.017598653,-0.8524692,0.17824721,-0.38359886,-0.19309092,-0.03568711,-0.24110171,0.57363546,-1.3352563,0.16910222,0.12957837,-1.1034615,-0.45773962,0.91239697,-0.7502862,-1.990613,1.6979188,-0.3255511,1.3255746,-0.6228011,0.16364117,-2.9665973,-1.0744691,0.35165712,0.8041968,0.25838554,-1.0261899,-1.961864,-0.13538493
2370,-0.5054977,0.7374686,-0.6777907,1.2405401,-1.8136964,-2.7639322,0.4522714,-0.37366894,-0.816368,0.16850102,0.20315874,1.7507985,0.3309525,0.8774075,0.5771743,0.17271945,1.227617,1.5530838,0.97062373,-0.55825585,-0.5973258,1.3721309,0.6448521,-0.10757465,0.3057426,1.6330954,0.6150236,0.26362354,-0.2938357,-0.73560923,0.82575256,-1.5973483
2371,0.097033605,1.150707,0.64662385,-0.07860251,-1.3250183,-0.58105606,-0.37608838,0.4550777,-0.9274445,-0.62388766,-0.6399275,-1.3874333,0.806641,0.2336149,-0.6166899,0.86929816,1.5724982,1.075416,-0.058566824,0.42678434,-1.2034457,0.75837755,-1.3989557,-0.12519635,-2.3956392,-0.3021621,0.08453913,-0.2537955,1.1452637,-1.0507487,-0.07306039,-3.206482
2372,-0.042582013,0.9687413,1.1795176,0.81104803,-0.86216325,0.118983105,-0.57402784,0.25846353,-0.45944723,-1.3839784,-0.7081606,-0.8678908,0.68848675,0.69997907,-0.45009607,0.8459134,1.3057163,1.257751,-0.0049008825,1.3866962,-1.6974955,0.026645282,-0.9790814,-0.44705197,-1.8791374,-0.28656426,0.1779933,-0.39830205,0.73625493,-0.38306567,-0.69641036,-3.147173
2373,-0.09605566,1.9329351,2.2483559,0.49695852,-1.1006035,0.5895044,-1.6087902,0.05408792,0.0858211,1.1983489,-0.56962764,0.37906924,-0.085309215,-1.1326652,-0.37159088,-1.1397344,1.3882321,1.2397106,-0.43644354,0.06552268,0.30419397,-0.7346354,1.7007635,-0.26001343,-1.5607265,-1.5207758,-1.2379879,-0.3949389,-0.91125757,-0.6673472,0.7497879,1.16659
2374,0.04587875,0.86516654,2.5161679,0.13329563,0.23100632,-0.9623603,-1.8424292,1.1897582,0.58016604,-0.3972185,-1.3296055,-0.8470495,0.55074465,-0.038049556,-0.97616774,0.79342884,0.50692874,-0.20446548,-0.76249146,0.69844395,0.14854315,0.9569292,0.81778514,-0.24748828,-2.3195612,-2.368547,0.033852678,0.9021835,-0.24616255,-1.9212884,-0.03192069,-0.01887292
2375,-1.1028043,0.89051664,1.9720069,1.1569285,0.40345892,-0.43891734,-3.234763,-1.1229311,-0.09611542,-0.27223033,-0.42371634,-0.051159628,0.1040186,-0.39792162,1.0722921,0.6439916,0.20916344,0.41966763,0.0072419415,-1.0940276,0.11263779,-0.34990522,0.85921806,-0.053277444,-0.5331102,-1.5245752,-0.66451067,0.11467834,-1.5416167,-0.07559434,1.9415338,1.2376016
2376,0.5285176,0.8477039,1.0057986,-0.10142634,-0.46173218,-0.33694115,0.21386968,0.7689709,-0.15464996,-0.70059246,-1.976073,-0.96820056,0.122460686,0.4359141,-1.1655952,0.9854666,0.9070842,-0.032378573,-0.81433016,1.1883209,-0.41234747,1.4929687,-0.17151056,-1.0292324,-0.94140154,-1.9707538,0.0022889983,-0.19892032,0.97484183,-1.4784359,-1.4880306,-2.437562
2377,-0.5589037,0.8080702,2.0466504,1.118122,-0.58279604,0.6310676,-0.09114456,-0.36631888,-0.6659457,0.8088951,-1.0849553,-0.035414368,-0.93676406,0.17988746,0.36053205,-0.90145266,1.4445397,1.7120329,0.06541178,1.8312769,-0.3762407,-0.17362319,1.3861495,-0.98263323,-0.7384444,0.13170393,-1.4823936,-1.2976072,-0.09456857,0.14857294,1.0900307,-1.2671207
2378,-1.4355541,0.4975478,2.1564682,1.037296,1.4628175,-1.6154928,-2.4670968,-0.3826673,0.114013486,-0.84493524,-0.24062088,-0.7236648,0.4852985,-0.038078245,0.8364279,1.2781703,-0.3379182,-0.51086116,0.06275662,-0.7805067,0.8517384,0.032330565,0.7688025,-0.24891977,0.11183636,-1.826002,0.08621053,0.7762588,-0.9119718,-0.9022432,1.7977015,0.66333824
2379,1.6547058,-0.69468546,-1.2942406,-0.15764388,-0.39689377,0.8383396,-0.08806719,-1.0545768,-0.25504678,0.5528347,-0.55318034,-0.75013226,-0.07174686,0.28357258,-0.9799108,-0.031263,0.89321584,-1.12533,-2.1712275,1.6188176,0.267756,1.6996844,-1.2784156,0.13218264,-1.665845,-0.023203084,0.0674321,-0.19717579,1.1639774,-1.0849466,-1.7450427,-0.52091557
2380,1.1893525,-0.01763792,-1.0165616,0.15178531,-0.8130232,0.5530189,-0.30059382,-1.1197864,-0.21396734,0.03837569,-0.086429566,-0.8910987,-0.3996026,0.43151194,-0.44407776,-0.34008816,0.90526307,-1.118996,-2.3122222,1.8718854,-0.14714196,1.9045051,-1.0600225,0.21665032,-2.5826378,-0.95750827,0.0030363256,0.48480472,0.41473395,-0.78932035,-1.2674432,0.012163694
2381,1.1923151,0.33059418,-0.8025359,0.3375552,-0.85576856,0.5274498,-0.35886377,-0.9736945,-0.18244913,0.026930314,0.047229357,-1.0834806,-0.2974791,0.19433892,-0.5207055,-0.7565727,0.8583694,-1.0792348,-2.2960136,1.6058735,-0.15006943,1.760623,-0.97531897,0.21703485,-2.717273,-1.3204938,-0.10429113,0.69632465,0.34965613,-0.98261756,-1.4864849,0.18125395
2382,1.4112425,0.2437116,-0.3835955,0.12002069,-0.74080884,0.07172431,-0.2733616,-0.54668665,-0.09332121,-0.24041912,0.51700896,-1.2851329,0.09075774,0.45602205,-0.8794771,-0.55678546,1.0314097,-0.93314004,-1.8903897,1.708861,-0.2554106,1.2287583,-0.7092897,0.0666274,-2.9064984,-0.97433376,0.1665662,0.89358974,0.31023896,-1.1251686,-1.9959793,-0.40559357
2383,2.4690547,0.21957244,-1.4226044,-0.6934824,0.43947908,-0.20191707,-0.39909518,0.2087574,-0.6128826,-0.88497114,-1.3929652,0.7462526,1.9066098,0.6813454,-2.4919891,0.70175374,0.57861245,0.826182,1.067522,-0.10544145,-0.65519065,-0.58063555,-0.6556689,-0.72925943,0.55793,0.7814829,1.0637684,-0.05534729,-0.0007589881,0.051983543,-1.7376941,0.08142117
2384,1.5544511,-0.0033585313,-0.83013016,0.06609995,1.1730227,0.21097122,-0.30987072,-0.099856004,-0.14929661,-1.7297298,-0.6685857,0.7820386,1.8857803,1.1796749,-1.6210775,1.1232111,0.29562458,1.0027963,0.84269893,0.20808597,-0.7655712,-0.46032915,-0.6321774,-1.3362632,1.2969674,1.4142287,2.2529652,0.6230946,-0.21002032,-0.23945756,-0.91009766,-0.29724124
2385,1.5353974,0.11814029,-0.042439274,1.2072215,0.4441939,0.25828004,-1.0639446,-0.81801736,-1.5530796,0.118149504,-1.0690175,1.3604085,1.0880154,0.9770951,-0.45788816,0.22569063,1.4146844,2.0723255,0.5012891,-0.024329653,-1.9928854,-0.44625863,0.54808015,-0.51394296,0.41826934,1.9614396,0.80044377,0.12345781,0.3389197,0.45231938,1.1222565,0.23479465
2386,-1.5168521,0.902956,-0.60294545,-0.6353592,1.5953186,-0.6197865,-0.82410884,1.2814722,-0.10155468,-1.5127356,-0.19797012,0.35553974,1.5287377,0.3243612,-0.17113325,0.6866671,0.43845117,0.6100991,0.116240025,-0.21553844,-1.827072,0.6543077,-1.1802148,0.20302673,-0.4463037,0.37360048,2.7031791,-1.0347495,-0.57739574,-0.4190549,1.6070968,-0.12888727
2387,-2.151073,0.40006098,-0.5829647,-0.74325275,0.99774474,-1.0360972,-0.5586873,2.019844,-0.5103066,-1.2963283,0.65800446,0.6803157,1.2878578,0.18445604,0.5469113,-0.1549453,0.16058281,0.15823905,-0.049664255,-0.7025664,-1.883321,-0.10316552,-1.469758,0.54144603,-0.33463344,-0.35718873,1.4005936,-1.7438576,-0.36282122,-0.6593159,1.5225058,-0.433097
2388,-1.2647719,-0.010353186,-0.728595,-0.08636125,0.09281643,-1.2072421,-0.5054889,1.4848758,-0.7933983,-1.2690095,1.2211922,0.5873876,1.2098814,-0.791082,0.54200315,-0.3802621,0.58783805,-0.0018322716,-0.39356327,-1.2011527,-2.094512,-0.2056286,-1.7829539,0.23207936,0.07911218,-1.390186,1.0737164,-2.4587057,-0.3022453,-0.31890708,0.25857666,-0.023713632
2389,-0.8391608,-0.07018183,-0.7359259,-0.01813541,-0.45103508,-0.91119,-0.3181852,1.228854,-1.0512664,-1.0631305,1.5974268,0.43882823,1.2323972,-1.1393414,0.4058632,0.18355839,0.4286811,-0.0122487405,-0.43450668,-1.285157,-2.076836,-0.26032197,-1.7457818,0.032989927,0.33204696,-1.5007007,0.96060866,-2.5383043,-0.22318977,-0.33327368,-0.032024983,0.09062835
2390,-0.4320177,0.33212528,-0.30736616,-0.22948553,-0.89443314,-1.0125073,-0.43394533,0.858731,-1.0832015,-1.0837288,1.8146708,-0.12018681,0.90406406,-1.5632437,0.35293132,0.78211784,0.29843804,-0.26770574,-0.4009571,-1.2027361,-1.6423889,0.26138696,-2.057277,-0.39829373,0.855679,-1.6221697,1.0962131,-2.0146189,-0.6005279,-0.4974548,0.2671328,0.5391807
2391,-0.19024593,0.875241,1.8937422,0.5404242,0.08660921,-0.91099334,-0.034768857,0.94411147,-0.62981147,1.3276082,-0.37000597,0.89461726,-0.017500086,-1.2436565,-1.4349993,-2.3766084,0.34869853,0.3036099,1.2492417,0.8288109,0.44916737,-0.1602708,1.4673852,0.73005134,-0.32647392,-0.1885973,-2.0883906,-0.49470183,-0.6441776,-1.2244784,-1.0813012,1.178037
2392,-0.17156884,1.8674151,1.6238043,0.43853098,-0.90414995,-1.0706159,-0.43871987,0.9639555,-0.7187617,1.5819466,-0.32962164,0.7221644,-0.123808235,-1.1412868,-0.6831088,-2.5303168,0.6565378,0.4944686,0.54888713,0.26798797,-0.09797456,-0.15132037,1.4656968,0.9152562,-0.64206487,-0.5716813,-2.0045986,-0.748726,-0.8692904,-0.9026668,-0.7702501,0.7116294
2393,-0.07824789,2.0463533,1.6893139,0.04462353,-1.3443338,-0.9175963,-0.344052,0.8091923,-0.6662719,1.3633219,0.13402294,0.5262054,-0.4358494,-0.93383795,-0.4357815,-2.6444323,1.0066352,0.6426359,0.48245642,0.18673381,-0.35595778,-0.14163856,1.7336096,0.6791391,-0.9669775,-0.40875617,-1.7776215,-0.7784771,-1.2905576,-0.78164047,-0.21227649,0.20319122
2394,-0.011868591,1.8535537,1.2718145,-0.3400795,-2.0013385,-0.9322312,-0.4149552,-0.25458235,-0.7954646,1.1498967,0.06348942,0.3077128,-0.21351248,-1.0589477,-0.34189302,-1.3902503,1.8290526,0.9350276,-0.3609144,0.43694547,0.6554521,-0.42812496,2.0430224,-0.19624136,-1.6907431,-0.47110537,-1.737499,-0.373696,-0.8812519,-1.064772,0.55769956,-0.7730307
