beam_id,element_id,source_beam_ids,point_indices,point_coords,point_support_flags,beam_touches_support,compression,tension,shear_z,shear_y,moment_torsion,moment_y,moment_z,displacement_t,displacement_r
0,0000,"[0, 1, 2]","[0, 1, 2, 663]","[[36.42359999999985, -9.143999999999892, 21.908260412276604], [36.42359924316406, -9.144000053405762, 23.85059928894043], [36.42359924316406, -9.144000053405762, 27.203399658203125], [36.42359924316406, -9.144000053405762, 30.55620002746582]]","[0, 0, 0, 0]",0,-9.910732513462497,0.0,-0.6525878111200055,0.3741489940740023,7.836936807313142e-05,-1.1003301321416217,-0.4647462257964774,0.019073513707641224,0.00276985377462343
1,0001,[3],"[3, 900]","[[0.0, -6.197599999999852, 0.0], [0.0, -6.197599999999989, 3.733799999999974]]","[1, 0]",1,0.0,0.027659743361953298,-0.000521750759212187,0.00028846417297622855,0.0,-0.0019481129847464368,-0.0010770675290585874,0.0017513834048152963,0.0009577296464207911
2,0002,[4],"[4, 983]","[[4.571999999999889, -33.90899999999982, 0.0], [4.572000026702881, -33.909000396728516, 3.733799934387207]]","[1, 0]",1,-400.9635028812674,0.0,1.6790200979688177,-0.08009015839091857,0.0,6.26912513163081,0.29904062814507454,0.00417189831036238,0.005465498588129558
3,0003,[5],"[5, 907]","[[21.6407999999999, 1.1368683772161603e-13, 0.0], [21.64080000000007, 2.842170943040401e-14, 3.733799999999974]]","[1, 0]",1,0.0,0.0016003124693388328,1.0990986208335809e-05,-1.0037205220793407e-05,0.0,4.1038144304683636e-05,3.747691685340584e-05,0.0003514196503069401,0.00019290631348438695
4,0004,[6],"[6, 913]","[[43.738799999999856, 1.1368683772161603e-13, 0.0], [43.738800000000005, 3.789561257387201e-14, 3.733799999999974]]","[1, 0]",1,0.0,6.130789367214102e-11,2.5660921992263425e-05,-6.775256604016545e-05,0.0,9.581275053470787e-05,0.00025297453108072626,0.0008676674821679076,0.0004974111595544453
5,0005,[7],"[7, 914]","[[43.738799999999856, -6.197599999999852, 0.0], [43.738800000000026, -6.19759999999998, 3.733799999999974]]","[1, 0]",1,0.0,3.5227674336539426e-11,-9.824503022720802e-05,6.766126714649918e-05,0.0,-0.000366827293862388,-0.00025263363927161605,0.001002830849975613,0.0005637910016533986
6,0006,[8],"[8, 1000]","[[30.175199999999904, -33.90899999999982, 0.0], [30.175199508666992, -33.909000396728516, 3.733799934387207]]","[1, 0]",1,-287.0518070211335,0.0,0.44501872975297246,0.09964909139844404,0.0,1.6616109039527505,-0.3720697709252605,0.0034331681234904096,0.002623937007175782
7,0007,[9],"[9, 994]","[[21.6407999999999, -33.90899999999982, 0.0], [21.64080047607422, -33.909000396728516, 3.733799934387207]]","[1, 0]",1,-371.38351886434344,0.0,-1.3665056758556458,-0.13540935670472384,0.0,-5.1022588028496285,0.5055914471795188,0.0038161192825265826,0.0019704183647213346
8,0008,[10],"[10, 988]","[[13.106399999999894, -33.90899999999982, 0.0], [13.106399536132812, -33.909000396728516, 3.733799934387207]]","[1, 0]",1,-666.0527664234519,0.0,-1.4024947905674339,-0.5502430974227535,0.0,-5.236634956999156,2.054497641054118,0.005552545667371272,0.003881122648446792
9,0009,[11],"[11, 966]","[[4.571999999999889, -27.20339999999976, 0.0], [4.572000026702881, -27.203399658203125, 3.733799934387207]]","[1, 0]",1,-889.911911590254,0.0,4.939786234273293,0.07343954333429298,0.0,18.444173517416523,-0.2742085620830106,0.006919707862115837,0.01308116155214273
10,0010,[12],"[12, 963]","[[4.571999999999889, -23.012399999999843, 0.0], [4.572000026702881, -23.012399673461914, 3.733799934387207]]","[1, 0]",1,-773.2358037782658,0.0,4.418295322115648,-0.13715677697570686,0.0,16.497030783818772,0.512115964872657,0.006039459904911271,0.011601725855967861
11,0011,[13],"[13, 949]","[[4.571999999999889, -14.935199999999838, 0.0], [4.572000026702881, -14.935199737548828, 3.733799934387207]]","[1, 0]",1,-602.0923570748051,0.0,1.213414799172648,-0.08371986259693943,0.0,4.530648097535309,0.3125932174713592,0.004697485858015986,0.0035626707922862106
12,0012,[14],"[14, 969]","[[13.106399999999894, -27.203399999999817, 0.0], [13.106399536132812, -27.203399658203125, 3.733799934387207]]","[1, 0]",1,-1649.336066258059,0.0,-3.914887295497846,0.3197093877817884,0.0,-14.617405927063345,-1.1937308911226299,0.012111027906929531,0.00856186193158266
13,0013,[15],"[15, 955]","[[30.175199999999904, -23.012399999999843, 0.0], [30.175199508666992, -23.012399673461914, 3.733799934387207]]","[1, 0]",1,-108.34322171534772,0.0,0.04494676495973796,0.06846599835068655,0.0,0.16782222805758878,-0.25563834014955134,0.0021041979415686966,0.0012605514543352736
14,0014,[16],"[16, 975]","[[30.175199999999904, -27.203399999999817, 0.0], [30.175199508666992, -27.203399658203125, 3.733799934387207]]","[1, 0]",1,-134.6258412749193,0.0,0.016204681968214247,-0.04951328756289487,0.0,0.06050504046968454,0.18487270985363413,0.002548818749764531,0.0013568144121378794
15,0015,[17],"[17, 979]","[[38.70959999999991, -27.20339999999976, 0.0], [38.709598541259766, -27.203399658203125, 3.733799934387207]]","[1, 0]",1,-75.90757007671826,0.0,-0.3590260450680893,-0.09222712486061788,0.0,-1.3405314235186379,0.3443576327533236,0.0024600985071933823,0.0010577263724468665
16,0016,[18],"[18, 951]","[[38.70959999999991, -23.012399999999843, 0.0], [38.709598541259766, -23.012399673461914, 3.733799934387207]]","[1, 0]",1,-227.78378228760522,0.0,-0.08531217856078306,-0.015681719651136867,0.0,-0.31853860671270706,0.05855240380449808,0.0026317474322298828,0.0009702710602861548
17,0017,[19],"[19, 919]","[[38.70959999999991, -14.935199999999838, 0.0], [38.709598541259766, -14.935199737548828, 3.733799934387207]]","[1, 0]",1,-219.7820343355249,0.0,-0.21850206417352575,0.03377793894849828,0.0,-0.8158429928746442,-0.12612006622964794,0.002101112295942433,0.0002450960347203237
18,0018,[20],"[20, 972]","[[21.6407999999999, -27.20339999999976, 0.0], [21.64080047607422, -27.203399658203125, 3.733799934387207]]","[1, 0]",1,-505.3817600654728,0.0,-3.740973806144627,0.2051340563826479,0.0,-13.968047751927244,-0.765929526262122,0.004350470702417335,0.007861609684497095
19,0019,[21],"[21, 945]","[[13.106399999999894, -14.935199999999838, 0.0], [13.106399536132812, -14.935199737548828, 3.733799934387207]]","[1, 0]",1,-718.9864479566286,0.0,-2.19436168548029,-0.0480337488206462,0.0,-8.193307517268192,0.17934840819490216,0.005359614587636235,0.004601893456875989
20,0020,[22],"[22, 960]","[[13.106399999999894, -23.012399999999843, 0.0], [13.106399536132812, -23.012399673461914, 3.733799934387207]]","[1, 0]",1,-1423.473439587469,0.0,-6.069980199813178,-0.04194465892548711,0.0,-22.66409167179435,0.15661296474387937,0.010451801356397561,0.013497100015410496
21,0021,[23],"[23, 937]","[[30.175199999999904, -14.935199999999838, 0.0], [30.175199508666992, -14.935199737548828, 3.733799934387207]]","[1, 0]",1,-452.50749088351733,0.0,0.3702529135917802,-0.11463107439400641,0.0,1.382450304475677,0.4280094980510809,0.003489633755409252,0.0017317075071268447
22,0022,[24],"[24, 1006]","[[38.70959999999991, -33.90899999999982, 0.0], [38.709598541259766, -33.909000396728516, 3.733799934387207]]","[1, 0]",1,-708.7812836029866,0.0,-1.9747852518537152,0.25718504068824505,0.0,-7.373453043800831,-0.9602774880472194,0.005828861376806394,0.0035616858001349654
23,0023,"[547, 548]","[547, 548, 549]","[[1.8287999629974365, 1.1368683772161603e-13, 30.55620002746582], [7.315199851989746, 1.1368683772161603e-13, 30.55620002746582], [9.753600120544434, 1.1368683772161603e-13, 30.55620002746582]]","[0, 0, 0]",0,-1.3470885181986167,0.0,0.7684608654525139,0.008163178083975542,0.004568295268155417,-0.26429715788863883,0.010408290521500503,0.05477463489619464,0.004956839797577667
24,0024,[549],"[549, 580]","[[9.753600120544434, 1.1368683772161603e-13, 30.55620002746582], [15.849599838256836, 1.1368683772161603e-13, 30.55620002746582]]","[0, 0]",0,-0.6111414839828573,0.0,-1.3736067897268669e-16,0.0012150843540724107,0.0038930958740718263,4.713381054064111e-16,0.0037108381842891314,0.04872382083569624,0.004181091843443712
25,0025,[550],"[550, 551]","[[27.88920021057129, 1.1368683772161603e-13, 30.55620002746582], [36.42359924316406, 1.1368683772161603e-13, 30.55620002746582]]","[0, 0]",0,0.0,0.7784557674916033,-5.272250263796151e-17,-0.00013271222336009493,-0.0033502330985189007,-2.5005495147661734e-16,-0.0005731500070960857,0.041184750663850946,0.0028989416621865143
26,0026,[551],"[551, 552]","[[36.42359924316406, 1.1368683772161603e-13, 30.55620002746582], [41.90999984741211, 1.1368683772161603e-13, 30.55620002746582]]","[0, 0]",0,0.0,1.1108467709070644,-8.466668611323657e-17,-0.0012296164223100897,0.0009479803392257897,4.273049642833278e-16,-0.0033747123651183195,0.031161307330052065,0.0032533736387629175
27,0027,"[552, 553, 554]","[552, 553, 554, 666]","[[41.90999984741211, 1.1368683772161603e-13, 30.55620002746582], [41.90999984741211, -2.1691598892211914, 30.55620002746582], [41.90999984741211, -4.228439807891846, 30.55620002746582], [41.90999984741211, -6.1975998878479, 30.55620002746582]]","[0, 0, 0, 0]",0,0.0,1.6988725824117656,0.7745331155232509,0.009445630534485988,-5.176172515024167e-06,0.8734341819768426,0.0069457624689120406,0.02421003362700512,0.004187424729065688
28,0028,"[555, 556, 557]","[551, 555, 556, 557]","[[36.42359924316406, 1.1368683772161603e-13, 30.55620002746582], [36.42359924316406, -6.1975998878479, 30.55620002746582], [36.42359924316406, -4.228439807891846, 30.55620002746582], [36.42359924316406, -2.1691598892211914, 30.55620002746582]]","[0, 0, 0, 0]",0,-2.3570217419667876,0.0,0.6150369711541576,-0.004674912689383896,0.001139032308352921,1.2111062512938502,-0.005147837095523297,0.034260309901184255,0.007198794981551998
29,0029,"[558, 559, 560, 561]","[550, 558, 559, 560, 1397]","[[27.88920021057129, 1.1368683772161603e-13, 30.55620002746582], [27.88920021057129, -2.1691598892211914, 30.55620002746582], [27.88920021057129, -4.228439807891846, 30.55620002746582], [27.88920021057129, -6.1975998878479, 30.55620002746582], [27.88920021057129, -7.924799919128418, 30.55620002746582]]","[0, 0, 0, 0, 0]",0,0.0,1.6241840460187416,1.4487821761933242,0.00947913964288297,0.004255909025255638,0.33958484033541275,-0.0024635729332448267,0.06419936361998836,0.007960773319222014
30,0030,[562],"[555, 560]","[[36.42359924316406, -6.1975998878479, 30.55620002746582], [27.88920021057129, -6.1975998878479, 30.55620002746582]]","[0, 0]",0,0.0,0.040535710629147154,-0.011410556610165625,-0.0009704907844314456,0.0011849827999590586,-0.0973822432951425,-0.005804392620856958,0.033504402287947335,0.007172369723178321
31,0031,[2011],"[553, 557]","[[41.90999984741211, -2.1691598892211914, 30.55620002746582], [36.42359924316406, -2.1691598892211914, 30.55620002746582]]","[0, 0]",0,0.0,0.7229940470923166,2.1166671528309143e-16,-0.0013614614321401342,0.0009422111687064744,7.171772970645362e-16,0.003739486783397304,0.02707605745171857,0.004753346506908858
32,0032,[2012],"[554, 556]","[[41.90999984741211, -4.228439807891846, 30.55620002746582], [36.42359924316406, -4.228439807891846, 30.55620002746582]]","[0, 0]",0,0.0,0.7174601696171439,3.1750007292463715e-17,-0.0014833036948454846,0.0016278503223239981,1.2122990453471644e-16,-0.004479753501485151,0.018692524598129832,0.006610407352331595
33,0033,"[563, 564, 565]","[561, 562, 563, 599]","[[17.525999069213867, -7.924799919128418, 30.55620002746582], [17.525999069213867, -10.344253540039062, 30.55620002746582], [17.525999069213867, -12.700115203857422, 30.55620002746582], [17.525999069213867, -14.935199737548828, 30.55620002746582]]","[0, 0, 0, 0]",0,-2.9708437591482797,0.0,0.4843134282073316,-0.024986271651947476,0.0083583547107528,1.063096970196036,0.044210908614472105,0.08546628240598252,0.020438333476211833
34,0034,"[566, 567, 568, 569, 570, 571]","[564, 565, 566, 567, 568, 569, 585]","[[9.753600120544434, -7.924799919128418, 30.55620002746582], [9.753600120544434, -9.144000053405762, 30.55620002746582], [9.753600120544434, -10.344253540039062, 30.55620002746582], [9.753600120544434, -11.688923835754395, 30.55620002746582], [9.753600120544434, -12.700115203857422, 30.55620002746582], [9.753600120544434, -14.130844116210938, 30.55620002746582], [9.753600120544434, -14.935199737548828, 30.55620002746582]]","[0, 0, 0, 0, 0, 0, 0]",0,-1.9976922012032552,0.11227662406159614,2.75590261430693,-0.07486519493071889,0.015398676576174816,4.87977169750428,0.12077029773357496,0.1565452560030595,0.03687203849591307
35,0035,"[572, 573, 574]","[547, 570, 571, 572]","[[1.8287999629974365, 1.1368683772161603e-13, 30.55620002746582], [1.8287999629974365, -6.1975998878479, 30.55620002746582], [1.8287999629974365, -4.228439807891846, 30.55620002746582], [1.8287999629974365, -2.1691598892211914, 30.55620002746582]]","[0, 0, 0, 0]",0,-1.1264714430092795,0.06762530602767548,0.7124886185160785,0.01866855256797028,0.0025236002055671098,1.4030041450048998,0.020504520603431615,0.046676160285551556,0.005485429098377418
36,0036,"[575, 576, 577]","[548, 573, 574, 575]","[[7.315199851989746, 1.1368683772161603e-13, 30.55620002746582], [7.315199851989746, -6.1975998878479, 30.55620002746582], [7.315199851989746, -4.228439807891846, 30.55620002746582], [7.315199851989746, -2.1691598892211914, 30.55620002746582]]","[0, 0, 0, 0]",0,0.0,0.9611243209563697,0.6455701861722944,0.03929621028674893,0.002208718374555639,1.2712310394202815,0.04361736480642087,0.052004935073992384,0.007853244439882459
37,0037,[2013],"[575, 579]","[[7.315199851989746, -2.1691598892211914, 30.55620002746582], [9.753600120544434, -2.1691598892211914, 30.55620002746582]]","[0, 0]",0,-0.9477669159947673,0.0,-4.1564606405110188e-16,0.009059197838394258,0.003649527420853283,-1.2966972428014654e-15,0.011518490082189832,0.05004365921507724,0.005630278271662062
38,0038,[2014],"[557, 558]","[[36.42359924316406, -2.1691598892211914, 30.55620002746582], [27.88920021057129, -2.1691598892211914, 30.55620002746582]]","[0, 0]",0,0.0,0.4785753993336362,3.514833509197434e-17,-0.00013299794061026057,-0.003120880945405675,2.753725271129613e-16,0.0005840785704207181,0.046225461279644935,0.003762496175695349
39,0039,[2015],"[574, 578]","[[7.315199851989746, -4.228439807891846, 30.55620002746582], [9.753600120544434, -4.228439807891846, 30.55620002746582]]","[0, 0]",0,-1.375590060504419,0.0,0.0,0.011315390064349264,0.002806563220272385,0.0,0.015199104092104279,0.04321044323215298,0.008816277311167778
40,0040,[2016],"[556, 559]","[[36.42359924316406, -4.228439807891846, 30.55620002746582], [27.88920021057129, -4.228439807891846, 30.55620002746582]]","[0, 0]",0,0.0,0.3336632803072702,0.0,-0.00020295421719735272,-0.002135241701351496,-1.0031005488789207e-16,0.001019960344873225,0.041783143584782585,0.007672272865358793
41,0041,[578],"[573, 577]","[[7.315199851989746, -6.1975998878479, 30.55620002746582], [9.753600120544434, -6.1975998878479, 30.55620002746582]]","[0, 0]",0,-3.248666016440569,0.0,0.5365775582881293,0.016141460086151055,-0.0029524775294553604,1.3083908622301925,0.027177184673438475,0.039853851879399,0.007791251070645556
42,0042,[2017],"[577, 583]","[[9.753600120544434, -6.1975998878479, 30.55620002746582], [15.849599838256836, -6.1975998878479, 30.55620002746582]]","[0, 0]",0,-0.6283143500281955,0.0,-1.3736067897268669e-16,-0.0004730474817300084,-0.00024453502604453685,6.293264312622212e-16,0.0017136625457057797,0.04874190986480945,0.005739827823451665
43,0043,[579],"[564, 576]","[[9.753600120544434, -7.924799919128418, 30.55620002746582], [15.849599838256836, -7.924799919128418, 30.55620002746582]]","[0, 0]",0,-0.4792283281796644,0.0,-2.7472135794537337e-16,-0.002162054398544023,-0.00017744445630615618,9.075676939559754e-16,-0.007611734196710206,0.047533572664296316,0.004717646703899257
44,0044,"[580, 581, 582, 583]","[549, 564, 577, 578, 579]","[[9.753600120544434, 1.1368683772161603e-13, 30.55620002746582], [9.753600120544434, -7.924799919128418, 30.55620002746582], [9.753600120544434, -6.1975998878479, 30.55620002746582], [9.753600120544434, -4.228439807891846, 30.55620002746582], [9.753600120544434, -2.1691598892211914, 30.55620002746582]]","[0, 0, 0, 0, 0]",0,0.0,0.7817217242833444,0.9348442810576834,0.009905594848181177,-0.0008537088179659261,1.6146630714852461,0.01013408303275299,0.052708089747180754,0.009671986232095557
45,0045,[2018],"[579, 581]","[[9.753600120544434, -2.1691598892211914, 30.55620002746582], [15.849599838256836, -2.1691598892211914, 30.55620002746582]]","[0, 0]",0,-0.5377278028751897,0.0,6.868033948634334e-17,0.00124810997417777,0.003333923608374688,3.84880249344804e-16,0.003936812316733318,0.05506045017837835,0.0024918484837759837
46,0046,[2019],"[572, 575]","[[1.8287999629974365, -2.1691598892211914, 30.55620002746582], [7.315199851989746, -2.1691598892211914, 30.55620002746582]]","[0, 0]",0,-0.5178758233996229,0.0,-8.466670801935345e-17,0.0017222250350384593,-0.000788704993122985,3.102766330536629e-16,0.004823571743189556,0.04664966566169534,0.0060692944483023694
47,0047,[2020],"[571, 574]","[[1.8287999629974365, -4.228439807891846, 30.55620002746582], [7.315199851989746, -4.228439807891846, 30.55620002746582]]","[0, 0]",0,-0.341233112303381,0.0,-4.2333354009676723e-17,0.0025821935327348562,-0.0009475145613762952,-1.7464304760540654e-16,0.007277718201787918,0.041967049958843476,0.007248568409421417
48,0048,"[584, 585, 586, 587]","[576, 580, 581, 582, 583]","[[15.849599838256836, -7.924799919128418, 30.55620002746582], [15.849599838256836, 1.1368683772161603e-13, 30.55620002746582], [15.849599838256836, -2.1691598892211914, 30.55620002746582], [15.849599838256836, -4.228439807891846, 30.55620002746582], [15.849599838256836, -6.1975998878479, 30.55620002746582]]","[0, 0, 0, 0, 0]",0,-1.3408192383177369,0.0,1.354830749168522,0.008422130956614232,0.0028837856181661735,0.7966419354535612,0.034378227569284575,0.060942947685997416,0.007459963940095965
49,0049,[588],"[561, 576]","[[17.525999069213867, -7.924799919128418, 30.55620002746582], [15.849599838256836, -7.924799919128418, 30.55620002746582]]","[0, 0]",0,-0.7959229628895321,0.0,0.0,-0.03632584733961742,0.007545481232483369,-1.7873434135199377e-15,-0.030765870419336438,0.05032974047686261,0.008586317202066915
50,0050,[589],"[584, 1397]","[[26.212799072265625, -7.924799919128418, 30.55620002746582], [27.88920021057129, -7.924799919128418, 30.55620002746582]]","[0, 0]",0,-0.2192408416825969,0.0,5.9069914746704635e-15,0.021044477596693974,-0.011775129808227421,7.121586720268873e-15,-0.018060543332296255,0.05065622248495005,0.005003210497550128
51,0051,[2021],"[562, 566]","[[17.525999069213867, -10.344253540039062, 30.55620002746582], [9.753600120544434, -10.344253540039062, 30.55620002746582]]","[0, 0]",0,0.0,0.11660072644165947,-2.1175102954081224e-17,-0.0027194796102247122,-0.002221721875556947,-2.1997114447899967e-16,-0.010642519014337312,0.05565573702411299,0.010592106896972282
52,0052,[2022],"[563, 568]","[[17.525999069213867, -12.700115203857422, 30.55620002746582], [9.753600120544434, -12.700115203857422, 30.55620002746582]]","[0, 0]",0,0.0,0.1740824675435058,4.235020590816245e-17,-0.0036102421526843812,-0.007162156397265773,-4.124061948560262e-16,-0.014404140668575004,0.08557265232640436,0.0204870779684909
53,0053,[590],"[585, 599]","[[9.753600120544434, -14.935199737548828, 30.55620002746582], [17.525999069213867, -14.935199737548828, 30.55620002746582]]","[0, 0]",0,0.0,0.23749705759595652,0.0,-0.0021478711708355475,-0.00717422626186471,0.0,0.008540753589388236,0.13277505121793848,0.026958299105005815
54,0054,[2023],"[569, 589]","[[9.753600120544434, -14.130844116210938, 30.55620002746582], [0.0, -14.130844116210938, 30.55620002746582]]","[0, 0]",0,0.0,0.8417336196573612,0.0,-0.0014650997038491394,0.004977962112636261,0.0,-0.008242623013662093,0.10598008796989568,0.028733967881024912
55,0055,[2024],"[567, 588]","[[9.753600120544434, -11.688923835754395, 30.55620002746582], [0.0, -11.688923835754395, 30.55620002746582]]","[0, 0]",0,0.0,1.0643333414913112,5.386115600447743e-17,-0.0012617568531245885,0.0025940006149553357,-3.0655573234543037e-16,-0.00796166365826607,0.057991758987963236,0.018295568002972554
56,0056,[591],"[586, 667]","[[0.0, -9.144000053405762, 30.55620002746582], [1.8287999629974365, -9.144000053405762, 30.55620002746582]]","[0, 0]",0,0.0,0.2676042372577639,0.4129408777604313,0.011951014466947196,-0.002785595731187389,-0.7551862619684045,-0.01249239062210744,0.04588090665676469,0.004821287657566193
57,0057,[592],"[565, 587]","[[9.753600120544434, -9.144000053405762, 30.55620002746582], [7.315199851989746, -9.144000053405762, 30.55620002746582]]","[0, 0]",0,0.0,0.23959192248928754,0.7842231549871944,-0.030591663437393335,0.0014739936031197018,1.9122499517275795,-0.043635317783189125,0.042394844372948166,0.00995045379972221
58,0058,"[593, 594, 595]","[586, 588, 589, 590]","[[0.0, -9.144000053405762, 30.55620002746582], [0.0, -11.688923835754395, 30.55620002746582], [0.0, -14.130844116210938, 30.55620002746582], [0.0, -16.459199905395508, 30.55620002746582]]","[0, 0, 0, 0]",0,0.0,1.8176902926944967,0.9785323677516913,-5.769888504124349e-05,-0.00340079129722935,2.7798500849058394,0.017781949356566202,0.08863738972397744,0.025602271312300282
59,0059,"[596, 597, 598]","[590, 591, 592, 593]","[[0.0, -16.459199905395508, 30.55620002746582], [0.0, -18.747596740722656, 30.55620002746582], [0.0, -20.917984008789062, 30.55620002746582], [0.0, -23.012399673461914, 30.55620002746582]]","[0, 0, 0, 0]",0,0.0,2.4628821878834426,1.6967368862143333,-0.0073526590234639574,-0.00798315239752382,-2.534181836443185,-0.007932227816414911,0.13405632879104887,0.044816256475931036
60,0060,"[599, 600]","[593, 594, 602]","[[0.0, -23.012399673461914, 30.55620002746582], [0.0, -25.107900619506836, 30.55620002746582], [0.0, -27.203399658203125, 30.55620002746582]]","[0, 0, 0]",0,0.0,3.881027619944757,0.269262917985336,-0.0038193546172216614,-0.0033887714811021963,0.3099456675172433,-0.004024567364285733,0.11897783421962153,0.052919590638215906
61,0061,"[601, 602]","[595, 596, 606]","[[9.753600120544434, -23.012399673461914, 30.55620002746582], [9.753600120544434, -25.107900619506836, 30.55620002746582], [9.753600120544434, -27.203399658203125, 30.55620002746582]]","[0, 0, 0]",0,-0.6824879465096403,0.0,0.7052833426614664,-0.006897979311222246,0.0006883103103728086,-1.1959184527601054,-0.007232233805099961,0.39767514568053164,0.01354846540625713
62,0062,"[603, 604]","[597, 598, 609]","[[17.525999069213867, -23.012399673461914, 30.55620002746582], [17.525999069213867, -25.107900619506836, 30.55620002746582], [17.525999069213867, -27.203399658203125, 30.55620002746582]]","[0, 0, 0]",0,-12.326424579968894,0.0,0.9407438017731092,-0.011086238997719142,-0.00878504497820053,1.9713295266014548,0.024192287057014362,0.22945793465910422,0.04765435167017258
63,0063,[605],"[590, 616]","[[0.0, -16.459199905395508, 30.55620002746582], [9.753600120544434, -16.459199905395508, 30.55620002746582]]","[0, 0]",0,0.0,0.23190892310326128,-0.18920022540250184,-0.0010173672830506406,0.004120417436350202,-1.8453833412928762,0.005013422887166985,0.16150110775482726,0.026236148998607243
64,0064,[2025],"[600, 615]","[[17.525999069213867, -17.72361946105957, 30.55620002746582], [9.753600120544434, -17.72361946105957, 30.55620002746582]]","[0, 0]",0,0.0,0.24550682990919953,6.776032945305992e-16,-0.0012037882203929044,-0.004401457772953005,2.633301567012287e-15,0.0047076724693042435,0.19868261212754387,0.026300020157738347
65,0065,"[606, 607, 608]","[597, 599, 600, 601]","[[17.525999069213867, -23.012399673461914, 30.55620002746582], [17.525999069213867, -14.935199737548828, 30.55620002746582], [17.525999069213867, -17.72361946105957, 30.55620002746582], [17.525999069213867, -20.461647033691406, 30.55620002746582]]","[0, 0, 0, 0]",0,-5.418887194376767,0.0,1.4940456303626648,-0.011554934982559833,0.009180722172604386,-0.8544254356633572,0.015869210509481955,0.16564678161983942,0.04458725069742657
66,0066,[2026],"[601, 613]","[[17.525999069213867, -20.461647033691406, 30.55620002746582], [9.753600120544434, -20.461647033691406, 30.55620002746582]]","[0, 0]",0,-0.18777756305566448,0.0,-3.388016472652996e-16,-0.0007165549994984784,-0.003926732228920549,1.5369395363219287e-15,0.0027954226326853794,0.23928485095187746,0.023794555892785552
67,0067,[2027],"[592, 612]","[[0.0, -20.917984008789062, 30.55620002746582], [9.753600120544434, -20.917984008789062, 30.55620002746582]]","[0, 0]",0,-0.5748942296481808,0.0,0.0,-0.0004875944917050201,0.004987420562384345,-1.7554257398585427e-16,-0.002379366981323806,0.22988949131932457,0.0214777068628288
68,0068,[2028],"[591, 614]","[[0.0, -18.747596740722656, 30.55620002746582], [9.753600120544434, -18.747596740722656, 30.55620002746582]]","[0, 0]",0,-0.16206254352958913,0.0,-2.1544462401790972e-16,-0.0006833235962974554,0.003676665065287691,1.2262229293817215e-15,-0.00333304729710021,0.20724517538468004,0.02314708544066062
69,0069,[2029],"[594, 596]","[[0.0, -25.107900619506836, 30.55620002746582], [9.753600120544434, -25.107900619506836, 30.55620002746582]]","[0, 0]",0,-1.1568594876802745,0.0,2.1544462401790972e-16,-0.00030621762011415443,0.004338593215303064,-1.2262229293817215e-15,0.0015397325068696806,0.2477728847969005,0.02934759832993659
70,0070,"[609, 610, 611, 612]","[602, 603, 604, 605, 606]","[[0.0, -27.203399658203125, 30.55620002746582], [2.5823607444763184, -27.203399658203125, 30.55620002746582], [5.016953468322754, -27.203399658203125, 30.55620002746582], [7.315199851989746, -27.203399658203125, 30.55620002746582], [9.753600120544434, -27.203399658203125, 30.55620002746582]]","[0, 0, 0, 0, 0]",0,-1.8211988459585724,0.0,1.8423350930087652,-0.0018284496360541657,0.004208634403598881,-2.752409872508654,0.005811870938872411,0.3982747056080654,0.05285327164449494
71,0071,"[613, 614, 615]","[606, 607, 608, 609]","[[9.753600120544434, -27.203399658203125, 30.55620002746582], [12.494023323059082, -27.203399658203125, 30.55620002746582], [15.049118995666504, -27.203399658203125, 30.55620002746582], [17.525999069213867, -27.203399658203125, 30.55620002746582]]","[0, 0, 0, 0]",0,-4.684769662169984,0.0,1.101071083706706,0.005640744023097238,0.004831990362613711,-1.2994436034718717,0.0074545559931995355,0.400376969964888,0.03632057474289669
72,0072,[2030],"[596, 598]","[[9.753600120544434, -25.107900619506836, 30.55620002746582], [17.525999069213867, -25.107900619506836, 30.55620002746582]]","[0, 0]",0,-1.5803807424944196,0.0,3.388016472652996e-16,-0.0002703091422935582,0.002648356479641755,1.7572282891377138e-15,0.0011309636836304984,0.296768553884846,0.028470124789059765
73,0073,[616],"[595, 597]","[[9.753600120544434, -23.012399673461914, 30.55620002746582], [17.525999069213867, -23.012399673461914, 30.55620002746582]]","[0, 0]",0,-1.298060455844122,0.0,3.388016472652996e-16,-0.000501977739153635,-0.0008520337680445764,1.3166507835061434e-15,0.002008399659404673,0.26423657125719696,0.0282128339698992
74,0074,"[617, 618, 619]","[609, 610, 611, 626]","[[17.525999069213867, -27.203399658203125, 30.55620002746582], [20.55723762512207, -27.203399658203125, 30.55620002746582], [23.457565307617188, -27.203399658203125, 30.55620002746582], [26.212799072265625, -27.203399658203125, 30.55620002746582]]","[0, 0, 0, 0]",0,-7.14039971480503,0.0,1.8644849188676365,0.024987308608842684,0.000695889354299586,4.603549432297565,0.02414330162968202,0.20820302967820867,0.03576230726717652
75,0075,[620],"[602, 629]","[[0.0, -27.203399658203125, 30.55620002746582], [0.0, -35.12820053100586, 30.55620002746582]]","[0, 0]",0,0.0,1.4596650167394989,8.148592182004953e-17,9.978189196837958e-05,-0.002246782013499945,-4.444093145954877e-16,0.00040548790351407226,0.1022308431365589,0.05759190179443581
76,0076,[2031],"[603, 630]","[[2.5823607444763184, -27.203399658203125, 30.55620002746582], [2.5823607444763184, -35.12820053100586, 30.55620002746582]]","[0, 0]",0,0.0,1.0056062724845212,-1.018574022750619e-16,0.00011040911668878363,-0.0024018316602565392,5.791423720473066e-16,-0.0004413355906198696,0.24060124512717626,0.0530125615246084
77,0077,[2032],"[604, 631]","[[5.016953468322754, -27.203399658203125, 30.55620002746582], [5.016953468322754, -35.12820053100586, 30.55620002746582]]","[0, 0]",0,0.0,0.6239575958627476,0.0,0.0001290942410829307,-0.0017838854333750696,3.5108511364378327e-16,-0.0005244135281603733,0.34848434327579036,0.03549312007639759
78,0078,[621],"[606, 633]","[[9.753600120544434, -27.203399658203125, 30.55620002746582], [9.753600120544434, -35.12820053100586, 30.55620002746582]]","[0, 0]",0,-0.14735190757329011,0.0,-6.518873745603962e-16,0.00026775631919546917,-0.0015227162999623177,3.123169761510014e-15,0.00108736153858909,0.42624839188011027,0.006339457293487783
79,0079,[2033],"[607, 634]","[[12.494023323059082, -27.203399658203125, 30.55620002746582], [12.494023323059082, -35.12820053100586, 30.55620002746582]]","[0, 0]",0,-1.035451077023129,0.0,4.889155309202971e-16,0.0004389556288628264,-0.004467977841307294,3.1255671900301808e-15,0.0017585254822569006,0.4253246917548761,0.011826392103342152
80,0080,[2034],"[608, 635]","[[15.049118995666504, -27.203399658203125, 30.55620002746582], [15.049118995666504, -35.12820053100586, 30.55620002746582]]","[0, 0]",0,-1.6381164880887547,0.0,-9.778310618405943e-16,0.0005834310285043483,-0.004831243899677814,-4.090610603790927e-15,0.0023154784461449675,0.3845244047894099,0.026343633472074374
81,0081,[622],"[609, 636]","[[17.525999069213867, -27.203399658203125, 30.55620002746582], [17.525999069213867, -35.12820053100586, 30.55620002746582]]","[0, 0]",0,-1.3684107654555735,0.0,-6.518873745603962e-16,0.0006965109394694089,-0.003481948929217983,-2.5830388174426554e-15,0.0028065252621786146,0.3206517020268277,0.030756936338317595
82,0082,[2035],"[610, 637]","[[20.55723762512207, -27.203399658203125, 30.55620002746582], [20.55723762512207, -35.12820053100586, 30.55620002746582]]","[0, 0]",0,-1.2142619159539718,0.0,-9.778310618405943e-16,0.0008577617122858104,-0.0032349729159384527,-4.090610603790927e-15,0.0034352711864737875,0.24824375629326603,0.03424688326697094
83,0083,"[623, 624, 625, 626, 627, 628]","[585, 595, 612, 613, 614, 615, 616]","[[9.753600120544434, -14.935199737548828, 30.55620002746582], [9.753600120544434, -23.012399673461914, 30.55620002746582], [9.753600120544434, -20.917984008789062, 30.55620002746582], [9.753600120544434, -20.461647033691406, 30.55620002746582], [9.753600120544434, -18.747596740722656, 30.55620002746582], [9.753600120544434, -17.72361946105957, 30.55620002746582], [9.753600120544434, -16.459199905395508, 30.55620002746582]]","[0, 0, 0, 0, 0, 0, 0]",0,-1.813388498911307,0.0,1.3713942680444975,-0.011216687545811904,0.008881475046301948,-1.0111716372510449,0.056608548322072544,0.34253551483302147,0.03380740013293672
84,0084,[2036],"[618, 647]","[[26.212799072265625, -10.344253540039062, 30.55620002746582], [33.985198974609375, -10.344253540039062, 30.55620002746582]]","[0, 0]",0,-1.8745603410434404,0.0,0.0,0.0010631536540104466,0.00044126188701356186,1.6521654433974835e-16,0.004169348043846957,0.04658595845707155,0.00842720546835416
85,0085,[2037],"[619, 645]","[[26.212799072265625, -12.700115203857422, 30.55620002746582], [33.985198974609375, -12.700115203857422, 30.55620002746582]]","[0, 0]",0,-1.0198996082240726,0.0,0.0,0.0012529966320471105,0.004181776415074871,-2.7536090723291392e-17,0.004932470824946054,0.06448358399964042,0.009161431301058108
86,0086,[629],"[617, 620]","[[33.985198974609375, -14.935199737548828, 30.55620002746582], [26.212799072265625, -14.935199737548828, 30.55620002746582]]","[0, 0]",0,-0.5260490159458856,0.0,-7.411284222189896e-17,0.0007368680852959084,0.002653012334100621,3.430895052705354e-16,-0.0029925487525635916,0.07657407098360329,0.0029343764438291677
87,0087,[2038],"[621, 625]","[[26.212799072265625, -17.72361946105957, 30.55620002746582], [33.985198974609375, -17.72361946105957, 30.55620002746582]]","[0, 0]",0,-0.2856899890870692,0.0,1.6940078222148337e-16,0.00010769645275429423,0.0004415623407708337,6.858614023208974e-16,-0.0004729754866312977,0.07485678478543924,0.0071435612919611285
88,0088,[2039],"[622, 624]","[[26.212799072265625, -20.461647033691406, 30.55620002746582], [33.985198974609375, -20.461647033691406, 30.55620002746582]]","[0, 0]",0,-0.5142995680551218,0.0,-2.117509777768542e-17,-0.0008049552465761705,-8.9379382074979e-05,1.9243502684286633e-16,0.0032694086683565265,0.04883665122101192,0.01350759365332623
89,0089,"[630, 631, 632]","[584, 618, 619, 620]","[[26.212799072265625, -7.924799919128418, 30.55620002746582], [26.212799072265625, -10.344253540039062, 30.55620002746582], [26.212799072265625, -12.700115203857422, 30.55620002746582], [26.212799072265625, -14.935199737548828, 30.55620002746582]]","[0, 0, 0, 0]",0,-0.7375424859872121,0.4501447503418519,0.7699538511599034,0.020642413045603283,0.005956753471314177,-1.2559816169174742,0.023778831704745765,0.07649919922113571,0.007567997248339524
90,0090,"[633, 634, 635]","[620, 621, 622, 660]","[[26.212799072265625, -14.935199737548828, 30.55620002746582], [26.212799072265625, -17.72361946105957, 30.55620002746582], [26.212799072265625, -20.461647033691406, 30.55620002746582], [26.212799072265625, -23.012399673461914, 30.55620002746582]]","[0, 0, 0, 0]",0,-7.127499752577832,0.0,1.218485573634125,0.010711852873111176,0.0013072995124350426,1.4755381303537285,0.01629286911293792,0.07329644205240186,0.011546050345478157
91,0091,"[636, 637, 638]","[617, 623, 624, 625]","[[33.985198974609375, -14.935199737548828, 30.55620002746582], [33.985198974609375, -23.012399673461914, 30.55620002746582], [33.985198974609375, -20.461647033691406, 30.55620002746582], [33.985198974609375, -17.72361946105957, 30.55620002746582]]","[0, 0, 0, 0]",0,0.0,1.6693904815850762,1.303534792183028,0.011510868102977516,-0.0006309103158751491,1.1934406288126707,0.018227341123326215,0.0783681906610551,0.01225498726721459
92,0092,[2040],"[646, 659]","[[33.985198974609375, -12.039600372314453, 30.55620002746582], [41.90999984741211, -12.039600372314453, 30.55620002746582]]","[0, 0]",0,-1.3703237747016217,0.0,-5.092870113753095e-17,0.0010934622589497704,0.00040690857915530557,2.1530318121439142e-16,0.004529256567596914,0.0458220545779987,0.015138283619279441
93,0093,[639],"[617, 658]","[[33.985198974609375, -14.935199737548828, 30.55620002746582], [41.90999984741211, -14.935199737548828, 30.55620002746582]]","[0, 0]",0,-1.0869994096798563,0.0,-4.0742960910024764e-17,0.0006846512495922214,0.002527401500806664,-1.6143992609016596e-16,-0.0027207932266372402,0.08494776503899232,0.011013082072092801
94,0094,[2041],"[625, 657]","[[33.985198974609375, -17.72361946105957, 30.55620002746582], [41.90999984741211, -17.72361946105957, 30.55620002746582]]","[0, 0]",0,-1.4049918307947014,0.0,0.0,0.00028652856229622996,0.0035251855660761704,3.2407856644041534e-16,-0.0012079697659319784,0.10186694288964777,0.006101336449038106
95,0095,[2042],"[624, 656]","[[33.985198974609375, -20.461647033691406, 30.55620002746582], [41.90999984741211, -20.461647033691406, 30.55620002746582]]","[0, 0]",0,-1.9068739899556668,0.0,-1.6297184364009906e-16,4.651350992634427e-05,0.001933251580948253,-6.457597043606639e-16,-0.0006656969672412597,0.08530906857178205,0.01425722906533349
96,0096,[640],"[623, 655]","[[33.985198974609375, -23.012399673461914, 30.55620002746582], [41.90999984741211, -23.012399673461914, 30.55620002746582]]","[0, 0]",0,-3.5113574946951887,0.0,-1.6297184364009906e-16,0.0008752557075926119,-0.0007243704285662941,7.537858931741356e-16,0.004008606918882173,0.06412039121466356,0.010970335310417668
97,0097,[2043],"[654, 661]","[[41.90999984741211, -25.223190307617188, 30.55620002746582], [33.985198974609375, -25.223190307617188, 30.55620002746582]]","[0, 0]",0,-1.389789868489997,0.0,-3.259436872801981e-16,0.00022881727679389334,2.6529123522585887e-05,1.3995455975347995e-15,0.0009101245696158615,0.0648899480468733,0.010639459495319692
98,0098,[2044],"[611, 638]","[[23.457565307617188, -27.203399658203125, 30.55620002746582], [23.457565307617188, -35.12820053100586, 30.55620002746582]]","[0, 0]",0,0.0,0.7463278053272706,-3.259436872801981e-16,0.001155638360803678,-0.0014051221801667322,-1.7236241639752147e-15,0.004634894953377606,0.16732929710954236,0.03696589512163737
99,0099,[641],"[626, 639]","[[26.212799072265625, -27.203399658203125, 30.55620002746582], [26.212799072265625, -35.12820053100586, 30.55620002746582]]","[0, 0]",0,0.0,2.300907887619697,0.0,0.001868151429733836,0.004885069371858277,-2.1605237762694354e-16,0.008379268219474918,0.10973376169398778,0.02540313199248195
100,0100,[2045],"[641, 651]","[[31.526952743530273, -35.12820053100586, 30.55620002746582], [31.526952743530273, -27.203399658203125, 30.55620002746582]]","[0, 0]",0,0.0,0.19983090760967545,-6.518873745603962e-16,-0.0007239207242606354,0.00213885156908319,-2.799091195069599e-15,0.003457581177243687,0.09367417479382535,0.017262389490612758
101,0101,[642],"[627, 642]","[[33.985198974609375, -27.203399658203125, 30.55620002746582], [33.985198974609375, -35.12820053100586, 30.55620002746582]]","[0, 0]",0,-1.1229147125098995,0.0,-3.259436872801981e-16,-0.0024462683673002195,0.0010755096324603936,-1.2915194087213277e-15,-0.010390336044588583,0.08470535383501739,0.014894827428328065
102,0102,[2046],"[643, 652]","[[36.42359924316406, -35.12820053100586, 30.55620002746582], [36.42359924316406, -27.203399658203125, 30.55620002746582]]","[0, 0]",0,-0.2614493543646303,0.0,-6.518873745603962e-16,-0.0006413338626064854,0.0022917106437774755,-2.9071173838830707e-15,0.003086334514055527,0.09763340163795632,0.015432985638808258
103,0103,[2047],"[644, 653]","[[38.709598541259766, -35.12820053100586, 30.55620002746582], [38.709598541259766, -27.203399658203125, 30.55620002746582]]","[0, 0]",0,-0.009341258492502202,0.0,-1.6297184364009906e-16,-0.00020696776441908097,0.005146958912612586,-7.537858931741356e-16,0.0009714602788939875,0.1102869855389978,0.010489524902324802
104,0104,[643],"[628, 1398]","[[41.90999984741211, -27.203399658203125, 30.55620002746582], [41.90999984741211, -35.12820053100586, 30.55620002746582]]","[0, 0]",0,0.0,0.5211648301453526,-1.4260036318508665e-16,-0.0002300346274995204,0.006431199957201677,-5.650397413155808e-16,0.0009471286883060273,0.10940410281432156,0.0019044277267297148
105,0105,"[644, 645, 646, 647]","[629, 630, 631, 632, 633]","[[0.0, -35.12820053100586, 30.55620002746582], [2.5823607444763184, -35.12820053100586, 30.55620002746582], [5.016953468322754, -35.12820053100586, 30.55620002746582], [7.315199851989746, -35.12820053100586, 30.55620002746582], [9.753600120544434, -35.12820053100586, 30.55620002746582]]","[0, 0, 0, 0, 0]",0,-0.7009439600840839,1.9467125152362492,2.078005891640683,-0.0002451700474504663,0.002977613911407664,-3.238341527062726,0.004427417341335747,0.4341034781029236,0.06099215334382711
106,0106,"[648, 649, 650]","[633, 634, 635, 636]","[[9.753600120544434, -35.12820053100586, 30.55620002746582], [12.494023323059082, -35.12820053100586, 30.55620002746582], [15.049118995666504, -35.12820053100586, 30.55620002746582], [17.525999069213867, -35.12820053100586, 30.55620002746582]]","[0, 0, 0, 0]",0,0.0,4.757380906528544,1.0631048865742765,0.0041568156044298156,0.005384929238173894,-2.6331833096466744,0.0057543111067212315,0.45120431826050206,0.02268332115295699
107,0107,"[651, 652, 653]","[636, 637, 638, 639]","[[17.525999069213867, -35.12820053100586, 30.55620002746582], [20.55723762512207, -35.12820053100586, 30.55620002746582], [23.457565307617188, -35.12820053100586, 30.55620002746582], [26.212799072265625, -35.12820053100586, 30.55620002746582]]","[0, 0, 0, 0]",0,0.0,3.8717363581161504,0.294197526927103,0.013951404927083692,0.007775313943482559,0.9493303304149635,0.019573023472118242,0.3609427442083189,0.0411519634049164
108,0108,"[654, 655, 656]","[639, 640, 641, 642]","[[26.212799072265625, -35.12820053100586, 30.55620002746582], [28.978139877319336, -35.12820053100586, 30.55620002746582], [31.526952743530273, -35.12820053100586, 30.55620002746582], [33.985198974609375, -35.12820053100586, 30.55620002746582]]","[0, 0, 0, 0]",0,-0.5302796343328045,0.8870053702685738,0.4396826718253544,0.004565490780274326,-0.0009032696782440449,1.2158724336736846,0.02318728907359796,0.18795768050591857,0.0351293141909411
109,0109,"[657, 658, 659]","[642, 643, 644, 1398]","[[33.985198974609375, -35.12820053100586, 30.55620002746582], [36.42359924316406, -35.12820053100586, 30.55620002746582], [38.709598541259766, -35.12820053100586, 30.55620002746582], [41.90999984741211, -35.12820053100586, 30.55620002746582]]","[0, 0, 0, 0]",0,-0.20948343377077236,1.001120843739051,0.9105350099110815,-0.0015028953941816127,-0.004759353794559668,0.31210604558636534,-0.0025509208628336096,0.14810285430973671,0.025527956130787344
110,0110,"[660, 661, 662, 663, 664]","[617, 645, 646, 647, 648, 649]","[[33.985198974609375, -14.935199737548828, 30.55620002746582], [33.985198974609375, -12.700115203857422, 30.55620002746582], [33.985198974609375, -12.039600372314453, 30.55620002746582], [33.985198974609375, -10.344253540039062, 30.55620002746582], [33.985198974609375, -9.144000053405762, 30.55620002746582], [33.985198974609375, -7.924799919128418, 30.55620002746582]]","[0, 0, 0, 0, 0, 0]",0,0.0,2.599734843113878,1.056279695710919,0.2999818155811596,0.0010564898819334458,2.6874300932309727,0.034824019460349534,0.06472898214709885,0.016940643556193173
111,0111,[665],"[649, 1397]","[[33.985198974609375, -7.924799919128418, 30.55620002746582], [27.88920021057129, -7.924799919128418, 30.55620002746582]]","[0, 0]",0,-1.2675390858086764,0.0,0.08821265868338525,0.0007579835041664431,0.0007863215956780503,-0.53774425830643,-0.002952144323085267,0.03600407634008615,0.0068097672998339315
112,0112,"[666, 667, 668]","[626, 627, 650, 651]","[[26.212799072265625, -27.203399658203125, 30.55620002746582], [33.985198974609375, -27.203399658203125, 30.55620002746582], [28.978139877319336, -27.203399658203125, 30.55620002746582], [31.526952743530273, -27.203399658203125, 30.55620002746582]]","[0, 0, 0, 0]",0,0.0,5.01397336362246,0.297711295847097,0.007091491018106911,0.0037068656919221157,-0.02879838067890285,0.03512883018410838,0.04350148443706966,0.006361835215850387
113,0113,"[669, 670, 671]","[627, 628, 652, 653]","[[33.985198974609375, -27.203399658203125, 30.55620002746582], [41.90999984741211, -27.203399658203125, 30.55620002746582], [36.42359924316406, -27.203399658203125, 30.55620002746582], [38.709598541259766, -27.203399658203125, 30.55620002746582]]","[0, 0, 0, 0]",0,0.0,2.255816330603013,0.6671923197448485,0.0003634585745854166,0.0023663997831163755,1.626881931643461,0.0007221937211810727,0.08806794480558952,0.012137063703376945
114,0114,"[672, 673]","[628, 654, 655]","[[41.90999984741211, -27.203399658203125, 30.55620002746582], [41.90999984741211, -25.223190307617188, 30.55620002746582], [41.90999984741211, -23.012399673461914, 30.55620002746582]]","[0, 0, 0]",0,0.0,4.312737003789507,-0.3748186364930325,-0.002927630848814033,0.0054287621282115344,1.027084583674302,-0.0037056561612754564,0.10246611282453923,0.013971142137895846
115,0115,"[674, 675, 676]","[655, 656, 657, 658]","[[41.90999984741211, -23.012399673461914, 30.55620002746582], [41.90999984741211, -20.461647033691406, 30.55620002746582], [41.90999984741211, -17.72361946105957, 30.55620002746582], [41.90999984741211, -14.935199737548828, 30.55620002746582]]","[0, 0, 0, 0]",0,0.0,4.807477856534149,1.2497799191016616,0.009872420187017422,0.0013348976608932577,-0.4553637444296599,0.010834587625999698,0.12297760333593896,0.018818008793807392
116,0116,"[677, 678]","[658, 659, 665]","[[41.90999984741211, -14.935199737548828, 30.55620002746582], [41.90999984741211, -12.039600372314453, 30.55620002746582], [41.90999984741211, -9.144000053405762, 30.55620002746582]]","[0, 0, 0]",0,-5.261482190643002,0.0,0.1015979003830522,0.01346005590582042,-0.0009318525530591057,1.212029654350077,0.014215202749950378,0.07031650836084251,0.01790789262234272
117,0117,[679],"[623, 660]","[[33.985198974609375, -23.012399673461914, 30.55620002746582], [26.212799072265625, -23.012399673461914, 30.55620002746582]]","[0, 0]",0,-0.9642665002797418,0.0,0.0,-0.0015443045978611176,-0.0003492917593267189,0.0,-0.008944516746585777,0.037062490453574556,0.001904236169034943
118,0118,"[680, 681]","[623, 627, 661]","[[33.985198974609375, -23.012399673461914, 30.55620002746582], [33.985198974609375, -27.203399658203125, 30.55620002746582], [33.985198974609375, -25.223190307617188, 30.55620002746582]]","[0, 0, 0]",0,0.0,5.017536651916775,0.35927522169845205,-0.009768233794053258,0.001327045315088301,0.7942822952149964,0.05373915588088025,0.04053713090298766,0.0030242838190349917
119,0119,"[682, 683]","[626, 660, 662]","[[26.212799072265625, -27.203399658203125, 30.55620002746582], [26.212799072265625, -23.012399673461914, 30.55620002746582], [26.212799072265625, -25.223190307617188, 30.55620002746582]]","[0, 0, 0]",0,0.0,8.19210211285052,0.25791286753984977,-0.031508026695810785,0.0031953612928159337,0.5701913519852293,-0.03981137095693864,0.04079677598559861,0.0019635238524460404
120,0120,[2048],"[649, 664]","[[33.985198974609375, -7.924799919128418, 30.55620002746582], [36.42359924316406, -7.924799919128418, 30.55620002746582]]","[0, 0]",0,-3.74109643441896,0.0,-8.3129212810220375e-16,-0.0006090072671624599,-0.0010247889090514715,1.1890540310277973e-15,-0.0011690348207648844,0.02004506517171659,0.004801455437221371
121,0121,"[684, 685]","[555, 663, 664]","[[36.42359924316406, -6.1975998878479, 30.55620002746582], [36.42359924316406, -9.144000053405762, 30.55620002746582], [36.42359924316406, -7.924799919128418, 30.55620002746582]]","[0, 0, 0]",0,0.0,4.948830952381669,0.5826342665714548,-0.021444094166634408,0.002517327402983165,0.7103477760385002,0.051928584132331715,0.019733300022688964,0.001466501606944046
122,0122,"[686, 687]","[648, 663, 665]","[[33.985198974609375, -9.144000053405762, 30.55620002746582], [36.42359924316406, -9.144000053405762, 30.55620002746582], [41.90999984741211, -9.144000053405762, 30.55620002746582]]","[0, 0, 0]",0,-8.665935821858204,1.0407156529007748,-4.2333343056618287e-17,0.01077598474633082,-0.0005487009798105444,2.092579295209167,0.0036390679519617596,0.021732274468625086,0.006975949871222084
123,0123,[688],"[665, 666]","[[41.90999984741211, -9.144000053405762, 30.55620002746582], [41.90999984741211, -6.1975998878479, 30.55620002746582]]","[0, 0]",0,0.0,1.1912874386034669,9.003160378194005e-17,-0.00749659455189731,-0.00042228560584014314,1.6895371779082507e-16,-0.013521510943767648,0.018689422633258825,0.001581190603098032
124,0124,[689],"[555, 666]","[[36.42359924316406, -6.1975998878479, 30.55620002746582], [41.90999984741211, -6.1975998878479, 30.55620002746582]]","[0, 0]",0,0.0,1.5141358892984513,4.2333343056618287e-17,-0.003085820086617597,0.00035615061450964083,-1.2588120373071809e-16,0.011996284585020766,0.016998322158167992,0.0013760147881136159
125,0125,[2049],"[605, 632]","[[7.315199851989746, -27.203399658203125, 30.55620002746582], [7.315199851989746, -35.12820053100586, 30.55620002746582]]","[0, 0]",0,0.0,0.4128437233023532,1.059316983660644e-15,0.00016573787915555747,-0.00039878926188578794,-5.169673777665561e-15,0.0006613658494289252,0.40612710863710283,0.016962414950059197
126,0126,[690],"[570, 573]","[[1.8287999629974365, -6.1975998878479, 30.55620002746582], [7.315199851989746, -6.1975998878479, 30.55620002746582]]","[0, 0]",0,0.0,0.30084691319959356,0.0,0.002215030947899888,-0.0003285692765617254,0.0,-0.009576864557717994,0.04158717570373561,0.0013299968198019745
127,0127,[691],"[587, 667]","[[7.315199851989746, -9.144000053405762, 30.55620002746582], [1.8287999629974365, -9.144000053405762, 30.55620002746582]]","[0, 0]",0,0.0,2.4842991497367946,-4.2333354009676723e-17,-0.005403786390221347,0.0012479634471190778,1.2588121990896882e-16,0.02026406440837897,0.04309928801960293,0.004378774159665752
128,0128,"[692, 693]","[573, 587, 668]","[[7.315199851989746, -6.1975998878479, 30.55620002746582], [7.315199851989746, -9.144000053405762, 30.55620002746582], [7.315199851989746, -7.924799919128418, 30.55620002746582]]","[0, 0, 0]",0,0.0,5.0487361767881955,0.97332298014935,0.006914676961465948,-7.902439535374651e-05,1.1866755080933131,-0.01841291827110429,0.04075459761951099,0.003302476103492271
129,0129,[694],"[570, 667]","[[1.8287999629974365, -6.1975998878479, 30.55620002746582], [1.8287999629974365, -9.144000053405762, 30.55620002746582]]","[0, 0]",0,0.0,4.998754041898638,1.4405056605110407e-16,-0.00813947013047817,0.00036670636781251803,2.1221530583083835e-16,0.013821866875943415,0.044468837805960414,0.0016908460057296051
130,0130,[695],"[564, 668]","[[9.753600120544434, -7.924799919128418, 30.55620002746582], [7.315199851989746, -7.924799919128418, 30.55620002746582]]","[0, 0]",0,-0.6222979628475779,0.0,1.1373175039582695,-0.0048416040453248535,0.0003429328350787126,2.77323530708379,-0.005957638952820526,0.04060039973546685,0.005246211934501064
131,0131,[2050],"[661, 662]","[[33.985198974609375, -25.223190307617188, 30.55620002746582], [26.212799072265625, -25.223190307617188, 30.55620002746582]]","[0, 0]",0,0.0,0.5762054176069062,-4.235019555537084e-17,-0.0009334373287351744,8.630485354069702e-05,-1.7834937326104722e-16,-0.00437545646071952,0.039065999736980585,0.0018778374706519489
132,0132,"[696, 697]","[196, 543, 669]","[[9.753600120544434, 2.5534225358707406e-15, 27.203399658203125], [1.8287999629974365, 1.899852210230854e-14, 27.203399658203125], [7.315199851989746, -5.684341886080802e-14, 27.203399658203125]]","[0, 0, 0]",0,-0.45091824386695983,0.0,0.7360838038266526,0.0025288085904770726,0.005651968289596418,-0.6137993896721496,0.0009276889045313554,0.05206551975198223,0.004531442152309206
133,0133,[698],"[73, 196]","[[15.849599838256836, 1.7402632408584397e-14, 27.203399658203125], [9.753600120544434, 2.5534225358707406e-15, 27.203399658203125]]","[0, 0]",0,-0.18274732077979627,0.0,-6.868033948634334e-17,0.00039524558016975925,0.004759357983686341,-4.199887662016507e-16,0.0012059804017011376,0.04531320118844749,0.00657524584932583
134,0134,[699],"[220, 522]","[[36.42359924316406, 2.5534225358707406e-15, 27.203399658203125], [27.88920021057129, 1.7402632408584397e-14, 27.203399658203125]]","[0, 0]",0,0.0,0.23007979791076166,4.3935418864967927e-17,0.00022490155715332747,-0.004195355640111033,-2.5644436086429606e-16,-0.0009696456629764148,0.03988971678321956,0.004860483341022748
135,0135,[700],"[118, 220]","[[41.90999984741211, 1.7402632408584397e-14, 27.203399658203125], [36.42359924316406, 2.5534225358707406e-15, 27.203399658203125]]","[0, 0]",0,0.0,0.37200329461993364,1.6933337222647315e-16,0.0002156636593911459,0.001005322876791154,-5.425342719944038e-16,-0.0006077013097887576,0.03021499572115683,0.0027945408395731136
136,0136,"[701, 702, 703]","[118, 130, 670, 671]","[[41.90999984741211, 1.7402632408584397e-14, 27.203399658203125], [41.90999984741211, -6.1975998878479, 27.203399658203125], [41.90999984741211, -2.1691598892211914, 27.203399658203125], [41.90999984741211, -4.228439807891846, 27.203399658203125]]","[0, 0, 0, 0]",0,0.0,0.5260681282257851,0.9134534829439614,0.005702846283229297,0.00047568643979900793,0.8705532649553169,-0.0024932531653624568,0.023825284350334156,0.004468561488383501
137,0137,"[704, 705, 706]","[208, 220, 672, 673]","[[36.42359924316406, -6.1975998878479, 27.203399658203125], [36.42359924316406, 2.5534225358707406e-15, 27.203399658203125], [36.42359924316406, -4.228439807891846, 27.203399658203125], [36.42359924316406, -2.1691598892211914, 27.203399658203125]]","[0, 0, 0, 0]",0,-0.6396107509279082,0.0,0.6858424521111263,0.006055205175432307,0.002368715816502253,1.3208197525139274,0.0064831687312782065,0.03373892239773967,0.00746977118984824
138,0138,"[707, 708, 709, 710]","[304, 522, 674, 675, 676]","[[27.88920021057129, -7.924799919128418, 27.203399658203125], [27.88920021057129, 1.7402632408584397e-14, 27.203399658203125], [27.88920021057129, -2.1691598892211914, 27.203399658203125], [27.88920021057129, -4.228439807891846, 27.203399658203125], [27.88920021057129, -6.1975998878479, 27.203399658203125]]","[0, 0, 0, 0, 0]",0,-0.037365221142403746,0.6600979877002943,2.0033894997514676,0.0055175792954928575,0.005408958457295604,0.3693746733106266,0.0050924438926018755,0.07065759145838206,0.010976954111617618
139,0139,[711],"[208, 676]","[[36.42359924316406, -6.1975998878479, 27.203399658203125], [27.88920021057129, -6.1975998878479, 27.203399658203125]]","[0, 0]",0,-0.1442172568636763,0.0,-0.00293350898229641,0.00038019377270297135,0.002106344786417825,-0.025035736220613038,0.0018328888312387488,0.033748396268693644,0.008130060343504053
140,0140,[2051],"[670, 673]","[[41.90999984741211, -2.1691598892211914, 27.203399658203125], [36.42359924316406, -2.1691598892211914, 27.203399658203125]]","[0, 0]",0,0.0,0.17801643120423963,8.466668611323657e-17,0.00025719198294044213,0.0009407883571709601,-2.9077186453296767e-16,-0.0007319237784960141,0.02711445172086762,0.004471095764203542
141,0141,[2052],"[671, 672]","[[41.90999984741211, -4.228439807891846, 27.203399658203125], [36.42359924316406, -4.228439807891846, 27.203399658203125]]","[0, 0]",0,0.0,0.06301189556129565,-7.4083350349082e-17,0.00034376891223404784,0.0016445094671472264,2.1785401546178593e-16,0.0009459729354341257,0.01755904878810758,0.0069740908263179165
142,0142,"[712, 713, 714]","[85, 280, 677, 678]","[[17.525999069213867, -7.924799919128418, 27.203399658203125], [17.525999069213867, -14.935199737548828, 27.203399658203125], [17.525999069213867, -10.344253540039062, 27.203399658203125], [17.525999069213867, -12.700115203857422, 27.203399658203125]]","[0, 0, 0, 0]",0,-1.3965000112217623,0.0,0.5107850194485942,0.009829398737071062,0.008972992890672955,1.1048225279414545,0.011587603702924701,0.08200475193247413,0.02113058411497926
143,0143,"[715, 716, 717, 718, 719, 720]","[413, 454, 679, 680, 681, 682, 683]","[[9.753600120544434, -14.935199737548828, 27.203399658203125], [9.753600120544434, -7.924799919128418, 27.203399658203125], [9.753600120544434, -9.144000053405762, 27.203399658203125], [9.753600120544434, -10.344253540039062, 27.203399658203125], [9.753600120544434, -11.688923835754395, 27.203399658203125], [9.753600120544434, -12.700115203857422, 27.203399658203125], [9.753600120544434, -14.130844116210938, 27.203399658203125]]","[0, 0, 0, 0, 0, 0, 0]",0,-0.719806386386528,0.0,2.536355293074415,0.07235931738692106,0.015031024046257715,5.236987005933081,0.030795256843844074,0.15388187640343426,0.03769107548267021
144,0144,"[721, 722, 723]","[37, 543, 684, 685]","[[1.8287999629974365, -6.1975998878479, 27.203399658203125], [1.8287999629974365, 1.899852210230854e-14, 27.203399658203125], [1.8287999629974365, -4.228439807891846, 27.203399658203125], [1.8287999629974365, -2.1691598892211914, 27.203399658203125]]","[0, 0, 0, 0]",0,-0.4184545911702138,0.007994557055680286,0.7178476109781532,0.008549553220924431,0.003330544217594054,1.413556859030003,0.009133305380725711,0.04207792961424177,0.00544589243099816
145,0145,"[724, 725, 726]","[238, 669, 686, 687]","[[7.315199851989746, -6.1975998878479, 27.203399658203125], [7.315199851989746, -5.684341886080802e-14, 27.203399658203125], [7.315199851989746, -4.228439807891846, 27.203399658203125], [7.315199851989746, -2.1691598892211914, 27.203399658203125]]","[0, 0, 0, 0]",0,0.0,0.5336219409579362,0.7013130015272113,0.006735618506035653,0.0028416596487022047,1.3809975661615468,0.006897009167193675,0.049968675765715544,0.008252294235803955
146,0146,[2053],"[687, 690]","[[7.315199851989746, -2.1691598892211914, 27.203399658203125], [9.753600120544434, -2.1691598892211914, 27.203399658203125]]","[0, 0]",0,-0.452719464536893,0.0,8.3129212810220375e-16,0.002848239990967187,0.0041625259868085275,1.4523678662606348e-15,-0.0035413200179750504,0.04809004860205447,0.005308258751565314
147,0147,[2054],"[673, 674]","[[36.42359924316406, -2.1691598892211914, 27.203399658203125], [27.88920021057129, -2.1691598892211914, 27.203399658203125]]","[0, 0]",0,0.0,0.11742225104273828,-1.4059334036789736e-16,0.0002432307907774715,-0.003671944793687353,-7.50404916344223e-16,-0.0010533338952098616,0.04917108837715597,0.004547797229119279
148,0148,[2055],"[686, 689]","[[7.315199851989746, -4.228439807891846, 27.203399658203125], [9.753600120544434, -4.228439807891846, 27.203399658203125]]","[0, 0]",0,-0.8214932671603804,0.0,1.6625842562044075e-15,0.0037329973542864444,0.0031537783212827793,-3.0802782893431616e-15,-0.004661202724376655,0.03984271346058973,0.00949949031851063
149,0149,[2056],"[672, 675]","[[36.42359924316406, -4.228439807891846, 27.203399658203125], [27.88920021057129, -4.228439807891846, 27.203399658203125]]","[0, 0]",0,0.0,0.03522139662011211,-1.4059334036789736e-16,0.00029201819548904374,-0.0020029833684571015,-7.50404916344223e-16,-0.001300267087489632,0.04480835791930372,0.008733667956606909
150,0150,[727],"[238, 688]","[[7.315199851989746, -6.1975998878479, 27.203399658203125], [9.753600120544434, -6.1975998878479, 27.203399658203125]]","[0, 0]",0,-2.034333846044361,0.0,0.45394715029365706,0.005326560033646997,-0.00406160071588893,1.1069048531856862,-0.006699049248047717,0.03508566070660624,0.008065181237781363
151,0151,[2057],"[688, 693]","[[9.753600120544434, -6.1975998878479, 27.203399658203125], [15.849599838256836, -6.1975998878479, 27.203399658203125]]","[0, 0]",0,-0.4065340668428514,0.0,-1.3736067897268669e-16,0.0009304556646531638,-0.0010477075782514267,4.18675330121141e-16,-0.002930848910993803,0.04725852169595922,0.007131828613237599
152,0152,[728],"[292, 454]","[[15.849599838256836, -7.924799919128418, 27.203399658203125], [9.753600120544434, -7.924799919128418, 27.203399658203125]]","[0, 0]",0,-0.10041548012562192,0.0,0.0,0.0014023373013322385,-0.0005201815987507459,1.404340674273868e-16,0.004380592990220379,0.0437559802277949,0.004372450842730055
153,0153,"[729, 730, 731, 732]","[196, 454, 688, 689, 690]","[[9.753600120544434, 2.5534225358707406e-15, 27.203399658203125], [9.753600120544434, -7.924799919128418, 27.203399658203125], [9.753600120544434, -6.1975998878479, 27.203399658203125], [9.753600120544434, -4.228439807891846, 27.203399658203125], [9.753600120544434, -2.1691598892211914, 27.203399658203125]]","[0, 0, 0, 0, 0]",0,0.0,0.2389963900777647,1.0350620009270386,0.005935329874841353,-0.0004984305348161509,1.7877591203784566,0.005857237237606648,0.05012484301606735,0.009639050527633915
154,0154,[2058],"[690, 691]","[[9.753600120544434, -2.1691598892211914, 27.203399658203125], [15.849599838256836, -2.1691598892211914, 27.203399658203125]]","[0, 0]",0,-0.23515739085424597,0.0,-1.3736067897268669e-16,0.0004498486593132456,0.004049618811610612,6.995434649759146e-16,-0.0013878195007118643,0.05619532232912605,0.0039141439651257355
155,0155,[2059],"[685, 687]","[[1.8287999629974365, -2.1691598892211914, 27.203399658203125], [7.315199851989746, -2.1691598892211914, 27.203399658203125]]","[0, 0]",0,-0.2823928249159665,0.0,-8.466670801935345e-17,0.000380161742616463,-0.0009243369293057766,2.712671708965127e-16,0.0010627019516972174,0.04315368446120502,0.006022755431314342
156,0156,[2060],"[684, 686]","[[1.8287999629974365, -4.228439807891846, 27.203399658203125], [7.315199851989746, -4.228439807891846, 27.203399658203125]]","[0, 0]",0,-0.32712027237267477,0.0,-4.2333354009676723e-17,0.0004990581745218218,-0.0011492972530137554,1.7464304760540654e-16,0.0014268283227858748,0.037150041838540454,0.007769808378900978
157,0157,"[733, 734, 735, 736]","[73, 292, 691, 692, 693]","[[15.849599838256836, 1.7402632408584397e-14, 27.203399658203125], [15.849599838256836, -7.924799919128418, 27.203399658203125], [15.849599838256836, -2.1691598892211914, 27.203399658203125], [15.849599838256836, -4.228439807891846, 27.203399658203125], [15.849599838256836, -6.1975998878479, 27.203399658203125]]","[0, 0, 0, 0, 0]",0,-0.6984293449258021,0.0,1.764089879593894,0.011185581367384352,0.004145149905950202,0.7155273700995222,-0.003346212215524681,0.0656593291317736,0.010681624451950757
158,0158,[737],"[85, 292]","[[17.525999069213867, -7.924799919128418, 27.203399658203125], [15.849599838256836, -7.924799919128418, 27.203399658203125]]","[0, 0]",0,-0.20941513483370966,0.0,-6.75086158453448e-15,0.01900686691711759,0.008826246288277918,-6.169239131025466e-15,0.016509216056357932,0.046894818401328774,0.008285188639652198
159,0159,[738],"[97, 304]","[[26.212799072265625, -7.924799919128418, 27.203399658203125], [27.88920021057129, -7.924799919128418, 27.203399658203125]]","[0, 0]",0,-0.10278501257975711,0.0,3.375423699811694e-15,0.00461115887625126,-0.013254805807279075,4.233621721985344e-15,-0.0041447119984615866,0.04860265376268975,0.004549181193416953
160,0160,[2061],"[677, 680]","[[17.525999069213867, -10.344253540039062, 27.203399658203125], [9.753600120544434, -10.344253540039062, 27.203399658203125]]","[0, 0]",0,0.0,0.26021714992765044,0.0,0.0010058995989448113,-0.001992787203147034,-1.3768047050986573e-17,0.003952950164153179,0.051033159829253,0.010230992888935475
161,0161,[2062],"[678, 682]","[[17.525999069213867, -12.700115203857422, 27.203399658203125], [9.753600120544434, -12.700115203857422, 27.203399658203125]]","[0, 0]",0,0.0,0.23571329231499139,1.2705061772448736e-16,0.001136667547178708,-0.007303056554910359,-5.488162320187501e-16,0.004490296894358298,0.08153442177853004,0.020709832115167824
162,0162,[739],"[280, 413]","[[17.525999069213867, -14.935199737548828, 27.203399658203125], [9.753600120544434, -14.935199737548828, 27.203399658203125]]","[0, 0]",0,0.0,0.20807684369000506,-3.388016472652996e-16,0.0008281051821415578,-0.007166460854210408,1.8673726655456063e-15,-0.0032334333498278143,0.13001317610483878,0.027692483884385045
163,0163,[2063],"[683, 696]","[[9.753600120544434, -14.130844116210938, 27.203399658203125], [0.0, -14.130844116210938, 27.203399658203125]]","[0, 0]",0,0.0,0.2192573334751252,1.0772231200895486e-16,0.000588758639620314,0.005234593546972026,5.253401776979336e-16,0.003000455839298197,0.10300149838108266,0.028953430821542506
164,0164,[2064],"[681, 695]","[[9.753600120544434, -11.688923835754395, 27.203399658203125], [0.0, -11.688923835754395, 27.203399658203125]]","[0, 0]",0,0.0,0.22801620338799142,0.0,0.0005581969356925829,0.0025019447233804184,0.0,0.0029387201133626232,0.05286321560334353,0.01836682283130315
165,0165,[740],"[49, 694]","[[1.8287999629974365, -9.144000053405762, 27.203399658203125], [0.0, -9.144000053405762, 27.203399658203125]]","[0, 0]",0,0.0,0.1421842687731699,0.3373760007857605,0.011600014083277637,-0.003578992552435182,-0.6169932177532224,-0.010959803915835266,0.04026489508431732,0.004624061794304107
166,0166,[741],"[250, 679]","[[7.315199851989746, -9.144000053405762, 27.203399658203125], [9.753600120544434, -9.144000053405762, 27.203399658203125]]","[0, 0]",0,0.0,1.3261548385066155,0.9095011743535376,0.012184669895150052,0.0023571830913908507,2.2177279077944734,0.01572335611858043,0.03729055798670278,0.008908695468164418
167,0167,"[742, 743, 744]","[160, 694, 695, 696]","[[0.0, -16.459199905395508, 27.203399658203125], [0.0, -9.144000053405762, 27.203399658203125], [0.0, -11.688923835754395, 27.203399658203125], [0.0, -14.130844116210938, 27.203399658203125]]","[0, 0, 0, 0]",0,0.0,0.8440267401764797,0.9520745589121355,0.007379662555895067,-0.002632598301521384,2.840469630741321,0.009161189449830673,0.08484937141732586,0.024428198479202887
168,0168,"[745, 746, 747]","[160, 172, 697, 698]","[[0.0, -16.459199905395508, 27.203399658203125], [0.0, -23.012399673461914, 27.203399658203125], [0.0, -18.747596740722656, 27.203399658203125], [0.0, -20.917984008789062, 27.203399658203125]]","[0, 0, 0, 0]",0,0.0,1.0568070623011996,1.5587748202149811,0.004905726420761765,-0.007728812085221912,-2.582641419547053,0.006277173906275561,0.13074373435217396,0.044826009077274805
169,0169,"[748, 749]","[172, 184, 699]","[[0.0, -23.012399673461914, 27.203399658203125], [0.0, -27.203399658203125, 27.203399658203125], [0.0, -25.107900619506836, 27.203399658203125]]","[0, 0, 0]",0,0.0,1.6915308670367548,0.2246591073862556,0.0013039314016604774,-0.0017256912209634282,0.470773372065514,0.001444853209350957,0.11389372649473642,0.053066022311201444
170,0170,"[750, 751]","[379, 534, 700]","[[9.753600120544434, -27.203399658203125, 27.203399658203125], [9.753600120544434, -23.012399673461914, 27.203399658203125], [9.753600120544434, -25.107900619506836, 27.203399658203125]]","[0, 0, 0]",0,-0.2652106449967528,0.0,0.8152181919309595,-0.0007790358652496182,-0.001552064331428484,-1.012581283300436,0.000957245879198475,0.3956515401366627,0.013700295933329025
171,0171,"[752, 753]","[390, 488, 701]","[[17.525999069213867, -27.203399658203125, 27.203399658203125], [17.525999069213867, -23.012399673461914, 27.203399658203125], [17.525999069213867, -25.107900619506836, 27.203399658203125]]","[0, 0, 0]",0,-4.671618233239718,0.0,1.1638820762386162,-0.0033064302073649143,-0.00859652345721111,2.4389159918427534,0.013495630789805493,0.22642047228520906,0.0465608155710311
172,0172,[754],"[160, 715]","[[0.0, -16.459199905395508, 27.203399658203125], [9.753600120544434, -16.459199905395508, 27.203399658203125]]","[0, 0]",0,0.0,0.06440431111569504,-0.17372750714027624,0.00037141351140798683,0.00445614463340146,-1.6944686345852822,-0.0018153053205351786,0.1594448619827487,0.026717823010998485
173,0173,[2065],"[702, 714]","[[17.525999069213867, -17.72361946105957, 27.203399658203125], [9.753600120544434, -17.72361946105957, 27.203399658203125]]","[0, 0]",0,0.0,0.16108492261892507,0.0,0.000456410079601527,-0.004257707609725646,4.4057750563157033e-16,-0.0017784453810515933,0.19975849575504007,0.026750553716880943
174,0174,"[755, 756, 757]","[280, 488, 702, 703]","[[17.525999069213867, -14.935199737548828, 27.203399658203125], [17.525999069213867, -23.012399673461914, 27.203399658203125], [17.525999069213867, -17.72361946105957, 27.203399658203125], [17.525999069213867, -20.461647033691406, 27.203399658203125]]","[0, 0, 0, 0]",0,-2.278290392983371,0.0,1.5303870120371783,0.003930911294369016,0.009230988972992505,-1.111972744592765,0.00625600098159411,0.1637604042952162,0.044377280455759074
175,0175,[2066],"[703, 712]","[[17.525999069213867, -20.461647033691406, 27.203399658203125], [9.753600120544434, -20.461647033691406, 27.203399658203125]]","[0, 0]",0,0.0,0.013324427595788724,3.388016472652996e-16,0.0002036401371420398,-0.00410385195543316,1.5369395363219287e-15,0.0007933786641751999,0.2396820657071984,0.02308653325612891
176,0176,[2067],"[698, 711]","[[0.0, -20.917984008789062, 27.203399658203125], [9.753600120544434, -20.917984008789062, 27.203399658203125]]","[0, 0]",0,-0.22923936577725518,0.0,0.0,8.454666292906405e-05,0.004960262121427086,0.0,0.00043083439662887406,0.2280964493174437,0.02135248076812839
177,0177,[2068],"[697, 713]","[[0.0, -18.747596740722656, 27.203399658203125], [9.753600120544434, -18.747596740722656, 27.203399658203125]]","[0, 0]",0,-0.07836708932663003,0.0,2.1544462401790972e-16,0.0002059330009209736,0.003687792283716388,1.2262229293817215e-15,-0.001005211288850554,0.20649570923241367,0.02326256467845979
178,0178,[758],"[172, 534]","[[0.0, -23.012399673461914, 27.203399658203125], [9.753600120544434, -23.012399673461914, 27.203399658203125]]","[0, 0]",0,-0.2396150209590542,0.0,-2.1544462401790972e-16,-8.458372098963876e-06,0.005360707811987064,-1.4017655033675757e-15,8.472216066155537e-05,0.235307063796468,0.025545155622776934
179,0179,[2069],"[699, 700]","[[0.0, -25.107900619506836, 27.203399658203125], [9.753600120544434, -25.107900619506836, 27.203399658203125]]","[0, 0]",0,-0.3413745128266365,0.0,2.1544462401790972e-16,-2.7657009829723362e-06,0.004440609959333724,1.4017655033675757e-15,6.397439249114132e-05,0.24451313695798993,0.02950913359753427
180,0180,"[759, 760, 761, 762]","[184, 379, 704, 705, 706]","[[0.0, -27.203399658203125, 27.203399658203125], [9.753600120544434, -27.203399658203125, 27.203399658203125], [2.5823607444763184, -27.203399658203125, 27.203399658203125], [5.016953468322754, -27.203399658203125, 27.203399658203125], [7.315199851989746, -27.203399658203125, 27.203399658203125]]","[0, 0, 0, 0, 0]",0,-0.5856139935106248,0.0,1.9197048664102772,0.0011104330096622097,0.0033693237939264238,-2.498111922220954,0.000429444161975026,0.39879258894355907,0.05395476229633481
181,0181,"[763, 764, 765]","[379, 390, 707, 708]","[[9.753600120544434, -27.203399658203125, 27.203399658203125], [17.525999069213867, -27.203399658203125, 27.203399658203125], [12.494023323059082, -27.203399658203125, 27.203399658203125], [15.049118995666504, -27.203399658203125, 27.203399658203125]]","[0, 0, 0, 0]",0,-2.2406793743887627,0.0,1.1826807487502098,0.0003158900158774891,0.00569001289583527,-1.2377695323978506,0.001198569802275656,0.3973762992209797,0.036104819492208035
182,0182,[2070],"[700, 701]","[[9.753600120544434, -25.107900619506836, 27.203399658203125], [17.525999069213867, -25.107900619506836, 27.203399658203125]]","[0, 0]",0,-0.5844739257236008,0.0,-3.388016472652996e-16,-2.023594133015715e-06,0.0027662973065288514,1.7572282891377138e-15,9.006982813195276e-05,0.293754353888654,0.02895932140402593
183,0183,[766],"[488, 534]","[[17.525999069213867, -23.012399673461914, 27.203399658203125], [9.753600120544434, -23.012399673461914, 27.203399658203125]]","[0, 0]",0,-0.395005894776479,0.0,3.388016472652996e-16,-1.8466377144504275e-05,-0.0009277308463596084,1.7572282891377138e-15,0.0001111472544744568,0.2609885769159956,0.028050412155287606
184,0184,"[767, 768, 769]","[390, 477, 709, 710]","[[17.525999069213867, -27.203399658203125, 27.203399658203125], [26.212799072265625, -27.203399658203125, 27.203399658203125], [20.55723762512207, -27.203399658203125, 27.203399658203125], [23.457565307617188, -27.203399658203125, 27.203399658203125]]","[0, 0, 0, 0]",0,-3.9172352620019373,0.0,1.0708126266906888,0.004285588513513173,0.0005615164061988932,4.668137943207822,0.007458689783799748,0.20647499008784562,0.03604890591497679
185,0185,[770],"[61, 184]","[[0.0, -35.12820053100586, 27.203399658203125], [0.0, -27.203399658203125, 27.203399658203125]]","[0, 0]",0,0.0,0.5995920407036914,0.0,0.00022309355026845802,-0.0020785378027711582,6.751636800841985e-17,0.0008936641697480138,0.09725263761536253,0.05682986302370895
186,0186,[2071],"[704, 722]","[[2.5823607444763184, -27.203399658203125, 27.203399658203125], [2.5823607444763184, -35.12820053100586, 27.203399658203125]]","[0, 0]",0,0.0,0.44304846200376435,2.0371480455012382e-17,0.00024764008475482857,-0.0025936645493803354,-9.584327471545412e-16,0.0009997458523601877,0.2416079317492355,0.05473920735644572
187,0187,[2072],"[705, 723]","[[5.016953468322754, -27.203399658203125, 27.203399658203125], [5.016953468322754, -35.12820053100586, 27.203399658203125]]","[0, 0]",0,0.0,0.18208779349439605,6.926303354704209e-16,0.0002551310169287313,-0.0011228962138448123,-2.7714852907361895e-15,0.0010204876596581487,0.35194787292110175,0.03538906915999349
188,0188,[2073],"[706, 724]","[[7.315199851989746, -27.203399658203125, 27.203399658203125], [7.315199851989746, -35.12820053100586, 27.203399658203125]]","[0, 0]",0,0.0,0.06815932387652075,-7.333732963804458e-16,0.00026314676494383946,-0.0005387878244766745,-3.878154368944234e-15,0.0010466366335759542,0.4075234820374166,0.015352149906593351
189,0189,[771],"[336, 379]","[[9.753600120544434, -35.12820053100586, 27.203399658203125], [9.753600120544434, -27.203399658203125, 27.203399658203125]]","[0, 0]",0,0.0,0.07625070832578233,2.4445776546014857e-16,0.0002768892033258005,-0.0018209033426233377,1.2387050285746751e-15,0.0011038537389610843,0.42385640461035173,0.005522717305934537
190,0190,[2074],"[707, 725]","[[12.494023323059082, -27.203399658203125, 27.203399658203125], [12.494023323059082, -35.12820053100586, 27.203399658203125]]","[0, 0]",0,-0.3907544330165005,0.0,1.6297184364009906e-16,0.0003276643787139766,-0.004668302011262671,2.6982572918166274e-15,0.0013370044464433139,0.42283048258428374,0.011967710408065888
191,0191,[2075],"[708, 726]","[[15.049118995666504, -27.203399658203125, 27.203399658203125], [15.049118995666504, -35.12820053100586, 27.203399658203125]]","[0, 0]",0,-0.5707461162083995,0.0,0.0,0.00032705214514469594,-0.004256454980620912,-1.1882880769481894e-15,0.001396944963003259,0.3820750676146951,0.02671844690643858
192,0192,[772],"[341, 390]","[[17.525999069213867, -35.12820053100586, 27.203399658203125], [17.525999069213867, -27.203399658203125, 27.203399658203125]]","[0, 0]",0,-1.4309756151608122,0.0,3.259436872801981e-16,0.00014461229588939208,-0.004057560197859395,-1.939676541602158e-15,0.0006106642207416327,0.31848927869789784,0.02935534697813142
193,0193,[2076],"[709, 727]","[[20.55723762512207, -27.203399658203125, 27.203399658203125], [20.55723762512207, -35.12820053100586, 27.203399658203125]]","[0, 0]",0,0.0,0.3135307354868208,0.0,-5.624486877539046e-05,-0.0028075630543385193,1.0802618881347177e-15,-0.00022967542466235472,0.2514444060221158,0.03452493335942453
194,0194,"[773, 774, 775, 776, 777, 778]","[413, 534, 711, 712, 713, 714, 715]","[[9.753600120544434, -14.935199737548828, 27.203399658203125], [9.753600120544434, -23.012399673461914, 27.203399658203125], [9.753600120544434, -20.917984008789062, 27.203399658203125], [9.753600120544434, -20.461647033691406, 27.203399658203125], [9.753600120544434, -18.747596740722656, 27.203399658203125], [9.753600120544434, -17.72361946105957, 27.203399658203125], [9.753600120544434, -16.459199905395508, 27.203399658203125]]","[0, 0, 0, 0, 0, 0, 0]",0,-0.600024156774152,0.0,1.3907881305547258,0.015732552129365477,0.013689011469865078,-0.9138309010834376,-0.0005680327462716115,0.34117626163757203,0.03484370462983888
195,0195,[2077],"[716, 735]","[[26.212799072265625, -10.344253540039062, 27.203399658203125], [33.985198974609375, -10.344253540039062, 27.203399658203125]]","[0, 0]",0,-0.8764544187155627,0.0,-8.470039111074169e-17,0.00010004350140259078,0.0001897488805106092,-5.494513815851342e-16,0.0004210363703477892,0.0440042821533531,0.008304427568192238
196,0196,[2078],"[717, 733]","[[26.212799072265625, -12.700115203857422, 27.203399658203125], [33.985198974609375, -12.700115203857422, 27.203399658203125]]","[0, 0]",0,-0.5495609844034005,0.0,0.0,1.517501039452117e-05,0.004378515354196813,-1.1014436289316557e-16,6.25882538783965e-05,0.06214690155202527,0.00939521806977658
197,0197,[779],"[268, 402]","[[26.212799072265625, -14.935199737548828, 27.203399658203125], [33.985198974609375, -14.935199737548828, 27.203399658203125]]","[0, 0]",0,-0.5596243399756455,0.0,-4.235019555537084e-17,-0.0001165768067282511,0.0029861617948921853,-3.9519608770696693e-16,-0.0004534520428324277,0.07453324590875733,0.003542890952886337
198,0198,[2079],"[718, 721]","[[26.212799072265625, -17.72361946105957, 27.203399658203125], [33.985198974609375, -17.72361946105957, 27.203399658203125]]","[0, 0]",0,-0.3451802286187561,0.0,-4.235019555537084e-17,-0.0003067002599986665,0.001120226714571744,-1.6458132789940152e-16,0.0012127501091294933,0.07549513931573354,0.006468606658806325
199,0199,[2080],"[719, 720]","[[26.212799072265625, -20.461647033691406, 27.203399658203125], [33.985198974609375, -20.461647033691406, 27.203399658203125]]","[0, 0]",0,-0.09855315926451934,0.0,4.235019555537084e-17,-0.0005244298975096553,-0.0007510337797728365,2.196535093459843e-16,-0.002076371802009771,0.04806229379911103,0.014325832145205485
200,0200,"[780, 781, 782]","[97, 268, 716, 717]","[[26.212799072265625, -7.924799919128418, 27.203399658203125], [26.212799072265625, -14.935199737548828, 27.203399658203125], [26.212799072265625, -10.344253540039062, 27.203399658203125], [26.212799072265625, -12.700115203857422, 27.203399658203125]]","[0, 0, 0, 0]",0,-0.7074455576227345,0.0,0.8035872917841526,0.004440673605038144,0.00594473732204308,-1.1217741770335654,0.005134147924442294,0.07430317616545883,0.007523904334537851
201,0201,"[783, 784, 785]","[268, 465, 718, 719]","[[26.212799072265625, -14.935199737548828, 27.203399658203125], [26.212799072265625, -23.012399673461914, 27.203399658203125], [26.212799072265625, -17.72361946105957, 27.203399658203125], [26.212799072265625, -20.461647033691406, 27.203399658203125]]","[0, 0, 0, 0]",0,-4.105292345504799,0.0,1.5270225055610076,0.003052952480802134,0.0012608920571095025,1.6075869859775809,0.002459685978919453,0.07091559549440184,0.010967180812964904
202,0202,"[786, 787, 788]","[402, 500, 720, 721]","[[33.985198974609375, -14.935199737548828, 27.203399658203125], [33.985198974609375, -23.012399673461914, 27.203399658203125], [33.985198974609375, -20.461647033691406, 27.203399658203125], [33.985198974609375, -17.72361946105957, 27.203399658203125]]","[0, 0, 0, 0]",0,0.0,1.597927697075695,1.3225632763085566,0.002361169395901557,0.0021326364266449553,0.7211443422677544,-0.002072341256883007,0.07936466048258806,0.01459401437701092
203,0203,[2081],"[734, 744]","[[33.985198974609375, -12.039600372314453, 27.203399658203125], [41.90999984741211, -12.039600372314453, 27.203399658203125]]","[0, 0]",0,-0.9380910225925012,0.0,-1.0185740227506191e-17,5.276568671822867e-05,0.0002216052471695929,-7.411816552675141e-17,-0.0002247434722084396,0.043613620810267754,0.01521557898834707
204,0204,[789],"[371, 402]","[[41.90999984741211, -14.935199737548828, 27.203399658203125], [33.985198974609375, -14.935199737548828, 27.203399658203125]]","[0, 0]",0,-0.6630850536513961,0.0,-4.0742960910024764e-17,-5.713814115806639e-05,0.002301759942523908,-2.4245956770026977e-16,0.0002270357273229296,0.08334281707504164,0.011797126581703128
205,0205,[2082],"[721, 743]","[[33.985198974609375, -17.72361946105957, 27.203399658203125], [41.90999984741211, -17.72361946105957, 27.203399658203125]]","[0, 0]",0,-0.8280424792178313,0.0,-8.148592182004953e-17,-0.00017100987103547448,0.002759159337497548,-5.389322298072754e-16,0.0007027282710818211,0.10381282464685862,0.005497155308282825
206,0206,[2083],"[720, 742]","[[33.985198974609375, -20.461647033691406, 27.203399658203125], [41.90999984741211, -20.461647033691406, 27.203399658203125]]","[0, 0]",0,-1.40801337875456,0.0,-1.6297184364009906e-16,-0.0003102384052083953,0.002659109917572244,-7.537858931741356e-16,-0.001233598106414967,0.08612463322587495,0.014016000103685205
207,0207,[790],"[366, 500]","[[41.90999984741211, -23.012399673461914, 27.203399658203125], [33.985198974609375, -23.012399673461914, 27.203399658203125]]","[0, 0]",0,-1.8565018344378916,0.0,-1.6297184364009906e-16,-0.0005905184447319973,-0.000805922142030524,-7.537858931741356e-16,-0.002543023710766412,0.061499677721419954,0.01069894383874201
208,0208,[2084],"[741, 745]","[[41.90999984741211, -25.223190307617188, 27.203399658203125], [33.985198974609375, -25.223190307617188, 27.203399658203125]]","[0, 0]",0,-0.8138867184237983,0.0,0.0,-0.0005470511763145348,8.475374669432934e-05,0.0,-0.00224754422094404,0.0628517489816032,0.010480889572873978
209,0209,[2085],"[710, 728]","[[23.457565307617188, -27.203399658203125, 27.203399658203125], [23.457565307617188, -35.12820053100586, 27.203399658203125]]","[0, 0]",0,-0.12383010072824216,0.0,-3.259436872801981e-16,-0.0003212904778813029,-0.0011989314744681736,-1.7236241639752147e-15,-0.0012923316030794077,0.16903961496537317,0.038176724250748986
210,0210,[791],"[346, 477]","[[26.212799072265625, -35.12820053100586, 27.203399658203125], [26.212799072265625, -27.203399658203125, 27.203399658203125]]","[0, 0]",0,0.0,0.7487684490908721,-3.259436872801981e-16,-0.0007302761084944386,0.005291650202718079,-1.939676541602158e-15,-0.0031152211863907067,0.10710799820254106,0.025172548322125305
211,0211,[2086],"[730, 738]","[[31.526952743530273, -35.12820053100586, 27.203399658203125], [31.526952743530273, -27.203399658203125, 27.203399658203125]]","[0, 0]",0,-0.15923810840341715,0.0,-6.518873745603962e-16,-0.0007668523482433936,0.0017993302987228377,2.799091195069599e-15,-0.0031059020373709776,0.09178688789195702,0.016651853996478984
212,0212,[792],"[351, 511]","[[33.985198974609375, -35.12820053100586, 27.203399658203125], [33.985198974609375, -27.203399658203125, 27.203399658203125]]","[0, 0]",0,-0.37668197231898,0.0,-3.259436872801981e-16,-0.0005902506990708901,0.0006979511324065908,-1.3995455975347995e-15,0.0023948230081952053,0.08174728615912898,0.014746223238267905
213,0213,[2087],"[731, 739]","[[36.42359924316406, -35.12820053100586, 27.203399658203125], [36.42359924316406, -27.203399658203125, 27.203399658203125]]","[0, 0]",0,-0.1261946941480636,0.0,0.0,-0.0007479072064808309,0.0023685648802326004,2.1605237762694354e-16,-0.0030647625736381413,0.09831825872135086,0.01598474697809063
214,0214,[2088],"[732, 740]","[[38.709598541259766, -35.12820053100586, 27.203399658203125], [38.709598541259766, -27.203399658203125, 27.203399658203125]]","[0, 0]",0,0.0,0.1183324223627639,-4.889155309202971e-16,-0.0007737452337369917,0.0049622514731684705,-2.2613576795224068e-15,-0.00311362145979226,0.11305765275312285,0.010479479179586956
215,0215,[793],"[356, 361]","[[41.90999984741211, -35.12820053100586, 27.203399658203125], [41.90999984741211, -27.203399658203125, 27.203399658203125]]","[0, 0]",0,0.0,0.5009449536998802,-2.037148045501238e-16,-0.0006935804536170488,0.006259895424012761,-1.1177749232895611e-15,-0.0027711192204924757,0.1071128826767731,0.003037954069195116
216,0216,"[794, 795, 796, 797]","[61, 336, 722, 723, 724]","[[0.0, -35.12820053100586, 27.203399658203125], [9.753600120544434, -35.12820053100586, 27.203399658203125], [2.5823607444763184, -35.12820053100586, 27.203399658203125], [5.016953468322754, -35.12820053100586, 27.203399658203125], [7.315199851989746, -35.12820053100586, 27.203399658203125]]","[0, 0, 0, 0, 0]",0,-0.04329587793941953,1.1979229853587237,2.019390949403153,0.0014715469253740576,0.0016178775417512786,-3.2802190380419542,0.0014859542457253824,0.43259198675609334,0.06305377085881689
217,0217,"[798, 799, 800]","[336, 341, 725, 726]","[[9.753600120544434, -35.12820053100586, 27.203399658203125], [17.525999069213867, -35.12820053100586, 27.203399658203125], [12.494023323059082, -35.12820053100586, 27.203399658203125], [15.049118995666504, -35.12820053100586, 27.203399658203125]]","[0, 0, 0, 0]",0,0.0,3.0615921721345294,0.8905181056467247,0.002645833953372434,0.005659306857617499,-2.205706551009529,0.003997084060146275,0.44931693968237196,0.023412403498389713
218,0218,"[801, 802, 803]","[341, 346, 727, 728]","[[17.525999069213867, -35.12820053100586, 27.203399658203125], [26.212799072265625, -35.12820053100586, 27.203399658203125], [20.55723762512207, -35.12820053100586, 27.203399658203125], [23.457565307617188, -35.12820053100586, 27.203399658203125]]","[0, 0, 0, 0]",0,0.0,2.87065473492659,0.8880805303513986,0.001372440396738018,0.008473809667086893,1.0955347436328617,0.0042332368201570166,0.36368316552153646,0.04238890530918526
219,0219,"[804, 805, 806]","[346, 351, 729, 730]","[[26.212799072265625, -35.12820053100586, 27.203399658203125], [33.985198974609375, -35.12820053100586, 27.203399658203125], [28.978139877319336, -35.12820053100586, 27.203399658203125], [31.526952743530273, -35.12820053100586, 27.203399658203125]]","[0, 0, 0, 0]",0,0.0,0.9863003342515823,0.4789935748903566,-0.0047014438511164955,0.0013342270484037113,0.9671464500225111,0.008208583241414208,0.18589415735441034,0.034493413863338214
220,0220,"[807, 808, 809]","[351, 356, 731, 732]","[[33.985198974609375, -35.12820053100586, 27.203399658203125], [41.90999984741211, -35.12820053100586, 27.203399658203125], [36.42359924316406, -35.12820053100586, 27.203399658203125], [38.709598541259766, -35.12820053100586, 27.203399658203125]]","[0, 0, 0, 0]",0,-0.021738121760942728,0.8771471982861728,1.1964225906217911,-0.003915673971752474,-0.001667400096300906,0.08012431436910887,0.008423446744177223,0.1501010685948788,0.02581901470269221
221,0221,"[810, 811, 812, 813]","[402, 733, 734, 735, 736]","[[33.985198974609375, -14.935199737548828, 27.203399658203125], [33.985198974609375, -12.700115203857422, 27.203399658203125], [33.985198974609375, -12.039600372314453, 27.203399658203125], [33.985198974609375, -10.344253540039062, 27.203399658203125], [33.985198974609375, -7.924799919128418, 27.203399658203125]]","[0, 0, 0, 0, 0]",0,0.0,1.1415989242080105,1.091144949755848,0.06503046859746729,0.0012286927442187814,3.191494812820831,-0.004266436999318969,0.06252343926728485,0.017294917108023097
222,0222,[814],"[304, 736]","[[27.88920021057129, -7.924799919128418, 27.203399658203125], [33.985198974609375, -7.924799919128418, 27.203399658203125]]","[0, 0]",0,-0.7581806009166292,0.0,0.08326741458216386,0.0004276589121677668,0.0013283510941614412,-0.5075980563775169,0.001442587657353541,0.03439516817249059,0.0065689332849759915
223,0223,"[815, 816, 817]","[477, 511, 737, 738]","[[26.212799072265625, -27.203399658203125, 27.203399658203125], [33.985198974609375, -27.203399658203125, 27.203399658203125], [28.978139877319336, -27.203399658203125, 27.203399658203125], [31.526952743530273, -27.203399658203125, 27.203399658203125]]","[0, 0, 0, 0]",0,-0.5123206027006522,1.0187092316219661,0.10469429584346597,-0.007795942813159165,0.004408493542293377,-0.23276956608798818,0.010290972521478375,0.04094428521377607,0.0064827947233326
224,0224,"[818, 819, 820]","[361, 511, 739, 740]","[[41.90999984741211, -27.203399658203125, 27.203399658203125], [33.985198974609375, -27.203399658203125, 27.203399658203125], [36.42359924316406, -27.203399658203125, 27.203399658203125], [38.709598541259766, -27.203399658203125, 27.203399658203125]]","[0, 0, 0, 0]",0,-0.02232053537019961,1.2873242425363343,0.6503594081161531,-0.0035210007625803706,0.004386887270753229,1.5858365554074956,0.006543571553559848,0.08825020019803055,0.013212833931859598
225,0225,"[821, 822]","[361, 366, 741]","[[41.90999984741211, -27.203399658203125, 27.203399658203125], [41.90999984741211, -23.012399673461914, 27.203399658203125], [41.90999984741211, -25.223190307617188, 27.203399658203125]]","[0, 0, 0]",0,0.0,2.9977909381012795,-0.47701418706253107,-0.010602504398399264,0.005322163472510486,1.0545784971170353,0.011841573099984438,0.10061308373636173,0.012870536661899678
226,0226,"[823, 824, 825]","[366, 371, 742, 743]","[[41.90999984741211, -23.012399673461914, 27.203399658203125], [41.90999984741211, -14.935199737548828, 27.203399658203125], [41.90999984741211, -20.461647033691406, 27.203399658203125], [41.90999984741211, -17.72361946105957, 27.203399658203125]]","[0, 0, 0, 0]",0,0.0,2.7132235963387674,1.4448988865223442,0.0017342731915975114,-0.0022639287685215703,-0.6404872703800691,-0.0007727976042331969,0.12163498277995637,0.016038863140331365
227,0227,"[826, 827]","[142, 371, 744]","[[41.90999984741211, -9.144000053405762, 27.203399658203125], [41.90999984741211, -14.935199737548828, 27.203399658203125], [41.90999984741211, -12.039600372314453, 27.203399658203125]]","[0, 0, 0]",0,-1.4319590347451812,0.6937921630983765,0.09145355770412467,0.005615981382128733,-0.0002108073887055118,1.1081571538865627,-0.005470709689413575,0.0689308232815814,0.01753331967041355
228,0228,[828],"[465, 500]","[[26.212799072265625, -23.012399673461914, 27.203399658203125], [33.985198974609375, -23.012399673461914, 27.203399658203125]]","[0, 0]",0,-0.9188910162251177,0.0,2.117509777768542e-17,-0.0009008687965660588,-0.0002837917591529226,-9.605870931134646e-17,0.0038855112447005523,0.03285896810906424,0.0016234104671545577
229,0229,"[829, 830]","[500, 511, 745]","[[33.985198974609375, -23.012399673461914, 27.203399658203125], [33.985198974609375, -27.203399658203125, 27.203399658203125], [33.985198974609375, -25.223190307617188, 27.203399658203125]]","[0, 0, 0]",0,0.0,0.6163105041112952,0.2789046872805762,-0.019288843155156613,0.0010181972516298172,0.6165998704619025,-0.021885194516843686,0.03657940440917107,0.0023856225467335443
230,0230,[831],"[465, 477]","[[26.212799072265625, -23.012399673461914, 27.203399658203125], [26.212799072265625, -27.203399658203125, 27.203399658203125]]","[0, 0]",0,-0.876504904044413,0.0,-3.6075824969579433e-17,-0.005438531406422511,0.0005060282748887644,-8.836362380629904e-17,0.011771800537621733,0.035239492500877885,0.001404236154102952
231,0231,"[832, 833]","[195, 544, 746]","[[9.753600120544434, -6.2618384463102375e-15, 23.85059928894043], [1.8287999629974365, 6.383556657314207e-15, 23.85059928894043], [7.315199851989746, -5.684341886080802e-14, 23.85059928894043]]","[0, 0, 0]",0,-0.15221825396048952,0.0,0.729679740738321,0.001871565354916216,0.005628789751896977,-0.6152804639180676,0.0009260050759685186,0.04828042784778387,0.0043013104306718515
232,0232,[834],"[72, 195]","[[15.849599838256836, 6.383556657314207e-15, 23.85059928894043], [9.753600120544434, -6.2618384463102375e-15, 23.85059928894043]]","[0, 0]",0,-0.08773357736266228,0.0,0.0,0.00034170817111395057,0.00465405965559545,3.51085168568467e-17,0.0010458727217694049,0.04162016433043699,0.006679874891163034
233,0233,[835],"[219, 521]","[[36.42359924316406, -6.2618384463102375e-15, 23.85059928894043], [27.88920021057129, 6.383556657314207e-15, 23.85059928894043]]","[0, 0]",0,0.0,0.017747594275039996,-8.787083772993585e-18,0.00012165406548106887,-0.004123307088700606,1.378062945136661e-16,-0.0005244990370325814,0.037859024227325386,0.0049822022807440676
234,0234,[836],"[117, 219]","[[41.90999984741211, 6.383556657314207e-15, 23.85059928894043], [36.42359924316406, -6.2618384463102375e-15, 23.85059928894043]]","[0, 0]",0,0.0,0.137827482807683,2.540000583397097e-16,0.0001567542745151983,0.0009757959872288111,7.357824938485428e-16,-0.0004371483714662951,0.028720539593607115,0.0026068457934046887
235,0235,"[837, 838, 839]","[117, 129, 747, 748]","[[41.90999984741211, 6.383556657314207e-15, 23.85059928894043], [41.90999984741211, -6.1975998878479, 23.85059928894043], [41.90999984741211, -2.1691598892211914, 23.85059928894043], [41.90999984741211, -4.228439807891846, 23.85059928894043]]","[0, 0, 0, 0]",0,0.0,0.18654642582953085,0.9022750015784913,0.002476643938717802,0.00048219695368387916,0.8240255187737664,-0.0014916679307990723,0.022605563276987317,0.00438595504147266
236,0236,"[840, 841, 842]","[207, 219, 749, 750]","[[36.42359924316406, -6.1975998878479, 23.85059928894043], [36.42359924316406, -6.2618384463102375e-15, 23.85059928894043], [36.42359924316406, -4.228439807891846, 23.85059928894043], [36.42359924316406, -2.1691598892211914, 23.85059928894043]]","[0, 0, 0, 0]",0,-0.17695451819771246,0.0,0.6923632797359851,0.003291256580566547,0.0023323270852188822,1.2681676108845357,0.0035886075730346195,0.032244746132255434,0.0073355563314392675
237,0237,"[843, 844, 845, 846]","[303, 521, 751, 752, 753]","[[27.88920021057129, -7.924799919128418, 23.85059928894043], [27.88920021057129, 6.383556657314207e-15, 23.85059928894043], [27.88920021057129, -2.1691598892211914, 23.85059928894043], [27.88920021057129, -4.228439807891846, 23.85059928894043], [27.88920021057129, -6.1975998878479, 23.85059928894043]]","[0, 0, 0, 0, 0]",0,-0.002154690854278389,0.17551234591304538,2.0057825135516185,0.004827954484068558,0.00530195776098531,0.35082199060436836,0.004258482928258272,0.06851080457788823,0.010971211336940713
238,0238,[847],"[207, 753]","[[36.42359924316406, -6.1975998878479, 23.85059928894043], [27.88920021057129, -6.1975998878479, 23.85059928894043]]","[0, 0]",0,-0.3237362515322208,0.0,-0.004341766596244496,0.00021641436637677002,0.002117184858911683,-0.03705436863873261,0.0010367402336280427,0.03182694463325143,0.007957093083468219
239,0239,[2089],"[747, 750]","[[41.90999984741211, -2.1691598892211914, 23.85059928894043], [36.42359924316406, -2.1691598892211914, 23.85059928894043]]","[0, 0]",0,0.0,0.05823425484211552,-4.2333343056618287e-17,0.0001805386597766038,0.0009176273792892346,2.5266193921319535e-16,-0.0005046277242548355,0.025910673513251797,0.004227964789035276
240,0240,[2090],"[748, 749]","[[41.90999984741211, -4.228439807891846, 23.85059928894043], [36.42359924316406, -4.228439807891846, 23.85059928894043]]","[0, 0]",0,0.0,0.036576446974768646,3.1750007292463715e-17,0.00022073646535666815,0.0016164934496284838,8.709662959712641e-17,0.0006235990403808474,0.016045389362607958,0.006817924323393739
241,0241,"[848, 849, 850]","[84, 279, 754, 755]","[[17.525999069213867, -7.924799919128418, 23.85059928894043], [17.525999069213867, -14.935199737548828, 23.85059928894043], [17.525999069213867, -10.344253540039062, 23.85059928894043], [17.525999069213867, -12.700115203857422, 23.85059928894043]]","[0, 0, 0, 0]",0,-0.3396400264454531,0.0,0.5082968499130799,0.007846824625441924,0.008992564965209133,1.0652238427350258,0.00920055711256379,0.07724462180491913,0.021065479602470894
242,0242,"[851, 852, 853, 854, 855, 856]","[412, 453, 756, 757, 758, 759, 760]","[[9.753600120544434, -14.935199737548828, 23.85059928894043], [9.753600120544434, -7.924799919128418, 23.85059928894043], [9.753600120544434, -9.144000053405762, 23.85059928894043], [9.753600120544434, -10.344253540039062, 23.85059928894043], [9.753600120544434, -11.688923835754395, 23.85059928894043], [9.753600120544434, -12.700115203857422, 23.85059928894043], [9.753600120544434, -14.130844116210938, 23.85059928894043]]","[0, 0, 0, 0, 0, 0, 0]",0,-0.06707836852061942,0.07005396254815632,2.500330150909727,0.05880098380019054,0.015004599951423728,5.165972063795204,0.024870471340832367,0.15046688147910162,0.0371246739907279
243,0243,"[857, 858, 859]","[36, 544, 761, 762]","[[1.8287999629974365, -6.1975998878479, 23.85059928894043], [1.8287999629974365, 6.383556657314207e-15, 23.85059928894043], [1.8287999629974365, -4.228439807891846, 23.85059928894043], [1.8287999629974365, -2.1691598892211914, 23.85059928894043]]","[0, 0, 0, 0]",0,-0.2055585072462915,0.0,0.7207290702039868,0.003844716727461976,0.003297242004461358,1.3685905498579163,0.003733645129258105,0.03732406612448541,0.005272654098986996
244,0244,"[860, 861, 862]","[237, 746, 763, 764]","[[7.315199851989746, -6.1975998878479, 23.85059928894043], [7.315199851989746, -5.684341886080802e-14, 23.85059928894043], [7.315199851989746, -4.228439807891846, 23.85059928894043], [7.315199851989746, -2.1691598892211914, 23.85059928894043]]","[0, 0, 0, 0]",0,0.0,0.04878012018557387,0.6745562717090123,0.005967299754230759,0.0028041565363661593,1.328309281933375,0.006271471292635105,0.046197529423831464,0.008025248642687123
245,0245,[2091],"[764, 767]","[[7.315199851989746, -2.1691598892211914, 23.85059928894043], [9.753600120544434, -2.1691598892211914, 23.85059928894043]]","[0, 0]",0,-0.12238033728473414,0.0,3.325168512408815e-15,0.002076674044662587,0.004136828155537884,-4.2295884536455144e-15,-0.0025765899803473044,0.04444680919876759,0.005060472176427294
246,0246,[2092],"[750, 751]","[[36.42359924316406, -2.1691598892211914, 23.85059928894043], [27.88920021057129, -2.1691598892211914, 23.85059928894043]]","[0, 0]",0,-0.04907164655798335,0.0,0.0,0.00013180660465020522,-0.003610549158909413,-5.0155027443946034e-17,-0.0005705357505216198,0.047471406565411704,0.004461866683995189
247,0247,[2093],"[763, 766]","[[7.315199851989746, -4.228439807891846, 23.85059928894043], [9.753600120544434, -4.228439807891846, 23.85059928894043]]","[0, 0]",0,-0.23601272813124294,0.0,0.0,0.002624500193409935,0.0031374802007248597,1.2287978977532419e-15,-0.0032513010063220196,0.035764459177139545,0.009307163906796178
248,0248,[2094],"[749, 752]","[[36.42359924316406, -4.228439807891846, 23.85059928894043], [27.88920021057129, -4.228439807891846, 23.85059928894043]]","[0, 0]",0,-0.14879449207248696,0.0,7.029667018394868e-17,0.0001582090694189406,-0.0019535812454092266,-3.5012494445013846e-16,-0.0006981295959783108,0.04319661545543115,0.008545001731264488
249,0249,[863],"[237, 765]","[[7.315199851989746, -6.1975998878479, 23.85059928894043], [9.753600120544434, -6.1975998878479, 23.85059928894043]]","[0, 0]",0,-0.7263304268244481,0.0,0.4412006542374712,0.0037091235630454136,-0.003991957098484826,1.0758237937791522,0.004602655233756512,0.03039384747827734,0.007951396600119566
250,0250,[2095],"[765, 770]","[[9.753600120544434, -6.1975998878479, 23.85059928894043], [15.849599838256836, -6.1975998878479, 23.85059928894043]]","[0, 0]",0,-0.12463475703131079,0.0,1.3736067897268669e-16,0.0006960319283486219,-0.0010817755744063002,6.293264312622212e-16,-0.0021695708099968907,0.043787357627350525,0.006994251143463695
251,0251,[864],"[291, 453]","[[15.849599838256836, -7.924799919128418, 23.85059928894043], [9.753600120544434, -7.924799919128418, 23.85059928894043]]","[0, 0]",0,0.0,0.03409786212299458,1.3736067897268669e-16,0.000979514424482675,-0.0005342689366541106,-4.18675330121141e-16,0.003044195180563511,0.039921998350494224,0.004178057911402834
252,0252,"[865, 866, 867, 868]","[195, 453, 765, 766, 767]","[[9.753600120544434, -6.2618384463102375e-15, 23.85059928894043], [9.753600120544434, -7.924799919128418, 23.85059928894043], [9.753600120544434, -6.1975998878479, 23.85059928894043], [9.753600120544434, -4.228439807891846, 23.85059928894043], [9.753600120544434, -2.1691598892211914, 23.85059928894043]]","[0, 0, 0, 0, 0]",0,0.0,0.2687169054647293,1.0152149949980036,0.006886583035347546,-0.0004665686308386409,1.7534793711170011,0.006378380564895757,0.04648485854474004,0.009477904508049702
253,0253,[2096],"[767, 768]","[[9.753600120544434, -2.1691598892211914, 23.85059928894043], [15.849599838256836, -2.1691598892211914, 23.85059928894043]]","[0, 0]",0,-0.09392376392210876,0.0,6.868033948634334e-17,0.00038584149726158905,0.003972685873947313,2.4444618191741715e-16,-0.001184562838407632,0.05306620711514994,0.003934345898129621
254,0254,[2097],"[762, 764]","[[1.8287999629974365, -2.1691598892211914, 23.85059928894043], [7.315199851989746, -2.1691598892211914, 23.85059928894043]]","[0, 0]",0,-0.027114211051875895,0.0,-1.693334160387069e-16,0.0003827043884744792,-0.0009019874270565036,-4.645154174787251e-16,0.00106814921118384,0.038854780564199214,0.0057868298202951645
255,0255,[2098],"[761, 763]","[[1.8287999629974365, -4.228439807891846, 23.85059928894043], [7.315199851989746, -4.228439807891846, 23.85059928894043]]","[0, 0]",0,0.0,0.03592637567154433,-4.2333354009676723e-17,0.000500156139656236,-0.0011266910011579901,1.3563358544825635e-16,0.0014023858563348263,0.03226059463076402,0.007611644434122461
256,0256,"[869, 870, 871, 872]","[72, 291, 768, 769, 770]","[[15.849599838256836, 6.383556657314207e-15, 23.85059928894043], [15.849599838256836, -7.924799919128418, 23.85059928894043], [15.849599838256836, -2.1691598892211914, 23.85059928894043], [15.849599838256836, -4.228439807891846, 23.85059928894043], [15.849599838256836, -6.1975998878479, 23.85059928894043]]","[0, 0, 0, 0, 0]",0,-0.2817634007601971,0.004539102344722693,1.7669952391865105,0.009638529296127754,0.0041518758865558385,0.6957208783814164,-0.003031328407157176,0.0628054479688573,0.010695355164678554
257,0257,[873],"[84, 291]","[[17.525999069213867, -7.924799919128418, 23.85059928894043], [15.849599838256836, -7.924799919128418, 23.85059928894043]]","[0, 0]",0,-0.053980788091459946,0.0,3.37543079226724e-15,0.013056987797275323,0.008704978519773185,-3.084619565512733e-15,0.011375241032777776,0.04313788267329431,0.008295903280283005
258,0258,[874],"[96, 303]","[[26.212799072265625, -7.924799919128418, 23.85059928894043], [27.88920021057129, -7.924799919128418, 23.85059928894043]]","[0, 0]",0,-0.14027325191119772,0.0,8.438559249529235e-15,0.002487831599300076,-0.0130817236167618,-8.349877580031867e-15,-0.0022460993907141044,0.04572033657211117,0.004548916624066557
259,0259,[2099],"[754, 757]","[[17.525999069213867, -10.344253540039062, 23.85059928894043], [9.753600120544434, -10.344253540039062, 23.85059928894043]]","[0, 0]",0,0.0,0.1717720798109648,-8.47004118163249e-17,0.0006898556496489226,-0.002002662574070131,4.2553902523344188e-16,0.0027137511424479756,0.047175389333832175,0.009980209571379215
260,0260,[2100],"[755, 759]","[[17.525999069213867, -12.700115203857422, 23.85059928894043], [9.753600120544434, -12.700115203857422, 23.85059928894043]]","[0, 0]",0,0.0,0.1217546601497582,-4.235020590816245e-17,0.000779024935544741,-0.00728085478512009,-2.1965353614221422e-16,0.003080574986875901,0.07779147569345415,0.020290157956744263
261,0261,[875],"[279, 412]","[[17.525999069213867, -14.935199737548828, 23.85059928894043], [9.753600120544434, -14.935199737548828, 23.85059928894043]]","[0, 0]",0,0.0,0.08185827992691128,-3.388016472652996e-16,0.0005499265847718987,-0.007188756160003061,1.8673726655456063e-15,-0.002150051436181035,0.12568770122554093,0.02722889859250497
262,0262,[2101],"[760, 773]","[[9.753600120544434, -14.130844116210938, 23.85059928894043], [0.0, -14.130844116210938, 23.85059928894043]]","[0, 0]",0,0.0,0.12037343901741993,0.0,0.00039453329065544033,0.00525556801208379,1.7554257398585427e-16,0.002023372259434994,0.0990163282608077,0.028381586472063028
263,0263,[2102],"[758, 772]","[[9.753600120544434, -11.688923835754395, 23.85059928894043], [0.0, -11.688923835754395, 23.85059928894043]]","[0, 0]",0,0.0,0.23522489614854428,0.0,0.0003811038566917381,0.0025340599896090986,0.0,0.002028214737975948,0.04847158043433652,0.017968599197625567
264,0264,[876],"[48, 771]","[[1.8287999629974365, -9.144000053405762, 23.85059928894043], [0.0, -9.144000053405762, 23.85059928894043]]","[0, 0]",0,0.0,0.10052808290447124,0.3414512360598478,0.00992425153906537,-0.003344177238501694,-0.6244460078716778,-0.009381746606211449,0.03475077332617784,0.004517625792804996
265,0265,[877],"[249, 756]","[[7.315199851989746, -9.144000053405762, 23.85059928894043], [9.753600120544434, -9.144000053405762, 23.85059928894043]]","[0, 0]",0,0.0,0.8110245125214806,0.8900228011882668,0.007989242657425684,0.0022925288914322764,2.1702318374372673,0.010352174881019395,0.032567086830105146,0.008761185254410546
266,0266,"[878, 879, 880]","[159, 771, 772, 773]","[[0.0, -16.459199905395508, 23.85059928894043], [0.0, -9.144000053405762, 23.85059928894043], [0.0, -11.688923835754395, 23.85059928894043], [0.0, -14.130844116210938, 23.85059928894043]]","[0, 0, 0, 0]",0,0.0,0.725477454465413,0.9398043774419801,0.0059250606367794246,-0.0027612995358406896,2.772457967848461,0.007257784823398653,0.07944682949441398,0.02419641312233074
267,0267,"[881, 882, 883]","[159, 171, 774, 775]","[[0.0, -16.459199905395508, 23.85059928894043], [0.0, -23.012399673461914, 23.85059928894043], [0.0, -18.747596740722656, 23.85059928894043], [0.0, -20.917984008789062, 23.85059928894043]]","[0, 0, 0, 0]",0,0.0,0.668074347058783,1.5646680058218156,0.004131774800458981,-0.007770049562918609,-2.509438739410173,0.005147169224349468,0.12427027427970419,0.04510028233793939
268,0268,"[884, 885]","[171, 183, 776]","[[0.0, -23.012399673461914, 23.85059928894043], [0.0, -27.203399658203125, 23.85059928894043], [0.0, -25.107900619506836, 23.85059928894043]]","[0, 0, 0]",0,0.0,0.6538886504029943,0.2463371385804411,0.0011851160367947874,-0.0015614491785180683,0.5161997069413085,0.001281651471695971,0.10711407737659417,0.053136721414842804
269,0269,"[886, 887]","[378, 533, 777]","[[9.753600120544434, -27.203399658203125, 23.85059928894043], [9.753600120544434, -23.012399673461914, 23.85059928894043], [9.753600120544434, -25.107900619506836, 23.85059928894043]]","[0, 0, 0]",0,0.0,0.16916369545301033,0.8182916005099214,0.00039184693205020666,-0.001635033645724341,-1.0001659565925556,0.00046368171960574063,0.3919029193715179,0.013985528654795543
270,0270,"[888, 889]","[389, 487, 778]","[[17.525999069213867, -27.203399658203125, 23.85059928894043], [17.525999069213867, -23.012399673461914, 23.85059928894043], [17.525999069213867, -25.107900619506836, 23.85059928894043]]","[0, 0, 0]",0,-0.12840700093444904,0.0,1.1968489371811415,-0.000545444017846119,-0.009138893493743293,2.5079980801359394,0.004554444032353058,0.221916000132285,0.04737711527454694
271,0271,[890],"[159, 792]","[[0.0, -16.459199905395508, 23.85059928894043], [9.753600120544434, -16.459199905395508, 23.85059928894043]]","[0, 0]",0,0.0,0.0371171540620076,-0.1764354338007118,0.00024191751273175353,0.004473312861256456,-1.7208806683869327,-0.001182573452463909,0.15475488044706293,0.026281020036118843
272,0272,[2103],"[779, 791]","[[17.525999069213867, -17.72361946105957, 23.85059928894043], [9.753600120544434, -17.72361946105957, 23.85059928894043]]","[0, 0]",0,0.0,0.04144425375256995,6.776032945305992e-16,0.00028673505056606765,-0.004356841648403956,2.853590319828072e-15,-0.0011181798728995664,0.1941239571974316,0.02651372889214639
273,0273,"[891, 892, 893]","[279, 487, 779, 780]","[[17.525999069213867, -14.935199737548828, 23.85059928894043], [17.525999069213867, -23.012399673461914, 23.85059928894043], [17.525999069213867, -17.72361946105957, 23.85059928894043], [17.525999069213867, -20.461647033691406, 23.85059928894043]]","[0, 0, 0, 0]",0,-0.26973640500610874,0.0,1.6139530272187983,0.0034183662527759876,0.009430694997862012,-0.8987355745124626,0.005285755220570806,0.15571829659336078,0.045018976427855066
274,0274,[2104],"[780, 789]","[[17.525999069213867, -20.461647033691406, 23.85059928894043], [9.753600120544434, -20.461647033691406, 23.85059928894043]]","[0, 0]",0,-0.0042841395844432,0.0,1.0164049417958989e-15,0.00011118228348863252,-0.00415168825730085,3.9499523505184305e-15,0.0004323803099848927,0.23312689882691454,0.023374675570440834
275,0275,[2105],"[775, 788]","[[0.0, -20.917984008789062, 23.85059928894043], [9.753600120544434, -20.917984008789062, 23.85059928894043]]","[0, 0]",0,-0.04800840677853512,0.0,-2.1544462401790972e-16,5.18524973511447e-05,0.004982699576707171,-1.0506803553958672e-15,0.0002628740865848437,0.22250176538881028,0.021394466249544136
276,0276,[2106],"[774, 790]","[[0.0, -18.747596740722656, 23.85059928894043], [9.753600120544434, -18.747596740722656, 23.85059928894043]]","[0, 0]",0,-0.013496621255025,0.0,2.1544462401790972e-16,0.0001295482489185179,0.0036996128206746247,1.0506803553958672e-15,0.0006318052842885626,0.20118889754975203,0.02311026074789884
277,0277,[894],"[171, 533]","[[0.0, -23.012399673461914, 23.85059928894043], [9.753600120544434, -23.012399673461914, 23.85059928894043]]","[0, 0]",0,-0.0346869274729122,0.0,0.0,2.952977115852732e-07,0.005384663975304253,-1.7554257398585427e-16,2.2717406595866116e-05,0.22986089627754558,0.025658406381082546
278,0278,[2107],"[776, 777]","[[0.0, -25.107900619506836, 23.85059928894043], [9.753600120544434, -25.107900619506836, 23.85059928894043]]","[0, 0]",0,-0.05800472823859892,0.0,2.1544462401790972e-16,-3.4414948071127417e-06,0.004439926256969201,1.0506803553958672e-15,4.089206335310348e-05,0.23959011972194605,0.029639330436556262
279,0279,"[895, 896, 897, 898]","[183, 378, 781, 782, 783]","[[0.0, -27.203399658203125, 23.85059928894043], [9.753600120544434, -27.203399658203125, 23.85059928894043], [2.5823607444763184, -27.203399658203125, 23.85059928894043], [5.016953468322754, -27.203399658203125, 23.85059928894043], [7.315199851989746, -27.203399658203125, 23.85059928894043]]","[0, 0, 0, 0, 0]",0,-0.06979998596453021,0.0,1.9188935165625132,0.0004402079442822405,0.0032910661517450025,-2.4819535103354156,0.0003804823248805666,0.3952088993178254,0.05401181445166787
280,0280,"[899, 900, 901]","[378, 389, 784, 785]","[[9.753600120544434, -27.203399658203125, 23.85059928894043], [17.525999069213867, -27.203399658203125, 23.85059928894043], [12.494023323059082, -27.203399658203125, 23.85059928894043], [15.049118995666504, -27.203399658203125, 23.85059928894043]]","[0, 0, 0, 0]",0,-0.517922215743473,0.0,1.2049547240939442,-0.0005112700256084176,0.005897189036836635,-1.1625402031291514,0.003271722411413215,0.3938799534235303,0.036180200558250414
281,0281,[2108],"[777, 778]","[[9.753600120544434, -25.107900619506836, 23.85059928894043], [17.525999069213867, -25.107900619506836, 23.85059928894043]]","[0, 0]",0,-0.11213051984672194,0.0,3.388016472652996e-16,-6.25158725810317e-05,0.003028531493047392,2.4180945475850694e-15,0.00029133714833087614,0.2889361748628227,0.02950503433858743
282,0282,[902],"[487, 533]","[[17.525999069213867, -23.012399673461914, 23.85059928894043], [9.753600120544434, -23.012399673461914, 23.85059928894043]]","[0, 0]",0,-0.08317611015796435,0.0,-3.388016472652996e-16,-3.074579810035683e-05,-0.0007525594888785615,2.1978057947692843e-15,0.00014188769089617202,0.2547978977217541,0.02861303753334745
283,0283,"[903, 904, 905]","[389, 476, 786, 787]","[[17.525999069213867, -27.203399658203125, 23.85059928894043], [26.212799072265625, -27.203399658203125, 23.85059928894043], [20.55723762512207, -27.203399658203125, 23.85059928894043], [23.457565307617188, -27.203399658203125, 23.85059928894043]]","[0, 0, 0, 0]",0,-1.4371161716852885,0.0,1.0479851496267485,-0.0018758830054312712,0.00031331425890872804,4.624457671850491,0.01121580985721905,0.20353573368555639,0.035788056407788225
284,0284,[906],"[60, 183]","[[0.0, -35.12820053100586, 23.85059928894043], [0.0, -27.203399658203125, 23.85059928894043]]","[0, 0]",0,0.0,0.19892553074772748,-4.0742960910024764e-17,7.574634087987061e-05,-0.0020011307194901075,-3.0997593570868966e-16,0.0003032657562393987,0.09107888714482618,0.05673910912976686
285,0285,[2109],"[781, 799]","[[2.5823607444763184, -27.203399658203125, 23.85059928894043], [2.5823607444763184, -35.12820053100586, 23.85059928894043]]","[0, 0]",0,0.0,0.15984037296137352,4.0742960910024764e-17,8.440649267843596e-05,-0.002497170956612895,-6.610610493524729e-16,0.0003420061512117837,0.23700327532532361,0.05466021721901544
286,0286,[2110],"[782, 800]","[[5.016953468322754, -27.203399658203125, 23.85059928894043], [5.016953468322754, -35.12820053100586, 23.85059928894043]]","[0, 0]",0,0.0,0.09175146331990637,1.2222888273007429e-16,8.160530793504381e-05,-0.001019530600489474,9.434310807277528e-16,0.00032641758884587664,0.34756525835330165,0.03530625236434187
287,0287,[2111],"[783, 801]","[[7.315199851989746, -27.203399658203125, 23.85059928894043], [7.315199851989746, -35.12820053100586, 23.85059928894043]]","[0, 0]",0,0.0,0.0723787899179938,1.2222888273007429e-16,7.6630639752129e-05,-0.00045541808063676275,2.1047126104725748e-15,0.0003069743549427876,0.4031267378329379,0.015264349652236898
288,0288,[907],"[335, 378]","[[9.753600120544434, -35.12820053100586, 23.85059928894043], [9.753600120544434, -27.203399658203125, 23.85059928894043]]","[0, 0]",0,0.0,0.09257141401480146,0.0,6.960592660045093e-05,-0.001819867234150024,5.4013094406735886e-17,0.00027796571502868863,0.4194938949950364,0.0053517676028144254
289,0289,[2112],"[784, 802]","[[12.494023323059082, -27.203399658203125, 23.85059928894043], [12.494023323059082, -35.12820053100586, 23.85059928894043]]","[0, 0]",0,-0.01989260986501232,0.0,3.259436872801981e-16,6.69811822229898e-05,-0.004730268156224514,-1.8316503527886864e-15,0.000279770918981938,0.4186242693259808,0.011801020971639948
290,0290,[2113],"[785, 803]","[[15.049118995666504, -27.203399658203125, 23.85059928894043], [15.049118995666504, -35.12820053100586, 23.85059928894043]]","[0, 0]",0,0.0,0.01712683471199158,1.6297184364009906e-16,3.737625867058167e-05,-0.004286447530243977,-7.537858931741356e-16,0.000196943849402979,0.37803912935076706,0.02657456514922569
291,0291,[908],"[340, 389]","[[17.525999069213867, -35.12820053100586, 23.85059928894043], [17.525999069213867, -27.203399658203125, 23.85059928894043]]","[0, 0]",0,-0.27090572577645355,0.0,-9.778310618405943e-16,-0.000101945351297991,-0.004005047711904537,4.5227153590448136e-15,0.0004163113738150915,0.314741624204634,0.029141816868880257
292,0292,[2114],"[786, 804]","[[20.55723762512207, -27.203399658203125, 23.85059928894043], [20.55723762512207, -35.12820053100586, 23.85059928894043]]","[0, 0]",0,0.0,0.09085703342883555,-3.259436872801981e-16,-0.00030543647933455124,-0.0027268086748660583,-1.5075717863482712e-15,0.0012206955938948787,0.24825791251347437,0.034215110085272345
293,0293,"[909, 910, 911, 912, 913, 914]","[412, 533, 788, 789, 790, 791, 792]","[[9.753600120544434, -14.935199737548828, 23.85059928894043], [9.753600120544434, -23.012399673461914, 23.85059928894043], [9.753600120544434, -20.917984008789062, 23.85059928894043], [9.753600120544434, -20.461647033691406, 23.85059928894043], [9.753600120544434, -18.747596740722656, 23.85059928894043], [9.753600120544434, -17.72361946105957, 23.85059928894043], [9.753600120544434, -16.459199905395508, 23.85059928894043]]","[0, 0, 0, 0, 0, 0, 0]",0,0.0,0.18344563707184444,1.35779742652007,0.034487444955163975,0.013691775861408989,-0.8218919419754644,-0.0014014633541330561,0.3363742234942624,0.03436177623101597
294,0294,[2115],"[793, 812]","[[26.212799072265625, -10.344253540039062, 23.85059928894043], [33.985198974609375, -10.344253540039062, 23.85059928894043]]","[0, 0]",0,-0.4489040419097259,0.0,-8.470039111074169e-17,7.80568451604814e-05,0.0002015398453883466,-6.04523563031717e-16,0.0003234133620049364,0.04129801116812123,0.008008192156296596
295,0295,[2116],"[794, 810]","[[26.212799072265625, -12.700115203857422, 23.85059928894043], [33.985198974609375, -12.700115203857422, 23.85059928894043]]","[0, 0]",0,-0.22361658227324463,0.0,-4.235019555537084e-17,2.2066476847812957e-05,0.004309006425513436,2.747256907925671e-16,9.073899296655303e-05,0.05915938267313215,0.00911457049618297
296,0296,[915],"[267, 401]","[[26.212799072265625, -14.935199737548828, 23.85059928894043], [33.985198974609375, -14.935199737548828, 23.85059928894043]]","[0, 0]",0,-0.27775106140939043,0.0,-1.058754888884271e-17,-0.00011872383333744973,0.002904541859380264,1.1342757012349028e-16,0.0004620152367587064,0.07131197106226195,0.0035689219543238978
297,0297,[2117],"[795, 798]","[[26.212799072265625, -17.72361946105957, 23.85059928894043], [33.985198974609375, -17.72361946105957, 23.85059928894043]]","[0, 0]",0,-0.08189829813423609,0.0,1.2705058666611252e-16,-0.0003240359092532695,0.00105077021643398,4.937439836982046e-16,0.0012924841053793914,0.07272853671401595,0.006174307379426504
298,0298,[2118],"[796, 797]","[[26.212799072265625, -20.461647033691406, 23.85059928894043], [33.985198974609375, -20.461647033691406, 23.85059928894043]]","[0, 0]",0,0.0,0.1925531859000683,4.235019555537084e-17,-0.0005585306653502415,-0.0007812992348562391,1.9211741862269291e-16,-0.002200497785990275,0.04522941106963922,0.01401333959678332
299,0299,"[916, 917, 918]","[96, 267, 793, 794]","[[26.212799072265625, -7.924799919128418, 23.85059928894043], [26.212799072265625, -14.935199737548828, 23.85059928894043], [26.212799072265625, -10.344253540039062, 23.85059928894043], [26.212799072265625, -12.700115203857422, 23.85059928894043]]","[0, 0, 0, 0]",0,-0.9101901887549773,0.0,0.7729358355090176,0.003090717053135087,0.0057907660611108665,-1.1012914546495605,0.003658246031181834,0.07044781005772152,0.007340059112661249
300,0300,"[919, 920, 921]","[267, 464, 795, 796]","[[26.212799072265625, -14.935199737548828, 23.85059928894043], [26.212799072265625, -23.012399673461914, 23.85059928894043], [26.212799072265625, -17.72361946105957, 23.85059928894043], [26.212799072265625, -20.461647033691406, 23.85059928894043]]","[0, 0, 0, 0]",0,-3.138994034953209,0.0,1.4834054722198178,0.0003700160210751848,0.0013203894770516889,1.5304330725121247,0.001601852468323032,0.06733572966222993,0.010707324419480429
301,0301,"[922, 923, 924]","[401, 499, 797, 798]","[[33.985198974609375, -14.935199737548828, 23.85059928894043], [33.985198974609375, -23.012399673461914, 23.85059928894043], [33.985198974609375, -20.461647033691406, 23.85059928894043], [33.985198974609375, -17.72361946105957, 23.85059928894043]]","[0, 0, 0, 0]",0,0.0,0.9038448089723843,1.3015907980141466,0.0011195761292560572,0.0020846829456676306,0.6865424583008377,-0.0006445055294045587,0.07692499095754417,0.014360918588042632
302,0302,[2119],"[811, 821]","[[33.985198974609375, -12.039600372314453, 23.85059928894043], [41.90999984741211, -12.039600372314453, 23.85059928894043]]","[0, 0]",0,-0.3769525434856328,0.0,-4.0742960910024764e-17,6.884094442437272e-05,0.00019575759695894147,-1.8169483649269192e-16,0.00028622549400387354,0.04158680082683229,0.014876702134674933
303,0303,[925],"[370, 401]","[[41.90999984741211, -14.935199737548828, 23.85059928894043], [33.985198974609375, -14.935199737548828, 23.85059928894043]]","[0, 0]",0,-0.29182587136194155,0.0,-1.6297184364009906e-16,-6.017623408524013e-05,0.002216115894835171,8.348055347842395e-16,0.00024313768458018772,0.08071455583673867,0.011560417094224302
304,0304,[2120],"[798, 820]","[[33.985198974609375, -17.72361946105957, 23.85059928894043], [41.90999984741211, -17.72361946105957, 23.85059928894043]]","[0, 0]",0,-0.4880263285165922,0.0,-8.148592182004953e-17,-0.00021600258222062094,0.002639057841382404,5.389322298072754e-16,0.0008914505614363775,0.10098542253490557,0.005293251744241696
305,0305,[2121],"[797, 819]","[[33.985198974609375, -20.461647033691406, 23.85059928894043], [41.90999984741211, -20.461647033691406, 23.85059928894043]]","[0, 0]",0,-0.8997061580517365,0.0,0.0,-0.00039230991044458705,0.00257729244088229,-2.1605237762694354e-16,-0.00156793495802767,0.08324807013945443,0.013707311490554193
306,0306,[926],"[365, 499]","[[41.90999984741211, -23.012399673461914, 23.85059928894043], [33.985198974609375, -23.012399673461914, 23.85059928894043]]","[0, 0]",0,-1.0816126876953926,0.0,-3.259436872801981e-16,-0.0006857374723306444,-0.0007233791531409943,-1.3995455975347995e-15,-0.0029092040738842788,0.05836674323087065,0.010322953201949774
307,0307,[2122],"[818, 822]","[[41.90999984741211, -25.223190307617188, 23.85059928894043], [33.985198974609375, -25.223190307617188, 23.85059928894043]]","[0, 0]",0,-0.5942670078425591,0.0,0.0,-0.0006609150442834576,0.00024384409403679564,1.0802618881347177e-16,-0.002722448649836184,0.05995553257012431,0.01027927577796313
308,0308,[2123],"[787, 805]","[[23.457565307617188, -27.203399658203125, 23.85059928894043], [23.457565307617188, -35.12820053100586, 23.85059928894043]]","[0, 0]",0,-0.5902296896176571,0.0,-6.518873745603962e-16,-0.000521358981031928,-0.0011455221595377645,-2.799091195069599e-15,-0.002087239581550223,0.166125571566658,0.03785566968799887
309,0309,[927],"[345, 476]","[[26.212799072265625, -35.12820053100586, 23.85059928894043], [26.212799072265625, -27.203399658203125, 23.85059928894043]]","[0, 0]",0,-0.5859220580987352,0.0,-9.778310618405943e-16,-0.0008624379768086772,0.0052870206393018674,-4.5227153590448136e-15,-0.003552319458744073,0.10391641389599066,0.0248371803840642
310,0310,[2124],"[807, 815]","[[31.526952743530273, -35.12820053100586, 23.85059928894043], [31.526952743530273, -27.203399658203125, 23.85059928894043]]","[0, 0]",0,-0.41300800043129426,0.0,-4.889155309202971e-16,-0.001036718342696101,0.0018044116605574522,-1.9372791130819916e-15,-0.004179088752678967,0.08845701641236138,0.016329141647107987
311,0311,[928],"[350, 510]","[[33.985198974609375, -35.12820053100586, 23.85059928894043], [33.985198974609375, -27.203399658203125, 23.85059928894043]]","[0, 0]",0,-0.38730426882097996,0.0,-3.259436872801981e-16,-0.00102741977066568,0.0006887947698962308,-1.2915194087213277e-15,-0.00411730110032262,0.07828009359739556,0.014399702632033457
312,0312,[2125],"[808, 816]","[[36.42359924316406, -35.12820053100586, 23.85059928894043], [36.42359924316406, -27.203399658203125, 23.85059928894043]]","[0, 0]",0,0.0,0.07405075459963531,-1.6297184364009906e-16,-0.0010174317218955117,0.002306770399869461,7.537858931741356e-16,-0.004088117733869067,0.09525900840986463,0.015734019459442347
313,0313,[2126],"[809, 817]","[[38.709598541259766, -35.12820053100586, 23.85059928894043], [38.709598541259766, -27.203399658203125, 23.85059928894043]]","[0, 0]",0,0.0,0.4030919282901175,-1.6297184364009906e-16,-0.0009579606799076584,0.004874020100771673,7.537858931741356e-16,-0.0038288912652849334,0.11021624063925387,0.010252311471458452
314,0314,[929],"[355, 360]","[[41.90999984741211, -35.12820053100586, 23.85059928894043], [41.90999984741211, -27.203399658203125, 23.85059928894043]]","[0, 0]",0,0.0,0.7442419911448829,8.148592182004953e-17,-0.0008582207969002894,0.006185224734515195,-6.064485978156953e-16,-0.0034245407552010373,0.10421299584545121,0.002931825511698625
315,0315,"[930, 931, 932, 933]","[60, 335, 799, 800, 801]","[[0.0, -35.12820053100586, 23.85059928894043], [9.753600120544434, -35.12820053100586, 23.85059928894043], [2.5823607444763184, -35.12820053100586, 23.85059928894043], [5.016953468322754, -35.12820053100586, 23.85059928894043], [7.315199851989746, -35.12820053100586, 23.85059928894043]]","[0, 0, 0, 0, 0]",0,-0.01612646425669938,0.4147821793384607,2.003490107014189,0.000504466545964711,0.0015290498321899907,-3.27855724034963,0.0004917149280456124,0.4274159719740013,0.06282218721339781
316,0316,"[934, 935, 936]","[335, 340, 802, 803]","[[9.753600120544434, -35.12820053100586, 23.85059928894043], [17.525999069213867, -35.12820053100586, 23.85059928894043], [12.494023323059082, -35.12820053100586, 23.85059928894043], [15.049118995666504, -35.12820053100586, 23.85059928894043]]","[0, 0, 0, 0]",0,0.0,1.3265313358317574,0.8979270018282753,-0.0002780032656966889,0.005626295604395585,-2.2240574983285812,0.0022912176367507198,0.44424311216847556,0.02298183329500681
317,0317,"[937, 938, 939]","[340, 345, 804, 805]","[[17.525999069213867, -35.12820053100586, 23.85059928894043], [26.212799072265625, -35.12820053100586, 23.85059928894043], [20.55723762512207, -35.12820053100586, 23.85059928894043], [23.457565307617188, -35.12820053100586, 23.85059928894043]]","[0, 0, 0, 0]",0,0.0,2.231431389745709,0.8851699299972358,-0.002796243913722097,0.008501173871792158,1.0807805266554937,0.009561898286266872,0.35963267779431585,0.04190881206004879
318,0318,"[940, 941, 942]","[345, 350, 806, 807]","[[26.212799072265625, -35.12820053100586, 23.85059928894043], [33.985198974609375, -35.12820053100586, 23.85059928894043], [28.978139877319336, -35.12820053100586, 23.85059928894043], [31.526952743530273, -35.12820053100586, 23.85059928894043]]","[0, 0, 0, 0]",0,0.0,2.2528139097958975,0.48517009938323863,-0.006133428383838502,0.0012734707474393791,0.9729710577448064,0.010922127003778474,0.18196579405747013,0.03392120559350595
319,0319,"[943, 944, 945]","[350, 355, 808, 809]","[[33.985198974609375, -35.12820053100586, 23.85059928894043], [41.90999984741211, -35.12820053100586, 23.85059928894043], [36.42359924316406, -35.12820053100586, 23.85059928894043], [38.709598541259766, -35.12820053100586, 23.85059928894043]]","[0, 0, 0, 0]",0,-0.013085980129877791,1.250066191574274,1.1944525944029178,-0.004774585604315043,-0.001647581644078498,0.08452407673417534,0.010304305567191724,0.1463821105175964,0.025240258605688945
320,0320,"[946, 947, 948, 949]","[401, 810, 811, 812, 813]","[[33.985198974609375, -14.935199737548828, 23.85059928894043], [33.985198974609375, -12.700115203857422, 23.85059928894043], [33.985198974609375, -12.039600372314453, 23.85059928894043], [33.985198974609375, -10.344253540039062, 23.85059928894043], [33.985198974609375, -7.924799919128418, 23.85059928894043]]","[0, 0, 0, 0, 0]",0,0.0,0.6037678320153254,1.0666712114387475,0.04882985220587179,0.0011954919329753004,3.1383863943635344,-0.0034040353554646427,0.06014711822609722,0.0169118026623129
321,0321,[950],"[303, 813]","[[27.88920021057129, -7.924799919128418, 23.85059928894043], [33.985198974609375, -7.924799919128418, 23.85059928894043]]","[0, 0]",0,-0.521984936778449,0.0,0.08457075243249837,0.00026080349144226545,0.0013395308508200798,-0.5155432023022808,0.0008484037234083148,0.03208874929242601,0.006340719432659233
322,0322,"[951, 952, 953]","[476, 510, 814, 815]","[[26.212799072265625, -27.203399658203125, 23.85059928894043], [33.985198974609375, -27.203399658203125, 23.85059928894043], [28.978139877319336, -27.203399658203125, 23.85059928894043], [31.526952743530273, -27.203399658203125, 23.85059928894043]]","[0, 0, 0, 0]",0,0.0,0.615135899020136,0.10811780214285013,-0.006928986457499337,0.004338316742501407,-0.2232467137243868,0.011841247357280978,0.036970805923691764,0.006429750693795147
323,0323,"[954, 955, 956]","[360, 510, 816, 817]","[[41.90999984741211, -27.203399658203125, 23.85059928894043], [33.985198974609375, -27.203399658203125, 23.85059928894043], [36.42359924316406, -27.203399658203125, 23.85059928894043], [38.709598541259766, -27.203399658203125, 23.85059928894043]]","[0, 0, 0, 0]",0,-0.24510326688903292,0.0,0.6391775400147646,-0.004395071875935417,0.004406568583550441,1.5585706852261245,0.008942864285351588,0.0859979523854853,0.013108456298705388
324,0324,"[957, 958]","[360, 365, 818]","[[41.90999984741211, -27.203399658203125, 23.85059928894043], [41.90999984741211, -23.012399673461914, 23.85059928894043], [41.90999984741211, -25.223190307617188, 23.85059928894043]]","[0, 0, 0]",0,0.0,2.6184090245348433,-0.49534554843774364,-0.009703567475620047,0.005041364161558397,1.0951052991566779,0.010970375981423301,0.09796148716097425,0.012393633989547554
325,0325,"[959, 960, 961]","[365, 370, 819, 820]","[[41.90999984741211, -23.012399673461914, 23.85059928894043], [41.90999984741211, -14.935199737548828, 23.85059928894043], [41.90999984741211, -20.461647033691406, 23.85059928894043], [41.90999984741211, -17.72361946105957, 23.85059928894043]]","[0, 0, 0, 0]",0,0.0,2.2227568319302615,1.4245196766567507,0.0003152611291731943,-0.002209293271593684,-0.5870962314802952,-0.0006898781615437112,0.11801749023950436,0.015483023719954471
326,0326,"[962, 963]","[141, 370, 821]","[[41.90999984741211, -9.144000053405762, 23.85059928894043], [41.90999984741211, -14.935199737548828, 23.85059928894043], [41.90999984741211, -12.039600372314453, 23.85059928894043]]","[0, 0, 0]",0,-0.18930583393905465,0.8908449364898466,0.08132580481901175,0.0024844027187638815,-0.00012681014713382516,1.0587526715134192,-0.003088182215503116,0.0666708649467296,0.01706757961202961
327,0327,[964],"[464, 499]","[[26.212799072265625, -23.012399673461914, 23.85059928894043], [33.985198974609375, -23.012399673461914, 23.85059928894043]]","[0, 0]",0,-0.22841061178410305,0.0,2.117509777768542e-17,-0.0009300497497958062,-0.00028526355374405523,8.229066394970076e-17,0.003891569967505141,0.02873993028296946,0.0015658546102258971
328,0328,"[965, 966]","[499, 510, 822]","[[33.985198974609375, -23.012399673461914, 23.85059928894043], [33.985198974609375, -27.203399658203125, 23.85059928894043], [33.985198974609375, -25.223190307617188, 23.85059928894043]]","[0, 0, 0]",0,0.0,0.7947623142207413,0.2766999437659308,-0.015344264836909762,0.0009815986542280298,0.6117256441490111,-0.016825907087207746,0.03255936312251968,0.002337704643639837
329,0329,[967],"[464, 476]","[[26.212799072265625, -23.012399673461914, 23.85059928894043], [26.212799072265625, -27.203399658203125, 23.85059928894043]]","[0, 0]",0,-1.2873999439280184,0.0,-3.6075824969579433e-17,-0.0034079656830625633,0.0004894907139981835,8.836362380629904e-17,-0.007286738128259025,0.03068591684513636,0.001330195718272293
330,0330,"[968, 969]","[31, 205, 823]","[[1.8287999629974365, -5.944396755700691e-15, 20.497800827026367], [9.753600120544434, -1.6124200499095798e-14, 20.497800827026367], [7.315199851989746, -5.684341886080802e-14, 20.497800827026367]]","[0, 0, 0]",0,0.0,0.08969066499259323,0.7251982979748455,0.0014693727654177314,0.005627095502227346,-0.6281994081000837,0.0009310255988921783,0.04407717751112294,0.003968321894837415
331,0331,[970],"[79, 205]","[[15.849599838256836, -5.944396755700691e-15, 20.497800827026367], [9.753600120544434, -1.6124200499095798e-14, 20.497800827026367]]","[0, 0]",0,-0.04330614381253385,0.0,-1.0302050922951502e-16,0.0003238573883922191,0.004511387724714142,-5.24657598731936e-16,0.0009928959985498983,0.037487318873805305,0.006880341831943832
332,0332,[971],"[229, 528]","[[36.42359924316406, -1.6124200499095798e-14, 20.497800827026367], [27.88920021057129, -5.944396755700691e-15, 20.497800827026367]]","[0, 0]",0,-0.04529544609490637,0.0,-7.029667018394868e-17,9.108278951578975e-05,-0.00400160487681364,3.5012494445013846e-16,-0.00039271460309500385,0.03507567376856933,0.005198769369795108
333,0333,[972],"[124, 229]","[[41.90999984741211, -5.944396755700691e-15, 20.497800827026367], [36.42359924316406, -1.6124200499095798e-14, 20.497800827026367]]","[0, 0]",0,0.0,0.06280786499873864,0.0,0.0001353204515124809,0.000922921875313576,-1.5603782828612591e-16,-0.00037542151904315955,0.02666185900156922,0.002344803447848281
334,0334,"[973, 974, 975]","[124, 136, 824, 825]","[[41.90999984741211, -5.944396755700691e-15, 20.497800827026367], [41.90999984741211, -6.1975998878479, 20.497800827026367], [41.90999984741211, -2.1691598892211914, 20.497800827026367], [41.90999984741211, -4.228439807891846, 20.497800827026367]]","[0, 0, 0, 0]",0,0.0,0.08446338807026726,0.8878489841408239,0.001349492847319086,0.0004937173928511238,0.7527835561095937,0.001389066833036904,0.021102508494281934,0.004271321132093769
335,0335,"[976, 977, 978]","[217, 229, 826, 827]","[[36.42359924316406, -6.1975998878479, 20.497800827026367], [36.42359924316406, -1.6124200499095798e-14, 20.497800827026367], [36.42359924316406, -4.228439807891846, 20.497800827026367], [36.42359924316406, -2.1691598892211914, 20.497800827026367]]","[0, 0, 0, 0]",0,-0.0019430920386831671,0.003782470417917573,0.7041191109535188,0.002336985178432451,0.002267300642059529,1.182457257680644,0.0025947215923473,0.03025911233679599,0.007127628308245359
336,0336,"[979, 980, 981, 982]","[313, 528, 828, 829, 830]","[[27.88920021057129, -7.924799919128418, 20.497800827026367], [27.88920021057129, -5.944396755700691e-15, 20.497800827026367], [27.88920021057129, -2.1691598892211914, 20.497800827026367], [27.88920021057129, -4.228439807891846, 20.497800827026367], [27.88920021057129, -6.1975998878479, 20.497800827026367]]","[0, 0, 0, 0, 0]",0,0.0,0.08311908012763265,2.0170337289818767,0.005155417050554727,0.0051063263052149015,0.33902403543137394,-0.0016100730286693582,0.06550467860532828,0.010943525994613179
337,0337,[983],"[217, 830]","[[36.42359924316406, -6.1975998878479, 20.497800827026367], [27.88920021057129, -6.1975998878479, 20.497800827026367]]","[0, 0]",0,-0.4200973379499546,0.0,-0.006945907729631997,0.000167862564006097,0.002137093263012472,-0.059279148208250275,0.000795785144148669,0.029553599072754167,0.007679825390580385
338,0338,[2127],"[824, 827]","[[41.90999984741211, -2.1691598892211914, 20.497800827026367], [36.42359924316406, -2.1691598892211914, 20.497800827026367]]","[0, 0]",0,0.0,0.0197061645112151,8.466668611323657e-17,0.00015301801748714492,0.0008725969176049935,-2.712671359972019e-16,-0.0004230652008068857,0.02449532465249148,0.0038518369668013377
339,0339,[2128],"[825, 826]","[[41.90999984741211, -4.228439807891846, 20.497800827026367], [36.42359924316406, -4.228439807891846, 20.497800827026367]]","[0, 0]",0,0.0,0.028179922870832454,-1.0583335764154572e-17,0.00017518909794218948,0.0015659530556423847,-9.242257760694746e-17,0.0005054185206716364,0.014597975688750271,0.006579683221581735
340,0340,"[984, 985, 986]","[91, 289, 831, 832]","[[17.525999069213867, -7.924799919128418, 20.497800827026367], [17.525999069213867, -14.935199737548828, 20.497800827026367], [17.525999069213867, -10.344253540039062, 20.497800827026367], [17.525999069213867, -12.700115203857422, 20.497800827026367]]","[0, 0, 0, 0]",0,0.0,0.39974549486168887,0.5048160948984871,0.008175380551541826,0.009040210903786658,1.0029559358588631,0.00956452580932679,0.07093786286670282,0.02094191528044178
341,0341,"[987, 988, 989, 990, 991, 992]","[421, 459, 833, 834, 835, 836, 837]","[[9.753600120544434, -14.935199737548828, 20.497800827026367], [9.753600120544434, -7.924799919128418, 20.497800827026367], [9.753600120544434, -9.144000053405762, 20.497800827026367], [9.753600120544434, -10.344253540039062, 20.497800827026367], [9.753600120544434, -11.688923835754395, 20.497800827026367], [9.753600120544434, -12.700115203857422, 20.497800827026367], [9.753600120544434, -14.130844116210938, 20.497800827026367]]","[0, 0, 0, 0, 0, 0, 0]",0,0.0,0.6303025687496931,2.4449784960349477,0.06217383124146766,0.01491632993387889,5.047094979712204,0.026238388117556192,0.1458630653918991,0.036208042855072
342,0342,"[993, 994, 995]","[31, 43, 838, 839]","[[1.8287999629974365, -5.944396755700691e-15, 20.497800827026367], [1.8287999629974365, -6.1975998878479, 20.497800827026367], [1.8287999629974365, -4.228439807891846, 20.497800827026367], [1.8287999629974365, -2.1691598892211914, 20.497800827026367]]","[0, 0, 0, 0]",0,-0.0944191011351374,0.0,0.7285214251585946,0.002741284083115905,0.003279065466133816,1.303497623812292,0.002962498128794678,0.032521882717488675,0.005013237823763706
343,0343,"[996, 997, 998]","[244, 823, 840, 841]","[[7.315199851989746, -6.1975998878479, 20.497800827026367], [7.315199851989746, -5.684341886080802e-14, 20.497800827026367], [7.315199851989746, -4.228439807891846, 20.497800827026367], [7.315199851989746, -2.1691598892211914, 20.497800827026367]]","[0, 0, 0, 0]",0,-0.26039283586964357,0.0,0.6378780285448352,0.005403393506922148,0.002726328771895961,1.2560839496915586,0.005735354295149853,0.04224693842779993,0.00768309651260405
344,0344,[2129],"[841, 844]","[[7.315199851989746, -2.1691598892211914, 20.497800827026367], [9.753600120544434, -2.1691598892211914, 20.497800827026367]]","[0, 0]",0,0.0,0.05949237024667676,1.6625842562044075e-15,0.0015957775288199117,0.004109030098470452,-2.3781080620555947e-15,-0.0019807844868367785,0.04068965699468367,0.004678934227867505
345,0345,[2130],"[827, 828]","[[36.42359924316406, -2.1691598892211914, 20.497800827026367], [27.88920021057129, -2.1691598892211914, 20.497800827026367]]","[0, 0]",0,-0.10515329195362803,0.0,-7.029667018394868e-17,9.860235930929113e-05,-0.0034996387157120445,3.5012494445013846e-16,-0.00042652877704589396,0.04520446648131055,0.004349286162217707
346,0346,[2131],"[840, 843]","[[7.315199851989746, -4.228439807891846, 20.497800827026367], [9.753600120544434, -4.228439807891846, 20.497800827026367]]","[0, 0]",0,0.0,0.08171621142374724,8.3129212810220375e-16,0.001907042325198947,0.003104365447885246,-1.5401391446715808e-15,-0.002358288448211976,0.031780781255994255,0.009003745150277126
347,0347,[2132],"[826, 829]","[[36.42359924316406, -4.228439807891846, 20.497800827026367], [27.88920021057129, -4.228439807891846, 20.497800827026367]]","[0, 0]",0,-0.21915133491655941,0.0,-7.029667018394868e-17,0.00011800582043051101,-0.001862700586414444,4.002799718940845e-16,-0.0005154491008266248,0.041162073869865236,0.008254283243752
348,0348,[999],"[244, 842]","[[7.315199851989746, -6.1975998878479, 20.497800827026367], [9.753600120544434, -6.1975998878479, 20.497800827026367]]","[0, 0]",0,-0.047061631522258264,0.0,0.41875699052939813,0.0025770152812879797,-0.003925405433176094,1.0210971581660389,0.0032933718634694767,0.02580843972433456,0.007734830353834055
349,0349,[2133],"[842, 847]","[[9.753600120544434, -6.1975998878479, 20.497800827026367], [15.849599838256836, -6.1975998878479, 20.497800827026367]]","[0, 0]",0,0.0,0.04997337548731924,0.0,0.0006264531554037359,-0.0011400463680072553,7.02170337136934e-17,-0.001943868073215516,0.040140786027790296,0.006800468499603998
350,0350,[1000],"[301, 459]","[[15.849599838256836, -7.924799919128418, 20.497800827026367], [9.753600120544434, -7.924799919128418, 20.497800827026367]]","[0, 0]",0,0.0,0.18037316630228814,-2.0604101845903004e-16,0.0008640538937528581,-0.0005531796690689043,-7.333385457522516e-16,0.002679905387331858,0.035895996625982106,0.0038814196334999544
351,0351,"[1001, 1002, 1003, 1004]","[205, 459, 842, 843, 844]","[[9.753600120544434, -1.6124200499095798e-14, 20.497800827026367], [9.753600120544434, -7.924799919128418, 20.497800827026367], [9.753600120544434, -6.1975998878479, 20.497800827026367], [9.753600120544434, -4.228439807891846, 20.497800827026367], [9.753600120544434, -2.1691598892211914, 20.497800827026367]]","[0, 0, 0, 0, 0]",0,0.0,0.3992320099828086,0.9857783821464879,0.007931408292926644,-0.00041743196696510484,1.702636452479071,0.007199925708577508,0.042491780038664925,0.009182419852209238
352,0352,[2134],"[844, 845]","[[9.753600120544434, -2.1691598892211914, 20.497800827026367], [15.849599838256836, -2.1691598892211914, 20.497800827026367]]","[0, 0]",0,-0.02379865158567584,0.0,-1.3736067897268669e-16,0.00036397332174654235,0.003847945853144233,6.293264312622212e-16,-0.0011148544847381437,0.049623400867255474,0.003986919547566452
353,0353,[2135],"[839, 841]","[[1.8287999629974365, -2.1691598892211914, 20.497800827026367], [7.315199851989746, -2.1691598892211914, 20.497800827026367]]","[0, 0]",0,0.0,0.12217850962661145,-8.466670801935345e-17,0.00038566386549765234,-0.0008749967872125683,-3.102766330536629e-16,0.0010749258100860274,0.03457752631790295,0.005439024380753729
354,0354,[2136],"[838, 840]","[[1.8287999629974365, -4.228439807891846, 20.497800827026367], [7.315199851989746, -4.228439807891846, 20.497800827026367]]","[0, 0]",0,0.0,0.2526034445727389,-4.2333354009676723e-17,0.0005037885413071092,-0.0010936181018863034,1.9414777868398163e-16,0.0014016444739151227,0.027469886086008578,0.007373972516851788
355,0355,"[1005, 1006, 1007, 1008]","[79, 301, 845, 846, 847]","[[15.849599838256836, -5.944396755700691e-15, 20.497800827026367], [15.849599838256836, -7.924799919128418, 20.497800827026367], [15.849599838256836, -2.1691598892211914, 20.497800827026367], [15.849599838256836, -4.228439807891846, 20.497800827026367], [15.849599838256836, -6.1975998878479, 20.497800827026367]]","[0, 0, 0, 0, 0]",0,-0.11587623006435817,0.0036133610603097154,1.7809547092957378,0.010107742996340532,0.0041617475827801734,0.6816374574014892,-0.0029264594966000685,0.059496073774604204,0.01073066988790366
356,0356,[1009],"[91, 301]","[[17.525999069213867, -7.924799919128418, 20.497800827026367], [15.849599838256836, -7.924799919128418, 20.497800827026367]]","[0, 0]",0,0.0,0.05239933757172795,-1.68771539613362e-15,0.011659946895251891,0.008478336966697786,-1.414642396076371e-15,0.010191159122144347,0.038916600408420626,0.0082034700400688
357,0357,[1010],"[103, 313]","[[26.212799072265625, -7.924799919128418, 20.497800827026367], [27.88920021057129, -7.924799919128418, 20.497800827026367]]","[0, 0]",0,-0.1797522952128357,0.0,-7.594703324576311e-15,0.002357431967573355,-0.012642086966168488,-8.536227753425934e-15,-0.0021228556608149447,0.041980823528841076,0.004431133932138941
358,0358,[2137],"[831, 834]","[[17.525999069213867, -10.344253540039062, 20.497800827026367], [9.753600120544434, -10.344253540039062, 20.497800827026367]]","[0, 0]",0,0.0,0.2161416620331483,2.1175102954081224e-17,0.0006063629067149062,-0.0020243508637983096,-1.5113090922406684e-16,0.0023898891983320405,0.042972297334257684,0.009615394174801697
359,0359,[2138],"[832, 836]","[[17.525999069213867, -12.700115203857422, 20.497800827026367], [9.753600120544434, -12.700115203857422, 20.497800827026367]]","[0, 0]",0,0.0,0.10994840440624393,4.235020590816245e-17,0.0006840657249539619,-0.0072413421946920286,-2.1965353614221422e-16,0.0027114279328099393,0.07319782916818855,0.019637546721754117
360,0360,[1011],"[289, 421]","[[17.525999069213867, -14.935199737548828, 20.497800827026367], [9.753600120544434, -14.935199737548828, 20.497800827026367]]","[0, 0]",0,0.0,0.026711127020604825,-1.694008236326498e-16,0.00044348735437548827,-0.007221341807214126,9.887585209767494e-16,-0.0017442023744207937,0.11973258645168709,0.02647631487149866
361,0361,[2139],"[837, 850]","[[9.753600120544434, -14.130844116210938, 20.497800827026367], [0.0, -14.130844116210938, 20.497800827026367]]","[0, 0]",0,0.0,0.08485005258269046,1.0772231200895486e-16,0.0003118179961437613,0.005285073052283719,7.88654038676715e-16,0.0016498985916482247,0.09406099738901605,0.02747055416548538
362,0362,[2140],"[835, 849]","[[9.753600120544434, -11.688923835754395, 20.497800827026367], [0.0, -11.688923835754395, 20.497800827026367]]","[0, 0]",0,0.0,0.2965730227882902,0.0,0.00030063809127406864,0.0025895564427595393,-8.777128699292713e-17,0.0016944958159211077,0.04396844914966958,0.017348218938721512
363,0363,[1012],"[55, 848]","[[1.8287999629974365, -9.144000053405762, 20.497800827026367], [0.0, -9.144000053405762, 20.497800827026367]]","[0, 0]",0,0.0,0.0908188328689525,0.3481133606233463,0.00906047624596894,-0.0029673282502685173,-0.6366297010268884,-0.008514535752875644,0.02928165983495816,0.004362573295149036
364,0364,[1013],"[256, 833]","[[7.315199851989746, -9.144000053405762, 20.497800827026367], [9.753600120544434, -9.144000053405762, 20.497800827026367]]","[0, 0]",0,0.0,0.9374203173881964,0.8586381391568964,0.006547669495766763,0.002210533283889405,2.093703469111473,0.008570852475268658,0.02794603991786525,0.008505985661653715
365,0365,"[1014, 1015, 1016]","[169, 848, 849, 850]","[[0.0, -16.459199905395508, 20.497800827026367], [0.0, -9.144000053405762, 20.497800827026367], [0.0, -11.688923835754395, 20.497800827026367], [0.0, -14.130844116210938, 20.497800827026367]]","[0, 0, 0, 0]",0,0.0,0.8211998458482054,0.9203117577302797,0.005888747374523772,-0.0029687729203858784,2.6638090023450456,0.007025245332549881,0.0727304120156602,0.02386266330913831
366,0366,"[1017, 1018, 1019]","[169, 181, 851, 852]","[[0.0, -16.459199905395508, 20.497800827026367], [0.0, -23.012399673461914, 20.497800827026367], [0.0, -18.747596740722656, 20.497800827026367], [0.0, -20.917984008789062, 20.497800827026367]]","[0, 0, 0, 0]",0,0.0,0.5672718735318647,1.5705729035497886,0.004583866049222658,-0.0078175991728385,-2.3940551298030224,0.005525035060556418,0.11540903054634964,0.04551460045087398
367,0367,"[1020, 1021]","[181, 193, 853]","[[0.0, -23.012399673461914, 20.497800827026367], [0.0, -27.203399658203125, 20.497800827026367], [0.0, -25.107900619506836, 20.497800827026367]]","[0, 0, 0]",0,-0.3214584589793849,0.025884003782101886,0.27180913075515356,0.0017825594047812623,-0.0013225228331130658,0.5695762906410737,0.0018889147853702179,0.09817551810593675,0.0532680205245489
368,0368,"[1022, 1023]","[387, 540, 854]","[[9.753600120544434, -27.203399658203125, 20.497800827026367], [9.753600120544434, -23.012399673461914, 20.497800827026367], [9.753600120544434, -25.107900619506836, 20.497800827026367]]","[0, 0, 0]",0,0.0,0.5033506481617682,0.8478267721933682,0.0021893821526320586,-0.001808335539280478,-1.0020943423956588,0.002300345725740893,0.3865364543911508,0.014548258007277102
369,0369,"[1024, 1025]","[399, 497, 855]","[[17.525999069213867, -27.203399658203125, 20.497800827026367], [17.525999069213867, -23.012399673461914, 20.497800827026367], [17.525999069213867, -25.107900619506836, 20.497800827026367]]","[0, 0, 0]",0,0.0,3.8414282657853147,1.225652187009981,0.0046908744022883045,-0.01000335116254847,2.5683553174014326,0.0049388328323818585,0.21561669057917235,0.04859687941040535
370,0370,[1026],"[169, 869]","[[0.0, -16.459199905395508, 20.497800827026367], [9.753600120544434, -16.459199905395508, 20.497800827026367]]","[0, 0]",0,0.0,0.04159569998845565,-0.1807944226709694,0.00018879042112110607,0.004487339441422807,-1.7633965027573293,-0.0009251563287799906,0.14821133174239023,0.025570828954058506
371,0371,[2141],"[856, 868]","[[17.525999069213867, -17.72361946105957, 20.497800827026367], [9.753600120544434, -17.72361946105957, 20.497800827026367]]","[0, 0]",0,-0.020195897891211716,0.0,0.0,0.00021978104827698083,-0.00451084779651319,8.811550112631407e-16,-0.0008589593377200489,0.18573883795427124,0.026120596225500368
372,0372,"[1027, 1028, 1029]","[289, 497, 856, 857]","[[17.525999069213867, -14.935199737548828, 20.497800827026367], [17.525999069213867, -23.012399673461914, 20.497800827026367], [17.525999069213867, -17.72361946105957, 20.497800827026367], [17.525999069213867, -20.461647033691406, 20.497800827026367]]","[0, 0, 0, 0]",0,0.0,1.5211885854830498,1.748676653565744,0.0038812362874005787,0.009731689003849959,-0.5313225479375095,0.005832449411820684,0.14378377927071348,0.045930262943772004
373,0373,[2142],"[857, 866]","[[17.525999069213867, -20.461647033691406, 20.497800827026367], [9.753600120544434, -20.461647033691406, 20.497800827026367]]","[0, 0]",0,0.0,0.01806230640640304,-3.388016472652996e-16,8.543105780545296e-05,-0.004221403077072512,1.7572282891377138e-15,-0.00033402188306817793,0.22318325119253976,0.023823019165474205
374,0374,[2143],"[852, 865]","[[0.0, -20.917984008789062, 20.497800827026367], [9.753600120544434, -20.917984008789062, 20.497800827026367]]","[0, 0]",0,0.0,0.11456227202019645,0.0,5.2083633113613336e-05,0.005013460679234256,0.0,0.00025746110589322833,0.21432176156396657,0.021438846745587863
375,0375,[2144],"[851, 867]","[[0.0, -18.747596740722656, 20.497800827026367], [9.753600120544434, -18.747596740722656, 20.497800827026367]]","[0, 0]",0,0.0,0.057042847044438134,-2.1544462401790972e-16,0.00010299737140131536,0.0037035221427235716,1.2262229293817215e-15,0.0005030039893244541,0.19347290355430824,0.022856780533667912
376,0376,[1030],"[181, 540]","[[0.0, -23.012399673461914, 20.497800827026367], [9.753600120544434, -23.012399673461914, 20.497800827026367]]","[0, 0]",0,0.0,0.15262108572036465,2.1544462401790972e-16,3.080228277037508e-05,0.005443385362626831,1.4017655033675757e-15,0.0001512383624487097,0.222021144449204,0.025826056692486523
377,0377,[2145],"[853, 854]","[[0.0, -25.107900619506836, 20.497800827026367], [9.753600120544434, -25.107900619506836, 20.497800827026367]]","[0, 0]",0,0.0,0.20016113399127017,2.1544462401790972e-16,1.8716295574510852e-05,0.0044646967745836635,1.0506803553958672e-15,-9.343735354419341e-05,0.232704911706295,0.02984911464613303
378,0378,"[1031, 1032, 1033, 1034]","[193, 387, 858, 859, 860]","[[0.0, -27.203399658203125, 20.497800827026367], [9.753600120544434, -27.203399658203125, 20.497800827026367], [2.5823607444763184, -27.203399658203125, 20.497800827026367], [5.016953468322754, -27.203399658203125, 20.497800827026367], [7.315199851989746, -27.203399658203125, 20.497800827026367]]","[0, 0, 0, 0, 0]",0,0.0,0.42322835684981935,1.9213722318729847,0.0002921909948354056,0.0033013918795924005,-2.462241411137767,-0.00026910912931736174,0.390166833216469,0.05414499040088614
379,0379,"[1035, 1036, 1037]","[387, 399, 861, 862]","[[9.753600120544434, -27.203399658203125, 20.497800827026367], [17.525999069213867, -27.203399658203125, 20.497800827026367], [12.494023323059082, -27.203399658203125, 20.497800827026367], [15.049118995666504, -27.203399658203125, 20.497800827026367]]","[0, 0, 0, 0]",0,0.0,1.0810920014519516,1.240395808974474,-0.0005769038457668895,0.006227958245261206,-1.0255837146466524,0.004276839127971556,0.38879074892784576,0.036120213951703097
380,0380,[2146],"[854, 855]","[[9.753600120544434, -25.107900619506836, 20.497800827026367], [17.525999069213867, -25.107900619506836, 20.497800827026367]]","[0, 0]",0,0.0,0.34642005681122,-3.388016472652996e-16,-5.978343180786282e-05,0.003417499559505742,1.7572282891377138e-15,0.00024160428422372165,0.28204886753554953,0.030387218745976066
381,0381,[1038],"[497, 540]","[[17.525999069213867, -23.012399673461914, 20.497800827026367], [9.753600120544434, -23.012399673461914, 20.497800827026367]]","[0, 0]",0,0.0,0.22523746483626794,-3.388016472652996e-16,8.736251213329196e-06,-0.0004681578972222933,1.5369395363219287e-15,3.5191443865246637e-05,0.24558041669576874,0.02953867454455167
382,0382,"[1039, 1040, 1041]","[399, 483, 863, 864]","[[17.525999069213867, -27.203399658203125, 20.497800827026367], [26.212799072265625, -27.203399658203125, 20.497800827026367], [20.55723762512207, -27.203399658203125, 20.497800827026367], [23.457565307617188, -27.203399658203125, 20.497800827026367]]","[0, 0, 0, 0]",0,-0.17840567630411253,1.6904137270881958,1.0227075673618957,-0.0061206374746424425,5.4540488887397026e-05,4.55428512570133,0.012107809975031473,0.19971193535916276,0.035322574786246994
383,0383,[1042],"[67, 193]","[[0.0, -35.12820053100586, 20.497800827026367], [0.0, -27.203399658203125, 20.497800827026367]]","[0, 0]",0,-0.2035211270394715,0.0,-4.0742960910024764e-17,-2.316902284973973e-05,-0.00201542239857437,-2.0194974689521787e-16,-9.380085930348636e-05,0.08356321185267751,0.05682788801434078
384,0384,[2147],"[858, 876]","[[2.5823607444763184, -27.203399658203125, 20.497800827026367], [2.5823607444763184, -35.12820053100586, 20.497800827026367]]","[0, 0]",0,-0.10427953023513573,0.0,-4.0742960910024764e-17,-2.033874328562222e-05,-0.0023816621301406974,1.3227214558349876e-15,-8.077015667334407e-05,0.23109613281012228,0.05463264270470182
385,0385,[2148],"[859, 877]","[[5.016953468322754, -27.203399658203125, 20.497800827026367], [5.016953468322754, -35.12820053100586, 20.497800827026367]]","[0, 0]",0,-0.019159812479172166,0.0,-1.6297184364009906e-16,-2.772681120837069e-05,-0.0008407809491169068,-6.727662515640318e-16,-0.00011015278824209177,0.34180224452716435,0.035172691873060435
386,0386,[2149],"[860, 878]","[[7.315199851989746, -27.203399658203125, 20.497800827026367], [7.315199851989746, -35.12820053100586, 20.497800827026367]]","[0, 0]",0,0.0,0.02802149495751189,2.4445776546014857e-16,-3.871198197883458e-05,-0.0002749821872058995,1.7518294254386662e-15,0.0001539416545051175,0.397110513088891,0.015053546842051294
387,0387,[1043],"[333, 387]","[[9.753600120544434, -35.12820053100586, 20.497800827026367], [9.753600120544434, -27.203399658203125, 20.497800827026367]]","[0, 0]",0,0.0,0.020925051405891223,4.481725700102723e-16,-5.851027014206969e-05,-0.0017440351145057622,2.396989772669288e-15,-0.00023447289345904942,0.4131547214736345,0.0049706613013401615
388,0388,[2150],"[861, 879]","[[12.494023323059082, -27.203399658203125, 20.497800827026367], [12.494023323059082, -35.12820053100586, 20.497800827026367]]","[0, 0]",0,0.0,0.23555636531077853,-4.889155309202971e-16,-9.923801046345533e-05,-0.004833950307161317,-1.9372791130819916e-15,-0.0003997460363440979,0.41220843350426634,0.011546881207428562
389,0389,[2151],"[862, 880]","[[15.049118995666504, -27.203399658203125, 20.497800827026367], [15.049118995666504, -35.12820053100586, 20.497800827026367]]","[0, 0]",0,0.0,0.4459580576963964,-4.889155309202971e-16,-0.00013876913588537065,-0.004339780399560613,-3.1255671900301808e-15,-0.0005526932162996972,0.3719873424742223,0.02629385692801458
390,0390,[1044],"[338, 399]","[[17.525999069213867, -35.12820053100586, 20.497800827026367], [17.525999069213867, -27.203399658203125, 20.497800827026367]]","[0, 0]",0,0.0,0.6266429170028712,-3.259436872801981e-16,-0.00020329623935356675,-0.003900267058887811,-2.587833674482989e-15,-0.0008157106299947576,0.30942361400959745,0.028730829532542367
391,0391,[2152],"[863, 881]","[[20.55723762512207, -27.203399658203125, 20.497800827026367], [20.55723762512207, -35.12820053100586, 20.497800827026367]]","[0, 0]",0,-0.1692438821242932,0.0,-3.259436872801981e-16,-0.00034209340653297484,-0.0026061807511134146,-1.7236241639752147e-15,0.001377505365330025,0.244006405394224,0.03372025991972994
392,0392,"[1045, 1046, 1047, 1048, 1049, 1050]","[421, 540, 865, 866, 867, 868, 869]","[[9.753600120544434, -14.935199737548828, 20.497800827026367], [9.753600120544434, -23.012399673461914, 20.497800827026367], [9.753600120544434, -20.917984008789062, 20.497800827026367], [9.753600120544434, -20.461647033691406, 20.497800827026367], [9.753600120544434, -18.747596740722656, 20.497800827026367], [9.753600120544434, -17.72361946105957, 20.497800827026367], [9.753600120544434, -16.459199905395508, 20.497800827026367]]","[0, 0, 0, 0, 0, 0, 0]",0,0.0,0.6605295130964802,1.307492628621095,0.06721349423582651,0.01374323765838904,-0.6533454787878978,-0.003097102589967482,0.3290745342626929,0.03355797208476506
393,0393,[2153],"[870, 889]","[[26.212799072265625, -10.344253540039062, 20.497800827026367], [33.985198974609375, -10.344253540039062, 20.497800827026367]]","[0, 0]",0,-0.3724608339687862,0.0,-8.470039111074169e-17,9.196764120896884e-05,0.00021668463001262727,-3.8423483724538582e-16,0.00037565272664719356,0.03793371956479124,0.007543688583625264
394,0394,[2154],"[871, 887]","[[26.212799072265625, -12.700115203857422, 20.497800827026367], [33.985198974609375, -12.700115203857422, 20.497800827026367]]","[0, 0]",0,-0.12635721407616193,0.0,-8.470039111074169e-17,4.615177550887053e-05,0.004181444723025057,-6.04523563031717e-16,0.00018621984600951402,0.05515953461044598,0.008649564769758684
395,0395,[1051],"[277, 410]","[[26.212799072265625, -14.935199737548828, 20.497800827026367], [33.985198974609375, -14.935199737548828, 20.497800827026367]]","[0, 0]",0,-0.15810590493297583,0.0,1.164630377772698e-16,-0.00011079279256840593,0.002770784612796997,-5.283229012124055e-16,0.0004308173924924359,0.0668514203925413,0.003626170503945583
396,0396,[2155],"[872, 875]","[[26.212799072265625, -17.72361946105957, 20.497800827026367], [33.985198974609375, -17.72361946105957, 20.497800827026367]]","[0, 0]",0,0.0,0.059133525215923376,-8.470039111074169e-17,-0.00033721253479728673,0.0009464979918168535,4.393070186919686e-16,0.0013481321323196686,0.06913831303065857,0.005713651730648805
397,0397,[2156],"[873, 874]","[[26.212799072265625, -20.461647033691406, 20.497800827026367], [33.985198974609375, -20.461647033691406, 20.497800827026367]]","[0, 0]",0,0.0,0.4246560766264838,0.0,-0.0005918600508042408,-0.0008206406770805829,5.5072181446582784e-17,-0.0023351817280030246,0.04229630413486668,0.013508051925308238
398,0398,"[1052, 1053, 1054]","[103, 277, 870, 871]","[[26.212799072265625, -7.924799919128418, 20.497800827026367], [26.212799072265625, -14.935199737548828, 20.497800827026367], [26.212799072265625, -10.344253540039062, 20.497800827026367], [26.212799072265625, -12.700115203857422, 20.497800827026367]]","[0, 0, 0, 0]",0,-1.138182629397872,0.0,0.7246840793283607,0.003366602232966495,0.005340586868267686,-1.03083305509158,0.0039961014797659355,0.06509741164515252,0.006998736324516257
399,0399,"[1055, 1056, 1057]","[277, 471, 872, 873]","[[26.212799072265625, -14.935199737548828, 20.497800827026367], [26.212799072265625, -23.012399673461914, 20.497800827026367], [26.212799072265625, -17.72361946105957, 20.497800827026367], [26.212799072265625, -20.461647033691406, 20.497800827026367]]","[0, 0, 0, 0]",0,-3.381781511191821,0.0,1.4139802850188001,0.00039247071606753503,0.0014608623203151083,1.4077923143483275,0.0021737036592649607,0.06257259151944133,0.010306509482273022
400,0400,"[1058, 1059, 1060]","[410, 505, 874, 875]","[[33.985198974609375, -14.935199737548828, 20.497800827026367], [33.985198974609375, -23.012399673461914, 20.497800827026367], [33.985198974609375, -20.461647033691406, 20.497800827026367], [33.985198974609375, -17.72361946105957, 20.497800827026367]]","[0, 0, 0, 0]",0,0.0,0.6097903810880566,1.266591885301866,0.0012260855138087848,0.0019540359027999162,0.6351252771584783,-0.0007576947929527676,0.07361199548195542,0.013959598937465024
401,0401,[2157],"[888, 898]","[[33.985198974609375, -12.039600372314453, 20.497800827026367], [41.90999984741211, -12.039600372314453, 20.497800827026367]]","[0, 0]",0,-0.21917235060235063,0.0,-5.092870113753095e-17,8.609228955801347e-05,0.00016966643489938022,3.030744596253372e-16,0.0003756943444963992,0.03917800493785686,0.014318582383322618
402,0402,[1061],"[368, 410]","[[41.90999984741211, -14.935199737548828, 20.497800827026367], [33.985198974609375, -14.935199737548828, 20.497800827026367]]","[0, 0]",0,-0.2137174825169963,0.0,-1.2222888273007429e-16,-5.592142977761976e-05,0.002095888302863528,5.383328726772338e-16,0.0002284797964870094,0.0770173124030982,0.011199384542932104
403,0403,[2158],"[875, 897]","[[33.985198974609375, -17.72361946105957, 20.497800827026367], [41.90999984741211, -17.72361946105957, 20.497800827026367]]","[0, 0]",0,-0.4372297723977647,0.0,8.148592182004953e-17,-0.00024050189954145956,0.002449779470859981,-7.54984607434219e-16,0.0009941837815228465,0.09701216724275448,0.00500669255715004
404,0404,[2159],"[874, 896]","[[33.985198974609375, -20.461647033691406, 20.497800827026367], [41.90999984741211, -20.461647033691406, 20.497800827026367]]","[0, 0]",0,-0.8871013296901205,0.0,-2.4445776546014857e-16,-0.00044935973266308984,0.002438362360301606,-1.0766657453544675e-15,-0.001794277824519635,0.07948118702921844,0.013229122833087663
405,0405,[1062],"[363, 505]","[[41.90999984741211, -23.012399673461914, 20.497800827026367], [33.985198974609375, -23.012399673461914, 20.497800827026367]]","[0, 0]",0,-1.064506046310523,0.0,-3.259436872801981e-16,-0.0007934397383837785,-0.0006183766584490332,-1.3995455975347995e-15,-0.0033515566465882134,0.05466059811048361,0.009739725316192462
406,0406,[2160],"[895, 899]","[[41.90999984741211, -25.223190307617188, 20.497800827026367], [33.985198974609375, -25.223190307617188, 20.497800827026367]]","[0, 0]",0,-0.7187263535137425,0.0,-1.6297184364009906e-16,-0.0007807197374387643,0.0004927802014808426,8.618120819876073e-16,-0.003214020299822923,0.05671684684407504,0.009966977311255901
407,0407,[2161],"[864, 882]","[[23.457565307617188, -27.203399658203125, 20.497800827026367], [23.457565307617188, -35.12820053100586, 20.497800827026367]]","[0, 0]",0,-0.9976006227912502,0.0,0.0,-0.00043757909487279116,-0.0010637343853268763,-2.1605237762694354e-16,-0.0017357777654907144,0.162465619761763,0.03737270684742756
408,0408,[1063],"[343, 483]","[[26.212799072265625, -35.12820053100586, 20.497800827026367], [26.212799072265625, -27.203399658203125, 20.497800827026367]]","[0, 0]",0,-1.7768615012368527,0.0,-3.259436872801981e-16,-0.0005110674695867929,0.00528448167945504,1.5075717863482712e-15,0.0021916643899164588,0.10012216049903465,0.024318480243740444
409,0409,[2162],"[884, 892]","[[31.526952743530273, -35.12820053100586, 20.497800827026367], [31.526952743530273, -27.203399658203125, 20.497800827026367]]","[0, 0]",0,-0.6898196816599175,0.0,-1.6297184364009906e-16,-0.0012774192852633775,0.0018106648382542492,-6.457597043606639e-16,-0.005149007565783709,0.08450834521636477,0.015821435888131733
410,0410,[1064],"[348, 517]","[[33.985198974609375, -35.12820053100586, 20.497800827026367], [33.985198974609375, -27.203399658203125, 20.497800827026367]]","[0, 0]",0,-0.4914163916011677,0.0,-3.259436872801981e-16,-0.0014308936997127558,0.0006634657736112805,1.5075717863482712e-15,-0.005810357993144749,0.07423981091637973,0.013860230241843019
411,0411,[2163],"[885, 893]","[[36.42359924316406, -35.12820053100586, 20.497800827026367], [36.42359924316406, -27.203399658203125, 20.497800827026367]]","[0, 0]",0,0.0,0.20266089566958517,-1.6297184364009906e-16,-0.0013204886082487466,0.0022130799653524314,-6.457597043606639e-16,-0.005268057561179833,0.09143635128395211,0.015284212220124938
412,0412,[2164],"[886, 894]","[[38.709598541259766, -35.12820053100586, 20.497800827026367], [38.709598541259766, -27.203399658203125, 20.497800827026367]]","[0, 0]",0,0.0,0.6643146804509121,-3.259436872801981e-16,-0.001199957937377568,0.004732448714864898,-1.5075717863482712e-15,-0.0047833174783405335,0.10636226956367699,0.009885368973460932
413,0413,[1065],"[353, 358]","[[41.90999984741211, -35.12820053100586, 20.497800827026367], [41.90999984741211, -27.203399658203125, 20.497800827026367]]","[0, 0]",0,0.0,1.052403532812616,-1.9352906432261762e-16,-0.001072747684270942,0.006085455507297617,-8.68114200940918e-16,-0.0042782678942883895,0.10068594702403676,0.0024197937343295403
414,0414,"[1066, 1067, 1068, 1069]","[67, 333, 876, 877, 878]","[[0.0, -35.12820053100586, 20.497800827026367], [9.753600120544434, -35.12820053100586, 20.497800827026367], [2.5823607444763184, -35.12820053100586, 20.497800827026367], [5.016953468322754, -35.12820053100586, 20.497800827026367], [7.315199851989746, -35.12820053100586, 20.497800827026367]]","[0, 0, 0, 0, 0]",0,-0.1471194431117494,0.1072316276248774,1.9964885347007848,5.345052262799327e-06,0.0012721457684893404,-3.344213473321006,-9.069663362895407e-06,0.42010234944701674,0.06269565637599668
415,0415,"[1070, 1071, 1072]","[333, 338, 879, 880]","[[9.753600120544434, -35.12820053100586, 20.497800827026367], [17.525999069213867, -35.12820053100586, 20.497800827026367], [12.494023323059082, -35.12820053100586, 20.497800827026367], [15.049118995666504, -35.12820053100586, 20.497800827026367]]","[0, 0, 0, 0]",0,-0.3039511298774131,0.0,0.9034325241666513,-0.0011632511677369798,0.005668379541640866,-2.2376940169029864,0.0050378726650392724,0.4365761980146324,0.022417951696337066
416,0416,"[1073, 1074, 1075]","[338, 343, 881, 882]","[[17.525999069213867, -35.12820053100586, 20.497800827026367], [26.212799072265625, -35.12820053100586, 20.497800827026367], [20.55723762512207, -35.12820053100586, 20.497800827026367], [23.457565307617188, -35.12820053100586, 20.497800827026367]]","[0, 0, 0, 0]",0,0.0,3.033658922652858,0.8862158400785649,-0.004415603654187819,0.008308054029915283,1.0547573947191973,0.010838452522276327,0.3538395754776985,0.041247741264409124
417,0417,"[1076, 1077, 1078]","[343, 348, 883, 884]","[[26.212799072265625, -35.12820053100586, 20.497800827026367], [33.985198974609375, -35.12820053100586, 20.497800827026367], [28.978139877319336, -35.12820053100586, 20.497800827026367], [31.526952743530273, -35.12820053100586, 20.497800827026367]]","[0, 0, 0, 0]",0,0.0,3.349451710797981,0.4942300277889769,-0.0061226925225836525,0.00118728130656004,0.9851581560513014,0.013340142220062365,0.17658101206155338,0.03308213236919359
418,0418,"[1079, 1080, 1081]","[348, 353, 885, 886]","[[33.985198974609375, -35.12820053100586, 20.497800827026367], [41.90999984741211, -35.12820053100586, 20.497800827026367], [36.42359924316406, -35.12820053100586, 20.497800827026367], [38.709598541259766, -35.12820053100586, 20.497800827026367]]","[0, 0, 0, 0]",0,-0.11821032013839634,1.6401582337151293,1.167234424451666,-0.005870753206788551,-0.0016246196422649518,0.0726672741381156,0.013606478708508939,0.14113751444633466,0.024342744139933533
419,0419,"[1082, 1083, 1084, 1085]","[410, 887, 888, 889, 890]","[[33.985198974609375, -14.935199737548828, 20.497800827026367], [33.985198974609375, -12.700115203857422, 20.497800827026367], [33.985198974609375, -12.039600372314453, 20.497800827026367], [33.985198974609375, -10.344253540039062, 20.497800827026367], [33.985198974609375, -7.924799919128418, 20.497800827026367]]","[0, 0, 0, 0, 0]",0,0.0,0.43026336825651446,1.0216200788049994,0.055352348417524316,0.0011803955821210643,3.036725886607928,0.007169286657050695,0.0570175087452497,0.016279497496223625
420,0420,[1086],"[313, 890]","[[27.88920021057129, -7.924799919128418, 20.497800827026367], [33.985198974609375, -7.924799919128418, 20.497800827026367]]","[0, 0]",0,-0.5083035423687505,0.0,0.08694912191230776,0.00023357629012473694,0.0013434089516362383,-0.5300417397116247,0.0007328928058292706,0.029340832277849265,0.005966753028414107
421,0421,"[1087, 1088, 1089]","[483, 517, 891, 892]","[[26.212799072265625, -27.203399658203125, 20.497800827026367], [33.985198974609375, -27.203399658203125, 20.497800827026367], [28.978139877319336, -27.203399658203125, 20.497800827026367], [31.526952743530273, -27.203399658203125, 20.497800827026367]]","[0, 0, 0, 0]",0,0.0,0.9992483773915295,0.11228417589372681,-0.002997552148021404,0.004210336060967885,-0.2101065067929394,0.014693331676394377,0.03311528639690366,0.006324263152561406
422,0422,"[1090, 1091, 1092]","[358, 517, 893, 894]","[[41.90999984741211, -27.203399658203125, 20.497800827026367], [33.985198974609375, -27.203399658203125, 20.497800827026367], [36.42359924316406, -27.203399658203125, 20.497800827026367], [38.709598541259766, -27.203399658203125, 20.497800827026367]]","[0, 0, 0, 0]",0,-0.8346744487437144,0.0,0.6149454792155244,-0.005399112723843334,0.004401046324295449,1.499483221665626,-0.008811140527439644,0.08332186765464888,0.012861923312400476
423,0423,"[1093, 1094]","[358, 363, 895]","[[41.90999984741211, -27.203399658203125, 20.497800827026367], [41.90999984741211, -23.012399673461914, 20.497800827026367], [41.90999984741211, -25.223190307617188, 20.497800827026367]]","[0, 0, 0]",0,0.0,3.209366549499291,-0.48931675148271025,-0.010326512838536287,0.004512231981036287,1.1749959579439788,0.012457128472632877,0.09461251457638123,0.011805549990753778
424,0424,"[1095, 1096, 1097]","[363, 368, 896, 897]","[[41.90999984741211, -23.012399673461914, 20.497800827026367], [41.90999984741211, -14.935199737548828, 20.497800827026367], [41.90999984741211, -20.461647033691406, 20.497800827026367], [41.90999984741211, -17.72361946105957, 20.497800827026367]]","[0, 0, 0, 0]",0,0.0,2.440532583726279,1.3929474027220028,0.00029606788239279594,-0.0020293846477859585,-0.516016792967914,-0.000697981602872724,0.11284946122199091,0.014702275105400026
425,0425,"[1098, 1099]","[148, 368, 898]","[[41.90999984741211, -9.144000053405762, 20.497800827026367], [41.90999984741211, -14.935199737548828, 20.497800827026367], [41.90999984741211, -12.039600372314453, 20.497800827026367]]","[0, 0, 0]",0,-0.06483576823035317,0.9307379954150181,0.06746464571704833,0.0019368792731291784,-0.00010673134371918735,0.9797887050673488,0.0023353047895904484,0.06362736361218722,0.016378757103724897
426,0426,[1100],"[471, 505]","[[26.212799072265625, -23.012399673461914, 20.497800827026367], [33.985198974609375, -23.012399673461914, 20.497800827026367]]","[0, 0]",0,0.0,0.17870561937755877,-2.117509777768542e-17,-0.0009862382053463317,-0.00028292298483609555,-9.605870931134646e-17,0.004138857729142646,0.024722488108565623,0.001511079472495192
427,0427,"[1101, 1102]","[505, 517, 899]","[[33.985198974609375, -23.012399673461914, 20.497800827026367], [33.985198974609375, -27.203399658203125, 20.497800827026367], [33.985198974609375, -25.223190307617188, 20.497800827026367]]","[0, 0, 0]",0,0.0,0.9989856457377022,0.2793256842018522,-0.01547355093038941,0.00091849591054473,0.5953823272447839,0.016845483969849865,0.028644728481734234,0.0022661841912741594
428,0428,[1103],"[471, 483]","[[26.212799072265625, -23.012399673461914, 20.497800827026367], [26.212799072265625, -27.203399658203125, 20.497800827026367]]","[0, 0]",0,-1.883248748270828,0.0,0.0,-0.0015003127989371493,0.000492891284544402,2.5533465715564064e-17,-0.004424827934727893,0.026178007491971057,0.0012591381757730345
429,0429,[1104],"[27, 39]","[[1.8287999629974365, -1.2655455737455457e-14, 3.733799934387207], [1.8287999629974365, -6.1975998878479, 3.733799934387207]]","[0, 0]",0,0.0,0.17657877569902983,0.0,-0.0008531918323820525,0.0027132258056930553,1.7266483212984365e-17,-0.0027053711136019684,0.003552228655658954,0.004051623106722146
430,0430,[1105],"[900, 901]","[[0.0, -6.197599999999989, 3.733799999999974], [0.0, 0.0, 3.733799999999974]]","[0, 0]",0,0.0,0.010004462931150702,2.028212024645715e-21,-0.0017559750240622141,-0.00010185985245914093,-7.33888590369388e-21,0.005516887484745372,0.0034161594705117235,0.00021292775475683224
431,0431,[2165],"[902, 1391]","[[4.572000026702881, 0.0, 3.733799934387207], [4.572000026702881, -6.1975998878479, 3.733799934387207]]","[0, 0]",0,-0.02742825066736394,0.0,0.0,-0.0004095823663184074,0.0012782100142207258,-6.90659328519373e-17,0.001352441638283171,0.013535531015926364,0.0038449546341883215
432,0432,[1106],"[27, 901]","[[1.8287999629974365, -1.2655455737455457e-14, 3.733799934387207], [0.0, 0.0, 3.733799999999974]]","[0, 0]",0,0.0,0.0017286945450652835,-1.4357163230674813e-15,0.00801685234090546,-0.007421340619940144,-1.3128189792503136e-15,-0.009144332045917622,0.004127266329721996,0.0033633752106002465
433,0433,"[1107, 1108, 1109]","[27, 198, 902, 903]","[[1.8287999629974365, -1.2655455737455457e-14, 3.733799934387207], [9.753600120544434, -1.2655455737455457e-14, 3.733799934387207], [4.572000026702881, 0.0, 3.733799934387207], [7.315199851989746, 0.0, 3.733799934387207]]","[0, 0, 0, 0]",0,0.0,0.613013770452114,0.8423745383978528,-0.0012765105030435463,0.004836099110188315,-0.2874416730397818,-0.0020163210275638515,0.022406505556862365,0.0081044263837546
434,0434,"[1110, 1111]","[75, 198, 904]","[[15.849599838256836, -1.2655455737455457e-14, 3.733799934387207], [9.753600120544434, -1.2655455737455457e-14, 3.733799934387207], [12.801600456237793, 0.0, 3.733799934387207]]","[0, 0, 0]",0,0.0,0.2758989662242537,0.7839812766205196,0.0033455312225361654,0.0016500394686402966,-2.389574446653844,0.005109360886688792,0.017039340650538217,0.004592793587514451
435,0435,"[1112, 1113, 1114]","[75, 905, 906, 907]","[[15.849599838256836, -1.2655455737455457e-14, 3.733799934387207], [17.52599999999984, -7.646972875861989e-16, 3.733799999999974], [19.604544002767852, 1.3978481152683851e-14, 3.733799999999974], [21.64080000000007, 2.842170943040401e-14, 3.733799999999974]]","[0, 0, 0, 0]",0,0.0,4.768396261976851,0.00026693609443958257,0.029192860239149142,0.005645789840325509,-0.0005435502231805427,-0.01360544633779072,0.00598465000444883,0.0020676048514189816
436,0436,"[1115, 1116, 1117]","[524, 907, 908, 909]","[[27.88920021057129, -1.2655455737455457e-14, 3.733799934387207], [21.64080000000007, 2.842170943040401e-14, 3.733799999999974], [24.152651502756044, 1.1908723920419344e-14, 3.733799999999974], [26.212800000000016, -1.6347527724030386e-15, 3.733799999999974]]","[0, 0, 0, 0]",0,0.0,4.754605663014492,4.075366248741907e-06,0.015713106118852904,-3.440233431714194e-05,0.00025552978804822005,0.024848179978123525,0.008086064631531904,0.0014979639589481743
437,0437,"[1118, 1119, 1120]","[222, 524, 910, 911]","[[36.42359924316406, -1.2655455737455457e-14, 3.733799934387207], [27.88920021057129, -1.2655455737455457e-14, 3.733799934387207], [30.71975326538086, 0.0, 3.733799934387207], [33.59468078613281, 0.0, 3.733799934387207]]","[0, 0, 0, 0]",0,-0.7978284266216027,0.29074407875546565,0.6989572218986726,-0.0033894170956078307,0.004459013983624409,-1.9772929857044446,-0.0055842190370721054,0.04541748455159203,0.012324113237043717
438,0438,"[1121, 1122]","[120, 222, 912]","[[41.90999984741211, -1.2655455737455457e-14, 3.733799934387207], [36.42359924316406, -1.2655455737455457e-14, 3.733799934387207], [39.18110656738281, 0.0, 3.733799934387207]]","[0, 0, 0]",0,-0.9877681099749372,0.0,0.310584867248535,-0.00032704450808919997,0.0009722463235259244,0.09584604271356503,0.004860954072705441,0.008936178363880741,0.0020724503986336703
439,0439,[1123],"[120, 913]","[[41.90999984741211, -1.2655455737455457e-14, 3.733799934387207], [43.738800000000005, 3.789561257387201e-14, 3.733799999999974]]","[0, 0]",0,-0.0017088293860832685,0.0,0.0,0.007066268635937044,0.000252974335157164,0.0,0.007461889212833921,0.002972983987521322,0.0028221388824253026
440,0441,[1124],"[240, 903]","[[7.315199851989746, -6.1975998878479, 3.733799934387207], [7.315199851989746, 0.0, 3.733799934387207]]","[0, 0]",0,-0.7869329592689154,0.0,0.12942610998482829,-0.0003027561059160127,-0.001886912918013072,0.8021312447265622,-0.0009882115892585139,0.010581853217627968,0.0043038101529760875
441,0442,[1125],"[198, 455]","[[9.753600120544434, -1.2655455737455457e-14, 3.733799934387207], [9.753600120544434, -7.924799919128418, 3.733799934387207]]","[0, 0]",0,0.0,0.15230821059155408,-0.029852052705165406,0.00040623462423617924,-0.0018498076878132393,0.23657154486371165,0.001837501039706099,0.010608856072312055,0.0037820395866475305
442,0443,[2166],"[904, 932]","[[12.801600456237793, 0.0, 3.733799934387207], [12.801600456237793, -7.924799919128418, 3.733799934387207]]","[0, 0]",0,0.0,0.23643566711049194,2.0371485339905123e-17,0.0005179888448832656,7.821696091009578e-05,-1.0097488552711477e-16,-0.0020609403966559557,0.02160956962971839,0.000877641373925248
443,0444,[1126],"[75, 294]","[[15.849599838256836, -1.2655455737455457e-14, 3.733799934387207], [15.849599838256836, -7.924799919128418, 3.733799934387207]]","[0, 0]",0,0.0,0.13150653720310215,2.0371485339905178e-17,0.0005283414480892531,-0.0013413948663625632,1.009748855271149e-16,0.002115928556187462,0.009282043431690729,0.004460757940204118
444,0445,[1127],"[87, 905]","[[17.525999069213867, -7.924799919128418, 3.733799934387207], [17.52599999999984, -7.646972875861989e-16, 3.733799999999974]]","[0, 0]",0,-0.05001499834410587,0.0,-0.0007120326598477769,0.0010373438590075095,8.091140391888452e-05,0.005642716365178477,0.004762457168652663,0.005839288383998487,0.0013462439039654912
445,0446,[2167],"[906, 929]","[[19.604544002767852, 1.3978481152683851e-14, 3.733799999999974], [19.604544002767852, -7.924799999999995, 3.733799999999974]]","[0, 0]",0,0.0,0.008628475430442742,1.018574246283305e-17,0.006148118346451294,-0.00043282861976758346,4.711162347916738e-17,0.024650774145505337,0.004770755904711331,0.0007739522360378237
446,0447,[1128],"[907, 927]","[[21.64080000000007, 2.842170943040401e-14, 3.733799999999974], [21.640800000000127, -7.924800000000005, 3.733799999999974]]","[0, 0]",0,-0.000537897468779276,0.0,0.0019392685738382626,0.006594139913739499,-4.103814430468385e-05,0.015368315593953484,-0.026443760235546194,0.003744977687202893,0.0009386571065714703
447,0448,[2168],"[908, 925]","[[24.152651502756044, 1.1908723920419344e-14, 3.733799999999974], [24.152651502756044, -7.924799999999995, 3.733799999999974]]","[0, 0]",0,-0.0021075915212407335,0.0,5.0928712314165285e-18,0.005950519523840582,0.00043643335854611577,2.0179992967364868e-17,0.02399783062582867,0.005764384494337064,0.0009412028915296306
448,0449,[1129],"[99, 909]","[[26.212799072265625, -7.924799919128418, 3.733799934387207], [26.212800000000016, -1.6347527724030386e-15, 3.733799999999974]]","[0, 0]",0,0.0,0.030562294788168853,-7.590929370134372e-05,0.0007266069744709575,-0.00011398992380939897,0.0006015659645855281,0.004347648801082481,0.007401470321967409,0.001676145322555635
449,0450,[1130],"[306, 524]","[[27.88920021057129, -7.924799919128418, 3.733799934387207], [27.88920021057129, -1.2655455737455457e-14, 3.733799934387207]]","[0, 0]",0,-0.3718456829678585,0.0,1.5278614004928884e-17,-0.0006265356293166513,0.0030864534345259272,-7.404325474200185e-17,-0.002486150067250764,0.010807959770939709,0.009637082634198586
450,0451,[2169],"[910, 922]","[[30.71975326538086, 0.0, 3.733799934387207], [30.71975326538086, -7.924799919128418, 3.733799934387207]]","[0, 0]",0,-0.5379063676360414,0.0,4.0742970679810245e-17,-0.0006018079793372565,0.001295862495943781,2.6946614718760233e-16,0.0024045390590290085,0.037117654005460604,0.0052038415728024555
451,0452,[2170],"[911, 921]","[[33.59468078613281, 0.0, 3.733799934387207], [33.59468078613281, -7.924799919128418, 3.733799934387207]]","[0, 0]",0,-0.17203425726604074,0.0,0.0,-0.00047759092392727433,-0.0001827879281684557,5.4013100906698246e-17,-0.002142669617680629,0.031152290744694312,0.008764213669814265
452,0453,[1131],"[210, 222]","[[36.42359924316406, -6.1975998878479, 3.733799934387207], [36.42359924316406, -1.2655455737455457e-14, 3.733799934387207]]","[0, 0]",0,0.0,1.1357121648820534,3.3230227007210865e-17,0.0001970117105433243,-0.0024142612183127455,1.375067920124937e-16,0.0008562046866704492,0.0044335140140424525,0.003362432675976053
453,0454,[2171],"[912, 915]","[[39.18110656738281, 0.0, 3.733799934387207], [39.18110656738281, -6.1975998878479, 3.733799934387207]]","[0, 0]",0,-0.08447761385643238,0.0,3.323022700721072e-17,-0.0005461577738518191,-0.00030436742168132966,-1.2024030879950906e-16,-0.0020002628246217793,0.005821476939881754,0.0011701074291241016
454,0455,[1132],"[120, 132]","[[41.90999984741211, -1.2655455737455457e-14, 3.733799934387207], [41.90999984741211, -6.1975998878479, 3.733799934387207]]","[0, 0]",0,-0.033154277709831544,0.0,0.0,-0.0019146952984572222,-0.0008121352912394044,0.0,-0.006623593300755748,0.003712123258604259,0.0008843329298654184
455,0456,[1133],"[913, 914]","[[43.738800000000005, 3.789561257387201e-14, 3.733799999999974], [43.738800000000026, -6.19759999999998, 3.733799999999974]]","[0, 0]",0,-0.00699851606989344,0.0,3.777839289318204e-30,-0.0017344903080840604,-9.581275053471119e-05,1.3669740229274793e-29,-0.0054609039377187625,0.0018233529306365566,0.00023263178685396574
456,0457,[1134],"[132, 914]","[[41.90999984741211, -6.1975998878479, 3.733799934387207], [43.738800000000026, -6.19759999999998, 3.733799999999974]]","[0, 0]",0,0.0,0.0035259821498693643,3.589290111969842e-16,0.00019650435672840356,-0.0002526336997303359,3.574618088074373e-16,0.00181032617909329,0.0020551814648692903,0.0010326510206159988
457,0458,"[1135, 1136]","[132, 210, 915]","[[41.90999984741211, -6.1975998878479, 3.733799934387207], [36.42359924316406, -6.1975998878479, 3.733799934387207], [39.18110656738281, -6.1975998878479, 3.733799934387207]]","[0, 0, 0]",0,-2.097280170551517,0.3295972339998014,0.015049779435859653,0.002181195070524288,0.0006026647045230114,-0.041499877022259914,-0.0046311939698661115,0.002648823150515666,0.0011346822802162527
458,0459,"[1137, 1138]","[108, 210, 916]","[[36.42359924316406, -9.144000053405762, 3.733799934387207], [36.42359924316406, -6.1975998878479, 3.733799934387207], [36.42359924316406, -7.924799919128418, 3.733799934387207]]","[0, 0, 0]",0,-2.6873490634210704,0.0,-0.021283098219788767,0.025666502438640226,0.00550749103330232,0.9261557712700166,0.018672985928559836,0.0016571888222251282,0.0032793798200241118
459,0460,"[1139, 1140, 1141]","[108, 144, 917, 918]","[[36.42359924316406, -9.144000053405762, 3.733799934387207], [41.90999984741211, -9.144000053405762, 3.733799934387207], [38.709598541259766, -9.144000053405762, 3.733799934387207], [41.21491241455078, -9.144000053405762, 3.733799934387207]]","[0, 0, 0, 0]",0,-0.10255449050466525,0.8790463226626395,0.32418247932652056,-0.0009159319489168343,0.001445719597167912,0.6834100895373061,0.0869039853940708,0.0023030438665393184,0.0032474279983031695
460,0461,[1142],"[144, 450]","[[41.90999984741211, -9.144000053405762, 3.733799934387207], [43.738800048828125, -9.144000053405762, 3.733799934387207]]","[0, 0]",0,0.0,0.836179486675291,4.4866124159950746e-17,0.00226272013590913,0.0026839572801890524,6.479697635320144e-17,-0.0024793227332657658,0.002472919976481748,0.0008719104727125651
461,0462,[1143],"[132, 144]","[[41.90999984741211, -6.1975998878479, 3.733799934387207], [41.90999984741211, -9.144000053405762, 3.733799934387207]]","[0, 0]",0,0.0,1.4314846464531035,-9.003160378194005e-17,-0.0011460462098094567,-0.00011927542413027066,-1.644138238350062e-16,0.00175132924871941,0.0023839105638283646,0.00046559859637709057
462,0463,[1144],"[450, 914]","[[43.738800048828125, -9.144000053405762, 3.733799934387207], [43.738800000000026, -6.19759999999998, 3.733799999999974]]","[0, 0]",0,-0.007262681446204367,0.0,0.0,0.001889737004442065,0.0002710144503739763,-1.8159576514503553e-17,0.0034784470135410363,0.0022240561973341524,0.00042177947310993843
463,0464,[1145],"[426, 450]","[[43.738800048828125, -16.459199905395508, 3.733799934387207], [43.738800048828125, -9.144000053405762, 3.733799934387207]]","[0, 0]",0,-6.49406726982845,0.0,-2.389285899327573e-17,-0.00032679498050915503,-0.0006061225321381682,-1.4590471252133657e-16,-0.0013145191199928615,0.007850583013949548,0.0019051009480342096
464,0465,[2172],"[918, 1395]","[[41.21491241455078, -9.144000053405762, 3.733799934387207], [41.21491241455078, -16.459199905395508, 3.733799934387207]]","[0, 0]",0,-7.21522607548164,0.0,-0.008152757560343442,-0.0002573115936553969,-0.0006017296138590403,0.05963905089873272,0.0009880000662030658,0.005940240880055605,0.0017982984970354966
465,0466,[1146],"[917, 919]","[[38.709598541259766, -9.144000053405762, 3.733799934387207], [38.709598541259766, -14.935199737548828, 3.733799934387207]]","[0, 0]",0,-5.918026508000613,0.0,-0.034680323070819336,-8.367075131756622e-05,0.0011154807612357201,-0.20084067601370847,-0.0005755785772303495,0.0027483888978525996,0.000792022260223917
466,0467,[1147],"[108, 920]","[[36.42359924316406, -9.144000053405762, 3.733799934387207], [36.42359924316406, -14.935199737548828, 3.733799934387207]]","[0, 0]",0,-6.986745594478359,0.0,0.1090389037496542,0.0005771504692437566,0.0010597990201052553,-0.6314660649543035,-0.0021298167420719704,0.007127129101033162,0.004341896815722648
467,0468,[2173],"[921, 939]","[[33.59468078613281, -7.924799919128418, 3.733799934387207], [33.59468078613281, -14.935199737548828, 3.733799934387207]]","[0, 0]",0,-4.7400523929932765,0.0,1.0402256702114807e-16,-0.0003018203321164085,-0.0009571388021548746,-4.104136091832594e-16,0.0014337282322870212,0.02327584227644444,0.00669946723640477
468,0469,"[1148, 1149, 1150, 1151, 1152]","[306, 916, 921, 922, 923, 924]","[[27.88920021057129, -7.924799919128418, 3.733799934387207], [36.42359924316406, -7.924799919128418, 3.733799934387207], [33.59468078613281, -7.924799919128418, 3.733799934387207], [30.71975326538086, -7.924799919128418, 3.733799934387207], [30.175199508666992, -7.924799919128418, 3.733799934387207], [28.184268951416016, -7.924799919128418, 3.733799934387207]]","[0, 0, 0, 0, 0, 0]",0,-0.22327209197400097,0.5019662488712503,1.4988554734975328,-0.007152756171338884,0.004910409615327248,1.7569190346486157,0.041843434082257616,0.02612241698953263,0.006070734461982516
469,0470,[1153],"[99, 306]","[[26.212799072265625, -7.924799919128418, 3.733799934387207], [27.88920021057129, -7.924799919128418, 3.733799934387207]]","[0, 0]",0,0.0,0.3824672527474556,-1.687711849905847e-15,-0.0037108229824585667,-0.0036708681852228183,1.9253099988556868e-15,-0.003514878681187433,0.010143095469876257,0.0034863808101172635
470,0471,"[1154, 1155, 1156, 1157, 1158, 1159]","[87, 99, 925, 926, 927, 928, 929]","[[17.525999069213867, -7.924799919128418, 3.733799934387207], [26.212799072265625, -7.924799919128418, 3.733799934387207], [24.152651502756044, -7.924799999999995, 3.733799999999974], [23.32037698344766, -7.924799999999995, 3.733799999999974], [21.640800000000127, -7.924800000000005, 3.733799999999974], [20.393137496479085, -7.924799999999995, 3.733799999999974], [19.604544002767852, -7.924799999999995, 3.733799999999974]]","[0, 0, 0, 0, 0, 0, 0]",0,0.0,3.6251069014727246,0.001042410685360871,-0.020008005894655997,0.001388404643511129,-0.0018481326037502323,0.04094245532428829,0.007858274959609151,0.017924796630384123
471,0472,[1160],"[87, 294]","[[17.525999069213867, -7.924799919128418, 3.733799934387207], [15.849599838256836, -7.924799919128418, 3.733799934387207]]","[0, 0]",0,-0.06275003264660119,0.0,8.4385769806681e-16,0.02100734358383941,0.02408052093099496,8.349885847181811e-16,0.01800114768516582,0.009172521385234703,0.015965616825301995
472,0473,"[1161, 1162, 1163, 1164, 1165, 1166]","[294, 455, 930, 931, 932, 933, 1021]","[[15.849599838256836, -7.924799919128418, 3.733799934387207], [9.753600120544434, -7.924799919128418, 3.733799934387207], [15.306641578674316, -7.924799919128418, 3.733799934387207], [13.106399536132812, -7.924799919128418, 3.733799934387207], [12.801600456237793, -7.924799919128418, 3.733799934387207], [10.194879531860352, -7.924799919128418, 3.733799934387207], [7.315199851989746, -7.924799919128418, 3.733799934387207]]","[0, 0, 0, 0, 0, 0, 0]",0,-0.24418310684516947,0.7926166573601904,0.26555998826092797,0.23066916459797357,0.029962013432469594,1.346683110184264,0.0338117701942055,0.019316038541234596,0.0065647341940314454
473,0474,[1167],"[162, 934]","[[0.0, -16.459199905395508, 3.733799934387207], [0.0, -9.144000053405762, 3.733799934387207]]","[0, 0]",0,0.0,2.015712416259651,-0.015443190227375501,0.00033291259516338037,0.0019794463397572954,0.11297002286554655,-0.0013024508170655625,0.01193095619015113,0.005126555064171801
474,0475,[2174],"[948, 1020]","[[2.279571533203125, -16.459199905395508, 3.733799934387207], [2.2731430530548096, -9.144000053405762, 3.733799934387207]]","[0, 0]",0,0.0,2.693455027280595,0.0,0.0004896184463656357,0.000510698643009473,0.0,-0.001908196711964188,0.0042039957610055766,0.0019326991438780034
475,0476,[1168],"[935, 949]","[[4.572000026702881, -9.144000053405762, 3.733799934387207], [4.572000026702881, -14.935199737548828, 3.733799934387207]]","[0, 0]",0,0.0,2.0291701926017724,-0.045746383812964135,0.001063886663372575,-0.005525897723593769,0.2649264434883251,0.0034411511774408783,0.005609062429007518,0.00594275165362072
476,0477,[1169],"[252, 936]","[[7.315199851989746, -9.144000053405762, 3.733799934387207], [7.315199851989746, -14.935199737548828, 3.733799934387207]]","[0, 0]",0,0.0,1.7890237866641359,-0.4180709842368109,0.0023244080360112123,-0.009370087666318153,2.421132551861602,-0.0071790339591805705,0.04077096379052953,0.02131092094626336
477,0478,[2175],"[933, 946]","[[10.194879531860352, -7.924799919128418, 3.733799934387207], [10.194879531860352, -14.935199737548828, 3.733799934387207]]","[0, 0]",0,0.0,1.9723434190320022,0.0,0.0015386685615736326,0.006148503395975025,0.0,-0.005493912000451685,0.059299156460755224,0.013216346986893874
478,0479,[1170],"[931, 945]","[[13.106399536132812, -7.924799919128418, 3.733799934387207], [13.106399536132812, -14.935199737548828, 3.733799934387207]]","[0, 0]",0,0.0,1.8494290978124828,0.0060077046994689645,0.0013112301723959751,0.006761457525591517,-0.042116411934280826,-0.004620541849043902,0.014877338344272602,0.010832720987159266
479,0480,[2176],"[930, 944]","[[15.306641578674316, -7.924799919128418, 3.733799934387207], [15.311420440673828, -14.935199737548828, 3.733799934387207]]","[0, 0]",0,0.0,1.729433671035372,5.201125945558007e-17,0.0013253887432245633,-0.0017230424283705597,2.1283904165704813e-16,0.004694827615653756,0.005266689554658857,0.002286651908074703
480,0481,[1171],"[87, 282]","[[17.525999069213867, -7.924799919128418, 3.733799934387207], [17.525999069213867, -14.935199737548828, 3.733799934387207]]","[0, 0]",0,0.0,1.6073850727830055,0.0,0.0014692874326046922,-0.0048744410649766414,-1.5264572234972894e-17,-0.005173348598598824,0.01093428670537477,0.005408493546717138
481,0482,[2177],"[928, 943]","[[20.393137496479085, -7.924799999999995, 3.733799999999974], [20.393137496479085, -14.9352, 3.733799999999974]]","[0, 0]",0,0.0,0.013272616573708797,2.600564041447997e-17,0.007767612109729075,7.849818785537967e-05,1.0641954262043345e-16,-0.02842074269740835,0.011059450597149245,0.001091846644358792
482,0483,[2178],"[926, 942]","[[23.32037698344766, -7.924799999999995, 3.733799999999974], [23.32037698344766, -14.9352, 3.733799999999974]]","[0, 0]",0,-0.008856496166814023,0.0,2.600564041447997e-17,0.007778517151614498,7.195436775583128e-05,-1.6747782997882624e-16,-0.02858096921807363,0.011177125044984904,0.0010052451843365513
483,0484,[1172],"[99, 270]","[[26.212799072265625, -7.924799919128418, 3.733799934387207], [26.212799072265625, -14.935199737548828, 3.733799934387207]]","[0, 0]",0,-1.8647634450989474,0.0,-1.300282087764351e-17,-4.353306081137182e-05,0.002033306843412856,-9.900348938219771e-17,0.00028232213777147446,0.011262913137219293,0.0013450316547579174
484,0485,[2179],"[924, 941]","[[28.184268951416016, -7.924799919128418, 3.733799934387207], [28.18913459777832, -14.935199737548828, 3.733799934387207]]","[0, 0]",0,-2.36865275789488,0.0,1.3002814643491943e-17,-0.00012226506411876662,0.0027235402782200342,6.084204424399522e-17,0.0004756475160232857,0.010857172498925533,0.0017416628408440998
485,0486,[1173],"[923, 937]","[[30.175199508666992, -7.924799919128418, 3.733799934387207], [30.175199508666992, -14.935199737548828, 3.733799934387207]]","[0, 0]",0,-3.209486518997424,0.0,-0.01062550871558269,-0.00010306992420690708,-2.1477787767239334e-05,-0.07448906437034525,-0.00043807733582098386,0.01595912413660579,0.004877447814934169
486,0487,"[1174, 1175, 1176, 1177, 1178, 1179]","[403, 919, 920, 937, 938, 939, 940]","[[33.985198974609375, -14.935199737548828, 3.733799934387207], [38.709598541259766, -14.935199737548828, 3.733799934387207], [36.42359924316406, -14.935199737548828, 3.733799934387207], [30.175199508666992, -14.935199737548828, 3.733799934387207], [33.01885986328125, -14.935199737548828, 3.733799934387207], [33.59468078613281, -14.935199737548828, 3.733799934387207], [35.84950256347656, -14.935199737548828, 3.733799934387207]]","[0, 0, 0, 0, 0, 0, 0]",0,0.0,2.192956661631432,0.14042747998152078,-0.005489865800795451,0.009979002552939265,1.9741289356704903,0.08727444059734674,0.028502021153142883,0.00638365311658573
487,0488,"[1180, 1181]","[270, 937, 941]","[[26.212799072265625, -14.935199737548828, 3.733799934387207], [30.175199508666992, -14.935199737548828, 3.733799934387207], [28.18913459777832, -14.935199737548828, 3.733799934387207]]","[0, 0, 0]",0,0.0,0.7119634201216054,0.6307852407100971,-0.0016824630392869772,-0.000847371594157742,1.2527804328807883,-0.0017119494118403211,0.011263647918468856,0.0036346394719601483
488,0489,"[1182, 1183, 1184]","[270, 282, 942, 943]","[[26.212799072265625, -14.935199737548828, 3.733799934387207], [17.525999069213867, -14.935199737548828, 3.733799934387207], [23.32037698344766, -14.9352, 3.733799999999974], [20.393137496479085, -14.9352, 3.733799999999974]]","[0, 0, 0, 0]",0,0.0,1.6254738786529255,0.0002778683338255738,-0.01881278202867518,0.004843549523213037,0.0008034985761892153,0.034669301179852556,0.01502078077378681,0.015194222493709428
489,0490,"[1185, 1186]","[282, 944, 945]","[[17.525999069213867, -14.935199737548828, 3.733799934387207], [15.311420440673828, -14.935199737548828, 3.733799934387207], [13.106399536132812, -14.935199737548828, 3.733799934387207]]","[0, 0, 0]",0,-0.3734310479512083,0.0,1.7457406532798923,0.012447109101887113,-0.009124092929251615,5.588998249676502,0.014038867874369051,0.006412614452249899,0.01495881133545638
490,0491,"[1187, 1188, 1189, 1190]","[414, 936, 945, 946, 949]","[[9.753600120544434, -14.935199737548828, 3.733799934387207], [7.315199851989746, -14.935199737548828, 3.733799934387207], [13.106399536132812, -14.935199737548828, 3.733799934387207], [10.194879531860352, -14.935199737548828, 3.733799934387207], [4.572000026702881, -14.935199737548828, 3.733799934387207]]","[0, 0, 0, 0, 0]",0,-0.15694609729231243,0.4196762429710364,0.7659428870002996,0.16647410819415973,0.022330953602212333,-0.030747405886085807,0.0063396064018682715,0.1065895897527513,0.030406512631887855
491,0492,"[1191, 1192]","[162, 947, 948]","[[0.0, -16.459199905395508, 3.733799934387207], [4.572000026702881, -16.459199905395508, 3.733799934387207], [2.279571533203125, -16.459199905395508, 3.733799934387207]]","[0, 0, 0]",0,-0.20166736172410862,0.0,-1.1243424862883538,0.0014815172497831244,0.00281892211587269,8.194993147084709,0.002059279578278081,0.011899330168444912,0.009274597061952229
492,0493,[1193],"[162, 174]","[[0.0, -16.459199905395508, 3.733799934387207], [0.0, -23.012399673461914, 3.733799934387207]]","[0, 0]",0,-0.6566302835209915,0.0,-4.4610960614016405e-17,0.0002723095295846963,0.004045492737374756,1.8699612473920662e-16,-0.0011107180777260581,0.02054545779192609,0.012841550213816002
493,0494,[2180],"[948, 964]","[[2.279571533203125, -16.459199905395508, 3.733799934387207], [2.2860000133514404, -23.012399673461914, 3.733799934387207]]","[0, 0]",0,0.0,0.17588940025052463,0.0,0.0005661332526504554,0.00127133361223155,6.531813875577181e-17,-0.002085067946864966,0.007091462219691849,0.0050827670086609515
494,0495,"[1194, 1195]","[947, 949, 963]","[[4.572000026702881, -16.459199905395508, 3.733799934387207], [4.572000026702881, -14.935199737548828, 3.733799934387207], [4.572000026702881, -23.012399673461914, 3.733799934387207]]","[0, 0, 0]",0,0.0,1.7986660458202737,0.15481065633662777,0.015236378853055193,-0.008577579890937338,-1.0145051571993975,-0.0028973451462573807,0.015357610197340764,0.03173754073550508
495,0496,[2181],"[936, 962]","[[7.315199851989746, -14.935199737548828, 3.733799934387207], [7.315199851989746, -23.012399673461914, 3.733799934387207]]","[0, 0]",0,0.0,1.575965870662868,-6.276068438188897e-16,0.0008123329837475295,-0.01219396526023093,-2.746628922035972e-15,0.0032868239187877585,0.14575891324597795,0.0477659876622799
496,0497,[2182],"[946, 961]","[[10.194879531860352, -14.935199737548828, 3.733799934387207], [10.194879531860352, -23.012399673461914, 3.733799934387207]]","[0, 0]",0,0.0,2.3240800222308717,-6.276068438188897e-16,0.001107804013790626,0.011026624905403128,2.958604864735669e-15,0.004485632025133696,0.19338440401068616,0.035659107148733216
497,0498,[1196],"[945, 960]","[[13.106399536132812, -14.935199737548828, 3.733799934387207], [13.106399536132812, -23.012399673461914, 3.733799934387207]]","[0, 0]",0,0.0,3.409754293006524,-1.9612713869340302e-17,0.0010703843908085608,0.011404524475610044,-1.1895339486045178e-16,-0.004418526692169764,0.015802172331945266,0.03825187936625802
498,0499,[2183],"[944, 959]","[[15.311420440673828, -14.935199737548828, 3.733799934387207], [15.316200256347656, -23.012399673461914, 3.733799934387207]]","[0, 0]",0,0.0,4.329617181887472,-9.80635351283673e-18,0.0011585551533390376,-0.002851729128186493,-3.9603945917114414e-17,-0.004806945963048049,0.005497961932538561,0.0068491090914811975
499,0500,[1197],"[282, 490]","[[17.525999069213867, -14.935199737548828, 3.733799934387207], [17.525999069213867, -23.012399673461914, 3.733799934387207]]","[0, 0]",0,0.0,4.876926683271031,-7.845085547736121e-17,0.0013118031243293505,-0.0014891443805249856,3.6982560809195865e-16,-0.00548601952236561,0.026195533766387006,0.014631588515720469
500,0501,[2184],"[943, 958]","[[20.393137496479085, -14.9352, 3.733799999999974], [20.393137496479085, -23.012400000000024, 3.733799999999974]]","[0, 0]",0,0.0,0.012850089844672875,0.0,0.005357333374629378,0.0012819551162767773,1.3248496313613499e-17,-0.021827688557279117,0.020211096539880107,0.00247563252861831
501,0502,[2185],"[942, 957]","[[23.32037698344766, -14.9352, 3.733799999999974], [23.320376983447662, -23.012400000000014, 3.733799999999974]]","[0, 0]",0,-0.009684050276250558,0.0,-4.903178389805575e-18,0.005447544452737671,0.0012819624650940312,-3.636259663708573e-17,-0.022295373927091276,0.014168121262862144,0.0021157259744332916
502,0503,[1198],"[270, 467]","[[26.212799072265625, -14.935199737548828, 3.733799934387207], [26.212799072265625, -23.012399673461914, 3.733799934387207]]","[0, 0]",0,-5.188051435006746,0.0,1.9612713869340302e-17,-5.759671910508771e-05,-0.0015498737368938745,1.0570489844172072e-16,0.0005561310603256846,0.008354486954713506,0.0021031391017825463
503,0504,[2186],"[941, 956]","[[28.18913459777832, -14.935199737548828, 3.733799934387207], [28.194000244140625, -23.012399673461914, 3.733799934387207]]","[0, 0]",0,-4.9008043018649055,0.0,0.0,0.00016557876815062196,-0.0006025663256430259,-6.624247007472271e-18,0.0006771655953953591,0.005856862372587044,0.0014773532903006351
504,0505,[1199],"[937, 955]","[[30.175199508666992, -14.935199737548828, 3.733799934387207], [30.175199508666992, -23.012399673461914, 3.733799934387207]]","[0, 0]",0,-5.007072017274191,0.0,9.806356934670151e-18,0.00012298928082393642,0.0008484666190963658,4.622820101149483e-17,0.0005034513505464234,0.005154518110212667,0.0028919194458637072
505,0506,[2187],"[938, 954]","[[33.01885986328125, -14.935199737548828, 3.733799934387207], [33.01885986328125, -23.012399673461914, 3.733799934387207]]","[0, 0]",0,-6.6829472740541105,0.0,0.0,-0.0002839924371900626,-0.0006140271592858083,-2.6496992837462124e-17,0.001299519532161309,0.020394188006241924,0.0024656022993310395
506,0507,[2188],"[940, 953]","[[35.84950256347656, -14.935199737548828, 3.733799934387207], [35.84950256347656, -23.012399673461914, 3.733799934387207]]","[0, 0]",0,-6.282711076430515,0.0,9.806356934670151e-18,-0.00012388979149935937,-0.0009917233260780664,5.285244922086036e-17,0.0005257981206256504,0.014457291647203907,0.0033610284665277178
507,0508,[1200],"[919, 951]","[[38.709598541259766, -14.935199737548828, 3.733799934387207], [38.709598541259766, -23.012399673461914, 3.733799934387207]]","[0, 0]",0,-5.04067844029053,0.0,-5.209627121543518e-18,-0.00012820331775669148,-0.0005124010883691485,2.47657395438993e-17,-0.0006338201441161628,0.004711131699359354,0.0005966623497654379
508,0509,[2189],"[950, 1395]","[[41.21955490112305, -23.012399673461914, 3.733799934387207], [41.21491241455078, -16.459199905395508, 3.733799934387207]]","[0, 0]",0,-3.9746456684971117,0.0,0.037923712103700394,-0.00024137871261947566,-0.00014113531106197102,-0.24852172372543022,-0.0009608381547458547,0.011704411145737262,0.0023987893973723574
509,0510,[1201],"[426, 444]","[[43.738800048828125, -16.459199905395508, 3.733799934387207], [43.738800048828125, -23.012399673461914, 3.733799934387207]]","[0, 0]",0,-3.0774585080537236,0.0,3.7175800511680335e-18,-0.000300383779229568,0.0008592806518747673,5.91284571839586e-17,-0.0012717152623301885,0.013672087643487256,0.0006336238523576691
510,0511,"[1202, 1203]","[444, 950, 951]","[[43.738800048828125, -23.012399673461914, 3.733799934387207], [41.21955490112305, -23.012399673461914, 3.733799934387207], [38.709598541259766, -23.012399673461914, 3.733799934387207]]","[0, 0, 0]",0,0.0,0.6875372748524644,0.272531731199972,-0.004702673755301444,0.0004294746741983487,-0.684042751989921,0.01188474265250776,0.013265338228723523,0.0034278986308547733
511,0512,"[1204, 1205, 1206, 1207, 1208]","[501, 951, 952, 953, 954, 955]","[[33.985198974609375, -23.012399673461914, 3.733799934387207], [38.709598541259766, -23.012399673461914, 3.733799934387207], [36.42359924316406, -23.012399673461914, 3.733799934387207], [35.84950256347656, -23.012399673461914, 3.733799934387207], [33.01885986328125, -23.012399673461914, 3.733799934387207], [30.175199508666992, -23.012399673461914, 3.733799934387207]]","[0, 0, 0, 0, 0, 0]",0,-0.8125317922046204,1.938354856768752,0.38563294207858817,-0.0018525904607611435,0.00285162031737266,-0.17646031136862095,0.07978713099009534,0.012205679901062116,0.003629975785591144
512,0513,"[1209, 1210]","[467, 955, 956]","[[26.212799072265625, -23.012399673461914, 3.733799934387207], [30.175199508666992, -23.012399673461914, 3.733799934387207], [28.194000244140625, -23.012399673461914, 3.733799934387207]]","[0, 0, 0]",0,0.0,0.9425462976433562,0.3333798802984501,-0.004577463027120288,0.002176575688781319,0.03148360889937865,0.0092105185665627,0.004331037775994379,0.0018509728519196036
513,0514,"[1211, 1212, 1213]","[467, 490, 957, 958]","[[26.212799072265625, -23.012399673461914, 3.733799934387207], [17.525999069213867, -23.012399673461914, 3.733799934387207], [23.320376983447662, -23.012400000000014, 3.733799999999974], [20.393137496479085, -23.012400000000024, 3.733799999999974]]","[0, 0, 0, 0]",0,0.0,1.2577437125030924,-0.00029512204583891907,-0.0035859210469309103,-0.012355067284166727,0.0008461557583587227,0.02439642433699824,0.03138796457158197,0.0355724256866907
514,0515,"[1214, 1215]","[490, 959, 960]","[[17.525999069213867, -23.012399673461914, 3.733799934387207], [15.316200256347656, -23.012399673461914, 3.733799934387207], [13.106399536132812, -23.012399673461914, 3.733799934387207]]","[0, 0, 0]",0,-0.2552213033822985,0.6808361685573289,2.3790223651549276,0.012429526369025466,0.03414322501553951,15.35769988977541,0.014210168956080437,0.01623155282957333,0.03243020296292087
515,0516,"[1216, 1217, 1218, 1219]","[541, 960, 961, 962, 963]","[[9.753600120544434, -23.012399673461914, 3.733799934387207], [13.106399536132812, -23.012399673461914, 3.733799934387207], [10.194879531860352, -23.012399673461914, 3.733799934387207], [7.315199851989746, -23.012399673461914, 3.733799934387207], [4.572000026702881, -23.012399673461914, 3.733799934387207]]","[0, 0, 0, 0, 0]",0,0.0,1.1737404525358344,12.667823863676198,0.07794785549650468,0.016306461950433428,-5.044910510469146,0.017715056556104142,0.28933623790148544,0.0788148921569963
516,0517,"[1220, 1221]","[174, 963, 964]","[[0.0, -23.012399673461914, 3.733799934387207], [4.572000026702881, -23.012399673461914, 3.733799934387207], [2.2860000133514404, -23.012399673461914, 3.733799934387207]]","[0, 0, 0]",0,0.0,0.5434618666760956,4.806239537488807,0.0012783100647100745,0.003480930082109722,10.98706364686963,0.0018640047815488348,0.006041533988927657,0.01388180902109628
517,0518,"[1222, 1223]","[186, 965, 966]","[[0.0, -27.203399658203125, 3.733799934387207], [2.2860000133514404, -27.203399658203125, 3.733799934387207], [4.572000026702881, -27.203399658203125, 3.733799934387207]]","[0, 0, 0]",0,0.0,1.0948596656361986,3.487440786037043,0.00020820217138113896,0.002416535030191176,12.508468926807188,-0.0004007956532675526,0.006983847783994168,0.013718477824801902
518,0519,"[1224, 1225, 1226, 1227]","[380, 966, 967, 968, 969]","[[9.753600120544434, -27.203399658203125, 3.733799934387207], [4.572000026702881, -27.203399658203125, 3.733799934387207], [7.4128828048706055, -27.203399658203125, 3.733799934387207], [10.239950180053711, -27.203399658203125, 3.733799934387207], [13.106399536132812, -27.203399658203125, 3.733799934387207]]","[0, 0, 0, 0, 0]",0,0.0,2.5526045814599287,22.660489335194754,0.025845260916195545,0.020154679017555334,-6.625452654426862,-0.001110258881868397,0.2959731656696581,0.08358867836655659
519,0520,"[1228, 1229, 1230, 1231]","[392, 969, 970, 971, 972]","[[17.525999069213867, -27.203399658203125, 3.733799934387207], [13.106399536132812, -27.203399658203125, 3.733799934387207], [15.936301231384277, -27.203399658203125, 3.733799934387207], [18.81069564819336, -27.203399658203125, 3.733799934387207], [21.64080047607422, -27.203399658203125, 3.733799934387207]]","[0, 0, 0, 0, 0]",0,0.0,7.97431489810564,5.290090906283163,-0.00025022314985055806,0.01839205028046666,10.971096581681945,0.021021626061438117,0.17317420756497418,0.050153147635785
520,0521,"[1232, 1233, 1234, 1235]","[484, 972, 973, 974, 975]","[[26.212799072265625, -27.203399658203125, 3.733799934387207], [21.64080047607422, -27.203399658203125, 3.733799934387207], [24.444494247436523, -27.203399658203125, 3.733799934387207], [27.316356658935547, -27.203399658203125, 3.733799934387207], [30.175199508666992, -27.203399658203125, 3.733799934387207]]","[0, 0, 0, 0, 0]",0,-5.037254104546425,4.028414803241939,1.7147954058370571,-0.00027985004493742563,-0.00106928864229504,4.807761198506053,0.07284523715511763,0.0055759304623526785,0.005123423761356598
521,0522,"[1236, 1237, 1238, 1239, 1240]","[518, 975, 976, 977, 978, 979]","[[33.985198974609375, -27.203399658203125, 3.733799934387207], [30.175199508666992, -27.203399658203125, 3.733799934387207], [33.00511932373047, -27.203399658203125, 3.733799934387207], [35.822021484375, -27.203399658203125, 3.733799934387207], [36.42359924316406, -27.203399658203125, 3.733799934387207], [38.709598541259766, -27.203399658203125, 3.733799934387207]]","[0, 0, 0, 0, 0, 0]",0,-6.294981835141917,0.9210751113999157,0.483732831400083,0.012288890777144547,0.003830025554303862,-0.35479072761739927,0.007441782245352354,0.013806729821722853,0.004371145485857596
522,0523,"[1241, 1242]","[438, 979, 980]","[[43.738800048828125, -27.203399658203125, 3.733799934387207], [38.709598541259766, -27.203399658203125, 3.733799934387207], [41.22420120239258, -27.203399658203125, 3.733799934387207]]","[0, 0, 0]",0,-1.6008919892206945,0.0,0.3389899739434953,-0.005841104334884628,0.002810607234557754,0.8524250905756559,-0.007421303479165765,0.008247624782016141,0.004555869788005073
523,0524,[2190],"[950, 980]","[[41.21955490112305, -23.012399673461914, 3.733799934387207], [41.22420120239258, -27.203399658203125, 3.733799934387207]]","[0, 0]",0,-0.266077011220097,0.0,1.4430312484204234e-16,-0.0005082390945467323,-4.925307932459992e-05,3.0238738283420965e-16,-0.001433067162941419,0.009323535704843915,0.0032503818210088027
524,0525,[1243],"[951, 979]","[[38.709598541259766, -23.012399673461914, 3.733799934387207], [38.709598541259766, -27.203399658203125, 3.733799934387207]]","[0, 0]",0,-1.213676313236485,0.0,0.0,-0.00015886735470308847,0.0014544293175811499,1.2766732857782032e-17,-0.0005957179384631021,0.0049636100778440665,0.0011016211173998532
525,0526,[2191],"[952, 978]","[[36.42359924316406, -23.012399673461914, 3.733799934387207], [36.42359924316406, -27.203399658203125, 3.733799934387207]]","[0, 0]",0,-1.854904475961795,0.0,-5.411373745436915e-17,0.0006826234907317638,0.0007430726502906596,1.4531216856723058e-16,-0.0015535944116183637,0.011571904797653092,0.0033306093118849315
526,0527,[2192],"[980, 1007]","[[41.22420120239258, -27.203399658203125, 3.733799934387207], [41.22420120239258, -33.909000396728516, 3.733799934387207]]","[0, 0]",0,0.0,0.8142320899840865,-1.420552057866831e-17,-0.0012366553378695755,0.0007474257295331082,-5.959708533412963e-17,-0.004263627066517809,0.00590042212821826,0.0016156264705458367
527,0528,[1244],"[979, 1006]","[[38.709598541259766, -27.203399658203125, 3.733799934387207], [38.709598541259766, -33.909000396728516, 3.733799934387207]]","[0, 0]",0,0.0,0.94401937357719,2.841104115733662e-17,-0.0015521397284014007,0.005698719914230534,1.1121496353999148e-16,-0.005281712295386915,0.007688393122096179,0.009774238702658032
528,0529,[2193],"[977, 1004]","[[35.822021484375, -27.203399658203125, 3.733799934387207], [35.822021484375, -33.909000396728516, 3.733799934387207]]","[0, 0]",0,0.0,1.5906974667135494,1.1364416462934648e-16,-0.001986861693968603,0.000840650505284005,7.640281392906781e-16,-0.006787224877500219,0.039119529477301254,0.008400672172501492
529,0530,[2194],"[976, 1002]","[[33.00511932373047, -27.203399658203125, 3.733799934387207], [33.00511932373047, -33.909000396728516, 3.733799934387207]]","[0, 0]",0,0.0,1.4047222797861132,2.2728832925869296e-16,-0.002112226002670735,-0.004625695428525817,-8.258860512937893e-16,-0.007214208120090897,0.026953863085771523,0.009466080770854169
530,0531,[1245],"[975, 1000]","[[30.175199508666992, -27.203399658203125, 3.733799934387207], [30.175199508666992, -33.909000396728516, 3.733799934387207]]","[0, 0]",0,-2.015845822186858,0.0,-7.102760289334155e-18,-0.0019408981402864434,-0.0016137908246588771,4.376215514153348e-17,-0.006639676714212458,0.005934152329652243,0.0035647847648465876
531,0532,[2195],"[974, 998]","[[27.316356658935547, -27.203399658203125, 3.733799934387207], [27.316356658935547, -33.909000396728516, 3.733799934387207]]","[0, 0]",0,-5.631575065565048,0.0,1.420552057866831e-17,-0.002099283734784876,0.0004776846528047224,6.358668889826354e-17,-0.0072638932664822065,0.007045489452677597,0.0005814684268860771
532,0533,[2196],"[973, 996]","[[24.444494247436523, -27.203399658203125, 3.733799934387207], [24.444494247436523, -33.909000396728516, 3.733799934387207]]","[0, 0]",0,-3.9312343786724546,0.0,5.682208231467324e-17,-0.0012564630091017972,0.000572780921216119,1.9051309856691172e-16,-0.004278724927226864,0.005582802970650459,0.003506987414802491
533,0534,[1246],"[972, 994]","[[21.64080047607422, -27.203399658203125, 3.733799934387207], [21.64080047607422, -33.909000396728516, 3.733799934387207]]","[0, 0]",0,-0.6381750984096742,0.0,-1.420552057866831e-17,-0.00048777644914798864,-0.008574024455005836,-5.161787820586183e-17,-0.0016569450773978782,0.008119790825231748,0.022796999381015728
534,0535,[2197],"[971, 992]","[[18.81069564819336, -27.203399658203125, 3.733799934387207], [18.81069564819336, -33.909000396728516, 3.733799934387207]]","[0, 0]",0,0.0,1.7562765815048937,0.0,-5.158258601051102e-06,-0.006633457641920119,-5.106692562091396e-16,-2.4282783476385483e-05,0.11290046494736085,0.02599644967797154
535,0536,[2198],"[970, 990]","[[15.936301231384277, -27.203399658203125, 3.733799934387207], [15.936301231384277, -33.909000396728516, 3.733799934387207]]","[0, 0]",0,0.0,2.7288892638343647,-2.2728832925869296e-16,-4.611606122697638e-05,0.011537361226858594,1.0173870223722167e-15,-0.00023790254569344764,0.07224383780021808,0.03320950146726708
536,0537,[1247],"[969, 988]","[[13.106399536132812, -27.203399658203125, 3.733799934387207], [13.106399536132812, -33.909000396728516, 3.733799934387207]]","[0, 0]",0,0.0,1.7049461688033216,0.0,-0.00019996109696182306,-0.00908404271497521,-9.575048553921367e-17,-0.000679443259148398,0.017456767103453705,0.023905745800078784
537,0538,[2199],"[968, 987]","[[10.239950180053711, -27.203399658203125, 3.733799934387207], [10.239950180053711, -33.909000396728516, 3.733799934387207]]","[0, 0]",0,0.0,0.8164352802014524,0.0,-0.0002678562120091032,-0.015927127931765914,-5.106692562091396e-16,-0.0009234315989945373,0.1909013856173655,0.05022586863030294
538,0539,[2200],"[967, 985]","[[7.4128828048706055, -27.203399658203125, 3.733799934387207], [7.4128828048706055, -33.909000396728516, 3.733799934387207]]","[0, 0]",0,0.0,0.18239704728512374,-4.545766585173859e-16,-0.0002998885068788601,0.016230759115620073,2.5454433009535727e-15,-0.0010201061538947448,0.1617403811385859,0.04897987577775129
539,0540,[1248],"[966, 983]","[[4.572000026702881, -27.203399658203125, 3.733799934387207], [4.572000026702881, -33.909000396728516, 3.733799934387207]]","[0, 0]",0,-0.36489284529628874,0.0,0.0,-0.0004033472015478194,0.011586777572971439,0.0,-0.0014148916771102302,0.010861852104364259,0.03263123782097133
540,0541,[2201],"[964, 965]","[[2.2860000133514404, -23.012399673461914, 3.733799934387207], [2.2860000133514404, -27.203399658203125, 3.733799934387207]]","[0, 0]",0,-1.270972920472251,0.0,2.8860659975663546e-16,0.00043869145512837764,-0.0009343437928268008,-6.303085933037001e-16,-0.0011468293426820562,0.018940938040835287,0.005418838309780336
541,0542,[2202],"[965, 982]","[[2.2860000133514404, -27.203399658203125, 3.733799934387207], [2.2860000133514404, -33.909000396728516, 3.733799934387207]]","[0, 0]",0,-1.0145125030348452,0.0,0.0,-0.00043593813663077275,0.00014395512018660332,0.0,-0.0015255278741054274,0.013184752117221516,0.005445466152396638
542,0543,"[1249, 1250]","[63, 186, 981]","[[0.0, -35.12820053100586, 3.733799934387207], [0.0, -27.203399658203125, 3.733799934387207], [0.0, -33.909000396728516, 3.733799934387207]]","[0, 0, 0]",0,-1.6802612905916603,0.0,0.309020551201865,-0.0004482053763822981,-0.002740659061061,0.027437366622849013,-0.0016019017677472624,0.017769723738633555,0.014806050250334454
543,0544,"[1251, 1252]","[981, 982, 983]","[[0.0, -33.909000396728516, 3.733799934387207], [2.2860000133514404, -33.909000396728516, 3.733799934387207], [4.572000026702881, -33.909000396728516, 3.733799934387207]]","[0, 0, 0]",0,-0.009648634673407505,0.3826220970771287,1.005009081609153,-0.0016605822813404525,0.0030567097854149617,5.16625967031006,0.0028618703343552877,0.00970901821251106,0.007333689082256415
544,0545,"[1253, 1254, 1255, 1256, 1257]","[983, 984, 985, 986, 987, 988]","[[4.572000026702881, -33.909000396728516, 3.733799934387207], [6.994048118591309, -33.909000396728516, 3.733799934387207], [7.4128828048706055, -33.909000396728516, 3.733799934387207], [9.753600120544434, -33.909000396728516, 3.733799934387207], [10.239950180053711, -33.909000396728516, 3.733799934387207], [13.106399536132812, -33.909000396728516, 3.733799934387207]]","[0, 0, 0, 0, 0, 0]",0,-0.26382772386552933,0.024081939654139416,4.010415154803525,-0.00043309608403164736,0.036290825542998895,-1.8362075915870295,-0.0006986176955946113,0.10243680111503693,0.04635290707302588
545,0546,"[1258, 1259, 1260, 1261, 1262, 1263]","[988, 989, 990, 991, 992, 993, 994]","[[13.106399536132812, -33.909000396728516, 3.733799934387207], [15.444746971130371, -33.909000396728516, 3.733799934387207], [15.936301231384277, -33.909000396728516, 3.733799934387207], [17.525999069213867, -33.909000396728516, 3.733799934387207], [18.81069564819336, -33.909000396728516, 3.733799934387207], [19.580780029296875, -33.909000396728516, 3.733799934387207], [21.64080047607422, -33.909000396728516, 3.733799934387207]]","[0, 0, 0, 0, 0, 0, 0]",0,-0.48468583496749773,1.7510001500894967,1.9892261580277064,-0.0029271489546125397,0.015622045697405338,4.641290294357367,0.035106493687651404,0.05956104973295531,0.028231695126786117
546,0547,"[1264, 1265, 1266, 1267, 1268, 1269]","[994, 995, 996, 997, 998, 999, 1000]","[[21.64080047607422, -33.909000396728516, 3.733799934387207], [23.895444869995117, -33.909000396728516, 3.733799934387207], [24.444494247436523, -33.909000396728516, 3.733799934387207], [26.212799072265625, -33.909000396728516, 3.733799934387207], [27.316356658935547, -33.909000396728516, 3.733799934387207], [28.251333236694336, -33.909000396728516, 3.733799934387207], [30.175199508666992, -33.909000396728516, 3.733799934387207]]","[0, 0, 0, 0, 0, 0, 0]",0,0.0,3.668407539381199,1.0446715916862834,-0.012649375180515137,0.0048012245889628375,2.3553629476839006,0.08010654205743137,0.008587569166759488,0.00244159127952278
547,0548,"[1270, 1271, 1272, 1273, 1274, 1275]","[1000, 1001, 1002, 1003, 1004, 1005, 1006]","[[30.175199508666992, -33.909000396728516, 3.733799934387207], [32.20873260498047, -33.909000396728516, 3.733799934387207], [33.00511932373047, -33.909000396728516, 3.733799934387207], [33.985198974609375, -33.909000396728516, 3.733799934387207], [35.822021484375, -33.909000396728516, 3.733799934387207], [36.42359924316406, -33.909000396728516, 3.733799934387207], [38.709598541259766, -33.909000396728516, 3.733799934387207]]","[0, 0, 0, 0, 0, 0, 0]",0,-0.12420535718932565,1.9138918534889846,2.133828820291243,-0.011279668358874046,0.009675536810807286,1.3096360425323406,0.049830516777088864,0.061783807759741745,0.021489092674954486
548,0549,"[1276, 1277]","[1006, 1007, 1008]","[[38.709598541259766, -33.909000396728516, 3.733799934387207], [41.22420120239258, -33.909000396728516, 3.733799934387207], [43.738800048828125, -33.909000396728516, 3.733799934387207]]","[0, 0, 0]",0,0.0,0.2286383731618408,0.9515962704589698,-0.006985497194676645,-0.0011303034591434375,2.3928865140201845,0.008783397823501106,0.008098053385668645,0.006659756013349218
549,0550,"[1278, 1279]","[432, 438, 1008]","[[43.738800048828125, -35.12820053100586, 3.733799934387207], [43.738800048828125, -27.203399658203125, 3.733799934387207], [43.738800048828125, -33.909000396728516, 3.733799934387207]]","[0, 0, 0]",0,0.0,1.5591451818222126,1.177233975229538,-0.0011491961019890543,0.003766197647136195,0.6926223823124931,-0.0039412102506246475,0.009613575758166399,0.002478844875284814
550,0551,[1280],"[234, 432]","[[43.738800048828125, -38.48099899291992, 3.733799934387207], [43.738800048828125, -35.12820053100586, 3.733799934387207]]","[0, 0]",0,0.0,0.09437238113051691,-1.1191236562477571e-16,-0.0032460850614461955,0.0076906726284124505,-2.5144349700795394e-16,-0.005598023258497529,0.008615963420756927,0.004536331105010794
551,0552,[2203],"[1007, 1394]","[[41.22420120239258, -33.909000396728516, 3.733799934387207], [41.22420120239258, -38.48099899291992, 3.733799934387207]]","[0, 0]",0,0.0,0.13100883106387406,-2.4301836076993106e-16,-0.0021694158761115783,0.006362884708880776,-6.491625381736695e-16,-0.005104448136028599,0.01867056907807364,0.008807902210512418
552,0553,[1281],"[1006, 1393]","[[38.709598541259766, -33.909000396728516, 3.733799934387207], [38.709598541259766, -38.48099899291992, 3.733799934387207]]","[0, 0]",0,0.0,0.04549790222475695,-0.17733924719980565,-0.0027268304520291337,-0.004012095260969696,-0.8107947892471521,-0.006413190305076854,0.036284974634760096,0.01721235469348265
553,0554,"[1282, 1283]","[375, 1005, 1392]","[[36.42359924316406, -35.12820053100586, 3.733799934387207], [36.42359924316406, -33.909000396728516, 3.733799934387207], [36.42359924316406, -38.48099899291992, 3.733799934387207]]","[0, 0, 0]",0,-0.22674245557623726,0.7643562283379136,1.6669866048688735,-0.005490845544120873,-0.009065544032324041,-5.543021645522204,-0.009452135857096373,0.06837055702576536,0.015391825743982106
554,0555,[1284],"[324, 1003]","[[33.985198974609375, -38.48099899291992, 3.733799934387207], [33.985198974609375, -33.909000396728516, 3.733799934387207]]","[0, 0]",0,0.0,0.14295865913171227,1.2758150974729863,-0.0038895492976927025,0.00011196751281434173,-5.833024834646295,-0.009082665695965924,0.03617334570604851,0.011857058132236965
555,0556,[2204],"[1001, 1019]","[[32.20873260498047, -33.909000396728516, 3.733799934387207], [32.20873260498047, -38.48099899291992, 3.733799934387207]]","[0, 0]",0,-0.4381534787459048,0.0,-2.4301836076993106e-16,-0.0038203967337237608,0.007362835010382417,7.427852742029078e-16,-0.00877946397856254,0.02135831454973697,0.008992445098288549
556,0557,[1285],"[1000, 1018]","[[30.175199508666992, -33.909000396728516, 3.733799934387207], [30.175199508666992, -38.48099899291992, 3.733799934387207]]","[0, 0]",0,-0.7557422564453243,0.0,-0.17708481006034718,-0.0036483644142351127,0.003100362252946477,-0.8096315030027292,-0.008412315195869916,0.010017107578891559,0.0031100032423157418
557,0558,[2205],"[999, 1017]","[[28.251333236694336, -33.909000396728516, 3.733799934387207], [28.251333236694336, -38.48099899291992, 3.733799934387207]]","[0, 0]",0,-1.9890018512910241,0.0,1.2150918038496553e-16,-0.0037396088497867316,-0.0004762123989657479,3.4798695309414436e-16,-0.008719520432665896,0.011087805732347066,0.0022237937473624193
558,0559,[1286],"[318, 997]","[[26.212799072265625, -38.48099899291992, 3.733799934387207], [26.212799072265625, -33.909000396728516, 3.733799934387207]]","[0, 0]",0,-2.1058822559435315,0.0,-0.042076103358128024,-0.003417448497442799,0.0009585227104974507,0.19237188548656628,-0.008064068616040622,0.012281329049395759,0.001689010444767963
559,0560,[2206],"[995, 1016]","[[23.895444869995117, -33.909000396728516, 3.733799934387207], [23.895444869995117, -38.48099899291992, 3.733799934387207]]","[0, 0]",0,-1.2774555463875883,0.0,0.0,-0.0018437386380861247,0.002137689676227742,0.0,0.004258323637924978,0.012692525035642022,0.0041700389747920796
560,0561,[1287],"[994, 1015]","[[21.64080047607422, -33.909000396728516, 3.733799934387207], [21.64080047607422, -38.48099899291992, 3.733799934387207]]","[0, 0]",0,-0.37222325798082345,0.0,0.49778266973326313,-0.001198344381886366,-0.0057495745237449184,2.27586166722889,0.0027568918335301616,0.01578278020733015,0.008620081669831536
561,0562,[2207],"[993, 1014]","[[19.580780029296875, -33.909000396728516, 3.733799934387207], [19.580780029296875, -38.48099899291992, 3.733799934387207]]","[0, 0]",0,0.0,0.6231061345465807,-2.4301836076993106e-16,-0.0006050896053236489,-0.009649412324804558,7.427852742029078e-16,-0.0013999712050459675,0.03537436302447541,0.009490844252998426
562,0563,[1288],"[330, 991]","[[17.525999069213867, -38.48099899291992, 3.733799934387207], [17.525999069213867, -33.909000396728516, 3.733799934387207]]","[0, 0]",0,0.0,1.1145978467609836,-1.1210820056689945,-0.0005411151113616956,-0.0018061583851577323,5.12558535613409,0.0012521022801949356,0.04113913506162683,0.0140504764092133
563,0564,[2208],"[989, 1013]","[[15.444746971130371, -33.909000396728516, 3.733799934387207], [15.444746971130371, -38.48099899291992, 3.733799934387207]]","[0, 0]",0,0.0,1.3885432780618177,0.0,-0.0008703730929489259,0.007530636452521715,2.808682080877156e-16,-0.0020629109394865825,0.021724134948844443,0.014049378662850694
564,0565,[1289],"[988, 1012]","[[13.106399536132812, -33.909000396728516, 3.733799934387207], [13.106399536132812, -38.48099899291992, 3.733799934387207]]","[0, 0]",0,0.0,0.4331241373135455,0.8015839925830271,-0.0009658128027377073,-0.004520243542233985,3.6648408888191026,-0.002296471756868872,0.008111859970231524,0.007833525926371376
565,0566,[1290],"[264, 986]","[[9.753600120544434, -38.48099899291992, 3.733799934387207], [9.753600120544434, -33.909000396728516, 3.733799934387207]]","[0, 0]",0,0.0,0.5660087969059235,-1.9900982244544454,-0.0009710543191857069,-0.0034658490779352564,9.098726288488736,-0.002238318773584804,0.06428171704933536,0.02728912284528624
566,0567,[2209],"[984, 1011]","[[6.994048118591309, -33.909000396728516, 3.733799934387207], [6.994048118591309, -38.48099899291992, 3.733799934387207]]","[0, 0]",0,0.0,0.36407645706386993,0.0,-0.000952071808829295,0.013058787192290023,1.8724547205847708e-16,-0.0022022812420938627,0.05161077466873126,0.01918289858922247
567,0568,[1291],"[983, 1010]","[[4.572000026702881, -33.909000396728516, 3.733799934387207], [4.572000026702881, -38.48099899291992, 3.733799934387207]]","[0, 0]",0,-0.08788800951825794,0.0,0.4015765776572117,-0.0009117254499348207,0.007271955949241004,1.836007549312122,-0.0021481294531535034,0.012212852991933976,0.011324559204170404
568,0569,[2210],"[982, 1009]","[[2.2860000133514404, -33.909000396728516, 3.733799934387207], [2.2860000133514404, -38.48099899291992, 3.733799934387207]]","[0, 0]",0,-0.27240868667784185,0.0,0.0,-0.0010195399801591705,-0.0033210213390304387,0.0,-0.002418868238789854,0.007250092543278041,0.002859337376598198
569,0570,[1292],"[63, 156]","[[0.0, -35.12820053100586, 3.733799934387207], [0.0, -38.48099899291992, 3.733799934387207]]","[0, 0]",0,-0.3135169869220089,0.0,8.952989249982057e-16,-0.001511365781308089,-0.008127930136991132,-1.6285458160236442e-15,-0.002597563314574923,0.010921317881999567,0.005505446952047808
570,0571,"[1293, 1294, 1295]","[156, 1009, 1010, 1011]","[[0.0, -38.48099899291992, 3.733799934387207], [2.2860000133514404, -38.48099899291992, 3.733799934387207], [4.572000026702881, -38.48099899291992, 3.733799934387207], [6.994048118591309, -38.48099899291992, 3.733799934387207]]","[0, 0, 0, 0]",0,-1.1489830851185256,0.11427997275802741,0.03643293800372536,-0.0011475392195804427,0.008070462989961492,0.8758194381846791,0.0024392723696139876,0.020755825645256226,0.0066233951720747145
571,0572,"[1296, 1297, 1298, 1299]","[264, 330, 1011, 1012, 1013]","[[9.753600120544434, -38.48099899291992, 3.733799934387207], [17.525999069213867, -38.48099899291992, 3.733799934387207], [6.994048118591309, -38.48099899291992, 3.733799934387207], [13.106399536132812, -38.48099899291992, 3.733799934387207], [15.444746971130371, -38.48099899291992, 3.733799934387207]]","[0, 0, 0, 0, 0]",0,-3.577126225783078,0.0,0.8371811482804564,-0.0004777139068720902,0.0030236899105901796,2.6884165063922296,-0.0012427394392613888,0.0237951945941648,0.00964171542752147
572,0573,"[1300, 1301, 1302, 1303]","[318, 330, 1014, 1015, 1016]","[[26.212799072265625, -38.48099899291992, 3.733799934387207], [17.525999069213867, -38.48099899291992, 3.733799934387207], [19.580780029296875, -38.48099899291992, 3.733799934387207], [21.64080047607422, -38.48099899291992, 3.733799934387207], [23.895444869995117, -38.48099899291992, 3.733799934387207]]","[0, 0, 0, 0, 0]",0,-1.7575438665564858,4.987718354116081,0.20205871448294815,-0.010732059307969971,0.004697885032871424,-0.16735321354914778,0.01914372213946921,0.02514888548962589,0.009256418296486518
573,0574,"[1304, 1305, 1306, 1307]","[318, 324, 1017, 1018, 1019]","[[26.212799072265625, -38.48099899291992, 3.733799934387207], [33.985198974609375, -38.48099899291992, 3.733799934387207], [28.251333236694336, -38.48099899291992, 3.733799934387207], [30.175199508666992, -38.48099899291992, 3.733799934387207], [32.20873260498047, -38.48099899291992, 3.733799934387207]]","[0, 0, 0, 0, 0]",0,0.0,6.13139857487147,1.8037042915170631,-0.011842479372853586,-0.0001784194060500236,2.1354663918866486,0.01806959568092702,0.015590499405863557,0.01969620199774726
574,0575,[1308],"[900, 934]","[[0.0, -6.197599999999989, 3.733799999999974], [0.0, -9.144000053405762, 3.733799934387207]]","[0, 0]",0,0.0,0.016577343790491497,0.027659743657064313,0.0008296462318434147,0.0018462531885085178,0.08149667018836428,-0.0020030228482348696,0.004060464128650253,0.0015968106254147902
575,0576,[1309],"[39, 51]","[[1.8287999629974365, -6.1975998878479, 3.733799934387207], [1.8287999629974365, -9.144000053405762, 3.733799934387207]]","[0, 0]",0,0.0,0.8964974228025566,0.0,0.0021996008783147798,0.0008227163714701617,0.0,-0.003389725828133215,0.0032739392026939922,0.0008829136886502932
576,0577,[1310],"[39, 900]","[[1.8287999629974365, -6.1975998878479, 3.733799934387207], [0.0, -6.197599999999989, 3.733799999999974]]","[0, 0]",0,-0.002063870075895892,0.0,0.0,0.0068613457749505825,0.001077067352379938,0.0,0.00762353234877992,0.003429882322886374,0.0015793328805851561
577,0578,[1311],"[51, 934]","[[1.8287999629974365, -9.144000053405762, 3.733799934387207], [0.0, -9.144000053405762, 3.733799934387207]]","[0, 0]",0,-0.2582249681204192,0.0,-0.14221671119282828,0.006883753955081613,-0.001610730031126277,0.26008591616706167,0.006443421118671534,0.004250664245731655,0.00190104679463569
578,0579,"[1312, 1313, 1314]","[51, 252, 935, 1020]","[[1.8287999629974365, -9.144000053405762, 3.733799934387207], [7.315199851989746, -9.144000053405762, 3.733799934387207], [4.572000026702881, -9.144000053405762, 3.733799934387207], [2.2731430530548096, -9.144000053405762, 3.733799934387207]]","[0, 0, 0, 0]",0,0.0,0.6621155372882598,-0.2672063371391981,0.0033241320467186047,0.0061306383502982755,1.0783539763699497,-0.004387621082084932,0.003415305072716586,0.0037380352336646456
579,0580,"[1315, 1316]","[240, 252, 1021]","[[7.315199851989746, -6.1975998878479, 3.733799934387207], [7.315199851989746, -9.144000053405762, 3.733799934387207], [7.315199851989746, -7.924799919128418, 3.733799934387207]]","[0, 0, 0]",0,0.0,4.206522521250628,1.796184802052679,0.04646867057358424,-0.0009820634817908418,2.1899087518495506,0.031019704849822444,0.0029258288713073584,0.0033867021916571495
580,0581,"[1317, 1318]","[28, 199, 1022]","[[1.8287999629974365, -3.292459756438007e-14, 7.086599826812744], [9.753600120544434, -3.770836182366566e-14, 7.086599826812744], [7.315199851989746, -5.684341886080802e-14, 7.086599826812744]]","[0, 0, 0]",0,-0.33249633466338985,0.08137698395671655,0.644716856716935,-0.00017932998499261863,0.005708470203202607,-0.6567931711677082,0.002140672567223163,0.02117141155905328,0.0028358792578303863
581,0582,[1319],"[76, 199]","[[15.849599838256836, -3.292459756438007e-14, 7.086599826812744], [9.753600120544434, -3.770836182366566e-14, 7.086599826812744]]","[0, 0]",0,-0.18228634825323867,0.0,3.434016974317167e-17,0.00010911911785687214,0.002916728279623578,-1.1344596174449693e-16,0.0003485764036388374,0.015584301934121319,0.008463187573531174
582,0583,[1320],"[223, 525]","[[36.42359924316406, -3.770836182366566e-14, 7.086599826812744], [27.88920021057129, -3.292459756438007e-14, 7.086599826812744]]","[0, 0]",0,-0.6642193637224215,0.0,1.5377396602738775e-17,3.628379110793197e-05,-0.003098464874247869,1.12638757573804e-16,-0.0001560352676111391,0.01600095033918006,0.007361922408714204
583,0584,[1321],"[121, 223]","[[41.90999984741211, -3.292459756438007e-14, 7.086599826812744], [36.42359924316406, -3.770836182366566e-14, 7.086599826812744]]","[0, 0]",0,-0.47702222667839966,0.0,0.0,0.0004558591826470151,0.00036764699934172424,-3.900945707153148e-17,0.001255737340322337,0.012334564599701411,0.002801034721819301
584,0585,"[1322, 1323, 1324]","[121, 133, 1023, 1024]","[[41.90999984741211, -3.292459756438007e-14, 7.086599826812744], [41.90999984741211, -6.1975998878479, 7.086599826812744], [41.90999984741211, -2.1691598892211914, 7.086599826812744], [41.90999984741211, -4.228439807891846, 7.086599826812744]]","[0, 0, 0, 0]",0,-0.6979165868302987,0.0,0.79100598316913,0.002223751219238228,0.0005680060313303635,0.19672307576279097,0.004309078243801896,0.011868690483307453,0.0035319496483300528
585,0586,"[1325, 1326, 1327]","[211, 223, 1025, 1026]","[[36.42359924316406, -6.1975998878479, 7.086599826812744], [36.42359924316406, -3.770836182366566e-14, 7.086599826812744], [36.42359924316406, -4.228439807891846, 7.086599826812744], [36.42359924316406, -2.1691598892211914, 7.086599826812744]]","[0, 0, 0, 0]",0,0.0,2.0978259041265974,0.8100729962608436,0.004841768584232238,0.0021178367372978774,0.4697462273800859,0.0063300865127497675,0.017033185376946754,0.005522204672409165
586,0587,"[1328, 1329, 1330, 1331]","[307, 525, 1027, 1028, 1029]","[[27.88920021057129, -7.924799919128418, 7.086599826812744], [27.88920021057129, -3.292459756438007e-14, 7.086599826812744], [27.88920021057129, -2.1691598892211914, 7.086599826812744], [27.88920021057129, -4.228439807891846, 7.086599826812744], [27.88920021057129, -6.1975998878479, 7.086599826812744]]","[0, 0, 0, 0, 0]",0,-0.2542566147397187,0.13767108266227535,2.1352508946701843,0.01121186081510861,0.0032183546762072674,0.21792975714650809,0.009748439225008254,0.04580048763449544,0.011222692984075598
587,0588,[1332],"[211, 1029]","[[36.42359924316406, -6.1975998878479, 7.086599826812744], [27.88920021057129, -6.1975998878479, 7.086599826812744]]","[0, 0]",0,-1.4993711750439882,0.0,-0.027169774691746893,0.0002632293797174058,0.002333865436824675,-0.23187769884500875,0.0015041880145687356,0.017650368513694704,0.005955878462106085
588,0589,[2211],"[1023, 1026]","[[41.90999984741211, -2.1691598892211914, 7.086599826812744], [36.42359924316406, -2.1691598892211914, 7.086599826812744]]","[0, 0]",0,-0.27191232987211417,0.0,-2.1166671528309143e-17,0.0004935655368983739,0.00039051293396746926,7.756914826718334e-17,0.0013701400187562582,0.016485400868035256,0.0010959371210047622
589,0590,[2212],"[1024, 1025]","[[41.90999984741211, -4.228439807891846, 7.086599826812744], [36.42359924316406, -4.228439807891846, 7.086599826812744]]","[0, 0]",0,-0.056142019893603075,0.0,4.762501093869557e-17,0.0005073518701628493,0.0010788483398812302,-1.574639461323675e-16,0.0015456967977369902,0.009806955547038278,0.004794038170788008
590,0591,"[1333, 1334, 1335]","[88, 283, 1030, 1031]","[[17.525999069213867, -7.924799919128418, 7.086599826812744], [17.525999069213867, -14.935199737548828, 7.086599826812744], [17.525999069213867, -10.344253540039062, 7.086599826812744], [17.525999069213867, -12.700115203857422, 7.086599826812744]]","[0, 0, 0, 0]",0,0.0,2.438954963693263,0.638177688998938,0.005234801237871034,0.00886651182498604,0.9794870947285743,0.006067159805004775,0.027659684490928517,0.019761941407849728
591,0592,"[1336, 1337, 1338, 1339, 1340, 1341]","[415, 456, 1032, 1033, 1034, 1035, 1036]","[[9.753600120544434, -14.935199737548828, 7.086599826812744], [9.753600120544434, -7.924799919128418, 7.086599826812744], [9.753600120544434, -9.144000053405762, 7.086599826812744], [9.753600120544434, -10.344253540039062, 7.086599826812744], [9.753600120544434, -11.688923835754395, 7.086599826812744], [9.753600120544434, -12.700115203857422, 7.086599826812744], [9.753600120544434, -14.130844116210938, 7.086599826812744]]","[0, 0, 0, 0, 0, 0, 0]",0,0.0,2.4166224134468886,2.043336977280069,0.04057960197843923,0.014448230242581754,3.9221815501558774,0.016945856282418247,0.11114222631996497,0.02993604190895328
592,0593,"[1342, 1343, 1344]","[28, 40, 1037, 1038]","[[1.8287999629974365, -3.292459756438007e-14, 7.086599826812744], [1.8287999629974365, -6.1975998878479, 7.086599826812744], [1.8287999629974365, -4.228439807891846, 7.086599826812744], [1.8287999629974365, -2.1691598892211914, 7.086599826812744]]","[0, 0, 0, 0]",0,-0.07634749665959459,0.15152077649781534,0.8025741242877037,-0.0014430912932634388,0.0029418007059743598,0.7660016989178603,0.002785118277722165,0.012832562971627643,0.0037619719416538897
593,0594,"[1345, 1346, 1347]","[241, 1022, 1039, 1040]","[[7.315199851989746, -6.1975998878479, 7.086599826812744], [7.315199851989746, -5.684341886080802e-14, 7.086599826812744], [7.315199851989746, -4.228439807891846, 7.086599826812744], [7.315199851989746, -2.1691598892211914, 7.086599826812744]]","[0, 0, 0, 0]",0,-0.734440009500933,0.0,0.7341796323362698,-0.0008927952912071691,0.0022770744707926558,0.6146067311074777,-0.000987359588302336,0.023187284724497034,0.005910952721544859
594,0595,[2213],"[1040, 1043]","[[7.315199851989746, -2.1691598892211914, 7.086599826812744], [9.753600120544434, -2.1691598892211914, 7.086599826812744]]","[0, 0]",0,0.0,0.29625452679798503,-1.6625842562044075e-15,-0.0018354163761390588,0.0039184002845945275,2.3781080620555947e-15,0.0023292818703630467,0.024324257379114728,0.001985223014240205
595,0596,[2214],"[1026, 1027]","[[36.42359924316406, -2.1691598892211914, 7.086599826812744], [27.88920021057129, -2.1691598892211914, 7.086599826812744]]","[0, 0]",0,-0.5799578773613692,0.0,-7.029667018394868e-17,4.264493953014156e-05,-0.0026132376712114055,-3.752024581721115e-16,-0.0001864167095658095,0.0307327894109697,0.004368049075961583
596,0597,[2215],"[1039, 1042]","[[7.315199851989746, -4.228439807891846, 7.086599826812744], [9.753600120544434, -4.228439807891846, 7.086599826812744]]","[0, 0]",0,0.0,1.0549687011774873,1.6625842562044075e-15,-0.0028009770348902097,0.002818975408444755,2.202565505233703e-15,0.0035859001133760316,0.018038643110105248,0.006832345056269176
597,0598,[2216],"[1025, 1028]","[[36.42359924316406, -4.228439807891846, 7.086599826812744], [27.88920021057129, -4.228439807891846, 7.086599826812744]]","[0, 0]",0,-0.740080514372424,0.0,0.0,6.192098346736294e-05,-0.0011090336577059762,-5.0155027443946034e-17,-0.0002805678722724155,0.029478241576109888,0.006103049769872363
598,0599,[1348],"[241, 1041]","[[7.315199851989746, -6.1975998878479, 7.086599826812744], [9.753600120544434, -6.1975998878479, 7.086599826812744]]","[0, 0]",0,0.0,3.1868875563790477,0.2100235218939415,-0.0041739978232276775,-0.0036121717528546883,0.5121214121889881,0.005319601248087257,0.009619011038048894,0.006111296488227837
599,0600,[2217],"[1041, 1046]","[[9.753600120544434, -6.1975998878479, 7.086599826812744], [15.849599838256836, -6.1975998878479, 7.086599826812744]]","[0, 0]",0,0.0,0.7705251404796513,0.0,-7.0680936958181515e-06,-0.0014618810249504848,0.0,4.504234590881907e-05,0.023377065116193307,0.0054802776880559225
600,0601,[1349],"[295, 456]","[[15.849599838256836, -7.924799919128418, 7.086599826812744], [9.753600120544434, -7.924799919128418, 7.086599826812744]]","[0, 0]",0,0.0,0.75727992482194,3.434016974317167e-17,-0.00010588654259982909,-0.0007243563487957669,1.2222309095870858e-16,-0.0003630588321897215,0.016930112341568798,0.0014662602439660625
601,0602,"[1350, 1351, 1352, 1353]","[199, 456, 1041, 1042, 1043]","[[9.753600120544434, -3.770836182366566e-14, 7.086599826812744], [9.753600120544434, -7.924799919128418, 7.086599826812744], [9.753600120544434, -6.1975998878479, 7.086599826812744], [9.753600120544434, -4.228439807891846, 7.086599826812744], [9.753600120544434, -2.1691598892211914, 7.086599826812744]]","[0, 0, 0, 0, 0]",0,0.0,0.8293484055025586,0.8370669246783659,0.005996754276163493,0.0011590311351277625,1.431954654643293,-0.00021662483907869005,0.02500782905433042,0.006845144022415097
602,0603,[2218],"[1043, 1044]","[[9.753600120544434, -2.1691598892211914, 7.086599826812744], [15.849599838256836, -2.1691598892211914, 7.086599826812744]]","[0, 0]",0,0.0,0.07912543159296384,-1.3736067897268669e-16,9.502322106707243e-05,0.0025221514618300124,-5.942179144053744e-16,0.0003090062020036274,0.031908910664480344,0.004638831826948536
603,0604,[2219],"[1038, 1040]","[[1.8287999629974365, -2.1691598892211914, 7.086599826812744], [7.315199851989746, -2.1691598892211914, 7.086599826812744]]","[0, 0]",0,0.0,0.22798056856153934,-4.2333354009676723e-17,-0.00019124146876991105,-0.0005529505347264417,1.3563358544825635e-16,0.0005321914430233467,0.017927240586471254,0.002620423270559145
604,0605,[2220],"[1037, 1039]","[[1.8287999629974365, -4.228439807891846, 7.086599826812744], [7.315199851989746, -4.228439807891846, 7.086599826812744]]","[0, 0]",0,0.0,0.43181393930211276,-8.466670801935345e-17,-0.00017609776832871733,-0.0007994270498767573,2.5176243981793764e-16,0.000497935518393337,0.010388992686863897,0.005520258172243652
605,0606,"[1354, 1355, 1356, 1357]","[76, 295, 1044, 1045, 1046]","[[15.849599838256836, -3.292459756438007e-14, 7.086599826812744], [15.849599838256836, -7.924799919128418, 7.086599826812744], [15.849599838256836, -2.1691598892211914, 7.086599826812744], [15.849599838256836, -4.228439807891846, 7.086599826812744], [15.849599838256836, -6.1975998878479, 7.086599826812744]]","[0, 0, 0, 0, 0]",0,-0.23667430476069104,0.08455207208952799,1.7143427371040407,0.005099972394679337,0.004154007238605884,0.17802968173321299,0.00469095879329542,0.039794821635419746,0.01035617377176458
606,0607,[1358],"[88, 295]","[[17.525999069213867, -7.924799919128418, 7.086599826812744], [15.849599838256836, -7.924799919128418, 7.086599826812744]]","[0, 0]",0,0.0,0.5368886369719145,1.68771539613362e-15,0.0001229616877560519,0.0042115160770058516,-2.180646716156344e-15,0.0002551457182705176,0.016413418595693757,0.005135450580610322
607,0608,[1359],"[100, 307]","[[26.212799072265625, -7.924799919128418, 7.086599826812744], [27.88920021057129, -7.924799919128418, 7.086599826812744]]","[0, 0]",0,-0.5514034817263834,0.0,-8.438559249529235e-16,0.00521373529653635,-0.009774410225373767,9.626549994278434e-16,-0.004780726456121736,0.01840853279835496,0.00369816949940884
608,0609,[2221],"[1030, 1033]","[[17.525999069213867, -10.344253540039062, 7.086599826812744], [9.753600120544434, -10.344253540039062, 7.086599826812744]]","[0, 0]",0,0.0,0.4163180604742509,-4.235020590816245e-17,-6.363533974112259e-05,-0.0022051526732010138,-1.9900146556573437e-16,0.0002653076320702516,0.019890159980912488,0.006352275896703619
609,0610,[2222],"[1031, 1035]","[[17.525999069213867, -12.700115203857422, 7.086599826812744], [9.753600120544434, -12.700115203857422, 7.086599826812744]]","[0, 0]",0,0.0,0.17262678096357423,0.0,-6.111270822754923e-05,-0.0064469708269953244,0.0,0.0002592779582511034,0.042038437719620486,0.014683090752769799
610,0611,[1360],"[283, 415]","[[17.525999069213867, -14.935199737548828, 7.086599826812744], [9.753600120544434, -14.935199737548828, 7.086599826812744]]","[0, 0]",0,0.0,0.07517121440147949,1.694008236326498e-16,-0.00019979054192994562,-0.0071493969449947644,7.6846976816096435e-16,-0.0008043171860432139,0.07734751760863173,0.023021194317046034
611,0612,[2223],"[1036, 1049]","[[9.753600120544434, -14.130844116210938, 7.086599826812744], [0.0, -14.130844116210938, 7.086599826812744]]","[0, 0]",0,0.0,0.29505471925101956,-1.0772231200895486e-16,-0.0002289199505460527,0.005602785928315875,-5.253401776979336e-16,0.001245159944922424,0.060653220781645124,0.02053336225392397
612,0613,[2224],"[1034, 1048]","[[9.753600120544434, -11.688923835754395, 7.086599826812744], [0.0, -11.688923835754395, 7.086599826812744]]","[0, 0]",0,0.0,0.8451378948135826,-2.6930578002238715e-17,-0.00023368318885833256,0.002983034527624327,-1.313350444244834e-16,0.001388901098663132,0.02287169301059167,0.011975186637280642
613,0614,[1361],"[52, 1047]","[[1.8287999629974365, -9.144000053405762, 7.086599826812744], [0.0, -9.144000053405762, 7.086599826812744]]","[0, 0]",0,0.0,0.24008317308371996,0.4127263314884784,0.00830007886589132,0.000248322710144243,-0.7547938997541976,-0.007708683889417642,0.008164900415176419,0.0031996504576397686
614,0615,[1362],"[253, 1032]","[[7.315199851989746, -9.144000053405762, 7.086599826812744], [9.753600120544434, -9.144000053405762, 7.086599826812744]]","[0, 0]",0,0.0,1.08711925182058,0.4848100978346024,-0.002695079744633947,0.001147973285459088,1.1821610727579195,0.0033972282733915867,0.010956538755319297,0.0058108430639302044
615,0616,"[1363, 1364, 1365]","[163, 1047, 1048, 1049]","[[0.0, -16.459199905395508, 7.086599826812744], [0.0, -9.144000053405762, 7.086599826812744], [0.0, -11.688923835754395, 7.086599826812744], [0.0, -14.130844116210938, 7.086599826812744]]","[0, 0, 0, 0]",0,0.0,2.2805237674783645,0.7710500351408822,0.004403596402275042,-0.004727277095619191,1.7895876513157387,-0.004386252640828012,0.030009175401141928,0.023284219745341228
616,0617,"[1366, 1367, 1368]","[163, 175, 1050, 1051]","[[0.0, -16.459199905395508, 7.086599826812744], [0.0, -23.012399673461914, 7.086599826812744], [0.0, -18.747596740722656, 7.086599826812744], [0.0, -20.917984008789062, 7.086599826812744]]","[0, 0, 0, 0]",0,-0.4386201049514047,1.242034495218179,1.5181150401008683,0.004047361585047815,-0.009560679787097758,-1.7583916504991803,-0.0036835527568025578,0.05844740559485953,0.05137118309298946
617,0618,"[1369, 1370]","[175, 187, 1052]","[[0.0, -23.012399673461914, 7.086599826812744], [0.0, -27.203399658203125, 7.086599826812744], [0.0, -25.107900619506836, 7.086599826812744]]","[0, 0, 0]",0,-2.7441977649170064,0.0,0.4643755348536996,0.0023887642312255116,0.004313528203379305,1.178242755941595,-0.0011940502131548337,0.03945153286028017,0.05529122860402145
618,0619,"[1371, 1372]","[381, 542, 1053]","[[9.753600120544434, -27.203399658203125, 7.086599826812744], [9.753600120544434, -23.012399673461914, 7.086599826812744], [9.753600120544434, -25.107900619506836, 7.086599826812744]]","[0, 0, 0]",0,0.0,1.6380595832752511,0.5469196890958277,0.005220370290426927,-0.0010549718708184681,-1.146069682744377,-0.0046578896278399095,0.3295381764310558,0.008429115258585987
619,0620,"[1373, 1374]","[393, 491, 1054]","[[17.525999069213867, -27.203399658203125, 7.086599826812744], [17.525999069213867, -23.012399673461914, 7.086599826812744], [17.525999069213867, -25.107900619506836, 7.086599826812744]]","[0, 0, 0]",0,0.0,15.57891311338364,2.096004024263703,0.022764597734227388,-0.016419523414974088,4.392178415758547,-0.00904195302489076,0.15683162378095708,0.057018457835766555
620,0621,[1375],"[163, 1068]","[[0.0, -16.459199905395508, 7.086599826812744], [9.753600120544434, -16.459199905395508, 7.086599826812744]]","[0, 0]",0,0.0,0.33487895488397046,-0.21858214739767218,-0.00020801766328783005,0.005464608729485827,-2.131962859206795,-0.0010200742672474923,0.10374684263159553,0.023090140149580798
621,0622,[2225],"[1055, 1067]","[[17.525999069213867, -17.72361946105957, 7.086599826812744], [9.753600120544434, -17.72361946105957, 7.086599826812744]]","[0, 0]",0,-0.03939420712656178,0.0,0.0,-0.00022921061164686056,-0.006226466493029459,-4.4057750563157033e-16,-0.0008954210447653852,0.13456276061042227,0.026696902039236716
622,0623,"[1376, 1377, 1378]","[283, 491, 1055, 1056]","[[17.525999069213867, -14.935199737548828, 7.086599826812744], [17.525999069213867, -23.012399673461914, 7.086599826812744], [17.525999069213867, -17.72361946105957, 7.086599826812744], [17.525999069213867, -20.461647033691406, 7.086599826812744]]","[0, 0, 0, 0]",0,0.0,6.858191556933942,2.4344605406310977,0.008464133450690298,0.013243618230215021,0.07673504825369631,-0.0044216606981609795,0.06633463618644335,0.05460045095537739
623,0624,[2226],"[1056, 1065]","[[17.525999069213867, -20.461647033691406, 7.086599826812744], [9.753600120544434, -20.461647033691406, 7.086599826812744]]","[0, 0]",0,0.0,0.27355223897591735,0.0,-0.00022527274602252866,-0.005581159940990376,8.811550112631407e-16,-0.0008789465036227662,0.16797600945970662,0.0280909621619788
624,0625,[2227],"[1051, 1064]","[[0.0, -20.917984008789062, 7.086599826812744], [9.753600120544434, -20.917984008789062, 7.086599826812744]]","[0, 0]",0,0.0,0.850315949208893,-2.1544462401790972e-16,-0.00014668727230622303,0.005375807636512272,-1.4017655033675757e-15,-0.0007269307372830191,0.16829874691071792,0.023418185743452506
625,0626,[2228],"[1050, 1066]","[[0.0, -18.747596740722656, 7.086599826812744], [9.753600120544434, -18.747596740722656, 7.086599826812744]]","[0, 0]",0,0.0,0.4850731254728672,2.1544462401790972e-16,-0.0001838254284385535,0.004530989068508583,-1.2262229293817215e-15,0.000899415920028707,0.14685219058779372,0.023973397012343647
626,0627,[1379],"[175, 542]","[[0.0, -23.012399673461914, 7.086599826812744], [9.753600120544434, -23.012399673461914, 7.086599826812744]]","[0, 0]",0,0.0,1.109394031004791,2.1544462401790972e-16,-7.17214847729086e-05,0.004165164166275557,1.7528506513392842e-15,-0.00037810881979667536,0.17471300989083213,0.027376093260772567
627,0628,[2229],"[1052, 1053]","[[0.0, -25.107900619506836, 7.086599826812744], [9.753600120544434, -25.107900619506836, 7.086599826812744]]","[0, 0]",0,0.0,1.3633114151622474,-2.1544462401790972e-16,-9.404492625200753e-05,0.002242876282220229,-1.0506803553958672e-15,-0.0004861226591224197,0.17956102395108609,0.029832081333065155
628,0629,"[1380, 1381, 1382, 1383]","[187, 381, 1057, 1058, 1059]","[[0.0, -27.203399658203125, 7.086599826812744], [9.753600120544434, -27.203399658203125, 7.086599826812744], [2.5823607444763184, -27.203399658203125, 7.086599826812744], [5.016953468322754, -27.203399658203125, 7.086599826812744], [7.315199851989746, -27.203399658203125, 7.086599826812744]]","[0, 0, 0, 0, 0]",0,0.0,2.4885230276323136,2.3261467030568097,-0.001781716248495471,0.00451841571851109,-1.827390257715476,0.0026271953545991683,0.3305160938395593,0.052030479705843805
629,0630,"[1384, 1385, 1386]","[381, 393, 1060, 1061]","[[9.753600120544434, -27.203399658203125, 7.086599826812744], [17.525999069213867, -27.203399658203125, 7.086599826812744], [12.494023323059082, -27.203399658203125, 7.086599826812744], [15.049118995666504, -27.203399658203125, 7.086599826812744]]","[0, 0, 0, 0]",0,0.0,6.7300122350608005,1.1191815299969825,-0.003989299528853644,0.009414601094273833,-0.625276555680047,0.0054851067872185915,0.32906627805624744,0.039477033625815505
630,0631,[2230],"[1053, 1054]","[[9.753600120544434, -25.107900619506836, 7.086599826812744], [17.525999069213867, -25.107900619506836, 7.086599826812744]]","[0, 0]",0,0.0,1.9971729606983635,3.388016472652996e-16,-0.0004215997867374312,0.008073266679660194,1.977517041953499e-15,0.0016475949744743001,0.22190288748374146,0.03241535595074619
631,0632,[1387],"[491, 542]","[[17.525999069213867, -23.012399673461914, 7.086599826812744], [9.753600120544434, -23.012399673461914, 7.086599826812744]]","[0, 0]",0,0.0,1.4660615951084943,6.776032945305992e-16,-0.00018786136543184984,0.0015444892252359417,2.853590319828072e-15,0.0007364835541002308,0.1873095945988027,0.03360312971709865
632,0633,"[1388, 1389, 1390]","[393, 485, 1062, 1063]","[[17.525999069213867, -27.203399658203125, 7.086599826812744], [26.212799072265625, -27.203399658203125, 7.086599826812744], [20.55723762512207, -27.203399658203125, 7.086599826812744], [23.457565307617188, -27.203399658203125, 7.086599826812744]]","[0, 0, 0, 0]",0,0.0,9.468253198070826,1.5855678423507202,-0.021688718933474155,-0.0023241650293393287,3.7530080571418756,0.054003206580326445,0.16369438238144499,0.032786815693258906
633,0634,[1391],"[64, 187]","[[0.0, -35.12820053100586, 7.086599826812744], [0.0, -27.203399658203125, 7.086599826812744]]","[0, 0]",0,-1.421721648195391,0.0,2.801078562564202e-17,-0.000391140338512929,0.005639257566349614,-1.7344258959477748e-16,-0.0015831132871790999,0.0347156147564297,0.04260371408618481
634,0635,"[1392, 1393, 1394, 1395, 1396, 1397]","[415, 542, 1064, 1065, 1066, 1067, 1068]","[[9.753600120544434, -14.935199737548828, 7.086599826812744], [9.753600120544434, -23.012399673461914, 7.086599826812744], [9.753600120544434, -20.917984008789062, 7.086599826812744], [9.753600120544434, -20.461647033691406, 7.086599826812744], [9.753600120544434, -18.747596740722656, 7.086599826812744], [9.753600120544434, -17.72361946105957, 7.086599826812744], [9.753600120544434, -16.459199905395508, 7.086599826812744]]","[0, 0, 0, 0, 0, 0, 0]",0,0.0,2.52452615065855,0.3190962268998928,0.12440502436085601,0.015436633877741673,-0.4516568235600722,0.028937434351133932,0.29303170459849365,0.03148388390383957
635,0636,[2231],"[1069, 1078]","[[26.212799072265625, -10.344253540039062, 7.086599826812744], [33.985198974609375, -10.344253540039062, 7.086599826812744]]","[0, 0]",0,-0.9435557225144594,0.0,0.0,0.00013323170612221497,-0.00010076979019245606,8.260827216987418e-17,0.0005599057036076127,0.017314224838126235,0.003639300452068001
636,0637,[2232],"[1070, 1076]","[[26.212799072265625, -12.700115203857422, 7.086599826812744], [33.985198974609375, -12.700115203857422, 7.086599826812744]]","[0, 0]",0,-0.28401746306731823,0.0,-6.352529333305626e-17,0.00013189819083084635,0.00244279942191482,-3.0194417329568506e-16,0.0005705336732097848,0.025405967172182225,0.004214849635501544
637,0638,[1398],"[271, 404]","[[26.212799072265625, -14.935199737548828, 7.086599826812744], [33.985198974609375, -14.935199737548828, 7.086599826812744]]","[0, 0]",0,0.0,0.3144258569391941,-2.117509777768542e-17,-0.0002480227983171636,0.0016788502202689725,-1.2359480003463785e-16,-0.0010481442571000387,0.03308643293230324,0.0045279756118249345
638,0639,[2233],"[1071, 1074]","[[26.212799072265625, -17.72361946105957, 7.086599826812744], [33.985198974609375, -17.72361946105957, 7.086599826812744]]","[0, 0]",0,0.0,0.9251480816291835,-2.117509777768542e-17,-0.00041155024070899733,-0.00015107418915321,2.1997111756615772e-16,0.0016147451601702914,0.04441467579152115,0.0018174457002202073
639,0640,[2234],"[1072, 1073]","[[26.212799072265625, -20.461647033691406, 7.086599826812744], [33.985198974609375, -20.461647033691406, 7.086599826812744]]","[0, 0]",0,0.0,0.3192184510209189,-2.117509777768542e-17,-0.0006046096495343496,0.00015499371222291197,1.2359480003463785e-16,0.002465216961942977,0.029784596718197904,0.00916972116053262
640,0641,"[1399, 1400, 1401]","[100, 271, 1069, 1070]","[[26.212799072265625, -7.924799919128418, 7.086599826812744], [26.212799072265625, -14.935199737548828, 7.086599826812744], [26.212799072265625, -10.344253540039062, 7.086599826812744], [26.212799072265625, -12.700115203857422, 7.086599826812744]]","[0, 0, 0, 0]",0,-4.258618049618888,0.0,0.368493381905686,0.010444459698933886,0.0037781150577200326,-0.6946934815343404,0.012207923329081112,0.028983069569690163,0.0043446383820596735
641,0642,"[1402, 1403, 1404]","[271, 468, 1071, 1072]","[[26.212799072265625, -14.935199737548828, 7.086599826812744], [26.212799072265625, -23.012399673461914, 7.086599826812744], [26.212799072265625, -17.72361946105957, 7.086599826812744], [26.212799072265625, -20.461647033691406, 7.086599826812744]]","[0, 0, 0, 0]",0,-11.363051636676776,0.0,0.15017514665959278,0.006041908637499701,0.0029769582869313377,0.3234068834890478,0.00829551675966208,0.032832773161899365,0.008978458784747347
642,0643,"[1405, 1406, 1407]","[404, 502, 1073, 1074]","[[33.985198974609375, -14.935199737548828, 7.086599826812744], [33.985198974609375, -23.012399673461914, 7.086599826812744], [33.985198974609375, -20.461647033691406, 7.086599826812744], [33.985198974609375, -17.72361946105957, 7.086599826812744]]","[0, 0, 0, 0]",0,-3.596984377465977,0.0,0.9828194212975877,0.006778542838321207,0.0001726957130418895,0.011887319736809815,0.00921481176390004,0.044725220658346415,0.0089473384732331
643,0644,"[1408, 1409, 1410, 1411, 1412, 1413]","[404, 1075, 1076, 1077, 1078, 1079, 1080]","[[33.985198974609375, -14.935199737548828, 7.086599826812744], [33.985198974609375, -14.098685264587402, 7.086599826812744], [33.985198974609375, -12.700115203857422, 7.086599826812744], [33.985198974609375, -11.627782821655273, 7.086599826812744], [33.985198974609375, -10.344253540039062, 7.086599826812744], [33.985198974609375, -9.144000053405762, 7.086599826812744], [33.985198974609375, -7.924799919128418, 7.086599826812744]]","[0, 0, 0, 0, 0, 0, 0]",0,-3.795734363946808,0.0,0.6248935848666047,0.08432189789794957,0.0002447472401103189,1.58383050507467,0.025539024845097655,0.03520848674758632,0.008739876075873834
644,0645,[1414],"[307, 1080]","[[27.88920021057129, -7.924799919128418, 7.086599826812744], [33.985198974609375, -7.924799919128418, 7.086599826812744]]","[0, 0]",0,-1.2478944309885192,0.0,0.10286997728072861,0.0002752966332365298,0.0012885289049625584,-0.6270952543599472,0.0009137585593063714,0.01403728030653081,0.0033748931511670514
645,0646,"[1415, 1416, 1417]","[485, 519, 1081, 1082]","[[26.212799072265625, -27.203399658203125, 7.086599826812744], [33.985198974609375, -27.203399658203125, 7.086599826812744], [28.978139877319336, -27.203399658203125, 7.086599826812744], [31.526952743530273, -27.203399658203125, 7.086599826812744]]","[0, 0, 0, 0]",0,-1.2683761550818042,2.748333810910979,0.302657205014463,-0.010420623195934672,0.005536927145413218,-0.6289689852845622,0.017262899184527634,0.02217292893699863,0.00733605515758832
646,0647,[1418],"[468, 502]","[[26.212799072265625, -23.012399673461914, 7.086599826812744], [33.985198974609375, -23.012399673461914, 7.086599826812744]]","[0, 0]",0,0.0,1.037251440126297,0.0,-0.0014259680159555848,-0.00023117057166235157,0.0,-0.006470139887403106,0.01020669290445718,0.0014388509851888784
647,0648,"[1419, 1420]","[502, 519, 1083]","[[33.985198974609375, -23.012399673461914, 7.086599826812744], [33.985198974609375, -27.203399658203125, 7.086599826812744], [33.985198974609375, -25.223190307617188, 7.086599826812744]]","[0, 0, 0]",0,-1.2819309229062505,0.0,0.3856186695453703,0.003253902476661507,0.0011115939372672529,0.7015758067274176,0.004703143270973228,0.015231646247634727,0.00220405750058508
648,0649,[1421],"[468, 485]","[[26.212799072265625, -23.012399673461914, 7.086599826812744], [26.212799072265625, -27.203399658203125, 7.086599826812744]]","[0, 0]",0,-4.681679110619892,0.0,-5.411373745436915e-17,-0.0017468055593022828,0.0001685122117724519,-1.1977870285166653e-16,-0.0046162478976975495,0.008833570891637034,0.0010923408799853966
649,0650,[1422],"[404, 1090]","[[33.985198974609375, -14.935199737548828, 7.086599826812744], [43.738800048828125, -14.935199737548828, 7.086599826812744]]","[0, 0]",0,0.0,0.3093746328994195,-0.00010252073965879222,-0.00016258480267174004,-0.001502770827650372,-0.0009999463964658316,0.0008411249299105093,0.03175052666310455,0.004231352070141208
650,0651,[2235],"[1074, 1089]","[[33.985198974609375, -17.72361946105957, 7.086599826812744], [43.738800048828125, -17.72361946105957, 7.086599826812744]]","[0, 0]",0,-0.3117448522185755,0.0,2.6930572748751894e-17,-0.0001768409345969301,0.0008361628776896781,2.1910631005672215e-16,0.0008760342828076213,0.04035871380453572,0.0025000815943217697
651,0652,[2236],"[1073, 1088]","[[33.985198974609375, -20.461647033691406, 7.086599826812744], [43.738800048828125, -20.461647033691406, 7.086599826812744]]","[0, 0]",0,-0.5239540066885596,0.0,-1.5148447171172942e-17,-0.00018658622015132445,0.001792593195589698,-8.34759388769464e-17,0.0009358533833234747,0.033783117458886534,0.005400164883344142
652,0653,[1423],"[445, 502]","[[43.738800048828125, -23.012399673461914, 7.086599826812744], [33.985198974609375, -23.012399673461914, 7.086599826812744]]","[0, 0]",0,-1.1496768370575983,0.0,-2.6930572748751894e-17,-0.00015824544951564403,0.00019766851307911507,-1.4230644144714456e-16,-0.0007892207105649476,0.019089501715797992,0.001281996901377393
653,0654,[2237],"[1083, 1087]","[[33.985198974609375, -25.223190307617188, 7.086599826812744], [43.738800048828125, -25.223190307617188, 7.086599826812744]]","[0, 0]",0,-1.4443489836116339,0.0,0.0,-0.00026188539396437935,-0.0005284025672997534,-2.1942819602736455e-17,-0.0013989885249731445,0.019087043986062965,0.001071909930075235
654,0655,"[1424, 1425, 1426, 1427]","[439, 519, 1084, 1085, 1086]","[[43.738800048828125, -27.203399658203125, 7.086599826812744], [33.985198974609375, -27.203399658203125, 7.086599826812744], [36.42359924316406, -27.203399658203125, 7.086599826812744], [38.709598541259766, -27.203399658203125, 7.086599826812744], [41.30812454223633, -27.203399658203125, 7.086599826812744]]","[0, 0, 0, 0, 0]",0,-5.1296183808164955,0.0,0.8749109142218917,-0.0036205617687737565,0.008481398359693736,-0.24470087797031775,-0.0048547396731546625,0.05372822564742657,0.012347878243630603
655,0656,"[1428, 1429]","[439, 445, 1087]","[[43.738800048828125, -27.203399658203125, 7.086599826812744], [43.738800048828125, -23.012399673461914, 7.086599826812744], [43.738800048828125, -25.223190307617188, 7.086599826812744]]","[0, 0, 0]",0,0.0,6.47872945487911,0.0663716364567053,0.0003581465592529885,0.007192744550435404,-0.1467337922520429,0.0006181802317113586,0.024054263212476786,0.010518178571301929
656,0657,"[1430, 1431, 1432, 1433]","[427, 445, 1088, 1089, 1090]","[[43.738800048828125, -16.459199905395508, 7.086599826812744], [43.738800048828125, -23.012399673461914, 7.086599826812744], [43.738800048828125, -20.461647033691406, 7.086599826812744], [43.738800048828125, -17.72361946105957, 7.086599826812744], [43.738800048828125, -14.935199737548828, 7.086599826812744]]","[0, 0, 0, 0, 0]",0,-1.237797907294013,2.077278309931887,0.5653602645204552,0.016679263334163804,0.0037059870239809565,-0.3129479002422022,0.011311175380481887,0.031220315407500365,0.004715135047917539
657,0658,"[1434, 1435, 1436]","[451, 1090, 1091, 1092]","[[43.738800048828125, -9.144000053405762, 7.086599826812744], [43.738800048828125, -14.935199737548828, 7.086599826812744], [43.738800048828125, -14.098685264587402, 7.086599826812744], [43.738800048828125, -11.627782821655273, 7.086599826812744]]","[0, 0, 0, 0]",0,-1.8422472396824934,0.0,0.5726572196833563,0.038247074366383776,0.004563600688148106,0.5949595347190516,0.016726194880778467,0.024570540485504402,0.004203696102299846
658,0659,[2238],"[1057, 1097]","[[2.5823607444763184, -27.203399658203125, 7.086599826812744], [2.5823607444763184, -38.48099899291992, 7.086599826812744]]","[0, 0]",0,-0.7136199945793851,0.0,-8.062503231787536e-17,-0.00022112404872381028,0.00724476683267365,5.305387130951894e-16,-0.0013030726968639116,0.10921509895207904,0.035138104546999414
659,0660,[2239],"[1058, 1098]","[[5.016953468322754, -27.203399658203125, 7.086599826812744], [5.016953468322754, -38.48099899291992, 7.086599826812744]]","[0, 0]",0,-0.39650482507913853,0.0,0.0,-0.000244195756285484,0.006021008739790819,1.5182061536078727e-16,-0.0014250319701411959,0.17643018980579908,0.026727579339302674
660,0661,[2240],"[1059, 1099]","[[7.315199851989746, -27.203399658203125, 7.086599826812744], [7.315199851989746, -38.48099899291992, 7.086599826812744]]","[0, 0]",0,0.0,0.006548929685074309,1.6125006463575072e-16,-0.0002654542562416025,0.00445710116852808,1.0610774261903788e-15,0.001555928885775494,0.20148756667842424,0.022380668691458955
661,0662,"[1437, 1438]","[265, 381, 1093]","[[9.753600120544434, -38.48099899291992, 7.086599826812744], [9.753600120544434, -27.203399658203125, 7.086599826812744], [9.753600120544434, -33.909000396728516, 7.086599826812744]]","[0, 0, 0]",0,0.0,1.2629097744779278,1.2204135231565627,-0.0008119060175811843,0.005926008804830335,-4.894208393932972,-0.002755160687464151,0.30109974358741376,0.04515497560672548
662,0663,[2241],"[1060, 1100]","[[12.494023323059082, -27.203399658203125, 7.086599826812744], [12.494023323059082, -38.48099899291992, 7.086599826812744]]","[0, 0]",0,0.0,1.1254708219187333,-1.6125006463575072e-16,-0.0004044421961246457,-0.0040977820945240955,-9.092568108295915e-16,-0.0023814197748118215,0.1921660356435607,0.02391833704180767
663,0664,[2242],"[1061, 1101]","[[15.049118995666504, -27.203399658203125, 7.086599826812744], [15.049118995666504, -38.48099899291992, 7.086599826812744]]","[0, 0]",0,0.0,2.1818830509981164,0.0,-0.00045950226916243277,-0.005155642021947523,0.0,-0.0027118876137006307,0.16302326026124533,0.024705960395741584
664,0665,"[1439, 1440]","[331, 393, 1094]","[[17.525999069213867, -38.48099899291992, 7.086599826812744], [17.525999069213867, -27.203399658203125, 7.086599826812744], [17.525999069213867, -33.909000396728516, 7.086599826812744]]","[0, 0, 0]",0,0.0,2.60482058075423,1.387348981522415,-0.0014935835461287478,-0.0046914413697500944,-5.9300988643520505,-0.005009208373716818,0.21053771915811798,0.03750962602426364
665,0666,[2243],"[1062, 1102]","[[20.55723762512207, -27.203399658203125, 7.086599826812744], [20.55723762512207, -38.48099899291992, 7.086599826812744]]","[0, 0]",0,0.0,0.06701451803949081,4.031251615893768e-17,-0.0007518540396320142,-0.005973166340494941,2.2731420270739787e-16,-0.0042456781883591635,0.09590830710584973,0.014096438171009213
666,0667,[2244],"[1063, 1103]","[[23.457565307617188, -27.203399658203125, 7.086599826812744], [23.457565307617188, -38.48099899291992, 7.086599826812744]]","[0, 0]",0,-1.505122401329052,0.0,8.818362909767619e-18,-0.0008721554280606825,-0.004428496648238704,-5.365393331398241e-17,-0.004984118991078884,0.05339484500918529,0.015243966462745841
667,0668,"[1441, 1442]","[319, 485, 1095]","[[26.212799072265625, -38.48099899291992, 7.086599826812744], [26.212799072265625, -27.203399658203125, 7.086599826812744], [26.212799072265625, -33.909000396728516, 7.086599826812744]]","[0, 0, 0]",0,-6.640035918330184,0.0,1.438666595077014,-0.003413889891145974,0.004155756060866072,-1.2139330238493677,-0.011448062234526341,0.059012832524998116,0.012248486343631458
668,0669,[2245],"[1082, 1105]","[[31.526952743530273, -27.203399658203125, 7.086599826812744], [31.526952743530273, -38.48099899291992, 7.086599826812744]]","[0, 0]",0,-1.8200310179456984,0.0,4.031251615893768e-17,-0.000856135243604514,6.585500457546896e-05,-2.4629177962749626e-16,-0.004972907155484496,0.029684041013865556,0.0025202797599878893
669,0670,"[1443, 1444]","[325, 519, 1096]","[[33.985198974609375, -38.48099899291992, 7.086599826812744], [33.985198974609375, -27.203399658203125, 7.086599826812744], [33.985198974609375, -33.909000396728516, 7.086599826812744]]","[0, 0, 0]",0,-1.4461126169725294,0.0,1.1305266817672182,-0.0029474019258544336,-0.0006234626040952767,-0.34782909032982007,-0.010395062229379737,0.04981126142617334,0.008444999146959366
670,0671,"[1445, 1446, 1447, 1448]","[157, 265, 1097, 1098, 1099]","[[0.0, -38.48099899291992, 7.086599826812744], [9.753600120544434, -38.48099899291992, 7.086599826812744], [2.5823607444763184, -38.48099899291992, 7.086599826812744], [5.016953468322754, -38.48099899291992, 7.086599826812744], [7.315199851989746, -38.48099899291992, 7.086599826812744]]","[0, 0, 0, 0, 0]",0,-2.512329761992585,0.06016080141435356,1.781424325441628,-0.0025265529104386538,-0.008251594125479867,-0.40898681078567367,0.003683391462756049,0.0782241113042882,0.056272260889689237
671,0672,"[1449, 1450, 1451]","[265, 331, 1100, 1101]","[[9.753600120544434, -38.48099899291992, 7.086599826812744], [17.525999069213867, -38.48099899291992, 7.086599826812744], [12.494023323059082, -38.48099899291992, 7.086599826812744], [15.049118995666504, -38.48099899291992, 7.086599826812744]]","[0, 0, 0, 0]",0,-3.752369655706194,0.0,1.0395585575807702,-0.0047646114078953436,0.0030858422442431167,-1.6614928415051216,-0.0066310270332953555,0.06100908104716053,0.05983883487000853
672,0673,"[1452, 1453, 1454]","[319, 331, 1102, 1103]","[[26.212799072265625, -38.48099899291992, 7.086599826812744], [17.525999069213867, -38.48099899291992, 7.086599826812744], [20.55723762512207, -38.48099899291992, 7.086599826812744], [23.457565307617188, -38.48099899291992, 7.086599826812744]]","[0, 0, 0, 0]",0,-2.395215648863991,5.35858275073127,0.6673155627042681,-0.01331905913450658,0.015285065479143349,-1.4187030382215857,0.020414767498911406,0.056312645345148064,0.045827752342330975
673,0674,"[1455, 1456, 1457]","[319, 325, 1104, 1105]","[[26.212799072265625, -38.48099899291992, 7.086599826812744], [33.985198974609375, -38.48099899291992, 7.086599826812744], [28.978139877319336, -38.48099899291992, 7.086599826812744], [31.526952743530273, -38.48099899291992, 7.086599826812744]]","[0, 0, 0, 0]",0,0.0,6.49236751617156,0.23184880719135834,-0.012904750916931823,0.007791500290709852,-0.5699414564583452,0.01892173982828289,0.03856149527770144,0.02316305903896861
674,0675,"[1458, 1459, 1460, 1461]","[235, 325, 1106, 1107, 1108]","[[43.738800048828125, -38.48099899291992, 7.086599826812744], [33.985198974609375, -38.48099899291992, 7.086599826812744], [36.42359924316406, -38.48099899291992, 7.086599826812744], [38.709598541259766, -38.48099899291992, 7.086599826812744], [41.30812454223633, -38.48099899291992, 7.086599826812744]]","[0, 0, 0, 0, 0]",0,0.0,4.420298244318361,0.9166450810383624,-0.004563910095772416,0.011136248613180943,-1.0247288966618457,0.009101797648810736,0.07159516570909333,0.0201938528372086
675,0676,[2246],"[1080, 1109]","[[33.985198974609375, -7.924799919128418, 7.086599826812744], [36.42359924316406, -7.924799919128418, 7.086599826812744]]","[0, 0]",0,-1.8264972503042647,0.0,0.0,-0.003314239403360825,-0.0003201940713665661,-1.7554255682189169e-16,0.004605291751942428,0.0042169599122789505,0.0027528490654743667
676,0677,[1462],"[109, 1079]","[[36.42359924316406, -9.144000053405762, 7.086599826812744], [33.985198974609375, -9.144000053405762, 7.086599826812744]]","[0, 0]",0,-4.169232003837142,0.0,0.523766774812409,-0.0023863112986562147,0.0001306332529994424,1.2771530443626005,0.0033699027413215342,0.00458160828535644,0.0035997010611073734
677,0678,[2247],"[1077, 1092]","[[33.985198974609375, -11.627782821655273, 7.086599826812744], [43.738800048828125, -11.627782821655273, 7.086599826812744]]","[0, 0]",0,0.0,0.36373982394286986,5.0494823903909805e-18,-0.00010745581667997921,-0.00010349112779431951,3.833958068529335e-17,0.0010358242321266986,0.013272723896376796,0.005097511611001298
678,0679,[2248],"[1075, 1091]","[[33.985198974609375, -14.098685264587402, 7.086599826812744], [43.738800048828125, -14.098685264587402, 7.086599826812744]]","[0, 0]",0,0.0,0.4776817980358414,1.3465286374375947e-17,-9.432807865098665e-05,-0.0012348010621482173,-1.0406745012767696e-16,0.0007219059346718061,0.027898246413080023,0.005754306198396684
679,0680,[1463],"[145, 451]","[[41.90999984741211, -9.144000053405762, 7.086599826812744], [43.738800048828125, -9.144000053405762, 7.086599826812744]]","[0, 0]",0,-0.25285703229718265,0.0,-2.2433062079975373e-17,0.007226649980541011,0.0034066012128632396,-7.90269798324157e-17,0.00669556606714999,0.004694920965497954,0.001420134995026905
680,0681,[1464],"[109, 145]","[[36.42359924316406, -9.144000053405762, 7.086599826812744], [41.90999984741211, -9.144000053405762, 7.086599826812744]]","[0, 0]",0,0.0,1.1633809864234517,-2.1166671528309143e-17,-0.0005503285645725444,-0.00036069625275422746,6.294060186535904e-17,0.002831701230655118,0.003799031318215077,0.0007613593932194703
681,0682,[1465],"[133, 145]","[[41.90999984741211, -6.1975998878479, 7.086599826812744], [41.90999984741211, -9.144000053405762, 7.086599826812744]]","[0, 0]",0,0.0,1.226879793262215,-3.601264151277602e-17,-0.0020599713662708017,-0.0001474078823284222,6.667350832516625e-17,0.004211926625692834,0.004328472561496638,0.0007786573100408473
682,0683,"[1466, 1467]","[109, 211, 1109]","[[36.42359924316406, -9.144000053405762, 7.086599826812744], [36.42359924316406, -6.1975998878479, 7.086599826812744], [36.42359924316406, -7.924799919128418, 7.086599826812744]]","[0, 0, 0]",0,-1.642703194675849,0.0,-0.004937476605684128,0.01696075501527366,0.00047475962287300735,0.006019772140641318,0.017129009001126516,0.003332874406358885,0.0003316404229438809
683,0684,[2249],"[1085, 1110]","[[38.709598541259766, -27.203399658203125, 7.086599826812744], [38.709598541259766, -35.12820053100586, 7.086599826812744]]","[0, 0]",0,0.0,1.1812290750282732,-8.148592182004953e-17,-0.0011978318367611071,0.001707758465649447,-5.389322298072754e-16,-0.00483056660527046,0.07376556435093572,0.003958429321722641
684,0685,[1468],"[433, 439]","[[43.738800048828125, -35.12820053100586, 7.086599826812744], [43.738800048828125, -27.203399658203125, 7.086599826812744]]","[0, 0]",0,0.0,2.8981573089940493,2.0371480455012382e-17,-0.0009523952631995088,0.002203334244824026,-9.591114584697745e-17,-0.0038090451104809088,0.019589548814371145,0.016516529937019003
685,0686,[1469],"[376, 1084]","[[36.42359924316406, -35.12820053100586, 7.086599826812744], [36.42359924316406, -27.203399658203125, 7.086599826812744]]","[0, 0]",0,0.0,0.4229136171155981,0.08916108769493036,-0.0014100369557981435,0.00184439502589695,-0.7065838655848257,-0.005712409882269751,0.062016988443049086,0.010043385254524183
686,0687,[1470],"[376, 1106]","[[36.42359924316406, -35.12820053100586, 7.086599826812744], [36.42359924316406, -38.48099899291992, 7.086599826812744]]","[0, 0]",0,-0.9312849692259584,0.0,-0.43886345115166486,-0.0063323522796661195,-0.00563171990652154,-1.4714207040115976,-0.010900494011356737,0.07319713792618383,0.011147140411946501
687,0688,"[1471, 1472, 1473]","[376, 433, 1110, 1111]","[[36.42359924316406, -35.12820053100586, 7.086599826812744], [43.738800048828125, -35.12820053100586, 7.086599826812744], [38.709598541259766, -35.12820053100586, 7.086599826812744], [41.30812454223633, -35.12820053100586, 7.086599826812744]]","[0, 0, 0, 0]",0,0.0,0.8659927525564787,1.0150124076320661,-0.005335822196249877,-0.0005252567144007753,-2.4671657981180344,0.009850919986114573,0.08646995974774083,0.019105701145284648
688,0689,[2250],"[1108, 1111]","[[41.30812454223633, -38.48099899291992, 7.086599826812744], [41.30812454223633, -35.12820053100586, 7.086599826812744]]","[0, 0]",0,0.0,0.2816469303201651,-6.714741937486543e-16,-0.004277994767955523,0.0004921052390153733,2.4023326888076924e-15,-0.007351816365420114,0.06098494352894115,0.0164043744069467
689,0690,[2251],"[1086, 1111]","[[41.30812454223633, -27.203399658203125, 7.086599826812744], [41.30812454223633, -35.12820053100586, 7.086599826812744]]","[0, 0]",0,0.0,2.0214260347436497,-8.148592182004953e-17,-0.001025718523818719,0.00214171972961643,3.4988639938369986e-16,-0.004156979186500569,0.057262523142614825,0.01268809528427859
690,0691,[2252],"[1107, 1110]","[[38.709598541259766, -38.48099899291992, 7.086599826812744], [38.709598541259766, -35.12820053100586, 7.086599826812744]]","[0, 0]",0,0.0,0.14845688377262511,-1.119123656247757e-15,-0.005216597531871717,-0.0017559187245787427,-2.705936050099532e-15,-0.00889187505580309,0.0848487573019755,0.003103881496298748
691,0692,[1474],"[64, 157]","[[0.0, -35.12820053100586, 7.086599826812744], [0.0, -38.48099899291992, 7.086599826812744]]","[0, 0]",0,-0.3582749335847651,0.0,-8.952989249982057e-16,-0.002381133217414767,0.01233894348044015,-1.5008784293436491e-15,-0.004124998707104801,0.02126520978525053,0.027248863115374333
692,0693,[1475],"[235, 433]","[[43.738800048828125, -38.48099899291992, 7.086599826812744], [43.738800048828125, -35.12820053100586, 7.086599826812744]]","[0, 0]",0,0.0,0.30917814170709146,4.476494624991029e-16,-0.004362219022036657,-0.0009032175440456564,8.142729080118223e-16,-0.0074945490073718,0.016082849374261753,0.019556364228860482
693,0694,[1476],"[133, 211]","[[41.90999984741211, -6.1975998878479, 7.086599826812744], [36.42359924316406, -6.1975998878479, 7.086599826812744]]","[0, 0]",0,0.0,0.39511944765677,1.0583335764154572e-17,0.0009526336825796792,9.00469592351462e-05,-3.390839199965024e-17,-0.0037200470516258184,0.003115764897974325,0.0007648505287066467
694,0695,[1477],"[40, 241]","[[1.8287999629974365, -6.1975998878479, 7.086599826812744], [7.315199851989746, -6.1975998878479, 7.086599826812744]]","[0, 0]",0,0.0,0.4039523528689101,0.0,-6.110236366366313e-05,-0.0002525607568747893,-9.752365539287547e-18,0.00025454729863854167,0.006804981492003291,0.0009358199465789041
695,0696,[1478],"[241, 253]","[[7.315199851989746, -6.1975998878479, 7.086599826812744], [7.315199851989746, -9.144000053405762, 7.086599826812744]]","[0, 0]",0,0.0,3.055923179058309,-1.4405056605110407e-16,0.0046876260727812275,-0.0005436943403711607,2.4853445747738948e-16,-0.00722657681979254,0.006651887017502456,0.0016394129361884447
696,0697,[1479],"[52, 253]","[[1.8287999629974365, -9.144000053405762, 7.086599826812744], [7.315199851989746, -9.144000053405762, 7.086599826812744]]","[0, 0]",0,0.0,2.5399986124269227,2.1166677004838362e-17,-0.0012920336811576589,0.00049912022474236,-6.781679272412817e-17,0.004153330573815903,0.007561515510444877,0.002266754780205993
697,0702,"[1480, 1481]","[33, 201, 1112]","[[1.8287999629974365, -2.842170943040401e-14, 10.439399719238281], [9.753600120544434, -3.4106052671737525e-14, 10.439399719238281], [7.315199851989746, -5.684341886080802e-14, 10.439399719238281]]","[0, 0, 0]",0,0.0,0.28847632752464863,0.6523188384868329,0.00023551118128084257,0.005676809286100673,-0.6489718942341174,0.0006534134299783776,0.027818584968147778,0.002376671898643184
698,0703,[1482],"[81, 201]","[[15.849599838256836, -2.842170943040401e-14, 10.439399719238281], [9.753600120544434, -3.4106052671737525e-14, 10.439399719238281]]","[0, 0]",0,-0.01544431565722357,0.0,0.0,0.0002686943942605351,0.003309151661544127,0.0,0.0008315219929392488,0.021905491376995496,0.007799834948933852
699,0704,[1483],"[225, 530]","[[36.42359924316406, -3.4106052671737525e-14, 10.439399719238281], [27.88920021057129, -2.842170943040401e-14, 10.439399719238281]]","[0, 0]",0,-0.30489819608249963,0.0,0.0,4.7251500454946126e-05,-0.003351530040320109,-4.0750959798206153e-17,-0.00020513364232893023,0.02200812387997469,0.006567843760274796
700,0705,[1484],"[126, 225]","[[41.90999984741211, -2.842170943040401e-14, 10.439399719238281], [36.42359924316406, -3.4106052671737525e-14, 10.439399719238281]]","[0, 0]",0,-0.10725286609417445,0.0,-8.466668611323657e-17,0.00012541618882109558,0.0005445789264845567,3.297813216044991e-16,-0.0003485514298217497,0.016898893760496237,0.0021533826838542364
701,0706,"[1485, 1486, 1487]","[126, 138, 1113, 1114]","[[41.90999984741211, -2.842170943040401e-14, 10.439399719238281], [41.90999984741211, -6.1975998878479, 10.439399719238281], [41.90999984741211, -2.1691598892211914, 10.439399719238281], [41.90999984741211, -4.228439807891846, 10.439399719238281]]","[0, 0, 0, 0]",0,-0.18635761658938987,0.0,0.8152179795333043,0.0007310654023177914,0.000567673274392051,0.3733937786345919,0.0027391864016524793,0.014693964489388934,0.0037484705090719463
702,0707,"[1488, 1489, 1490]","[213, 225, 1115, 1116]","[[36.42359924316406, -6.1975998878479, 10.439399719238281], [36.42359924316406, -3.4106052671737525e-14, 10.439399719238281], [36.42359924316406, -4.228439807891846, 10.439399719238281], [36.42359924316406, -2.1691598892211914, 10.439399719238281]]","[0, 0, 0, 0]",0,0.0,1.0423986886990209,0.7770956716001004,0.0032561893639050806,0.0020339470968708047,0.6919416704055436,0.004366591726061188,0.02124556932544833,0.006082067360975165
703,0708,"[1491, 1492, 1493, 1494]","[309, 530, 1117, 1118, 1119]","[[27.88920021057129, -7.924799919128418, 10.439399719238281], [27.88920021057129, -2.842170943040401e-14, 10.439399719238281], [27.88920021057129, -2.1691598892211914, 10.439399719238281], [27.88920021057129, -4.228439807891846, 10.439399719238281], [27.88920021057129, -6.1975998878479, 10.439399719238281]]","[0, 0, 0, 0, 0]",0,-0.11816820365330849,0.15474785644234995,2.094394787626821,0.007054501744058417,0.003920835343202345,0.25710075103992225,0.006417589783387665,0.05177882003946754,0.010982098762973978
704,0709,[1495],"[213, 1119]","[[36.42359924316406, -6.1975998878479, 10.439399719238281], [27.88920021057129, -6.1975998878479, 10.439399719238281]]","[0, 0]",0,-1.2865198824764659,0.0,-0.027141684081809593,0.00020935537298743073,0.0022272546257029097,-0.23163796237073442,0.0012271662735179743,0.02111098563830256,0.006349858805724124
705,0710,[2253],"[1113, 1116]","[[41.90999984741211, -2.1691598892211914, 10.439399719238281], [36.42359924316406, -2.1691598892211914, 10.439399719238281]]","[0, 0]",0,-0.10353902375244084,0.0,0.0,0.00015014966782504166,0.0005620296302872684,-7.801891414306296e-17,-0.00041478632096282055,0.018909577289672356,0.0019261627318825365
706,0711,[2254],"[1114, 1115]","[[41.90999984741211, -4.228439807891846, 10.439399719238281], [36.42359924316406, -4.228439807891846, 10.439399719238281]]","[0, 0]",0,-0.04158733921398972,0.0,7.4083350349082e-17,0.0001673341076713892,0.0012677313102616055,-2.958729296048489e-16,0.0005446299909187832,0.010895374016852472,0.005370104180362619
707,0712,"[1496, 1497, 1498]","[93, 285, 1120, 1121]","[[17.525999069213867, -7.924799919128418, 10.439399719238281], [17.525999069213867, -14.935199737548828, 10.439399719238281], [17.525999069213867, -10.344253540039062, 10.439399719238281], [17.525999069213867, -12.700115203857422, 10.439399719238281]]","[0, 0, 0, 0]",0,0.0,2.2316634443423546,0.6185812622767634,0.008710213956303807,0.009005355329710805,0.9997355077983421,0.010143167625758552,0.041087606298687664,0.020247478868670753
708,0713,"[1499, 1500, 1501, 1502, 1503, 1504]","[417, 461, 1122, 1123, 1124, 1125, 1126]","[[9.753600120544434, -14.935199737548828, 10.439399719238281], [9.753600120544434, -7.924799919128418, 10.439399719238281], [9.753600120544434, -9.144000053405762, 10.439399719238281], [9.753600120544434, -10.344253540039062, 10.439399719238281], [9.753600120544434, -11.688923835754395, 10.439399719238281], [9.753600120544434, -12.700115203857422, 10.439399719238281], [9.753600120544434, -14.130844116210938, 10.439399719238281]]","[0, 0, 0, 0, 0, 0, 0]",0,0.0,2.3829376757291496,2.1597236290976345,0.07169634641012754,0.014436174327374332,4.310010486847135,0.030015932429259626,0.12268302364127277,0.03193114495958774
709,0714,"[1505, 1506, 1507]","[33, 45, 1127, 1128]","[[1.8287999629974365, -2.842170943040401e-14, 10.439399719238281], [1.8287999629974365, -6.1975998878479, 10.439399719238281], [1.8287999629974365, -4.228439807891846, 10.439399719238281], [1.8287999629974365, -2.1691598892211914, 10.439399719238281]]","[0, 0, 0, 0]",0,-0.05013522944289538,0.2234218588086379,0.7680018248750421,0.0012822001985205594,0.0030560750278493835,0.9546265769796562,0.001440654077231596,0.0176859103780679,0.004042531995222223
710,0715,"[1508, 1509, 1510]","[246, 1112, 1129, 1130]","[[7.315199851989746, -6.1975998878479, 10.439399719238281], [7.315199851989746, -5.684341886080802e-14, 10.439399719238281], [7.315199851989746, -4.228439807891846, 10.439399719238281], [7.315199851989746, -2.1691598892211914, 10.439399719238281]]","[0, 0, 0, 0]",0,-0.9227035577051074,0.0,0.6947574539164668,0.002191494410802668,0.0024638021580570967,0.8298329729333611,0.00250097814420626,0.028355807561915372,0.00641794516635325
711,0716,[2255],"[1130, 1133]","[[7.315199851989746, -2.1691598892211914, 10.439399719238281], [9.753600120544434, -2.1691598892211914, 10.439399719238281]]","[0, 0]",0,0.0,0.37309560410851106,1.2469381921533057e-15,-0.00012028232826397827,0.0040046003844004825,1.5202672113088585e-15,0.0001675826815634249,0.028659779481659025,0.002782998820223839
712,0717,[2256],"[1116, 1117]","[[36.42359924316406, -2.1691598892211914, 10.439399719238281], [27.88920021057129, -2.1691598892211914, 10.439399719238281]]","[0, 0]",0,-0.38322245609806255,0.0,-3.514833509197434e-17,5.19053697080352e-05,-0.0028977958324874547,2.0013998594704225e-16,-0.00022840360151625867,0.03515025901729932,0.0041847054154422044
713,0718,[2257],"[1129, 1132]","[[7.315199851989746, -4.228439807891846, 10.439399719238281], [9.753600120544434, -4.228439807891846, 10.439399719238281]]","[0, 0]",0,0.0,0.788219656928772,-8.3129212810220375e-16,-0.0005986677189522497,0.0028937294602303506,-1.0135114742059057e-15,0.0008034796635234244,0.021085184972500823,0.007606480155367435
714,0719,[2258],"[1115, 1118]","[[36.42359924316406, -4.228439807891846, 10.439399719238281], [27.88920021057129, -4.228439807891846, 10.439399719238281]]","[0, 0]",0,-0.6322884937657538,0.0,0.0,6.665474131800538e-05,-0.0013928428434517158,-1.0031005488789207e-16,-0.0003169913416342339,0.03294296815195167,0.006754281968911534
715,0720,[1511],"[246, 1131]","[[7.315199851989746, -6.1975998878479, 10.439399719238281], [9.753600120544434, -6.1975998878479, 10.439399719238281]]","[0, 0]",0,0.0,1.938685118510532,0.29177940821522313,-0.0011829100315224974,-0.003811007715542007,0.711474987350728,0.0017715423697690221,0.013049104031188247,0.006633145231263754
716,0721,[2259],"[1131, 1136]","[[9.753600120544434, -6.1975998878479, 10.439399719238281], [15.849599838256836, -6.1975998878479, 10.439399719238281]]","[0, 0]",0,0.0,0.5282151773869738,0.0,0.00038001197770039854,-0.0011981970612310452,7.02170337136934e-17,0.0011774551943785122,0.027860246929658952,0.005756677487376925
717,0722,[1512],"[297, 461]","[[15.849599838256836, -7.924799919128418, 10.439399719238281], [9.753600120544434, -7.924799919128418, 10.439399719238281]]","[0, 0]",0,0.0,0.6547736861226271,-6.868033948634334e-17,0.00044274989721219233,-0.0006720080470728274,-2.4444618191741715e-16,-0.0013573709276338446,0.022186789765877155,0.0022386763576871453
718,0723,"[1513, 1514, 1515, 1516]","[201, 461, 1131, 1132, 1133]","[[9.753600120544434, -3.4106052671737525e-14, 10.439399719238281], [9.753600120544434, -7.924799919128418, 10.439399719238281], [9.753600120544434, -6.1975998878479, 10.439399719238281], [9.753600120544434, -4.228439807891846, 10.439399719238281], [9.753600120544434, -2.1691598892211914, 10.439399719238281]]","[0, 0, 0, 0, 0]",0,0.0,0.8988711614952316,0.8614479554431863,0.00889302091492287,0.0006588214962179493,1.575434365399497,0.007681698695814427,0.028892797904191723,0.007641153306206885
719,0724,[2260],"[1133, 1134]","[[9.753600120544434, -2.1691598892211914, 10.439399719238281], [15.849599838256836, -2.1691598892211914, 10.439399719238281]]","[0, 0]",0,0.0,0.10079489081336267,-6.868033948634334e-17,0.00029248685883641925,0.0029152069081514304,2.444461819174172e-16,0.000900839541965021,0.03675138401558558,0.004287852829556124
720,0725,[2261],"[1128, 1130]","[[1.8287999629974365, -2.1691598892211914, 10.439399719238281], [7.315199851989746, -2.1691598892211914, 10.439399719238281]]","[0, 0]",0,0.0,0.3332541241910446,8.466670801935345e-17,0.0002783472775303919,-0.000640101951320349,-3.492860952108131e-16,0.0007795056136031685,0.021820649818388414,0.003533502936016172
721,0726,[2262],"[1127, 1129]","[[1.8287999629974365, -4.228439807891846, 10.439399719238281], [7.315199851989746, -4.228439807891846, 10.439399719238281]]","[0, 0]",0,0.0,0.5017887244112993,0.0,0.000401550224322404,-0.0009047849217810228,-5.851419323572528e-17,0.0011169783343179653,0.014006617129668922,0.006120920740821393
722,0727,"[1517, 1518, 1519, 1520]","[81, 297, 1134, 1135, 1136]","[[15.849599838256836, -2.842170943040401e-14, 10.439399719238281], [15.849599838256836, -7.924799919128418, 10.439399719238281], [15.849599838256836, -2.1691598892211914, 10.439399719238281], [15.849599838256836, -4.228439807891846, 10.439399719238281], [15.849599838256836, -6.1975998878479, 10.439399719238281]]","[0, 0, 0, 0, 0]",0,-0.1539617609164757,0.0485230170603658,1.6656889381955768,0.009724952634296633,0.004333034432664252,0.23127904886216516,0.0031736986520102058,0.0451228189434431,0.010287560871495785
723,0728,[1521],"[93, 297]","[[17.525999069213867, -7.924799919128418, 10.439399719238281], [15.849599838256836, -7.924799919128418, 10.439399719238281]]","[0, 0]",0,0.0,0.35916627172116716,5.06314618840086e-15,0.007291263529677532,0.006199521696970588,-5.520601055029068e-15,0.006483796592698599,0.022956507752700077,0.006547157035356037
724,0729,[1522],"[105, 309]","[[26.212799072265625, -7.924799919128418, 10.439399719238281], [27.88920021057129, -7.924799919128418, 10.439399719238281]]","[0, 0]",0,-0.49491073613922415,0.0,1.687711849905847e-15,8.369565046058916e-05,-0.010760713780851906,2.180644481705e-15,-0.0003014381722822137,0.025672129933475934,0.004251722208148297
725,0730,[2263],"[1120, 1123]","[[17.525999069213867, -10.344253540039062, 10.439399719238281], [9.753600120544434, -10.344253540039062, 10.439399719238281]]","[0, 0]",0,0.0,0.47043512500012197,4.168848394084741e-17,0.0003064125621010734,-0.002198133806020381,-1.818013320125257e-16,0.0012244755762076454,0.02674148383031644,0.00739177473004113
726,0731,[2264],"[1121, 1125]","[[17.525999069213867, -12.700115203857422, 10.439399719238281], [9.753600120544434, -12.700115203857422, 10.439399719238281]]","[0, 0]",0,0.0,0.1567017631808048,1.694008236326498e-16,0.0003508128465033287,-0.006780279003982271,-9.336863327728032e-16,0.0014105545110452652,0.05184437959257696,0.01624730113252895
727,0732,[1523],"[285, 417]","[[17.525999069213867, -14.935199737548828, 10.439399719238281], [9.753600120544434, -14.935199737548828, 10.439399719238281]]","[0, 0]",0,-0.08351271497685805,0.0,0.0,0.00010679591668152283,-0.007159323796876777,1.1014437640789258e-16,-0.0004475901029634674,0.09089100785169292,0.02404989545291159
728,0733,[2265],"[1126, 1139]","[[9.753600120544434, -14.130844116210938, 10.439399719238281], [0.0, -14.130844116210938, 10.439399719238281]]","[0, 0]",0,0.0,0.07821502059665354,0.0,5.500214769004211e-05,0.005504178208716263,0.0,0.0004361521241367047,0.07125181929810007,0.022793401573104326
729,0734,[2266],"[1124, 1138]","[[9.753600120544434, -11.688923835754395, 10.439399719238281], [0.0, -11.688923835754395, 10.439399719238281]]","[0, 0]",0,0.0,0.6690540095935253,0.0,5.502065680806585e-05,0.002874150579837444,0.0,0.0005813290776572112,0.028684050396456134,0.013776892124449758
730,0735,[1524],"[57, 1137]","[[1.8287999629974365, -9.144000053405762, 10.439399719238281], [0.0, -9.144000053405762, 10.439399719238281]]","[0, 0]",0,0.0,0.16938769373462997,0.393207241421249,0.01205242721316335,-0.000780896401302837,-0.7190973885615037,-0.011286443149423855,0.01320152999586717,0.0035731006321695004
731,0736,[1525],"[258, 1122]","[[7.315199851989746, -9.144000053405762, 10.439399719238281], [9.753600120544434, -9.144000053405762, 10.439399719238281]]","[0, 0]",0,0.0,1.8106779561305417,0.6249372095232738,0.0013545353633727289,0.0015712205399002884,1.5238470595313678,0.0020752591280069994,0.014819975481743223,0.006769820361352332
732,0737,"[1526, 1527, 1528]","[165, 1137, 1138, 1139]","[[0.0, -16.459199905395508, 10.439399719238281], [0.0, -9.144000053405762, 10.439399719238281], [0.0, -11.688923835754395, 10.439399719238281], [0.0, -14.130844116210938, 10.439399719238281]]","[0, 0, 0, 0]",0,0.0,1.8535027361037018,0.8204421069092309,0.007635414395200512,-0.004177820370010662,2.0728159741599974,-0.007599899393811603,0.04318401074806311,0.023205650759710653
733,0738,"[1529, 1530, 1531]","[165, 177, 1140, 1141]","[[0.0, -16.459199905395508, 10.439399719238281], [0.0, -23.012399673461914, 10.439399719238281], [0.0, -18.747596740722656, 10.439399719238281], [0.0, -20.917984008789062, 10.439399719238281]]","[0, 0, 0, 0]",0,-0.5637690552333895,0.9375559893568036,1.4677469839468356,0.005884555813634157,-0.008760212624679773,-2.0704716569024555,0.00674675235721284,0.07661921212193268,0.049087541202174165
734,0739,"[1532, 1533]","[177, 189, 1142]","[[0.0, -23.012399673461914, 10.439399719238281], [0.0, -27.203399658203125, 10.439399719238281], [0.0, -25.107900619506836, 10.439399719238281]]","[0, 0, 0]",0,-2.6517180836415686,0.0,0.4682678878450092,0.002395417883795042,0.0038527103103267514,1.3746306436305575,-0.0019066216396624901,0.05714106461155711,0.05361589448512932
735,0740,"[1534, 1535]","[383, 536, 1143]","[[9.753600120544434, -27.203399658203125, 10.439399719238281], [9.753600120544434, -23.012399673461914, 10.439399719238281], [9.753600120544434, -25.107900619506836, 10.439399719238281]]","[0, 0, 0]",0,0.0,1.6737591609733093,0.5791713395610465,0.005328585441462305,-0.0014572921081568442,-0.976524536685921,-0.004894735750298157,0.3486193861500958,0.010921239595049334
736,0741,"[1536, 1537]","[395, 493, 1144]","[[17.525999069213867, -27.203399658203125, 10.439399719238281], [17.525999069213867, -23.012399673461914, 10.439399719238281], [17.525999069213867, -25.107900619506836, 10.439399719238281]]","[0, 0, 0]",0,0.0,14.455082437393084,1.89279697969864,0.02054767264244046,-0.01373303430212404,3.9663578616294535,-0.009184390730053539,0.17568112076104972,0.0538629858071208
737,0742,[1538],"[165, 1158]","[[0.0, -16.459199905395508, 10.439399719238281], [9.753600120544434, -16.459199905395508, 10.439399719238281]]","[0, 0]",0,0.0,0.07826203206212254,-0.20615398306201294,-1.2709249172936136e-05,0.005059243555008371,-2.0107435140443637,-6.83136701771069e-05,0.11789261344307456,0.023721978473492545
738,0743,[2267],"[1145, 1157]","[[17.525999069213867, -17.72361946105957, 10.439399719238281], [9.753600120544434, -17.72361946105957, 10.439399719238281]]","[0, 0]",0,-0.19941401591177355,0.0,-3.388016472652996e-16,-4.462218247118611e-05,-0.0055142025296148825,-1.5369395363219287e-15,-0.0001799600393087159,0.15071707036379067,0.026312077703000158
739,0744,"[1539, 1540, 1541]","[285, 493, 1145, 1146]","[[17.525999069213867, -14.935199737548828, 10.439399719238281], [17.525999069213867, -23.012399673461914, 10.439399719238281], [17.525999069213867, -17.72361946105957, 10.439399719238281], [17.525999069213867, -20.461647033691406, 10.439399719238281]]","[0, 0, 0, 0]",0,0.0,6.3190430429727185,2.14449923917441,0.007832986163778272,0.011704756167562792,-0.17178366464147854,0.00712067859235323,0.09132871064949111,0.05126910454787585
740,0745,[2268],"[1146, 1155]","[[17.525999069213867, -20.461647033691406, 10.439399719238281], [9.753600120544434, -20.461647033691406, 10.439399719238281]]","[0, 0]",0,0.0,0.007682691879628263,3.388016472652996e-16,-0.00011789398465966835,-0.005043036786262159,1.7572282891377138e-15,-0.00046265451554530627,0.18508895457934868,0.02642597194310213
741,0746,[2269],"[1141, 1154]","[[0.0, -20.917984008789062, 10.439399719238281], [9.753600120544434, -20.917984008789062, 10.439399719238281]]","[0, 0]",0,0.0,0.5407409583089217,2.1544462401790972e-16,-5.504280422271239e-05,0.005221107263644667,1.0506803553958672e-15,-0.00027620076618588925,0.18228853798870703,0.022555768000960548
742,0747,[2270],"[1140, 1156]","[[0.0, -18.747596740722656, 10.439399719238281], [9.753600120544434, -18.747596740722656, 10.439399719238281]]","[0, 0]",0,0.0,0.23763083678660796,0.0,-5.069298676584533e-05,0.004146567609184818,-1.7554257398585427e-16,0.0002499939205943615,0.16137465632582132,0.02340336218038733
743,0748,[1542],"[177, 536]","[[0.0, -23.012399673461914, 10.439399719238281], [9.753600120544434, -23.012399673461914, 10.439399719238281]]","[0, 0]",0,0.0,0.67459080719467,-2.1544462401790972e-16,-1.2040506721828036e-05,0.004801188330798083,-1.2262229293817215e-15,-8.130324094424084e-05,0.1888616403655657,0.02670313369166037
744,0749,[2271],"[1142, 1143]","[[0.0, -25.107900619506836, 10.439399719238281], [9.753600120544434, -25.107900619506836, 10.439399719238281]]","[0, 0]",0,0.0,0.9569219160540783,-2.1544462401790972e-16,-4.559374170669077e-05,0.003249618342662569,-1.2262229293817215e-15,-0.00024558062898298225,0.1957077594662241,0.02993575997227885
745,0750,"[1543, 1544, 1545, 1546]","[189, 383, 1147, 1148, 1149]","[[0.0, -27.203399658203125, 10.439399719238281], [9.753600120544434, -27.203399658203125, 10.439399719238281], [2.5823607444763184, -27.203399658203125, 10.439399719238281], [5.016953468322754, -27.203399658203125, 10.439399719238281], [7.315199851989746, -27.203399658203125, 10.439399719238281]]","[0, 0, 0, 0, 0]",0,0.0,1.9575517706015435,2.302382982054032,-0.0010513095762189353,0.005148383188874498,-1.671032150038398,0.0018927667773592043,0.35107082273961643,0.0522025230355707
746,0751,"[1547, 1548, 1549]","[383, 395, 1150, 1151]","[[9.753600120544434, -27.203399658203125, 10.439399719238281], [17.525999069213867, -27.203399658203125, 10.439399719238281], [12.494023323059082, -27.203399658203125, 10.439399719238281], [15.049118995666504, -27.203399658203125, 10.439399719238281]]","[0, 0, 0, 0]",0,0.0,5.560930632948301,1.1493668408861744,-0.0033284586430198794,0.007979948866461967,-0.6448206298224595,0.004569887506355511,0.3501075191979567,0.039480127283342395
747,0752,[2272],"[1143, 1144]","[[9.753600120544434, -25.107900619506836, 10.439399719238281], [17.525999069213867, -25.107900619506836, 10.439399719238281]]","[0, 0]",0,0.0,1.4432645439863416,6.776032945305992e-16,-0.0003422104755351013,0.006277020993562564,3.955034083906998e-15,0.001337783385354955,0.24076856428067525,0.03200807997696259
748,0753,[1550],"[493, 536]","[[17.525999069213867, -23.012399673461914, 10.439399719238281], [9.753600120544434, -23.012399673461914, 10.439399719238281]]","[0, 0]",0,0.0,0.9102693627210302,-3.388016472652996e-16,-0.0001245357695946951,0.0006663701360106768,-1.5369395363219287e-15,0.000487584358831852,0.20525660860807957,0.03204137821370518
749,0754,"[1551, 1552, 1553]","[395, 479, 1152, 1153]","[[17.525999069213867, -27.203399658203125, 10.439399719238281], [26.212799072265625, -27.203399658203125, 10.439399719238281], [20.55723762512207, -27.203399658203125, 10.439399719238281], [23.457565307617188, -27.203399658203125, 10.439399719238281]]","[0, 0, 0, 0]",0,0.0,8.168353100637775,1.6980763576151066,-0.019601581087260386,-0.0019399556433449625,4.0677744813109005,0.045998250953347794,0.1768677869530021,0.0335877188759636
750,0755,[1554],"[69, 189]","[[0.0, -35.12820053100586, 10.439399719238281], [0.0, -27.203399658203125, 10.439399719238281]]","[0, 0]",0,-1.3235440436118644,0.0,1.2222888273007429e-16,-0.0003397082879602318,0.005615852723243271,6.058492406856537e-16,-0.0013760010450143587,0.04997695413182139,0.041872997404541853
751,0756,"[1555, 1556, 1557, 1558, 1559, 1560]","[417, 536, 1154, 1155, 1156, 1157, 1158]","[[9.753600120544434, -14.935199737548828, 10.439399719238281], [9.753600120544434, -23.012399673461914, 10.439399719238281], [9.753600120544434, -20.917984008789062, 10.439399719238281], [9.753600120544434, -20.461647033691406, 10.439399719238281], [9.753600120544434, -18.747596740722656, 10.439399719238281], [9.753600120544434, -17.72361946105957, 10.439399719238281], [9.753600120544434, -16.459199905395508, 10.439399719238281]]","[0, 0, 0, 0, 0, 0, 0]",0,0.0,2.4329081073029775,0.6725644632820653,0.13955917201561147,0.014673807976433088,-1.0249883549295609,0.032206169480516876,0.30302819521294677,0.031835072439786484
752,0757,[2273],"[1159, 1168]","[[26.212799072265625, -10.344253540039062, 10.439399719238281], [33.985198974609375, -10.344253540039062, 10.439399719238281]]","[0, 0]",0,-0.9648703258583381,0.0,8.470039111074169e-17,-0.00015243688700069651,-6.893751286132587e-05,-3.5669874652209443e-16,0.0006164476452138962,0.02368635164269028,0.004852894105196483
753,0758,[2274],"[1160, 1166]","[[26.212799072265625, -12.700115203857422, 10.439399719238281], [33.985198974609375, -12.700115203857422, 10.439399719238281]]","[0, 0]",0,-0.4699250892800524,0.0,2.117509777768542e-17,-0.00024263207304240847,0.002951213246610818,9.605870931134646e-17,0.0009621524034186577,0.03426706252383326,0.005661307322675852
754,0759,[1561],"[273, 406]","[[26.212799072265625, -14.935199737548828, 10.439399719238281], [33.985198974609375, -14.935199737548828, 10.439399719238281]]","[0, 0]",0,-0.03274332854826773,0.0,0.0,-0.0004726234561076712,0.0021707157011536214,-1.5144849897810266e-16,-0.0018604375592111576,0.04408134557205001,0.004686054273041621
755,0760,[2275],"[1161, 1164]","[[26.212799072265625, -17.72361946105957, 10.439399719238281], [33.985198974609375, -17.72361946105957, 10.439399719238281]]","[0, 0]",0,0.0,0.5860561339445985,0.0,-0.0007355673586066143,-0.00010301206312752386,-6.884022680822848e-17,0.0028704866476658227,0.05278157822061545,0.0026713107065960253
756,0761,[2276],"[1162, 1163]","[[26.212799072265625, -20.461647033691406, 10.439399719238281], [33.985198974609375, -20.461647033691406, 10.439399719238281]]","[0, 0]",0,-0.16144613344474656,0.0,2.117509777768542e-17,-0.0011099089070884798,0.00014171736608518013,-9.605870931134646e-17,0.0043705249077583795,0.033564468582317195,0.010806316465943868
757,0762,"[1562, 1563, 1564]","[105, 273, 1159, 1160]","[[26.212799072265625, -7.924799919128418, 10.439399719238281], [26.212799072265625, -14.935199737548828, 10.439399719238281], [26.212799072265625, -10.344253540039062, 10.439399719238281], [26.212799072265625, -12.700115203857422, 10.439399719238281]]","[0, 0, 0, 0]",0,-3.5370228813606692,0.0,0.501733728890003,0.005618664330622697,0.004668660014006275,-0.8886471730177317,0.0065401177058397415,0.040505245389568595,0.005369026344270175
758,0763,"[1565, 1566, 1567]","[273, 473, 1161, 1162]","[[26.212799072265625, -14.935199737548828, 10.439399719238281], [26.212799072265625, -23.012399673461914, 10.439399719238281], [26.212799072265625, -17.72361946105957, 10.439399719238281], [26.212799072265625, -20.461647033691406, 10.439399719238281]]","[0, 0, 0, 0]",0,-9.994936047471413,0.0,0.29000114981686315,0.002426822514786438,0.0032164845384737213,0.7044971157041853,0.006355020301484876,0.042759492765530045,0.010106800994341905
759,0764,"[1568, 1569, 1570]","[406, 507, 1163, 1164]","[[33.985198974609375, -14.935199737548828, 10.439399719238281], [33.985198974609375, -23.012399673461914, 10.439399719238281], [33.985198974609375, -20.461647033691406, 10.439399719238281], [33.985198974609375, -17.72361946105957, 10.439399719238281]]","[0, 0, 0, 0]",0,-1.3828394057617737,0.0,1.1400678572476008,0.003523581901551047,0.00030525542858216405,0.2779347800441553,-0.0009510355889142198,0.0541929896760772,0.01026085962296217
760,0765,"[1571, 1572, 1573, 1574, 1575, 1576]","[406, 1165, 1166, 1167, 1168, 1169, 1170]","[[33.985198974609375, -14.935199737548828, 10.439399719238281], [33.985198974609375, -14.098685264587402, 10.439399719238281], [33.985198974609375, -12.700115203857422, 10.439399719238281], [33.985198974609375, -11.627782821655273, 10.439399719238281], [33.985198974609375, -10.344253540039062, 10.439399719238281], [33.985198974609375, -9.144000053405762, 10.439399719238281], [33.985198974609375, -7.924799919128418, 10.439399719238281]]","[0, 0, 0, 0, 0, 0, 0]",0,-1.5575175568458486,0.0,0.898873123009493,0.04725568278821624,0.0004178729611002979,1.9524539574724311,-0.01181657383358362,0.04497638370425007,0.011048220420369043
761,0766,[1577],"[309, 1170]","[[27.88920021057129, -7.924799919128418, 10.439399719238281], [33.985198974609375, -7.924799919128418, 10.439399719238281]]","[0, 0]",0,-1.2359507470804445,0.0,0.10861069391900408,2.0499328560529625e-05,0.0012179510942071077,-0.6620906558915678,0.00020412792407028285,0.01872066711489484,0.004238625975201796
762,0767,"[1578, 1579, 1580]","[479, 513, 1171, 1172]","[[26.212799072265625, -27.203399658203125, 10.439399719238281], [33.985198974609375, -27.203399658203125, 10.439399719238281], [28.978139877319336, -27.203399658203125, 10.439399719238281], [31.526952743530273, -27.203399658203125, 10.439399719238281]]","[0, 0, 0, 0]",0,0.0,2.6733194318787983,0.30300636340244846,-0.01159687886965722,0.005644393809553487,-0.6322370126002683,0.01850144958545664,0.024531665932436147,0.007437627299473727
763,0768,[1581],"[473, 507]","[[26.212799072265625, -23.012399673461914, 10.439399719238281], [33.985198974609375, -23.012399673461914, 10.439399719238281]]","[0, 0]",0,0.0,0.7226373496549262,0.0,-0.0017551318793178092,-0.0002730731111197518,-1.3768045361645696e-17,-0.0068491184627428375,0.01349538748540525,0.0014548596172849165
764,0769,"[1582, 1583]","[507, 513, 1173]","[[33.985198974609375, -23.012399673461914, 10.439399719238281], [33.985198974609375, -27.203399658203125, 10.439399719238281], [33.985198974609375, -25.223190307617188, 10.439399719238281]]","[0, 0, 0]",0,-0.7706995020175365,0.3029308295119996,0.37297675574240086,-0.006619155638835778,0.0011726499213484082,0.7599112556859102,-0.007175869755815044,0.017984731198452324,0.002271833351913052
765,0770,[1584],"[473, 479]","[[26.212799072265625, -23.012399673461914, 10.439399719238281], [26.212799072265625, -27.203399658203125, 10.439399719238281]]","[0, 0]",0,-4.64476391650616,0.0,0.0,-0.002656490065126612,0.00019185303169880642,3.8300198573346097e-17,-0.0064766833006751,0.01306127604603692,0.001116411373761437
766,0771,[1585],"[406, 1180]","[[33.985198974609375, -14.935199737548828, 10.439399719238281], [43.738800048828125, -14.935199737548828, 10.439399719238281]]","[0, 0]",0,-0.29257915755872216,0.0,0.00676584827800238,-0.0002530868555660116,-0.0013921842899413121,0.06599138503232505,0.0012507170129897902,0.04098590693654026,0.005386939111299845
767,0772,[2277],"[1164, 1179]","[[33.985198974609375, -17.72361946105957, 10.439399719238281], [43.738800048828125, -17.72361946105957, 10.439399719238281]]","[0, 0]",0,-0.8567273356697862,0.0,8.079171824625569e-17,-0.00033116972135575185,0.0012980650771232203,-4.1594791454006546e-16,-0.0016180197319416525,0.049894819013006235,0.0021473018044623994
768,0773,[2278],"[1163, 1178]","[[33.985198974609375, -20.461647033691406, 10.439399719238281], [43.738800048828125, -20.461647033691406, 10.439399719238281]]","[0, 0]",0,-1.0152943220738218,0.0,-3.366321593593987e-17,-0.00041542398782979696,0.0021259493793795306,-2.0531157631235126e-16,-0.0020552280864597813,0.04082175993550071,0.006439305536294298
769,0774,[1586],"[441, 507]","[[43.738800048828125, -23.012399673461914, 10.439399719238281], [33.985198974609375, -23.012399673461914, 10.439399719238281]]","[0, 0]",0,-1.6631221668334473,0.0,0.0,-0.0005356138847821116,9.52318695304664e-05,2.1942819602736455e-17,-0.002848965233955199,0.024584589372594258,0.0022134886826120203
770,0775,[2279],"[1173, 1177]","[[33.985198974609375, -25.223190307617188, 10.439399719238281], [43.738800048828125, -25.223190307617188, 10.439399719238281]]","[0, 0]",0,-1.5034745414958455,0.0,0.0,-0.0005080377727751856,-0.0006572558613762378,6.582845880820936e-17,-0.0026692624479382264,0.024264916440921817,0.0018110763459183272
771,0776,"[1587, 1588, 1589, 1590]","[435, 513, 1174, 1175, 1176]","[[43.738800048828125, -27.203399658203125, 10.439399719238281], [33.985198974609375, -27.203399658203125, 10.439399719238281], [36.42359924316406, -27.203399658203125, 10.439399719238281], [38.709598541259766, -27.203399658203125, 10.439399719238281], [41.30812454223633, -27.203399658203125, 10.439399719238281]]","[0, 0, 0, 0, 0]",0,-3.695213562925669,0.0,0.8671136353709045,-0.006737592738869175,0.00880119324925533,-0.15916433792463364,0.011825017467262949,0.05804485727177286,0.012543785296228356
772,0777,"[1591, 1592]","[435, 441, 1177]","[[43.738800048828125, -27.203399658203125, 10.439399719238281], [43.738800048828125, -23.012399673461914, 10.439399719238281], [43.738800048828125, -25.223190307617188, 10.439399719238281]]","[0, 0, 0]",0,0.0,7.1195026490439455,0.045304892547789646,-0.007171807458878928,0.00760662004903685,-0.10015963212606183,0.008341076023415266,0.03291871540771896,0.009491672413614717
773,0778,"[1593, 1594, 1595, 1596]","[423, 441, 1178, 1179, 1180]","[[43.738800048828125, -16.459199905395508, 10.439399719238281], [43.738800048828125, -23.012399673461914, 10.439399719238281], [43.738800048828125, -20.461647033691406, 10.439399719238281], [43.738800048828125, -17.72361946105957, 10.439399719238281], [43.738800048828125, -14.935199737548828, 10.439399719238281]]","[0, 0, 0, 0, 0]",0,0.0,3.43477603679084,0.5146432486466378,0.0068134442407324575,0.0033952542472080374,-0.5874890391866079,0.002059063897933327,0.04163832420819949,0.004639116532915382
774,0779,"[1597, 1598, 1599]","[447, 1180, 1181, 1182]","[[43.738800048828125, -9.144000053405762, 10.439399719238281], [43.738800048828125, -14.935199737548828, 10.439399719238281], [43.738800048828125, -14.098685264587402, 10.439399719238281], [43.738800048828125, -11.627782821655273, 10.439399719238281]]","[0, 0, 0, 0]",0,0.0,0.3486731149335582,0.6320640794812356,0.022741705618894287,0.005056432593150514,0.778285037702481,0.009595376035707495,0.03211620355856606,0.005619693999756877
775,0780,[2280],"[1147, 1187]","[[2.5823607444763184, -27.203399658203125, 10.439399719238281], [2.5823607444763184, -38.48099899291992, 10.439399719238281]]","[0, 0]",0,-0.6624316121572157,0.0,-3.2250012927150144e-16,-0.00018896355260861439,0.006982709093884008,2.0462445447003637e-15,-0.0011119884425793368,0.11988100273789189,0.036264621844007236
776,0781,[2281],"[1148, 1188]","[[5.016953468322754, -27.203399658203125, 10.439399719238281], [5.016953468322754, -38.48099899291992, 10.439399719238281]]","[0, 0]",0,-0.3579670335041612,0.0,-1.6125006463575072e-16,-0.00021002233785038474,0.0058151241308732,-1.212898041551166e-15,-0.0012240105442650146,0.18949341530081618,0.02814022827865278
777,0782,[2282],"[1149, 1189]","[[7.315199851989746, -27.203399658203125, 10.439399719238281], [7.315199851989746, -38.48099899291992, 10.439399719238281]]","[0, 0]",0,0.0,0.02899326655992349,1.6125006463575072e-16,-0.00022899728956141745,0.004391266873594114,-1.3647186569119532e-15,0.0013406845309814365,0.2176481670179705,0.02311764013554958
778,0783,"[1600, 1601]","[261, 383, 1183]","[[9.753600120544434, -38.48099899291992, 10.439399719238281], [9.753600120544434, -27.203399658203125, 10.439399719238281], [9.753600120544434, -33.909000396728516, 10.439399719238281]]","[0, 0, 0]",0,0.0,1.0890713368337794,1.2065709857183817,-0.0007051560212311776,0.005617783053208929,-5.181501050549343,-0.0023936026309205843,0.32309858054446844,0.04640046713455004
779,0784,[2283],"[1150, 1190]","[[12.494023323059082, -27.203399658203125, 10.439399719238281], [12.494023323059082, -38.48099899291992, 10.439399719238281]]","[0, 0]",0,0.0,1.0681426387375548,0.0,-0.0003527982179294857,-0.004214985501348994,1.5182061536078727e-16,-0.002075355125087962,0.21063219778129402,0.024329053213298906
780,0785,[2284],"[1151, 1191]","[[15.049118995666504, -27.203399658203125, 10.439399719238281], [15.049118995666504, -38.48099899291992, 10.439399719238281]]","[0, 0]",0,0.0,2.033421611730585,0.0,-0.0004013923449713697,-0.00519062781114763,-1.5182061536078727e-16,-0.0023663023638566994,0.17986249308716057,0.02531522720348697
781,0786,"[1602, 1603]","[327, 395, 1184]","[[17.525999069213867, -38.48099899291992, 10.439399719238281], [17.525999069213867, -27.203399658203125, 10.439399719238281], [17.525999069213867, -33.909000396728516, 10.439399719238281]]","[0, 0, 0]",0,0.0,2.302963709147246,1.376794597690942,-0.0012938686401330736,-0.004440271387050254,-5.867239974538299,0.004340019097558085,0.22534575142813576,0.03764517430509951
782,0787,[2285],"[1152, 1192]","[[20.55723762512207, -27.203399658203125, 10.439399719238281], [20.55723762512207, -38.48099899291992, 10.439399719238281]]","[0, 0]",0,0.0,0.07351321067235296,-4.031251615893768e-17,-0.0006667962033561227,-0.006333412532896077,-3.411796642279883e-16,0.0037630315205672725,0.10764989541979571,0.01523841795291203
783,0788,[2286],"[1153, 1193]","[[23.457565307617188, -27.203399658203125, 10.439399719238281], [23.457565307617188, -38.48099899291992, 10.439399719238281]]","[0, 0]",0,-1.2987736566153083,0.0,-1.007812903973442e-17,-0.0007648164366914742,-0.004765249403493146,7.106173336692328e-17,-0.004344870373362075,0.061797193168118277,0.016309497718559066
784,0789,"[1604, 1605]","[315, 479, 1185]","[[26.212799072265625, -38.48099899291992, 10.439399719238281], [26.212799072265625, -27.203399658203125, 10.439399719238281], [26.212799072265625, -33.909000396728516, 10.439399719238281]]","[0, 0, 0]",0,-5.768639590770125,0.0,1.4340479103573827,-0.002784494686911017,0.004294828899624414,-1.1227683866453764,-0.009723401522576919,0.06787186773408634,0.013076489348169984
785,0790,[2287],"[1172, 1195]","[[31.526952743530273, -27.203399658203125, 10.439399719238281], [31.526952743530273, -38.48099899291992, 10.439399719238281]]","[0, 0]",0,-1.8503851917617251,0.0,4.031251615893768e-17,-0.0009547830440520418,8.904704787804334e-05,2.4629177962749626e-16,-0.00563803705272835,0.036046991000122826,0.003106434955821384
786,0791,"[1606, 1607]","[321, 513, 1186]","[[33.985198974609375, -38.48099899291992, 10.439399719238281], [33.985198974609375, -27.203399658203125, 10.439399719238281], [33.985198974609375, -33.909000396728516, 10.439399719238281]]","[0, 0, 0]",0,-1.4657232244934912,0.0,1.1501753192477782,-0.002764211659804754,-0.0006971169087713088,-0.25785272266132847,-0.009412656102960708,0.057964224881570374,0.009272514139196927
787,0792,"[1608, 1609, 1610, 1611]","[153, 261, 1187, 1188, 1189]","[[0.0, -38.48099899291992, 10.439399719238281], [9.753600120544434, -38.48099899291992, 10.439399719238281], [2.5823607444763184, -38.48099899291992, 10.439399719238281], [5.016953468322754, -38.48099899291992, 10.439399719238281], [7.315199851989746, -38.48099899291992, 10.439399719238281]]","[0, 0, 0, 0, 0]",0,-2.533612064238281,0.0,1.8266976244581923,-0.0019244204781034948,-0.007186987419655886,-0.6143250614696452,0.003003378269565093,0.09020872256559735,0.0570700021026505
788,0793,"[1612, 1613, 1614]","[261, 327, 1190, 1191]","[[9.753600120544434, -38.48099899291992, 10.439399719238281], [17.525999069213867, -38.48099899291992, 10.439399719238281], [12.494023323059082, -38.48099899291992, 10.439399719238281], [15.049118995666504, -38.48099899291992, 10.439399719238281]]","[0, 0, 0, 0]",0,-3.6824809480502894,0.0,1.0320063342547594,-0.004272991204161178,0.003213790626691431,-1.9015490692354347,-0.005945415238103866,0.07792120592813971,0.06045798165956334
789,0794,"[1615, 1616, 1617]","[315, 327, 1192, 1193]","[[26.212799072265625, -38.48099899291992, 10.439399719238281], [17.525999069213867, -38.48099899291992, 10.439399719238281], [20.55723762512207, -38.48099899291992, 10.439399719238281], [23.457565307617188, -38.48099899291992, 10.439399719238281]]","[0, 0, 0, 0]",0,-2.3664140597661554,4.657113478371346,0.6386811103025736,-0.012127879435096064,0.015409620471455004,-1.3844470542628486,0.025222083531883793,0.06894208930970565,0.04520407704084692
790,0795,"[1618, 1619, 1620]","[315, 321, 1194, 1195]","[[26.212799072265625, -38.48099899291992, 10.439399719238281], [33.985198974609375, -38.48099899291992, 10.439399719238281], [28.978139877319336, -38.48099899291992, 10.439399719238281], [31.526952743530273, -38.48099899291992, 10.439399719238281]]","[0, 0, 0, 0]",0,0.0,5.78636540754161,0.2352206470477068,-0.013259555907321596,0.007522347245594241,-0.5782302690770162,0.019035536070898276,0.049462193795982004,0.0219658744240669
791,0796,"[1621, 1622, 1623, 1624]","[231, 321, 1196, 1197, 1198]","[[43.738800048828125, -38.48099899291992, 10.439399719238281], [33.985198974609375, -38.48099899291992, 10.439399719238281], [36.42359924316406, -38.48099899291992, 10.439399719238281], [38.709598541259766, -38.48099899291992, 10.439399719238281], [41.30812454223633, -38.48099899291992, 10.439399719238281]]","[0, 0, 0, 0, 0]",0,0.0,4.246638610728912,0.9079617915642874,-0.0071084536738683255,0.010949003002620781,-1.17642712165385,0.012781325644089549,0.08015030697451661,0.02045084976021641
792,0797,[2288],"[1170, 1199]","[[33.985198974609375, -7.924799919128418, 10.439399719238281], [36.42359924316406, -7.924799919128418, 10.439399719238281]]","[0, 0]",0,-1.7578125086910579,0.0,-4.1564606405110188e-16,-0.002035065938099375,-0.0005161091009870666,-5.945270155138987e-16,0.0028113517550746804,0.006140148208905172,0.0033509847265181017
793,0798,[1625],"[114, 1169]","[[36.42359924316406, -9.144000053405762, 10.439399719238281], [33.985198974609375, -9.144000053405762, 10.439399719238281]]","[0, 0]",0,-3.7880973854657487,0.0,0.6713574848100134,-0.0033098802257215754,-6.42221324952782e-05,1.637038271256936,-0.004085208645391298,0.006824632462160904,0.0045381870845528655
794,0799,[2289],"[1167, 1182]","[[33.985198974609375, -11.627782821655273, 10.439399719238281], [43.738800048828125, -11.627782821655273, 10.439399719238281]]","[0, 0]",0,-0.09337777576934225,0.0,-1.6831607967969934e-17,-0.00017595579021379568,-0.00014928602476954426,-9.57986570303205e-17,0.0010321385968934983,0.017360959363863886,0.0064294043105121166
795,0800,[2290],"[1165, 1181]","[[33.985198974609375, -14.098685264587402, 10.439399719238281], [43.738800048828125, -14.098685264587402, 10.439399719238281]]","[0, 0]",0,-0.16138489384980506,0.0,1.3465286374375947e-17,-0.00020714937326669764,-0.0013179036334126813,-1.8635302363793867e-16,0.0010938571205076685,0.03591639282742641,0.007498330406799729
796,0801,[1626],"[150, 447]","[[41.90999984741211, -9.144000053405762, 10.439399719238281], [43.738800048828125, -9.144000053405762, 10.439399719238281]]","[0, 0]",0,0.0,0.05777309024303559,3.3649593119963063e-16,0.005010681286298362,0.0040175658027124745,3.735203721849865e-16,-0.0047113690106988845,0.006931685763027949,0.0018305890659112436
797,0802,[1627],"[114, 150]","[[36.42359924316406, -9.144000053405762, 10.439399719238281], [41.90999984741211, -9.144000053405762, 10.439399719238281]]","[0, 0]",0,0.0,0.959172766078925,-2.1166671528309143e-17,-0.0007857995596192183,-0.0004307657118845962,-5.80644197314176e-17,0.002566952147130445,0.005939266006432516,0.0010473835899810638
798,0803,[1628],"[138, 150]","[[41.90999984741211, -6.1975998878479, 10.439399719238281], [41.90999984741211, -9.144000053405762, 10.439399719238281]]","[0, 0]",0,0.0,1.4006099664500773,2.2507900945485013e-17,-0.00025586197096044765,-0.0001666497581975578,-4.677832340352516e-17,0.0009819238315810345,0.006302930614682321,0.0009162890446115403
799,0804,"[1629, 1630]","[114, 213, 1199]","[[36.42359924316406, -9.144000053405762, 10.439399719238281], [36.42359924316406, -6.1975998878479, 10.439399719238281], [36.42359924316406, -7.924799919128418, 10.439399719238281]]","[0, 0, 0]",0,-0.3532136224210328,0.0,0.010600518595742004,0.011583499178898048,0.0005595619986292303,0.07201736230283359,0.011944458437027777,0.005368503689842863,0.00044790488008211173
800,0805,[2291],"[1175, 1200]","[[38.709598541259766, -27.203399658203125, 10.439399719238281], [38.709598541259766, -35.12820053100586, 10.439399719238281]]","[0, 0]",0,0.0,1.0521208315588642,-8.148592182004953e-17,-0.0016077691411120313,0.0020317962832332673,4.849191354005395e-16,-0.006526120732802048,0.07870894136302561,0.004417695724125444
801,0806,[1631],"[429, 435]","[[43.738800048828125, -35.12820053100586, 10.439399719238281], [43.738800048828125, -27.203399658203125, 10.439399719238281]]","[0, 0]",0,0.0,2.9854261371804163,-5.0928701137530955e-18,-0.0012911621160164456,0.0023547582439792493,-3.7059082763375706e-17,-0.005150425867930541,0.027537288829472727,0.015747796927016677
802,0807,[1632],"[373, 1174]","[[36.42359924316406, -35.12820053100586, 10.439399719238281], [36.42359924316406, -27.203399658203125, 10.439399719238281]]","[0, 0]",0,0.0,0.16126096898792389,0.08158742549073335,-0.0017789315150014506,0.0020687334991784613,-0.6465641007386919,-0.007245361930264797,0.06671634634262696,0.010576216633045095
803,0808,[1633],"[373, 1196]","[[36.42359924316406, -35.12820053100586, 10.439399719238281], [36.42359924316406, -38.48099899291992, 10.439399719238281]]","[0, 0]",0,-0.9002823469831945,0.0,-0.4623311622641852,-0.007872366004116185,-0.005431085393769208,-1.5501032097342997,-0.013601809540760049,0.08162614063665527,0.010587368224633601
804,0809,"[1634, 1635, 1636]","[373, 429, 1200, 1201]","[[36.42359924316406, -35.12820053100586, 10.439399719238281], [43.738800048828125, -35.12820053100586, 10.439399719238281], [38.709598541259766, -35.12820053100586, 10.439399719238281], [41.30812454223633, -35.12820053100586, 10.439399719238281]]","[0, 0, 0, 0]",0,0.0,0.8862156211060622,0.9453094314764505,-0.00834732751441453,-0.001008302485804469,-2.297740481240027,0.01399221369674641,0.09350228529336864,0.0189598004762795
805,0810,[2292],"[1198, 1201]","[[41.30812454223633, -38.48099899291992, 10.439399719238281], [41.30812454223633, -35.12820053100586, 10.439399719238281]]","[0, 0]",0,0.0,0.3109256484337045,-8.952989249982057e-16,-0.005865101828798627,0.00111821218808991,1.6285458160236442e-15,-0.010096542218082507,0.06687622461973214,0.01691318825982102
806,0811,[2293],"[1176, 1201]","[[41.30812454223633, -27.203399658203125, 10.439399719238281], [41.30812454223633, -35.12820053100586, 10.439399719238281]]","[0, 0]",0,0.0,2.0927889895667597,0.0,-0.0013854325919783574,0.002432731571873227,5.4013094406735886e-17,-0.00562671166388125,0.06313043990159653,0.012300093989447576
807,0812,[2294],"[1197, 1200]","[[38.709598541259766, -38.48099899291992, 10.439399719238281], [38.709598541259766, -35.12820053100586, 10.439399719238281]]","[0, 0]",0,0.0,0.1358072853527258,-1.56677311874686e-15,-0.006986314475918315,-0.0013216976766170006,-3.903211118151341e-15,-0.011952933534772548,0.09199599129796719,0.003236563367251201
808,0813,[1637],"[69, 153]","[[0.0, -35.12820053100586, 10.439399719238281], [0.0, -38.48099899291992, 10.439399719238281]]","[0, 0]",0,-0.31906439953018145,0.0,0.0,-0.002018631084135762,0.010972458883461385,0.0,-0.0034945805505950697,0.030889628004276075,0.02892478411914154
809,0814,[1638],"[231, 429]","[[43.738800048828125, -38.48099899291992, 10.439399719238281], [43.738800048828125, -35.12820053100586, 10.439399719238281]]","[0, 0]",0,0.0,0.3194012024208878,-4.476494624991029e-16,-0.006049807388170031,-0.0001911814715248647,8.7810660135182e-16,-0.010398952551742809,0.02287157989177071,0.019686910893955037
810,0815,[1639],"[138, 213]","[[41.90999984741211, -6.1975998878479, 10.439399719238281], [36.42359924316406, -6.1975998878479, 10.439399719238281]]","[0, 0]",0,0.0,0.21168383107666663,2.1166671528309143e-17,0.0004946872249056494,0.00012574584144755293,5.80644197314176e-17,-0.0020809409213745707,0.004811561474941685,0.0008341309712168115
811,0816,[1640],"[45, 246]","[[1.8287999629974365, -6.1975998878479, 10.439399719238281], [7.315199851989746, -6.1975998878479, 10.439399719238281]]","[0, 0]",0,0.0,0.6280795140705917,-2.1166677004838362e-17,0.0005032810747803986,-0.00026346959268287756,-5.806442718484063e-17,-0.0016162086762908866,0.011306023503979273,0.0010788829451398674
812,0817,[1641],"[246, 258]","[[7.315199851989746, -6.1975998878479, 10.439399719238281], [7.315199851989746, -9.144000053405762, 10.439399719238281]]","[0, 0]",0,0.0,2.5184762994635594,1.4405056605110407e-16,0.005025160734427107,-0.0006473414271683457,2.1221530583083835e-16,0.0074719085658392845,0.010902560153444972,0.0018659164770737512
813,0818,[1642],"[57, 258]","[[1.8287999629974365, -9.144000053405762, 10.439399719238281], [7.315199851989746, -9.144000053405762, 10.439399719238281]]","[0, 0]",0,0.0,2.103853838810002,4.2333354009676723e-17,-8.86481754051446e-05,0.000577166653692881,1.2588121990896882e-16,0.0010520639450268686,0.01214883032375573,0.0025475691330493913
814,0823,"[1643, 1644]","[34, 202, 1202]","[[1.8287999629974365, -2.842170943040401e-14, 13.792200088500977], [9.753600120544434, -3.4106052671737525e-14, 13.792200088500977], [7.315199851989746, -5.684341886080802e-14, 13.792200088500977]]","[0, 0, 0]",0,0.0,0.27426205151179994,0.670325051104407,0.0007384038283104469,0.005687169127044806,-0.6271389812803828,0.0009650333219693261,0.033805616041076056,0.002905210898237913
815,0824,[1645],"[82, 202]","[[15.849599838256836, -2.842170943040401e-14, 13.792200088500977], [9.753600120544434, -3.4106052671737525e-14, 13.792200088500977]]","[0, 0]",0,-0.004012639853324895,0.0,1.0302050922951502e-16,0.00032163547099878215,0.0036747531007498063,-3.666692728761258e-16,0.0009910325239744868,0.02766336555211091,0.007369193195749839
816,0825,[1646],"[226, 531]","[[36.42359924316406, -3.4106052671737525e-14, 13.792200088500977], [27.88920021057129, -2.842170943040401e-14, 13.792200088500977]]","[0, 0]",0,-0.22495676701739287,0.0,2.1967709432483963e-17,5.35204736719796e-05,-0.0035741970692825032,1.0941404514066827e-16,-0.00023184321773967066,0.02717054630953387,0.005943237362507224
817,0826,[1647],"[127, 226]","[[41.90999984741211, -2.842170943040401e-14, 13.792200088500977], [36.42359924316406, -3.4106052671737525e-14, 13.792200088500977]]","[0, 0]",0,-0.019700527013946763,0.0,8.466668611323657e-17,7.29818104764551e-05,0.0006953776610028833,4.858191498906251e-16,-0.00020491585074768057,0.02078238189851231,0.0019500150991659812
818,0827,"[1648, 1649, 1650]","[127, 139, 1203, 1204]","[[41.90999984741211, -2.842170943040401e-14, 13.792200088500977], [41.90999984741211, -6.1975998878479, 13.792200088500977], [41.90999984741211, -2.1691598892211914, 13.792200088500977], [41.90999984741211, -4.228439807891846, 13.792200088500977]]","[0, 0, 0, 0]",0,-0.06898340177156945,0.018932889204446912,0.8441688093350822,0.0004755041371721509,0.0005600708929822378,0.5292731058243959,0.0026951078107089166,0.017164578818055283,0.003949358403478743
819,0828,"[1651, 1652, 1653]","[214, 226, 1205, 1206]","[[36.42359924316406, -6.1975998878479, 13.792200088500977], [36.42359924316406, -3.4106052671737525e-14, 13.792200088500977], [36.42359924316406, -4.228439807891846, 13.792200088500977], [36.42359924316406, -2.1691598892211914, 13.792200088500977]]","[0, 0, 0, 0]",0,0.0,0.5998581008443826,0.7502216393834997,0.003131805104218254,0.0021286310934520514,0.8840833606945728,0.004085776188100226,0.024827623490613883,0.006537893085826951
820,0829,"[1654, 1655, 1656, 1657]","[310, 531, 1207, 1208, 1209]","[[27.88920021057129, -7.924799919128418, 13.792200088500977], [27.88920021057129, -2.842170943040401e-14, 13.792200088500977], [27.88920021057129, -2.1691598892211914, 13.792200088500977], [27.88920021057129, -4.228439807891846, 13.792200088500977], [27.88920021057129, -6.1975998878479, 13.792200088500977]]","[0, 0, 0, 0, 0]",0,-0.10149756269903248,0.11260247247090119,2.08046705593023,0.005595264480650863,0.004346012878437828,0.327797475558409,0.005123398727528345,0.05686021625576704,0.010816682696067843
821,0830,[1658],"[214, 1209]","[[36.42359924316406, -6.1975998878479, 13.792200088500977], [27.88920021057129, -6.1975998878479, 13.792200088500977]]","[0, 0]",0,-1.018771868208772,0.0,-0.026702171485227546,0.00020418696334591153,0.0021590580285825146,-0.2278869864916525,0.0011564256528441646,0.02409775265081733,0.006723311268703335
822,0831,[2295],"[1203, 1206]","[[41.90999984741211, -2.1691598892211914, 13.792200088500977], [36.42359924316406, -2.1691598892211914, 13.792200088500977]]","[0, 0]",0,-0.06375078280412229,0.0,0.0,8.970366928120903e-05,0.0006910799753445967,7.801891414306296e-17,-0.0002486005948602051,0.02104421784247579,0.0026932935697553877
823,0832,[2296],"[1204, 1205]","[[41.90999984741211, -4.228439807891846, 13.792200088500977], [36.42359924316406, -4.228439807891846, 13.792200088500977]]","[0, 0]",0,-0.05308340222682156,0.0,1.0583335764154572e-17,9.043328323290811e-05,0.0014075244000698798,-8.267021333906459e-17,0.0003229673679676445,0.012044947828956494,0.005865414265916668
824,0833,"[1659, 1660, 1661]","[94, 286, 1210, 1211]","[[17.525999069213867, -7.924799919128418, 13.792200088500977], [17.525999069213867, -14.935199737548828, 13.792200088500977], [17.525999069213867, -10.344253540039062, 13.792200088500977], [17.525999069213867, -12.700115203857422, 13.792200088500977]]","[0, 0, 0, 0]",0,0.0,1.6499969395473408,0.5813523910602338,0.008951646181170584,0.00906464841133718,1.0071851450803004,0.010461379666536116,0.0528020374339458,0.02059297527170689
825,0834,"[1662, 1663, 1664, 1665, 1666, 1667]","[418, 462, 1212, 1213, 1214, 1215, 1216]","[[9.753600120544434, -14.935199737548828, 13.792200088500977], [9.753600120544434, -7.924799919128418, 13.792200088500977], [9.753600120544434, -9.144000053405762, 13.792200088500977], [9.753600120544434, -10.344253540039062, 13.792200088500977], [9.753600120544434, -11.688923835754395, 13.792200088500977], [9.753600120544434, -12.700115203857422, 13.792200088500977], [9.753600120544434, -14.130844116210938, 13.792200088500977]]","[0, 0, 0, 0, 0, 0, 0]",0,0.0,1.9038559725560542,2.271719925417079,0.07209999978287794,0.014521471849031763,4.621569074782789,0.030306692759053695,0.13216395718539098,0.03363950892758147
826,0835,"[1668, 1669, 1670]","[34, 46, 1217, 1218]","[[1.8287999629974365, -2.842170943040401e-14, 13.792200088500977], [1.8287999629974365, -6.1975998878479, 13.792200088500977], [1.8287999629974365, -4.228439807891846, 13.792200088500977], [1.8287999629974365, -2.1691598892211914, 13.792200088500977]]","[0, 0, 0, 0]",0,-0.041487249980676356,0.12741992037133149,0.7506094423418785,0.002124918440961221,0.0031178913698128503,1.1015597085279976,0.0023209388518040763,0.022678325784067217,0.004312178565379055
827,0836,"[1671, 1672, 1673]","[247, 1202, 1219, 1220]","[[7.315199851989746, -6.1975998878479, 13.792200088500977], [7.315199851989746, -5.684341886080802e-14, 13.792200088500977], [7.315199851989746, -4.228439807891846, 13.792200088500977], [7.315199851989746, -2.1691598892211914, 13.792200088500977]]","[0, 0, 0, 0]",0,-0.7863130761888245,0.0,0.6645838667967301,0.0045083696132478856,0.0026395977957783703,0.9997980964441847,0.004903193759098176,0.033241525625737546,0.006862573062873122
828,0837,[2297],"[1220, 1223]","[[7.315199851989746, -2.1691598892211914, 13.792200088500977], [9.753600120544434, -2.1691598892211914, 13.792200088500977]]","[0, 0]",0,0.0,0.30476295225613925,8.3129212810220375e-16,0.0007327900408679273,0.004078638888739951,-1.1012827526168515e-15,-0.0009005664894460953,0.03291826203199033,0.003549755523009223
829,0838,[2298],"[1206, 1207]","[[36.42359924316406, -2.1691598892211914, 13.792200088500977], [27.88920021057129, -2.1691598892211914, 13.792200088500977]]","[0, 0]",0,-0.30643541663491203,0.0,-3.514833509197434e-17,5.848883033722554e-05,-0.0031173628069381225,-1.4998495850309622e-16,-0.0002557568230577629,0.03896625651404208,0.004121482428881838
830,0839,[2299],"[1219, 1222]","[[7.315199851989746, -4.228439807891846, 13.792200088500977], [9.753600120544434, -4.228439807891846, 13.792200088500977]]","[0, 0]",0,0.0,0.5468688996894588,-8.3129212810220375e-16,0.000584473561610431,0.002971923974195251,-1.0135114742059057e-15,0.0007389554410942175,0.024548505989085624,0.008266287224887462
831,0840,[2300],"[1205, 1208]","[[36.42359924316406, -4.228439807891846, 13.792200088500977], [27.88920021057129, -4.228439807891846, 13.792200088500977]]","[0, 0]",0,-0.5275250849909443,0.0,-7.029667018394868e-17,7.297705714901605e-05,-0.0016026350046848448,3.5012494445013846e-16,-0.00033789412629341343,0.035912606334725414,0.007319093325769714
832,0841,[1674],"[247, 1221]","[[7.315199851989746, -6.1975998878479, 13.792200088500977], [9.753600120544434, -6.1975998878479, 13.792200088500977]]","[0, 0]",0,0.0,1.131555979943299,0.3525433252700999,0.0005135247413252654,-0.003949930219642637,0.8596417390157762,0.0009525012819127047,0.0170580679502493,0.007100238744320079
833,0842,[2301],"[1221, 1226]","[[9.753600120544434, -6.1975998878479, 13.792200088500977], [15.849599838256836, -6.1975998878479, 13.792200088500977]]","[0, 0]",0,0.0,0.3352549904662619,1.3736067897268669e-16,0.000515945357695648,-0.0010233556140332497,6.293264312622212e-16,0.0015865369307292538,0.03214551018626448,0.0060752995366979866
834,0843,[1675],"[298, 462]","[[15.849599838256836, -7.924799919128418, 13.792200088500977], [9.753600120544434, -7.924799919128418, 13.792200088500977]]","[0, 0]",0,0.0,0.4891785454551951,-6.868033948634334e-17,0.0006442623826295183,-0.0006228750798856636,-2.7955469877426385e-16,0.0019724772336561997,0.027070185948485873,0.002927931526522764
835,0844,"[1676, 1677, 1678, 1679]","[202, 462, 1221, 1222, 1223]","[[9.753600120544434, -3.4106052671737525e-14, 13.792200088500977], [9.753600120544434, -7.924799919128418, 13.792200088500977], [9.753600120544434, -6.1975998878479, 13.792200088500977], [9.753600120544434, -4.228439807891846, 13.792200088500977], [9.753600120544434, -2.1691598892211914, 13.792200088500977]]","[0, 0, 0, 0, 0]",0,0.0,0.7853740264460279,0.9438812448811127,0.009120316393790748,0.00034320294547112037,1.691242787381269,0.007984492675580166,0.03348560020024934,0.008309487657791015
836,0845,[2302],"[1223, 1224]","[[9.753600120544434, -2.1691598892211914, 13.792200088500977], [15.849599838256836, -2.1691598892211914, 13.792200088500977]]","[0, 0]",0,0.0,0.06780843682170792,-6.868033948634334e-17,0.00035713125332797135,0.003232125697610074,2.444461819174172e-16,0.0010929655426816,0.04134812152028153,0.00404745460443672
837,0846,[2303],"[1218, 1220]","[[1.8287999629974365, -2.1691598892211914, 13.792200088500977], [7.315199851989746, -2.1691598892211914, 13.792200088500977]]","[0, 0]",0,0.0,0.3093683087303563,0.0,0.000405061377956208,-0.0007148009576103062,0.0,0.0011299416956302565,0.026005155920739074,0.0042906092324709825
838,0847,[2304],"[1217, 1219]","[[1.8287999629974365, -4.228439807891846, 13.792200088500977], [7.315199851989746, -4.228439807891846, 13.792200088500977]]","[0, 0]",0,0.0,0.4899988845874455,-8.466670801935345e-17,0.0005500637216711375,-0.0009868263374401905,-2.712671708965127e-16,0.0015252149557281323,0.018258421293383797,0.006635448034459364
839,0848,"[1680, 1681, 1682, 1683]","[82, 298, 1224, 1225, 1226]","[[15.849599838256836, -2.842170943040401e-14, 13.792200088500977], [15.849599838256836, -7.924799919128418, 13.792200088500977], [15.849599838256836, -2.1691598892211914, 13.792200088500977], [15.849599838256836, -4.228439807891846, 13.792200088500977], [15.849599838256836, -6.1975998878479, 13.792200088500977]]","[0, 0, 0, 0, 0]",0,-0.08846684420065022,0.01862367374869335,1.6439510206756316,0.010468993896946709,0.00445589769994174,0.2766934465163501,-0.0028455057866081275,0.050056576917467,0.01028393544234487
840,0849,[1684],"[94, 298]","[[17.525999069213867, -7.924799919128418, 13.792200088500977], [15.849599838256836, -7.924799919128418, 13.792200088500977]]","[0, 0]",0,0.0,0.259933306938885,1.68771539613362e-15,0.009409271808486884,0.007237018095308182,1.6699771694363621e-15,0.008301367598545101,0.028869605566963264,0.00742549163575772
841,0850,[1685],"[106, 310]","[[26.212799072265625, -7.924799919128418, 13.792200088500977], [27.88920021057129, -7.924799919128418, 13.792200088500977]]","[0, 0]",0,-0.38170910538066455,0.0,1.687711849905847e-15,-0.0006946142432435778,-0.011196096368022606,-1.9253099988556868e-15,-0.0007390080692603306,0.03197659085555408,0.0044344409144928916
842,0851,[2305],"[1210, 1213]","[[17.525999069213867, -10.344253540039062, 13.792200088500977], [9.753600120544434, -10.344253540039062, 13.792200088500977]]","[0, 0]",0,0.0,0.40084676513893736,-2.1175102954081224e-17,0.00044385206795502936,-0.0021527679143417576,1.0982676807110711e-16,0.0017613609976020294,0.03277793349902098,0.008300515720471576
843,0852,[2306],"[1211, 1215]","[[17.525999069213867, -12.700115203857422, 13.792200088500977], [9.753600120544434, -12.700115203857422, 13.792200088500977]]","[0, 0]",0,0.0,0.1441893098160607,8.47004118163249e-17,0.0005015486786418768,-0.00700131237987618,-4.943792604883747e-16,0.0020020218972657162,0.06023422134213904,0.01762410428838985
844,0853,[1686],"[286, 418]","[[17.525999069213867, -14.935199737548828, 13.792200088500977], [9.753600120544434, -14.935199737548828, 13.792200088500977]]","[0, 0]",0,-0.060358354915626085,0.0,1.694008236326498e-16,0.00023738723015088555,-0.007166408348807401,-7.6846976816096435e-16,-0.0009534355245836649,0.10243138735240916,0.02497108175635803
845,0854,[2307],"[1216, 1229]","[[9.753600120544434, -14.130844116210938, 13.792200088500977], [0.0, -14.130844116210938, 13.792200088500977]]","[0, 0]",0,0.0,0.036536306231034675,0.0,0.00016203225003951646,0.005415351692720845,0.0,0.0009584772606828728,0.0802588747339844,0.024699572692323188
846,0855,[2308],"[1214, 1228]","[[9.753600120544434, -11.688923835754395, 13.792200088500977], [0.0, -11.688923835754395, 13.792200088500977]]","[0, 0]",0,0.0,0.5075335253162245,5.386115600447743e-17,0.0001589923046242749,0.0027717563649401157,2.626700888489668e-16,0.0010848329107977558,0.034100911366720534,0.015264088057632541
847,0856,[1687],"[58, 1227]","[[1.8287999629974365, -9.144000053405762, 13.792200088500977], [0.0, -9.144000053405762, 13.792200088500977]]","[0, 0]",0,0.0,0.14437848451232335,0.37520544715205695,0.011131497556971287,-0.0016669601916655496,-0.6861757078681183,-0.010422864107113487,0.018478562455502327,0.003891873563322793
848,0857,[1688],"[259, 1212]","[[7.315199851989746, -9.144000053405762, 13.792200088500977], [9.753600120544434, -9.144000053405762, 13.792200088500977]]","[0, 0]",0,0.0,1.6625393042636518,0.7267363447715623,0.0033422571523691116,0.001859476670052265,1.772074098259429,0.00458254861503475,0.01901791015981695,0.007508963560922312
849,0858,"[1689, 1690, 1691]","[166, 1227, 1228, 1229]","[[0.0, -16.459199905395508, 13.792200088500977], [0.0, -9.144000053405762, 13.792200088500977], [0.0, -11.688923835754395, 13.792200088500977], [0.0, -14.130844116210938, 13.792200088500977]]","[0, 0, 0, 0]",0,0.0,1.52300669636128,0.8612894956769073,0.0072250592946719126,-0.0036910787766630242,2.3130961195660893,-0.007144299025950732,0.054653454626636726,0.02332532566712716
850,0859,"[1692, 1693, 1694]","[166, 178, 1230, 1231]","[[0.0, -16.459199905395508, 13.792200088500977], [0.0, -23.012399673461914, 13.792200088500977], [0.0, -18.747596740722656, 13.792200088500977], [0.0, -20.917984008789062, 13.792200088500977]]","[0, 0, 0, 0]",0,-0.31942490123850203,0.8283748043545945,1.459356864398043,0.005485290593816209,-0.008197628756346406,-2.332401330007679,0.006411042789926176,0.09212627798762241,0.047353033823416706
851,0860,"[1695, 1696]","[178, 190, 1232]","[[0.0, -23.012399673461914, 13.792200088500977], [0.0, -27.203399658203125, 13.792200088500977], [0.0, -25.107900619506836, 13.792200088500977]]","[0, 0, 0]",0,-1.941101151199101,0.0,0.4459848680645268,0.0017461020398797991,0.002712788352308986,1.4309313898906528,-0.0012346666780196625,0.0725932424750347,0.05248136645796664
852,0861,"[1697, 1698]","[384, 537, 1233]","[[9.753600120544434, -27.203399658203125, 13.792200088500977], [9.753600120544434, -23.012399673461914, 13.792200088500977], [9.753600120544434, -25.107900619506836, 13.792200088500977]]","[0, 0, 0]",0,0.0,1.3380903815489578,0.61855008569293,0.003783570248244346,-0.001825530281936178,-0.7844416502556444,-0.003364776242319589,0.36503022702764787,0.013008530645127343
853,0862,"[1699, 1700]","[396, 494, 1234]","[[17.525999069213867, -27.203399658203125, 13.792200088500977], [17.525999069213867, -23.012399673461914, 13.792200088500977], [17.525999069213867, -25.107900619506836, 13.792200088500977]]","[0, 0, 0]",0,0.0,10.906467200072036,1.7184752725432157,0.014445381928335575,-0.011662344038652746,3.601066559369129,-0.006438295340380533,0.1920539526672835,0.05169902748425533
854,0863,[1701],"[166, 1248]","[[0.0, -16.459199905395508, 13.792200088500977], [9.753600120544434, -16.459199905395508, 13.792200088500977]]","[0, 0]",0,0.0,0.03605193760402159,-0.1955880524559879,6.377776245637085e-05,0.004755760178484272,-1.9076876520117745,-0.0003173566681880004,0.12993550164658357,0.024349502781136095
855,0864,[2309],"[1235, 1247]","[[17.525999069213867, -17.72361946105957, 13.792200088500977], [9.753600120544434, -17.72361946105957, 13.792200088500977]]","[0, 0]",0,-0.16062746247953866,0.0,0.0,4.227977524055432e-05,-0.005012835719694963,-8.811550112631407e-16,-0.0001705784972762059,0.16450935325573088,0.02605227455888256
856,0865,"[1702, 1703, 1704]","[286, 494, 1235, 1236]","[[17.525999069213867, -14.935199737548828, 13.792200088500977], [17.525999069213867, -23.012399673461914, 13.792200088500977], [17.525999069213867, -17.72361946105957, 13.792200088500977], [17.525999069213867, -20.461647033691406, 13.792200088500977]]","[0, 0, 0, 0]",0,0.0,4.808000887825691,1.9530502999606494,0.0058897757859494,0.010720256768549482,-0.33878207346646205,0.0069177673738298525,0.11216638808830022,0.048836963921760186
857,0866,[2310],"[1236, 1245]","[[17.525999069213867, -20.461647033691406, 13.792200088500977], [9.753600120544434, -20.461647033691406, 13.792200088500977]]","[0, 0]",0,-0.013212631836980982,0.0,3.388016472652996e-16,-6.880940927584441e-05,-0.004658407624476894,1.5369395363219287e-15,-0.0002704613111503154,0.19972358117660416,0.025170795450711665
858,0867,[2311],"[1231, 1244]","[[0.0, -20.917984008789062, 13.792200088500977], [9.753600120544434, -20.917984008789062, 13.792200088500977]]","[0, 0]",0,0.0,0.38527251977274957,0.0,-3.133482144001621e-05,0.005119383601508253,1.7554257398585427e-16,-0.0001553010780258441,0.19450266903152333,0.02192298200396022
859,0868,[2312],"[1230, 1246]","[[0.0, -18.747596740722656, 13.792200088500977], [9.753600120544434, -18.747596740722656, 13.792200088500977]]","[0, 0]",0,0.0,0.15583353276029976,2.1544462401790972e-16,-1.3460387875881364e-06,0.0038799612164527337,1.2262229293817215e-15,8.620359100563044e-06,0.17389386865130538,0.023007908788906777
860,0869,[1705],"[178, 537]","[[0.0, -23.012399673461914, 13.792200088500977], [9.753600120544434, -23.012399673461914, 13.792200088500977]]","[0, 0]",0,0.0,0.48930764764656337,-2.1544462401790972e-16,-1.8642310654288374e-05,0.005262114367015933,1.7528506513392842e-15,-9.992549109438903e-05,0.2012975227711771,0.02622127585258901
861,0870,[2313],"[1232, 1233]","[[0.0, -25.107900619506836, 13.792200088500977], [9.753600120544434, -25.107900619506836, 13.792200088500977]]","[0, 0]",0,0.0,0.7100769746271132,4.3088924803581945e-16,-4.746839621747585e-05,0.00404621449110018,-2.2769032847775887e-15,-0.00023896912841495207,0.20987837878937438,0.030056331675595033
862,0871,"[1706, 1707, 1708, 1709]","[190, 384, 1237, 1238, 1239]","[[0.0, -27.203399658203125, 13.792200088500977], [9.753600120544434, -27.203399658203125, 13.792200088500977], [2.5823607444763184, -27.203399658203125, 13.792200088500977], [5.016953468322754, -27.203399658203125, 13.792200088500977], [7.315199851989746, -27.203399658203125, 13.792200088500977]]","[0, 0, 0, 0, 0]",0,0.0,1.4685245846202206,2.25607344583054,-0.0010099722742276432,0.0056029756133498315,-1.6955156807170142,0.0016254385520004504,0.36864625815198043,0.05259782794387257
863,0872,"[1710, 1711, 1712]","[384, 396, 1240, 1241]","[[9.753600120544434, -27.203399658203125, 13.792200088500977], [17.525999069213867, -27.203399658203125, 13.792200088500977], [12.494023323059082, -27.203399658203125, 13.792200088500977], [15.049118995666504, -27.203399658203125, 13.792200088500977]]","[0, 0, 0, 0]",0,0.0,4.137888779355677,1.1637760476316243,-0.002898264162787126,0.006834859184466407,-0.7351474104442867,0.005623250711061888,0.36828536661926353,0.039589865217139565
864,0873,[2314],"[1233, 1234]","[[9.753600120544434, -25.107900619506836, 13.792200088500977], [17.525999069213867, -25.107900619506836, 13.792200088500977]]","[0, 0]",0,0.0,1.0656186476726937,-3.388016472652996e-16,-0.0002994623559528311,0.004882908354222342,-1.977517041953499e-15,0.0011843244545541285,0.25706840390783636,0.03173699163029371
865,0874,[1713],"[494, 537]","[[17.525999069213867, -23.012399673461914, 13.792200088500977], [9.753600120544434, -23.012399673461914, 13.792200088500977]]","[0, 0]",0,0.0,0.6567014109641275,6.776032945305992e-16,-0.00012497416660826424,2.1278004283028954e-05,-3.2941678254596425e-15,0.0004959452504442888,0.22063413620027317,0.03091143123412862
866,0875,"[1714, 1715, 1716]","[396, 480, 1242, 1243]","[[17.525999069213867, -27.203399658203125, 13.792200088500977], [26.212799072265625, -27.203399658203125, 13.792200088500977], [20.55723762512207, -27.203399658203125, 13.792200088500977], [23.457565307617188, -27.203399658203125, 13.792200088500977]]","[0, 0, 0, 0]",0,0.0,5.950295846920296,1.783084148885575,-0.015986897859369645,-0.001642086265880175,4.340970171494968,0.04074268472806666,0.18833190597253224,0.03449033765802861
867,0876,[1717],"[70, 190]","[[0.0, -35.12820053100586, 13.792200088500977], [0.0, -27.203399658203125, 13.792200088500977]]","[0, 0]",0,-0.950350449055186,0.0,0.0,-0.0002724915571838483,0.005736937556685449,6.751636800841986e-18,-0.001097749024791048,0.06328518821351566,0.041984784906154114
868,0877,"[1718, 1719, 1720, 1721, 1722, 1723]","[418, 537, 1244, 1245, 1246, 1247, 1248]","[[9.753600120544434, -14.935199737548828, 13.792200088500977], [9.753600120544434, -23.012399673461914, 13.792200088500977], [9.753600120544434, -20.917984008789062, 13.792200088500977], [9.753600120544434, -20.461647033691406, 13.792200088500977], [9.753600120544434, -18.747596740722656, 13.792200088500977], [9.753600120544434, -17.72361946105957, 13.792200088500977], [9.753600120544434, -16.459199905395508, 13.792200088500977]]","[0, 0, 0, 0, 0, 0, 0]",0,0.0,1.9378813780429525,0.9717687990856837,0.11167545783955993,0.014110226067925459,-0.8840745432379542,0.025620837598231673,0.3121788790376629,0.03230755644115905
869,0878,[2315],"[1249, 1258]","[[26.212799072265625, -10.344253540039062, 13.792200088500977], [33.985198974609375, -10.344253540039062, 13.792200088500977]]","[0, 0]",0,-0.7710460585471887,0.0,-1.2705058666611252e-16,-0.000155839939044725,-2.6554189646932764e-05,-5.21280074421496e-16,0.0006207339022160942,0.029239865344758437,0.005871264852783722
870,0879,[2316],"[1250, 1256]","[[26.212799072265625, -12.700115203857422, 13.792200088500977], [33.985198974609375, -12.700115203857422, 13.792200088500977]]","[0, 0]",0,-0.4266688332012084,0.0,8.470039111074169e-17,-0.0002449846372213723,0.0033462497153862792,3.5669874652209443e-16,0.0009594147018190573,0.04183957363547429,0.0068517461475703385
871,0880,[1724],"[274, 407]","[[26.212799072265625, -14.935199737548828, 13.792200088500977], [33.985198974609375, -14.935199737548828, 13.792200088500977]]","[0, 0]",0,-0.13595895740740918,0.0,1.2705058666611252e-16,-0.0003917422697731242,0.0025520130058162894,5.21280074421496e-16,-0.0015225591490639918,0.053336513305928715,0.004800995952522643
872,0881,[2317],"[1251, 1254]","[[26.212799072265625, -17.72361946105957, 13.792200088500977], [33.985198974609375, -17.72361946105957, 13.792200088500977]]","[0, 0]",0,0.0,0.37464359622414906,-6.352529333305626e-17,-0.0006429501164633314,-6.638344238246496e-05,-3.2948026401897646e-16,0.0025094981788027185,0.05984979060375318,0.0037456460492862223
873,0882,[2318],"[1252, 1253]","[[26.212799072265625, -20.461647033691406, 13.792200088500977], [33.985198974609375, -20.461647033691406, 13.792200088500977]]","[0, 0]",0,-0.30712950785334464,0.0,4.235019555537084e-17,-0.0010010167199907116,0.00015405797304173535,2.196535093459843e-16,0.003928461290009738,0.03703952577286279,0.012163576734538424
874,0883,"[1725, 1726, 1727]","[106, 274, 1249, 1250]","[[26.212799072265625, -7.924799919128418, 13.792200088500977], [26.212799072265625, -14.935199737548828, 13.792200088500977], [26.212799072265625, -10.344253540039062, 13.792200088500977], [26.212799072265625, -12.700115203857422, 13.792200088500977]]","[0, 0, 0, 0]",0,-2.697919332208143,0.0,0.6190709965936975,0.003821536341380571,0.005029960158122344,-0.9672216259337204,0.0044075351204470575,0.050254687217862866,0.0060594782625408425
875,0884,"[1728, 1729, 1730]","[274, 474, 1251, 1252]","[[26.212799072265625, -14.935199737548828, 13.792200088500977], [26.212799072265625, -23.012399673461914, 13.792200088500977], [26.212799072265625, -17.72361946105957, 13.792200088500977], [26.212799072265625, -20.461647033691406, 13.792200088500977]]","[0, 0, 0, 0]",0,-7.5788490202462,0.0,0.406387900683704,0.0011229454436683221,0.00341555562605019,1.0255692348687142,0.005891517089676639,0.05123976560649456,0.011078996693645498
876,0885,"[1731, 1732, 1733]","[407, 508, 1253, 1254]","[[33.985198974609375, -14.935199737548828, 13.792200088500977], [33.985198974609375, -23.012399673461914, 13.792200088500977], [33.985198974609375, -20.461647033691406, 13.792200088500977], [33.985198974609375, -17.72361946105957, 13.792200088500977]]","[0, 0, 0, 0]",0,-0.5177627529584965,0.31816724646290867,1.2643436353125983,0.002289307715649479,0.0002684953024087525,0.513249231201059,-0.0009412384671295776,0.062065161109010926,0.011285321494379483
877,0886,"[1734, 1735, 1736, 1737, 1738, 1739]","[407, 1255, 1256, 1257, 1258, 1259, 1260]","[[33.985198974609375, -14.935199737548828, 13.792200088500977], [33.985198974609375, -14.098685264587402, 13.792200088500977], [33.985198974609375, -12.700115203857422, 13.792200088500977], [33.985198974609375, -11.627782821655273, 13.792200088500977], [33.985198974609375, -10.344253540039062, 13.792200088500977], [33.985198974609375, -9.144000053405762, 13.792200088500977], [33.985198974609375, -7.924799919128418, 13.792200088500977]]","[0, 0, 0, 0, 0, 0, 0]",0,-0.6482402464139112,0.16236125802545984,1.1120984541056922,0.031533293018356,0.0007459909279010873,2.232399546944948,-0.008774567987958226,0.053181444684260636,0.012948391536828498
878,0887,[1740],"[310, 1260]","[[27.88920021057129, -7.924799919128418, 13.792200088500977], [33.985198974609375, -7.924799919128418, 13.792200088500977]]","[0, 0]",0,-1.0090165608679207,0.0,0.11197394735439944,1.4153420134290606e-05,0.0011368668720124332,-0.6825930446768844,0.0001691821658427857,0.02273713200333077,0.0049703551925916085
879,0888,"[1741, 1742, 1743]","[480, 514, 1261, 1262]","[[26.212799072265625, -27.203399658203125, 13.792200088500977], [33.985198974609375, -27.203399658203125, 13.792200088500977], [28.978139877319336, -27.203399658203125, 13.792200088500977], [31.526952743530273, -27.203399658203125, 13.792200088500977]]","[0, 0, 0, 0]",0,0.0,2.0581375543393974,0.30154952872711877,-0.013140520645106814,0.005712098104725069,-0.6371661275439686,0.017384186990450325,0.027369906425576667,0.007610514886589584
880,0889,[1744],"[474, 508]","[[26.212799072265625, -23.012399673461914, 13.792200088500977], [33.985198974609375, -23.012399673461914, 13.792200088500977]]","[0, 0]",0,0.0,0.33068902315664644,-2.117509777768542e-17,-0.0015245964400018926,-0.00029300635513430657,-8.229066394970076e-17,0.006030945578610798,0.017050028163841113,0.0014784391630502474
881,0890,"[1745, 1746]","[508, 514, 1263]","[[33.985198974609375, -23.012399673461914, 13.792200088500977], [33.985198974609375, -27.203399658203125, 13.792200088500977], [33.985198974609375, -25.223190307617188, 13.792200088500977]]","[0, 0, 0]",0,-0.3609036343852128,0.7355494639740603,0.3646025023326028,-0.010496700929400877,0.0011971260489704546,0.8025225798539963,-0.010941627075395258,0.021241513197985548,0.0023505972161133697
882,0891,[1747],"[474, 480]","[[26.212799072265625, -23.012399673461914, 13.792200088500977], [26.212799072265625, -27.203399658203125, 13.792200088500977]]","[0, 0]",0,-3.8471121683282057,0.0,-1.8037912484789717e-17,-0.004075404028391691,0.00021310242056455796,1.143988426209507e-16,-0.008540954390993125,0.01734079211854776,0.0011688900213851112
883,0892,[1748],"[407, 1270]","[[33.985198974609375, -14.935199737548828, 13.792200088500977], [43.738800048828125, -14.935199737548828, 13.792200088500977]]","[0, 0]",0,-0.3030569077578397,0.0,0.014939217881013189,-0.000190010848941545,-0.0013057331570267073,0.145711171572238,0.0009314579552228877,0.04851929819972737,0.006281433400911572
884,0893,[2319],"[1254, 1269]","[[33.985198974609375, -17.72361946105957, 13.792200088500977], [43.738800048828125, -17.72361946105957, 13.792200088500977]]","[0, 0]",0,-0.7505179238995875,0.0,-5.386114549750379e-17,-0.0002812543956592403,0.001687063461453103,3.065557024970256e-16,-0.001378701100258146,0.057579949454900956,0.002013435914100115
885,0894,[2320],"[1253, 1268]","[[33.985198974609375, -20.461647033691406, 13.792200088500977], [43.738800048828125, -20.461647033691406, 13.792200088500977]]","[0, 0]",0,-0.8533903680766324,0.0,0.0,-0.0003736140508558887,0.0024054867765693076,-4.388563920547291e-17,-0.0018596522885265454,0.046594757031604386,0.007302177085033183
886,0895,[1749],"[442, 508]","[[43.738800048828125, -23.012399673461914, 13.792200088500977], [33.985198974609375, -23.012399673461914, 13.792200088500977]]","[0, 0]",0,-1.3045953807833788,0.0,-2.6930572748751894e-17,-0.0005077242396713949,2.7180388997686793e-06,-1.971634904539857e-16,-0.002706208535557736,0.02936620380359385,0.002941455351561855
887,0896,[2321],"[1263, 1267]","[[33.985198974609375, -25.223190307617188, 13.792200088500977], [43.738800048828125, -25.223190307617188, 13.792200088500977]]","[0, 0]",0,-1.07987781515103,0.0,-5.386114549750379e-17,-0.000475964857819553,-0.0007660214405781304,2.8461288289428913e-16,-0.0025097016503156924,0.02889416039733311,0.0024096766294239578
888,0897,"[1750, 1751, 1752, 1753]","[436, 514, 1264, 1265, 1266]","[[43.738800048828125, -27.203399658203125, 13.792200088500977], [33.985198974609375, -27.203399658203125, 13.792200088500977], [36.42359924316406, -27.203399658203125, 13.792200088500977], [38.709598541259766, -27.203399658203125, 13.792200088500977], [41.30812454223633, -27.203399658203125, 13.792200088500977]]","[0, 0, 0, 0, 0]",0,-2.325786684115626,0.0,0.8488450612385199,-0.006192288422656978,0.00912697059053987,-0.11426616388748809,0.01047917956902191,0.06186884954656802,0.01297032763282879
889,0898,"[1754, 1755]","[436, 442, 1267]","[[43.738800048828125, -27.203399658203125, 13.792200088500977], [43.738800048828125, -23.012399673461914, 13.792200088500977], [43.738800048828125, -25.223190307617188, 13.792200088500977]]","[0, 0, 0]",0,0.0,5.8093293697694035,0.026092958826144916,-0.008065545491032654,0.008018895461243741,-0.05768606899023969,0.009280569386291843,0.04019916593123839,0.008604190548964934
890,0899,"[1756, 1757, 1758, 1759]","[424, 442, 1268, 1269, 1270]","[[43.738800048828125, -16.459199905395508, 13.792200088500977], [43.738800048828125, -23.012399673461914, 13.792200088500977], [43.738800048828125, -20.461647033691406, 13.792200088500977], [43.738800048828125, -17.72361946105957, 13.792200088500977], [43.738800048828125, -14.935199737548828, 13.792200088500977]]","[0, 0, 0, 0, 0]",0,0.0,3.2142196777295373,0.6303965121752695,0.004760581386123536,0.0032082867318858005,-0.7970856778168143,0.003109599185083761,0.04993260487188574,0.00460059905192017
891,0900,"[1760, 1761, 1762]","[448, 1270, 1271, 1272]","[[43.738800048828125, -9.144000053405762, 13.792200088500977], [43.738800048828125, -14.935199737548828, 13.792200088500977], [43.738800048828125, -14.098685264587402, 13.792200088500977], [43.738800048828125, -11.627782821655273, 13.792200088500977]]","[0, 0, 0, 0]",0,0.0,1.0525486356296712,0.6748703526069075,0.018322301604878122,0.005322071261488427,0.9074135626603124,0.004169791495446983,0.038111385094986676,0.0067356002230688095
892,0901,[2322],"[1237, 1277]","[[2.5823607444763184, -27.203399658203125, 13.792200088500977], [2.5823607444763184, -38.48099899291992, 13.792200088500977]]","[0, 0]",0,-0.46400966451373654,0.0,-8.062503231787536e-17,-0.00014986872623917402,0.006766194364296624,-6.06449020775583e-16,-0.0008763814805327748,0.12987655662906825,0.037268556089760665
893,0902,[2323],"[1238, 1278]","[[5.016953468322754, -27.203399658203125, 13.792200088500977], [5.016953468322754, -38.48099899291992, 13.792200088500977]]","[0, 0]",0,-0.22929493152206837,0.0,-1.6125006463575072e-16,-0.00016730813090693857,0.005645563279795563,-9.092568108295915e-16,-0.0009704262561588768,0.20110683767387977,0.029214794256768345
894,0903,[2324],"[1239, 1279]","[[7.315199851989746, -27.203399658203125, 13.792200088500977], [7.315199851989746, -38.48099899291992, 13.792200088500977]]","[0, 0]",0,0.0,0.07678153183013553,-3.2250012927150144e-16,-0.0001830618946470535,0.004345230251147869,-1.97033423701997e-15,0.0010670208512024507,0.23131247841474903,0.02381688991569181
895,0904,"[1763, 1764]","[262, 384, 1273]","[[9.753600120544434, -38.48099899291992, 13.792200088500977], [9.753600120544434, -27.203399658203125, 13.792200088500977], [9.753600120544434, -33.909000396728516, 13.792200088500977]]","[0, 0, 0]",0,0.0,0.9322331374203384,1.1965746068206669,-0.0005619988102763747,0.005342423677081265,-5.423281862396564,-0.0019029680035117511,0.3415495965626638,0.04754688391573534
896,0905,[2325],"[1240, 1280]","[[12.494023323059082, -27.203399658203125, 13.792200088500977], [12.494023323059082, -38.48099899291992, 13.792200088500977]]","[0, 0]",0,0.0,0.8679555928092128,1.6125006463575072e-16,-0.00029018841745838793,-0.004285575834962575,1.5165392722727405e-15,-0.0016826427391059904,0.2262344416515757,0.02478918086044451
897,0906,[2326],"[1241, 1281]","[[15.049118995666504, -27.203399658203125, 13.792200088500977], [15.049118995666504, -38.48099899291992, 13.792200088500977]]","[0, 0]",0,0.0,1.5895404891290292,-3.2250012927150144e-16,-0.00033189530773634055,-0.005223619149312065,-1.97033423701997e-15,-0.0019291806925685277,0.19425717535137635,0.025943349121490576
898,0907,"[1765, 1766]","[328, 396, 1274]","[[17.525999069213867, -38.48099899291992, 13.792200088500977], [17.525999069213867, -27.203399658203125, 13.792200088500977], [17.525999069213867, -33.909000396728516, 13.792200088500977]]","[0, 0, 0]",0,0.0,1.7807634823747243,1.3634311110954063,-0.001090167455808184,-0.004372686624544262,-5.839352333253539,0.0036665303707262517,0.2381533501095303,0.03795879648715558
899,0908,[2327],"[1242, 1282]","[[20.55723762512207, -27.203399658203125, 13.792200088500977], [20.55723762512207, -38.48099899291992, 13.792200088500977]]","[0, 0]",0,0.0,0.04744083613133468,-8.062503231787536e-17,-0.0006011809417360097,-0.006658049612670888,-5.684938669353862e-16,0.0033905239330656073,0.11730490761578467,0.01628836178790732
900,0909,[2328],"[1243, 1283]","[[23.457565307617188, -27.203399658203125, 13.792200088500977], [23.457565307617188, -38.48099899291992, 13.792200088500977]]","[0, 0]",0,-0.966483839702665,0.0,-3.0234387119203263e-17,-0.0007038972866725703,-0.005054261089620223,2.6537353663104044e-16,-0.004030521908122076,0.06881302286003073,0.017187236180014952
901,0910,"[1767, 1768]","[316, 480, 1275]","[[26.212799072265625, -38.48099899291992, 13.792200088500977], [26.212799072265625, -27.203399658203125, 13.792200088500977], [26.212799072265625, -33.909000396728516, 13.792200088500977]]","[0, 0, 0]",0,-4.226342186893605,0.0,1.4271746969041126,-0.0027028869042606076,0.004415449319169989,-1.053551369468571,-0.009631226217578738,0.07521433304070368,0.013712720896507071
902,0911,[2329],"[1262, 1285]","[[31.526952743530273, -27.203399658203125, 13.792200088500977], [31.526952743530273, -38.48099899291992, 13.792200088500977]]","[0, 0]",0,-1.4750126829736911,0.0,2.015625807946884e-17,-0.0008303453343361569,0.00012052476766451744,1.1365710135369893e-16,-0.004897667683054547,0.04146249309809515,0.0035932805573561746
903,0912,"[1769, 1770]","[322, 514, 1276]","[[33.985198974609375, -38.48099899291992, 13.792200088500977], [33.985198974609375, -27.203399658203125, 13.792200088500977], [33.985198974609375, -33.909000396728516, 13.792200088500977]]","[0, 0, 0]",0,-1.1830777015982497,0.0,1.1704432780729428,-0.002371666379003536,-0.0007027261466945224,-0.2008720888275793,-0.008055370825675156,0.06467715227640423,0.009935463227776992
904,0913,"[1771, 1772, 1773, 1774]","[154, 262, 1277, 1278, 1279]","[[0.0, -38.48099899291992, 13.792200088500977], [9.753600120544434, -38.48099899291992, 13.792200088500977], [2.5823607444763184, -38.48099899291992, 13.792200088500977], [5.016953468322754, -38.48099899291992, 13.792200088500977], [7.315199851989746, -38.48099899291992, 13.792200088500977]]","[0, 0, 0, 0, 0]",0,-1.7731360174830268,0.0,1.8523213132183904,-0.0017755570620002212,-0.006387318491903356,-0.8698055716474592,0.002542617828690399,0.10051111038645298,0.05788025133476397
905,0914,"[1775, 1776, 1777]","[262, 328, 1280, 1281]","[[9.753600120544434, -38.48099899291992, 13.792200088500977], [17.525999069213867, -38.48099899291992, 13.792200088500977], [12.494023323059082, -38.48099899291992, 13.792200088500977], [15.049118995666504, -38.48099899291992, 13.792200088500977]]","[0, 0, 0, 0]",0,-2.5091693787099643,0.0,1.0307550567722046,-0.00363377092409968,0.0038709053123299714,-2.0772452481696955,0.004994497282956019,0.09168673317717504,0.06107212009784666
906,0915,"[1778, 1779, 1780]","[316, 328, 1282, 1283]","[[26.212799072265625, -38.48099899291992, 13.792200088500977], [17.525999069213867, -38.48099899291992, 13.792200088500977], [20.55723762512207, -38.48099899291992, 13.792200088500977], [23.457565307617188, -38.48099899291992, 13.792200088500977]]","[0, 0, 0, 0]",0,-1.5148832682523545,3.854685703823247,0.6124720068126264,-0.010141628405810246,0.015472015760590261,-1.3540339872466398,0.02144921126528878,0.07913974446410514,0.044750645255718806
907,0916,"[1781, 1782, 1783]","[316, 322, 1284, 1285]","[[26.212799072265625, -38.48099899291992, 13.792200088500977], [33.985198974609375, -38.48099899291992, 13.792200088500977], [28.978139877319336, -38.48099899291992, 13.792200088500977], [31.526952743530273, -38.48099899291992, 13.792200088500977]]","[0, 0, 0, 0]",0,0.0,4.703016230100241,0.22200663757090347,-0.011768017119215313,0.007150220386724322,-0.5457469800832165,0.016812665623641733,0.05813261594056184,0.020980155912834062
908,0917,"[1784, 1785, 1786, 1787]","[232, 322, 1286, 1287, 1288]","[[43.738800048828125, -38.48099899291992, 13.792200088500977], [33.985198974609375, -38.48099899291992, 13.792200088500977], [36.42359924316406, -38.48099899291992, 13.792200088500977], [38.709598541259766, -38.48099899291992, 13.792200088500977], [41.30812454223633, -38.48099899291992, 13.792200088500977]]","[0, 0, 0, 0, 0]",0,0.0,3.5191401578720605,0.9024107896184229,-0.00638897462800655,0.010742374285543017,-1.335453095317268,0.011375844711440038,0.08751381967658368,0.02133973226048952
909,0918,[2330],"[1260, 1289]","[[33.985198974609375, -7.924799919128418, 13.792200088500977], [36.42359924316406, -7.924799919128418, 13.792200088500977]]","[0, 0]",0,-1.3822161389060248,0.0,-4.1564606405110188e-16,-0.0009422552301041534,-0.0006861365562770119,6.822982939248445e-16,0.001349604418488128,0.008274825875647086,0.00382591060507922
910,0919,[1788],"[115, 1259]","[[36.42359924316406, -9.144000053405762, 13.792200088500977], [33.985198974609375, -9.144000053405762, 13.792200088500977]]","[0, 0]",0,-2.8676364665064384,0.0,0.7862868059148934,-0.0024484297101039993,-0.0002583227812800813,1.917281958703883,-0.003118709162844817,0.009213109309380253,0.005295254060307569
911,0920,[2331],"[1257, 1272]","[[33.985198974609375, -11.627782821655273, 13.792200088500977], [43.738800048828125, -11.627782821655273, 13.792200088500977]]","[0, 0]",0,-0.10106516448811949,0.0,6.7326431871879735e-18,-0.00011245281684609145,-0.00020782583323570314,7.946224956725905e-17,0.00058409279155527,0.020981056085934306,0.0075070793990530075
912,0921,[2332],"[1255, 1271]","[[33.985198974609375, -14.098685264587402, 13.792200088500977], [43.738800048828125, -14.098685264587402, 13.792200088500977]]","[0, 0]",0,-0.20995948453202845,0.0,4.0395859123127844e-17,-0.00015405393675981186,-0.0013969903052386998,-2.5185959647550564e-16,0.0007655192816434802,0.04251965471599161,0.008863415060003182
913,0922,[1789],"[151, 448]","[[41.90999984741211, -9.144000053405762, 13.792200088500977], [43.738800048828125, -9.144000053405762, 13.792200088500977]]","[0, 0]",0,0.0,0.1463198713857379,3.1406286911965524e-16,0.004330444851097536,0.004440093576561959,3.383790315580437e-16,-0.00417575767626995,0.009140486845167745,0.002147546281171118
914,0923,[1790],"[115, 151]","[[36.42359924316406, -9.144000053405762, 13.792200088500977], [41.90999984741211, -9.144000053405762, 13.792200088500977]]","[0, 0]",0,0.0,0.9063043302869899,-2.1166671528309143e-17,-0.00047259563368216243,-0.0004867413573127759,-7.756914826718334e-17,0.0013554445483616152,0.008171999079355622,0.001277795240269914
915,0924,[1791],"[139, 151]","[[41.90999984741211, -6.1975998878479, 13.792200088500977], [41.90999984741211, -9.144000053405762, 13.792200088500977]]","[0, 0]",0,0.0,1.3145256339113234,-1.3504740567291007e-17,0.0009074632032538903,-0.00017587820566931063,-7.323893890251304e-17,0.0013548090526666573,0.008290278013351025,0.0010259042348548335
916,0925,"[1792, 1793]","[115, 214, 1289]","[[36.42359924316406, -9.144000053405762, 13.792200088500977], [36.42359924316406, -6.1975998878479, 13.792200088500977], [36.42359924316406, -7.924799919128418, 13.792200088500977]]","[0, 0, 0]",0,0.0,0.27022416441656344,0.03279013567729052,0.009756721786503504,0.0007822706095293613,0.11934928096092295,0.00996469302960969,0.00756448799277816,0.0005832828591675748
917,0926,[2333],"[1265, 1290]","[[38.709598541259766, -27.203399658203125, 13.792200088500977], [38.709598541259766, -35.12820053100586, 13.792200088500977]]","[0, 0]",0,0.0,0.8042450671387978,0.0,-0.001396296331606936,0.0022938876702190184,1.0802618881347177e-16,-0.005671098919741305,0.08332166229756043,0.00484004874293711
918,0927,[1794],"[430, 436]","[[43.738800048828125, -35.12820053100586, 13.792200088500977], [43.738800048828125, -27.203399658203125, 13.792200088500977]]","[0, 0]",0,0.0,2.370308942224857,6.620731147879025e-17,-0.0011198713544968274,0.002547565680575806,2.7584315349820367e-16,-0.004462153891353975,0.034293925230853436,0.015133679127950895
919,0928,[1795],"[374, 1264]","[[36.42359924316406, -35.12820053100586, 13.792200088500977], [36.42359924316406, -27.203399658203125, 13.792200088500977]]","[0, 0]",0,0.0,0.06834135793083436,0.07693957489956409,-0.001546948769797809,0.002182684984222304,-0.6097308103171378,-0.00630379412495977,0.07120916128185523,0.01112155771562722
920,0929,[1796],"[374, 1286]","[[36.42359924316406, -35.12820053100586, 13.792200088500977], [36.42359924316406, -38.48099899291992, 13.792200088500977]]","[0, 0]",0,-0.7338830208728524,0.0,-0.48680563598421667,-0.006825693716805005,-0.005271013420205212,-1.6321611875789812,-0.011797264747595012,0.08899928986258844,0.010398567347971661
921,0930,"[1797, 1798, 1799]","[374, 430, 1290, 1291]","[[36.42359924316406, -35.12820053100586, 13.792200088500977], [43.738800048828125, -35.12820053100586, 13.792200088500977], [38.709598541259766, -35.12820053100586, 13.792200088500977], [41.30812454223633, -35.12820053100586, 13.792200088500977]]","[0, 0, 0, 0]",0,0.0,0.8678647929338,0.8855688330622141,-0.0074782307214742525,-0.0013616794528355876,-2.152530471925397,0.012199827527957214,0.09997459307629811,0.018998939340221784
922,0931,[2334],"[1288, 1291]","[[41.30812454223633, -38.48099899291992, 13.792200088500977], [41.30812454223633, -35.12820053100586, 13.792200088500977]]","[0, 0]",0,0.0,0.22052761831658238,4.476494624991029e-16,-0.0050596646595789056,0.0015873814401010655,1.9632793881317825e-15,-0.008710501334386408,0.07212476703441607,0.01747409152188431
923,0932,[2335],"[1266, 1291]","[[41.30812454223633, -27.203399658203125, 13.792200088500977], [41.30812454223633, -35.12820053100586, 13.792200088500977]]","[0, 0]",0,0.0,1.6768896620391496,-8.148592182004953e-17,-0.0012013773658555717,0.0027005246528178923,-3.768929465870678e-16,-0.004876365100118476,0.06825210398439444,0.012102245930239373
924,0933,[2336],"[1287, 1290]","[[38.709598541259766, -38.48099899291992, 13.792200088500977], [38.709598541259766, -35.12820053100586, 13.792200088500977]]","[0, 0]",0,0.0,0.08631844021030627,-2.2382473124955143e-16,-0.006061035618678268,-0.001004755494807451,-2.4178977942158416e-15,-0.010366656675596475,0.09844628664839997,0.003543483985744014
925,0934,[1800],"[70, 154]","[[0.0, -35.12820053100586, 13.792200088500977], [0.0, -38.48099899291992, 13.792200088500977]]","[0, 0]",0,-0.23453183832930785,0.0,0.0,-0.0016285864550402026,0.009894006860504866,0.0,-0.0028190732201828525,0.03970387599191638,0.031005807588293216
926,0935,[1801],"[232, 430]","[[43.738800048828125, -38.48099899291992, 13.792200088500977], [43.738800048828125, -35.12820053100586, 13.792200088500977]]","[0, 0]",0,0.0,0.22933666892042362,-4.476494624991029e-16,-0.005169607452017861,0.00020196525399681235,-1.0057739880318158e-15,-0.008884175593664992,0.02898678374943492,0.01983176257244204
927,0936,[1802],"[139, 214]","[[41.90999984741211, -6.1975998878479, 13.792200088500977], [36.42359924316406, -6.1975998878479, 13.792200088500977]]","[0, 0]",0,0.0,0.07102060426116229,4.2333343056618287e-17,0.0003258682644199069,0.0001470417348353635,-1.3563356799860096e-16,-0.0015298347478687065,0.006637568592450755,0.0008966056165364153
928,0937,[1803],"[46, 247]","[[1.8287999629974365, -6.1975998878479, 13.792200088500977], [7.315199851989746, -6.1975998878479, 13.792200088500977]]","[0, 0]",0,0.0,0.776003266057608,-2.1166677004838362e-17,0.0006218945192921617,-0.0002645513220768607,6.781679272412817e-17,-0.0020352064039170603,0.016093656613109172,0.001175815700765663
929,0938,[1804],"[247, 259]","[[7.315199851989746, -6.1975998878479, 13.792200088500977], [7.315199851989746, -9.144000053405762, 13.792200088500977]]","[0, 0]",0,0.0,2.0033561143467407,0.0,0.004705667423802222,-0.000728625600460895,0.0,0.0071739463753422205,0.01548324020851753,0.002031164555571878
930,0939,[1805],"[58, 259]","[[1.8287999629974365, -9.144000053405762, 13.792200088500977], [7.315199851989746, -9.144000053405762, 13.792200088500977]]","[0, 0]",0,0.0,1.5932265658021303,2.1166677004838362e-17,0.0003506648349600247,0.0006328570217951542,6.781679272412817e-17,0.0017765854844697029,0.017040807847789705,0.0027375586423189374
931,0944,"[1806, 1807]","[30, 204, 1292]","[[1.8287999629974365, -2.0074799434539534e-14, 17.145000457763672], [9.753600120544434, -2.7428522642166872e-14, 17.145000457763672], [7.315199851989746, -5.684341886080802e-14, 17.145000457763672]]","[0, 0, 0]",0,0.0,0.1839710031693801,0.6844192948397838,0.001149148356907635,0.005733178823768715,-0.6042598318758736,0.0009493657364229664,0.039137599485091504,0.003422200677521949
932,0945,[1808],"[78, 204]","[[15.849599838256836, -2.0074799434539534e-14, 17.145000457763672], [9.753600120544434, -2.7428522642166872e-14, 17.145000457763672]]","[0, 0]",0,-0.01801134613885614,0.0,-1.7170084871585838e-16,0.0003223395401529614,0.004028750143989535,-5.58452679508273e-16,0.0009910268948264635,0.032849419832324575,0.007163415232854438
933,0946,[1809],"[228, 527]","[[36.42359924316406, -2.7428522642166872e-14, 17.145000457763672], [27.88920021057129, -2.0074799434539534e-14, 17.145000457763672]]","[0, 0]",0,-0.14978322666500868,0.0,-3.514833509197434e-17,6.928842553523142e-05,-0.004273293885367238,1.6879309379457598e-16,-0.00029917097793779625,0.03152245458137944,0.006152963693492517
934,0947,[1810],"[123, 228]","[[41.90999984741211, -2.0074799434539534e-14, 17.145000457763672], [36.42359924316406, -2.7428522642166872e-14, 17.145000457763672]]","[0, 0]",0,0.0,0.0006217510379818343,2.540000583397097e-16,0.00011016857941646863,0.0009205917723902689,6.967730367770113e-16,-0.00030575147113436855,0.024021799911228107,0.0020744644924207255
935,0948,"[1811, 1812, 1813]","[123, 135, 1293, 1294]","[[41.90999984741211, -2.0074799434539534e-14, 17.145000457763672], [41.90999984741211, -6.1975998878479, 17.145000457763672], [41.90999984741211, -2.1691598892211914, 17.145000457763672], [41.90999984741211, -4.228439807891846, 17.145000457763672]]","[0, 0, 0, 0]",0,-0.02297648865879443,0.017529795594583637,0.8702184124924301,0.0007532164802785186,0.0001577272120961948,0.6460831203080459,0.0010281480495129749,0.01938559747237734,0.004149211282609086
936,0949,"[1814, 1815, 1816]","[216, 228, 1295, 1296]","[[36.42359924316406, -6.1975998878479, 17.145000457763672], [36.42359924316406, -2.7428522642166872e-14, 17.145000457763672], [36.42359924316406, -4.228439807891846, 17.145000457763672], [36.42359924316406, -2.1691598892211914, 17.145000457763672]]","[0, 0, 0, 0]",0,0.0,0.2953920644470726,0.7070489561535054,0.002604893707878775,0.00224518938775626,1.1107875860533443,0.0031638427999914026,0.027655892621300925,0.006731915090726779
937,0950,"[1817, 1818, 1819, 1820]","[312, 527, 1297, 1298, 1299]","[[27.88920021057129, -7.924799919128418, 17.145000457763672], [27.88920021057129, -2.0074799434539534e-14, 17.145000457763672], [27.88920021057129, -2.1691598892211914, 17.145000457763672], [27.88920021057129, -4.228439807891846, 17.145000457763672], [27.88920021057129, -6.1975998878479, 17.145000457763672]]","[0, 0, 0, 0, 0]",0,-0.11151933610770576,0.04248195936790532,1.8543967493620204,0.0055193736933098515,0.005480611521222306,-0.2783913552220433,0.004848968551886351,0.06509828032995509,0.012391494577060435
938,0951,[1821],"[216, 1299]","[[36.42359924316406, -6.1975998878479, 17.145000457763672], [27.88920021057129, -6.1975998878479, 17.145000457763672]]","[0, 0]",0,-0.6991768793853586,0.0,0.04129418091293882,0.0001770887736111479,0.002495103355554032,0.3524210176350958,0.0009151496639467394,0.02838904685599252,0.008438887792252926
939,0952,[2337],"[1293, 1296]","[[41.90999984741211, -2.1691598892211914, 17.145000457763672], [36.42359924316406, -2.1691598892211914, 17.145000457763672]]","[0, 0]",0,-0.038343887645830466,0.0,8.466668611323657e-17,0.000125667461232326,0.000840929695239009,-5.248286069621566e-16,-0.0003454600489519661,0.022835486302123186,0.003328249470858864
940,0953,[2338],"[1294, 1295]","[[41.90999984741211, -4.228439807891846, 17.145000457763672], [36.42359924316406, -4.228439807891846, 17.145000457763672]]","[0, 0]",0,-0.034581314194224555,0.0,-8.466668611323657e-17,0.00013125871705607317,0.0014466997900393387,-3.0540041093479196e-16,0.0004108600966233213,0.013214641845484928,0.006265805245355472
941,0954,"[1822, 1823, 1824]","[90, 288, 1300, 1301]","[[17.525999069213867, -7.924799919128418, 17.145000457763672], [17.525999069213867, -14.935199737548828, 17.145000457763672], [17.525999069213867, -10.344253540039062, 17.145000457763672], [17.525999069213867, -12.700115203857422, 17.145000457763672]]","[0, 0, 0, 0]",0,0.0,1.0199923935056927,0.7286203732568383,0.008083865859292359,0.008677274318290355,1.4723606037702957,0.009482060260933428,0.061265061735674226,0.021270673098536804
942,0955,"[1825, 1826, 1827, 1828, 1829, 1830]","[420, 458, 1302, 1303, 1304, 1305, 1306]","[[9.753600120544434, -14.935199737548828, 17.145000457763672], [9.753600120544434, -7.924799919128418, 17.145000457763672], [9.753600120544434, -9.144000053405762, 17.145000457763672], [9.753600120544434, -10.344253540039062, 17.145000457763672], [9.753600120544434, -11.688923835754395, 17.145000457763672], [9.753600120544434, -12.700115203857422, 17.145000457763672], [9.753600120544434, -14.130844116210938, 17.145000457763672]]","[0, 0, 0, 0, 0, 0, 0]",0,0.0,1.1500069808802422,2.3525689979386653,0.06332816164057907,0.01437025665422667,4.841951416404045,0.02673466689751549,0.13960061080914218,0.03584252175270558
943,0956,"[1831, 1832, 1833]","[30, 42, 1307, 1308]","[[1.8287999629974365, -2.0074799434539534e-14, 17.145000457763672], [1.8287999629974365, -6.1975998878479, 17.145000457763672], [1.8287999629974365, -4.228439807891846, 17.145000457763672], [1.8287999629974365, -2.1691598892211914, 17.145000457763672]]","[0, 0, 0, 0]",0,-0.036642900778271266,0.0,0.7368578582123443,0.0024006612156332904,0.0031615643053074373,1.2165981150097314,0.002608547991912716,0.02763609739674152,0.004644087312363697
944,0957,"[1834, 1835, 1836]","[243, 1292, 1309, 1310]","[[7.315199851989746, -6.1975998878479, 17.145000457763672], [7.315199851989746, -5.684341886080802e-14, 17.145000457763672], [7.315199851989746, -4.228439807891846, 17.145000457763672], [7.315199851989746, -2.1691598892211914, 17.145000457763672]]","[0, 0, 0, 0]",0,-0.5028586380119581,0.0,0.6430058175114463,0.005115597071791138,0.0028121397268490857,1.1274055192475334,0.005482096720425736,0.037802925341900856,0.0072457631005428316
945,0958,[2339],"[1310, 1313]","[[7.315199851989746, -2.1691598892211914, 17.145000457763672], [9.753600120544434, -2.1691598892211914, 17.145000457763672]]","[0, 0]",0,0.0,0.1837810305728902,-4.1564606405110188e-16,0.0012260651371588122,0.004171450146147236,-1.560011078034303e-15,-0.0015163993549206648,0.037070296142523496,0.004199294416984373
946,0959,[2340],"[1296, 1297]","[[36.42359924316406, -2.1691598892211914, 17.145000457763672], [27.88920021057129, -2.1691598892211914, 17.145000457763672]]","[0, 0]",0,-0.21633950446648242,0.0,7.029667018394868e-17,7.52797652264246e-05,-0.0036506463961906003,-5.507450542259226e-16,-0.00032657940750676305,0.04369316578181374,0.0047603571134627355
947,0960,[2341],"[1309, 1312]","[[7.315199851989746, -4.228439807891846, 17.145000457763672], [9.753600120544434, -4.228439807891846, 17.145000457763672]]","[0, 0]",0,0.0,0.30735565754786176,8.3129212810220375e-16,0.001355379026613894,0.0030562554372788697,2.066766815137256e-15,-0.0016613458344892503,0.02832882406114676,0.0088431188787919
948,0961,[2342],"[1295, 1298]","[[36.42359924316406, -4.228439807891846, 17.145000457763672], [27.88920021057129, -4.228439807891846, 17.145000457763672]]","[0, 0]",0,-0.3822863939546311,0.0,-7.029667018394868e-17,9.120137556535552e-05,-0.0016696964924639535,-4.002799718940845e-16,-0.00040330590674602767,0.0406079461688254,0.008293499461905052
949,0962,[1837],"[243, 1311]","[[7.315199851989746, -6.1975998878479, 17.145000457763672], [9.753600120544434, -6.1975998878479, 17.145000457763672]]","[0, 0]",0,0.0,0.5119431082224553,0.3995383211873233,0.001689377904905433,-0.004091827132358488,0.9742343496810579,0.0023079663707162297,0.02139047177159143,0.0075525462803289435
950,0963,[2343],"[1311, 1316]","[[9.753600120544434, -6.1975998878479, 17.145000457763672], [15.849599838256836, -6.1975998878479, 17.145000457763672]]","[0, 0]",0,0.0,0.1828770216037887,2.7472135794537337e-16,0.0005497494830846416,-0.0009746972995293429,9.075676939559752e-16,0.0016814008793857257,0.03657017960031748,0.0065294406600344725
951,0964,[1838],"[300, 458]","[[15.849599838256836, -7.924799919128418, 17.145000457763672], [9.753600120544434, -7.924799919128418, 17.145000457763672]]","[0, 0]",0,0.0,0.33375770538625965,6.868033948634334e-17,0.0007193236757731935,-0.0007884304432087241,-2.444461819174172e-16,0.0022164084748543043,0.03161156874063347,0.0034557465021661815
952,0965,"[1839, 1840, 1841, 1842]","[204, 458, 1311, 1312, 1313]","[[9.753600120544434, -2.7428522642166872e-14, 17.145000457763672], [9.753600120544434, -7.924799919128418, 17.145000457763672], [9.753600120544434, -6.1975998878479, 17.145000457763672], [9.753600120544434, -4.228439807891846, 17.145000457763672], [9.753600120544434, -2.1691598892211914, 17.145000457763672]]","[0, 0, 0, 0, 0]",0,0.0,0.5585666319396103,0.9874703970932689,0.008253832725936208,0.00029516278760259026,1.7635166257023756,0.007315860471918817,0.03840409750997345,0.008924735148888606
953,0966,[2344],"[1313, 1314]","[[9.753600120544434, -2.1691598892211914, 17.145000457763672], [15.849599838256836, -2.1691598892211914, 17.145000457763672]]","[0, 0]",0,0.0,0.029708421208248757,1.3736067897268669e-16,0.00036019998281534924,0.0035376005509678656,5.24000880691681e-16,0.0010986529786602374,0.04584915707274529,0.004014071797131313
954,0967,[2345],"[1308, 1310]","[[1.8287999629974365, -2.1691598892211914, 17.145000457763672], [7.315199851989746, -2.1691598892211914, 17.145000457763672]]","[0, 0]",0,0.0,0.22289326657363906,-8.466670801935345e-17,0.00039598339363454323,-0.0007670900170905452,2.712671708965127e-16,0.0011046458328308635,0.030282307295897763,0.004900260761457611
955,0968,[2346],"[1307, 1309]","[[1.8287999629974365, -4.228439807891846, 17.145000457763672], [7.315199851989746, -4.228439807891846, 17.145000457763672]]","[0, 0]",0,0.0,0.39536605377205275,-8.466670801935345e-17,0.000527022529549273,-0.001056032115355706,-2.3225770873936253e-16,0.001463779935724602,0.022800241940070066,0.007057891526049985
956,0969,"[1843, 1844, 1845, 1846]","[78, 300, 1314, 1315, 1316]","[[15.849599838256836, -2.0074799434539534e-14, 17.145000457763672], [15.849599838256836, -7.924799919128418, 17.145000457763672], [15.849599838256836, -2.1691598892211914, 17.145000457763672], [15.849599838256836, -4.228439807891846, 17.145000457763672], [15.849599838256836, -6.1975998878479, 17.145000457763672]]","[0, 0, 0, 0, 0]",0,-0.05472961771582794,0.0024923310122642586,1.5946379382830138,0.009857876631264424,0.004642502940407293,0.15805313200100662,-0.0028975839788630913,0.055076075801641255,0.010488784065560494
957,0970,[1847],"[90, 300]","[[17.525999069213867, -7.924799919128418, 17.145000457763672], [15.849599838256836, -7.924799919128418, 17.145000457763672]]","[0, 0]",0,0.0,0.15311062674584008,1.68771539613362e-15,0.009986701341707196,0.007459525551634649,-4.478659676396264e-15,0.008768359124497005,0.03416785988228952,0.007736989472945987
958,0971,[1848],"[102, 312]","[[26.212799072265625, -7.924799919128418, 17.145000457763672], [27.88920021057129, -7.924799919128418, 17.145000457763672]]","[0, 0]",0,-0.269039833722866,0.0,9.282415174482158e-15,0.000835948891362392,-0.017541072055111857,8.674196372336426e-15,-0.0008532858381480129,0.0373538274589179,0.0037462084543244943
959,0972,[2347],"[1300, 1303]","[[17.525999069213867, -10.344253540039062, 17.145000457763672], [9.753600120544434, -10.344253540039062, 17.145000457763672]]","[0, 0]",0,0.0,0.3074099677403502,-5.2937757385203063e-17,0.0004965847500188672,-0.0022718727228748527,2.1949473197382147e-16,0.0019637570450127253,0.03689269823450612,0.008537126915392426
960,0973,[2348],"[1301, 1305]","[[17.525999069213867, -12.700115203857422, 17.145000457763672], [9.753600120544434, -12.700115203857422, 17.145000457763672]]","[0, 0]",0,0.0,0.13091487717352707,4.235020590816245e-17,0.0005569119136932592,-0.006992414008335719,1.6458134793826793e-16,0.002215748312010426,0.06539083588910387,0.018973910072393265
961,0974,[1849],"[288, 420]","[[17.525999069213867, -14.935199737548828, 17.145000457763672], [9.753600120544434, -14.935199737548828, 17.145000457763672]]","[0, 0]",0,-0.011012464950572017,0.0,-1.694008236326498e-16,0.00030129447752734044,-0.006682495763223471,1.0989028973846421e-15,-0.001194606494545609,0.11212702522964026,0.027740290492558103
962,0975,[2349],"[1306, 1319]","[[9.753600120544434, -14.130844116210938, 17.145000457763672], [-2.2737367544323206e-13, -14.130844116210938, 17.145000457763672]]","[0, 0]",0,0.0,0.08728096477551939,-1.0772231200894982e-16,0.00021802621671760633,0.005466677924196796,-5.253401776979213e-16,0.0012039158125903369,0.08711410988081111,0.026553095534780868
963,0976,[2350],"[1304, 1318]","[[9.753600120544434, -11.688923835754395, 17.145000457763672], [-2.2737367544323206e-13, -11.688923835754395, 17.145000457763672]]","[0, 0]",0,0.0,0.41335271272645285,0.0,0.00021634493740112164,0.0027025581081283456,4.388564349646253e-17,0.0013094638602198642,0.03861614628145727,0.01630042874820088
964,0977,[1850],"[54, 1317]","[[1.8287999629974365, -9.144000053405762, 17.145000457763672], [-2.2737367544323206e-13, -9.144000053405762, 17.145000457763672]]","[0, 0]",0,0.0,0.08636374771231102,0.3744275141916493,0.009416033265852315,-0.002221922764227564,-0.684753024098996,-0.008839240263197734,0.023856273264026923,0.00415591998781086
965,0978,[1851],"[255, 1302]","[[7.315199851989746, -9.144000053405762, 17.145000457763672], [9.753600120544434, -9.144000053405762, 17.145000457763672]]","[0, 0]",0,0.0,1.291023165494219,0.7862800722752864,0.004788255686178975,0.001928058172382376,1.9172655393952587,0.006361302471948887,0.02334019030385895,0.007883134694527665
966,0979,"[1852, 1853, 1854]","[168, 1317, 1318, 1319]","[[-1.364242106869501e-13, -16.459199905395508, 17.145000457763672], [-2.2737367544323206e-13, -9.144000053405762, 17.145000457763672], [-2.2737367544323206e-13, -11.688923835754395, 17.145000457763672], [-2.2737367544323206e-13, -14.130844116210938, 17.145000457763672]]","[0, 0, 0, 0]",0,0.0,0.956001407493516,0.9054345020001466,0.00630906921143518,-0.003443386482359739,2.5133925703394353,0.006801083663858443,0.06409046984810865,0.024125301462445063
967,0980,"[1855, 1856, 1857]","[168, 180, 1320, 1321]","[[-1.364242106869501e-13, -16.459199905395508, 17.145000457763672], [-1.364242106869501e-13, -23.012399673461914, 17.145000457763672], [-2.2737367544323206e-13, -18.747596740722656, 17.145000457763672], [-2.2737367544323206e-13, -20.917984008789062, 17.145000457763672]]","[0, 0, 0, 0]",0,-0.28386968177289185,0.488882019050091,1.4988500905256583,0.004212985574361849,-0.00814685948424392,-2.664407389497834,0.005085812648663245,0.10773053473021744,0.04670458318911998
968,0981,"[1858, 1859]","[180, 192, 1322]","[[-1.364242106869501e-13, -23.012399673461914, 17.145000457763672], [-1.364242106869501e-13, -27.203399658203125, 17.145000457763672], [-2.2737367544323206e-13, -25.107900619506836, 17.145000457763672]]","[0, 0, 0]",0,-1.3175160713042575,0.0,0.8734273608308427,-0.00022907167355976332,-0.0009430043776460552,2.32550618008802,-0.0002668414789124896,0.08447072498536475,0.05584272490178722
969,0982,"[1860, 1861]","[386, 539, 1323]","[[9.753600120544434, -27.203399658203125, 17.145000457763672], [9.753600120544434, -23.012399673461914, 17.145000457763672], [9.753600120544434, -25.107900619506836, 17.145000457763672]]","[0, 0, 0]",0,0.0,0.8148970945418139,1.4834754559635401,0.0003649776679418809,0.0017081670026517148,4.8766127393853065,0.00039651202159126655,0.37145243514653753,0.017653827333422915
970,0983,"[1862, 1863]","[398, 496, 1324]","[[17.525999069213867, -27.203399658203125, 17.145000457763672], [17.525999069213867, -23.012399673461914, 17.145000457763672], [17.525999069213867, -25.107900619506836, 17.145000457763672]]","[0, 0, 0]",0,0.0,7.402396586335606,4.09179974336491,0.00457151416452733,-0.0029425299232865164,10.11715490701204,0.005043348240462362,0.19627173750898572,0.053059872743315056
971,0984,[1864],"[168, 1338]","[[-1.364242106869501e-13, -16.459199905395508, 17.145000457763672], [9.753600120544434, -16.459199905395508, 17.145000457763672]]","[0, 0]",0,0.0,0.06748161903735841,-0.19074910186584865,9.401096161438429e-05,0.004989279856420423,-1.8604904629525088,-0.00046355563957938597,0.14168777739477478,0.02658981404790744
972,0985,[2351],"[1325, 1337]","[[17.525999069213867, -17.72361946105957, 17.145000457763672], [9.753600120544434, -17.72361946105957, 17.145000457763672]]","[0, 0]",0,-0.08054753716485004,0.0,0.0,6.472890570321648e-05,-0.0042384725557419465,6.608662584473555e-16,-0.0002564155748278561,0.18558141525990912,0.02791055598818179
973,0986,"[1865, 1866, 1867]","[288, 496, 1325, 1326]","[[17.525999069213867, -14.935199737548828, 17.145000457763672], [17.525999069213867, -23.012399673461914, 17.145000457763672], [17.525999069213867, -17.72361946105957, 17.145000457763672], [17.525999069213867, -20.461647033691406, 17.145000457763672]]","[0, 0, 0, 0]",0,0.0,3.136395709716841,1.3007217599832146,0.0038610383530276525,0.009151867607022378,-1.5260473989229904,0.005798543990525199,0.13791653624828806,0.04558675949776289
974,0987,[2352],"[1326, 1335]","[[17.525999069213867, -20.461647033691406, 17.145000457763672], [9.753600120544434, -20.461647033691406, 17.145000457763672]]","[0, 0]",0,0.0,0.013789456777302407,0.0,-0.00010230308936655966,-0.004699702981991278,2.2028875281578517e-16,0.00039778195876962147,0.2257248844885746,0.022727045229944738
975,0988,[2353],"[1321, 1334]","[[-2.2737367544323206e-13, -20.917984008789062, 17.145000457763672], [9.753600120544434, -20.917984008789062, 17.145000457763672]]","[0, 0]",0,0.0,0.28404638775069924,-2.1544462401789964e-16,-6.326801023736414e-05,0.004655969526830091,1.2262229293816927e-15,0.0003138294365081864,0.21098585748319612,0.021786846307809932
976,0989,[2354],"[1320, 1336]","[[-2.2737367544323206e-13, -18.747596740722656, 17.145000457763672], [9.753600120544434, -18.747596740722656, 17.145000457763672]]","[0, 0]",0,0.0,0.13746402811854255,0.0,4.594939767689111e-07,0.003905768756255445,1.7554257398585013e-16,3.4111804271810426e-06,0.19008816274094026,0.02409766511359071
977,0990,[1868],"[180, 539]","[[-1.364242106869501e-13, -23.012399673461914, 17.145000457763672], [9.753600120544434, -23.012399673461914, 17.145000457763672]]","[0, 0]",0,0.0,0.3518882976629195,-2.154446240179037e-16,-9.469678463564769e-05,0.003987040621353742,1.2262229293817045e-15,0.0004765200799254013,0.21173212245472617,0.02542864062751608
978,0991,[2355],"[1322, 1323]","[[-2.2737367544323206e-13, -25.107900619506836, 17.145000457763672], [9.753600120544434, -25.107900619506836, 17.145000457763672]]","[0, 0]",0,0.0,0.4853874817253591,0.0,-0.00011904947164872767,0.004249631812537102,3.5108514797170025e-16,0.0006040785474332637,0.21306686550152606,0.028820549016648
979,0992,"[1869, 1870, 1871, 1872]","[192, 386, 1327, 1328, 1329]","[[-1.364242106869501e-13, -27.203399658203125, 17.145000457763672], [9.753600120544434, -27.203399658203125, 17.145000457763672], [2.5823607444763184, -27.203399658203125, 17.145000457763672], [5.016953468322754, -27.203399658203125, 17.145000457763672], [7.315199851989746, -27.203399658203125, 17.145000457763672]]","[0, 0, 0, 0, 0]",0,0.0,0.9714910845433153,3.41350510944998,-0.0018190175557895416,0.016965398715951693,-2.0046141562339326,0.0036498442656385005,0.39371560944941447,0.05844558473375106
980,0993,"[1873, 1874, 1875]","[386, 398, 1330, 1331]","[[9.753600120544434, -27.203399658203125, 17.145000457763672], [17.525999069213867, -27.203399658203125, 17.145000457763672], [12.494023323059082, -27.203399658203125, 17.145000457763672], [15.049118995666504, -27.203399658203125, 17.145000457763672]]","[0, 0, 0, 0]",0,0.0,2.47523840641191,1.8020643709064557,-0.0035227673095724723,0.01008915614004441,-4.463497331547886,0.012749771512556154,0.3912702440371832,0.0687319000399981
981,0994,[2356],"[1323, 1324]","[[9.753600120544434, -25.107900619506836, 17.145000457763672], [17.525999069213867, -25.107900619506836, 17.145000457763672]]","[0, 0]",0,0.0,0.6944722505739721,6.776032945305992e-16,-0.000409735853838753,0.0038040930558673226,-3.5144565782754275e-15,0.0016483940219606235,0.25361411700564285,0.03102698481652162
982,0995,[1876],"[496, 539]","[[17.525999069213867, -23.012399673461914, 17.145000457763672], [9.753600120544434, -23.012399673461914, 17.145000457763672]]","[0, 0]",0,0.0,0.4542666037647832,3.388016472652996e-16,-0.00025894253836631823,-0.002176245309502546,1.7572282891377138e-15,0.0010374855150802175,0.23322086153283053,0.026441454766791505
983,0996,"[1877, 1878, 1879]","[398, 482, 1332, 1333]","[[17.525999069213867, -27.203399658203125, 17.145000457763672], [26.212799072265625, -27.203399658203125, 17.145000457763672], [20.55723762512207, -27.203399658203125, 17.145000457763672], [23.457565307617188, -27.203399658203125, 17.145000457763672]]","[0, 0, 0, 0]",0,0.0,3.3651867312101165,1.8037636338445295,-0.014461939019429817,-0.00923193765565413,4.936251821146933,0.04666349805820943,0.19523898708871595,0.0626563709108239
984,0997,[1880],"[66, 192]","[[-1.1368683772161603e-13, -35.12820053100586, 17.145000457763672], [-1.364242106869501e-13, -27.203399658203125, 17.145000457763672]]","[0, 0]",0,-0.6850310300882929,0.0,5.092870113753095e-17,-0.00030301812674466837,0.002342152653129478,3.638391908329151e-16,0.0012060528744044106,0.0746438480078694,0.05256366145444451
985,0998,"[1881, 1882, 1883, 1884, 1885, 1886]","[420, 539, 1334, 1335, 1336, 1337, 1338]","[[9.753600120544434, -14.935199737548828, 17.145000457763672], [9.753600120544434, -23.012399673461914, 17.145000457763672], [9.753600120544434, -20.917984008789062, 17.145000457763672], [9.753600120544434, -20.461647033691406, 17.145000457763672], [9.753600120544434, -18.747596740722656, 17.145000457763672], [9.753600120544434, -17.72361946105957, 17.145000457763672], [9.753600120544434, -16.459199905395508, 17.145000457763672]]","[0, 0, 0, 0, 0, 0, 0]",0,0.0,1.1801889592995576,0.9792598710744873,0.059023425826299915,0.014368904574298355,-1.4923922078830159,-0.001953600214449071,0.324618619897959,0.03510808484547427
986,0999,[2357],"[1339, 1351]","[[26.212799072265625, -10.344253540039062, 17.145000457763672], [33.985198974609375, -10.344253540039062, 17.145000457763672]]","[0, 0]",0,-0.4948260708623346,0.0,0.0,-1.5891762688541477e-05,0.0005055485072497871,5.5072181446582784e-17,8.593599993806426e-05,0.032501103550608965,0.0071430839067211874
987,1000,[2358],"[1340, 1349]","[[26.212799072265625, -12.700115203857422, 17.145000457763672], [33.985198974609375, -12.700115203857422, 17.145000457763672]]","[0, 0]",0,-0.21458677905713125,0.0,-4.235019555537084e-17,-0.00010734676454563726,0.0051732153380033815,-1.9211741862269291e-16,0.00043326615102067244,0.04979278332537833,0.008296029229249803
988,1001,[1887],"[276, 409]","[[26.212799072265625, -14.935199737548828, 17.145000457763672], [33.985198974609375, -14.935199737548828, 17.145000457763672]]","[0, 0]",0,-0.023864050503982933,0.0,-6.352529333305626e-17,-0.0002751537295090108,0.001956338401357077,-4.2585658155049635e-16,-0.0010728647096685158,0.06107469883706712,0.0037061566997608902
989,1002,[2359],"[1341, 1346]","[[26.212799072265625, -17.72361946105957, 17.145000457763672], [33.985198974609375, -17.72361946105957, 17.145000457763672]]","[0, 0]",0,0.0,0.20324829170206637,1.6940078222148337e-16,-0.000457838705182957,0.0006392675189317708,6.858614023208974e-16,0.0017878523972442379,0.06469221395281988,0.004449579295030757
990,1003,[2360],"[1342, 1344]","[[26.212799072265625, -20.461647033691406, 17.145000457763672], [33.985198974609375, -20.461647033691406, 17.145000457763672]]","[0, 0]",0,0.0,0.19439686607817783,8.470039111074169e-17,-0.0007915776639690006,0.00018167195079307522,-3.5669874652209443e-16,0.0030809630774116183,0.04071525506474115,0.01264208124099149
991,1004,"[1888, 1889, 1890]","[102, 276, 1339, 1340]","[[26.212799072265625, -7.924799919128418, 17.145000457763672], [26.212799072265625, -14.935199737548828, 17.145000457763672], [26.212799072265625, -10.344253540039062, 17.145000457763672], [26.212799072265625, -12.700115203857422, 17.145000457763672]]","[0, 0, 0, 0]",0,-1.8543249742837802,0.0,0.23182269030588432,0.0028997972040518713,0.011197972435834133,-0.5181433096614099,0.0034998678186273094,0.0582778356164506,0.006756622801138777
992,1005,"[1891, 1892, 1893]","[276, 470, 1341, 1342]","[[26.212799072265625, -14.935199737548828, 17.145000457763672], [26.212799072265625, -23.012399673461914, 17.145000457763672], [26.212799072265625, -17.72361946105957, 17.145000457763672], [26.212799072265625, -20.461647033691406, 17.145000457763672]]","[0, 0, 0, 0]",0,-5.127732206916921,0.0,1.119361880448987,0.0007669009254467779,0.0025387522167795093,1.6213040262110117,0.004370941184953743,0.05769560930239798,0.01087557955178703
993,1006,"[1894, 1895, 1896, 1897, 1898, 1899]","[409, 504, 1343, 1344, 1345, 1346, 1347]","[[33.985198974609375, -14.935199737548828, 17.145000457763672], [33.985198974609375, -23.012399673461914, 17.145000457763672], [33.985198974609375, -20.8810977935791, 17.145000457763672], [33.985198974609375, -20.461647033691406, 17.145000457763672], [33.985198974609375, -18.714454650878906, 17.145000457763672], [33.985198974609375, -17.72361946105957, 17.145000457763672], [33.985198974609375, -16.459199905395508, 17.145000457763672]]","[0, 0, 0, 0, 0, 0, 0]",0,-0.15648292064246458,0.4014970325298622,1.6777994897047444,0.007209871358977852,0.008612320169171845,-0.6625000164556669,-0.003299890801746014,0.07192903561419595,0.01590223862742001
994,1007,"[1900, 1901, 1902, 1903, 1904, 1905]","[409, 1348, 1349, 1350, 1351, 1352, 1353]","[[33.985198974609375, -14.935199737548828, 17.145000457763672], [33.985198974609375, -14.098685264587402, 17.145000457763672], [33.985198974609375, -12.700115203857422, 17.145000457763672], [33.985198974609375, -11.627782821655273, 17.145000457763672], [33.985198974609375, -10.344253540039062, 17.145000457763672], [33.985198974609375, -9.144000053405762, 17.145000457763672], [33.985198974609375, -7.924799919128418, 17.145000457763672]]","[0, 0, 0, 0, 0, 0, 0]",0,-0.18404695614524508,0.34763254827741047,2.632910178295418,0.022094429152763256,0.0009325608902850756,3.8882581477367455,-0.00752398924920642,0.061535318133584004,0.014699201462563332
995,1008,[1906],"[312, 1353]","[[27.88920021057129, -7.924799919128418, 17.145000457763672], [33.985198974609375, -7.924799919128418, 17.145000457763672]]","[0, 0]",0,-0.6973568421653417,0.0,0.006548198222230211,0.00013703748381373095,0.002175520159545485,-0.03991780826939166,0.000471935492468081,0.024433119731504815,0.006193189417186225
996,1009,"[1907, 1908, 1909]","[482, 516, 1354, 1355]","[[26.212799072265625, -27.203399658203125, 17.145000457763672], [33.985198974609375, -27.203399658203125, 17.145000457763672], [28.978139877319336, -27.203399658203125, 17.145000457763672], [31.526952743530273, -27.203399658203125, 17.145000457763672]]","[0, 0, 0, 0]",0,0.0,1.3412810133836224,0.6228063524313375,-0.017412228912002416,0.013775732804975599,-1.3990978168283763,0.02962943481765025,0.03603445483877769,0.016891879186595304
997,1010,[1910],"[470, 504]","[[26.212799072265625, -23.012399673461914, 17.145000457763672], [33.985198974609375, -23.012399673461914, 17.145000457763672]]","[0, 0]",0,0.0,0.22918706322245294,0.0,-0.001500256195396476,-0.0005268959686077283,0.0,0.00621624059139268,0.020805368070195236,0.001626760215314854
998,1011,"[1911, 1912]","[504, 516, 1356]","[[33.985198974609375, -23.012399673461914, 17.145000457763672], [33.985198974609375, -27.203399658203125, 17.145000457763672], [33.985198974609375, -25.223190307617188, 17.145000457763672]]","[0, 0, 0]",0,0.0,0.9435065386729752,0.563059785065581,-0.021243092460759852,0.0029625367280178153,1.2448072992924675,0.02907162107279714,0.024631658679125406,0.003633386233097315
999,1012,[1913],"[470, 482]","[[26.212799072265625, -23.012399673461914, 17.145000457763672], [26.212799072265625, -27.203399658203125, 17.145000457763672]]","[0, 0]",0,-3.12353919888891,0.0,0.0,-0.006769526710649692,-0.0005094542642963637,1.2766732857782032e-17,0.01599369402457413,0.021712934670287835,0.0010368212021584667
1000,1013,"[1914, 1915]","[362, 504, 1385]","[[41.90999984741211, -23.012399673461914, 17.145000457763672], [33.985198974609375, -23.012399673461914, 17.145000457763672], [43.738800048828125, -23.012399673461914, 17.145000457763672]]","[0, 0, 0]",0,-1.4849736573776504,0.0,10.15837664110867,-0.0010042354735491112,0.0013160801282977037,-1.1734505269207238,-0.004490619532373492,0.06520824145428471,0.014757949134411544
1001,1014,[2361],"[1356, 1361]","[[33.985198974609375, -25.223190307617188, 17.145000457763672], [43.738800048828125, -25.223190307617188, 17.145000457763672]]","[0, 0]",0,-0.9459770757210482,0.0,-2.6930572748751894e-17,-0.0006576433317866443,-0.0012860035898236708,-1.971634904539857e-16,-0.003701764841090932,0.03408440941273014,0.0033401899481293267
1002,1015,"[1916, 1917, 1918, 1919, 1920]","[357, 516, 1357, 1358, 1359, 1360]","[[41.90999984741211, -27.203399658203125, 17.145000457763672], [33.985198974609375, -27.203399658203125, 17.145000457763672], [36.42359924316406, -27.203399658203125, 17.145000457763672], [38.709598541259766, -27.203399658203125, 17.145000457763672], [41.30812454223633, -27.203399658203125, 17.145000457763672], [43.738800048828125, -27.203399658203125, 17.145000457763672]]","[0, 0, 0, 0, 0, 0]",0,-1.6640888870056163,0.0,4.5277827519934934,-0.007869284249515104,0.009588274122773792,1.3380827139468041,-0.011117800643167672,0.0998169529033462,0.02864040619526163
1003,1016,"[1921, 1922]","[1360, 1361, 1385]","[[43.738800048828125, -27.203399658203125, 17.145000457763672], [43.738800048828125, -25.223190307617188, 17.145000457763672], [43.738800048828125, -23.012399673461914, 17.145000457763672]]","[0, 0, 0]",0,0.0,4.83204520423469,0.8966215819039961,-0.006169567527440743,0.00795175359216117,-1.1686641064011258,0.009720867489775502,0.04752232886282034,0.0310226238530237
1004,1017,[2362],"[1327, 1363]","[[2.5823607444763184, -27.203399658203125, 17.145000457763672], [2.5823607444763184, -38.48099899291992, 17.145000457763672]]","[0, 0]",0,-0.3619420657383422,0.0,-1.6125006463575072e-16,-0.00015187424530495723,0.006131966305188509,1.2888083492315596e-15,-0.0008668895681147034,0.14765246937069856,0.04349545216998411
1005,1018,[2363],"[1328, 1364]","[[5.016953468322754, -27.203399658203125, 17.145000457763672], [5.016953468322754, -38.48099899291992, 17.145000457763672]]","[0, 0]",0,-0.22609351643728878,0.0,-1.6125006463575072e-16,-0.00017517303490056327,0.004278825978759385,1.212898041551166e-15,-0.0009962041503127636,0.23345365872725807,0.03435933919622547
1006,1019,[2364],"[1329, 1365]","[[7.315199851989746, -27.203399658203125, 17.145000457763672], [7.315199851989746, -38.48099899291992, 17.145000457763672]]","[0, 0]",0,-0.0802341891155781,0.0,-1.6125006463575072e-16,-0.00019437807017868935,0.0033442358931672273,-1.212898041551166e-15,0.001110085168092899,0.27169025903151395,0.02264972924207542
1007,1020,"[1923, 1924]","[332, 386, 1366]","[[9.753600120544434, -35.12820053100586, 17.145000457763672], [9.753600120544434, -27.203399658203125, 17.145000457763672], [9.753600120544434, -38.48099899291992, 17.145000457763672]]","[0, 0, 0]",0,-0.02882694482525175,0.11125647859085741,7.450122586088176,-0.000452939372998027,0.017996781977333644,-8.807987909486393,0.0017966141343857024,0.4048624252695803,0.08662412041548537
1008,1021,[2365],"[1330, 1367]","[[12.494023323059082, -27.203399658203125, 17.145000457763672], [12.494023323059082, -38.48099899291992, 17.145000457763672]]","[0, 0]",0,0.0,0.4454324328123327,0.0,-0.0003223615143612293,-0.004222971693721771,6.072824614431491e-16,0.0018474430546832287,0.26024063775355954,0.02346853276690721
1009,1022,[2366],"[1331, 1368]","[[15.049118995666504, -27.203399658203125, 17.145000457763672], [15.049118995666504, -38.48099899291992, 17.145000457763672]]","[0, 0]",0,0.0,0.8711905145266693,-1.6125006463575072e-16,-0.0003683249487937761,-0.005206077074114353,1.5165392722727405e-15,0.0020973322748080365,0.2317160623904636,0.027139598366731583
1010,1023,"[1925, 1926]","[337, 398, 1369]","[[17.525999069213867, -35.12820053100586, 17.145000457763672], [17.525999069213867, -27.203399658203125, 17.145000457763672], [17.525999069213867, -38.48099899291992, 17.145000457763672]]","[0, 0, 0]",0,0.0,0.840119234799905,7.011149853354277,-0.0008968961203312647,-0.0032202467075018943,-9.80611297908321,0.0035883807491610344,0.30258678651590554,0.0763204465501661
1011,1024,[2367],"[1332, 1370]","[[20.55723762512207, -27.203399658203125, 17.145000457763672], [20.55723762512207, -38.48099899291992, 17.145000457763672]]","[0, 0]",0,-0.20092648806621466,0.0,4.031251615893768e-17,-0.000764422031894094,-0.007873753629948242,-2.652693565475947e-16,0.004344131289151932,0.13559394601383276,0.01656555836587529
1012,1025,[2368],"[1333, 1371]","[[23.457565307617188, -27.203399658203125, 17.145000457763672], [23.457565307617188, -38.48099899291992, 17.145000457763672]]","[0, 0]",0,-0.9368695985029865,0.0,4.031251615893768e-17,-0.000924463549156451,-0.004583608446442761,3.032245103877915e-16,-0.0053459224943686245,0.08592215758036194,0.018345960533594212
1013,1026,"[1927, 1928]","[342, 482, 1372]","[[26.212799072265625, -35.12820053100586, 17.145000457763672], [26.212799072265625, -27.203399658203125, 17.145000457763672], [26.212799072265625, -38.48099899291992, 17.145000457763672]]","[0, 0, 0]",0,-3.0741421977817973,0.0,6.130511226234407,-0.002656248628596179,0.005090996865565445,-2.5678853394676677,-0.011499171280342836,0.11995520130156938,0.02875441845183956
1014,1027,[2369],"[1355, 1374]","[[31.526952743530273, -27.203399658203125, 17.145000457763672], [31.526952743530273, -38.48099899291992, 17.145000457763672]]","[0, 0]",0,-1.1551251347816347,0.0,0.0,-0.0010176873425524664,0.0002487451407072383,3.795515384019682e-17,-0.005948869660656808,0.058057558609386724,0.005819111451632036
1015,1028,"[1929, 1930]","[347, 516, 1375]","[[33.985198974609375, -35.12820053100586, 17.145000457763672], [33.985198974609375, -27.203399658203125, 17.145000457763672], [33.985198974609375, -38.48099899291992, 17.145000457763672]]","[0, 0, 0]",0,-1.0861652977651812,0.0,4.001970883377757,-0.0024569661918206337,0.002392948709047019,-0.6310777150009592,-0.010286380635263923,0.08668611002144025,0.013738291018470471
1016,1029,"[1931, 1932, 1933, 1934]","[1362, 1363, 1364, 1365, 1366]","[[-1.515824548129971e-13, -38.48099899291992, 17.145000457763672], [2.5823607444763184, -38.48099899291992, 17.145000457763672], [5.016953468322754, -38.48099899291992, 17.145000457763672], [7.315199851989746, -38.48099899291992, 17.145000457763672], [9.753600120544434, -38.48099899291992, 17.145000457763672]]","[0, 0, 0, 0, 0]",0,-1.3227732719144107,0.0,6.0054640982961764,-0.002222058547280592,-0.015172738679254677,1.2542884301181556,0.003983016888668341,0.13911053548102226,0.1151847778805751
1017,1030,"[1935, 1936, 1937]","[1366, 1367, 1368, 1369]","[[9.753600120544434, -38.48099899291992, 17.145000457763672], [12.494023323059082, -38.48099899291992, 17.145000457763672], [15.049118995666504, -38.48099899291992, 17.145000457763672], [17.525999069213867, -38.48099899291992, 17.145000457763672]]","[0, 0, 0, 0]",0,-1.5538361331574844,0.0,3.66988491932564,-0.005436909426576193,0.017264309918195334,-4.228744365510769,0.011702769161045394,0.1312805362350146,0.1230945955475914
1018,1031,"[1938, 1939, 1940]","[1369, 1370, 1371, 1372]","[[17.525999069213867, -38.48099899291992, 17.145000457763672], [20.55723762512207, -38.48099899291992, 17.145000457763672], [23.457565307617188, -38.48099899291992, 17.145000457763672], [26.212799072265625, -38.48099899291992, 17.145000457763672]]","[0, 0, 0, 0]",0,-0.5221492058490018,3.105828894949962,2.446778350763898,-0.011582420475473025,0.035146917525571565,-2.8001727766426003,0.023357809747390938,0.11468217222522396,0.09677919691266146
1019,1032,"[1941, 1942, 1943]","[1372, 1373, 1374, 1375]","[[26.212799072265625, -38.48099899291992, 17.145000457763672], [28.978139877319336, -38.48099899291992, 17.145000457763672], [31.526952743530273, -38.48099899291992, 17.145000457763672], [33.985198974609375, -38.48099899291992, 17.145000457763672]]","[0, 0, 0, 0]",0,0.0,3.879356894604931,1.8521987590264715,-0.014225393715081852,0.022157563840485235,-2.113950580036213,0.020968808738160184,0.08211185434097168,0.05169033240005446
1020,1033,"[1944, 1945, 1946, 1947]","[1375, 1376, 1377, 1378, 1396]","[[33.985198974609375, -38.48099899291992, 17.145000457763672], [36.42359924316406, -38.48099899291992, 17.145000457763672], [38.709598541259766, -38.48099899291992, 17.145000457763672], [41.30812454223633, -38.48099899291992, 17.145000457763672], [43.738800048828125, -38.48099899291992, 17.145000457763672]]","[0, 0, 0, 0, 0]",0,-0.7751461378870741,2.2991035151512103,3.027169219243684,-0.008519161675711356,0.021659383668804568,0.7242381306330739,-0.011469926195416,0.09877150458849034,0.03056751007526948
1021,1034,[2370],"[1353, 1380]","[[33.985198974609375, -7.924799919128418, 17.145000457763672], [36.42359924316406, -7.924799919128418, 17.145000457763672]]","[0, 0]",0,-0.9788155197159266,0.0,-4.1564606405110188e-16,0.00040850890878224577,0.0004688857714342743,7.700695723357904e-16,0.0005152788142228694,0.009864522139215156,0.0027561884169664424
1022,1035,[1948],"[111, 1352]","[[36.42359924316406, -9.144000053405762, 17.145000457763672], [33.985198974609375, -9.144000053405762, 17.145000457763672]]","[0, 0]",0,-1.9740793304251367,0.0,0.38768245387158295,0.00017030265530961893,8.565425187096948e-05,0.9453249996344084,0.00034221727157253314,0.010774390488728696,0.0036528234730620023
1023,1036,[2371],"[1350, 1390]","[[33.985198974609375, -11.627782821655273, 17.145000457763672], [43.738800048828125, -11.627782821655273, 17.145000457763672]]","[0, 0]",0,-0.06443873276653574,0.0,-2.6930572748751894e-17,-1.397412018267856e-05,0.00044270005474505834,1.6424926104988102e-16,0.0001180876444075831,0.029738283014143795,0.014423380340005613
1024,1037,[2372],"[1348, 1389]","[[33.985198974609375, -14.098685264587402, 17.145000457763672], [43.738800048828125, -14.098685264587402, 17.145000457763672]]","[0, 0]",0,-0.18915343638712775,0.0,1.0098964780781961e-17,-9.155381671622383e-05,-0.0008375803706017094,1.6170758733119043e-16,0.0004558761197449831,0.060282428618585,0.00791451077543371
1025,1038,[1949],"[147, 1379]","[[41.90999984741211, -9.144000053405762, 17.145000457763672], [43.738800048828125, -9.144000053405762, 17.145000457763672]]","[0, 0]",0,0.0,0.1375090970350452,1.7946449663980299e-16,0.004498579686874689,0.01066815428942325,-2.079879930064207e-16,-0.004490792459791318,0.011328793627221454,0.00488492404056125
1026,1039,[1950],"[111, 147]","[[36.42359924316406, -9.144000053405762, 17.145000457763672], [41.90999984741211, -9.144000053405762, 17.145000457763672]]","[0, 0]",0,0.0,0.747118518661336,0.0,9.204411841740215e-05,-0.0004454692811107011,9.75236426788287e-18,0.00029463902253499614,0.010472311469021138,0.0017216279645202502
1027,1040,[1951],"[135, 147]","[[41.90999984741211, -6.1975998878479, 17.145000457763672], [41.90999984741211, -9.144000053405762, 17.145000457763672]]","[0, 0]",0,0.0,1.2216102398024709,-6.302212264735803e-17,0.0017423706610725364,-0.00014387903941234673,-9.965403723472011e-17,-0.0028215321308370793,0.010301819162189377,0.0010431005170737136
1028,1041,"[1952, 1953]","[111, 216, 1380]","[[36.42359924316406, -9.144000053405762, 17.145000457763672], [36.42359924316406, -6.1975998878479, 17.145000457763672], [36.42359924316406, -7.924799919128418, 17.145000457763672]]","[0, 0, 0]",0,0.0,0.6276215041689963,0.13075209327263027,0.007798254553453242,0.0015197147473417984,0.4414482426681528,0.0074378748677997215,0.009892298535197446,0.00077740160942533
1029,1042,[2373],"[1358, 1382]","[[38.709598541259766, -27.203399658203125, 17.145000457763672], [38.709598541259766, -35.12820053100586, 17.145000457763672]]","[0, 0]",0,0.0,0.716826878118631,4.0742960910024764e-17,-0.001493842702072579,0.0024762423083914582,3.774923037171095e-16,-0.006127726702817666,0.10928490948003179,0.009818515283429412
1030,1043,[1954],"[1360, 1384]","[[43.738800048828125, -27.203399658203125, 17.145000457763672], [43.738800048828125, -35.12820053100586, 17.145000457763672]]","[0, 0]",0,0.0,1.8460565426610172,2.5464350568765475e-17,-0.0010079976665865634,0.0012907173169211942,1.8529541381687855e-16,-0.004030495364545714,0.03988724958043708,0.0358363640263386
1031,1044,[1955],"[1357, 1381]","[[36.42359924316406, -27.203399658203125, 17.145000457763672], [36.42359924316406, -35.12820053100586, 17.145000457763672]]","[0, 0]",0,0.0,0.053453467861606846,0.1347645227082112,-0.001855900261981406,0.005293979676804542,-1.067982007180877,-0.007590215431710296,0.0805841136839822,0.012719232668230539
1032,1045,[1956],"[1376, 1381]","[[36.42359924316406, -38.48099899291992, 17.145000457763672], [36.42359924316406, -35.12820053100586, 17.145000457763672]]","[0, 0]",0,-0.2113808552291956,0.0,-1.3288073420387887,-0.008370918157819483,-0.007695488797014031,-4.455223212567761,-0.014208624825226506,0.09153497162866002,0.012653306485315527
1033,1046,"[1957, 1958, 1959, 1960]","[352, 1381, 1382, 1383, 1384]","[[41.90999984741211, -35.12820053100586, 17.145000457763672], [36.42359924316406, -35.12820053100586, 17.145000457763672], [38.709598541259766, -35.12820053100586, 17.145000457763672], [41.30812454223633, -35.12820053100586, 17.145000457763672], [43.738800048828125, -35.12820053100586, 17.145000457763672]]","[0, 0, 0, 0, 0]",0,-0.5438899791005546,0.417737673860429,4.475438935698465,-0.008341646340392934,0.0013859570564118174,-1.7076066359177677,-0.01123884515210996,0.11725452216364705,0.03384118749769278
1034,1047,[2374],"[1359, 1383]","[[41.30812454223633, -27.203399658203125, 17.145000457763672], [41.30812454223633, -35.12820053100586, 17.145000457763672]]","[0, 0]",0,0.0,1.3603568312274903,3.055722068251857e-16,-0.0011316916139632591,0.001768497115278722,-1.2378059928796127e-15,-0.004531190938751794,0.1077907563222848,0.015340995942345913
1035,1048,[2375],"[1377, 1382]","[[38.709598541259766, -38.48099899291992, 17.145000457763672], [38.709598541259766, -35.12820053100586, 17.145000457763672]]","[0, 0]",0,0.0,0.10134636708236826,0.0,-0.006769638539692227,-0.0008099535872505835,1.9150108001999334e-15,-0.011361613192113604,0.11371412165870495,0.007892949811218642
1036,1049,[1961],"[66, 1362]","[[-1.1368683772161603e-13, -35.12820053100586, 17.145000457763672], [-1.515824548129971e-13, -38.48099899291992, 17.145000457763672]]","[0, 0]",0,-0.0636767882860534,0.0,-1.7905978499964114e-15,-0.0011656595061662238,0.017868593945472005,-3.5124264054072806e-15,-0.002032284187611918,0.047705541997599035,0.04155927124534808
1037,1050,[1962],"[1384, 1396]","[[43.738800048828125, -35.12820053100586, 17.145000457763672], [43.738800048828125, -38.48099899291992, 17.145000457763672]]","[0, 0]",0,0.0,0.2756818771558196,-4.476494624991029e-16,-0.0052486472085988105,-0.0035208633972948376,-8.781066013518202e-16,-0.00882697796123661,0.034415099716599847,0.03595078261055241
1038,1051,[1963],"[135, 216]","[[41.90999984741211, -6.1975998878479, 17.145000457763672], [36.42359924316406, -6.1975998878479, 17.145000457763672]]","[0, 0]",0,0.0,0.031147464527991043,0.0,0.0002651771495219768,0.00016136153204416166,9.75236426788287e-18,-0.001112876357113731,0.008571086613261844,0.0009627841357727308
1039,1052,[1964],"[42, 243]","[[1.8287999629974365, -6.1975998878479, 17.145000457763672], [7.315199851989746, -6.1975998878479, 17.145000457763672]]","[0, 0]",0,0.0,0.7534674669762645,-2.1166677004838362e-17,0.0005837388710508482,-0.00026714315814695144,-8.732152380270327e-17,-0.0018930449659712678,0.02101977931729227,0.0012507527347054921
1040,1053,[1965],"[243, 255]","[[7.315199851989746, -6.1975998878479, 17.145000457763672], [7.315199851989746, -9.144000053405762, 17.145000457763672]]","[0, 0]",0,0.0,1.4491594311944225,1.4405056605110407e-16,0.004046602801348992,-0.000733397283870092,2.1221530583083835e-16,0.0063596040872594345,0.02022877747051843,0.002133434623447712
1041,1054,[1966],"[54, 255]","[[1.8287999629974365, -9.144000053405762, 17.145000457763672], [7.315199851989746, -9.144000053405762, 17.145000457763672]]","[0, 0]",0,0.0,1.1649705336048726,2.1166677004838362e-17,0.0005987945696648366,0.0006334924745171534,6.781679272412817e-17,0.0023275967321119656,0.022077741208519595,0.0028154772303635306
1042,1055,[2376],"[1343, 1386]","[[33.985198974609375, -20.8810977935791, 17.145000457763672], [43.738800048828125, -20.8810977935791, 17.145000457763672]]","[0, 0]",0,-1.0550871122237229,0.0,-4.0395859123127844e-17,-0.0003627335826697179,0.003872889850628843,-2.6283100627687387e-16,-0.0018404374776066514,0.05328168244654595,0.005565360621685331
1043,1056,[2377],"[1345, 1387]","[[33.985198974609375, -18.714454650878906, 17.145000457763672], [43.738800048828125, -18.714454650878906, 17.145000457763672]]","[0, 0]",0,-0.8858570031647153,0.0,-5.386114549750379e-17,-0.0002683072290785044,0.003230236857753739,2.9558429269565735e-16,-0.0013096167977020812,0.0601309447463318,0.002237866072786913
1044,1057,"[1967, 1968, 1969]","[1385, 1386, 1387, 1388]","[[43.738800048828125, -23.012399673461914, 17.145000457763672], [43.738800048828125, -20.8810977935791, 17.145000457763672], [43.738800048828125, -18.714454650878906, 17.145000457763672], [43.738800048828125, -16.459199905395508, 17.145000457763672]]","[0, 0, 0, 0]",0,0.0,3.7257803616496945,0.7063395156442728,-0.0004876872637693894,0.01459707248819184,1.7767169102449318,0.004685560107047349,0.05811882527668582,0.02335405134956806
1045,1058,"[1970, 1971, 1972]","[1379, 1388, 1389, 1390]","[[43.738800048828125, -9.144000053405762, 17.145000457763672], [43.738800048828125, -16.459199905395508, 17.145000457763672], [43.738800048828125, -14.098685264587402, 17.145000457763672], [43.738800048828125, -11.627782821655273, 17.145000457763672]]","[0, 0, 0, 0]",0,0.0,2.3607322356861635,0.7667982601762193,0.0027794212953605414,0.021119943854211384,2.01957843874652,-0.00011137391523738301,0.055820360264932985,0.016761066445501235
1046,1059,[1973],"[1347, 1388]","[[33.985198974609375, -16.459199905395508, 17.145000457763672], [43.738800048828125, -16.459199905395508, 17.145000457763672]]","[0, 0]",0,-0.602128896267104,0.0,0.14130084142656393,-0.00017324493941161704,-0.0010740725045771684,-1.3781920387261475,0.000850306970778486,0.06059836639706388,0.0006588982069299691
1047,1060,[2378],"[1378, 1383]","[[41.30812454223633, -38.48099899291992, 17.145000457763672], [41.30812454223633, -35.12820053100586, 17.145000457763672]]","[0, 0]",0,0.0,0.2730877884159257,-1.3429483874973086e-15,-0.0056560073061316185,0.000878110254560319,-3.655658897495424e-15,-0.009495065163215443,0.10222742820970591,0.019766789588622255
1048,1061,[1974],"[42, 54]","[[1.8287999629974365, -6.1975998878479, 17.145000457763672], [1.8287999629974365, -9.144000053405762, 17.145000457763672]]","[0, 0]",0,0.0,1.287643404123575,0.0,-0.00033361589578795786,-6.763227742661168e-05,-3.631915164655111e-17,-0.0008255948393383758,0.02292243422849146,0.0016301888790573695
1049,1062,"[1975, 1976]","[39, 240, 1391]","[[1.8287999629974365, -6.1975998878479, 3.733799934387207], [7.315199851989746, -6.1975998878479, 3.733799934387207], [4.572000026702881, -6.1975998878479, 3.733799934387207]]","[0, 0, 0]",0,0.0,1.735936776226175,0.1361684645724212,0.0006640719052206778,0.0016188991375704286,-0.3735373082246465,0.0009464478475685191,0.002991036641776618,0.0011505937282970198
1050,1063,[2379],"[1081, 1104]","[[28.978139877319336, -27.203399658203125, 7.086599826812744], [28.978139877319336, -38.48099899291992, 7.086599826812744]]","[0, 0]",0,-2.9721950101940147,0.0,0.0,-0.0009418829043625429,0.0003745098893584683,0.0,-0.005515557136058041,0.03096271436316793,0.0022597450807976768
1051,1064,[2380],"[1171, 1194]","[[28.978139877319336, -27.203399658203125, 10.439399719238281], [28.978139877319336, -38.48099899291992, 10.439399719238281]]","[0, 0]",0,-2.798398320556135,0.0,2.015625807946884e-17,-0.0009669844849311078,0.00040684818936811355,1.5161225519389575e-16,-0.005701434503785058,0.03756202618456846,0.002840795002135866
1052,1065,[2381],"[1261, 1284]","[[28.978139877319336, -27.203399658203125, 13.792200088500977], [28.978139877319336, -38.48099899291992, 13.792200088500977]]","[0, 0]",0,-2.1690136526718353,0.0,0.0,-0.0008511166957890705,0.0004609528655161945,-7.591030768039363e-17,-0.0050204857288118345,0.04323114182276368,0.0033327516770817467
1053,1066,[2382],"[1354, 1373]","[[28.978139877319336, -27.203399658203125, 17.145000457763672], [28.978139877319336, -38.48099899291992, 17.145000457763672]]","[0, 0]",0,-1.7684656333113409,0.0,4.031251615893768e-17,-0.0010374259842707693,-4.0669601232187605e-05,2.2731420270739787e-16,-0.006049055476253687,0.05893583322962733,0.005091059519394245
1054,1067,[2383],"[578, 582]","[[9.753600120544434, -4.228439807891846, 30.55620002746582], [15.849599838256836, -4.228439807891846, 30.55620002746582]]","[0, 0]",0,-0.6077852927347778,0.0,0.0,0.0008808276970251068,0.0018053966976341973,0.0,0.003178758504805737,0.05367695451183284,0.005409157302183423
1055,1068,[2384],"[689, 692]","[[9.753600120544434, -4.228439807891846, 27.203399658203125], [15.849599838256836, -4.228439807891846, 27.203399658203125]]","[0, 0]",0,-0.333507668534995,0.0,1.3736067897268669e-16,0.000619631677364251,0.0015703541014071743,-6.995434649759146e-16,-0.0019451249003872835,0.055071955072333666,0.006602379533874543
1056,1069,[2385],"[766, 769]","[[9.753600120544434, -4.228439807891846, 23.85059928894043], [15.849599838256836, -4.228439807891846, 23.85059928894043]]","[0, 0]",0,-0.12166241939356243,0.0,-1.3736067897268669e-16,0.0005071076770502673,0.0015139779383252729,4.18675330121141e-16,-0.0015718607561485789,0.052000202109113686,0.006441405435295281
1057,1070,[2386],"[843, 846]","[[9.753600120544434, -4.228439807891846, 20.497800827026367], [15.849599838256836, -4.228439807891846, 20.497800827026367]]","[0, 0]",0,-0.007379949810674907,0.0,1.3736067897268669e-16,0.00047052921036062667,0.00141261730475572,-4.18675330121141e-16,-0.0014508016068633318,0.04870958675702606,0.006218460530469308
1058,1071,[2387],"[1312, 1315]","[[9.753600120544434, -4.228439807891846, 17.145000457763672], [15.849599838256836, -4.228439807891846, 17.145000457763672]]","[0, 0]",0,0.0,0.1052818722608115,1.3736067897268669e-16,0.0004366508745076529,0.0014217031532873733,-6.995434649759146e-16,0.0013511093749213456,0.0453657727271302,0.0056060121648412
1059,1072,[2388],"[1222, 1225]","[[9.753600120544434, -4.228439807891846, 13.792200088500977], [15.849599838256836, -4.228439807891846, 13.792200088500977]]","[0, 0]",0,0.0,0.19640647014393153,1.3736067897268669e-16,0.0004240641980254108,0.001202510640363521,-4.888923638348344e-16,0.0013169678439973942,0.04109425597426708,0.005171051707083198
1060,1073,[2389],"[1132, 1135]","[[9.753600120544434, -4.228439807891846, 10.439399719238281], [15.849599838256836, -4.228439807891846, 10.439399719238281]]","[0, 0]",0,0.0,0.30908742874119755,1.3736067897268669e-16,0.0003331713518917816,0.0009346537028670276,4.537838469779876e-16,0.0010401529731474107,0.03701981880198755,0.004726497996008262
1061,1074,[2390],"[1042, 1045]","[[9.753600120544434, -4.228439807891846, 7.086599826812744], [15.849599838256836, -4.228439807891846, 7.086599826812744]]","[0, 0]",0,0.0,0.43950302866977226,6.868033948634334e-17,6.178918646060226e-05,0.0005650150418393544,-3.84880249344804e-16,0.000206538389242544,0.032785321985556025,0.004240535010201218
1062,1075,[1977],"[593, 595]","[[0.0, -23.012399673461914, 30.55620002746582], [9.753600120544434, -23.012399673461914, 30.55620002746582]]","[0, 0]",0,-0.9961863497702929,0.0,4.3088924803581945e-16,-0.00038656956801237625,0.005417374388043201,-2.2769032847775887e-15,0.0019158964383853279,0.23841713424118002,0.025570810646545827
1063,1076,[25],"[25, 544]","[[1.8287999999997737, 5.684341886080802e-14, 21.908260412276604], [1.8287999629974365, 6.383556657314207e-15, 23.85059928894043]]","[0, 0]",0,-111.28659931358246,0.0,1.9016860945086689,-0.42360959654694946,6.449500957403529e-05,3.1949934617187967,0.7266968117540524,0.0367734241057618,0.001961264208081224
1064,1077,[26],"[26, 27]","[[1.8287999999997737, -5.684341886080802e-14, 0.0], [1.8287999629974365, -1.2655455737455457e-14, 3.733799934387207]]","[1, 0]",1,-358.76824727024643,0.0,0.7645690985262563,-0.19287680383261124,0.0,2.8547480499118225,0.7201633974950181,0.002997878682064016,0.0018876724488729795
1065,1078,[27],"[27, 28]","[[1.8287999629974365, -1.2655455737455457e-14, 3.733799934387207], [1.8287999629974365, -3.292459756438007e-14, 7.086599826812744]]","[0, 0]",0,-320.1848232265103,0.0,2.643909087725158,-0.4474895759455179,8.444604326043714e-05,-4.985121421180483,-1.0747264900455828,0.008844321537860267,0.005484508651454605
1066,1079,[28],"[28, 32]","[[1.8287999629974365, -3.292459756438007e-14, 7.086599826812744], [1.8287999999997737, 0.0, 8.420702664162263]]","[0, 0]",0,-277.2836628218416,0.0,1.6950611640869349,0.019610452471886756,8.879953370723513e-05,-2.797639630570102,0.08356942684461334,0.012998515507688798,0.0020776393138515798
1067,1080,[29],"[29, 30]","[[1.8287999999997737, 0.0, 15.164481538219434], [1.8287999629974365, -2.0074799434539534e-14, 17.145000457763672]]","[0, 0]",0,-193.5888296287486,0.0,1.7792439026107365,-0.26185721937777773,7.580656578809029e-05,2.9969219912044696,0.4681439783222827,0.026714361237488087,0.0018450709318678746
1068,1081,[30],"[30, 31]","[[1.8287999629974365, -2.0074799434539534e-14, 17.145000457763672], [1.8287999629974365, -5.944396755700691e-15, 20.497800827026367]]","[0, 0]",0,-152.46821422212025,0.0,1.8434059435439447,-0.353913269720929,6.96228731670805e-05,3.1317928070303336,0.6161427371384436,0.030773693245953887,0.004236979762509098
1069,1082,[31],"[25, 31]","[[1.8287999999997737, 5.684341886080802e-14, 21.908260412276604], [1.8287999629974365, -5.944396755700691e-15, 20.497800827026367]]","[0, 0]",0,-111.2865993135827,0.0,1.901686094508672,-0.42360959654695496,6.449500957403548e-05,-3.180976750993235,-0.6935807920006041,0.034328856140742076,0.0019877788871652444
1070,1083,[32],"[32, 33]","[[1.8287999999997737, 0.0, 8.420702664162263], [1.8287999629974365, -2.842170943040401e-14, 10.439399719238281]]","[0, 0]",0,-277.28366282184163,0.0,1.6950611640869369,0.019610452471885205,8.8799533707235e-05,2.8855612580352847,0.05740706656016156,0.015852114358829918,0.0018194189675483886
1071,1084,[33],"[33, 34]","[[1.8287999629974365, -2.842170943040401e-14, 10.439399719238281], [1.8287999629974365, -2.842170943040401e-14, 13.792200088500977]]","[0, 0]",0,-235.1649139170006,0.0,1.755664713623423,-0.14356455708697566,8.158674630499956e-05,2.966286302031459,0.2771810994349125,0.020167137922974563,0.003899310413138999
1072,1085,[34],"[29, 34]","[[1.8287999999997737, 0.0, 15.164481538219434], [1.8287999629974365, -2.842170943040401e-14, 13.792200088500977]]","[0, 0]",0,-193.58882962874952,0.0,1.7792439026107374,-0.2618572193777831,7.580656578809033e-05,-2.9685276224772092,-0.40981100350164157,0.024060117499392183,0.0019460595865156518
1073,1086,[35],"[35, 36]","[[1.8287999999997737, -6.197599999999909, 21.908260412276604], [1.8287999629974365, -6.1975998878479, 23.85059928894043]]","[0, 0]",0,0.0,1.3762573057717786,-0.011485906654660753,-0.05779501756933556,6.192112751945695e-05,-0.013921819596780682,0.09713112035698904,0.03162100465432737,0.0016870047854978909
1074,1087,[36],"[36, 37]","[[1.8287999629974365, -6.1975998878479, 23.85059928894043], [1.8287999629974365, -6.1975998878479, 27.203399658203125]]","[0, 0]",0,0.0,1.838424466349514,-0.011436868446697054,-0.05835940692898002,5.196211815773426e-05,0.024000306599892725,-0.09804786339235597,0.035835045562468075,0.0015517213384791675
1075,1088,[37],"[37, 570]","[[1.8287999629974365, -6.1975998878479, 27.203399658203125], [1.8287999629974365, -6.1975998878479, 30.55620002746582]]","[0, 0]",0,0.0,0.1600437093157503,-0.07407554132413034,-0.0828721827874305,7.480354223185064e-05,-0.15681072278389618,0.15166537126894503,0.041212431588362616,0.0014706832083074951
1076,1089,[38],"[38, 39]","[[1.8287999629974365, -6.1975998878479, 5.551115123125783e-17], [1.8287999629974365, -6.1975998878479, 3.733799934387207]]","[1, 0]",1,0.0,110.8429350628296,0.044422405322211596,0.0402139427493526,6.62253738685021e-05,0.14879350424248072,-0.12932006863008855,0.0017741953901205248,0.0011509927006238922
1077,1090,[39],"[39, 40]","[[1.8287999629974365, -6.1975998878479, 3.733799934387207], [1.8287999629974365, -6.1975998878479, 7.086599826812744]]","[0, 0]",0,0.0,43.69644344693967,0.050198373107710366,0.023768177605143964,8.150833510876065e-05,-0.1011422674659019,0.07481092737899374,0.0056480372841167656,0.001463528472141563
1078,1091,[40],"[40, 44]","[[1.8287999629974365, -6.1975998878479, 7.086599826812744], [1.8287999999997737, -6.197599999999966, 8.420702664162263]]","[0, 0]",0,0.0,20.846600514167978,-0.011926126464516296,-0.05478394775471591,9.176758564896651e-05,0.03437906934290456,-0.09517534014738704,0.008689583100948268,0.0013648510312559202
1079,1092,[41],"[41, 42]","[[1.8287999999997737, -6.197599999999966, 15.164481538219434], [1.8287999629974365, -6.1975998878479, 17.145000457763672]]","[0, 0]",0,0.0,3.892777239592562,-0.011440309089650278,-0.05604514696634236,7.503881009379556e-05,0.011745241244739963,0.09436350683658395,0.021156726015610895,0.0015812542073151148
1080,1093,[42],"[42, 43]","[[1.8287999629974365, -6.1975998878479, 17.145000457763672], [1.8287999629974365, -6.1975998878479, 20.497800827026367]]","[0, 0]",0,0.0,1.6597217293452535,-0.011456469208316776,-0.05701603342125046,6.864144432624657e-05,0.025746992856656187,0.09614118372810718,0.025299637212625594,0.0014405229726993827
1081,1094,[43],"[35, 43]","[[1.8287999999997737, -6.197599999999909, 21.908260412276604], [1.8287999629974365, -6.1975998878479, 20.497800827026367]]","[0, 0]",0,0.0,1.3762573057717093,-0.011485906654657768,-0.05779501756933244,6.192112751945682e-05,0.02458811056865087,-0.09664392565577185,0.028988917499917003,0.0016625184643373413
1082,1095,[44],"[44, 45]","[[1.8287999999997737, -6.197599999999966, 8.420702664162263], [1.8287999629974365, -6.1975998878479, 10.439399719238281]]","[0, 0]",0,0.0,20.846600514167967,-0.011926126464514804,-0.05478394775471689,9.176758564896639e-05,0.018468390188003576,0.08850427399127295,0.011069819843849592,0.0014274457136948724
1083,1096,[45],"[45, 46]","[[1.8287999629974365, -6.1975998878479, 10.439399719238281], [1.8287999629974365, -6.1975998878479, 13.792200088500977]]","[0, 0]",0,0.0,9.552366200589061,-0.01168197052993317,-0.05526247362565317,8.238613034378072e-05,0.030451653133777973,-0.09318239031357144,0.015054576067765437,0.0013114234799158268
1084,1097,[46],"[41, 46]","[[1.8287999999997737, -6.197599999999966, 15.164481538219434], [1.8287999629974365, -6.1975998878479, 13.792200088500977]]","[0, 0]",0,0.0,3.8927772395925935,-0.011440309089652661,-0.05604514696634268,7.50388100937956e-05,0.02744456518751657,-0.09354468260755308,0.018590663156563953,0.0015548811945654377
1085,1098,[47],"[47, 48]","[[1.8287999999997737, -9.143999999999892, 21.908260412276604], [1.8287999629974365, -9.144000053405762, 23.85059928894043]]","[0, 0]",0,-0.8851126921739905,0.0,-0.02779740287456205,0.12041864487074438,5.9125589055738195e-05,-0.043646328152624064,-0.20346407850382475,0.03257138141388638,0.0019287825262791906
1086,1099,[48],"[48, 49]","[[1.8287999629974365, -9.144000053405762, 23.85059928894043], [1.8287999629974365, -9.144000053405762, 27.203399658203125]]","[0, 0]",0,-1.0051401514023117,0.0,-0.030606171265532004,0.12493111510325562,5.4622842971682265e-05,0.053201960549349156,-0.2106898616353364,0.03683743983837151,0.0023704891083624626
1087,1100,[49],"[49, 667]","[[1.8287999629974365, -9.144000053405762, 27.203399658203125], [1.8287999629974365, -9.144000053405762, 30.55620002746582]]","[0, 0]",0,-1.5499959437630109,0.0,-0.20475124389012075,0.18862547791140655,4.992586445009465e-05,-0.4400452186756171,-0.35347147214088653,0.04235072419488862,0.0026534222132940217
1088,1101,[50],"[50, 51]","[[1.8287999629974365, -9.144000053405762, 5.551115123125783e-17], [1.8287999629974365, -9.144000053405762, 3.733799934387207]]","[1, 0]",1,-64.95317401937832,0.0,-0.12595015088289208,-0.05309918198590188,5.6755690759331944e-05,-0.3514989005010531,0.11246445104611869,0.0017457871407283833,0.0004777282788118846
1089,1102,[51],"[51, 52]","[[1.8287999629974365, -9.144000053405762, 3.733799934387207], [1.8287999629974365, -9.144000053405762, 7.086599826812744]]","[0, 0]",0,-17.300711831932436,0.0,-0.20718764334026274,-0.04281578987358815,0.0001008831204030519,0.49222946680767754,-0.13979688277507824,0.0056867781294021895,0.0010173118844271976
1090,1103,[52],"[52, 56]","[[1.8287999629974365, -9.144000053405762, 7.086599826812744], [1.8287999999997737, -9.143999999999949, 8.420702664162263]]","[0, 0]",0,-5.7918672106146625,0.0,0.0033574798971946,0.07233357104253674,8.360730588736134e-05,0.008481358711606195,0.11298173446758984,0.008876673338260543,0.0015683032261483076
1091,1104,[53],"[53, 54]","[[1.8287999999997737, -9.143999999999949, 15.164481538219434], [1.8287999629974365, -9.144000053405762, 17.145000457763672]]","[0, 0]",0,-1.226310233754789,0.0,-0.013123183430849707,0.10063067031389178,7.070532161086543e-05,-0.015286480713314968,-0.17093762431602616,0.021796777990336115,0.001828138294105705
1092,1105,[54],"[54, 55]","[[1.8287999629974365, -9.144000053405762, 17.145000457763672], [1.8287999629974365, -9.144000053405762, 20.497800827026367]]","[0, 0]",0,-0.9187764443079806,0.0,-0.019855260047435354,0.11111050250324361,6.506974992754043e-05,0.03514793069940078,-0.18953510783094715,0.026019774512988227,0.0022416605152035763
1093,1106,[55],"[47, 55]","[[1.8287999999997737, -9.143999999999892, 21.908260412276604], [1.8287999629974365, -9.144000053405762, 20.497800827026367]]","[0, 0]",0,-0.8851126921739765,0.0,-0.027797402874568444,0.12041864487074803,5.9125589055738365e-05,0.04955276145042052,0.2002753688045876,0.029867809564847293,0.0018965530779991254
1094,1107,[56],"[56, 57]","[[1.8287999999997737, -9.143999999999949, 8.420702664162263], [1.8287999629974365, -9.144000053405762, 10.439399719238281]]","[0, 0]",0,-5.791867210614707,0.0,0.0033574798971954733,0.07233357104253481,8.360730588736127e-05,0.01525909349255155,-0.12953825474257907,0.011348526537829568,0.0016665654991880258
1095,1108,[57],"[57, 58]","[[1.8287999629974365, -9.144000053405762, 10.439399719238281], [1.8287999629974365, -9.144000053405762, 13.792200088500977]]","[0, 0]",0,-2.460911087977859,0.0,-0.008296581416714178,0.08867425626310753,7.794560835165524e-05,0.021219641288469544,-0.15361718255584217,0.015439850123844301,0.0020524219893402838
1096,1109,[58],"[53, 58]","[[1.8287999999997737, -9.143999999999949, 15.164481538219434], [1.8287999629974365, -9.144000053405762, 13.792200088500977]]","[0, 0]",0,-1.2263102337548468,0.0,-0.01312318343085136,0.10063067031389178,7.070532161086552e-05,0.0287129335395415,0.1664569242715439,0.019146384053913685,0.001785025461621516
1097,1110,[59],"[59, 60]","[[0.0, -35.12819999999988, 21.908260412276604], [0.0, -35.12820053100586, 23.85059928894043]]","[0, 0]",0,-313.4849656681555,0.0,30.127883585328263,-0.4711918867319023,6.761935973151873e-05,50.48917175098374,0.8010013840145178,0.08716771077549816,0.01808886468227153
1098,1111,[60],"[60, 61]","[[0.0, -35.12820053100586, 23.85059928894043], [0.0, -35.12820053100586, 27.203399658203125]]","[0, 0]",0,-203.55612887053945,0.0,30.157418773587498,-0.48419263968909326,6.380310885047488e-05,50.586404263700516,-0.8158810115314221,0.0907469386998678,0.05996155164514851
1099,1112,[61],"[61, 629]","[[0.0, -35.12820053100586, 27.203399658203125], [0.0, -35.12820053100586, 30.55620002746582]]","[0, 0]",0,-93.29570545314408,0.0,30.47382379757159,-0.6144542145854267,7.019894574503687e-05,51.23678856807154,1.1024219650417406,0.09644601912125186,0.06059519669502308
1100,1113,[62],"[62, 63]","[[0.0, -35.12819999999999, 0.0], [0.0, -35.12820053100586, 3.733799934387207]]","[1, 0]",1,-1143.832613337466,0.0,-1.0337958835241696,-0.1005843679942376,0.0,-3.859987002072349,0.37556190661726657,0.008846581093583772,0.0010195302589626626
1101,1114,[63],"[63, 64]","[[0.0, -35.12820053100586, 3.733799934387207], [0.0, -35.12820053100586, 7.086599826812744]]","[0, 0]",0,-1182.3354336503037,0.0,5.7903193391270396,-1.3471652076739564,0.00010203544230443355,15.90291404958905,2.692712400515845,0.026033450965179637,0.014176952408398212
1102,1115,[64],"[64, 68]","[[0.0, -35.12820053100586, 7.086599826812744], [0.0, -35.128199999999936, 8.420702664162263]]","[0, 0]",0,-993.6767635885934,0.0,16.455465407837004,-2.3005023115145904,9.018147027690242e-05,-27.688503585323907,-3.7662214411261026,0.03806701216963119,0.011345195256478825
1103,1116,[65],"[65, 66]","[[0.0, -35.128199999999936, 15.164481538219434], [-1.1368683772161603e-13, -35.12820053100586, 17.145000457763672]]","[0, 0]",0,-655.0107898049375,0.0,20.345749254171427,-3.2245744993585146,7.968308136568807e-05,36.44383282426662,5.666557345715234,0.0689211746469238,0.01684343594526917
1104,1117,[66],"[66, 67]","[[-1.1368683772161603e-13, -35.12820053100586, 17.145000457763672], [0.0, -35.12820053100586, 20.497800827026367]]","[0, 0]",0,-422.98281641837775,0.0,27.298800643972953,-2.0717823753444313,6.727867232371916e-05,47.39120745116251,-4.380080749003614,0.07641549009196644,0.05535558476584584
1105,1118,[67],"[59, 67]","[[0.0, -35.12819999999988, 21.908260412276604], [0.0, -35.12820053100586, 20.497800827026367]]","[0, 0]",0,-313.48496566816175,0.0,30.127883585328274,-0.47119188673190127,6.761935973151826e-05,-50.523549994636014,-0.7788100490866703,0.08355000764599294,0.018149744649939653
1106,1119,[68],"[68, 69]","[[0.0, -35.128199999999936, 8.420702664162263], [0.0, -35.12820053100586, 10.439399719238281]]","[0, 0]",0,-993.6767635885928,0.0,16.455465407836993,-2.300502311514587,9.018147027690238e-05,27.48337906388701,3.946902461445113,0.04535298128376001,0.01117471046942149
1107,1120,[69],"[69, 70]","[[0.0, -35.12820053100586, 10.439399719238281], [0.0, -35.12820053100586, 13.792200088500977]]","[0, 0]",0,-818.6674896270014,0.0,16.262329676449838,-2.614466196084005,8.419360795574777e-05,-27.274165891391625,4.464321446352484,0.05525589614626046,0.0355655528586946
1108,1121,[70],"[65, 70]","[[0.0, -35.128199999999936, 15.164481538219434], [0.0, -35.12820053100586, 13.792200088500977]]","[0, 0]",0,-655.0107898049406,0.0,20.34574925417141,-3.224574499358512,7.968308136568809e-05,-31.77140278804907,-5.144797226449622,0.0635520205158948,0.008515771109944411
1109,1122,[71],"[71, 72]","[[15.84960000000001, 5.684341886080802e-14, 21.908260412276604], [15.849599838256836, 6.383556657314207e-15, 23.85059928894043]]","[0, 0]",0,-166.45575690600054,0.0,-0.45201793424798303,1.9965672160430752,6.436425185437235e-05,-0.7693856946684033,-3.344516330757873,0.03622343445635494,0.0040957504670220204
1110,1123,[72],"[72, 73]","[[15.849599838256836, 6.383556657314207e-15, 23.85059928894043], [15.849599838256836, 1.7402632408584397e-14, 27.203399658203125]]","[0, 0]",0,-108.47417010460534,0.0,-0.4828383653123378,1.987286642504908,5.911260199382475e-05,0.8163042825502005,-3.331812133228562,0.03879359520509587,0.01211770176142144
1111,1124,[73],"[73, 580]","[[15.849599838256836, 1.7402632408584397e-14, 27.203399658203125], [15.849599838256836, 1.1368683772161603e-13, 30.55620002746582]]","[0, 0]",0,-50.23126274054588,0.0,-0.9668037713711792,1.6542562996309629,4.0261215372418304e-05,-1.8874648735494977,2.952871013109187,0.042263633357618985,0.010410172716597206
1112,1125,[74],"[74, 75]","[[15.84960000000001, -5.684341886080802e-14, 0.0], [15.849599838256836, -1.2655455737455457e-14, 3.733799934387207]]","[1, 0]",1,-482.4605874706593,0.0,-0.6870007580132574,-0.13714075436348366,0.0,-2.565123385193864,0.5120561396441878,0.00349909010513017,0.0018154768857952574
1113,1126,[75],"[75, 76]","[[15.849599838256836, -1.2655455737455457e-14, 3.733799934387207], [15.849599838256836, -3.292459756438007e-14, 7.086599826812744]]","[0, 0]",0,-435.275714871907,0.0,-1.7039369558333632,0.6278067973744537,0.00010352161727564753,3.8615880707060573,-1.8321511779296573,0.009971334028434574,0.005214745289526021
1114,1127,[76],"[76, 80]","[[15.849599838256836, -3.292459756438007e-14, 7.086599826812744], [15.84960000000001, 0.0, 8.420702664162263]]","[0, 0]",0,-384.39963366357364,0.0,-0.13425558241937677,1.9764721967191876,8.798105940977572e-05,0.15035308436389966,3.3246979210392653,0.014380813886194242,0.0040347095065830264
1115,1128,[77],"[77, 78]","[[15.84960000000001, 0.0, 15.164481538219434], [15.849599838256836, -2.0074799434539534e-14, 17.145000457763672]]","[0, 0]",0,-278.7951126571591,0.0,-0.5077755949449931,1.944652586238957,7.560248101755982e-05,-0.8733037587593682,-3.2696876720215897,0.027550150514089593,0.004035790373722366
1116,1129,[78],"[78, 79]","[[15.849599838256836, -2.0074799434539534e-14, 17.145000457763672], [15.849599838256836, -5.944396755700691e-15, 20.497800827026367]]","[0, 0]",0,-223.99093501748254,0.0,-0.4925477312030771,1.9809119362596457,6.936787715416135e-05,0.8755315120043307,-3.3344728950010105,0.030849250574315253,0.012021950651844767
1117,1130,[79],"[71, 79]","[[15.84960000000001, 5.684341886080802e-14, 21.908260412276604], [15.849599838256836, -5.944396755700691e-15, 20.497800827026367]]","[0, 0]",0,-166.45575690600066,0.0,-0.45201793424798065,1.9965672160430732,6.436425185437226e-05,0.7461393400358121,3.349571160299421,0.03423086161935142,0.004116331680123116
1118,1131,[80],"[80, 81]","[[15.84960000000001, 0.0, 8.420702664162263], [15.849599838256836, -2.842170943040401e-14, 10.439399719238281]]","[0, 0]",0,-384.39963366357364,0.0,-0.13425558241937666,1.9764721967191876,8.798105940977558e-05,-0.29977901792931677,-3.302017847502923,0.01722275183004669,0.003910592411319995
1119,1132,[81],"[81, 82]","[[15.849599838256836, -2.842170943040401e-14, 10.439399719238281], [15.849599838256836, -2.842170943040401e-14, 13.792200088500977]]","[0, 0]",0,-332.17281845536166,0.0,-0.3740774834175083,1.9372917194849557,8.126339053517778e-05,-0.6577547462091616,3.2489047075637987,0.021215321325769546,0.011695536131223117
1120,1133,[82],"[77, 82]","[[15.84960000000001, 0.0, 15.164481538219434], [15.849599838256836, -2.842170943040401e-14, 13.792200088500977]]","[0, 0]",0,-278.7951126571594,0.0,-0.507775594944994,1.9446525862389616,7.560248101755986e-05,0.8291664434747993,3.2503442372080764,0.025125902874988757,0.003938401647449572
1121,1134,[83],"[83, 84]","[[17.52599999999984, -7.924799999999891, 21.908260412276604], [17.525999069213867, -7.924799919128418, 23.85059928894043]]","[0, 0]",0,-174.24065137173451,0.0,-4.452409131752177,0.8145743243806138,6.295196292618199e-05,-7.476723817220712,-1.3772621993132255,0.03617698079506159,0.0028843986476222985
1122,1135,[84],"[84, 85]","[[17.525999069213867, -7.924799919128418, 23.85059928894043], [17.525999069213867, -7.924799919128418, 27.203399658203125]]","[0, 0]",0,-115.2233999569301,0.0,-4.476288435324019,0.8429624630499901,5.494153334451732e-05,7.510975417874374,-1.4204959825977888,0.039516236041466646,0.00970770451016281
1123,1136,[85],"[85, 561]","[[17.525999069213867, -7.924799919128418, 27.203399658203125], [17.525999069213867, -7.924799919128418, 30.55620002746582]]","[0, 0]",0,-55.105556140097505,0.0,-4.6587791402598775,0.8954028689339893,0.0001122290595449222,-7.913173208964334,-1.5303558117795422,0.04337024025039379,0.010194260737443936
1124,1137,[86],"[86, 87]","[[17.52599999999984, -7.924800000000005, 0.0], [17.525999069213867, -7.924799919128418, 3.733799934387207]]","[1, 0]",1,-460.2019585148916,0.0,-0.18761268684171592,0.8541671453678532,0.0,-0.7005082378198284,-3.1892892313302985,0.003379185150493941,0.006036862684283281
1125,1138,[87],"[87, 88]","[[17.525999069213867, -7.924799919128418, 3.733799934387207], [17.525999069213867, -7.924799919128418, 7.086599826812744]]","[0, 0]",0,-383.8089629127521,0.0,-1.8871513450252393,2.1321284514130237,0.00011315925841070622,-3.665290380772425,4.699708668977261,0.009477017960395052,0.012878427287102366
1126,1139,[88],"[88, 92]","[[17.525999069213867, -7.924799919128418, 7.086599826812744], [17.52599999999984, -7.924799999999948, 8.420702664162263]]","[0, 0]",0,-365.1753794615769,0.0,-3.1751449596009675,0.2640582977825011,8.391160765295004e-05,5.119068180377487,0.35072042342824983,0.013238165779481248,0.0010697997289358361
1127,1140,[89],"[89, 90]","[[17.52599999999984, -7.924799999999948, 15.164481538219434], [17.525999069213867, -7.924799919128418, 17.145000457763672]]","[0, 0]",0,-282.9678834845752,0.0,-4.173599873001904,0.5642635658160153,7.394874204435351e-05,-7.070312683886654,-0.9324871932483355,0.02684664139406494,0.0024912628823388163
1128,1141,[90],"[90, 91]","[[17.525999069213867, -7.924799919128418, 17.145000457763672], [17.525999069213867, -7.924799919128418, 20.497800827026367]]","[0, 0]",0,-230.95496189862806,0.0,-4.369026241003682,0.666295445957745,6.714273809083059e-05,-7.348628713026286,-1.190979940550591,0.03078698872183498,0.008999995750775825
1129,1142,[91],"[83, 91]","[[17.52599999999984, -7.924799999999891, 21.908260412276604], [17.525999069213867, -7.924799919128418, 20.497800827026367]]","[0, 0]",0,-174.24065137173525,0.0,-4.45240913175217,0.8145743243806141,6.295196292618222e-05,7.45130667153248,1.353841342585219,0.034002272236396285,0.0027586865919681674
1130,1143,[92],"[92, 93]","[[17.52599999999984, -7.924799999999948, 8.420702664162263], [17.525999069213867, -7.924799919128418, 10.439399719238281]]","[0, 0]",0,-365.17537946157665,0.0,-3.17514495960097,0.26405829778250073,8.391160765295006e-05,-5.5265574986098525,-0.5346142089711333,0.01601598670526564,0.0021821085916197006
1131,1144,[93],"[93, 94]","[[17.525999069213867, -7.924799919128418, 10.439399719238281], [17.525999069213867, -7.924799919128418, 13.792200088500977]]","[0, 0]",0,-329.54690750799733,0.0,-3.7937571300650923,0.5035146282757679,7.909122345722056e-05,-6.485189055148241,-0.8962998734480994,0.020544351585840257,0.007623401920704303
1132,1145,[94],"[89, 94]","[[17.52599999999984, -7.924799999999948, 15.164481538219434], [17.525999069213867, -7.924799919128418, 13.792200088500977]]","[0, 0]",0,-282.96788348457557,0.0,-4.1735998730019,0.5642635658160182,7.394874204435332e-05,6.922934511471105,0.9593758985813925,0.024281707403820702,0.0024170215509395623
1133,1146,[95],"[95, 96]","[[26.21279999999979, -7.924799999999891, 21.908260412276604], [26.212799072265625, -7.924799919128418, 23.85059928894043]]","[0, 0]",0,-220.32673165799093,0.0,1.9280859997347428,1.0527657634615784,7.745478209176419e-05,3.2429413181207565,-1.7835215345397972,0.04198157022509904,0.00299117587014511
1134,1147,[96],"[96, 97]","[[26.212799072265625, -7.924799919128418, 23.85059928894043], [26.212799072265625, -7.924799919128418, 27.203399658203125]]","[0, 0]",0,-146.56075268499922,0.0,1.9277983089540858,1.0988220471952894,7.738957481532911e-05,-3.2437305212424747,-1.8517288290731588,0.04447631683595224,0.008113012235036493
1135,1148,[97],"[97, 584]","[[26.212799072265625, -7.924799919128418, 27.203399658203125], [26.212799072265625, -7.924799919128418, 30.55620002746582]]","[0, 0]",0,-71.4884828401267,0.0,1.9767794350554846,1.153234035719864,6.413684758428291e-05,3.350261575797675,-1.9558733844700313,0.04716277221637013,0.00843524567170544
1136,1149,[98],"[98, 99]","[[26.21279999999979, -7.924800000000005, 0.0], [26.212799072265625, -7.924799919128418, 3.733799934387207]]","[1, 0]",1,-543.5220318781414,0.0,0.15740388340727735,0.11859792366084736,0.0,0.587714609538402,-0.4428209195833447,0.003992280405460002,0.0012907149016014767
1137,1150,[99],"[99, 100]","[[26.212799072265625, -7.924799919128418, 3.733799934387207], [26.212799072265625, -7.924799919128418, 7.086599826812744]]","[0, 0]",0,-553.1315883238373,0.0,1.1424412121377412,0.5697440192281344,9.363828853963888e-05,2.1776155181755437,-0.9596745475699545,0.011707857777048813,0.004479786407016358
1138,1151,[100],"[100, 104]","[[26.212799072265625, -7.924799919128418, 7.086599826812744], [26.21279999999979, -7.924799999999948, 8.420702664162263]]","[0, 0]",0,-508.38398834964096,0.0,1.7074573669174107,0.6711054764463342,9.924588350941358e-05,-2.7793763356624566,1.0698875777767813,0.016867408795048843,0.0018338804236968623
1139,1152,[101],"[101, 102]","[[26.21279999999979, -7.924799999999948, 15.164481538219434], [26.212799072265625, -7.924799919128418, 17.145000457763672]]","[0, 0]",0,-392.91689911633813,0.0,1.9520074712834485,0.9398283951446278,7.818793042236754e-05,3.3233449557117565,-1.6091430978825074,0.03293606745241185,0.0028639891148953146
1140,1153,[102],"[102, 103]","[[26.212799072265625, -7.924799919128418, 17.145000457763672], [26.212799072265625, -7.924799919128418, 20.497800827026367]]","[0, 0]",0,-290.4357282009072,0.0,1.9737270254550134,1.0070254922615869,7.765230246186382e-05,-3.3441274812673942,-1.6978933261624427,0.036815582938389164,0.00768211352746466
1141,1154,[103],"[95, 103]","[[26.21279999999979, -7.924799999999891, 21.908260412276604], [26.212799072265625, -7.924799919128418, 20.497800827026367]]","[0, 0]",0,-220.32673165799253,0.0,1.928085999734743,1.05276576346158,7.745478209176445e-05,-3.221542456228948,1.7461898979505253,0.040056783584254824,0.0028162906736028904
1142,1155,[104],"[104, 105]","[[26.21279999999979, -7.924799999999948, 8.420702664162263], [26.212799072265625, -7.924799919128418, 10.439399719238281]]","[0, 0]",0,-508.3839883496417,0.0,1.7074573669174102,0.6711054764463338,9.92458835094136e-05,2.945386540460349,-1.1801947914590387,0.020358872205187676,0.0024121653637190015
1143,1156,[105],"[105, 106]","[[26.212799072265625, -7.924799919128418, 10.439399719238281], [26.212799072265625, -7.924799919128418, 13.792200088500977]]","[0, 0]",0,-453.14558636215776,0.0,1.8519840006968904,0.8261606982248225,8.477001301302926e-05,3.1179197229954454,-1.4223165173811996,0.025601230567672602,0.006608182522592788
1144,1157,[106],"[101, 106]","[[26.21279999999979, -7.924799999999948, 15.164481538219434], [26.212799072265625, -7.924799919128418, 13.792200088500977]]","[0, 0]",0,-392.91689911633745,0.0,1.9520074712834456,0.9398283951446295,7.818793042236734e-05,-3.2213464148119693,1.541913892402472,0.03006387146168785,0.00249779905241686
1145,1158,[107],"[107, 108]","[[36.42359924316406, -9.144000053405762, 5.551115123125783e-17], [36.42359924316406, -9.144000053405762, 3.733799934387207]]","[1, 0]",1,0.0,22.801592286026207,-0.6457505347356023,0.37844843322735044,8.005170375226214e-05,-1.6259632107653799,-0.9459707834462865,0.0008441503551795673,0.002697652117672998
1146,1159,[108],"[108, 109]","[[36.42359924316406, -9.144000053405762, 3.733799934387207], [36.42359924316406, -9.144000053405762, 7.086599826812744]]","[0, 0]",0,0.0,16.122253647837354,-1.0421536647477356,0.5526795702846125,9.38814822143979e-05,2.1146808302977247,1.136078726881685,0.002592536213844262,0.0033609059382060146
1147,1160,[109],"[109, 113]","[[36.42359924316406, -9.144000053405762, 7.086599826812744], [36.42359999999985, -9.143999999999949, 8.420702664162263]]","[0, 0]",0,-4.542472332053167,0.0,-0.46691454011706474,0.19472641746487973,0.0001058092233051323,0.7727243358474377,0.3100008475190064,0.003859517421937907,0.0005499710208776053
1148,1161,[110],"[110, 111]","[[36.42359999999985, -9.143999999999949, 15.164481538219434], [36.42359924316406, -9.144000053405762, 17.145000457763672]]","[0, 0]",0,-13.567323912348972,0.0,-0.5453204626093171,0.27667262717271845,7.529893422338943e-05,-0.9082742369313026,-0.48555403275646947,0.009470968811834419,0.001026215841522815
1149,1162,"[111, 112]","[0, 111, 112]","[[36.42359999999985, -9.143999999999892, 21.908260412276604], [36.42359924316406, -9.144000053405762, 17.145000457763672], [36.42359924316406, -9.144000053405762, 20.497800827026367]]","[0, 0, 0]",0,-10.633003622278183,0.0,-0.5903142212063796,0.28937824380932875,7.836936807313109e-05,1.0876652772456357,0.4934818371682055,0.013213719233869714,0.0020402132206370923
1150,1163,[113],"[113, 114]","[[36.42359999999985, -9.143999999999949, 8.420702664162263], [36.42359924316406, -9.144000053405762, 10.439399719238281]]","[0, 0]",0,-4.542472332053164,0.0,-0.46691454011706485,0.19472641746487984,0.0001058092233051321,-0.7927466840291435,-0.34287786400972253,0.004911656843343118,0.0006508647632082355
1151,1164,[114],"[114, 115]","[[36.42359924316406, -9.144000053405762, 10.439399719238281], [36.42359924316406, -9.144000053405762, 13.792200088500977]]","[0, 0]",0,-11.475852584346658,0.0,-0.5258651266227544,0.2301356191094275,8.620225105797392e-05,-0.8918282897857633,-0.3992831387836097,0.006737096509154487,0.0015088475211104636
1152,1165,[115],"[110, 115]","[[36.42359999999985, -9.143999999999949, 15.164481538219434], [36.42359924316406, -9.144000053405762, 13.792200088500977]]","[0, 0]",0,-13.567323912348979,0.0,-0.5453204626093195,0.2766726271727182,7.529893422338948e-05,0.9200764114719171,0.44207405379319853,0.008276261184094507,0.0008458797631957693
1153,1166,[116],"[116, 117]","[[41.909999999999854, 5.684341886080802e-14, 21.908260412276604], [41.90999984741211, 6.383556657314207e-15, 23.85059928894043]]","[0, 0]",0,-111.57856349743392,0.0,-1.5086116286633684,0.013820110745216078,7.610091826490446e-05,-2.5504536989414435,0.02057689760939274,0.02234326402742983,0.0009094711000815151
1154,1167,[117],"[117, 118]","[[41.90999984741211, 6.383556657314207e-15, 23.85059928894043], [41.90999984741211, 1.7402632408584397e-14, 27.203399658203125]]","[0, 0]",0,-71.540635828336,0.0,-1.565392220097397,-0.04025175797841083,7.340981242165229e-05,-2.634870270447815,0.07792644557182032,0.02357860143284916,0.002730133465918485
1155,1168,[118],"[118, 552]","[[41.90999984741211, 1.7402632408584397e-14, 27.203399658203125], [41.90999984741211, 1.1368683772161603e-13, 30.55620002746582]]","[0, 0]",0,-31.589918342771742,0.0,-1.5901581502984534,-0.13650343994054617,8.694441921553467e-05,-2.670449522767066,0.27013428249084503,0.024709727802315114,0.002870922549168116
1156,1169,[119],"[119, 120]","[[41.909999999999854, -5.684341886080802e-14, 0.0], [41.90999984741211, -1.2655455737455457e-14, 3.733799934387207]]","[1, 0]",1,-350.7912688378467,0.0,-0.18068283018412462,-0.009937773066952923,0.0,-0.67463353948638,0.03710565642534383,0.0026207836190710147,0.000616102776692414
1157,1170,[120],"[120, 121]","[[41.90999984741211, -1.2655455737455457e-14, 3.733799934387207], [41.90999984741211, -3.292459756438007e-14, 7.086599826812744]]","[0, 0]",0,-313.5834099506387,0.0,-0.8913375174336312,0.2595299760565058,8.961863573517191e-05,1.5302009715553933,-0.6161199910438959,0.007337793593052739,0.001941505233034605
1158,1171,[121],"[121, 125]","[[41.90999984741211, -3.292459756438007e-14, 7.086599826812744], [41.909999999999854, 0.0, 8.420702664162263]]","[0, 0]",0,-273.19068040832167,0.0,-0.9445831312745686,0.48680585538148374,9.653142516013743e-05,1.5553506844107927,0.8588547194794902,0.01006598252167398,0.0009083426597413902
1159,1172,[122],"[122, 123]","[[41.909999999999854, 0.0, 15.164481538219434], [41.90999984741211, -2.0074799434539534e-14, 17.145000457763672]]","[0, 0]",0,-193.11018904515151,0.0,-1.41907432543255,0.20274583423392703,8.091756898988552e-05,-2.510959618870257,-0.31493729937332443,0.018115007163616918,0.0008530960663246707
1160,1173,[123],"[123, 124]","[[41.90999984741211, -2.0074799434539534e-14, 17.145000457763672], [41.90999984741211, -5.944396755700691e-15, 20.497800827026367]]","[0, 0]",0,-151.70581580166865,0.0,-1.562626007355128,0.09880668086494913,7.87777889459973e-05,2.6747376025269185,0.19210161288857153,0.020041307285769805,0.0027540826247619042
1161,1174,[124],"[116, 124]","[[41.909999999999854, 5.684341886080802e-14, 21.908260412276604], [41.90999984741211, -5.944396755700691e-15, 20.497800827026367]]","[0, 0]",0,-111.57856349743429,0.0,-1.5086116286633686,0.013820110745216208,7.61009182649045e-05,2.5076170492667886,0.04006960527920274,0.021463475706505898,0.0008677095641014199
1162,1175,[125],"[125, 126]","[[41.909999999999854, 0.0, 8.420702664162263], [41.90999984741211, -2.842170943040401e-14, 10.439399719238281]]","[0, 0]",0,-273.19068040832144,0.0,-0.9445831312745688,0.48680585538148347,9.653142516013755e-05,-1.6116475365135718,-0.7733079000756764,0.011899670313506935,0.0006183597229390197
1163,1176,[126],"[126, 127]","[[41.90999984741211, -2.842170943040401e-14, 10.439399719238281], [41.90999984741211, -2.842170943040401e-14, 13.792200088500977]]","[0, 0]",0,-233.11665451492937,0.0,-1.1006038871336374,0.32733677372991854,8.585852058245174e-05,-1.8833120403979555,0.5835378774726059,0.01468031104698235,0.002517706748036011
1164,1177,[127],"[122, 127]","[[41.909999999999854, 0.0, 15.164481538219434], [41.90999984741211, -2.842170943040401e-14, 13.792200088500977]]","[0, 0]",0,-193.11018904515146,0.0,-1.4190743254325509,0.20274583423392753,8.091756898988566e-05,2.246913303451228,0.36482900851266287,0.016773716488691585,0.0007409231772956313
1165,1178,[128],"[128, 129]","[[41.909999999999854, -6.197599999999909, 21.908260412276604], [41.90999984741211, -6.1975998878479, 23.85059928894043]]","[0, 0]",0,-2.6789225109119577,0.0,0.08931171987314301,-0.041984623776188223,7.459138194828044e-05,0.1503443168651542,0.06886283875772299,0.012644759046221265,0.001061689464873353
1166,1179,[129],"[129, 130]","[[41.90999984741211, -6.1975998878479, 23.85059928894043], [41.90999984741211, -6.1975998878479, 27.203399658203125]]","[0, 0]",0,-0.9780141432352739,0.0,0.09208281909816493,-0.04274793963262888,6.939327683310069e-05,0.15452225270985528,-0.07274750413196332,0.014176713890935319,0.0011991595841594918
1167,1180,[130],"[130, 666]","[[41.90999984741211, -6.1975998878479, 27.203399658203125], [41.90999984741211, -6.1975998878479, 30.55620002746582]]","[0, 0]",0,0.0,0.04541310598904467,0.12438538786028266,-0.05716622310035802,6.32702214158422e-05,0.22592920482528553,0.10257331570452757,0.016171096458497833,0.0013079506553469323
1168,1181,[131],"[131, 132]","[[41.90999984741211, -6.1975998878479, 5.551115123125783e-17], [41.90999984741211, -6.1975998878479, 3.733799934387207]]","[1, 0]",1,-120.2463975664919,0.0,-0.05331344203800292,0.01653218911666382,0.0001165321443852264,0.1433612606191933,0.03260354908762838,0.0012225693937552979,0.0003155333436120572
1169,1182,[132],"[132, 133]","[[41.90999984741211, -6.1975998878479, 3.733799934387207], [41.90999984741211, -6.1975998878479, 7.086599826812744]]","[0, 0]",0,-42.000788708698316,0.0,0.007857267643606633,-0.010180632054200781,8.244467147967611e-05,0.058215385179492006,0.024430559625412816,0.0032729499734453307,0.0006313826158160064
1170,1183,[133],"[133, 137]","[[41.90999984741211, -6.1975998878479, 7.086599826812744], [41.909999999999854, -6.197599999999966, 8.420702664162263]]","[0, 0]",0,-24.433941424433282,0.0,0.06598045607912069,-0.034040632288426215,9.097407858625293e-05,-0.09620249944864606,-0.06247567923655577,0.00449051806153093,0.0006885940554194874
1171,1184,[134],"[134, 135]","[[41.909999999999854, -6.197599999999966, 15.164481538219434], [41.90999984741211, -6.1975998878479, 17.145000457763672]]","[0, 0]",0,-8.366112562572349,0.0,0.06926319197242264,-0.039591869745033606,7.8483337353886e-05,0.11063924147971788,0.06291797862479917,0.00888520064074583,0.0008900490538790233
1172,1185,[135],"[135, 136]","[[41.90999984741211, -6.1975998878479, 17.145000457763672], [41.90999984741211, -6.1975998878479, 20.497800827026367]]","[0, 0]",0,-5.353172980902754,0.0,0.07150421049182898,-0.04136811998002806,7.571454215665814e-05,0.13022806927750885,-0.0717339087364509,0.010322408091215549,0.0010408289124014941
1173,1186,[136],"[128, 136]","[[41.909999999999854, -6.197599999999909, 21.908260412276604], [41.90999984741211, -6.1975998878479, 20.497800827026367]]","[0, 0]",0,-2.6789225109119594,0.0,0.08931171987314016,-0.04198462377618764,7.459138194828018e-05,-0.14909988015641715,-0.07190314326312164,0.01168205550458184,0.0010222881776732725
1174,1187,[137],"[137, 138]","[[41.909999999999854, -6.197599999999966, 8.420702664162263], [41.90999984741211, -6.1975998878479, 10.439399719238281]]","[0, 0]",0,-24.43394142443344,0.0,0.06598045607912188,-0.034040632288426444,9.097407858625305e-05,0.12501676659562183,0.05165574903817818,0.005343590780218095,0.0007391956336278714
1175,1188,[138],"[138, 139]","[[41.90999984741211, -6.1975998878479, 10.439399719238281], [41.90999984741211, -6.1975998878479, 13.792200088500977]]","[0, 0]",0,-14.449356690804663,0.0,0.07821234263682914,-0.03648834461941807,8.529118339029727e-05,0.13999778531716145,-0.06599542068725445,0.006716263492963947,0.0009235940420600524
1176,1189,[139],"[134, 139]","[[41.909999999999854, -6.197599999999966, 15.164481538219434], [41.90999984741211, -6.1975998878479, 13.792200088500977]]","[0, 0]",0,-8.366112562572395,0.0,0.06926319197242042,-0.03959186974503408,7.848333735388592e-05,-0.12158641414173205,-0.06982565687615136,0.007989975864417038,0.0008712189463786892
1177,1190,[140],"[140, 141]","[[41.909999999999854, -9.143999999999892, 21.908260412276604], [41.90999984741211, -9.144000053405762, 23.85059928894043]]","[0, 0]",0,-10.573461150265537,0.0,0.012546887620805438,0.09557874188232601,7.24603938438172e-05,0.020173986215340337,-0.16292136407791294,0.015040706612842706,0.0011257999920229222
1178,1191,[141],"[141, 142]","[[41.90999984741211, -9.144000053405762, 23.85059928894043], [41.90999984741211, -9.144000053405762, 27.203399658203125]]","[0, 0]",0,-5.185260038283259,0.0,0.010164781058808818,0.09811125968152797,6.86459204623261e-05,-0.021129816857778035,-0.166169969720402,0.016819523368915203,0.0013480023515263372
1179,1192,[142],"[142, 665]","[[41.90999984741211, -9.144000053405762, 27.203399658203125], [41.90999984741211, -9.144000053405762, 30.55620002746582]]","[0, 0]",0,-3.636438063480691,0.0,0.19129348153028986,0.15482084394861115,9.574288511603203e-05,0.42463557381018646,-0.2926695051553554,0.019067518071704585,0.0018006222818541175
1180,1193,[143],"[143, 144]","[[41.90999984741211, -9.144000053405762, 5.551115123125783e-17], [41.90999984741211, -9.144000053405762, 3.733799934387207]]","[1, 0]",1,-80.89929387977637,0.0,0.011961783178717001,0.01927007029146092,0.00012916691662100835,0.022843886499139866,-0.04693728301147762,0.001193368630152097,0.0005142197033052309
1181,1194,[144],"[144, 145]","[[41.90999984741211, -9.144000053405762, 3.733799934387207], [41.90999984741211, -9.144000053405762, 7.086599826812744]]","[0, 0]",0,-54.89893846583671,0.0,0.03520728110625454,0.057001344005241504,9.881887860145865e-05,0.10886849251570925,-0.10927052424682174,0.003462973296677788,0.0006683617798203029
1182,1195,[145],"[145, 149]","[[41.90999984741211, -9.144000053405762, 7.086599826812744], [41.909999999999854, -9.143999999999949, 8.420702664162263]]","[0, 0]",0,-44.427033467414134,0.0,0.10427660870239298,0.07660249503911214,8.341924076813821e-05,-0.1571166659031606,0.11960935678220141,0.004981850090884858,0.000759569264091365
1183,1196,[146],"[146, 147]","[[41.909999999999854, -9.143999999999949, 15.164481538219434], [41.90999984741211, -9.144000053405762, 17.145000457763672]]","[0, 0]",0,-26.1197879810748,0.0,0.1174467464062982,0.1270914250267472,7.488401473012788e-05,0.1859503849249078,-0.23929112604826847,0.010590597779143944,0.0010281654423682524
1184,1197,[147],"[147, 148]","[[41.90999984741211, -9.144000053405762, 17.145000457763672], [41.90999984741211, -9.144000053405762, 20.497800827026367]]","[0, 0]",0,-16.35995331520535,0.0,0.05362615808711723,0.13024559296081337,8.219453804217333e-05,-0.11281892244067473,0.2361327401201938,0.012317730639392004,0.0013513583000281722
1185,1198,[148],"[140, 148]","[[41.909999999999854, -9.143999999999892, 21.908260412276604], [41.90999984741211, -9.144000053405762, 20.497800827026367]]","[0, 0]",0,-10.573461150265393,0.0,0.012546887620807527,0.09557874188232586,7.246039384381708e-05,-0.021893199301507762,0.15753489469683207,0.013912393481810746,0.0010870406837517137
1186,1199,[149],"[149, 150]","[[41.909999999999854, -9.143999999999949, 8.420702664162263], [41.90999984741211, -9.144000053405762, 10.439399719238281]]","[0, 0]",0,-44.427033467414276,0.0,0.10427660870239253,0.0766024950391121,8.341924076813797e-05,0.1925019365367232,-0.13722348034446274,0.006091260492527229,0.0008301955372281296
1187,1200,[150],"[150, 151]","[[41.90999984741211, -9.144000053405762, 10.439399719238281], [41.90999984741211, -9.144000053405762, 13.792200088500977]]","[0, 0]",0,-34.32223496994993,0.0,0.12973987949120838,0.08494961281392577,7.754007697007831e-05,0.22795429150500218,-0.14979683921834297,0.007871175212118076,0.001132797427884639
1188,1201,[151],"[146, 151]","[[41.909999999999854, -9.143999999999949, 15.164481538219434], [41.90999984741211, -9.144000053405762, 13.792200088500977]]","[0, 0]",0,-26.11978798107485,0.0,0.1174467464063087,0.1270914250267471,7.488401473012793e-05,-0.2078251097948463,0.18682105071153338,0.009483446923562117,0.0009760635367447506
1189,1202,[152],"[152, 153]","[[0.0, -38.480999999999824, 8.420702664162263], [0.0, -38.48099899291992, 10.439399719238281]]","[0, 0]",0,-13.941707642969677,0.0,8.452032697179275,-2.5878600275772046,9.05228260346335e-05,14.331931150388677,4.555729682870608,0.019801967425086726,0.007634223722062694
1190,1203,[153],"[153, 154]","[[0.0, -38.48099899291992, 10.439399719238281], [0.0, -38.48099899291992, 13.792200088500977]]","[0, 0]",0,-0.36102647574967284,0.0,9.095752584873445,-3.3018151546945034,8.451869140022645e-05,15.445669746010593,5.713532763386961,0.024955199234726284,0.02565641454555341
1191,1204,[154],"[154, 1362]","[[0.0, -38.48099899291992, 13.792200088500977], [-1.515824548129971e-13, -38.48099899291992, 17.145000457763672]]","[0, 0]",0,0.0,22.897251862409053,10.832980746433998,-3.9692963847275107,7.98444247959121e-05,18.947173841568432,6.850174112782644,0.032281207887173015,0.030624936943504693
1192,1205,[155],"[155, 156]","[[0.0, -38.48099999999988, 0.0], [0.0, -38.48099899291992, 3.733799934387207]]","[1, 0]",1,-58.24073881402681,0.0,0.08812214954867384,-0.176952444341278,0.0,0.32903047620291037,0.6607050250711437,0.003454579036937606,0.0018510306330193516
1193,1206,[156],"[156, 157]","[[0.0, -38.48099899291992, 3.733799934387207], [0.0, -38.48099899291992, 7.086599826812744]]","[0, 0]",0,-15.09135071442646,0.0,4.289205594852898,-1.5665009699108783,0.00010099337029115299,9.40975904306182,2.9713763879024597,0.010418726556246118,0.012423466299182099
1194,1207,[157],"[152, 157]","[[0.0, -38.480999999999824, 8.420702664162263], [0.0, -38.48099899291992, 7.086599826812744]]","[0, 0]",0,-13.941707642969723,0.0,8.45203269717926,-2.587860027577202,9.052282603463326e-05,-14.006043167496436,-4.120847139204221,0.016156229467141202,0.006363209497707855
1195,1208,[158],"[158, 159]","[[0.0, -16.459199999999896, 21.908260412276604], [0.0, -16.459199905395508, 23.85059928894043]]","[0, 0]",0,-439.8559547735237,0.0,12.362976376605637,2.4719843212204133,6.293884779772495e-05,20.67593504737842,-4.183720601060494,0.09277483956876077,0.009424531035330592
1196,1209,[159],"[159, 160]","[[0.0, -16.459199905395508, 23.85059928894043], [0.0, -16.459199905395508, 27.203399658203125]]","[0, 0]",0,-278.3234715108392,0.0,12.215323396459684,2.587608994750701,5.638758912365732e-05,-20.50965938302424,-4.363121587258058,0.09721834555577807,0.029336467063251572
1197,1210,[160],"[160, 590]","[[0.0, -16.459199905395508, 27.203399658203125], [0.0, -16.459199905395508, 30.55620002746582]]","[0, 0]",0,-117.8891315849005,0.0,12.378716059844681,2.6545950709554735,0.00010283865457334889,20.87883059301357,-4.465638872502511,0.10215512939171639,0.029829974200515273
1198,1211,[161],"[161, 162]","[[0.0, -16.45920000000001, 0.0], [0.0, -16.459199905395508, 3.733799934387207]]","[1, 0]",1,-1295.3727237365174,0.0,-0.8819683748793049,0.05381068852891824,0.0,-3.2930934602559425,-0.20091834529860536,0.009578886017629375,0.0019041547135217305
1199,1212,[162],"[162, 163]","[[0.0, -16.459199905395508, 3.733799934387207], [0.0, -16.459199905395508, 7.086599826812744]]","[0, 0]",0,-1315.5707216285437,0.0,4.96338461975334,0.8967271324923937,9.543266940197273e-05,13.633971821893793,-1.8930614659605394,0.028024315804241095,0.012174995590416066
1200,1213,[163],"[163, 164]","[[0.0, -16.459199905395508, 7.086599826812744], [0.0, -16.459199999999953, 8.420702664162263]]","[0, 0]",0,-1133.3567484450439,0.0,13.947402282768296,1.7060644155743863,8.502448171868468e-05,-23.54463138100546,2.7855409858531193,0.04053783079306325,0.00992854074858726
1201,1214,[164],"[164, 165]","[[0.0, -16.459199999999953, 8.420702664162263], [0.0, -16.459199905395508, 10.439399719238281]]","[0, 0]",0,-1133.3567484450416,0.0,13.947402282768303,1.7060644155743843,8.502448171868461e-05,23.21821749227587,-2.9345516031557244,0.048358042653905746,0.009726175465293972
1202,1215,[165],"[165, 166]","[[0.0, -16.459199905395508, 10.439399719238281], [0.0, -16.459199905395508, 13.792200088500977]]","[0, 0]",0,-953.9792819413403,0.0,13.395908045474648,1.9484730817195117,7.94543334135234e-05,-22.595456399254896,-3.331038759640918,0.059255829108080735,0.029566437544905386
1203,1216,[166],"[166, 167]","[[0.0, -16.459199905395508, 13.792200088500977], [0.0, -16.459199999999953, 15.164481538219434]]","[0, 0]",0,-779.7353142995669,0.0,13.09617857898975,2.2339795092036665,7.385470848459852e-05,-21.97636472546666,3.6499673216969137,0.06884526780170001,0.009426925335044573
1204,1217,[167],"[167, 168]","[[0.0, -16.459199999999953, 15.164481538219434], [-1.364242106869501e-13, -16.459199905395508, 17.145000457763672]]","[0, 0]",0,-779.7353142995673,0.0,13.096178578989749,2.233979509203668,7.385470848459855e-05,21.932507650100447,-3.8401200016864525,0.0745808789199553,0.009832522705949101
1205,1218,[168],"[168, 169]","[[-1.364242106869501e-13, -16.459199905395508, 17.145000457763672], [0.0, -16.459199905395508, 20.497800827026367]]","[0, 0]",0,-603.3630225715435,0.0,12.751626131061023,2.4021961661652855,6.612730290163676e-05,-21.54338233975574,4.028262889166634,0.08212403496980744,0.02966394149326696
1206,1219,[169],"[158, 169]","[[0.0, -16.459199999999896, 21.908260412276604], [0.0, -16.459199905395508, 20.497800827026367]]","[0, 0]",0,-439.85595477352774,0.0,12.362976376605644,2.471984321220409,6.293884779772521e-05,-20.774633132784928,4.104344629002992,0.08898743950267744,0.009347353246515804
1207,1220,[170],"[170, 171]","[[0.0, -23.0123999999999, 21.908260412276604], [0.0, -23.012399673461914, 23.85059928894043]]","[0, 0]",0,-578.8001755300894,0.0,24.89891532565343,-1.2261380410308405,6.691539731935011e-05,41.67621365383789,2.0685711755990406,0.10974975801901107,0.014818575926773884
1208,1221,[171],"[171, 172]","[[0.0, -23.012399673461914, 23.85059928894043], [0.0, -23.012399673461914, 27.203399658203125]]","[0, 0]",0,-375.80405662459407,0.0,24.713726268204432,-1.2630822200168343,6.271092204653742e-05,-41.47104640298134,2.1247811672852053,0.11517487551321443,0.049405833705945826
1209,1222,[172],"[172, 593]","[[0.0, -23.012399673461914, 27.203399658203125], [0.0, -23.012399673461914, 30.55620002746582]]","[0, 0]",0,-174.29846824774665,0.0,24.381202940072917,-1.2521911892274151,7.268971516172069e-05,-41.02039603075362,-2.1165073386040545,0.1209689500252555,0.04875946498800834
1210,1223,[173],"[173, 174]","[[0.0, -23.012400000000014, 0.0], [0.0, -23.012399673461914, 3.733799934387207]]","[1, 0]",1,-1481.7810931102874,0.0,-2.0171683032236056,-0.12550208762416462,0.0,-7.53170287822428,0.46859968653656514,0.010970710971886928,0.0038104551249984516
1211,1224,[174],"[174, 175]","[[0.0, -23.012399673461914, 3.733799934387207], [0.0, -23.012399673461914, 7.086599826812744]]","[0, 0]",0,-1571.6723715621442,0.0,9.09531041688399,-0.9265380188762,9.369660448967981e-05,26.064133658672887,1.6862378534012434,0.03247432415102974,0.01908505507031886
1212,1225,[175],"[175, 176]","[[0.0, -23.012399673461914, 7.086599826812744], [0.0, -23.012399999999957, 8.420702664162263]]","[0, 0]",0,-1352.8530340412856,0.0,27.42472744063051,-1.2321870815465872,8.947086463450085e-05,-46.315979118429865,-2.0374219361479993,0.047656643734967655,0.017564955171272816
1213,1226,[176],"[176, 177]","[[0.0, -23.012399999999957, 8.420702664162263], [0.0, -23.012399673461914, 10.439399719238281]]","[0, 0]",0,-1352.8530340412865,0.0,27.4247274406305,-1.232187081546588,8.947086463450104e-05,45.633644094317596,2.0938547783096197,0.05686723224286067,0.01641645190840863
1214,1227,[177],"[177, 178]","[[0.0, -23.012399673461914, 10.439399719238281], [0.0, -23.012399673461914, 13.792200088500977]]","[0, 0]",0,-1143.330770953051,0.0,26.373332816974482,-1.3121402543306564,8.313066309781414e-05,-44.46601895279143,2.2126958303386157,0.0694250538305367,0.05258478185855634
1215,1228,[178],"[178, 179]","[[0.0, -23.012399673461914, 13.792200088500977], [0.0, -23.012399999999957, 15.164481538219434]]","[0, 0]",0,-943.5653434616603,0.0,25.601772785306267,-1.5670591872462998,7.822966740570968e-05,-43.10021369896682,-2.4968468574242455,0.08097074928090699,0.01590274145111547
1216,1229,[179],"[179, 180]","[[0.0, -23.012399999999957, 15.164481538219434], [-1.364242106869501e-13, -23.012399673461914, 17.145000457763672]]","[0, 0]",0,-943.5653434616621,0.0,25.60177278530627,-1.5670591872463022,7.822966740571003e-05,42.737419549389344,2.7571897642317533,0.0877452563205949,0.015361524407565655
1217,1230,[180],"[180, 181]","[[-1.364242106869501e-13, -23.012399673461914, 17.145000457763672], [0.0, -23.012399673461914, 20.497800827026367]]","[0, 0]",0,-783.9977482726287,0.0,25.146246230417027,-1.501617276759478,6.674871495484768e-05,-42.22934686306084,-2.684074387313564,0.09670850241767903,0.05039019669306444
1218,1231,[181],"[170, 181]","[[0.0, -23.0123999999999, 21.908260412276604], [0.0, -23.012399673461914, 20.497800827026367]]","[0, 0]",0,-578.8001755300918,0.0,24.898915325653427,-1.2261380410308402,6.691539731935021e-05,-41.80483135334304,-2.0424225624635635,0.10512235154763637,0.015030883351834322
1219,1232,[182],"[182, 183]","[[0.0, -27.203399999999874, 21.908260412276604], [0.0, -27.203399658203125, 23.85059928894043]]","[0, 0]",0,-436.9249251944499,0.0,27.00641665927757,-0.23585104130458515,6.743738117329699e-05,45.262910479659425,0.41121215424054125,0.09353409651558335,0.016184784170539823
1220,1233,[183],"[183, 184]","[[0.0, -27.203399658203125, 23.85059928894043], [0.0, -27.203399658203125, 27.203399658203125]]","[0, 0]",0,-278.67635764366685,0.0,26.980781498305436,-0.29344406350254976,6.357050961641446e-05,-45.23563456332776,0.5079901874740664,0.09786425558885659,0.05358487053966868
1221,1234,[184],"[184, 602]","[[0.0, -27.203399658203125, 27.203399658203125], [0.0, -27.203399658203125, 30.55620002746582]]","[0, 0]",0,-119.62052997298652,0.0,27.099647557485923,-0.470962757918196,7.018353674246116e-05,45.503052440912576,0.8685255700737943,0.1033541704482443,0.053829599450547085
1222,1235,[185],"[185, 186]","[[0.0, -27.203399999999988, 0.0], [0.0, -27.203399658203125, 3.733799934387207]]","[1, 0]",1,-1150.025079647111,0.0,-2.241952412592976,-0.005276412444454255,0.0,-8.37100177103893,0.019701068438903208,0.008739072161684569,0.004263124062946788
1223,1236,[186],"[186, 187]","[[0.0, -27.203399658203125, 3.733799934387207], [0.0, -27.203399658203125, 7.086599826812744]]","[0, 0]",0,-1282.0631981837741,0.0,7.466548206108022,0.3424931077831867,9.892811628037498e-05,23.026980376319067,-0.8205458345784965,0.026282524690248922,0.016022894926321498
1224,1237,[187],"[187, 188]","[[0.0, -27.203399658203125, 7.086599826812744], [0.0, -27.20339999999993, 8.420702664162263]]","[0, 0]",0,-1136.325186220939,0.0,25.664628479835986,0.8362182483511816,9.006364433837566e-05,-43.137492781558024,1.362266117036649,0.03954697193700783,0.016422479339964862
1225,1238,[188],"[188, 189]","[[0.0, -27.20339999999993, 8.420702664162263], [0.0, -27.203399658203125, 10.439399719238281]]","[0, 0]",0,-1136.325186220941,0.0,25.664628479835986,0.8362182483511813,9.00636443383755e-05,42.91087082477934,-1.4414063360795235,0.04751832790014626,0.016108522011431505
1226,1239,[189],"[189, 190]","[[0.0, -27.203399658203125, 10.439399719238281], [0.0, -27.203399658203125, 13.792200088500977]]","[0, 0]",0,-972.6219457234988,0.0,25.54084591253446,0.9543433430673801,8.377056708204446e-05,42.8602938109221,-1.6303061457902674,0.0580910392609828,0.051224981776267095
1227,1240,[190],"[190, 191]","[[0.0, -27.203399658203125, 13.792200088500977], [0.0, -27.20339999999993, 15.164481538219434]]","[0, 0]",0,-797.5447376458925,0.0,26.977149361141088,1.4183640498774264,7.885201282767669e-05,-44.447344202750756,2.1487208916078546,0.0682598668585566,0.015045465022893764
1228,1241,[191],"[191, 192]","[[0.0, -27.20339999999993, 15.164481538219434], [-1.364242106869501e-13, -27.203399658203125, 17.145000457763672]]","[0, 0]",0,-797.5447376458952,0.0,26.97714936114108,1.4183640498774295,7.885201282767653e-05,46.001652136939896,-2.606770618570221,0.07427585224453538,0.018092079770950363
1229,1242,[192],"[192, 193]","[[-1.364242106869501e-13, -27.203399658203125, 17.145000457763672], [0.0, -27.203399658203125, 20.497800827026367]]","[0, 0]",0,-593.8300877766559,0.0,27.680992031922585,0.809119627543441,6.754038702598812e-05,-46.778151293743804,1.926583829966933,0.08195991288677029,0.055259317626114496
1230,1243,[193],"[182, 193]","[[0.0, -27.203399999999874, 21.908260412276604], [0.0, -27.203399658203125, 20.497800827026367]]","[0, 0]",0,-436.9249251944519,0.0,27.00641665927756,-0.2358510413045894,6.743738117329777e-05,-45.284161757378655,-0.3795488542863231,0.08953253777664817,0.016229191828374286
1231,1244,[194],"[194, 195]","[[9.753600000000006, 5.684341886080802e-14, 21.908260412276604], [9.753600120544434, -6.2618384463102375e-15, 23.85059928894043]]","[0, 0]",0,-181.1034605088607,0.0,-0.739605681712754,-0.011426785755281785,6.440338292921718e-05,-1.2316766561568164,0.038948574177935735,0.04499836151132537,0.0013331133823168068
1232,1245,[195],"[195, 196]","[[9.753600120544434, -6.2618384463102375e-15, 23.85059928894043], [9.753600120544434, 2.5534225358707406e-15, 27.203399658203125]]","[0, 0]",0,-113.65172921146642,0.0,-0.7506384628015111,-0.07223030363334876,5.919658477665779e-05,-1.2599265066750287,0.1335050227468626,0.04812500540714742,0.001384021361123299
1233,1246,[196],"[196, 549]","[[9.753600120544434, 2.5534225358707406e-15, 27.203399658203125], [9.753600120544434, 1.1368683772161603e-13, 30.55620002746582]]","[0, 0]",0,-47.19578296564875,0.0,-0.6559911692415755,-0.23726455220211531,4.00976029725922e-05,1.172141963776696,0.47259598148341553,0.05175509821895774,0.0010428316435571994
1234,1247,[197],"[197, 198]","[[9.753600000000006, -5.684341886080802e-14, 0.0], [9.753600120544434, -1.2655455737455457e-14, 3.733799934387207]]","[1, 0]",1,-709.6304269250949,0.0,0.09450806267827332,-0.08858072301588409,0.0,0.3528741982271991,0.3307426977846795,0.005188435950698599,0.00028553685794539693
1235,1248,[198],"[198, 199]","[[9.753600120544434, -1.2655455737455457e-14, 3.733799934387207], [9.753600120544434, -3.770836182366566e-14, 7.086599826812744]]","[0, 0]",0,-562.7882507150746,0.0,-0.05302179635574766,0.1003174313798155,9.716439644595584e-05,-0.3164264302281478,-0.5145320760604288,0.01426121557868638,0.0015042069263270983
1236,1249,[199],"[199, 200]","[[9.753600120544434, -3.770836182366566e-14, 7.086599826812744], [9.753600000000006, 0.0, 8.420702664162263]]","[0, 0]",0,-479.6153941847023,0.0,-0.47719956703317423,0.5924659344079167,8.807502658071271e-05,0.8195150920557299,1.0520386098777883,0.019716211012914403,0.0023477142188652617
1237,1250,[200],"[200, 201]","[[9.753600000000006, 0.0, 8.420702664162263], [9.753600120544434, -3.4106052671737525e-14, 10.439399719238281]]","[0, 0]",0,-479.6153941847017,0.0,-0.4771995670331743,0.592465934407917,8.807502658071242e-05,-0.7804395649586139,-0.9343811112708753,0.023239214961740626,0.0017832323993194213
1238,1251,[201],"[201, 202]","[[9.753600120544434, -3.4106052671737525e-14, 10.439399719238281], [9.753600120544434, -3.4106052671737525e-14, 13.792200088500977]]","[0, 0]",0,-399.9076188284557,0.0,-0.4867120151855072,0.3930769539088975,8.131403322396773e-05,0.8227091660708556,0.7044256658337918,0.0283287332009302,0.0033722663979620527
1239,1252,[202],"[202, 203]","[[9.753600120544434, -3.4106052671737525e-14, 13.792200088500977], [9.753600000000006, 0.0, 15.164481538219434]]","[0, 0]",0,-323.5931255391812,0.0,-0.49983576357387094,0.24773627941455237,7.566125795966787e-05,0.8472468007302738,0.4484720096757129,0.03269522422078062,0.0018111544663267506
1240,1253,[203],"[203, 204]","[[9.753600000000006, 0.0, 15.164481538219434], [9.753600120544434, -2.7428522642166872e-14, 17.145000457763672]]","[0, 0]",0,-323.59312553918,0.0,-0.49983576357386855,0.24773627941455423,7.566125795966763e-05,-0.828602731950902,-0.38213827942516987,0.035476693645737245,0.0015250134240550061
1241,1254,[204],"[204, 205]","[[9.753600120544434, -2.7428522642166872e-14, 17.145000457763672], [9.753600120544434, -1.6124200499095798e-14, 20.497800827026367]]","[0, 0]",0,-249.92851974765045,0.0,-0.6222153614383265,0.10593780980211341,6.944319929476556e-05,-1.1031148836326985,0.22232828743978922,0.03946955633985845,0.0019709371934838434
1242,1255,[205],"[194, 205]","[[9.753600000000006, 5.684341886080802e-14, 21.908260412276604], [9.753600120544434, -1.6124200499095798e-14, 20.497800827026367]]","[0, 0]",0,-181.10346050886236,0.0,-0.7396056817127513,-0.011426785755282021,6.44033829292174e-05,1.2480721359126088,0.016753883970143726,0.04284502876259477,0.0014705948045829358
1243,1256,[206],"[206, 207]","[[36.42359999999985, -6.197599999999909, 21.908260412276604], [36.42359924316406, -6.1975998878479, 23.85059928894043]]","[0, 0]",0,-1.7556414840477157,0.0,-0.19428673289329149,-0.14256226740571243,7.530676616800475e-05,-0.3267476991985069,0.2384450922225435,0.012173713773207613,0.0009642258235301792
1244,1257,[207],"[207, 208]","[[36.42359924316406, -6.1975998878479, 23.85059928894043], [36.42359924316406, -6.1975998878479, 27.203399658203125]]","[0, 0]",0,-2.3294735741753225,0.0,-0.19619544809239192,-0.14548459612275164,7.093162590261141e-05,-0.32976163503707234,-0.24406310923577465,0.014008458087697644,0.001030974201065754
1245,1258,[208],"[208, 555]","[[36.42359924316406, -6.1975998878479, 27.203399658203125], [36.42359924316406, -6.1975998878479, 30.55620002746582]]","[0, 0]",0,-3.298952705112481,0.0,-0.22821291376657138,-0.19016577052630743,0.0001515706822836946,-0.40349025557716234,0.34302342771469474,0.016306292682916477,0.001263157814260222
1246,1259,[209],"[209, 210]","[[36.42359924316406, -6.1975998878479, 5.551115123125783e-17], [36.42359924316406, -6.1975998878479, 3.733799934387207]]","[1, 0]",1,0.0,14.154279069025584,-0.09430930125091543,-0.009073004068790868,9.261145308761823e-05,-0.2093155301402291,-0.017084168332868136,0.0005983190553963859,0.00023036056940396282
1247,1260,[210],"[210, 211]","[[36.42359924316406, -6.1975998878479, 3.733799934387207], [36.42359924316406, -6.1975998878479, 7.086599826812744]]","[0, 0]",0,0.0,12.926688026470218,-0.18511489419884603,-0.06423686735669543,9.778124725804313e-05,0.356198193156389,0.12821262683091522,0.0019140218503899947,0.0004686797892083337
1248,1261,[211],"[211, 212]","[[36.42359924316406, -6.1975998878479, 7.086599826812744], [36.42359999999985, -6.197599999999966, 8.420702664162263]]","[0, 0]",0,0.0,12.286679411163547,-0.14078511366938068,-0.11120105374785771,0.00010038711865482906,0.24442801940230457,-0.18793934780203708,0.002975837468963388,0.0005542167475335741
1249,1262,[212],"[212, 213]","[[36.42359999999985, -6.197599999999966, 8.420702664162263], [36.42359924316406, -6.1975998878479, 10.439399719238281]]","[0, 0]",0,0.0,12.286679411163554,-0.14078511366937996,-0.11120105374785784,0.00010038711865482914,-0.22759629456356203,0.18489553324142755,0.0038494572868611452,0.0006090939923069999
1250,1263,[213],"[213, 214]","[[36.42359924316406, -6.1975998878479, 10.439399719238281], [36.42359924316406, -6.1975998878479, 13.792200088500977]]","[0, 0]",0,0.0,7.991401107866471,-0.14719992442010077,-0.12237590668613475,8.74547680871325e-05,0.2509244772159791,-0.2076579549601894,0.0053651707346446436,0.0007874512966677274
1251,1264,[214],"[214, 215]","[[36.42359924316406, -6.1975998878479, 13.792200088500977], [36.42359999999985, -6.197599999999966, 15.164481538219434]]","[0, 0]",0,0.0,3.9027851780413014,-0.14062814125697304,-0.131006645171098,8.464131627660189e-05,0.2436653422646764,-0.2215137972590649,0.006733428978513895,0.0007503753838378596
1252,1265,[215],"[215, 216]","[[36.42359999999985, -6.197599999999966, 15.164481538219434], [36.42359924316406, -6.1975998878479, 17.145000457763672]]","[0, 0]",0,0.0,3.9027851780412983,-0.14062814125697123,-0.13100664517109806,8.464131627660181e-05,-0.22783274167047773,0.2177253310465067,0.007768965754114456,0.0008093593538303845
1253,1266,[216],"[216, 217]","[[36.42359924316406, -6.1975998878479, 17.145000457763672], [36.42359924316406, -6.1975998878479, 20.497800827026367]]","[0, 0]",0,-0.21121499700929725,0.0,-0.16166831233725612,-0.13793009161682765,8.145504984353965e-05,-0.2875675514516507,-0.23177119426227505,0.009505530244635855,0.0008987232762513693
1254,1267,[217],"[206, 217]","[[36.42359999999985, -6.197599999999909, 21.908260412276604], [36.42359924316406, -6.1975998878479, 20.497800827026367]]","[0, 0]",0,-1.7556414840477186,0.0,-0.1942867328932881,-0.14256226740571243,7.530676616800525e-05,0.32465656001649196,-0.23953745866236165,0.011046640898686575,0.0009248434826396455
1255,1268,[218],"[218, 219]","[[36.42359999999985, 5.684341886080802e-14, 21.908260412276604], [36.42359924316406, -6.2618384463102375e-15, 23.85059928894043]]","[0, 0]",0,-160.42229087230112,0.0,-0.40972523473189476,-0.3850533371337593,7.61729439855455e-05,-0.6889332057333877,0.668163359576063,0.03410088177670065,0.0009134166003136293
1256,1269,[219],"[219, 220]","[[36.42359924316406, -6.2618384463102375e-15, 23.85059928894043], [36.42359924316406, 2.5534225358707406e-15, 27.203399658203125]]","[0, 0]",0,-99.8132005403932,0.0,-0.4184857226709603,-0.4542924486858793,7.362992022488049e-05,-0.7044488978504805,0.775240185558481,0.03564387497038921,0.0023921738184150445
1257,1270,[220],"[220, 551]","[[36.42359924316406, 2.5534225358707406e-15, 27.203399658203125], [36.42359924316406, 1.1368683772161603e-13, 30.55620002746582]]","[0, 0]",0,-40.03878781949335,0.0,-0.5961925637179905,-0.5437062011065111,8.658880088611808e-05,-1.1000859155003502,0.9465237429408093,0.036989239827463015,0.002941309997498866
1258,1271,[221],"[221, 222]","[[36.42359999999985, -5.684341886080802e-14, 0.0], [36.42359924316406, -1.2655455737455457e-14, 3.733799934387207]]","[1, 0]",1,-619.1787400160681,0.0,-0.6351458377419621,-0.08299422634834179,0.0,-2.3715074872872943,0.30988383689396193,0.004467640845188258,0.0016569865489393868
1259,1272,[222],"[222, 223]","[[36.42359924316406, -1.2655455737455457e-14, 3.733799934387207], [36.42359924316406, -3.770836182366566e-14, 7.086599826812744]]","[0, 0]",0,-495.19855902328584,0.0,-1.574654216973438,-0.015961176603565847,0.00010604137813220262,3.549854703924998,-0.2582502847017355,0.012143012588387006,0.0028858486748402057
1260,1273,[223],"[223, 224]","[[36.42359924316406, -3.770836182366566e-14, 7.086599826812744], [36.42359999999985, 0.0, 8.420702664162263]]","[0, 0]",0,-421.8093174677545,0.0,-0.15584640123224885,0.2733010210220101,9.67707417515031e-05,0.1981255765091784,0.520205341562841,0.016436822447901973,0.0009379682150458345
1261,1274,[224],"[224, 225]","[[36.42359999999985, 0.0, 8.420702664162263], [36.42359924316406, -3.4106052671737525e-14, 10.439399719238281]]","[0, 0]",0,-421.8093174677538,0.0,-0.15584640123224847,0.27330102102201026,9.677074175150307e-05,-0.3243962207772675,-0.39611829231964163,0.019191342733980446,0.0004427507188575451
1262,1275,[225],"[225, 226]","[[36.42359924316406, -3.4106052671737525e-14, 10.439399719238281], [36.42359924316406, -3.4106052671737525e-14, 13.792200088500977]]","[0, 0]",0,-351.2086142393894,0.0,-0.3417794504793031,0.0530901308614442,8.586349729333462e-05,-0.5927690932377431,0.14021463355252298,0.023170895232362158,0.0006821320676055407
1263,1276,[226],"[226, 227]","[[36.42359924316406, -3.4106052671737525e-14, 13.792200088500977], [36.42359999999985, 0.0, 15.164481538219434]]","[0, 0]",0,-283.7929142529356,0.0,-0.20932846203994362,-0.14307403188724896,8.088867752809457e-05,0.4577716750605479,-0.19037482960271876,0.026251492939774634,0.0006192172280090401
1264,1277,[227],"[227, 228]","[[36.42359999999985, 0.0, 15.164481538219434], [36.42359924316406, -2.7428522642166872e-14, 17.145000457763672]]","[0, 0]",0,-283.7929142529365,0.0,-0.20932846203994346,-0.14307403188724901,8.088867752809458e-05,-0.24406486976424124,0.2893238373408028,0.02816331505385653,0.0007815685651562371
1265,1278,[228],"[228, 229]","[[36.42359924316406, -2.7428522642166872e-14, 17.145000457763672], [36.42359924316406, -1.6124200499095798e-14, 20.497800827026367]]","[0, 0]",0,-222.4396755723728,0.0,-0.2158262368197476,-0.290379249106211,7.8794345528417e-05,-0.46744016610827416,0.5135076791731088,0.030867970080023573,0.0015071185823108645
1266,1279,[229],"[218, 229]","[[36.42359999999985, 5.684341886080802e-14, 21.908260412276604], [36.42359924316406, -1.6124200499095798e-14, 20.497800827026367]]","[0, 0]",0,-160.4222908723012,0.0,-0.4097252347318961,-0.38505333713375955,7.617294398554548e-05,0.6847929310832331,-0.6228428769210173,0.03291194232808831,0.0008026811708977282
1267,1280,[230],"[230, 231]","[[43.738799999999856, -38.480999999999824, 8.420702664162263], [43.738800048828125, -38.48099899291992, 10.439399719238281]]","[0, 0]",0,-168.92569800398448,0.0,-10.653459291304568,-0.6579208411647105,9.863470957018225e-05,-17.918724643964797,1.1749383911226325,0.016516335509228288,0.004770792758512194
1268,1281,[231],"[231, 232]","[[43.738800048828125, -38.48099899291992, 10.439399719238281], [43.738800048828125, -38.48099899291992, 13.792200088500977]]","[0, 0]",0,-121.77443094885396,0.0,-10.803860328068474,-0.9039165254122928,8.751617808505131e-05,-18.140967007699032,1.5730035382884144,0.02256908006552619,0.01994236684135515
1269,1282,[232],"[232, 1396]","[[43.738800048828125, -38.48099899291992, 13.792200088500977], [43.738800048828125, -38.48099899291992, 17.145000457763672]]","[0, 0]",0,-70.52581392860363,0.0,-14.405529391680494,-1.4217541824786308,8.407366787698807e-05,-26.185585745630714,2.605367322845308,0.028125275205585165,0.027451397916693043
1270,1283,[233],"[233, 234]","[[43.738799999999856, -38.48099999999988, 0.0], [43.738800048828125, -38.48099899291992, 3.733799934387207]]","[1, 0]",1,-253.17398046551745,0.0,-1.1662007404014427,-0.00806397473107797,0.0,-4.354360247993377,0.030109268321800116,0.0036874209536470488,0.0012952880152224035
1271,1284,[234],"[234, 235]","[[43.738800048828125, -38.48099899291992, 3.733799934387207], [43.738800048828125, -38.48099899291992, 7.086599826812744]]","[0, 0]",0,-211.46121772211956,0.0,-8.13079762492681,-0.3022596967793061,9.296557287591244e-05,-15.009381989007686,0.6284540462873414,0.01051311769956309,0.014208747975921206
1272,1285,[235],"[230, 235]","[[43.738799999999856, -38.480999999999824, 8.420702664162263], [43.738800048828125, -38.48099899291992, 7.086599826812744]]","[0, 0]",0,-168.9256980039844,0.0,-10.653459291304573,-0.6579208411647103,9.863470957018248e-05,17.800192521887745,-1.0309385343593434,0.013520297872040175,0.004389837252133349
1273,1286,[236],"[236, 237]","[[7.315200000000004, -6.197599999999909, 21.908260412276604], [7.315199851989746, -6.1975998878479, 23.85059928894043]]","[0, 0]",0,-13.042611813216606,0.0,0.23806204178900203,-0.13582808715973138,6.459224486349834e-05,0.4057312709256722,0.22795886256983786,0.027816773309504196,0.0015750121720609427
1274,1287,[237],"[237, 238]","[[7.315199851989746, -6.1975998878479, 23.85059928894043], [7.315199851989746, -6.1975998878479, 27.203399658203125]]","[0, 0]",0,-7.998938266741748,0.0,0.24124030277991393,-0.13785339156522328,6.058332963027066e-05,0.4093666934584911,-0.23169657024282736,0.03176169791814239,0.0015964315746212398
1275,1288,[238],"[238, 573]","[[7.315199851989746, -6.1975998878479, 27.203399658203125], [7.315199851989746, -6.1975998878479, 30.55620002746582]]","[0, 0]",0,-3.0680347954382703,0.0,0.26234013539646134,-0.17998601775076115,-1.665591760051692e-05,0.4567121359850508,0.3218256150780585,0.03684000217215638,0.0016255524318925627
1276,1289,[239],"[239, 240]","[[7.315199851989746, -6.1975998878479, 5.551115123125783e-17], [7.315199851989746, -6.1975998878479, 3.733799934387207]]","[1, 0]",1,-23.567087273317867,0.0,0.11133944664287486,0.0024542950443222065,0.0001547173587071619,0.31876493977691633,-0.030356794467578607,0.001184631336451605,0.0007840699547401909
1277,1290,[240],"[240, 241]","[[7.315199851989746, -6.1975998878479, 3.733799934387207], [7.315199851989746, -6.1975998878479, 7.086599826812744]]","[0, 0]",0,-27.43437603335379,0.0,0.24965940914118465,-0.06343195573237728,8.943311308226711e-05,-0.42190849545723147,0.12798302450682802,0.004231986472097344,0.0011526649643369274
1278,1291,[241],"[241, 245]","[[7.315199851989746, -6.1975998878479, 7.086599826812744], [7.315200000000004, -6.197599999999966, 8.420702664162263]]","[0, 0]",0,-26.377344004500184,0.0,0.21188432661604473,-0.11850441846652125,8.383774743046328e-05,-0.3389766885829226,-0.20080822438481002,0.0068827780150644705,0.001168635719613141
1279,1292,[242],"[242, 243]","[[7.315200000000004, -6.197599999999966, 15.164481538219434], [7.315199851989746, -6.1975998878479, 17.145000457763672]]","[0, 0]",0,-21.553356456964575,0.0,0.22938302445716102,-0.13023152181528147,7.596059625919036e-05,0.395805185971564,0.219011842839823,0.01814112946597584,0.0014358869742236045
1280,1293,[243],"[243, 244]","[[7.315199851989746, -6.1975998878479, 17.145000457763672], [7.315199851989746, -6.1975998878479, 20.497800827026367]]","[0, 0]",0,-17.430627044870466,0.0,0.2352600197883312,-0.13352637042915863,6.991671287282715e-05,0.40099735800050534,0.2241064218359387,0.021971075891282804,0.001445948746470823
1281,1294,[244],"[236, 244]","[[7.315200000000004, -6.197599999999909, 21.908260412276604], [7.315199851989746, -6.1975998878479, 20.497800827026367]]","[0, 0]",0,-13.042611813216661,0.0,0.23806204178899862,-0.1358280871597328,6.459224486349856e-05,-0.3924427766246164,-0.22744533914404363,0.025370407448794114,0.0015435682306969634
1282,1295,[245],"[245, 246]","[[7.315200000000004, -6.197599999999966, 8.420702664162263], [7.315199851989746, -6.1975998878479, 10.439399719238281]]","[0, 0]",0,-26.37734400450022,0.0,0.2118843266160425,-0.1185044184665209,8.383774743046335e-05,0.3714290589020099,0.1965133771016952,0.008995610487915594,0.0012310338895699783
1283,1296,[246],"[246, 247]","[[7.315199851989746, -6.1975998878479, 10.439399719238281], [7.315199851989746, -6.1975998878479, 13.792200088500977]]","[0, 0]",0,-24.362114277129326,0.0,0.21946340474440137,-0.1258183459478419,8.008448813136896e-05,0.38097867909876404,-0.21134445378051137,0.012592006965430252,0.001250042472965344
1284,1297,[247],"[242, 247]","[[7.315200000000004, -6.197599999999966, 15.164481538219434], [7.315199851989746, -6.1975998878479, 13.792200088500977]]","[0, 0]",0,-21.5533564569646,0.0,0.22938302445716352,-0.1302315218152833,7.596059625919052e-05,-0.37327030313100656,-0.21762845159210156,0.01578890694951659,0.0013995176005028866
1285,1298,[248],"[248, 249]","[[7.315200000000004, -9.143999999999892, 21.908260412276604], [7.315199851989746, -9.144000053405762, 23.85059928894043]]","[0, 0]",0,-15.404042575762514,0.0,0.7031843061579334,0.41733729646192874,6.25710444010584e-05,1.187970627580491,-0.7024127964898028,0.02962466695606655,0.0023723886737227733
1286,1299,[249],"[249, 250]","[[7.315199851989746, -9.144000053405762, 23.85059928894043], [7.315199851989746, -9.144000053405762, 27.203399658203125]]","[0, 0]",0,-11.25328733294411,0.0,0.7151213199298213,0.42387276098531007,5.090694684363583e-05,1.202850980423501,-0.7128963934687629,0.03343631965904345,0.004328463299191051
1287,1300,[250],"[250, 587]","[[7.315199851989746, -9.144000053405762, 27.203399658203125], [7.315199851989746, -9.144000053405762, 30.55620002746582]]","[0, 0]",0,-12.417860099850982,0.0,0.899329631559266,0.5875435631150216,0.0001995729897363382,1.6178981040009812,-1.0802901730805934,0.03861114932135956,0.005371247054116778
1288,1301,[251],"[251, 252]","[[7.315199851989746, -9.144000053405762, 5.551115123125783e-17], [7.315199851989746, -9.144000053405762, 3.733799934387207]]","[1, 0]",1,-200.24434889678196,0.0,0.743589010633685,0.44368099021279894,0.00014948622438666466,1.8789077759687927,-1.1323351583215648,0.001950353159706273,0.004239052304344385
1289,1302,[252],"[252, 253]","[[7.315199851989746, -9.144000053405762, 3.733799934387207], [7.315199851989746, -9.144000053405762, 7.086599826812744]]","[0, 0]",0,-72.60428465875914,0.0,1.1525216330434702,0.6936268750490571,0.0001176322639235131,-2.297440567904099,1.378227653197779,0.005654917199424631,0.00560791644737716
1290,1303,[253],"[253, 257]","[[7.315199851989746, -9.144000053405762, 7.086599826812744], [7.315200000000004, -9.143999999999949, 8.420702664162263]]","[0, 0]",0,-54.58425071863382,0.0,0.5191120294831302,0.31842002761615723,7.869360841722943e-05,-0.8363157146513531,0.5170208192100945,0.00842468512037766,0.0017876955858480918
1291,1304,[254],"[254, 255]","[[7.315200000000004, -9.143999999999949, 15.164481538219434], [7.315199851989746, -9.144000053405762, 17.145000457763672]]","[0, 0]",0,-27.8976673803647,0.0,0.6234666643647286,0.37605017236539345,7.389305232026403e-05,1.0572618254565969,-0.6327201371908766,0.01981970748300663,0.002210733282147048
1292,1305,[255],"[255, 256]","[[7.315199851989746, -9.144000053405762, 17.145000457763672], [7.315199851989746, -9.144000053405762, 20.497800827026367]]","[0, 0]",0,-20.979668862358373,0.0,0.6632272592939128,0.3961160792704771,6.628949943364027e-05,1.1349789514483908,-0.6739145490212823,0.02350665593951064,0.004073566896116971
1293,1306,[256],"[248, 256]","[[7.315200000000004, -9.143999999999892, 21.908260412276604], [7.315199851989746, -9.144000053405762, 20.497800827026367]]","[0, 0]",0,-15.404042575762398,0.0,0.7031843061579288,0.41733729646193013,6.257104440105825e-05,-1.169664632547936,0.6968350491871322,0.02714248940904092,0.0023214641275304264
1294,1307,[257],"[257, 258]","[[7.315200000000004, -9.143999999999949, 8.420702664162263], [7.315199851989746, -9.144000053405762, 10.439399719238281]]","[0, 0]",0,-54.58425071863414,0.0,0.5191120294831302,0.3184200276161587,7.869360841722952e-05,0.9041630419564944,-0.5505778151275018,0.010538538526844854,0.001995359598831399
1295,1308,[258],"[258, 259]","[[7.315199851989746, -9.144000053405762, 10.439399719238281], [7.315199851989746, -9.144000053405762, 13.792200088500977]]","[0, 0]",0,-38.97247845919079,0.0,0.5847196399597732,0.35614679818686956,7.780405766287602e-05,1.0071733647278118,-0.6080735819467262,0.014024370286550906,0.0037036204582039625
1296,1309,[259],"[254, 259]","[[7.315200000000004, -9.143999999999949, 15.164481538219434], [7.315199851989746, -9.144000053405762, 13.792200088500977]]","[0, 0]",0,-27.897667380364705,0.0,0.6234666643647304,0.37605017236539173,7.389305232026399e-05,-1.033097437048459,0.6281010195771188,0.01744272608672286,0.0021588064092444904
1297,1310,[260],"[260, 261]","[[9.753600000000006, -38.480999999999824, 8.420702664162263], [9.753600120544434, -38.48099899291992, 10.439399719238281]]","[0, 0]",0,-1248.4749764335547,0.0,-2.450067117331347,-11.2606006308472,9.068724154271577e-05,-4.008202275057738,18.9098233853492,0.05467273803860044,0.0167974221587904
1298,1311,[261],"[261, 262]","[[9.753600120544434, -38.48099899291992, 10.439399719238281], [9.753600120544434, -38.48099899291992, 13.792200088500977]]","[0, 0]",0,-978.6811056118609,0.0,-2.1265681985226648,-11.385790009264099,8.545062083500335e-05,3.6454852893540433,19.118010188469494,0.06758821995079722,0.062186916779989485
1299,1312,[262],"[262, 1366]","[[9.753600120544434, -38.48099899291992, 13.792200088500977], [9.753600120544434, -38.48099899291992, 17.145000457763672]]","[0, 0]",0,-708.4840477583587,0.0,-2.5695451222114856,-17.661525384599795,8.128397265540873e-05,-4.648605888232427,33.090636731388145,0.08014479747796908,0.09704012780031031
1300,1313,[263],"[263, 264]","[[9.753600000000006, -38.48099999999988, 0.0], [9.753600120544434, -38.48099899291992, 3.733799934387207]]","[1, 0]",1,-1499.8617032020472,0.0,-0.8229404673053815,0.2130699726796763,0.0,-3.072695062829524,-0.7955606500112887,0.011244835079637066,0.002040228140028273
1301,1314,[264],"[264, 265]","[[9.753600120544434, -38.48099899291992, 3.733799934387207], [9.753600120544434, -38.48099899291992, 7.086599826812744]]","[0, 0]",0,-1519.1976579962018,0.0,-3.3305356099463883,-5.099224239649506,0.0001036062426342612,5.994470334799916,11.955736877649521,0.03280268162260388,0.027811739926177057
1302,1315,[265],"[260, 265]","[[9.753600000000006, -38.480999999999824, 8.420702664162263], [9.753600120544434, -38.48099899291992, 7.086599826812744]]","[0, 0]",0,-1248.4749764335502,0.0,-2.450067117331344,-11.260600630847204,9.06872415427159e-05,4.2063824923677124,-18.844717198409455,0.04608384022285469,0.016468419371333996
1303,1316,[266],"[266, 267]","[[26.21279999999979, -14.935199999999895, 21.908260412276604], [26.212799072265625, -14.935199737548828, 23.85059928894043]]","[0, 0]",0,-348.43310139429906,0.0,1.6161292386249044,-0.2703014981893376,7.754442235189676e-05,2.6494005863050916,0.46572814866071693,0.06847919397833323,0.0018929057037994537
1304,1317,[267],"[267, 268]","[[26.212799072265625, -14.935199737548828, 23.85059928894043], [26.212799072265625, -14.935199737548828, 27.203399658203125]]","[0, 0]",0,-218.83266738999427,0.0,1.45880458341076,-0.3118538739532347,7.736784674449432e-05,-2.474779868884756,0.5309037022638551,0.07193052660458799,0.003985522281149977
1305,1318,[268],"[268, 620]","[[26.212799072265625, -14.935199737548828, 27.203399658203125], [26.212799072265625, -14.935199737548828, 30.55620002746582]]","[0, 0]",0,-90.72589560988733,0.0,1.506166798724748,-0.3428304645917346,5.54512145705178e-05,2.5795819890454545,0.5822475399427062,0.07512953527930077,0.004130514366123124
1306,1319,[269],"[269, 270]","[[26.21279999999979, -14.935200000000009, 0.0], [26.212799072265625, -14.935199737548828, 3.733799934387207]]","[1, 0]",1,-994.0256950890966,0.0,-0.46894031525107344,-0.05752352227765641,0.0,-1.7509293183160333,0.21478132370604178,0.007274260641434376,0.0005174657212681333
1307,1320,[270],"[270, 271]","[[26.212799072265625, -14.935199737548828, 3.733799934387207], [26.212799072265625, -14.935199737548828, 7.086599826812744]]","[0, 0]",0,-1013.8996714228848,0.0,-0.2111588318311672,-0.03195202136085374,9.358685540784526e-05,1.5856931179907516,-0.21018747716013783,0.021269186836911202,0.0005126990596187419
1308,1321,[271],"[271, 272]","[[26.212799072265625, -14.935199737548828, 7.086599826812744], [26.21279999999979, -14.935199999999952, 8.420702664162263]]","[0, 0]",0,-867.5283262203772,0.0,2.054726913876886,0.19049948292516117,9.886711573590448e-05,-3.3749500762645464,0.34733769212313104,0.0303656224946875,0.0021077242936633103
1309,1322,[272],"[272, 273]","[[26.21279999999979, -14.935199999999952, 8.420702664162263], [26.212799072265625, -14.935199737548828, 10.439399719238281]]","[0, 0]",0,-867.5283262203778,0.0,2.0547269138768853,0.19049948292516078,9.886711573590448e-05,3.5141380995469227,-0.29136895373557925,0.036185226963237505,0.0022426683166121186
1310,1323,[273],"[273, 274]","[[26.212799072265625, -14.935199737548828, 10.439399719238281], [26.212799072265625, -14.935199737548828, 13.792200088500977]]","[0, 0]",0,-722.4576970024141,0.0,2.3027716515201195,0.09060619239831857,8.354924308443632e-05,3.9373986696495895,0.1741859628337389,0.04455008672805658,0.005442721387024127
1311,1324,[274],"[274, 275]","[[26.212799072265625, -14.935199737548828, 13.792200088500977], [26.21279999999979, -14.935199999999952, 15.164481538219434]]","[0, 0]",0,-579.0000621358558,0.0,-0.11374829547005504,0.017569848911836466,7.851186246902231e-05,-1.417385805290671,0.0407911518057161,0.051632633684629975,0.0038272918094459335
1312,1325,[275],"[275, 276]","[[26.21279999999979, -14.935199999999952, 15.164481538219434], [26.212799072265625, -14.935199737548828, 17.145000457763672]]","[0, 0]",0,-579.0000621358566,0.0,-0.11374829547005653,0.017569848911836064,7.851186246902222e-05,-1.642666456535052,-0.01811704411378853,0.0557105065802448,0.0014394598465429045
1313,1326,[276],"[276, 277]","[[26.212799072265625, -14.935199737548828, 17.145000457763672], [26.212799072265625, -14.935199737548828, 20.497800827026367]]","[0, 0]",0,-480.0463736682681,0.0,-0.47140215336383096,-0.12800560330782268,7.648392178541246e-05,2.0418742585502208,0.2791662924659376,0.06107900492826892,0.0006978862805074036
1314,1327,[277],"[266, 277]","[[26.21279999999979, -14.935199999999895, 21.908260412276604], [26.212799072265625, -14.935199737548828, 20.497800827026367]]","[0, 0]",0,-348.43310139430133,0.0,1.6161292386249049,-0.27030149818933824,7.754442235189689e-05,-2.7691550392117548,-0.44053829872171546,0.06577106165402236,0.0020717706144240526
1315,1328,[278],"[278, 279]","[[17.52599999999984, -14.935199999999895, 21.908260412276604], [17.525999069213867, -14.935199737548828, 23.85059928894043]]","[0, 0]",0,-462.2471720736866,0.0,-12.454619867623494,2.298910183710834,6.24913532430008e-05,-20.845915416158434,-3.9026780714045484,0.08457091391456943,0.007464088331924376
1316,1329,[279],"[279, 280]","[[17.525999069213867, -14.935199737548828, 23.85059928894043], [17.525999069213867, -14.935199737548828, 27.203399658203125]]","[0, 0]",0,-297.12046918253014,0.0,-12.360125719465245,2.4345843481247993,5.451045728028299e-05,20.745400142450713,-4.111473795811461,0.08943996865418755,0.02716428542185666
1317,1330,[280],"[280, 599]","[[17.525999069213867, -14.935199737548828, 27.203399658203125], [17.525999069213867, -14.935199737548828, 30.55620002746582]]","[0, 0]",0,-130.3231022145883,0.0,-12.046114758453474,2.4060008602458782,0.00012734310353805704,20.35164805180364,4.072525784869917,0.09371936777413467,0.026598549531253252
1318,1331,[281],"[281, 282]","[[17.52599999999984, -14.935200000000009, 0.0], [17.525999069213867, -14.935199737548828, 3.733799934387207]]","[1, 0]",1,-1035.3566295393248,0.0,1.2004547449545675,-0.6578081633028622,0.0,4.482257847946327,2.4561240769796786,0.007557726030421308,0.005612757101435505
1319,1332,[282],"[282, 283]","[[17.525999069213867, -14.935199737548828, 3.733799934387207], [17.525999069213867, -14.935199737548828, 7.086599826812744]]","[0, 0]",0,-1258.412534138539,0.0,-3.311246083819949,-0.9353085547220578,0.00011632382128011926,-10.748259255126108,-2.916432945782378,0.023398135020559492,0.007262327005986469
1320,1333,[283],"[283, 284]","[[17.525999069213867, -14.935199737548828, 7.086599826812744], [17.52599999999984, -14.935199999999952, 8.420702664162263]]","[0, 0]",0,-1115.9644800602146,0.0,-12.532926271966963,1.5703191298114967,8.310850985891766e-05,20.971800393574398,2.5645322377014717,0.034441467015773185,0.006877487083161828
1321,1334,[284],"[284, 285]","[[17.52599999999984, -14.935199999999952, 8.420702664162263], [17.525999069213867, -14.935199737548828, 10.439399719238281]]","[0, 0]",0,-1115.964480060213,0.0,-12.532926271966952,1.570319129811497,8.310850985891765e-05,-21.0485934628609,-2.7004335718051915,0.04186912387814143,0.00729770715383325
1322,1335,[285],"[285, 286]","[[17.525999069213867, -14.935199737548828, 10.439399719238281], [17.525999069213867, -14.935199737548828, 13.792200088500977]]","[0, 0]",0,-962.7496821686448,0.0,-12.635949901460837,1.7833235943357364,7.87756094291459e-05,-21.18730273230458,-3.050724464605869,0.05309454835361933,0.025930023405561102
1323,1336,[286],"[286, 287]","[[17.525999069213867, -14.935199737548828, 13.792200088500977], [17.52599999999984, -14.935199999999952, 15.164481538219434]]","[0, 0]",0,-804.612148751007,0.0,-12.589596078640154,2.2390682315227153,7.353293232709479e-05,21.14812635037779,3.554727138313692,0.061606690600747756,0.006994095694991002
1324,1337,[287],"[287, 288]","[[17.52599999999984, -14.935199999999952, 15.164481538219434], [17.525999069213867, -14.935199737548828, 17.145000457763672]]","[0, 0]",0,-804.6121487510031,0.0,-12.589596078640161,2.2390682315227184,7.353293232709499e-05,-21.06227603096237,-3.952421655141335,0.06716549802356468,0.007977050565219669
1325,1338,[288],"[288, 289]","[[17.525999069213867, -14.935199737548828, 17.145000457763672], [17.525999069213867, -14.935199737548828, 20.497800827026367]]","[0, 0]",0,-624.4954147433225,0.0,-12.51522508351614,2.4021987480469016,6.614847065238122e-05,20.98877851302915,4.131108353531406,0.07526304450474322,0.02732160573182074
1326,1339,[289],"[278, 289]","[[17.52599999999984, -14.935199999999895, 21.908260412276604], [17.525999069213867, -14.935199737548828, 20.497800827026367]]","[0, 0]",0,-462.24717207368064,0.0,-12.454619867623492,2.2989101837108263,6.249135324300106e-05,20.911914919741065,3.8051044566210157,0.08103755243780189,0.007260841928334436
1327,1340,[290],"[290, 291]","[[15.84960000000001, -7.924799999999891, 21.908260412276604], [15.849599838256836, -7.924799919128418, 23.85059928894043]]","[0, 0]",0,-178.95072971762573,0.0,-1.4880560651460932,-0.21393525600881086,6.285368153662296e-05,-2.4588442633081007,0.3544728389553497,0.047663466234878514,0.0010333942839222134
1328,1341,[291],"[291, 292]","[[15.849599838256836, -7.924799919128418, 23.85059928894043], [15.849599838256836, -7.924799919128418, 27.203399658203125]]","[0, 0]",0,-107.82735590199495,0.0,-1.3913279197197448,-0.20577696286758967,5.383881660122402e-05,2.3597297588016826,-0.3482824437092857,0.05072560630373309,0.0020165432183517525
1329,1342,[292],"[292, 576]","[[15.849599838256836, -7.924799919128418, 27.203399658203125], [15.849599838256836, -7.924799919128418, 30.55620002746582]]","[0, 0]",0,-38.80709263794018,0.0,-1.2412569721221434,-0.08400696253759761,0.00011895424941937763,2.147200291635265,-0.21275391950583017,0.054072196623176444,0.001897980648767369
1330,1343,[293],"[293, 294]","[[15.84960000000001, -7.924800000000005, 0.0], [15.849599838256836, -7.924799919128418, 3.733799934387207]]","[1, 0]",1,-799.0883760138673,0.0,-0.28043575674139926,0.273479222559641,0.0,-1.0470910101208646,-1.021116703249453,0.00579951623469939,0.002145547800908243
1331,1344,[294],"[294, 295]","[[15.849599838256836, -7.924799919128418, 3.733799934387207], [15.849599838256836, -7.924799919128418, 7.086599826812744]]","[0, 0]",0,-671.2458413692758,0.0,-1.8048746518094014,0.4407290683680757,0.00010906597144851531,-3.2224169123973674,1.2030296223964592,0.016102843001048715,0.004351247029069658
1332,1345,[295],"[295, 296]","[[15.849599838256836, -7.924799919128418, 7.086599826812744], [15.84960000000001, -7.924799999999948, 8.420702664162263]]","[0, 0]",0,-535.6468603045107,0.0,-2.0596116622357314,-0.3652348400048166,8.22575317234441e-05,3.5338440438931844,-0.6380680601445055,0.022025080066951377,0.0008133154419429559
1333,1346,[296],"[296, 297]","[[15.84960000000001, -7.924799999999948, 8.420702664162263], [15.849599838256836, -7.924799919128418, 10.439399719238281]]","[0, 0]",0,-535.6468603045117,0.0,-2.059611662235733,-0.3652348400048171,8.225753172344425e-05,-3.371621715689203,0.5864912721337106,0.025783057072230144,0.0006928178479744907
1334,1347,[297],"[297, 298]","[[15.849599838256836, -7.924799919128418, 10.439399719238281], [15.849599838256836, -7.924799919128418, 13.792200088500977]]","[0, 0]",0,-426.32309124999733,0.0,-1.8489714872123115,-0.3043937714127779,7.877377509464172e-05,3.1623795866566544,-0.5279669720837546,0.031382946503016415,0.003034265564862514
1335,1348,[298],"[298, 299]","[[15.849599838256836, -7.924799919128418, 13.792200088500977], [15.84960000000001, -7.924799999999948, 15.164481538219434]]","[0, 0]",0,-333.21390230604885,0.0,-1.6678344881001672,-0.3177229419929003,7.407652350796141e-05,2.8541533242787183,-0.5117816594496812,0.03564445671188482,0.0008517523312294692
1336,1349,[299],"[299, 300]","[[15.84960000000001, -7.924799999999948, 15.164481538219434], [15.849599838256836, -7.924799919128418, 17.145000457763672]]","[0, 0]",0,-333.21390230604925,0.0,-1.6678344881001643,-0.3177229419928984,7.407652350796113e-05,-2.7377627632926087,0.5534799377873464,0.03838373539688599,0.0007002009739131736
1337,1350,[300],"[300, 301]","[[15.849599838256836, -7.924799919128418, 17.145000457763672], [15.849599838256836, -7.924799919128418, 20.497800827026367]]","[0, 0]",0,-254.21647775555772,0.0,-1.5608163655573735,-0.2887502849789888,6.699034241936009e-05,2.632784097025393,-0.5241583170957492,0.04246841338060539,0.002405916567058745
1338,1351,[301],"[290, 301]","[[15.84960000000001, -7.924799999999891, 21.908260412276604], [15.849599838256836, -7.924799919128418, 20.497800827026367]]","[0, 0]",0,-178.95072971762596,0.0,-1.4880560651460937,-0.21393525600881352,6.285368153662286e-05,2.530307823155643,-0.3628089583401907,0.04561895533922755,0.0009755567994230323
1339,1352,[302],"[302, 303]","[[27.889199999999846, -7.924799999999891, 21.908260412276604], [27.88920021057129, -7.924799919128418, 23.85059928894043]]","[0, 0]",0,-218.5877957551125,0.0,-1.622582022158635,-0.4662723989484629,7.735004061823325e-05,-2.7808397874360313,0.777623488455842,0.04741889744218979,0.0008661548841972366
1340,1353,[303],"[303, 304]","[[27.88920021057129, -7.924799919128418, 23.85059928894043], [27.88920021057129, -7.924799919128418, 27.203399658203125]]","[0, 0]",0,-132.3554641881202,0.0,-1.7895201470066227,-0.45641961208351556,7.649682635676286e-05,-3.0355362403569344,-0.7690452899158204,0.049890130038085935,0.0035101532857596185
1341,1354,[304],"[304, 1397]","[[27.88920021057129, -7.924799919128418, 27.203399658203125], [27.88920021057129, -7.924799919128418, 30.55620002746582]]","[0, 0]",0,-47.72007720613505,0.0,-1.9756660527184,-0.3241659919345328,6.307450363831573e-05,-3.38620506213052,-0.6152654961346163,0.05214029022799111,0.003514155779055589
1342,1355,[305],"[305, 306]","[[27.889199999999846, -7.924800000000005, 0.0], [27.88920021057129, -7.924799919128418, 3.733799934387207]]","[1, 0]",1,-849.649384419255,0.0,0.47135761975593693,0.033124258289960434,0.0,1.759955049717631,-0.12367935342967942,0.006159539107390624,0.0015438966207564988
1343,1356,[306],"[306, 307]","[[27.88920021057129, -7.924799919128418, 3.733799934387207], [27.88920021057129, -7.924799919128418, 7.086599826812744]]","[0, 0]",0,-688.0645990287078,0.0,1.1170535186288884,-0.21715324982430076,8.751551042079045e-05,-2.499345672871821,0.5625989539371896,0.01686184796030801,0.002839293822596354
1344,1357,[307],"[307, 308]","[[27.88920021057129, -7.924799919128418, 7.086599826812744], [27.889199999999846, -7.924799999999948, 8.420702664162263]]","[0, 0]",0,-561.3502939062505,0.0,-0.2089698281715765,-0.5376586743000787,0.00010059273216629881,0.24439807637216576,-0.9236615149635663,0.022905852849108142,0.0009936372550971343
1345,1358,[308],"[308, 309]","[[27.889199999999846, -7.924799999999948, 8.420702664162263], [27.88920021057129, -7.924799919128418, 10.439399719238281]]","[0, 0]",0,-561.3502939062507,0.0,-0.20896982817157692,-0.5376586743000789,0.00010059273216629888,-0.45623594104168697,0.8790004303914116,0.026682787642744774,0.000653915256745433
1346,1359,[309],"[309, 310]","[[27.88920021057129, -7.924799919128418, 10.439399719238281], [27.88920021057129, -7.924799919128418, 13.792200088500977]]","[0, 0]",0,-449.5974293829249,0.0,-0.5732168625483333,-0.4682842518066385,8.532969636415839e-05,-1.04893113124693,-0.8078833395063312,0.032081587979557236,0.0022937022943180113
1347,1360,[310],"[310, 311]","[[27.88920021057129, -7.924799919128418, 13.792200088500977], [27.889199999999846, -7.924799999999948, 15.164481538219434]]","[0, 0]",0,-344.90036900055867,0.0,-1.9452554375250128,-0.7579599261083277,7.821939948505275e-05,2.5736193055398773,-1.093105192693955,0.036427350583561564,0.0011628199436704372
1348,1361,[311],"[311, 312]","[[27.889199999999846, -7.924799999999948, 15.164481538219434], [27.88920021057129, -7.924799919128418, 17.145000457763672]]","[0, 0]",0,-344.9003690005589,0.0,-1.9452554375250135,-0.7579599261083274,7.821939948505294e-05,-3.948433843704314,1.4481831274483947,0.038950749856099476,0.0020550137420150645
1349,1362,[312],"[312, 313]","[[27.88920021057129, -7.924799919128418, 17.145000457763672], [27.88920021057129, -7.924799919128418, 20.497800827026367]]","[0, 0]",0,-309.57795030657957,0.0,-2.3349041965318285,-0.7767331251227012,7.769540913647534e-05,4.382615467390466,-1.474863807957878,0.04255409514889589,0.005430563424405424
1350,1363,[313],"[302, 313]","[[27.889199999999846, -7.924799999999891, 21.908260412276604], [27.88920021057129, -7.924799919128418, 20.497800827026367]]","[0, 0]",0,-218.58779575511403,0.0,-1.6225820221586382,-0.46627239894846206,7.735004061823383e-05,2.6593507207869047,-0.7856938935715584,0.04559940173761091,0.000777148316916386
1351,1364,[314],"[314, 315]","[[26.21279999999979, -38.480999999999824, 8.420702664162263], [26.212799072265625, -38.48099899291992, 10.439399719238281]]","[0, 0]",0,-813.0832885126706,0.0,-2.5110216991632552,-4.8578043609403565,9.232577859493226e-05,-4.235712080538077,8.07688149155117,0.038333437000469074,0.006957726207710881
1352,1365,[315],"[315, 316]","[[26.212799072265625, -38.48099899291992, 10.439399719238281], [26.212799072265625, -38.48099899291992, 13.792200088500977]]","[0, 0]",0,-633.5067848937905,0.0,-2.5874501461179857,-4.647135877160614,9.132328378146479e-05,-4.3563160048137215,-7.8490462815299225,0.047108178788828815,0.025535397037963613
1353,1366,[316],"[316, 1372]","[[26.212799072265625, -38.48099899291992, 13.792200088500977], [26.212799072265625, -38.48099899291992, 17.145000457763672]]","[0, 0]",0,-455.40540952140833,0.0,-3.79359207349378,-8.018913593480951,9.522896963688981e-05,-7.036939966670319,15.38366752860163,0.056024942296907417,0.04434892348856699
1354,1367,[317],"[317, 318]","[[26.21279999999979, -38.48099999999988, 0.0], [26.212799072265625, -38.48099899291992, 3.733799934387207]]","[1, 0]",1,-1044.4248416514538,0.0,-0.2833368906161562,0.08916995644259518,0.0,-1.057923263592151,-0.3329427775146945,0.008082614529164913,0.0011604220305986446
1355,1368,[318],"[318, 319]","[[26.212799072265625, -38.48099899291992, 3.733799934387207], [26.212799072265625, -38.48099899291992, 7.086599826812744]]","[0, 0]",0,-993.9065170225532,0.0,-1.9371526935533858,-2.281498855041353,9.987043607886214e-05,-3.541056426973725,5.325479603773676,0.023180363050685153,0.012512971035255983
1356,1369,[319],"[314, 319]","[[26.21279999999979, -38.480999999999824, 8.420702664162263], [26.212799072265625, -38.48099899291992, 7.086599826812744]]","[0, 0]",0,-813.0832885126719,0.0,-2.511021699163265,-4.85780436094035,9.232577859493219e-05,4.183241202297616,-8.210364447239623,0.03239933256679806,0.007618929796468732
1357,1370,[320],"[320, 321]","[[33.98519999999985, -38.480999999999824, 8.420702664162263], [33.985198974609375, -38.48099899291992, 10.439399719238281]]","[0, 0]",0,-694.4179479836916,0.0,1.6764201157715093,-3.6341229808675104,9.729583259431468e-05,2.807508912053258,6.064945784363783,0.03752767162636815,0.006077851712205956
1358,1371,[321],"[321, 322]","[[33.985198974609375, -38.48099899291992, 10.439399719238281], [33.985198974609375, -38.48099899291992, 13.792200088500977]]","[0, 0]",0,-506.28670343123014,0.0,1.7248448064636197,-3.5713065736762704,8.804781768492924e-05,2.919475209839727,-6.002048217963881,0.04472042474609313,0.020259123708876836
1359,1372,[322],"[322, 1375]","[[33.985198974609375, -38.48099899291992, 13.792200088500977], [33.985198974609375, -38.48099899291992, 17.145000457763672]]","[0, 0]",0,-314.3682036036754,0.0,-0.20829871087615653,-5.296135908997742,9.25843548427902e-05,-1.4880704717603594,9.851667112726197,0.05204537213399583,0.02915592261211734
1360,1373,[323],"[323, 324]","[[33.98519999999985, -38.48099999999988, 0.0], [33.985198974609375, -38.48099899291992, 3.733799934387207]]","[1, 0]",1,-1131.7814244429014,0.0,1.0001726724298508,-0.8785569365611939,0.0,3.734444658694731,3.2803558320878556,0.008698478415433069,0.007397678645239112
1361,1374,[324],"[324, 325]","[[33.985198974609375, -38.48099899291992, 3.733799934387207], [33.985198974609375, -38.48099899291992, 7.086599826812744]]","[0, 0]",0,-880.8114781645854,0.0,3.2726893004831714,-4.032120361164672,8.868369568823441e-05,-6.390057840234831,-6.961560233331472,0.023713157956435048,0.023713543654186646
1362,1375,[325],"[320, 325]","[[33.98519999999985, -38.480999999999824, 8.420702664162263], [33.985198974609375, -38.48099899291992, 7.086599826812744]]","[0, 0]",0,-694.4179479836902,0.0,1.6764201157715097,-3.6341229808675135,9.729583259431476e-05,-2.813192271767619,-6.119541354954656,0.0322925136114633,0.006322832353718872
1363,1376,[326],"[326, 327]","[[17.52599999999984, -38.480999999999824, 8.420702664162263], [17.525999069213867, -38.48099899291992, 10.439399719238281]]","[0, 0]",0,-1074.109695717156,0.0,-2.296629660121262,-9.921714619573287,9.136445031325496e-05,-3.9243598235512938,16.608170555074597,0.04800948147664535,0.01475054271760632
1364,1377,[327],"[327, 328]","[[17.525999069213867, -38.48099899291992, 10.439399719238281], [17.525999069213867, -38.48099899291992, 13.792200088500977]]","[0, 0]",0,-837.6484711400742,0.0,-2.5476179420526672,-9.858686125523791,8.864092373913213e-05,-4.342073626452659,-16.545646204415238,0.059079317836178945,0.054028805012238494
1365,1378,[328],"[328, 1369]","[[17.525999069213867, -38.48099899291992, 13.792200088500977], [17.525999069213867, -38.48099899291992, 17.145000457763672]]","[0, 0]",0,-599.4917561362453,0.0,-3.659091383584661,-15.532821307687268,8.738646544548289e-05,-6.704996665964408,29.232299649460018,0.0700373544309889,0.08558404260836473
1366,1379,[329],"[329, 330]","[[17.52599999999984, -38.48099999999988, 0.0], [17.525999069213867, -38.48099899291992, 3.733799934387207]]","[1, 0]",1,-1314.5261503773697,0.0,0.40104106015845065,0.15050749074778402,0.0,1.4974070841062992,-0.5619648590788971,0.009921755273916867,0.0028609125281705734
1367,1380,[330],"[330, 331]","[[17.525999069213867, -38.48099899291992, 3.733799934387207], [17.525999069213867, -38.48099899291992, 7.086599826812744]]","[0, 0]",0,-1308.8783815829654,0.0,-0.1219092535662358,-4.630684665581586,0.00011624791568734064,-1.362584994445865,10.739311593664066,0.028802780966884017,0.02512594529121869
1368,1381,[331],"[326, 331]","[[17.52599999999984, -38.480999999999824, 8.420702664162263], [17.525999069213867, -38.48099899291992, 7.086599826812744]]","[0, 0]",0,-1074.1096957171544,0.0,-2.2966296601212632,-9.92171461957328,9.136445031325476e-05,3.775779853847263,-16.657353154119193,0.0405367725674653,0.01499976192719131
1369,1382,[332],"[332, 333]","[[9.753600120544434, -35.12820053100586, 17.145000457763672], [9.753600120544434, -35.12820053100586, 20.497800827026367]]","[0, 0]",0,-764.7761350744423,0.0,5.680983790022485,-4.3084934776917905,6.614748158327685e-05,-11.503996916785528,-9.350488342513358,0.42326801659790103,0.02601265977154852
1370,1383,[333],"[333, 334]","[[9.753600120544434, -35.12820053100586, 20.497800827026367], [9.753600000000006, -35.12819999999988, 22.373669582328944]]","[0, 0]",0,-558.9340395666139,0.0,2.2820849493477353,-0.440608516336787,6.87739223573407e-05,-3.786787084157104,-0.7786994403342571,0.4306127920813977,0.002803070491192663
1371,1384,[334],"[334, 335]","[[9.753600000000006, -35.12819999999988, 22.373669582328944], [9.753600120544434, -35.12820053100586, 23.85059928894043]]","[0, 0]",0,-558.9340395666002,0.0,2.2820849493477318,-0.440608516336786,6.877392235734068e-05,3.86458382397362,0.6985721155460369,0.43450950056943477,0.00301426597355617
1372,1385,[335],"[335, 336]","[[9.753600120544434, -35.12820053100586, 23.85059928894043], [9.753600120544434, -35.12820053100586, 27.203399658203125]]","[0, 0]",0,-357.46491505360984,0.0,2.3482863084963386,-0.31677614976297724,6.486481891553485e-05,-3.9408453358484143,-0.5618057593618875,0.4388868763090978,0.006148625751545589
1373,1386,[336],"[336, 633]","[[9.753600120544434, -35.12820053100586, 27.203399658203125], [9.753600120544434, -35.12820053100586, 30.55620002746582]]","[0, 0]",0,-157.8555516253797,0.0,2.51883117390862,-0.19269614595683915,7.093414737926927e-05,4.3228600444943925,-0.3670383522044021,0.44293062168502556,0.006458937552473013
1374,1387,[337],"[337, 338]","[[17.525999069213867, -35.12820053100586, 17.145000457763672], [17.525999069213867, -35.12820053100586, 20.497800827026367]]","[0, 0]",0,-578.4522423472408,0.0,-8.188659922779621,-2.024980473656658,6.070556869779203e-05,-14.525278347372184,-5.962925882826598,0.3728376397666966,0.01768063456927098
1375,1388,[338],"[338, 339]","[[17.525999069213867, -35.12820053100586, 20.497800827026367], [17.52599999999984, -35.12819999999988, 22.373669582328944]]","[0, 0]",0,-425.263883470379,0.0,-9.639442994104204,2.5936179638077066,7.622342376572743e-05,16.130413455351423,4.327262237541511,0.3785659929639818,0.0058890792373526854
1376,1389,[339],"[339, 340]","[[17.52599999999984, -35.12819999999988, 22.373669582328944], [17.525999069213867, -35.12820053100586, 23.85059928894043]]","[0, 0]",0,-425.2638834703634,0.0,-9.639442994104215,2.59361796380771,7.622342376572716e-05,-16.18869618899614,-4.368616082307458,0.3816024547415061,0.006116626236076007
1377,1390,[340],"[340, 341]","[[17.525999069213867, -35.12820053100586, 23.85059928894043], [17.525999069213867, -35.12820053100586, 27.203399658203125]]","[0, 0]",0,-273.1505942016503,0.0,-9.709361836551192,2.6758745423201735,7.175042564664869e-05,-16.289909571417834,-4.513196648951612,0.3849756250181035,0.023447763029559476
1378,1391,[341],"[341, 636]","[[17.525999069213867, -35.12820053100586, 27.203399658203125], [17.525999069213867, -35.12820053100586, 30.55620002746582]]","[0, 0]",0,-121.74789853335942,0.0,-10.394344046297427,2.689333379894132,6.705609452839067e-05,-17.803715764539845,4.522048020061719,0.38824071129944054,0.02453698094581673
1379,1392,[342],"[342, 343]","[[26.212799072265625, -35.12820053100586, 17.145000457763672], [26.212799072265625, -35.12820053100586, 20.497800827026367]]","[0, 0]",0,-466.5407354832513,0.0,-8.762242699218035,3.8765706412547964,5.585428815236942e-05,-14.858722006368833,-7.872552162346709,0.18618021722067377,0.027013687357423113
1380,1393,[343],"[343, 344]","[[26.212799072265625, -35.12820053100586, 20.497800827026367], [26.21279999999979, -35.12819999999988, 22.373669582328944]]","[0, 0]",0,-341.181148904238,0.0,-9.06212842095609,6.40637836293131,8.735268203837455e-05,15.18902522529789,10.695337928840187,0.19116647508832296,0.01034844466944397
1381,1394,[344],"[344, 345]","[[26.21279999999979, -35.12819999999988, 22.373669582328944], [26.212799072265625, -35.12820053100586, 23.85059928894043]]","[0, 0]",0,-341.1811489042301,0.0,-9.0621284209561,6.406378362931309,8.73526820383743e-05,-15.19446500615768,-10.783957592839869,0.1938457014101227,0.010771650032283633
1382,1395,[345],"[345, 346]","[[26.212799072265625, -35.12820053100586, 23.85059928894043], [26.212799072265625, -35.12820053100586, 27.203399658203125]]","[0, 0]",0,-217.36216090402482,0.0,-9.070107603699567,6.537000076504099,7.873530330059735e-05,-15.209451501282649,-10.989395306617315,0.19690470880380442,0.04030805129361323
1383,1396,[346],"[346, 639]","[[26.212799072265625, -35.12820053100586, 27.203399658203125], [26.212799072265625, -35.12820053100586, 30.55620002746582]]","[0, 0]",0,-94.10846553631356,0.0,-8.989711041882915,6.633188268919736,4.960448986395117e-05,15.120048681713564,-11.146216248338515,0.20009252814990952,0.040769600672873746
1384,1397,[347],"[347, 348]","[[33.985198974609375, -35.12820053100586, 17.145000457763672], [33.985198974609375, -35.12820053100586, 20.497800827026367]]","[0, 0]",0,-463.74316517886047,0.0,-2.3630832032850955,3.017438312001128,7.066637989979705e-05,4.733977449740125,-5.805458413695036,0.12361616429518324,0.017395879015806033
1385,1398,[348],"[348, 349]","[[33.985198974609375, -35.12820053100586, 20.497800827026367], [33.98519999999985, -35.12819999999988, 22.373669582328944]]","[0, 0]",0,-339.6217147585262,0.0,-1.0192415736853107,4.4301740380754335,7.531802700609048e-05,1.6976245786345594,7.379381422041389,0.12872158286125315,0.006753958641484604
1386,1399,[349],"[349, 350]","[[33.98519999999985, -35.12819999999988, 22.373669582328944], [33.985198974609375, -35.12820053100586, 23.85059928894043]]","[0, 0]",0,-339.6217147585252,0.0,-1.0192415736852989,4.4301740380754335,7.531802700609034e-05,-1.719687001937218,-7.474099278833108,0.13152777471397456,0.007216241594094256
1387,1400,[350],"[350, 351]","[[33.985198974609375, -35.12820053100586, 23.85059928894043], [33.985198974609375, -35.12820053100586, 27.203399658203125]]","[0, 0]",0,-216.9459340334985,0.0,-1.0428681435689082,4.565488980461565,7.261748585381523e-05,-1.7535031244339145,-7.684701601237022,0.13487201427534717,0.025791051325945686
1388,1401,[351],"[351, 642]","[[33.985198974609375, -35.12820053100586, 27.203399658203125], [33.985198974609375, -35.12820053100586, 30.55620002746582]]","[0, 0]",0,-95.42197812736288,0.0,-1.2804282510321419,4.745184643365509,0.00010906049534042894,-2.277158837674365,-8.02706626734007,0.13840966286761833,0.026832080839353643
1389,1402,[352],"[352, 353]","[[41.90999984741211, -35.12820053100586, 17.145000457763672], [41.90999984741211, -35.12820053100586, 20.497800827026367]]","[0, 0]",0,-309.28308075836065,0.0,-10.541492595733812,0.23731437538333824,8.591504927015064e-05,19.819713548393082,-0.750278161003784,0.10251806034190808,0.0189432558525921
1390,1403,[353],"[353, 354]","[[41.90999984741211, -35.12820053100586, 20.497800827026367], [41.909999999999854, -35.12819999999988, 22.373669582328944]]","[0, 0]",0,-226.80594114853938,0.0,-6.927096298279375,0.9146036407520283,7.629111267322278e-05,11.52010344209964,1.5022825126354205,0.10665258863903146,0.0025519622249818154
1391,1404,[354],"[354, 355]","[[41.909999999999854, -35.12819999999988, 22.373669582328944], [41.90999984741211, -35.12820053100586, 23.85059928894043]]","[0, 0]",0,-226.80594114853804,0.0,-6.927096298279368,0.9146036407520279,7.629111267322277e-05,-11.70505437230331,-1.5641991673391509,0.10886674932453187,0.002980199436869608
1392,1405,[355],"[355, 356]","[[41.90999984741211, -35.12820053100586, 23.85059928894043], [41.90999984741211, -35.12820053100586, 27.203399658203125]]","[0, 0]",0,-145.12482288225524,0.0,-7.122729120124572,1.0033207048166823,7.487229202739615e-05,-11.962573294253923,-1.7040856638974835,0.1113330945273048,0.01358890330980967
1393,1406,[356],"[356, 1398]","[[41.90999984741211, -35.12820053100586, 27.203399658203125], [41.90999984741211, -35.12820053100586, 30.55620002746582]]","[0, 0]",0,-63.56974318496566,0.0,-6.791370222598726,1.0305471908010138,6.706398572561278e-05,11.595780208328009,1.731459869196826,0.11446145778469359,0.013099984259588781
1394,1407,[357],"[357, 358]","[[41.90999984741211, -27.203399658203125, 17.145000457763672], [41.90999984741211, -27.203399658203125, 20.497800827026367]]","[0, 0]",0,-157.66662317053706,0.0,-4.119161149497577,0.18599802917748035,8.574299571872513e-05,11.059166433695065,0.5214628672275192,0.09467683318054125,0.006834148185891639
1395,1408,[358],"[358, 359]","[[41.90999984741211, -27.203399658203125, 20.497800827026367], [41.909999999999854, -27.203399999999874, 22.373669582328944]]","[0, 0]",0,-115.99490935738005,0.0,3.083548965829727,-0.22452483502761253,7.61602235687303e-05,-5.215915357567727,-0.3599604262244952,0.09687763520129539,0.003090855615961455
1396,1409,[359],"[359, 360]","[[41.909999999999854, -27.203399999999874, 22.373669582328944], [41.90999984741211, -27.203399658203125, 23.85059928894043]]","[0, 0]",0,-115.9949093573811,0.0,3.0835489658297406,-0.22452483502761256,7.616022356873044e-05,5.122602872303158,0.39282609531761165,0.09820354477546667,0.0029626250276015074
1397,1410,[360],"[360, 361]","[[41.90999984741211, -27.203399658203125, 23.85059928894043], [41.90999984741211, -27.203399658203125, 27.203399658203125]]","[0, 0]",0,-72.7615920362575,0.0,3.0242616914597247,-0.2800222580690688,7.483498367663873e-05,5.0821366237134455,0.4807626083465689,0.09998092993979607,0.007319481019466315
1398,1411,[361],"[361, 628]","[[41.90999984741211, -27.203399658203125, 27.203399658203125], [41.90999984741211, -27.203399658203125, 30.55620002746582]]","[0, 0]",0,-27.782350808138712,0.0,3.5507448574357747,-0.27507195281995084,6.498596219484026e-05,6.241867161722903,-0.4780118667338084,0.10204098090059611,0.008322460216594432
1399,1412,[362],"[362, 363]","[[41.90999984741211, -23.012399673461914, 17.145000457763672], [41.90999984741211, -23.012399673461914, 20.497800827026367]]","[0, 0]",0,-472.41901018904065,0.0,3.5751359619241754,-0.03864245681615446,8.137071943244945e-05,7.636448537643453,0.32998194774830136,0.08699627484299666,0.008101725200139671
1400,1413,[363],"[363, 364]","[[41.90999984741211, -23.012399673461914, 20.497800827026367], [41.909999999999854, -23.0123999999999, 22.373669582328944]]","[0, 0]",0,-342.58237932786597,0.0,6.682342669898256,-0.5502141668004785,7.628273524511421e-05,-11.07291711373707,-0.9051506994732769,0.09167956964473806,0.004623599528246598
1401,1414,[364],"[364, 365]","[[41.909999999999854, -23.0123999999999, 22.373669582328944], [41.90999984741211, -23.012399673461914, 23.85059928894043]]","[0, 0]",0,-342.58237932786477,0.0,6.682342669898269,-0.5502141668004784,7.628273524511456e-05,11.33163111188106,0.9396065126987376,0.09431046183346005,0.005084666169695316
1402,1415,[365],"[365, 366]","[[41.90999984741211, -23.012399673461914, 23.85059928894043], [41.90999984741211, -23.012399673461914, 27.203399658203125]]","[0, 0]",0,-218.35473797243168,0.0,7.065633656025227,-0.6092327233016769,7.537481960503266e-05,11.93532360625078,1.0341513556670572,0.09760086727026657,0.015209864274341824
1403,1416,[366],"[366, 655]","[[41.90999984741211, -23.012399673461914, 27.203399658203125], [41.90999984741211, -23.012399673461914, 30.55620002746582]]","[0, 0]",0,-97.2940575537959,0.0,7.516736121250319,-0.6731597117473329,5.3783181071096556e-05,12.770346086831404,1.1490670362150681,0.10072540813339238,0.01614651888540582
1404,1417,[367],"[367, 368]","[[41.90999984741211, -14.935199737548828, 17.145000457763672], [41.90999984741211, -14.935199737548828, 20.497800827026367]]","[0, 0]",0,-357.9548420084689,0.0,0.7372797232457599,1.9665616323208894,7.660737859812097e-05,2.6107588936328625,-3.623251097207441,0.08235079474686477,0.011285247372372345
1405,1418,[368],"[368, 369]","[[41.90999984741211, -14.935199737548828, 20.497800827026367], [41.909999999999854, -14.935199999999895, 22.373669582328944]]","[0, 0]",0,-260.2046157054768,0.0,3.2048769040404474,2.5900465682911316,7.74531425267626e-05,-5.339055439695825,4.314995213354459,0.0859513910962943,0.004643374798846207
1406,1419,[369],"[369, 370]","[[41.909999999999854, -14.935199999999895, 22.373669582328944], [41.90999984741211, -14.935199737548828, 23.85059928894043]]","[0, 0]",0,-260.20461570547786,0.0,3.204876904040437,2.5900465682911316,7.745314252676279e-05,5.406250914795054,-4.368908937097986,0.08790177681003143,0.0049336583014268015
1407,1420,[370],"[370, 371]","[[41.90999984741211, -14.935199737548828, 23.85059928894043], [41.90999984741211, -14.935199737548828, 27.203399658203125]]","[0, 0]",0,-164.16749586521118,0.0,3.3275976722046523,2.6656818201170878,7.725982060398068e-05,5.614193685434958,-4.486704417916812,0.09019204123486087,0.016700370593496532
1408,1421,[371],"[371, 658]","[[41.90999984741211, -14.935199737548828, 27.203399658203125], [41.90999984741211, -14.935199737548828, 30.55620002746582]]","[0, 0]",0,-69.00360081892548,0.0,3.5792011339096255,2.652454289422835,5.9623478086700174e-05,6.106955200577637,4.470006392673209,0.0923954621473182,0.016875937882054933
1409,1422,[372],"[372, 373]","[[36.42359999999985, -35.12819999999982, 8.420702664162263], [36.42359924316406, -35.12820053100586, 10.439399719238281]]","[0, 0]",0,-515.7023550501304,0.0,1.6490373382368382,0.01005266382638499,0.00010005333595837078,2.736271247319082,-0.06122494052877783,0.0887455633786666,0.0025093372884053395
1410,1423,[373],"[373, 374]","[[36.42359924316406, -35.12820053100586, 10.439399719238281], [36.42359924316406, -35.12820053100586, 13.792200088500977]]","[0, 0]",0,-450.7691391722712,0.0,1.6168598274526111,0.13557139548423294,8.710432155424833e-05,2.7176576033209314,-0.2605654875213145,0.09429121026838715,0.004790983421805794
1411,1424,[374],"[374, 1381]","[[36.42359924316406, -35.12820053100586, 13.792200088500977], [36.42359924316406, -35.12820053100586, 17.145000457763672]]","[0, 0]",0,-396.84444041386797,0.0,0.9620592739332452,0.01233473244954078,9.158544207057086e-05,-2.0000154184463415,0.11443650884570775,0.10076508486135499,0.0034567054112230582
1412,1425,[375],"[375, 376]","[[36.42359924316406, -35.12820053100586, 3.733799934387207], [36.42359924316406, -35.12820053100586, 7.086599826812744]]","[0, 0]",0,-589.2327926958228,0.0,-1.9503576865567254,0.7204486155653815,8.981672580372109e-05,5.350426103543497,1.6444201943324257,0.07945752176373418,0.004579154635659391
1413,1426,[376],"[372, 376]","[[36.42359999999985, -35.12819999999982, 8.420702664162263], [36.42359924316406, -35.12820053100586, 7.086599826812744]]","[0, 0]",0,-515.7023550501376,0.0,1.6490373382368424,0.010052663826385106,0.0001000533359583707,-2.792620962927962,-0.04093165766678308,0.08504629821566077,0.0025904958447578383
1414,1427,[377],"[377, 378]","[[9.753600000000006, -27.203399999999817, 21.908260412276604], [9.753600120544434, -27.203399658203125, 23.85059928894043]]","[0, 0]",0,-339.0632953739132,0.0,-0.47195617671561857,1.3599775706824615,6.860378372487645e-05,-0.7871146584463888,-2.2749315288749083,0.40134275920802726,0.003441454667741547
1415,1428,[378],"[378, 379]","[[9.753600120544434, -27.203399658203125, 23.85059928894043], [9.753600120544434, -27.203399658203125, 27.203399658203125]]","[0, 0]",0,-221.25962060976187,0.0,-0.47093930512360366,1.3321695352807932,6.470328354925106e-05,-0.7941363074505139,2.242350005370607,0.404454944071811,0.008627972059693616
1416,1429,[379],"[379, 606]","[[9.753600120544434, -27.203399658203125, 27.203399658203125], [9.753600120544434, -27.203399658203125, 30.55620002746582]]","[0, 0]",0,-99.86738780711075,0.0,-0.05997859986729443,1.288046302373544,7.023469324459638e-05,0.33778206913635384,2.1694452938756266,0.4071660229775926,0.008519873856683699
1417,1430,[380],"[380, 381]","[[9.753600120544434, -27.203399658203125, 3.733799934387207], [9.753600120544434, -27.203399658203125, 7.086599826812744]]","[0, 0]",0,-2015.4506272634103,0.0,-9.789835171263196,-0.4820735583585139,0.00010603063175798181,21.678490398532738,-1.7613495360138236,0.32147018385324494,0.01781920995080569
1418,1431,[381],"[381, 382]","[[9.753600120544434, -27.203399658203125, 7.086599826812744], [9.753600000000006, -27.203399999999874, 8.420702664162263]]","[0, 0]",0,-1702.0326081008602,0.0,-0.5474611573114246,1.3538304456252324,9.02032069866848e-05,0.9362085972703069,2.182990752475787,0.33897307118024583,0.002829223988244078
1419,1432,[382],"[382, 383]","[[9.753600000000006, -27.203399999999874, 8.420702664162263], [9.753600120544434, -27.203399658203125, 10.439399719238281]]","[0, 0]",0,-1702.0326081008438,0.0,-0.5474611573114245,1.3538304456252297,9.02032069866848e-05,-0.8993191120706423,-2.3561318199790158,0.3500678943300453,0.0036687105791778935
1420,1433,[383],"[383, 384]","[[9.753600120544434, -27.203399658203125, 10.439399719238281], [9.753600120544434, -27.203399658203125, 13.792200088500977]]","[0, 0]",0,-1438.971401998494,0.0,-0.4220016604441135,1.613608148129513,8.446989104986933e-05,0.7619760018601829,-2.7706792751955356,0.36617672120061,0.010093875880871534
1421,1434,[384],"[384, 385]","[[9.753600120544434, -27.203399658203125, 13.792200088500977], [9.753600000000006, -27.203399999999874, 15.164481538219434]]","[0, 0]",0,-1214.0615571662083,0.0,-0.7734900325048532,4.392096338847164,8.026982347445774e-05,1.0431439321468896,5.869862821930177,0.3787799278299965,0.0017048486739851421
1422,1435,[385],"[385, 386]","[[9.753600000000006, -27.203399999999874, 15.164481538219434], [9.753600120544434, -27.203399658203125, 17.145000457763672]]","[0, 0]",0,-1214.0615571661888,0.0,-0.7734900325048428,4.3920963388471685,8.026982347445757e-05,-1.5502137344564393,-8.855959404794291,0.3867735741855246,0.013957866240865542
1423,1436,[386],"[386, 387]","[[9.753600120544434, -27.203399658203125, 17.145000457763672], [9.753600120544434, -27.203399658203125, 20.497800827026367]]","[0, 0]",0,-448.15375964946475,0.0,-0.8494435433174341,4.212368572113581,6.630795373404549e-05,1.6359331686219032,8.653316800981646,0.3947383964564832,0.024562500959831653
1424,1437,[387],"[377, 387]","[[9.753600000000006, -27.203399999999817, 21.908260412276604], [9.753600120544434, -27.203399658203125, 20.497800827026367]]","[0, 0]",0,-339.06329537389496,0.0,-0.4719561767156035,1.3599775706824626,6.86037837248766e-05,0.795259284936599,2.284799178346984,0.3988993086824206,0.0034730108684873123
1425,1438,[388],"[388, 389]","[[17.52599999999984, -27.203399999999874, 21.908260412276604], [17.525999069213867, -27.203399658203125, 23.85059928894043]]","[0, 0]",0,-303.8732024585437,0.0,-15.878514295060373,3.3116343764263085,7.542323243115706e-05,-26.695991249865028,-5.540793280284742,0.24523183844308516,0.009598697597010548
1426,1439,[389],"[389, 390]","[[17.525999069213867, -27.203399658203125, 23.85059928894043], [17.525999069213867, -27.203399658203125, 27.203399658203125]]","[0, 0]",0,-197.6155344848434,0.0,-16.07686681560018,3.2578756320722566,7.085233593586782e-05,-26.988512547223035,5.478586445316076,0.24835616472614047,0.03544020280018369
1427,1440,[390],"[390, 609]","[[17.525999069213867, -27.203399658203125, 27.203399658203125], [17.525999069213867, -27.203399658203125, 30.55620002746582]]","[0, 0]",0,-85.68020470822023,0.0,-16.336231779775297,3.224583713791043,6.673585558063651e-05,-27.500346951279905,-5.409175508062217,0.25103705439286783,0.03580583216783105
1428,1441,[391],"[391, 392]","[[17.52599999999984, -27.203399999999988, 3.305855885287997], [17.525999069213867, -27.203399658203125, 3.733799934387207]]","[0, 0]",0,0.0,0.0,4.9354614146312116e-14,8.361815600634905e-15,0.0,5.457068238174756e-14,-2.8170918494222287e-15,0.1767308734977867,0.029103274799014162
1429,1442,[392],"[392, 393]","[[17.525999069213867, -27.203399658203125, 3.733799934387207], [17.525999069213867, -27.203399658203125, 7.086599826812744]]","[0, 0]",0,-1343.6633725479126,0.0,0.37258928295099514,2.2172563524059337,0.00011901684017390054,-8.53246767699853,-5.4220286380783955,0.18553205720884788,0.013106560170430819
1430,1443,[393],"[393, 394]","[[17.525999069213867, -27.203399658203125, 7.086599826812744], [17.52599999999984, -27.20339999999993, 8.420702664162263]]","[0, 0]",0,-1209.4957963488973,0.0,-13.685907152937173,5.138342053674382,9.063721115420635e-05,22.83957342739471,8.670557400369642,0.19744133660517582,0.011168297836223607
1431,1444,[394],"[394, 395]","[[17.52599999999984, -27.20339999999993, 8.420702664162263], [17.525999069213867, -27.203399658203125, 10.439399719238281]]","[0, 0]",0,-1209.4957963488876,0.0,-13.685907152937165,5.138342053674379,9.063721115420613e-05,-23.0465346027273,-8.557275284438578,0.20538306988235921,0.010925773011218378
1432,1445,[395],"[395, 396]","[[17.525999069213867, -27.203399658203125, 10.439399719238281], [17.525999069213867, -27.203399658203125, 13.792200088500977]]","[0, 0]",0,-1060.4103632884478,0.0,-14.138976304675586,4.939463946366671,8.702667098544913e-05,-23.85622007823757,8.327120968011647,0.21722402548349876,0.03849633941350988
1433,1446,[396],"[396, 397]","[[17.525999069213867, -27.203399658203125, 13.792200088500977], [17.52599999999984, -27.20339999999993, 15.164481538219434]]","[0, 0]",0,-901.4337633250811,0.0,-16.567399995220494,7.981532115785617,8.570115548393866e-05,26.543276769891087,11.62500100789929,0.22656226411122074,0.006256715041786206
1434,1447,[397],"[397, 398]","[[17.52599999999984, -27.20339999999993, 15.164481538219434], [17.525999069213867, -27.203399658203125, 17.145000457763672]]","[0, 0]",0,-901.4337633250907,0.0,-16.567399995220505,7.981532115785618,8.570115548393851e-05,-29.003908051817035,-15.13548281719363,0.23258170952602394,0.022484020427977428
1435,1448,[398],"[398, 399]","[[17.525999069213867, -27.203399658203125, 17.145000457763672], [17.525999069213867, -27.203399658203125, 20.497800827026367]]","[0, 0]",0,-400.4497508268251,0.0,-17.235411076257577,7.222090104381834,6.229258029733587e-05,29.744843434896445,14.284337355222032,0.23921542473348442,0.05210839157740594
1436,1449,[399],"[388, 399]","[[17.52599999999984, -27.203399999999874, 21.908260412276604], [17.525999069213867, -27.203399658203125, 20.497800827026367]]","[0, 0]",0,-303.8732024585485,0.0,-15.878514295060377,3.311634376426308,7.542323243115692e-05,26.541467056103407,5.562449363421111,0.2429405726071807,0.009457298431670098
1437,1450,[400],"[400, 401]","[[33.98519999999985, -14.935199999999895, 21.908260412276604], [33.985198974609375, -14.935199737548828, 23.85059928894043]]","[0, 0]",0,-214.67986525898436,0.0,-1.6393204363905276,1.3355618159174516,7.75313182417942e-05,-2.749471272269329,-2.2469776678072466,0.07175375407999836,0.0025547706884551237
1438,1451,[401],"[401, 402]","[[33.985198974609375, -14.935199737548828, 23.85059928894043], [33.985198974609375, -14.935199737548828, 27.203399658203125]]","[0, 0]",0,-127.80468250284035,0.0,-1.6687234526205519,1.3533740036729252,7.740413728713777e-05,-2.8127130179594073,-2.273277987530596,0.07407182871648577,0.008308735339096828
1439,1452,[402],"[402, 617]","[[33.985198974609375, -14.935199737548828, 27.203399658203125], [33.985198974609375, -14.935199737548828, 30.55620002746582]]","[0, 0]",0,-44.228732652372805,0.0,-1.798047753968972,1.2528483688886058,5.992754932278913e-05,-3.0735290145712915,2.159204285450828,0.07615677702055532,0.007885761324976145
1440,1453,[403],"[403, 404]","[[33.985198974609375, -14.935199737548828, 3.733799934387207], [33.985198974609375, -14.935199737548828, 7.086599826812744]]","[0, 0]",0,-953.0006672236569,0.0,-2.5687836162717095,0.6813534868836575,8.475345491646963e-05,5.0201178329798735,-1.4477911774159544,0.0319652008460509,0.005672409966964364
1441,1454,[404],"[404, 405]","[[33.985198974609375, -14.935199737548828, 7.086599826812744], [33.98519999999985, -14.935199999999952, 8.420702664162263]]","[0, 0]",0,-777.8825326928176,0.0,-1.5348152223750031,1.301938416717281,9.675818780874651e-05,2.458427873446828,2.1346625484752306,0.040300590447546004,0.0019238314139558806
1442,1455,[405],"[405, 406]","[[33.98519999999985, -14.935199999999952, 8.420702664162263], [33.985198974609375, -14.935199737548828, 10.439399719238281]]","[0, 0]",0,-777.8825326928172,0.0,-1.5348152223750067,1.3019384167172796,9.67581878087465e-05,-2.6875004390262363,-2.230476435040049,0.045488163026298684,0.0023987820122691006
1443,1456,[406],"[406, 407]","[[33.985198974609375, -14.935199737548828, 10.439399719238281], [33.985198974609375, -14.935199737548828, 13.792200088500977]]","[0, 0]",0,-640.2680682858481,0.0,-1.9590491290080985,1.4382684161653838,8.272872778875096e-05,-3.405808080301686,-2.447651141555105,0.05295864249748802,0.008713453818486453
1444,1457,[407],"[407, 408]","[[33.985198974609375, -14.935199737548828, 13.792200088500977], [33.98519999999985, -14.935199999999952, 15.164481538219434]]","[0, 0]",0,-533.4176291816942,0.0,0.3112479462760873,1.3041101917095086,7.863000258677075e-05,1.325936012026314,2.2894559219088917,0.058484874989496664,0.003449740125748132
1445,1458,[408],"[408, 409]","[[33.98519999999985, -14.935199999999952, 15.164481538219434], [33.985198974609375, -14.935199737548828, 17.145000457763672]]","[0, 0]",0,-533.4176291816932,0.0,0.3112479462760785,1.3041101917095093,7.863000258677053e-05,1.9423684582954643,-2.082965210414896,0.06215410334652941,0.003617114449576858
1446,1459,[409],"[409, 410]","[[33.985198974609375, -14.935199737548828, 17.145000457763672], [33.985198974609375, -14.935199737548828, 20.497800827026367]]","[0, 0]",0,-307.5943119760555,0.0,0.5807152842085137,1.2182021046913225,7.635098579073798e-05,-2.2374110819607083,-2.1032797432178754,0.06697253308953106,0.007427872601307166
1447,1460,[410],"[400, 410]","[[33.98519999999985, -14.935199999999895, 21.908260412276604], [33.985198974609375, -14.935199737548828, 20.497800827026367]]","[0, 0]",0,-214.67986525898507,0.0,-1.6393204363905323,1.3355618159174523,7.753131824179415e-05,2.746839765446249,2.2308919343928535,0.06999105567595809,0.0024630021808989583
1448,1461,[411],"[411, 412]","[[9.753600000000006, -14.935199999999895, 21.908260412276604], [9.753600120544434, -14.935199737548828, 23.85059928894043]]","[0, 0]",0,-312.38340338904516,0.0,0.04229912797603614,6.23244129255468,6.22198552495965e-05,0.10942509241305462,-10.491818864262978,0.16387156276794057,0.010801320441447895
1449,1462,[412],"[412, 413]","[[9.753600120544434, -14.935199737548828, 23.85059928894043], [9.753600120544434, -14.935199737548828, 27.203399658203125]]","[0, 0]",0,-196.1682611682512,0.0,0.145194672914988,6.355158508783793,5.459141514866053e-05,0.2673853792415123,-10.680485037892144,0.1667655213766249,0.03652005726529374
1450,1463,[413],"[413, 585]","[[9.753600120544434, -14.935199737548828, 27.203399658203125], [9.753600120544434, -14.935199737548828, 30.55620002746582]]","[0, 0]",0,-81.67636686623672,0.0,-0.06394177535006766,6.324936600796476,0.00012006547495016108,-0.24689435969372237,10.64103223755347,0.1696769601821961,0.03639993814541132
1451,1464,[414],"[414, 415]","[[9.753600120544434, -14.935199737548828, 3.733799934387207], [9.753600120544434, -14.935199737548828, 7.086599826812744]]","[0, 0]",0,-1150.4059272630402,0.0,-1.516134942309726,5.3378036847026475,0.00011805916579373271,2.674830427638307,-8.959939809081451,0.11567819990304876,0.030657596107667898
1452,1465,[415],"[415, 416]","[[9.753600120544434, -14.935199737548828, 7.086599826812744], [9.753600000000006, -14.935199999999952, 8.420702664162263]]","[0, 0]",0,-926.1293573714827,0.0,-1.0849478085577176,5.461957070554353,8.327111493674186e-05,1.9569402760118901,9.086942230451909,0.1257412874350445,0.009221024603614458
1453,1466,[416],"[416, 417]","[[9.753600000000006, -14.935199999999952, 8.420702664162263], [9.753600120544434, -14.935199737548828, 10.439399719238281]]","[0, 0]",0,-926.1293573714715,0.0,-1.0849478085577189,5.461957070554351,8.327111493674175e-05,-1.6806726198078068,-9.225906848135907,0.1318916017602705,0.00991998795790539
1454,1467,[417],"[417, 418]","[[9.753600120544434, -14.935199737548828, 10.439399719238281], [9.753600120544434, -14.935199737548828, 13.792200088500977]]","[0, 0]",0,-746.912060039791,0.0,-0.6724293737202893,5.684282004682397,7.871784541664842e-05,1.239919946784498,-9.591384959161777,0.14049856675048897,0.032696051846022665
1455,1468,[418],"[418, 419]","[[9.753600120544434, -14.935199737548828, 13.792200088500977], [9.753600000000006, -14.935199999999952, 15.164481538219434]]","[0, 0]",0,-597.8519998977126,0.0,-0.40387168811776375,6.012456625290779,7.328266937151877e-05,0.7295965380971636,9.955100356358749,0.1474165564347852,0.0096797051591547
1456,1469,[419],"[419, 420]","[[9.753600000000006, -14.935199999999952, 15.164481538219434], [9.753600120544434, -14.935199737548828, 17.145000457763672]]","[0, 0]",0,-597.8519998977176,0.0,-0.4038716881177621,6.012456625290783,7.328266937151878e-05,-0.6245046069588378,-10.203466437092438,0.15157806541171495,0.010921254524982443
1457,1470,[420],"[420, 421]","[[9.753600120544434, -14.935199737548828, 17.145000457763672], [9.753600120544434, -14.935199737548828, 20.497800827026367]]","[0, 0]",0,-430.7815264391298,0.0,-0.17037833037659136,6.193772814690553,6.604419054712726e-05,0.37504676540920046,10.404163764843435,0.1569664933679515,0.03557489271920725
1458,1471,[421],"[411, 421]","[[9.753600000000006, -14.935199999999895, 21.908260412276604], [9.753600120544434, -14.935199737548828, 20.497800827026367]]","[0, 0]",0,-312.383403389058,0.0,0.04229912797603473,6.232441292554674,6.221985524959614e-05,-0.03239535880530994,10.404300715384359,0.1614087937829123,0.01035510922929026
1459,1472,[422],"[422, 423]","[[43.738799999999856, -16.45919999999984, 8.420702664162263], [43.738800048828125, -16.459199905395508, 10.439399719238281]]","[0, 0]",0,-727.7886132476168,0.0,-1.8068058626958823,0.47078983438358474,9.720354278870152e-05,-2.9648093611355417,-0.8292474485803609,0.03280813421020273,0.0007750592365836233
1460,1473,[423],"[423, 424]","[[43.738800048828125, -16.459199905395508, 10.439399719238281], [43.738800048828125, -16.459199905395508, 13.792200088500977]]","[0, 0]",0,-560.0743008841746,0.0,-1.5848174231277135,0.5794620237768997,8.286023496775794e-05,2.7254717667688535,-1.003227945978201,0.0397688130260855,0.0038028317649826354
1461,1474,[424],"[424, 1388]","[[43.738800048828125, -16.459199905395508, 13.792200088500977], [43.738800048828125, -16.459199905395508, 17.145000457763672]]","[0, 0]",0,-393.98964039636525,0.0,-7.771766905127345,0.13282393380695093,7.853405063699837e-05,-16.623482738851337,0.4947112712236602,0.04654302605370754,0.014159368969061
1462,1475,[425],"[425, 426]","[[43.738799999999856, -16.459199999999896, 0.0], [43.738800048828125, -16.459199905395508, 3.733799934387207]]","[1, 0]",1,-941.1760978838727,0.0,0.09966382617246806,0.09039060784683509,0.0,0.3721247876235395,-0.33750044564773274,0.006987609958618944,0.00102027481560257
1463,1476,[426],"[426, 427]","[[43.738800048828125, -16.459199905395508, 3.733799934387207], [43.738800048828125, -16.459199905395508, 7.086599826812744]]","[0, 0]",0,-899.0881285565032,0.0,-0.7375800934780692,0.41590836861789066,8.878933207066442e-05,-1.902033106665904,-0.698066085431027,0.019984763810084783,0.0020728797324488157
1464,1477,[427],"[422, 427]","[[43.738799999999856, -16.45919999999984, 8.420702664162263], [43.738800048828125, -16.459199905395508, 7.086599826812744]]","[0, 0]",0,-727.7886132476167,0.0,-1.806805862695878,0.4707898343835841,9.72035427887014e-05,3.093049140945051,0.7492166574959609,0.027873717794646053,0.000500317614682572
1465,1478,[428],"[428, 429]","[[43.738799999999856, -35.12819999999982, 8.420702664162263], [43.738800048828125, -35.12820053100586, 10.439399719238281]]","[0, 0]",0,-463.4458179387806,0.0,-10.963511687881436,-0.5739187375033938,9.976653487098529e-05,-18.300148744457793,0.9731528355526705,0.023925646484684416,0.004773674576109445
1466,1479,[429],"[429, 430]","[[43.738800048828125, -35.12820053100586, 10.439399719238281], [43.738800048828125, -35.12820053100586, 13.792200088500977]]","[0, 0]",0,-356.3327595115965,0.0,-10.738240858903481,-0.6299933208002969,8.692705845026865e-05,18.048603306844825,1.0683384955196338,0.03071541601258937,0.019597582799873378
1467,1480,[430],"[430, 1384]","[[43.738800048828125, -35.12820053100586, 13.792200088500977], [43.738800048828125, -35.12820053100586, 17.145000457763672]]","[0, 0]",0,-251.2750997145074,0.0,-15.480003992781736,-0.5588790746312596,8.122351302906292e-05,-28.710176024218633,-0.9993587325198974,0.03701364864555778,0.028644650053952718
1468,1481,[431],"[431, 432]","[[43.738799999999856, -35.12819999999988, 0.0], [43.738800048828125, -35.12820053100586, 3.733799934387207]]","[1, 0]",1,-578.3505676269538,0.0,-0.07985499226984448,0.04735658034613271,0.0,-0.2981625648976389,-0.17681999658919462,0.005126902738108026,0.001348763288225936
1469,1482,[432],"[432, 433]","[[43.738800048828125, -35.12820053100586, 3.733799934387207], [43.738800048828125, -35.12820053100586, 7.086599826812744]]","[0, 0]",0,-573.8983349946169,0.0,-5.758440414494543,-0.1773620160585717,9.334779206558182e-05,-12.70214462654112,0.502868390527111,0.014804505794306097,0.009677268762082407
1470,1483,[433],"[428, 433]","[[43.738799999999856, -35.12819999999982, 8.420702664162263], [43.738800048828125, -35.12820053100586, 7.086599826812744]]","[0, 0]",0,-463.4458179387803,0.0,-10.963511687881441,-0.5739187375033944,9.976653487098543e-05,18.458312063279156,-0.9510818458098109,0.019992456118946678,0.005005524907798669
1471,1484,[434],"[434, 435]","[[43.738799999999856, -27.20339999999976, 8.420702664162263], [43.738800048828125, -27.203399658203125, 10.439399719238281]]","[0, 0]",0,-523.2524005680507,0.0,-7.145717884384366,0.25713901083192925,9.973282744471435e-05,-11.830457664742209,-0.4287283172303812,0.024888393605487762,0.0026529977351987416
1472,1485,[435],"[435, 436]","[[43.738800048828125, -27.203399658203125, 10.439399719238281], [43.738800048828125, -27.203399658203125, 13.792200088500977]]","[0, 0]",0,-411.51844243750963,0.0,-6.644939268143943,0.23854564172811263,8.658793485759604e-05,11.275138925145816,-0.4006253916633378,0.03126348885317981,0.011676413242499078
1473,1486,[436],"[436, 1360]","[[43.738800048828125, -27.203399658203125, 13.792200088500977], [43.738800048828125, -27.203399658203125, 17.145000457763672]]","[0, 0]",0,-296.3912638012773,0.0,-12.254242545910609,0.34596153108220473,8.1636518260123e-05,-23.879718802610597,-0.6497298086166211,0.037357076867795894,0.022566798759269712
1474,1487,[437],"[437, 438]","[[43.738799999999856, -27.203399999999817, 0.0], [43.738800048828125, -27.203399658203125, 3.733799934387207]]","[1, 0]",1,-651.0040181330878,0.0,0.10474956555303243,-0.07330436073070018,0.0,0.39111392098900255,0.27370381728658555,0.005312935436894967,0.0018142898534693587
1475,1488,[438],"[438, 439]","[[43.738800048828125, -27.203399658203125, 3.733799934387207], [43.738800048828125, -27.203399658203125, 7.086599826812744]]","[0, 0]",0,-632.0730205296738,0.0,-3.4681027618910023,-0.0669348506637512,8.887437591374153e-05,-8.065805558241875,-0.30294153081753056,0.015262026732973055,0.005469113207592864
1476,1489,[439],"[434, 439]","[[43.738799999999856, -27.20339999999976, 8.420702664162263], [43.738800048828125, -27.203399658203125, 7.086599826812744]]","[0, 0]",0,-523.2524005680492,0.0,-7.145717884384365,0.2571390108319295,9.973282744471412e-05,12.127704489325465,0.43340733062533954,0.020909529022226835,0.003147059087379508
1477,1490,[440],"[440, 441]","[[43.738799999999856, -23.012399999999843, 8.420702664162263], [43.738800048828125, -23.012399673461914, 10.439399719238281]]","[0, 0]",0,-659.0465566125035,0.0,-0.8794599989147728,-0.019803555855561632,0.00010290491101621859,-1.238391951632744,0.058165688801993576,0.03082909807681699,0.0010743093641683683
1478,1491,[441],"[441, 442]","[[43.738800048828125, -23.012399673461914, 10.439399719238281], [43.738800048828125, -23.012399673461914, 13.792200088500977]]","[0, 0]",0,-518.6974431146739,0.0,-0.09666884184718103,-0.11752953703385338,8.552342402340555e-05,0.37302765003951555,0.21705726979003886,0.03760143011619164,0.001308888552122914
1479,1492,[442],"[442, 1385]","[[43.738800048828125, -23.012399673461914, 13.792200088500977], [43.738800048828125, -23.012399673461914, 17.145000457763672]]","[0, 0]",0,-379.80261791291207,0.0,-7.610277694848341,-0.45625422156980405,7.851432947155406e-05,-17.254576552493,0.9244403188020658,0.04439653952906038,0.01386517655221197
1480,1493,[443],"[443, 444]","[[43.738799999999856, -23.0123999999999, 0.0], [43.738800048828125, -23.012399673461914, 3.733799934387207]]","[1, 0]",1,-878.8666445045134,0.0,-0.16594940584270682,0.009436537165873478,0.0,-0.6196218806470972,-0.035234141850781,0.006699916739028893,0.0008243349564157985
1481,1494,[444],"[444, 445]","[[43.738800048828125, -23.012399673461914, 3.733799934387207], [43.738800048828125, -23.012399673461914, 7.086599826812744]]","[0, 0]",0,-802.4156557537966,0.0,-1.0766529973368033,0.021792057082225303,8.803109751201173e-05,-1.931735123173535,-0.04638117209758131,0.018937997643052727,0.0009883499697156404
1482,1495,[445],"[440, 445]","[[43.738799999999856, -23.012399999999843, 8.420702664162263], [43.738800048828125, -23.012399673461914, 7.086599826812744]]","[0, 0]",0,-659.0465566125034,0.0,-0.8794599989147726,-0.019803555855562406,0.00010290491101621878,1.7102614381213286,0.018188308916337256,0.026177497658641597,0.00035649584003333355
1483,1496,[446],"[446, 447]","[[43.738799999999856, -9.143999999999835, 8.420702664162263], [43.738800048828125, -9.144000053405762, 10.439399719238281]]","[0, 0]",0,-40.66903857069684,0.0,-0.3714015777710477,0.568335394128755,8.51985708121424e-05,-0.6264455765188562,-0.9837450651091575,0.006307513998969216,0.0009700793426688774
1484,1497,[447],"[447, 448]","[[43.738800048828125, -9.144000053405762, 10.439399719238281], [43.738800048828125, -9.144000053405762, 13.792200088500977]]","[0, 0]",0,-27.35953989134923,0.0,-0.41544010946890503,0.643082987785698,7.824811838776861e-05,-0.7042456471417211,-1.100791261670098,0.008200401683916789,0.0034841838463149006
1485,1498,[448],"[448, 1379]","[[43.738800048828125, -9.144000053405762, 13.792200088500977], [43.738800048828125, -9.144000053405762, 17.145000457763672]]","[0, 0]",0,-12.771611821781564,0.0,-0.4950566400319766,1.1160886978616258,7.620583957856895e-05,-0.861051190773902,-2.1233510512858733,0.010384715232741098,0.0062089026842193215
1486,1499,[449],"[449, 450]","[[43.738799999999856, -9.143999999999892, 0.0], [43.738800048828125, -9.144000053405762, 3.733799934387207]]","[1, 0]",1,-74.631668841213,0.0,-0.048952043023266716,0.08289271559581084,0.0,-0.18277713502839305,-0.309504816052816,0.0012844453555198294,0.0003701935662167219
1487,1500,[450],"[450, 451]","[[43.738800048828125, -9.144000053405762, 3.733799934387207], [43.738800048828125, -9.144000053405762, 7.086599826812744]]","[0, 0]",0,-52.88043990271805,0.0,-0.30934666707796254,0.46552607778311944,0.00010146408634270943,-0.5211465090035038,-0.820356374085109,0.003704256963664125,0.0022274768639733043
1488,1501,[451],"[446, 451]","[[43.738799999999856, -9.143999999999835, 8.420702664162263], [43.738800048828125, -9.144000053405762, 7.086599826812744]]","[0, 0]",0,-40.669038570696735,0.0,-0.3714015777710481,0.5683353941287552,8.51985708121424e-05,0.6187895934785892,0.9217697831873597,0.005176072601042224,0.0007273843751599062
1489,1502,[452],"[452, 453]","[[9.753600000000006, -7.924799999999891, 21.908260412276604], [9.753600120544434, -7.924799919128418, 23.85059928894043]]","[0, 0]",0,-46.39451212231003,0.0,4.361573586217093,-0.006930118407146723,6.319149149289265e-05,7.356967840770096,0.009738049313582034,0.03224497048666797,0.0035675059401346207
1490,1503,[453],"[453, 454]","[[9.753600120544434, -7.924799919128418, 23.85059928894043], [9.753600120544434, -7.924799919128418, 27.203399658203125]]","[0, 0]",0,-23.253089374966226,0.0,4.469510193574544,-0.00405817842189795,5.514004554736356e-05,7.516870284260091,-0.00841627173501366,0.03547854321120192,0.009616048672629118
1491,1504,[454],"[454, 564]","[[9.753600120544434, -7.924799919128418, 27.203399658203125], [9.753600120544434, -7.924799919128418, 30.55620002746582]]","[0, 0]",0,0.0,0.689395017402201,4.556419797122269,0.043353500931868176,8.813855803962069e-05,7.672342229123026,-0.10312647156880718,0.03995054330850199,0.009862574148140584
1492,1505,[455],"[455, 456]","[[9.753600120544434, -7.924799919128418, 3.733799934387207], [9.753600120544434, -7.924799919128418, 7.086599826812744]]","[0, 0]",0,-117.73721312127213,0.0,2.95815459199202,-0.022770851845694322,0.00010933856516239498,-5.081679498056453,0.0906272021849418,0.012079461863263256,0.0062851032354566926
1493,1506,[456],"[456, 460]","[[9.753600120544434, -7.924799919128418, 7.086599826812744], [9.753600000000006, -7.924799999999948, 8.420702664162263]]","[0, 0]",0,-117.76855361071074,0.0,2.9743596647812542,-0.10259452696577559,8.314390873004975e-05,-4.823827262046689,-0.1914429775224566,0.014088286908568526,0.0021412984738200355
1494,1507,[457],"[457, 458]","[[9.753600000000006, -7.924799999999948, 15.164481538219434], [9.753600120544434, -7.924799919128418, 17.145000457763672]]","[0, 0]",0,-86.9560577120148,0.0,3.786475438035849,-0.04537636166227058,7.449022964940846e-05,6.437843643854219,0.07688357082330344,0.023660129860650338,0.0032286364140751097
1495,1508,[458],"[458, 459]","[[9.753600120544434, -7.924799919128418, 17.145000457763672], [9.753600120544434, -7.924799919128418, 20.497800827026367]]","[0, 0]",0,-70.18595821744977,0.0,4.110866768411275,-0.0288592967055058,6.760113793773385e-05,6.999672190761712,-0.060008389594303185,0.026844329492890975,0.008833891111727256
1496,1509,[459],"[452, 459]","[[9.753600000000006, -7.924799999999891, 21.908260412276604], [9.753600120544434, -7.924799919128418, 20.497800827026367]]","[0, 0]",0,-46.39451212230978,0.0,4.361573586217099,-0.006930118407147529,6.319149149289281e-05,-7.266509370623645,-0.013497241022782212,0.030084566324271967,0.003411310203260057
1497,1510,[460],"[460, 461]","[[9.753600000000006, -7.924799999999948, 8.420702664162263], [9.753600120544434, -7.924799919128418, 10.439399719238281]]","[0, 0]",0,-117.76855361071118,0.0,2.9743596647812565,-0.10259452696577598,8.314390873004968e-05,5.1486055020668005,0.15253594145184718,0.015765566557300926,0.0027273951092043392
1498,1511,[461],"[461, 462]","[[9.753600120544434, -7.924799919128418, 10.439399719238281], [9.753600120544434, -7.924799919128418, 13.792200088500977]]","[0, 0]",0,-104.86338760336027,0.0,3.4382323768713654,-0.05999571407795033,7.922819657290827e-05,5.889911275624145,-0.11231224892625002,0.018696669710302725,0.0074002506342625484
1499,1512,[462],"[457, 462]","[[9.753600000000006, -7.924799999999948, 15.164481538219434], [9.753600120544434, -7.924799919128418, 13.792200088500977]]","[0, 0]",0,-86.95605771201416,0.0,3.7864754380358465,-0.04537636166226835,7.449022964940806e-05,-6.257452602996545,-0.0752543113137526,0.02161353949113195,0.002940843336730221
1500,1513,[463],"[463, 464]","[[26.21279999999979, -23.0123999999999, 21.908260412276604], [26.212799072265625, -23.012399673461914, 23.85059928894043]]","[0, 0]",0,-3.543667955143728,0.0,0.06763602153831254,-0.10368722997718802,7.673654413936649e-05,0.11100519758934568,0.17416915666961558,0.027742527080689413,0.0015096732677142165
1501,1514,[464],"[464, 465]","[[26.212799072265625, -23.012399673461914, 23.85059928894043], [26.212799072265625, -23.012399673461914, 27.203399658203125]]","[0, 0]",0,-1.1578773137278775,0.0,0.059644105947292636,-0.10776654824040836,7.203079651580843e-05,0.10180862126823315,0.18073494279503044,0.031203818458603687,0.0015595684831124022
1502,1515,[465],"[465, 660]","[[26.212799072265625, -23.012399673461914, 27.203399658203125], [26.212799072265625, -23.012399673461914, 30.55620002746582]]","[0, 0]",0,-1.6395036427650511,0.0,0.043333151295610106,-0.150115992000958,0.0001432733716633941,-0.08062731701565133,0.274959835599888,0.03563523390089009,0.0016396835257902593
1503,1516,[466],"[466, 467]","[[26.212799072265625, -23.012399673461914, 5.551115123125783e-17], [26.212799072265625, -23.012399673461914, 3.733799934387207]]","[1, 0]",1,-73.45328944500821,0.0,-0.018429619349383402,-0.005284794058197309,9.566181165384188e-05,0.07670245628284608,0.01829528569116695,0.0020476920806593484,0.0010169275660609055
1504,1517,[467],"[467, 468]","[[26.212799072265625, -23.012399673461914, 3.733799934387207], [26.212799072265625, -23.012399673461914, 7.086599826812744]]","[0, 0]",0,-28.46242179009751,0.0,-0.0033859660763068647,-0.06767034883725613,0.00010904800389933266,-0.00940748314975209,0.12238024383370835,0.0060907584352695955,0.0011770803413691177
1505,1518,[468],"[468, 472]","[[26.212799072265625, -23.012399673461914, 7.086599826812744], [26.21279999999979, -23.012399999999957, 8.420702664162263]]","[0, 0]",0,-20.398982774772378,0.0,-0.006091198306315229,-0.09658176861737716,8.113985028466825e-05,0.007361648162957391,-0.1632419513396702,0.00889154366636743,0.0012202890083812966
1506,1519,[469],"[469, 470]","[[26.21279999999979, -23.012399999999957, 15.164481538219434], [26.212799072265625, -23.012399673461914, 17.145000457763672]]","[0, 0]",0,-6.606471141757364,0.0,-0.2506752964643012,-0.10573903892542928,8.065863328946292e-05,-0.5568335077225854,0.17205088348865663,0.01927636638441621,0.00109273181543782
1507,1520,[470],"[470, 471]","[[26.212799072265625, -23.012399673461914, 17.145000457763672], [26.212799072265625, -23.012399673461914, 20.497800827026367]]","[0, 0]",0,-6.968250651415979,0.0,-0.20981389665449715,-0.10302186369759607,7.336140895955558e-05,0.5143367630138769,-0.17418606685658264,0.022525497950968792,0.0010132404994490293
1508,1521,[471],"[463, 471]","[[26.21279999999979, -23.0123999999999, 21.908260412276604], [26.212799072265625, -23.012399673461914, 20.497800827026367]]","[0, 0]",0,-3.5436679551437567,0.0,0.06763602153830513,-0.10368722997718906,7.673654413936613e-05,-0.11576475139433018,-0.17347322851809335,0.025576740581973824,0.0014903942750626121
1509,1522,[472],"[472, 473]","[[26.21279999999979, -23.012399999999957, 8.420702664162263], [26.212799072265625, -23.012399673461914, 10.439399719238281]]","[0, 0]",0,-20.39898277477239,0.0,-0.006091198306315461,-0.096581768617377,8.113985028466823e-05,-0.013060920863203533,0.1605773920909982,0.010907544383795601,0.0012306559751584828
1510,1523,[473],"[473, 474]","[[26.212799072265625, -23.012399673461914, 10.439399719238281], [26.212799072265625, -23.012399673461914, 13.792200088500977]]","[0, 0]",0,-13.030605928932294,0.0,-0.008539235932231616,-0.10369814307627057,8.054808914710104e-05,-0.01512731430210269,-0.1747971561751397,0.01417113247579037,0.0012194679072095426
1511,1524,[474],"[469, 474]","[[26.21279999999979, -23.012399999999957, 15.164481538219434], [26.212799072265625, -23.012399673461914, 13.792200088500977]]","[0, 0]",0,-6.606471141757364,0.0,-0.2506752964642938,-0.10573903892542873,8.065863328946289e-05,0.28363071882809804,-0.1824710052660674,0.017191447364718542,0.001431951332253712
1512,1525,[475],"[475, 476]","[[26.21279999999979, -27.203399999999817, 21.908260412276604], [26.212799072265625, -27.203399658203125, 23.85059928894043]]","[0, 0]",0,-11.275220332387647,0.0,-0.4144229590916233,0.19899842614087035,9.80634748482894e-05,-0.6962921978188961,-0.3361251909527959,0.031029980252425923,0.0016137783469526827
1513,1526,[476],"[476, 477]","[[26.212799072265625, -27.203399658203125, 23.85059928894043], [26.212799072265625, -27.203399658203125, 27.203399658203125]]","[0, 0]",0,-7.738963969578437,0.0,-0.4183959771464857,0.2014499290705966,8.180998307094117e-05,-0.7035943978559914,-0.3383318538945782,0.03476207047879735,0.0020273348365111962
1514,1527,[477],"[477, 626]","[[26.212799072265625, -27.203399658203125, 27.203399658203125], [26.212799072265625, -27.203399658203125, 30.55620002746582]]","[0, 0]",0,-6.317382675895854,0.0,-0.6521044072004523,0.2986887842732662,7.043386872447993e-06,-1.2302154925484445,-0.5575948510977657,0.03945483888040608,0.0025185843565011844
1515,1528,[478],"[478, 479]","[[26.21279999999979, -27.203399999999874, 8.420702664162263], [26.212799072265625, -27.203399658203125, 10.439399719238281]]","[0, 0]",0,-42.925351988344126,0.0,-0.22391179441599282,0.28906679384740525,8.200016552463495e-05,-0.38388422428078706,-0.4892514791942435,0.012689025584387425,0.001483660716810584
1516,1529,[479],"[479, 480]","[[26.212799072265625, -27.203399658203125, 10.439399719238281], [26.212799072265625, -27.203399658203125, 13.792200088500977]]","[0, 0]",0,-32.47309548926864,0.0,-0.24889689261056147,0.29250428004207824,9.762092962081223e-05,-0.4232238481284042,-0.49426577229256846,0.016260953963874444,0.0022998947741542115
1517,1530,[480],"[480, 481]","[[26.212799072265625, -27.203399658203125, 13.792200088500977], [26.21279999999979, -27.203399999999874, 15.164481538219434]]","[0, 0]",0,-27.82077235388997,0.0,-0.19257211943220032,0.511010192732845,0.00011463472296548366,0.36171642490678446,0.730896757897799,0.019288730450225087,0.0013629177030642127
1518,1531,[481],"[481, 482]","[[26.21279999999979, -27.203399999999874, 15.164481538219434], [26.212799072265625, -27.203399658203125, 17.145000457763672]]","[0, 0]",0,-27.820772353889982,0.0,-0.19257211943219954,0.511010192732845,0.00011463472296548396,-0.28393944823531186,-0.9824184049941931,0.021571741301280038,0.0023062504010290252
1519,1532,[482],"[482, 483]","[[26.212799072265625, -27.203399658203125, 17.145000457763672], [26.212799072265625, -27.203399658203125, 20.497800827026367]]","[0, 0]",0,-12.107535170502617,0.0,-0.2700119116080371,0.4612323110281139,1.534645305542972e-05,-0.5334864985495414,0.9214348095795991,0.02540308124190632,0.003335759626470578
1520,1533,[483],"[475, 483]","[[26.21279999999979, -27.203399999999817, 21.908260412276604], [26.212799072265625, -27.203399658203125, 20.497800827026367]]","[0, 0]",0,-11.275220332387802,0.0,-0.4144229590916105,0.19899842614087132,9.806347484828901e-05,0.6931844620056034,0.3310764261357537,0.02868775184512879,0.0015713464038173515
1521,1534,[484],"[484, 485]","[[26.212799072265625, -27.203399658203125, 3.733799934387207], [26.212799072265625, -27.203399658203125, 7.086599826812744]]","[0, 0]",0,-65.8619002031858,0.0,-0.029703507158675504,0.14575455241829463,0.00010620941848120921,-0.15498608591303903,-0.3289757831671307,0.007375331178274148,0.0016823187540410255
1522,1535,[485],"[478, 485]","[[26.21279999999979, -27.203399999999874, 8.420702664162263], [26.212799072265625, -27.203399658203125, 7.086599826812744]]","[0, 0]",0,-42.92535198834418,0.0,-0.22391179441599302,0.28906679384740525,8.2000165524635e-05,0.3668472159500986,0.47993163612130746,0.01047447760570638,0.0014657478551270105
1523,1536,[486],"[486, 487]","[[17.52599999999984, -23.0123999999999, 21.908260412276604], [17.525999069213867, -23.012399673461914, 23.85059928894043]]","[0, 0]",0,-829.5562430456247,0.0,-25.102745729862015,2.263300579346381,6.853781377807178e-05,-41.94622598152547,-3.725870128008782,0.1551794836474,0.013090742112455688
1524,1537,[487],"[487, 488]","[[17.525999069213867, -23.012399673461914, 23.85059928894043], [17.525999069213867, -23.012399673461914, 27.203399658203125]]","[0, 0]",0,-533.8081061885978,0.0,-24.693066778607857,2.067177888119345,6.427242209925108e-05,41.49341217553691,3.5044334178669425,0.1628196214009019,0.04829850398845204
1525,1538,[488],"[488, 597]","[[17.525999069213867, -23.012399673461914, 27.203399658203125], [17.525999069213867, -23.012399673461914, 30.55620002746582]]","[0, 0]",0,-245.4434665660056,0.0,-24.868836607675163,2.057774086182269,7.276529665165987e-05,-41.89073334880675,-3.489638083525728,0.16890134348245422,0.04863955115234623
1526,1539,[489],"[489, 490]","[[17.52599999999984, -23.012400000000014, 0.0], [17.525999069213867, -23.012399673461914, 3.733799934387207]]","[1, 0]",1,-2576.1247343321315,0.0,1.6608756763378956,1.5306964704031898,0.0,6.2013774913359585,-5.7153143807583575,0.018647959635779136,0.011855572417401363
1527,1540,[490],"[490, 491]","[[17.525999069213867, -23.012399673461914, 3.733799934387207], [17.525999069213867, -23.012399673461914, 7.086599826812744]]","[0, 0]",0,-2314.8115179491547,0.0,-11.017073486731626,5.091812537992225,0.00011476724163900711,-29.362629726156726,9.88474534259928,0.05239076238417746,0.035320839853888904
1528,1541,[491],"[491, 492]","[[17.525999069213867, -23.012399673461914, 7.086599826812744], [17.52599999999984, -23.012399999999957, 8.420702664162263]]","[0, 0]",0,-1958.0603456699935,0.0,-29.20212414969199,2.5896667465404968,8.96246944524324e-05,49.48971327065722,4.381872565381579,0.07226737237475381,0.017464439115786445
1529,1542,[492],"[492, 493]","[[17.52599999999984, -23.012399999999957, 8.420702664162263], [17.525999069213867, -23.012399673461914, 10.439399719238281]]","[0, 0]",0,-1958.060345669993,0.0,-29.202124149691958,2.5896667465404946,8.962469445243215e-05,-48.419165437044875,-4.300761823838951,0.08505992019421144,0.015610007813751324
1530,1543,[493],"[493, 494]","[[17.525999069213867, -23.012399673461914, 10.439399719238281], [17.525999069213867, -23.012399673461914, 13.792200088500977]]","[0, 0]",0,-1622.0280656146492,0.0,-27.61357267507557,2.4594196719328134,8.395579562927621e-05,46.66860789804809,4.146282738142224,0.10388424832023029,0.05433065846497966
1531,1544,[494],"[494, 495]","[[17.525999069213867, -23.012399673461914, 13.792200088500977], [17.52599999999984, -23.012399999999957, 15.164481538219434]]","[0, 0]",0,-1305.1368695935275,0.0,-26.1063554744712,1.1311775404497602,7.999450434715747e-05,44.252418577420386,2.612422435046201,0.11796726276661945,0.015992955793277277
1532,1545,[495],"[495, 496]","[[17.52599999999984, -23.012399999999957, 15.164481538219434], [17.525999069213867, -23.012399673461914, 17.145000457763672]]","[0, 0]",0,-1305.136869593527,0.0,-26.106355474471208,1.1311775404497595,7.999450434715737e-05,-43.276979697505524,-1.180190040276099,0.12667266261480684,0.012809974984387474
1533,1546,[496],"[496, 497]","[[17.525999069213867, -23.012399673461914, 17.145000457763672], [17.525999069213867, -23.012399673461914, 20.497800827026367]]","[0, 0]",0,-1137.2640582698784,0.0,-25.297573136539402,1.1181943692929948,6.510786013991208e-05,-42.43127249918605,-2.586830587062022,0.13971548436931733,0.048370074651887605
1534,1547,[497],"[486, 497]","[[17.52599999999984, -23.0123999999999, 21.908260412276604], [17.525999069213867, -23.012399673461914, 20.497800827026367]]","[0, 0]",0,-829.556243045622,0.0,-25.102745729862033,2.263300579346385,6.853781377807147e-05,42.21822129139066,3.862520573274326,0.14944302653619326,0.013746604870108758
1535,1548,[498],"[498, 499]","[[33.98519999999985, -23.0123999999999, 21.908260412276604], [33.985198974609375, -23.012399673461914, 23.85059928894043]]","[0, 0]",0,-3.2598773472180773,0.0,0.28160286429176923,-0.2174973797354068,7.572898461774212e-05,0.478720531142939,0.36532153733249895,0.028595945034713657,0.0015508120666992867
1536,1549,[499],"[499, 500]","[[33.985198974609375, -23.012399673461914, 23.85059928894043], [33.985198974609375, -23.012399673461914, 27.203399658203125]]","[0, 0]",0,-3.1308156338399558,0.0,0.29494788350048706,-0.22343666300857407,7.576956178654194e-05,0.4986753403511349,-0.37472126899999575,0.031519991632383636,0.0021209702238317737
1537,1550,[500],"[500, 623]","[[33.985198974609375, -23.012399673461914, 27.203399658203125], [33.985198974609375, -23.012399673461914, 30.55620002746582]]","[0, 0]",0,-2.520752821781977,0.0,0.5425419666610325,-0.28549202356943154,2.737436210421113e-05,1.05135675619969,0.5120104182646971,0.03535898071065924,0.0026913413991763602
1538,1551,[501],"[501, 502]","[[33.985198974609375, -23.012399673461914, 3.733799934387207], [33.985198974609375, -23.012399673461914, 7.086599826812744]]","[0, 0]",0,0.0,3.7869056255923814,-0.022921891363504556,-0.4136851761615938,4.63418419016978e-05,0.1284674641284261,-0.8297653847133302,0.01309637635051216,0.00247211697623623
1539,1552,[502],"[502, 506]","[[33.985198974609375, -23.012399673461914, 7.086599826812744], [33.98519999999985, -23.012399999999957, 8.420702664162263]]","[0, 0]",0,-0.4650734931814071,0.0,0.1456849183269644,-0.1862305296580073,0.00011249414152991032,-0.24701634086161117,-0.3070638685167116,0.014502505971809458,0.0012691893683548002
1540,1553,[503],"[503, 504]","[[33.98519999999985, -23.012399999999957, 15.164481538219434], [33.985198974609375, -23.012399673461914, 17.145000457763672]]","[0, 0]",0,-3.9402697346435653,0.0,0.5393609100044339,-0.2841557928227398,9.040696977191522e-05,1.1412834908187213,0.507236245738508,0.0213895527710269,0.00189230732686684
1541,1554,[504],"[504, 505]","[[33.985198974609375, -23.012399673461914, 17.145000457763672], [33.985198974609375, -23.012399673461914, 20.497800827026367]]","[0, 0]",0,-1.0220141100874667,0.0,0.6109219012192421,-0.28004365228382405,7.058178709025551e-05,-1.2176000366016002,-0.5085887004260501,0.024275668623225898,0.0027139372992327905
1542,1555,[505],"[498, 505]","[[33.98519999999985, -23.0123999999999, 21.908260412276604], [33.985198974609375, -23.012399673461914, 20.497800827026367]]","[0, 0]",0,-3.259877347218686,0.0,0.281602864291765,-0.21749737973540692,7.572898461774234e-05,-0.4654371191252945,-0.3639033429148659,0.02678595778418595,0.0015055779165062011
1543,1556,[506],"[506, 507]","[[33.98519999999985, -23.012399999999957, 8.420702664162263], [33.985198974609375, -23.012399673461914, 10.439399719238281]]","[0, 0]",0,-0.4650734931810723,0.0,0.1456849183269627,-0.1862305296580073,0.00011249414152991025,0.24143603763316068,0.3173298312871403,0.015704086014491796,0.0012862665224057754
1544,1557,[507],"[507, 508]","[[33.985198974609375, -23.012399673461914, 10.439399719238281], [33.985198974609375, -23.012399673461914, 13.792200088500977]]","[0, 0]",0,-1.2273804286753158,0.0,0.13568451907457238,-0.2110935615497428,8.522863833211113e-05,-0.2328444344685711,0.35599527158866073,0.017868659520106276,0.0017585889800893588
1545,1558,[508],"[503, 508]","[[33.98519999999985, -23.012399999999957, 15.164481538219434], [33.985198974609375, -23.012399673461914, 13.792200088500977]]","[0, 0]",0,-3.9402697346432904,0.0,0.5393609100044314,-0.2841557928227398,9.040696977191537e-05,-0.6670859674103911,-0.4454814013659106,0.019789791209518803,0.0011159247232591532
1546,1559,[509],"[509, 510]","[[33.98519999999985, -27.203399999999874, 21.908260412276604], [33.985198974609375, -27.203399658203125, 23.85059928894043]]","[0, 0]",0,-10.53248009345462,0.0,0.20336925457417324,0.14840058793839303,7.196806417059364e-05,0.3415292438725569,-0.2517366527599513,0.032368523078154764,0.0017225860569685526
1547,1560,[510],"[510, 511]","[[33.985198974609375, -27.203399658203125, 23.85059928894043], [33.985198974609375, -27.203399658203125, 27.203399658203125]]","[0, 0]",0,-6.969468095791689,0.0,0.20420483316036586,0.15153229725580686,6.898575685474796e-05,-0.3433627201287896,-0.2555845782667035,0.03555016519466663,0.002264721587549674
1548,1561,[511],"[511, 627]","[[33.985198974609375, -27.203399658203125, 27.203399658203125], [33.985198974609375, -27.203399658203125, 30.55620002746582]]","[0, 0]",0,-5.747502468938563,0.0,0.27451441755990924,0.23760498014061168,0.00013581052255564097,0.5029417568459678,-0.4483701621027409,0.03969906834945298,0.002724577931250035
1549,1562,[512],"[512, 513]","[[33.98519999999985, -27.20339999999993, 8.420702664162263], [33.985198974609375, -27.203399658203125, 10.439399719238281]]","[0, 0]",0,-13.253917445863483,0.0,0.2147776300690111,0.17802687038198187,8.539687810753236e-05,0.36011379738411237,-0.30239486117452974,0.01761548830448146,0.0015114864449597574
1550,1563,[513],"[513, 514]","[[33.985198974609375, -27.203399658203125, 10.439399719238281], [33.985198974609375, -27.203399658203125, 13.792200088500977]]","[0, 0]",0,-18.57840563326112,0.0,0.22389243206289441,0.18195136426029107,8.65172426073066e-05,0.3783285630278187,-0.3097403476638868,0.02018401282528224,0.002145138665620372
1551,1564,[514],"[514, 515]","[[33.985198974609375, -27.203399658203125, 13.792200088500977], [33.98519999999985, -27.20339999999993, 15.164481538219434]]","[0, 0]",0,-21.011602859694886,0.0,0.2552524320753326,0.2834851081193327,0.00011318005630977146,-0.4128405855688061,0.4151761039689457,0.022671646626112554,0.001532998657756538
1552,1565,[515],"[515, 516]","[[33.98519999999985, -27.20339999999993, 15.164481538219434], [33.985198974609375, -27.203399658203125, 17.145000457763672]]","[0, 0]",0,-21.01160285969443,0.0,0.25525243207532466,0.28348510811933264,0.00011318005630977145,0.44296986294873464,-0.5352928712142322,0.02451952947662686,0.0018401280996418242
1553,1566,[516],"[516, 517]","[[33.985198974609375, -27.203399658203125, 17.145000457763672], [33.985198974609375, -27.203399658203125, 20.497800827026367]]","[0, 0]",0,-11.562561374362149,0.0,0.23862956620672146,0.2644996534543149,5.60951151142088e-05,-0.42180245503250136,0.5082227664067768,0.027548154946649805,0.0026148954681155866
1554,1567,[517],"[509, 517]","[[33.98519999999985, -27.203399999999874, 21.908260412276604], [33.985198974609375, -27.203399658203125, 20.497800827026367]]","[0, 0]",0,-10.53248009345414,0.0,0.2033692545741621,0.1484005879383941,7.196806417059348e-05,-0.3403268800644699,0.24582061022714322,0.030365180992901745,0.0016882633327978652
1555,1568,[518],"[518, 519]","[[33.985198974609375, -27.203399658203125, 3.733799934387207], [33.985198974609375, -27.203399658203125, 7.086599826812744]]","[0, 0]",0,-6.1699486244661985,0.0,0.1401538031133728,0.2327121888533363,9.880872851285224e-05,0.27041707537340787,0.42095045781570456,0.014439950879537582,0.002116836836963238
1556,1569,[519],"[512, 519]","[[33.98519999999985, -27.20339999999993, 8.420702664162263], [33.985198974609375, -27.203399658203125, 7.086599826812744]]","[0, 0]",0,-13.253917445863726,0.0,0.214777630069011,0.17802687038198178,8.539687810753216e-05,-0.3599926176068349,0.2944936106911635,0.01616694485789319,0.0014867407050194914
1557,1570,[520],"[520, 521]","[[27.889199999999846, 5.684341886080802e-14, 21.908260412276604], [27.88920021057129, 6.383556657314207e-15, 23.85059928894043]]","[0, 0]",0,-205.68440290252033,0.0,-0.9675166462905681,2.025735960542719,7.622383573892409e-05,-1.6413223014947622,-3.3939007079158747,0.040390991932225194,0.003692774258353149
1558,1571,[521],"[521, 522]","[[27.88920021057129, 6.383556657314207e-15, 23.85059928894043], [27.88920021057129, 1.7402632408584397e-14, 27.203399658203125]]","[0, 0]",0,-133.53381207594427,0.0,-1.022924195946846,2.0153987287015003,7.380465777242369e-05,-1.7274603967429059,3.380072610125452,0.042373739636613256,0.011915270530845828
1559,1572,[522],"[522, 550]","[[27.88920021057129, 1.7402632408584397e-14, 27.203399658203125], [27.88920021057129, 1.1368683772161603e-13, 30.55620002746582]]","[0, 0]",0,-61.43958732869846,0.0,-1.0156964256440129,1.6920037886543298,8.647003789423719e-05,1.7163298017352724,3.0147102917294437,0.0443915569776209,0.010165852904289166
1560,1573,[523],"[523, 524]","[[27.889199999999846, -5.684341886080802e-14, 0.0], [27.88920021057129, -1.2655455737455457e-14, 3.733799934387207]]","[1, 0]",1,-645.8586398610445,0.0,1.523057640537727,-0.01666896357004925,0.0,5.686792518307708,0.06223857508415273,0.004659903432109189,0.0036911955487646036
1561,1574,[524],"[524, 525]","[[27.88920021057129, -1.2655455737455457e-14, 3.733799934387207], [27.88920021057129, -3.292459756438007e-14, 7.086599826812744]]","[0, 0]",0,-567.8381455637302,0.0,3.3117098310680113,1.0490075827256633,8.769371332565435e-05,-7.861209641353643,-2.406686883175545,0.0130256953029398,0.009011449639986829
1562,1575,[525],"[525, 529]","[[27.88920021057129, -3.292459756438007e-14, 7.086599826812744], [27.889199999999846, 0.0, 8.420702664162263]]","[0, 0]",0,-496.42558655926666,0.0,-0.7064310311516511,2.165360787214891,9.685858786472866e-05,1.237037682828269,3.649180045078605,0.018170643735304356,0.0038787864129156296
1563,1576,[526],"[526, 527]","[[27.889199999999846, 0.0, 15.164481538219434], [27.88920021057129, -2.0074799434539534e-14, 17.145000457763672]]","[0, 0]",0,-354.0648431663677,0.0,-0.9606253721334356,2.1812124538447417,8.089031299455731e-05,-1.7464501147739784,-3.725551108184733,0.03258049312362902,0.004164476492486702
1564,1577,[527],"[527, 528]","[[27.88920021057129, -2.0074799434539534e-14, 17.145000457763672], [27.88920021057129, -5.944396755700691e-15, 20.497800827026367]]","[0, 0]",0,-277.7325725934553,0.0,-1.0679528038180421,2.164338753550818,7.881510170891187e-05,1.8700012654512068,3.701043161658221,0.03593372184481481,0.012683048398917538
1565,1578,[528],"[520, 528]","[[27.889199999999846, 5.684341886080802e-14, 21.908260412276604], [27.88920021057129, -5.944396755700691e-15, 20.497800827026367]]","[0, 0]",0,-205.68440290252033,0.0,-0.9675166462905663,2.0257359605427205,7.62238357389238e-05,1.60256602206453,3.3979837048358172,0.038773049071558964,0.0037005223531225767
1566,1579,[529],"[529, 530]","[[27.889199999999846, 0.0, 8.420702664162263], [27.88920021057129, -2.842170943040401e-14, 10.439399719238281]]","[0, 0]",0,-496.42558655926655,0.0,-0.7064310311516513,2.1653607872148877,9.685858786472879e-05,-1.1314842024230678,-3.6108413693580115,0.021451853765843885,0.0036896035024713567
1567,1580,[530],"[530, 531]","[[27.88920021057129, -2.842170943040401e-14, 10.439399719238281], [27.88920021057129, -2.842170943040401e-14, 13.792200088500977]]","[0, 0]",0,-425.2119272152591,0.0,-0.678874009433576,2.0957368965812018,8.586191458743942e-05,-1.1512067368800307,3.526783906080163,0.026148882016637943,0.01209160724204927
1568,1581,[531],"[526, 531]","[[27.889199999999846, 0.0, 15.164481538219434], [27.88920021057129, -2.842170943040401e-14, 13.792200088500977]]","[0, 0]",0,-354.0648431663706,0.0,-0.9606253721334366,2.1812124538447426,8.08903129945576e-05,1.4743349876381453,3.5876188125063675,0.030118424141635007,0.003472563770388027
1569,1582,[532],"[532, 533]","[[9.753600000000006, -23.0123999999999, 21.908260412276604], [9.753600120544434, -23.012399673461914, 23.85059928894043]]","[0, 0]",0,-503.46064605997105,0.0,-1.9248413452828186,2.5624794289739428,6.780072181488433e-05,-3.1926050553634853,-4.271294458583611,0.3492871232452054,0.004978098529034084
1570,1583,[533],"[533, 534]","[[9.753600120544434, -23.012399673461914, 23.85059928894043], [9.753600120544434, -23.012399673461914, 27.203399658203125]]","[0, 0]",0,-313.90238604831575,0.0,-1.8421300465319985,2.4946099191732936,6.368102002973123e-05,3.101422266544768,4.193952877942628,0.353594534159359,0.015247208123811518
1571,1584,[534],"[534, 595]","[[9.753600120544434, -23.012399673461914, 27.203399658203125], [9.753600120544434, -23.012399673461914, 30.55620002746582]]","[0, 0]",0,-125.29717945616,0.0,-0.6661386316757524,2.514103539230285,7.213032403455693e-05,1.7733664058961613,-4.2429493502263815,0.35707986226384564,0.01522805947749006
1572,1585,[535],"[535, 536]","[[9.753600000000006, -23.012399999999957, 8.420702664162263], [9.753600120544434, -23.012399673461914, 10.439399719238281]]","[0, 0]",0,-781.677485828671,0.0,-2.4548870911046015,1.9305068629299909,8.9722332369253e-05,-4.06758502648062,-3.3312336850163295,0.3145368942413394,0.0044722017640486745
1573,1586,[536],"[536, 537]","[[9.753600120544434, -23.012399673461914, 10.439399719238281], [9.753600120544434, -23.012399673461914, 13.792200088500977]]","[0, 0]",0,-705.7563197740886,0.0,-2.2843469697112444,2.2238286400542897,8.372392788043435e-05,3.8845646175262227,-3.8042486550281716,0.3223288857795524,0.01386361441969976
1574,1587,[537],"[537, 538]","[[9.753600120544434, -23.012399673461914, 13.792200088500977], [9.753600000000006, -23.012399999999957, 15.164481538219434]]","[0, 0]",0,-576.6080564005093,0.0,-2.0589710666912997,1.6825522602013758,7.926613097092284e-05,3.5302191544965584,3.197685136111137,0.3286995044509693,0.0059522295070258266
1575,1588,[538],"[538, 539]","[[9.753600000000006, -23.012399999999957, 15.164481538219434], [9.753600120544434, -23.012399673461914, 17.145000457763672]]","[0, 0]",0,-576.6080564005202,0.0,-2.0589710666913073,1.6825522602013792,7.926613097092295e-05,-3.373099798207404,-2.4435767031959497,0.33260851220050325,0.002267615851151392
1576,1589,[539],"[539, 540]","[[9.753600120544434, -23.012399673461914, 17.145000457763672], [9.753600120544434, -23.012399673461914, 20.497800827026367]]","[0, 0]",0,-696.9939154565701,0.0,-1.9542491403840594,1.8071014151037288,6.615074811833689e-05,-3.290879334380408,-3.478168930740055,0.3395424733615772,0.011509135932560848
1577,1590,[540],"[532, 540]","[[9.753600000000006, -23.0123999999999, 21.908260412276604], [9.753600120544434, -23.012399673461914, 20.497800827026367]]","[0, 0]",0,-503.460646059967,0.0,-1.924841345282813,2.5624794289739414,6.780072181488481e-05,3.2610000465294817,4.320182629566835,0.34577879088394714,0.005208421550659916
1578,1591,[541],"[541, 542]","[[9.753600120544434, -23.012399673461914, 3.733799934387207], [9.753600120544434, -23.012399673461914, 7.086599826812744]]","[0, 0]",0,-801.008671489556,0.0,-7.150037642216748,2.3026253250151556,0.00010704363683759122,14.634559881249437,4.1521102274193336,0.302119213569842,0.0187527597652827
1579,1592,[542],"[535, 542]","[[9.753600000000006, -23.012399999999957, 8.420702664162263], [9.753600120544434, -23.012399673461914, 7.086599826812744]]","[0, 0]",0,-781.677485828671,0.0,-2.454887091104608,1.930506862929995,8.9722332369253e-05,4.163160148491921,3.141369517342257,0.30939462965029535,0.003543781915994368
1580,1593,[543],"[543, 547]","[[1.8287999629974365, 1.899852210230854e-14, 27.203399658203125], [1.8287999629974365, 1.1368683772161603e-13, 30.55620002746582]]","[0, 0]",0,-29.64661687797006,0.0,1.7567742641216797,-0.5608428549254895,3.426178988812779e-05,-3.0223852185050206,0.9777021759832014,0.04527791498178842,0.004565230188435332
1581,1594,[544],"[543, 544]","[[1.8287999629974365, 1.899852210230854e-14, 27.203399658203125], [1.8287999629974365, 6.383556657314207e-15, 23.85059928894043]]","[0, 0]",0,-70.36584055262658,0.0,1.9069900917800238,-0.4725909613032133,5.9444890315908795e-05,3.2061431806736227,0.8028175295628733,0.04057120265084524,0.004613605734092968
1582,1595,"[1978, 1979, 1980, 1981]","[234, 324, 1392, 1393, 1394]","[[43.738800048828125, -38.48099899291992, 3.733799934387207], [33.985198974609375, -38.48099899291992, 3.733799934387207], [36.42359924316406, -38.48099899291992, 3.733799934387207], [38.709598541259766, -38.48099899291992, 3.733799934387207], [41.22420120239258, -38.48099899291992, 3.733799934387207]]","[0, 0, 0, 0, 0]",0,0.0,2.5047821103121555,0.4178272131436962,-0.005372341394117994,0.021139270619637596,-0.6987171195420205,0.010181453204152405,0.06151313097515405,0.023576716977418134
1583,1596,[1982],"[130, 208]","[[41.90999984741211, -6.1975998878479, 27.203399658203125], [36.42359924316406, -6.1975998878479, 27.203399658203125]]","[0, 0]",0,0.0,0.09538432700743772,2.1166671528309143e-17,0.0005813931263776287,0.0001955663496385499,5.80644197314176e-17,-0.0016551612482997367,0.0148388080478058,0.0011676967072598386
1584,1597,[1983],"[130, 142]","[[41.90999984741211, -6.1975998878479, 27.203399658203125], [41.90999984741211, -9.144000053405762, 27.203399658203125]]","[0, 0]",0,-0.16099580713812653,0.0,-3.601264151277602e-17,-0.0006099516470956622,8.455433465738003e-05,1.0299265997171736e-16,-0.0009166914730971589,0.016560423295458374,0.001219806320346131
1585,1598,[1984],"[2, 142]","[[36.42359924316406, -9.144000053405762, 27.203399658203125], [41.90999984741211, -9.144000053405762, 27.203399658203125]]","[0, 0]",0,-0.5086262187914601,0.0,2.1166671528309143e-17,0.0001782191361273273,-0.0005438085973380262,-6.781678399930048e-17,0.0008775363683642634,0.017620252974402367,0.0017319684032584244
1586,1599,[1985],"[2, 208]","[[36.42359924316406, -9.144000053405762, 27.203399658203125], [36.42359924316406, -6.1975998878479, 27.203399658203125]]","[0, 0]",0,0.0,0.6178360932231465,0.0,-0.0008409697419720937,0.0007350922928302108,0.0,0.0020929642066814897,0.016485899023549133,0.0009897461065068696
1587,1600,[1986],"[129, 207]","[[41.90999984741211, -6.1975998878479, 23.85059928894043], [36.42359924316406, -6.1975998878479, 23.85059928894043]]","[0, 0]",0,0.0,0.1034878583198098,0.0,0.00034540337358870206,0.00018719133154742595,0.0,-0.001070365114874111,0.012697408880607273,0.0011008366025425879
1588,1601,[1987],"[129, 141]","[[41.90999984741211, -6.1975998878479, 23.85059928894043], [41.90999984741211, -9.144000053405762, 23.85059928894043]]","[0, 0]",0,0.0,0.34894254041096495,1.0803792453832806e-16,0.0007184611778504641,5.969789471007834e-05,1.9548063101967986e-16,-0.0011331510449348152,0.01444887748035904,0.0011577572330940453
1589,1602,[1988],"[1, 141]","[[36.42359924316406, -9.144000053405762, 23.85059928894043], [41.90999984741211, -9.144000053405762, 23.85059928894043]]","[0, 0]",0,0.0,0.22221584387852125,4.2333343056618287e-17,0.00015798780664796994,-0.0005431950938062593,1.161288394628352e-16,0.0004367214391382401,0.015223076116723692,0.0016575589843782403
1590,1603,[1989],"[1, 207]","[[36.42359924316406, -9.144000053405762, 23.85059928894043], [36.42359924316406, -6.1975998878479, 23.85059928894043]]","[0, 0]",0,0.0,0.6224682431442182,-3.601264151277602e-17,0.0009716975730178149,0.0007060719431006291,-6.213361436934737e-17,0.0017411817180101085,0.014064224571330679,0.0008860147415483022
1591,1604,[1990],"[136, 217]","[[41.90999984741211, -6.1975998878479, 20.497800827026367], [36.42359924316406, -6.1975998878479, 20.497800827026367]]","[0, 0]",0,0.0,0.11828535842902274,2.1166671528309143e-17,0.00025875193576342556,0.0001782486685097562,6.781678399930048e-17,-0.0008617604868764136,0.010599038412282307,0.0010324517725282445
1592,1605,[1991],"[136, 148]","[[41.90999984741211, -6.1975998878479, 20.497800827026367], [41.90999984741211, -9.144000053405762, 20.497800827026367]]","[0, 0]",0,0.0,0.6780078307619648,1.800632075638801e-17,0.0009233584602906284,5.1019439850243366e-05,3.1066807184673684e-17,-0.0015964025529011858,0.012354669407937557,0.001084617205409017
1593,1606,[1992],"[112, 148]","[[36.42359924316406, -9.144000053405762, 20.497800827026367], [41.90999984741211, -9.144000053405762, 20.497800827026367]]","[0, 0]",0,0.0,0.6116893421531747,2.1166671528309143e-17,6.506698844915964e-05,-0.0005319690082778286,-6.781678399930048e-17,-0.00041550485933403354,0.01282718510347659,0.0015572475554183438
1594,1607,[1993],"[112, 217]","[[36.42359924316406, -9.144000053405762, 20.497800827026367], [36.42359924316406, -6.1975998878479, 20.497800827026367]]","[0, 0]",0,0.0,0.6096214381579347,-3.601264151277602e-17,0.0015684429774297085,0.0006751089343529689,-5.759372041352848e-17,0.0023883517002627817,0.011668675071733577,0.0007758455169455782
1595,1608,[1994],"[37, 238]","[[1.8287999629974365, -6.1975998878479, 27.203399658203125], [7.315199851989746, -6.1975998878479, 27.203399658203125]]","[0, 0]",0,-0.23334620823869462,0.0,2.1166677004838362e-17,0.0007949876185950177,-0.00026100505126352714,5.806442718484063e-17,-0.0024002537021463747,0.03628678998834645,0.0014445563620830236
1596,1609,[1995],"[238, 250]","[[7.315199851989746, -6.1975998878479, 27.203399658203125], [7.315199851989746, -9.144000053405762, 27.203399658203125]]","[0, 0]",0,0.0,0.06109845892533554,1.4405056605110407e-16,0.0012768376656427472,-0.000839495765424845,2.8485360912394055e-16,0.003439856154212854,0.03504638875248575,0.0023746117913483085
1597,1610,[1996],"[49, 250]","[[1.8287999629974365, -9.144000053405762, 27.203399658203125], [7.315199851989746, -9.144000053405762, 27.203399658203125]]","[0, 0]",0,0.0,0.22185717955124812,2.1166677004838362e-17,0.0017298737626249708,0.0007147618803185072,-6.781679272412817e-17,0.0053917608688131705,0.037662013193043554,0.0030964050766574846
1598,1611,[1997],"[37, 49]","[[1.8287999629974365, -6.1975998878479, 27.203399658203125], [1.8287999629974365, -9.144000053405762, 27.203399658203125]]","[0, 0]",0,0.0,0.4306919208169746,-1.4405056605110407e-16,-0.0010982660810892465,-9.110215322502205e-06,-2.4853445747738948e-16,0.001671353944642564,0.03896837483270242,0.0017942087702372072
1599,1612,[1998],"[36, 237]","[[1.8287999629974365, -6.1975998878479, 23.85059928894043], [7.315199851989746, -6.1975998878479, 23.85059928894043]]","[0, 0]",0,0.0,0.2639039102248688,2.1166677004838362e-17,0.0006106542597170956,-0.000264539779659254,6.781679272412817e-17,0.0018063634414347924,0.03111736748803703,0.0013832643922582644
1600,1613,[1999],"[237, 249]","[[7.315199851989746, -6.1975998878479, 23.85059928894043], [7.315199851989746, -9.144000053405762, 23.85059928894043]]","[0, 0]",0,0.0,0.5907547528743323,0.0,0.0028259195082657447,-0.0008449420410066218,3.631915164655111e-17,0.004989093186493825,0.0300174453231863,0.002318389955669026
1601,1614,[2000],"[48, 249]","[[1.8287999629974365, -9.144000053405762, 23.85059928894043], [7.315199851989746, -9.144000053405762, 23.85059928894043]]","[0, 0]",0,0.0,0.5374109079993747,-4.2333354009676723e-17,0.0011879021678934082,0.00070502286166678,1.2588121990896882e-16,0.0037538835156273264,0.03239823517062256,0.0030387684155649807
1602,1615,[2001],"[36, 48]","[[1.8287999629974365, -6.1975998878479, 23.85059928894043], [1.8287999629974365, -9.144000053405762, 23.85059928894043]]","[0, 0]",0,0.0,0.6314881563493943,0.0,5.137401258033363e-07,-2.6292134005451092e-05,0.0,-0.00014888671629636132,0.03356498609668336,0.001741933878301516
1603,1616,[2002],"[43, 244]","[[1.8287999629974365, -6.1975998878479, 20.497800827026367], [7.315199851989746, -6.1975998878479, 20.497800827026367]]","[0, 0]",0,0.0,0.5726802059626185,4.2333354009676723e-17,0.0005614171915796757,-0.0002644189088025296,-1.2588121990896882e-16,0.0017799416760138987,0.026032272300202206,0.0013197111682752161
1604,1617,[2003],"[244, 256]","[[7.315199851989746, -6.1975998878479, 20.497800827026367], [7.315199851989746, -9.144000053405762, 20.497800827026367]]","[0, 0]",0,0.0,1.0232785068873058,0.0,0.0037075334919475086,-0.0008302492950275205,3.631915164655111e-17,0.006134805264079912,0.025080210456099126,0.0022451107549122462
1605,1618,[2004],"[55, 256]","[[1.8287999629974365, -9.144000053405762, 20.497800827026367], [7.315199851989746, -9.144000053405762, 20.497800827026367]]","[0, 0]",0,0.0,0.8078257008430306,2.1166677004838362e-17,0.0009066465884646858,0.0006940551818238955,5.806442718484063e-17,0.003122484102528373,0.027203926214677928,0.0029695409291740486
1606,1619,[2005],"[43, 55]","[[1.8287999629974365, -6.1975998878479, 20.497800827026367], [1.8287999629974365, -9.144000053405762, 20.497800827026367]]","[0, 0]",0,0.0,0.9352307545870758,0.0,5.873410239027179e-06,-4.0230423892073514e-05,0.0,7.225137545492176e-05,0.028219318332409916,0.0016869833480214098
1607,1620,[2006],"[501, 518]","[[33.985198974609375, -23.012399673461914, 3.733799934387207], [33.985198974609375, -27.203399658203125, 3.733799934387207]]","[0, 0]",0,-1.8927654325175864,0.0,0.3768879289015288,-0.0007215710569186862,-0.00038126715800659345,1.408136316891668,0.0034801839648915325,0.012944338400779689,0.0014667102363344314
1608,1621,[2007],"[467, 484]","[[26.212799072265625, -23.012399673461914, 3.733799934387207], [26.212799072265625, -27.203399658203125, 3.733799934387207]]","[0, 0]",0,-3.8421489410066596,0.0,-2.7056868727184576e-17,0.0037885341812945515,-0.0002492355337272741,6.308103464027877e-17,-0.008743546472058793,0.004624194166490735,0.0013920690348989753
1609,1622,[545],"[484, 545]","[[26.212799072265625, -27.203399658203125, 3.733799934387207], [26.212799072265625, -27.203399658203125, 5.551115123125783e-17]]","[0, 1]",1,-132.03761087170992,0.0,0.05695936486747687,0.007197344677262323,2.4019911895501067e-05,0.14808469977953084,-0.021693819536316626,0.002585045483755786,0.0014370200619130522
1610,1623,[2391],"[640, 650]","[[28.978139877319336, -35.12820053100586, 30.55620002746582], [28.978139877319336, -27.203399658203125, 30.55620002746582]]","[0, 0]",0,0.0,1.2067977702215607,-3.259436872801981e-16,-0.0002156593019128766,0.0032422897366945497,-1.7236241639752147e-15,-0.0009079470756669238,0.10211819996348437,0.01935047124747195
1611,1624,[2392],"[729, 737]","[[28.978139877319336, -35.12820053100586, 27.203399658203125], [28.978139877319336, -27.203399658203125, 27.203399658203125]]","[0, 0]",0,0.0,0.052775899191758104,-3.259436872801981e-16,-0.0007755879661767221,0.0035839074048604233,-1.2915194087213277e-15,-0.0031121006963440554,0.10159077881086045,0.018846269965566532
1612,1625,[2393],"[806, 814]","[[28.978139877319336, -35.12820053100586, 23.85059928894043], [28.978139877319336, -27.203399658203125, 23.85059928894043]]","[0, 0]",0,-0.5172879217695112,0.0,0.0,-0.0010053195946403241,0.003580799779250652,-2.1605237762694354e-16,-0.004009243052495908,0.09839557086453178,0.018511537874476586
1613,1626,[2394],"[883, 891]","[[28.978139877319336, -35.12820053100586, 20.497800827026367], [28.978139877319336, -27.203399658203125, 20.497800827026367]]","[0, 0]",0,-1.0930902809949046,0.0,-6.518873745603962e-16,-0.0011035849940524414,0.0035781019851661142,-2.799091195069599e-15,0.004388289165521043,0.09457184561987843,0.01798620386473909
1614,1627,[546],"[546, 901]","[[0.0, 0.0, 0.0], [0.0, 0.0, 3.733799999999974]]","[1, 0]",1,-6.202238696630173e-11,0.0,2.728047899169611e-05,-0.0019876105902855,0.0,0.00010185985245919326,0.007421340422008003,0.0016970349301087743,0.0009147553202808475
1615,1628,[2008],"[40, 52]","[[1.8287999629974365, -6.1975998878479, 7.086599826812744], [1.8287999629974365, -9.144000053405762, 7.086599826812744]]","[0, 0]",0,0.0,2.3811762404921004,-1.4405056605110407e-16,-0.0008583681761377244,-0.00012540792110393863,-2.4853445747738948e-16,0.0028812301555361545,0.007656759414427424,0.0012852517974286106
1616,1629,[2009],"[45, 57]","[[1.8287999629974365, -6.1975998878479, 10.439399719238281], [1.8287999629974365, -9.144000053405762, 10.439399719238281]]","[0, 0]",0,0.0,2.186087235529099,0.0,-0.0013912189316978739,-9.755686696390774e-05,-3.631915164655111e-17,0.003048182257014759,0.012553052472424463,0.0014510324828964905
1617,1630,[2010],"[46, 58]","[[1.8287999629974365, -6.1975998878479, 13.792200088500977], [1.8287999629974365, -9.144000053405762, 13.792200088500977]]","[0, 0]",0,0.0,1.8288303534285517,-1.4405056605110407e-16,-0.000984939698300746,-7.672642487207968e-05,-2.1221530583083835e-16,0.0021133351327231697,0.017685629536652047,0.001555016269335649
